saos_id|date|court|case_number|type|score|saos_url
81501|2002-07-11|SN|II UKN 429/01|Wyrok|78|https://www.saos.org.pl/judgments/81501
544844|2026-04-09|SO|III AUa 694/25|Wyrok|56|https://www.saos.org.pl/judgments/544844
541284|2026-01-22|SO|III AUa 346/25|Wyrok|56|https://www.saos.org.pl/judgments/541284
541607|2025-12-17|SO|III AUa 772/25|Wyrok|56|https://www.saos.org.pl/judgments/541607
538756|2025-11-21|SO|III AUa 160/25|Wyrok|56|https://www.saos.org.pl/judgments/538756
538755|2025-11-21|SO|III AUa 147/25|Wyrok|56|https://www.saos.org.pl/judgments/538755
539741|2025-10-21|SO|III AUa 419/25|Wyrok|56|https://www.saos.org.pl/judgments/539741
541850|2025-10-01|SO|III AUa 505/25|Wyrok|56|https://www.saos.org.pl/judgments/541850
538049|2025-09-25|SO|III AUa 429/25|Wyrok|56|https://www.saos.org.pl/judgments/538049
541317|2025-09-03|SO|III AUa 317/25|Wyrok|56|https://www.saos.org.pl/judgments/541317
539740|2025-08-28|SO|III AUa 239/25|Wyrok|56|https://www.saos.org.pl/judgments/539740
539739|2025-08-26|SO|III AUa 125/25|Wyrok|56|https://www.saos.org.pl/judgments/539739
533705|2025-08-13|SO|III AUa 449/25|Wyrok|56|https://www.saos.org.pl/judgments/533705
537927|2025-08-06|SO|III AUa 558/25|Wyrok|56|https://www.saos.org.pl/judgments/537927
537940|2025-07-30|SO|III AUa 80/25|Wyrok|56|https://www.saos.org.pl/judgments/537940
537921|2025-07-30|SO|III AUa 42/25|Wyrok|56|https://www.saos.org.pl/judgments/537921
532773|2025-07-16|SO|III AUa 32/25|Wyrok|56|https://www.saos.org.pl/judgments/532773
540182|2025-07-10|SO|III AUa 500/24|Wyrok|56|https://www.saos.org.pl/judgments/540182
542880|2025-07-07|SO|III AUa 147/25|Wyrok|56|https://www.saos.org.pl/judgments/542880
541209|2025-07-07|SO|III AUa 166/25|Wyrok|56|https://www.saos.org.pl/judgments/541209
538428|2025-06-30|SO|III AUa 76/25|Wyrok|56|https://www.saos.org.pl/judgments/538428
537891|2025-06-11|SO|III AUa 1032/24|Wyrok|56|https://www.saos.org.pl/judgments/537891
537939|2025-05-21|SO|III AUa 773/24|Wyrok|56|https://www.saos.org.pl/judgments/537939
528727|2025-05-14|SO|III AUa 200/25|Wyrok|56|https://www.saos.org.pl/judgments/528727
532073|2025-04-30|SO|III AUa 489/24|Wyrok|56|https://www.saos.org.pl/judgments/532073
532072|2025-04-30|SO|III AUa 476/24|Wyrok|56|https://www.saos.org.pl/judgments/532072
532068|2025-04-02|SO|III AUa 404/24|Wyrok|56|https://www.saos.org.pl/judgments/532068
532656|2025-03-26|SO|III AUa 332/24|Wyrok|56|https://www.saos.org.pl/judgments/532656
531378|2025-03-12|SO|III AUa 347/24|Wyrok|56|https://www.saos.org.pl/judgments/531378
524193|2025-02-27|SO|III AUa 401/24|Wyrok|56|https://www.saos.org.pl/judgments/524193
531377|2025-02-19|SO|III AUa 30/24|Wyrok|56|https://www.saos.org.pl/judgments/531377
531382|2025-01-29|SO|III AUa 517/24|Wyrok|56|https://www.saos.org.pl/judgments/531382
531299|2025-01-29|SO|III AUa 411/23|Wyrok|56|https://www.saos.org.pl/judgments/531299
531291|2025-01-09|SO|III AUa 169/23|Wyrok|56|https://www.saos.org.pl/judgments/531291
531128|2024-12-18|SO|III AUa 370/24|Wyrok|56|https://www.saos.org.pl/judgments/531128
531132|2024-12-17|SO|III AUa 436/23|Wyrok|56|https://www.saos.org.pl/judgments/531132
519196|2024-10-30|SO|III AUa 241/24|Wyrok|56|https://www.saos.org.pl/judgments/519196
525836|2024-06-19|SO|III AUa 206/24|Wyrok|56|https://www.saos.org.pl/judgments/525836
504830|2024-06-03|SO|III AUa 1844/22|Wyrok|56|https://www.saos.org.pl/judgments/504830
520848|2024-05-28|SO|III AUa 495/23|Wyrok|56|https://www.saos.org.pl/judgments/520848
505201|2024-03-26|SO|III AUa 900/23|Wyrok|56|https://www.saos.org.pl/judgments/505201
504691|2024-03-25|SO|III AUa 1175/22|Wyrok|56|https://www.saos.org.pl/judgments/504691
504732|2024-02-07|SO|III AUa 1338/22|Wyrok|56|https://www.saos.org.pl/judgments/504732
505178|2024-01-30|SO|III AUa 804/22|Wyrok|56|https://www.saos.org.pl/judgments/505178
504731|2023-12-06|SO|III AUa 1333/21|Wyrok|56|https://www.saos.org.pl/judgments/504731
504981|2023-11-29|SO|III AUa 423/22|Wyrok|56|https://www.saos.org.pl/judgments/504981
505079|2023-09-20|SO|III AUa 594/22|Wyrok|56|https://www.saos.org.pl/judgments/505079
504781|2023-07-12|SO|III AUa 1552/21|Wyrok|56|https://www.saos.org.pl/judgments/504781
505084|2023-06-30|SO|III AUa 599/23|Wyrok|56|https://www.saos.org.pl/judgments/505084
505095|2023-05-17|SO|III AUa 616/22|Wyrok|56|https://www.saos.org.pl/judgments/505095
505087|2023-05-09|SO|III AUa 602/22|Wyrok|56|https://www.saos.org.pl/judgments/505087
505077|2023-04-13|SO|III AUa 590/22|Wyrok|56|https://www.saos.org.pl/judgments/505077
485899|2023-01-03|SO|III AUa 611/21|Wyrok|56|https://www.saos.org.pl/judgments/485899
504954|2022-12-30|SO|III AUa 386/22|Wyrok|56|https://www.saos.org.pl/judgments/504954
484760|2022-12-21|SO|III AUa 554/21|Wyrok|56|https://www.saos.org.pl/judgments/484760
475998|2022-09-20|SO|III AUa 33/21|Wyrok|56|https://www.saos.org.pl/judgments/475998
483373|2022-06-30|SO|III AUa 234/22|Wyrok|56|https://www.saos.org.pl/judgments/483373
525748|2022-06-23|SO|III AUa 1407/20|Wyrok|56|https://www.saos.org.pl/judgments/525748
478752|2022-06-22|SO|III AUa 391/21|Wyrok|56|https://www.saos.org.pl/judgments/478752
471563|2022-06-22|SO|III AUa 57/21|Wyrok|56|https://www.saos.org.pl/judgments/471563
462067|2022-03-09|SO|III AUa 1089/21|Wyrok|56|https://www.saos.org.pl/judgments/462067
467880|2022-03-02|SO|III AUa 1202/20|Wyrok|56|https://www.saos.org.pl/judgments/467880
467754|2022-01-13|SO|III AUa 177/21|Wyrok|56|https://www.saos.org.pl/judgments/467754
455944|2021-12-09|SO|III AUa 300/21|Wyrok|56|https://www.saos.org.pl/judgments/455944
454220|2021-11-30|SO|III AUa 989/21|Wyrok|56|https://www.saos.org.pl/judgments/454220
451614|2021-10-21|SO|III AUa 1495/18|Wyrok|56|https://www.saos.org.pl/judgments/451614
462000|2021-10-06|SO|III AUa 303/21|Wyrok|56|https://www.saos.org.pl/judgments/462000
446479|2021-07-14|SO|III AUa 835/20|Wyrok|56|https://www.saos.org.pl/judgments/446479
441598|2021-06-02|SO|III AUa 1127/20|Wyrok|56|https://www.saos.org.pl/judgments/441598
443589|2021-04-30|SO|III AUa 307/21|Wyrok|56|https://www.saos.org.pl/judgments/443589
433349|2021-01-21|SO|III AUa 403/20|Wyrok|56|https://www.saos.org.pl/judgments/433349
438548|2020-12-17|SO|III AUa 1396/19|Wyrok|56|https://www.saos.org.pl/judgments/438548
427658|2020-12-15|SO|III AUa 968/20|Wyrok|56|https://www.saos.org.pl/judgments/427658
426088|2020-11-25|SO|III AUa 976/20|Wyrok|56|https://www.saos.org.pl/judgments/426088
469922|2020-11-04|SO|III AUa 1526/20|Wyrok|56|https://www.saos.org.pl/judgments/469922
467891|2020-10-20|SO|III AUa 462/19|Wyrok|56|https://www.saos.org.pl/judgments/467891
474079|2020-10-15|SO|III AUa 280/19|Wyrok|56|https://www.saos.org.pl/judgments/474079
422361|2020-09-30|SO|III AUa 75/20|Wyrok|56|https://www.saos.org.pl/judgments/422361
470048|2020-09-22|SO|III AUa 1141/20|Wyrok|56|https://www.saos.org.pl/judgments/470048
425706|2020-09-16|SO|III AUa 509/17|Wyrok|56|https://www.saos.org.pl/judgments/425706
429930|2020-09-09|SO|III AUa 430/19|Wyrok|56|https://www.saos.org.pl/judgments/429930
421082|2020-07-24|SO|III AUa 235/20|Wyrok|56|https://www.saos.org.pl/judgments/421082
420351|2020-07-21|SO|III AUa 563/20|Wyrok|56|https://www.saos.org.pl/judgments/420351
420350|2020-07-15|SO|III AUa 552/20|Wyrok|56|https://www.saos.org.pl/judgments/420350
420349|2020-07-15|SO|III AUa 535/20|Wyrok|56|https://www.saos.org.pl/judgments/420349
420348|2020-07-08|SO|III AUa 533/20|Wyrok|56|https://www.saos.org.pl/judgments/420348
421274|2020-06-30|SO|III AUa 747/19|Wyrok|56|https://www.saos.org.pl/judgments/421274
421090|2020-06-30|SO|III AUa 7/20|Wyrok|56|https://www.saos.org.pl/judgments/421090
429249|2020-06-29|SO|III AUa 1171/19|Wyrok|56|https://www.saos.org.pl/judgments/429249
421279|2020-06-29|SO|III AUa 968/19|Wyrok|56|https://www.saos.org.pl/judgments/421279
421066|2020-06-29|SO|III AUa 1049/19|Wyrok|56|https://www.saos.org.pl/judgments/421066
421276|2020-06-25|SO|III AUa 777/19|Wyrok|56|https://www.saos.org.pl/judgments/421276
421273|2020-06-25|SO|III AUa 736/19|Wyrok|56|https://www.saos.org.pl/judgments/421273
421272|2020-06-25|SO|III AUa 701/19|Wyrok|56|https://www.saos.org.pl/judgments/421272
467467|2020-06-23|SO|III AUa 138/20|Wyrok|56|https://www.saos.org.pl/judgments/467467
419255|2020-06-23|SO|III AUa 397/20|Wyrok|56|https://www.saos.org.pl/judgments/419255
467482|2020-06-18|SO|III AUa 594/20|Wyrok|56|https://www.saos.org.pl/judgments/467482
467466|2020-06-17|SO|III AUa 1189/19|Wyrok|56|https://www.saos.org.pl/judgments/467466
419253|2020-06-17|SO|III AUa 1616/19|Wyrok|56|https://www.saos.org.pl/judgments/419253
467259|2020-06-10|SO|III AUa 48/20|Wyrok|56|https://www.saos.org.pl/judgments/467259
467258|2020-06-10|SO|III AUa 378/20|Wyrok|56|https://www.saos.org.pl/judgments/467258
467256|2020-06-10|SO|III AUa 1560/19|Wyrok|56|https://www.saos.org.pl/judgments/467256
467016|2020-06-10|SO|III AUa 1410/19|Wyrok|56|https://www.saos.org.pl/judgments/467016
417353|2020-06-10|SO|III AUa 37/20|Wyrok|56|https://www.saos.org.pl/judgments/417353
417352|2020-06-10|SO|III AUa 159/20|Wyrok|56|https://www.saos.org.pl/judgments/417352
417351|2020-06-10|SO|III AUa 137/20|Wyrok|56|https://www.saos.org.pl/judgments/417351
414108|2020-06-10|SO|III AUa 32/20|Wyrok|56|https://www.saos.org.pl/judgments/414108
414106|2020-06-10|SO|III AUa 212/20|Wyrok|56|https://www.saos.org.pl/judgments/414106
475996|2020-06-03|SO|III AUa 27/20|Wyrok|56|https://www.saos.org.pl/judgments/475996
474074|2020-06-03|SO|III AUa 1612/19|Wyrok|56|https://www.saos.org.pl/judgments/474074
414107|2020-06-03|SO|III AUa 310/20|Wyrok|56|https://www.saos.org.pl/judgments/414107
413187|2020-06-03|SO|III AUa 330/20|Wyrok|56|https://www.saos.org.pl/judgments/413187
477965|2020-06-02|SO|III AUa 1514/19|Wyrok|56|https://www.saos.org.pl/judgments/477965
475984|2020-05-28|SO|III AUa 1365/19|Wyrok|56|https://www.saos.org.pl/judgments/475984
463861|2020-05-27|SO|III AUa 1706/19|Wyrok|56|https://www.saos.org.pl/judgments/463861
413024|2020-05-27|SO|III AUa 48/20|Wyrok|56|https://www.saos.org.pl/judgments/413024
413023|2020-05-27|SO|III AUa 389/20|Wyrok|56|https://www.saos.org.pl/judgments/413023
413022|2020-05-27|SO|III AUa 206/20|Wyrok|56|https://www.saos.org.pl/judgments/413022
413021|2020-05-27|SO|III AUa 105/20|Wyrok|56|https://www.saos.org.pl/judgments/413021
412975|2020-05-27|SO|III AUa 1017/19|Wyrok|56|https://www.saos.org.pl/judgments/412975
412766|2020-05-27|SO|III AUa 359/20|Wyrok|56|https://www.saos.org.pl/judgments/412766
412762|2020-05-27|SO|III AUa 135/20|Wyrok|56|https://www.saos.org.pl/judgments/412762
462448|2020-05-26|SO|III AUa 1903/19|Wyrok|56|https://www.saos.org.pl/judgments/462448
419254|2020-05-26|SO|III AUa 385/20|Wyrok|56|https://www.saos.org.pl/judgments/419254
476002|2020-05-25|SO|III AUa 410/20|Wyrok|56|https://www.saos.org.pl/judgments/476002
476001|2020-05-25|SO|III AUa 407/20|Wyrok|56|https://www.saos.org.pl/judgments/476001
418294|2020-05-21|SO|III AUa 502/19|Wyrok|56|https://www.saos.org.pl/judgments/418294
416451|2020-05-21|SO|III AUa 60/20|Wyrok|56|https://www.saos.org.pl/judgments/416451
413682|2020-05-21|SO|III AUa 454/19|Wyrok|56|https://www.saos.org.pl/judgments/413682
412889|2020-05-20|SO|III AUa 114/20|Wyrok|56|https://www.saos.org.pl/judgments/412889
412765|2020-05-20|SO|III AUa 297/20|Wyrok|56|https://www.saos.org.pl/judgments/412765
412764|2020-05-20|SO|III AUa 283/20|Wyrok|56|https://www.saos.org.pl/judgments/412764
412763|2020-05-20|SO|III AUa 239/20|Wyrok|56|https://www.saos.org.pl/judgments/412763
412761|2020-05-20|SO|III AUa 113/20|Wyrok|56|https://www.saos.org.pl/judgments/412761
412658|2020-05-20|SO|III AUa 236/20|Wyrok|56|https://www.saos.org.pl/judgments/412658
412656|2020-05-20|SO|III AUa 205/20|Wyrok|56|https://www.saos.org.pl/judgments/412656
412374|2020-05-20|SO|III AUa 120/20|Wyrok|56|https://www.saos.org.pl/judgments/412374
476000|2020-05-19|SO|III AUa 363/20|Wyrok|56|https://www.saos.org.pl/judgments/476000
475991|2020-05-19|SO|III AUa 193/20|Wyrok|56|https://www.saos.org.pl/judgments/475991
475988|2020-05-19|SO|III AUa 184/20|Wyrok|56|https://www.saos.org.pl/judgments/475988
412671|2020-05-13|SO|III AUa 387/20|Wyrok|56|https://www.saos.org.pl/judgments/412671
412657|2020-05-13|SO|III AUa 208/20|Wyrok|56|https://www.saos.org.pl/judgments/412657
411996|2020-05-13|SO|III AUa 407/20|Wyrok|56|https://www.saos.org.pl/judgments/411996
411995|2020-05-13|SO|III AUa 347/20|Wyrok|56|https://www.saos.org.pl/judgments/411995
411994|2020-05-13|SO|III AUa 210/20|Wyrok|56|https://www.saos.org.pl/judgments/411994
462449|2020-05-05|SO|III AUa 1976/19|Wyrok|56|https://www.saos.org.pl/judgments/462449
413323|2020-04-29|SO|III AUa 1727/19|Wyrok|56|https://www.saos.org.pl/judgments/413323
411768|2020-04-29|SO|III AUa 109/20|Wyrok|56|https://www.saos.org.pl/judgments/411768
411767|2020-04-29|SO|III AUa 107/20|Wyrok|56|https://www.saos.org.pl/judgments/411767
411368|2020-04-29|SO|III AUa 98/20|Wyrok|56|https://www.saos.org.pl/judgments/411368
411366|2020-04-29|SO|III AUa 911/19|Wyrok|56|https://www.saos.org.pl/judgments/411366
411361|2020-04-29|SO|III AUa 1015/19|Wyrok|56|https://www.saos.org.pl/judgments/411361
410362|2020-04-29|SO|III AUa 31/20|Wyrok|56|https://www.saos.org.pl/judgments/410362
462447|2020-04-24|SO|III AUa 1859/19|Wyrok|56|https://www.saos.org.pl/judgments/462447
462446|2020-04-24|SO|III AUa 1705/19|Wyrok|56|https://www.saos.org.pl/judgments/462446
462348|2020-04-24|SO|III AUa 2038/19|Wyrok|56|https://www.saos.org.pl/judgments/462348
462347|2020-04-24|SO|III AUa 1994/19|Wyrok|56|https://www.saos.org.pl/judgments/462347
462346|2020-04-24|SO|III AUa 1963/19|Wyrok|56|https://www.saos.org.pl/judgments/462346
462344|2020-04-24|SO|III AUa 1786/19|Wyrok|56|https://www.saos.org.pl/judgments/462344
462343|2020-04-24|SO|III AUa 1767/19|Wyrok|56|https://www.saos.org.pl/judgments/462343
462341|2020-04-24|SO|III AUa 1618/19|Wyrok|56|https://www.saos.org.pl/judgments/462341
485886|2020-04-23|SO|III AUa 1472/19|Wyrok|56|https://www.saos.org.pl/judgments/485886
418300|2020-04-23|SO|III AUa 596/19|Wyrok|56|https://www.saos.org.pl/judgments/418300
418290|2020-04-23|SO|III AUa 189/20|Wyrok|56|https://www.saos.org.pl/judgments/418290
418289|2020-04-23|SO|III AUa 106/20|Wyrok|56|https://www.saos.org.pl/judgments/418289
413686|2020-04-23|SO|III AUa 605/19|Wyrok|56|https://www.saos.org.pl/judgments/413686
411367|2020-04-22|SO|III AUa 92/20|Wyrok|56|https://www.saos.org.pl/judgments/411367
411365|2020-04-22|SO|III AUa 84/20|Wyrok|56|https://www.saos.org.pl/judgments/411365
411364|2020-04-22|SO|III AUa 81/20|Wyrok|56|https://www.saos.org.pl/judgments/411364
411363|2020-04-22|SO|III AUa 70/20|Wyrok|56|https://www.saos.org.pl/judgments/411363
411362|2020-04-22|SO|III AUa 68/20|Wyrok|56|https://www.saos.org.pl/judgments/411362
467961|2020-04-21|SO|III AUa 1085/19|Wyrok|56|https://www.saos.org.pl/judgments/467961
504774|2020-04-16|SO|III AUa 1526/19|Wyrok|56|https://www.saos.org.pl/judgments/504774
471682|2020-04-15|SO|III AUa 1812/19|Wyrok|56|https://www.saos.org.pl/judgments/471682
462273|2020-04-15|SO|III AUa 1999/19|Wyrok|56|https://www.saos.org.pl/judgments/462273
436792|2020-04-15|SO|III AUa 1050/19|Wyrok|56|https://www.saos.org.pl/judgments/436792
411370|2020-04-15|SO|III AUa 984/19|Wyrok|56|https://www.saos.org.pl/judgments/411370
411369|2020-04-15|SO|III AUa 983/19|Wyrok|56|https://www.saos.org.pl/judgments/411369
410468|2020-04-15|SO|III AUa 60/20|Wyrok|56|https://www.saos.org.pl/judgments/410468
410372|2020-04-09|SO|III AUa 982/19|Wyrok|56|https://www.saos.org.pl/judgments/410372
410371|2020-04-09|SO|III AUa 941/19|Wyrok|56|https://www.saos.org.pl/judgments/410371
410367|2020-04-09|SO|III AUa 735/19|Wyrok|56|https://www.saos.org.pl/judgments/410367
504769|2020-04-08|SO|III AUa 1501/19|Wyrok|56|https://www.saos.org.pl/judgments/504769
504761|2020-04-08|SO|III AUa 1484/19|Wyrok|56|https://www.saos.org.pl/judgments/504761
409950|2020-04-07|SO|III AUa 231/20|Wyrok|56|https://www.saos.org.pl/judgments/409950
418302|2020-04-02|SO|III AUa 604/19|Wyrok|56|https://www.saos.org.pl/judgments/418302
462452|2020-04-01|SO|III AUa 83/20|Wyrok|56|https://www.saos.org.pl/judgments/462452
410370|2020-04-01|SO|III AUa 930/19|Wyrok|56|https://www.saos.org.pl/judgments/410370
410369|2020-04-01|SO|III AUa 909/19|Wyrok|56|https://www.saos.org.pl/judgments/410369
410368|2020-04-01|SO|III AUa 837/19|Wyrok|56|https://www.saos.org.pl/judgments/410368
408920|2020-04-01|SO|III AUa 996/19|Wyrok|56|https://www.saos.org.pl/judgments/408920
410366|2020-03-27|SO|III AUa 66/20|Wyrok|56|https://www.saos.org.pl/judgments/410366
410365|2020-03-27|SO|III AUa 63/20|Wyrok|56|https://www.saos.org.pl/judgments/410365
410364|2020-03-27|SO|III AUa 62/20|Wyrok|56|https://www.saos.org.pl/judgments/410364
410228|2020-03-27|SO|III AUa 305/20|Wyrok|56|https://www.saos.org.pl/judgments/410228
418309|2020-03-26|SO|III AUa 87/20|Wyrok|56|https://www.saos.org.pl/judgments/418309
414826|2020-03-26|SO|III AUa 71/20|Wyrok|56|https://www.saos.org.pl/judgments/414826
414825|2020-03-26|SO|III AUa 66/20|Wyrok|56|https://www.saos.org.pl/judgments/414825
418291|2020-03-19|SO|III AUa 23/20|Wyrok|56|https://www.saos.org.pl/judgments/418291
414827|2020-03-19|SO|III AUa 94/20|Wyrok|56|https://www.saos.org.pl/judgments/414827
414819|2020-03-19|SO|III AUa 17/20|Wyrok|56|https://www.saos.org.pl/judgments/414819
418293|2020-03-12|SO|III AUa 432/19|Wyrok|56|https://www.saos.org.pl/judgments/418293
413681|2020-03-12|SO|III AUa 451/19|Wyrok|56|https://www.saos.org.pl/judgments/413681
407752|2020-03-12|SO|III AUa 819/19|Wyrok|56|https://www.saos.org.pl/judgments/407752
416993|2020-03-11|SO|III AUa 485/19|Wyrok|56|https://www.saos.org.pl/judgments/416993
409210|2020-03-11|SO|III AUa 483/19|Wyrok|56|https://www.saos.org.pl/judgments/409210
412153|2020-03-10|SO|III AUa 745/19|Wyrok|56|https://www.saos.org.pl/judgments/412153
409216|2020-03-05|SO|III AUa 829/19|Wyrok|56|https://www.saos.org.pl/judgments/409216
409215|2020-03-05|SO|III AUa 751/19|Wyrok|56|https://www.saos.org.pl/judgments/409215
409951|2020-03-04|SO|III AUa 35/20|Wyrok|56|https://www.saos.org.pl/judgments/409951
409858|2020-03-04|SO|III AUa 1471/19|Wyrok|56|https://www.saos.org.pl/judgments/409858
409195|2020-03-04|SO|III AUa 1120/19|Wyrok|56|https://www.saos.org.pl/judgments/409195
409188|2020-03-04|SO|III AUa 1074/19|Wyrok|56|https://www.saos.org.pl/judgments/409188
429826|2020-03-03|SO|III AUa 1441/17|Wyrok|56|https://www.saos.org.pl/judgments/429826
408075|2020-02-27|SO|III AUa 461/19|Wyrok|56|https://www.saos.org.pl/judgments/408075
409953|2020-02-26|SO|III AUa 472/19|Wyrok|56|https://www.saos.org.pl/judgments/409953
407074|2020-02-25|SO|III AUa 867/19|Wyrok|56|https://www.saos.org.pl/judgments/407074
407072|2020-02-25|SO|III AUa 808/19|Wyrok|56|https://www.saos.org.pl/judgments/407072
419252|2020-02-24|SO|III AUa 1021/19|Wyrok|56|https://www.saos.org.pl/judgments/419252
408081|2020-02-24|SO|III AUa 588/19|Wyrok|56|https://www.saos.org.pl/judgments/408081
417006|2020-02-20|SO|III AUa 978/19|Wyrok|56|https://www.saos.org.pl/judgments/417006
414821|2020-02-20|SO|III AUa 325/19|Wyrok|56|https://www.saos.org.pl/judgments/414821
407073|2020-02-20|SO|III AUa 841/19|Wyrok|56|https://www.saos.org.pl/judgments/407073
407070|2020-02-20|SO|III AUa 726/19|Wyrok|56|https://www.saos.org.pl/judgments/407070
407058|2020-02-20|SO|III AUa 1002/19|Wyrok|56|https://www.saos.org.pl/judgments/407058
410670|2020-02-19|SO|III AUa 480/19|Wyrok|56|https://www.saos.org.pl/judgments/410670
410669|2020-02-19|SO|III AUa 479/19|Wyrok|56|https://www.saos.org.pl/judgments/410669
408420|2020-02-14|SO|III AUa 718/19|Wyrok|56|https://www.saos.org.pl/judgments/408420
407069|2020-02-14|SO|III AUa 713/19|Wyrok|56|https://www.saos.org.pl/judgments/407069
407068|2020-02-14|SO|III AUa 702/19|Wyrok|56|https://www.saos.org.pl/judgments/407068
408410|2020-02-12|SO|III AUa 470/19|Wyrok|56|https://www.saos.org.pl/judgments/408410
412767|2020-02-06|SO|III AUa 433/19|Wyrok|56|https://www.saos.org.pl/judgments/412767
408425|2020-02-06|SO|III AUa 844/19|Wyrok|56|https://www.saos.org.pl/judgments/408425
408419|2020-02-06|SO|III AUa 693/19|Wyrok|56|https://www.saos.org.pl/judgments/408419
408417|2020-02-06|SO|III AUa 573/19|Wyrok|56|https://www.saos.org.pl/judgments/408417
417004|2020-01-30|SO|III AUa 879/19|Wyrok|56|https://www.saos.org.pl/judgments/417004
416996|2020-01-30|SO|III AUa 547/19|Wyrok|56|https://www.saos.org.pl/judgments/416996
408414|2020-01-30|SO|III AUa 521/19|Wyrok|56|https://www.saos.org.pl/judgments/408414
408413|2020-01-30|SO|III AUa 520/19|Wyrok|56|https://www.saos.org.pl/judgments/408413
408427|2020-01-29|SO|III AUa 890/19|Wyrok|56|https://www.saos.org.pl/judgments/408427
408424|2020-01-29|SO|III AUa 766/19|Wyrok|56|https://www.saos.org.pl/judgments/408424
417005|2020-01-23|SO|III AUa 963/19|Wyrok|56|https://www.saos.org.pl/judgments/417005
409212|2020-01-23|SO|III AUa 527/19|Wyrok|56|https://www.saos.org.pl/judgments/409212
408788|2020-01-23|SO|III AUa 752/19|Wyrok|56|https://www.saos.org.pl/judgments/408788
408787|2020-01-23|SO|III AUa 712/19|Wyrok|56|https://www.saos.org.pl/judgments/408787
408416|2020-01-23|SO|III AUa 552/19|Wyrok|56|https://www.saos.org.pl/judgments/408416
407676|2020-01-22|SO|III AUa 1156/19|Wyrok|56|https://www.saos.org.pl/judgments/407676
418903|2020-01-21|SO|III AUa 612/19|Wyrok|56|https://www.saos.org.pl/judgments/418903
416997|2020-01-15|SO|III AUa 628/19|Wyrok|56|https://www.saos.org.pl/judgments/416997
416995|2020-01-15|SO|III AUa 513/19|Wyrok|56|https://www.saos.org.pl/judgments/416995
416994|2020-01-15|SO|III AUa 511/19|Wyrok|56|https://www.saos.org.pl/judgments/416994
409876|2020-01-15|SO|III AUa 851/19|Wyrok|56|https://www.saos.org.pl/judgments/409876
408412|2020-01-15|SO|III AUa 512/19|Wyrok|56|https://www.saos.org.pl/judgments/408412
405127|2020-01-15|SO|III AUa 369/19|Wyrok|56|https://www.saos.org.pl/judgments/405127
406313|2020-01-14|SO|III AUa 455/19|Wyrok|56|https://www.saos.org.pl/judgments/406313
407066|2020-01-08|SO|III AUa 502/19|Wyrok|56|https://www.saos.org.pl/judgments/407066
462073|2019-12-05|SO|III AUa 717/19|Wyrok|56|https://www.saos.org.pl/judgments/462073
404654|2019-12-03|SO|III AUa 683/19|Wyrok|56|https://www.saos.org.pl/judgments/404654
406318|2019-11-28|SO|III AUa 631/19|Wyrok|56|https://www.saos.org.pl/judgments/406318
399006|2019-10-31|SO|III AUa 1534/19|Wyrok|56|https://www.saos.org.pl/judgments/399006
402549|2019-10-02|SO|III AUa 873/19|Wyrok|56|https://www.saos.org.pl/judgments/402549
404628|2019-09-11|SO|III AUa 378/19|Wyrok|56|https://www.saos.org.pl/judgments/404628
400234|2019-08-21|SO|III AUa 28/19|Wyrok|56|https://www.saos.org.pl/judgments/400234
400229|2019-08-05|SO|III AUa 1173/18|Wyrok|56|https://www.saos.org.pl/judgments/400229
394054|2019-07-24|SO|III AUa 613/18|Wyrok|56|https://www.saos.org.pl/judgments/394054
404603|2019-07-09|SO|III AUa 232/19|Wyrok|56|https://www.saos.org.pl/judgments/404603
408786|2019-06-27|SO|III AUa 67/19|Wyrok|56|https://www.saos.org.pl/judgments/408786
385966|2019-06-12|SO|III AUa 914/18|Wyrok|56|https://www.saos.org.pl/judgments/385966
384729|2019-06-06|SO|III AUa 848/18|Wyrok|56|https://www.saos.org.pl/judgments/384729
408069|2019-05-30|SO|III AUa 25/19|Wyrok|56|https://www.saos.org.pl/judgments/408069
389897|2019-05-29|SO|III AUa 910/18|Wyrok|56|https://www.saos.org.pl/judgments/389897
383706|2019-05-15|SO|III AUa 77/19|Wyrok|56|https://www.saos.org.pl/judgments/383706
404178|2019-04-03|SO|III AUa 9/19|Wyrok|56|https://www.saos.org.pl/judgments/404178
378530|2019-04-03|SO|III AUa 332/18|Wyrok|56|https://www.saos.org.pl/judgments/378530
378646|2019-03-06|SO|III AUa 854/18|Wyrok|56|https://www.saos.org.pl/judgments/378646
378618|2019-02-20|SO|III AUa 775/18|Wyrok|56|https://www.saos.org.pl/judgments/378618
378653|2019-02-06|SO|III AUa 882/18|Wyrok|56|https://www.saos.org.pl/judgments/378653
407743|2019-02-05|SO|III AUa 1118/18|Wyrok|56|https://www.saos.org.pl/judgments/407743
451751|2019-01-22|SO|III AUa 723/18|Wyrok|56|https://www.saos.org.pl/judgments/451751
378546|2019-01-10|SO|III AUa 403/18|Wyrok|56|https://www.saos.org.pl/judgments/378546
374549|2019-01-08|SO|III AUa 601/18|Wyrok|56|https://www.saos.org.pl/judgments/374549
369529|2018-12-13|SO|III AUa 1214/18|Wyrok|56|https://www.saos.org.pl/judgments/369529
364816|2018-12-13|SO|III AUa 595/18|Wyrok|56|https://www.saos.org.pl/judgments/364816
364813|2018-12-13|SO|III AUa 460/18|Wyrok|56|https://www.saos.org.pl/judgments/364813
389394|2018-12-11|SO|III AUa 258/18|Wyrok|56|https://www.saos.org.pl/judgments/389394
367768|2018-11-29|SO|III AUa 1425/17|Wyrok|56|https://www.saos.org.pl/judgments/367768
378514|2018-11-22|SO|III AUa 236/17|Wyrok|56|https://www.saos.org.pl/judgments/378514
364252|2018-11-15|SO|III AUa 334/18|Wyrok|56|https://www.saos.org.pl/judgments/364252
374539|2018-11-07|SO|III AUa 15/18|Wyrok|56|https://www.saos.org.pl/judgments/374539
390684|2018-10-11|SO|III AUa 98/18|Wyrok|56|https://www.saos.org.pl/judgments/390684
417210|2018-07-04|SO|III AUa 1850/17|Wyrok|56|https://www.saos.org.pl/judgments/417210
355722|2018-06-21|SO|III AUa 463/17|Wyrok|56|https://www.saos.org.pl/judgments/355722
354954|2018-06-21|SO|III AUa 340/18|Wyrok|56|https://www.saos.org.pl/judgments/354954
354964|2018-06-11|SO|III AUa 735/17|Wyrok|56|https://www.saos.org.pl/judgments/354964
356900|2018-06-07|SO|III AUa 581/17|Wyrok|56|https://www.saos.org.pl/judgments/356900
408535|2018-05-22|SO|III AUa 1220/17|Wyrok|56|https://www.saos.org.pl/judgments/408535
349043|2018-05-22|SO|III AUa 126/17|Wyrok|56|https://www.saos.org.pl/judgments/349043
352752|2018-05-17|SO|III AUa 341/18|Wyrok|56|https://www.saos.org.pl/judgments/352752
343934|2018-05-11|SO|III AUa 860/17|Wyrok|56|https://www.saos.org.pl/judgments/343934
393101|2018-04-19|SO|III AUa 98/17|Wyrok|56|https://www.saos.org.pl/judgments/393101
349061|2018-04-18|SO|III AUa 436/17|Wyrok|56|https://www.saos.org.pl/judgments/349061
349262|2018-04-11|SO|III AUa 1415/17|Wyrok|56|https://www.saos.org.pl/judgments/349262
352756|2018-04-09|SO|III AUa 441/17|Wyrok|56|https://www.saos.org.pl/judgments/352756
335070|2018-03-28|SO|III AUa 840/17|Wyrok|56|https://www.saos.org.pl/judgments/335070
332122|2018-03-01|SO|III AUa 746/17|Wyrok|56|https://www.saos.org.pl/judgments/332122
337032|2018-02-12|SO|III AUa 299/17|Wyrok|56|https://www.saos.org.pl/judgments/337032
334259|2018-02-07|SO|III AUa 521/17|Wyrok|56|https://www.saos.org.pl/judgments/334259
327220|2018-01-25|SO|III AUa 2050/16|Wyrok|56|https://www.saos.org.pl/judgments/327220
326255|2018-01-24|SO|III AUa 686/17|Wyrok|56|https://www.saos.org.pl/judgments/326255
325961|2017-12-20|SO|III AUa 507/17|Wyrok|56|https://www.saos.org.pl/judgments/325961
320283|2017-12-14|SO|III AUa 482/17|Wyrok|56|https://www.saos.org.pl/judgments/320283
326969|2017-12-08|SO|III AUa 1560/16|Wyrok|56|https://www.saos.org.pl/judgments/326969
335822|2017-12-05|SO|III AUa 957/16|Wyrok|56|https://www.saos.org.pl/judgments/335822
320825|2017-11-23|SO|III AUa 719/17|Wyrok|56|https://www.saos.org.pl/judgments/320825
320261|2017-11-23|SO|III AUa 319/17|Wyrok|56|https://www.saos.org.pl/judgments/320261
322327|2017-11-16|SO|III AUa 140/17|Wyrok|56|https://www.saos.org.pl/judgments/322327
333406|2017-11-15|SO|III AUa 217/17|Wyrok|56|https://www.saos.org.pl/judgments/333406
319117|2017-11-08|SO|III AUa 317/17|Wyrok|56|https://www.saos.org.pl/judgments/319117
378478|2017-10-25|SO|III AUa 1475/17|Wyrok|56|https://www.saos.org.pl/judgments/378478
313900|2017-10-18|SO|III AUa 106/17|Wyrok|56|https://www.saos.org.pl/judgments/313900
311981|2017-10-11|SO|III AUa 170/17|Wyrok|56|https://www.saos.org.pl/judgments/311981
318400|2017-09-27|SO|III AUa 334/17|Wyrok|56|https://www.saos.org.pl/judgments/318400
317493|2017-09-27|SO|III AUa 1013/16|Wyrok|56|https://www.saos.org.pl/judgments/317493
316411|2017-09-20|SO|III AUa 1279/16|Wyrok|56|https://www.saos.org.pl/judgments/316411
315489|2017-09-20|SO|III AUa 49/17|Wyrok|56|https://www.saos.org.pl/judgments/315489
323651|2017-09-08|SO|III AUa 483/16|Wyrok|56|https://www.saos.org.pl/judgments/323651
303942|2017-08-30|SO|III AUa 57/17|Wyrok|56|https://www.saos.org.pl/judgments/303942
307422|2017-07-27|SO|III AUa 1138/16|Wyrok|56|https://www.saos.org.pl/judgments/307422
310217|2017-07-25|SO|III AUa 1066/16|Wyrok|56|https://www.saos.org.pl/judgments/310217
428520|2017-07-12|SO|III AUa 958/17|Wyrok|56|https://www.saos.org.pl/judgments/428520
296255|2017-07-12|SO|III AUa 732/16|Wyrok|56|https://www.saos.org.pl/judgments/296255
300800|2017-07-06|SO|III AUa 19/17|Wyrok|56|https://www.saos.org.pl/judgments/300800
313233|2017-07-05|SO|III AUa 691/16|Wyrok|56|https://www.saos.org.pl/judgments/313233
310223|2017-06-29|SO|III AUa 562/17|Wyrok|56|https://www.saos.org.pl/judgments/310223
291535|2017-06-21|SO|III AUa 1345/16|Wyrok|56|https://www.saos.org.pl/judgments/291535
385665|2017-05-30|SO|III AUa 1077/16|Wyrok|56|https://www.saos.org.pl/judgments/385665
287583|2017-05-17|SO|III AUa 1250/16|Wyrok|56|https://www.saos.org.pl/judgments/287583
287386|2017-05-17|SO|III AUa 1254/16|Wyrok|56|https://www.saos.org.pl/judgments/287386
287243|2017-05-17|SO|III AUa 1034/16|Wyrok|56|https://www.saos.org.pl/judgments/287243
299292|2017-04-18|SO|III AUa 503/16|Wyrok|56|https://www.saos.org.pl/judgments/299292
298942|2017-04-06|SO|III AUa 367/16|Wyrok|56|https://www.saos.org.pl/judgments/298942
289135|2017-03-30|SO|III AUa 1590/16|Wyrok|56|https://www.saos.org.pl/judgments/289135
276315|2017-03-16|SO|III AUa 997/16|Wyrok|56|https://www.saos.org.pl/judgments/276315
297819|2017-03-09|SO|III AUa 403/16|Wyrok|56|https://www.saos.org.pl/judgments/297819
297465|2017-03-09|SO|III AUa 406/16|Wyrok|56|https://www.saos.org.pl/judgments/297465
287594|2017-02-28|SO|III AUa 836/16|Wyrok|56|https://www.saos.org.pl/judgments/287594
272179|2017-02-08|SO|III AUa 767/16|Wyrok|56|https://www.saos.org.pl/judgments/272179
279005|2017-02-07|SO|III AUa 1552/16|Wyrok|56|https://www.saos.org.pl/judgments/279005
274333|2017-02-02|SO|III AUa 845/16|Wyrok|56|https://www.saos.org.pl/judgments/274333
277666|2017-01-26|SO|III AUa 1548/16|Wyrok|56|https://www.saos.org.pl/judgments/277666
277654|2017-01-19|SO|III AUa 1485/16|Wyrok|56|https://www.saos.org.pl/judgments/277654
284503|2016-12-27|SO|III AUa 243/16|Wyrok|56|https://www.saos.org.pl/judgments/284503
266755|2016-12-20|SO|III AUa 1749/15|Wyrok|56|https://www.saos.org.pl/judgments/266755
385683|2016-12-13|SO|III AUa 596/16|Wyrok|56|https://www.saos.org.pl/judgments/385683
267120|2016-11-22|SO|III AUa 2560/15|Wyrok|56|https://www.saos.org.pl/judgments/267120
257415|2016-11-16|SO|III AUa 559/16|Wyrok|56|https://www.saos.org.pl/judgments/257415
270891|2016-11-10|SO|III AUa 769/16|Wyrok|56|https://www.saos.org.pl/judgments/270891
257399|2016-10-26|SO|III AUa 1622/15|Wyrok|56|https://www.saos.org.pl/judgments/257399
252273|2016-10-12|SO|III AUa 1746/15|Wyrok|56|https://www.saos.org.pl/judgments/252273
269973|2016-10-04|SO|III AUa 1009/15|Wyrok|56|https://www.saos.org.pl/judgments/269973
255162|2016-09-21|SO|III AUa 192/15|Wyrok|56|https://www.saos.org.pl/judgments/255162
252567|2016-09-21|SO|III AUa 1985/15|Wyrok|56|https://www.saos.org.pl/judgments/252567
253313|2016-09-09|SO|III AUa 2113/15|Wyrok|56|https://www.saos.org.pl/judgments/253313
410176|2016-09-07|SO|III AUa 501/16|Wyrok|56|https://www.saos.org.pl/judgments/410176
248287|2016-08-31|SO|III AUa 190/16|Wyrok|56|https://www.saos.org.pl/judgments/248287
249212|2016-07-27|SO|III AUa 504/16|Wyrok|56|https://www.saos.org.pl/judgments/249212
237236|2016-06-22|SO|III AUa 166/16|Wyrok|56|https://www.saos.org.pl/judgments/237236
248336|2016-06-21|SO|III AUa 519/15|Wyrok|56|https://www.saos.org.pl/judgments/248336
234587|2016-06-21|SO|III AUa 1586/15|Wyrok|56|https://www.saos.org.pl/judgments/234587
248855|2016-06-02|SO|III AUa 793/15|Wyrok|56|https://www.saos.org.pl/judgments/248855
248285|2016-06-02|SO|III AUa 1840/15|Wyrok|56|https://www.saos.org.pl/judgments/248285
250878|2016-05-25|SO|III AUa 748/15|Wyrok|56|https://www.saos.org.pl/judgments/250878
227919|2016-05-12|SO|III AUa 49/16|Wyrok|56|https://www.saos.org.pl/judgments/227919
227918|2016-05-11|SO|III AUa 447/15|Wyrok|56|https://www.saos.org.pl/judgments/227918
223587|2016-04-15|SO|III AUa 8/15|Wyrok|56|https://www.saos.org.pl/judgments/223587
223561|2016-04-15|SO|III AUa 1274/15|Wyrok|56|https://www.saos.org.pl/judgments/223561
219292|2016-04-01|SO|III AUa 1629/15|Wyrok|56|https://www.saos.org.pl/judgments/219292
231963|2016-03-23|SO|III AUa 430/14|Wyrok|56|https://www.saos.org.pl/judgments/231963
215327|2016-03-10|SO|III AUa 1063/15|Wyrok|56|https://www.saos.org.pl/judgments/215327
220847|2016-03-03|SO|III AUa 981/15|Wyrok|56|https://www.saos.org.pl/judgments/220847
217379|2016-02-11|SO|III AUa 15/15|Wyrok|56|https://www.saos.org.pl/judgments/217379
204003|2016-02-04|SO|III AUa 532/15|Wyrok|56|https://www.saos.org.pl/judgments/204003
214364|2016-02-02|SO|III AUa 635/15|Wyrok|56|https://www.saos.org.pl/judgments/214364
210289|2016-01-15|SO|III AUa 664/15|Wyrok|56|https://www.saos.org.pl/judgments/210289
207727|2016-01-15|SO|III AUa 663/15|Wyrok|56|https://www.saos.org.pl/judgments/207727
204628|2016-01-15|SO|III AUa 662/15|Wyrok|56|https://www.saos.org.pl/judgments/204628
246464|2015-12-10|SO|III AUa 2048/14|Wyrok|56|https://www.saos.org.pl/judgments/246464
193069|2015-12-03|SO|III AUa 36/15|Wyrok|56|https://www.saos.org.pl/judgments/193069
193108|2015-11-18|SO|III AUa 952/15|Wyrok|56|https://www.saos.org.pl/judgments/193108
199092|2015-11-12|SO|III AUa 415/15|Wyrok|56|https://www.saos.org.pl/judgments/199092
212903|2015-10-08|SO|III AUa 970/14|Wyrok|56|https://www.saos.org.pl/judgments/212903
184144|2015-09-22|SO|III AUa 1363/14|Wyrok|56|https://www.saos.org.pl/judgments/184144
180646|2015-08-18|SO|III AUa 1052/14|Wyrok|56|https://www.saos.org.pl/judgments/180646
179640|2015-08-12|SO|III AUa 156/15|Wyrok|56|https://www.saos.org.pl/judgments/179640
184252|2015-08-06|SO|III AUa 1878/14|Wyrok|56|https://www.saos.org.pl/judgments/184252
319141|2015-06-03|SO|III AUa 875/14|Wyrok|56|https://www.saos.org.pl/judgments/319141
154233|2015-05-21|SO|III AUa 263/15|Wyrok|56|https://www.saos.org.pl/judgments/154233
171391|2015-05-14|SO|III AUa 1398/14|Wyrok|56|https://www.saos.org.pl/judgments/171391
152934|2015-05-06|SO|III AUa 1010/14|Wyrok|56|https://www.saos.org.pl/judgments/152934
158173|2015-04-22|SO|III AUa 554/14|Wyrok|56|https://www.saos.org.pl/judgments/158173
152062|2015-03-20|SO|III AUa 483/14|Wyrok|56|https://www.saos.org.pl/judgments/152062
134061|2015-02-17|SO|III AUa 526/14|Wyrok|56|https://www.saos.org.pl/judgments/134061
152243|2015-01-22|SO|III AUa 376/14|Wyrok|56|https://www.saos.org.pl/judgments/152243
134283|2015-01-15|SO|III AUa 445/14|Wyrok|56|https://www.saos.org.pl/judgments/134283
129482|2014-12-03|SO|III AUa 274/14|Wyrok|56|https://www.saos.org.pl/judgments/129482
126915|2014-10-16|SO|III AUa 98/14|Wyrok|56|https://www.saos.org.pl/judgments/126915
63994|2014-09-10|SO|III AUa 2664/13|Wyrok|56|https://www.saos.org.pl/judgments/63994
56503|2014-07-30|SO|III AUa 2025/13|Wyrok|56|https://www.saos.org.pl/judgments/56503
48108|2014-05-21|SO|III AUa 1501/13|Wyrok|56|https://www.saos.org.pl/judgments/48108
48829|2014-04-10|SO|III AUa 1145/13|Wyrok|56|https://www.saos.org.pl/judgments/48829
43679|2014-04-09|SO|III AUa 122/14|Wyrok|56|https://www.saos.org.pl/judgments/43679
42185|2014-04-03|SO|III AUa 86/14|Wyrok|56|https://www.saos.org.pl/judgments/42185
28159|2013-11-21|SO|III AUa 241/13|Wyrok|56|https://www.saos.org.pl/judgments/28159
25976|2013-09-17|SO|III AUa 1465/13|Wyrok|56|https://www.saos.org.pl/judgments/25976
42545|2013-06-20|SO|III AUa 1650/12|Wyrok|56|https://www.saos.org.pl/judgments/42545
13086|2013-05-28|SO|III AUa 1086/12|Wyrok|56|https://www.saos.org.pl/judgments/13086
10679|2013-04-24|SO|III AUa 1089/12|Wyrok|56|https://www.saos.org.pl/judgments/10679
5336|2013-01-30|SO|III AUa 1068/12|Wyrok|56|https://www.saos.org.pl/judgments/5336
7929|2013-01-16|SO|VI ACa 1064/12|Wyrok|56|https://www.saos.org.pl/judgments/7929
3499|2012-12-18|SO|III AUa 1056/10|Wyrok|56|https://www.saos.org.pl/judgments/3499
3224|2012-12-13|SO|III AUa 571/12|Wyrok|56|https://www.saos.org.pl/judgments/3224
3433|2012-12-12|SO|III AUa 920/12|Wyrok|56|https://www.saos.org.pl/judgments/3433
2383|2012-10-23|SO|III AUa 606/12|Wyrok|56|https://www.saos.org.pl/judgments/2383
1430|2012-08-23|SO|III AUa 761/12|Wyrok|56|https://www.saos.org.pl/judgments/1430
181|2012-08-22|SO|III AUa 325/12|Wyrok|56|https://www.saos.org.pl/judgments/181
1541|2012-04-11|SO|III AUa 182/12|Wyrok|56|https://www.saos.org.pl/judgments/1541
1685|2012-03-14|SO|III AUa 1811/11|Wyrok|56|https://www.saos.org.pl/judgments/1685
520847|2024-11-13|SO|III AUa 49/24|Postanowienie|47|https://www.saos.org.pl/judgments/520847
433996|2021-03-17|SO|III AUa 815/19|Postanowienie|47|https://www.saos.org.pl/judgments/433996
462280|2020-08-12|SO|III AUz 297/20|Postanowienie|47|https://www.saos.org.pl/judgments/462280
409095|2019-11-21|SO|III AUa 181/19|Postanowienie|47|https://www.saos.org.pl/judgments/409095
390302|2019-07-12|SO|III AUa 1193/19|Postanowienie|47|https://www.saos.org.pl/judgments/390302
199091|2016-01-12|SO|III AUa 382/15|Postanowienie|47|https://www.saos.org.pl/judgments/199091
542130|2026-01-21|SO|III AUa 2733/25|Uzasadnienie|42|https://www.saos.org.pl/judgments/542130
539348|2025-10-09|SO|III AUa 2029/24|Uzasadnienie|42|https://www.saos.org.pl/judgments/539348
539344|2025-10-09|SO|III AUa 1794/24|Uzasadnienie|42|https://www.saos.org.pl/judgments/539344
539341|2025-10-09|SO|III AUa 1511/24|Uzasadnienie|42|https://www.saos.org.pl/judgments/539341
539340|2025-07-10|SO|III AUa 1106/25|Uzasadnienie|42|https://www.saos.org.pl/judgments/539340
541207|2025-07-07|SO|III AUa 123/25|Uzasadnienie|42|https://www.saos.org.pl/judgments/541207
531643|2025-06-18|SO|III AUa 110/25|Uzasadnienie|42|https://www.saos.org.pl/judgments/531643
530926|2025-06-18|SO|III AUa 974/25|Uzasadnienie|42|https://www.saos.org.pl/judgments/530926
541214|2025-06-11|SO|III AUa 631/25|Uzasadnienie|42|https://www.saos.org.pl/judgments/541214
529432|2025-05-30|SO|III AUa 2208/24|Uzasadnienie|42|https://www.saos.org.pl/judgments/529432
539414|2025-05-29|SO|III AUa 837/25|Uzasadnienie|42|https://www.saos.org.pl/judgments/539414
533703|2025-04-14|SO|III AUa 440/25|Uzasadnienie|42|https://www.saos.org.pl/judgments/533703
521367|2023-05-22|SO|III AUa 1452/21|Uzasadnienie|42|https://www.saos.org.pl/judgments/521367
519972|2023-05-09|SO|III AUa 260/21|Uzasadnienie|42|https://www.saos.org.pl/judgments/519972
417461|2020-03-11|SO|III AUa 694/19|Uzasadnienie|42|https://www.saos.org.pl/judgments/417461
544180|2026-03-03|SO|VII U 1194/25|Wyrok|40|https://www.saos.org.pl/judgments/544180
544422|2026-02-27|SO|VII U 2274/25|Wyrok|40|https://www.saos.org.pl/judgments/544422
543210|2026-02-06|SO|VII U 1486/25|Wyrok|40|https://www.saos.org.pl/judgments/543210
542906|2026-01-31|SO|VII U 190/25|Wyrok|40|https://www.saos.org.pl/judgments/542906
542276|2026-01-29|SO|IV U 404/25|Wyrok|40|https://www.saos.org.pl/judgments/542276
542232|2026-01-19|SO|VII U 99/25|Wyrok|40|https://www.saos.org.pl/judgments/542232
540819|2025-12-31|SO|VII U 51/25|Wyrok|40|https://www.saos.org.pl/judgments/540819
540981|2025-12-08|SO|VII U 1749/24|Wyrok|40|https://www.saos.org.pl/judgments/540981
539759|2025-12-04|SO|VII U 464/25|Wyrok|40|https://www.saos.org.pl/judgments/539759
538447|2025-11-25|SO|VII U 1687/24|Wyrok|40|https://www.saos.org.pl/judgments/538447
539755|2025-11-21|SO|VII U 1416/23|Wyrok|40|https://www.saos.org.pl/judgments/539755
538767|2025-11-17|SO|VII U 1202/25|Wyrok|40|https://www.saos.org.pl/judgments/538767
538765|2025-11-12|SO|VII U 1158/25|Wyrok|40|https://www.saos.org.pl/judgments/538765
537965|2025-11-07|SO|VII U 1733/24|Wyrok|40|https://www.saos.org.pl/judgments/537965
537512|2025-11-06|SO|VII U 1736/24|Wyrok|40|https://www.saos.org.pl/judgments/537512
538121|2025-10-20|SO|VII U 30/25|Wyrok|40|https://www.saos.org.pl/judgments/538121
537964|2025-10-20|SO|VII U 1197/25|Wyrok|40|https://www.saos.org.pl/judgments/537964
538120|2025-10-14|SO|VII U 1767/23|Wyrok|40|https://www.saos.org.pl/judgments/538120
536768|2025-10-14|SO|VII U 1939/24|Wyrok|40|https://www.saos.org.pl/judgments/536768
536767|2025-10-14|SO|VII U 1848/24|Wyrok|40|https://www.saos.org.pl/judgments/536767
537514|2025-10-08|SO|VII U 50/25|Wyrok|40|https://www.saos.org.pl/judgments/537514
537009|2025-10-06|SO|VII U 1190/25|Wyrok|40|https://www.saos.org.pl/judgments/537009
537010|2025-10-03|SO|VII U 299/25|Wyrok|40|https://www.saos.org.pl/judgments/537010
536769|2025-09-30|SO|VII U 635/24|Wyrok|40|https://www.saos.org.pl/judgments/536769
536581|2025-09-30|SO|VII U 1159/24|Wyrok|40|https://www.saos.org.pl/judgments/536581
535975|2025-09-16|SO|VII U 1854/24|Wyrok|40|https://www.saos.org.pl/judgments/535975
535973|2025-09-16|SO|VII U 1793/24|Wyrok|40|https://www.saos.org.pl/judgments/535973
535361|2025-09-15|SO|VII U 1782/24|Wyrok|40|https://www.saos.org.pl/judgments/535361
534800|2025-09-08|SO|VII U 1909/24|Wyrok|40|https://www.saos.org.pl/judgments/534800
534936|2025-08-05|SO|IV U 683/25|Wyrok|40|https://www.saos.org.pl/judgments/534936
534935|2025-08-05|SO|IV U 555/25|Wyrok|40|https://www.saos.org.pl/judgments/534935
533311|2025-07-25|SO|IV U 520/25|Wyrok|40|https://www.saos.org.pl/judgments/533311
534306|2025-07-09|SO|VII U 735/23|Wyrok|40|https://www.saos.org.pl/judgments/534306
534301|2025-06-24|SO|VII U 1726/24|Wyrok|40|https://www.saos.org.pl/judgments/534301
530842|2025-06-16|SO|VII U 1617/24|Wyrok|40|https://www.saos.org.pl/judgments/530842
529448|2025-06-12|SO|VII U 1511/24|Wyrok|40|https://www.saos.org.pl/judgments/529448
529394|2025-06-12|SO|VII U 1809/24|Wyrok|40|https://www.saos.org.pl/judgments/529394
530330|2025-06-05|SO|VII U 3768/24|Wyrok|40|https://www.saos.org.pl/judgments/530330
530289|2025-05-29|SO|VII U 2304/24|Wyrok|40|https://www.saos.org.pl/judgments/530289
529397|2025-05-29|SO|VII U 513/24|Wyrok|40|https://www.saos.org.pl/judgments/529397
531458|2025-05-28|SO|IV U 483/25|Wyrok|40|https://www.saos.org.pl/judgments/531458
530337|2025-05-23|SO|VII U 878/25|Wyrok|40|https://www.saos.org.pl/judgments/530337
530287|2025-05-23|SO|VII U 129/25|Wyrok|40|https://www.saos.org.pl/judgments/530287
530328|2025-05-22|SO|VII U 3601/24|Wyrok|40|https://www.saos.org.pl/judgments/530328
530320|2025-05-22|SO|VII U 3380/24|Wyrok|40|https://www.saos.org.pl/judgments/530320
530317|2025-05-22|SO|VII U 3324/24|Wyrok|40|https://www.saos.org.pl/judgments/530317
530301|2025-05-22|SO|VII U 2909/24|Wyrok|40|https://www.saos.org.pl/judgments/530301
530300|2025-05-22|SO|VII U 2887/24|Wyrok|40|https://www.saos.org.pl/judgments/530300
529393|2025-05-22|SO|VII U 1591/24|Wyrok|40|https://www.saos.org.pl/judgments/529393
530321|2025-05-21|SO|VII U 3410/24|Wyrok|40|https://www.saos.org.pl/judgments/530321
530334|2025-05-20|SO|VII U 555/25|Wyrok|40|https://www.saos.org.pl/judgments/530334
530322|2025-05-20|SO|VII U 3456/24|Wyrok|40|https://www.saos.org.pl/judgments/530322
530305|2025-05-20|SO|VII U 3088/24|Wyrok|40|https://www.saos.org.pl/judgments/530305
530336|2025-05-12|SO|VII U 767/25|Wyrok|40|https://www.saos.org.pl/judgments/530336
530332|2025-05-12|SO|VII U 440/25|Wyrok|40|https://www.saos.org.pl/judgments/530332
530304|2025-05-09|SO|VII U 2945/24|Wyrok|40|https://www.saos.org.pl/judgments/530304
530993|2025-05-08|SO|IV U 1066/24|Wyrok|40|https://www.saos.org.pl/judgments/530993
530333|2025-05-08|SO|VII U 536/25|Wyrok|40|https://www.saos.org.pl/judgments/530333
530331|2025-05-08|SO|VII U 3769/24|Wyrok|40|https://www.saos.org.pl/judgments/530331
530329|2025-05-08|SO|VII U 3613/24|Wyrok|40|https://www.saos.org.pl/judgments/530329
530325|2025-05-08|SO|VII U 3510/24|Wyrok|40|https://www.saos.org.pl/judgments/530325
530319|2025-05-08|SO|VII U 3379/24|Wyrok|40|https://www.saos.org.pl/judgments/530319
528234|2025-05-08|SO|IV U 1046/24|Wyrok|40|https://www.saos.org.pl/judgments/528234
530324|2025-04-29|SO|VII U 3497/24|Wyrok|40|https://www.saos.org.pl/judgments/530324
530314|2025-04-29|SO|VII U 3270/24|Wyrok|40|https://www.saos.org.pl/judgments/530314
530290|2025-04-29|SO|VII U 234/25|Wyrok|40|https://www.saos.org.pl/judgments/530290
530327|2025-04-24|SO|VII U 3574/24|Wyrok|40|https://www.saos.org.pl/judgments/530327
530323|2025-04-24|SO|VII U 3457/24|Wyrok|40|https://www.saos.org.pl/judgments/530323
530318|2025-04-24|SO|VII U 3374/24|Wyrok|40|https://www.saos.org.pl/judgments/530318
530316|2025-04-24|SO|VII U 3312/24|Wyrok|40|https://www.saos.org.pl/judgments/530316
530313|2025-04-24|SO|VII U 3242/24|Wyrok|40|https://www.saos.org.pl/judgments/530313
530311|2025-04-24|SO|VII U 3173/24|Wyrok|40|https://www.saos.org.pl/judgments/530311
530310|2025-04-24|SO|VII U 3170/24|Wyrok|40|https://www.saos.org.pl/judgments/530310
530309|2025-04-24|SO|VII U 3153/24|Wyrok|40|https://www.saos.org.pl/judgments/530309
530303|2025-04-24|SO|VII U 2918/24|Wyrok|40|https://www.saos.org.pl/judgments/530303
530302|2025-04-24|SO|VII U 2912/24|Wyrok|40|https://www.saos.org.pl/judgments/530302
530298|2025-04-24|SO|VII U 2763/24|Wyrok|40|https://www.saos.org.pl/judgments/530298
530296|2025-04-24|SO|VII U 2720/24|Wyrok|40|https://www.saos.org.pl/judgments/530296
530293|2025-04-17|SO|VII U 2605/24|Wyrok|40|https://www.saos.org.pl/judgments/530293
530335|2025-04-14|SO|VII U 75/25|Wyrok|40|https://www.saos.org.pl/judgments/530335
530315|2025-04-14|SO|VII U 3277/24|Wyrok|40|https://www.saos.org.pl/judgments/530315
530308|2025-04-14|SO|VII U 3152/24|Wyrok|40|https://www.saos.org.pl/judgments/530308
530299|2025-04-14|SO|VII U 2880/24|Wyrok|40|https://www.saos.org.pl/judgments/530299
530297|2025-04-14|SO|VII U 2742/24|Wyrok|40|https://www.saos.org.pl/judgments/530297
530291|2025-04-14|SO|VII U 259/25|Wyrok|40|https://www.saos.org.pl/judgments/530291
527782|2025-04-14|SO|IV U 1104/24|Wyrok|40|https://www.saos.org.pl/judgments/527782
530295|2025-04-11|SO|VII U 266/25|Wyrok|40|https://www.saos.org.pl/judgments/530295
530292|2025-04-10|SO|VII U 2601/24|Wyrok|40|https://www.saos.org.pl/judgments/530292
525549|2025-04-07|SO|VII U 250/24|Wyrok|40|https://www.saos.org.pl/judgments/525549
530288|2025-04-04|SO|VII U 2252/24|Wyrok|40|https://www.saos.org.pl/judgments/530288
528076|2025-03-27|SO|IV U 1035/24|Wyrok|40|https://www.saos.org.pl/judgments/528076
530294|2025-03-20|SO|VII U 2627/24|Wyrok|40|https://www.saos.org.pl/judgments/530294
530326|2025-03-18|SO|VII U 3551/24|Wyrok|40|https://www.saos.org.pl/judgments/530326
525398|2025-03-14|SO|VII U 1462/24|Wyrok|40|https://www.saos.org.pl/judgments/525398
528506|2025-03-12|SO|IV U 56/25|Wyrok|40|https://www.saos.org.pl/judgments/528506
530312|2025-02-28|SO|VII U 3229/24|Wyrok|40|https://www.saos.org.pl/judgments/530312
530307|2025-02-28|SO|VII U 3137/24|Wyrok|40|https://www.saos.org.pl/judgments/530307
530306|2025-02-28|SO|VII U 3116/24|Wyrok|40|https://www.saos.org.pl/judgments/530306
522857|2025-02-07|SO|VII U 1413/23|Wyrok|40|https://www.saos.org.pl/judgments/522857
525040|2025-01-30|SO|IV U 928/24|Wyrok|40|https://www.saos.org.pl/judgments/525040
521928|2025-01-15|SO|IV U 1089/24|Wyrok|40|https://www.saos.org.pl/judgments/521928
522173|2025-01-14|SO|IV U 278/24|Wyrok|40|https://www.saos.org.pl/judgments/522173
521067|2025-01-10|SO|VII U 895/23|Wyrok|40|https://www.saos.org.pl/judgments/521067
531417|2024-12-18|SO|IV U 1195/24|Wyrok|40|https://www.saos.org.pl/judgments/531417
518717|2024-11-27|SO|VII U 481/24|Wyrok|40|https://www.saos.org.pl/judgments/518717
518718|2024-11-21|SO|VII U 510/23|Wyrok|40|https://www.saos.org.pl/judgments/518718
521028|2024-11-14|SO|IV U 320/24|Wyrok|40|https://www.saos.org.pl/judgments/521028
507464|2024-10-31|SO|III U 368/24|Wyrok|40|https://www.saos.org.pl/judgments/507464
515938|2024-10-16|SO|VII U 114/21|Wyrok|40|https://www.saos.org.pl/judgments/515938
521308|2024-08-20|SO|IV U 360/24|Wyrok|40|https://www.saos.org.pl/judgments/521308
512262|2024-08-20|SO|VII U 943/24|Wyrok|40|https://www.saos.org.pl/judgments/512262
512034|2024-07-26|SO|VII U 1758/23|Wyrok|40|https://www.saos.org.pl/judgments/512034
512168|2024-06-12|SO|VII U 576/19|Wyrok|40|https://www.saos.org.pl/judgments/512168
512012|2024-01-04|SO|VII U 162/23|Wyrok|40|https://www.saos.org.pl/judgments/512012
512153|2023-10-20|SO|VII U 508/23|Wyrok|40|https://www.saos.org.pl/judgments/512153
511910|2023-10-02|SO|VII U 1199/22|Wyrok|40|https://www.saos.org.pl/judgments/511910
512204|2023-09-19|SO|VII U 77/22|Wyrok|40|https://www.saos.org.pl/judgments/512204
492677|2023-06-07|SO|VII U 1756/21|Wyrok|40|https://www.saos.org.pl/judgments/492677
512223|2023-05-25|SO|VII U 84/22|Wyrok|40|https://www.saos.org.pl/judgments/512223
489765|2023-04-27|SO|VII U 1477/21|Wyrok|40|https://www.saos.org.pl/judgments/489765
492685|2023-04-24|SO|VII U 3888/19|Wyrok|40|https://www.saos.org.pl/judgments/492685
492698|2023-04-20|SO|VII U 756/22|Wyrok|40|https://www.saos.org.pl/judgments/492698
492701|2023-04-19|SO|VII U 833/22|Wyrok|40|https://www.saos.org.pl/judgments/492701
492673|2023-04-19|SO|VII U 1562/20|Wyrok|40|https://www.saos.org.pl/judgments/492673
492684|2023-03-16|SO|VII U 380/22|Wyrok|40|https://www.saos.org.pl/judgments/492684
484216|2023-01-23|SO|VII U 629/22|Wyrok|40|https://www.saos.org.pl/judgments/484216
480642|2022-11-22|SO|VII U 605/22|Wyrok|40|https://www.saos.org.pl/judgments/480642
479573|2022-11-07|SO|VII U 1546/21|Wyrok|40|https://www.saos.org.pl/judgments/479573
477265|2022-10-06|SO|VII U 595/22|Wyrok|40|https://www.saos.org.pl/judgments/477265
473316|2022-07-12|SO|VII U 299/21|Wyrok|40|https://www.saos.org.pl/judgments/473316
474122|2022-06-06|SO|VII U 1716/21|Wyrok|40|https://www.saos.org.pl/judgments/474122
469211|2022-05-10|SO|VII U 1614/20|Wyrok|40|https://www.saos.org.pl/judgments/469211
475927|2022-03-11|SO|VII U 1757/21|Wyrok|40|https://www.saos.org.pl/judgments/475927
463341|2022-01-31|SO|VII U 3894/19|Wyrok|40|https://www.saos.org.pl/judgments/463341
454241|2022-01-13|SO|VII U 850/21|Wyrok|40|https://www.saos.org.pl/judgments/454241
456207|2022-01-11|SO|VII U 896/21|Wyrok|40|https://www.saos.org.pl/judgments/456207
456188|2021-12-13|SO|VII U 1485/21|Wyrok|40|https://www.saos.org.pl/judgments/456188
454240|2021-12-01|SO|VII U 526/21|Wyrok|40|https://www.saos.org.pl/judgments/454240
455103|2021-11-30|SO|VII U 467/21|Wyrok|40|https://www.saos.org.pl/judgments/455103
453732|2021-11-23|SO|VII U 359/21|Wyrok|40|https://www.saos.org.pl/judgments/453732
454988|2021-11-17|SO|VII U 483/21|Wyrok|40|https://www.saos.org.pl/judgments/454988
453633|2021-11-03|SO|VII U 1108/21|Wyrok|40|https://www.saos.org.pl/judgments/453633
453075|2021-10-05|SO|VII U 637/21|Wyrok|40|https://www.saos.org.pl/judgments/453075
452186|2021-10-01|SO|VII U 444/21|Wyrok|40|https://www.saos.org.pl/judgments/452186
452130|2021-09-29|SO|VII U 437/19|Wyrok|40|https://www.saos.org.pl/judgments/452130
452123|2021-09-24|SO|VII U 162/21|Wyrok|40|https://www.saos.org.pl/judgments/452123
451324|2021-09-24|SO|VII U 1463/20|Wyrok|40|https://www.saos.org.pl/judgments/451324
448270|2021-07-05|SO|VII U 304/21|Wyrok|40|https://www.saos.org.pl/judgments/448270
447816|2021-06-22|SO|VII U 264/21|Wyrok|40|https://www.saos.org.pl/judgments/447816
448277|2021-05-17|SO|VII U 67/21|Wyrok|40|https://www.saos.org.pl/judgments/448277
447814|2021-05-06|SO|VII U 1080/20|Wyrok|40|https://www.saos.org.pl/judgments/447814
450102|2021-04-14|SO|VII U 4436/19|Wyrok|40|https://www.saos.org.pl/judgments/450102
512055|2021-03-31|SO|VII U 2450/20|Wyrok|40|https://www.saos.org.pl/judgments/512055
450095|2021-03-18|SO|VII U 2783/19|Wyrok|40|https://www.saos.org.pl/judgments/450095
447735|2021-02-22|SO|VII U 39/18|Wyrok|40|https://www.saos.org.pl/judgments/447735
448694|2021-01-27|SO|VII U 1305/20|Wyrok|40|https://www.saos.org.pl/judgments/448694
448631|2021-01-13|SO|VII U 4/20|Wyrok|40|https://www.saos.org.pl/judgments/448631
484763|2020-12-16|SO|IV U 2213/19|Wyrok|40|https://www.saos.org.pl/judgments/484763
448997|2020-12-14|SO|VII U 2691/19|Wyrok|40|https://www.saos.org.pl/judgments/448997
449424|2020-12-09|SO|VII U 3369/19|Wyrok|40|https://www.saos.org.pl/judgments/449424
448624|2020-11-24|SO|VII U 3901/19|Wyrok|40|https://www.saos.org.pl/judgments/448624
449659|2020-11-09|SO|VII U 4354/19|Wyrok|40|https://www.saos.org.pl/judgments/449659
447888|2020-06-16|SO|VII U 70/20|Wyrok|40|https://www.saos.org.pl/judgments/447888
416072|2020-06-04|SO|VII U 3857/19|Wyrok|40|https://www.saos.org.pl/judgments/416072
416068|2020-06-02|SO|VII U 3704/19|Wyrok|40|https://www.saos.org.pl/judgments/416068
416075|2020-05-28|SO|VII U 4548/19|Wyrok|40|https://www.saos.org.pl/judgments/416075
416066|2020-05-28|SO|VII U 3079/19|Wyrok|40|https://www.saos.org.pl/judgments/416066
416064|2020-05-26|SO|VII U 2068/19|Wyrok|40|https://www.saos.org.pl/judgments/416064
416065|2020-05-21|SO|VII U 2869/19|Wyrok|40|https://www.saos.org.pl/judgments/416065
414935|2020-05-21|SO|VII U 2880/19|Wyrok|40|https://www.saos.org.pl/judgments/414935
437777|2020-05-19|SO|IV U 374/20|Wyrok|40|https://www.saos.org.pl/judgments/437777
422462|2020-05-19|SO|V U 1042/19|Wyrok|40|https://www.saos.org.pl/judgments/422462
422466|2020-05-18|SO|V U 804/19|Wyrok|40|https://www.saos.org.pl/judgments/422466
414933|2020-05-07|SO|VII U 2704/19|Wyrok|40|https://www.saos.org.pl/judgments/414933
414934|2020-03-18|SO|VII U 2854/19|Wyrok|40|https://www.saos.org.pl/judgments/414934
412700|2020-03-18|SO|VII U 3595/19|Wyrok|40|https://www.saos.org.pl/judgments/412700
441637|2020-03-12|SO|VII U 4414/19|Wyrok|40|https://www.saos.org.pl/judgments/441637
441636|2020-03-09|SO|VII U 3831/19|Wyrok|40|https://www.saos.org.pl/judgments/441636
432939|2020-03-09|SO|VII U 3019/19|Wyrok|40|https://www.saos.org.pl/judgments/432939
441635|2020-02-28|SO|VII U 2972/19|Wyrok|40|https://www.saos.org.pl/judgments/441635
410184|2020-02-28|SO|IV U 1105/19|Wyrok|40|https://www.saos.org.pl/judgments/410184
409897|2020-02-28|SO|VII U 2954/19|Wyrok|40|https://www.saos.org.pl/judgments/409897
409756|2020-02-28|SO|IV U 1354/19|Wyrok|40|https://www.saos.org.pl/judgments/409756
409755|2020-02-28|SO|IV U 1021/19|Wyrok|40|https://www.saos.org.pl/judgments/409755
409428|2020-02-28|SO|IV U 976/19|Wyrok|40|https://www.saos.org.pl/judgments/409428
409427|2020-02-28|SO|IV U 1034/19|Wyrok|40|https://www.saos.org.pl/judgments/409427
408853|2020-02-28|SO|IV U 1081/19|Wyrok|40|https://www.saos.org.pl/judgments/408853
409974|2020-02-20|SO|VII U 4118/19|Wyrok|40|https://www.saos.org.pl/judgments/409974
409369|2020-02-14|SO|IV U 854/19|Wyrok|40|https://www.saos.org.pl/judgments/409369
408854|2020-02-14|SO|IV U 1086/19|Wyrok|40|https://www.saos.org.pl/judgments/408854
408634|2020-02-14|SO|IV U 494/19|Wyrok|40|https://www.saos.org.pl/judgments/408634
409791|2020-02-13|SO|VII U 4267/19|Wyrok|40|https://www.saos.org.pl/judgments/409791
409896|2020-02-12|SO|VII U 2745/19|Wyrok|40|https://www.saos.org.pl/judgments/409896
406155|2020-02-12|SO|IV U 1670/19|Wyrok|40|https://www.saos.org.pl/judgments/406155
409794|2020-02-10|SO|VII U 4728/19|Wyrok|40|https://www.saos.org.pl/judgments/409794
409505|2020-02-10|SO|VII U 4635/19|Wyrok|40|https://www.saos.org.pl/judgments/409505
409132|2020-02-07|SO|VII U 3830/19|Wyrok|40|https://www.saos.org.pl/judgments/409132
404789|2020-02-05|SO|IV U 513/19|Wyrok|40|https://www.saos.org.pl/judgments/404789
409758|2020-01-31|SO|IV U 1373/19|Wyrok|40|https://www.saos.org.pl/judgments/409758
409123|2020-01-27|SO|VII U 2969/19|Wyrok|40|https://www.saos.org.pl/judgments/409123
409122|2020-01-27|SO|VII U 2813/19|Wyrok|40|https://www.saos.org.pl/judgments/409122
409506|2020-01-22|SO|VII U 4673/19|Wyrok|40|https://www.saos.org.pl/judgments/409506
409438|2020-01-22|SO|VII U 2598/19|Wyrok|40|https://www.saos.org.pl/judgments/409438
408872|2020-01-22|SO|VII U 3705/19|Wyrok|40|https://www.saos.org.pl/judgments/408872
408868|2020-01-22|SO|VII U 2720/19|Wyrok|40|https://www.saos.org.pl/judgments/408868
409441|2020-01-21|SO|VII U 3069/19|Wyrok|40|https://www.saos.org.pl/judgments/409441
409124|2020-01-21|SO|VII U 3015/19|Wyrok|40|https://www.saos.org.pl/judgments/409124
409898|2020-01-20|SO|VII U 2986/19|Wyrok|40|https://www.saos.org.pl/judgments/409898
409502|2020-01-20|SO|VII U 3689/19|Wyrok|40|https://www.saos.org.pl/judgments/409502
409501|2020-01-20|SO|VII U 3025/19|Wyrok|40|https://www.saos.org.pl/judgments/409501
409443|2020-01-20|SO|VII U 3818/19|Wyrok|40|https://www.saos.org.pl/judgments/409443
409442|2020-01-20|SO|VII U 3657/19|Wyrok|40|https://www.saos.org.pl/judgments/409442
409440|2020-01-20|SO|VII U 3020/19|Wyrok|40|https://www.saos.org.pl/judgments/409440
409128|2020-01-20|SO|VII U 3726/19|Wyrok|40|https://www.saos.org.pl/judgments/409128
409127|2020-01-20|SO|VII U 3723/19|Wyrok|40|https://www.saos.org.pl/judgments/409127
409126|2020-01-20|SO|VII U 3690/19|Wyrok|40|https://www.saos.org.pl/judgments/409126
409125|2020-01-20|SO|VII U 3660/19|Wyrok|40|https://www.saos.org.pl/judgments/409125
409759|2020-01-17|SO|IV U 1410/19|Wyrok|40|https://www.saos.org.pl/judgments/409759
408863|2020-01-17|SO|VII U 1310/19|Wyrok|40|https://www.saos.org.pl/judgments/408863
408635|2020-01-17|SO|IV U 912/19|Wyrok|40|https://www.saos.org.pl/judgments/408635
408486|2020-01-17|SO|IV U 979/19|Wyrok|40|https://www.saos.org.pl/judgments/408486
405908|2020-01-17|SO|IV U 907/19|Wyrok|40|https://www.saos.org.pl/judgments/405908
404799|2020-01-17|SO|IV U 971/19|Wyrok|40|https://www.saos.org.pl/judgments/404799
404796|2020-01-17|SO|IV U 910/19|Wyrok|40|https://www.saos.org.pl/judgments/404796
408737|2020-01-15|SO|VII U 3670/19|Wyrok|40|https://www.saos.org.pl/judgments/408737
404768|2020-01-15|SO|IV U 1429/19|Wyrok|40|https://www.saos.org.pl/judgments/404768
402375|2020-01-15|SO|IV U 1504/19|Wyrok|40|https://www.saos.org.pl/judgments/402375
409133|2020-01-14|SO|VII U 4432/19|Wyrok|40|https://www.saos.org.pl/judgments/409133
408736|2020-01-14|SO|VII U 3593/19|Wyrok|40|https://www.saos.org.pl/judgments/408736
409135|2020-01-13|SO|VII U 4604/19|Wyrok|40|https://www.saos.org.pl/judgments/409135
408875|2020-01-13|SO|VII U 4302/19|Wyrok|40|https://www.saos.org.pl/judgments/408875
408855|2020-01-10|SO|IV U 1176/19|Wyrok|40|https://www.saos.org.pl/judgments/408855
408800|2020-01-10|SO|IV U 496/19|Wyrok|40|https://www.saos.org.pl/judgments/408800
405907|2020-01-10|SO|IV U 671/19|Wyrok|40|https://www.saos.org.pl/judgments/405907
405499|2020-01-10|SO|IV U 688/19|Wyrok|40|https://www.saos.org.pl/judgments/405499
405265|2020-01-10|SO|IV U 958/19|Wyrok|40|https://www.saos.org.pl/judgments/405265
404933|2020-01-10|SO|IV U 456/19|Wyrok|40|https://www.saos.org.pl/judgments/404933
408870|2020-01-09|SO|VII U 2828/19|Wyrok|40|https://www.saos.org.pl/judgments/408870
408865|2020-01-09|SO|VII U 2604/19|Wyrok|40|https://www.saos.org.pl/judgments/408865
408731|2020-01-09|SO|VII U 2594/19|Wyrok|40|https://www.saos.org.pl/judgments/408731
408562|2020-01-09|SO|VII U 2804/19|Wyrok|40|https://www.saos.org.pl/judgments/408562
408561|2020-01-09|SO|VII U 2654/19|Wyrok|40|https://www.saos.org.pl/judgments/408561
402371|2020-01-09|SO|IV U 1329/19|Wyrok|40|https://www.saos.org.pl/judgments/402371
402368|2020-01-09|SO|IV U 1252/19|Wyrok|40|https://www.saos.org.pl/judgments/402368
409131|2020-01-08|SO|VII U 3770/19|Wyrok|40|https://www.saos.org.pl/judgments/409131
402441|2020-01-03|SO|III U 630/19|Wyrok|40|https://www.saos.org.pl/judgments/402441
409121|2019-12-23|SO|VII U 2650/19|Wyrok|40|https://www.saos.org.pl/judgments/409121
403204|2019-12-20|SO|IV U 1386/19|Wyrok|40|https://www.saos.org.pl/judgments/403204
403131|2019-12-20|SO|IV U 1353/19|Wyrok|40|https://www.saos.org.pl/judgments/403131
402736|2019-12-20|SO|IV U 1428/19|Wyrok|40|https://www.saos.org.pl/judgments/402736
408862|2019-12-18|SO|VII U 1294/19|Wyrok|40|https://www.saos.org.pl/judgments/408862
408572|2019-12-18|SO|VII U 4173/19|Wyrok|40|https://www.saos.org.pl/judgments/408572
402562|2019-12-18|SO|IV U 1372/19|Wyrok|40|https://www.saos.org.pl/judgments/402562
402443|2019-12-18|SO|IV U 1220/19|Wyrok|40|https://www.saos.org.pl/judgments/402443
402370|2019-12-18|SO|IV U 1328/19|Wyrok|40|https://www.saos.org.pl/judgments/402370
401348|2019-12-18|SO|IV U 1366/19|Wyrok|40|https://www.saos.org.pl/judgments/401348
408569|2019-12-17|SO|VII U 3684/19|Wyrok|40|https://www.saos.org.pl/judgments/408569
408869|2019-12-16|SO|VII U 2796/19|Wyrok|40|https://www.saos.org.pl/judgments/408869
405498|2019-12-13|SO|IV U 1074/19|Wyrok|40|https://www.saos.org.pl/judgments/405498
401345|2019-12-12|SO|IV U 1257/19|Wyrok|40|https://www.saos.org.pl/judgments/401345
399042|2019-12-12|SO|III U 522/19|Wyrok|40|https://www.saos.org.pl/judgments/399042
408734|2019-12-10|SO|VII U 2979/19|Wyrok|40|https://www.saos.org.pl/judgments/408734
408211|2019-12-10|SO|VII U 3899/19|Wyrok|40|https://www.saos.org.pl/judgments/408211
408205|2019-12-10|SO|VII U 2052/19|Wyrok|40|https://www.saos.org.pl/judgments/408205
407940|2019-12-10|SO|VII U 3847/19|Wyrok|40|https://www.saos.org.pl/judgments/407940
407937|2019-12-06|SO|VII U 3270/19|Wyrok|40|https://www.saos.org.pl/judgments/407937
403132|2019-12-06|SO|IV U 511/19|Wyrok|40|https://www.saos.org.pl/judgments/403132
402252|2019-12-06|SO|IV U 886/19|Wyrok|40|https://www.saos.org.pl/judgments/402252
401972|2019-12-06|SO|IV U 1142/19|Wyrok|40|https://www.saos.org.pl/judgments/401972
400597|2019-12-06|SO|IV U 935/19|Wyrok|40|https://www.saos.org.pl/judgments/400597
399371|2019-12-06|SO|IV U 564/19|Wyrok|40|https://www.saos.org.pl/judgments/399371
407936|2019-12-05|SO|VII U 2870/19|Wyrok|40|https://www.saos.org.pl/judgments/407936
401340|2019-12-05|SO|IV U 1217/19|Wyrok|40|https://www.saos.org.pl/judgments/401340
401316|2019-12-05|SO|IV U 1044/19|Wyrok|40|https://www.saos.org.pl/judgments/401316
407935|2019-12-03|SO|VII U 2826/19|Wyrok|40|https://www.saos.org.pl/judgments/407935
408732|2019-12-02|SO|VII U 2711/19|Wyrok|40|https://www.saos.org.pl/judgments/408732
408564|2019-12-02|SO|VII U 2879/19|Wyrok|40|https://www.saos.org.pl/judgments/408564
399372|2019-12-02|SO|IV U 599/19|Wyrok|40|https://www.saos.org.pl/judgments/399372
408210|2019-11-29|SO|VII U 3597/19|Wyrok|40|https://www.saos.org.pl/judgments/408210
408209|2019-11-29|SO|VII U 3261/19|Wyrok|40|https://www.saos.org.pl/judgments/408209
407939|2019-11-29|SO|VII U 3652/19|Wyrok|40|https://www.saos.org.pl/judgments/407939
407863|2019-11-28|SO|VII U 3895/19|Wyrok|40|https://www.saos.org.pl/judgments/407863
401339|2019-11-28|SO|IV U 1201/19|Wyrok|40|https://www.saos.org.pl/judgments/401339
401338|2019-11-28|SO|IV U 1198/19|Wyrok|40|https://www.saos.org.pl/judgments/401338
401333|2019-11-28|SO|IV U 1175/19|Wyrok|40|https://www.saos.org.pl/judgments/401333
401347|2019-11-27|SO|IV U 1281/19|Wyrok|40|https://www.saos.org.pl/judgments/401347
408207|2019-11-22|SO|VII U 2912/19|Wyrok|40|https://www.saos.org.pl/judgments/408207
408563|2019-11-21|SO|VII U 2836/19|Wyrok|40|https://www.saos.org.pl/judgments/408563
402373|2019-11-21|SO|IV U 1382/19|Wyrok|40|https://www.saos.org.pl/judgments/402373
401335|2019-11-21|SO|IV U 1178/19|Wyrok|40|https://www.saos.org.pl/judgments/401335
401346|2019-11-20|SO|IV U 1270/19|Wyrok|40|https://www.saos.org.pl/judgments/401346
401343|2019-11-20|SO|IV U 1250/19|Wyrok|40|https://www.saos.org.pl/judgments/401343
401342|2019-11-20|SO|IV U 1248/19|Wyrok|40|https://www.saos.org.pl/judgments/401342
401334|2019-11-20|SO|IV U 1176/19|Wyrok|40|https://www.saos.org.pl/judgments/401334
401322|2019-11-20|SO|IV U 1092/19|Wyrok|40|https://www.saos.org.pl/judgments/401322
406537|2019-11-18|SO|VII U 1043/19|Wyrok|40|https://www.saos.org.pl/judgments/406537
408557|2019-11-14|SO|VII U 1289/19|Wyrok|40|https://www.saos.org.pl/judgments/408557
408204|2019-11-14|SO|VII U 1447/19|Wyrok|40|https://www.saos.org.pl/judgments/408204
407934|2019-11-14|SO|VII U 2785/19|Wyrok|40|https://www.saos.org.pl/judgments/407934
406823|2019-11-14|SO|VII U 3075/19|Wyrok|40|https://www.saos.org.pl/judgments/406823
401315|2019-11-14|SO|IV U 1042/19|Wyrok|40|https://www.saos.org.pl/judgments/401315
409895|2019-11-12|SO|VII U 2706/19|Wyrok|40|https://www.saos.org.pl/judgments/409895
409130|2019-11-12|SO|VII U 3766/19|Wyrok|40|https://www.saos.org.pl/judgments/409130
408735|2019-11-12|SO|VII U 2993/19|Wyrok|40|https://www.saos.org.pl/judgments/408735
408733|2019-11-12|SO|VII U 2833/19|Wyrok|40|https://www.saos.org.pl/judgments/408733
408565|2019-11-07|SO|VII U 2903/19|Wyrok|40|https://www.saos.org.pl/judgments/408565
401330|2019-11-07|SO|IV U 1143/19|Wyrok|40|https://www.saos.org.pl/judgments/401330
401328|2019-11-07|SO|IV U 1130/19|Wyrok|40|https://www.saos.org.pl/judgments/401328
401327|2019-11-07|SO|IV U 1122/19|Wyrok|40|https://www.saos.org.pl/judgments/401327
401325|2019-11-07|SO|IV U 1108/19|Wyrok|40|https://www.saos.org.pl/judgments/401325
401329|2019-11-06|SO|IV U 1133/19|Wyrok|40|https://www.saos.org.pl/judgments/401329
401326|2019-11-06|SO|IV U 1117/19|Wyrok|40|https://www.saos.org.pl/judgments/401326
401324|2019-11-06|SO|IV U 1105/19|Wyrok|40|https://www.saos.org.pl/judgments/401324
401323|2019-11-06|SO|IV U 1104/19|Wyrok|40|https://www.saos.org.pl/judgments/401323
401318|2019-11-06|SO|IV U 1048/19|Wyrok|40|https://www.saos.org.pl/judgments/401318
401317|2019-11-06|SO|IV U 1047/19|Wyrok|40|https://www.saos.org.pl/judgments/401317
408206|2019-11-05|SO|VII U 2832/19|Wyrok|40|https://www.saos.org.pl/judgments/408206
401321|2019-10-31|SO|IV U 1079/19|Wyrok|40|https://www.saos.org.pl/judgments/401321
401314|2019-10-31|SO|IV U 1038/19|Wyrok|40|https://www.saos.org.pl/judgments/401314
401319|2019-10-30|SO|IV U 1057/19|Wyrok|40|https://www.saos.org.pl/judgments/401319
407860|2019-10-28|SO|VII U 2841/19|Wyrok|40|https://www.saos.org.pl/judgments/407860
406822|2019-10-28|SO|VII U 2829/19|Wyrok|40|https://www.saos.org.pl/judgments/406822
400434|2019-10-28|SO|V U 365/19|Wyrok|40|https://www.saos.org.pl/judgments/400434
400433|2019-10-28|SO|V U 357/19|Wyrok|40|https://www.saos.org.pl/judgments/400433
400432|2019-10-28|SO|V U 336/19|Wyrok|40|https://www.saos.org.pl/judgments/400432
399443|2019-10-28|SO|V U 363/19|Wyrok|40|https://www.saos.org.pl/judgments/399443
399441|2019-10-28|SO|V U 343/19|Wyrok|40|https://www.saos.org.pl/judgments/399441
399437|2019-10-28|SO|V U 335/19|Wyrok|40|https://www.saos.org.pl/judgments/399437
401313|2019-10-24|SO|IV U 1033/19|Wyrok|40|https://www.saos.org.pl/judgments/401313
401311|2019-10-24|SO|IV U 1029/19|Wyrok|40|https://www.saos.org.pl/judgments/401311
402571|2019-10-23|SO|IV U 985/19|Wyrok|40|https://www.saos.org.pl/judgments/402571
401312|2019-10-23|SO|IV U 1031/19|Wyrok|40|https://www.saos.org.pl/judgments/401312
399442|2019-10-23|SO|V U 346/19|Wyrok|40|https://www.saos.org.pl/judgments/399442
407938|2019-10-22|SO|VII U 3592/19|Wyrok|40|https://www.saos.org.pl/judgments/407938
406357|2019-10-21|SO|VII U 2590/19|Wyrok|40|https://www.saos.org.pl/judgments/406357
406429|2019-10-18|SO|VII U 2725/19|Wyrok|40|https://www.saos.org.pl/judgments/406429
394576|2019-10-18|SO|III U 428/19|Wyrok|40|https://www.saos.org.pl/judgments/394576
394575|2019-10-18|SO|III U 427/19|Wyrok|40|https://www.saos.org.pl/judgments/394575
408566|2019-10-17|SO|VII U 3061/19|Wyrok|40|https://www.saos.org.pl/judgments/408566
406658|2019-10-17|SO|VII U 1779/19|Wyrok|40|https://www.saos.org.pl/judgments/406658
406431|2019-10-17|SO|VII U 2737/19|Wyrok|40|https://www.saos.org.pl/judgments/406431
399102|2019-10-17|SO|VII U 904/19|Wyrok|40|https://www.saos.org.pl/judgments/399102
407859|2019-10-16|SO|VII U 2815/19|Wyrok|40|https://www.saos.org.pl/judgments/407859
406430|2019-10-16|SO|VII U 2733/19|Wyrok|40|https://www.saos.org.pl/judgments/406430
399440|2019-10-16|SO|V U 341/19|Wyrok|40|https://www.saos.org.pl/judgments/399440
399439|2019-10-16|SO|V U 340/19|Wyrok|40|https://www.saos.org.pl/judgments/399439
394238|2019-10-16|SO|IV U 949/19|Wyrok|40|https://www.saos.org.pl/judgments/394238
394237|2019-10-16|SO|IV U 948/19|Wyrok|40|https://www.saos.org.pl/judgments/394237
405260|2019-10-15|SO|IV U 733/19|Wyrok|40|https://www.saos.org.pl/judgments/405260
399438|2019-10-14|SO|V U 339/19|Wyrok|40|https://www.saos.org.pl/judgments/399438
399436|2019-10-14|SO|V U 328/19|Wyrok|40|https://www.saos.org.pl/judgments/399436
406359|2019-10-11|SO|VII U 2664/19|Wyrok|40|https://www.saos.org.pl/judgments/406359
399435|2019-10-09|SO|V U 324/19|Wyrok|40|https://www.saos.org.pl/judgments/399435
399434|2019-10-07|SO|V U 312/19|Wyrok|40|https://www.saos.org.pl/judgments/399434
399433|2019-10-07|SO|V U 310/19|Wyrok|40|https://www.saos.org.pl/judgments/399433
399432|2019-10-07|SO|V U 309/19|Wyrok|40|https://www.saos.org.pl/judgments/399432
399431|2019-10-07|SO|V U 308/19|Wyrok|40|https://www.saos.org.pl/judgments/399431
399430|2019-10-07|SO|V U 306/19|Wyrok|40|https://www.saos.org.pl/judgments/399430
399429|2019-10-07|SO|V U 305/19|Wyrok|40|https://www.saos.org.pl/judgments/399429
394429|2019-10-04|SO|IV U 737/19|Wyrok|40|https://www.saos.org.pl/judgments/394429
406363|2019-10-02|SO|VII U 3583/19|Wyrok|40|https://www.saos.org.pl/judgments/406363
406360|2019-10-01|SO|VII U 2708/19|Wyrok|40|https://www.saos.org.pl/judgments/406360
406358|2019-10-01|SO|VII U 2637/19|Wyrok|40|https://www.saos.org.pl/judgments/406358
398431|2019-09-30|SO|IV U 1174/19|Wyrok|40|https://www.saos.org.pl/judgments/398431
396208|2019-09-26|SO|IV U 551/19|Wyrok|40|https://www.saos.org.pl/judgments/396208
396207|2019-09-26|SO|IV U 536/19|Wyrok|40|https://www.saos.org.pl/judgments/396207
405411|2019-09-20|SO|VII U 3729/19|Wyrok|40|https://www.saos.org.pl/judgments/405411
406365|2019-09-19|SO|VII U 3751/19|Wyrok|40|https://www.saos.org.pl/judgments/406365
394219|2019-09-19|SO|IV U 696/19|Wyrok|40|https://www.saos.org.pl/judgments/394219
397966|2019-09-17|SO|IV U 830/19|Wyrok|40|https://www.saos.org.pl/judgments/397966
392038|2019-09-12|SO|III U 321/19|Wyrok|40|https://www.saos.org.pl/judgments/392038
394200|2019-09-11|SO|IV U 474/19|Wyrok|40|https://www.saos.org.pl/judgments/394200
405402|2019-08-22|SO|VII U 2061/19|Wyrok|40|https://www.saos.org.pl/judgments/405402
402566|2019-08-22|SO|IV U 534/19|Wyrok|40|https://www.saos.org.pl/judgments/402566
402569|2019-08-21|SO|IV U 660/19|Wyrok|40|https://www.saos.org.pl/judgments/402569
405407|2019-08-14|SO|VII U 2908/19|Wyrok|40|https://www.saos.org.pl/judgments/405407
405405|2019-08-14|SO|VII U 2872/19|Wyrok|40|https://www.saos.org.pl/judgments/405405
405283|2019-08-12|SO|VII U 2962/19|Wyrok|40|https://www.saos.org.pl/judgments/405283
405281|2019-08-12|SO|VII U 2702/19|Wyrok|40|https://www.saos.org.pl/judgments/405281
405401|2019-08-06|SO|VII U 2060/19|Wyrok|40|https://www.saos.org.pl/judgments/405401
405393|2019-08-06|SO|VII U 1167/18|Wyrok|40|https://www.saos.org.pl/judgments/405393
402737|2019-08-05|SO|IV U 452/19|Wyrok|40|https://www.saos.org.pl/judgments/402737
401989|2019-08-01|SO|VII U 2608/19|Wyrok|40|https://www.saos.org.pl/judgments/401989
394098|2019-07-31|SO|IV U 1314/19|Wyrok|40|https://www.saos.org.pl/judgments/394098
390868|2019-07-31|SO|III U 195/19|Wyrok|40|https://www.saos.org.pl/judgments/390868
405277|2019-07-17|SO|VII U 1309/19|Wyrok|40|https://www.saos.org.pl/judgments/405277
401819|2019-06-25|SO|VII U 1149/19|Wyrok|40|https://www.saos.org.pl/judgments/401819
384580|2019-06-25|SO|III U 211/19|Wyrok|40|https://www.saos.org.pl/judgments/384580
384579|2019-06-25|SO|III U 209/19|Wyrok|40|https://www.saos.org.pl/judgments/384579
384578|2019-06-25|SO|III U 203/19|Wyrok|40|https://www.saos.org.pl/judgments/384578
459952|2019-05-29|SO|IV U 1351/18|Wyrok|40|https://www.saos.org.pl/judgments/459952
397985|2019-05-27|SO|VII U 1417/18|Wyrok|40|https://www.saos.org.pl/judgments/397985
389486|2019-02-22|SO|VII U 1500/18|Wyrok|40|https://www.saos.org.pl/judgments/389486
379513|2019-02-20|SO|IV U 766/18|Wyrok|40|https://www.saos.org.pl/judgments/379513
387358|2019-02-08|SO|VII U 1507/18|Wyrok|40|https://www.saos.org.pl/judgments/387358
432473|2018-12-19|SO|IV U 1457/17|Wyrok|40|https://www.saos.org.pl/judgments/432473
386696|2018-12-18|SO|VII U 1093/18|Wyrok|40|https://www.saos.org.pl/judgments/386696
421506|2018-11-21|SO|IV U 1054/18|Wyrok|40|https://www.saos.org.pl/judgments/421506
372485|2018-11-13|SO|IV U 1573/17|Wyrok|40|https://www.saos.org.pl/judgments/372485
375896|2018-10-29|SO|VII U 1555/17|Wyrok|40|https://www.saos.org.pl/judgments/375896
376072|2018-10-22|SO|VII U 710/18|Wyrok|40|https://www.saos.org.pl/judgments/376072
365627|2018-10-03|SO|IV U 590/18|Wyrok|40|https://www.saos.org.pl/judgments/365627
358118|2018-07-18|SO|V U 634/17|Wyrok|40|https://www.saos.org.pl/judgments/358118
347722|2018-06-13|SO|V U 226/18|Wyrok|40|https://www.saos.org.pl/judgments/347722
375830|2018-05-25|SO|VII U 119/17|Wyrok|40|https://www.saos.org.pl/judgments/375830
348899|2018-05-16|SO|IV U 255/18|Wyrok|40|https://www.saos.org.pl/judgments/348899
368600|2018-04-18|SO|IV U 298/18|Wyrok|40|https://www.saos.org.pl/judgments/368600
336782|2018-03-28|SO|IV U 1062/17|Wyrok|40|https://www.saos.org.pl/judgments/336782
372486|2018-02-20|SO|IV U 1659/17|Wyrok|40|https://www.saos.org.pl/judgments/372486
333647|2018-02-14|SO|IV U 1664/17|Wyrok|40|https://www.saos.org.pl/judgments/333647
333281|2018-02-13|SO|IV U 649/17|Wyrok|40|https://www.saos.org.pl/judgments/333281
333529|2018-01-24|SO|VII U 885/15|Wyrok|40|https://www.saos.org.pl/judgments/333529
328986|2018-01-23|SO|V U 958/17|Wyrok|40|https://www.saos.org.pl/judgments/328986
336599|2017-12-15|SO|IV U 1373/17|Wyrok|40|https://www.saos.org.pl/judgments/336599
329828|2017-12-12|SO|IV U 986/16|Wyrok|40|https://www.saos.org.pl/judgments/329828
322414|2017-12-12|SO|V U 493/17|Wyrok|40|https://www.saos.org.pl/judgments/322414
324179|2017-11-21|SO|VII U 1725/16|Wyrok|40|https://www.saos.org.pl/judgments/324179
311827|2017-10-19|SO|IV U 74/17|Wyrok|40|https://www.saos.org.pl/judgments/311827
319739|2017-10-12|SO|VII U 867/17|Wyrok|40|https://www.saos.org.pl/judgments/319739
316757|2017-10-11|SO|V U 300/17|Wyrok|40|https://www.saos.org.pl/judgments/316757
310674|2017-09-19|SO|IV U 692/17|Wyrok|40|https://www.saos.org.pl/judgments/310674
379386|2017-09-13|SO|IV U 1337/16|Wyrok|40|https://www.saos.org.pl/judgments/379386
368595|2017-08-23|SO|IV U 1209/16|Wyrok|40|https://www.saos.org.pl/judgments/368595
315024|2017-08-22|SO|VII U 443/17|Wyrok|40|https://www.saos.org.pl/judgments/315024
315001|2017-08-10|SO|VII U 1530/16|Wyrok|40|https://www.saos.org.pl/judgments/315001
297502|2017-08-03|SO|IV U 404/17|Wyrok|40|https://www.saos.org.pl/judgments/297502
363808|2017-04-25|SO|IV U 839/16|Wyrok|40|https://www.saos.org.pl/judgments/363808
306720|2017-04-18|SO|VII U 9/17|Wyrok|40|https://www.saos.org.pl/judgments/306720
285703|2017-03-22|SO|IV U 1110/16|Wyrok|40|https://www.saos.org.pl/judgments/285703
277853|2017-02-24|SO|IV U 875/16|Wyrok|40|https://www.saos.org.pl/judgments/277853
277852|2017-02-08|SO|IV U 612/16|Wyrok|40|https://www.saos.org.pl/judgments/277852
272973|2017-01-27|SO|VII U 1473/16|Wyrok|40|https://www.saos.org.pl/judgments/272973
341620|2016-12-09|SO|IV U 898/16|Wyrok|40|https://www.saos.org.pl/judgments/341620
316671|2016-11-03|SO|IV U 899/16|Wyrok|40|https://www.saos.org.pl/judgments/316671
257694|2016-10-25|SO|V U 851/16|Wyrok|40|https://www.saos.org.pl/judgments/257694
259258|2016-10-20|SO|VII U 865/16|Wyrok|40|https://www.saos.org.pl/judgments/259258
256689|2016-09-08|SO|VII U 1662/15|Wyrok|40|https://www.saos.org.pl/judgments/256689
248421|2016-08-17|SO|IV U 361/16|Wyrok|40|https://www.saos.org.pl/judgments/248421
240539|2016-07-05|SO|V U 798/15|Wyrok|40|https://www.saos.org.pl/judgments/240539
247817|2016-06-28|SO|VII U 972/15|Wyrok|40|https://www.saos.org.pl/judgments/247817
237018|2016-06-21|SO|V U 533/16|Wyrok|40|https://www.saos.org.pl/judgments/237018
236777|2016-06-17|SO|V U 434/16|Wyrok|40|https://www.saos.org.pl/judgments/236777
236565|2016-05-31|SO|V U 359/16|Wyrok|40|https://www.saos.org.pl/judgments/236565
236312|2016-05-10|SO|V U 188/16|Wyrok|40|https://www.saos.org.pl/judgments/236312
236309|2016-05-10|SO|V U 1262/15|Wyrok|40|https://www.saos.org.pl/judgments/236309
221733|2016-04-27|SO|VII U 1663/15|Wyrok|40|https://www.saos.org.pl/judgments/221733
327278|2016-04-26|SO|IV U 281/16|Wyrok|40|https://www.saos.org.pl/judgments/327278
217027|2016-03-31|SO|VII U 1391/15|Wyrok|40|https://www.saos.org.pl/judgments/217027
226864|2016-02-24|SO|VII U 1424/15|Wyrok|40|https://www.saos.org.pl/judgments/226864
213603|2016-01-29|SO|VII U 1749/14|Wyrok|40|https://www.saos.org.pl/judgments/213603
203447|2015-12-15|SO|V U 889/15|Wyrok|40|https://www.saos.org.pl/judgments/203447
211096|2015-12-08|SO|IV U 1384/15|Wyrok|40|https://www.saos.org.pl/judgments/211096
194985|2015-11-17|SO|V U 832/15|Wyrok|40|https://www.saos.org.pl/judgments/194985
187367|2015-09-22|SO|V U 482/15|Wyrok|40|https://www.saos.org.pl/judgments/187367
177255|2015-07-06|SO|V U 110/15|Wyrok|40|https://www.saos.org.pl/judgments/177255
153486|2015-01-28|SO|V U 2817/14|Wyrok|40|https://www.saos.org.pl/judgments/153486
128162|2015-01-13|SO|V U 2633/14|Wyrok|40|https://www.saos.org.pl/judgments/128162
151790|2014-12-09|SO|V U 2632/14|Wyrok|40|https://www.saos.org.pl/judgments/151790
151789|2014-12-09|SO|V U 2613/14|Wyrok|40|https://www.saos.org.pl/judgments/151789
151788|2014-12-09|SO|V U 2612/14|Wyrok|40|https://www.saos.org.pl/judgments/151788
74665|2014-11-25|SO|V U 2609/14|Wyrok|40|https://www.saos.org.pl/judgments/74665
47401|2014-04-14|SO|V U 1657/13|Wyrok|40|https://www.saos.org.pl/judgments/47401
45324|2014-02-26|SO|V U 857/13|Wyrok|40|https://www.saos.org.pl/judgments/45324
542943|2026-02-11|SO|IV U 20/26|Uzasadnienie|27|https://www.saos.org.pl/judgments/542943
542275|2026-01-29|SO|IV U 404/25|Uzasadnienie|27|https://www.saos.org.pl/judgments/542275
542824|2025-12-19|SO|VIII U 1443/25|Uzasadnienie|27|https://www.saos.org.pl/judgments/542824
542661|2025-12-17|SO|VIII U 2316/24|Uzasadnienie|27|https://www.saos.org.pl/judgments/542661
542668|2025-12-15|SO|VIII U 2594/24|Uzasadnienie|27|https://www.saos.org.pl/judgments/542668
542595|2025-12-15|SO|VIII U 2443/25|Uzasadnienie|27|https://www.saos.org.pl/judgments/542595
535298|2025-09-11|SO|VIII U 1965/25|Uzasadnienie|27|https://www.saos.org.pl/judgments/535298
535294|2025-09-03|SO|VIII U 1394/25|Uzasadnienie|27|https://www.saos.org.pl/judgments/535294
535293|2025-09-03|SO|VIII U 1392/25|Uzasadnienie|27|https://www.saos.org.pl/judgments/535293
535110|2025-08-26|SO|VIII U 2887/24|Uzasadnienie|27|https://www.saos.org.pl/judgments/535110
535941|2025-08-07|SO|IV U 576/25|Uzasadnienie|27|https://www.saos.org.pl/judgments/535941
534934|2025-08-05|SO|IV U 555/25|Uzasadnienie|27|https://www.saos.org.pl/judgments/534934
534842|2025-08-05|SO|IV U 683/25|Uzasadnienie|27|https://www.saos.org.pl/judgments/534842
535211|2025-07-21|SO|VIII U 253/25|Uzasadnienie|27|https://www.saos.org.pl/judgments/535211
535410|2025-06-27|SO|VIII U 1063/25|Uzasadnienie|27|https://www.saos.org.pl/judgments/535410
535594|2025-06-20|SO|VIII U 990/25|Uzasadnienie|27|https://www.saos.org.pl/judgments/535594
533833|2025-06-17|SO|VIII U 431/25|Uzasadnienie|27|https://www.saos.org.pl/judgments/533833
533799|2025-06-13|SO|VIII U 1020/25|Uzasadnienie|27|https://www.saos.org.pl/judgments/533799
534101|2025-06-04|SO|VIII U 534/25|Uzasadnienie|27|https://www.saos.org.pl/judgments/534101
534967|2025-06-02|SO|VIII U 905/25|Uzasadnienie|27|https://www.saos.org.pl/judgments/534967
534919|2025-06-02|SO|VIII U 967/25|Uzasadnienie|27|https://www.saos.org.pl/judgments/534919
534345|2025-05-27|SO|VIII U 720/25|Uzasadnienie|27|https://www.saos.org.pl/judgments/534345
534342|2025-05-27|SO|VIII U 593/25|Uzasadnienie|27|https://www.saos.org.pl/judgments/534342
535436|2025-05-26|SO|VIII U 3015/24|Uzasadnienie|27|https://www.saos.org.pl/judgments/535436
534329|2025-05-26|SO|VIII U 2803/24|Uzasadnienie|27|https://www.saos.org.pl/judgments/534329
535442|2025-05-22|SO|VIII U 3073/24|Uzasadnienie|27|https://www.saos.org.pl/judgments/535442
534102|2025-05-19|SO|VIII U 592/25|Uzasadnienie|27|https://www.saos.org.pl/judgments/534102
534475|2025-05-13|SO|VIII U 2786/24|Uzasadnienie|27|https://www.saos.org.pl/judgments/534475
534469|2025-05-13|SO|VIII U 2610/24|Uzasadnienie|27|https://www.saos.org.pl/judgments/534469
535585|2025-05-12|SO|VIII U 2406/24|Uzasadnienie|27|https://www.saos.org.pl/judgments/535585
534473|2025-05-12|SO|VIII U 2668/24|Uzasadnienie|27|https://www.saos.org.pl/judgments/534473
535572|2025-05-09|SO|VIII U 124/25|Uzasadnienie|27|https://www.saos.org.pl/judgments/535572
535592|2025-05-07|SO|VIII U 2944/24|Uzasadnienie|27|https://www.saos.org.pl/judgments/535592
535590|2025-05-07|SO|VIII U 2936/24|Uzasadnienie|27|https://www.saos.org.pl/judgments/535590
535456|2025-05-06|SO|VIII U 780/25|Uzasadnienie|27|https://www.saos.org.pl/judgments/535456
534484|2025-04-28|SO|VIII U 430/25|Uzasadnienie|27|https://www.saos.org.pl/judgments/534484
535429|2025-04-24|SO|VIII U 2813/24|Uzasadnienie|27|https://www.saos.org.pl/judgments/535429
534962|2025-04-23|SO|VIII U 3019/24|Uzasadnienie|27|https://www.saos.org.pl/judgments/534962
534544|2025-04-23|SO|VIII U 142/25|Uzasadnienie|27|https://www.saos.org.pl/judgments/534544
534471|2025-04-23|SO|VIII U 264/25|Uzasadnienie|27|https://www.saos.org.pl/judgments/534471
530504|2025-04-22|SO|VIII U 286/25|Uzasadnienie|27|https://www.saos.org.pl/judgments/530504
530490|2025-04-22|SO|VIII U 2645/24|Uzasadnienie|27|https://www.saos.org.pl/judgments/530490
533968|2025-04-17|SO|VIII U 2802/24|Uzasadnienie|27|https://www.saos.org.pl/judgments/533968
530484|2025-04-16|SO|VIII U 259/25|Uzasadnienie|27|https://www.saos.org.pl/judgments/530484
530429|2025-04-16|SO|VIII U 123/25|Uzasadnienie|27|https://www.saos.org.pl/judgments/530429
528751|2025-04-16|SO|VIII U 2837/24|Uzasadnienie|27|https://www.saos.org.pl/judgments/528751
533958|2025-04-15|SO|VIII U 2433/24|Uzasadnienie|27|https://www.saos.org.pl/judgments/533958
530718|2025-04-14|SO|VIII U 1786/24|Uzasadnienie|27|https://www.saos.org.pl/judgments/530718
530723|2025-04-11|SO|VIII U 2466/24|Uzasadnienie|27|https://www.saos.org.pl/judgments/530723
532847|2025-04-08|SO|VIII U 321/25|Uzasadnienie|27|https://www.saos.org.pl/judgments/532847
532845|2025-04-07|SO|VIII U 285/25|Uzasadnienie|27|https://www.saos.org.pl/judgments/532845
532843|2025-04-04|SO|VIII U 2807/24|Uzasadnienie|27|https://www.saos.org.pl/judgments/532843
532672|2025-04-03|SO|VIII U 129/25|Uzasadnienie|27|https://www.saos.org.pl/judgments/532672
530486|2025-03-27|SO|VIII U 2612/24|Uzasadnienie|27|https://www.saos.org.pl/judgments/530486
530593|2025-03-26|SO|VIII U 166/24|Uzasadnienie|27|https://www.saos.org.pl/judgments/530593
530598|2025-03-24|SO|VIII U 1895/24|Uzasadnienie|27|https://www.saos.org.pl/judgments/530598
530480|2025-03-21|SO|VIII U 2569/24|Uzasadnienie|27|https://www.saos.org.pl/judgments/530480
530722|2025-03-20|SO|VIII U 2057/24|Uzasadnienie|27|https://www.saos.org.pl/judgments/530722
530464|2025-03-19|SO|VIII U 2357/24|Uzasadnienie|27|https://www.saos.org.pl/judgments/530464
532855|2025-03-13|SO|VIII U 982/24|Uzasadnienie|27|https://www.saos.org.pl/judgments/532855
530491|2025-03-13|SO|VIII U 2649/24|Uzasadnienie|27|https://www.saos.org.pl/judgments/530491
533945|2025-03-12|SO|VIII U 1743/24|Uzasadnienie|27|https://www.saos.org.pl/judgments/533945
532841|2025-03-07|SO|VIII U 2242/24|Uzasadnienie|27|https://www.saos.org.pl/judgments/532841
534091|2025-03-06|SO|VIII U 3005/24|Uzasadnienie|27|https://www.saos.org.pl/judgments/534091
530613|2025-03-06|SO|VIII U 2766/24|Uzasadnienie|27|https://www.saos.org.pl/judgments/530613
530502|2025-03-04|SO|VIII U 2784/24|Uzasadnienie|27|https://www.saos.org.pl/judgments/530502
530497|2025-03-04|SO|VIII U 2777/24|Uzasadnienie|27|https://www.saos.org.pl/judgments/530497
530494|2025-03-04|SO|VIII U 2723/24|Uzasadnienie|27|https://www.saos.org.pl/judgments/530494
530506|2025-03-03|SO|VIII U 2926/24|Uzasadnienie|27|https://www.saos.org.pl/judgments/530506
530450|2025-03-03|SO|VIII U 1958/24|Uzasadnienie|27|https://www.saos.org.pl/judgments/530450
530348|2025-03-03|SO|VIII U 1546/24|Uzasadnienie|27|https://www.saos.org.pl/judgments/530348
533824|2025-02-24|SO|VIII U 2541/24|Uzasadnienie|27|https://www.saos.org.pl/judgments/533824
530488|2025-02-24|SO|VIII U 2642/24|Uzasadnienie|27|https://www.saos.org.pl/judgments/530488
528093|2025-02-19|SO|VIII U 3065/24|Uzasadnienie|27|https://www.saos.org.pl/judgments/528093
528091|2025-02-19|SO|VIII U 2393/24|Uzasadnienie|27|https://www.saos.org.pl/judgments/528091
530215|2025-02-17|SO|VIII U 2899/24|Uzasadnienie|27|https://www.saos.org.pl/judgments/530215
530208|2025-02-13|SO|VIII U 1983/24|Uzasadnienie|27|https://www.saos.org.pl/judgments/530208
530499|2025-02-07|SO|VIII U 2779/24|Uzasadnienie|27|https://www.saos.org.pl/judgments/530499
530478|2025-02-07|SO|VIII U 2547/24|Uzasadnienie|27|https://www.saos.org.pl/judgments/530478
530468|2025-02-07|SO|VIII U 2426/24|Uzasadnienie|27|https://www.saos.org.pl/judgments/530468
530218|2025-02-03|SO|VIII U 873/24|Uzasadnienie|27|https://www.saos.org.pl/judgments/530218
530473|2025-01-31|SO|VIII U 2468/24|Uzasadnienie|27|https://www.saos.org.pl/judgments/530473
530213|2025-01-31|SO|VIII U 2434/24|Uzasadnienie|27|https://www.saos.org.pl/judgments/530213
530211|2025-01-31|SO|VIII U 2410/24|Uzasadnienie|27|https://www.saos.org.pl/judgments/530211
530495|2025-01-28|SO|VIII U 2749/24|Uzasadnienie|27|https://www.saos.org.pl/judgments/530495
528090|2025-01-28|SO|VIII U 2392/24|Uzasadnienie|27|https://www.saos.org.pl/judgments/528090
527626|2025-01-28|SO|VIII U 2373/24|Uzasadnienie|27|https://www.saos.org.pl/judgments/527626
530205|2025-01-23|SO|VIII U 1961/24|Uzasadnienie|27|https://www.saos.org.pl/judgments/530205
530204|2025-01-22|SO|VIII U 1952/24|Uzasadnienie|27|https://www.saos.org.pl/judgments/530204
530481|2025-01-16|SO|VIII U 2581/24|Uzasadnienie|27|https://www.saos.org.pl/judgments/530481
530471|2025-01-16|SO|VIII U 2459/24|Uzasadnienie|27|https://www.saos.org.pl/judgments/530471
527620|2025-01-15|SO|VIII U 2010/24|Uzasadnienie|27|https://www.saos.org.pl/judgments/527620
527621|2025-01-14|SO|VIII U 2049/24|Uzasadnienie|27|https://www.saos.org.pl/judgments/527621
527630|2025-01-10|SO|VIII U 2533/24|Uzasadnienie|27|https://www.saos.org.pl/judgments/527630
526910|2024-12-17|SO|VIII U 1982/24|Uzasadnienie|27|https://www.saos.org.pl/judgments/526910
526907|2024-12-16|SO|VIII U 1924/24|Uzasadnienie|27|https://www.saos.org.pl/judgments/526907
528277|2024-11-15|SO|VIII U 964/24|Uzasadnienie|27|https://www.saos.org.pl/judgments/528277
524409|2024-09-13|SO|VIII U 1174/24|Uzasadnienie|27|https://www.saos.org.pl/judgments/524409
522458|2024-09-09|SO|VIII U 593/24|Uzasadnienie|27|https://www.saos.org.pl/judgments/522458
522455|2024-09-09|SO|VIII U 229/24|Uzasadnienie|27|https://www.saos.org.pl/judgments/522455
523307|2024-08-29|SO|VIII U 224/24|Uzasadnienie|27|https://www.saos.org.pl/judgments/523307
519006|2024-08-26|SO|VIII U 142/19|Uzasadnienie|27|https://www.saos.org.pl/judgments/519006
522463|2024-08-09|SO|VIII U 605/24|Uzasadnienie|27|https://www.saos.org.pl/judgments/522463
522128|2024-08-02|SO|VIII U 282/24|Uzasadnienie|27|https://www.saos.org.pl/judgments/522128
522353|2024-07-08|SO|VIII U 1008/24|Uzasadnienie|27|https://www.saos.org.pl/judgments/522353
514005|2024-06-18|SO|VIII U 64/24|Uzasadnienie|27|https://www.saos.org.pl/judgments/514005
515959|2024-06-06|SO|VIII U 756/23|Uzasadnienie|27|https://www.saos.org.pl/judgments/515959
516106|2024-06-04|SO|VIII U 192/24|Uzasadnienie|27|https://www.saos.org.pl/judgments/516106
513942|2024-05-20|SO|VIII U 554/24|Uzasadnienie|27|https://www.saos.org.pl/judgments/513942
513284|2024-05-17|SO|VIII U 1373/23|Uzasadnienie|27|https://www.saos.org.pl/judgments/513284
517810|2024-05-14|SO|VIII U 567/24|Uzasadnienie|27|https://www.saos.org.pl/judgments/517810
513814|2024-04-04|SO|VIII U 2859/21|Uzasadnienie|27|https://www.saos.org.pl/judgments/513814
514068|2024-03-21|SO|VIII U 731/23|Uzasadnienie|27|https://www.saos.org.pl/judgments/514068
513764|2023-11-28|SO|VIII U 2455/22|Uzasadnienie|27|https://www.saos.org.pl/judgments/513764
513709|2023-11-23|SO|VIII U 2291/21|Uzasadnienie|27|https://www.saos.org.pl/judgments/513709
514130|2023-10-06|SO|VIII U 828/23|Uzasadnienie|27|https://www.saos.org.pl/judgments/514130
514023|2023-09-27|SO|VIII U 667/23|Uzasadnienie|27|https://www.saos.org.pl/judgments/514023
491992|2023-07-28|SO|VIII U 777/22|Uzasadnienie|27|https://www.saos.org.pl/judgments/491992
491988|2023-06-19|SO|VIII U 612/23|Uzasadnienie|27|https://www.saos.org.pl/judgments/491988
490030|2023-06-02|SO|VIII U 579/21|Uzasadnienie|27|https://www.saos.org.pl/judgments/490030
490032|2023-05-30|SO|VIII U 835/21|Uzasadnienie|27|https://www.saos.org.pl/judgments/490032
478475|2022-11-03|SO|VIII U 731/22|Uzasadnienie|27|https://www.saos.org.pl/judgments/478475
476489|2022-10-19|SO|VIII U 589/22|Uzasadnienie|27|https://www.saos.org.pl/judgments/476489
476476|2022-10-14|SO|VIII U 2456/21|Zarządzenie|27|https://www.saos.org.pl/judgments/476476
476728|2022-09-21|SO|VIII U 9/22|Uzasadnienie|27|https://www.saos.org.pl/judgments/476728
476113|2022-09-12|SO|VIII U 1816/21|Zarządzenie|27|https://www.saos.org.pl/judgments/476113
476669|2022-09-02|SO|VIII U 1032/20|Zarządzenie|27|https://www.saos.org.pl/judgments/476669
476703|2022-08-31|SO|VIII U 2359/21|Uzasadnienie|27|https://www.saos.org.pl/judgments/476703
470101|2022-07-07|SO|VIII U 550/22|Uzasadnienie|27|https://www.saos.org.pl/judgments/470101
470107|2022-06-07|SO|VIII U 819/20|Zarządzenie|27|https://www.saos.org.pl/judgments/470107
470106|2022-06-06|SO|VIII U 678/21|Uzasadnienie|27|https://www.saos.org.pl/judgments/470106
479435|2022-06-01|SO|VIII U 677/21|Uzasadnienie|27|https://www.saos.org.pl/judgments/479435
463098|2022-04-22|SO|VIII U 1962/21|Zarządzenie|27|https://www.saos.org.pl/judgments/463098
463131|2022-04-14|SO|VIII U 453/21|Uzasadnienie|27|https://www.saos.org.pl/judgments/463131
461129|2022-03-15|SO|VIII U 1447/21|Uzasadnienie|27|https://www.saos.org.pl/judgments/461129
463123|2022-02-28|SO|VIII U 2756/21|Zarządzenie|27|https://www.saos.org.pl/judgments/463123
463361|2022-02-10|SO|VIII U 1454/21|Zarządzenie|27|https://www.saos.org.pl/judgments/463361
453568|2021-12-21|SO|VIII U 829/21|Zarządzenie|27|https://www.saos.org.pl/judgments/453568
453566|2021-12-16|SO|VIII U 784/21|Zarządzenie|27|https://www.saos.org.pl/judgments/453566
453561|2021-12-16|SO|VIII U 342/21|Zarządzenie|27|https://www.saos.org.pl/judgments/453561
453571|2021-12-07|SO|VIII U 841/21|Zarządzenie|27|https://www.saos.org.pl/judgments/453571
453553|2021-12-07|SO|VIII U 1773/21|Uzasadnienie|27|https://www.saos.org.pl/judgments/453553
453191|2021-11-15|SO|VIII U 462/21|Uzasadnienie|27|https://www.saos.org.pl/judgments/453191
455210|2021-10-26|SO|VIII U 580/21|Zarządzenie|27|https://www.saos.org.pl/judgments/455210
453437|2021-10-21|SO|VIII U 4851/19|Zarządzenie|27|https://www.saos.org.pl/judgments/453437
453210|2021-10-12|SO|VIII U 708/21|Uzasadnienie|27|https://www.saos.org.pl/judgments/453210
453202|2021-10-07|SO|VIII U 655/21|Uzasadnienie|27|https://www.saos.org.pl/judgments/453202
450169|2021-09-27|SO|VIII U 742/21|Uzasadnienie|27|https://www.saos.org.pl/judgments/450169
451078|2021-09-24|SO|VIII U 997/21|Uzasadnienie|27|https://www.saos.org.pl/judgments/451078
450173|2021-09-24|SO|VIII U 790/21|Uzasadnienie|27|https://www.saos.org.pl/judgments/450173
450161|2021-09-24|SO|VIII U 648/21|Uzasadnienie|27|https://www.saos.org.pl/judgments/450161
450167|2021-09-21|SO|VIII U 680/21|Uzasadnienie|27|https://www.saos.org.pl/judgments/450167
452954|2021-08-30|SO|VIII U 699/21|Zarządzenie|27|https://www.saos.org.pl/judgments/452954
449048|2021-08-06|SO|VIII U 618/21|Zarządzenie|27|https://www.saos.org.pl/judgments/449048
450126|2021-08-05|SO|VIII U 1133/21|Zarządzenie|27|https://www.saos.org.pl/judgments/450126
451111|2021-07-30|SO|VIII U 679/21|Zarządzenie|27|https://www.saos.org.pl/judgments/451111
451108|2021-07-27|SO|VIII U 557/21|Zarządzenie|27|https://www.saos.org.pl/judgments/451108
442968|2021-07-23|SO|VIII U 675/21|Uzasadnienie|27|https://www.saos.org.pl/judgments/442968
441400|2021-06-01|SO|VIII U 466/21|Zarządzenie|27|https://www.saos.org.pl/judgments/441400
440941|2021-05-20|SO|VIII U 3433/19|Uzasadnienie|27|https://www.saos.org.pl/judgments/440941
440344|2021-04-21|SO|VIII U 152/21|Uzasadnienie|27|https://www.saos.org.pl/judgments/440344
432130|2021-02-24|SO|VIII U 1879/18|Uzasadnienie|27|https://www.saos.org.pl/judgments/432130
432241|2021-02-23|SO|VIII U 2208/20|Uzasadnienie|27|https://www.saos.org.pl/judgments/432241
436987|2021-02-17|SO|VIII U 2632/19|Zarządzenie|27|https://www.saos.org.pl/judgments/436987
431859|2021-01-29|SO|VIII U 1473/20|Zarządzenie|27|https://www.saos.org.pl/judgments/431859
430449|2021-01-11|SO|VIII U 272/20|Uzasadnienie|27|https://www.saos.org.pl/judgments/430449
430440|2021-01-11|SO|VIII U 1007/20|Uzasadnienie|27|https://www.saos.org.pl/judgments/430440
427437|2020-12-29|SO|VIII U 1581/19|Zarządzenie|27|https://www.saos.org.pl/judgments/427437
427449|2020-12-16|SO|VIII U 3850/19|Zarządzenie|27|https://www.saos.org.pl/judgments/427449
425080|2020-11-10|SO|VIII U 450/20|Uzasadnienie|27|https://www.saos.org.pl/judgments/425080
422098|2020-10-16|SO|VIII U 4212/19|Uzasadnienie|27|https://www.saos.org.pl/judgments/422098
422268|2020-10-15|SO|VIII U 1772/20|Zarządzenie|27|https://www.saos.org.pl/judgments/422268
422088|2020-09-30|SO|VIII U 3122/19|Uzasadnienie|27|https://www.saos.org.pl/judgments/422088
421755|2020-09-29|SO|VIII U 5054/19|Uzasadnienie|27|https://www.saos.org.pl/judgments/421755
422053|2020-09-25|SO|VIII U 1128/20|Zarządzenie|27|https://www.saos.org.pl/judgments/422053
421548|2020-09-24|SO|VIII U 3126/19|Zarządzenie|27|https://www.saos.org.pl/judgments/421548
421550|2020-09-23|SO|VIII U 455/20|Zarządzenie|27|https://www.saos.org.pl/judgments/421550
421539|2020-09-21|SO|VIII U 1421/20|Zarządzenie|27|https://www.saos.org.pl/judgments/421539
421857|2020-09-07|SO|VIII U 4714/19|Uzasadnienie|27|https://www.saos.org.pl/judgments/421857
421839|2020-08-10|SO|VIII U 3391/19|Uzasadnienie|27|https://www.saos.org.pl/judgments/421839
419420|2020-07-31|SO|VIII U 3659/19|Uzasadnienie|27|https://www.saos.org.pl/judgments/419420
420651|2020-07-17|SO|VIII U 3887/19|Uzasadnienie|27|https://www.saos.org.pl/judgments/420651
418251|2020-07-16|SO|VIII U 3304/19|Zarządzenie|27|https://www.saos.org.pl/judgments/418251
418260|2020-07-13|SO|VIII U 4296/19|Zarządzenie|27|https://www.saos.org.pl/judgments/418260
418115|2020-07-13|SO|VIII U 526/20|Uzasadnienie|27|https://www.saos.org.pl/judgments/418115
416516|2020-07-08|SO|VIII U 994/20|Uzasadnienie|27|https://www.saos.org.pl/judgments/416516
416514|2020-07-08|SO|VIII U 845/20|Uzasadnienie|27|https://www.saos.org.pl/judgments/416514
416594|2020-06-30|SO|VIII U 4303/19|Zarządzenie|27|https://www.saos.org.pl/judgments/416594
416511|2020-06-30|SO|VIII U 700/20|Zarządzenie|27|https://www.saos.org.pl/judgments/416511
416508|2020-06-30|SO|VIII U 5075/19|Zarządzenie|27|https://www.saos.org.pl/judgments/416508
422522|2020-06-26|SO|VIII U 484/20|Uzasadnienie|27|https://www.saos.org.pl/judgments/422522
416489|2020-06-23|SO|VIII U 3900/19|Zarządzenie|27|https://www.saos.org.pl/judgments/416489
413003|2020-04-28|SO|VIII U 2693/19|Uzasadnienie|27|https://www.saos.org.pl/judgments/413003
415606|2020-03-18|SO|VIII U 3520/19|Uzasadnienie|27|https://www.saos.org.pl/judgments/415606
415602|2020-03-18|SO|VIII U 3294/19|Uzasadnienie|27|https://www.saos.org.pl/judgments/415602
415599|2020-03-18|SO|VIII U 3250/19|Uzasadnienie|27|https://www.saos.org.pl/judgments/415599
411582|2020-03-18|SO|VIII U 3257/19|Uzasadnienie|27|https://www.saos.org.pl/judgments/411582
415688|2020-03-13|SO|VIII U 2149/19|Zarządzenie|27|https://www.saos.org.pl/judgments/415688
409332|2020-03-13|SO|VIII U 3183/19|Zarządzenie|27|https://www.saos.org.pl/judgments/409332
415696|2020-03-12|SO|VIII U 3164/19|Zarządzenie|27|https://www.saos.org.pl/judgments/415696
415694|2020-03-12|SO|VIII U 3123/19|Zarządzenie|27|https://www.saos.org.pl/judgments/415694
410907|2020-03-12|SO|VIII U 2805/19|Zarządzenie|27|https://www.saos.org.pl/judgments/410907
416276|2020-03-11|SO|VIII U 2323/19|Uzasadnienie|27|https://www.saos.org.pl/judgments/416276
410973|2020-03-02|SO|VIII U 677/18|Uzasadnienie|27|https://www.saos.org.pl/judgments/410973
409803|2020-03-02|SO|VIII U 2241/19|Zarządzenie|27|https://www.saos.org.pl/judgments/409803
410935|2020-02-26|SO|VIII U 3518/19|Uzasadnienie|27|https://www.saos.org.pl/judgments/410935
410930|2020-02-26|SO|VIII U 3455/19|Uzasadnienie|27|https://www.saos.org.pl/judgments/410930
405952|2020-02-19|SO|VIII U 2188/19|Uzasadnienie|27|https://www.saos.org.pl/judgments/405952
411586|2020-02-18|SO|VIII U 3486/19|Uzasadnienie|27|https://www.saos.org.pl/judgments/411586
411581|2020-02-18|SO|VIII U 3243/19|Uzasadnienie|27|https://www.saos.org.pl/judgments/411581
410939|2020-02-18|SO|VIII U 3580/19|Uzasadnienie|27|https://www.saos.org.pl/judgments/410939
410932|2020-02-18|SO|VIII U 3459/19|Uzasadnienie|27|https://www.saos.org.pl/judgments/410932
410920|2020-02-18|SO|VIII U 3295/19|Uzasadnienie|27|https://www.saos.org.pl/judgments/410920
410918|2020-02-18|SO|VIII U 3251/19|Uzasadnienie|27|https://www.saos.org.pl/judgments/410918
410916|2020-02-18|SO|VIII U 3246/19|Uzasadnienie|27|https://www.saos.org.pl/judgments/410916
410914|2020-02-18|SO|VIII U 3244/19|Uzasadnienie|27|https://www.saos.org.pl/judgments/410914
410912|2020-02-18|SO|VIII U 3235/19|Uzasadnienie|27|https://www.saos.org.pl/judgments/410912
410909|2020-02-18|SO|VIII U 3226/19|Uzasadnienie|27|https://www.saos.org.pl/judgments/410909
410537|2020-02-18|SO|VIII U 3135/19|Zarządzenie|27|https://www.saos.org.pl/judgments/410537
406557|2020-02-18|SO|VIII U 3255/19|Uzasadnienie|27|https://www.saos.org.pl/judgments/406557
410426|2020-02-17|SO|VIII U 3961/19|Zarządzenie|27|https://www.saos.org.pl/judgments/410426
410403|2020-02-17|SO|VIII U 1984/19|Uzasadnienie|27|https://www.saos.org.pl/judgments/410403
405938|2020-02-17|SO|VIII U 1725/19|Zarządzenie|27|https://www.saos.org.pl/judgments/405938
410532|2020-02-14|SO|VIII U 2201/19|Uzasadnienie|27|https://www.saos.org.pl/judgments/410532
406101|2020-02-13|SO|VIII U 3379/19|Uzasadnienie|27|https://www.saos.org.pl/judgments/406101
410424|2020-02-12|SO|VIII U 3582/19|Uzasadnienie|27|https://www.saos.org.pl/judgments/410424
410423|2020-02-12|SO|VIII U 3576/19|Uzasadnienie|27|https://www.saos.org.pl/judgments/410423
410421|2020-02-12|SO|VIII U 3554/19|Uzasadnienie|27|https://www.saos.org.pl/judgments/410421
410419|2020-02-12|SO|VIII U 3516/19|Uzasadnienie|27|https://www.saos.org.pl/judgments/410419
410415|2020-02-12|SO|VIII U 3017/19|Uzasadnienie|27|https://www.saos.org.pl/judgments/410415
410406|2020-02-12|SO|VIII U 2346/19|Uzasadnienie|27|https://www.saos.org.pl/judgments/410406
405962|2020-02-12|SO|VIII U 3406/19|Zarządzenie|27|https://www.saos.org.pl/judgments/405962
405959|2020-02-12|SO|VIII U 2778/19|Uzasadnienie|27|https://www.saos.org.pl/judgments/405959
405955|2020-02-12|SO|VIII U 2230/19|Uzasadnienie|27|https://www.saos.org.pl/judgments/405955
405947|2020-02-12|SO|VIII U 2097/19|Zarządzenie|27|https://www.saos.org.pl/judgments/405947
405946|2020-02-12|SO|VIII U 2095/19|Zarządzenie|27|https://www.saos.org.pl/judgments/405946
405944|2020-02-12|SO|VIII U 2053/19|Zarządzenie|27|https://www.saos.org.pl/judgments/405944
405942|2020-02-12|SO|VIII U 2037/19|Zarządzenie|27|https://www.saos.org.pl/judgments/405942
410401|2020-02-11|SO|VIII U 1965/19|Zarządzenie|27|https://www.saos.org.pl/judgments/410401
409329|2020-02-11|SO|VIII U 3142/19|Zarządzenie|27|https://www.saos.org.pl/judgments/409329
405954|2020-02-11|SO|VIII U 2216/19|Uzasadnienie|27|https://www.saos.org.pl/judgments/405954
405949|2020-02-11|SO|VIII U 2112/18|Uzasadnienie|27|https://www.saos.org.pl/judgments/405949
405957|2020-02-07|SO|VIII U 2537/19|Uzasadnienie|27|https://www.saos.org.pl/judgments/405957
402619|2020-01-28|SO|VIII U 2124/19|Uzasadnienie|27|https://www.saos.org.pl/judgments/402619
402607|2020-01-28|SO|VIII U 1964/19|Uzasadnienie|27|https://www.saos.org.pl/judgments/402607
404073|2020-01-27|SO|VIII U 2001/19|Zarządzenie|27|https://www.saos.org.pl/judgments/404073
402617|2020-01-27|SO|VIII U 2007/19|Zarządzenie|27|https://www.saos.org.pl/judgments/402617
402613|2020-01-27|SO|VIII U 1989/19|Zarządzenie|27|https://www.saos.org.pl/judgments/402613
402608|2020-01-27|SO|VIII U 1968/19|Zarządzenie|27|https://www.saos.org.pl/judgments/402608
401201|2020-01-10|SO|VIII U 1824/19|Zarządzenie|27|https://www.saos.org.pl/judgments/401201
401180|2020-01-10|SO|VIII U 1597/19|Zarządzenie|27|https://www.saos.org.pl/judgments/401180
401203|2020-01-09|SO|VIII U 1854/19|Zarządzenie|27|https://www.saos.org.pl/judgments/401203
401196|2020-01-09|SO|VIII U 1773/19|Zarządzenie|27|https://www.saos.org.pl/judgments/401196
401194|2020-01-09|SO|VIII U 1744/19|Zarządzenie|27|https://www.saos.org.pl/judgments/401194
401191|2020-01-09|SO|VIII U 1714/19|Zarządzenie|27|https://www.saos.org.pl/judgments/401191
401189|2020-01-09|SO|VIII U 1703/19|Zarządzenie|27|https://www.saos.org.pl/judgments/401189
401186|2020-01-09|SO|VIII U 1691/19|Zarządzenie|27|https://www.saos.org.pl/judgments/401186
401185|2020-01-09|SO|VIII U 1690/19|Zarządzenie|27|https://www.saos.org.pl/judgments/401185
401183|2020-01-09|SO|VIII U 1632/19|Zarządzenie|27|https://www.saos.org.pl/judgments/401183
401177|2020-01-09|SO|VIII U 1530/19|Zarządzenie|27|https://www.saos.org.pl/judgments/401177
402901|2020-01-07|SO|VIII U 2446/19|Uzasadnienie|27|https://www.saos.org.pl/judgments/402901
401206|2020-01-07|SO|VIII U 2286/19|Uzasadnienie|27|https://www.saos.org.pl/judgments/401206
399614|2019-12-19|SO|VIII U 4140/19|Zarządzenie|27|https://www.saos.org.pl/judgments/399614
399611|2019-12-19|SO|VIII U 3729/19|Zarządzenie|27|https://www.saos.org.pl/judgments/399611
399609|2019-12-19|SO|VIII U 1552/19|Zarządzenie|27|https://www.saos.org.pl/judgments/399609
399607|2019-12-19|SO|VIII U 1489/19|Zarządzenie|27|https://www.saos.org.pl/judgments/399607
399143|2019-12-19|SO|VIII U 2438/19|Zarządzenie|27|https://www.saos.org.pl/judgments/399143
399118|2019-12-19|SO|VIII U 1579/19|Zarządzenie|27|https://www.saos.org.pl/judgments/399118
399115|2019-12-19|SO|VIII U 1416/19|Zarządzenie|27|https://www.saos.org.pl/judgments/399115
399138|2019-12-18|SO|VIII U 2174/19|Zarządzenie|27|https://www.saos.org.pl/judgments/399138
399130|2019-12-18|SO|VIII U 1929/19|Uzasadnienie|27|https://www.saos.org.pl/judgments/399130
399128|2019-12-18|SO|VIII U 1927/19|Uzasadnienie|27|https://www.saos.org.pl/judgments/399128
399126|2019-12-18|SO|VIII U 1888/19|Uzasadnienie|27|https://www.saos.org.pl/judgments/399126
399123|2019-12-18|SO|VIII U 1885/19|Uzasadnienie|27|https://www.saos.org.pl/judgments/399123
399122|2019-12-18|SO|VIII U 1867/19|Uzasadnienie|27|https://www.saos.org.pl/judgments/399122
399120|2019-12-18|SO|VIII U 1858/19|Uzasadnienie|27|https://www.saos.org.pl/judgments/399120
399135|2019-12-16|SO|VIII U 2129/19|Zarządzenie|27|https://www.saos.org.pl/judgments/399135
399131|2019-12-16|SO|VIII U 2055/19|Zarządzenie|27|https://www.saos.org.pl/judgments/399131
398698|2019-12-16|SO|VIII U 2309/19|Zarządzenie|27|https://www.saos.org.pl/judgments/398698
398695|2019-12-16|SO|VIII U 2198/19|Zarządzenie|27|https://www.saos.org.pl/judgments/398695
398694|2019-12-16|SO|VIII U 2139/19|Zarządzenie|27|https://www.saos.org.pl/judgments/398694
398615|2019-12-16|SO|VIII U 2313/19|Zarządzenie|27|https://www.saos.org.pl/judgments/398615
398609|2019-12-16|SO|VIII U 2094/19|Zarządzenie|27|https://www.saos.org.pl/judgments/398609
398608|2019-12-16|SO|VIII U 1981/19|Zarządzenie|27|https://www.saos.org.pl/judgments/398608
398607|2019-12-16|SO|VIII U 1971/19|Zarządzenie|27|https://www.saos.org.pl/judgments/398607
398606|2019-12-13|SO|VIII U 1945/19|Uzasadnienie|27|https://www.saos.org.pl/judgments/398606
398604|2019-12-13|SO|VIII U 1899/19|Uzasadnienie|27|https://www.saos.org.pl/judgments/398604
398602|2019-12-13|SO|VIII U 1855/19|Uzasadnienie|27|https://www.saos.org.pl/judgments/398602
398703|2019-12-12|SO|VIII U 2776/19|Uzasadnienie|27|https://www.saos.org.pl/judgments/398703
398688|2019-12-12|SO|VIII U 1261/19|Zarządzenie|27|https://www.saos.org.pl/judgments/398688
398617|2019-12-11|SO|VIII U 2468/19|Uzasadnienie|27|https://www.saos.org.pl/judgments/398617
398087|2019-12-11|SO|VIII U 2739/19|Uzasadnienie|27|https://www.saos.org.pl/judgments/398087
398628|2019-12-10|SO|VIII U 77/19|Uzasadnienie|27|https://www.saos.org.pl/judgments/398628
398597|2019-12-10|SO|VIII U 1574/19|Zarządzenie|27|https://www.saos.org.pl/judgments/398597
398081|2019-12-09|SO|VIII U 1609/19|Zarządzenie|27|https://www.saos.org.pl/judgments/398081
398005|2019-12-09|SO|VIII U 3708/19|Zarządzenie|27|https://www.saos.org.pl/judgments/398005
397875|2019-12-05|SO|VIII U 3691/19|Zarządzenie|27|https://www.saos.org.pl/judgments/397875
397650|2019-12-02|SO|VIII U 2918/19|Uzasadnienie|27|https://www.saos.org.pl/judgments/397650
397646|2019-12-02|SO|VIII U 2539/19|Uzasadnienie|27|https://www.saos.org.pl/judgments/397646
397644|2019-12-02|SO|VIII U 2511/19|Uzasadnienie|27|https://www.saos.org.pl/judgments/397644
397350|2019-12-02|SO|VIII U 3740/19|Zarządzenie|27|https://www.saos.org.pl/judgments/397350
397345|2019-12-02|SO|VIII U 1666/19|Zarządzenie|27|https://www.saos.org.pl/judgments/397345
397343|2019-12-02|SO|VIII U 1633/19|Zarządzenie|27|https://www.saos.org.pl/judgments/397343
397342|2019-12-02|SO|VIII U 1534/19|Zarządzenie|27|https://www.saos.org.pl/judgments/397342
396434|2019-10-31|SO|VIII U 3275/19|Zarządzenie|27|https://www.saos.org.pl/judgments/396434
396423|2019-10-31|SO|VIII U 1511/19|Zarządzenie|27|https://www.saos.org.pl/judgments/396423
396426|2019-10-30|SO|VIII U 1513/19|Zarządzenie|27|https://www.saos.org.pl/judgments/396426
396421|2019-10-30|SO|VIII U 1508/19|Zarządzenie|27|https://www.saos.org.pl/judgments/396421
396067|2019-10-30|SO|VIII U 1630/19|Uzasadnienie|27|https://www.saos.org.pl/judgments/396067
395702|2019-10-30|SO|VIII U 1774/19|Uzasadnienie|27|https://www.saos.org.pl/judgments/395702
395701|2019-10-30|SO|VIII U 1520/19|Uzasadnienie|27|https://www.saos.org.pl/judgments/395701
396418|2019-10-29|SO|VIII U 1491/19|Zarządzenie|27|https://www.saos.org.pl/judgments/396418
396416|2019-10-29|SO|VIII U 1484/19|Zarządzenie|27|https://www.saos.org.pl/judgments/396416
396076|2019-10-29|SO|VIII U 1784/19|Uzasadnienie|27|https://www.saos.org.pl/judgments/396076
396073|2019-10-29|SO|VIII U 1715/19|Uzasadnienie|27|https://www.saos.org.pl/judgments/396073
396255|2019-10-28|SO|VIII U 1488/19|Uzasadnienie|27|https://www.saos.org.pl/judgments/396255
396075|2019-10-28|SO|VIII U 1740/19|Uzasadnienie|27|https://www.saos.org.pl/judgments/396075
396064|2019-10-28|SO|VIII U 1602/19|Uzasadnienie|27|https://www.saos.org.pl/judgments/396064
395235|2019-10-28|SO|VIII U 1935/19|Uzasadnienie|27|https://www.saos.org.pl/judgments/395235
395230|2019-10-28|SO|VIII U 1869/19|Uzasadnienie|27|https://www.saos.org.pl/judgments/395230
395226|2019-10-28|SO|VIII U 1827/19|Uzasadnienie|27|https://www.saos.org.pl/judgments/395226
395224|2019-10-28|SO|VIII U 1788/19|Uzasadnienie|27|https://www.saos.org.pl/judgments/395224
395222|2019-10-28|SO|VIII U 1759/19|Uzasadnienie|27|https://www.saos.org.pl/judgments/395222
395216|2019-10-28|SO|VIII U 1562/19|Uzasadnienie|27|https://www.saos.org.pl/judgments/395216
395214|2019-10-28|SO|VIII U 1503/19|Uzasadnienie|27|https://www.saos.org.pl/judgments/395214
395212|2019-10-28|SO|VIII U 1470/19|Uzasadnienie|27|https://www.saos.org.pl/judgments/395212
395210|2019-10-28|SO|VIII U 1468/19|Uzasadnienie|27|https://www.saos.org.pl/judgments/395210
395208|2019-10-28|SO|VIII U 1457/19|Uzasadnienie|27|https://www.saos.org.pl/judgments/395208
396420|2019-10-25|SO|VIII U 1499/19|Zarządzenie|27|https://www.saos.org.pl/judgments/396420
396070|2019-10-25|SO|VIII U 1693/19|Uzasadnienie|27|https://www.saos.org.pl/judgments/396070
396063|2019-10-25|SO|VIII U 1598/19|Uzasadnienie|27|https://www.saos.org.pl/judgments/396063
396061|2019-10-25|SO|VIII U 1517/19|Uzasadnienie|27|https://www.saos.org.pl/judgments/396061
396414|2019-10-24|SO|VIII U 1478/19|Zarządzenie|27|https://www.saos.org.pl/judgments/396414
396412|2019-10-24|SO|VIII U 1477/19|Zarządzenie|27|https://www.saos.org.pl/judgments/396412
396409|2019-10-23|SO|VIII U 1467/19|Zarządzenie|27|https://www.saos.org.pl/judgments/396409
396408|2019-10-23|SO|VIII U 1452/19|Zarządzenie|27|https://www.saos.org.pl/judgments/396408
396254|2019-10-23|SO|VIII U 1454/19|Zarządzenie|27|https://www.saos.org.pl/judgments/396254
396082|2019-10-22|SO|VIII U 1996/19|Uzasadnienie|27|https://www.saos.org.pl/judgments/396082
396081|2019-10-22|SO|VIII U 1897/19|Uzasadnienie|27|https://www.saos.org.pl/judgments/396081
396069|2019-10-22|SO|VIII U 1661/19|Uzasadnienie|27|https://www.saos.org.pl/judgments/396069
395233|2019-10-22|SO|VIII U 1934/19|Uzasadnienie|27|https://www.saos.org.pl/judgments/395233
395232|2019-10-22|SO|VIII U 1896/19|Uzasadnienie|27|https://www.saos.org.pl/judgments/395232
395036|2019-10-22|SO|VIII U 1418/19|Zarządzenie|27|https://www.saos.org.pl/judgments/395036
395228|2019-10-21|SO|VIII U 1859/19|Uzasadnienie|27|https://www.saos.org.pl/judgments/395228
395220|2019-10-21|SO|VIII U 1729/19|Uzasadnienie|27|https://www.saos.org.pl/judgments/395220
395217|2019-10-21|SO|VIII U 1710/19|Uzasadnienie|27|https://www.saos.org.pl/judgments/395217
395043|2019-10-21|SO|VIII U 1476/19|Zarządzenie|27|https://www.saos.org.pl/judgments/395043
395041|2019-10-21|SO|VIII U 1449/19|Zarządzenie|27|https://www.saos.org.pl/judgments/395041
396432|2019-10-18|SO|VIII U 1982/19|Uzasadnienie|27|https://www.saos.org.pl/judgments/396432
396262|2019-10-18|SO|VIII U 1742/19|Uzasadnienie|27|https://www.saos.org.pl/judgments/396262
396260|2019-10-18|SO|VIII U 1545/19|Uzasadnienie|27|https://www.saos.org.pl/judgments/396260
396079|2019-10-17|SO|VIII U 1875/19|Uzasadnienie|27|https://www.saos.org.pl/judgments/396079
396058|2019-10-17|SO|VIII U 1497/19|Uzasadnienie|27|https://www.saos.org.pl/judgments/396058
396275|2019-10-15|SO|VIII U 1893/19|Uzasadnienie|27|https://www.saos.org.pl/judgments/396275
396273|2019-10-15|SO|VIII U 1889/19|Uzasadnienie|27|https://www.saos.org.pl/judgments/396273
396270|2019-10-15|SO|VIII U 1826/19|Uzasadnienie|27|https://www.saos.org.pl/judgments/396270
396266|2019-10-15|SO|VIII U 1780/19|Uzasadnienie|27|https://www.saos.org.pl/judgments/396266
396263|2019-10-15|SO|VIII U 1776/19|Uzasadnienie|27|https://www.saos.org.pl/judgments/396263
396257|2019-10-15|SO|VIII U 1510/19|Uzasadnienie|27|https://www.saos.org.pl/judgments/396257
396250|2019-10-15|SO|VIII U 1375/19|Uzasadnienie|27|https://www.saos.org.pl/judgments/396250
396248|2019-10-15|SO|VIII U 1373/19|Uzasadnienie|27|https://www.saos.org.pl/judgments/396248
396245|2019-10-15|SO|VIII U 1351/19|Uzasadnienie|27|https://www.saos.org.pl/judgments/396245
395054|2019-10-14|SO|VIII U 2272/19|Uzasadnienie|27|https://www.saos.org.pl/judgments/395054
395033|2019-10-14|SO|VIII U 1360/18|Zarządzenie|27|https://www.saos.org.pl/judgments/395033
396430|2019-10-08|SO|VIII U 1908/19|Uzasadnienie|27|https://www.saos.org.pl/judgments/396430
396268|2019-10-08|SO|VIII U 1796/19|Uzasadnienie|27|https://www.saos.org.pl/judgments/396268
396261|2019-10-08|SO|VIII U 1735/19|Uzasadnienie|27|https://www.saos.org.pl/judgments/396261
394919|2019-09-20|SO|VIII U 146/18|Uzasadnienie|27|https://www.saos.org.pl/judgments/394919
394914|2019-09-17|SO|VIII U 107/19|Uzasadnienie|27|https://www.saos.org.pl/judgments/394914
396242|2019-09-03|SO|VIII U 118/19|Zarządzenie|27|https://www.saos.org.pl/judgments/396242
393013|2019-08-22|SO|VIII U 2506/18|Uzasadnienie|27|https://www.saos.org.pl/judgments/393013
388293|2019-07-15|SO|VIII U 1800/19|Uzasadnienie|27|https://www.saos.org.pl/judgments/388293
381927|2019-05-28|SO|VIII U 218/18|Zarządzenie|27|https://www.saos.org.pl/judgments/381927
381898|2019-05-20|SO|VIII U 1234/18|Uzasadnienie|27|https://www.saos.org.pl/judgments/381898
381893|2019-05-20|SO|VIII U 1191/18|Uzasadnienie|27|https://www.saos.org.pl/judgments/381893
382373|2019-05-09|SO|VIII U 61/18|Zarządzenie|27|https://www.saos.org.pl/judgments/382373
384379|2019-05-06|SO|VIII U 660/18|Zarządzenie|27|https://www.saos.org.pl/judgments/384379
384363|2019-04-24|SO|VIII U 1841/18|Uzasadnienie|27|https://www.saos.org.pl/judgments/384363
381907|2019-04-18|SO|VIII U 1728/17|Zarządzenie|27|https://www.saos.org.pl/judgments/381907
381912|2019-04-17|SO|VIII U 1791/18|Zarządzenie|27|https://www.saos.org.pl/judgments/381912
383104|2019-04-16|SO|VIII U 878/18|Uzasadnienie|27|https://www.saos.org.pl/judgments/383104
382333|2019-04-02|SO|VIII U 1518/18|Zarządzenie|27|https://www.saos.org.pl/judgments/382333
380661|2019-04-01|SO|VIII U 2241/17|Uzasadnienie|27|https://www.saos.org.pl/judgments/380661
382906|2019-03-29|SO|VIII U 785/18|Uzasadnienie|27|https://www.saos.org.pl/judgments/382906
380790|2019-03-29|SO|VIII U 968/18|Uzasadnienie|27|https://www.saos.org.pl/judgments/380790
380586|2019-03-29|SO|VIII U 1871/18|Zarządzenie|27|https://www.saos.org.pl/judgments/380586
380741|2019-03-27|SO|VIII U 419/18|Zarządzenie|27|https://www.saos.org.pl/judgments/380741
380501|2019-03-26|SO|VIII U 1390/18|Uzasadnienie|27|https://www.saos.org.pl/judgments/380501
380513|2019-03-18|SO|VIII U 1546/17|Uzasadnienie|27|https://www.saos.org.pl/judgments/380513
380489|2019-03-18|SO|VIII U 1358/18|Zarządzenie|27|https://www.saos.org.pl/judgments/380489
380750|2019-02-12|SO|VIII U 543/18|Uzasadnienie|27|https://www.saos.org.pl/judgments/380750
380679|2019-02-11|SO|VIII U 2402/18|Zarządzenie|27|https://www.saos.org.pl/judgments/380679
369861|2019-02-08|SO|VIII U 1740/18|Zarządzenie|27|https://www.saos.org.pl/judgments/369861
369860|2019-02-07|SO|VIII U 1632/18|Uzasadnienie|27|https://www.saos.org.pl/judgments/369860
372361|2019-01-18|SO|VIII U 1966/18|Zarządzenie|27|https://www.saos.org.pl/judgments/372361
369904|2019-01-07|SO|VIII U 954/18|Zarządzenie|27|https://www.saos.org.pl/judgments/369904
369094|2018-12-13|SO|VIII U 1117/18|Uzasadnienie|27|https://www.saos.org.pl/judgments/369094
368504|2018-11-26|SO|VIII U 689/18|Zarządzenie|27|https://www.saos.org.pl/judgments/368504
367808|2018-10-30|SO|VIII U 1241/17|Zarządzenie|27|https://www.saos.org.pl/judgments/367808
358329|2018-10-17|SO|VIII U 2523/16|Zarządzenie|27|https://www.saos.org.pl/judgments/358329
352600|2018-09-10|SO|VIII U 619/18|Zarządzenie|27|https://www.saos.org.pl/judgments/352600
352592|2018-09-10|SO|VIII U 1180/18|Zarządzenie|27|https://www.saos.org.pl/judgments/352592
350705|2018-08-09|SO|VIII U 892/18|Uzasadnienie|27|https://www.saos.org.pl/judgments/350705
350486|2018-07-25|SO|VIII U 959/18|Zarządzenie|27|https://www.saos.org.pl/judgments/350486
351765|2018-06-26|SO|VIII U 706/18|Uzasadnienie|27|https://www.saos.org.pl/judgments/351765
342401|2018-06-07|SO|VIII U 1559/16|Zarządzenie|27|https://www.saos.org.pl/judgments/342401
345303|2018-05-22|SO|VIII U 356/17|Zarządzenie|27|https://www.saos.org.pl/judgments/345303
345277|2018-05-21|SO|VIII U 165/18|Zarządzenie|27|https://www.saos.org.pl/judgments/345277
341003|2018-05-07|SO|VIII U 2206/17|Zarządzenie|27|https://www.saos.org.pl/judgments/341003
335533|2018-03-22|SO|VIII U 789/17|Zarządzenie|27|https://www.saos.org.pl/judgments/335533
331299|2018-03-15|SO|VIII U 969/16|Zarządzenie|27|https://www.saos.org.pl/judgments/331299
329141|2018-02-27|SO|VIII U 2198/17|Zarządzenie|27|https://www.saos.org.pl/judgments/329141
325389|2018-01-18|SO|VIII U 1782/17|Zarządzenie|27|https://www.saos.org.pl/judgments/325389
321762|2017-12-11|SO|VIII U 1841/16|Uzasadnienie|27|https://www.saos.org.pl/judgments/321762
323152|2017-12-07|SO|VIII U 337/17|Uzasadnienie|27|https://www.saos.org.pl/judgments/323152
322214|2017-11-27|SO|VIII U 1401/16|Zarządzenie|27|https://www.saos.org.pl/judgments/322214
307928|2017-10-03|SO|VIII U 500/17|Zarządzenie|27|https://www.saos.org.pl/judgments/307928
309182|2017-10-02|SO|VIII U 2197/16|Zarządzenie|27|https://www.saos.org.pl/judgments/309182
306975|2017-09-15|SO|VIII U 2801/16|Zarządzenie|27|https://www.saos.org.pl/judgments/306975
306939|2017-09-12|SO|VIII U 1871/16|Zarządzenie|27|https://www.saos.org.pl/judgments/306939
298351|2017-06-12|SO|VIII U 2550/15|Uzasadnienie|27|https://www.saos.org.pl/judgments/298351
282446|2017-04-24|SO|VIII U 2607/16|Uzasadnienie|27|https://www.saos.org.pl/judgments/282446
281956|2017-04-18|SO|VIII U 2386/16|Zarządzenie|27|https://www.saos.org.pl/judgments/281956
281910|2017-03-30|SO|VIII U 1097/16|Zarządzenie|27|https://www.saos.org.pl/judgments/281910
275771|2017-03-15|SO|VIII U 2388/16|Uzasadnienie|27|https://www.saos.org.pl/judgments/275771
275128|2017-03-10|SO|VIII U 374/16|Zarządzenie|27|https://www.saos.org.pl/judgments/275128
278589|2017-02-07|SO|VIII U 1671/16|Zarządzenie|27|https://www.saos.org.pl/judgments/278589
263999|2017-01-17|SO|VIII U 2172/16|Zarządzenie|27|https://www.saos.org.pl/judgments/263999
263728|2017-01-13|SO|VIII U 2855/15|Zarządzenie|27|https://www.saos.org.pl/judgments/263728
263704|2017-01-11|SO|VIII U 1197/16|Zarządzenie|27|https://www.saos.org.pl/judgments/263704
263487|2017-01-10|SO|VIII U 1174/16|Zarządzenie|27|https://www.saos.org.pl/judgments/263487
263977|2017-01-05|SO|VIII U 1171/16|Zarządzenie|27|https://www.saos.org.pl/judgments/263977
260991|2016-12-20|SO|VIII U 3207/15|Uzasadnienie|27|https://www.saos.org.pl/judgments/260991
258324|2016-12-06|SO|VIII U 1070/16|Zarządzenie|27|https://www.saos.org.pl/judgments/258324
251602|2016-10-21|SO|VIII U 527/16|Zarządzenie|27|https://www.saos.org.pl/judgments/251602
251600|2016-10-21|SO|VIII U 491/16|Zarządzenie|27|https://www.saos.org.pl/judgments/251600
240219|2016-08-12|SO|VIII U 2832/15|Uzasadnienie|27|https://www.saos.org.pl/judgments/240219
224738|2016-05-23|SO|VIII U 1976/15|Zarządzenie|27|https://www.saos.org.pl/judgments/224738
226139|2016-05-16|SO|VIII U 2021/15|Uzasadnienie|27|https://www.saos.org.pl/judgments/226139
220312|2016-04-25|SO|VIII U 2060/15|Zarządzenie|27|https://www.saos.org.pl/judgments/220312
216435|2016-04-11|SO|VIII U 2530/15|Zarządzenie|27|https://www.saos.org.pl/judgments/216435
213101|2016-03-22|SO|VIII U 2871/15|Zarządzenie|27|https://www.saos.org.pl/judgments/213101
213105|2016-03-21|SO|VIII U 474/15|Zarządzenie|27|https://www.saos.org.pl/judgments/213105
205013|2016-02-16|SO|VIII U 15/15|Zarządzenie|27|https://www.saos.org.pl/judgments/205013
