saos_id|date|court|case_number|type|saos_url
544969|2026-03-24|SO|IV P 619/25|Wyrok|https://www.saos.org.pl/judgments/544969
544696|2026-03-11|SO|IV P 1307/24|Wyrok|https://www.saos.org.pl/judgments/544696
544526|2026-03-06|SO|IV P 1271/24|Wyrok|https://www.saos.org.pl/judgments/544526
542475|2026-02-24|SO|IV P 69/25|Wyrok|https://www.saos.org.pl/judgments/542475
542703|2026-02-19|SO|IV P 377/24|Wyrok|https://www.saos.org.pl/judgments/542703
542704|2026-02-04|SO|IV Pa 158/25|Wyrok|https://www.saos.org.pl/judgments/542704
543456|2026-01-29|SO|III APa 29/25|Wyrok|https://www.saos.org.pl/judgments/543456
543358|2026-01-29|SO|IV P 73/25|Wyrok|https://www.saos.org.pl/judgments/543358
543425|2026-01-28|SO|IV P 560/25|Uzasadnienie|https://www.saos.org.pl/judgments/543425
540962|2026-01-27|SO|IX P 627/24|Zarządzenie|https://www.saos.org.pl/judgments/540962
542768|2026-01-22|SO|VII Pa 55/23|Wyrok|https://www.saos.org.pl/judgments/542768
541365|2026-01-16|SO|VII Pa 61/23|Wyrok|https://www.saos.org.pl/judgments/541365
542064|2026-01-13|SO|IV P 1069/24|Uzasadnienie|https://www.saos.org.pl/judgments/542064
542066|2026-01-08|SO|IV P 2171/24|Wyrok|https://www.saos.org.pl/judgments/542066
541899|2026-01-07|SO|IV P 1305/23|Wyrok|https://www.saos.org.pl/judgments/541899
543674|2025-12-30|SO|V Pa 94/25|Wyrok|https://www.saos.org.pl/judgments/543674
543086|2025-12-22|SO|IV P 209/25|Wyrok|https://www.saos.org.pl/judgments/543086
541738|2025-12-19|SO|VIII Pa 189/25|Uzasadnienie|https://www.saos.org.pl/judgments/541738
541657|2025-12-19|SO|IV P 359/22|Uzasadnienie|https://www.saos.org.pl/judgments/541657
540271|2025-12-19|SO|IV P 1583/24|Uzasadnienie|https://www.saos.org.pl/judgments/540271
540275|2025-12-17|SO|IV P 2346/24|Uzasadnienie|https://www.saos.org.pl/judgments/540275
542142|2025-12-16|SO|VIII Pa 204/25|Uzasadnienie|https://www.saos.org.pl/judgments/542142
542591|2025-12-15|SO|VIII U 2212/25|Uzasadnienie|https://www.saos.org.pl/judgments/542591
538632|2025-12-15|SO|IX P 414/22|Zarządzenie|https://www.saos.org.pl/judgments/538632
540274|2025-12-11|SO|IV P 2284/24|Wyrok|https://www.saos.org.pl/judgments/540274
540277|2025-12-05|SO|IV P 458/25|Wyrok|https://www.saos.org.pl/judgments/540277
540236|2025-12-05|SO|IV P 1948/24|Wyrok|https://www.saos.org.pl/judgments/540236
542674|2025-12-04|SO|VIII Ua 46/25|Uzasadnienie|https://www.saos.org.pl/judgments/542674
540186|2025-12-03|SO|IV P 1659/24|Wyrok|https://www.saos.org.pl/judgments/540186
542487|2025-11-26|SO|VIII U 1520/25|Uzasadnienie|https://www.saos.org.pl/judgments/542487
542828|2025-11-20|SO|VIII U 1718/25|Uzasadnienie|https://www.saos.org.pl/judgments/542828
542822|2025-11-20|SO|VIII U 1280/25|Uzasadnienie|https://www.saos.org.pl/judgments/542822
542820|2025-11-17|SO|VIII P 25/24|Uzasadnienie|https://www.saos.org.pl/judgments/542820
543460|2025-11-04|SO|III AUa 1412/25|Wyrok|https://www.saos.org.pl/judgments/543460
542413|2025-11-04|SO|VIII Pa 152/25|Uzasadnienie|https://www.saos.org.pl/judgments/542413
538960|2025-11-04|SO|VII P 25/23|Wyrok|https://www.saos.org.pl/judgments/538960
540872|2025-10-27|SO|VI P 115/25|Wyrok|https://www.saos.org.pl/judgments/540872
541526|2025-10-23|SO|IV P 195/25|Wyrok|https://www.saos.org.pl/judgments/541526
537191|2025-10-22|SO|VI Pa 86/25|Wyrok|https://www.saos.org.pl/judgments/537191
537027|2025-10-20|SO|VIII U 906/25|Uzasadnienie|https://www.saos.org.pl/judgments/537027
536774|2025-10-20|SO|VIII Pa 172/25|Uzasadnienie|https://www.saos.org.pl/judgments/536774
537137|2025-10-17|SO|VIII Pa 179/25|Uzasadnienie|https://www.saos.org.pl/judgments/537137
542141|2025-10-08|SO|VIII Pa 130/25|Uzasadnienie|https://www.saos.org.pl/judgments/542141
536860|2025-10-08|SO|VIII Pa 162/25|Uzasadnienie|https://www.saos.org.pl/judgments/536860
537832|2025-10-01|SO|IV P 1198/24|Wyrok|https://www.saos.org.pl/judgments/537832
537833|2025-09-24|SO|IV P 1293/23|Wyrok|https://www.saos.org.pl/judgments/537833
536222|2025-09-19|SO|IV P 14/25|Wyrok|https://www.saos.org.pl/judgments/536222
535969|2025-08-29|SO|VII Pa 91/24|Wyrok|https://www.saos.org.pl/judgments/535969
535119|2025-08-19|SO|VIII U 341/25|Uzasadnienie|https://www.saos.org.pl/judgments/535119
532619|2025-08-18|SO|VIII Pa 163/24|Uzasadnienie|https://www.saos.org.pl/judgments/532619
531600|2025-08-08|SO|IX P 490/24|Zarządzenie|https://www.saos.org.pl/judgments/531600
531599|2025-08-04|SO|IX P 461/19|Zarządzenie|https://www.saos.org.pl/judgments/531599
534452|2025-08-01|SO|IV P 508/24|Wyrok|https://www.saos.org.pl/judgments/534452
535266|2025-07-31|SO|II K 543/24|Wyrok|https://www.saos.org.pl/judgments/535266
544854|2025-07-11|SO|IV P 89/25|Wyrok|https://www.saos.org.pl/judgments/544854
530707|2025-07-11|SO|IX P 516/23|Zarządzenie|https://www.saos.org.pl/judgments/530707
530186|2025-07-11|SO|VIII Pa 109/25|Uzasadnienie|https://www.saos.org.pl/judgments/530186
533786|2025-07-10|SO|IV P 85/25|Wyrok|https://www.saos.org.pl/judgments/533786
534390|2025-07-03|SO|V P 6/24|Wyrok|https://www.saos.org.pl/judgments/534390
530188|2025-06-30|SO|VIII Pa 25/25|Uzasadnienie|https://www.saos.org.pl/judgments/530188
540328|2025-06-24|SO|VII Pa 390/24|Wyrok|https://www.saos.org.pl/judgments/540328
533193|2025-06-24|SO|VII Pa 259/24|Wyrok|https://www.saos.org.pl/judgments/533193
534271|2025-06-18|SO|V Pa 44/24|Wyrok|https://www.saos.org.pl/judgments/534271
529545|2025-06-17|SO|VIII Pa 83/25|Uzasadnienie|https://www.saos.org.pl/judgments/529545
537840|2025-05-28|SO|IV P 817/24|Wyrok|https://www.saos.org.pl/judgments/537840
536411|2025-05-27|SO|VIII P 1121/24|Uzasadnienie|https://www.saos.org.pl/judgments/536411
541211|2025-05-22|SO|III AUa 533/25|Uzasadnienie|https://www.saos.org.pl/judgments/541211
537941|2025-05-21|SO|III AUa 817/24|Wyrok|https://www.saos.org.pl/judgments/537941
537549|2025-05-20|SO|III Pa 19/25|Wyrok|https://www.saos.org.pl/judgments/537549
529461|2025-04-25|SO|VIII Pa 526/24|Uzasadnienie|https://www.saos.org.pl/judgments/529461
530342|2025-04-24|SO|VIII Pa 519/24|Uzasadnienie|https://www.saos.org.pl/judgments/530342
528731|2025-04-22|SO|IV Pa 237/24|Wyrok|https://www.saos.org.pl/judgments/528731
529535|2025-04-16|SO|VIII Pa 40/25|Uzasadnienie|https://www.saos.org.pl/judgments/529535
544596|2025-04-10|SO|III AUa 1023/24|Wyrok|https://www.saos.org.pl/judgments/544596
532827|2025-04-10|SO|VIII U 1956/24|Uzasadnienie|https://www.saos.org.pl/judgments/532827
527777|2025-04-09|SO|III AUa 651/24|Wyrok|https://www.saos.org.pl/judgments/527777
525189|2025-04-07|SO|VI Pa 169/24|Wyrok|https://www.saos.org.pl/judgments/525189
529455|2025-04-02|SO|VIII Pa 467/24|Uzasadnienie|https://www.saos.org.pl/judgments/529455
537330|2025-03-28|SO|III Pa 133/24|Wyrok|https://www.saos.org.pl/judgments/537330
532810|2025-03-20|SO|VIII P 29/21|Uzasadnienie|https://www.saos.org.pl/judgments/532810
531770|2025-03-20|SO|III APa 6/24|Wyrok|https://www.saos.org.pl/judgments/531770
523394|2025-03-18|SO|VI Ka 1438/24|Wyrok|https://www.saos.org.pl/judgments/523394
523951|2025-03-17|SO|IV U 86/25|Wyrok|https://www.saos.org.pl/judgments/523951
528233|2025-03-14|SO|IV P 469/24|Wyrok|https://www.saos.org.pl/judgments/528233
523554|2025-03-13|SO|IX P 873/24|Zarządzenie|https://www.saos.org.pl/judgments/523554
525544|2025-03-12|SO|VII Pa 53/23|Wyrok|https://www.saos.org.pl/judgments/525544
526509|2025-03-07|SO|VIII Pa 488/24|Uzasadnienie|https://www.saos.org.pl/judgments/526509
522970|2025-03-06|SO|XI Pa 116/25|Wyrok|https://www.saos.org.pl/judgments/522970
526514|2025-03-03|SO|VIII Pa 512/24|Uzasadnienie|https://www.saos.org.pl/judgments/526514
522252|2025-02-25|SO|VIII Pa 490/24|Uzasadnienie|https://www.saos.org.pl/judgments/522252
542195|2025-02-06|SO|VII Pa 92/23|Wyrok|https://www.saos.org.pl/judgments/542195
537905|2025-02-05|SO|III AUa 179/24|Wyrok|https://www.saos.org.pl/judgments/537905
522583|2025-02-03|SO|VII P 63/24|Wyrok|https://www.saos.org.pl/judgments/522583
522856|2025-01-29|SO|VII U 1226/23|Wyrok|https://www.saos.org.pl/judgments/522856
527136|2025-01-24|SO|VI P 118/22|Wyrok|https://www.saos.org.pl/judgments/527136
521550|2025-01-10|SO|IV Pa 185/24|Uzasadnienie|https://www.saos.org.pl/judgments/521550
527597|2025-01-09|SO|VIII U 1133/24|Uzasadnienie|https://www.saos.org.pl/judgments/527597
520235|2024-12-23|SO|VII U 1117/22|Wyrok|https://www.saos.org.pl/judgments/520235
528097|2024-12-20|SO|XIV P 71/23|Wyrok|https://www.saos.org.pl/judgments/528097
527065|2024-12-20|SO|VIII U 1992/24|Uzasadnienie|https://www.saos.org.pl/judgments/527065
526465|2024-12-18|SO|IV P 657/24|Uzasadnienie|https://www.saos.org.pl/judgments/526465
528102|2024-12-13|SO|XXI P 37/23|Wyrok|https://www.saos.org.pl/judgments/528102
528101|2024-12-13|SO|XXI P 33/23|Wyrok|https://www.saos.org.pl/judgments/528101
520001|2024-12-12|SO|VI Pa 137/23|Wyrok|https://www.saos.org.pl/judgments/520001
518616|2024-12-10|SO|IV Pa 214/24|Wyrok|https://www.saos.org.pl/judgments/518616
523017|2024-12-02|SO|III APa 16/22|Uzasadnienie|https://www.saos.org.pl/judgments/523017
517756|2024-11-20|SO|VII Pa 84/23|Wyrok|https://www.saos.org.pl/judgments/517756
517755|2024-11-20|SO|VII Pa 82/23|Wyrok|https://www.saos.org.pl/judgments/517755
518987|2024-11-19|SO|IV P 754/24|Wyrok|https://www.saos.org.pl/judgments/518987
530918|2024-11-14|SO|III APa 11/23|Wyrok|https://www.saos.org.pl/judgments/530918
521884|2024-11-12|SO|III AUa 881/23|Wyrok|https://www.saos.org.pl/judgments/521884
523284|2024-10-31|SO|IV P 101/23|Wyrok|https://www.saos.org.pl/judgments/523284
520553|2024-10-21|SO|VI Pa 103/24|Uzasadnienie|https://www.saos.org.pl/judgments/520553
526999|2024-10-18|SO|III Pa 33/24|Wyrok|https://www.saos.org.pl/judgments/526999
526853|2024-10-18|SO|III Pa 35/24|Wyrok|https://www.saos.org.pl/judgments/526853
522352|2024-10-16|SO|VIII Pa 55/24|Uzasadnienie|https://www.saos.org.pl/judgments/522352
516208|2024-10-08|SO|VI Pa 98/23|Wyrok|https://www.saos.org.pl/judgments/516208
525857|2024-10-07|SO|VI P 141/23|Wyrok|https://www.saos.org.pl/judgments/525857
524664|2024-10-07|SO|VIII U 860/24|Uzasadnienie|https://www.saos.org.pl/judgments/524664
524730|2024-10-02|SO|VIII P 36/23|Uzasadnienie|https://www.saos.org.pl/judgments/524730
524616|2024-10-02|SO|VIII U 1058/24|Uzasadnienie|https://www.saos.org.pl/judgments/524616
531251|2024-09-13|SO|IV P 72/23|Wyrok|https://www.saos.org.pl/judgments/531251
504068|2024-09-09|SO|II Ka 509/24|Wyrok|https://www.saos.org.pl/judgments/504068
511838|2024-08-29|SO|VII Pa 36/24|Wyrok|https://www.saos.org.pl/judgments/511838
518913|2024-08-28|SO|VIII U 988/24|Uzasadnienie|https://www.saos.org.pl/judgments/518913
504592|2024-08-19|SO|III APa 10/24|Wyrok|https://www.saos.org.pl/judgments/504592
505215|2024-08-07|SO|III AUa 952/22|Wyrok|https://www.saos.org.pl/judgments/505215
511990|2024-08-02|SO|VII U 1480/23|Wyrok|https://www.saos.org.pl/judgments/511990
509427|2024-08-02|SO|IX P 377/23|Zarządzenie|https://www.saos.org.pl/judgments/509427
541260|2024-07-19|SO|V P 281/23|Wyrok|https://www.saos.org.pl/judgments/541260
508831|2024-07-03|SO|IV Pa 30/24|Wyrok|https://www.saos.org.pl/judgments/508831
508823|2024-07-03|SO|IV Pa 25/24|Wyrok|https://www.saos.org.pl/judgments/508823
508818|2024-07-03|SO|IV Pa 22/24|Wyrok|https://www.saos.org.pl/judgments/508818
508772|2024-06-18|SO|IV P 61/23|Wyrok|https://www.saos.org.pl/judgments/508772
513659|2024-05-29|SO|VIII U 2198/23|Uzasadnienie|https://www.saos.org.pl/judgments/513659
509370|2024-05-27|SO|IX P 194/23|Zarządzenie|https://www.saos.org.pl/judgments/509370
511777|2024-05-23|SO|VII P 17/23|Wyrok|https://www.saos.org.pl/judgments/511777
513284|2024-05-17|SO|VIII U 1373/23|Uzasadnienie|https://www.saos.org.pl/judgments/513284
514240|2024-05-14|SO|VIII U 988/23|Uzasadnienie|https://www.saos.org.pl/judgments/514240
512945|2024-05-06|SO|VIII Pa 2/24|Uzasadnienie|https://www.saos.org.pl/judgments/512945
504707|2024-05-06|SO|III AUa 1238/22|Wyrok|https://www.saos.org.pl/judgments/504707
512920|2024-04-16|SO|VIII Pa 117/23|Uzasadnienie|https://www.saos.org.pl/judgments/512920
512902|2024-04-12|SO|VIII Pa 108/23|Uzasadnienie|https://www.saos.org.pl/judgments/512902
515801|2024-04-10|SO|VI P 142/18|Wyrok|https://www.saos.org.pl/judgments/515801
510978|2024-04-10|SO|VI Ka 127/24|Wyrok|https://www.saos.org.pl/judgments/510978
513494|2024-04-08|SO|VIII U 1853/23|Uzasadnienie|https://www.saos.org.pl/judgments/513494
536835|2024-04-05|SO|XXI Pa 21/23|Wyrok|https://www.saos.org.pl/judgments/536835
511861|2024-04-05|SO|VII Pa 66/23|Wyrok|https://www.saos.org.pl/judgments/511861
513832|2024-04-04|SO|VIII U 2996/21|Uzasadnienie|https://www.saos.org.pl/judgments/513832
511837|2024-03-27|SO|VII Pa 34/23|Wyrok|https://www.saos.org.pl/judgments/511837
526612|2024-03-25|SO|III Pa 13/23|Wyrok|https://www.saos.org.pl/judgments/526612
514519|2024-03-21|SO|XI Pa 29/24|Wyrok|https://www.saos.org.pl/judgments/514519
509381|2024-03-14|SO|IX P 221/23|Zarządzenie|https://www.saos.org.pl/judgments/509381
513829|2024-03-13|SO|VIII U 2980/21|Uzasadnienie|https://www.saos.org.pl/judgments/513829
520860|2024-03-12|SO|V P 125/22|Wyrok|https://www.saos.org.pl/judgments/520860
504882|2024-03-11|SO|III AUa 275/22|Wyrok|https://www.saos.org.pl/judgments/504882
512895|2024-03-01|SO|VIII Pa 104/23|Uzasadnienie|https://www.saos.org.pl/judgments/512895
511863|2024-02-29|SO|VII Pa 76/22|Wyrok|https://www.saos.org.pl/judgments/511863
508864|2024-02-22|SO|IV Pa 55/23|Wyrok|https://www.saos.org.pl/judgments/508864
505209|2024-02-21|SO|III AUa 92/22|Wyrok|https://www.saos.org.pl/judgments/505209
511857|2024-02-16|SO|VII Pa 60/23|Wyrok|https://www.saos.org.pl/judgments/511857
513051|2024-02-14|SO|VIII Pa 93/23|Uzasadnienie|https://www.saos.org.pl/judgments/513051
511784|2024-02-14|SO|VII P 23/22|Wyrok|https://www.saos.org.pl/judgments/511784
509475|2024-02-12|SO|IX P 725/20|Zarządzenie|https://www.saos.org.pl/judgments/509475
508742|2024-02-12|SO|IV P 421/23|Wyrok|https://www.saos.org.pl/judgments/508742
507143|2024-02-06|SO|III Ns 19/24|Postanowienie|https://www.saos.org.pl/judgments/507143
511434|2024-02-02|SO|VI Pa 63/23|Wyrok|https://www.saos.org.pl/judgments/511434
516942|2024-02-01|SO|III APa 8/23|Wyrok|https://www.saos.org.pl/judgments/516942
508671|2024-01-24|SO|IV P 114/23|Wyrok|https://www.saos.org.pl/judgments/508671
504765|2024-01-24|SO|III AUa 1491/22|Wyrok|https://www.saos.org.pl/judgments/504765
544925|2024-01-11|SO|V P 108/21|Wyrok|https://www.saos.org.pl/judgments/544925
543264|2024-01-11|SO|V P 98/21|Wyrok|https://www.saos.org.pl/judgments/543264
511828|2024-01-08|SO|VII Pa 23/23|Wyrok|https://www.saos.org.pl/judgments/511828
512974|2024-01-04|SO|VIII Pa 39/23|Uzasadnienie|https://www.saos.org.pl/judgments/512974
513015|2023-12-28|SO|VIII Pa 68/23|Uzasadnienie|https://www.saos.org.pl/judgments/513015
510358|2023-12-21|SO|V Pa 16/23|Wyrok|https://www.saos.org.pl/judgments/510358
511827|2023-12-13|SO|VII Pa 20/23|Wyrok|https://www.saos.org.pl/judgments/511827
541232|2023-12-11|SO|IV P 158/22|Wyrok|https://www.saos.org.pl/judgments/541232
513007|2023-12-06|SO|VIII Pa 64/23|Uzasadnienie|https://www.saos.org.pl/judgments/513007
510354|2023-12-05|SO|V Pa 12/23|Wyrok|https://www.saos.org.pl/judgments/510354
508839|2023-11-30|SO|IV Pa 35/23|Wyrok|https://www.saos.org.pl/judgments/508839
512915|2023-11-23|SO|VIII Pa 116/21|Uzasadnienie|https://www.saos.org.pl/judgments/512915
511444|2023-11-22|SO|VI Pa 97/23|Wyrok|https://www.saos.org.pl/judgments/511444
512994|2023-11-20|SO|VIII Pa 54/23|Uzasadnienie|https://www.saos.org.pl/judgments/512994
511810|2023-11-08|SO|VII Pa 107/22|Wyrok|https://www.saos.org.pl/judgments/511810
504514|2023-11-08|SO|II W 579/23|Uzasadnienie|https://www.saos.org.pl/judgments/504514
511823|2023-11-03|SO|VII Pa 159/22|Wyrok|https://www.saos.org.pl/judgments/511823
509428|2023-10-30|SO|IX P 380/22|Uzasadnienie|https://www.saos.org.pl/judgments/509428
508708|2023-10-13|SO|IV P 211/23|Wyrok|https://www.saos.org.pl/judgments/508708
542897|2023-10-12|SO|IV P 16/23|Wyrok|https://www.saos.org.pl/judgments/542897
507175|2023-10-12|SO|III Pa 51/23|Wyrok|https://www.saos.org.pl/judgments/507175
511909|2023-10-03|SO|VII U 1196/22|Wyrok|https://www.saos.org.pl/judgments/511909
497445|2023-10-03|SO|I C 302/23|Wyrok|https://www.saos.org.pl/judgments/497445
511440|2023-09-29|SO|VI Pa 8/23|Wyrok|https://www.saos.org.pl/judgments/511440
505028|2023-09-29|SO|III AUa 5/23|Wyrok|https://www.saos.org.pl/judgments/505028
509080|2023-09-15|SO|IV U 398/22|Wyrok|https://www.saos.org.pl/judgments/509080
508760|2023-08-31|SO|IV P 50/22|Wyrok|https://www.saos.org.pl/judgments/508760
508717|2023-08-18|SO|IV P 260/19|Wyrok|https://www.saos.org.pl/judgments/508717
538111|2023-08-17|SO|VI P 450/19|Wyrok|https://www.saos.org.pl/judgments/538111
526376|2023-08-11|SO|XIII P 53/21|Wyrok|https://www.saos.org.pl/judgments/526376
511425|2023-08-10|SO|VI Pa 14/23|Wyrok|https://www.saos.org.pl/judgments/511425
492133|2023-07-24|SO|VIII Pa 44/23|Uzasadnienie|https://www.saos.org.pl/judgments/492133
492064|2023-07-21|SO|VIII U 2452/22|Uzasadnienie|https://www.saos.org.pl/judgments/492064
516774|2023-07-18|SO|V Pa 7/23|Wyrok|https://www.saos.org.pl/judgments/516774
512184|2023-07-12|SO|VII U 644/22|Wyrok|https://www.saos.org.pl/judgments/512184
508696|2023-07-12|SO|IV P 171/22|Wyrok|https://www.saos.org.pl/judgments/508696
504589|2023-07-12|SO|III APa 1/22|Wyrok|https://www.saos.org.pl/judgments/504589
519506|2023-07-11|SO|IV Pa 48/22|Wyrok|https://www.saos.org.pl/judgments/519506
490941|2023-07-06|SO|IX U 236/18|Zarządzenie|https://www.saos.org.pl/judgments/490941
511867|2023-06-30|SO|VII Pa 86/22|Wyrok|https://www.saos.org.pl/judgments/511867
504615|2023-06-29|SO|III APa 4/22|Wyrok|https://www.saos.org.pl/judgments/504615
511814|2023-06-27|SO|VII Pa 112/22|Wyrok|https://www.saos.org.pl/judgments/511814
490368|2023-06-26|SO|VIII Pa 93/22|Uzasadnienie|https://www.saos.org.pl/judgments/490368
508695|2023-06-20|SO|IV P 17/23|Wyrok|https://www.saos.org.pl/judgments/508695
490021|2023-06-19|SO|VIII U 1065/21|Uzasadnienie|https://www.saos.org.pl/judgments/490021
489658|2023-06-14|SO|VIII Pa 18/23|Uzasadnienie|https://www.saos.org.pl/judgments/489658
489649|2023-06-13|SO|IX P 724/20|Zarządzenie|https://www.saos.org.pl/judgments/489649
489785|2023-06-06|SO|VIII U 2012/22|Uzasadnienie|https://www.saos.org.pl/judgments/489785
504628|2023-05-31|SO|III APa 6/22|Wyrok|https://www.saos.org.pl/judgments/504628
512924|2023-05-24|SO|VIII Pa 12/23|Zarządzenie|https://www.saos.org.pl/judgments/512924
542752|2023-05-18|SO|V Pa 9/23|Wyrok|https://www.saos.org.pl/judgments/542752
487908|2023-05-15|SO|IX P 332/22|Zarządzenie|https://www.saos.org.pl/judgments/487908
492647|2023-05-11|SO|VI P 225/22|Wyrok|https://www.saos.org.pl/judgments/492647
487956|2023-05-05|SO|II Ka 200/23|Wyrok|https://www.saos.org.pl/judgments/487956
488848|2023-04-28|SO|IV P 35/23|Wyrok|https://www.saos.org.pl/judgments/488848
542005|2023-04-25|SO|IV P 124/22|Wyrok|https://www.saos.org.pl/judgments/542005
487715|2023-04-21|SO|VI P 280/22|Wyrok|https://www.saos.org.pl/judgments/487715
508704|2023-04-20|SO|IV P 2/22|Wyrok|https://www.saos.org.pl/judgments/508704
515130|2023-04-18|SO|XVII AmE 271/21|Wyrok|https://www.saos.org.pl/judgments/515130
488239|2023-04-18|SO|IV P 4/23|Wyrok|https://www.saos.org.pl/judgments/488239
490316|2023-04-17|SO|V P 8/21|Wyrok|https://www.saos.org.pl/judgments/490316
486753|2023-04-13|SO|VIII Pa 107/22|Uzasadnienie|https://www.saos.org.pl/judgments/486753
490317|2023-04-12|SO|V Pa 33/22|Wyrok|https://www.saos.org.pl/judgments/490317
542737|2023-03-30|SO|V Pa 100/22|Wyrok|https://www.saos.org.pl/judgments/542737
504596|2023-03-30|SO|III APa 16/21|Wyrok|https://www.saos.org.pl/judgments/504596
486918|2023-03-30|SO|VIII U 2802/21|Uzasadnienie|https://www.saos.org.pl/judgments/486918
485794|2023-03-28|SO|VIII Pa 1/23|Uzasadnienie|https://www.saos.org.pl/judgments/485794
484472|2023-03-14|SO|IX P 361/22|Zarządzenie|https://www.saos.org.pl/judgments/484472
488664|2023-03-10|SO|III APa 1/22|Wyrok|https://www.saos.org.pl/judgments/488664
484239|2023-03-10|SO|VIII Pa 121/22|Uzasadnienie|https://www.saos.org.pl/judgments/484239
485058|2023-03-08|SO|XI Pa 17/23|Wyrok|https://www.saos.org.pl/judgments/485058
485799|2023-03-07|SO|VIII Pa 98/22|Uzasadnienie|https://www.saos.org.pl/judgments/485799
485057|2023-03-02|SO|XI P 53/22|Wyrok|https://www.saos.org.pl/judgments/485057
484446|2023-02-23|SO|III APa 7/22|Wyrok|https://www.saos.org.pl/judgments/484446
483149|2023-02-22|SO|VIII Pa 104/22|Uzasadnienie|https://www.saos.org.pl/judgments/483149
491233|2023-02-20|SO|VI P 84/17|Wyrok|https://www.saos.org.pl/judgments/491233
487299|2023-02-17|SO|III AUa 666/20|Wyrok|https://www.saos.org.pl/judgments/487299
486650|2023-02-16|SO|III AUa 168/21|Wyrok|https://www.saos.org.pl/judgments/486650
483218|2023-02-15|SO|VIII U 1958/22|Uzasadnienie|https://www.saos.org.pl/judgments/483218
484647|2023-02-10|SO|IV Pa 38/22|Wyrok|https://www.saos.org.pl/judgments/484647
486482|2023-02-08|SO|VI Ka 565/22|Wyrok|https://www.saos.org.pl/judgments/486482
483392|2023-02-03|SO|IV P 95/22|Wyrok|https://www.saos.org.pl/judgments/483392
520498|2023-01-31|SO|III AUa 1168/21|Uzasadnienie|https://www.saos.org.pl/judgments/520498
491739|2023-01-31|SO|V Pa 1/23|Wyrok|https://www.saos.org.pl/judgments/491739
487855|2023-01-31|SO|V U 804/22|Wyrok|https://www.saos.org.pl/judgments/487855
504778|2023-01-30|SO|III AUa 1541/21|Wyrok|https://www.saos.org.pl/judgments/504778
483121|2023-01-23|SO|VII U 284/21|Wyrok|https://www.saos.org.pl/judgments/483121
519505|2023-01-19|SO|IV Pa 39/22|Wyrok|https://www.saos.org.pl/judgments/519505
487861|2023-01-19|SO|VI P 487/20|Wyrok|https://www.saos.org.pl/judgments/487861
482105|2023-01-17|SO|IV P 80/22|Wyrok|https://www.saos.org.pl/judgments/482105
483027|2023-01-13|SO|IV Pa 34/22|Wyrok|https://www.saos.org.pl/judgments/483027
481085|2023-01-13|SO|IX P 267/20|Zarządzenie|https://www.saos.org.pl/judgments/481085
504783|2023-01-12|SO|III AUa 156/22|Wyrok|https://www.saos.org.pl/judgments/504783
485389|2023-01-12|SO|V Pa 35/22|Wyrok|https://www.saos.org.pl/judgments/485389
484186|2023-01-12|SO|V Pa 31/22|Wyrok|https://www.saos.org.pl/judgments/484186
540614|2023-01-11|SO|XVII AmA 66/21|Wyrok|https://www.saos.org.pl/judgments/540614
481817|2023-01-10|SO|VIII U 1102/22|Zarządzenie|https://www.saos.org.pl/judgments/481817
480543|2023-01-04|SO|IX P 674/20|Zarządzenie|https://www.saos.org.pl/judgments/480543
519503|2022-12-30|SO|IV Pa 32/22|Wyrok|https://www.saos.org.pl/judgments/519503
485777|2022-12-29|SO|V Pa 27/21|Wyrok|https://www.saos.org.pl/judgments/485777
481148|2022-12-27|SO|VIII Pa 54/22|Zarządzenie|https://www.saos.org.pl/judgments/481148
519501|2022-12-22|SO|IV Pa 27/22|Wyrok|https://www.saos.org.pl/judgments/519501
482212|2022-12-20|SO|IV Pa 23/22|Wyrok|https://www.saos.org.pl/judgments/482212
480245|2022-12-16|SO|IV P 72/22|Wyrok|https://www.saos.org.pl/judgments/480245
479359|2022-12-08|SO|IV P 61/22|Wyrok|https://www.saos.org.pl/judgments/479359
478812|2022-12-08|SO|VIII Pa 56/22|Uzasadnienie|https://www.saos.org.pl/judgments/478812
487808|2022-12-05|SO|IV P 98/22|Wyrok|https://www.saos.org.pl/judgments/487808
485281|2022-12-02|SO|IV U 539/22|Wyrok|https://www.saos.org.pl/judgments/485281
508771|2022-11-30|SO|IV P 61/21|Wyrok|https://www.saos.org.pl/judgments/508771
483100|2022-11-30|SO|VII Pa 38/22|Wyrok|https://www.saos.org.pl/judgments/483100
483362|2022-11-24|SO|III APa 8/22|Wyrok|https://www.saos.org.pl/judgments/483362
480973|2022-11-23|SO|IV P 133/22|Wyrok|https://www.saos.org.pl/judgments/480973
480416|2022-11-10|SO|VII P 14/21|Wyrok|https://www.saos.org.pl/judgments/480416
479571|2022-11-08|SO|VII Pa 80/21|Wyrok|https://www.saos.org.pl/judgments/479571
481562|2022-11-04|SO|VII Pa 50/22|Wyrok|https://www.saos.org.pl/judgments/481562
479173|2022-11-04|SO|IV U 554/22|Wyrok|https://www.saos.org.pl/judgments/479173
491615|2022-11-03|SO|III AUa 330/22|Wyrok|https://www.saos.org.pl/judgments/491615
477506|2022-11-03|SO|VIII U 2548/21|Zarządzenie|https://www.saos.org.pl/judgments/477506
476968|2022-11-03|SO|IX P 84/21|Zarządzenie|https://www.saos.org.pl/judgments/476968
476250|2022-10-28|SO|VIII Pa 83/22|Uzasadnienie|https://www.saos.org.pl/judgments/476250
477399|2022-10-27|SO|IV Pa 26/22|Wyrok|https://www.saos.org.pl/judgments/477399
476911|2022-10-27|SO|IV P 4/22|Wyrok|https://www.saos.org.pl/judgments/476911
476248|2022-10-27|SO|VIII Pa 43/22|Zarządzenie|https://www.saos.org.pl/judgments/476248
479214|2022-10-14|SO|IV U 142/22|Wyrok|https://www.saos.org.pl/judgments/479214
519507|2022-10-12|SO|IV Pa 6/22|Wyrok|https://www.saos.org.pl/judgments/519507
482353|2022-10-10|SO|XVII AmE 21/21|Wyrok|https://www.saos.org.pl/judgments/482353
541237|2022-10-07|SO|IV Pa 19/22|Wyrok|https://www.saos.org.pl/judgments/541237
477996|2022-10-05|SO|IV Pa 20/22|Wyrok|https://www.saos.org.pl/judgments/477996
477899|2022-10-05|SO|IV P 62/22|Wyrok|https://www.saos.org.pl/judgments/477899
474820|2022-10-03|SO|IX P 160/18|Zarządzenie|https://www.saos.org.pl/judgments/474820
511809|2022-09-30|SO|VII P 87/22|Wyrok|https://www.saos.org.pl/judgments/511809
484752|2022-09-29|SO|III AUa 269/21|Wyrok|https://www.saos.org.pl/judgments/484752
477926|2022-09-29|SO|VII Pa 3/22|Wyrok|https://www.saos.org.pl/judgments/477926
477682|2022-09-27|SO|III APa 14/22|Uzasadnienie|https://www.saos.org.pl/judgments/477682
510374|2022-09-23|SO|V Pa 36/22|Wyrok|https://www.saos.org.pl/judgments/510374
508798|2022-09-21|SO|IV P 97/22|Wyrok|https://www.saos.org.pl/judgments/508798
476678|2022-09-20|SO|VIII U 1399/21|Zarządzenie|https://www.saos.org.pl/judgments/476678
474230|2022-09-19|SO|VIII Pa 192/21|Uzasadnienie|https://www.saos.org.pl/judgments/474230
479363|2022-09-13|SO|V U 133/22|Wyrok|https://www.saos.org.pl/judgments/479363
474813|2022-09-13|SO|IV Pa 14/22|Wyrok|https://www.saos.org.pl/judgments/474813
476119|2022-09-12|SO|VIII U 238/22|Uzasadnienie|https://www.saos.org.pl/judgments/476119
474423|2022-09-09|SO|VII Pa 110/15|Wyrok|https://www.saos.org.pl/judgments/474423
472568|2022-09-09|SO|IX P 339/19|Zarządzenie|https://www.saos.org.pl/judgments/472568
479640|2022-09-08|SO|III Pa 11/22|Wyrok|https://www.saos.org.pl/judgments/479640
476103|2022-09-08|SO|VIII Pa 52/22|Uzasadnienie|https://www.saos.org.pl/judgments/476103
475542|2022-09-06|SO|IV P 117/21|Wyrok|https://www.saos.org.pl/judgments/475542
476817|2022-09-01|SO|VIII P 20/21|Wyrok|https://www.saos.org.pl/judgments/476817
474545|2022-08-30|SO|VIII Pa 50/22|Uzasadnienie|https://www.saos.org.pl/judgments/474545
477138|2022-08-29|SO|IV P 88/22|Wyrok|https://www.saos.org.pl/judgments/477138
474323|2022-08-29|SO|VII Pa 27/22|Wyrok|https://www.saos.org.pl/judgments/474323
471784|2022-08-29|SO|IX P 643/18|Zarządzenie|https://www.saos.org.pl/judgments/471784
478385|2022-08-17|SO|III APa 1/22|Wyrok|https://www.saos.org.pl/judgments/478385
475252|2022-08-17|SO|VII Pa 101/21|Wyrok|https://www.saos.org.pl/judgments/475252
474541|2022-08-16|SO|VIII Pa 45/22|Uzasadnienie|https://www.saos.org.pl/judgments/474541
474325|2022-07-29|SO|VII Pa 59/22|Wyrok|https://www.saos.org.pl/judgments/474325
473711|2022-07-28|SO|VIII Pa 42/22|Wyrok|https://www.saos.org.pl/judgments/473711
471623|2022-07-21|SO|VIII U 2549/21|Zarządzenie|https://www.saos.org.pl/judgments/471623
475116|2022-07-18|SO|VIII U 2547/21|Uzasadnienie|https://www.saos.org.pl/judgments/475116
469747|2022-07-13|SO|VIII U 2546/21|Uzasadnienie|https://www.saos.org.pl/judgments/469747
475115|2022-07-12|SO|VIII U 2537/21|Uzasadnienie|https://www.saos.org.pl/judgments/475115
471773|2022-07-12|SO|IV P 1241/21|Wyrok|https://www.saos.org.pl/judgments/471773
470631|2022-07-07|SO|VIII U 175/22|Uzasadnienie|https://www.saos.org.pl/judgments/470631
542746|2022-06-30|SO|V Pa 24/22|Wyrok|https://www.saos.org.pl/judgments/542746
475054|2022-06-28|SO|IV P 75/20|Wyrok|https://www.saos.org.pl/judgments/475054
474077|2022-06-24|SO|III AUa 179/22|Wyrok|https://www.saos.org.pl/judgments/474077
512948|2022-06-23|SO|VIII Pa 22/22|Wyrok|https://www.saos.org.pl/judgments/512948
477062|2022-06-15|SO|XIII Pa 147/21|Wyrok|https://www.saos.org.pl/judgments/477062
471489|2022-06-14|SO|VI U 150/22|Wyrok|https://www.saos.org.pl/judgments/471489
474076|2022-06-08|SO|III AUa 17/21|Wyrok|https://www.saos.org.pl/judgments/474076
488800|2022-06-06|SO|V P 60/21|Wyrok|https://www.saos.org.pl/judgments/488800
475050|2022-06-03|SO|IV P 102/21|Wyrok|https://www.saos.org.pl/judgments/475050
466413|2022-06-02|SO|IX P 1/21|Zarządzenie|https://www.saos.org.pl/judgments/466413
474322|2022-05-31|SO|VII Pa 21/21|Wyrok|https://www.saos.org.pl/judgments/474322
470079|2022-05-30|SO|VIII Pa 21/22|Uzasadnienie|https://www.saos.org.pl/judgments/470079
472026|2022-05-27|SO|VIII Pa 39/22|Wyrok|https://www.saos.org.pl/judgments/472026
467925|2022-05-27|SO|IV P 88/21|Uzasadnienie|https://www.saos.org.pl/judgments/467925
465960|2022-05-27|SO|IX P 365/21|Zarządzenie|https://www.saos.org.pl/judgments/465960
473429|2022-05-24|SO|VI P 190/21|Wyrok|https://www.saos.org.pl/judgments/473429
467132|2022-05-24|SO|VIII U 2750/21|Uzasadnienie|https://www.saos.org.pl/judgments/467132
466309|2022-05-24|SO|VIII Pa 86/21|Uzasadnienie|https://www.saos.org.pl/judgments/466309
466311|2022-05-23|SO|VIII U 3013/20|Uzasadnienie|https://www.saos.org.pl/judgments/466311
465098|2022-05-23|SO|IX P 134/21|Zarządzenie|https://www.saos.org.pl/judgments/465098
511389|2022-05-20|SO|VI P 329/21|Wyrok|https://www.saos.org.pl/judgments/511389
471214|2022-05-20|SO|VIII U 474/22|Zarządzenie|https://www.saos.org.pl/judgments/471214
468048|2022-05-20|SO|IV U 1084/21|Wyrok|https://www.saos.org.pl/judgments/468048
467270|2022-05-20|SO|IV U 1284/21|Wyrok|https://www.saos.org.pl/judgments/467270
471194|2022-05-19|SO|VII U 992/21|Wyrok|https://www.saos.org.pl/judgments/471194
466147|2022-05-18|SO|V P 183/21|Uzasadnienie|https://www.saos.org.pl/judgments/466147
465197|2022-05-18|SO|IX P 403/21|Zarządzenie|https://www.saos.org.pl/judgments/465197
469491|2022-05-12|SO|III AUa 1633/21|Uzasadnienie|https://www.saos.org.pl/judgments/469491
471433|2022-05-10|SO|VI P 503/19|Wyrok|https://www.saos.org.pl/judgments/471433
470887|2022-05-10|SO|IV U 54/22|Wyrok|https://www.saos.org.pl/judgments/470887
470063|2022-05-10|SO|VI U 1592/21|Wyrok|https://www.saos.org.pl/judgments/470063
464492|2022-05-10|SO|VIII Pa 11/22|Uzasadnienie|https://www.saos.org.pl/judgments/464492
471694|2022-05-05|SO|VI P 130/20|Wyrok|https://www.saos.org.pl/judgments/471694
466745|2022-05-05|SO|V Pa 58/21|Wyrok|https://www.saos.org.pl/judgments/466745
464522|2022-05-04|SO|VIII U 2633/21|Zarządzenie|https://www.saos.org.pl/judgments/464522
465615|2022-04-27|SO|VII U 447/21|Wyrok|https://www.saos.org.pl/judgments/465615
468632|2022-04-26|SO|V Pa 56/21|Wyrok|https://www.saos.org.pl/judgments/468632
481808|2022-04-25|SO|V P 198/20|Wyrok|https://www.saos.org.pl/judgments/481808
465861|2022-04-22|SO|IV P 31/20|Wyrok|https://www.saos.org.pl/judgments/465861
465609|2022-04-14|SO|VII U 1764/21|Wyrok|https://www.saos.org.pl/judgments/465609
473163|2022-04-04|SO|IV Pa 54/21|Wyrok|https://www.saos.org.pl/judgments/473163
477337|2022-03-31|SO|III APa 4/21|Wyrok|https://www.saos.org.pl/judgments/477337
470265|2022-03-31|SO|III APa 49/21|Wyrok|https://www.saos.org.pl/judgments/470265
470279|2022-03-30|SO|III AUa 1737/19|Wyrok|https://www.saos.org.pl/judgments/470279
466143|2022-03-28|SO|V P 182/17|Uzasadnienie|https://www.saos.org.pl/judgments/466143
465371|2022-03-25|SO|IV P 163/21|Wyrok|https://www.saos.org.pl/judgments/465371
463196|2022-03-25|SO|IV U 1250/21|Wyrok|https://www.saos.org.pl/judgments/463196
465378|2022-03-17|SO|IV P 96/21|Wyrok|https://www.saos.org.pl/judgments/465378
474324|2022-03-15|SO|VII Pa 44/21|Wyrok|https://www.saos.org.pl/judgments/474324
461879|2022-03-14|SO|VIII U 1496/21|Zarządzenie|https://www.saos.org.pl/judgments/461879
465343|2022-03-08|SO|IV P 75/21|Uzasadnienie|https://www.saos.org.pl/judgments/465343
475251|2022-03-01|SO|VI P 367/20|Wyrok|https://www.saos.org.pl/judgments/475251
466157|2022-03-01|SO|V P 238/17|Uzasadnienie|https://www.saos.org.pl/judgments/466157
536143|2022-02-28|SO|XIII Pa 25/21|Wyrok|https://www.saos.org.pl/judgments/536143
463053|2022-02-24|SO|IV P 305/21|Wyrok|https://www.saos.org.pl/judgments/463053
461889|2022-02-21|SO|VIII U 2312/21|Uzasadnienie|https://www.saos.org.pl/judgments/461889
458951|2022-02-21|SO|VIII U 2744/21|Uzasadnienie|https://www.saos.org.pl/judgments/458951
458643|2022-02-21|SO|VIII Pa 155/21|Zarządzenie|https://www.saos.org.pl/judgments/458643
457719|2022-02-18|SO|IX P 327/19|Zarządzenie|https://www.saos.org.pl/judgments/457719
461003|2022-02-14|SO|IV U 406/21|Wyrok|https://www.saos.org.pl/judgments/461003
458649|2022-02-14|SO|VIII Pa 160/21|Uzasadnienie|https://www.saos.org.pl/judgments/458649
458353|2022-02-14|SO|VIII Pa 166/21|Uzasadnienie|https://www.saos.org.pl/judgments/458353
461005|2022-02-11|SO|IV U 565/21|Wyrok|https://www.saos.org.pl/judgments/461005
458350|2022-02-10|SO|VIII Pa 118/21|Zarządzenie|https://www.saos.org.pl/judgments/458350
460606|2022-02-09|SO|III AUa 1158/20|Wyrok|https://www.saos.org.pl/judgments/460606
458947|2022-02-08|SO|VIII U 2664/21|Zarządzenie|https://www.saos.org.pl/judgments/458947
461887|2022-02-07|SO|VIII U 2273/21|Uzasadnienie|https://www.saos.org.pl/judgments/461887
455092|2022-01-24|SO|IX P 469/20|Zarządzenie|https://www.saos.org.pl/judgments/455092
527667|2022-01-20|SO|IV Pa 2/21|Wyrok|https://www.saos.org.pl/judgments/527667
470140|2022-01-20|SO|III APa 28/20|Uzasadnienie|https://www.saos.org.pl/judgments/470140
459338|2022-01-18|SO|IV P 10/21|Wyrok|https://www.saos.org.pl/judgments/459338
459350|2022-01-14|SO|V P 228/21|Wyrok|https://www.saos.org.pl/judgments/459350
457929|2022-01-13|SO|IV P 218/21|Wyrok|https://www.saos.org.pl/judgments/457929
461537|2022-01-10|SO|IV P 66/20|Wyrok|https://www.saos.org.pl/judgments/461537
466753|2022-01-05|SO|VIII Pa 108/21|Wyrok|https://www.saos.org.pl/judgments/466753
468000|2021-12-30|SO|VIII Pa 41/21|Wyrok|https://www.saos.org.pl/judgments/468000
457869|2021-12-30|SO|IV P 79/21|Wyrok|https://www.saos.org.pl/judgments/457869
454796|2021-12-23|SO|IV P 19/21|Wyrok|https://www.saos.org.pl/judgments/454796
455833|2021-12-21|SO|VIII Pa 153/21|Uzasadnienie|https://www.saos.org.pl/judgments/455833
455391|2021-12-21|SO|VIII Pa 126/21|Uzasadnienie|https://www.saos.org.pl/judgments/455391
456191|2021-12-20|SO|VII U 160/20|Wyrok|https://www.saos.org.pl/judgments/456191
455829|2021-12-20|SO|VIII Pa 144/21|Uzasadnienie|https://www.saos.org.pl/judgments/455829
526633|2021-12-14|SO|IV P 201/21|Wyrok|https://www.saos.org.pl/judgments/526633
473999|2021-12-14|SO|VI Ka 528/21|Wyrok|https://www.saos.org.pl/judgments/473999
466657|2021-12-14|SO|VIII Pa 64/21|Wyrok|https://www.saos.org.pl/judgments/466657
457540|2021-12-13|SO|VIII U 527/21|Zarządzenie|https://www.saos.org.pl/judgments/457540
455399|2021-12-13|SO|VIII Pa 67/19|Uzasadnienie|https://www.saos.org.pl/judgments/455399
466655|2021-12-08|SO|VIII Pa 119/21|Wyrok|https://www.saos.org.pl/judgments/466655
511422|2021-12-07|SO|VI Pa 11/21|Wyrok|https://www.saos.org.pl/judgments/511422
466173|2021-12-03|SO|V P 92/20|Uzasadnienie|https://www.saos.org.pl/judgments/466173
451954|2021-11-25|SO|VIII Pa 110/21|Wyrok|https://www.saos.org.pl/judgments/451954
471287|2021-11-23|SO|VIII Pa 101/21|Wyrok|https://www.saos.org.pl/judgments/471287
454971|2021-11-22|SO|VII Pa 7/20|Wyrok|https://www.saos.org.pl/judgments/454971
515171|2021-11-17|SO|XVII AmE 64/20|Wyrok|https://www.saos.org.pl/judgments/515171
450331|2021-11-17|SO|IX P 565/20|Zarządzenie|https://www.saos.org.pl/judgments/450331
450701|2021-11-16|SO|IX P 203/21|Zarządzenie|https://www.saos.org.pl/judgments/450701
471131|2021-11-15|SO|IV P 81/20|Wyrok|https://www.saos.org.pl/judgments/471131
454325|2021-11-15|SO|VIII Pa 93/21|Wyrok|https://www.saos.org.pl/judgments/454325
459132|2021-11-10|SO|III AUa 1649/21|Uzasadnienie|https://www.saos.org.pl/judgments/459132
456747|2021-11-09|SO|VIII Pa 75/21|Wyrok|https://www.saos.org.pl/judgments/456747
449917|2021-11-08|SO|IX P 119/21|Uzasadnienie|https://www.saos.org.pl/judgments/449917
453348|2021-11-05|SO|VIII Pa 17/20|Uzasadnienie|https://www.saos.org.pl/judgments/453348
472272|2021-11-03|SO|III AUa 1713/21|Wyrok|https://www.saos.org.pl/judgments/472272
451152|2021-10-29|SO|III Pa 24/21|Wyrok|https://www.saos.org.pl/judgments/451152
453065|2021-10-27|SO|VI P 128/21|Wyrok|https://www.saos.org.pl/judgments/453065
448885|2021-10-27|SO|IX P 681/18|Zarządzenie|https://www.saos.org.pl/judgments/448885
454819|2021-10-25|SO|VIII Pa 35/21|Wyrok|https://www.saos.org.pl/judgments/454819
453155|2021-10-15|SO|VIII U 1924/21|Zarządzenie|https://www.saos.org.pl/judgments/453155
479431|2021-10-14|SO|VII P 64/20|Wyrok|https://www.saos.org.pl/judgments/479431
475355|2021-10-07|SO|III AUa 775/20|Wyrok|https://www.saos.org.pl/judgments/475355
452177|2021-10-07|SO|V Pa 40/20|Wyrok|https://www.saos.org.pl/judgments/452177
449119|2021-10-06|SO|IV U 619/21|Wyrok|https://www.saos.org.pl/judgments/449119
504622|2021-09-30|SO|III APa 50/20|Uzasadnienie|https://www.saos.org.pl/judgments/504622
453098|2021-09-23|SO|VIII Pa 85/21|Uzasadnienie|https://www.saos.org.pl/judgments/453098
448247|2021-09-23|SO|VII Pa 43/21|Wyrok|https://www.saos.org.pl/judgments/448247
453092|2021-09-17|SO|VIII Pa 73/21|Uzasadnienie|https://www.saos.org.pl/judgments/453092
453090|2021-09-16|SO|VIII Pa 70/21|Uzasadnienie|https://www.saos.org.pl/judgments/453090
453226|2021-09-13|SO|VIII Ua 23/21|Uzasadnienie|https://www.saos.org.pl/judgments/453226
461940|2021-09-01|SO|III APa 6/21|Wyrok|https://www.saos.org.pl/judgments/461940
525932|2021-08-31|SO|VII P 270/19|Wyrok|https://www.saos.org.pl/judgments/525932
451066|2021-08-31|SO|VIII U 1404/21|Uzasadnienie|https://www.saos.org.pl/judgments/451066
450089|2021-08-31|SO|VII Pa 46/20|Wyrok|https://www.saos.org.pl/judgments/450089
447322|2021-08-27|SO|IV P 40/21|Wyrok|https://www.saos.org.pl/judgments/447322
452900|2021-08-19|SO|VIII Pa 67/21|Uzasadnienie|https://www.saos.org.pl/judgments/452900
447901|2021-08-11|SO|VII Ua 60/20|Wyrok|https://www.saos.org.pl/judgments/447901
443727|2021-08-11|SO|IX P 347/19|Zarządzenie|https://www.saos.org.pl/judgments/443727
466564|2021-08-10|SO|IV Pa 20/21|Wyrok|https://www.saos.org.pl/judgments/466564
466760|2021-08-03|SO|IV Pa 25/21|Wyrok|https://www.saos.org.pl/judgments/466760
448775|2021-08-02|SO|VII U 985/20|Wyrok|https://www.saos.org.pl/judgments/448775
459575|2021-07-23|SO|IV P 61/20|Wyrok|https://www.saos.org.pl/judgments/459575
458133|2021-07-21|SO|IV P 7/21|Wyrok|https://www.saos.org.pl/judgments/458133
459016|2021-07-20|SO|III AUa 715/20|Uzasadnienie|https://www.saos.org.pl/judgments/459016
442955|2021-07-20|SO|VIII U 215/21|Uzasadnienie|https://www.saos.org.pl/judgments/442955
445446|2021-07-12|SO|VIII U 745/21|Zarządzenie|https://www.saos.org.pl/judgments/445446
446795|2021-07-06|SO|V P 13/19|Wyrok|https://www.saos.org.pl/judgments/446795
445638|2021-07-02|SO|IV Ka 361/21|Uzasadnienie|https://www.saos.org.pl/judgments/445638
448089|2021-06-30|SO|VII P 25/18|Wyrok|https://www.saos.org.pl/judgments/448089
510325|2021-06-29|SO|V P 2/20|Wyrok|https://www.saos.org.pl/judgments/510325
449635|2021-06-29|SO|V U 537/21|Wyrok|https://www.saos.org.pl/judgments/449635
445305|2021-06-29|SO|IV P 30/21|Uzasadnienie|https://www.saos.org.pl/judgments/445305
441338|2021-06-29|SO|IX P 483/20|Zarządzenie|https://www.saos.org.pl/judgments/441338
451194|2021-06-23|SO|VIII U 1639/20|Zarządzenie|https://www.saos.org.pl/judgments/451194
447783|2021-06-23|SO|IV P 60/21|Wyrok|https://www.saos.org.pl/judgments/447783
445325|2021-06-23|SO|VIII U 2390/20|Zarządzenie|https://www.saos.org.pl/judgments/445325
441765|2021-06-22|SO|IV P 112/20|Wyrok|https://www.saos.org.pl/judgments/441765
442260|2021-06-17|SO|III AUa 122/21|Wyrok|https://www.saos.org.pl/judgments/442260
439975|2021-06-15|SO|IX P 21/21|Zarządzenie|https://www.saos.org.pl/judgments/439975
451168|2021-06-11|SO|IV Pa 8/21|Wyrok|https://www.saos.org.pl/judgments/451168
445948|2021-06-08|SO|IV P 56/21|Wyrok|https://www.saos.org.pl/judgments/445948
445761|2021-06-04|SO|IV P 38/19|Wyrok|https://www.saos.org.pl/judgments/445761
449155|2021-05-31|SO|IV Pa 7/20|Postanowienie|https://www.saos.org.pl/judgments/449155
447951|2021-05-31|SO|VII Pa 18/21|Wyrok|https://www.saos.org.pl/judgments/447951
439708|2021-05-28|SO|IV P 119/20|Wyrok|https://www.saos.org.pl/judgments/439708
508820|2021-05-27|SO|IV Pa 24/21|Wyrok|https://www.saos.org.pl/judgments/508820
447881|2021-05-26|SO|VII Pa 54/20|Wyrok|https://www.saos.org.pl/judgments/447881
441154|2021-05-21|SO|IV P 116/20|Wyrok|https://www.saos.org.pl/judgments/441154
440324|2021-05-21|SO|III Pa 4/21|Wyrok|https://www.saos.org.pl/judgments/440324
510387|2021-05-20|SO|V Pa 58/20|Wyrok|https://www.saos.org.pl/judgments/510387
448170|2021-05-20|SO|III APa 1/21|Wyrok|https://www.saos.org.pl/judgments/448170
443421|2021-05-20|SO|VII P 446/20|Wyrok|https://www.saos.org.pl/judgments/443421
438659|2021-05-19|SO|IX P 467/19|Zarządzenie|https://www.saos.org.pl/judgments/438659
485939|2021-05-18|SO|VI U 183/20|Wyrok|https://www.saos.org.pl/judgments/485939
454822|2021-05-17|SO|VIII Pa 84/20|Wyrok|https://www.saos.org.pl/judgments/454822
440913|2021-05-17|SO|VIII Pa 47/20|Zarządzenie|https://www.saos.org.pl/judgments/440913
448500|2021-05-13|SO|VI P 68/17|Wyrok|https://www.saos.org.pl/judgments/448500
443244|2021-05-13|SO|IV P 332/20|Wyrok|https://www.saos.org.pl/judgments/443244
442500|2021-04-29|SO|III AUa 260/21|Wyrok|https://www.saos.org.pl/judgments/442500
436619|2021-04-29|SO|IX P 673/20|Zarządzenie|https://www.saos.org.pl/judgments/436619
484016|2021-04-27|SO|XXI Pa 589/19|Wyrok|https://www.saos.org.pl/judgments/484016
437776|2021-04-26|SO|IV Pa 13/21|Wyrok|https://www.saos.org.pl/judgments/437776
462904|2021-04-20|SO|III AUa 964/20|Wyrok|https://www.saos.org.pl/judgments/462904
440482|2021-04-20|SO|III AUa 81/21|Wyrok|https://www.saos.org.pl/judgments/440482
440523|2021-04-07|SO|VIII Pa 102/20|Uzasadnienie|https://www.saos.org.pl/judgments/440523
466296|2021-04-01|SO|IV Pa 11/21|Wyrok|https://www.saos.org.pl/judgments/466296
466167|2021-03-31|SO|V P 58/20|Uzasadnienie|https://www.saos.org.pl/judgments/466167
435299|2021-03-29|SO|IX P 461/20|Zarządzenie|https://www.saos.org.pl/judgments/435299
467908|2021-03-25|SO|III Pa 2/21|Wyrok|https://www.saos.org.pl/judgments/467908
452741|2021-03-25|SO|III Pa 1/21|Wyrok|https://www.saos.org.pl/judgments/452741
444521|2021-03-25|SO|VIII Pa 8/21|Wyrok|https://www.saos.org.pl/judgments/444521
440694|2021-03-25|SO|VIII U 2141/20|Uzasadnienie|https://www.saos.org.pl/judgments/440694
440679|2021-03-23|SO|VIII Pa 209/19|Zarządzenie|https://www.saos.org.pl/judgments/440679
436342|2021-03-15|SO|IX P 549/20|Zarządzenie|https://www.saos.org.pl/judgments/436342
436823|2021-03-09|SO|VIII U 1983/20|Uzasadnienie|https://www.saos.org.pl/judgments/436823
457734|2021-03-04|SO|VI P 565/13|Wyrok|https://www.saos.org.pl/judgments/457734
434202|2021-03-03|SO|IV P 157/19|Wyrok|https://www.saos.org.pl/judgments/434202
434635|2021-03-02|SO|III APa 22/20|Wyrok|https://www.saos.org.pl/judgments/434635
439745|2021-03-01|SO|VIII Pa 180/19|Wyrok|https://www.saos.org.pl/judgments/439745
433496|2021-02-23|SO|VIII U 2655/20|Uzasadnienie|https://www.saos.org.pl/judgments/433496
465786|2021-02-18|SO|IV Pa 1/21|Wyrok|https://www.saos.org.pl/judgments/465786
432610|2021-02-17|SO|IV P 98/20|Wyrok|https://www.saos.org.pl/judgments/432610
433338|2021-02-16|SO|I ACa 943/19|Wyrok|https://www.saos.org.pl/judgments/433338
431065|2021-02-11|SO|IX P 209/19|Zarządzenie|https://www.saos.org.pl/judgments/431065
448626|2021-02-10|SO|VII U 3919/19|Wyrok|https://www.saos.org.pl/judgments/448626
462937|2021-02-09|SO|V P 198/17|Wyrok|https://www.saos.org.pl/judgments/462937
434641|2021-02-08|SO|IV P 546/16|Wyrok|https://www.saos.org.pl/judgments/434641
436149|2021-02-04|SO|III APa 6/20|Wyrok|https://www.saos.org.pl/judgments/436149
519558|2021-01-29|SO|XIV Pa 51/20|Wyrok|https://www.saos.org.pl/judgments/519558
448948|2021-01-28|SO|III APa 52/20|Wyrok|https://www.saos.org.pl/judgments/448948
439593|2021-01-26|SO|VIII Pa 234/19|Wyrok|https://www.saos.org.pl/judgments/439593
430848|2021-01-26|SO|IV P 66/20|Wyrok|https://www.saos.org.pl/judgments/430848
431831|2021-01-25|SO|VIII P 26/19|Uzasadnienie|https://www.saos.org.pl/judgments/431831
431132|2021-01-15|SO|IV U 410/20|Wyrok|https://www.saos.org.pl/judgments/431132
519183|2021-01-14|SO|III APa 13/20|Wyrok|https://www.saos.org.pl/judgments/519183
434548|2021-01-11|SO|IV P 161/21|Wyrok|https://www.saos.org.pl/judgments/434548
431928|2021-01-07|SO|VIII Ua 78/20|Uzasadnienie|https://www.saos.org.pl/judgments/431928
430281|2021-01-07|SO|IV P 236/19|Wyrok|https://www.saos.org.pl/judgments/430281
453762|2020-12-30|SO|III APa 43/19|Wyrok|https://www.saos.org.pl/judgments/453762
429645|2020-12-17|SO|IV P 19/20|Wyrok|https://www.saos.org.pl/judgments/429645
434293|2020-12-16|SO|V Pa 40/19|Wyrok|https://www.saos.org.pl/judgments/434293
428388|2020-12-11|SO|VIII U 1838/20|Uzasadnienie|https://www.saos.org.pl/judgments/428388
450082|2020-12-10|SO|VII Pa 130/19|Wyrok|https://www.saos.org.pl/judgments/450082
428093|2020-12-09|SO|X P 489/18|Wyrok|https://www.saos.org.pl/judgments/428093
427428|2020-12-09|SO|IV P 49/20|Wyrok|https://www.saos.org.pl/judgments/427428
432616|2020-12-07|SO|VI P 195/20|Wyrok|https://www.saos.org.pl/judgments/432616
426003|2020-12-07|SO|VIII Pa 70/20|Uzasadnienie|https://www.saos.org.pl/judgments/426003
435972|2020-12-03|SO|III APa 2/20|Wyrok|https://www.saos.org.pl/judgments/435972
428088|2020-12-03|SO|VIII Pa 82/20|Wyrok|https://www.saos.org.pl/judgments/428088
425135|2020-11-26|SO|IX P 268/20|Zarządzenie|https://www.saos.org.pl/judgments/425135
468879|2020-11-25|SO|III APa 18/20|Wyrok|https://www.saos.org.pl/judgments/468879
425709|2020-11-20|SO|IV P 246/20|Wyrok|https://www.saos.org.pl/judgments/425709
428086|2020-11-13|SO|VIII Pa 54/20|Wyrok|https://www.saos.org.pl/judgments/428086
425411|2020-11-13|SO|IV P 72/20|Wyrok|https://www.saos.org.pl/judgments/425411
424674|2020-11-12|SO|IX P 424/20|Zarządzenie|https://www.saos.org.pl/judgments/424674
425618|2020-11-05|SO|IV P 2/20|Wyrok|https://www.saos.org.pl/judgments/425618
426886|2020-11-03|SO|VII Pa 118/20|Wyrok|https://www.saos.org.pl/judgments/426886
423344|2020-11-03|SO|VIII U 4754/19|Zarządzenie|https://www.saos.org.pl/judgments/423344
435630|2020-10-29|SO|VIII Pa 18/20|Wyrok|https://www.saos.org.pl/judgments/435630
426456|2020-10-29|SO|VI Pa 51/20|Wyrok|https://www.saos.org.pl/judgments/426456
426005|2020-10-29|SO|VIII Pa 98/20|Wyrok|https://www.saos.org.pl/judgments/426005
425883|2020-10-29|SO|IV P 9/20|Wyrok|https://www.saos.org.pl/judgments/425883
429038|2020-10-28|SO|XIII Pa 10/20|Wyrok|https://www.saos.org.pl/judgments/429038
427131|2020-10-27|SO|V Pa 38/20|Wyrok|https://www.saos.org.pl/judgments/427131
446244|2020-10-26|SO|VI P 156/20|Wyrok|https://www.saos.org.pl/judgments/446244
423658|2020-10-23|SO|X P 301/17|Wyrok|https://www.saos.org.pl/judgments/423658
423314|2020-10-23|SO|IV P 71/20|Wyrok|https://www.saos.org.pl/judgments/423314
422666|2020-10-23|SO|VIII Pa 208/19|Zarządzenie|https://www.saos.org.pl/judgments/422666
447141|2020-10-22|SO|VI P 261/16|Wyrok|https://www.saos.org.pl/judgments/447141
422754|2020-10-21|SO|IX P 617/18|Zarządzenie|https://www.saos.org.pl/judgments/422754
422098|2020-10-16|SO|VIII U 4212/19|Uzasadnienie|https://www.saos.org.pl/judgments/422098
431299|2020-10-15|SO|VIII Pa 1/20|Wyrok|https://www.saos.org.pl/judgments/431299
432349|2020-10-12|SO|IV P 52/20|Wyrok|https://www.saos.org.pl/judgments/432349
423076|2020-10-12|SO|IX P 176/19|Zarządzenie|https://www.saos.org.pl/judgments/423076
421356|2020-10-07|SO|IX P 15/20|Zarządzenie|https://www.saos.org.pl/judgments/421356
484445|2020-09-30|SO|III APa 112/19|Wyrok|https://www.saos.org.pl/judgments/484445
429823|2020-09-30|SO|III AUa 1011/17|Wyrok|https://www.saos.org.pl/judgments/429823
424769|2020-09-30|SO|IV P 377/19|Wyrok|https://www.saos.org.pl/judgments/424769
428735|2020-09-29|SO|III AUa 821/18|Wyrok|https://www.saos.org.pl/judgments/428735
458050|2020-09-28|SO|VIII Pa 214/19|Wyrok|https://www.saos.org.pl/judgments/458050
432828|2020-09-28|SO|VIII Pa 220/19|Wyrok|https://www.saos.org.pl/judgments/432828
436056|2020-09-25|SO|XVII AmE 177/19|Wyrok|https://www.saos.org.pl/judgments/436056
423657|2020-09-25|SO|X P 198/19|Wyrok|https://www.saos.org.pl/judgments/423657
422493|2020-09-25|SO|VIII Pa 42/20|Uzasadnienie|https://www.saos.org.pl/judgments/422493
426670|2020-09-23|SO|III P 1/18|Wyrok|https://www.saos.org.pl/judgments/426670
422252|2020-09-21|SO|VIII Pa 132/18|Uzasadnienie|https://www.saos.org.pl/judgments/422252
422254|2020-09-17|SO|VIII Pa 216/19|Uzasadnienie|https://www.saos.org.pl/judgments/422254
421094|2020-09-17|SO|IV P 17/20|Wyrok|https://www.saos.org.pl/judgments/421094
425358|2020-09-16|SO|X P 317/18|Wyrok|https://www.saos.org.pl/judgments/425358
486247|2020-09-14|SO|VIII Pa 28/20|Wyrok|https://www.saos.org.pl/judgments/486247
422032|2020-09-14|SO|VIII Pa 228/19|Uzasadnienie|https://www.saos.org.pl/judgments/422032
423660|2020-09-09|SO|X P 345/19|Wyrok|https://www.saos.org.pl/judgments/423660
422489|2020-09-02|SO|VIII Pa 33/20|Uzasadnienie|https://www.saos.org.pl/judgments/422489
448208|2020-08-20|SO|VIII Pa 27/20|Wyrok|https://www.saos.org.pl/judgments/448208
417804|2020-08-20|SO|IX P 434/19|Zarządzenie|https://www.saos.org.pl/judgments/417804
464109|2020-08-19|SO|III AUa 914/20|Wyrok|https://www.saos.org.pl/judgments/464109
422485|2020-08-13|SO|VIII Pa 230/19|Uzasadnienie|https://www.saos.org.pl/judgments/422485
431721|2020-08-10|SO|IV Ka 834/20|Uzasadnienie|https://www.saos.org.pl/judgments/431721
427635|2020-08-06|SO|VI P 433/17|Uzasadnienie|https://www.saos.org.pl/judgments/427635
418805|2020-08-05|SO|III AUa 663/19|Wyrok|https://www.saos.org.pl/judgments/418805
417220|2020-08-04|SO|IX P 352/19|Zarządzenie|https://www.saos.org.pl/judgments/417220
422036|2020-07-28|SO|VIII Pa 30/20|Uzasadnienie|https://www.saos.org.pl/judgments/422036
421661|2020-07-28|SO|VIII Pa 136/19|Wyrok|https://www.saos.org.pl/judgments/421661
431834|2020-07-17|SO|VIII Pa 223/19|Wyrok|https://www.saos.org.pl/judgments/431834
419466|2020-07-17|SO|IV P 34/20|Wyrok|https://www.saos.org.pl/judgments/419466
422476|2020-07-16|SO|VIII Pa 10/20|Uzasadnienie|https://www.saos.org.pl/judgments/422476
418490|2020-07-13|SO|IV P 372/19|Wyrok|https://www.saos.org.pl/judgments/418490
419036|2020-07-09|SO|IV P 9/20|Wyrok|https://www.saos.org.pl/judgments/419036
417917|2020-07-08|SO|I ACa 409/19|Wyrok|https://www.saos.org.pl/judgments/417917
439060|2020-07-02|SO|IV P 226/19|Wyrok|https://www.saos.org.pl/judgments/439060
423313|2020-07-02|SO|IV P 311/19|Wyrok|https://www.saos.org.pl/judgments/423313
418185|2020-07-01|SO|VIII Pa 145/19|Wyrok|https://www.saos.org.pl/judgments/418185
426301|2020-06-30|SO|V Pa 48/19|Wyrok|https://www.saos.org.pl/judgments/426301
416594|2020-06-30|SO|VIII U 4303/19|Zarządzenie|https://www.saos.org.pl/judgments/416594
416498|2020-06-30|SO|VIII U 4515/19|Zarządzenie|https://www.saos.org.pl/judgments/416498
434351|2020-06-26|SO|III Pa 8/20|Wyrok|https://www.saos.org.pl/judgments/434351
420905|2020-06-24|SO|X P 281/15|Wyrok|https://www.saos.org.pl/judgments/420905
447705|2020-06-19|SO|IV U 428/20|Wyrok|https://www.saos.org.pl/judgments/447705
416700|2020-06-19|SO|VIII U 4369/19|Uzasadnienie|https://www.saos.org.pl/judgments/416700
422791|2020-06-18|SO|III APa 4/20|Wyrok|https://www.saos.org.pl/judgments/422791
413065|2020-06-17|SO|IX P 151/18|Zarządzenie|https://www.saos.org.pl/judgments/413065
427946|2020-05-28|SO|III AUa 60/20|Wyrok|https://www.saos.org.pl/judgments/427946
482068|2020-05-20|SO|XXI Pa 774/19|Wyrok|https://www.saos.org.pl/judgments/482068
416523|2020-05-20|SO|VIII Ua 139/19|Zarządzenie|https://www.saos.org.pl/judgments/416523
480399|2020-05-07|SO|IV Pa 13/20|Wyrok|https://www.saos.org.pl/judgments/480399
428370|2020-04-27|SO|V Pa 10/20|Wyrok|https://www.saos.org.pl/judgments/428370
409263|2020-04-06|SO|IX P 120/19|Zarządzenie|https://www.saos.org.pl/judgments/409263
414034|2020-03-18|SO|X P 781/17|Wyrok|https://www.saos.org.pl/judgments/414034
411591|2020-03-12|SO|VIII U 4353/19|Zarządzenie|https://www.saos.org.pl/judgments/411591
411557|2020-03-12|SO|VIII Pa 155/19|Wyrok|https://www.saos.org.pl/judgments/411557
408327|2020-03-12|SO|IV P 1/20|Wyrok|https://www.saos.org.pl/judgments/408327
413570|2020-03-11|SO|V Pa 58/19|Wyrok|https://www.saos.org.pl/judgments/413570
413569|2020-03-11|SO|V Pa 22/19|Wyrok|https://www.saos.org.pl/judgments/413569
413440|2020-03-11|SO|V Pa 76/19|Wyrok|https://www.saos.org.pl/judgments/413440
406912|2020-03-09|SO|IX P 418/19|Zarządzenie|https://www.saos.org.pl/judgments/406912
429827|2020-03-03|SO|III AUa 270/18|Wyrok|https://www.saos.org.pl/judgments/429827
410862|2020-03-03|SO|VIII Pa 204/19|Uzasadnienie|https://www.saos.org.pl/judgments/410862
419272|2020-02-28|SO|IV Pa 48/19|Wyrok|https://www.saos.org.pl/judgments/419272
409954|2020-02-28|SO|III AUa 981/19|Wyrok|https://www.saos.org.pl/judgments/409954
417615|2020-02-27|SO|VIII Pa 170/19|Wyrok|https://www.saos.org.pl/judgments/417615
409947|2020-02-26|SO|III AUa 1015/19|Wyrok|https://www.saos.org.pl/judgments/409947
405512|2020-02-26|SO|IX P 19/19|Zarządzenie|https://www.saos.org.pl/judgments/405512
409754|2020-02-25|SO|IV P 238/19|Wyrok|https://www.saos.org.pl/judgments/409754
411555|2020-02-20|SO|VIII Pa 133/19|Wyrok|https://www.saos.org.pl/judgments/411555
409978|2020-02-13|SO|VIII Pa 147/19|Wyrok|https://www.saos.org.pl/judgments/409978
431150|2020-02-12|SO|XVII AmE 323/18|Wyrok|https://www.saos.org.pl/judgments/431150
412225|2020-02-10|SO|IV P 443/19|Wyrok|https://www.saos.org.pl/judgments/412225
411506|2020-02-07|SO|VI P 142/18|Wyrok|https://www.saos.org.pl/judgments/411506
426839|2020-02-06|SO|IV P 211/19|Wyrok|https://www.saos.org.pl/judgments/426839
406182|2020-02-06|SO|VIII P 27/14|Uzasadnienie|https://www.saos.org.pl/judgments/406182
406072|2020-02-04|SO|IV U 200/18|Wyrok|https://www.saos.org.pl/judgments/406072
403281|2020-02-03|SO|IX P 530/18|Zarządzenie|https://www.saos.org.pl/judgments/403281
403148|2020-02-03|SO|VIII Pa 172/19|Uzasadnienie|https://www.saos.org.pl/judgments/403148
512882|2020-01-31|SO|VIII P 45/18|Uzasadnienie|https://www.saos.org.pl/judgments/512882
406194|2020-01-31|SO|VIII U 2101/18|Zarządzenie|https://www.saos.org.pl/judgments/406194
403145|2020-01-31|SO|VIII Pa 128/19|Uzasadnienie|https://www.saos.org.pl/judgments/403145
403135|2020-01-31|SO|IX P 528/17|Zarządzenie|https://www.saos.org.pl/judgments/403135
413031|2020-01-29|SO|IV Pa 48/19|Wyrok|https://www.saos.org.pl/judgments/413031
408236|2020-01-29|SO|X P 434/18|Wyrok|https://www.saos.org.pl/judgments/408236
402899|2020-01-29|SO|VIII Pa 191/19|Uzasadnienie|https://www.saos.org.pl/judgments/402899
402588|2020-01-29|SO|VIII Pa 125/19|Uzasadnienie|https://www.saos.org.pl/judgments/402588
433683|2020-01-24|SO|VII Pa 75/19|Wyrok|https://www.saos.org.pl/judgments/433683
404956|2020-01-24|SO|VI Pa 36/19|Wyrok|https://www.saos.org.pl/judgments/404956
415377|2020-01-20|SO|VII Pa 151/19|Postanowienie|https://www.saos.org.pl/judgments/415377
407060|2020-01-20|SO|III AUa 1968/19|Uzasadnienie|https://www.saos.org.pl/judgments/407060
402735|2020-01-17|SO|IV P 126/19|Wyrok|https://www.saos.org.pl/judgments/402735
403668|2020-01-16|SO|III AUa 915/18|Wyrok|https://www.saos.org.pl/judgments/403668
401513|2020-01-16|SO|IX P 697/18|Zarządzenie|https://www.saos.org.pl/judgments/401513
406992|2020-01-15|SO|III AUa 1213/19|Wyrok|https://www.saos.org.pl/judgments/406992
417001|2020-01-14|SO|III AUa 716/19|Wyrok|https://www.saos.org.pl/judgments/417001
402592|2020-01-14|SO|VIII Pa 158/19|Zarządzenie|https://www.saos.org.pl/judgments/402592
406644|2020-01-10|SO|III AUa 406/19|Uzasadnienie|https://www.saos.org.pl/judgments/406644
401159|2020-01-03|SO|VIII Pa 143/19|Uzasadnienie|https://www.saos.org.pl/judgments/401159
418489|2019-12-31|SO|IV P 140/19|Wyrok|https://www.saos.org.pl/judgments/418489
434350|2019-12-30|SO|III Pa 21/19|Wyrok|https://www.saos.org.pl/judgments/434350
405064|2019-12-23|SO|VI Ka 647/19|Wyrok|https://www.saos.org.pl/judgments/405064
399720|2019-12-23|SO|XII C 1375/18|Wyrok|https://www.saos.org.pl/judgments/399720
399060|2019-12-23|SO|IX P 631/17|Zarządzenie|https://www.saos.org.pl/judgments/399060
470060|2019-12-20|SO|VI P 799/13|Wyrok|https://www.saos.org.pl/judgments/470060
430010|2019-12-19|SO|III APa 11/19|Wyrok|https://www.saos.org.pl/judgments/430010
410825|2019-12-19|SO|IV Pa 41/18|Wyrok|https://www.saos.org.pl/judgments/410825
444269|2019-12-17|SO|V P 239/18|Wyrok|https://www.saos.org.pl/judgments/444269
412336|2019-12-12|SO|VIII Pa 128/19|Wyrok|https://www.saos.org.pl/judgments/412336
402149|2019-12-12|SO|VIII Pa 156/19|Wyrok|https://www.saos.org.pl/judgments/402149
402148|2019-12-12|SO|VIII Pa 148/19|Wyrok|https://www.saos.org.pl/judgments/402148
398594|2019-12-12|SO|VIII Pa 81/19|Uzasadnienie|https://www.saos.org.pl/judgments/398594
411426|2019-12-11|SO|IV P 48/19|Wyrok|https://www.saos.org.pl/judgments/411426
442676|2019-12-10|SO|VI P 596/16|Wyrok|https://www.saos.org.pl/judgments/442676
408211|2019-12-10|SO|VII U 3899/19|Wyrok|https://www.saos.org.pl/judgments/408211
429843|2019-12-09|SO|VII P 1751/17|Uzasadnienie|https://www.saos.org.pl/judgments/429843
423421|2019-12-09|SO|VII Pa 90/19|Wyrok|https://www.saos.org.pl/judgments/423421
413439|2019-12-09|SO|V Pa 38/19|Wyrok|https://www.saos.org.pl/judgments/413439
420091|2019-12-04|SO|VI P 15/18|Wyrok|https://www.saos.org.pl/judgments/420091
478091|2019-12-02|SO|XVII AmE 256/17|Wyrok|https://www.saos.org.pl/judgments/478091
409638|2019-11-29|SO|VIII Pa 54/19|Wyrok|https://www.saos.org.pl/judgments/409638
399090|2019-11-29|SO|VI Pa 47/19|Wyrok|https://www.saos.org.pl/judgments/399090
480042|2019-11-28|SO|V Pa 75/19|Wyrok|https://www.saos.org.pl/judgments/480042
419467|2019-11-28|SO|IV P 89/19|Wyrok|https://www.saos.org.pl/judgments/419467
432476|2019-11-27|SO|VI P 303/18|Wyrok|https://www.saos.org.pl/judgments/432476
416266|2019-11-26|SO|IV P 17/19|Wyrok|https://www.saos.org.pl/judgments/416266
440332|2019-11-21|SO|VIII Pa 161/19|Wyrok|https://www.saos.org.pl/judgments/440332
423411|2019-11-21|SO|VII Pa 51/19|Wyrok|https://www.saos.org.pl/judgments/423411
399382|2019-11-20|SO|VII P 293/19|Wyrok|https://www.saos.org.pl/judgments/399382
414547|2019-11-19|SO|IV P 103/19|Wyrok|https://www.saos.org.pl/judgments/414547
396792|2019-11-19|SO|IX P 367/18|Zarządzenie|https://www.saos.org.pl/judgments/396792
396788|2019-11-14|SO|IX P 174/19|Uzasadnienie|https://www.saos.org.pl/judgments/396788
423416|2019-11-13|SO|VII Pa 66/19|Wyrok|https://www.saos.org.pl/judgments/423416
406373|2019-11-07|SO|VIII Pa 120/19|Wyrok|https://www.saos.org.pl/judgments/406373
398341|2019-11-07|SO|IV P 642/18|Wyrok|https://www.saos.org.pl/judgments/398341
397469|2019-11-05|SO|IV P 50/19|Wyrok|https://www.saos.org.pl/judgments/397469
401357|2019-10-30|SO|IV U 1895/18|Wyrok|https://www.saos.org.pl/judgments/401357
402857|2019-10-29|SO|III AUa 443/19|Wyrok|https://www.saos.org.pl/judgments/402857
399710|2019-10-29|SO|VI Ka 473/19|Wyrok|https://www.saos.org.pl/judgments/399710
469761|2019-10-28|SO|VI P 19/18|Wyrok|https://www.saos.org.pl/judgments/469761
431777|2019-10-25|SO|V P 4/19|Zarządzenie|https://www.saos.org.pl/judgments/431777
423414|2019-10-24|SO|VII Pa 64/19|Wyrok|https://www.saos.org.pl/judgments/423414
411990|2019-10-21|SO|II W 886/19|Wyrok|https://www.saos.org.pl/judgments/411990
400248|2019-10-17|SO|IV P 244/18|Wyrok|https://www.saos.org.pl/judgments/400248
479671|2019-10-16|SO|VII Pa 61/19|Wyrok|https://www.saos.org.pl/judgments/479671
400377|2019-10-16|SO|III APa 1/19|Wyrok|https://www.saos.org.pl/judgments/400377
461470|2019-10-08|SO|III AUa 761/19|Wyrok|https://www.saos.org.pl/judgments/461470
436649|2019-10-08|SO|I C 544/17|Wyrok|https://www.saos.org.pl/judgments/436649
400249|2019-10-01|SO|IV P 343/18|Wyrok|https://www.saos.org.pl/judgments/400249
398094|2019-10-01|SO|X P 680/17|Wyrok|https://www.saos.org.pl/judgments/398094
399731|2019-09-30|SO|XXI Pa 121/19|Wyrok|https://www.saos.org.pl/judgments/399731
395896|2019-09-24|SO|IX P 591/18|Uzasadnienie|https://www.saos.org.pl/judgments/395896
396013|2019-09-10|SO|IX P 97/19|Zarządzenie|https://www.saos.org.pl/judgments/396013
393410|2019-09-03|SO|IV P 45/19|Wyrok|https://www.saos.org.pl/judgments/393410
395780|2019-08-23|SO|IX P 655/18|Zarządzenie|https://www.saos.org.pl/judgments/395780
397981|2019-08-07|SO|VI P 285/18|Wyrok|https://www.saos.org.pl/judgments/397981
391813|2019-08-01|SO|VIII Pa 112/19|Wyrok|https://www.saos.org.pl/judgments/391813
391282|2019-08-01|SO|VIII Pa 17/19|Wyrok|https://www.saos.org.pl/judgments/391282
396392|2019-07-25|SO|VIII Pa 213/17|Wyrok|https://www.saos.org.pl/judgments/396392
391293|2019-07-25|SO|VIII Pa 44/19|Zarządzenie|https://www.saos.org.pl/judgments/391293
393893|2019-07-19|SO|VIII Pa 173/18|Uzasadnienie|https://www.saos.org.pl/judgments/393893
391457|2019-07-11|SO|IV P 86/18|Wyrok|https://www.saos.org.pl/judgments/391457
388283|2019-07-11|SO|VIII U 1331/18|Zarządzenie|https://www.saos.org.pl/judgments/388283
391294|2019-07-09|SO|VIII Pa 45/19|Uzasadnienie|https://www.saos.org.pl/judgments/391294
395194|2019-07-05|SO|VI P 758/17|Wyrok|https://www.saos.org.pl/judgments/395194
391297|2019-07-05|SO|VIII Pa 61/19|Uzasadnienie|https://www.saos.org.pl/judgments/391297
390475|2019-07-05|SO|VII Pa 46/19|Wyrok|https://www.saos.org.pl/judgments/390475
388966|2019-07-04|SO|VIII Pa 70/19|Wyrok|https://www.saos.org.pl/judgments/388966
457164|2019-07-02|SO|III AUa 1648/18|Wyrok|https://www.saos.org.pl/judgments/457164
391147|2019-07-02|SO|II C 396/18|Uzasadnienie|https://www.saos.org.pl/judgments/391147
461968|2019-06-28|SO|XXI P 31/17|Wyrok|https://www.saos.org.pl/judgments/461968
446156|2019-06-27|SO|XXI Pa 715/17|Wyrok|https://www.saos.org.pl/judgments/446156
386058|2019-06-27|SO|III APa 7/19|Wyrok|https://www.saos.org.pl/judgments/386058
391212|2019-06-25|SO|VIII Ua 34/19|Uzasadnienie|https://www.saos.org.pl/judgments/391212
480784|2019-06-19|SO|VII Pa 25/19|Wyrok|https://www.saos.org.pl/judgments/480784
390474|2019-06-19|SO|VII Pa 43/19|Wyrok|https://www.saos.org.pl/judgments/390474
385545|2019-06-19|SO|IV P 12/18|Wyrok|https://www.saos.org.pl/judgments/385545
391456|2019-06-14|SO|IV P 140/18|Wyrok|https://www.saos.org.pl/judgments/391456
421882|2019-06-13|SO|XXI Pa 187/19|Wyrok|https://www.saos.org.pl/judgments/421882
408083|2019-06-13|SO|III AUa 74/19|Wyrok|https://www.saos.org.pl/judgments/408083
389153|2019-06-13|SO|IV Pa 18/19|Wyrok|https://www.saos.org.pl/judgments/389153
391054|2019-06-12|SO|IV P 223/18|Wyrok|https://www.saos.org.pl/judgments/391054
386007|2019-06-11|SO|VIII Pa 29/19|Uzasadnienie|https://www.saos.org.pl/judgments/386007
386023|2019-06-10|SO|XXI Pa 479/18|Wyrok|https://www.saos.org.pl/judgments/386023
388794|2019-06-07|SO|IX Pa 49/19|Wyrok|https://www.saos.org.pl/judgments/388794
388787|2019-06-06|SO|III APa 11/19|Wyrok|https://www.saos.org.pl/judgments/388787
388029|2019-06-06|SO|V Pa 34/19|Wyrok|https://www.saos.org.pl/judgments/388029
396010|2019-06-05|SO|IX P 505/18|Zarządzenie|https://www.saos.org.pl/judgments/396010
394075|2019-06-05|SO|IV U 100/19|Wyrok|https://www.saos.org.pl/judgments/394075
385204|2019-06-03|SO|VIII U 2259/18|Uzasadnienie|https://www.saos.org.pl/judgments/385204
401285|2019-05-31|SO|III APa 4/14|Wyrok|https://www.saos.org.pl/judgments/401285
390873|2019-05-27|SO|IV P 13/19|Wyrok|https://www.saos.org.pl/judgments/390873
395776|2019-05-24|SO|IX P 109/18|Zarządzenie|https://www.saos.org.pl/judgments/395776
388482|2019-05-23|SO|V Pa 40/19|Wyrok|https://www.saos.org.pl/judgments/388482
386024|2019-05-23|SO|XXI Pa 54/19|Wyrok|https://www.saos.org.pl/judgments/386024
384346|2019-05-23|SO|VIII Pa 267/18|Uzasadnienie|https://www.saos.org.pl/judgments/384346
459675|2019-05-22|SO|III APa 2/19|Wyrok|https://www.saos.org.pl/judgments/459675
458472|2019-05-22|SO|III AUa 1193/18|Wyrok|https://www.saos.org.pl/judgments/458472
384350|2019-05-22|SO|VIII Pa 54/19|Uzasadnienie|https://www.saos.org.pl/judgments/384350
387070|2019-05-21|SO|IV P 142/17|Wyrok|https://www.saos.org.pl/judgments/387070
382323|2019-05-21|SO|VIII Pa 43/19|Uzasadnienie|https://www.saos.org.pl/judgments/382323
481314|2019-05-17|SO|VII Pa 2/19|Wyrok|https://www.saos.org.pl/judgments/481314
542745|2019-05-16|SO|V Pa 23/19|Wyrok|https://www.saos.org.pl/judgments/542745
390256|2019-05-16|SO|VIII Pa 203/18|Wyrok|https://www.saos.org.pl/judgments/390256
384354|2019-05-14|SO|VIII Pa 9/19|Uzasadnienie|https://www.saos.org.pl/judgments/384354
379325|2019-05-14|SO|IV P 6/19|Wyrok|https://www.saos.org.pl/judgments/379325
526493|2019-05-10|SO|VIII P 393/18|Uzasadnienie|https://www.saos.org.pl/judgments/526493
384336|2019-05-10|SO|VIII Pa 179/17|Uzasadnienie|https://www.saos.org.pl/judgments/384336
407083|2019-05-09|SO|VI P 181/18|Wyrok|https://www.saos.org.pl/judgments/407083
384342|2019-05-09|SO|VIII Pa 244/18|Uzasadnienie|https://www.saos.org.pl/judgments/384342
383242|2019-05-07|SO|IV P 141/18|Wyrok|https://www.saos.org.pl/judgments/383242
385491|2019-04-30|SO|XXI Pa 517/18|Wyrok|https://www.saos.org.pl/judgments/385491
379615|2019-04-26|SO|IX P 517/17|Uzasadnienie|https://www.saos.org.pl/judgments/379615
390217|2019-04-25|SO|VII Pa 1/18|Wyrok|https://www.saos.org.pl/judgments/390217
386071|2019-04-25|SO|IV P 145/17|Wyrok|https://www.saos.org.pl/judgments/386071
384295|2019-04-25|SO|IV Pa 17/19|Wyrok|https://www.saos.org.pl/judgments/384295
383357|2019-04-25|SO|IV P 354/18|Wyrok|https://www.saos.org.pl/judgments/383357
386192|2019-04-24|SO|VI P 315/18|Wyrok|https://www.saos.org.pl/judgments/386192
407583|2019-04-18|SO|VI ACa 100/18|Wyrok|https://www.saos.org.pl/judgments/407583
388498|2019-04-18|SO|VI P 532/17|Wyrok|https://www.saos.org.pl/judgments/388498
384716|2019-04-17|SO|II W 1305/18|Wyrok|https://www.saos.org.pl/judgments/384716
383866|2019-04-17|SO|IV P 19/17|Wyrok|https://www.saos.org.pl/judgments/383866
381588|2019-04-17|SO|VIII U 36/18|Zarządzenie|https://www.saos.org.pl/judgments/381588
388496|2019-04-16|SO|VI P 488/17|Wyrok|https://www.saos.org.pl/judgments/388496
381557|2019-04-16|SO|VII Pa 15/19|Wyrok|https://www.saos.org.pl/judgments/381557
390365|2019-04-12|SO|VI P 263/17|Wyrok|https://www.saos.org.pl/judgments/390365
388971|2019-04-12|SO|VIII Ua 39/18|Wyrok|https://www.saos.org.pl/judgments/388971
381984|2019-04-12|SO|VIII Ua 118/18|Uzasadnienie|https://www.saos.org.pl/judgments/381984
381810|2019-04-12|SO|IV U 1371/18|Wyrok|https://www.saos.org.pl/judgments/381810
382309|2019-04-11|SO|VIII Pa 26/16|Uzasadnienie|https://www.saos.org.pl/judgments/382309
379326|2019-04-11|SO|IV P 74/18|Wyrok|https://www.saos.org.pl/judgments/379326
456616|2019-04-10|SO|III AUa 1057/18|Wyrok|https://www.saos.org.pl/judgments/456616
401976|2019-04-10|SO|V P 237/18|Wyrok|https://www.saos.org.pl/judgments/401976
376187|2019-04-10|SO|X P 310/18|Wyrok|https://www.saos.org.pl/judgments/376187
385261|2019-04-04|SO|XXI Pa 572/18|Wyrok|https://www.saos.org.pl/judgments/385261
381327|2019-04-03|SO|XXI Pa 546/18|Wyrok|https://www.saos.org.pl/judgments/381327
379603|2019-04-03|SO|IX P 355/16|Zarządzenie|https://www.saos.org.pl/judgments/379603
379465|2019-04-03|SO|IV U 53/19|Wyrok|https://www.saos.org.pl/judgments/379465
382735|2019-04-02|SO|IV P 658/18|Wyrok|https://www.saos.org.pl/judgments/382735
379595|2019-04-01|SO|IX P 22/16|Zarządzenie|https://www.saos.org.pl/judgments/379595
381883|2019-03-29|SO|VIII Pa 257/18|Uzasadnienie|https://www.saos.org.pl/judgments/381883
395329|2019-03-28|SO|VII U 1491/16|Wyrok|https://www.saos.org.pl/judgments/395329
386916|2019-03-28|SO|IV P 507/18|Wyrok|https://www.saos.org.pl/judgments/386916
386312|2019-03-28|SO|XXI Pa 463/18|Wyrok|https://www.saos.org.pl/judgments/386312
381328|2019-03-28|SO|XXI Pa 549/18|Wyrok|https://www.saos.org.pl/judgments/381328
457792|2019-03-27|SO|III APz 5/19|Postanowienie|https://www.saos.org.pl/judgments/457792
382031|2019-03-26|SO|VI P 666/17|Wyrok|https://www.saos.org.pl/judgments/382031
382259|2019-03-22|SO|IV P 350/18|Wyrok|https://www.saos.org.pl/judgments/382259
380364|2019-03-22|SO|VIII Pa 146/18|Uzasadnienie|https://www.saos.org.pl/judgments/380364
379616|2019-03-22|SO|IX P 523/17|Uzasadnienie|https://www.saos.org.pl/judgments/379616
388958|2019-03-21|SO|VIII Pa 152/18|Wyrok|https://www.saos.org.pl/judgments/388958
385546|2019-03-21|SO|IV P 194/17|Wyrok|https://www.saos.org.pl/judgments/385546
378527|2019-03-20|SO|III AUa 316/18|Wyrok|https://www.saos.org.pl/judgments/378527
383110|2019-03-19|SO|XVII AmA 51/17|Wyrok|https://www.saos.org.pl/judgments/383110
380098|2019-03-18|SO|VI P 212/15|Wyrok|https://www.saos.org.pl/judgments/380098
379297|2019-03-18|SO|IV P 116/18|Wyrok|https://www.saos.org.pl/judgments/379297
486660|2019-03-14|SO|III AUa 1954/17|Wyrok|https://www.saos.org.pl/judgments/486660
425846|2019-03-14|SO|III AUa 262/18|Wyrok|https://www.saos.org.pl/judgments/425846
420770|2019-03-14|SO|III AUa 1095/17|Wyrok|https://www.saos.org.pl/judgments/420770
396390|2019-03-14|SO|VIII Pa 191/18|Wyrok|https://www.saos.org.pl/judgments/396390
382044|2019-03-14|SO|VIII Pa 134/18|Wyrok|https://www.saos.org.pl/judgments/382044
403258|2019-03-13|SO|III APa 6/18|Wyrok|https://www.saos.org.pl/judgments/403258
379292|2019-03-12|SO|IV P 103/17|Wyrok|https://www.saos.org.pl/judgments/379292
402561|2019-03-11|SO|IV U 1302/18|Wyrok|https://www.saos.org.pl/judgments/402561
390027|2019-03-11|SO|VII U 856/18|Wyrok|https://www.saos.org.pl/judgments/390027
381881|2019-03-11|SO|VIII Pa 201/18|Uzasadnienie|https://www.saos.org.pl/judgments/381881
384453|2019-03-08|SO|VIII Pa 122/18|Uzasadnienie|https://www.saos.org.pl/judgments/384453
388144|2019-03-07|SO|VIII Pa 33/19|Wyrok|https://www.saos.org.pl/judgments/388144
388055|2019-03-07|SO|VIII Pa 163/18|Wyrok|https://www.saos.org.pl/judgments/388055
384334|2019-03-07|SO|VIII Pa 150/18|Wyrok|https://www.saos.org.pl/judgments/384334
510392|2019-03-04|SO|V Pa 95/18|Wyrok|https://www.saos.org.pl/judgments/510392
380411|2019-03-04|SO|VIII Pa 249/18|Uzasadnienie|https://www.saos.org.pl/judgments/380411
380358|2019-03-04|SO|VIII Pa 128/18|Uzasadnienie|https://www.saos.org.pl/judgments/380358
380350|2019-03-04|SO|VIII Pa 12/19|Uzasadnienie|https://www.saos.org.pl/judgments/380350
376195|2019-03-04|SO|X P 628/17|Wyrok|https://www.saos.org.pl/judgments/376195
380376|2019-03-01|SO|VIII Pa 174/18|Uzasadnienie|https://www.saos.org.pl/judgments/380376
379334|2019-02-28|SO|IV Pa 10/18|Wyrok|https://www.saos.org.pl/judgments/379334
371558|2019-02-27|SO|IX P 626/17|Uzasadnienie|https://www.saos.org.pl/judgments/371558
381565|2019-02-26|SO|VII Pa 7/18|Wyrok|https://www.saos.org.pl/judgments/381565
380422|2019-02-26|SO|VIII Pa 53/17|Uzasadnienie|https://www.saos.org.pl/judgments/380422
380418|2019-02-25|SO|VIII Pa 271/18|Uzasadnienie|https://www.saos.org.pl/judgments/380418
372135|2019-02-25|SO|IV P 106/17|Uzasadnienie|https://www.saos.org.pl/judgments/372135
542738|2019-02-21|SO|V Pa 110/18|Wyrok|https://www.saos.org.pl/judgments/542738
451970|2019-02-21|SO|XXI Pa 367/18|Wyrok|https://www.saos.org.pl/judgments/451970
382596|2019-02-21|SO|V Pa 9/19|Wyrok|https://www.saos.org.pl/judgments/382596
382047|2019-02-21|SO|VIII Pa 157/18|Wyrok|https://www.saos.org.pl/judgments/382047
383836|2019-02-19|SO|III Pa 29/18|Wyrok|https://www.saos.org.pl/judgments/383836
372465|2019-02-19|SO|III Pa 32/18|Wyrok|https://www.saos.org.pl/judgments/372465
370928|2019-02-19|SO|IX P 35/18|Zarządzenie|https://www.saos.org.pl/judgments/370928
371614|2019-02-18|SO|X P 907/15|Wyrok|https://www.saos.org.pl/judgments/371614
381466|2019-02-15|SO|VII Pa 153/18|Wyrok|https://www.saos.org.pl/judgments/381466
380355|2019-02-14|SO|VIII Pa 124/18|Zarządzenie|https://www.saos.org.pl/judgments/380355
371238|2019-02-14|SO|II Ka 56/19|Wyrok|https://www.saos.org.pl/judgments/371238
384330|2019-02-13|SO|VIII Pa 139/18|Wyrok|https://www.saos.org.pl/judgments/384330
372151|2019-02-13|SO|IX P 442/17|Zarządzenie|https://www.saos.org.pl/judgments/372151
381851|2019-02-12|SO|V Ka 1696/18|Uzasadnienie|https://www.saos.org.pl/judgments/381851
372303|2019-02-12|SO|IX P 498/17|Zarządzenie|https://www.saos.org.pl/judgments/372303
372344|2019-02-07|SO|VIII Pa 246/18|Uzasadnienie|https://www.saos.org.pl/judgments/372344
374876|2019-02-05|SO|V Pa 61/18|Wyrok|https://www.saos.org.pl/judgments/374876
372961|2019-02-05|SO|IV P 77/18|Wyrok|https://www.saos.org.pl/judgments/372961
372343|2019-01-31|SO|VIII Pa 242/18|Uzasadnienie|https://www.saos.org.pl/judgments/372343
372517|2019-01-29|SO|V Pa 71/18|Wyrok|https://www.saos.org.pl/judgments/372517
369829|2019-01-28|SO|VIII Pz 166/18|Postanowienie|https://www.saos.org.pl/judgments/369829
374526|2019-01-24|SO|III APa 37/18|Wyrok|https://www.saos.org.pl/judgments/374526
373791|2019-01-24|SO|V Pa 97/18|Wyrok|https://www.saos.org.pl/judgments/373791
370406|2019-01-24|SO|IV P 161/18|Wyrok|https://www.saos.org.pl/judgments/370406
426888|2019-01-23|SO|VII U 579/18|Wyrok|https://www.saos.org.pl/judgments/426888
375779|2019-01-21|SO|VII Pa 126/18|Wyrok|https://www.saos.org.pl/judgments/375779
368925|2019-01-21|SO|IX P 133/18|Zarządzenie|https://www.saos.org.pl/judgments/368925
432285|2019-01-17|SO|IV P 111/18|Wyrok|https://www.saos.org.pl/judgments/432285
396386|2019-01-17|SO|VIII Pa 156/18|Wyrok|https://www.saos.org.pl/judgments/396386
381318|2019-01-17|SO|XXI Pa 423/18|Wyrok|https://www.saos.org.pl/judgments/381318
386969|2019-01-15|SO|VII U 980/18|Wyrok|https://www.saos.org.pl/judgments/386969
380401|2019-01-14|SO|VIII Pa 235/18|Uzasadnienie|https://www.saos.org.pl/judgments/380401
372337|2019-01-14|SO|VIII Pa 226/18|Zarządzenie|https://www.saos.org.pl/judgments/372337
366878|2019-01-14|SO|IX P 332/18|Zarządzenie|https://www.saos.org.pl/judgments/366878
366478|2019-01-13|SO|IX P 521/17|Uzasadnienie|https://www.saos.org.pl/judgments/366478
405541|2019-01-11|SO|VIII U 2277/18|Wyrok|https://www.saos.org.pl/judgments/405541
480043|2019-01-10|SO|V Pa 81/18|Wyrok|https://www.saos.org.pl/judgments/480043
366479|2019-01-10|SO|IX P 541/17|Zarządzenie|https://www.saos.org.pl/judgments/366479
380389|2019-01-09|SO|VIII Pa 208/18|Uzasadnienie|https://www.saos.org.pl/judgments/380389
372329|2019-01-04|SO|VIII Pa 198/18|Uzasadnienie|https://www.saos.org.pl/judgments/372329
384737|2019-01-02|SO|IV P 46/18|Wyrok|https://www.saos.org.pl/judgments/384737
380397|2018-12-31|SO|VIII Pa 233/18|Uzasadnienie|https://www.saos.org.pl/judgments/380397
380387|2018-12-31|SO|VIII Pa 204/18|Uzasadnienie|https://www.saos.org.pl/judgments/380387
371315|2018-12-31|SO|XXI Pa 408/18|Wyrok|https://www.saos.org.pl/judgments/371315
371170|2018-12-31|SO|XXI Pa 413/18|Wyrok|https://www.saos.org.pl/judgments/371170
380393|2018-12-28|SO|VIII Pa 228/18|Uzasadnienie|https://www.saos.org.pl/judgments/380393
372070|2018-12-28|SO|V Pa 68/17|Wyrok|https://www.saos.org.pl/judgments/372070
375778|2018-12-20|SO|VII Pa 125/18|Wyrok|https://www.saos.org.pl/judgments/375778
375773|2018-12-20|SO|VII Pa 119/18|Wyrok|https://www.saos.org.pl/judgments/375773
368593|2018-12-19|SO|IV Pa 29/18|Wyrok|https://www.saos.org.pl/judgments/368593
380381|2018-12-18|SO|VIII Pa 188/18|Uzasadnienie|https://www.saos.org.pl/judgments/380381
371489|2018-12-18|SO|XXI Pa 417/18|Wyrok|https://www.saos.org.pl/judgments/371489
368430|2018-12-17|SO|VIII Pa 213/18|Uzasadnienie|https://www.saos.org.pl/judgments/368430
391461|2018-12-14|SO|V P 152/17|Wyrok|https://www.saos.org.pl/judgments/391461
367937|2018-12-13|SO|IV P 195/18|Wyrok|https://www.saos.org.pl/judgments/367937
367995|2018-12-12|SO|III AUa 1133/17|Wyrok|https://www.saos.org.pl/judgments/367995
367690|2018-12-07|SO|VI Pa 92/18|Uzasadnienie|https://www.saos.org.pl/judgments/367690
455733|2018-12-05|SO|III AUa 480/18|Wyrok|https://www.saos.org.pl/judgments/455733
368415|2018-12-03|SO|VIII Pa 181/18|Uzasadnienie|https://www.saos.org.pl/judgments/368415
416284|2018-11-29|SO|XXI P 41/17|Uzasadnienie|https://www.saos.org.pl/judgments/416284
403130|2018-11-29|SO|IV Pa 38/18|Wyrok|https://www.saos.org.pl/judgments/403130
382041|2018-11-29|SO|VIII Pa 129/18|Wyrok|https://www.saos.org.pl/judgments/382041
369501|2018-11-29|SO|II K 166/16|Wyrok|https://www.saos.org.pl/judgments/369501
368609|2018-11-29|SO|V Pa 81/18|Wyrok|https://www.saos.org.pl/judgments/368609
368408|2018-11-29|SO|VIII Pa 149/16|Uzasadnienie|https://www.saos.org.pl/judgments/368408
375783|2018-11-28|SO|VII Pa 138/18|Wyrok|https://www.saos.org.pl/judgments/375783
375776|2018-11-28|SO|VII Pa 123/18|Wyrok|https://www.saos.org.pl/judgments/375776
371052|2018-11-28|SO|III AUa 1003/17|Wyrok|https://www.saos.org.pl/judgments/371052
368428|2018-11-26|SO|VIII Pa 209/18|Uzasadnienie|https://www.saos.org.pl/judgments/368428
364696|2018-11-23|SO|VI Pa 88/18|Uzasadnienie|https://www.saos.org.pl/judgments/364696
380427|2018-11-22|SO|VIII Pa 89/18|Wyrok|https://www.saos.org.pl/judgments/380427
375782|2018-11-22|SO|VII Pa 137/18|Wyrok|https://www.saos.org.pl/judgments/375782
372484|2018-11-22|SO|IV Pa 39/18|Wyrok|https://www.saos.org.pl/judgments/372484
366239|2018-11-22|SO|VIII Pa 125/18|Wyrok|https://www.saos.org.pl/judgments/366239
366238|2018-11-22|SO|VIII Pa 124/18|Wyrok|https://www.saos.org.pl/judgments/366238
368423|2018-11-21|SO|VIII Pa 200/18|Uzasadnienie|https://www.saos.org.pl/judgments/368423
364104|2018-11-21|SO|I AGa 116/18|Wyrok|https://www.saos.org.pl/judgments/364104
367785|2018-11-16|SO|IV U 708/18|Wyrok|https://www.saos.org.pl/judgments/367785
362868|2018-11-16|SO|IV P 93/18|Wyrok|https://www.saos.org.pl/judgments/362868
371314|2018-11-15|SO|XXI Pa 342/18|Wyrok|https://www.saos.org.pl/judgments/371314
365017|2018-11-15|SO|IV P 89/17|Wyrok|https://www.saos.org.pl/judgments/365017
371085|2018-11-14|SO|III Pa 27/18|Wyrok|https://www.saos.org.pl/judgments/371085
394282|2018-11-09|SO|VIII P 67/18|Uzasadnienie|https://www.saos.org.pl/judgments/394282
425838|2018-11-08|SO|III AUa 1271/18|Wyrok|https://www.saos.org.pl/judgments/425838
375792|2018-11-08|SO|VII Pa 60/18|Wyrok|https://www.saos.org.pl/judgments/375792
368414|2018-11-08|SO|VIII Pa 179/18|Uzasadnienie|https://www.saos.org.pl/judgments/368414
420855|2018-11-07|SO|III APa 29/18|Wyrok|https://www.saos.org.pl/judgments/420855
401634|2018-11-07|SO|VIII Pa 95/18|Wyrok|https://www.saos.org.pl/judgments/401634
422235|2018-11-06|SO|IV P 128/17|Wyrok|https://www.saos.org.pl/judgments/422235
376104|2018-11-05|SO|VII U 871/18|Wyrok|https://www.saos.org.pl/judgments/376104
368435|2018-11-05|SO|VIII Pa 222/18|Uzasadnienie|https://www.saos.org.pl/judgments/368435
360879|2018-11-02|SO|IX P 491/17|Zarządzenie|https://www.saos.org.pl/judgments/360879
372319|2018-10-31|SO|VIII Pa 166/18|Uzasadnienie|https://www.saos.org.pl/judgments/372319
364601|2018-10-30|SO|IV P 186/18|Wyrok|https://www.saos.org.pl/judgments/364601
452106|2018-10-25|SO|III APa 15/18|Wyrok|https://www.saos.org.pl/judgments/452106
381399|2018-10-25|SO|III AUa 231/18|Wyrok|https://www.saos.org.pl/judgments/381399
361183|2018-10-25|SO|IV Ua 16/18|Wyrok|https://www.saos.org.pl/judgments/361183
363959|2018-10-24|SO|IV P 365/18|Wyrok|https://www.saos.org.pl/judgments/363959
379323|2018-10-22|SO|IV P 542/15|Wyrok|https://www.saos.org.pl/judgments/379323
363263|2018-10-22|SO|IV P 62/18|Wyrok|https://www.saos.org.pl/judgments/363263
360701|2018-10-22|SO|IV Pa 99/18|Wyrok|https://www.saos.org.pl/judgments/360701
374003|2018-10-19|SO|IV P 13/18|Wyrok|https://www.saos.org.pl/judgments/374003
367762|2018-10-19|SO|III APa 56/17|Wyrok|https://www.saos.org.pl/judgments/367762
357962|2018-10-15|SO|IX U 681/17|Zarządzenie|https://www.saos.org.pl/judgments/357962
364020|2018-10-12|SO|VI P 340/17|Wyrok|https://www.saos.org.pl/judgments/364020
368091|2018-10-11|SO|VII P 200/18|Wyrok|https://www.saos.org.pl/judgments/368091
365335|2018-10-11|SO|V P 50/18|Wyrok|https://www.saos.org.pl/judgments/365335
360196|2018-10-11|SO|XXI Pa 305/18|Wyrok|https://www.saos.org.pl/judgments/360196
407889|2018-10-10|SO|III AUa 1031/18|Wyrok|https://www.saos.org.pl/judgments/407889
375807|2018-10-10|SO|VII Pa 89/18|Wyrok|https://www.saos.org.pl/judgments/375807
392970|2018-10-05|SO|V P 308/17|Wyrok|https://www.saos.org.pl/judgments/392970
367763|2018-10-05|SO|III APa 82/17|Wyrok|https://www.saos.org.pl/judgments/367763
360024|2018-10-05|SO|IV Pa 49/18|Wyrok|https://www.saos.org.pl/judgments/360024
356904|2018-10-05|SO|IX P 177/17|Zarządzenie|https://www.saos.org.pl/judgments/356904
375796|2018-10-04|SO|VII Pa 67/18|Wyrok|https://www.saos.org.pl/judgments/375796
370529|2018-10-04|SO|III Pa 22/18|Wyrok|https://www.saos.org.pl/judgments/370529
365642|2018-10-04|SO|V Pa 74/18|Wyrok|https://www.saos.org.pl/judgments/365642
433218|2018-10-03|SO|III APa 11/18|Wyrok|https://www.saos.org.pl/judgments/433218
356379|2018-10-02|SO|IX P 273/17|Uzasadnienie|https://www.saos.org.pl/judgments/356379
359108|2018-09-28|SO|IV P 31/17|Wyrok|https://www.saos.org.pl/judgments/359108
366245|2018-09-27|SO|VIII Pa 35/18|Wyrok|https://www.saos.org.pl/judgments/366245
383873|2018-09-26|SO|IV P 69/17|Wyrok|https://www.saos.org.pl/judgments/383873
356031|2018-09-26|SO|IX P 613/17|Zarządzenie|https://www.saos.org.pl/judgments/356031
381704|2018-09-25|SO|VII P 18/17|Wyrok|https://www.saos.org.pl/judgments/381704
360198|2018-09-24|SO|XXI Pa 742/17|Wyrok|https://www.saos.org.pl/judgments/360198
452049|2018-09-21|SO|III AUa 861/18|Wyrok|https://www.saos.org.pl/judgments/452049
390683|2018-09-20|SO|III AUa 9/18|Wyrok|https://www.saos.org.pl/judgments/390683
376136|2018-09-20|SO|VII Ua 66/18|Wyrok|https://www.saos.org.pl/judgments/376136
375798|2018-09-20|SO|VII Pa 73/18|Wyrok|https://www.saos.org.pl/judgments/375798
428683|2018-09-19|SO|I AGa 211/18|Wyrok|https://www.saos.org.pl/judgments/428683
358572|2018-09-14|SO|VI Pa 54/18|Uzasadnienie|https://www.saos.org.pl/judgments/358572
355797|2018-09-14|SO|VIII Pa 156/18|Zarządzenie|https://www.saos.org.pl/judgments/355797
353007|2018-09-14|SO|VIII Pa 109/18|Uzasadnienie|https://www.saos.org.pl/judgments/353007
375805|2018-09-13|SO|VII Pa 82/18|Wyrok|https://www.saos.org.pl/judgments/375805
369776|2018-09-13|SO|VI U 1693/18|Wyrok|https://www.saos.org.pl/judgments/369776
374562|2018-09-12|SO|IV P 13/18|Wyrok|https://www.saos.org.pl/judgments/374562
490181|2018-09-11|SO|III Pa 19/18|Wyrok|https://www.saos.org.pl/judgments/490181
368582|2018-09-11|SO|III APa 12/17|Wyrok|https://www.saos.org.pl/judgments/368582
357942|2018-09-11|SO|IV P 11/18|Wyrok|https://www.saos.org.pl/judgments/357942
409629|2018-09-07|SO|IV U 666/18|Wyrok|https://www.saos.org.pl/judgments/409629
429845|2018-09-06|SO|XXI Pa 221/18|Wyrok|https://www.saos.org.pl/judgments/429845
385680|2018-09-06|SO|III AUa 38/18|Wyrok|https://www.saos.org.pl/judgments/385680
356218|2018-09-05|SO|IX Ca 133/18|Postanowienie|https://www.saos.org.pl/judgments/356218
356810|2018-09-04|SO|VII P 289/18|Wyrok|https://www.saos.org.pl/judgments/356810
386404|2018-08-31|SO|IV P 16/18|Wyrok|https://www.saos.org.pl/judgments/386404
369292|2018-08-30|SO|VIII Pa 56/18|Wyrok|https://www.saos.org.pl/judgments/369292
350010|2018-08-29|SO|IX P 147/17|Uzasadnienie|https://www.saos.org.pl/judgments/350010
375809|2018-08-23|SO|VII Pa 91/18|Wyrok|https://www.saos.org.pl/judgments/375809
360794|2018-08-23|SO|XXI Pa 247/18|Wyrok|https://www.saos.org.pl/judgments/360794
357889|2018-08-23|SO|V Pa 71/18|Wyrok|https://www.saos.org.pl/judgments/357889
355017|2018-08-23|SO|VIII Ka 466/18|Wyrok|https://www.saos.org.pl/judgments/355017
351928|2018-08-23|SO|VII U 539/18|Wyrok|https://www.saos.org.pl/judgments/351928
356021|2018-08-22|SO|IV P 16/18|Uzasadnienie|https://www.saos.org.pl/judgments/356021
396203|2018-08-21|SO|IV U 1800/17|Wyrok|https://www.saos.org.pl/judgments/396203
352510|2018-08-17|SO|IV Pa 40/18|Wyrok|https://www.saos.org.pl/judgments/352510
351702|2018-08-16|SO|VIII Pa 129/18|Uzasadnienie|https://www.saos.org.pl/judgments/351702
353012|2018-08-10|SO|VIII Pa 127/18|Uzasadnienie|https://www.saos.org.pl/judgments/353012
351704|2018-08-10|SO|VIII Pa 130/18|Uzasadnienie|https://www.saos.org.pl/judgments/351704
350666|2018-08-10|SO|VIII P 39/17|Uzasadnienie|https://www.saos.org.pl/judgments/350666
355703|2018-08-08|SO|III APa 7/18|Wyrok|https://www.saos.org.pl/judgments/355703
350685|2018-08-06|SO|VIII Pa 95/18|Uzasadnienie|https://www.saos.org.pl/judgments/350685
364673|2018-08-02|SO|III AUa 1430/17|Wyrok|https://www.saos.org.pl/judgments/364673
361162|2018-08-02|SO|III AUa 1334/17|Wyrok|https://www.saos.org.pl/judgments/361162
355729|2018-08-02|SO|III AUa 586/17|Wyrok|https://www.saos.org.pl/judgments/355729
350670|2018-08-01|SO|VIII Pa 135/18|Uzasadnienie|https://www.saos.org.pl/judgments/350670
365361|2018-07-26|SO|VIII Pa 170/17|Wyrok|https://www.saos.org.pl/judgments/365361
356822|2018-07-26|SO|VIII Pa 46/18|Wyrok|https://www.saos.org.pl/judgments/356822
352253|2018-07-25|SO|IV U 385/18|Wyrok|https://www.saos.org.pl/judgments/352253
348027|2018-07-10|SO|IV P 94/17|Wyrok|https://www.saos.org.pl/judgments/348027
350556|2018-07-09|SO|X P 386/17|Wyrok|https://www.saos.org.pl/judgments/350556
368374|2018-07-05|SO|IV P 24/17|Wyrok|https://www.saos.org.pl/judgments/368374
375708|2018-07-04|SO|VI P 114/17|Wyrok|https://www.saos.org.pl/judgments/375708
357245|2018-07-03|SO|VI Ka 1550/17|Wyrok|https://www.saos.org.pl/judgments/357245
345971|2018-07-03|SO|VIII Pa 60/18|Uzasadnienie|https://www.saos.org.pl/judgments/345971
347712|2018-06-29|SO|IV Pa 27/18|Wyrok|https://www.saos.org.pl/judgments/347712
348136|2018-06-27|SO|IV Pa 25/17|Wyrok|https://www.saos.org.pl/judgments/348136
392226|2018-06-26|SO|XXI P 64/17|Wyrok|https://www.saos.org.pl/judgments/392226
345969|2018-06-26|SO|VIII Pa 54/18|Uzasadnienie|https://www.saos.org.pl/judgments/345969
358106|2018-06-25|SO|IV P 16/18|Wyrok|https://www.saos.org.pl/judgments/358106
344160|2018-06-25|SO|VIII Pa 117/18|Zarządzenie|https://www.saos.org.pl/judgments/344160
345973|2018-06-22|SO|VIII Pa 61/18|Uzasadnienie|https://www.saos.org.pl/judgments/345973
349500|2018-06-21|SO|III APa 18/18|Wyrok|https://www.saos.org.pl/judgments/349500
352631|2018-06-18|SO|XXI Pa 34/18|Wyrok|https://www.saos.org.pl/judgments/352631
346803|2018-06-18|SO|X P 646/17|Wyrok|https://www.saos.org.pl/judgments/346803
346801|2018-06-11|SO|X P 10/18|Wyrok|https://www.saos.org.pl/judgments/346801
345732|2018-06-11|SO|VIII Pa 56/18|Uzasadnienie|https://www.saos.org.pl/judgments/345732
405138|2018-06-08|SO|IV U 41/18|Wyrok|https://www.saos.org.pl/judgments/405138
396349|2018-06-08|SO|IV U 156/18|Wyrok|https://www.saos.org.pl/judgments/396349
379310|2018-06-08|SO|IV P 192/17|Wyrok|https://www.saos.org.pl/judgments/379310
359577|2018-06-08|SO|III APa 66/16|Wyrok|https://www.saos.org.pl/judgments/359577
352858|2018-06-07|SO|XXI Pa 107/18|Wyrok|https://www.saos.org.pl/judgments/352858
347123|2018-06-07|SO|IV P 212/17|Wyrok|https://www.saos.org.pl/judgments/347123
345592|2018-06-07|SO|XXI Pa 96/18|Wyrok|https://www.saos.org.pl/judgments/345592
345591|2018-06-07|SO|XXI Pa 89/18|Wyrok|https://www.saos.org.pl/judgments/345591
359611|2018-06-05|SO|IV U 236/18|Wyrok|https://www.saos.org.pl/judgments/359611
342136|2018-06-04|SO|VIII Ua 8/18|Uzasadnienie|https://www.saos.org.pl/judgments/342136
352750|2018-05-30|SO|III AUa 324/18|Wyrok|https://www.saos.org.pl/judgments/352750
348179|2018-05-30|SO|X P 1206/14|Wyrok|https://www.saos.org.pl/judgments/348179
343203|2018-05-30|SO|IV P 13/18|Wyrok|https://www.saos.org.pl/judgments/343203
404202|2018-05-25|SO|IV P 110/17|Wyrok|https://www.saos.org.pl/judgments/404202
346548|2018-05-25|SO|IV Pa 115/18|Wyrok|https://www.saos.org.pl/judgments/346548
345115|2018-05-25|SO|V Pa 74/17|Wyrok|https://www.saos.org.pl/judgments/345115
401529|2018-05-24|SO|VIII Pa 191/17|Wyrok|https://www.saos.org.pl/judgments/401529
345588|2018-05-24|SO|XXI Pa 720/17|Wyrok|https://www.saos.org.pl/judgments/345588
376168|2018-05-23|SO|VIII P 619/17|Uzasadnienie|https://www.saos.org.pl/judgments/376168
351913|2018-05-23|SO|VI P 738/17|Wyrok|https://www.saos.org.pl/judgments/351913
345025|2018-05-23|SO|IV P 244/17|Wyrok|https://www.saos.org.pl/judgments/345025
343204|2018-05-23|SO|IV P 285/17|Wyrok|https://www.saos.org.pl/judgments/343204
490685|2018-05-22|SO|VI Pa 19/18|Wyrok|https://www.saos.org.pl/judgments/490685
408541|2018-05-22|SO|III AUa 199/18|Wyrok|https://www.saos.org.pl/judgments/408541
347551|2018-05-22|SO|IV P 732/17|Wyrok|https://www.saos.org.pl/judgments/347551
344910|2018-05-21|SO|VIII U 1933/17|Zarządzenie|https://www.saos.org.pl/judgments/344910
342068|2018-05-21|SO|VIII Pa 44/18|Uzasadnienie|https://www.saos.org.pl/judgments/342068
340248|2018-05-21|SO|IX P 766/16|Zarządzenie|https://www.saos.org.pl/judgments/340248
374894|2018-05-15|SO|VII Pa 47/18|Wyrok|https://www.saos.org.pl/judgments/374894
355013|2018-05-10|SO|VIII Ka 127/18|Wyrok|https://www.saos.org.pl/judgments/355013
343979|2018-05-09|SO|VIII Pa 32/18|Uzasadnienie|https://www.saos.org.pl/judgments/343979
342611|2018-05-09|SO|VI P 243/17|Wyrok|https://www.saos.org.pl/judgments/342611
338326|2018-05-09|SO|IX P 277/17|Zarządzenie|https://www.saos.org.pl/judgments/338326
490628|2018-05-08|SO|VI Pa 24/18|Wyrok|https://www.saos.org.pl/judgments/490628
341484|2018-05-08|SO|IV P 20/17|Wyrok|https://www.saos.org.pl/judgments/341484
391867|2018-05-07|SO|IV P 126/16|Wyrok|https://www.saos.org.pl/judgments/391867
364621|2018-04-27|SO|IV P 98/17|Wyrok|https://www.saos.org.pl/judgments/364621
364606|2018-04-26|SO|IV P 21/18|Wyrok|https://www.saos.org.pl/judgments/364606
359441|2018-04-24|SO|VI Ka 61/18|Wyrok|https://www.saos.org.pl/judgments/359441
349954|2018-04-19|SO|I ACa 9/18|Wyrok|https://www.saos.org.pl/judgments/349954
339742|2018-04-19|SO|VIII Pa 208/17|Wyrok|https://www.saos.org.pl/judgments/339742
339168|2018-04-18|SO|X P 592/16|Wyrok|https://www.saos.org.pl/judgments/339168
337146|2018-04-17|SO|V Ka 131/18|Wyrok|https://www.saos.org.pl/judgments/337146
339764|2018-04-16|SO|VIII Pa 9/18|Uzasadnienie|https://www.saos.org.pl/judgments/339764
343787|2018-04-12|SO|VI Pa 118/17|Wyrok|https://www.saos.org.pl/judgments/343787
342567|2018-04-12|SO|III APa 5/18|Wyrok|https://www.saos.org.pl/judgments/342567
346303|2018-04-11|SO|VI Pa 29/17|Wyrok|https://www.saos.org.pl/judgments/346303
337925|2018-04-11|SO|V Ka 295/18|Uzasadnienie|https://www.saos.org.pl/judgments/337925
336598|2018-04-11|SO|IV P 55/17|Wyrok|https://www.saos.org.pl/judgments/336598
336036|2018-04-11|SO|VIII Pa 18/18|Uzasadnienie|https://www.saos.org.pl/judgments/336036
339761|2018-04-09|SO|VIII Pa 7/18|Uzasadnienie|https://www.saos.org.pl/judgments/339761
336646|2018-04-09|SO|VIII P 25/12|Zarządzenie|https://www.saos.org.pl/judgments/336646
341201|2018-04-06|SO|VI U 464/17|Wyrok|https://www.saos.org.pl/judgments/341201
339166|2018-04-06|SO|X P 4/17|Wyrok|https://www.saos.org.pl/judgments/339166
335881|2018-04-06|SO|IV Pa 11/18|Wyrok|https://www.saos.org.pl/judgments/335881
345955|2018-04-05|SO|VI Pa 85/17|Wyrok|https://www.saos.org.pl/judgments/345955
343950|2018-04-05|SO|V Pa 19/16|Wyrok|https://www.saos.org.pl/judgments/343950
337959|2018-04-04|SO|VIII Pa 252/17|Wyrok|https://www.saos.org.pl/judgments/337959
355410|2018-03-28|SO|VI Pa 39/18|Wyrok|https://www.saos.org.pl/judgments/355410
346643|2018-03-28|SO|VI Pa 130/17|Wyrok|https://www.saos.org.pl/judgments/346643
340544|2018-03-28|SO|VI Pa 90/17|Wyrok|https://www.saos.org.pl/judgments/340544
339713|2018-03-28|SO|VI P 475/17|Wyrok|https://www.saos.org.pl/judgments/339713
337093|2018-03-28|SO|III AUa 851/17|Wyrok|https://www.saos.org.pl/judgments/337093
336037|2018-03-28|SO|VIII Pa 290/17|Uzasadnienie|https://www.saos.org.pl/judgments/336037
345238|2018-03-27|SO|III AUa 1907/17|Wyrok|https://www.saos.org.pl/judgments/345238
337094|2018-03-27|SO|III AUa 852/17|Wyrok|https://www.saos.org.pl/judgments/337094
337041|2018-03-27|SO|III AUa 47/18|Wyrok|https://www.saos.org.pl/judgments/337041
336032|2018-03-26|SO|VIII Pa 136/16|Uzasadnienie|https://www.saos.org.pl/judgments/336032
334115|2018-03-26|SO|VIII Pa 216/17|Uzasadnienie|https://www.saos.org.pl/judgments/334115
364611|2018-03-22|SO|IV P 327/17|Wyrok|https://www.saos.org.pl/judgments/364611
345883|2018-03-22|SO|III AUa 600/16|Wyrok|https://www.saos.org.pl/judgments/345883
344692|2018-03-22|SO|IV U 515/14|Wyrok|https://www.saos.org.pl/judgments/344692
336872|2018-03-22|SO|XXI Pa 706/17|Wyrok|https://www.saos.org.pl/judgments/336872
345954|2018-03-21|SO|VI P 72/16|Wyrok|https://www.saos.org.pl/judgments/345954
333750|2018-03-21|SO|VIII Pa 286/17|Uzasadnienie|https://www.saos.org.pl/judgments/333750
341768|2018-03-20|SO|IV P 201/17|Wyrok|https://www.saos.org.pl/judgments/341768
338186|2018-03-20|SO|IV P 309/17|Wyrok|https://www.saos.org.pl/judgments/338186
334019|2018-03-20|SO|XVII AmA 64/15|Wyrok|https://www.saos.org.pl/judgments/334019
374268|2018-03-19|SO|VII Pa 24/18|Wyrok|https://www.saos.org.pl/judgments/374268
335445|2018-03-19|SO|IV P 137/17|Wyrok|https://www.saos.org.pl/judgments/335445
335316|2018-03-19|SO|X P 804/13|Wyrok|https://www.saos.org.pl/judgments/335316
348034|2018-03-16|SO|VII Pa 10/18|Wyrok|https://www.saos.org.pl/judgments/348034
335450|2018-03-16|SO|IV P 5/15|Wyrok|https://www.saos.org.pl/judgments/335450
364608|2018-03-15|SO|IV P 256/17|Wyrok|https://www.saos.org.pl/judgments/364608
334117|2018-03-15|SO|VIII Pa 226/17|Uzasadnienie|https://www.saos.org.pl/judgments/334117
363753|2018-03-14|SO|VI P 185/16|Wyrok|https://www.saos.org.pl/judgments/363753
335485|2018-03-14|SO|VII Pa 21/18|Wyrok|https://www.saos.org.pl/judgments/335485
356990|2018-03-12|SO|VI Ka 603/17|Wyrok|https://www.saos.org.pl/judgments/356990
344848|2018-03-12|SO|VI Pa 81/17|Wyrok|https://www.saos.org.pl/judgments/344848
343144|2018-03-07|SO|I ACa 891/17|Wyrok|https://www.saos.org.pl/judgments/343144
335421|2018-03-07|SO|IV Ka 1614/17|Wyrok|https://www.saos.org.pl/judgments/335421
343332|2018-03-06|SO|III AUa 1259/17|Wyrok|https://www.saos.org.pl/judgments/343332
343320|2018-02-28|SO|III APa 27/17|Wyrok|https://www.saos.org.pl/judgments/343320
332838|2018-02-28|SO|VI P 675/15|Wyrok|https://www.saos.org.pl/judgments/332838
331028|2018-02-27|SO|IV Pa 6/18|Wyrok|https://www.saos.org.pl/judgments/331028
432117|2018-02-26|SO|V P 171/16|Uzasadnienie|https://www.saos.org.pl/judgments/432117
370579|2018-02-23|SO|V P 387/16|Wyrok|https://www.saos.org.pl/judgments/370579
333503|2018-02-23|SO|V Pa 5/18|Wyrok|https://www.saos.org.pl/judgments/333503
348441|2018-02-22|SO|VIII Pa 155/17|Wyrok|https://www.saos.org.pl/judgments/348441
333999|2018-02-22|SO|VIII Ua 70/17|Wyrok|https://www.saos.org.pl/judgments/333999
332784|2018-02-22|SO|III K 135/17|Wyrok|https://www.saos.org.pl/judgments/332784
335312|2018-02-21|SO|X P 230/17|Wyrok|https://www.saos.org.pl/judgments/335312
331701|2018-02-20|SO|VII Pa 112/17|Wyrok|https://www.saos.org.pl/judgments/331701
331686|2018-02-19|SO|VI P 5/15|Wyrok|https://www.saos.org.pl/judgments/331686
329077|2018-02-19|SO|VIII Pa 270/17|Uzasadnienie|https://www.saos.org.pl/judgments/329077
328670|2018-02-16|SO|IV P 122/17|Wyrok|https://www.saos.org.pl/judgments/328670
342964|2018-02-15|SO|VIII Pa 182/17|Wyrok|https://www.saos.org.pl/judgments/342964
337683|2018-02-15|SO|VIII Pa 184/17|Wyrok|https://www.saos.org.pl/judgments/337683
330170|2018-02-15|SO|VIII Pa 29/17|Uzasadnienie|https://www.saos.org.pl/judgments/330170
329073|2018-02-15|SO|VIII Pa 264/17|Uzasadnienie|https://www.saos.org.pl/judgments/329073
334341|2018-02-14|SO|VI P 1134/14|Wyrok|https://www.saos.org.pl/judgments/334341
350854|2018-02-13|SO|IV P 102/17|Wyrok|https://www.saos.org.pl/judgments/350854
335664|2018-02-13|SO|III APa 17/17|Wyrok|https://www.saos.org.pl/judgments/335664
330007|2018-02-13|SO|III Pa 2/18|Wyrok|https://www.saos.org.pl/judgments/330007
328669|2018-02-13|SO|IV P 101/17|Wyrok|https://www.saos.org.pl/judgments/328669
342963|2018-02-08|SO|VIII Pa 174/17|Wyrok|https://www.saos.org.pl/judgments/342963
342962|2018-02-08|SO|VIII Pa 157/17|Wyrok|https://www.saos.org.pl/judgments/342962
342960|2018-02-08|SO|VIII Pa 128/17|Wyrok|https://www.saos.org.pl/judgments/342960
337682|2018-02-08|SO|VIII Pa 146/17|Wyrok|https://www.saos.org.pl/judgments/337682
333225|2018-02-08|SO|III APa 74/17|Wyrok|https://www.saos.org.pl/judgments/333225
347442|2018-02-06|SO|XXI Pa 650/17|Wyrok|https://www.saos.org.pl/judgments/347442
331705|2018-02-06|SO|VII Pa 164/17|Wyrok|https://www.saos.org.pl/judgments/331705
329883|2018-02-06|SO|X P 267/17|Wyrok|https://www.saos.org.pl/judgments/329883
329814|2018-02-06|SO|IV P 158/17|Wyrok|https://www.saos.org.pl/judgments/329814
332513|2018-02-05|SO|VII P 193/17|Wyrok|https://www.saos.org.pl/judgments/332513
330305|2018-02-05|SO|V Pz 5/18|Postanowienie|https://www.saos.org.pl/judgments/330305
394133|2018-02-02|SO|IV U 1677/17|Wyrok|https://www.saos.org.pl/judgments/394133
327652|2018-02-02|SO|VIII Pa 261/17|Uzasadnienie|https://www.saos.org.pl/judgments/327652
334684|2018-02-01|SO|VII P 16/17|Wyrok|https://www.saos.org.pl/judgments/334684
343319|2018-01-31|SO|III APa 23/17|Wyrok|https://www.saos.org.pl/judgments/343319
333845|2018-01-31|SO|III APa 25/16|Wyrok|https://www.saos.org.pl/judgments/333845
324276|2018-01-30|SO|VIII Pa 275/17|Uzasadnienie|https://www.saos.org.pl/judgments/324276
329886|2018-01-29|SO|X P 599/16|Wyrok|https://www.saos.org.pl/judgments/329886
327656|2018-01-29|SO|VIII Pa 269/17|Uzasadnienie|https://www.saos.org.pl/judgments/327656
324835|2018-01-29|SO|IX P 240/17|Zarządzenie|https://www.saos.org.pl/judgments/324835
341676|2018-01-26|SO|VI P 371/14|Wyrok|https://www.saos.org.pl/judgments/341676
326115|2018-01-26|SO|IV Pa 73/17|Wyrok|https://www.saos.org.pl/judgments/326115
344862|2018-01-25|SO|VII P 526/17|Wyrok|https://www.saos.org.pl/judgments/344862
338374|2018-01-25|SO|VIII Pa 161/17|Wyrok|https://www.saos.org.pl/judgments/338374
330013|2018-01-25|SO|III U 61/17|Wyrok|https://www.saos.org.pl/judgments/330013
336214|2018-01-23|SO|V P 12/17|Wyrok|https://www.saos.org.pl/judgments/336214
331704|2018-01-23|SO|VII Pa 163/17|Wyrok|https://www.saos.org.pl/judgments/331704
327641|2018-01-22|SO|VIII Pa 108/16|Uzasadnienie|https://www.saos.org.pl/judgments/327641
324274|2018-01-22|SO|VIII Pa 26/17|Uzasadnienie|https://www.saos.org.pl/judgments/324274
324250|2018-01-22|SO|VIII Pa 23/17|Uzasadnienie|https://www.saos.org.pl/judgments/324250
348754|2018-01-19|SO|IV U 902/17|Wyrok|https://www.saos.org.pl/judgments/348754
333010|2018-01-19|SO|III APa 12/17|Wyrok|https://www.saos.org.pl/judgments/333010
324019|2018-01-19|SO|IV P 106/17|Wyrok|https://www.saos.org.pl/judgments/324019
324266|2018-01-17|SO|VIII Pa 249/17|Uzasadnienie|https://www.saos.org.pl/judgments/324266
324252|2018-01-17|SO|VIII Pa 235/17|Uzasadnienie|https://www.saos.org.pl/judgments/324252
331480|2018-01-16|SO|VII Pa 162/17|Wyrok|https://www.saos.org.pl/judgments/331480
324272|2018-01-16|SO|VIII Pa 253/17|Uzasadnienie|https://www.saos.org.pl/judgments/324272
325336|2018-01-11|SO|V Pa 116/17|Wyrok|https://www.saos.org.pl/judgments/325336
325309|2018-01-11|SO|IV Pa 50/17|Wyrok|https://www.saos.org.pl/judgments/325309
330548|2018-01-10|SO|III AUa 1414/16|Wyrok|https://www.saos.org.pl/judgments/330548
328053|2018-01-08|SO|VII P 525/17|Wyrok|https://www.saos.org.pl/judgments/328053
324258|2018-01-05|SO|VIII Pa 244/17|Uzasadnienie|https://www.saos.org.pl/judgments/324258
322867|2018-01-03|SO|IV P 104/17|Wyrok|https://www.saos.org.pl/judgments/322867
324906|2017-12-29|SO|VIII Pa 250/17|Uzasadnienie|https://www.saos.org.pl/judgments/324906
321380|2017-12-29|SO|IV P 46/17|Wyrok|https://www.saos.org.pl/judgments/321380
329844|2017-12-28|SO|V Pa 49/17|Wyrok|https://www.saos.org.pl/judgments/329844
319298|2017-12-22|SO|IX P 301/17|Zarządzenie|https://www.saos.org.pl/judgments/319298
338324|2017-12-21|SO|IV P 498/17|Wyrok|https://www.saos.org.pl/judgments/338324
330554|2017-12-21|SO|III AUa 323/17|Wyrok|https://www.saos.org.pl/judgments/330554
330044|2017-12-21|SO|VI P 613/15|Wyrok|https://www.saos.org.pl/judgments/330044
323148|2017-12-20|SO|VIII U 1945/17|Uzasadnienie|https://www.saos.org.pl/judgments/323148
321383|2017-12-20|SO|IV P 88/17|Wyrok|https://www.saos.org.pl/judgments/321383
320827|2017-12-20|SO|III AUa 799/17|Wyrok|https://www.saos.org.pl/judgments/320827
327343|2017-12-19|SO|VI Pa 79/17|Wyrok|https://www.saos.org.pl/judgments/327343
327082|2017-12-19|SO|XXI Pa 422/17|Wyrok|https://www.saos.org.pl/judgments/327082
326965|2017-12-19|SO|III APa 20/16|Wyrok|https://www.saos.org.pl/judgments/326965
326917|2017-12-19|SO|XXI Pa 601/17|Wyrok|https://www.saos.org.pl/judgments/326917
329884|2017-12-18|SO|X P 489/17|Wyrok|https://www.saos.org.pl/judgments/329884
339737|2017-12-15|SO|VIII Pa 156/17|Wyrok|https://www.saos.org.pl/judgments/339737
332850|2017-12-15|SO|VII U 287/15|Wyrok|https://www.saos.org.pl/judgments/332850
344591|2017-12-14|SO|III AUa 2227/16|Wyrok|https://www.saos.org.pl/judgments/344591
333990|2017-12-14|SO|VIII Pa 137/17|Wyrok|https://www.saos.org.pl/judgments/333990
330162|2017-12-14|SO|IV P 134/16|Wyrok|https://www.saos.org.pl/judgments/330162
321448|2017-12-14|SO|VIII Pa 150/17|Wyrok|https://www.saos.org.pl/judgments/321448
321280|2017-12-13|SO|III APa 19/17|Wyrok|https://www.saos.org.pl/judgments/321280
331180|2017-12-12|SO|VII Pa 150/17|Wyrok|https://www.saos.org.pl/judgments/331180
320005|2017-12-12|SO|X P 246/17|Wyrok|https://www.saos.org.pl/judgments/320005
396384|2017-12-08|SO|VIII Pa 114/16|Wyrok|https://www.saos.org.pl/judgments/396384
320314|2017-12-08|SO|IV Pa 133/17|Wyrok|https://www.saos.org.pl/judgments/320314
396741|2017-12-07|SO|VI Pa 62/17|Wyrok|https://www.saos.org.pl/judgments/396741
334296|2017-12-07|SO|IV Pa 66/17|Wyrok|https://www.saos.org.pl/judgments/334296
321744|2017-12-07|SO|VIII Pa 121/17|Wyrok|https://www.saos.org.pl/judgments/321744
316698|2017-12-07|SO|IX P 440/16|Zarządzenie|https://www.saos.org.pl/judgments/316698
395436|2017-12-01|SO|IV U 1194/17|Wyrok|https://www.saos.org.pl/judgments/395436
320007|2017-12-01|SO|X P 46/17|Wyrok|https://www.saos.org.pl/judgments/320007
318463|2017-12-01|SO|IV Pa 64/17|Wyrok|https://www.saos.org.pl/judgments/318463
348025|2017-11-30|SO|IV P 59/17|Wyrok|https://www.saos.org.pl/judgments/348025
331860|2017-11-30|SO|IV P 47/17|Wyrok|https://www.saos.org.pl/judgments/331860
320909|2017-11-30|SO|XXI Pa 333/17|Wyrok|https://www.saos.org.pl/judgments/320909
318641|2017-11-30|SO|IV P 159/17|Wyrok|https://www.saos.org.pl/judgments/318641
320683|2017-11-29|SO|VIII Pa 106/17|Wyrok|https://www.saos.org.pl/judgments/320683
330545|2017-11-27|SO|III APa 34/17|Wyrok|https://www.saos.org.pl/judgments/330545
318807|2017-11-27|SO|X P 359/17|Wyrok|https://www.saos.org.pl/judgments/318807
318462|2017-11-27|SO|IV Pa 125/17|Wyrok|https://www.saos.org.pl/judgments/318462
324248|2017-11-24|SO|VIII Pa 222/17|Zarządzenie|https://www.saos.org.pl/judgments/324248
318221|2017-11-24|SO|IV P 334/15|Wyrok|https://www.saos.org.pl/judgments/318221
356964|2017-11-23|SO|V Pa 38/17|Wyrok|https://www.saos.org.pl/judgments/356964
326056|2017-11-23|SO|V Pa 37/17|Wyrok|https://www.saos.org.pl/judgments/326056
321426|2017-11-20|SO|VI P 661/16|Wyrok|https://www.saos.org.pl/judgments/321426
320397|2017-11-20|SO|VIII Pa 206/17|Uzasadnienie|https://www.saos.org.pl/judgments/320397
320389|2017-11-20|SO|VIII Pa 196/17|Uzasadnienie|https://www.saos.org.pl/judgments/320389
321442|2017-11-16|SO|VII P 335/17|Wyrok|https://www.saos.org.pl/judgments/321442
319997|2017-11-16|SO|VIII Pa 113/17|Wyrok|https://www.saos.org.pl/judgments/319997
332475|2017-11-15|SO|V Ka 376/17|Uzasadnienie|https://www.saos.org.pl/judgments/332475
318808|2017-11-15|SO|X P 640/16|Wyrok|https://www.saos.org.pl/judgments/318808
318660|2017-11-15|SO|IV U 39/17|Wyrok|https://www.saos.org.pl/judgments/318660
317516|2017-11-15|SO|III AUa 691/16|Wyrok|https://www.saos.org.pl/judgments/317516
336170|2017-11-14|SO|IV P 365/16|Wyrok|https://www.saos.org.pl/judgments/336170
313633|2017-11-14|SO|IX P 100/17|Zarządzenie|https://www.saos.org.pl/judgments/313633
320355|2017-11-13|SO|VI P 342/16|Wyrok|https://www.saos.org.pl/judgments/320355
339733|2017-11-09|SO|VIII Pa 120/17|Wyrok|https://www.saos.org.pl/judgments/339733
319999|2017-11-09|SO|VIII Pa 79/17|Wyrok|https://www.saos.org.pl/judgments/319999
317796|2017-11-09|SO|VIII Pa 98/17|Wyrok|https://www.saos.org.pl/judgments/317796
315925|2017-11-08|SO|IV P 178/16|Wyrok|https://www.saos.org.pl/judgments/315925
330667|2017-11-07|SO|VII Pa 119/17|Wyrok|https://www.saos.org.pl/judgments/330667
318707|2017-11-07|SO|V Pa 32/17|Wyrok|https://www.saos.org.pl/judgments/318707
317594|2017-11-07|SO|IV Pa 85/17|Wyrok|https://www.saos.org.pl/judgments/317594
312493|2017-11-07|SO|IV P 92/17|Wyrok|https://www.saos.org.pl/judgments/312493
392059|2017-10-31|SO|VII P 345/17|Wyrok|https://www.saos.org.pl/judgments/392059
320679|2017-10-30|SO|VIII P 14/13|Wyrok|https://www.saos.org.pl/judgments/320679
316555|2017-10-30|SO|IV P 162/17|Wyrok|https://www.saos.org.pl/judgments/316555
381809|2017-10-27|SO|IV U 1089/16|Wyrok|https://www.saos.org.pl/judgments/381809
330859|2017-10-27|SO|VII Pa 140/17|Wyrok|https://www.saos.org.pl/judgments/330859
313932|2017-10-27|SO|IV P 63/17|Wyrok|https://www.saos.org.pl/judgments/313932
313385|2017-10-27|SO|IX P 468/16|Zarządzenie|https://www.saos.org.pl/judgments/313385
311536|2017-10-27|SO|VIII Pa 170/17|Uzasadnienie|https://www.saos.org.pl/judgments/311536
323294|2017-10-26|SO|VIII Pa 90/17|Wyrok|https://www.saos.org.pl/judgments/323294
320667|2017-10-26|SO|VII P 49/16|Wyrok|https://www.saos.org.pl/judgments/320667
319431|2017-10-26|SO|XXI Pa 497/17|Wyrok|https://www.saos.org.pl/judgments/319431
316608|2017-10-25|SO|IV Pa 35/17|Wyrok|https://www.saos.org.pl/judgments/316608
316398|2017-10-25|SO|III APa 92/15|Wyrok|https://www.saos.org.pl/judgments/316398
316751|2017-10-24|SO|V Pa 31/17|Wyrok|https://www.saos.org.pl/judgments/316751
320041|2017-10-23|SO|I C 2057/17|Uzasadnienie|https://www.saos.org.pl/judgments/320041
314989|2017-10-23|SO|VII Pa 97/17|Wyrok|https://www.saos.org.pl/judgments/314989
314988|2017-10-23|SO|VII Pa 103/17|Wyrok|https://www.saos.org.pl/judgments/314988
312996|2017-10-23|SO|VII P 14/17|Wyrok|https://www.saos.org.pl/judgments/312996
382037|2017-10-20|SO|VIII Pa 112/17|Wyrok|https://www.saos.org.pl/judgments/382037
329879|2017-10-20|SO|VII Pz 72/17|Postanowienie|https://www.saos.org.pl/judgments/329879
326309|2017-10-20|SO|VIII Pa 81/17|Wyrok|https://www.saos.org.pl/judgments/326309
314947|2017-10-20|SO|VI P 6/17|Wyrok|https://www.saos.org.pl/judgments/314947
313931|2017-10-20|SO|IV P 58/17|Wyrok|https://www.saos.org.pl/judgments/313931
312013|2017-10-20|SO|IV Pa 104/17|Wyrok|https://www.saos.org.pl/judgments/312013
311506|2017-10-19|SO|VII U 3770/17|Wyrok|https://www.saos.org.pl/judgments/311506
310889|2017-10-19|SO|VII U 839/17|Wyrok|https://www.saos.org.pl/judgments/310889
313968|2017-10-18|SO|VI P 624/16|Wyrok|https://www.saos.org.pl/judgments/313968
310527|2017-10-18|SO|VIII Pa 184/17|Uzasadnienie|https://www.saos.org.pl/judgments/310527
392186|2017-10-17|SO|III APa 3/17|Wyrok|https://www.saos.org.pl/judgments/392186
329872|2017-10-17|SO|VII Pa 114/17|Wyrok|https://www.saos.org.pl/judgments/329872
309153|2017-10-16|SO|VIII Pa 154/17|Uzasadnienie|https://www.saos.org.pl/judgments/309153
319551|2017-10-12|SO|VIII Pa 114/17|Wyrok|https://www.saos.org.pl/judgments/319551
312487|2017-10-12|SO|IV P 1/17|Wyrok|https://www.saos.org.pl/judgments/312487
310526|2017-10-12|SO|VIII Pa 183/17|Uzasadnienie|https://www.saos.org.pl/judgments/310526
381299|2017-10-10|SO|XVII Amz 124/17|Postanowienie|https://www.saos.org.pl/judgments/381299
312488|2017-10-09|SO|IV P 129/16|Wyrok|https://www.saos.org.pl/judgments/312488
310523|2017-10-09|SO|VIII Pa 155/17|Uzasadnienie|https://www.saos.org.pl/judgments/310523
312214|2017-10-06|SO|VI Pa 85/17|Wyrok|https://www.saos.org.pl/judgments/312214
317593|2017-10-05|SO|IV Pa 59/17|Wyrok|https://www.saos.org.pl/judgments/317593
316815|2017-10-05|SO|VI Ka 363/17|Wyrok|https://www.saos.org.pl/judgments/316815
312946|2017-10-05|SO|IX Pa 58/17|Wyrok|https://www.saos.org.pl/judgments/312946
330050|2017-10-04|SO|VII Pa 110/17|Wyrok|https://www.saos.org.pl/judgments/330050
329871|2017-10-04|SO|VII Pa 109/17|Wyrok|https://www.saos.org.pl/judgments/329871
314869|2017-10-03|SO|V Pa 17/17|Wyrok|https://www.saos.org.pl/judgments/314869
308939|2017-10-03|SO|X P 36/17|Wyrok|https://www.saos.org.pl/judgments/308939
308352|2017-09-29|SO|I C 88/17|Wyrok|https://www.saos.org.pl/judgments/308352
306877|2017-09-29|SO|VIII Pa 152/17|Uzasadnienie|https://www.saos.org.pl/judgments/306877
322341|2017-09-27|SO|III AUa 882/16|Wyrok|https://www.saos.org.pl/judgments/322341
318403|2017-09-27|SO|III AUa 430/17|Wyrok|https://www.saos.org.pl/judgments/318403
311321|2017-09-27|SO|VI P 605/15|Wyrok|https://www.saos.org.pl/judgments/311321
309096|2017-09-27|SO|IV Ka 489/17|Wyrok|https://www.saos.org.pl/judgments/309096
312320|2017-09-26|SO|XXI Pa 285/17|Wyrok|https://www.saos.org.pl/judgments/312320
306853|2017-09-26|SO|VIII Pa 127/17|Uzasadnienie|https://www.saos.org.pl/judgments/306853
313212|2017-09-22|SO|III APa 15/17|Wyrok|https://www.saos.org.pl/judgments/313212
510350|2017-09-21|SO|V Pa 100/17|Wyrok|https://www.saos.org.pl/judgments/510350
488974|2017-09-21|SO|III AUa 814/17|Wyrok|https://www.saos.org.pl/judgments/488974
381798|2017-09-21|SO|III AUa 1536/16|Wyrok|https://www.saos.org.pl/judgments/381798
318425|2017-09-21|SO|III AUa 973/17|Wyrok|https://www.saos.org.pl/judgments/318425
309364|2017-09-21|SO|V Pa 31/17|Wyrok|https://www.saos.org.pl/judgments/309364
306873|2017-09-20|SO|VIII Pa 148/17|Uzasadnienie|https://www.saos.org.pl/judgments/306873
308434|2017-09-18|SO|IV Pa 83/17|Wyrok|https://www.saos.org.pl/judgments/308434
342495|2017-09-15|SO|IV P 50/17|Wyrok|https://www.saos.org.pl/judgments/342495
304026|2017-09-15|SO|IV Pz 38/17|Postanowienie|https://www.saos.org.pl/judgments/304026
393614|2017-09-14|SO|VII Pa 64/17|Wyrok|https://www.saos.org.pl/judgments/393614
326273|2017-09-14|SO|IV P 34/17|Wyrok|https://www.saos.org.pl/judgments/326273
309854|2017-09-14|SO|VII U 642/17|Wyrok|https://www.saos.org.pl/judgments/309854
318941|2017-09-13|SO|III APa 11/17|Wyrok|https://www.saos.org.pl/judgments/318941
308563|2017-09-12|SO|IV P 213/16|Wyrok|https://www.saos.org.pl/judgments/308563
304020|2017-09-11|SO|IV P 401/16|Wyrok|https://www.saos.org.pl/judgments/304020
306026|2017-09-08|SO|IV P 30/17|Wyrok|https://www.saos.org.pl/judgments/306026
313615|2017-09-07|SO|IV P 109/16|Wyrok|https://www.saos.org.pl/judgments/313615
308570|2017-09-07|SO|IX P 745/16|Uzasadnienie|https://www.saos.org.pl/judgments/308570
307057|2017-09-07|SO|VIII Ua 85/17|Uzasadnienie|https://www.saos.org.pl/judgments/307057
304019|2017-09-06|SO|IV P 367/16|Wyrok|https://www.saos.org.pl/judgments/304019
310667|2017-09-05|SO|IV P 197/16|Wyrok|https://www.saos.org.pl/judgments/310667
308481|2017-09-05|SO|XXI Pa 343/17|Wyrok|https://www.saos.org.pl/judgments/308481
311473|2017-09-01|SO|IV U 1698/16|Wyrok|https://www.saos.org.pl/judgments/311473
489895|2017-08-31|SO|III AUa 1675/16|Wyrok|https://www.saos.org.pl/judgments/489895
304008|2017-08-30|SO|IV P 18/17|Wyrok|https://www.saos.org.pl/judgments/304008
344667|2017-08-25|SO|IV P 100/17|Wyrok|https://www.saos.org.pl/judgments/344667
316544|2017-08-25|SO|IV P 12/17|Wyrok|https://www.saos.org.pl/judgments/316544
365471|2017-08-24|SO|IV P 65/17|Wyrok|https://www.saos.org.pl/judgments/365471
304021|2017-08-24|SO|IV P 419/16|Wyrok|https://www.saos.org.pl/judgments/304021
306857|2017-08-21|SO|VIII Pa 129/17|Uzasadnienie|https://www.saos.org.pl/judgments/306857
298754|2017-08-18|SO|VIII Pa 131/17|Uzasadnienie|https://www.saos.org.pl/judgments/298754
413367|2017-08-10|SO|VIII P 53/15|Wyrok|https://www.saos.org.pl/judgments/413367
308233|2017-08-09|SO|V P 286/16|Wyrok|https://www.saos.org.pl/judgments/308233
305663|2017-08-09|SO|III AUa 42/17|Wyrok|https://www.saos.org.pl/judgments/305663
385490|2017-08-03|SO|XXI P 83/16|Wyrok|https://www.saos.org.pl/judgments/385490
307485|2017-08-03|SO|IV P 658/16|Wyrok|https://www.saos.org.pl/judgments/307485
297231|2017-07-27|SO|VIII Pa 69/17|Zarządzenie|https://www.saos.org.pl/judgments/297231
300260|2017-07-20|SO|VIII U 10120/14|Wyrok|https://www.saos.org.pl/judgments/300260
336443|2017-07-17|SO|VI P 289/15|Wyrok|https://www.saos.org.pl/judgments/336443
297592|2017-07-17|SO|VIII Pa 141/16|Uzasadnienie|https://www.saos.org.pl/judgments/297592
295495|2017-07-13|SO|IV P 239/16|Wyrok|https://www.saos.org.pl/judgments/295495
299146|2017-07-12|SO|X P 504/16|Wyrok|https://www.saos.org.pl/judgments/299146
329645|2017-07-11|SO|VII Pa 74/17|Wyrok|https://www.saos.org.pl/judgments/329645
309598|2017-07-10|SO|VI P 313/15|Wyrok|https://www.saos.org.pl/judgments/309598
299023|2017-07-07|SO|V Pa 7/17|Wyrok|https://www.saos.org.pl/judgments/299023
298743|2017-07-07|SO|VI Pa 59/17|Wyrok|https://www.saos.org.pl/judgments/298743
298757|2017-07-06|SO|VIII Pa 94/17|Uzasadnienie|https://www.saos.org.pl/judgments/298757
300576|2017-07-05|SO|VIII P 14/17|Uzasadnienie|https://www.saos.org.pl/judgments/300576
310215|2017-07-04|SO|III APa 39/16|Wyrok|https://www.saos.org.pl/judgments/310215
295166|2017-07-04|SO|IV P 221/16|Wyrok|https://www.saos.org.pl/judgments/295166
306892|2017-07-03|SO|VIII Pa 74/17|Uzasadnienie|https://www.saos.org.pl/judgments/306892
293695|2017-07-03|SO|IV Pa 69/17|Wyrok|https://www.saos.org.pl/judgments/293695
293157|2017-07-03|SO|IV Pa 71/17|Wyrok|https://www.saos.org.pl/judgments/293157
292761|2017-07-03|SO|IV Pa 72/17|Wyrok|https://www.saos.org.pl/judgments/292761
323057|2017-06-30|SO|III AUa 984/16|Wyrok|https://www.saos.org.pl/judgments/323057
296575|2017-06-30|SO|IV Ka 163/17|Wyrok|https://www.saos.org.pl/judgments/296575
293155|2017-06-30|SO|IV Pa 65/17|Wyrok|https://www.saos.org.pl/judgments/293155
356965|2017-06-29|SO|V Pa 49/17|Wyrok|https://www.saos.org.pl/judgments/356965
328028|2017-06-29|SO|V Pa 22/17|Wyrok|https://www.saos.org.pl/judgments/328028
296361|2017-06-29|SO|VIII Pa 63/17|Wyrok|https://www.saos.org.pl/judgments/296361
292860|2017-06-29|SO|X P 167/16|Wyrok|https://www.saos.org.pl/judgments/292860
369084|2017-06-27|SO|VII U 919/17|Wyrok|https://www.saos.org.pl/judgments/369084
308240|2017-06-27|SO|VI P 44/16|Wyrok|https://www.saos.org.pl/judgments/308240
313517|2017-06-26|SO|XXI Pa 168/17|Wyrok|https://www.saos.org.pl/judgments/313517
296431|2017-06-26|SO|VIII U 71/17|Zarządzenie|https://www.saos.org.pl/judgments/296431
292869|2017-06-26|SO|X P 796/16|Wyrok|https://www.saos.org.pl/judgments/292869
298742|2017-06-23|SO|VI Pa 54/16|Wyrok|https://www.saos.org.pl/judgments/298742
295097|2017-06-23|SO|III AUa 1174/16|Wyrok|https://www.saos.org.pl/judgments/295097
291702|2017-06-23|SO|X P 807/15|Wyrok|https://www.saos.org.pl/judgments/291702
291519|2017-06-23|SO|II Ka 130/17|Wyrok|https://www.saos.org.pl/judgments/291519
308241|2017-06-22|SO|VI P 456/16|Wyrok|https://www.saos.org.pl/judgments/308241
308238|2017-06-22|SO|VI P 398/16|Wyrok|https://www.saos.org.pl/judgments/308238
310638|2017-06-21|SO|III AUa 169/17|Wyrok|https://www.saos.org.pl/judgments/310638
306890|2017-06-21|SO|VIII Pa 73/17|Uzasadnienie|https://www.saos.org.pl/judgments/306890
297975|2017-06-21|SO|VIII Pa 72/17|Uzasadnienie|https://www.saos.org.pl/judgments/297975
294020|2017-06-21|SO|V Pa 54/16|Wyrok|https://www.saos.org.pl/judgments/294020
366498|2017-06-19|SO|V Pa 1/17|Wyrok|https://www.saos.org.pl/judgments/366498
319967|2017-06-14|SO|IV P 99/16|Wyrok|https://www.saos.org.pl/judgments/319967
306580|2017-06-14|SO|VI P 632/14|Wyrok|https://www.saos.org.pl/judgments/306580
297479|2017-06-14|SO|III AUa 792/16|Wyrok|https://www.saos.org.pl/judgments/297479
290619|2017-06-14|SO|V U 400/16|Wyrok|https://www.saos.org.pl/judgments/290619
316602|2017-06-13|SO|IV P 94/17|Wyrok|https://www.saos.org.pl/judgments/316602
300204|2017-06-13|SO|IV P 159/17|Wyrok|https://www.saos.org.pl/judgments/300204
297596|2017-06-12|SO|VIII Pa 47/17|Uzasadnienie|https://www.saos.org.pl/judgments/297596
311664|2017-06-08|SO|VIII Pa 54/17|Wyrok|https://www.saos.org.pl/judgments/311664
291874|2017-06-08|SO|VIII Pa 82/17|Uzasadnienie|https://www.saos.org.pl/judgments/291874
291566|2017-06-07|SO|IV P 97/17|Uzasadnienie|https://www.saos.org.pl/judgments/291566
334624|2017-06-06|SO|IV P 211/16|Wyrok|https://www.saos.org.pl/judgments/334624
290411|2017-06-06|SO|IV Ka 292/17|Uzasadnienie|https://www.saos.org.pl/judgments/290411
289333|2017-06-06|SO|VI Ka 198/17|Wyrok|https://www.saos.org.pl/judgments/289333
287982|2017-06-06|SO|II Ca 256/17|Wyrok|https://www.saos.org.pl/judgments/287982
287266|2017-06-06|SO|IV Pa 29/17|Wyrok|https://www.saos.org.pl/judgments/287266
295728|2017-06-02|SO|VIII Ga 189/17|Wyrok|https://www.saos.org.pl/judgments/295728
310485|2017-06-01|SO|IX GC 489/12|Wyrok|https://www.saos.org.pl/judgments/310485
294463|2017-06-01|SO|IV Pa 30/17|Wyrok|https://www.saos.org.pl/judgments/294463
321592|2017-05-30|SO|I Ns 168/17|Postanowienie|https://www.saos.org.pl/judgments/321592
290447|2017-05-30|SO|IV P 54/17|Wyrok|https://www.saos.org.pl/judgments/290447
290443|2017-05-30|SO|IV P 281/16|Wyrok|https://www.saos.org.pl/judgments/290443
291645|2017-05-29|SO|VIII Pa 31/17|Uzasadnienie|https://www.saos.org.pl/judgments/291645
298164|2017-05-24|SO|III AUa 1703/16|Wyrok|https://www.saos.org.pl/judgments/298164
293513|2017-05-24|SO|VI P 477/16|Wyrok|https://www.saos.org.pl/judgments/293513
291222|2017-05-24|SO|IV P 97/17|Wyrok|https://www.saos.org.pl/judgments/291222
289408|2017-05-24|SO|VIII Pa 34/17|Uzasadnienie|https://www.saos.org.pl/judgments/289408
287670|2017-05-23|SO|IV P 207/16|Wyrok|https://www.saos.org.pl/judgments/287670
299610|2017-05-22|SO|III Pa 53/16|Wyrok|https://www.saos.org.pl/judgments/299610
296296|2017-05-22|SO|IV P 584/16|Wyrok|https://www.saos.org.pl/judgments/296296
292605|2017-05-18|SO|XXI Pa 820/16|Wyrok|https://www.saos.org.pl/judgments/292605
329019|2017-05-16|SO|VII Pa 34/17|Wyrok|https://www.saos.org.pl/judgments/329019
289414|2017-05-15|SO|VIII Pa 38/17|Uzasadnienie|https://www.saos.org.pl/judgments/289414
289198|2017-05-15|SO|IV P 18/15|Wyrok|https://www.saos.org.pl/judgments/289198
285875|2017-05-15|SO|VI Pa 195/16|Uzasadnienie|https://www.saos.org.pl/judgments/285875
313620|2017-05-11|SO|IV P 39/17|Wyrok|https://www.saos.org.pl/judgments/313620
297451|2017-05-11|SO|III APa 19/16|Wyrok|https://www.saos.org.pl/judgments/297451
293515|2017-05-10|SO|VI P 761/15|Wyrok|https://www.saos.org.pl/judgments/293515
290690|2017-05-10|SO|VI P 104/17|Wyrok|https://www.saos.org.pl/judgments/290690
290146|2017-05-08|SO|III AUa 646/16|Wyrok|https://www.saos.org.pl/judgments/290146
291640|2017-05-05|SO|VIII Pa 15/17|Zarządzenie|https://www.saos.org.pl/judgments/291640
284911|2017-05-05|SO|VIII U 2938/15|Wyrok|https://www.saos.org.pl/judgments/284911
282377|2017-05-04|SO|IX P 616/16|Zarządzenie|https://www.saos.org.pl/judgments/282377
341203|2017-04-28|SO|VII P 405/16|Wyrok|https://www.saos.org.pl/judgments/341203
290698|2017-04-28|SO|VI P 519/16|Wyrok|https://www.saos.org.pl/judgments/290698
288672|2017-04-28|SO|XVII Ka 329/17|Wyrok|https://www.saos.org.pl/judgments/288672
393611|2017-04-27|SO|VII Pa 261/16|Wyrok|https://www.saos.org.pl/judgments/393611
283684|2017-04-27|SO|VIII U 3943/14|Wyrok|https://www.saos.org.pl/judgments/283684
299857|2017-04-26|SO|III AUa 2134/16|Wyrok|https://www.saos.org.pl/judgments/299857
295225|2017-04-26|SO|V P 4680/14|Wyrok|https://www.saos.org.pl/judgments/295225
290600|2017-04-26|SO|V P 258/15|Wyrok|https://www.saos.org.pl/judgments/290600
288554|2017-04-26|SO|VI P 311/16|Wyrok|https://www.saos.org.pl/judgments/288554
316748|2017-04-25|SO|V P 46/15|Wyrok|https://www.saos.org.pl/judgments/316748
310789|2017-04-25|SO|III AUa 1890/16|Wyrok|https://www.saos.org.pl/judgments/310789
287333|2017-04-25|SO|XXI Pa 56/17|Wyrok|https://www.saos.org.pl/judgments/287333
288248|2017-04-24|SO|VI Pa 158/16|Wyrok|https://www.saos.org.pl/judgments/288248
285877|2017-04-24|SO|VI Pa 77/16|Uzasadnienie|https://www.saos.org.pl/judgments/285877
292862|2017-04-21|SO|X P 264/16|Wyrok|https://www.saos.org.pl/judgments/292862
297225|2017-04-20|SO|VIII Pa 34/17|Wyrok|https://www.saos.org.pl/judgments/297225
283670|2017-04-20|SO|VIII U 10236/14|Wyrok|https://www.saos.org.pl/judgments/283670
328480|2017-04-18|SO|VII Pa 18/17|Wyrok|https://www.saos.org.pl/judgments/328480
287335|2017-04-18|SO|XXI Pa 94/17|Wyrok|https://www.saos.org.pl/judgments/287335
289341|2017-04-14|SO|VI Pa 27/17|Wyrok|https://www.saos.org.pl/judgments/289341
322599|2017-04-12|SO|IV Pa 13/17|Wyrok|https://www.saos.org.pl/judgments/322599
288189|2017-04-12|SO|V P 164/15|Wyrok|https://www.saos.org.pl/judgments/288189
282395|2017-04-12|SO|V P 36/17|Wyrok|https://www.saos.org.pl/judgments/282395
316828|2017-04-11|SO|VI P 117/16|Wyrok|https://www.saos.org.pl/judgments/316828
311447|2017-04-11|SO|III APa 5/17|Wyrok|https://www.saos.org.pl/judgments/311447
285912|2017-04-10|SO|VII Pa 20/17|Wyrok|https://www.saos.org.pl/judgments/285912
289600|2017-04-06|SO|XXI Pa 516/16|Wyrok|https://www.saos.org.pl/judgments/289600
285378|2017-04-05|SO|III AUa 576/16|Wyrok|https://www.saos.org.pl/judgments/285378
283098|2017-04-05|SO|VIII Pa 185/16|Uzasadnienie|https://www.saos.org.pl/judgments/283098
283928|2017-03-31|SO|X P 958/15|Wyrok|https://www.saos.org.pl/judgments/283928
342360|2017-03-30|SO|IV P 95/16|Wyrok|https://www.saos.org.pl/judgments/342360
284773|2017-03-30|SO|VI Ka 32/17|Wyrok|https://www.saos.org.pl/judgments/284773
284506|2017-03-30|SO|III AUa 414/17|Wyrok|https://www.saos.org.pl/judgments/284506
281346|2017-03-30|SO|X P 774/16|Wyrok|https://www.saos.org.pl/judgments/281346
281216|2017-03-30|SO|VIII Pa 171/16|Uzasadnienie|https://www.saos.org.pl/judgments/281216
285373|2017-03-29|SO|III AUa 489/16|Wyrok|https://www.saos.org.pl/judgments/285373
283929|2017-03-29|SO|X P 998/15|Wyrok|https://www.saos.org.pl/judgments/283929
283923|2017-03-29|SO|X P 438/15|Wyrok|https://www.saos.org.pl/judgments/283923
286154|2017-03-28|SO|XXI Pa 551/16|Wyrok|https://www.saos.org.pl/judgments/286154
279998|2017-03-28|SO|VI P 43/15|Wyrok|https://www.saos.org.pl/judgments/279998
279873|2017-03-27|SO|IV P 179/16|Wyrok|https://www.saos.org.pl/judgments/279873
485048|2017-03-23|SO|VII Pa 280/16|Wyrok|https://www.saos.org.pl/judgments/485048
282432|2017-03-23|SO|VIII Pa 9/17|Wyrok|https://www.saos.org.pl/judgments/282432
282962|2017-03-21|SO|IV Ka 80/17|Wyrok|https://www.saos.org.pl/judgments/282962
327060|2017-03-20|SO|VII Pa 5/17|Wyrok|https://www.saos.org.pl/judgments/327060
280968|2017-03-20|SO|IX P 742/16|Uzasadnienie|https://www.saos.org.pl/judgments/280968
288523|2017-03-17|SO|V U 173/16|Wyrok|https://www.saos.org.pl/judgments/288523
291559|2017-03-16|SO|IV P 120/16|Wyrok|https://www.saos.org.pl/judgments/291559
282429|2017-03-16|SO|VIII Pa 180/16|Wyrok|https://www.saos.org.pl/judgments/282429
277618|2017-03-16|SO|III AUa 1003/16|Wyrok|https://www.saos.org.pl/judgments/277618
285698|2017-03-14|SO|IV P 930/15|Wyrok|https://www.saos.org.pl/judgments/285698
280926|2017-03-14|SO|IV P 208/16|Wyrok|https://www.saos.org.pl/judgments/280926
279882|2017-03-14|SO|IV P 712/15|Wyrok|https://www.saos.org.pl/judgments/279882
279191|2017-03-14|SO|VI Pa 182/16|Wyrok|https://www.saos.org.pl/judgments/279191
286465|2017-03-10|SO|III AUa 1847/16|Wyrok|https://www.saos.org.pl/judgments/286465
290604|2017-03-09|SO|V Pa 4/17|Wyrok|https://www.saos.org.pl/judgments/290604
287425|2017-03-09|SO|V Pa 10/17|Wyrok|https://www.saos.org.pl/judgments/287425
327792|2017-03-07|SO|VII Pa 178/16|Wyrok|https://www.saos.org.pl/judgments/327792
327791|2017-03-07|SO|VII Pa 176/16|Wyrok|https://www.saos.org.pl/judgments/327791
286156|2017-03-07|SO|XXI Pa 834/16|Wyrok|https://www.saos.org.pl/judgments/286156
279877|2017-03-06|SO|IV P 208/16|Wyrok|https://www.saos.org.pl/judgments/279877
277849|2017-03-02|SO|IV U 32/17|Wyrok|https://www.saos.org.pl/judgments/277849
276830|2017-03-02|SO|VIII Pa 114/16|Uzasadnienie|https://www.saos.org.pl/judgments/276830
279021|2017-03-01|SO|III AUa 979/16|Wyrok|https://www.saos.org.pl/judgments/279021
278183|2017-02-28|SO|X U 514/14|Wyrok|https://www.saos.org.pl/judgments/278183
277917|2017-02-28|SO|V P 19/14|Wyrok|https://www.saos.org.pl/judgments/277917
281875|2017-02-27|SO|VI P 2/16|Wyrok|https://www.saos.org.pl/judgments/281875
279463|2017-02-27|SO|IV P 10/17|Wyrok|https://www.saos.org.pl/judgments/279463
284788|2017-02-24|SO|VI P 641/15|Wyrok|https://www.saos.org.pl/judgments/284788
285782|2017-02-23|SO|V Pa 52/16|Wyrok|https://www.saos.org.pl/judgments/285782
283546|2017-02-23|SO|III U 834/16|Wyrok|https://www.saos.org.pl/judgments/283546
327788|2017-02-22|SO|VII Pa 160/16|Wyrok|https://www.saos.org.pl/judgments/327788
274986|2017-02-22|SO|VIII Pa 198/16|Wyrok|https://www.saos.org.pl/judgments/274986
304018|2017-02-21|SO|IV P 366/16|Wyrok|https://www.saos.org.pl/judgments/304018
282355|2017-02-20|SO|IV P 116/16|Wyrok|https://www.saos.org.pl/judgments/282355
290122|2017-02-17|SO|III AUa 1857/15|Wyrok|https://www.saos.org.pl/judgments/290122
279187|2017-02-17|SO|VI P 83/15|Wyrok|https://www.saos.org.pl/judgments/279187
274977|2017-02-17|SO|VIII Pa 160/16|Uzasadnienie|https://www.saos.org.pl/judgments/274977
282055|2017-02-16|SO|XXI Pa 763/16|Wyrok|https://www.saos.org.pl/judgments/282055
274523|2017-02-16|SO|IV P 32/16|Wyrok|https://www.saos.org.pl/judgments/274523
327052|2017-02-15|SO|VII Pa 167/16|Wyrok|https://www.saos.org.pl/judgments/327052
272988|2017-02-15|SO|VIII Pa 152/16|Wyrok|https://www.saos.org.pl/judgments/272988
272737|2017-02-15|SO|VIII Pa 192/16|Wyrok|https://www.saos.org.pl/judgments/272737
314711|2017-02-14|SO|IV P 144/16|Wyrok|https://www.saos.org.pl/judgments/314711
281566|2017-02-14|SO|XXI Pa 582/16|Wyrok|https://www.saos.org.pl/judgments/281566
282863|2017-02-10|SO|III AUa 1559/16|Wyrok|https://www.saos.org.pl/judgments/282863
296353|2017-02-09|SO|VIII Pa 134/16|Wyrok|https://www.saos.org.pl/judgments/296353
280193|2017-02-09|SO|III AUa 1667/16|Wyrok|https://www.saos.org.pl/judgments/280193
272990|2017-02-09|SO|VIII Pa 153/16|Uzasadnienie|https://www.saos.org.pl/judgments/272990
280433|2017-02-08|SO|VII Pa 159/16|Wyrok|https://www.saos.org.pl/judgments/280433
273229|2017-02-08|SO|IV Pa 51/16|Wyrok|https://www.saos.org.pl/judgments/273229
334932|2017-02-07|SO|V GC 491/16|Wyrok|https://www.saos.org.pl/judgments/334932
296607|2017-02-03|SO|IV P 163/16|Wyrok|https://www.saos.org.pl/judgments/296607
297497|2017-01-31|SO|IV P 289/16|Wyrok|https://www.saos.org.pl/judgments/297497
269986|2017-01-31|SO|III Pa 34/16|Wyrok|https://www.saos.org.pl/judgments/269986
485045|2017-01-26|SO|VII Pa 204/16|Wyrok|https://www.saos.org.pl/judgments/485045
281567|2017-01-24|SO|XXI Pa 643/16|Wyrok|https://www.saos.org.pl/judgments/281567
280265|2017-01-23|SO|VIII Pa 66/16|Uzasadnienie|https://www.saos.org.pl/judgments/280265
276837|2017-01-19|SO|VIII Pa 166/16|Wyrok|https://www.saos.org.pl/judgments/276837
273305|2017-01-19|SO|VIII Pa 156/16|Wyrok|https://www.saos.org.pl/judgments/273305
489965|2017-01-18|SO|III AUa 676/16|Wyrok|https://www.saos.org.pl/judgments/489965
269368|2017-01-18|SO|VII U 835/16|Wyrok|https://www.saos.org.pl/judgments/269368
269731|2017-01-17|SO|IV Pa 48/16|Wyrok|https://www.saos.org.pl/judgments/269731
268622|2017-01-17|SO|IV Pa 43/16|Wyrok|https://www.saos.org.pl/judgments/268622
276733|2017-01-16|SO|VI P 11/16|Wyrok|https://www.saos.org.pl/judgments/276733
276283|2017-01-12|SO|III AUa 1428/16|Wyrok|https://www.saos.org.pl/judgments/276283
280432|2017-01-11|SO|VII Pa 145/16|Wyrok|https://www.saos.org.pl/judgments/280432
274970|2017-01-11|SO|VIII Pa 147/16|Wyrok|https://www.saos.org.pl/judgments/274970
278997|2017-01-10|SO|III AUa 1380/16|Wyrok|https://www.saos.org.pl/judgments/278997
268795|2017-01-10|SO|IV P 81/16|Wyrok|https://www.saos.org.pl/judgments/268795
273263|2017-01-04|SO|VI P 720/14|Wyrok|https://www.saos.org.pl/judgments/273263
267861|2016-12-30|SO|IX P 469/15|Zarządzenie|https://www.saos.org.pl/judgments/267861
265943|2016-12-29|SO|IV P 7/16|Wyrok|https://www.saos.org.pl/judgments/265943
291807|2016-12-28|SO|IV P 140/15|Wyrok|https://www.saos.org.pl/judgments/291807
276276|2016-12-28|SO|III AUa 1351/16|Wyrok|https://www.saos.org.pl/judgments/276276
270049|2016-12-28|SO|VI P 75/16|Wyrok|https://www.saos.org.pl/judgments/270049
270043|2016-12-28|SO|VI P 152/15|Wyrok|https://www.saos.org.pl/judgments/270043
266644|2016-12-28|SO|X U 275/14|Wyrok|https://www.saos.org.pl/judgments/266644
272722|2016-12-27|SO|VI P 693/15|Wyrok|https://www.saos.org.pl/judgments/272722
266836|2016-12-27|SO|V Pa 38/16|Wyrok|https://www.saos.org.pl/judgments/266836
272374|2016-12-21|SO|VI Pa 123/15|Wyrok|https://www.saos.org.pl/judgments/272374
272368|2016-12-21|SO|VI P 17/14|Wyrok|https://www.saos.org.pl/judgments/272368
268118|2016-12-21|SO|IV P 26/15|Wyrok|https://www.saos.org.pl/judgments/268118
263699|2016-12-20|SO|VIII Pa 127/16|Uzasadnienie|https://www.saos.org.pl/judgments/263699
265711|2016-12-19|SO|VII P 289/14|Wyrok|https://www.saos.org.pl/judgments/265711
298270|2016-12-16|SO|IV P 81/16|Wyrok|https://www.saos.org.pl/judgments/298270
297900|2016-12-16|SO|IV U 832/16|Wyrok|https://www.saos.org.pl/judgments/297900
297945|2016-12-15|SO|V Pa 45/16|Wyrok|https://www.saos.org.pl/judgments/297945
275691|2016-12-15|SO|IV Pa 49/16|Wyrok|https://www.saos.org.pl/judgments/275691
270006|2016-12-15|SO|V Pa 43/16|Wyrok|https://www.saos.org.pl/judgments/270006
267105|2016-12-13|SO|III APa 65/15|Wyrok|https://www.saos.org.pl/judgments/267105
263421|2016-12-13|SO|IV P 49/16|Wyrok|https://www.saos.org.pl/judgments/263421
262575|2016-12-13|SO|VI Pa 112/16|Wyrok|https://www.saos.org.pl/judgments/262575
261608|2016-12-13|SO|VIII Pa 129/16|Uzasadnienie|https://www.saos.org.pl/judgments/261608
282362|2016-12-12|SO|IV P 98/16|Wyrok|https://www.saos.org.pl/judgments/282362
280418|2016-12-12|SO|VII Pa 120/16|Wyrok|https://www.saos.org.pl/judgments/280418
262062|2016-12-12|SO|VII Pa 75/16|Wyrok|https://www.saos.org.pl/judgments/262062
260284|2016-12-12|SO|VIII Pa 27/16|Uzasadnienie|https://www.saos.org.pl/judgments/260284
271427|2016-12-09|SO|I ACa 218/16|Wyrok|https://www.saos.org.pl/judgments/271427
269469|2016-12-09|SO|III APa 51/16|Wyrok|https://www.saos.org.pl/judgments/269469
449110|2016-12-08|SO|III AUa 1962/15|Wyrok|https://www.saos.org.pl/judgments/449110
297889|2016-12-08|SO|IV P 230/15|Wyrok|https://www.saos.org.pl/judgments/297889
282428|2016-12-08|SO|VIII Pa 156/16|Wyrok|https://www.saos.org.pl/judgments/282428
282421|2016-12-08|SO|VIII Pa 108/16|Wyrok|https://www.saos.org.pl/judgments/282421
262600|2016-12-07|SO|VIII Pa 128/16|Wyrok|https://www.saos.org.pl/judgments/262600
269105|2016-12-06|SO|XXI Pa 676/16|Wyrok|https://www.saos.org.pl/judgments/269105
266126|2016-12-06|SO|III AUa 974/16|Wyrok|https://www.saos.org.pl/judgments/266126
297944|2016-12-01|SO|V Pa 39/16|Wyrok|https://www.saos.org.pl/judgments/297944
271852|2016-12-01|SO|VIII P 21/16|Wyrok|https://www.saos.org.pl/judgments/271852
259092|2016-12-01|SO|IV Pa 17/16|Wyrok|https://www.saos.org.pl/judgments/259092
271676|2016-11-30|SO|IV P 123/16|Wyrok|https://www.saos.org.pl/judgments/271676
259323|2016-11-30|SO|X P 1129/13|Wyrok|https://www.saos.org.pl/judgments/259323
304224|2016-11-29|SO|IV P 6/16|Wyrok|https://www.saos.org.pl/judgments/304224
263670|2016-11-29|SO|V Pa 46/16|Wyrok|https://www.saos.org.pl/judgments/263670
273037|2016-11-25|SO|XXI Pa 578/16|Wyrok|https://www.saos.org.pl/judgments/273037
269104|2016-11-25|SO|XXI Pa 667/16|Wyrok|https://www.saos.org.pl/judgments/269104
260210|2016-11-25|SO|IV P 128/16|Wyrok|https://www.saos.org.pl/judgments/260210
276838|2016-11-24|SO|VIII Pa 72/16|Wyrok|https://www.saos.org.pl/judgments/276838
268918|2016-11-24|SO|XXI Pa 521/16|Wyrok|https://www.saos.org.pl/judgments/268918
267832|2016-11-24|SO|IV P 902/15|Wyrok|https://www.saos.org.pl/judgments/267832
260285|2016-11-24|SO|VIII Pa 33/16|Uzasadnienie|https://www.saos.org.pl/judgments/260285
260241|2016-11-24|SO|V Pa 86/16|Wyrok|https://www.saos.org.pl/judgments/260241
258332|2016-11-24|SO|VIII U 1913/15|Wyrok|https://www.saos.org.pl/judgments/258332
262878|2016-11-22|SO|IV P 5/16|Wyrok|https://www.saos.org.pl/judgments/262878
286153|2016-11-18|SO|XXI Pa 513/16|Wyrok|https://www.saos.org.pl/judgments/286153
268708|2016-11-18|SO|XXI Pa 519/16|Wyrok|https://www.saos.org.pl/judgments/268708
267830|2016-11-17|SO|IV P 77/16|Wyrok|https://www.saos.org.pl/judgments/267830
255569|2016-11-16|SO|VIII U 2263/15|Zarządzenie|https://www.saos.org.pl/judgments/255569
277829|2016-11-15|SO|IV Ka 717/16|Wyrok|https://www.saos.org.pl/judgments/277829
258243|2016-11-14|SO|IV P 63/16|Wyrok|https://www.saos.org.pl/judgments/258243
256708|2016-11-14|SO|VIII Pa 23/16|Uzasadnienie|https://www.saos.org.pl/judgments/256708
266282|2016-11-10|SO|III AUa 64/16|Wyrok|https://www.saos.org.pl/judgments/266282
326995|2016-11-09|SO|IX P 739/15|Zarządzenie|https://www.saos.org.pl/judgments/326995
274346|2016-11-09|SO|III AUa 970/16|Wyrok|https://www.saos.org.pl/judgments/274346
267104|2016-11-09|SO|III APa 11/16|Wyrok|https://www.saos.org.pl/judgments/267104
259954|2016-11-09|SO|VIII Pa 69/16|Wyrok|https://www.saos.org.pl/judgments/259954
259093|2016-11-09|SO|IV Pa 36/16|Wyrok|https://www.saos.org.pl/judgments/259093
257621|2016-11-09|SO|IV Ua 44/16|Wyrok|https://www.saos.org.pl/judgments/257621
263176|2016-11-08|SO|V Pa 73/16|Wyrok|https://www.saos.org.pl/judgments/263176
262009|2016-11-08|SO|IV P 244/15|Wyrok|https://www.saos.org.pl/judgments/262009
261008|2016-11-08|SO|X P 662/15|Uzasadnienie|https://www.saos.org.pl/judgments/261008
261004|2016-11-08|SO|X P 125/16|Uzasadnienie|https://www.saos.org.pl/judgments/261004
255548|2016-11-08|SO|VIII Pa 109/16|Uzasadnienie|https://www.saos.org.pl/judgments/255548
271857|2016-11-03|SO|VIII Pa 135/16|Wyrok|https://www.saos.org.pl/judgments/271857
265986|2016-11-03|SO|VIII Pa 117/16|Wyrok|https://www.saos.org.pl/judgments/265986
259481|2016-11-03|SO|III APa 28/16|Wyrok|https://www.saos.org.pl/judgments/259481
254544|2016-11-03|SO|VIII Pa 89/16|Uzasadnienie|https://www.saos.org.pl/judgments/254544
364609|2016-11-02|SO|IV P 270/16|Wyrok|https://www.saos.org.pl/judgments/364609
254550|2016-11-02|SO|VIII Pa 97/16|Uzasadnienie|https://www.saos.org.pl/judgments/254550
254540|2016-11-02|SO|VIII Pa 85/16|Uzasadnienie|https://www.saos.org.pl/judgments/254540
254547|2016-10-31|SO|VIII Pa 91/16|Uzasadnienie|https://www.saos.org.pl/judgments/254547
276263|2016-10-28|SO|III APa 33/15|Wyrok|https://www.saos.org.pl/judgments/276263
266357|2016-10-28|SO|VII Pa 45/16|Wyrok|https://www.saos.org.pl/judgments/266357
253679|2016-10-28|SO|VIII Pa 81/16|Uzasadnienie|https://www.saos.org.pl/judgments/253679
303756|2016-10-26|SO|VI P 460/15|Wyrok|https://www.saos.org.pl/judgments/303756
286721|2016-10-26|SO|IV P 77/16|Wyrok|https://www.saos.org.pl/judgments/286721
307450|2016-10-25|SO|III Cz 1665/16|Postanowienie|https://www.saos.org.pl/judgments/307450
266158|2016-10-25|SO|VII Pa 103/16|Wyrok|https://www.saos.org.pl/judgments/266158
257661|2016-10-25|SO|V Pa 32/16|Wyrok|https://www.saos.org.pl/judgments/257661
280213|2016-10-24|SO|IV Pa 123/16|Uzasadnienie|https://www.saos.org.pl/judgments/280213
266976|2016-10-24|SO|XXI Pa 464/16|Wyrok|https://www.saos.org.pl/judgments/266976
253678|2016-10-24|SO|VIII Pa 64/16|Uzasadnienie|https://www.saos.org.pl/judgments/253678
253371|2016-10-24|SO|VIII Pa 93/16|Uzasadnienie|https://www.saos.org.pl/judgments/253371
255262|2016-10-21|SO|IV U 1608/15|Wyrok|https://www.saos.org.pl/judgments/255262
255261|2016-10-21|SO|IV U 1577/15|Wyrok|https://www.saos.org.pl/judgments/255261
252780|2016-10-21|SO|VIII Pa 87/16|Uzasadnienie|https://www.saos.org.pl/judgments/252780
259133|2016-10-19|SO|V Pa 14/16|Wyrok|https://www.saos.org.pl/judgments/259133
266167|2016-10-18|SO|VII Ua 46/16|Wyrok|https://www.saos.org.pl/judgments/266167
265860|2016-10-18|SO|XXI Pa 363/16|Wyrok|https://www.saos.org.pl/judgments/265860
252689|2016-10-18|SO|IV Ua 30/16|Wyrok|https://www.saos.org.pl/judgments/252689
254101|2016-10-17|SO|VII Pa 96/16|Wyrok|https://www.saos.org.pl/judgments/254101
254538|2016-10-14|SO|VIII Pa 77/16|Uzasadnienie|https://www.saos.org.pl/judgments/254538
270671|2016-10-13|SO|IV Pa 46/16|Wyrok|https://www.saos.org.pl/judgments/270671
270646|2016-10-12|SO|III APa 22/16|Wyrok|https://www.saos.org.pl/judgments/270646
259536|2016-10-11|SO|VII U 1178/15|Wyrok|https://www.saos.org.pl/judgments/259536
251496|2016-10-11|SO|VIII Pa 52/16|Uzasadnienie|https://www.saos.org.pl/judgments/251496
266743|2016-10-07|SO|III APa 16/16|Wyrok|https://www.saos.org.pl/judgments/266743
296000|2016-10-06|SO|VII P 379/16|Wyrok|https://www.saos.org.pl/judgments/296000
261169|2016-10-06|SO|VI P 629/13|Wyrok|https://www.saos.org.pl/judgments/261169
255327|2016-10-06|SO|XXI Pa 470/16|Wyrok|https://www.saos.org.pl/judgments/255327
259042|2016-10-05|SO|III AUa 353/16|Wyrok|https://www.saos.org.pl/judgments/259042
251435|2016-10-04|SO|IV Pa 101/16|Wyrok|https://www.saos.org.pl/judgments/251435
268349|2016-09-29|SO|III APa 2/16|Wyrok|https://www.saos.org.pl/judgments/268349
257664|2016-09-29|SO|V Pa 71/16|Wyrok|https://www.saos.org.pl/judgments/257664
277617|2016-09-28|SO|III APz 27/16|Postanowienie|https://www.saos.org.pl/judgments/277617
256340|2016-09-28|SO|IV P 110/15|Wyrok|https://www.saos.org.pl/judgments/256340
251432|2016-09-28|SO|IV P 144/16|Wyrok|https://www.saos.org.pl/judgments/251432
287672|2016-09-27|SO|IV P 416/15|Wyrok|https://www.saos.org.pl/judgments/287672
268656|2016-09-27|SO|VI Ka 343/16|Wyrok|https://www.saos.org.pl/judgments/268656
254779|2016-09-27|SO|VI P 77/15|Wyrok|https://www.saos.org.pl/judgments/254779
265715|2016-09-23|SO|VII Pa 76/16|Wyrok|https://www.saos.org.pl/judgments/265715
263959|2016-09-23|SO|VII Pa 74/16|Wyrok|https://www.saos.org.pl/judgments/263959
255324|2016-09-23|SO|XXI Pa 373/16|Wyrok|https://www.saos.org.pl/judgments/255324
336941|2016-09-22|SO|IV U 980/16|Wyrok|https://www.saos.org.pl/judgments/336941
276428|2016-09-22|SO|III Pa 42/16|Wyrok|https://www.saos.org.pl/judgments/276428
249944|2016-09-22|SO|IV Pa 8/16|Wyrok|https://www.saos.org.pl/judgments/249944
249943|2016-09-22|SO|IV Pa 22/16|Wyrok|https://www.saos.org.pl/judgments/249943
248793|2016-09-20|SO|VIII Pa 50/16|Uzasadnienie|https://www.saos.org.pl/judgments/248793
250096|2016-09-19|SO|X P 1055/15|Wyrok|https://www.saos.org.pl/judgments/250096
246288|2016-09-16|SO|VIII P 31/14|Uzasadnienie|https://www.saos.org.pl/judgments/246288
260288|2016-09-15|SO|VIII Pa 86/16|Wyrok|https://www.saos.org.pl/judgments/260288
254529|2016-09-15|SO|VII U 731/16|Wyrok|https://www.saos.org.pl/judgments/254529
292180|2016-09-14|SO|VI P 426/15|Wyrok|https://www.saos.org.pl/judgments/292180
249723|2016-09-13|SO|IV P 15/16|Wyrok|https://www.saos.org.pl/judgments/249723
245890|2016-09-12|SO|VIII Pa 41/16|Uzasadnienie|https://www.saos.org.pl/judgments/245890
252922|2016-09-08|SO|XXI Pa 381/16|Wyrok|https://www.saos.org.pl/judgments/252922
247452|2016-09-06|SO|IV P 51/16|Wyrok|https://www.saos.org.pl/judgments/247452
248412|2016-09-05|SO|IV P 14/16|Wyrok|https://www.saos.org.pl/judgments/248412
246606|2016-09-01|SO|VIII Pa 20/16|Uzasadnienie|https://www.saos.org.pl/judgments/246606
265712|2016-08-31|SO|VII Pa 72/16|Wyrok|https://www.saos.org.pl/judgments/265712
253612|2016-08-31|SO|IV P 57/15|Wyrok|https://www.saos.org.pl/judgments/253612
253608|2016-08-31|SO|IV P 178/15|Wyrok|https://www.saos.org.pl/judgments/253608
249965|2016-08-26|SO|IX P 354/15|Zarządzenie|https://www.saos.org.pl/judgments/249965
247046|2016-08-24|SO|V Pz 19/16|Postanowienie|https://www.saos.org.pl/judgments/247046
248416|2016-08-19|SO|IV P 257/15|Wyrok|https://www.saos.org.pl/judgments/248416
248415|2016-08-19|SO|IV P 24/16|Wyrok|https://www.saos.org.pl/judgments/248415
281819|2016-08-11|SO|IV P 62/16|Wyrok|https://www.saos.org.pl/judgments/281819
240205|2016-08-09|SO|VIII P 44/15|Uzasadnienie|https://www.saos.org.pl/judgments/240205
252742|2016-08-04|SO|VI P 117/16|Wyrok|https://www.saos.org.pl/judgments/252742
247392|2016-08-03|SO|III APa 15/16|Wyrok|https://www.saos.org.pl/judgments/247392
239818|2016-08-03|SO|X P 20/16|Wyrok|https://www.saos.org.pl/judgments/239818
314731|2016-07-27|SO|IV P 4/16|Wyrok|https://www.saos.org.pl/judgments/314731
249560|2016-07-26|SO|XXI Pa 298/16|Wyrok|https://www.saos.org.pl/judgments/249560
247866|2016-07-26|SO|XXI Pa 144/16|Wyrok|https://www.saos.org.pl/judgments/247866
269291|2016-07-25|SO|IV P 267/15|Wyrok|https://www.saos.org.pl/judgments/269291
510365|2016-07-21|SO|V Pa 28/16|Wyrok|https://www.saos.org.pl/judgments/510365
279305|2016-07-21|SO|XI Ka 565/16|Wyrok|https://www.saos.org.pl/judgments/279305
259953|2016-07-21|SO|VIII Pa 56/16|Wyrok|https://www.saos.org.pl/judgments/259953
249740|2016-07-21|SO|VI P 451/15|Wyrok|https://www.saos.org.pl/judgments/249740
240777|2016-07-20|SO|V U 338/16|Wyrok|https://www.saos.org.pl/judgments/240777
240794|2016-07-19|SO|VI P 408/14|Wyrok|https://www.saos.org.pl/judgments/240794
238453|2016-07-19|SO|X P 132/16|Wyrok|https://www.saos.org.pl/judgments/238453
241722|2016-07-15|SO|IV P 53/16|Wyrok|https://www.saos.org.pl/judgments/241722
238672|2016-07-15|SO|IV P 32/15|Wyrok|https://www.saos.org.pl/judgments/238672
256435|2016-07-14|SO|VIII Pa 15/16|Wyrok|https://www.saos.org.pl/judgments/256435
247518|2016-07-13|SO|VI P 91/16|Wyrok|https://www.saos.org.pl/judgments/247518
240877|2016-07-12|SO|IX P 719/15|Zarządzenie|https://www.saos.org.pl/judgments/240877
278385|2016-07-07|SO|III Pa 25/16|Wyrok|https://www.saos.org.pl/judgments/278385
238504|2016-07-07|SO|IV P 31/16|Wyrok|https://www.saos.org.pl/judgments/238504
260287|2016-07-06|SO|VIII Pa 46/16|Wyrok|https://www.saos.org.pl/judgments/260287
241724|2016-07-04|SO|IV Pa 72/16|Wyrok|https://www.saos.org.pl/judgments/241724
241288|2016-07-04|SO|VII Pa 62/16|Wyrok|https://www.saos.org.pl/judgments/241288
240902|2016-07-04|SO|VII Pa 64/16|Wyrok|https://www.saos.org.pl/judgments/240902
274540|2016-06-30|SO|IV P 7/16|Wyrok|https://www.saos.org.pl/judgments/274540
249355|2016-06-30|SO|IV P 117/13|Wyrok|https://www.saos.org.pl/judgments/249355
236308|2016-06-30|SO|V Pa 57/16|Wyrok|https://www.saos.org.pl/judgments/236308
238508|2016-06-29|SO|IV Ua 29/16|Wyrok|https://www.saos.org.pl/judgments/238508
235327|2016-06-29|SO|X P 975/15|Wyrok|https://www.saos.org.pl/judgments/235327
235066|2016-06-29|SO|V Pa 125/15|Wyrok|https://www.saos.org.pl/judgments/235066
314741|2016-06-28|SO|IV P 90/16|Wyrok|https://www.saos.org.pl/judgments/314741
234711|2016-06-28|SO|III Pa 13/16|Wyrok|https://www.saos.org.pl/judgments/234711
238670|2016-06-27|SO|IV P 273/15|Wyrok|https://www.saos.org.pl/judgments/238670
233833|2016-06-27|SO|VII Pa 49/16|Wyrok|https://www.saos.org.pl/judgments/233833
250887|2016-06-23|SO|III AUa 867/15|Wyrok|https://www.saos.org.pl/judgments/250887
246281|2016-06-23|SO|VII U 822/15|Wyrok|https://www.saos.org.pl/judgments/246281
239512|2016-06-23|SO|VII Ua 69/16|Uzasadnienie|https://www.saos.org.pl/judgments/239512
239500|2016-06-23|SO|VII Pa 112/16|Uzasadnienie|https://www.saos.org.pl/judgments/239500
234934|2016-06-23|SO|VII Pa 86/16|Uzasadnienie|https://www.saos.org.pl/judgments/234934
234932|2016-06-23|SO|VII Pa 85/16|Uzasadnienie|https://www.saos.org.pl/judgments/234932
238506|2016-06-22|SO|IV P 59/15|Wyrok|https://www.saos.org.pl/judgments/238506
270670|2016-06-21|SO|IV P 3/15|Wyrok|https://www.saos.org.pl/judgments/270670
247588|2016-06-21|SO|XXI Pa 180/16|Wyrok|https://www.saos.org.pl/judgments/247588
234081|2016-06-17|SO|VII Pa 18/16|Wyrok|https://www.saos.org.pl/judgments/234081
234080|2016-06-17|SO|VII Pa 11/16|Zarządzenie|https://www.saos.org.pl/judgments/234080
248916|2016-06-16|SO|VIII Pa 10/16|Wyrok|https://www.saos.org.pl/judgments/248916
242509|2016-06-16|SO|XXI Pa 872/15|Wyrok|https://www.saos.org.pl/judgments/242509
237607|2016-06-16|SO|VII P 9/14|Wyrok|https://www.saos.org.pl/judgments/237607
234926|2016-06-16|SO|VII Pa 210/15|Uzasadnienie|https://www.saos.org.pl/judgments/234926
231676|2016-06-16|SO|VII Pa 126/16|Uzasadnienie|https://www.saos.org.pl/judgments/231676
285617|2016-06-15|SO|III Pa 19/16|Wyrok|https://www.saos.org.pl/judgments/285617
247045|2016-06-15|SO|V Pa 22/16|Wyrok|https://www.saos.org.pl/judgments/247045
239298|2016-06-15|SO|VI P 191/14|Wyrok|https://www.saos.org.pl/judgments/239298
235655|2016-06-15|SO|IV P 1221/14|Wyrok|https://www.saos.org.pl/judgments/235655
251312|2016-06-14|SO|III AUa 762/15|Wyrok|https://www.saos.org.pl/judgments/251312
239483|2016-06-14|SO|VI U 1530/15|Wyrok|https://www.saos.org.pl/judgments/239483
232983|2016-06-14|SO|VII Pa 125/16|Uzasadnienie|https://www.saos.org.pl/judgments/232983
232449|2016-06-14|SO|VII Pa 43/16|Wyrok|https://www.saos.org.pl/judgments/232449
238711|2016-06-13|SO|VII Pa 48/16|Wyrok|https://www.saos.org.pl/judgments/238711
238671|2016-06-13|SO|IV P 318/15|Wyrok|https://www.saos.org.pl/judgments/238671
234217|2016-06-13|SO|IV P 31/15|Wyrok|https://www.saos.org.pl/judgments/234217
248771|2016-06-10|SO|VII Pa 62/16|Wyrok|https://www.saos.org.pl/judgments/248771
234083|2016-06-10|SO|VII Pa 70/16|Wyrok|https://www.saos.org.pl/judgments/234083
255001|2016-06-09|SO|VIII Pa 44/16|Wyrok|https://www.saos.org.pl/judgments/255001
235096|2016-06-09|SO|VII Pa 114/16|Uzasadnienie|https://www.saos.org.pl/judgments/235096
234930|2016-06-09|SO|VII Pa 50/16|Uzasadnienie|https://www.saos.org.pl/judgments/234930
232935|2016-06-09|SO|IV P 782/15|Wyrok|https://www.saos.org.pl/judgments/232935
241988|2016-06-08|SO|III AUa 148/16|Wyrok|https://www.saos.org.pl/judgments/241988
245343|2016-06-07|SN|II PK 118/15|Wyrok|https://www.saos.org.pl/judgments/245343
233602|2016-06-07|SO|IX W 3516/15|Wyrok|https://www.saos.org.pl/judgments/233602
232982|2016-06-07|SO|VII Pa 109/16|Uzasadnienie|https://www.saos.org.pl/judgments/232982
232255|2016-06-07|SO|IV P 413/15|Wyrok|https://www.saos.org.pl/judgments/232255
326594|2016-06-06|SO|II Ca 161/16|Wyrok|https://www.saos.org.pl/judgments/326594
240873|2016-06-02|SO|IV P 76/15|Wyrok|https://www.saos.org.pl/judgments/240873
238538|2016-06-01|SO|VI P 9/16|Wyrok|https://www.saos.org.pl/judgments/238538
233768|2016-06-01|SO|IV P 4/16|Wyrok|https://www.saos.org.pl/judgments/233768
232447|2016-06-01|SO|VII Pa 37/16|Wyrok|https://www.saos.org.pl/judgments/232447
260250|2016-05-31|SO|VI P 142/14|Wyrok|https://www.saos.org.pl/judgments/260250
231474|2016-05-31|SO|III P 7/15|Wyrok|https://www.saos.org.pl/judgments/231474
226846|2016-05-31|SO|VII Pa 83/16|Uzasadnienie|https://www.saos.org.pl/judgments/226846
233830|2016-05-30|SO|VII P 46/15|Wyrok|https://www.saos.org.pl/judgments/233830
228391|2016-05-30|SO|VII U 2042/14|Wyrok|https://www.saos.org.pl/judgments/228391
231516|2016-05-27|SO|IV Ka 202/16|Uzasadnienie|https://www.saos.org.pl/judgments/231516
240797|2016-05-25|SO|VI P 739/15|Wyrok|https://www.saos.org.pl/judgments/240797
242425|2016-05-24|SO|IV P 343/15|Wyrok|https://www.saos.org.pl/judgments/242425
234794|2016-05-24|SO|XXI Pa 216/16|Wyrok|https://www.saos.org.pl/judgments/234794
234792|2016-05-24|SO|XXI Pa 118/16|Wyrok|https://www.saos.org.pl/judgments/234792
233764|2016-05-24|SO|IV P 271/15|Wyrok|https://www.saos.org.pl/judgments/233764
229177|2016-05-24|SO|IV Pa 52/16|Wyrok|https://www.saos.org.pl/judgments/229177
228379|2016-05-24|SO|VII Pa 90/16|Uzasadnienie|https://www.saos.org.pl/judgments/228379
235297|2016-05-23|SO|VI P 502/14|Wyrok|https://www.saos.org.pl/judgments/235297
286657|2016-05-20|SO|III Pa 16/16|Wyrok|https://www.saos.org.pl/judgments/286657
229222|2016-05-20|SO|VI Pa 2/16|Wyrok|https://www.saos.org.pl/judgments/229222
226020|2016-05-20|SO|IV P 235/15|Uzasadnienie|https://www.saos.org.pl/judgments/226020
331700|2016-05-19|SO|VII P 587/15|Wyrok|https://www.saos.org.pl/judgments/331700
326303|2016-05-19|SO|VIII Pa 29/16|Wyrok|https://www.saos.org.pl/judgments/326303
237261|2016-05-19|SO|IV Pa 6/16|Wyrok|https://www.saos.org.pl/judgments/237261
235942|2016-05-19|SO|VIII Pa 193/15|Wyrok|https://www.saos.org.pl/judgments/235942
232279|2016-05-19|SO|V Pa 18/16|Wyrok|https://www.saos.org.pl/judgments/232279
231003|2016-05-19|SO|VII Pa 82/16|Uzasadnienie|https://www.saos.org.pl/judgments/231003
224012|2016-05-18|SO|X P 204/15|Wyrok|https://www.saos.org.pl/judgments/224012
231833|2016-05-17|SO|XXI Pa 151/16|Wyrok|https://www.saos.org.pl/judgments/231833
239132|2016-05-13|SO|III AUa 1670/15|Wyrok|https://www.saos.org.pl/judgments/239132
233771|2016-05-13|SO|IV P 709/15|Wyrok|https://www.saos.org.pl/judgments/233771
228851|2016-05-13|SO|IV P 303/15|Wyrok|https://www.saos.org.pl/judgments/228851
291565|2016-05-12|SO|IV P 89/16|Wyrok|https://www.saos.org.pl/judgments/291565
234582|2016-05-12|SO|III AUa 1392/15|Wyrok|https://www.saos.org.pl/judgments/234582
245274|2016-05-11|SN|I PK 134/15|Wyrok|https://www.saos.org.pl/judgments/245274
232928|2016-05-11|SO|IV P 167/15|Wyrok|https://www.saos.org.pl/judgments/232928
227248|2016-05-11|SO|III AUa 34/16|Wyrok|https://www.saos.org.pl/judgments/227248
229221|2016-05-09|SO|VI Pa 15/16|Wyrok|https://www.saos.org.pl/judgments/229221
227787|2016-05-09|SO|VII U 783/15|Wyrok|https://www.saos.org.pl/judgments/227787
226052|2016-05-09|SO|IX P 208/15|Zarządzenie|https://www.saos.org.pl/judgments/226052
223939|2016-05-09|SO|IV P 6/16|Wyrok|https://www.saos.org.pl/judgments/223939
234245|2016-05-06|SO|VI P 429/15|Wyrok|https://www.saos.org.pl/judgments/234245
227308|2016-05-06|SO|IV P 23/16|Wyrok|https://www.saos.org.pl/judgments/227308
226076|2016-05-06|SO|VI Pa 94/14|Wyrok|https://www.saos.org.pl/judgments/226076
225722|2016-05-06|SO|VI Pa 166/15|Wyrok|https://www.saos.org.pl/judgments/225722
224596|2016-05-06|SO|IV P 146/15|Wyrok|https://www.saos.org.pl/judgments/224596
258261|2016-05-05|SO|V Pa 14/16|Wyrok|https://www.saos.org.pl/judgments/258261
245231|2016-05-05|SN|II PK 65/15|Wyrok|https://www.saos.org.pl/judgments/245231
242089|2016-05-05|SO|IV Pa 29/16|Wyrok|https://www.saos.org.pl/judgments/242089
232934|2016-05-05|SO|IV P 59/16|Wyrok|https://www.saos.org.pl/judgments/232934
225887|2016-05-05|SO|VII Pa 78/16|Uzasadnienie|https://www.saos.org.pl/judgments/225887
229009|2016-05-04|SO|X P 939/14|Wyrok|https://www.saos.org.pl/judgments/229009
269994|2016-04-29|SO|IV P 10/16|Wyrok|https://www.saos.org.pl/judgments/269994
225883|2016-04-29|SO|VII Pa 12/16|Uzasadnienie|https://www.saos.org.pl/judgments/225883
542747|2016-04-28|SO|V Pa 32/16|Wyrok|https://www.saos.org.pl/judgments/542747
232446|2016-04-28|SO|VII P 57/14|Wyrok|https://www.saos.org.pl/judgments/232446
230863|2016-04-28|SO|III AUa 972/15|Wyrok|https://www.saos.org.pl/judgments/230863
228651|2016-04-28|SO|VII Pa 335/15|Uzasadnienie|https://www.saos.org.pl/judgments/228651
233379|2016-04-27|SO|VII Pa 39/16|Wyrok|https://www.saos.org.pl/judgments/233379
225741|2016-04-27|SO|VII U 9/16|Wyrok|https://www.saos.org.pl/judgments/225741
224014|2016-04-27|SO|X P 997/13|Wyrok|https://www.saos.org.pl/judgments/224014
223558|2016-04-27|SO|III APa 9/16|Wyrok|https://www.saos.org.pl/judgments/223558
223557|2016-04-27|SO|III APa 6/16|Wyrok|https://www.saos.org.pl/judgments/223557
226072|2016-04-26|SO|VI P 454/15|Wyrok|https://www.saos.org.pl/judgments/226072
224676|2016-04-26|SO|VII Pa 52/16|Uzasadnienie|https://www.saos.org.pl/judgments/224676
223149|2016-04-26|SO|III Pa 6/16|Wyrok|https://www.saos.org.pl/judgments/223149
245177|2016-04-20|SN|II UZ 75/15|Postanowienie|https://www.saos.org.pl/judgments/245177
229044|2016-04-19|SO|XXI Pa 793/15|Wyrok|https://www.saos.org.pl/judgments/229044
224304|2016-04-19|SO|III APa 3/16|Wyrok|https://www.saos.org.pl/judgments/224304
220271|2016-04-15|SO|VII Pa 123/15|Wyrok|https://www.saos.org.pl/judgments/220271
251488|2016-04-14|SO|VIII P 216/15|Uzasadnienie|https://www.saos.org.pl/judgments/251488
245112|2016-04-14|SN|III PK 96/15|Wyrok|https://www.saos.org.pl/judgments/245112
239751|2016-04-14|SO|VIII Pa 243/15|Wyrok|https://www.saos.org.pl/judgments/239751
226192|2016-04-14|SO|VIII Ua 11/16|Wyrok|https://www.saos.org.pl/judgments/226192
222850|2016-04-14|SO|IX Pa 54/15|Wyrok|https://www.saos.org.pl/judgments/222850
217566|2016-04-11|SO|VI Ka 206/16|Wyrok|https://www.saos.org.pl/judgments/217566
228644|2016-04-08|SO|VI P 579/13|Wyrok|https://www.saos.org.pl/judgments/228644
226074|2016-04-08|SO|VI P 629/15|Wyrok|https://www.saos.org.pl/judgments/226074
219026|2016-04-08|SO|IV U 1584/15|Wyrok|https://www.saos.org.pl/judgments/219026
258518|2016-04-07|SO|VII P 36/16|Wyrok|https://www.saos.org.pl/judgments/258518
223936|2016-04-07|SO|IV P 231/14|Wyrok|https://www.saos.org.pl/judgments/223936
218199|2016-04-07|SO|VII Pa 46/16|Uzasadnienie|https://www.saos.org.pl/judgments/218199
245058|2016-04-06|SN|II PK 64/15|Wyrok|https://www.saos.org.pl/judgments/245058
220274|2016-04-05|SO|VII Pa 47/16|Uzasadnienie|https://www.saos.org.pl/judgments/220274
226070|2016-04-04|SO|VI P 10/13|Wyrok|https://www.saos.org.pl/judgments/226070
490353|2016-03-31|SO|III APa 45/15|Wyrok|https://www.saos.org.pl/judgments/490353
235663|2016-03-31|SO|IV Pa 9/16|Wyrok|https://www.saos.org.pl/judgments/235663
228877|2016-03-31|SO|V Pa 28/16|Wyrok|https://www.saos.org.pl/judgments/228877
217590|2016-03-30|SO|VII Pa 43/16|Uzasadnienie|https://www.saos.org.pl/judgments/217590
214973|2016-03-30|SO|VIII U 1105/15|Zarządzenie|https://www.saos.org.pl/judgments/214973
275686|2016-03-29|SO|IV P 159/15|Wyrok|https://www.saos.org.pl/judgments/275686
218791|2016-03-29|SO|X P 385/13|Wyrok|https://www.saos.org.pl/judgments/218791
222885|2016-03-25|SO|VI P 159/15|Wyrok|https://www.saos.org.pl/judgments/222885
542741|2016-03-24|SO|V Pa 15/16|Wyrok|https://www.saos.org.pl/judgments/542741
221951|2016-03-24|SO|III APa 43/15|Wyrok|https://www.saos.org.pl/judgments/221951
217584|2016-03-24|SO|VII Pa 254/15|Uzasadnienie|https://www.saos.org.pl/judgments/217584
215309|2016-03-24|SO|II W 1348/15|Uzasadnienie|https://www.saos.org.pl/judgments/215309
214517|2016-03-24|SO|VII Pa 26/16|Uzasadnienie|https://www.saos.org.pl/judgments/214517
216915|2016-03-23|SO|IV P 72/15|Wyrok|https://www.saos.org.pl/judgments/216915
258461|2016-03-22|SO|IV P 653/13|Wyrok|https://www.saos.org.pl/judgments/258461
244984|2016-03-22|SN|II PK 37/15|Wyrok|https://www.saos.org.pl/judgments/244984
238383|2016-03-22|SO|III AUa 668/15|Wyrok|https://www.saos.org.pl/judgments/238383
219314|2016-03-22|SO|III AUa 745/15|Wyrok|https://www.saos.org.pl/judgments/219314
218674|2016-03-22|SO|V Pa 95/15|Wyrok|https://www.saos.org.pl/judgments/218674
218673|2016-03-22|SO|V Pa 83/15|Wyrok|https://www.saos.org.pl/judgments/218673
213595|2016-03-22|SO|VII Pa 6/16|Uzasadnienie|https://www.saos.org.pl/judgments/213595
281212|2016-03-17|SO|VIII P 34/15|Wyrok|https://www.saos.org.pl/judgments/281212
244905|2016-03-17|SN|V KK 34/16|Wyrok|https://www.saos.org.pl/judgments/244905
244893|2016-03-17|SN|III PK 80/15|Wyrok|https://www.saos.org.pl/judgments/244893
235486|2016-03-17|SO|VIII Pa 146/15|Wyrok|https://www.saos.org.pl/judgments/235486
231627|2016-03-17|SO|V P 170/15|Wyrok|https://www.saos.org.pl/judgments/231627
220259|2016-03-17|SO|V Pa 22/16|Wyrok|https://www.saos.org.pl/judgments/220259
218536|2016-03-17|SO|III AUa 568/15|Wyrok|https://www.saos.org.pl/judgments/218536
217594|2016-03-17|SO|VII Pa 45/16|Uzasadnienie|https://www.saos.org.pl/judgments/217594
214064|2016-03-17|SO|VII Pa 325/15|Uzasadnienie|https://www.saos.org.pl/judgments/214064
239053|2016-03-16|SO|VIII Pa 252/15|Wyrok|https://www.saos.org.pl/judgments/239053
244949|2016-03-15|SN|II PK 24/15|Wyrok|https://www.saos.org.pl/judgments/244949
244948|2016-03-15|SN|II PK 20/15|Wyrok|https://www.saos.org.pl/judgments/244948
230895|2016-03-15|SO|III Ca 1973/15|Wyrok|https://www.saos.org.pl/judgments/230895
218518|2016-03-15|SO|III AUa 2009/15|Wyrok|https://www.saos.org.pl/judgments/218518
215476|2016-03-15|SO|IV P 17/16|Wyrok|https://www.saos.org.pl/judgments/215476
221060|2016-03-14|SO|VI P 546/15|Wyrok|https://www.saos.org.pl/judgments/221060
214068|2016-03-14|SO|VII Pa 8/16|Uzasadnienie|https://www.saos.org.pl/judgments/214068
219104|2016-03-11|SO|X P 291/14|Wyrok|https://www.saos.org.pl/judgments/219104
217007|2016-03-11|SO|VI Pa 12/16|Wyrok|https://www.saos.org.pl/judgments/217007
216261|2016-03-11|SO|IV P 459/14|Wyrok|https://www.saos.org.pl/judgments/216261
214148|2016-03-11|SO|VIII U 467/15|Uzasadnienie|https://www.saos.org.pl/judgments/214148
244853|2016-03-09|SN|I PK 123/15|Postanowienie|https://www.saos.org.pl/judgments/244853
214967|2016-03-09|SO|VIII Pa 104/13|Wyrok|https://www.saos.org.pl/judgments/214967
214059|2016-03-09|SO|VII Pa 152/15|Wyrok|https://www.saos.org.pl/judgments/214059
228649|2016-03-08|SO|VII P 807/15|Wyrok|https://www.saos.org.pl/judgments/228649
211426|2016-03-08|SO|VII Pa 10/16|Uzasadnienie|https://www.saos.org.pl/judgments/211426
219903|2016-03-07|SO|IV P 162/15|Wyrok|https://www.saos.org.pl/judgments/219903
214900|2016-03-04|SO|VI P 492/15|Wyrok|https://www.saos.org.pl/judgments/214900
248271|2016-03-03|SO|III APa 12/14|Wyrok|https://www.saos.org.pl/judgments/248271
217521|2016-03-03|SO|IX Pa 100/15|Wyrok|https://www.saos.org.pl/judgments/217521
217393|2016-03-03|SO|III AUa 496/15|Wyrok|https://www.saos.org.pl/judgments/217393
244808|2016-03-01|SN|I PK 125/15|Wyrok|https://www.saos.org.pl/judgments/244808
244798|2016-03-01|SN|I PK 85/15|Wyrok|https://www.saos.org.pl/judgments/244798
219105|2016-02-29|SO|X P 56/15|Wyrok|https://www.saos.org.pl/judgments/219105
244687|2016-02-25|SN|II PK 366/14|Wyrok|https://www.saos.org.pl/judgments/244687
235943|2016-02-25|SO|VIII Pa 209/15|Wyrok|https://www.saos.org.pl/judgments/235943
218739|2016-02-25|SO|VI P 193/14|Wyrok|https://www.saos.org.pl/judgments/218739
240969|2016-02-24|SO|III AUa 934/15|Wyrok|https://www.saos.org.pl/judgments/240969
221055|2016-02-24|SO|VI P 143/14|Wyrok|https://www.saos.org.pl/judgments/221055
219267|2016-02-24|SO|III APa 17/15|Wyrok|https://www.saos.org.pl/judgments/219267
219080|2016-02-23|SO|VII U 1323/15|Wyrok|https://www.saos.org.pl/judgments/219080
268783|2016-02-22|SO|III Pa 4/16|Wyrok|https://www.saos.org.pl/judgments/268783
219020|2016-02-22|SO|IV P 6/15|Wyrok|https://www.saos.org.pl/judgments/219020
214514|2016-02-18|SO|VII Pa 1/16|Wyrok|https://www.saos.org.pl/judgments/214514
213124|2016-02-17|SO|X P 724/15|Wyrok|https://www.saos.org.pl/judgments/213124
207843|2016-02-17|SO|VII Pa 140/15|Wyrok|https://www.saos.org.pl/judgments/207843
207543|2016-02-17|SO|VII Pa 327/15|Uzasadnienie|https://www.saos.org.pl/judgments/207543
244648|2016-02-16|SN|I PK 110/15|Wyrok|https://www.saos.org.pl/judgments/244648
205086|2016-02-15|SO|VIII U 779/15|Zarządzenie|https://www.saos.org.pl/judgments/205086
214897|2016-02-12|SO|VI P 271/15|Wyrok|https://www.saos.org.pl/judgments/214897
244599|2016-02-09|SN|II PK 331/14|Wyrok|https://www.saos.org.pl/judgments/244599
211644|2016-02-09|SO|IV P 237/14|Wyrok|https://www.saos.org.pl/judgments/211644
207541|2016-02-09|SO|VII Pa 137/15|Wyrok|https://www.saos.org.pl/judgments/207541
219716|2016-02-05|SO|III AUa 556/15|Wyrok|https://www.saos.org.pl/judgments/219716
214987|2016-02-05|SO|VIII U 2131/15|Wyrok|https://www.saos.org.pl/judgments/214987
216345|2016-02-04|SO|VII P 635/15|Wyrok|https://www.saos.org.pl/judgments/216345
382023|2016-02-03|SO|IV P 221/14|Wyrok|https://www.saos.org.pl/judgments/382023
244511|2016-02-03|SN|I PK 27/15|Wyrok|https://www.saos.org.pl/judgments/244511
244496|2016-02-03|SN|II PK 339/14|Wyrok|https://www.saos.org.pl/judgments/244496
505179|2016-02-02|SO|III AUa 813/15|Wyrok|https://www.saos.org.pl/judgments/505179
203510|2016-02-02|SO|VI P 725/15|Wyrok|https://www.saos.org.pl/judgments/203510
235257|2016-01-29|SO|III AUa 982/15|Wyrok|https://www.saos.org.pl/judgments/235257
219281|2016-01-28|SO|III AUa 1214/13|Wyrok|https://www.saos.org.pl/judgments/219281
214470|2016-01-28|SO|IV P 53/15|Wyrok|https://www.saos.org.pl/judgments/214470
204038|2016-01-28|SO|IV P 148/15|Wyrok|https://www.saos.org.pl/judgments/204038
203506|2016-01-22|SO|VI P 322/15|Wyrok|https://www.saos.org.pl/judgments/203506
244312|2016-01-21|SN|III PK 54/15|Wyrok|https://www.saos.org.pl/judgments/244312
231369|2016-01-21|SO|III APa 12/15|Wyrok|https://www.saos.org.pl/judgments/231369
213060|2016-01-21|SO|VIII Pa 181/15|Wyrok|https://www.saos.org.pl/judgments/213060
204780|2016-01-21|SO|V P 10/15|Wyrok|https://www.saos.org.pl/judgments/204780
244323|2016-01-20|SN|II PK 312/14|Wyrok|https://www.saos.org.pl/judgments/244323
244321|2016-01-20|SN|II PK 309/14|Wyrok|https://www.saos.org.pl/judgments/244321
244320|2016-01-20|SN|II PK 108/15|Wyrok|https://www.saos.org.pl/judgments/244320
204815|2016-01-20|SO|V W 6284/14|Wyrok|https://www.saos.org.pl/judgments/204815
244367|2016-01-19|SN|I PK 184/15|Wyrok|https://www.saos.org.pl/judgments/244367
269292|2016-01-18|SO|IV P 73/15|Wyrok|https://www.saos.org.pl/judgments/269292
197512|2016-01-18|SO|VII Pa 313/15|Uzasadnienie|https://www.saos.org.pl/judgments/197512
204055|2016-01-14|SO|IX Pa 97/15|Wyrok|https://www.saos.org.pl/judgments/204055
203504|2016-01-14|SO|VI P 20/15|Wyrok|https://www.saos.org.pl/judgments/203504
200256|2016-01-14|SO|VI P 666/15|Wyrok|https://www.saos.org.pl/judgments/200256
199701|2016-01-14|SO|III AUa 1300/15|Wyrok|https://www.saos.org.pl/judgments/199701
199155|2016-01-14|SO|V P 100/15|Wyrok|https://www.saos.org.pl/judgments/199155
244240|2016-01-13|SN|II PK 302/14|Wyrok|https://www.saos.org.pl/judgments/244240
240913|2016-01-13|SO|VIII P 999/14|Uzasadnienie|https://www.saos.org.pl/judgments/240913
195664|2016-01-13|SO|IV P 218/15|Uzasadnienie|https://www.saos.org.pl/judgments/195664
244274|2016-01-12|SN|II PK 145/15|Postanowienie|https://www.saos.org.pl/judgments/244274
244272|2016-01-12|SN|II PK 141/15|Postanowienie|https://www.saos.org.pl/judgments/244272
244268|2016-01-12|SN|I PK 15/15|Wyrok|https://www.saos.org.pl/judgments/244268
205111|2016-01-12|SO|X P 310/15|Wyrok|https://www.saos.org.pl/judgments/205111
244188|2016-01-08|SN|V KK 306/15|Wyrok|https://www.saos.org.pl/judgments/244188
314740|2016-01-07|SO|IV P 677/15|Wyrok|https://www.saos.org.pl/judgments/314740
196627|2015-12-31|SO|VII Ua 124/15|Uzasadnienie|https://www.saos.org.pl/judgments/196627
195033|2015-12-31|SO|VII Pa 265/15|Uzasadnienie|https://www.saos.org.pl/judgments/195033
312228|2015-12-30|SO|VII P 113/14|Wyrok|https://www.saos.org.pl/judgments/312228
247770|2015-12-30|SO|III Pa 35/15|Wyrok|https://www.saos.org.pl/judgments/247770
204711|2015-12-30|SO|IV P 57/15|Wyrok|https://www.saos.org.pl/judgments/204711
274527|2015-12-28|SO|IV P 421/15|Wyrok|https://www.saos.org.pl/judgments/274527
199811|2015-12-28|SO|V Pa 17/15|Wyrok|https://www.saos.org.pl/judgments/199811
198051|2015-12-28|SO|VI P 153/15|Wyrok|https://www.saos.org.pl/judgments/198051
364598|2015-12-23|SO|IV P 129/15|Wyrok|https://www.saos.org.pl/judgments/364598
196605|2015-12-23|SO|VII Pz 126/15|Uzasadnienie|https://www.saos.org.pl/judgments/196605
196584|2015-12-23|SO|VII Pa 260/15|Uzasadnienie|https://www.saos.org.pl/judgments/196584
194043|2015-12-23|SO|VII Pa 278/15|Uzasadnienie|https://www.saos.org.pl/judgments/194043
274539|2015-12-22|SO|IV P 664/14|Wyrok|https://www.saos.org.pl/judgments/274539
542736|2015-12-21|SO|V Pa 100/15|Wyrok|https://www.saos.org.pl/judgments/542736
303940|2015-12-21|SO|III APa 31/15|Wyrok|https://www.saos.org.pl/judgments/303940
204605|2015-12-21|SO|III APa 54/15|Wyrok|https://www.saos.org.pl/judgments/204605
197760|2015-12-21|SO|V Pa 119/14|Wyrok|https://www.saos.org.pl/judgments/197760
192822|2015-12-21|SO|VII Pa 252/15|Uzasadnienie|https://www.saos.org.pl/judgments/192822
194042|2015-12-17|SO|VII Pa 274/15|Uzasadnienie|https://www.saos.org.pl/judgments/194042
203091|2015-12-16|SO|III AUa 770/15|Wyrok|https://www.saos.org.pl/judgments/203091
208221|2015-12-15|SO|III AUa 1322/15|Wyrok|https://www.saos.org.pl/judgments/208221
208220|2015-12-15|SO|III AUa 1311/15|Wyrok|https://www.saos.org.pl/judgments/208220
208217|2015-12-15|SO|III AUa 1283/15|Wyrok|https://www.saos.org.pl/judgments/208217
197764|2015-12-15|SO|V Pa 37/15|Wyrok|https://www.saos.org.pl/judgments/197764
203337|2015-12-10|SO|IV P 374/14|Wyrok|https://www.saos.org.pl/judgments/203337
198015|2015-12-10|SO|V Pa 37/15|Wyrok|https://www.saos.org.pl/judgments/198015
198588|2015-12-09|SO|III AUa 599/15|Wyrok|https://www.saos.org.pl/judgments/198588
244090|2015-12-08|SN|I BP 13/14|Wyrok|https://www.saos.org.pl/judgments/244090
197765|2015-12-08|SO|V Pa 43/15|Wyrok|https://www.saos.org.pl/judgments/197765
197763|2015-12-08|SO|V Pa 172/14|Wyrok|https://www.saos.org.pl/judgments/197763
195447|2015-12-08|SO|IV P 79/15|Wyrok|https://www.saos.org.pl/judgments/195447
196972|2015-12-04|SO|VI Pa 114/15|Wyrok|https://www.saos.org.pl/judgments/196972
191657|2015-12-04|SO|IV Pa 39/15|Wyrok|https://www.saos.org.pl/judgments/191657
193043|2015-12-03|SO|III APa 16/15|Wyrok|https://www.saos.org.pl/judgments/193043
192809|2015-12-03|SO|VI P 232/14|Wyrok|https://www.saos.org.pl/judgments/192809
192011|2015-12-03|SO|VI Ka 451/15|Wyrok|https://www.saos.org.pl/judgments/192011
188221|2015-12-01|SO|VII Pa 232/15|Uzasadnienie|https://www.saos.org.pl/judgments/188221
207531|2015-11-30|SO|VI P 649/13|Wyrok|https://www.saos.org.pl/judgments/207531
198853|2015-11-30|SO|VII P 342/15|Wyrok|https://www.saos.org.pl/judgments/198853
195291|2015-11-30|SO|IV P 196/15|Wyrok|https://www.saos.org.pl/judgments/195291
225470|2015-11-26|SO|VIII Pa 145/15|Wyrok|https://www.saos.org.pl/judgments/225470
198109|2015-11-26|SO|VIII Pa 118/15|Wyrok|https://www.saos.org.pl/judgments/198109
195460|2015-11-26|SO|V Pa 130/15|Wyrok|https://www.saos.org.pl/judgments/195460
192013|2015-11-25|SO|VII Pa 58/15|Wyrok|https://www.saos.org.pl/judgments/192013
190690|2015-11-25|SO|VII Pa 108/15|Wyrok|https://www.saos.org.pl/judgments/190690
190115|2015-11-25|SO|VII Pa 100/15|Wyrok|https://www.saos.org.pl/judgments/190115
217378|2015-11-24|SO|III AUa 142/15|Wyrok|https://www.saos.org.pl/judgments/217378
196261|2015-11-24|SO|III AUa 1325/15|Wyrok|https://www.saos.org.pl/judgments/196261
189975|2015-11-24|SO|II W 100/15|Wyrok|https://www.saos.org.pl/judgments/189975
195013|2015-11-20|SO|VI P 441/14|Wyrok|https://www.saos.org.pl/judgments/195013
231013|2015-11-19|SO|VIII Pa 27/15|Wyrok|https://www.saos.org.pl/judgments/231013
196262|2015-11-19|SO|III AUa 1352/15|Wyrok|https://www.saos.org.pl/judgments/196262
203683|2015-11-17|SO|VIII U 2208/14|Wyrok|https://www.saos.org.pl/judgments/203683
192001|2015-11-17|SO|V Ua 25/15|Wyrok|https://www.saos.org.pl/judgments/192001
190352|2015-11-17|SO|IV P 73/15|Wyrok|https://www.saos.org.pl/judgments/190352
210433|2015-11-16|SO|IV P 64/14|Wyrok|https://www.saos.org.pl/judgments/210433
232253|2015-11-13|SO|IV P 161/13|Wyrok|https://www.saos.org.pl/judgments/232253
190881|2015-11-12|SO|VII U 1343/15|Wyrok|https://www.saos.org.pl/judgments/190881
186575|2015-11-10|SO|IV Pa 71/15|Wyrok|https://www.saos.org.pl/judgments/186575
188196|2015-11-09|SO|VII Pa 174/15|Uzasadnienie|https://www.saos.org.pl/judgments/188196
186569|2015-11-06|SO|IV Pa 55/15|Wyrok|https://www.saos.org.pl/judgments/186569
243740|2015-11-05|SN|III PK 26/15|Wyrok|https://www.saos.org.pl/judgments/243740
191654|2015-11-04|SO|IV P 146/15|Wyrok|https://www.saos.org.pl/judgments/191654
188250|2015-11-04|SO|VII Pa 96/15|Wyrok|https://www.saos.org.pl/judgments/188250
190114|2015-10-30|SO|VII P 654/15|Wyrok|https://www.saos.org.pl/judgments/190114
188219|2015-10-30|SO|VII Pa 230/15|Uzasadnienie|https://www.saos.org.pl/judgments/188219
508893|2015-10-29|SO|IV Pa 93/15|Wyrok|https://www.saos.org.pl/judgments/508893
197510|2015-10-29|SO|VII P 207/15|Wyrok|https://www.saos.org.pl/judgments/197510
195670|2015-10-29|SO|V P 69/15|Wyrok|https://www.saos.org.pl/judgments/195670
194019|2015-10-29|SO|V Pa 95/15|Wyrok|https://www.saos.org.pl/judgments/194019
194018|2015-10-29|SO|V Pa 104/15|Wyrok|https://www.saos.org.pl/judgments/194018
243689|2015-10-28|SN|I PK 19/15|Postanowienie|https://www.saos.org.pl/judgments/243689
191186|2015-10-28|SO|V P 45/15|Wyrok|https://www.saos.org.pl/judgments/191186
190353|2015-10-28|SO|IV P 91/14|Wyrok|https://www.saos.org.pl/judgments/190353
188207|2015-10-28|SO|VII Pa 206/15|Uzasadnienie|https://www.saos.org.pl/judgments/188207
243708|2015-10-27|SN|II PK 61/15|Postanowienie|https://www.saos.org.pl/judgments/243708
188424|2015-10-27|SO|VII Ua 94/15|Uzasadnienie|https://www.saos.org.pl/judgments/188424
187852|2015-10-27|SO|VI P 178/15|Wyrok|https://www.saos.org.pl/judgments/187852
188253|2015-10-26|SO|VII Pz 120/15|Zarządzenie|https://www.saos.org.pl/judgments/188253
218082|2015-10-22|SO|IV P 467/15|Wyrok|https://www.saos.org.pl/judgments/218082
188171|2015-10-22|SO|VII Ka 883/15|Wyrok|https://www.saos.org.pl/judgments/188171
243623|2015-10-21|SN|II PK 264/14|Wyrok|https://www.saos.org.pl/judgments/243623
243620|2015-10-21|SN|I PK 308/14|Wyrok|https://www.saos.org.pl/judgments/243620
243619|2015-10-21|SN|I PK 306/14|Wyrok|https://www.saos.org.pl/judgments/243619
184566|2015-10-21|SO|III AUa 629/15|Wyrok|https://www.saos.org.pl/judgments/184566
243639|2015-10-20|SN|I PK 287/14|Wyrok|https://www.saos.org.pl/judgments/243639
229587|2015-10-20|SO|IV P 222/15|Wyrok|https://www.saos.org.pl/judgments/229587
247768|2015-10-19|SO|III Pa 23/15|Wyrok|https://www.saos.org.pl/judgments/247768
236698|2015-10-15|SO|IV Pa 60/15|Wyrok|https://www.saos.org.pl/judgments/236698
188772|2015-10-15|SO|VIII Pa 119/15|Wyrok|https://www.saos.org.pl/judgments/188772
180850|2015-10-15|SO|VII Pa 204/15|Uzasadnienie|https://www.saos.org.pl/judgments/180850
490350|2015-10-14|SO|III APa 21/15|Wyrok|https://www.saos.org.pl/judgments/490350
222960|2015-10-14|SO|VIII P 548/14|Uzasadnienie|https://www.saos.org.pl/judgments/222960
188243|2015-10-14|SO|VII Pa 81/15|Wyrok|https://www.saos.org.pl/judgments/188243
187865|2015-10-14|SO|VI P 569/14|Wyrok|https://www.saos.org.pl/judgments/187865
184063|2015-10-14|SO|III APa 15/15|Wyrok|https://www.saos.org.pl/judgments/184063
180840|2015-10-12|SO|VII Pa 163/15|Uzasadnienie|https://www.saos.org.pl/judgments/180840
243462|2015-10-08|SN|I PK 313/14|Wyrok|https://www.saos.org.pl/judgments/243462
180998|2015-10-07|SO|VII Pa 180/15|Uzasadnienie|https://www.saos.org.pl/judgments/180998
187407|2015-10-06|SO|V U 691/15|Wyrok|https://www.saos.org.pl/judgments/187407
195717|2015-10-01|SO|VIII Pa 104/15|Wyrok|https://www.saos.org.pl/judgments/195717
188169|2015-09-30|SO|VII Ka 782/15|Wyrok|https://www.saos.org.pl/judgments/188169
188168|2015-09-30|SO|VII Ka 757/15|Wyrok|https://www.saos.org.pl/judgments/188168
180178|2015-09-30|SO|VII Pa 17/15|Uzasadnienie|https://www.saos.org.pl/judgments/180178
180174|2015-09-30|SO|VII Pa 145/15|Uzasadnienie|https://www.saos.org.pl/judgments/180174
187859|2015-09-29|SO|VI P 316/14|Wyrok|https://www.saos.org.pl/judgments/187859
184313|2015-09-29|SO|III AUa 2175/14|Wyrok|https://www.saos.org.pl/judgments/184313
184067|2015-09-29|SO|III APa 21/15|Wyrok|https://www.saos.org.pl/judgments/184067
188248|2015-09-25|SO|VII Pa 87/15|Wyrok|https://www.saos.org.pl/judgments/188248
186538|2015-09-25|SO|IV P 50/15|Wyrok|https://www.saos.org.pl/judgments/186538
511834|2015-09-24|SO|VII Pa 30/15|Wyrok|https://www.saos.org.pl/judgments/511834
243380|2015-09-24|SN|II PK 276/14|Wyrok|https://www.saos.org.pl/judgments/243380
243377|2015-09-24|SN|II PK 19/15|Postanowienie|https://www.saos.org.pl/judgments/243377
191060|2015-09-24|SO|VIII Pa 80/15|Wyrok|https://www.saos.org.pl/judgments/191060
199537|2015-09-23|SO|IV P 285/15|Wyrok|https://www.saos.org.pl/judgments/199537
184577|2015-09-23|SO|III AUa 649/15|Wyrok|https://www.saos.org.pl/judgments/184577
184261|2015-09-23|SO|III AUa 194/15|Wyrok|https://www.saos.org.pl/judgments/184261
527579|2015-09-22|SO|IV Pa 16/15|Wyrok|https://www.saos.org.pl/judgments/527579
180122|2015-09-22|SO|VI P 113/15|Wyrok|https://www.saos.org.pl/judgments/180122
178992|2015-09-16|SO|VII Pa 61/15|Wyrok|https://www.saos.org.pl/judgments/178992
243345|2015-09-15|SN|II PK 248/14|Wyrok|https://www.saos.org.pl/judgments/243345
243344|2015-09-15|SN|II PK 242/14|Wyrok|https://www.saos.org.pl/judgments/243344
207576|2015-09-15|SO|VIII P 228/15|Uzasadnienie|https://www.saos.org.pl/judgments/207576
221638|2015-09-11|SO|IV Ka 570/15|Wyrok|https://www.saos.org.pl/judgments/221638
180137|2015-09-11|SO|VI Pa 7/15|Wyrok|https://www.saos.org.pl/judgments/180137
188771|2015-09-10|SO|VIII Pa 116/15|Wyrok|https://www.saos.org.pl/judgments/188771
243293|2015-09-08|SN|I PK 270/14|Wyrok|https://www.saos.org.pl/judgments/243293
188006|2015-09-08|SO|VI U 778/13|Wyrok|https://www.saos.org.pl/judgments/188006
184455|2015-09-08|SO|III AUa 476/15|Wyrok|https://www.saos.org.pl/judgments/184455
197509|2015-09-04|SO|VII P 1762/14|Wyrok|https://www.saos.org.pl/judgments/197509
193567|2015-09-04|SO|VIII P 401/14|Uzasadnienie|https://www.saos.org.pl/judgments/193567
184305|2015-09-03|SO|III AUa 2127/14|Wyrok|https://www.saos.org.pl/judgments/184305
196927|2015-08-28|SO|IV Pa 44/15|Wyrok|https://www.saos.org.pl/judgments/196927
243198|2015-08-26|SN|I PK 93/15|Wyrok|https://www.saos.org.pl/judgments/243198
177084|2015-08-26|SO|II Ka 286/15|Wyrok|https://www.saos.org.pl/judgments/177084
243212|2015-08-25|SN|II PK 214/14|Wyrok|https://www.saos.org.pl/judgments/243212
177254|2015-08-25|SO|V Pa 98/14|Wyrok|https://www.saos.org.pl/judgments/177254
177291|2015-08-21|SO|VI Pa 53/15|Wyrok|https://www.saos.org.pl/judgments/177291
184267|2015-08-20|SO|III AUa 1984/14|Wyrok|https://www.saos.org.pl/judgments/184267
178623|2015-08-19|SO|III APa 2/15|Wyrok|https://www.saos.org.pl/judgments/178623
243171|2015-08-18|SN|III PK 155/14|Wyrok|https://www.saos.org.pl/judgments/243171
211221|2015-08-18|SO|X P 274/15|Wyrok|https://www.saos.org.pl/judgments/211221
243128|2015-08-13|SN|II PK 241/14|Wyrok|https://www.saos.org.pl/judgments/243128
243125|2015-08-13|SN|II PK 234/14|Wyrok|https://www.saos.org.pl/judgments/243125
243088|2015-08-06|SN|III PK 125/14|Wyrok|https://www.saos.org.pl/judgments/243088
188790|2015-08-06|SO|VIII Pa 74/15|Wyrok|https://www.saos.org.pl/judgments/188790
178684|2015-08-06|SO|III AUa 1927/14|Wyrok|https://www.saos.org.pl/judgments/178684
243073|2015-07-29|SN|III KK 218/15|Wyrok|https://www.saos.org.pl/judgments/243073
186566|2015-07-24|SO|IV Pa 37/15|Wyrok|https://www.saos.org.pl/judgments/186566
541239|2015-07-23|SO|IV Pa 61/15|Wyrok|https://www.saos.org.pl/judgments/541239
171769|2015-07-23|SO|VII Pa 124/15|Uzasadnienie|https://www.saos.org.pl/judgments/171769
243046|2015-07-22|SN|I PZ 13/15|Postanowienie|https://www.saos.org.pl/judgments/243046
243045|2015-07-22|SN|I PZ 10/15|Postanowienie|https://www.saos.org.pl/judgments/243045
217845|2015-07-22|SO|IV P 74/15|Wyrok|https://www.saos.org.pl/judgments/217845
243002|2015-07-16|SN|II PK 172/14|Wyrok|https://www.saos.org.pl/judgments/243002
180639|2015-07-16|SO|II Ko 169/15|Postanowienie|https://www.saos.org.pl/judgments/180639
249440|2015-07-15|SO|VI U 2749/14|Wyrok|https://www.saos.org.pl/judgments/249440
187254|2015-07-10|SO|V Pa 25/15|Wyrok|https://www.saos.org.pl/judgments/187254
242978|2015-07-09|SN|I PK 247/14|Wyrok|https://www.saos.org.pl/judgments/242978
225479|2015-07-09|SO|VIII Pa 218/14|Wyrok|https://www.saos.org.pl/judgments/225479
188781|2015-07-09|SO|VIII Pa 214/14|Wyrok|https://www.saos.org.pl/judgments/188781
288495|2015-07-08|SO|IV P 28/15|Wyrok|https://www.saos.org.pl/judgments/288495
171991|2015-07-08|SO|IV Pa 27/15|Wyrok|https://www.saos.org.pl/judgments/171991
170313|2015-07-08|SO|III AUa 232/15|Wyrok|https://www.saos.org.pl/judgments/170313
169646|2015-07-08|SO|VII Pa 115/15|Uzasadnienie|https://www.saos.org.pl/judgments/169646
174959|2015-07-03|SO|VI P 833/14|Wyrok|https://www.saos.org.pl/judgments/174959
169900|2015-07-01|SO|VII Pa 38/15|Wyrok|https://www.saos.org.pl/judgments/169900
190813|2015-06-30|SO|IV Pa 30/15|Wyrok|https://www.saos.org.pl/judgments/190813
186576|2015-06-29|SO|IV Pa 79/15|Wyrok|https://www.saos.org.pl/judgments/186576
178876|2015-06-29|SO|VIII U 4331/14|Wyrok|https://www.saos.org.pl/judgments/178876
174759|2015-06-29|SO|IV Pa 79/15|Wyrok|https://www.saos.org.pl/judgments/174759
158852|2015-06-29|SO|VII Pa 119/15|Uzasadnienie|https://www.saos.org.pl/judgments/158852
172339|2015-06-25|SO|III AUa 1595/14|Wyrok|https://www.saos.org.pl/judgments/172339
158287|2015-06-25|SO|VII Pa 95/15|Uzasadnienie|https://www.saos.org.pl/judgments/158287
242873|2015-06-24|SN|II PK 180/14|Wyrok|https://www.saos.org.pl/judgments/242873
177290|2015-06-24|SO|VI Pa 44/15|Wyrok|https://www.saos.org.pl/judgments/177290
176417|2015-06-24|SO|IV P 13/15|Wyrok|https://www.saos.org.pl/judgments/176417
186514|2015-06-23|SO|IV P 23/15|Wyrok|https://www.saos.org.pl/judgments/186514
172234|2015-06-23|SO|V ACa 934/14|Wyrok|https://www.saos.org.pl/judgments/172234
177253|2015-06-18|SO|V Pa 58/15|Wyrok|https://www.saos.org.pl/judgments/177253
169877|2015-06-18|SO|IX Pa 38/15|Wyrok|https://www.saos.org.pl/judgments/169877
186523|2015-06-16|SO|IV P 27/15|Wyrok|https://www.saos.org.pl/judgments/186523
156680|2015-06-16|SO|VII Pa 97/15|Uzasadnienie|https://www.saos.org.pl/judgments/156680
156678|2015-06-15|SO|VII Pa 101/15|Uzasadnienie|https://www.saos.org.pl/judgments/156678
156683|2015-06-12|SO|VII Pa 98/15|Uzasadnienie|https://www.saos.org.pl/judgments/156683
177802|2015-06-11|SO|VIII Pa 13/15|Wyrok|https://www.saos.org.pl/judgments/177802
172526|2015-06-11|SO|VIII Pa 43/15|Wyrok|https://www.saos.org.pl/judgments/172526
170046|2015-06-10|SO|VII Pa 91/15|Uzasadnienie|https://www.saos.org.pl/judgments/170046
159543|2015-06-10|SO|IV Pa 23/15|Wyrok|https://www.saos.org.pl/judgments/159543
158144|2015-06-10|SO|III APa 14/14|Wyrok|https://www.saos.org.pl/judgments/158144
174754|2015-06-09|SO|IV Pa 130/14|Wyrok|https://www.saos.org.pl/judgments/174754
157594|2015-06-03|SO|VII Pa 14/15|Wyrok|https://www.saos.org.pl/judgments/157594
220180|2015-06-02|SO|III Pa 17/15|Wyrok|https://www.saos.org.pl/judgments/220180
155346|2015-05-29|SO|VII Pa 82/15|Uzasadnienie|https://www.saos.org.pl/judgments/155346
508854|2015-05-28|SO|IV Pa 46/15|Wyrok|https://www.saos.org.pl/judgments/508854
169111|2015-05-28|SN|III PK 14/15|Postanowienie|https://www.saos.org.pl/judgments/169111
157595|2015-05-27|SO|VII Pa 186/14|Wyrok|https://www.saos.org.pl/judgments/157595
508841|2015-05-21|SO|IV Pa 36/15|Wyrok|https://www.saos.org.pl/judgments/508841
153856|2015-05-21|SO|VII Pz 40/15|Uzasadnienie|https://www.saos.org.pl/judgments/153856
159788|2015-05-20|SO|IV P 38/15|Wyrok|https://www.saos.org.pl/judgments/159788
158149|2015-05-20|SO|III AUa 1031/14|Wyrok|https://www.saos.org.pl/judgments/158149
153335|2015-05-20|SO|VII Pz 26/15|Uzasadnienie|https://www.saos.org.pl/judgments/153335
156052|2015-05-18|SO|IV Ka 291/15|Wyrok|https://www.saos.org.pl/judgments/156052
156028|2015-05-18|SO|III Pa 14/15|Wyrok|https://www.saos.org.pl/judgments/156028
158160|2015-05-13|SO|III AUa 2108/14|Wyrok|https://www.saos.org.pl/judgments/158160
154772|2015-05-13|SO|VII U 2371/14|Wyrok|https://www.saos.org.pl/judgments/154772
256683|2015-05-12|SO|VI U 754/14|Zarządzenie|https://www.saos.org.pl/judgments/256683
216721|2015-05-12|SO|III APa 4/15|Wyrok|https://www.saos.org.pl/judgments/216721
156996|2015-05-12|SO|V Pa 155/14|Wyrok|https://www.saos.org.pl/judgments/156996
156061|2015-05-12|SO|IV P 9/15|Wyrok|https://www.saos.org.pl/judgments/156061
217843|2015-05-11|SO|IV P 19/15|Wyrok|https://www.saos.org.pl/judgments/217843
188779|2015-05-07|SO|VIII Pa 19/15|Wyrok|https://www.saos.org.pl/judgments/188779
175029|2015-05-07|SO|VIII Pa 2/15|Wyrok|https://www.saos.org.pl/judgments/175029
153681|2015-05-07|SO|IX Pa 31/15|Wyrok|https://www.saos.org.pl/judgments/153681
156986|2015-05-06|SO|IV P 206/14|Wyrok|https://www.saos.org.pl/judgments/156986
155493|2015-05-05|SO|IV Pa 46/15|Wyrok|https://www.saos.org.pl/judgments/155493
178647|2015-04-29|SO|III AUa 1311/14|Wyrok|https://www.saos.org.pl/judgments/178647
169530|2015-04-29|SO|IV P 183/13|Wyrok|https://www.saos.org.pl/judgments/169530
155356|2015-04-23|SO|VIII Pa 10/15|Wyrok|https://www.saos.org.pl/judgments/155356
153310|2015-04-23|SO|III Pa 8/15|Wyrok|https://www.saos.org.pl/judgments/153310
157170|2015-04-22|SO|V Pa 162/14|Wyrok|https://www.saos.org.pl/judgments/157170
151804|2015-04-22|SO|VI U 308/14|Wyrok|https://www.saos.org.pl/judgments/151804
245436|2015-04-21|SN|II PK 149/14|Wyrok|https://www.saos.org.pl/judgments/245436
168956|2015-04-21|SN|II PK 147/14|Wyrok|https://www.saos.org.pl/judgments/168956
153990|2015-04-21|SO|VI Ka 129/15|Wyrok|https://www.saos.org.pl/judgments/153990
152944|2015-04-20|SO|III Pa 6/15|Wyrok|https://www.saos.org.pl/judgments/152944
153698|2015-04-17|SO|VI Pa 19/15|Wyrok|https://www.saos.org.pl/judgments/153698
151927|2015-04-17|SO|IV U 170/15|Uzasadnienie|https://www.saos.org.pl/judgments/151927
177213|2015-04-16|SO|IV Pa 57/14|Wyrok|https://www.saos.org.pl/judgments/177213
172528|2015-04-16|SO|VIII Pa 8/15|Wyrok|https://www.saos.org.pl/judgments/172528
171781|2015-04-16|SO|VIII Pa 220/14|Wyrok|https://www.saos.org.pl/judgments/171781
152254|2015-04-16|SO|III AUa 806/14|Wyrok|https://www.saos.org.pl/judgments/152254
149972|2015-04-16|SO|VII Pa 53/15|Uzasadnienie|https://www.saos.org.pl/judgments/149972
149830|2015-04-16|SO|VII Pa 51/15|Uzasadnienie|https://www.saos.org.pl/judgments/149830
168878|2015-04-14|SN|II PK 144/14|Wyrok|https://www.saos.org.pl/judgments/168878
153697|2015-04-10|SO|VI Pa 18/15|Wyrok|https://www.saos.org.pl/judgments/153697
217906|2015-04-09|SO|VIII U 653/14|Wyrok|https://www.saos.org.pl/judgments/217906
154455|2015-04-02|SO|V Pa 38/15|Wyrok|https://www.saos.org.pl/judgments/154455
224336|2015-03-31|SO|VIII U 749/14|Wyrok|https://www.saos.org.pl/judgments/224336
222290|2015-03-31|SO|VIII U 657/14|Wyrok|https://www.saos.org.pl/judgments/222290
222289|2015-03-31|SO|VIII U 485/14|Wyrok|https://www.saos.org.pl/judgments/222289
208381|2015-03-31|SO|VIII U 598/14|Wyrok|https://www.saos.org.pl/judgments/208381
207611|2015-03-31|SO|VIII U 936/14|Wyrok|https://www.saos.org.pl/judgments/207611
205082|2015-03-31|SO|VIII U 548/14|Wyrok|https://www.saos.org.pl/judgments/205082
203688|2015-03-31|SO|VIII U 487/14|Wyrok|https://www.saos.org.pl/judgments/203688
203687|2015-03-31|SO|VIII U 486/14|Wyrok|https://www.saos.org.pl/judgments/203687
150725|2015-03-31|SO|V Pa 114/14|Wyrok|https://www.saos.org.pl/judgments/150725
152096|2015-03-30|SO|IV Pa 11/15|Wyrok|https://www.saos.org.pl/judgments/152096
150267|2015-03-30|SO|X P 790/14|Wyrok|https://www.saos.org.pl/judgments/150267
152101|2015-03-27|SO|IV Ua 5/15|Wyrok|https://www.saos.org.pl/judgments/152101
135057|2015-03-27|SO|VI Gz 77/15|Postanowienie|https://www.saos.org.pl/judgments/135057
153348|2015-03-26|SO|VIII Pa 221/14|Wyrok|https://www.saos.org.pl/judgments/153348
151558|2015-03-26|SO|VIII Pa 226/14|Wyrok|https://www.saos.org.pl/judgments/151558
149205|2015-03-26|SO|III AUa 970/14|Wyrok|https://www.saos.org.pl/judgments/149205
168708|2015-03-24|SN|I PK 201/14|Wyrok|https://www.saos.org.pl/judgments/168708
232114|2015-03-23|SO|VIII U 933/14|Wyrok|https://www.saos.org.pl/judgments/232114
217665|2015-03-23|SO|VIII U 631/14|Wyrok|https://www.saos.org.pl/judgments/217665
217664|2015-03-23|SO|VIII U 628/14|Wyrok|https://www.saos.org.pl/judgments/217664
207609|2015-03-23|SO|VIII U 535/14|Wyrok|https://www.saos.org.pl/judgments/207609
203693|2015-03-23|SO|VIII U 625/14|Wyrok|https://www.saos.org.pl/judgments/203693
153945|2015-03-20|SO|IV P 12/15|Wyrok|https://www.saos.org.pl/judgments/153945
227531|2015-03-19|SO|VIII U 531/14|Wyrok|https://www.saos.org.pl/judgments/227531
216466|2015-03-19|SO|VIII U 611/14|Wyrok|https://www.saos.org.pl/judgments/216466
216465|2015-03-19|SO|VIII U 606/14|Wyrok|https://www.saos.org.pl/judgments/216465
216458|2015-03-19|SO|VIII U 526/14|Wyrok|https://www.saos.org.pl/judgments/216458
208382|2015-03-19|SO|VIII U 616/14|Wyrok|https://www.saos.org.pl/judgments/208382
152302|2015-03-19|SO|V Pa 21/15|Wyrok|https://www.saos.org.pl/judgments/152302
245396|2015-03-18|SN|III PK 110/14|Wyrok|https://www.saos.org.pl/judgments/245396
168652|2015-03-18|SN|III PK 116/14|Wyrok|https://www.saos.org.pl/judgments/168652
168638|2015-03-18|SN|I PK 197/14|Wyrok|https://www.saos.org.pl/judgments/168638
232110|2015-03-16|SO|VIII U 744/14|Wyrok|https://www.saos.org.pl/judgments/232110
208380|2015-03-16|SO|VIII U 523/14|Wyrok|https://www.saos.org.pl/judgments/208380
153049|2015-03-16|SO|VIII U 740/14|Wyrok|https://www.saos.org.pl/judgments/153049
133146|2015-03-16|SO|VII Pa 12/15|Uzasadnienie|https://www.saos.org.pl/judgments/133146
218637|2015-03-12|SO|IV P 4/15|Wyrok|https://www.saos.org.pl/judgments/218637
217668|2015-03-12|SO|VIII U 758/14|Wyrok|https://www.saos.org.pl/judgments/217668
205081|2015-03-12|SO|VIII U 537/14|Wyrok|https://www.saos.org.pl/judgments/205081
169533|2015-03-12|SO|IV Pa 10/15|Wyrok|https://www.saos.org.pl/judgments/169533
133743|2015-03-12|SO|VII Pa 4/15|Uzasadnienie|https://www.saos.org.pl/judgments/133743
135268|2015-03-11|SO|VII Pa 108/14|Wyrok|https://www.saos.org.pl/judgments/135268
312229|2015-03-10|SO|VII P 1302/13|Wyrok|https://www.saos.org.pl/judgments/312229
190349|2015-03-10|SO|IV P 45/15|Wyrok|https://www.saos.org.pl/judgments/190349
168573|2015-03-10|SN|II PK 105/14|Wyrok|https://www.saos.org.pl/judgments/168573
232101|2015-03-09|SO|VIII U 480/14|Wyrok|https://www.saos.org.pl/judgments/232101
152636|2015-03-09|SO|V ACa 916/14|Wyrok|https://www.saos.org.pl/judgments/152636
158738|2015-03-05|SO|VIII Pa 210/14|Wyrok|https://www.saos.org.pl/judgments/158738
152300|2015-03-05|SO|V Pa 11/15|Wyrok|https://www.saos.org.pl/judgments/152300
135195|2015-03-04|SO|IV Pa 9/15|Wyrok|https://www.saos.org.pl/judgments/135195
224335|2015-03-03|SO|VIII U 685/14|Wyrok|https://www.saos.org.pl/judgments/224335
216471|2015-03-03|SO|VIII U 952/14|Wyrok|https://www.saos.org.pl/judgments/216471
184066|2015-03-03|SO|III APa 2/15|Wyrok|https://www.saos.org.pl/judgments/184066
220868|2015-02-26|SO|III Pa 40/14|Wyrok|https://www.saos.org.pl/judgments/220868
178847|2015-02-26|SO|VII P 384/14|Wyrok|https://www.saos.org.pl/judgments/178847
157572|2015-02-26|SO|V Pa 15/15|Wyrok|https://www.saos.org.pl/judgments/157572
155357|2015-02-26|SO|VIII Pa 204/14|Wyrok|https://www.saos.org.pl/judgments/155357
151402|2015-02-26|SO|VIII Pa 207/14|Wyrok|https://www.saos.org.pl/judgments/151402
133330|2015-02-26|SO|VI Ka 6/15|Wyrok|https://www.saos.org.pl/judgments/133330
152067|2015-02-25|SO|III AUa 663/14|Wyrok|https://www.saos.org.pl/judgments/152067
150472|2015-02-25|SO|III AUa 1568/14|Wyrok|https://www.saos.org.pl/judgments/150472
168431|2015-02-24|SN|II PK 88/14|Wyrok|https://www.saos.org.pl/judgments/168431
152969|2015-02-24|SO|IV Pa 74/14|Wyrok|https://www.saos.org.pl/judgments/152969
150231|2015-02-24|SO|V Pa 111/14|Wyrok|https://www.saos.org.pl/judgments/150231
148845|2015-02-24|SO|IV Pa 12/15|Wyrok|https://www.saos.org.pl/judgments/148845
131864|2015-02-24|SO|VII Pa 382/14|Uzasadnienie|https://www.saos.org.pl/judgments/131864
190350|2015-02-23|SO|IV P 600/14|Wyrok|https://www.saos.org.pl/judgments/190350
129856|2015-02-23|SO|VII Pa 402/14|Uzasadnienie|https://www.saos.org.pl/judgments/129856
156110|2015-02-20|SO|VI Ka 19/15|Wyrok|https://www.saos.org.pl/judgments/156110
168352|2015-02-18|SN|III PK 99/14|Wyrok|https://www.saos.org.pl/judgments/168352
168360|2015-02-17|SN|I PK 156/14|Wyrok|https://www.saos.org.pl/judgments/168360
132722|2015-02-17|SO|III AUa 1301/14|Wyrok|https://www.saos.org.pl/judgments/132722
179063|2015-02-12|SO|IV P 208/14|Wyrok|https://www.saos.org.pl/judgments/179063
151786|2015-02-12|SO|V Pa 5/15|Wyrok|https://www.saos.org.pl/judgments/151786
177206|2015-02-11|SO|IV P 50/14|Wyrok|https://www.saos.org.pl/judgments/177206
168263|2015-02-11|SN|I PK 152/14|Wyrok|https://www.saos.org.pl/judgments/168263
168262|2015-02-11|SN|I PK 123/14|Wyrok|https://www.saos.org.pl/judgments/168262
148481|2015-02-11|SO|VII U 5/14|Wyrok|https://www.saos.org.pl/judgments/148481
135193|2015-02-11|SO|IV Pa 4/15|Wyrok|https://www.saos.org.pl/judgments/135193
130496|2015-02-10|SO|IV P 150/14|Wyrok|https://www.saos.org.pl/judgments/130496
172521|2015-02-05|SO|VIII Pa 201/14|Wyrok|https://www.saos.org.pl/judgments/172521
159870|2015-02-05|SO|VIII Pa 173/14|Wyrok|https://www.saos.org.pl/judgments/159870
155218|2015-02-05|SO|VIII Pa 208/14|Wyrok|https://www.saos.org.pl/judgments/155218
131706|2015-02-05|SO|VIII Pa 160/14|Wyrok|https://www.saos.org.pl/judgments/131706
127712|2015-02-05|SO|VII Pa 398/14|Uzasadnienie|https://www.saos.org.pl/judgments/127712
168189|2015-02-04|SN|III PK 68/14|Wyrok|https://www.saos.org.pl/judgments/168189
224330|2015-02-03|SO|VIII U 1869/13|Wyrok|https://www.saos.org.pl/judgments/224330
215904|2015-02-02|SO|VIII P 1101/12|Uzasadnienie|https://www.saos.org.pl/judgments/215904
168087|2015-01-28|SN|I PK 163/14|Wyrok|https://www.saos.org.pl/judgments/168087
253611|2015-01-27|SO|IV P 361/14|Wyrok|https://www.saos.org.pl/judgments/253611
168124|2015-01-27|SN|II PK 62/14|Wyrok|https://www.saos.org.pl/judgments/168124
135000|2015-01-27|SO|IV Pa 68/14|Wyrok|https://www.saos.org.pl/judgments/135000
133359|2015-01-27|SO|III AUa 395/14|Wyrok|https://www.saos.org.pl/judgments/133359
131134|2015-01-23|SO|VI Pa 99/14|Wyrok|https://www.saos.org.pl/judgments/131134
168025|2015-01-20|SN|I PK 140/14|Wyrok|https://www.saos.org.pl/judgments/168025
168024|2015-01-20|SN|I PK 137/14|Wyrok|https://www.saos.org.pl/judgments/168024
197551|2015-01-19|SO|VIII P 1375/13|Uzasadnienie|https://www.saos.org.pl/judgments/197551
152791|2015-01-16|SO|IV Pa 69/14|Wyrok|https://www.saos.org.pl/judgments/152791
167866|2015-01-14|SN|II PK 54/14|Wyrok|https://www.saos.org.pl/judgments/167866
180677|2015-01-13|SO|III AUa 343/14|Wyrok|https://www.saos.org.pl/judgments/180677
167887|2015-01-13|SN|II PK 77/14|Wyrok|https://www.saos.org.pl/judgments/167887
167877|2015-01-13|SN|I PK 136/14|Wyrok|https://www.saos.org.pl/judgments/167877
132230|2015-01-13|SO|IV Pa 63/14|Wyrok|https://www.saos.org.pl/judgments/132230
128114|2015-01-13|SO|V Pa 147/14|Wyrok|https://www.saos.org.pl/judgments/128114
130498|2015-01-12|SO|IV P 564/14|Wyrok|https://www.saos.org.pl/judgments/130498
125573|2015-01-05|SO|VII Pa 360/14|Uzasadnienie|https://www.saos.org.pl/judgments/125573
151839|2014-12-30|SO|I ACa 453/14|Wyrok|https://www.saos.org.pl/judgments/151839
126161|2014-12-30|SO|III APa 37/14|Wyrok|https://www.saos.org.pl/judgments/126161
177349|2014-12-29|SO|VIII Pa 189/14|Wyrok|https://www.saos.org.pl/judgments/177349
74842|2014-12-22|SO|VII Pa 359/14|Uzasadnienie|https://www.saos.org.pl/judgments/74842
226860|2014-12-19|SO|VII U 1376/14|Wyrok|https://www.saos.org.pl/judgments/226860
171479|2014-12-19|SO|VII P 768/14|Wyrok|https://www.saos.org.pl/judgments/171479
74838|2014-12-19|SO|VII Pa 345/14|Uzasadnienie|https://www.saos.org.pl/judgments/74838
167715|2014-12-18|SN|III UK 69/14|Wyrok|https://www.saos.org.pl/judgments/167715
167704|2014-12-18|SN|II PK 50/14|Wyrok|https://www.saos.org.pl/judgments/167704
148461|2014-12-18|SO|IX Pa 69/14|Wyrok|https://www.saos.org.pl/judgments/148461
128156|2014-12-18|SO|V Pa 159/14|Wyrok|https://www.saos.org.pl/judgments/128156
127565|2014-12-18|SO|VII Pa 373/14|Wyrok|https://www.saos.org.pl/judgments/127565
75960|2014-12-18|SO|V Pa 80/14|Wyrok|https://www.saos.org.pl/judgments/75960
126871|2014-12-17|SO|III AUa 867/14|Wyrok|https://www.saos.org.pl/judgments/126871
74834|2014-12-17|SO|VII Pa 340/14|Uzasadnienie|https://www.saos.org.pl/judgments/74834
234797|2014-12-16|SO|XXI Pa 373/14|Wyrok|https://www.saos.org.pl/judgments/234797
167733|2014-12-16|SN|I PK 125/14|Wyrok|https://www.saos.org.pl/judgments/167733
133423|2014-12-16|SO|II Ca 394/14|Wyrok|https://www.saos.org.pl/judgments/133423
128727|2014-12-16|SO|III APa 28/14|Wyrok|https://www.saos.org.pl/judgments/128727
76055|2014-12-16|SO|III Pa 27/14|Wyrok|https://www.saos.org.pl/judgments/76055
74077|2014-12-16|SO|VII Pa 351/14|Uzasadnienie|https://www.saos.org.pl/judgments/74077
73504|2014-12-16|SO|VII Pa 326/14|Uzasadnienie|https://www.saos.org.pl/judgments/73504
211091|2014-12-12|SO|IV Pa 64/14|Wyrok|https://www.saos.org.pl/judgments/211091
151401|2014-12-11|SO|VIII Pa 180/14|Wyrok|https://www.saos.org.pl/judgments/151401
148483|2014-12-11|SO|VIII Pa 184/14|Wyrok|https://www.saos.org.pl/judgments/148483
130784|2014-12-11|SO|VIII Pa 140/14|Wyrok|https://www.saos.org.pl/judgments/130784
73069|2014-12-11|SO|VII Pa 289/14|Uzasadnienie|https://www.saos.org.pl/judgments/73069
167671|2014-12-10|SN|II PZ 26/14|Postanowienie|https://www.saos.org.pl/judgments/167671
128115|2014-12-09|SO|V Pa 19/14|Wyrok|https://www.saos.org.pl/judgments/128115
73637|2014-12-05|SO|III U 599/14|Wyrok|https://www.saos.org.pl/judgments/73637
73071|2014-12-05|SO|VII Pa 292/14|Uzasadnienie|https://www.saos.org.pl/judgments/73071
125906|2014-12-04|SO|V Pa 154/14|Wyrok|https://www.saos.org.pl/judgments/125906
74329|2014-12-04|SO|IX Pa 75/14|Wyrok|https://www.saos.org.pl/judgments/74329
71936|2014-12-04|SO|VII Pa 330/14|Uzasadnienie|https://www.saos.org.pl/judgments/71936
126880|2014-12-03|SO|III AUa 924/14|Wyrok|https://www.saos.org.pl/judgments/126880
75273|2014-12-03|SO|III AUa 921/14|Wyrok|https://www.saos.org.pl/judgments/75273
167635|2014-12-02|SN|I PK 113/14|Wyrok|https://www.saos.org.pl/judgments/167635
125492|2014-12-02|SO|IV Pa 129/14|Wyrok|https://www.saos.org.pl/judgments/125492
167497|2014-11-27|SN|III PK 31/14|Wyrok|https://www.saos.org.pl/judgments/167497
76218|2014-11-27|SO|V Pa 113/14|Wyrok|https://www.saos.org.pl/judgments/76218
167531|2014-11-26|SN|II PK 162/13|Wyrok|https://www.saos.org.pl/judgments/167531
69743|2014-11-25|SO|VII Pa 317/14|Uzasadnienie|https://www.saos.org.pl/judgments/69743
129275|2014-11-24|SO|VIII U 1765/14|Wyrok|https://www.saos.org.pl/judgments/129275
71974|2014-11-24|SO|IV P 141/14|Wyrok|https://www.saos.org.pl/judgments/71974
167385|2014-11-20|SN|I PK 96/14|Wyrok|https://www.saos.org.pl/judgments/167385
127184|2014-11-20|SO|V Pa 54/14|Wyrok|https://www.saos.org.pl/judgments/127184
73490|2014-11-20|SO|V Pa 53/14|Wyrok|https://www.saos.org.pl/judgments/73490
170352|2014-11-19|SO|IV P 164/13|Wyrok|https://www.saos.org.pl/judgments/170352
313679|2014-11-18|SO|VII P 1229/12|Wyrok|https://www.saos.org.pl/judgments/313679
167449|2014-11-18|SN|II PK 5/14|Wyrok|https://www.saos.org.pl/judgments/167449
167448|2014-11-18|SN|II PK 4/14|Wyrok|https://www.saos.org.pl/judgments/167448
131499|2014-11-18|SO|IV Pa 52/14|Wyrok|https://www.saos.org.pl/judgments/131499
73783|2014-11-18|SO|III AUa 288/14|Wyrok|https://www.saos.org.pl/judgments/73783
71184|2014-11-17|SO|III Pa 19/14|Wyrok|https://www.saos.org.pl/judgments/71184
71183|2014-11-17|SO|III Pa 18/14|Wyrok|https://www.saos.org.pl/judgments/71183
70499|2014-11-17|SO|IV P 120/14|Wyrok|https://www.saos.org.pl/judgments/70499
167322|2014-11-13|SN|I PK 77/14|Wyrok|https://www.saos.org.pl/judgments/167322
130446|2014-11-13|SO|V Pa 185/14|Wyrok|https://www.saos.org.pl/judgments/130446
71213|2014-11-13|SO|V Pa 145/14|Wyrok|https://www.saos.org.pl/judgments/71213
312677|2014-11-12|SO|IV U 515/14|Postanowienie|https://www.saos.org.pl/judgments/312677
167354|2014-11-12|SN|I PK 85/14|Wyrok|https://www.saos.org.pl/judgments/167354
167353|2014-11-12|SN|I PK 80/14|Wyrok|https://www.saos.org.pl/judgments/167353
167352|2014-11-12|SN|I PK 79/14|Wyrok|https://www.saos.org.pl/judgments/167352
167351|2014-11-12|SN|I PK 74/14|Wyrok|https://www.saos.org.pl/judgments/167351
69817|2014-11-12|SO|IV U 515/14|Postanowienie|https://www.saos.org.pl/judgments/69817
70257|2014-11-07|SO|VI Ka 423/14|Wyrok|https://www.saos.org.pl/judgments/70257
167285|2014-11-04|SN|II PK 16/14|Wyrok|https://www.saos.org.pl/judgments/167285
167284|2014-11-04|SN|II PK 15/14|Wyrok|https://www.saos.org.pl/judgments/167284
155514|2014-11-03|SO|VI P 514/14|Wyrok|https://www.saos.org.pl/judgments/155514
76244|2014-11-03|SO|VII Pa 113/14|Wyrok|https://www.saos.org.pl/judgments/76244
69309|2014-11-03|SO|IV P 81/14|Wyrok|https://www.saos.org.pl/judgments/69309
67548|2014-11-03|SO|VII Pa 306/14|Uzasadnienie|https://www.saos.org.pl/judgments/67548
67162|2014-11-03|SO|VII Pa 275/14|Uzasadnienie|https://www.saos.org.pl/judgments/67162
66922|2014-11-03|SO|VII Pa 260/14|Uzasadnienie|https://www.saos.org.pl/judgments/66922
508879|2014-10-31|SO|IV Pa 68/14|Wyrok|https://www.saos.org.pl/judgments/508879
223047|2014-10-30|SO|XXI Pa 76/14|Wyrok|https://www.saos.org.pl/judgments/223047
131117|2014-10-30|SO|III AUa 137/14|Wyrok|https://www.saos.org.pl/judgments/131117
73546|2014-10-30|SO|VII Pa 300/14|Wyrok|https://www.saos.org.pl/judgments/73546
71562|2014-10-30|SO|V Pa 56/14|Wyrok|https://www.saos.org.pl/judgments/71562
68799|2014-10-30|SO|VI P 415/14|Wyrok|https://www.saos.org.pl/judgments/68799
68770|2014-10-30|SO|V Pa 185/13|Wyrok|https://www.saos.org.pl/judgments/68770
167161|2014-10-29|SN|II PK 301/13|Wyrok|https://www.saos.org.pl/judgments/167161
69112|2014-10-29|SO|IV P 114/14|Wyrok|https://www.saos.org.pl/judgments/69112
167181|2014-10-28|SN|II PK 298/13|Wyrok|https://www.saos.org.pl/judgments/167181
68800|2014-10-28|SO|VI P 468/13|Wyrok|https://www.saos.org.pl/judgments/68800
70083|2014-10-27|SO|III Pa 30/14|Wyrok|https://www.saos.org.pl/judgments/70083
65614|2014-10-24|SO|VII Pa 272/14|Uzasadnienie|https://www.saos.org.pl/judgments/65614
225465|2014-10-23|SO|VIII Pa 122/14|Wyrok|https://www.saos.org.pl/judgments/225465
73655|2014-10-23|SO|VI Pa 107/14|Zarządzenie|https://www.saos.org.pl/judgments/73655
72825|2014-10-23|SO|III APa 13/14|Wyrok|https://www.saos.org.pl/judgments/72825
65618|2014-10-22|SO|VII Pa 283/14|Uzasadnienie|https://www.saos.org.pl/judgments/65618
72447|2014-10-21|SO|III AUa 2667/13|Wyrok|https://www.saos.org.pl/judgments/72447
66310|2014-10-20|SO|VII Pa 265/14|Uzasadnienie|https://www.saos.org.pl/judgments/66310
74496|2014-10-16|SO|V Pa 119/14|Wyrok|https://www.saos.org.pl/judgments/74496
64896|2014-10-16|SO|VII Pa 258/14|Uzasadnienie|https://www.saos.org.pl/judgments/64896
69695|2014-10-15|SO|III APa 14/14|Wyrok|https://www.saos.org.pl/judgments/69695
67113|2014-10-15|SO|III AUa 59/14|Wyrok|https://www.saos.org.pl/judgments/67113
167063|2014-10-14|SN|II PK 293/13|Wyrok|https://www.saos.org.pl/judgments/167063
128549|2014-10-14|SO|V P 23/12|Wyrok|https://www.saos.org.pl/judgments/128549
151511|2014-10-13|SO|IV P 130/14|Wyrok|https://www.saos.org.pl/judgments/151511
225461|2014-10-09|SO|VIII Pa 100/14|Wyrok|https://www.saos.org.pl/judgments/225461
166930|2014-10-09|SN|II UK 15/14|Wyrok|https://www.saos.org.pl/judgments/166930
126914|2014-10-09|SO|III AUa 19/14|Wyrok|https://www.saos.org.pl/judgments/126914
64784|2014-10-08|SO|VII Pa 225/14|Uzasadnienie|https://www.saos.org.pl/judgments/64784
64215|2014-10-08|SO|VII Pa 249/14|Uzasadnienie|https://www.saos.org.pl/judgments/64215
64783|2014-10-07|SO|VII Pa 204/14|Uzasadnienie|https://www.saos.org.pl/judgments/64783
63674|2014-10-07|SO|VII Pa 276/14|Uzasadnienie|https://www.saos.org.pl/judgments/63674
175451|2014-10-03|SO|IV P 484/12|Wyrok|https://www.saos.org.pl/judgments/175451
65865|2014-10-02|SO|VIII Pa 104/14|Wyrok|https://www.saos.org.pl/judgments/65865
65628|2014-10-02|SO|VIII Pa 103/14|Wyrok|https://www.saos.org.pl/judgments/65628
70774|2014-10-01|SO|X P 156/14|Wyrok|https://www.saos.org.pl/judgments/70774
166883|2014-09-30|SN|II PK 282/13|Wyrok|https://www.saos.org.pl/judgments/166883
73765|2014-09-30|SO|III APa 17/14|Wyrok|https://www.saos.org.pl/judgments/73765
151510|2014-09-29|SO|IV P 124/14|Wyrok|https://www.saos.org.pl/judgments/151510
64135|2014-09-26|SO|IV Pa 28/14|Wyrok|https://www.saos.org.pl/judgments/64135
64132|2014-09-26|SO|IV Pa 12/14|Wyrok|https://www.saos.org.pl/judgments/64132
166767|2014-09-25|SN|II CSK 779/13|Wyrok|https://www.saos.org.pl/judgments/166767
65770|2014-09-25|SO|III AUa 2653/13|Wyrok|https://www.saos.org.pl/judgments/65770
166813|2014-09-23|SN|II PK 269/13|Wyrok|https://www.saos.org.pl/judgments/166813
64777|2014-09-23|SO|VI Ka 372/14|Wyrok|https://www.saos.org.pl/judgments/64777
62775|2014-09-23|SO|VII Pa 167/14|Uzasadnienie|https://www.saos.org.pl/judgments/62775
63363|2014-09-22|SO|VII Pa 229/14|Uzasadnienie|https://www.saos.org.pl/judgments/63363
166696|2014-09-18|SN|III PK 136/13|Wyrok|https://www.saos.org.pl/judgments/166696
235957|2014-09-17|SO|VIII U 1863/13|Wyrok|https://www.saos.org.pl/judgments/235957
65720|2014-09-16|SO|I ACa 295/14|Wyrok|https://www.saos.org.pl/judgments/65720
64027|2014-09-16|SO|III APa 19/14|Wyrok|https://www.saos.org.pl/judgments/64027
64396|2014-09-15|SO|IV P 64/14|Wyrok|https://www.saos.org.pl/judgments/64396
62321|2014-09-12|SO|III U 293/14|Wyrok|https://www.saos.org.pl/judgments/62321
61542|2014-09-12|SO|VII Pa 217/14|Uzasadnienie|https://www.saos.org.pl/judgments/61542
60291|2014-09-09|SO|V Pa 2/14|Wyrok|https://www.saos.org.pl/judgments/60291
63473|2014-09-04|SO|VIII Pa 77/14|Wyrok|https://www.saos.org.pl/judgments/63473
65347|2014-09-03|SO|III AUa 2388/13|Wyrok|https://www.saos.org.pl/judgments/65347
59043|2014-08-29|SO|VII Pa 152/14|Uzasadnienie|https://www.saos.org.pl/judgments/59043
197770|2014-08-28|SO|V Pa 69/14|Wyrok|https://www.saos.org.pl/judgments/197770
67091|2014-08-28|SO|III APa 11/14|Wyrok|https://www.saos.org.pl/judgments/67091
70775|2014-08-27|SO|X P 171/14|Wyrok|https://www.saos.org.pl/judgments/70775
75996|2014-08-26|SO|IV P 8/14|Uzasadnienie|https://www.saos.org.pl/judgments/75996
62940|2014-08-26|SO|III AUa 2369/13|Wyrok|https://www.saos.org.pl/judgments/62940
70779|2014-08-22|SO|X P 707/14|Wyrok|https://www.saos.org.pl/judgments/70779
60413|2014-08-21|SO|IX Pa 4/14|Wyrok|https://www.saos.org.pl/judgments/60413
274617|2014-08-08|SO|IX P 363/14|Zarządzenie|https://www.saos.org.pl/judgments/274617
62936|2014-08-06|SO|III AUa 2035/13|Wyrok|https://www.saos.org.pl/judgments/62936
166517|2014-08-05|SN|I PK 42/14|Wyrok|https://www.saos.org.pl/judgments/166517
166515|2014-08-05|SN|I PK 41/14|Wyrok|https://www.saos.org.pl/judgments/166515
59047|2014-08-04|SO|VII Pa 183/14|Uzasadnienie|https://www.saos.org.pl/judgments/59047
62593|2014-07-30|SO|III AUa 2038/13|Wyrok|https://www.saos.org.pl/judgments/62593
62592|2014-07-30|SO|III AUa 2037/13|Wyrok|https://www.saos.org.pl/judgments/62592
62591|2014-07-30|SO|III AUa 2036/13|Wyrok|https://www.saos.org.pl/judgments/62591
150464|2014-07-29|SO|III APa 10/13|Wyrok|https://www.saos.org.pl/judgments/150464
55207|2014-07-24|SO|VII Pa 193/14|Uzasadnienie|https://www.saos.org.pl/judgments/55207
217656|2014-07-22|SO|VIII U 1862/13|Wyrok|https://www.saos.org.pl/judgments/217656
53750|2014-07-22|SO|VII Pa 198/14|Uzasadnienie|https://www.saos.org.pl/judgments/53750
248417|2014-07-18|SO|IV P 382/12|Wyrok|https://www.saos.org.pl/judgments/248417
58538|2014-07-18|SO|X P 223/14|Wyrok|https://www.saos.org.pl/judgments/58538
541351|2014-07-17|SO|IV Pa 49/14|Wyrok|https://www.saos.org.pl/judgments/541351
58563|2014-07-15|SO|X P 992/13|Wyrok|https://www.saos.org.pl/judgments/58563
53986|2014-07-14|SO|III APa 20/14|Wyrok|https://www.saos.org.pl/judgments/53986
527672|2014-07-11|SO|IV Pa 80/13|Wyrok|https://www.saos.org.pl/judgments/527672
59708|2014-07-11|SO|V Pa 208/13|Wyrok|https://www.saos.org.pl/judgments/59708
60277|2014-07-10|SO|III AUa 2080/13|Wyrok|https://www.saos.org.pl/judgments/60277
55202|2014-07-10|SO|VII Pa 171/14|Uzasadnienie|https://www.saos.org.pl/judgments/55202
166283|2014-07-09|SN|I PZP 5/14|Postanowienie|https://www.saos.org.pl/judgments/166283
166282|2014-07-09|SN|I PK 325/13|Wyrok|https://www.saos.org.pl/judgments/166282
57183|2014-07-09|SO|III AUa 1814/13|Wyrok|https://www.saos.org.pl/judgments/57183
166315|2014-07-08|SN|I PK 77/13|Wyrok|https://www.saos.org.pl/judgments/166315
132126|2014-07-08|SO|X P 175/14|Wyrok|https://www.saos.org.pl/judgments/132126
54982|2014-07-01|SO|III AUa 131/14|Wyrok|https://www.saos.org.pl/judgments/54982
132986|2014-06-30|SO|III Pa 26/14|Wyrok|https://www.saos.org.pl/judgments/132986
63918|2014-06-30|SO|IV Pa 14/14|Wyrok|https://www.saos.org.pl/judgments/63918
74565|2014-06-27|SO|VIII Pa 64/14|Wyrok|https://www.saos.org.pl/judgments/74565
51818|2014-06-27|SO|VII Pa 184/14|Uzasadnienie|https://www.saos.org.pl/judgments/51818
51815|2014-06-27|SO|VII Pa 155/14|Uzasadnienie|https://www.saos.org.pl/judgments/51815
71559|2014-06-26|SO|V Pa 26/14|Wyrok|https://www.saos.org.pl/judgments/71559
68063|2014-06-26|SO|VIII Pa 65/14|Wyrok|https://www.saos.org.pl/judgments/68063
65054|2014-06-26|SO|III AUa 987/13|Wyrok|https://www.saos.org.pl/judgments/65054
58536|2014-06-26|SO|X P 191/13|Wyrok|https://www.saos.org.pl/judgments/58536
57257|2014-06-26|SO|VIII Pa 57/14|Wyrok|https://www.saos.org.pl/judgments/57257
57227|2014-06-26|SO|V Pa 25/14|Wyrok|https://www.saos.org.pl/judgments/57227
61616|2014-06-24|SO|VI W 4830/13|Wyrok|https://www.saos.org.pl/judgments/61616
57733|2014-06-24|SO|IV P 117/13|Wyrok|https://www.saos.org.pl/judgments/57733
56581|2014-06-24|SO|VI Ka 248/14|Wyrok|https://www.saos.org.pl/judgments/56581
54276|2014-06-24|SO|IV P 260/13|Wyrok|https://www.saos.org.pl/judgments/54276
54275|2014-06-24|SO|IV P 230/13|Wyrok|https://www.saos.org.pl/judgments/54275
51514|2014-06-24|SO|VII Pa 178/14|Uzasadnienie|https://www.saos.org.pl/judgments/51514
51512|2014-06-24|SO|VII Pa 164/14|Uzasadnienie|https://www.saos.org.pl/judgments/51512
51507|2014-06-24|SO|VII Pa 142/14|Uzasadnienie|https://www.saos.org.pl/judgments/51507
51510|2014-06-23|SO|VII Pa 150/14|Uzasadnienie|https://www.saos.org.pl/judgments/51510
166078|2014-06-17|SN|II PK 247/13|Wyrok|https://www.saos.org.pl/judgments/166078
52913|2014-06-17|SO|VI P 667/13|Wyrok|https://www.saos.org.pl/judgments/52913
52521|2014-06-16|SO|VIII Ka 299/14|Wyrok|https://www.saos.org.pl/judgments/52521
213064|2014-06-12|SO|VIII Pa 52/14|Wyrok|https://www.saos.org.pl/judgments/213064
58523|2014-06-12|SO|IV P 950/13|Wyrok|https://www.saos.org.pl/judgments/58523
166022|2014-06-10|SN|I PK 309/13|Wyrok|https://www.saos.org.pl/judgments/166022
59930|2014-06-10|SO|IV Pa 52/14|Wyrok|https://www.saos.org.pl/judgments/59930
54281|2014-06-10|SO|IV P 384/13|Wyrok|https://www.saos.org.pl/judgments/54281
54280|2014-06-10|SO|IV P 383/13|Wyrok|https://www.saos.org.pl/judgments/54280
58521|2014-06-09|SO|IV P 899/13|Wyrok|https://www.saos.org.pl/judgments/58521
49484|2014-06-06|SO|VII Pa 95/14|Uzasadnienie|https://www.saos.org.pl/judgments/49484
165935|2014-06-05|SN|I PK 308/13|Wyrok|https://www.saos.org.pl/judgments/165935
51940|2014-06-04|SO|VI U 806/14|Wyrok|https://www.saos.org.pl/judgments/51940
48842|2014-06-03|SO|VII Pa 105/14|Uzasadnienie|https://www.saos.org.pl/judgments/48842
48360|2014-06-02|SO|VII Pa 98/14|Uzasadnienie|https://www.saos.org.pl/judgments/48360
51380|2014-05-30|SO|VI P 66/13|Wyrok|https://www.saos.org.pl/judgments/51380
69273|2014-05-29|SO|III Pa 15/14|Wyrok|https://www.saos.org.pl/judgments/69273
48171|2014-05-29|SO|VII Pa 92/14|Uzasadnienie|https://www.saos.org.pl/judgments/48171
52740|2014-05-28|SO|II W 3/13|Wyrok|https://www.saos.org.pl/judgments/52740
165907|2014-05-27|SN|II PK 225/13|Wyrok|https://www.saos.org.pl/judgments/165907
58557|2014-05-26|SO|X P 853/13|Wyrok|https://www.saos.org.pl/judgments/58557
48164|2014-05-26|SO|VII Pa 100/14|Uzasadnienie|https://www.saos.org.pl/judgments/48164
245653|2014-05-23|SN|II PK 29/14|Postanowienie|https://www.saos.org.pl/judgments/245653
47318|2014-05-23|SO|VII Pa 96/14|Uzasadnienie|https://www.saos.org.pl/judgments/47318
541350|2014-05-22|SO|IV Pa 36/14|Wyrok|https://www.saos.org.pl/judgments/541350
165867|2014-05-20|SN|I PK 271/13|Wyrok|https://www.saos.org.pl/judgments/165867
105123|2014-05-20|SN|I PK 206/13|Wyrok|https://www.saos.org.pl/judgments/105123
58530|2014-05-19|SO|X P 1148/13|Wyrok|https://www.saos.org.pl/judgments/58530
105086|2014-05-16|SN|II PK 237/13|Wyrok|https://www.saos.org.pl/judgments/105086
65957|2014-05-15|SO|III Pa 22/14|Wyrok|https://www.saos.org.pl/judgments/65957
56489|2014-05-15|SO|III APa 2/14|Wyrok|https://www.saos.org.pl/judgments/56489
55559|2014-05-15|SO|III AUa 936/13|Wyrok|https://www.saos.org.pl/judgments/55559
105083|2014-05-14|SN|II PK 202/13|Wyrok|https://www.saos.org.pl/judgments/105083
55033|2014-05-13|SO|III AUa 1070/13|Wyrok|https://www.saos.org.pl/judgments/55033
60313|2014-05-12|SO|VII Pa 33/14|Wyrok|https://www.saos.org.pl/judgments/60313
52242|2014-05-08|SO|V Pa 79/14|Wyrok|https://www.saos.org.pl/judgments/52242
51988|2014-05-08|SO|V Pa 55/14|Wyrok|https://www.saos.org.pl/judgments/51988
50566|2014-05-08|SO|V Pa 47/14|Wyrok|https://www.saos.org.pl/judgments/50566
49393|2014-05-08|SO|V Pa 45/14|Wyrok|https://www.saos.org.pl/judgments/49393
51258|2014-05-07|SO|III AUa 1058/13|Wyrok|https://www.saos.org.pl/judgments/51258
51257|2014-05-07|SO|III AUa 1055/13|Wyrok|https://www.saos.org.pl/judgments/51257
49479|2014-05-07|SO|V U 665/14|Wyrok|https://www.saos.org.pl/judgments/49479
165799|2014-05-06|SN|II PK 219/13|Wyrok|https://www.saos.org.pl/judgments/165799
58493|2014-04-30|SO|IV P 1150/13|Wyrok|https://www.saos.org.pl/judgments/58493
530567|2014-04-29|SO|III APa 7/14|Wyrok|https://www.saos.org.pl/judgments/530567
53611|2014-04-29|SO|VIII P 31/13|Wyrok|https://www.saos.org.pl/judgments/53611
47685|2014-04-29|SO|III AUa 683/13|Wyrok|https://www.saos.org.pl/judgments/47685
44448|2014-04-29|SO|VII Pa 58/14|Uzasadnienie|https://www.saos.org.pl/judgments/44448
55758|2014-04-28|SO|X P 937/13|Wyrok|https://www.saos.org.pl/judgments/55758
165756|2014-04-25|SN|II PK 193/13|Wyrok|https://www.saos.org.pl/judgments/165756
105001|2014-04-25|SN|II PK 201/13|Wyrok|https://www.saos.org.pl/judgments/105001
104999|2014-04-25|SN|II PK 195/13|Wyrok|https://www.saos.org.pl/judgments/104999
55744|2014-04-25|SO|X P 151/11|Wyrok|https://www.saos.org.pl/judgments/55744
125441|2014-04-24|SO|IV P 9/14|Wyrok|https://www.saos.org.pl/judgments/125441
70030|2014-04-24|SO|VIII Pa 23/14|Wyrok|https://www.saos.org.pl/judgments/70030
43361|2014-04-24|SO|VII Pa 65/14|Uzasadnienie|https://www.saos.org.pl/judgments/43361
165770|2014-04-23|SN|I PK 255/13|Wyrok|https://www.saos.org.pl/judgments/165770
50515|2014-04-22|SO|V Pa 186/13|Wyrok|https://www.saos.org.pl/judgments/50515
222779|2014-04-17|SO|IV P 484/12|Wyrok|https://www.saos.org.pl/judgments/222779
47934|2014-04-17|SO|IX Pa 20/14|Wyrok|https://www.saos.org.pl/judgments/47934
46129|2014-04-17|SO|IX Pa 19/14|Wyrok|https://www.saos.org.pl/judgments/46129
51700|2014-04-11|SO|VII Pa 40/14|Wyrok|https://www.saos.org.pl/judgments/51700
104884|2014-04-10|SN|II PK 184/13|Wyrok|https://www.saos.org.pl/judgments/104884
48618|2014-04-10|SO|V Pa 25/14|Wyrok|https://www.saos.org.pl/judgments/48618
41828|2014-04-10|SO|VII Pa 56/14|Uzasadnienie|https://www.saos.org.pl/judgments/41828
43891|2014-04-09|SO|IV P 507/13|Wyrok|https://www.saos.org.pl/judgments/43891
43890|2014-04-09|SO|IV P 5/14|Wyrok|https://www.saos.org.pl/judgments/43890
54313|2014-04-08|SO|X P 729/13|Wyrok|https://www.saos.org.pl/judgments/54313
44218|2014-04-07|SO|III Pa 4/14|Wyrok|https://www.saos.org.pl/judgments/44218
70029|2014-04-03|SO|VIII Pa 2/14|Wyrok|https://www.saos.org.pl/judgments/70029
47179|2014-04-03|SO|VII U 1811/13|Wyrok|https://www.saos.org.pl/judgments/47179
165718|2014-04-01|SN|I PK 244/13|Wyrok|https://www.saos.org.pl/judgments/165718
104820|2014-04-01|SN|I PK 241/13|Wyrok|https://www.saos.org.pl/judgments/104820
47398|2014-03-27|SO|V Pa 22/14|Wyrok|https://www.saos.org.pl/judgments/47398
45598|2014-03-27|SO|V Pa 31/14|Wyrok|https://www.saos.org.pl/judgments/45598
66185|2014-03-25|SO|XI Ns 450/12|Postanowienie|https://www.saos.org.pl/judgments/66185
47058|2014-03-25|SO|IV P 110/13|Wyrok|https://www.saos.org.pl/judgments/47058
43590|2014-03-25|SO|VII U 1616/13|Wyrok|https://www.saos.org.pl/judgments/43590
41302|2014-03-25|SO|VII Pa 63/14|Uzasadnienie|https://www.saos.org.pl/judgments/41302
52137|2014-03-21|SO|VI Pa 6/14|Wyrok|https://www.saos.org.pl/judgments/52137
48786|2014-03-19|SO|IV U 4173/13|Wyrok|https://www.saos.org.pl/judgments/48786
46280|2014-03-19|SO|III AUa 426/13|Wyrok|https://www.saos.org.pl/judgments/46280
42890|2014-03-19|SO|III AUa 1073/13|Wyrok|https://www.saos.org.pl/judgments/42890
165668|2014-03-13|SN|I PK 200/13|Wyrok|https://www.saos.org.pl/judgments/165668
104657|2014-03-13|SN|I PK 204/13|Wyrok|https://www.saos.org.pl/judgments/104657
104655|2014-03-13|SN|I PK 189/13|Wyrok|https://www.saos.org.pl/judgments/104655
104669|2014-03-12|SN|II PK 151/13|Wyrok|https://www.saos.org.pl/judgments/104669
42230|2014-03-11|SO|V Pa 264/11|Postanowienie|https://www.saos.org.pl/judgments/42230
38655|2014-03-11|SO|VII Pa 6/14|Uzasadnienie|https://www.saos.org.pl/judgments/38655
38651|2014-03-11|SO|VII Pa 26/14|Uzasadnienie|https://www.saos.org.pl/judgments/38651
37915|2014-03-11|SO|VII Pa 27/14|Uzasadnienie|https://www.saos.org.pl/judgments/37915
45763|2014-03-10|SO|X P 110/11|Wyrok|https://www.saos.org.pl/judgments/45763
45762|2014-03-10|SO|X P 1099/13|Wyrok|https://www.saos.org.pl/judgments/45762
37918|2014-03-10|SO|VII Pa 28/14|Uzasadnienie|https://www.saos.org.pl/judgments/37918
133890|2014-03-09|SO|VIII U 2094/14|Wyrok|https://www.saos.org.pl/judgments/133890
45905|2014-03-07|SO|III AUa 734/13|Wyrok|https://www.saos.org.pl/judgments/45905
37912|2014-03-07|SO|VII Pa 12/14|Uzasadnienie|https://www.saos.org.pl/judgments/37912
43736|2014-03-03|SO|V U 345/13|Wyrok|https://www.saos.org.pl/judgments/43736
242718|2014-02-28|SO|XVII AmA 168/11|Wyrok|https://www.saos.org.pl/judgments/242718
68058|2014-02-27|SO|VIII Pa 195/13|Wyrok|https://www.saos.org.pl/judgments/68058
43430|2014-02-27|SO|V Pa 12/14|Wyrok|https://www.saos.org.pl/judgments/43430
42010|2014-02-27|SO|VII Pa 32/14|Wyrok|https://www.saos.org.pl/judgments/42010
38642|2014-02-26|SO|VI U 1188/13|Wyrok|https://www.saos.org.pl/judgments/38642
36346|2014-02-26|SO|VII Pa 19/14|Uzasadnienie|https://www.saos.org.pl/judgments/36346
43938|2014-02-25|SO|X P 1266/13|Wyrok|https://www.saos.org.pl/judgments/43938
37776|2014-02-25|SO|IV Pa 55/13|Wyrok|https://www.saos.org.pl/judgments/37776
37534|2014-02-24|SO|VII Pa 356/13|Uzasadnienie|https://www.saos.org.pl/judgments/37534
38191|2014-02-20|SO|IV P 156/13|Wyrok|https://www.saos.org.pl/judgments/38191
45765|2014-02-19|SO|X P 1218/12|Wyrok|https://www.saos.org.pl/judgments/45765
198716|2014-02-14|SO|IV P 29/13|Wyrok|https://www.saos.org.pl/judgments/198716
43586|2014-02-14|SO|VII Pa 237/13|Wyrok|https://www.saos.org.pl/judgments/43586
53260|2014-02-13|SO|IV P 301/13|Wyrok|https://www.saos.org.pl/judgments/53260
53259|2014-02-13|SO|IV P 241/13|Wyrok|https://www.saos.org.pl/judgments/53259
43431|2014-02-13|SO|V Pa 5/14|Wyrok|https://www.saos.org.pl/judgments/43431
42009|2014-02-13|SO|VII Pa 13/14|Wyrok|https://www.saos.org.pl/judgments/42009
40966|2014-02-13|SO|V Pa 10/14|Wyrok|https://www.saos.org.pl/judgments/40966
38482|2014-02-13|SO|IV P 325/13|Wyrok|https://www.saos.org.pl/judgments/38482
37723|2014-02-13|SO|III APa 63/13|Wyrok|https://www.saos.org.pl/judgments/37723
35763|2014-02-12|SO|IV Ka 1161/13|Wyrok|https://www.saos.org.pl/judgments/35763
165627|2014-02-11|SN|I PK 172/13|Wyrok|https://www.saos.org.pl/judgments/165627
37878|2014-02-11|SO|V Pa 174/13|Wyrok|https://www.saos.org.pl/judgments/37878
37775|2014-02-11|SO|IV Pa 48/13|Wyrok|https://www.saos.org.pl/judgments/37775
35554|2014-02-07|SO|IV Ka 1/14|Wyrok|https://www.saos.org.pl/judgments/35554
104313|2014-02-06|SN|I PK 179/13|Wyrok|https://www.saos.org.pl/judgments/104313
42012|2014-02-06|SO|VII Pa 4/14|Wyrok|https://www.saos.org.pl/judgments/42012
37879|2014-02-06|SO|V Pa 177/13|Wyrok|https://www.saos.org.pl/judgments/37879
36216|2014-02-06|SO|V Pa 154/13|Wyrok|https://www.saos.org.pl/judgments/36216
44164|2014-02-04|SO|III AUa 642/13|Wyrok|https://www.saos.org.pl/judgments/44164
38123|2014-01-31|SO|VII Pa 5/14|Wyrok|https://www.saos.org.pl/judgments/38123
38121|2014-01-31|SO|VII P 46/13|Wyrok|https://www.saos.org.pl/judgments/38121
510355|2014-01-30|SO|V Pa 124/13|Postanowienie|https://www.saos.org.pl/judgments/510355
74530|2014-01-30|SO|VI P 40/13|Wyrok|https://www.saos.org.pl/judgments/74530
43946|2014-01-30|SO|X P 899/13|Wyrok|https://www.saos.org.pl/judgments/43946
104248|2014-01-29|SN|II PK 125/13|Wyrok|https://www.saos.org.pl/judgments/104248
104247|2014-01-29|SN|II PK 124/13|Wyrok|https://www.saos.org.pl/judgments/104247
41292|2014-01-28|SO|IV Pa 73/13|Wyrok|https://www.saos.org.pl/judgments/41292
37267|2014-01-28|SO|III AUa 626/13|Wyrok|https://www.saos.org.pl/judgments/37267
36561|2014-01-28|SO|IV Pa 6/14|Wyrok|https://www.saos.org.pl/judgments/36561
35970|2014-01-28|SO|IV Pa 8/14|Wyrok|https://www.saos.org.pl/judgments/35970
35735|2014-01-27|SO|III APa 29/13|Wyrok|https://www.saos.org.pl/judgments/35735
41520|2014-01-24|SO|V Pa 118/13|Wyrok|https://www.saos.org.pl/judgments/41520
34711|2014-01-21|SO|IV P 703/13|Wyrok|https://www.saos.org.pl/judgments/34711
33523|2014-01-20|SO|VII Pa 170/13|Wyrok|https://www.saos.org.pl/judgments/33523
33751|2014-01-17|SO|V Pa 150/13|Wyrok|https://www.saos.org.pl/judgments/33751
35877|2014-01-16|SO|V Pa 173/13|Wyrok|https://www.saos.org.pl/judgments/35877
34867|2014-01-16|SO|IX Pa 130/13|Wyrok|https://www.saos.org.pl/judgments/34867
160329|2014-01-14|TK|Ts 219/13|Postanowienie|https://www.saos.org.pl/judgments/160329
33260|2014-01-14|SO|VI P 535/13|Wyrok|https://www.saos.org.pl/judgments/33260
33565|2014-01-10|SO|IV P 694/13|Wyrok|https://www.saos.org.pl/judgments/33565
31143|2014-01-09|SO|V Pa 43/13|Postanowienie|https://www.saos.org.pl/judgments/31143
43940|2014-01-08|SO|X P 697/13|Wyrok|https://www.saos.org.pl/judgments/43940
32244|2014-01-08|SO|III AUa 694/13|Wyrok|https://www.saos.org.pl/judgments/32244
104020|2014-01-07|SN|II PK 138/13|Wyrok|https://www.saos.org.pl/judgments/104020
104019|2014-01-07|SN|II PK 108/13|Wyrok|https://www.saos.org.pl/judgments/104019
45427|2013-12-30|SO|III APa 9/13|Wyrok|https://www.saos.org.pl/judgments/45427
34093|2013-12-30|SO|III Pa 48/13|Wyrok|https://www.saos.org.pl/judgments/34093
103968|2013-12-20|SN|II PK 99/13|Wyrok|https://www.saos.org.pl/judgments/103968
103967|2013-12-20|SN|II PK 91/13|Wyrok|https://www.saos.org.pl/judgments/103967
103965|2013-12-20|SN|II PK 81/13|Wyrok|https://www.saos.org.pl/judgments/103965
35149|2013-12-20|SO|VII Pa 329/13|Wyrok|https://www.saos.org.pl/judgments/35149
34893|2013-12-20|SO|IV Pa 59/13|Wyrok|https://www.saos.org.pl/judgments/34893
31611|2013-12-20|SO|V Pa 39/13|Postanowienie|https://www.saos.org.pl/judgments/31611
31610|2013-12-20|SO|V Pa 38/13|Postanowienie|https://www.saos.org.pl/judgments/31610
29261|2013-12-20|SO|V Pa 59/13|Postanowienie|https://www.saos.org.pl/judgments/29261
29260|2013-12-20|SO|V Pa 48/13|Postanowienie|https://www.saos.org.pl/judgments/29260
29259|2013-12-20|SO|V Pa 46/13|Postanowienie|https://www.saos.org.pl/judgments/29259
29258|2013-12-20|SO|V Pa 42/13|Postanowienie|https://www.saos.org.pl/judgments/29258
29257|2013-12-20|SO|V Pa 36/13|Postanowienie|https://www.saos.org.pl/judgments/29257
29256|2013-12-20|SO|V Pa 32/13|Postanowienie|https://www.saos.org.pl/judgments/29256
29255|2013-12-20|SO|V Pa 26/13|Postanowienie|https://www.saos.org.pl/judgments/29255
29145|2013-12-20|SO|V Pa 60/13|Postanowienie|https://www.saos.org.pl/judgments/29145
29143|2013-12-20|SO|V Pa 47/13|Postanowienie|https://www.saos.org.pl/judgments/29143
29142|2013-12-20|SO|V Pa 44/13|Postanowienie|https://www.saos.org.pl/judgments/29142
29141|2013-12-20|SO|V Pa 31/13|Postanowienie|https://www.saos.org.pl/judgments/29141
29140|2013-12-20|SO|V Pa 28/13|Postanowienie|https://www.saos.org.pl/judgments/29140
29139|2013-12-20|SO|V Pa 27/13|Postanowienie|https://www.saos.org.pl/judgments/29139
29138|2013-12-20|SO|V Pa 23/13|Postanowienie|https://www.saos.org.pl/judgments/29138
29137|2013-12-20|SO|V Pa 18/13|Postanowienie|https://www.saos.org.pl/judgments/29137
28935|2013-12-20|SO|V Pa 64/13|Postanowienie|https://www.saos.org.pl/judgments/28935
28934|2013-12-20|SO|V Pa 56/13|Postanowienie|https://www.saos.org.pl/judgments/28934
28933|2013-12-20|SO|V Pa 55/13|Postanowienie|https://www.saos.org.pl/judgments/28933
28932|2013-12-20|SO|V Pa 54/13|Postanowienie|https://www.saos.org.pl/judgments/28932
28931|2013-12-20|SO|V Pa 45/13|Postanowienie|https://www.saos.org.pl/judgments/28931
28930|2013-12-20|SO|V Pa 41/13|Postanowienie|https://www.saos.org.pl/judgments/28930
28929|2013-12-20|SO|V Pa 40/13|Postanowienie|https://www.saos.org.pl/judgments/28929
28928|2013-12-20|SO|V Pa 24/13|Postanowienie|https://www.saos.org.pl/judgments/28928
508888|2013-12-19|SO|IV Pa 78/13|Wyrok|https://www.saos.org.pl/judgments/508888
32933|2013-12-19|SO|V U 296/13|Wyrok|https://www.saos.org.pl/judgments/32933
32692|2013-12-19|SO|V U 276/13|Wyrok|https://www.saos.org.pl/judgments/32692
151186|2013-12-18|SO|V U 280/13|Wyrok|https://www.saos.org.pl/judgments/151186
54304|2013-12-18|SO|X P 548/13|Wyrok|https://www.saos.org.pl/judgments/54304
33087|2013-12-18|SO|IV Pa 77/13|Wyrok|https://www.saos.org.pl/judgments/33087
32694|2013-12-18|SO|V U 318/13|Wyrok|https://www.saos.org.pl/judgments/32694
30457|2013-12-18|SO|V U 308/13|Wyrok|https://www.saos.org.pl/judgments/30457
33012|2013-12-16|SO|X P 742/13|Wyrok|https://www.saos.org.pl/judgments/33012
54295|2013-12-13|SO|X P 265/13|Wyrok|https://www.saos.org.pl/judgments/54295
31781|2013-12-10|SO|V Pa 153/13|Wyrok|https://www.saos.org.pl/judgments/31781
31072|2013-12-09|SO|III Pa 14/13|Wyrok|https://www.saos.org.pl/judgments/31072
31071|2013-12-09|SO|III Pa 11/13|Wyrok|https://www.saos.org.pl/judgments/31071
37445|2013-12-05|SO|VII Pa 227/13|Wyrok|https://www.saos.org.pl/judgments/37445
34357|2013-12-05|SO|V Pa 56/13|Wyrok|https://www.saos.org.pl/judgments/34357
33010|2013-12-05|SO|X P 700/13|Wyrok|https://www.saos.org.pl/judgments/33010
31579|2013-12-05|SO|III APa 29/13|Wyrok|https://www.saos.org.pl/judgments/31579
27684|2013-12-05|SO|IV Ka 1021/13|Wyrok|https://www.saos.org.pl/judgments/27684
103752|2013-12-04|SN|II PK 67/13|Wyrok|https://www.saos.org.pl/judgments/103752
33008|2013-11-29|SO|X P 473/13|Wyrok|https://www.saos.org.pl/judgments/33008
49890|2013-11-28|SO|III Pa 44/13|Wyrok|https://www.saos.org.pl/judgments/49890
33750|2013-11-28|SO|V Pa 111/13|Wyrok|https://www.saos.org.pl/judgments/33750
30420|2013-11-28|SO|III APa 22/13|Wyrok|https://www.saos.org.pl/judgments/30420
41286|2013-11-27|SO|III AUa 814/13|Postanowienie|https://www.saos.org.pl/judgments/41286
31748|2013-11-27|SO|IV Ka 961/13|Wyrok|https://www.saos.org.pl/judgments/31748
32693|2013-11-26|SO|V U 302/13|Wyrok|https://www.saos.org.pl/judgments/32693
28298|2013-11-22|SO|IV P 102/13|Wyrok|https://www.saos.org.pl/judgments/28298
395693|2013-11-21|SO|VI Pa 86/13|Wyrok|https://www.saos.org.pl/judgments/395693
31420|2013-11-21|SO|V Pa 36/13|Wyrok|https://www.saos.org.pl/judgments/31420
103596|2013-11-20|SN|II PK 56/13|Wyrok|https://www.saos.org.pl/judgments/103596
43939|2013-11-19|SO|X P 649/13|Wyrok|https://www.saos.org.pl/judgments/43939
38640|2013-11-15|SO|VI Pa 92/13|Wyrok|https://www.saos.org.pl/judgments/38640
31438|2013-11-15|SO|VII Pa 189/13|Wyrok|https://www.saos.org.pl/judgments/31438
26235|2013-11-15|SO|IV Ka 813/13|Wyrok|https://www.saos.org.pl/judgments/26235
103536|2013-11-14|SN|II PK 37/13|Wyrok|https://www.saos.org.pl/judgments/103536
32517|2013-11-14|SO|V Pa 137/13|Wyrok|https://www.saos.org.pl/judgments/32517
27404|2013-11-14|SO|III AUa 717/13|Wyrok|https://www.saos.org.pl/judgments/27404
29148|2013-11-13|SO|V Pa 91/13|Wyrok|https://www.saos.org.pl/judgments/29148
37372|2013-11-12|SO|VIII Pa 43/13|Wyrok|https://www.saos.org.pl/judgments/37372
35609|2013-11-12|SO|VIII Pa 42/13|Wyrok|https://www.saos.org.pl/judgments/35609
27832|2013-11-08|SO|III AUa 3548/12|Wyrok|https://www.saos.org.pl/judgments/27832
103460|2013-11-07|SN|SNO 29/13|Wyrok|https://www.saos.org.pl/judgments/103460
37449|2013-11-07|SO|VII Pa 293/13|Wyrok|https://www.saos.org.pl/judgments/37449
36800|2013-11-07|SO|III APa 14/13|Wyrok|https://www.saos.org.pl/judgments/36800
29658|2013-11-07|SO|III AUa 291/13|Wyrok|https://www.saos.org.pl/judgments/29658
28002|2013-11-07|SO|V Pa 51/13|Wyrok|https://www.saos.org.pl/judgments/28002
210658|2013-11-06|SO|XVII AmA 41/12|Uzasadnienie|https://www.saos.org.pl/judgments/210658
28868|2013-11-06|SO|III AUa 318/13|Wyrok|https://www.saos.org.pl/judgments/28868
103418|2013-11-05|SN|II PZ 28/13|Postanowienie|https://www.saos.org.pl/judgments/103418
71359|2013-11-05|SO|VII P 754/11|Zarządzenie|https://www.saos.org.pl/judgments/71359
28177|2013-11-05|SO|III AUa 812/13|Wyrok|https://www.saos.org.pl/judgments/28177
26012|2013-11-05|SO|III AUa 1063/13|Wyrok|https://www.saos.org.pl/judgments/26012
393615|2013-10-31|SO|VII Pa 93/13|Wyrok|https://www.saos.org.pl/judgments/393615
103333|2013-10-30|SN|II PK 146/13|Postanowienie|https://www.saos.org.pl/judgments/103333
28444|2013-10-30|SO|V Pa 118/13|Wyrok|https://www.saos.org.pl/judgments/28444
262648|2013-10-29|SO|XVII AmA 41/12|Wyrok|https://www.saos.org.pl/judgments/262648
26058|2013-10-29|SO|III APa 24/13|Wyrok|https://www.saos.org.pl/judgments/26058
28197|2013-10-28|SO|V U 331/13|Wyrok|https://www.saos.org.pl/judgments/28197
27573|2013-10-28|SO|V U 339/13|Wyrok|https://www.saos.org.pl/judgments/27573
27572|2013-10-28|SO|V U 335/13|Wyrok|https://www.saos.org.pl/judgments/27572
27570|2013-10-28|SO|V U 271/13|Wyrok|https://www.saos.org.pl/judgments/27570
27240|2013-10-25|SO|V P 17/13|Wyrok|https://www.saos.org.pl/judgments/27240
103277|2013-10-24|SN|SNO 25/13|Wyrok|https://www.saos.org.pl/judgments/103277
103190|2013-10-24|SN|II PK 24/13|Wyrok|https://www.saos.org.pl/judgments/103190
27792|2013-10-24|SO|III AUa 737/13|Wyrok|https://www.saos.org.pl/judgments/27792
27866|2013-10-23|SO|IV Pa 49/13|Wyrok|https://www.saos.org.pl/judgments/27866
206381|2013-10-22|TK|Ts 48/12|Postanowienie|https://www.saos.org.pl/judgments/206381
27128|2013-10-22|SO|III AUa 274/13|Wyrok|https://www.saos.org.pl/judgments/27128
43942|2013-10-21|SO|X P 822/12|Wyrok|https://www.saos.org.pl/judgments/43942
27654|2013-10-21|SO|VII Pa 134/13|Wyrok|https://www.saos.org.pl/judgments/27654
160560|2013-10-17|TK|Ts 219/13|Postanowienie|https://www.saos.org.pl/judgments/160560
32316|2013-10-17|SO|V Pa 125/13|Wyrok|https://www.saos.org.pl/judgments/32316
28863|2013-10-17|SO|III AUa 1616/12|Wyrok|https://www.saos.org.pl/judgments/28863
28304|2013-10-17|SO|IV P 41/13|Wyrok|https://www.saos.org.pl/judgments/28304
27646|2013-10-17|SO|V Pa 130/13|Wyrok|https://www.saos.org.pl/judgments/27646
24771|2013-10-17|SO|III AUa 537/13|Wyrok|https://www.saos.org.pl/judgments/24771
29366|2013-10-16|SO|X P 1170/12|Wyrok|https://www.saos.org.pl/judgments/29366
28170|2013-10-16|SO|III AUa 630/13|Wyrok|https://www.saos.org.pl/judgments/28170
26195|2013-10-15|SO|III AUa 198/13|Wyrok|https://www.saos.org.pl/judgments/26195
35035|2013-10-10|SO|III AUa 268/13|Wyrok|https://www.saos.org.pl/judgments/35035
23652|2013-10-10|SO|V Pa 43/13|Wyrok|https://www.saos.org.pl/judgments/23652
23627|2013-10-10|SO|III AUa 598/13|Wyrok|https://www.saos.org.pl/judgments/23627
35749|2013-10-09|SO|III AUa 557/13|Wyrok|https://www.saos.org.pl/judgments/35749
25984|2013-10-09|SO|IV Pa 28/13|Wyrok|https://www.saos.org.pl/judgments/25984
28801|2013-10-07|SO|III Pa 41/13|Wyrok|https://www.saos.org.pl/judgments/28801
27420|2013-10-04|SO|IV Ka 725/13|Wyrok|https://www.saos.org.pl/judgments/27420
27093|2013-10-03|SO|V Pa 126/13|Wyrok|https://www.saos.org.pl/judgments/27093
27090|2013-10-03|SO|V Pa 111/13|Wyrok|https://www.saos.org.pl/judgments/27090
24205|2013-10-03|SO|V Pa 118/13|Wyrok|https://www.saos.org.pl/judgments/24205
23621|2013-10-03|SO|III AUa 415/13|Wyrok|https://www.saos.org.pl/judgments/23621
23625|2013-10-02|SO|III AUa 511/13|Wyrok|https://www.saos.org.pl/judgments/23625
22312|2013-10-02|SO|VIII U 1039/13|Wyrok|https://www.saos.org.pl/judgments/22312
30173|2013-09-27|SO|V Pa 47/13|Wyrok|https://www.saos.org.pl/judgments/30173
28680|2013-09-27|SO|VI Pa 60/13|Wyrok|https://www.saos.org.pl/judgments/28680
24350|2013-09-27|SO|III Pa 9/13|Wyrok|https://www.saos.org.pl/judgments/24350
26491|2013-09-26|SO|VII Pa 280/13|Wyrok|https://www.saos.org.pl/judgments/26491
23623|2013-09-26|SO|III AUa 504/13|Wyrok|https://www.saos.org.pl/judgments/23623
71357|2013-09-25|SO|VII P 360/13|Uzasadnienie|https://www.saos.org.pl/judgments/71357
25711|2013-09-25|SO|IV Pa 24/13|Wyrok|https://www.saos.org.pl/judgments/25711
102981|2013-09-24|SN|III PK 88/12|Wyrok|https://www.saos.org.pl/judgments/102981
25103|2013-09-24|SO|IV P 112/12|Wyrok|https://www.saos.org.pl/judgments/25103
30519|2013-09-23|SO|III Pa 8/13|Wyrok|https://www.saos.org.pl/judgments/30519
27351|2013-09-23|SO|IV U 884/13|Wyrok|https://www.saos.org.pl/judgments/27351
102897|2013-09-20|SN|II PK 8/13|Wyrok|https://www.saos.org.pl/judgments/102897
102896|2013-09-20|SN|II PK 6/13|Wyrok|https://www.saos.org.pl/judgments/102896
29289|2013-09-19|SO|III APa 29/13|Wyrok|https://www.saos.org.pl/judgments/29289
23620|2013-09-19|SO|III AUa 414/13|Wyrok|https://www.saos.org.pl/judgments/23620
23617|2013-09-19|SO|III AUa 320/13|Wyrok|https://www.saos.org.pl/judgments/23617
21691|2013-09-19|SO|III AUa 370/13|Wyrok|https://www.saos.org.pl/judgments/21691
26385|2013-09-17|SO|V Pa 325/11|Wyrok|https://www.saos.org.pl/judgments/26385
23881|2013-09-17|SO|III AUa 82/13|Wyrok|https://www.saos.org.pl/judgments/23881
26831|2013-09-12|SO|III AUa 49/13|Wyrok|https://www.saos.org.pl/judgments/26831
21563|2013-09-12|SO|III AUa 332/13|Wyrok|https://www.saos.org.pl/judgments/21563
21362|2013-09-12|SO|V Pa 32/13|Wyrok|https://www.saos.org.pl/judgments/21362
102810|2013-09-10|SN|I PK 61/13|Wyrok|https://www.saos.org.pl/judgments/102810
29290|2013-09-10|SO|III APa 30/13|Wyrok|https://www.saos.org.pl/judgments/29290
25177|2013-09-10|SO|V Pa 16/13|Wyrok|https://www.saos.org.pl/judgments/25177
22904|2013-09-10|SO|III AUa 326/13|Wyrok|https://www.saos.org.pl/judgments/22904
21453|2013-09-10|SO|III AUa 325/13|Wyrok|https://www.saos.org.pl/judgments/21453
22373|2013-09-06|SO|X P 939/12|Wyrok|https://www.saos.org.pl/judgments/22373
26488|2013-09-05|SO|VII Pa 229/13|Wyrok|https://www.saos.org.pl/judgments/26488
102767|2013-09-04|SN|II PK 363/12|Wyrok|https://www.saos.org.pl/judgments/102767
102765|2013-09-04|SN|II PK 355/12|Wyrok|https://www.saos.org.pl/judgments/102765
21452|2013-09-04|SO|III AUa 319/13|Wyrok|https://www.saos.org.pl/judgments/21452
19880|2013-09-04|SO|III APa 10/13|Wyrok|https://www.saos.org.pl/judgments/19880
102764|2013-09-03|SN|I PK 41/13|Wyrok|https://www.saos.org.pl/judgments/102764
102763|2013-09-03|SN|I PK 33/13|Wyrok|https://www.saos.org.pl/judgments/102763
20538|2013-09-03|SO|III AUa 280/13|Wyrok|https://www.saos.org.pl/judgments/20538
102720|2013-08-28|SN|I PK 59/13|Wyrok|https://www.saos.org.pl/judgments/102720
102719|2013-08-28|SN|I PK 48/13|Wyrok|https://www.saos.org.pl/judgments/102719
20217|2013-08-28|SO|II Ka 162/13|Wyrok|https://www.saos.org.pl/judgments/20217
20009|2013-08-27|SO|IV Ka 583/13|Wyrok|https://www.saos.org.pl/judgments/20009
19662|2013-08-27|SO|III AUa 207/13|Wyrok|https://www.saos.org.pl/judgments/19662
22361|2013-08-26|SO|X P 343/13|Wyrok|https://www.saos.org.pl/judgments/22361
35581|2013-08-21|SO|V U 357/13|Uzasadnienie|https://www.saos.org.pl/judgments/35581
31430|2013-08-21|SO|V U 284/13|Uzasadnienie|https://www.saos.org.pl/judgments/31430
22088|2013-08-21|SO|V U 359/13|Uzasadnienie|https://www.saos.org.pl/judgments/22088
22087|2013-08-21|SO|V U 291/13|Uzasadnienie|https://www.saos.org.pl/judgments/22087
22086|2013-08-21|SO|V U 287/13|Uzasadnienie|https://www.saos.org.pl/judgments/22086
22085|2013-08-21|SO|V U 268/13|Uzasadnienie|https://www.saos.org.pl/judgments/22085
20338|2013-08-21|SO|V U 293/13|Uzasadnienie|https://www.saos.org.pl/judgments/20338
20045|2013-08-21|SO|V U 289/13|Uzasadnienie|https://www.saos.org.pl/judgments/20045
222903|2013-08-14|SO|VII P 149/13|Wyrok|https://www.saos.org.pl/judgments/222903
20182|2013-08-14|SO|X P 476/12|Wyrok|https://www.saos.org.pl/judgments/20182
41641|2013-08-13|SO|IV P 331/13|Wyrok|https://www.saos.org.pl/judgments/41641
20126|2013-08-06|SO|III AUa 1757/12|Wyrok|https://www.saos.org.pl/judgments/20126
19600|2013-08-06|SO|X P 279/13|Wyrok|https://www.saos.org.pl/judgments/19600
48440|2013-08-05|SO|X P 399/12|Uzasadnienie|https://www.saos.org.pl/judgments/48440
29305|2013-07-31|SO|III AUa 2181/12|Wyrok|https://www.saos.org.pl/judgments/29305
38259|2013-07-29|SO|III AUa 992/12|Wyrok|https://www.saos.org.pl/judgments/38259
102507|2013-07-24|SN|I PK 16/13|Wyrok|https://www.saos.org.pl/judgments/102507
17698|2013-07-23|SO|III APa 18/13|Wyrok|https://www.saos.org.pl/judgments/17698
19616|2013-07-19|SO|X P 969/11|Wyrok|https://www.saos.org.pl/judgments/19616
18317|2013-07-18|SO|VII Pa 200/13|Wyrok|https://www.saos.org.pl/judgments/18317
102464|2013-07-16|SN|II PK 78/13|Postanowienie|https://www.saos.org.pl/judgments/102464
189092|2013-07-15|SO|X P 1052/12|Wyrok|https://www.saos.org.pl/judgments/189092
16453|2013-07-11|SO|IV Pa 52/13|Wyrok|https://www.saos.org.pl/judgments/16453
35065|2013-07-10|SO|IV Pa 41/13|Wyrok|https://www.saos.org.pl/judgments/35065
44304|2013-07-08|SO|VI P 635/11|Wyrok|https://www.saos.org.pl/judgments/44304
26917|2013-07-03|SO|III APa 6/13|Wyrok|https://www.saos.org.pl/judgments/26917
20020|2013-06-28|SO|IV Pa 45/13|Wyrok|https://www.saos.org.pl/judgments/20020
19348|2013-06-28|SO|III APa 4/13|Wyrok|https://www.saos.org.pl/judgments/19348
16290|2013-06-28|SO|IV Pa 44/13|Wyrok|https://www.saos.org.pl/judgments/16290
16102|2013-06-28|SO|III AUa 836/13|Wyrok|https://www.saos.org.pl/judgments/16102
15812|2013-06-28|SO|III AUa 841/13|Wyrok|https://www.saos.org.pl/judgments/15812
15811|2013-06-28|SO|III AUa 835/13|Wyrok|https://www.saos.org.pl/judgments/15811
15704|2013-06-28|SO|V Pa 27/13|Wyrok|https://www.saos.org.pl/judgments/15704
14834|2013-06-28|SO|IV Pa 49/13|Wyrok|https://www.saos.org.pl/judgments/14834
165527|2013-06-27|SN|I PK 28/13|Wyrok|https://www.saos.org.pl/judgments/165527
22159|2013-06-27|SO|IV Pa 42/13|Wyrok|https://www.saos.org.pl/judgments/22159
18321|2013-06-27|SO|III Pa 18/13|Wyrok|https://www.saos.org.pl/judgments/18321
18320|2013-06-27|SO|III Pa 11/13|Wyrok|https://www.saos.org.pl/judgments/18320
17945|2013-06-27|SO|V Pa 84/13|Wyrok|https://www.saos.org.pl/judgments/17945
16590|2013-06-27|SO|III AUa 2027/12|Wyrok|https://www.saos.org.pl/judgments/16590
26574|2013-06-25|SO|III AUa 13/13|Wyrok|https://www.saos.org.pl/judgments/26574
14827|2013-06-25|SO|III AUa 1743/12|Wyrok|https://www.saos.org.pl/judgments/14827
102252|2013-06-24|SN|II PK 324/12|Wyrok|https://www.saos.org.pl/judgments/102252
102250|2013-06-24|SN|II PK 314/12|Wyrok|https://www.saos.org.pl/judgments/102250
102248|2013-06-24|SN|II PK 306/12|Wyrok|https://www.saos.org.pl/judgments/102248
20610|2013-06-21|SO|III AUa 1060/13|Wyrok|https://www.saos.org.pl/judgments/20610
20231|2013-06-21|SO|III AUa 964/13|Wyrok|https://www.saos.org.pl/judgments/20231
20221|2013-06-21|SO|III AUa 1054/13|Wyrok|https://www.saos.org.pl/judgments/20221
37246|2013-06-20|SO|III APa 6/13|Wyrok|https://www.saos.org.pl/judgments/37246
20904|2013-06-20|SO|V Pa 21/12|Wyrok|https://www.saos.org.pl/judgments/20904
20532|2013-06-20|SO|III AUa 117/13|Wyrok|https://www.saos.org.pl/judgments/20532
16181|2013-06-20|SO|VII Pa 151/13|Wyrok|https://www.saos.org.pl/judgments/16181
16050|2013-06-19|SO|I ACa 141/13|Wyrok|https://www.saos.org.pl/judgments/16050
16094|2013-06-14|SO|III AUa 1939/12|Wyrok|https://www.saos.org.pl/judgments/16094
16004|2013-06-14|SO|V Pa 193/12|Wyrok|https://www.saos.org.pl/judgments/16004
165526|2013-06-13|SN|I PK 29/13|Wyrok|https://www.saos.org.pl/judgments/165526
102032|2013-06-13|SN|I PK 20/13|Wyrok|https://www.saos.org.pl/judgments/102032
15477|2013-06-13|SO|V Pa 73/13|Wyrok|https://www.saos.org.pl/judgments/15477
34892|2013-06-12|SO|IV Pa 37/13|Wyrok|https://www.saos.org.pl/judgments/34892
15444|2013-06-11|SO|III AUa 324/13|Wyrok|https://www.saos.org.pl/judgments/15444
102065|2013-06-10|SN|II PK 304/12|Wyrok|https://www.saos.org.pl/judgments/102065
19591|2013-06-10|SO|X P 1058/11|Wyrok|https://www.saos.org.pl/judgments/19591
33692|2013-06-06|SO|III APa 5/13|Wyrok|https://www.saos.org.pl/judgments/33692
18315|2013-06-06|SO|VII Pa 140/13|Wyrok|https://www.saos.org.pl/judgments/18315
14471|2013-06-06|SO|III AUa 255/13|Wyrok|https://www.saos.org.pl/judgments/14471
14470|2013-06-06|SO|III AUa 234/13|Wyrok|https://www.saos.org.pl/judgments/14470
13706|2013-06-06|SO|III AUa 144/13|Wyrok|https://www.saos.org.pl/judgments/13706
101981|2013-06-04|SN|II PK 296/12|Wyrok|https://www.saos.org.pl/judgments/101981
33471|2013-06-04|SO|III AUa 43/13|Wyrok|https://www.saos.org.pl/judgments/33471
13485|2013-06-04|SO|III AUa 1063/12|Wyrok|https://www.saos.org.pl/judgments/13485
14452|2013-05-29|SO|III AUa 125/13|Wyrok|https://www.saos.org.pl/judgments/14452
29574|2013-05-28|SO|III AUa 13/13|Wyrok|https://www.saos.org.pl/judgments/29574
23833|2013-05-28|SO|III APa 12/12|Wyrok|https://www.saos.org.pl/judgments/23833
17949|2013-05-28|SO|V U 219/13|Wyrok|https://www.saos.org.pl/judgments/17949
17162|2013-05-28|SO|V Pa 60/13|Wyrok|https://www.saos.org.pl/judgments/17162
15272|2013-05-28|SO|V Pa 63/13|Wyrok|https://www.saos.org.pl/judgments/15272
14454|2013-05-28|SO|III AUa 1259/12|Wyrok|https://www.saos.org.pl/judgments/14454
13695|2013-05-28|SO|III AUa 1238/12|Wyrok|https://www.saos.org.pl/judgments/13695
13564|2013-05-28|SO|VIII Ka 233/13|Wyrok|https://www.saos.org.pl/judgments/13564
20519|2013-05-27|SO|X P 339/13|Wyrok|https://www.saos.org.pl/judgments/20519
57113|2013-05-24|SO|VI P 423/12|Wyrok|https://www.saos.org.pl/judgments/57113
33463|2013-05-24|SO|III AUa 12/13|Wyrok|https://www.saos.org.pl/judgments/33463
15508|2013-05-24|SO|VI Pa 41/13|Wyrok|https://www.saos.org.pl/judgments/15508
13700|2013-05-23|SO|III AUa 1316/12|Wyrok|https://www.saos.org.pl/judgments/13700
111640|2013-05-22|TK|P 46/11|Wyrok|https://www.saos.org.pl/judgments/111640
14107|2013-05-22|SO|X P 482/12|Wyrok|https://www.saos.org.pl/judgments/14107
101799|2013-05-20|SN|I UK 608/12|Wyrok|https://www.saos.org.pl/judgments/101799
101798|2013-05-20|SN|I PK 292/12|Wyrok|https://www.saos.org.pl/judgments/101798
15335|2013-05-20|SO|III APa 10/13|Wyrok|https://www.saos.org.pl/judgments/15335
33616|2013-05-16|SO|IV P 267/12|Wyrok|https://www.saos.org.pl/judgments/33616
20017|2013-05-16|SO|IV Pa 13/13|Wyrok|https://www.saos.org.pl/judgments/20017
12064|2013-05-15|SO|III AUa 285/13|Wyrok|https://www.saos.org.pl/judgments/12064
12468|2013-05-13|SO|VII Pa 59/13|Wyrok|https://www.saos.org.pl/judgments/12468
12161|2013-05-13|SO|VIII Ka 235/13|Wyrok|https://www.saos.org.pl/judgments/12161
11789|2013-05-10|SO|VI Pa 34/13|Wyrok|https://www.saos.org.pl/judgments/11789
250320|2013-05-09|SO|VII P 2037/11|Wyrok|https://www.saos.org.pl/judgments/250320
101674|2013-05-09|SN|II PK 247/12|Wyrok|https://www.saos.org.pl/judgments/101674
11898|2013-05-09|SO|V Pa 59/13|Wyrok|https://www.saos.org.pl/judgments/11898
34891|2013-05-08|SO|IV Pa 34/13|Wyrok|https://www.saos.org.pl/judgments/34891
165518|2013-05-07|SN|I PK 296/12|Wyrok|https://www.saos.org.pl/judgments/165518
17535|2013-05-06|SO|VII Pa 53/13|Wyrok|https://www.saos.org.pl/judgments/17535
12590|2013-04-29|SO|X P 437/12|Wyrok|https://www.saos.org.pl/judgments/12590
11788|2013-04-29|SO|VI Pa 11/13|Wyrok|https://www.saos.org.pl/judgments/11788
14108|2013-04-26|SO|X P 868/12|Wyrok|https://www.saos.org.pl/judgments/14108
14099|2013-04-26|SO|X P 1007/12|Wyrok|https://www.saos.org.pl/judgments/14099
12577|2013-04-26|SO|X P 1056/12|Wyrok|https://www.saos.org.pl/judgments/12577
11416|2013-04-26|SO|VI Pa 22/13|Wyrok|https://www.saos.org.pl/judgments/11416
101538|2013-04-25|SN|I PK 275/12|Wyrok|https://www.saos.org.pl/judgments/101538
44799|2013-04-25|SO|V Pa 21/13|Wyrok|https://www.saos.org.pl/judgments/44799
12904|2013-04-18|SO|IV Pa 7/13|Wyrok|https://www.saos.org.pl/judgments/12904
12115|2013-04-17|SO|IV P 486/12|Wyrok|https://www.saos.org.pl/judgments/12115
26933|2013-04-16|SO|III AUa 906/12|Wyrok|https://www.saos.org.pl/judgments/26933
10185|2013-04-16|SO|V Pa 6/13|Wyrok|https://www.saos.org.pl/judgments/10185
17533|2013-04-15|SO|VII Pa 39/13|Wyrok|https://www.saos.org.pl/judgments/17533
10006|2013-04-05|SO|VI Pa 18/13|Wyrok|https://www.saos.org.pl/judgments/10006
101286|2013-04-04|SN|II PK 237/12|Wyrok|https://www.saos.org.pl/judgments/101286
9953|2013-04-03|SO|III APa 2/13|Wyrok|https://www.saos.org.pl/judgments/9953
10741|2013-03-29|SO|III APa 52/12|Wyrok|https://www.saos.org.pl/judgments/10741
13419|2013-03-28|SO|VII Pa 62/13|Wyrok|https://www.saos.org.pl/judgments/13419
9259|2013-03-28|SO|V Pa 29/13|Wyrok|https://www.saos.org.pl/judgments/9259
26461|2013-03-27|SO|IV P 368/12|Wyrok|https://www.saos.org.pl/judgments/26461
10621|2013-03-25|SO|VII Pa 26/13|Wyrok|https://www.saos.org.pl/judgments/10621
8380|2013-03-25|SO|V U 1100/12|Wyrok|https://www.saos.org.pl/judgments/8380
12058|2013-03-22|SO|III AUa 1142/12|Wyrok|https://www.saos.org.pl/judgments/12058
7980|2013-03-22|SO|V Pa 13/13|Wyrok|https://www.saos.org.pl/judgments/7980
394912|2013-03-21|SO|VI Pa 124/10|Wyrok|https://www.saos.org.pl/judgments/394912
9614|2013-03-21|SO|V Pa 23/13|Wyrok|https://www.saos.org.pl/judgments/9614
9483|2013-03-21|SO|III AUa 1888/12|Wyrok|https://www.saos.org.pl/judgments/9483
9482|2013-03-21|SO|III AUa 1887/12|Wyrok|https://www.saos.org.pl/judgments/9482
30804|2013-03-20|SO|VII P 14/12|Wyrok|https://www.saos.org.pl/judgments/30804
26472|2013-03-19|SO|IV P 820/12|Wyrok|https://www.saos.org.pl/judgments/26472
11461|2013-03-19|SO|IV P 66/12|Wyrok|https://www.saos.org.pl/judgments/11461
12268|2013-03-15|SO|IV P 271/12|Wyrok|https://www.saos.org.pl/judgments/12268
101034|2013-03-14|SN|I PK 243/12|Wyrok|https://www.saos.org.pl/judgments/101034
10640|2013-03-14|SO|V Pa 33/13|Wyrok|https://www.saos.org.pl/judgments/10640
9157|2013-03-14|SO|V Pa 31/13|Wyrok|https://www.saos.org.pl/judgments/9157
8842|2013-03-14|SO|V U 1969/12|Wyrok|https://www.saos.org.pl/judgments/8842
23027|2013-03-13|SO|IV U 495/12|Wyrok|https://www.saos.org.pl/judgments/23027
12596|2013-03-13|SO|X P 696/12|Wyrok|https://www.saos.org.pl/judgments/12596
55854|2013-03-12|SO|VII P 735/12|Wyrok|https://www.saos.org.pl/judgments/55854
100970|2013-03-08|SN|II PK 194/12|Wyrok|https://www.saos.org.pl/judgments/100970
9387|2013-03-05|SO|III AUa 858/12|Wyrok|https://www.saos.org.pl/judgments/9387
135158|2013-03-04|SO|IV P 136/12|Uzasadnienie|https://www.saos.org.pl/judgments/135158
8416|2013-02-28|SO|V Pa 6/13|Wyrok|https://www.saos.org.pl/judgments/8416
6401|2013-02-27|SO|III AUa 902/12|Wyrok|https://www.saos.org.pl/judgments/6401
7932|2013-02-26|SO|III APa 42/12|Wyrok|https://www.saos.org.pl/judgments/7932
8302|2013-02-25|SO|VII Pa 12/13|Wyrok|https://www.saos.org.pl/judgments/8302
13416|2013-02-21|SO|VII Pa 32/13|Wyrok|https://www.saos.org.pl/judgments/13416
100746|2013-02-14|SN|III UK 53/12|Wyrok|https://www.saos.org.pl/judgments/100746
100743|2013-02-14|SN|III PK 31/12|Wyrok|https://www.saos.org.pl/judgments/100743
10311|2013-02-14|SO|IV P 1161/12|Wyrok|https://www.saos.org.pl/judgments/10311
7431|2013-02-14|SO|V Pa 8/13|Wyrok|https://www.saos.org.pl/judgments/7431
7204|2013-02-14|SO|V Pa 11/13|Wyrok|https://www.saos.org.pl/judgments/7204
7024|2013-02-14|SO|V Pa 23/13|Wyrok|https://www.saos.org.pl/judgments/7024
6455|2013-02-14|SO|V Pa 16/13|Wyrok|https://www.saos.org.pl/judgments/6455
5929|2013-02-14|SO|III APa 12/12|Wyrok|https://www.saos.org.pl/judgments/5929
366752|2013-02-13|SO|III AUa 1563/12|Wyrok|https://www.saos.org.pl/judgments/366752
6572|2013-02-13|SO|III AUa 1860/12|Wyrok|https://www.saos.org.pl/judgments/6572
13192|2013-02-12|SO|III AUa 684/12|Wyrok|https://www.saos.org.pl/judgments/13192
12053|2013-02-11|SO|VII Pa 8/13|Wyrok|https://www.saos.org.pl/judgments/12053
5693|2013-02-11|SO|VII Pa 183/12|Wyrok|https://www.saos.org.pl/judgments/5693
25669|2013-02-08|SO|VI ACa 841/11|Wyrok|https://www.saos.org.pl/judgments/25669
14779|2013-02-07|SO|IV P 378/12|Wyrok|https://www.saos.org.pl/judgments/14779
33005|2013-02-04|SO|X P 397/12|Wyrok|https://www.saos.org.pl/judgments/33005
7423|2013-01-31|SO|V Pa 10/13|Wyrok|https://www.saos.org.pl/judgments/7423
4890|2013-01-30|SO|III APa 35/12|Wyrok|https://www.saos.org.pl/judgments/4890
5983|2013-01-28|SO|VII Pa 5/13|Wyrok|https://www.saos.org.pl/judgments/5983
5610|2013-01-25|SO|VI Ka 704/12|Wyrok|https://www.saos.org.pl/judgments/5610
4905|2013-01-23|SO|III AUa 984/12|Wyrok|https://www.saos.org.pl/judgments/4905
13179|2013-01-22|SO|III APa 10/12|Wyrok|https://www.saos.org.pl/judgments/13179
6342|2013-01-22|SO|VII P 11/12|Wyrok|https://www.saos.org.pl/judgments/6342
4873|2013-01-22|SO|VII P 14/12|Wyrok|https://www.saos.org.pl/judgments/4873
100450|2013-01-21|SN|II PK 155/12|Wyrok|https://www.saos.org.pl/judgments/100450
8026|2013-01-21|SO|IV P 123/12|Wyrok|https://www.saos.org.pl/judgments/8026
5361|2013-01-18|SO|IV Pa 55/12|Wyrok|https://www.saos.org.pl/judgments/5361
5303|2013-01-18|SO|X P 389/12|Wyrok|https://www.saos.org.pl/judgments/5303
4706|2013-01-17|SO|V Pa 209/12|Wyrok|https://www.saos.org.pl/judgments/4706
6044|2013-01-15|SO|III AUa 661/12|Wyrok|https://www.saos.org.pl/judgments/6044
165511|2013-01-14|SN|I PK 171/12|Wyrok|https://www.saos.org.pl/judgments/165511
4232|2013-01-11|SO|VII Pa 132/12|Wyrok|https://www.saos.org.pl/judgments/4232
14787|2013-01-10|SO|IV P 693/12|Wyrok|https://www.saos.org.pl/judgments/14787
6277|2013-01-09|SO|III AUa 352/12|Wyrok|https://www.saos.org.pl/judgments/6277
14788|2013-01-03|SO|IV P 731/12|Wyrok|https://www.saos.org.pl/judgments/14788
3871|2012-12-21|SO|III APa 53/12|Wyrok|https://www.saos.org.pl/judgments/3871
5441|2012-12-20|SO|V Pa 203/12|Wyrok|https://www.saos.org.pl/judgments/5441
4511|2012-12-18|SO|III AUa 493/12|Wyrok|https://www.saos.org.pl/judgments/4511
4848|2012-12-17|SO|III APa 22/12|Wyrok|https://www.saos.org.pl/judgments/4848
100083|2012-12-13|SN|II PK 61/12|Wyrok|https://www.saos.org.pl/judgments/100083
11772|2012-12-11|SO|III APa 4/12|Wyrok|https://www.saos.org.pl/judgments/11772
4620|2012-12-11|SO|III APa 69/11|Wyrok|https://www.saos.org.pl/judgments/4620
100049|2012-12-10|SN|I PK 146/12|Wyrok|https://www.saos.org.pl/judgments/100049
99928|2012-12-07|SN|II PZP 3/12|Uchwała|https://www.saos.org.pl/judgments/99928
99926|2012-12-07|SN|II PK 123/12|Wyrok|https://www.saos.org.pl/judgments/99926
99925|2012-12-07|SN|II PK 121/12|Wyrok|https://www.saos.org.pl/judgments/99925
99908|2012-12-06|SN|I UK 324/12|Wyrok|https://www.saos.org.pl/judgments/99908
99906|2012-12-06|SN|I PK 128/12|Wyrok|https://www.saos.org.pl/judgments/99906
7649|2012-12-06|SO|III APa 28/12|Wyrok|https://www.saos.org.pl/judgments/7649
6103|2012-12-04|SO|III AUa 935/12|Wyrok|https://www.saos.org.pl/judgments/6103
4323|2012-12-04|SO|III AUa 563/12|Wyrok|https://www.saos.org.pl/judgments/4323
10220|2012-12-03|SO|VII Pa 166/12|Wyrok|https://www.saos.org.pl/judgments/10220
99807|2012-11-30|SN|I PK 132/12|Wyrok|https://www.saos.org.pl/judgments/99807
4152|2012-11-29|SO|III APa 10/12|Wyrok|https://www.saos.org.pl/judgments/4152
35850|2012-11-21|SO|VI P 502/09|Wyrok|https://www.saos.org.pl/judgments/35850
9661|2012-11-21|SO|III APa 12/12|Wyrok|https://www.saos.org.pl/judgments/9661
5006|2012-11-21|SO|III APa 27/12|Wyrok|https://www.saos.org.pl/judgments/5006
99637|2012-11-13|SN|III PK 4/12|Wyrok|https://www.saos.org.pl/judgments/99637
3142|2012-11-13|SO|III APa 28/12|Wyrok|https://www.saos.org.pl/judgments/3142
508866|2012-11-08|SO|IV Pa 59/12|Wyrok|https://www.saos.org.pl/judgments/508866
5476|2012-11-08|SO|III AUa 760/12|Wyrok|https://www.saos.org.pl/judgments/5476
3322|2012-10-30|SO|III APa 21/12|Wyrok|https://www.saos.org.pl/judgments/3322
2857|2012-10-11|SO|III APa 18/12|Wyrok|https://www.saos.org.pl/judgments/2857
99194|2012-10-05|SN|I PK 79/12|Wyrok|https://www.saos.org.pl/judgments/99194
99228|2012-10-03|SN|III PK 100/11|Wyrok|https://www.saos.org.pl/judgments/99228
99219|2012-10-03|SN|II PK 63/12|Wyrok|https://www.saos.org.pl/judgments/99219
99216|2012-10-02|SN|II PK 56/12|Wyrok|https://www.saos.org.pl/judgments/99216
99215|2012-10-02|SN|II PK 311/11|Wyrok|https://www.saos.org.pl/judgments/99215
508858|2012-09-27|SO|IV Pa 50/12|Wyrok|https://www.saos.org.pl/judgments/508858
98974|2012-09-12|SN|II PK 45/12|Wyrok|https://www.saos.org.pl/judgments/98974
151|2012-09-12|SO|III APa 18/12|Wyrok|https://www.saos.org.pl/judgments/151
2329|2012-09-11|SO|III AUa 1628/10|Wyrok|https://www.saos.org.pl/judgments/2329
1300|2012-09-11|SO|III AUa 440/12|Wyrok|https://www.saos.org.pl/judgments/1300
10676|2012-09-05|SO|III APa 9/12|Wyrok|https://www.saos.org.pl/judgments/10676
3321|2012-09-05|SO|III APa 1/12|Wyrok|https://www.saos.org.pl/judgments/3321
1268|2012-09-05|SO|III APa 10/12|Wyrok|https://www.saos.org.pl/judgments/1268
553|2012-08-29|SO|III APa 9/12|Wyrok|https://www.saos.org.pl/judgments/553
98753|2012-08-02|SN|II PK 6/12|Wyrok|https://www.saos.org.pl/judgments/98753
98751|2012-08-02|SN|II PK 27/12|Wyrok|https://www.saos.org.pl/judgments/98751
98717|2012-07-27|SN|I PK 63/12|Wyrok|https://www.saos.org.pl/judgments/98717
98736|2012-07-25|SN|II PK 320/11|Wyrok|https://www.saos.org.pl/judgments/98736
98624|2012-07-12|SN|II PK 304/11|Wyrok|https://www.saos.org.pl/judgments/98624
98547|2012-07-05|SN|I PK 41/12|Wyrok|https://www.saos.org.pl/judgments/98547
98554|2012-07-03|SN|II PK 282/11|Wyrok|https://www.saos.org.pl/judgments/98554
98492|2012-06-28|SN|II PK 285/11|Wyrok|https://www.saos.org.pl/judgments/98492
1484|2012-06-28|SO|III AUa 415/12|Wyrok|https://www.saos.org.pl/judgments/1484
98489|2012-06-26|SN|II PK 275/11|Wyrok|https://www.saos.org.pl/judgments/98489
98408|2012-06-20|SN|I PK 13/12|Wyrok|https://www.saos.org.pl/judgments/98408
98426|2012-06-19|SN|II PK 268/11|Wyrok|https://www.saos.org.pl/judgments/98426
98336|2012-06-14|SN|I PK 222/11|Wyrok|https://www.saos.org.pl/judgments/98336
98373|2012-06-13|SN|II PK 298/11|Wyrok|https://www.saos.org.pl/judgments/98373
98372|2012-06-13|SN|II PK 292/11|Wyrok|https://www.saos.org.pl/judgments/98372
98371|2012-06-13|SN|II PK 288/11|Wyrok|https://www.saos.org.pl/judgments/98371
98272|2012-06-05|SN|II PK 263/11|Wyrok|https://www.saos.org.pl/judgments/98272
98255|2012-06-01|SN|II PK 250/11|Wyrok|https://www.saos.org.pl/judgments/98255
533699|2012-05-30|SO|III AUa 208/12|Wyrok|https://www.saos.org.pl/judgments/533699
98168|2012-05-23|SN|I PK 206/11|Wyrok|https://www.saos.org.pl/judgments/98168
98167|2012-05-23|SN|I PK 200/11|Wyrok|https://www.saos.org.pl/judgments/98167
98194|2012-05-22|SN|II PK 86/12|Wyrok|https://www.saos.org.pl/judgments/98194
98191|2012-05-22|SN|II PK 248/11|Wyrok|https://www.saos.org.pl/judgments/98191
98190|2012-05-22|SN|II PK 245/11|Wyrok|https://www.saos.org.pl/judgments/98190
98189|2012-05-22|SN|II PK 201/11|Wyrok|https://www.saos.org.pl/judgments/98189
98086|2012-05-17|SN|I PK 176/11|Wyrok|https://www.saos.org.pl/judgments/98086
98084|2012-05-17|SN|I PK 170/11|Wyrok|https://www.saos.org.pl/judgments/98084
98104|2012-05-14|SN|II PK 238/11|Wyrok|https://www.saos.org.pl/judgments/98104
97994|2012-05-10|SN|II PK 24/12|Postanowienie|https://www.saos.org.pl/judgments/97994
97844|2012-04-19|SN|II PK 204/11|Wyrok|https://www.saos.org.pl/judgments/97844
97801|2012-04-12|SN|II PK 212/11|Wyrok|https://www.saos.org.pl/judgments/97801
97814|2012-04-11|SN|III PK 66/11|Wyrok|https://www.saos.org.pl/judgments/97814
97752|2012-04-04|SN|III PK 85/11|Wyrok|https://www.saos.org.pl/judgments/97752
97722|2012-04-04|SN|I PK 123/11|Wyrok|https://www.saos.org.pl/judgments/97722
97675|2012-03-27|SN|III PK 77/11|Postanowienie|https://www.saos.org.pl/judgments/97675
97581|2012-03-23|SN|II PK 284/11|Postanowienie|https://www.saos.org.pl/judgments/97581
97567|2012-03-22|SN|I PK 201/11|Postanowienie|https://www.saos.org.pl/judgments/97567
97585|2012-03-19|SN|II PK 295/11|Postanowienie|https://www.saos.org.pl/judgments/97585
97509|2012-03-14|SN|I PK 116/11|Wyrok|https://www.saos.org.pl/judgments/97509
97470|2012-03-08|SN|III PK 59/11|Wyrok|https://www.saos.org.pl/judgments/97470
97469|2012-03-08|SN|III PK 52/11|Wyrok|https://www.saos.org.pl/judgments/97469
97452|2012-03-07|SN|II PK 240/11|Wyrok|https://www.saos.org.pl/judgments/97452
97425|2012-03-06|SN|I PK 115/11|Wyrok|https://www.saos.org.pl/judgments/97425
97269|2012-02-24|SN|II PK 143/11|Wyrok|https://www.saos.org.pl/judgments/97269
97218|2012-02-17|SN|III PK 70/11|Postanowienie|https://www.saos.org.pl/judgments/97218
97221|2012-02-14|SN|III PZP 5/11|Uchwała|https://www.saos.org.pl/judgments/97221
97197|2012-02-14|SN|II PK 136/11|Wyrok|https://www.saos.org.pl/judgments/97197
97116|2012-02-10|SN|II PK 144/11|Wyrok|https://www.saos.org.pl/judgments/97116
97087|2012-02-09|SN|I PK 95/11|Wyrok|https://www.saos.org.pl/judgments/97087
97023|2012-02-03|SN|I PK 91/11|Wyrok|https://www.saos.org.pl/judgments/97023
97050|2012-02-02|SN|II PK 132/11|Wyrok|https://www.saos.org.pl/judgments/97050
96888|2012-01-26|SN|I PK 118/11|Postanowienie|https://www.saos.org.pl/judgments/96888
96908|2012-01-25|SN|II PK 105/11|Wyrok|https://www.saos.org.pl/judgments/96908
96804|2012-01-19|SN|I PK 82/11|Wyrok|https://www.saos.org.pl/judgments/96804
96838|2012-01-18|SN|II PK 129/11|Wyrok|https://www.saos.org.pl/judgments/96838
96685|2012-01-12|SN|I PK 88/11|Wyrok|https://www.saos.org.pl/judgments/96685
96684|2012-01-12|SN|I PK 74/11|Wyrok|https://www.saos.org.pl/judgments/96684
96489|2011-12-09|SN|II PK 66/11|Wyrok|https://www.saos.org.pl/judgments/96489
96486|2011-12-09|SN|II PK 127/11|Wyrok|https://www.saos.org.pl/judgments/96486
96491|2011-12-07|SN|II PK 76/11|Wyrok|https://www.saos.org.pl/judgments/96491
165495|2011-12-02|SN|III PK 28/11|Wyrok|https://www.saos.org.pl/judgments/165495
96425|2011-12-02|SN|II PK 70/11|Wyrok|https://www.saos.org.pl/judgments/96425
27186|2011-11-08|SO|III AUa 968/11|Wyrok|https://www.saos.org.pl/judgments/27186
96021|2011-10-18|SN|I PK 263/10|Wyrok|https://www.saos.org.pl/judgments/96021
95917|2011-10-06|SN|III PK 17/11|Wyrok|https://www.saos.org.pl/judgments/95917
95869|2011-10-04|SN|I PK 48/11|Wyrok|https://www.saos.org.pl/judgments/95869
95736|2011-09-15|SN|II PK 69/11|Wyrok|https://www.saos.org.pl/judgments/95736
95551|2011-08-03|SN|I UK 16/11|Wyrok|https://www.saos.org.pl/judgments/95551
95545|2011-08-03|SN|I PK 30/11|Wyrok|https://www.saos.org.pl/judgments/95545
95535|2011-07-27|SN|II PK 98/11|Postanowienie|https://www.saos.org.pl/judgments/95535
95530|2011-07-27|SN|II PK 21/11|Wyrok|https://www.saos.org.pl/judgments/95530
95417|2011-07-15|SN|I PK 12/11|Wyrok|https://www.saos.org.pl/judgments/95417
110280|2011-07-12|TK|K 26/09|Wyrok|https://www.saos.org.pl/judgments/110280
95436|2011-07-12|SN|II PK 19/11|Wyrok|https://www.saos.org.pl/judgments/95436
95435|2011-07-12|SN|II PK 18/11|Wyrok|https://www.saos.org.pl/judgments/95435
95377|2011-07-06|SN|II PK 13/11|Wyrok|https://www.saos.org.pl/judgments/95377
95352|2011-07-05|SN|I PK 24/11|Wyrok|https://www.saos.org.pl/judgments/95352
95350|2011-07-05|SN|I PK 21/11|Wyrok|https://www.saos.org.pl/judgments/95350
95347|2011-07-05|SN|I PK 15/11|Wyrok|https://www.saos.org.pl/judgments/95347
95346|2011-07-05|SN|I PK 15/11|Wyrok|https://www.saos.org.pl/judgments/95346
95260|2011-06-20|SN|I PK 43/11|Postanowienie|https://www.saos.org.pl/judgments/95260
95228|2011-06-16|SN|III UK 214/10|Wyrok|https://www.saos.org.pl/judgments/95228
95155|2011-06-07|SN|II PK 320/10|Wyrok|https://www.saos.org.pl/judgments/95155
95069|2011-05-24|SN|II PK 299/10|Wyrok|https://www.saos.org.pl/judgments/95069
94991|2011-05-19|SN|I PK 278/10|Wyrok|https://www.saos.org.pl/judgments/94991
94988|2011-05-19|SN|I PK 227/10|Wyrok|https://www.saos.org.pl/judgments/94988
94987|2011-05-19|SN|I PK 221/10|Wyrok|https://www.saos.org.pl/judgments/94987
94986|2011-05-19|SN|I PK 182/10|Wyrok|https://www.saos.org.pl/judgments/94986
94985|2011-05-19|SN|I PK 154/10|Wyrok|https://www.saos.org.pl/judgments/94985
94932|2011-05-12|SN|II PK 277/10|Wyrok|https://www.saos.org.pl/judgments/94932
94886|2011-05-06|SN|III PZ 3/11|Postanowienie|https://www.saos.org.pl/judgments/94886
94843|2011-04-26|SN|II PK 302/10|Wyrok|https://www.saos.org.pl/judgments/94843
94840|2011-04-26|SN|II PK 271/10|Wyrok|https://www.saos.org.pl/judgments/94840
94623|2011-04-07|SN|I PK 239/10|Wyrok|https://www.saos.org.pl/judgments/94623
94652|2011-04-06|SN|II PK 254/10|Wyrok|https://www.saos.org.pl/judgments/94652
94650|2011-04-06|SN|II PK 239/10|Wyrok|https://www.saos.org.pl/judgments/94650
94575|2011-04-01|SN|II PK 249/10|Wyrok|https://www.saos.org.pl/judgments/94575
94506|2011-03-24|SN|I PK 229/10|Wyrok|https://www.saos.org.pl/judgments/94506
94505|2011-03-24|SN|I PK 185/10|Wyrok|https://www.saos.org.pl/judgments/94505
94408|2011-03-10|SN|III PK 52/10|Wyrok|https://www.saos.org.pl/judgments/94408
94396|2011-03-10|SN|II PK 241/10|Wyrok|https://www.saos.org.pl/judgments/94396
94362|2011-03-03|SN|III PO 13/10|Postanowienie|https://www.saos.org.pl/judgments/94362
94360|2011-03-03|SN|III PO 11/10|Wyrok|https://www.saos.org.pl/judgments/94360
94339|2011-03-02|SN|II PK 201/10|Wyrok|https://www.saos.org.pl/judgments/94339
279227|2011-02-21|SO|VII P 450/11|Wyrok|https://www.saos.org.pl/judgments/279227
93999|2011-01-26|SN|I PK 144/10|Wyrok|https://www.saos.org.pl/judgments/93999
93939|2011-01-21|SN|II PK 158/10|Wyrok|https://www.saos.org.pl/judgments/93939
93926|2011-01-20|SN|I PK 135/10|Wyrok|https://www.saos.org.pl/judgments/93926
93925|2011-01-20|SN|I PK 112/10|Wyrok|https://www.saos.org.pl/judgments/93925
93880|2011-01-14|SN|II PK 157/10|Wyrok|https://www.saos.org.pl/judgments/93880
93905|2011-01-13|SN|III PK 29/10|Wyrok|https://www.saos.org.pl/judgments/93905
93884|2011-01-12|SN|II PK 89/10|Wyrok|https://www.saos.org.pl/judgments/93884
93883|2011-01-12|SN|II PK 186/10|Wyrok|https://www.saos.org.pl/judgments/93883
93859|2011-01-11|SN|I PK 157/10|Wyrok|https://www.saos.org.pl/judgments/93859
93857|2011-01-11|SN|I PK 152/10|Wyrok|https://www.saos.org.pl/judgments/93857
93805|2011-01-07|SN|I PK 156/10|Wyrok|https://www.saos.org.pl/judgments/93805
93760|2010-12-15|SN|II PK 79/10|Postanowienie|https://www.saos.org.pl/judgments/93760
93758|2010-12-15|SN|II PK 138/10|Wyrok|https://www.saos.org.pl/judgments/93758
93608|2010-12-03|SN|I PK 126/10|Wyrok|https://www.saos.org.pl/judgments/93608
93616|2010-12-02|SN|II PK 134/10|Wyrok|https://www.saos.org.pl/judgments/93616
93615|2010-12-02|SN|II PK 131/10|Wyrok|https://www.saos.org.pl/judgments/93615
93613|2010-12-02|SN|II PK 125/10|Wyrok|https://www.saos.org.pl/judgments/93613
93486|2010-11-24|SN|I PK 78/10|Wyrok|https://www.saos.org.pl/judgments/93486
93483|2010-11-23|SN|I PK 105/10|Wyrok|https://www.saos.org.pl/judgments/93483
93336|2010-11-04|SN|III PK 16/10|Wyrok|https://www.saos.org.pl/judgments/93336
93330|2010-11-04|SN|II PK 111/10|Wyrok|https://www.saos.org.pl/judgments/93330
93328|2010-11-04|SN|II PK 109/10|Wyrok|https://www.saos.org.pl/judgments/93328
93326|2010-11-04|SN|II PK 106/10|Wyrok|https://www.saos.org.pl/judgments/93326
93333|2010-11-03|SN|II PK 93/10|Wyrok|https://www.saos.org.pl/judgments/93333
93167|2010-10-19|SN|II PK 85/10|Wyrok|https://www.saos.org.pl/judgments/93167
46033|2010-10-13|SO|III APa 12/10|Wyrok|https://www.saos.org.pl/judgments/46033
93063|2010-10-08|SN|II PK 70/10|Wyrok|https://www.saos.org.pl/judgments/93063
93061|2010-10-08|SN|II PK 30/10|Wyrok|https://www.saos.org.pl/judgments/93061
93008|2010-09-30|SN|I KZP 15/10|Postanowienie|https://www.saos.org.pl/judgments/93008
92925|2010-09-14|SN|II PK 67/10|Wyrok|https://www.saos.org.pl/judgments/92925
92893|2010-09-09|SN|II PK 54/10|Wyrok|https://www.saos.org.pl/judgments/92893
92826|2010-09-03|SN|I PK 39/10|Wyrok|https://www.saos.org.pl/judgments/92826
92818|2010-08-25|SN|II PK 52/10|Wyrok|https://www.saos.org.pl/judgments/92818
92805|2010-08-24|SN|I PK 43/10|Wyrok|https://www.saos.org.pl/judgments/92805
92780|2010-08-18|SN|II UK 151/09|Wyrok|https://www.saos.org.pl/judgments/92780
92774|2010-08-18|SN|II PK 11/10|Wyrok|https://www.saos.org.pl/judgments/92774
92751|2010-08-10|SN|I PK 41/10|Wyrok|https://www.saos.org.pl/judgments/92751
109693|2010-07-12|TK|P 4/10|Wyrok|https://www.saos.org.pl/judgments/109693
165379|2010-06-23|SN|II PK 1/10|Wyrok|https://www.saos.org.pl/judgments/165379
92513|2010-06-23|SN|II PK 21/10|Wyrok|https://www.saos.org.pl/judgments/92513
92408|2010-06-10|SN|I UK 49/10|Wyrok|https://www.saos.org.pl/judgments/92408
92410|2010-06-08|SN|II PK 43/10|Wyrok|https://www.saos.org.pl/judgments/92410
92404|2010-06-08|SN|I PK 31/10|Wyrok|https://www.saos.org.pl/judgments/92404
92373|2010-06-02|SN|II PK 371/09|Wyrok|https://www.saos.org.pl/judgments/92373
92364|2010-06-02|SN|I PZ 2/10|Postanowienie|https://www.saos.org.pl/judgments/92364
165364|2010-06-01|SN|II BP 7/10|Postanowienie|https://www.saos.org.pl/judgments/165364
165361|2010-06-01|SN|II BP 2/10|Postanowienie|https://www.saos.org.pl/judgments/165361
165338|2010-05-27|SN|II PK 358/09|Wyrok|https://www.saos.org.pl/judgments/165338
92320|2010-05-25|SN|I PK 188/09|Wyrok|https://www.saos.org.pl/judgments/92320
92311|2010-05-20|SN|V KO 47/10|Postanowienie|https://www.saos.org.pl/judgments/92311
92202|2010-05-12|SN|I PK 10/10|Wyrok|https://www.saos.org.pl/judgments/92202
165310|2010-05-06|SN|III PK 72/09|Wyrok|https://www.saos.org.pl/judgments/165310
92144|2010-04-29|SN|III PK 69/09|Wyrok|https://www.saos.org.pl/judgments/92144
165300|2010-04-28|SN|II PK 332/09|Wyrok|https://www.saos.org.pl/judgments/165300
92133|2010-04-28|SN|II PK 316/09|Wyrok|https://www.saos.org.pl/judgments/92133
92124|2010-04-28|SN|I PK 208/09|Wyrok|https://www.saos.org.pl/judgments/92124
165304|2010-04-27|SN|II PK 314/09|Wyrok|https://www.saos.org.pl/judgments/165304
76447|2010-04-22|SN|III PK 70/09|Wyrok|https://www.saos.org.pl/judgments/76447
76443|2010-04-21|SN|II UZP 1/10|Uchwała|https://www.saos.org.pl/judgments/76443
165296|2010-04-19|SN|II PK 310/09|Wyrok|https://www.saos.org.pl/judgments/165296
76441|2010-04-19|SN|II PK 311/09|Wyrok|https://www.saos.org.pl/judgments/76441
165281|2010-04-07|SN|II UK 177/09|Wyrok|https://www.saos.org.pl/judgments/165281
92004|2010-03-09|SN|I PK 175/09|Wyrok|https://www.saos.org.pl/judgments/92004
91975|2010-03-04|SN|I PK 186/09|Wyrok|https://www.saos.org.pl/judgments/91975
91974|2010-03-04|SN|I PK 177/09|Wyrok|https://www.saos.org.pl/judgments/91974
165244|2010-03-02|SN|II PK 239/09|Wyrok|https://www.saos.org.pl/judgments/165244
91873|2010-02-19|SN|II PK 221/09|Wyrok|https://www.saos.org.pl/judgments/91873
91836|2010-02-12|SN|II PK 206/09|Wyrok|https://www.saos.org.pl/judgments/91836
91834|2010-02-12|SN|II PK 204/09|Wyrok|https://www.saos.org.pl/judgments/91834
91802|2010-02-04|SN|V KK 301/09|Wyrok|https://www.saos.org.pl/judgments/91802
91723|2010-01-25|SN|I PK 132/09|Wyrok|https://www.saos.org.pl/judgments/91723
109940|2010-01-19|TK|Ts 133/09|Postanowienie|https://www.saos.org.pl/judgments/109940
91659|2010-01-19|SN|I PK 163/09|Wyrok|https://www.saos.org.pl/judgments/91659
165155|2010-01-14|SN|III PO 7/09|Wyrok|https://www.saos.org.pl/judgments/165155
165156|2010-01-13|SN|II PK 174/09|Wyrok|https://www.saos.org.pl/judgments/165156
91593|2010-01-12|SN|I PK 141/09|Wyrok|https://www.saos.org.pl/judgments/91593
91590|2010-01-12|SN|I PK 131/09|Wyrok|https://www.saos.org.pl/judgments/91590
165142|2010-01-08|SN|III BP 3/09|Postanowienie|https://www.saos.org.pl/judgments/165142
91552|2010-01-07|SN|II PK 159/09|Wyrok|https://www.saos.org.pl/judgments/91552
165138|2009-12-03|SN|II PK 77/09|Wyrok|https://www.saos.org.pl/judgments/165138
91399|2009-12-03|SN|II PK 147/09|Wyrok|https://www.saos.org.pl/judgments/91399
91379|2009-12-02|SN|I UK 174/09|Wyrok|https://www.saos.org.pl/judgments/91379
165130|2009-11-25|SN|II PK 137/09|Wyrok|https://www.saos.org.pl/judgments/165130
91186|2009-11-04|SN|I PK 94/09|Wyrok|https://www.saos.org.pl/judgments/91186
91036|2009-10-16|SN|I PK 89/09|Wyrok|https://www.saos.org.pl/judgments/91036
90910|2009-09-24|SN|II PK 58/09|Wyrok|https://www.saos.org.pl/judgments/90910
90909|2009-09-24|SN|II PK 57/09|Wyrok|https://www.saos.org.pl/judgments/90909
90872|2009-09-17|SN|II UK 4/09|Wyrok|https://www.saos.org.pl/judgments/90872
90855|2009-09-16|SN|I PK 72/09|Wyrok|https://www.saos.org.pl/judgments/90855
90737|2009-08-20|SN|II PK 43/09|Wyrok|https://www.saos.org.pl/judgments/90737
90722|2009-08-18|SN|I PK 52/09|Wyrok|https://www.saos.org.pl/judgments/90722
165103|2009-08-12|SN|II PK 8/09|Wyrok|https://www.saos.org.pl/judgments/165103
90698|2009-08-12|SN|II PZP 8/09|Postanowienie|https://www.saos.org.pl/judgments/90698
90697|2009-08-12|SN|II PK 38/09|Wyrok|https://www.saos.org.pl/judgments/90697
90696|2009-08-12|SN|II PK 31/09|Wyrok|https://www.saos.org.pl/judgments/90696
90702|2009-08-11|SN|III PK 31/09|Wyrok|https://www.saos.org.pl/judgments/90702
90687|2009-08-05|SN|II PK 145/09|Wyrok|https://www.saos.org.pl/judgments/90687
90636|2009-07-22|SN|I PK 48/09|Wyrok|https://www.saos.org.pl/judgments/90636
90657|2009-07-21|SN|II PK 21/09|Wyrok|https://www.saos.org.pl/judgments/90657
90594|2009-07-17|SN|I PK 45/09|Wyrok|https://www.saos.org.pl/judgments/90594
90602|2009-07-16|SN|II PK 14/09|Wyrok|https://www.saos.org.pl/judgments/90602
90556|2009-07-09|SN|II PK 232/08|Wyrok|https://www.saos.org.pl/judgments/90556
90497|2009-07-02|SN|I PK 25/09|Wyrok|https://www.saos.org.pl/judgments/90497
90400|2009-06-16|SN|I PK 17/09|Wyrok|https://www.saos.org.pl/judgments/90400
90334|2009-06-04|SN|I PK 212/07|Zarządzenie|https://www.saos.org.pl/judgments/90334
90168|2009-05-06|SN|II PK 95/09|Wyrok|https://www.saos.org.pl/judgments/90168
90152|2009-05-05|SN|I PZP 1/09|Uchwała|https://www.saos.org.pl/judgments/90152
90149|2009-05-05|SN|I PK 11/09|Wyrok|https://www.saos.org.pl/judgments/90149
90015|2009-04-08|SN|II PK 270/08|Wyrok|https://www.saos.org.pl/judgments/90015
90001|2009-04-07|SN|I PK 215/08|Wyrok|https://www.saos.org.pl/judgments/90001
89777|2009-03-06|SN|I PK 196/08|Wyrok|https://www.saos.org.pl/judgments/89777
89794|2009-03-04|SN|II PK 204/08|Wyrok|https://www.saos.org.pl/judgments/89794
89739|2009-02-25|SN|II PK 186/08|Wyrok|https://www.saos.org.pl/judgments/89739
89738|2009-02-25|SN|II PK 185/08|Wyrok|https://www.saos.org.pl/judgments/89738
89609|2009-02-04|SN|II PK 64/08|Wyrok|https://www.saos.org.pl/judgments/89609
89607|2009-02-04|SN|II PK 231/08|Wyrok|https://www.saos.org.pl/judgments/89607
89555|2009-01-27|SN|II PK 145/08|Wyrok|https://www.saos.org.pl/judgments/89555
89437|2009-01-16|SN|I PK 138/08|Wyrok|https://www.saos.org.pl/judgments/89437
89439|2009-01-15|SN|II PK 125/08|Wyrok|https://www.saos.org.pl/judgments/89439
89405|2009-01-08|SN|I PK 137/08|Wyrok|https://www.saos.org.pl/judgments/89405
89420|2009-01-06|SN|II PK 117/08|Wyrok|https://www.saos.org.pl/judgments/89420
89407|2009-01-06|SN|I PK 18/08|Wyrok|https://www.saos.org.pl/judgments/89407
89361|2008-12-16|SN|I PK 88/08|Wyrok|https://www.saos.org.pl/judgments/89361
89359|2008-12-16|SN|I PK 104/08|Wyrok|https://www.saos.org.pl/judgments/89359
89300|2008-12-03|SN|I PK 107/08|Wyrok|https://www.saos.org.pl/judgments/89300
108596|2008-12-02|TK|P 48/07|Wyrok|https://www.saos.org.pl/judgments/108596
89156|2008-11-14|SN|II PK 93/08|Wyrok|https://www.saos.org.pl/judgments/89156
89085|2008-11-04|SN|II PK 81/08|Wyrok|https://www.saos.org.pl/judgments/89085
89084|2008-11-04|SN|II PK 80/08|Wyrok|https://www.saos.org.pl/judgments/89084
89060|2008-11-04|SN|I PK 70/08|Wyrok|https://www.saos.org.pl/judgments/89060
89059|2008-11-04|SN|I PK 149/08|Wyrok|https://www.saos.org.pl/judgments/89059
88957|2008-10-23|SN|II PK 74/08|Wyrok|https://www.saos.org.pl/judgments/88957
88854|2008-10-09|SN|II PK 60/08|Wyrok|https://www.saos.org.pl/judgments/88854
88852|2008-10-07|SN|II PK 56/08|Wyrok|https://www.saos.org.pl/judgments/88852
88822|2008-10-03|SN|II PK 53/08|Wyrok|https://www.saos.org.pl/judgments/88822
88753|2008-09-25|SN|II PK 44/08|Wyrok|https://www.saos.org.pl/judgments/88753
88702|2008-09-17|SN|I PK 1/08|Wyrok|https://www.saos.org.pl/judgments/88702
88685|2008-09-12|SN|I PK 45/08|Wyrok|https://www.saos.org.pl/judgments/88685
88684|2008-09-12|SN|I PK 27/08|Wyrok|https://www.saos.org.pl/judgments/88684
88682|2008-09-12|SN|I PK 22/08|Wyrok|https://www.saos.org.pl/judgments/88682
88598|2008-08-21|SN|II PK 365/07|Wyrok|https://www.saos.org.pl/judgments/88598
88515|2008-07-23|SN|I PK 3/08|Wyrok|https://www.saos.org.pl/judgments/88515
88426|2008-07-09|SN|I PK 2/08|Wyrok|https://www.saos.org.pl/judgments/88426
88427|2008-07-08|SN|I PK 294/07|Wyrok|https://www.saos.org.pl/judgments/88427
88404|2008-07-03|SN|III PK 6/08|Wyrok|https://www.saos.org.pl/judgments/88404
88262|2008-06-19|SN|II PK 340/07|Wyrok|https://www.saos.org.pl/judgments/88262
88014|2008-05-07|SN|II PK 331/07|Wyrok|https://www.saos.org.pl/judgments/88014
88010|2008-05-07|SN|II PK 313/07|Wyrok|https://www.saos.org.pl/judgments/88010
87746|2008-04-04|SN|I PK 247/07|Wyrok|https://www.saos.org.pl/judgments/87746
87700|2008-03-28|SN|II PK 233/07|Wyrok|https://www.saos.org.pl/judgments/87700
87625|2008-03-19|SN|I PK 238/07|Wyrok|https://www.saos.org.pl/judgments/87625
87623|2008-03-19|SN|I PK 230/07|Wyrok|https://www.saos.org.pl/judgments/87623
87622|2008-03-19|SN|I PK 227/07|Wyrok|https://www.saos.org.pl/judgments/87622
87582|2008-03-11|SN|II PK 195/07|Wyrok|https://www.saos.org.pl/judgments/87582
87497|2008-03-06|SN|II UK 132/07|Wyrok|https://www.saos.org.pl/judgments/87497
87496|2008-03-06|SN|II PK 192/07|Wyrok|https://www.saos.org.pl/judgments/87496
87516|2008-03-05|SN|III UK 78/07|Wyrok|https://www.saos.org.pl/judgments/87516
87491|2008-03-04|SN|II PK 177/07|Wyrok|https://www.saos.org.pl/judgments/87491
87366|2008-02-22|SN|I PK 209/07|Wyrok|https://www.saos.org.pl/judgments/87366
87389|2008-02-19|SN|II PK 256/07|Wyrok|https://www.saos.org.pl/judgments/87389
87266|2008-02-07|SN|II PK 163/07|Wyrok|https://www.saos.org.pl/judgments/87266
87172|2008-01-30|SN|I PK 198/07|Wyrok|https://www.saos.org.pl/judgments/87172
87170|2008-01-30|SN|I PK 195/07|Wyrok|https://www.saos.org.pl/judgments/87170
87169|2008-01-30|SN|I PK 191/07|Wyrok|https://www.saos.org.pl/judgments/87169
87125|2008-01-22|SN|II PK 138/07|Wyrok|https://www.saos.org.pl/judgments/87125
86979|2008-01-11|SN|I PK 184/07|Wyrok|https://www.saos.org.pl/judgments/86979
86976|2008-01-11|SN|I PK 167/07|Wyrok|https://www.saos.org.pl/judgments/86976
86974|2008-01-11|SN|I PK 108/07|Wyrok|https://www.saos.org.pl/judgments/86974
86975|2008-01-08|SN|I PK 161/07|Wyrok|https://www.saos.org.pl/judgments/86975
86960|2008-01-04|SN|I PZP 9/07|Uchwała|https://www.saos.org.pl/judgments/86960
86957|2008-01-04|SN|I PK 179/07|Wyrok|https://www.saos.org.pl/judgments/86957
86934|2007-12-13|SN|I PK 149/07|Wyrok|https://www.saos.org.pl/judgments/86934
86899|2007-12-05|SN|II PK 122/07|Wyrok|https://www.saos.org.pl/judgments/86899
108152|2007-11-27|TK|SK 18/05|Wyrok|https://www.saos.org.pl/judgments/108152
86821|2007-11-12|SN|I PK 159/07|Wyrok|https://www.saos.org.pl/judgments/86821
86667|2007-10-05|SN|II PK 27/07|Wyrok|https://www.saos.org.pl/judgments/86667
86666|2007-10-05|SN|II PK 24/07|Wyrok|https://www.saos.org.pl/judgments/86666
86650|2007-10-04|SN|I PK 110/07|Wyrok|https://www.saos.org.pl/judgments/86650
86621|2007-09-25|SN|I PK 105/07|Wyrok|https://www.saos.org.pl/judgments/86621
86560|2007-09-14|SN|III UK 37/07|Wyrok|https://www.saos.org.pl/judgments/86560
86461|2007-08-23|SN|I PK 80/07|Wyrok|https://www.saos.org.pl/judgments/86461
86434|2007-08-08|SN|II PK 7/07|Wyrok|https://www.saos.org.pl/judgments/86434
86383|2007-08-03|SN|I PK 82/07|Wyrok|https://www.saos.org.pl/judgments/86383
86326|2007-07-18|SN|I PK 109/07|Postanowienie|https://www.saos.org.pl/judgments/86326
86288|2007-07-11|SN|III PK 19/07|Wyrok|https://www.saos.org.pl/judgments/86288
86255|2007-07-04|SN|II PK 359/06|Wyrok|https://www.saos.org.pl/judgments/86255
86234|2007-07-04|SN|I PK 12/07|Wyrok|https://www.saos.org.pl/judgments/86234
86112|2007-06-22|SN|II PK 331/06|Wyrok|https://www.saos.org.pl/judgments/86112
86082|2007-06-15|SN|II PK 37/07|Postanowienie|https://www.saos.org.pl/judgments/86082
86080|2007-06-13|SN|II PK 329/06|Wyrok|https://www.saos.org.pl/judgments/86080
85975|2007-05-29|SN|II PK 309/06|Wyrok|https://www.saos.org.pl/judgments/85975
85937|2007-05-24|SN|II PK 306/06|Wyrok|https://www.saos.org.pl/judgments/85937
85858|2007-05-18|SN|I PK 275/06|Wyrok|https://www.saos.org.pl/judgments/85858
85811|2007-05-08|SN|II PK 278/06|Wyrok|https://www.saos.org.pl/judgments/85811
85814|2007-05-07|SN|II PK 305/06|Wyrok|https://www.saos.org.pl/judgments/85814
85739|2007-04-24|SN|I PK 263/06|Wyrok|https://www.saos.org.pl/judgments/85739
85648|2007-04-11|SN|II PK 268/06|Wyrok|https://www.saos.org.pl/judgments/85648
85605|2007-04-06|SN|II PK 263/06|Wyrok|https://www.saos.org.pl/judgments/85605
85615|2007-04-04|SN|III PK 1/07|Wyrok|https://www.saos.org.pl/judgments/85615
85603|2007-04-03|SN|II PK 247/06|Wyrok|https://www.saos.org.pl/judgments/85603
85566|2007-03-27|SN|II PK 241/06|Wyrok|https://www.saos.org.pl/judgments/85566
85565|2007-03-27|SN|II PK 235/06|Wyrok|https://www.saos.org.pl/judgments/85565
85564|2007-03-27|SN|II PK 231/06|Wyrok|https://www.saos.org.pl/judgments/85564
85336|2007-02-27|SN|II PK 211/06|Wyrok|https://www.saos.org.pl/judgments/85336
85273|2007-02-19|SN|I PK 238/06|Wyrok|https://www.saos.org.pl/judgments/85273
85227|2007-02-16|SN|II PK 196/06|Wyrok|https://www.saos.org.pl/judgments/85227
85156|2007-02-09|SN|I PK 222/06|Wyrok|https://www.saos.org.pl/judgments/85156
85138|2007-02-09|SN|I BP 15/06|Wyrok|https://www.saos.org.pl/judgments/85138
85151|2007-02-07|SN|I PK 209/06|Wyrok|https://www.saos.org.pl/judgments/85151
85049|2007-01-25|SN|I PK 207/06|Wyrok|https://www.saos.org.pl/judgments/85049
85079|2007-01-23|SN|III PK 96/06|Wyrok|https://www.saos.org.pl/judgments/85079
85023|2007-01-18|SN|II PK 179/06|Wyrok|https://www.saos.org.pl/judgments/85023
85001|2007-01-15|SN|I PK 235/06|Wyrok|https://www.saos.org.pl/judgments/85001
84928|2007-01-08|SN|I PK 104/06|Wyrok|https://www.saos.org.pl/judgments/84928
84865|2006-12-20|SN|I PK 171/06|Wyrok|https://www.saos.org.pl/judgments/84865
84870|2006-12-18|SN|II PK 95/06|Wyrok|https://www.saos.org.pl/judgments/84870
84869|2006-12-18|SN|II PK 17/06|Wyrok|https://www.saos.org.pl/judgments/84869
84850|2006-12-13|SN|II PK 99/06|Wyrok|https://www.saos.org.pl/judgments/84850
84835|2006-12-11|SN|I PK 133/06|Wyrok|https://www.saos.org.pl/judgments/84835
84794|2006-12-07|SN|I PK 169/06|Wyrok|https://www.saos.org.pl/judgments/84794
84803|2006-12-05|SN|II PK 44/06|Wyrok|https://www.saos.org.pl/judgments/84803
84802|2006-12-05|SN|II PK 18/06|Wyrok|https://www.saos.org.pl/judgments/84802
84721|2006-11-15|SN|I PK 128/06|Wyrok|https://www.saos.org.pl/judgments/84721
84718|2006-11-15|SN|I BP 12/06|Wyrok|https://www.saos.org.pl/judgments/84718
84709|2006-11-10|SN|III PK 73/06|Wyrok|https://www.saos.org.pl/judgments/84709
84701|2006-11-08|SN|I PK 115/06|Wyrok|https://www.saos.org.pl/judgments/84701
84686|2006-10-24|SN|II PK 126/06|Wyrok|https://www.saos.org.pl/judgments/84686
107697|2006-10-23|TK|SK 42/04|Wyrok|https://www.saos.org.pl/judgments/107697
84684|2006-10-23|SN|I UK 128/06|Wyrok|https://www.saos.org.pl/judgments/84684
84628|2006-10-10|SN|I PK 156/06|Wyrok|https://www.saos.org.pl/judgments/84628
84589|2006-09-27|SN|I PK 99/06|Wyrok|https://www.saos.org.pl/judgments/84589
84574|2006-09-21|SN|II PK 11/06|Wyrok|https://www.saos.org.pl/judgments/84574
84548|2006-09-15|SN|I PK 96/06|Wyrok|https://www.saos.org.pl/judgments/84548
84544|2006-09-15|SN|I PK 80/06|Wyrok|https://www.saos.org.pl/judgments/84544
84546|2006-09-12|SN|I PK 89/06|Wyrok|https://www.saos.org.pl/judgments/84546
84545|2006-09-12|SN|I PK 87/06|Wyrok|https://www.saos.org.pl/judgments/84545
84513|2006-08-08|SN|I PZP 2/06|Postanowienie|https://www.saos.org.pl/judgments/84513
84511|2006-08-08|SN|I PK 71/06|Wyrok|https://www.saos.org.pl/judgments/84511
84510|2006-08-08|SN|I PK 55/06|Wyrok|https://www.saos.org.pl/judgments/84510
84475|2006-07-25|SN|I PK 56/06|Wyrok|https://www.saos.org.pl/judgments/84475
84445|2006-07-11|SN|I PK 9/06|Wyrok|https://www.saos.org.pl/judgments/84445
84444|2006-07-11|SN|I PK 86/06|Wyrok|https://www.saos.org.pl/judgments/84444
84409|2006-06-27|SN|I PK 102/06|Wyrok|https://www.saos.org.pl/judgments/84409
84397|2006-06-22|SN|I PK 309/05|Wyrok|https://www.saos.org.pl/judgments/84397
84384|2006-06-14|SN|I PK 231/05|Wyrok|https://www.saos.org.pl/judgments/84384
84368|2006-06-08|SN|II PK 311/05|Wyrok|https://www.saos.org.pl/judgments/84368
84347|2006-06-02|SN|I PK 271/05|Wyrok|https://www.saos.org.pl/judgments/84347
84301|2006-05-11|SN|II PK 277/05|Wyrok|https://www.saos.org.pl/judgments/84301
84255|2006-04-12|SN|III PK 8/06|Wyrok|https://www.saos.org.pl/judgments/84255
84253|2006-04-11|SN|II PK 224/05|Wyrok|https://www.saos.org.pl/judgments/84253
84252|2006-04-11|SN|II PK 219/05|Wyrok|https://www.saos.org.pl/judgments/84252
84246|2006-04-11|SN|I PK 171/05|Wyrok|https://www.saos.org.pl/judgments/84246
84236|2006-04-06|SN|III PK 12/06|Wyrok|https://www.saos.org.pl/judgments/84236
84219|2006-04-04|SN|I PK 161/05|Wyrok|https://www.saos.org.pl/judgments/84219
84175|2006-03-15|SN|II PK 167/05|Wyrok|https://www.saos.org.pl/judgments/84175
84172|2006-03-15|SN|II PK 143/05|Wyrok|https://www.saos.org.pl/judgments/84172
84122|2006-03-02|SN|I PK 150/05|Wyrok|https://www.saos.org.pl/judgments/84122
84100|2006-02-14|SN|III PK 109/05|Wyrok|https://www.saos.org.pl/judgments/84100
84080|2006-02-09|SN|II PK 182/05|Postanowienie|https://www.saos.org.pl/judgments/84080
84066|2006-02-03|SN|II PK 158/05|Wyrok|https://www.saos.org.pl/judgments/84066
84062|2006-02-02|SN|I PK 140/05|Wyrok|https://www.saos.org.pl/judgments/84062
84008|2006-01-11|SN|II PK 122/05|Wyrok|https://www.saos.org.pl/judgments/84008
84003|2006-01-11|SN|II PK 106/05|Wyrok|https://www.saos.org.pl/judgments/84003
83986|2006-01-10|SN|I PK 97/05|Wyrok|https://www.saos.org.pl/judgments/83986
83984|2006-01-10|SN|I PK 131/05|Wyrok|https://www.saos.org.pl/judgments/83984
83902|2005-12-08|SN|I PK 94/05|Wyrok|https://www.saos.org.pl/judgments/83902
83900|2005-12-08|SN|I PK 103/05|Wyrok|https://www.saos.org.pl/judgments/83900
83887|2005-11-29|SN|II PK 102/05|Wyrok|https://www.saos.org.pl/judgments/83887
83886|2005-11-29|SN|II PK 101/05|Wyrok|https://www.saos.org.pl/judgments/83886
83799|2005-10-20|SN|I PK 26/05|Wyrok|https://www.saos.org.pl/judgments/83799
83777|2005-10-11|SN|I PK 42/05|Wyrok|https://www.saos.org.pl/judgments/83777
83763|2005-10-06|SN|II PK 63/05|Wyrok|https://www.saos.org.pl/judgments/83763
83759|2005-10-05|SN|I PK 61/05|Wyrok|https://www.saos.org.pl/judgments/83759
83740|2005-09-29|SN|I PK 35/05|Wyrok|https://www.saos.org.pl/judgments/83740
83735|2005-09-20|SN|III PK 83/05|Wyrok|https://www.saos.org.pl/judgments/83735
83730|2005-09-20|SN|II PK 6/05|Wyrok|https://www.saos.org.pl/judgments/83730
83728|2005-09-20|SN|II PK 49/05|Wyrok|https://www.saos.org.pl/judgments/83728
83725|2005-09-20|SN|II PK 21/05|Wyrok|https://www.saos.org.pl/judgments/83725
83709|2005-09-07|SN|II PK 296/04|Wyrok|https://www.saos.org.pl/judgments/83709
83708|2005-09-07|SN|II PK 294/04|Wyrok|https://www.saos.org.pl/judgments/83708
83704|2005-09-06|SN|I PK 52/05|Wyrok|https://www.saos.org.pl/judgments/83704
83702|2005-09-06|SN|I PK 10/05|Wyrok|https://www.saos.org.pl/judgments/83702
83688|2005-08-23|SN|I PK 20/05|Wyrok|https://www.saos.org.pl/judgments/83688
83677|2005-08-16|SN|I PK 11/05|Wyrok|https://www.saos.org.pl/judgments/83677
83599|2005-07-12|SN|II PK 363/04|Wyrok|https://www.saos.org.pl/judgments/83599
83598|2005-07-12|SN|II PK 360/04|Wyrok|https://www.saos.org.pl/judgments/83598
83566|2005-07-07|SN|II PK 353/04|Wyrok|https://www.saos.org.pl/judgments/83566
83565|2005-07-07|SN|II PK 351/04|Wyrok|https://www.saos.org.pl/judgments/83565
83579|2005-07-06|SN|III PK 52/05|Wyrok|https://www.saos.org.pl/judgments/83579
83544|2005-06-29|SN|II PK 342/04|Wyrok|https://www.saos.org.pl/judgments/83544
83543|2005-06-29|SN|II PK 339/04|Wyrok|https://www.saos.org.pl/judgments/83543
83540|2005-06-29|SN|II PK 322/04|Wyrok|https://www.saos.org.pl/judgments/83540
83535|2005-06-29|SN|I PK 272/04|Wyrok|https://www.saos.org.pl/judgments/83535
83533|2005-06-29|SN|I PK 261/04|Wyrok|https://www.saos.org.pl/judgments/83533
107282|2005-06-28|TK|SK 56/04|Wyrok|https://www.saos.org.pl/judgments/107282
83513|2005-06-23|SN|II PK 288/04|Wyrok|https://www.saos.org.pl/judgments/83513
83518|2005-06-21|SN|II PK 317/04|Wyrok|https://www.saos.org.pl/judgments/83518
83486|2005-06-14|SN|I PK 289/04|Wyrok|https://www.saos.org.pl/judgments/83486
83411|2005-05-11|SN|III PK 38/05|Wyrok|https://www.saos.org.pl/judgments/83411
83410|2005-05-11|SN|III PK 27/05|Wyrok|https://www.saos.org.pl/judgments/83410
83331|2005-04-13|SN|II PK 258/04|Wyrok|https://www.saos.org.pl/judgments/83331
83330|2005-04-13|SN|II PK 255/04|Wyrok|https://www.saos.org.pl/judgments/83330
83329|2005-04-13|SN|II PK 253/04|Wyrok|https://www.saos.org.pl/judgments/83329
83327|2005-04-13|SN|II PK 225/04|Wyrok|https://www.saos.org.pl/judgments/83327
83285|2005-03-17|SN|I KZP 3/05|Uchwała|https://www.saos.org.pl/judgments/83285
83275|2005-03-10|SN|II PK 241/04|Wyrok|https://www.saos.org.pl/judgments/83275
83254|2005-03-03|SN|I PK 263/04|Wyrok|https://www.saos.org.pl/judgments/83254
83245|2005-02-23|SN|III PK 77/04|Wyrok|https://www.saos.org.pl/judgments/83245
83222|2005-02-17|SN|II PK 217/04|Wyrok|https://www.saos.org.pl/judgments/83222
83202|2005-02-10|SN|II PK 204/04|Wyrok|https://www.saos.org.pl/judgments/83202
83179|2005-01-26|SN|II PK 197/04|Wyrok|https://www.saos.org.pl/judgments/83179
83171|2005-01-25|SN|II PK 159/04|Wyrok|https://www.saos.org.pl/judgments/83171
83118|2005-01-13|SN|II PK 117/04|Wyrok|https://www.saos.org.pl/judgments/83118
83102|2005-01-12|SN|I PK 145/04|Wyrok|https://www.saos.org.pl/judgments/83102
83101|2005-01-12|SN|I PK 142/04|Wyrok|https://www.saos.org.pl/judgments/83101
83106|2005-01-11|SN|I PK 96/04|Wyrok|https://www.saos.org.pl/judgments/83106
83076|2004-12-16|SN|II PZP 12/04|Uchwała|https://www.saos.org.pl/judgments/83076
83072|2004-12-15|SN|I UK 78/04|Wyrok|https://www.saos.org.pl/judgments/83072
83069|2004-12-15|SN|I PK 79/04|Wyrok|https://www.saos.org.pl/judgments/83069
83067|2004-12-15|SN|I PK 120/04|Wyrok|https://www.saos.org.pl/judgments/83067
83027|2004-12-02|SN|I PK 125/04|Wyrok|https://www.saos.org.pl/judgments/83027
83019|2004-11-25|SN|III PK 57/04|Wyrok|https://www.saos.org.pl/judgments/83019
83008|2004-11-24|SN|I PK 6/04|Wyrok|https://www.saos.org.pl/judgments/83008
83004|2004-11-24|SN|I PK 17/04|Wyrok|https://www.saos.org.pl/judgments/83004
82943|2004-10-27|SN|I PK 599/03|Wyrok|https://www.saos.org.pl/judgments/82943
82935|2004-10-20|SN|III UK 111/04|Wyrok|https://www.saos.org.pl/judgments/82935
82909|2004-10-14|SN|I PK 693/03|Wyrok|https://www.saos.org.pl/judgments/82909
82914|2004-10-13|SN|II PK 41/04|Wyrok|https://www.saos.org.pl/judgments/82914
82887|2004-10-06|SN|I PK 569/03|Wyrok|https://www.saos.org.pl/judgments/82887
82885|2004-10-06|SN|I PK 488/03|Wyrok|https://www.saos.org.pl/judgments/82885
82883|2004-10-06|SN|I PK 479/03|Wyrok|https://www.saos.org.pl/judgments/82883
82842|2004-09-23|SN|I PK 526/03|Wyrok|https://www.saos.org.pl/judgments/82842
82812|2004-09-10|SN|I PK 449/03|Wyrok|https://www.saos.org.pl/judgments/82812
82799|2004-08-25|SN|I PK 22/03|Wyrok|https://www.saos.org.pl/judgments/82799
82790|2004-08-19|SN|I PK 489/03|Wyrok|https://www.saos.org.pl/judgments/82790
106961|2004-07-20|TK|Ts 116/03|Postanowienie|https://www.saos.org.pl/judgments/106961
82702|2004-05-27|SN|I PK 602/03|Wyrok|https://www.saos.org.pl/judgments/82702
82680|2004-05-19|SN|I PK 630/03|Wyrok|https://www.saos.org.pl/judgments/82680
82679|2004-05-19|SN|I PK 608/03|Wyrok|https://www.saos.org.pl/judgments/82679
162685|2004-03-19|SN|II PK 4/04|Postanowienie|https://www.saos.org.pl/judgments/162685
82537|2004-03-04|SN|I PK 418/03|Wyrok|https://www.saos.org.pl/judgments/82537
82474|2004-02-05|SN|I PK 328/03|Wyrok|https://www.saos.org.pl/judgments/82474
82471|2004-02-05|SN|I PK 260/03|Wyrok|https://www.saos.org.pl/judgments/82471
82457|2004-01-27|SN|I PK 293/03|Wyrok|https://www.saos.org.pl/judgments/82457
82438|2004-01-23|SN|I PK 208/03|Wyrok|https://www.saos.org.pl/judgments/82438
82443|2004-01-22|SN|I PK 298/03|Wyrok|https://www.saos.org.pl/judgments/82443
82439|2004-01-22|SN|I PK 209/03|Wyrok|https://www.saos.org.pl/judgments/82439
82437|2004-01-22|SN|I PK 203/03|Wyrok|https://www.saos.org.pl/judgments/82437
82436|2004-01-22|SN|I PK 202/03|Wyrok|https://www.saos.org.pl/judgments/82436
82425|2004-01-12|SN|I PZ 109/03|Postanowienie|https://www.saos.org.pl/judgments/82425
82392|2003-12-09|SN|I PK 81/03|Wyrok|https://www.saos.org.pl/judgments/82392
82391|2003-12-09|SN|I PK 154/03|Wyrok|https://www.saos.org.pl/judgments/82391
82367|2003-12-04|SN|I PK 114/03|Wyrok|https://www.saos.org.pl/judgments/82367
82344|2003-11-26|SN|I PK 490/02|Wyrok|https://www.saos.org.pl/judgments/82344
82318|2003-11-12|SN|I PK 625/02|Wyrok|https://www.saos.org.pl/judgments/82318
82297|2003-11-05|SN|I PK 1/03|Wyrok|https://www.saos.org.pl/judgments/82297
82263|2003-10-23|SN|I PK 425/02|Wyrok|https://www.saos.org.pl/judgments/82263
82265|2003-10-21|SN|I PK 519/02|Wyrok|https://www.saos.org.pl/judgments/82265
106535|2003-10-16|TK|Ts 116/03|Postanowienie|https://www.saos.org.pl/judgments/106535
82221|2003-10-02|SN|I PK 427/02|Wyrok|https://www.saos.org.pl/judgments/82221
82199|2003-09-24|SN|I PK 324/02|Wyrok|https://www.saos.org.pl/judgments/82199
82165|2003-09-02|SN|I PK 389/02|Wyrok|https://www.saos.org.pl/judgments/82165
82163|2003-09-02|SN|I PK 338/02|Wyrok|https://www.saos.org.pl/judgments/82163
82055|2003-06-11|SN|I PK 273/02|Wyrok|https://www.saos.org.pl/judgments/82055
82054|2003-06-11|SN|I PK 206/02|Wyrok|https://www.saos.org.pl/judgments/82054
82044|2003-06-06|SN|III AO 25/02|Postanowienie|https://www.saos.org.pl/judgments/82044
81965|2003-04-16|SN|I PK 78/02|Wyrok|https://www.saos.org.pl/judgments/81965
106359|2003-04-07|TK|P 7/02|Wyrok|https://www.saos.org.pl/judgments/106359
81884|2003-03-06|SN|I PK 40/02|Wyrok|https://www.saos.org.pl/judgments/81884
81883|2003-03-06|SN|I PK 171/02|Wyrok|https://www.saos.org.pl/judgments/81883
81870|2003-02-26|SN|I PK 159/02|Wyrok|https://www.saos.org.pl/judgments/81870
81869|2003-02-26|SN|I PK 139/02|Wyrok|https://www.saos.org.pl/judgments/81869
81839|2003-02-06|SN|III KKN 513/00|Wyrok|https://www.saos.org.pl/judgments/81839
81785|2003-01-10|SN|I PK 74/02|Wyrok|https://www.saos.org.pl/judgments/81785
81783|2003-01-10|SN|I PK 144/02|Wyrok|https://www.saos.org.pl/judgments/81783
81782|2003-01-10|SN|I PK 107/02|Wyrok|https://www.saos.org.pl/judgments/81782
81784|2003-01-07|SN|I PK 227/02|Postanowienie|https://www.saos.org.pl/judgments/81784
81770|2002-12-18|SN|I PK 12/02|Wyrok|https://www.saos.org.pl/judgments/81770
81714|2002-11-26|SN|I PKN 656/01|Wyrok|https://www.saos.org.pl/judgments/81714
81712|2002-11-26|SN|I PKN 597/01|Wyrok|https://www.saos.org.pl/judgments/81712
81607|2002-10-02|SN|I PKN 549/01|Wyrok|https://www.saos.org.pl/judgments/81607
81605|2002-10-02|SN|I PKN 374/01|Wyrok|https://www.saos.org.pl/judgments/81605
81462|2002-06-18|SN|I PKN 376/01|Wyrok|https://www.saos.org.pl/judgments/81462
81461|2002-06-18|SN|I PKN 171/01|Wyrok|https://www.saos.org.pl/judgments/81461
81432|2002-06-04|SN|I PKN 371/01|Wyrok|https://www.saos.org.pl/judgments/81432
81305|2002-03-28|SN|I PKN 32/01|Wyrok|https://www.saos.org.pl/judgments/81305
81179|2002-02-05|SN|I PKN 845/00|Wyrok|https://www.saos.org.pl/judgments/81179
81146|2002-01-24|SN|I PKN 803/00|Wyrok|https://www.saos.org.pl/judgments/81146
81114|2002-01-10|SN|I PKN 790/00|Wyrok|https://www.saos.org.pl/judgments/81114
81058|2001-12-12|SN|I PKN 728/00|Wyrok|https://www.saos.org.pl/judgments/81058
81041|2001-12-06|SN|I PKN 720/00|Wyrok|https://www.saos.org.pl/judgments/81041
81040|2001-12-06|SN|I PKN 717/00|Wyrok|https://www.saos.org.pl/judgments/81040
81039|2001-12-06|SN|I PKN 715/00|Wyrok|https://www.saos.org.pl/judgments/81039
80994|2001-11-23|SN|I PKN 663/00|Wyrok|https://www.saos.org.pl/judgments/80994
81007|2001-11-22|SN|I PKN 704/00|Wyrok|https://www.saos.org.pl/judgments/81007
80950|2001-11-06|SN|I PKN 687/00|Wyrok|https://www.saos.org.pl/judgments/80950
80948|2001-11-06|SN|I PKN 676/00|Wyrok|https://www.saos.org.pl/judgments/80948
80947|2001-11-06|SN|I PKN 675/00|Wyrok|https://www.saos.org.pl/judgments/80947
80946|2001-11-06|SN|I PKN 674/00|Wyrok|https://www.saos.org.pl/judgments/80946
80943|2001-11-06|SN|I PKN 669/00|Wyrok|https://www.saos.org.pl/judgments/80943
80867|2001-09-26|SN|I PKN 42/00|Wyrok|https://www.saos.org.pl/judgments/80867
80857|2001-09-21|SN|I PKN 781/00|Wyrok|https://www.saos.org.pl/judgments/80857
80850|2001-09-21|SN|I PKN 627/00|Wyrok|https://www.saos.org.pl/judgments/80850
80839|2001-09-11|SN|I PKN 633/00|Wyrok|https://www.saos.org.pl/judgments/80839
80837|2001-09-11|SN|I PKN 624/00|Wyrok|https://www.saos.org.pl/judgments/80837
80836|2001-09-11|SN|I PKN 619/00|Wyrok|https://www.saos.org.pl/judgments/80836
80820|2001-09-05|SN|I PKN 615/00|Wyrok|https://www.saos.org.pl/judgments/80820
80793|2001-08-20|SN|I PKN 590/00|Wyrok|https://www.saos.org.pl/judgments/80793
80791|2001-08-20|SN|I PKN 585/00|Wyrok|https://www.saos.org.pl/judgments/80791
80788|2001-08-20|SN|I PKN 579/00|Wyrok|https://www.saos.org.pl/judgments/80788
80787|2001-08-20|SN|I PKN 571/00|Wyrok|https://www.saos.org.pl/judgments/80787
80772|2001-08-07|SN|I PKN 578/00|Wyrok|https://www.saos.org.pl/judgments/80772
80763|2001-07-24|SN|I PKN 568/00|Wyrok|https://www.saos.org.pl/judgments/80763
80761|2001-07-24|SN|I PKN 555/00|Wyrok|https://www.saos.org.pl/judgments/80761
80730|2001-07-12|SN|I PKN 543/00|Wyrok|https://www.saos.org.pl/judgments/80730
80727|2001-07-12|SN|I PKN 538/00|Wyrok|https://www.saos.org.pl/judgments/80727
80708|2001-07-04|SN|I PKN 525/00|Wyrok|https://www.saos.org.pl/judgments/80708
80686|2001-06-28|SN|I PKN 503/00|Wyrok|https://www.saos.org.pl/judgments/80686
80682|2001-06-28|SN|I PKN 486/00|Wyrok|https://www.saos.org.pl/judgments/80682
80653|2001-06-20|SN|I PKN 472/00|Wyrok|https://www.saos.org.pl/judgments/80653
80608|2001-05-31|SN|I PKN 428/00|Wyrok|https://www.saos.org.pl/judgments/80608
80603|2001-05-30|SN|I PKN 415/00|Wyrok|https://www.saos.org.pl/judgments/80603
80591|2001-05-24|SN|I PKN 410/00|Wyrok|https://www.saos.org.pl/judgments/80591
80587|2001-05-24|SN|I PKN 399/00|Wyrok|https://www.saos.org.pl/judgments/80587
80571|2001-05-16|SN|I PKN 573/00|Wyrok|https://www.saos.org.pl/judgments/80571
80531|2001-04-20|SN|I PKN 380/00|Wyrok|https://www.saos.org.pl/judgments/80531
80535|2001-04-19|SN|I PKN 392/00|Wyrok|https://www.saos.org.pl/judgments/80535
80532|2001-04-19|SN|I PKN 381/00|Wyrok|https://www.saos.org.pl/judgments/80532
80528|2001-04-19|SN|I PKN 376/00|Wyrok|https://www.saos.org.pl/judgments/80528
80523|2001-04-19|SN|I PKN 369/00|Wyrok|https://www.saos.org.pl/judgments/80523
80520|2001-04-18|SN|I PKN 363/00|Wyrok|https://www.saos.org.pl/judgments/80520
80514|2001-04-18|SN|I PKN 357/00|Wyrok|https://www.saos.org.pl/judgments/80514
80498|2001-04-11|SN|I PKN 343/00|Wyrok|https://www.saos.org.pl/judgments/80498
80469|2001-04-03|SN|I PKN 348/00|Wyrok|https://www.saos.org.pl/judgments/80469
80457|2001-03-29|SN|I PKN 336/00|Wyrok|https://www.saos.org.pl/judgments/80457
80452|2001-03-29|SN|I PKN 326/00|Wyrok|https://www.saos.org.pl/judgments/80452
80450|2001-03-29|SN|I PKN 324/00|Wyrok|https://www.saos.org.pl/judgments/80450
80412|2001-03-15|SN|I PKN 768/00|Wyrok|https://www.saos.org.pl/judgments/80412
80410|2001-03-15|SN|I PKN 309/00|Wyrok|https://www.saos.org.pl/judgments/80410
80386|2001-03-07|SN|I PKN 288/00|Wyrok|https://www.saos.org.pl/judgments/80386
80385|2001-03-07|SN|I PKN 287/00|Wyrok|https://www.saos.org.pl/judgments/80385
80381|2001-03-07|SN|I PKN 281/00|Wyrok|https://www.saos.org.pl/judgments/80381
80380|2001-03-07|SN|I PKN 276/00|Wyrok|https://www.saos.org.pl/judgments/80380
80368|2001-02-26|SN|I PKN 888/00|Postanowienie|https://www.saos.org.pl/judgments/80368
80331|2001-02-14|SN|I PKN 259/00|Wyrok|https://www.saos.org.pl/judgments/80331
80327|2001-02-14|SN|I PKN 252/00|Wyrok|https://www.saos.org.pl/judgments/80327
80304|2001-02-07|SN|I PKN 240/00|Wyrok|https://www.saos.org.pl/judgments/80304
80293|2001-02-02|SN|I PKN 233/00|Wyrok|https://www.saos.org.pl/judgments/80293
80267|2001-01-25|SN|I PKN 216/00|Wyrok|https://www.saos.org.pl/judgments/80267
80266|2001-01-25|SN|I PKN 215/00|Wyrok|https://www.saos.org.pl/judgments/80266
80260|2001-01-23|SN|I PKN 207/00|Wyrok|https://www.saos.org.pl/judgments/80260
80256|2001-01-23|SN|I PKN 191/00|Wyrok|https://www.saos.org.pl/judgments/80256
105496|2000-12-20|TK|K 13/00|Postanowienie|https://www.saos.org.pl/judgments/105496
80171|2000-12-15|SN|I PKN 170/00|Wyrok|https://www.saos.org.pl/judgments/80171
80167|2000-12-14|SN|I PKN 155/00|Wyrok|https://www.saos.org.pl/judgments/80167
80164|2000-12-14|SN|I PKN 145/00|Wyrok|https://www.saos.org.pl/judgments/80164
80134|2000-12-07|SN|I PKN 128/00|Wyrok|https://www.saos.org.pl/judgments/80134
80129|2000-12-05|SN|I PKN 120/00|Wyrok|https://www.saos.org.pl/judgments/80129
80107|2000-11-29|SN|I PKN 119/00|Wyrok|https://www.saos.org.pl/judgments/80107
80086|2000-11-21|SN|I PKN 99/00|Wyrok|https://www.saos.org.pl/judgments/80086
80085|2000-11-21|SN|I PKN 95/00|Wyrok|https://www.saos.org.pl/judgments/80085
80050|2000-11-16|SN|I PKN 44/00|Wyrok|https://www.saos.org.pl/judgments/80050
80001|2000-10-10|SN|I PKN 76/00|Wyrok|https://www.saos.org.pl/judgments/80001
79998|2000-10-10|SN|I PKN 550/00|Wyrok|https://www.saos.org.pl/judgments/79998
79978|2000-10-04|SN|I PKN 65/00|Wyrok|https://www.saos.org.pl/judgments/79978
79947|2000-09-26|SN|I PKN 54/00|Wyrok|https://www.saos.org.pl/judgments/79947
79932|2000-09-22|SN|I PKN 37/00|Wyrok|https://www.saos.org.pl/judgments/79932
79927|2000-09-22|SN|I PKN 29/00|Wyrok|https://www.saos.org.pl/judgments/79927
79909|2000-09-12|SN|I PKN 23/00|Wyrok|https://www.saos.org.pl/judgments/79909
79895|2000-09-07|SN|I PKN 13/00|Wyrok|https://www.saos.org.pl/judgments/79895
79875|2000-08-10|SN|I PKN 758/99|Wyrok|https://www.saos.org.pl/judgments/79875
79866|2000-08-02|SN|I PKN 759/99|Wyrok|https://www.saos.org.pl/judgments/79866
79864|2000-08-02|SN|I PKN 755/99|Wyrok|https://www.saos.org.pl/judgments/79864
79855|2000-07-20|SN|I PKN 748/99|Wyrok|https://www.saos.org.pl/judgments/79855
79854|2000-07-20|SN|I PKN 744/99|Wyrok|https://www.saos.org.pl/judgments/79854
79853|2000-07-20|SN|I PKN 742/99|Wyrok|https://www.saos.org.pl/judgments/79853
79851|2000-07-20|SN|I PKN 740/99|Wyrok|https://www.saos.org.pl/judgments/79851
79847|2000-07-20|SN|I PKN 17/00|Wyrok|https://www.saos.org.pl/judgments/79847
79834|2000-07-11|SN|I PZ 45/00|Postanowienie|https://www.saos.org.pl/judgments/79834
79824|2000-07-07|SN|I PKN 731/99|Wyrok|https://www.saos.org.pl/judgments/79824
79793|2000-06-29|SN|I PKN 708/99|Wyrok|https://www.saos.org.pl/judgments/79793
79772|2000-06-06|SN|I PKN 707/99|Wyrok|https://www.saos.org.pl/judgments/79772
79750|2000-06-02|SN|I PKN 689/99|Wyrok|https://www.saos.org.pl/judgments/79750
79749|2000-06-02|SN|I PKN 685/99|Wyrok|https://www.saos.org.pl/judgments/79749
79748|2000-06-02|SN|I PKN 683/99|Wyrok|https://www.saos.org.pl/judgments/79748
79725|2000-05-25|SN|I PKN 657/99|Wyrok|https://www.saos.org.pl/judgments/79725
79724|2000-05-25|SN|I PKN 656/99|Wyrok|https://www.saos.org.pl/judgments/79724
79723|2000-05-25|SN|I PKN 655/99|Wyrok|https://www.saos.org.pl/judgments/79723
79720|2000-05-25|SN|I PKN 649/99|Wyrok|https://www.saos.org.pl/judgments/79720
79708|2000-05-10|SN|III ZP 13/00|Uchwała|https://www.saos.org.pl/judgments/79708
79685|2000-05-10|SN|I PKN 646/99|Wyrok|https://www.saos.org.pl/judgments/79685
79681|2000-05-10|SN|I PKN 627/99|Wyrok|https://www.saos.org.pl/judgments/79681
79675|2000-05-09|SN|I PKN 619/99|Wyrok|https://www.saos.org.pl/judgments/79675
79671|2000-05-09|SN|I PKN 615/99|Wyrok|https://www.saos.org.pl/judgments/79671
79657|2000-04-18|SN|I PKN 601/99|Wyrok|https://www.saos.org.pl/judgments/79657
79645|2000-04-13|SN|I PKN 600/99|Wyrok|https://www.saos.org.pl/judgments/79645
79644|2000-04-13|SN|I PKN 597/99|Wyrok|https://www.saos.org.pl/judgments/79644
79643|2000-04-13|SN|I PKN 596/99|Wyrok|https://www.saos.org.pl/judgments/79643
79633|2000-04-13|SN|I PKN 563/99|Wyrok|https://www.saos.org.pl/judgments/79633
79619|2000-04-04|SN|I PKN 581/99|Wyrok|https://www.saos.org.pl/judgments/79619
79617|2000-04-04|SN|I PKN 573/99|Wyrok|https://www.saos.org.pl/judgments/79617
79616|2000-04-04|SN|I PKN 568/99|Wyrok|https://www.saos.org.pl/judgments/79616
79615|2000-04-04|SN|I PKN 566/99|Wyrok|https://www.saos.org.pl/judgments/79615
79575|2000-03-24|SN|I PKN 546/99|Wyrok|https://www.saos.org.pl/judgments/79575
79574|2000-03-24|SN|I PKN 544/99|Wyrok|https://www.saos.org.pl/judgments/79574
79560|2000-02-17|SN|I PKN 537/99|Wyrok|https://www.saos.org.pl/judgments/79560
79558|2000-02-17|SN|I PKN 535/99|Wyrok|https://www.saos.org.pl/judgments/79558
79445|1999-12-16|SN|I PKN 469/99|Wyrok|https://www.saos.org.pl/judgments/79445
79443|1999-12-16|SN|I PKN 462/99|Wyrok|https://www.saos.org.pl/judgments/79443
79440|1999-12-14|SN|I PKN 455/99|Wyrok|https://www.saos.org.pl/judgments/79440
79438|1999-12-14|SN|I PKN 447/99|Wyrok|https://www.saos.org.pl/judgments/79438
79420|1999-12-07|SN|I PKN 417/99|Wyrok|https://www.saos.org.pl/judgments/79420
79374|1999-11-18|SN|I PKN 370/99|Wyrok|https://www.saos.org.pl/judgments/79374
79373|1999-11-17|SN|I PKN 366/99|Wyrok|https://www.saos.org.pl/judgments/79373
79354|1999-11-10|SN|I PKN 341/99|Wyrok|https://www.saos.org.pl/judgments/79354
79335|1999-10-28|SN|II UKN 167/99|Wyrok|https://www.saos.org.pl/judgments/79335
79329|1999-10-21|SN|I PKN 323/99|Wyrok|https://www.saos.org.pl/judgments/79329
79316|1999-10-15|SN|I PKN 325/99|Postanowienie|https://www.saos.org.pl/judgments/79316
79315|1999-10-15|SN|I PKN 316/99|Wyrok|https://www.saos.org.pl/judgments/79315
79314|1999-10-15|SN|I PKN 309/99|Wyrok|https://www.saos.org.pl/judgments/79314
79306|1999-10-15|SN|I PKN 295/99|Wyrok|https://www.saos.org.pl/judgments/79306
79311|1999-10-13|SN|I PKN 304/99|Wyrok|https://www.saos.org.pl/judgments/79311
79309|1999-10-13|SN|I PKN 302/99|Wyrok|https://www.saos.org.pl/judgments/79309
79304|1999-10-13|SN|I PKN 292/99|Wyrok|https://www.saos.org.pl/judgments/79304
79270|1999-09-22|SN|I PKN 278/99|Wyrok|https://www.saos.org.pl/judgments/79270
79269|1999-09-22|SN|I PKN 271/99|Wyrok|https://www.saos.org.pl/judgments/79269
79265|1999-09-22|SN|I PKN 264/99|Wyrok|https://www.saos.org.pl/judgments/79265
79261|1999-09-22|SN|I PKN 248/99|Wyrok|https://www.saos.org.pl/judgments/79261
79247|1999-09-10|SN|I PKN 354/99|Wyrok|https://www.saos.org.pl/judgments/79247
79235|1999-09-02|SN|I PKN 249/99|Wyrok|https://www.saos.org.pl/judgments/79235
79231|1999-09-02|SN|I PKN 229/99|Wyrok|https://www.saos.org.pl/judgments/79231
79230|1999-09-02|SN|I PKN 225/99|Wyrok|https://www.saos.org.pl/judgments/79230
79215|1999-08-19|SN|I PKN 206/99|Wyrok|https://www.saos.org.pl/judgments/79215
79214|1999-08-19|SN|I PKN 204/99|Wyrok|https://www.saos.org.pl/judgments/79214
79192|1999-08-04|SN|I PKN 191/99|Wyrok|https://www.saos.org.pl/judgments/79192
79190|1999-08-04|SN|I PKN 185/99|Wyrok|https://www.saos.org.pl/judgments/79190
79175|1999-07-28|SN|I PKN 168/99|Wyrok|https://www.saos.org.pl/judgments/79175
79171|1999-07-28|SN|I PKN 110/99|Wyrok|https://www.saos.org.pl/judgments/79171
79166|1999-07-21|SN|I PKN 192/99|Wyrok|https://www.saos.org.pl/judgments/79166
79154|1999-07-14|SN|I PKN 149/99|Wyrok|https://www.saos.org.pl/judgments/79154
79118|1999-07-01|SN|I PKN 129/99|Wyrok|https://www.saos.org.pl/judgments/79118
79105|1999-06-16|SN|I PKN 127/99|Wyrok|https://www.saos.org.pl/judgments/79105
79103|1999-06-16|SN|I PKN 124/99|Wyrok|https://www.saos.org.pl/judgments/79103
79102|1999-06-16|SN|I PKN 120/99|Wyrok|https://www.saos.org.pl/judgments/79102
79076|1999-06-08|SN|I PKN 96/99|Wyrok|https://www.saos.org.pl/judgments/79076
79075|1999-06-08|SN|I PKN 80/99|Wyrok|https://www.saos.org.pl/judgments/79075
79058|1999-05-27|SN|I PKN 90/99|Wyrok|https://www.saos.org.pl/judgments/79058
79045|1999-05-21|SN|I PKN 79/99|Wyrok|https://www.saos.org.pl/judgments/79045
79042|1999-05-21|SN|I PKN 69/99|Wyrok|https://www.saos.org.pl/judgments/79042
79020|1999-05-14|SN|I PKN 60/99|Wyrok|https://www.saos.org.pl/judgments/79020
79019|1999-05-14|SN|I PKN 57/99|Wyrok|https://www.saos.org.pl/judgments/79019
79018|1999-05-14|SN|I PKN 51/99|Wyrok|https://www.saos.org.pl/judgments/79018
79016|1999-05-14|SN|I PKN 42/99|Wyrok|https://www.saos.org.pl/judgments/79016
79008|1999-05-05|SN|I PKN 678/98|Wyrok|https://www.saos.org.pl/judgments/79008
79004|1999-05-05|SN|I PKN 670/98|Wyrok|https://www.saos.org.pl/judgments/79004
79003|1999-05-05|SN|I PKN 665/98|Wyrok|https://www.saos.org.pl/judgments/79003
78964|1999-04-15|SN|I PKN 13/99|Wyrok|https://www.saos.org.pl/judgments/78964
78971|1999-04-13|SN|I PKN 663/98|Wyrok|https://www.saos.org.pl/judgments/78971
78946|1999-04-07|SN|I PKN 651/98|Wyrok|https://www.saos.org.pl/judgments/78946
78943|1999-04-07|SN|I PKN 645/98|Wyrok|https://www.saos.org.pl/judgments/78943
78941|1999-04-07|SN|I PKN 643/98|Wyrok|https://www.saos.org.pl/judgments/78941
78921|1999-03-24|SN|I PKN 641/98|Wyrok|https://www.saos.org.pl/judgments/78921
78876|1999-03-05|SN|I PKN 610/98|Wyrok|https://www.saos.org.pl/judgments/78876
78881|1999-03-04|SN|I PKN 619/98|Wyrok|https://www.saos.org.pl/judgments/78881
78875|1999-03-04|SN|I PKN 607/98|Wyrok|https://www.saos.org.pl/judgments/78875
78853|1999-02-17|SN|I PKN 578/98|Wyrok|https://www.saos.org.pl/judgments/78853
78849|1999-02-17|SN|I PKN 569/98|Wyrok|https://www.saos.org.pl/judgments/78849
78839|1999-02-09|SN|I PKN 565/98|Wyrok|https://www.saos.org.pl/judgments/78839
78838|1999-02-09|SN|I PKN 563/98|Wyrok|https://www.saos.org.pl/judgments/78838
78814|1999-01-26|SN|I PKN 442/98|Wyrok|https://www.saos.org.pl/judgments/78814
78795|1999-01-12|SN|I PKN 528/98|Wyrok|https://www.saos.org.pl/judgments/78795
78792|1999-01-12|SN|I PKN 523/98|Wyrok|https://www.saos.org.pl/judgments/78792
78771|1998-12-22|SN|I PKN 509/98|Wyrok|https://www.saos.org.pl/judgments/78771
78742|1998-12-09|SN|I PKN 502/98|Wyrok|https://www.saos.org.pl/judgments/78742
78719|1998-12-04|SN|I PKN 478/98|Wyrok|https://www.saos.org.pl/judgments/78719
78717|1998-12-01|SN|I PKN 473/98|Wyrok|https://www.saos.org.pl/judgments/78717
78714|1998-11-29|SN|I PKN 340/98|Wyrok|https://www.saos.org.pl/judgments/78714
78705|1998-11-26|SN|I PKN 458/98|Wyrok|https://www.saos.org.pl/judgments/78705
78701|1998-11-24|SN|I PKN 454/98|Wyrok|https://www.saos.org.pl/judgments/78701
78688|1998-11-20|SN|II UKN 310/98|Wyrok|https://www.saos.org.pl/judgments/78688
78683|1998-11-20|SN|I PKN 372/98|Wyrok|https://www.saos.org.pl/judgments/78683
78682|1998-11-17|SN|I PKN 331/98|Wyrok|https://www.saos.org.pl/judgments/78682
78651|1998-11-05|SN|I PKN 418/98|Wyrok|https://www.saos.org.pl/judgments/78651
78647|1998-11-05|SN|I PKN 401/98|Wyrok|https://www.saos.org.pl/judgments/78647
78635|1998-10-28|SN|I PKN 398/98|Wyrok|https://www.saos.org.pl/judgments/78635
78611|1998-10-20|SN|I PKN 328/98|Wyrok|https://www.saos.org.pl/judgments/78611
78610|1998-10-20|SN|I PKN 317/98|Wyrok|https://www.saos.org.pl/judgments/78610
78582|1998-10-06|SN|I PKN 376/98|Wyrok|https://www.saos.org.pl/judgments/78582
78573|1998-10-01|SN|I PKN 366/98|Wyrok|https://www.saos.org.pl/judgments/78573
78500|1998-09-02|SN|I PKN 284/98|Wyrok|https://www.saos.org.pl/judgments/78500
78474|1998-08-06|SN|I PKN 269/98|Wyrok|https://www.saos.org.pl/judgments/78474
78472|1998-08-06|SN|I PKN 259/98|Wyrok|https://www.saos.org.pl/judgments/78472
78429|1998-07-09|SN|I PKN 12/98|Wyrok|https://www.saos.org.pl/judgments/78429
78412|1998-06-26|SN|I PKN 215/98|Wyrok|https://www.saos.org.pl/judgments/78412
78369|1998-06-03|SN|I PKN 49/98|Wyrok|https://www.saos.org.pl/judgments/78369
78366|1998-06-03|SN|I PKN 173/98|Wyrok|https://www.saos.org.pl/judgments/78366
78361|1998-06-03|SN|I PKN 164/98|Wyrok|https://www.saos.org.pl/judgments/78361
78334|1998-05-20|SN|I PKN 135/98|Wyrok|https://www.saos.org.pl/judgments/78334
78312|1998-05-14|SN|I PKN 121/98|Wyrok|https://www.saos.org.pl/judgments/78312
78320|1998-05-13|SN|I PKN 96/98|Wyrok|https://www.saos.org.pl/judgments/78320
78305|1998-05-13|SN|I PKN 106/98|Wyrok|https://www.saos.org.pl/judgments/78305
78286|1998-05-07|SN|I PKN 69/98|Wyrok|https://www.saos.org.pl/judgments/78286
78272|1998-04-22|SN|I PKN 58/98|Wyrok|https://www.saos.org.pl/judgments/78272
78252|1998-04-09|SN|I PKN 40/98|Wyrok|https://www.saos.org.pl/judgments/78252
78218|1998-03-26|SN|I PKN 571/97|Wyrok|https://www.saos.org.pl/judgments/78218
78205|1998-03-19|SN|I PKN 570/97|Wyrok|https://www.saos.org.pl/judgments/78205
78177|1998-03-06|SN|I PKN 552/97|Wyrok|https://www.saos.org.pl/judgments/78177
78159|1998-02-24|SN|I PKN 539/97|Wyrok|https://www.saos.org.pl/judgments/78159
78146|1998-02-17|SN|I PKN 532/97|Wyrok|https://www.saos.org.pl/judgments/78146
78141|1998-02-17|SN|I PKN 523/97|Wyrok|https://www.saos.org.pl/judgments/78141
78116|1998-02-05|SN|I PKN 510/97|Wyrok|https://www.saos.org.pl/judgments/78116
78082|1998-01-23|SN|I PKN 501/97|Wyrok|https://www.saos.org.pl/judgments/78082
78078|1998-01-23|SN|I PKN 489/97|Wyrok|https://www.saos.org.pl/judgments/78078
78074|1998-01-19|SN|I PKN 484/97|Wyrok|https://www.saos.org.pl/judgments/78074
78072|1998-01-19|SN|I PKN 480/97|Wyrok|https://www.saos.org.pl/judgments/78072
78054|1998-01-12|SN|I PKN 467/97|Wyrok|https://www.saos.org.pl/judgments/78054
78050|1998-01-12|SN|I PKN 459/97|Wyrok|https://www.saos.org.pl/judgments/78050
78048|1998-01-12|SN|I PKN 454/97|Wyrok|https://www.saos.org.pl/judgments/78048
78009|1997-12-19|SN|I PKN 444/97|Wyrok|https://www.saos.org.pl/judgments/78009
77979|1997-12-08|SN|I PKN 423/97|Wyrok|https://www.saos.org.pl/judgments/77979
77959|1997-12-02|SN|I PKN 409/97|Wyrok|https://www.saos.org.pl/judgments/77959
77957|1997-12-02|SN|I PKN 407/97|Wyrok|https://www.saos.org.pl/judgments/77957
77943|1997-11-27|SN|I PKN 399/97|Wyrok|https://www.saos.org.pl/judgments/77943
77942|1997-11-27|SN|I PKN 393/97|Wyrok|https://www.saos.org.pl/judgments/77942
77940|1997-11-27|SN|I PKN 387/97|Wyrok|https://www.saos.org.pl/judgments/77940
77918|1997-11-19|SN|I PKN 374/97|Wyrok|https://www.saos.org.pl/judgments/77918
77915|1997-11-17|SN|I PKN 366/97|Wyrok|https://www.saos.org.pl/judgments/77915
77902|1997-11-13|SN|I PKN 347/97|Wyrok|https://www.saos.org.pl/judgments/77902
77887|1997-11-03|SN|I PKN 335/97|Wyrok|https://www.saos.org.pl/judgments/77887
77885|1997-11-03|SN|I PKN 333/97|Wyrok|https://www.saos.org.pl/judgments/77885
77884|1997-11-03|SN|I PKN 327/97|Wyrok|https://www.saos.org.pl/judgments/77884
77870|1997-10-24|SN|I PKN 280/97|Wyrok|https://www.saos.org.pl/judgments/77870
77868|1997-10-14|SN|I PKN 325/97|Wyrok|https://www.saos.org.pl/judgments/77868
77866|1997-10-14|SN|I PKN 319/97|Wyrok|https://www.saos.org.pl/judgments/77866
77863|1997-10-14|SN|I PKN 228/97|Wyrok|https://www.saos.org.pl/judgments/77863
77846|1997-10-01|SN|I PKN 315/97|Wyrok|https://www.saos.org.pl/judgments/77846
77820|1997-09-23|SN|I PKN 274/97|Wyrok|https://www.saos.org.pl/judgments/77820
77815|1997-09-17|SN|I PKN 273/97|Wyrok|https://www.saos.org.pl/judgments/77815
77814|1997-09-17|SN|I PKN 268/97|Wyrok|https://www.saos.org.pl/judgments/77814
77812|1997-09-17|SN|I PKN 265/97|Wyrok|https://www.saos.org.pl/judgments/77812
77796|1997-09-10|SN|I PKN 246/97|Wyrok|https://www.saos.org.pl/judgments/77796
77763|1997-08-20|SN|I PKN 232/97|Wyrok|https://www.saos.org.pl/judgments/77763
77762|1997-08-20|SN|I PKN 225/97|Wyrok|https://www.saos.org.pl/judgments/77762
77653|1997-05-16|SN|I PKN 161/97|Wyrok|https://www.saos.org.pl/judgments/77653
77649|1997-05-15|SN|I PKN 155/97|Wyrok|https://www.saos.org.pl/judgments/77649
77633|1997-05-09|SN|I PKN 144/97|Wyrok|https://www.saos.org.pl/judgments/77633
77632|1997-05-09|SN|I PKN 143/97|Wyrok|https://www.saos.org.pl/judgments/77632
77613|1997-04-28|SN|I PKN 117/97|Wyrok|https://www.saos.org.pl/judgments/77613
77565|1997-04-11|SN|I PKN 79/97|Wyrok|https://www.saos.org.pl/judgments/77565
77564|1997-04-09|SN|I PKN 74/97|Wyrok|https://www.saos.org.pl/judgments/77564
77547|1997-04-03|SN|I PKN 63/97|Wyrok|https://www.saos.org.pl/judgments/77547
77526|1997-03-21|SN|I PKN 54/97|Wyrok|https://www.saos.org.pl/judgments/77526
77499|1997-03-07|SN|I PKN 52/96|Wyrok|https://www.saos.org.pl/judgments/77499
77496|1997-03-07|SN|I PKN 30/97|Wyrok|https://www.saos.org.pl/judgments/77496
77495|1997-03-07|SN|I PKN 28/97|Wyrok|https://www.saos.org.pl/judgments/77495
77484|1997-02-27|SN|I PKN 23/97|Wyrok|https://www.saos.org.pl/judgments/77484
77480|1997-02-27|SN|I PKN 17/97|Wyrok|https://www.saos.org.pl/judgments/77480
77470|1997-02-21|SN|I PKN 9/97|Wyrok|https://www.saos.org.pl/judgments/77470
77466|1997-02-21|SN|I PKN 10/97|Wyrok|https://www.saos.org.pl/judgments/77466
77458|1997-02-13|SN|I PKN 80/96|Wyrok|https://www.saos.org.pl/judgments/77458
77385|1997-01-07|SN|I PKN 55/96|Wyrok|https://www.saos.org.pl/judgments/77385
77369|1996-12-19|SN|I PKN 46/96|Wyrok|https://www.saos.org.pl/judgments/77369
77326|1996-11-20|SN|I PKN 19/96|Wyrok|https://www.saos.org.pl/judgments/77326
77325|1996-11-20|SN|I PKN 14/96|Wyrok|https://www.saos.org.pl/judgments/77325
77206|1996-07-17|SN|II URN 13/96|Wyrok|https://www.saos.org.pl/judgments/77206
77119|1996-03-28|SN|I PRN 1/96|Wyrok|https://www.saos.org.pl/judgments/77119
77106|1996-03-20|SN|I PRN 33/96|Wyrok|https://www.saos.org.pl/judgments/77106
77103|1996-03-12|SN|I PRN 5/96|Wyrok|https://www.saos.org.pl/judgments/77103
77101|1996-03-12|SN|I PRN 14/96|Wyrok|https://www.saos.org.pl/judgments/77101
77041|1996-01-18|SN|I PRN 103/95|Wyrok|https://www.saos.org.pl/judgments/77041
76943|1995-10-03|SN|I PZP 25/95|Uchwała|https://www.saos.org.pl/judgments/76943
76932|1995-09-21|SN|I PRN 60/95|Wyrok|https://www.saos.org.pl/judgments/76932
76867|1995-06-13|SN|I PRN 26/95|Wyrok|https://www.saos.org.pl/judgments/76867
76662|1994-10-11|SN|I PRN 76/94|Wyrok|https://www.saos.org.pl/judgments/76662
76604|1994-08-04|SN|I PRN 49/94|Wyrok|https://www.saos.org.pl/judgments/76604
76555|1994-06-07|SN|I PRN 29/94|Wyrok|https://www.saos.org.pl/judgments/76555
