saos_id|date|court|case_number|type|score|saos_url
205680|1995-01-25|TK|W 14/94|Uchwała|100|https://www.saos.org.pl/judgments/205680
110895|2012-12-12|TK|K 1/12|Wyrok|98|https://www.saos.org.pl/judgments/110895
106392|2003-06-02|TK|SK 34/01|Wyrok|98|https://www.saos.org.pl/judgments/106392
104750|2014-03-20|SN|III PZP 1/14|Uchwała|89|https://www.saos.org.pl/judgments/104750
104330|2014-02-06|SN|II PZP 2/13|Uchwała|89|https://www.saos.org.pl/judgments/104330
97220|2012-02-14|SN|III PZP 1/12|Uchwała|89|https://www.saos.org.pl/judgments/97220
95380|2011-07-06|SN|II PZP 1/11|Uchwała|89|https://www.saos.org.pl/judgments/95380
88169|2008-06-05|SN|II PZP 9/08|Uchwała|89|https://www.saos.org.pl/judgments/88169
87640|2008-03-18|SN|II PZP 3/08|Uchwała|89|https://www.saos.org.pl/judgments/87640
83932|2005-12-15|SN|I KZP 34/05|Uchwała|89|https://www.saos.org.pl/judgments/83932
76908|1995-08-29|SN|I PZP 22/95|Uchwała|89|https://www.saos.org.pl/judgments/76908
76849|1995-05-26|SN|I PZP 13/95|Uchwała|89|https://www.saos.org.pl/judgments/76849
76777|1995-02-15|SN|II PZP 6/94|Uchwała|89|https://www.saos.org.pl/judgments/76777
76614|1994-08-11|SN|II UZP 19/94|Uchwała|89|https://www.saos.org.pl/judgments/76614
107846|2006-07-26|TK|Ts 117/05|Postanowienie|80|https://www.saos.org.pl/judgments/107846
245234|2016-05-05|SN|II UK 280/15|Wyrok|78|https://www.saos.org.pl/judgments/245234
245207|2016-04-28|SN|I UK 156/15|Wyrok|78|https://www.saos.org.pl/judgments/245207
244877|2016-03-08|SN|IV KK 379/15|Wyrok|78|https://www.saos.org.pl/judgments/244877
244693|2016-02-25|SN|III CSK 115/15|Wyrok|78|https://www.saos.org.pl/judgments/244693
243375|2015-09-24|SN|I UK 490/14|Wyrok|78|https://www.saos.org.pl/judgments/243375
242975|2015-07-09|SN|I PK 216/14|Wyrok|78|https://www.saos.org.pl/judgments/242975
242908|2015-06-22|SN|I UK 369/14|Wyrok|78|https://www.saos.org.pl/judgments/242908
245533|2015-05-28|SN|III PK 143/14|Wyrok|78|https://www.saos.org.pl/judgments/245533
167888|2015-01-13|SN|II PK 82/14|Wyrok|78|https://www.saos.org.pl/judgments/167888
167449|2014-11-18|SN|II PK 5/14|Wyrok|78|https://www.saos.org.pl/judgments/167449
167361|2014-11-12|SN|II PK 24/14|Wyrok|78|https://www.saos.org.pl/judgments/167361
166883|2014-09-30|SN|II PK 282/13|Wyrok|78|https://www.saos.org.pl/judgments/166883
166696|2014-09-18|SN|III PK 136/13|Wyrok|78|https://www.saos.org.pl/judgments/166696
165872|2014-05-20|SN|I UK 432/13|Wyrok|78|https://www.saos.org.pl/judgments/165872
104386|2014-02-13|SN|I UK 323/13|Wyrok|78|https://www.saos.org.pl/judgments/104386
103813|2013-12-12|SN|I PK 135/13|Wyrok|78|https://www.saos.org.pl/judgments/103813
103580|2013-11-19|SN|I PK 120/13|Wyrok|78|https://www.saos.org.pl/judgments/103580
103224|2013-10-22|SN|III UK 155/12|Wyrok|78|https://www.saos.org.pl/judgments/103224
100871|2013-02-27|SN|II UK 198/12|Wyrok|78|https://www.saos.org.pl/judgments/100871
98717|2012-07-27|SN|I PK 63/12|Wyrok|78|https://www.saos.org.pl/judgments/98717
98690|2012-07-19|SN|II PK 316/11|Wyrok|78|https://www.saos.org.pl/judgments/98690
98427|2012-06-19|SN|II PK 270/11|Wyrok|78|https://www.saos.org.pl/judgments/98427
98373|2012-06-13|SN|II PK 298/11|Wyrok|78|https://www.saos.org.pl/judgments/98373
98372|2012-06-13|SN|II PK 292/11|Wyrok|78|https://www.saos.org.pl/judgments/98372
98200|2012-05-24|SN|II UK 266/11|Wyrok|78|https://www.saos.org.pl/judgments/98200
98199|2012-05-24|SN|II UK 265/11|Wyrok|78|https://www.saos.org.pl/judgments/98199
98103|2012-05-14|SN|II PK 237/11|Wyrok|78|https://www.saos.org.pl/judgments/98103
97989|2012-05-10|SN|II PK 215/11|Wyrok|78|https://www.saos.org.pl/judgments/97989
97906|2012-04-25|SN|I UK 384/11|Wyrok|78|https://www.saos.org.pl/judgments/97906
97905|2012-04-25|SN|I UK 383/11|Wyrok|78|https://www.saos.org.pl/judgments/97905
97092|2012-02-09|SN|I UK 260/11|Wyrok|78|https://www.saos.org.pl/judgments/97092
96066|2011-10-18|SN|III UK 22/11|Wyrok|78|https://www.saos.org.pl/judgments/96066
94989|2011-05-19|SN|I PK 264/10|Wyrok|78|https://www.saos.org.pl/judgments/94989
94882|2011-05-05|SN|II UK 326/10|Wyrok|78|https://www.saos.org.pl/judgments/94882
94391|2011-03-08|SN|II PK 165/10|Wyrok|78|https://www.saos.org.pl/judgments/94391
94337|2011-03-03|SN|II PK 161/10|Wyrok|78|https://www.saos.org.pl/judgments/94337
94336|2011-03-03|SN|II PK 107/10|Wyrok|78|https://www.saos.org.pl/judgments/94336
94104|2011-02-03|SN|II UK 235/10|Wyrok|78|https://www.saos.org.pl/judgments/94104
93320|2010-11-03|SN|I PK 85/10|Wyrok|78|https://www.saos.org.pl/judgments/93320
92366|2010-06-02|SN|I UK 36/10|Wyrok|78|https://www.saos.org.pl/judgments/92366
92167|2010-05-05|SN|I PK 201/09|Wyrok|78|https://www.saos.org.pl/judgments/92167
92133|2010-04-28|SN|II PK 316/09|Wyrok|78|https://www.saos.org.pl/judgments/92133
165282|2010-04-15|SN|II UK 296/09|Wyrok|78|https://www.saos.org.pl/judgments/165282
165281|2010-04-07|SN|II UK 177/09|Wyrok|78|https://www.saos.org.pl/judgments/165281
165277|2010-04-07|SN|I UK 352/08|Wyrok|78|https://www.saos.org.pl/judgments/165277
76336|2010-04-07|SN|II UK 357/09|Wyrok|78|https://www.saos.org.pl/judgments/76336
91770|2010-02-03|SN|II PK 196/09|Wyrok|78|https://www.saos.org.pl/judgments/91770
91767|2010-02-02|SN|II PK 157/09|Wyrok|78|https://www.saos.org.pl/judgments/91767
89778|2009-03-06|SN|I UK 296/08|Wyrok|78|https://www.saos.org.pl/judgments/89778
89511|2009-01-19|SN|II PK 131/08|Wyrok|78|https://www.saos.org.pl/judgments/89511
89433|2009-01-16|SN|I PK 103/08|Wyrok|78|https://www.saos.org.pl/judgments/89433
89419|2009-01-06|SN|II PK 111/08|Wyrok|78|https://www.saos.org.pl/judgments/89419
89307|2008-12-04|SN|II PK 139/08|Wyrok|78|https://www.saos.org.pl/judgments/89307
89306|2008-12-04|SN|II PK 137/08|Wyrok|78|https://www.saos.org.pl/judgments/89306
89063|2008-11-04|SN|I UK 108/08|Wyrok|78|https://www.saos.org.pl/judgments/89063
88402|2008-07-02|SN|II UK 334/07|Wyrok|78|https://www.saos.org.pl/judgments/88402
88200|2008-06-10|SN|I UK 376/07|Wyrok|78|https://www.saos.org.pl/judgments/88200
88012|2008-05-09|SN|II PK 318/07|Wyrok|78|https://www.saos.org.pl/judgments/88012
87764|2008-04-03|SN|II PK 281/07|Wyrok|78|https://www.saos.org.pl/judgments/87764
87322|2008-02-14|SN|I UK 206/07|Wyrok|78|https://www.saos.org.pl/judgments/87322
87012|2008-01-09|SN|III UK 77/07|Wyrok|78|https://www.saos.org.pl/judgments/87012
87009|2008-01-09|SN|III UK 73/07|Wyrok|78|https://www.saos.org.pl/judgments/87009
86358|2007-07-26|SN|II UK 1/07|Wyrok|78|https://www.saos.org.pl/judgments/86358
85604|2007-04-03|SN|II PK 252/06|Wyrok|78|https://www.saos.org.pl/judgments/85604
84319|2006-05-16|SN|I PK 217/05|Wyrok|78|https://www.saos.org.pl/judgments/84319
84296|2006-05-09|SN|II PK 265/05|Wyrok|78|https://www.saos.org.pl/judgments/84296
83880|2005-11-30|SN|I UK 61/05|Wyrok|78|https://www.saos.org.pl/judgments/83880
83777|2005-10-11|SN|I PK 42/05|Wyrok|78|https://www.saos.org.pl/judgments/83777
83760|2005-10-05|SN|I UK 32/05|Wyrok|78|https://www.saos.org.pl/judgments/83760
83656|2005-08-04|SN|II UK 320/04|Wyrok|78|https://www.saos.org.pl/judgments/83656
83592|2005-07-13|SN|I UK 314/04|Wyrok|78|https://www.saos.org.pl/judgments/83592
83570|2005-07-07|SN|II UK 275/04|Wyrok|78|https://www.saos.org.pl/judgments/83570
83485|2005-06-14|SN|I PK 269/04|Wyrok|78|https://www.saos.org.pl/judgments/83485
83166|2005-01-25|SN|I UK 142/04|Wyrok|78|https://www.saos.org.pl/judgments/83166
83028|2004-12-02|SN|I PK 71/04|Wyrok|78|https://www.saos.org.pl/judgments/83028
82237|2003-10-10|SN|I PK 295/02|Wyrok|78|https://www.saos.org.pl/judgments/82237
81152|2002-01-22|SN|II UKN 746/00|Wyrok|78|https://www.saos.org.pl/judgments/81152
80419|2001-03-14|SN|II UKN 274/00|Wyrok|78|https://www.saos.org.pl/judgments/80419
80360|2001-02-27|SN|I PKN 257/00|Wyrok|78|https://www.saos.org.pl/judgments/80360
80221|2001-01-11|SN|I PKN 183/00|Wyrok|78|https://www.saos.org.pl/judgments/80221
79767|2000-06-06|SN|I PKN 698/99|Wyrok|78|https://www.saos.org.pl/judgments/79767
79739|2000-05-24|SN|II UKN 568/99|Wyrok|78|https://www.saos.org.pl/judgments/79739
79676|2000-05-09|SN|I PKN 620/99|Wyrok|78|https://www.saos.org.pl/judgments/79676
79602|2000-03-31|SN|II UKN 460/99|Wyrok|78|https://www.saos.org.pl/judgments/79602
79535|2000-02-09|SN|I PKN 496/99|Wyrok|78|https://www.saos.org.pl/judgments/79535
79524|2000-02-02|SN|II UKN 360/99|Wyrok|78|https://www.saos.org.pl/judgments/79524
79308|1999-10-13|SN|I PKN 297/99|Wyrok|78|https://www.saos.org.pl/judgments/79308
79264|1999-09-22|SN|I PKN 263/99|Wyrok|78|https://www.saos.org.pl/judgments/79264
79249|1999-09-10|SN|II UKN 7/99|Wyrok|78|https://www.saos.org.pl/judgments/79249
79073|1999-06-08|SN|I PKN 104/99|Wyrok|78|https://www.saos.org.pl/judgments/79073
79041|1999-05-21|SN|I PKN 65/99|Wyrok|78|https://www.saos.org.pl/judgments/79041
78917|1999-03-24|SN|I PKN 635/98|Wyrok|78|https://www.saos.org.pl/judgments/78917
78837|1999-02-09|SN|I PKN 562/98|Wyrok|78|https://www.saos.org.pl/judgments/78837
78780|1999-01-08|SN|II UKN 397/98|Wyrok|78|https://www.saos.org.pl/judgments/78780
78669|1998-11-06|SN|III ZP 33/98|Wyrok|78|https://www.saos.org.pl/judgments/78669
78622|1998-10-21|SN|II UKN 269/98|Wyrok|78|https://www.saos.org.pl/judgments/78622
78603|1998-10-13|SN|I PKN 345/98|Wyrok|78|https://www.saos.org.pl/judgments/78603
78214|1998-03-26|SN|I PKN 563/97|Wyrok|78|https://www.saos.org.pl/judgments/78214
78142|1998-02-17|SN|I PKN 526/97|Wyrok|78|https://www.saos.org.pl/judgments/78142
78072|1998-01-19|SN|I PKN 480/97|Wyrok|78|https://www.saos.org.pl/judgments/78072
77849|1997-10-02|SN|II UKN 280/97|Wyrok|78|https://www.saos.org.pl/judgments/77849
77514|1997-03-13|SN|I PKN 43/97|Wyrok|78|https://www.saos.org.pl/judgments/77514
76474|1994-03-15|SN|II UR 2/94|Wyrok|78|https://www.saos.org.pl/judgments/76474
168954|2015-04-21|SN|II UK 317/14|Postanowienie|69|https://www.saos.org.pl/judgments/168954
245370|2014-07-16|SN|II PK 19/14|Postanowienie|69|https://www.saos.org.pl/judgments/245370
97276|2012-02-22|SN|II UK 273/11|Postanowienie|69|https://www.saos.org.pl/judgments/97276
96966|2012-01-26|SN|III UK 64/11|Postanowienie|69|https://www.saos.org.pl/judgments/96966
95784|2011-09-21|SN|II PK 34/11|Postanowienie|69|https://www.saos.org.pl/judgments/95784
87786|2008-04-11|SN|I PZ 4/08|Postanowienie|69|https://www.saos.org.pl/judgments/87786
86390|2007-08-02|SN|III UK 46/07|Postanowienie|69|https://www.saos.org.pl/judgments/86390
84091|2006-02-08|SN|III UZP 3/05|Postanowienie|69|https://www.saos.org.pl/judgments/84091
84071|2006-02-07|SN|I PK 156/05|Postanowienie|69|https://www.saos.org.pl/judgments/84071
83333|2005-04-13|SN|III KK 23/05|Postanowienie|69|https://www.saos.org.pl/judgments/83333
80359|2001-02-26|SN|I PKN 20/01|Postanowienie|69|https://www.saos.org.pl/judgments/80359
77406|1997-01-17|SN|I PKN 66/96|Postanowienie|69|https://www.saos.org.pl/judgments/77406
77275|1996-10-08|SN|I PRN 91/96|Postanowienie|69|https://www.saos.org.pl/judgments/77275
76716|1994-11-23|SN|III PO 8/94|Postanowienie|69|https://www.saos.org.pl/judgments/76716
543459|2025-11-10|SO|III AUa 1410/25|Wyrok|56|https://www.saos.org.pl/judgments/543459
543465|2025-11-05|SO|III AUa 502/25|Wyrok|56|https://www.saos.org.pl/judgments/543465
543460|2025-11-04|SO|III AUa 1412/25|Wyrok|56|https://www.saos.org.pl/judgments/543460
543464|2025-10-22|SO|III AUa 33/25|Wyrok|56|https://www.saos.org.pl/judgments/543464
543715|2025-10-07|SO|III AUa 334/25|Wyrok|56|https://www.saos.org.pl/judgments/543715
537916|2025-07-23|SO|III AUa 32/25|Wyrok|56|https://www.saos.org.pl/judgments/537916
537949|2025-06-10|SO|III AUa 999/23|Wyrok|56|https://www.saos.org.pl/judgments/537949
540180|2025-05-14|SO|III AUa 475/23|Wyrok|56|https://www.saos.org.pl/judgments/540180
537922|2025-03-26|SO|III AUa 429/24|Wyrok|56|https://www.saos.org.pl/judgments/537922
526315|2025-03-12|SO|III AUa 603/24|Wyrok|56|https://www.saos.org.pl/judgments/526315
531371|2025-02-26|SO|III AUa 217/24|Wyrok|56|https://www.saos.org.pl/judgments/531371
531301|2025-02-20|SO|III AUa 49/24|Wyrok|56|https://www.saos.org.pl/judgments/531301
537909|2025-02-19|SO|III AUa 230/24|Wyrok|56|https://www.saos.org.pl/judgments/537909
531122|2025-01-29|SO|III AUa 151/23|Wyrok|56|https://www.saos.org.pl/judgments/531122
539084|2024-12-30|SO|III AUa 1037/23|Wyrok|56|https://www.saos.org.pl/judgments/539084
531133|2024-12-17|SO|III AUa 477/23|Wyrok|56|https://www.saos.org.pl/judgments/531133
531465|2024-10-03|SO|I ACa 1319/23|Wyrok|56|https://www.saos.org.pl/judgments/531465
505215|2024-08-07|SO|III AUa 952/22|Wyrok|56|https://www.saos.org.pl/judgments/505215
530837|2024-07-30|SO|III AUa 401/23|Wyrok|56|https://www.saos.org.pl/judgments/530837
505114|2024-07-24|SO|III AUa 678/23|Wyrok|56|https://www.saos.org.pl/judgments/505114
528583|2024-07-23|SO|III AUa 343/23|Wyrok|56|https://www.saos.org.pl/judgments/528583
530696|2024-07-17|SO|III AUa 316/23|Wyrok|56|https://www.saos.org.pl/judgments/530696
505082|2024-07-17|SO|III AUa 598/23|Wyrok|56|https://www.saos.org.pl/judgments/505082
505076|2024-07-17|SO|III AUa 588/23|Wyrok|56|https://www.saos.org.pl/judgments/505076
505172|2024-07-09|SO|III AUa 797/23|Wyrok|56|https://www.saos.org.pl/judgments/505172
505024|2024-05-20|SO|III AUa 49/23|Wyrok|56|https://www.saos.org.pl/judgments/505024
505075|2024-05-08|SO|III AUa 587/23|Wyrok|56|https://www.saos.org.pl/judgments/505075
504899|2024-05-08|SO|III AUa 302/23|Wyrok|56|https://www.saos.org.pl/judgments/504899
504707|2024-05-06|SO|III AUa 1238/22|Wyrok|56|https://www.saos.org.pl/judgments/504707
505027|2024-04-30|SO|III AUa 5/22|Wyrok|56|https://www.saos.org.pl/judgments/505027
504801|2024-04-25|SO|III AUa 1633/22|Wyrok|56|https://www.saos.org.pl/judgments/504801
520664|2024-04-18|SO|III AUa 226/23|Wyrok|56|https://www.saos.org.pl/judgments/520664
505180|2024-04-16|SO|III AUa 817/22|Wyrok|56|https://www.saos.org.pl/judgments/505180
504634|2024-03-27|SO|III APa 79/21|Wyrok|56|https://www.saos.org.pl/judgments/504634
505106|2024-03-21|SO|III AUa 665/22|Wyrok|56|https://www.saos.org.pl/judgments/505106
505035|2024-03-05|SO|III AUa 51/23|Wyrok|56|https://www.saos.org.pl/judgments/505035
505209|2024-02-21|SO|III AUa 92/22|Wyrok|56|https://www.saos.org.pl/judgments/505209
504795|2024-02-21|SO|III AUa 1598/22|Wyrok|56|https://www.saos.org.pl/judgments/504795
505094|2024-02-14|SO|III AUa 614/22|Wyrok|56|https://www.saos.org.pl/judgments/505094
505061|2024-02-14|SO|III AUa 559/22|Wyrok|56|https://www.saos.org.pl/judgments/505061
504817|2024-02-01|SO|III AUa 174/23|Wyrok|56|https://www.saos.org.pl/judgments/504817
504765|2024-01-24|SO|III AUa 1491/22|Wyrok|56|https://www.saos.org.pl/judgments/504765
505220|2024-01-11|SO|III AUa 98/23|Wyrok|56|https://www.saos.org.pl/judgments/505220
505142|2023-12-29|SO|III AUa 723/22|Wyrok|56|https://www.saos.org.pl/judgments/505142
504821|2023-12-08|SO|III AUa 175/23|Wyrok|56|https://www.saos.org.pl/judgments/504821
505036|2023-10-27|SO|III AUa 510/22|Wyrok|56|https://www.saos.org.pl/judgments/505036
505028|2023-09-29|SO|III AUa 5/23|Wyrok|56|https://www.saos.org.pl/judgments/505028
504974|2023-06-22|SO|III AUa 411/22|Wyrok|56|https://www.saos.org.pl/judgments/504974
505109|2023-05-25|SO|III AUa 67/22|Wyrok|56|https://www.saos.org.pl/judgments/505109
492959|2023-05-24|SO|III AUa 788/21|Wyrok|56|https://www.saos.org.pl/judgments/492959
492941|2023-05-24|SO|III AUa 1086/21|Wyrok|56|https://www.saos.org.pl/judgments/492941
504989|2023-03-31|SO|III AUa 437/22|Wyrok|56|https://www.saos.org.pl/judgments/504989
504970|2023-02-28|SO|III AUa 405/22|Wyrok|56|https://www.saos.org.pl/judgments/504970
487299|2023-02-17|SO|III AUa 666/20|Wyrok|56|https://www.saos.org.pl/judgments/487299
486650|2023-02-16|SO|III AUa 168/21|Wyrok|56|https://www.saos.org.pl/judgments/486650
504971|2023-02-09|SO|III AUa 407/22|Wyrok|56|https://www.saos.org.pl/judgments/504971
504869|2023-02-09|SO|III AUa 239/22|Wyrok|56|https://www.saos.org.pl/judgments/504869
491101|2023-01-23|SO|III AUa 71/22|Wyrok|56|https://www.saos.org.pl/judgments/491101
486648|2023-01-18|SO|III AUa 159/21|Wyrok|56|https://www.saos.org.pl/judgments/486648
482947|2022-12-06|SO|III AUa 650/21|Wyrok|56|https://www.saos.org.pl/judgments/482947
481646|2022-12-06|SO|III AUa 527/21|Wyrok|56|https://www.saos.org.pl/judgments/481646
481638|2022-11-15|SO|III AUa 297/21|Wyrok|56|https://www.saos.org.pl/judgments/481638
492022|2022-11-10|SO|III APa 3/22|Wyrok|56|https://www.saos.org.pl/judgments/492022
490354|2022-11-09|SO|III AUa 1382/21|Wyrok|56|https://www.saos.org.pl/judgments/490354
481642|2022-11-09|SO|III AUa 389/21|Wyrok|56|https://www.saos.org.pl/judgments/481642
525754|2022-10-26|SO|III AUa 507/21|Wyrok|56|https://www.saos.org.pl/judgments/525754
478755|2022-10-26|SO|III AUa 860/18|Wyrok|56|https://www.saos.org.pl/judgments/478755
487836|2022-10-25|SO|III AUa 81/22|Wyrok|56|https://www.saos.org.pl/judgments/487836
519197|2022-10-20|SO|III AUa 26/22|Wyrok|56|https://www.saos.org.pl/judgments/519197
480083|2022-10-19|SO|III AUa 128/22|Wyrok|56|https://www.saos.org.pl/judgments/480083
478605|2022-10-06|SO|III AUa 182/22|Wyrok|56|https://www.saos.org.pl/judgments/478605
525744|2022-09-01|SO|III AUa 1120/20|Wyrok|56|https://www.saos.org.pl/judgments/525744
477347|2022-08-31|SO|III AUa 560/21|Wyrok|56|https://www.saos.org.pl/judgments/477347
476785|2022-07-27|SO|III AUa 584/19|Wyrok|56|https://www.saos.org.pl/judgments/476785
471561|2022-06-30|SO|III AUa 433/21|Wyrok|56|https://www.saos.org.pl/judgments/471561
474092|2022-06-15|SO|III AUa 5/21|Wyrok|56|https://www.saos.org.pl/judgments/474092
471556|2022-06-15|SO|III AUa 19/21|Wyrok|56|https://www.saos.org.pl/judgments/471556
478298|2022-06-08|SO|III AUa 151/22|Wyrok|56|https://www.saos.org.pl/judgments/478298
474098|2022-06-08|SO|III AUa 670/21|Wyrok|56|https://www.saos.org.pl/judgments/474098
477349|2022-06-07|SO|III AUa 80/22|Wyrok|56|https://www.saos.org.pl/judgments/477349
467253|2022-05-04|SO|III AUa 1062/21|Wyrok|56|https://www.saos.org.pl/judgments/467253
472477|2022-04-20|SO|III AUa 929/17|Wyrok|56|https://www.saos.org.pl/judgments/472477
472468|2022-04-13|SO|III AUa 1569/21|Wyrok|56|https://www.saos.org.pl/judgments/472468
477344|2022-04-08|SO|III AUa 393/21|Wyrok|56|https://www.saos.org.pl/judgments/477344
467977|2022-03-29|SO|III AUa 547/21|Wyrok|56|https://www.saos.org.pl/judgments/467977
464997|2022-03-23|SO|III AUa 850/21|Wyrok|56|https://www.saos.org.pl/judgments/464997
467962|2022-03-17|SO|III AUa 13/22|Wyrok|56|https://www.saos.org.pl/judgments/467962
485848|2022-02-28|SO|I ACa 1021/21|Wyrok|56|https://www.saos.org.pl/judgments/485848
460603|2022-02-02|SO|III AUa 1130/20|Wyrok|56|https://www.saos.org.pl/judgments/460603
467478|2022-01-13|SO|III AUa 352/21|Wyrok|56|https://www.saos.org.pl/judgments/467478
457414|2022-01-12|SO|III AUa 947/20|Wyrok|56|https://www.saos.org.pl/judgments/457414
457412|2022-01-12|SO|III AUa 931/20|Wyrok|56|https://www.saos.org.pl/judgments/457412
474980|2021-12-29|SO|III AUa 520/21|Wyrok|56|https://www.saos.org.pl/judgments/474980
463997|2021-11-29|SO|III AUa 1245/20|Wyrok|56|https://www.saos.org.pl/judgments/463997
460647|2021-10-20|SO|III AUa 71/20|Wyrok|56|https://www.saos.org.pl/judgments/460647
460631|2021-10-20|SO|III AUa 23/21|Wyrok|56|https://www.saos.org.pl/judgments/460631
462893|2021-10-06|SO|III AUa 296/21|Wyrok|56|https://www.saos.org.pl/judgments/462893
460617|2021-08-18|SO|III AUa 1350/19|Wyrok|56|https://www.saos.org.pl/judgments/460617
457989|2021-08-17|SO|III AUa 1396/19|Wyrok|56|https://www.saos.org.pl/judgments/457989
454197|2021-07-07|SO|III AUa 455/21|Wyrok|56|https://www.saos.org.pl/judgments/454197
451286|2021-06-30|SO|III AUa 473/21|Wyrok|56|https://www.saos.org.pl/judgments/451286
447124|2021-06-18|SO|III AUa 122/21|Wyrok|56|https://www.saos.org.pl/judgments/447124
442136|2021-06-10|SO|III AUa 62/21|Wyrok|56|https://www.saos.org.pl/judgments/442136
454207|2021-05-27|SO|III AUa 70/21|Wyrok|56|https://www.saos.org.pl/judgments/454207
454199|2021-05-27|SO|III AUa 48/21|Wyrok|56|https://www.saos.org.pl/judgments/454199
447129|2021-04-29|SO|III AUa 63/21|Wyrok|56|https://www.saos.org.pl/judgments/447129
445866|2021-04-29|SO|III AUa 15/21|Wyrok|56|https://www.saos.org.pl/judgments/445866
447621|2021-04-07|SO|III AUa 386/20|Wyrok|56|https://www.saos.org.pl/judgments/447621
445831|2021-03-30|SO|III AUa 493/20|Wyrok|56|https://www.saos.org.pl/judgments/445831
484451|2021-03-11|SO|III AUa 215/20|Wyrok|56|https://www.saos.org.pl/judgments/484451
434853|2021-03-03|SO|III AUa 497/20|Wyrok|56|https://www.saos.org.pl/judgments/434853
443873|2021-02-25|SO|III AUa 395/20|Wyrok|56|https://www.saos.org.pl/judgments/443873
463484|2021-02-03|SO|III AUa 407/19|Wyrok|56|https://www.saos.org.pl/judgments/463484
427653|2020-11-25|SO|III AUa 721/20|Wyrok|56|https://www.saos.org.pl/judgments/427653
426643|2020-11-25|SO|III AUa 226/20|Wyrok|56|https://www.saos.org.pl/judgments/426643
435976|2020-11-18|SO|III AUa 233/20|Wyrok|56|https://www.saos.org.pl/judgments/435976
429346|2020-11-05|SO|II AKa 245/18|Wyrok|56|https://www.saos.org.pl/judgments/429346
469921|2020-10-27|SO|III AUa 1315/20|Wyrok|56|https://www.saos.org.pl/judgments/469921
469915|2020-10-08|SO|III AUa 1139/19|Wyrok|56|https://www.saos.org.pl/judgments/469915
438566|2020-09-30|SO|III AUa 391/20|Wyrok|56|https://www.saos.org.pl/judgments/438566
474060|2020-09-09|SO|III AUa 1275/18|Wyrok|56|https://www.saos.org.pl/judgments/474060
474073|2020-09-03|SO|III AUa 1503/18|Wyrok|56|https://www.saos.org.pl/judgments/474073
464014|2020-09-03|SO|III AUa 924/19|Wyrok|56|https://www.saos.org.pl/judgments/464014
491613|2020-08-11|SO|III AUa 240/20|Wyrok|56|https://www.saos.org.pl/judgments/491613
419251|2020-07-06|SO|III APa 16/19|Wyrok|56|https://www.saos.org.pl/judgments/419251
423629|2020-06-30|SO|V ACa 185/20|Wyrok|56|https://www.saos.org.pl/judgments/423629
418299|2020-04-23|SO|III AUa 587/19|Wyrok|56|https://www.saos.org.pl/judgments/418299
413683|2020-03-19|SO|III AUa 580/19|Wyrok|56|https://www.saos.org.pl/judgments/413683
407462|2020-03-11|SO|III AUa 578/19|Wyrok|56|https://www.saos.org.pl/judgments/407462
462276|2020-03-10|SO|III AUa 851/19|Wyrok|56|https://www.saos.org.pl/judgments/462276
430014|2020-03-10|SO|III AUa 482/19|Wyrok|56|https://www.saos.org.pl/judgments/430014
462074|2020-01-30|SO|III AUa 803/19|Wyrok|56|https://www.saos.org.pl/judgments/462074
409845|2020-01-29|SO|III AUa 1085/19|Wyrok|56|https://www.saos.org.pl/judgments/409845
428046|2020-01-23|SO|III AUa 392/19|Wyrok|56|https://www.saos.org.pl/judgments/428046
403193|2020-01-15|SO|III AUa 324/19|Wyrok|56|https://www.saos.org.pl/judgments/403193
428044|2020-01-09|SO|III AUa 322/19|Wyrok|56|https://www.saos.org.pl/judgments/428044
402951|2019-11-29|SO|III AUa 1168/17|Wyrok|56|https://www.saos.org.pl/judgments/402951
418901|2019-11-27|SO|III AUa 558/19|Wyrok|56|https://www.saos.org.pl/judgments/418901
400226|2019-10-24|SO|III APa 10/18|Wyrok|56|https://www.saos.org.pl/judgments/400226
397265|2019-10-15|SO|III AUa 116/19|Wyrok|56|https://www.saos.org.pl/judgments/397265
461470|2019-10-08|SO|III AUa 761/19|Wyrok|56|https://www.saos.org.pl/judgments/461470
400236|2019-09-20|SO|III AUa 863/18|Wyrok|56|https://www.saos.org.pl/judgments/400236
402858|2019-09-12|SO|III AUa 472/19|Wyrok|56|https://www.saos.org.pl/judgments/402858
457987|2019-07-16|SO|III AUa 111/19|Wyrok|56|https://www.saos.org.pl/judgments/457987
457995|2019-07-04|SO|III AUa 279/19|Wyrok|56|https://www.saos.org.pl/judgments/457995
393087|2019-07-04|SO|III AUa 452/18|Wyrok|56|https://www.saos.org.pl/judgments/393087
389899|2019-06-24|SO|III AUa 956/18|Wyrok|56|https://www.saos.org.pl/judgments/389899
389556|2019-06-19|SO|III AUa 1816/16|Wyrok|56|https://www.saos.org.pl/judgments/389556
408083|2019-06-13|SO|III AUa 74/19|Wyrok|56|https://www.saos.org.pl/judgments/408083
408077|2019-06-13|SO|III AUa 49/19|Wyrok|56|https://www.saos.org.pl/judgments/408077
388787|2019-06-06|SO|III APa 11/19|Wyrok|56|https://www.saos.org.pl/judgments/388787
458771|2019-05-22|SO|III AUa 1367/18|Wyrok|56|https://www.saos.org.pl/judgments/458771
385340|2019-05-16|SO|III AUa 246/18|Wyrok|56|https://www.saos.org.pl/judgments/385340
456618|2019-05-09|SO|III AUa 1140/18|Wyrok|56|https://www.saos.org.pl/judgments/456618
456055|2019-05-08|SO|III AUa 1228/18|Wyrok|56|https://www.saos.org.pl/judgments/456055
387259|2019-05-07|SO|III AUa 851/18|Wyrok|56|https://www.saos.org.pl/judgments/387259
378458|2019-05-07|SO|III AUa 107/19|Wyrok|56|https://www.saos.org.pl/judgments/378458
407583|2019-04-18|SO|VI ACa 100/18|Wyrok|56|https://www.saos.org.pl/judgments/407583
385043|2019-04-09|SO|III AUa 480/18|Wyrok|56|https://www.saos.org.pl/judgments/385043
378446|2019-03-20|SO|III APa 1/19|Wyrok|56|https://www.saos.org.pl/judgments/378446
378480|2019-02-28|SO|III AUa 1574/16|Wyrok|56|https://www.saos.org.pl/judgments/378480
404172|2019-02-27|SO|III AUa 20/19|Wyrok|56|https://www.saos.org.pl/judgments/404172
378539|2019-02-26|SO|III AUa 378/18|Wyrok|56|https://www.saos.org.pl/judgments/378539
389396|2018-12-19|SO|III AUa 308/17|Wyrok|56|https://www.saos.org.pl/judgments/389396
370517|2018-12-14|SO|III AUa 511/18|Wyrok|56|https://www.saos.org.pl/judgments/370517
389388|2018-12-13|SO|III AUa 214/17|Wyrok|56|https://www.saos.org.pl/judgments/389388
402548|2018-11-28|SO|III AUa 861/18|Wyrok|56|https://www.saos.org.pl/judgments/402548
371052|2018-11-28|SO|III AUa 1003/17|Wyrok|56|https://www.saos.org.pl/judgments/371052
374545|2018-11-27|SO|III AUa 377/18|Wyrok|56|https://www.saos.org.pl/judgments/374545
383699|2018-11-22|SO|III AUa 418/17|Wyrok|56|https://www.saos.org.pl/judgments/383699
383705|2018-11-13|SO|III AUa 72/17|Wyrok|56|https://www.saos.org.pl/judgments/383705
374552|2018-11-13|SO|III AUa 74/17|Wyrok|56|https://www.saos.org.pl/judgments/374552
370912|2018-10-31|SO|III APa 7/18|Wyrok|56|https://www.saos.org.pl/judgments/370912
369216|2018-10-30|SO|III AUa 550/18|Wyrok|56|https://www.saos.org.pl/judgments/369216
381400|2018-10-29|SO|III AUa 404/17|Wyrok|56|https://www.saos.org.pl/judgments/381400
390680|2018-10-23|SO|III AUa 61/17|Wyrok|56|https://www.saos.org.pl/judgments/390680
378456|2018-10-09|SO|III AUa 1015/15|Wyrok|56|https://www.saos.org.pl/judgments/378456
367763|2018-10-05|SO|III APa 82/17|Wyrok|56|https://www.saos.org.pl/judgments/367763
452351|2018-10-03|SO|III AUa 803/18|Wyrok|56|https://www.saos.org.pl/judgments/452351
363717|2018-09-20|SO|III AUa 1026/15|Wyrok|56|https://www.saos.org.pl/judgments/363717
374553|2018-09-13|SO|III AUa 78/17|Wyrok|56|https://www.saos.org.pl/judgments/374553
362491|2018-09-12|SO|III AUa 113/17|Wyrok|56|https://www.saos.org.pl/judgments/362491
361158|2018-09-07|SO|III AUa 1240/17|Wyrok|56|https://www.saos.org.pl/judgments/361158
357207|2018-09-04|SO|III AUa 832/18|Wyrok|56|https://www.saos.org.pl/judgments/357207
363431|2018-08-29|SO|III AUa 260/15|Wyrok|56|https://www.saos.org.pl/judgments/363431
385342|2018-08-16|SO|III AUa 33/16|Wyrok|56|https://www.saos.org.pl/judgments/385342
363434|2018-08-16|SO|III AUa 647/15|Wyrok|56|https://www.saos.org.pl/judgments/363434
362504|2018-08-16|SO|III AUa 45/16|Wyrok|56|https://www.saos.org.pl/judgments/362504
355729|2018-08-02|SO|III AUa 586/17|Wyrok|56|https://www.saos.org.pl/judgments/355729
355741|2018-08-01|SO|III AUa 640/17|Wyrok|56|https://www.saos.org.pl/judgments/355741
364576|2018-07-27|SO|III AUa 1299/16|Wyrok|56|https://www.saos.org.pl/judgments/364576
355726|2018-07-05|SO|III AUa 551/17|Wyrok|56|https://www.saos.org.pl/judgments/355726
417209|2018-07-04|SO|III AUa 1842/17|Wyrok|56|https://www.saos.org.pl/judgments/417209
349995|2018-06-14|SO|III AUa 766/14|Wyrok|56|https://www.saos.org.pl/judgments/349995
363433|2018-06-05|SO|III AUa 609/15|Wyrok|56|https://www.saos.org.pl/judgments/363433
362834|2018-06-05|SO|III AUa 416/15|Wyrok|56|https://www.saos.org.pl/judgments/362834
349983|2018-06-05|SO|III AUa 447/15|Wyrok|56|https://www.saos.org.pl/judgments/349983
349982|2018-06-05|SO|III AUa 349/15|Wyrok|56|https://www.saos.org.pl/judgments/349982
352750|2018-05-30|SO|III AUa 324/18|Wyrok|56|https://www.saos.org.pl/judgments/352750
408541|2018-05-22|SO|III AUa 199/18|Wyrok|56|https://www.saos.org.pl/judgments/408541
362508|2018-05-15|SO|III AUa 547/17|Wyrok|56|https://www.saos.org.pl/judgments/362508
378462|2018-04-23|SO|III AUa 118/17|Wyrok|56|https://www.saos.org.pl/judgments/378462
339540|2018-04-19|SO|III AUa 816/17|Wyrok|56|https://www.saos.org.pl/judgments/339540
338308|2018-04-19|SO|III AUa 2399/17|Wyrok|56|https://www.saos.org.pl/judgments/338308
349263|2018-04-17|SO|III AUa 1458/17|Wyrok|56|https://www.saos.org.pl/judgments/349263
339341|2018-04-17|SO|III AUa 844/17|Wyrok|56|https://www.saos.org.pl/judgments/339341
355707|2018-04-12|SO|III AUa 184/17|Wyrok|56|https://www.saos.org.pl/judgments/355707
408543|2018-04-09|SO|III AUa 856/17|Wyrok|56|https://www.saos.org.pl/judgments/408543
337356|2018-04-05|SO|III AUa 837/17|Wyrok|56|https://www.saos.org.pl/judgments/337356
344597|2018-03-28|SO|III AUa 963/17|Wyrok|56|https://www.saos.org.pl/judgments/344597
409021|2018-03-19|SO|III AUa 1951/16|Wyrok|56|https://www.saos.org.pl/judgments/409021
349257|2018-03-15|SO|III AUa 1286/17|Wyrok|56|https://www.saos.org.pl/judgments/349257
339340|2018-03-15|SO|III AUa 810/17|Wyrok|56|https://www.saos.org.pl/judgments/339340
335064|2018-03-14|SO|III AUa 772/17|Wyrok|56|https://www.saos.org.pl/judgments/335064
337526|2018-02-28|SO|III AUa 1001/16|Wyrok|56|https://www.saos.org.pl/judgments/337526
391569|2018-02-14|SO|III AUa 932/17|Wyrok|56|https://www.saos.org.pl/judgments/391569
409213|2018-02-05|SO|III AUa 554/17|Wyrok|56|https://www.saos.org.pl/judgments/409213
333403|2018-01-31|SO|III AUa 149/17|Wyrok|56|https://www.saos.org.pl/judgments/333403
340722|2018-01-25|SO|III AUa 429/17|Wyrok|56|https://www.saos.org.pl/judgments/340722
333852|2018-01-24|SO|III AUa 956/17|Wyrok|56|https://www.saos.org.pl/judgments/333852
333012|2018-01-24|SO|III AUa 388/17|Wyrok|56|https://www.saos.org.pl/judgments/333012
409221|2018-01-09|SO|III AUa 981/17|Wyrok|56|https://www.saos.org.pl/judgments/409221
382571|2017-12-20|SO|III AUa 512/17|Wyrok|56|https://www.saos.org.pl/judgments/382571
325964|2017-12-20|SO|III AUa 636/17|Wyrok|56|https://www.saos.org.pl/judgments/325964
355709|2017-12-14|SO|III AUa 1953/16|Wyrok|56|https://www.saos.org.pl/judgments/355709
344591|2017-12-14|SO|III AUa 2227/16|Wyrok|56|https://www.saos.org.pl/judgments/344591
320821|2017-12-13|SO|III AUa 456/17|Wyrok|56|https://www.saos.org.pl/judgments/320821
408472|2017-12-12|SO|III AUa 1084/17|Wyrok|56|https://www.saos.org.pl/judgments/408472
333232|2017-12-05|SO|III AUa 2119/16|Wyrok|56|https://www.saos.org.pl/judgments/333232
318422|2017-11-30|SO|III AUa 747/17|Wyrok|56|https://www.saos.org.pl/judgments/318422
333230|2017-11-29|SO|III AUa 2036/16|Wyrok|56|https://www.saos.org.pl/judgments/333230
323639|2017-11-27|SO|III APa 49/16|Wyrok|56|https://www.saos.org.pl/judgments/323639
318421|2017-11-23|SO|III AUa 735/17|Wyrok|56|https://www.saos.org.pl/judgments/318421
337796|2017-11-22|SO|III AUa 941/17|Wyrok|56|https://www.saos.org.pl/judgments/337796
322345|2017-10-26|SO|III AUa 938/16|Wyrok|56|https://www.saos.org.pl/judgments/322345
409741|2017-10-03|SO|III AUa 602/17|Wyrok|56|https://www.saos.org.pl/judgments/409741
318405|2017-09-28|SO|III AUa 463/17|Wyrok|56|https://www.saos.org.pl/judgments/318405
385669|2017-09-15|SO|III AUa 1157/16|Wyrok|56|https://www.saos.org.pl/judgments/385669
312888|2017-09-05|SO|III AUa 452/17|Wyrok|56|https://www.saos.org.pl/judgments/312888
305678|2017-06-29|SO|III AUa 709/16|Wyrok|56|https://www.saos.org.pl/judgments/305678
295097|2017-06-23|SO|III AUa 1174/16|Wyrok|56|https://www.saos.org.pl/judgments/295097
310455|2017-06-20|SO|III AUa 150/17|Wyrok|56|https://www.saos.org.pl/judgments/310455
296223|2017-06-19|SO|III AUa 278/16|Wyrok|56|https://www.saos.org.pl/judgments/296223
297479|2017-06-14|SO|III AUa 792/16|Wyrok|56|https://www.saos.org.pl/judgments/297479
300837|2017-06-06|SO|III AUa 911/16|Wyrok|56|https://www.saos.org.pl/judgments/300837
300811|2017-05-25|SO|III AUa 529/16|Wyrok|56|https://www.saos.org.pl/judgments/300811
309065|2017-05-24|SO|III AUa 46/17|Wyrok|56|https://www.saos.org.pl/judgments/309065
308817|2017-05-11|SO|III AUa 2155/16|Wyrok|56|https://www.saos.org.pl/judgments/308817
310789|2017-04-25|SO|III AUa 1890/16|Wyrok|56|https://www.saos.org.pl/judgments/310789
311013|2017-04-13|SO|III APa 6/17|Wyrok|56|https://www.saos.org.pl/judgments/311013
311449|2017-04-04|SO|III AUa 2003/16|Wyrok|56|https://www.saos.org.pl/judgments/311449
282883|2017-03-17|SO|III AUa 1819/16|Wyrok|56|https://www.saos.org.pl/judgments/282883
313902|2017-03-07|SO|III AUa 1570/16|Wyrok|56|https://www.saos.org.pl/judgments/313902
282871|2017-03-07|SO|III AUa 1709/16|Wyrok|56|https://www.saos.org.pl/judgments/282871
280818|2017-03-07|SO|III AUa 161/16|Wyrok|56|https://www.saos.org.pl/judgments/280818
297472|2017-02-28|SO|III AUa 501/16|Wyrok|56|https://www.saos.org.pl/judgments/297472
409729|2017-02-23|SO|III AUa 1643/16|Wyrok|56|https://www.saos.org.pl/judgments/409729
409722|2017-02-23|SO|III AUa 1372/16|Wyrok|56|https://www.saos.org.pl/judgments/409722
285343|2017-02-17|SO|III AUa 1452/15|Wyrok|56|https://www.saos.org.pl/judgments/285343
280820|2017-02-01|SO|III AUa 185/16|Wyrok|56|https://www.saos.org.pl/judgments/280820
283517|2017-01-18|SO|III AUa 1475/16|Wyrok|56|https://www.saos.org.pl/judgments/283517
276276|2016-12-28|SO|III AUa 1351/16|Wyrok|56|https://www.saos.org.pl/judgments/276276
409877|2016-12-21|SO|III AUa 909/16|Wyrok|56|https://www.saos.org.pl/judgments/409877
323653|2016-12-07|SO|III AUa 560/16|Wyrok|56|https://www.saos.org.pl/judgments/323653
277685|2016-12-06|SO|III AUa 2635/15|Wyrok|56|https://www.saos.org.pl/judgments/277685
265514|2016-11-29|SO|III AUa 1153/16|Wyrok|56|https://www.saos.org.pl/judgments/265514
270887|2016-11-23|SO|III AUa 1184/16|Wyrok|56|https://www.saos.org.pl/judgments/270887
268137|2016-11-22|SO|VI ACa 1141/15|Wyrok|56|https://www.saos.org.pl/judgments/268137
274346|2016-11-09|SO|III AUa 970/16|Wyrok|56|https://www.saos.org.pl/judgments/274346
276262|2016-11-03|SO|III APa 23/16|Wyrok|56|https://www.saos.org.pl/judgments/276262
272172|2016-10-20|SO|III AUa 21/16|Wyrok|56|https://www.saos.org.pl/judgments/272172
252579|2016-09-22|SO|III AUa 765/16|Wyrok|56|https://www.saos.org.pl/judgments/252579
250870|2016-09-22|SO|III AUa 606/16|Wyrok|56|https://www.saos.org.pl/judgments/250870
246465|2016-08-17|SO|III AUa 258/16|Wyrok|56|https://www.saos.org.pl/judgments/246465
246463|2016-07-27|SO|III AUa 194/16|Wyrok|56|https://www.saos.org.pl/judgments/246463
240744|2016-07-27|SO|III AUa 1296/15|Wyrok|56|https://www.saos.org.pl/judgments/240744
240753|2016-07-19|SO|III AUa 2111/15|Wyrok|56|https://www.saos.org.pl/judgments/240753
250862|2016-06-28|SO|III AUa 320/16|Wyrok|56|https://www.saos.org.pl/judgments/250862
247395|2016-06-23|SO|III AUa 1292/15|Wyrok|56|https://www.saos.org.pl/judgments/247395
238979|2016-06-02|SO|III AUa 808/15|Wyrok|56|https://www.saos.org.pl/judgments/238979
239132|2016-05-13|SO|III AUa 1670/15|Wyrok|56|https://www.saos.org.pl/judgments/239132
245954|2016-05-10|SO|III AUa 32/16|Wyrok|56|https://www.saos.org.pl/judgments/245954
246722|2016-05-06|SO|III AUa 422/15|Wyrok|56|https://www.saos.org.pl/judgments/246722
231961|2016-04-28|SO|III AUa 1776/15|Wyrok|56|https://www.saos.org.pl/judgments/231961
225621|2016-04-28|SO|III AUa 37/16|Wyrok|56|https://www.saos.org.pl/judgments/225621
223334|2016-04-19|SO|III AUa 1208/15|Wyrok|56|https://www.saos.org.pl/judgments/223334
227241|2016-04-15|SO|III AUa 2059/15|Wyrok|56|https://www.saos.org.pl/judgments/227241
220819|2016-03-31|SO|III AUa 1886/15|Wyrok|56|https://www.saos.org.pl/judgments/220819
222540|2016-03-30|SO|III AUa 1714/15|Wyrok|56|https://www.saos.org.pl/judgments/222540
221952|2016-03-24|SO|III APa 44/15|Wyrok|56|https://www.saos.org.pl/judgments/221952
238973|2016-03-17|SO|III AUa 537/15|Wyrok|56|https://www.saos.org.pl/judgments/238973
246462|2016-03-16|SO|III APa 2/16|Wyrok|56|https://www.saos.org.pl/judgments/246462
216740|2016-03-11|SO|III AUa 1725/15|Wyrok|56|https://www.saos.org.pl/judgments/216740
219280|2016-03-10|SO|III AUa 1194/15|Wyrok|56|https://www.saos.org.pl/judgments/219280
219678|2016-03-08|SO|III AUa 1611/15|Wyrok|56|https://www.saos.org.pl/judgments/219678
219681|2016-03-03|SO|III AUa 1667/15|Wyrok|56|https://www.saos.org.pl/judgments/219681
218512|2016-02-25|SO|III AUa 1620/15|Wyrok|56|https://www.saos.org.pl/judgments/218512
212594|2016-02-17|SO|III AUa 1570/15|Wyrok|56|https://www.saos.org.pl/judgments/212594
211377|2016-02-17|SO|III AUa 974/15|Wyrok|56|https://www.saos.org.pl/judgments/211377
214776|2016-02-10|SO|III AUa 862/15|Wyrok|56|https://www.saos.org.pl/judgments/214776
239128|2016-02-09|SO|III AUa 1519/15|Wyrok|56|https://www.saos.org.pl/judgments/239128
214349|2016-02-03|SO|III AUa 1447/15|Wyrok|56|https://www.saos.org.pl/judgments/214349
200156|2016-01-27|SO|III AUa 976/15|Wyrok|56|https://www.saos.org.pl/judgments/200156
207979|2016-01-19|SO|III AUa 754/15|Wyrok|56|https://www.saos.org.pl/judgments/207979
208231|2016-01-13|SO|III AUa 567/15|Wyrok|56|https://www.saos.org.pl/judgments/208231
208218|2016-01-13|SO|III AUa 1289/15|Wyrok|56|https://www.saos.org.pl/judgments/208218
426703|2015-12-22|SO|III AUa 258/16|Wyrok|56|https://www.saos.org.pl/judgments/426703
203089|2015-12-22|SO|III AUa 744/15|Wyrok|56|https://www.saos.org.pl/judgments/203089
198597|2015-12-16|SO|III AUa 643/15|Wyrok|56|https://www.saos.org.pl/judgments/198597
198588|2015-12-09|SO|III AUa 599/15|Wyrok|56|https://www.saos.org.pl/judgments/198588
219305|2015-12-02|SO|III AUa 565/15|Wyrok|56|https://www.saos.org.pl/judgments/219305
199074|2015-12-02|SO|III AUa 1037/15|Wyrok|56|https://www.saos.org.pl/judgments/199074
199072|2015-12-01|SO|III APa 13/15|Wyrok|56|https://www.saos.org.pl/judgments/199072
192554|2015-11-25|SO|III AUa 386/15|Wyrok|56|https://www.saos.org.pl/judgments/192554
193111|2015-11-18|SO|III AUa 962/15|Wyrok|56|https://www.saos.org.pl/judgments/193111
212588|2015-11-10|SO|III APa 28/15|Wyrok|56|https://www.saos.org.pl/judgments/212588
184642|2015-11-09|SO|III AUa 76/15|Wyrok|56|https://www.saos.org.pl/judgments/184642
239992|2015-10-30|SO|III APa 68/13|Wyrok|56|https://www.saos.org.pl/judgments/239992
184509|2015-10-29|SO|III AUa 546/15|Wyrok|56|https://www.saos.org.pl/judgments/184509
192579|2015-10-28|SO|III AUa 682/15|Wyrok|56|https://www.saos.org.pl/judgments/192579
192540|2015-10-28|SO|III AUa 199/15|Wyrok|56|https://www.saos.org.pl/judgments/192540
191569|2015-10-21|SO|III AUa 1373/14|Wyrok|56|https://www.saos.org.pl/judgments/191569
184633|2015-10-19|SO|III AUa 747/15|Wyrok|56|https://www.saos.org.pl/judgments/184633
189987|2015-10-14|SO|III AUa 722/15|Wyrok|56|https://www.saos.org.pl/judgments/189987
184579|2015-10-13|SO|III AUa 650/15|Wyrok|56|https://www.saos.org.pl/judgments/184579
184657|2015-10-07|SO|III AUa 779/14|Wyrok|56|https://www.saos.org.pl/judgments/184657
184373|2015-09-29|SO|III AUa 28/15|Wyrok|56|https://www.saos.org.pl/judgments/184373
184219|2015-09-22|SO|III AUa 1634/14|Wyrok|56|https://www.saos.org.pl/judgments/184219
184588|2015-09-18|SO|III AUa 667/14|Wyrok|56|https://www.saos.org.pl/judgments/184588
184301|2015-09-17|SO|III AUa 2114/14|Wyrok|56|https://www.saos.org.pl/judgments/184301
184720|2015-09-15|SO|III AUa 909/14|Wyrok|56|https://www.saos.org.pl/judgments/184720
184166|2015-09-15|SO|III AUa 1417/14|Wyrok|56|https://www.saos.org.pl/judgments/184166
179659|2015-09-09|SO|III AUa 465/15|Wyrok|56|https://www.saos.org.pl/judgments/179659
179060|2015-09-09|SO|III AUa 451/15|Wyrok|56|https://www.saos.org.pl/judgments/179060
192524|2015-09-08|SO|III AUa 1414/14|Wyrok|56|https://www.saos.org.pl/judgments/192524
184267|2015-08-20|SO|III AUa 1984/14|Wyrok|56|https://www.saos.org.pl/judgments/184267
178686|2015-08-13|SO|III AUa 1961/14|Wyrok|56|https://www.saos.org.pl/judgments/178686
177129|2015-07-30|SO|III AUa 754/15|Wyrok|56|https://www.saos.org.pl/judgments/177129
174311|2015-07-23|SO|III AUa 2186/14|Wyrok|56|https://www.saos.org.pl/judgments/174311
184104|2015-07-22|SO|III AUa 1197/14|Wyrok|56|https://www.saos.org.pl/judgments/184104
180969|2015-07-22|SO|III AUa 1198/14|Wyrok|56|https://www.saos.org.pl/judgments/180969
184159|2015-07-15|SO|III AUa 1397/14|Wyrok|56|https://www.saos.org.pl/judgments/184159
180968|2015-07-15|SO|III AUa 1196/14|Wyrok|56|https://www.saos.org.pl/judgments/180968
174290|2015-07-02|SO|III AUa 1818/14|Wyrok|56|https://www.saos.org.pl/judgments/174290
191576|2015-06-29|SO|III AUa 493/14|Wyrok|56|https://www.saos.org.pl/judgments/191576
172339|2015-06-25|SO|III AUa 1595/14|Wyrok|56|https://www.saos.org.pl/judgments/172339
158668|2015-06-24|SO|III AUa 303/15|Wyrok|56|https://www.saos.org.pl/judgments/158668
172729|2015-06-09|SO|III AUa 1062/14|Wyrok|56|https://www.saos.org.pl/judgments/172729
172728|2015-06-09|SO|III AUa 1061/14|Wyrok|56|https://www.saos.org.pl/judgments/172728
171401|2015-06-02|SO|III AUa 1671/14|Wyrok|56|https://www.saos.org.pl/judgments/171401
156388|2015-05-28|SO|III AUa 743/14|Wyrok|56|https://www.saos.org.pl/judgments/156388
157473|2015-05-26|SO|III AUa 266/15|Wyrok|56|https://www.saos.org.pl/judgments/157473
174250|2015-05-21|SO|III AUa 1450/14|Wyrok|56|https://www.saos.org.pl/judgments/174250
178581|2015-05-20|SO|II AKa 56/15|Wyrok|56|https://www.saos.org.pl/judgments/178581
170323|2015-05-20|SO|III AUa 800/14|Wyrok|56|https://www.saos.org.pl/judgments/170323
157813|2015-05-12|SO|I ACa 98/15|Wyrok|56|https://www.saos.org.pl/judgments/157813
178649|2015-04-29|SO|III AUa 1323/14|Wyrok|56|https://www.saos.org.pl/judgments/178649
174229|2015-04-29|SO|III AUa 1324/14|Wyrok|56|https://www.saos.org.pl/judgments/174229
154226|2015-04-17|SO|III AUa 1951/14|Wyrok|56|https://www.saos.org.pl/judgments/154226
176205|2015-04-16|SO|III AUa 621/14|Wyrok|56|https://www.saos.org.pl/judgments/176205
154225|2015-04-14|SO|III AUa 1949/14|Wyrok|56|https://www.saos.org.pl/judgments/154225
151749|2015-04-08|SO|III AUa 1109/14|Wyrok|56|https://www.saos.org.pl/judgments/151749
152587|2015-04-01|SO|III AUa 1359/14|Wyrok|56|https://www.saos.org.pl/judgments/152587
152255|2015-03-30|SO|III AUa 809/14|Wyrok|56|https://www.saos.org.pl/judgments/152255
152072|2015-03-09|SO|III AUa 707/14|Wyrok|56|https://www.saos.org.pl/judgments/152072
490352|2015-02-26|SO|III APa 42/14|Wyrok|56|https://www.saos.org.pl/judgments/490352
149851|2015-02-11|SO|II AKa 11/15|Wyrok|56|https://www.saos.org.pl/judgments/149851
184428|2015-02-05|SO|III AUa 423/14|Wyrok|56|https://www.saos.org.pl/judgments/184428
171411|2015-02-05|SO|III AUa 582/14|Wyrok|56|https://www.saos.org.pl/judgments/171411
171410|2015-02-05|SO|III AUa 581/14|Wyrok|56|https://www.saos.org.pl/judgments/171410
129969|2014-12-18|SO|III AUa 320/14|Wyrok|56|https://www.saos.org.pl/judgments/129969
126875|2014-12-12|SO|III AUa 878/14|Wyrok|56|https://www.saos.org.pl/judgments/126875
130983|2014-12-04|SO|III AUa 264/14|Wyrok|56|https://www.saos.org.pl/judgments/130983
72839|2014-11-28|SO|III AUa 834/14|Wyrok|56|https://www.saos.org.pl/judgments/72839
126878|2014-11-26|SO|III AUa 900/14|Wyrok|56|https://www.saos.org.pl/judgments/126878
72827|2014-11-26|SO|III AUa 1213/14|Wyrok|56|https://www.saos.org.pl/judgments/72827
72834|2014-11-25|SO|III AUa 782/14|Wyrok|56|https://www.saos.org.pl/judgments/72834
70080|2014-11-04|SO|III AUa 795/14|Wyrok|56|https://www.saos.org.pl/judgments/70080
126379|2014-10-29|SO|III APa 16/14|Wyrok|56|https://www.saos.org.pl/judgments/126379
68683|2014-10-22|SO|III AUa 579/14|Wyrok|56|https://www.saos.org.pl/judgments/68683
282545|2014-10-21|SO|III AUa 353/14|Wyrok|56|https://www.saos.org.pl/judgments/282545
65351|2014-09-17|SO|III AUa 2714/13|Wyrok|56|https://www.saos.org.pl/judgments/65351
64029|2014-09-11|SO|III AUa 320/14|Wyrok|56|https://www.saos.org.pl/judgments/64029
61070|2014-09-03|SO|III AUa 1965/13|Wyrok|56|https://www.saos.org.pl/judgments/61070
58272|2014-08-06|SO|III AUa 189/14|Wyrok|56|https://www.saos.org.pl/judgments/58272
58271|2014-08-06|SO|III AUa 188/14|Wyrok|56|https://www.saos.org.pl/judgments/58271
58269|2014-07-30|SO|III AUa 178/14|Wyrok|56|https://www.saos.org.pl/judgments/58269
58268|2014-07-30|SO|III AUa 177/14|Wyrok|56|https://www.saos.org.pl/judgments/58268
150464|2014-07-29|SO|III APa 10/13|Wyrok|56|https://www.saos.org.pl/judgments/150464
134273|2014-07-24|SO|III AUa 1950/13|Wyrok|56|https://www.saos.org.pl/judgments/134273
66270|2014-07-16|SO|III AUa 1920/13|Wyrok|56|https://www.saos.org.pl/judgments/66270
58266|2014-07-16|SO|III AUa 135/14|Wyrok|56|https://www.saos.org.pl/judgments/58266
56849|2014-07-16|SO|III APa 11/14|Wyrok|56|https://www.saos.org.pl/judgments/56849
59557|2014-07-09|SO|III APa 37/13|Wyrok|56|https://www.saos.org.pl/judgments/59557
530259|2014-07-08|SO|III AUa 1127/14|Wyrok|56|https://www.saos.org.pl/judgments/530259
55652|2014-07-08|SO|III AUa 63/14|Wyrok|56|https://www.saos.org.pl/judgments/55652
54984|2014-07-01|SO|III AUa 14/14|Wyrok|56|https://www.saos.org.pl/judgments/54984
54981|2014-07-01|SO|III AUa 13/14|Wyrok|56|https://www.saos.org.pl/judgments/54981
54995|2014-06-25|SO|III AUa 2113/13|Wyrok|56|https://www.saos.org.pl/judgments/54995
54993|2014-06-25|SO|III AUa 2094/13|Wyrok|56|https://www.saos.org.pl/judgments/54993
54992|2014-06-25|SO|III AUa 2078/13|Wyrok|56|https://www.saos.org.pl/judgments/54992
54990|2014-06-25|SO|III AUa 1982/13|Wyrok|56|https://www.saos.org.pl/judgments/54990
52385|2014-06-24|SO|III AUa 79/14|Wyrok|56|https://www.saos.org.pl/judgments/52385
52668|2014-06-17|SO|III AUa 1967/13|Wyrok|56|https://www.saos.org.pl/judgments/52668
52667|2014-06-17|SO|III AUa 1966/13|Wyrok|56|https://www.saos.org.pl/judgments/52667
54989|2014-06-12|SO|III AUa 1963/13|Wyrok|56|https://www.saos.org.pl/judgments/54989
54988|2014-06-12|SO|III AUa 1920/13|Wyrok|56|https://www.saos.org.pl/judgments/54988
52367|2014-06-12|SO|III AUa 1964/13|Wyrok|56|https://www.saos.org.pl/judgments/52367
52598|2014-05-29|SO|III AUa 750/13|Wyrok|56|https://www.saos.org.pl/judgments/52598
49876|2014-05-22|SO|III AUa 1896/13|Wyrok|56|https://www.saos.org.pl/judgments/49876
48728|2014-05-19|SO|III AUa 1853/13|Wyrok|56|https://www.saos.org.pl/judgments/48728
52365|2014-05-14|SO|III AUa 1872/13|Wyrok|56|https://www.saos.org.pl/judgments/52365
48730|2014-05-07|SO|III AUa 1894/13|Wyrok|56|https://www.saos.org.pl/judgments/48730
46735|2014-04-16|SO|III AUa 1704/13|Wyrok|56|https://www.saos.org.pl/judgments/46735
45974|2014-04-01|SO|III AUa 1449/13|Wyrok|56|https://www.saos.org.pl/judgments/45974
46280|2014-03-19|SO|III AUa 426/13|Wyrok|56|https://www.saos.org.pl/judgments/46280
40569|2014-03-04|SO|III AUa 1175/13|Wyrok|56|https://www.saos.org.pl/judgments/40569
33552|2014-01-30|SO|III AUa 1307/13|Wyrok|56|https://www.saos.org.pl/judgments/33552
33551|2014-01-30|SO|III AUa 1306/13|Wyrok|56|https://www.saos.org.pl/judgments/33551
37266|2014-01-28|SO|III AUa 620/13|Wyrok|56|https://www.saos.org.pl/judgments/37266
36306|2014-01-10|SO|III AUa 407/13|Wyrok|56|https://www.saos.org.pl/judgments/36306
32825|2013-12-19|SO|III AUa 662/13|Wyrok|56|https://www.saos.org.pl/judgments/32825
533624|2013-12-18|SO|III AUa 10/13|Wyrok|56|https://www.saos.org.pl/judgments/533624
43100|2013-12-12|SO|III AUa 497/13|Wyrok|56|https://www.saos.org.pl/judgments/43100
35042|2013-12-10|SO|III AUa 302/13|Wyrok|56|https://www.saos.org.pl/judgments/35042
29646|2013-11-19|SO|III AUa 104/13|Wyrok|56|https://www.saos.org.pl/judgments/29646
29009|2013-11-13|SO|III AUa 677/13|Wyrok|56|https://www.saos.org.pl/judgments/29009
36800|2013-11-07|SO|III APa 14/13|Wyrok|56|https://www.saos.org.pl/judgments/36800
41782|2013-11-05|SO|III AUa 379/13|Wyrok|56|https://www.saos.org.pl/judgments/41782
25024|2013-10-29|SO|III AUa 497/13|Wyrok|56|https://www.saos.org.pl/judgments/25024
26918|2013-10-24|SO|III AUa 116/13|Wyrok|56|https://www.saos.org.pl/judgments/26918
22798|2013-10-16|SO|III AUa 780/13|Wyrok|56|https://www.saos.org.pl/judgments/22798
23504|2013-10-02|SO|III AUa 201/13|Wyrok|56|https://www.saos.org.pl/judgments/23504
34640|2013-09-26|SO|III AUa 1814/12|Wyrok|56|https://www.saos.org.pl/judgments/34640
21143|2013-09-24|SO|III AUa 304/13|Wyrok|56|https://www.saos.org.pl/judgments/21143
385037|2013-09-23|SO|III AUa 2108/12|Wyrok|56|https://www.saos.org.pl/judgments/385037
23872|2013-09-19|SO|III AUa 58/13|Wyrok|56|https://www.saos.org.pl/judgments/23872
20708|2013-09-10|SO|III AUa 146/13|Wyrok|56|https://www.saos.org.pl/judgments/20708
20621|2013-08-28|SO|III AUa 82/13|Wyrok|56|https://www.saos.org.pl/judgments/20621
18684|2013-07-17|SO|III AUa 42/13|Wyrok|56|https://www.saos.org.pl/judgments/18684
19353|2013-07-16|SO|III AUa 24/13|Wyrok|56|https://www.saos.org.pl/judgments/19353
18192|2013-07-16|SO|III AUa 787/13|Wyrok|56|https://www.saos.org.pl/judgments/18192
26594|2013-07-09|SO|III AUa 69/13|Wyrok|56|https://www.saos.org.pl/judgments/26594
25394|2013-06-18|SO|III AUa 86/13|Wyrok|56|https://www.saos.org.pl/judgments/25394
13513|2013-06-18|SO|III AUa 265/13|Wyrok|56|https://www.saos.org.pl/judgments/13513
15426|2013-06-11|SO|III AUa 1393/12|Wyrok|56|https://www.saos.org.pl/judgments/15426
12532|2013-05-28|SO|III AUa 206/13|Wyrok|56|https://www.saos.org.pl/judgments/12532
20422|2013-05-20|SO|III AUa 1481/12|Wyrok|56|https://www.saos.org.pl/judgments/20422
13000|2013-05-16|SO|III AUa 1909/12|Wyrok|56|https://www.saos.org.pl/judgments/13000
13501|2013-05-09|SO|III AUa 1277/12|Wyrok|56|https://www.saos.org.pl/judgments/13501
26828|2013-05-08|SO|III AUa 1696/12|Wyrok|56|https://www.saos.org.pl/judgments/26828
13491|2013-05-08|SO|III AUa 1133/12|Wyrok|56|https://www.saos.org.pl/judgments/13491
11953|2013-05-08|SO|III AUa 1284/12|Wyrok|56|https://www.saos.org.pl/judgments/11953
11944|2013-05-08|SO|III AUa 1165/12|Wyrok|56|https://www.saos.org.pl/judgments/11944
10963|2013-05-08|SO|III AUa 1173/12|Wyrok|56|https://www.saos.org.pl/judgments/10963
10962|2013-04-25|SO|III AUa 1120/12|Wyrok|56|https://www.saos.org.pl/judgments/10962
11367|2013-04-22|SO|III APa 66/12|Wyrok|56|https://www.saos.org.pl/judgments/11367
10527|2013-04-18|SO|III AUa 1044/12|Wyrok|56|https://www.saos.org.pl/judgments/10527
10524|2013-04-18|SO|III AUa 1015/12|Wyrok|56|https://www.saos.org.pl/judgments/10524
11395|2013-04-17|SO|III AUa 348/13|Wyrok|56|https://www.saos.org.pl/judgments/11395
10695|2013-04-17|SO|III AUa 999/12|Wyrok|56|https://www.saos.org.pl/judgments/10695
10694|2013-04-17|SO|III AUa 998/12|Wyrok|56|https://www.saos.org.pl/judgments/10694
8784|2013-04-11|SO|III AUa 199/13|Wyrok|56|https://www.saos.org.pl/judgments/8784
38042|2013-04-09|SO|III AUa 1001/12|Wyrok|56|https://www.saos.org.pl/judgments/38042
27111|2013-04-09|SO|III AUa 1003/12|Wyrok|56|https://www.saos.org.pl/judgments/27111
9662|2013-04-09|SO|III AUa 1002/12|Wyrok|56|https://www.saos.org.pl/judgments/9662
10741|2013-03-29|SO|III APa 52/12|Wyrok|56|https://www.saos.org.pl/judgments/10741
8709|2013-03-27|SO|III AUa 139/13|Wyrok|56|https://www.saos.org.pl/judgments/8709
210976|2013-03-26|SO|III AUa 43/13|Wyrok|56|https://www.saos.org.pl/judgments/210976
17033|2013-03-26|SO|I ACa 864/12|Wyrok|56|https://www.saos.org.pl/judgments/17033
7934|2013-03-20|SO|III AUa 104/13|Wyrok|56|https://www.saos.org.pl/judgments/7934
7874|2013-03-15|SO|III AUa 1168/12|Wyrok|56|https://www.saos.org.pl/judgments/7874
7936|2013-03-05|SO|III AUa 1183/12|Wyrok|56|https://www.saos.org.pl/judgments/7936
19418|2013-02-21|SO|III AUa 765/12|Wyrok|56|https://www.saos.org.pl/judgments/19418
7944|2013-02-21|SO|III AUa 1396/12|Wyrok|56|https://www.saos.org.pl/judgments/7944
6094|2013-02-13|SO|III AUa 1142/12|Wyrok|56|https://www.saos.org.pl/judgments/6094
6045|2013-02-12|SO|III AUa 710/12|Wyrok|56|https://www.saos.org.pl/judgments/6045
19172|2013-02-11|SO|III AUa 343/12|Wyrok|56|https://www.saos.org.pl/judgments/19172
267114|2013-02-05|SO|III AUa 1481/12|Wyrok|56|https://www.saos.org.pl/judgments/267114
10262|2013-01-31|SO|III APa 38/12|Wyrok|56|https://www.saos.org.pl/judgments/10262
5169|2013-01-17|SO|III AUa 802/12|Wyrok|56|https://www.saos.org.pl/judgments/5169
4701|2013-01-10|SO|III AUa 1039/12|Wyrok|56|https://www.saos.org.pl/judgments/4701
3603|2012-12-19|SO|III AUa 1022/12|Wyrok|56|https://www.saos.org.pl/judgments/3603
5342|2012-12-18|SO|III AUa 1868/11|Wyrok|56|https://www.saos.org.pl/judgments/5342
5173|2012-12-13|SO|III AUa 829/12|Wyrok|56|https://www.saos.org.pl/judgments/5173
8343|2012-12-05|SO|III AUa 1066/12|Wyrok|56|https://www.saos.org.pl/judgments/8343
8342|2012-12-05|SO|III AUa 1048/12|Wyrok|56|https://www.saos.org.pl/judgments/8342
6103|2012-12-04|SO|III AUa 935/12|Wyrok|56|https://www.saos.org.pl/judgments/6103
3532|2012-12-04|SO|III AUa 867/12|Wyrok|56|https://www.saos.org.pl/judgments/3532
4770|2012-11-23|SO|III AUa 865/12|Wyrok|56|https://www.saos.org.pl/judgments/4770
383273|2012-11-21|SO|II AKa 125/12|Wyrok|56|https://www.saos.org.pl/judgments/383273
2869|2012-11-15|SO|III AUa 646/12|Wyrok|56|https://www.saos.org.pl/judgments/2869
2342|2012-10-30|SO|III AUa 1132/12|Wyrok|56|https://www.saos.org.pl/judgments/2342
2394|2012-10-24|SO|III AUa 687/12|Wyrok|56|https://www.saos.org.pl/judgments/2394
2347|2012-10-23|SO|III AUa 1401/12|Wyrok|56|https://www.saos.org.pl/judgments/2347
228|2012-10-10|SO|III AUa 474/12|Wyrok|56|https://www.saos.org.pl/judgments/228
184500|2012-10-05|SO|III AUa 535/12|Wyrok|56|https://www.saos.org.pl/judgments/184500
609|2012-10-04|SO|III AUa 789/12|Wyrok|56|https://www.saos.org.pl/judgments/609
2360|2012-09-27|SO|III AUa 445/12|Wyrok|56|https://www.saos.org.pl/judgments/2360
3043|2012-09-26|SO|III AUa 355/12|Wyrok|56|https://www.saos.org.pl/judgments/3043
2371|2012-09-26|SO|III AUa 495/12|Wyrok|56|https://www.saos.org.pl/judgments/2371
722|2012-09-26|SO|I ACa 553/12|Wyrok|56|https://www.saos.org.pl/judgments/722
2329|2012-09-11|SO|III AUa 1628/10|Wyrok|56|https://www.saos.org.pl/judgments/2329
1445|2012-04-19|SO|III AUa 188/12|Wyrok|56|https://www.saos.org.pl/judgments/1445
1682|2012-02-29|SO|III AUa 1785/11|Wyrok|56|https://www.saos.org.pl/judgments/1682
2861|2012-01-26|SO|III AUa 1101/11|Wyrok|56|https://www.saos.org.pl/judgments/2861
369525|2018-12-19|SO|III APz 11/18|Postanowienie|47|https://www.saos.org.pl/judgments/369525
335671|2018-02-27|SO|III AUa 300/17|Postanowienie|47|https://www.saos.org.pl/judgments/335671
330230|2018-02-19|SO|I ACa 804/17|Postanowienie|47|https://www.saos.org.pl/judgments/330230
75824|2014-11-07|SO|I ACz 753/14|Postanowienie|47|https://www.saos.org.pl/judgments/75824
7749|2013-02-20|SO|III APz 1/13|Postanowienie|47|https://www.saos.org.pl/judgments/7749
201683|2015-08-06|KIO|KIO 1590/15|Wyrok|44|https://www.saos.org.pl/judgments/201683
539362|2025-06-27|SO|III AUa 805/24|Uzasadnienie|42|https://www.saos.org.pl/judgments/539362
540941|2025-03-11|SO|III AUa 31/25|Uzasadnienie|42|https://www.saos.org.pl/judgments/540941
489717|2022-06-09|SO|III AUa 2400/20|Uzasadnienie|42|https://www.saos.org.pl/judgments/489717
490227|2022-02-07|SO|II AKa 21/21|Uzasadnienie|42|https://www.saos.org.pl/judgments/490227
482712|2021-10-21|SO|III AUa 1408/19|Uzasadnienie|42|https://www.saos.org.pl/judgments/482712
483507|2021-02-17|SO|III AUa 1004/19|Uzasadnienie|42|https://www.saos.org.pl/judgments/483507
482717|2021-02-17|SO|III AUa 67/19|Uzasadnienie|42|https://www.saos.org.pl/judgments/482717
470379|2020-10-21|SO|III AUa 309/19|Uzasadnienie|42|https://www.saos.org.pl/judgments/470379
465746|2020-08-13|SO|III AUa 308/19|Uzasadnienie|42|https://www.saos.org.pl/judgments/465746
411714|2017-12-11|SO|II AKa 35/17|Uzasadnienie|42|https://www.saos.org.pl/judgments/411714
542656|2026-02-27|SO|VII U 1427/23|Wyrok|40|https://www.saos.org.pl/judgments/542656
542775|2026-02-11|SO|VII U 969/24|Wyrok|40|https://www.saos.org.pl/judgments/542775
542230|2025-12-30|SO|VII U 1574/24|Wyrok|40|https://www.saos.org.pl/judgments/542230
536772|2025-10-01|SO|VII U 980/22|Wyrok|40|https://www.saos.org.pl/judgments/536772
537012|2025-09-24|SO|VII U 504/24|Wyrok|40|https://www.saos.org.pl/judgments/537012
535977|2025-09-09|SO|VII U 800/23|Wyrok|40|https://www.saos.org.pl/judgments/535977
536288|2025-09-08|SO|VII U 1228/23|Wyrok|40|https://www.saos.org.pl/judgments/536288
534305|2025-07-25|SO|VII U 378/23|Wyrok|40|https://www.saos.org.pl/judgments/534305
531960|2025-07-18|SO|VII U 580/23|Wyrok|40|https://www.saos.org.pl/judgments/531960
533195|2025-07-04|SO|VII Pa 67/24|Wyrok|40|https://www.saos.org.pl/judgments/533195
534297|2025-06-30|SO|VII U 1305/23|Wyrok|40|https://www.saos.org.pl/judgments/534297
530868|2025-05-28|SO|VII U 600/24|Wyrok|40|https://www.saos.org.pl/judgments/530868
530844|2025-05-28|SO|VII U 601/24|Wyrok|40|https://www.saos.org.pl/judgments/530844
528746|2025-05-22|SO|VII U 139/23|Wyrok|40|https://www.saos.org.pl/judgments/528746
527254|2025-05-16|SO|VII Pa 51/24|Wyrok|40|https://www.saos.org.pl/judgments/527254
527594|2025-05-14|SO|VII U 582/23|Wyrok|40|https://www.saos.org.pl/judgments/527594
527204|2025-05-07|SO|VII U 760/23|Wyrok|40|https://www.saos.org.pl/judgments/527204
527203|2025-04-24|SO|VII U 582/24|Wyrok|40|https://www.saos.org.pl/judgments/527203
525935|2025-04-16|SO|VII U 510/24|Wyrok|40|https://www.saos.org.pl/judgments/525935
526647|2025-04-15|SO|VII U 443/23|Wyrok|40|https://www.saos.org.pl/judgments/526647
525470|2025-03-20|SO|VII U 1218/22|Wyrok|40|https://www.saos.org.pl/judgments/525470
524338|2025-03-18|SO|VII Pa 79/24|Wyrok|40|https://www.saos.org.pl/judgments/524338
525469|2025-03-10|SO|VII U 1029/18|Wyrok|40|https://www.saos.org.pl/judgments/525469
526011|2025-02-28|SO|VII U 600/23|Wyrok|40|https://www.saos.org.pl/judgments/526011
527485|2025-01-27|SO|VI P 84/24|Wyrok|40|https://www.saos.org.pl/judgments/527485
522323|2025-01-24|SO|VII Pa 33/24|Wyrok|40|https://www.saos.org.pl/judgments/522323
522325|2025-01-17|SO|VII Pa 64/24|Wyrok|40|https://www.saos.org.pl/judgments/522325
521313|2025-01-15|SO|VII U 604/23|Wyrok|40|https://www.saos.org.pl/judgments/521313
522328|2024-12-30|SO|VII U 157/23|Wyrok|40|https://www.saos.org.pl/judgments/522328
520237|2024-12-30|SO|VII U 1642/21|Wyrok|40|https://www.saos.org.pl/judgments/520237
520235|2024-12-23|SO|VII U 1117/22|Wyrok|40|https://www.saos.org.pl/judgments/520235
520232|2024-12-21|SO|VII Pa 130/24|Wyrok|40|https://www.saos.org.pl/judgments/520232
520242|2024-12-18|SO|VII U 990/23|Wyrok|40|https://www.saos.org.pl/judgments/520242
519715|2024-12-11|SO|VII U 445/24|Wyrok|40|https://www.saos.org.pl/judgments/519715
542020|2024-11-26|SO|VI P 155/24|Wyrok|40|https://www.saos.org.pl/judgments/542020
517756|2024-11-20|SO|VII Pa 84/23|Wyrok|40|https://www.saos.org.pl/judgments/517756
517755|2024-11-20|SO|VII Pa 82/23|Wyrok|40|https://www.saos.org.pl/judgments/517755
519913|2024-11-07|SO|VI P 75/22|Wyrok|40|https://www.saos.org.pl/judgments/519913
517438|2024-11-04|SO|VII U 626/22|Wyrok|40|https://www.saos.org.pl/judgments/517438
518720|2024-10-30|SO|VII U 69/22|Wyrok|40|https://www.saos.org.pl/judgments/518720
518010|2024-10-30|SO|VII U 429/23|Wyrok|40|https://www.saos.org.pl/judgments/518010
512179|2024-10-02|SO|VII U 624/23|Wyrok|40|https://www.saos.org.pl/judgments/512179
515937|2024-09-23|SO|VII U 1075/23|Wyrok|40|https://www.saos.org.pl/judgments/515937
512161|2024-09-09|SO|VII U 553/23|Wyrok|40|https://www.saos.org.pl/judgments/512161
512147|2024-08-02|SO|VII U 491/20|Wyrok|40|https://www.saos.org.pl/judgments/512147
511990|2024-08-02|SO|VII U 1480/23|Wyrok|40|https://www.saos.org.pl/judgments/511990
512079|2024-07-30|SO|VII U 337/23|Wyrok|40|https://www.saos.org.pl/judgments/512079
511970|2024-07-24|SO|VII U 1359/23|Wyrok|40|https://www.saos.org.pl/judgments/511970
511919|2024-07-16|SO|VII U 1229/23|Wyrok|40|https://www.saos.org.pl/judgments/511919
511987|2024-07-08|SO|VII U 1469/21|Wyrok|40|https://www.saos.org.pl/judgments/511987
512178|2024-06-28|SO|VII U 614/22|Wyrok|40|https://www.saos.org.pl/judgments/512178
511934|2024-06-26|SO|VII U 1276/22|Wyrok|40|https://www.saos.org.pl/judgments/511934
511873|2024-06-26|SO|VII U 1007/23|Wyrok|40|https://www.saos.org.pl/judgments/511873
507173|2024-05-22|SO|III Pa 4/24|Wyrok|40|https://www.saos.org.pl/judgments/507173
511907|2024-05-13|SO|VII U 1187/22|Wyrok|40|https://www.saos.org.pl/judgments/511907
511926|2024-05-06|SO|VII U 1262/23|Wyrok|40|https://www.saos.org.pl/judgments/511926
512300|2024-04-24|SO|VII Ua 54/23|Wyrok|40|https://www.saos.org.pl/judgments/512300
511896|2024-04-02|SO|VII U 1152/21|Wyrok|40|https://www.saos.org.pl/judgments/511896
512254|2024-02-19|SO|VII U 912/23|Wyrok|40|https://www.saos.org.pl/judgments/512254
511923|2024-02-19|SO|VII U 1243/23|Wyrok|40|https://www.saos.org.pl/judgments/511923
511857|2024-02-16|SO|VII Pa 60/23|Wyrok|40|https://www.saos.org.pl/judgments/511857
511935|2024-01-23|SO|VII U 1277/23|Wyrok|40|https://www.saos.org.pl/judgments/511935
512192|2023-12-20|SO|VII U 723/22|Wyrok|40|https://www.saos.org.pl/judgments/512192
512231|2023-12-19|SO|VII U 859/22|Wyrok|40|https://www.saos.org.pl/judgments/512231
512142|2023-12-15|SO|VII U 482/22|Wyrok|40|https://www.saos.org.pl/judgments/512142
512271|2023-12-07|SO|VII U 981/22|Wyrok|40|https://www.saos.org.pl/judgments/512271
512245|2023-12-07|SO|VII U 878/22|Wyrok|40|https://www.saos.org.pl/judgments/512245
511920|2023-12-07|SO|VII U 1233/23|Wyrok|40|https://www.saos.org.pl/judgments/511920
512182|2023-11-23|SO|VII U 630/23|Wyrok|40|https://www.saos.org.pl/judgments/512182
512127|2023-11-06|SO|VII U 454/23|Wyrok|40|https://www.saos.org.pl/judgments/512127
512057|2023-11-06|SO|VII U 254/21|Wyrok|40|https://www.saos.org.pl/judgments/512057
512091|2023-10-25|SO|VII U 373/21|Wyrok|40|https://www.saos.org.pl/judgments/512091
507174|2023-10-12|SO|III Pa 43/23|Wyrok|40|https://www.saos.org.pl/judgments/507174
512249|2023-10-09|SO|VII U 881/22|Wyrok|40|https://www.saos.org.pl/judgments/512249
511898|2023-10-05|SO|VII U 1158/22|Wyrok|40|https://www.saos.org.pl/judgments/511898
512062|2023-10-04|SO|VII U 261/22|Wyrok|40|https://www.saos.org.pl/judgments/512062
511909|2023-10-03|SO|VII U 1196/22|Wyrok|40|https://www.saos.org.pl/judgments/511909
511921|2023-09-21|SO|VII U 1242/22|Wyrok|40|https://www.saos.org.pl/judgments/511921
511997|2023-08-11|SO|VII U 1529/20|Wyrok|40|https://www.saos.org.pl/judgments/511997
511969|2023-08-04|SO|VII U 1354/22|Wyrok|40|https://www.saos.org.pl/judgments/511969
512194|2023-08-02|SO|VII U 731/22|Wyrok|40|https://www.saos.org.pl/judgments/512194
512116|2023-07-17|SO|VII U 419/23|Wyrok|40|https://www.saos.org.pl/judgments/512116
512184|2023-07-12|SO|VII U 644/22|Wyrok|40|https://www.saos.org.pl/judgments/512184
512103|2023-07-11|SO|VII U 398/19|Wyrok|40|https://www.saos.org.pl/judgments/512103
512145|2023-07-10|SO|VII U 49/22|Wyrok|40|https://www.saos.org.pl/judgments/512145
512138|2023-06-28|SO|VII U 479/22|Wyrok|40|https://www.saos.org.pl/judgments/512138
511814|2023-06-27|SO|VII Pa 112/22|Wyrok|40|https://www.saos.org.pl/judgments/511814
492708|2023-06-19|SO|VII U 929/22|Wyrok|40|https://www.saos.org.pl/judgments/492708
512189|2023-06-14|SO|VII U 671/22|Wyrok|40|https://www.saos.org.pl/judgments/512189
511941|2023-06-14|SO|VII U 1296/22|Wyrok|40|https://www.saos.org.pl/judgments/511941
512125|2023-06-07|SO|VII U 453/20|Wyrok|40|https://www.saos.org.pl/judgments/512125
492693|2023-06-05|SO|VII U 50/22|Wyrok|40|https://www.saos.org.pl/judgments/492693
492660|2023-05-17|SO|VII U 1073/19|Wyrok|40|https://www.saos.org.pl/judgments/492660
511882|2023-05-10|SO|VII U 1060/22|Wyrok|40|https://www.saos.org.pl/judgments/511882
492682|2023-05-10|SO|VII U 327/22|Wyrok|40|https://www.saos.org.pl/judgments/492682
492662|2023-05-08|SO|VII U 1092/22|Wyrok|40|https://www.saos.org.pl/judgments/492662
492702|2023-04-28|SO|VII U 836/22|Wyrok|40|https://www.saos.org.pl/judgments/492702
492697|2023-04-26|SO|VII U 746/22|Wyrok|40|https://www.saos.org.pl/judgments/492697
511811|2023-04-24|SO|VII Pa 109/22|Wyrok|40|https://www.saos.org.pl/judgments/511811
492666|2023-04-13|SO|VII U 1211/22|Wyrok|40|https://www.saos.org.pl/judgments/492666
492705|2023-04-11|SO|VII U 864/22|Wyrok|40|https://www.saos.org.pl/judgments/492705
487472|2023-03-31|SO|VII U 1384/20|Wyrok|40|https://www.saos.org.pl/judgments/487472
492675|2023-03-24|SO|VII U 1710/21|Wyrok|40|https://www.saos.org.pl/judgments/492675
487487|2023-03-23|SO|VII U 666/22|Wyrok|40|https://www.saos.org.pl/judgments/487487
487486|2023-03-21|SO|VII U 648/22|Wyrok|40|https://www.saos.org.pl/judgments/487486
487489|2023-03-16|SO|VII U 697/22|Wyrok|40|https://www.saos.org.pl/judgments/487489
492704|2023-03-15|SO|VII U 858/22|Wyrok|40|https://www.saos.org.pl/judgments/492704
484217|2023-03-03|SO|VII U 755/20|Wyrok|40|https://www.saos.org.pl/judgments/484217
487473|2023-03-01|SO|VII U 1572/21|Wyrok|40|https://www.saos.org.pl/judgments/487473
487493|2023-02-16|SO|VII U 827/22|Wyrok|40|https://www.saos.org.pl/judgments/487493
483104|2023-02-08|SO|VII U 1024/21|Wyrok|40|https://www.saos.org.pl/judgments/483104
485948|2023-02-06|SO|VII U 839/22|Wyrok|40|https://www.saos.org.pl/judgments/485948
485835|2023-02-06|SO|VII U 844/22|Wyrok|40|https://www.saos.org.pl/judgments/485835
485834|2023-02-06|SO|VII U 830/22|Wyrok|40|https://www.saos.org.pl/judgments/485834
484219|2023-02-06|SO|VII U 813/22|Wyrok|40|https://www.saos.org.pl/judgments/484219
483141|2023-02-06|SO|VII U 892/21|Wyrok|40|https://www.saos.org.pl/judgments/483141
483121|2023-01-23|SO|VII U 284/21|Wyrok|40|https://www.saos.org.pl/judgments/483121
483124|2023-01-16|SO|VII U 397/22|Wyrok|40|https://www.saos.org.pl/judgments/483124
481495|2023-01-13|SO|VII U 112/22|Wyrok|40|https://www.saos.org.pl/judgments/481495
485949|2023-01-12|SO|VII U 850/22|Wyrok|40|https://www.saos.org.pl/judgments/485949
483117|2022-12-30|SO|VII U 179/22|Wyrok|40|https://www.saos.org.pl/judgments/483117
481496|2022-12-30|SO|VII U 191/22|Wyrok|40|https://www.saos.org.pl/judgments/481496
481498|2022-12-20|SO|VII U 406/22|Wyrok|40|https://www.saos.org.pl/judgments/481498
484005|2022-12-16|SO|VII U 185/21|Wyrok|40|https://www.saos.org.pl/judgments/484005
483106|2022-12-16|SO|VII U 1054/20|Wyrok|40|https://www.saos.org.pl/judgments/483106
483750|2022-12-08|SO|VII U 1130/21|Wyrok|40|https://www.saos.org.pl/judgments/483750
480640|2022-11-30|SO|VII U 4527/19|Wyrok|40|https://www.saos.org.pl/judgments/480640
479874|2022-11-30|SO|VII U 1160/21|Wyrok|40|https://www.saos.org.pl/judgments/479874
479675|2022-11-23|SO|VII U 4166/19|Wyrok|40|https://www.saos.org.pl/judgments/479675
479880|2022-11-21|SO|VII U 312/22|Wyrok|40|https://www.saos.org.pl/judgments/479880
479681|2022-11-21|SO|VII U 66/22|Wyrok|40|https://www.saos.org.pl/judgments/479681
479575|2022-11-14|SO|VII U 353/22|Wyrok|40|https://www.saos.org.pl/judgments/479575
480644|2022-11-08|SO|VII U 718/20|Wyrok|40|https://www.saos.org.pl/judgments/480644
477181|2022-11-04|SO|VII U 831/22|Wyrok|40|https://www.saos.org.pl/judgments/477181
479574|2022-10-25|SO|VII U 1551/21|Wyrok|40|https://www.saos.org.pl/judgments/479574
478086|2022-10-20|SO|VII U 1053/21|Wyrok|40|https://www.saos.org.pl/judgments/478086
477261|2022-10-19|SO|VII U 1554/21|Wyrok|40|https://www.saos.org.pl/judgments/477261
477174|2022-10-12|SO|VII U 3755/19|Wyrok|40|https://www.saos.org.pl/judgments/477174
477163|2022-10-10|SO|VII U 1103/21|Wyrok|40|https://www.saos.org.pl/judgments/477163
477164|2022-10-07|SO|VII U 1105/21|Wyrok|40|https://www.saos.org.pl/judgments/477164
477259|2022-09-29|SO|VII U 1454/21|Wyrok|40|https://www.saos.org.pl/judgments/477259
475493|2022-09-26|SO|VII U 677/22|Wyrok|40|https://www.saos.org.pl/judgments/475493
477175|2022-09-22|SO|VII U 409/20|Wyrok|40|https://www.saos.org.pl/judgments/477175
474428|2022-09-08|SO|VII U 4369/19|Wyrok|40|https://www.saos.org.pl/judgments/474428
475256|2022-09-06|SO|VII U 477/21|Wyrok|40|https://www.saos.org.pl/judgments/475256
475486|2022-09-02|SO|VII U 201/22|Wyrok|40|https://www.saos.org.pl/judgments/475486
473318|2022-08-24|SO|VII U 323/22|Wyrok|40|https://www.saos.org.pl/judgments/473318
473307|2022-08-23|SO|VII U 1378/21|Wyrok|40|https://www.saos.org.pl/judgments/473307
475487|2022-08-18|SO|VII U 203/22|Wyrok|40|https://www.saos.org.pl/judgments/475487
475934|2022-08-16|SO|VII U 962/21|Wyrok|40|https://www.saos.org.pl/judgments/475934
473339|2022-08-16|SO|VII U 765/17|Wyrok|40|https://www.saos.org.pl/judgments/473339
473334|2022-07-21|SO|VII U 548/20|Wyrok|40|https://www.saos.org.pl/judgments/473334
473341|2022-06-20|SO|VII U 813/21|Wyrok|40|https://www.saos.org.pl/judgments/473341
474125|2022-06-14|SO|VII U 458/18|Wyrok|40|https://www.saos.org.pl/judgments/474125
471600|2022-06-10|SO|VII U 1075/19|Wyrok|40|https://www.saos.org.pl/judgments/471600
474336|2022-05-30|SO|VII U 3890/19|Wyrok|40|https://www.saos.org.pl/judgments/474336
471181|2022-05-19|SO|VII U 222/22|Wyrok|40|https://www.saos.org.pl/judgments/471181
471193|2022-05-13|SO|VII U 869/21|Wyrok|40|https://www.saos.org.pl/judgments/471193
471163|2022-05-09|SO|VII U 1091/20|Wyrok|40|https://www.saos.org.pl/judgments/471163
465615|2022-04-27|SO|VII U 447/21|Wyrok|40|https://www.saos.org.pl/judgments/465615
472975|2022-04-20|SO|VII U 977/21|Wyrok|40|https://www.saos.org.pl/judgments/472975
469212|2022-04-20|SO|VII U 640/21|Wyrok|40|https://www.saos.org.pl/judgments/469212
465609|2022-04-14|SO|VII U 1764/21|Wyrok|40|https://www.saos.org.pl/judgments/465609
465612|2022-04-13|SO|VII U 283/21|Wyrok|40|https://www.saos.org.pl/judgments/465612
465619|2022-04-11|SO|VII U 605/21|Wyrok|40|https://www.saos.org.pl/judgments/465619
465605|2022-04-11|SO|VII U 1629/21|Wyrok|40|https://www.saos.org.pl/judgments/465605
465608|2022-04-08|SO|VII U 176/19|Wyrok|40|https://www.saos.org.pl/judgments/465608
472973|2022-04-06|SO|VII U 1479/21|Wyrok|40|https://www.saos.org.pl/judgments/472973
465607|2022-03-31|SO|VII U 1681/21|Wyrok|40|https://www.saos.org.pl/judgments/465607
465434|2022-03-10|SO|VII U 1489/21|Wyrok|40|https://www.saos.org.pl/judgments/465434
465356|2022-03-04|SO|VII U 72/21|Wyrok|40|https://www.saos.org.pl/judgments/465356
469159|2022-03-03|SO|VII U 1348/20|Wyrok|40|https://www.saos.org.pl/judgments/469159
465016|2022-03-01|SO|VII U 804/21|Wyrok|40|https://www.saos.org.pl/judgments/465016
465442|2022-02-28|SO|VII U 794/21|Wyrok|40|https://www.saos.org.pl/judgments/465442
465361|2022-02-23|SO|VII U 960/21|Wyrok|40|https://www.saos.org.pl/judgments/465361
460256|2022-02-01|SO|VII U 579/21|Wyrok|40|https://www.saos.org.pl/judgments/460256
468342|2022-01-20|SO|VII U 759/20|Wyrok|40|https://www.saos.org.pl/judgments/468342
456891|2022-01-14|SO|VII U 837/21|Wyrok|40|https://www.saos.org.pl/judgments/456891
456194|2022-01-12|SO|VII U 357/20|Wyrok|40|https://www.saos.org.pl/judgments/456194
456208|2022-01-04|SO|VII U 956/21|Wyrok|40|https://www.saos.org.pl/judgments/456208
455320|2021-12-21|SO|VII U 487/20|Wyrok|40|https://www.saos.org.pl/judgments/455320
456191|2021-12-20|SO|VII U 160/20|Wyrok|40|https://www.saos.org.pl/judgments/456191
455780|2021-12-15|SO|VII U 634/20|Wyrok|40|https://www.saos.org.pl/judgments/455780
455314|2021-12-15|SO|VII U 1413/20|Wyrok|40|https://www.saos.org.pl/judgments/455314
454996|2021-12-03|SO|VII U 889/21|Wyrok|40|https://www.saos.org.pl/judgments/454996
453737|2021-12-03|SO|VII U 885/21|Wyrok|40|https://www.saos.org.pl/judgments/453737
454992|2021-12-01|SO|VII U 639/21|Wyrok|40|https://www.saos.org.pl/judgments/454992
455764|2021-11-22|SO|VII U 1492/20|Wyrok|40|https://www.saos.org.pl/judgments/455764
454065|2021-11-22|SO|VII U 1193/20|Wyrok|40|https://www.saos.org.pl/judgments/454065
454064|2021-11-17|SO|VII U 118/21|Wyrok|40|https://www.saos.org.pl/judgments/454064
453631|2021-11-16|SO|VII U 1067/19|Wyrok|40|https://www.saos.org.pl/judgments/453631
453544|2021-11-04|SO|VII U 391/19|Wyrok|40|https://www.saos.org.pl/judgments/453544
455776|2021-11-03|SO|VII U 583/21|Wyrok|40|https://www.saos.org.pl/judgments/455776
452883|2021-11-03|SO|VII U 827/21|Wyrok|40|https://www.saos.org.pl/judgments/452883
453073|2021-10-28|SO|VII U 536/19|Wyrok|40|https://www.saos.org.pl/judgments/453073
452129|2021-10-28|SO|VII U 4282/19|Wyrok|40|https://www.saos.org.pl/judgments/452129
452122|2021-10-21|SO|VII U 1516/18|Wyrok|40|https://www.saos.org.pl/judgments/452122
452124|2021-09-30|SO|VII U 2795/19|Wyrok|40|https://www.saos.org.pl/judgments/452124
452137|2021-09-29|SO|VII U 884/21|Wyrok|40|https://www.saos.org.pl/judgments/452137
454987|2021-09-23|SO|VII U 4704/19|Wyrok|40|https://www.saos.org.pl/judgments/454987
455771|2021-09-15|SO|VII U 407/20|Wyrok|40|https://www.saos.org.pl/judgments/455771
454072|2021-09-15|SO|VII U 245/20|Wyrok|40|https://www.saos.org.pl/judgments/454072
448995|2021-09-02|SO|VII U 260/20|Wyrok|40|https://www.saos.org.pl/judgments/448995
448697|2021-08-30|SO|VII U 1341/20|Wyrok|40|https://www.saos.org.pl/judgments/448697
448349|2021-08-26|SO|VII U 1043/20|Wyrok|40|https://www.saos.org.pl/judgments/448349
448633|2021-08-11|SO|VII U 4015/19|Wyrok|40|https://www.saos.org.pl/judgments/448633
448834|2021-07-12|SO|VII U 821/20|Wyrok|40|https://www.saos.org.pl/judgments/448834
448819|2021-07-05|SO|VII U 679/20|Wyrok|40|https://www.saos.org.pl/judgments/448819
448760|2021-07-05|SO|VII U 1234/20|Wyrok|40|https://www.saos.org.pl/judgments/448760
447733|2021-06-18|SO|VII U 350/20|Wyrok|40|https://www.saos.org.pl/judgments/447733
449429|2021-06-10|SO|VII U 384/19|Wyrok|40|https://www.saos.org.pl/judgments/449429
448634|2021-06-09|SO|VII U 4021/19|Wyrok|40|https://www.saos.org.pl/judgments/448634
449530|2021-06-07|SO|VII U 4197/19|Wyrok|40|https://www.saos.org.pl/judgments/449530
450708|2021-05-31|SO|VII U 432/19|Wyrok|40|https://www.saos.org.pl/judgments/450708
449427|2021-05-28|SO|VII U 379/20|Wyrok|40|https://www.saos.org.pl/judgments/449427
448759|2021-05-19|SO|VII U 1213/20|Wyrok|40|https://www.saos.org.pl/judgments/448759
448248|2021-05-13|SO|VII Pa 9/21|Wyrok|40|https://www.saos.org.pl/judgments/448248
448838|2021-05-06|SO|VII U 905/17|Wyrok|40|https://www.saos.org.pl/judgments/448838
450359|2021-04-08|SO|VII U 4650/19|Wyrok|40|https://www.saos.org.pl/judgments/450359
456198|2021-03-17|SO|VII U 459/20|Wyrok|40|https://www.saos.org.pl/judgments/456198
449923|2021-02-18|SO|VII U 2023/20|Wyrok|40|https://www.saos.org.pl/judgments/449923
448195|2021-01-18|SO|VII U 1400/20|Wyrok|40|https://www.saos.org.pl/judgments/448195
448511|2021-01-14|SO|VII U 363/19|Wyrok|40|https://www.saos.org.pl/judgments/448511
436380|2021-01-13|SO|I C 1453/19|Wyrok|40|https://www.saos.org.pl/judgments/436380
448821|2020-12-30|SO|VII U 695/20|Wyrok|40|https://www.saos.org.pl/judgments/448821
449772|2020-12-17|SO|VII U 4670/19|Wyrok|40|https://www.saos.org.pl/judgments/449772
449767|2020-12-07|SO|VII U 372/19|Wyrok|40|https://www.saos.org.pl/judgments/449767
451050|2020-12-02|SO|VII U 436/20|Wyrok|40|https://www.saos.org.pl/judgments/451050
431824|2020-11-26|SO|VII U 1522/19|Wyrok|40|https://www.saos.org.pl/judgments/431824
447448|2020-11-18|SO|VII U 509/18|Wyrok|40|https://www.saos.org.pl/judgments/447448
448814|2020-10-28|SO|VII U 607/20|Wyrok|40|https://www.saos.org.pl/judgments/448814
448914|2020-10-14|SO|VII U 1106/19|Wyrok|40|https://www.saos.org.pl/judgments/448914
449669|2020-10-06|SO|VII U 614/19|Wyrok|40|https://www.saos.org.pl/judgments/449669
448510|2020-09-29|SO|VII U 2701/19|Wyrok|40|https://www.saos.org.pl/judgments/448510
447889|2020-07-31|SO|VII U 73/18|Wyrok|40|https://www.saos.org.pl/judgments/447889
416061|2020-06-16|SO|VII U 1125/19|Wyrok|40|https://www.saos.org.pl/judgments/416061
416077|2020-05-28|SO|VII U 671/18|Wyrok|40|https://www.saos.org.pl/judgments/416077
432938|2020-03-24|SO|VII U 2574/19|Wyrok|40|https://www.saos.org.pl/judgments/432938
409970|2020-03-12|SO|VII U 2709/19|Wyrok|40|https://www.saos.org.pl/judgments/409970
409798|2020-02-26|SO|VII U 81/19|Wyrok|40|https://www.saos.org.pl/judgments/409798
409787|2020-02-17|SO|VII U 1114/17|Wyrok|40|https://www.saos.org.pl/judgments/409787
409965|2020-02-14|SO|VII U 1037/18|Wyrok|40|https://www.saos.org.pl/judgments/409965
408742|2019-12-16|SO|VII U 982/18|Wyrok|40|https://www.saos.org.pl/judgments/408742
406433|2019-11-22|SO|VII U 2932/19|Wyrok|40|https://www.saos.org.pl/judgments/406433
407861|2019-11-19|SO|VII U 323/17|Wyrok|40|https://www.saos.org.pl/judgments/407861
406819|2019-11-18|SO|VII U 1297/19|Wyrok|40|https://www.saos.org.pl/judgments/406819
406424|2019-11-04|SO|VII U 1552/18|Wyrok|40|https://www.saos.org.pl/judgments/406424
401357|2019-10-30|SO|IV U 1895/18|Wyrok|40|https://www.saos.org.pl/judgments/401357
406425|2019-10-25|SO|VII U 1569/18|Wyrok|40|https://www.saos.org.pl/judgments/406425
406420|2019-10-22|SO|VII U 1070/19|Wyrok|40|https://www.saos.org.pl/judgments/406420
406434|2019-10-17|SO|VII U 3580/19|Wyrok|40|https://www.saos.org.pl/judgments/406434
406368|2019-10-16|SO|VII U 951/17|Wyrok|40|https://www.saos.org.pl/judgments/406368
406175|2019-10-14|SO|VII U 467/19|Wyrok|40|https://www.saos.org.pl/judgments/406175
406169|2019-10-14|SO|VII U 1676/17|Wyrok|40|https://www.saos.org.pl/judgments/406169
405406|2019-10-10|SO|VII U 2886/19|Wyrok|40|https://www.saos.org.pl/judgments/405406
405391|2019-10-07|SO|VII U 1005/17|Wyrok|40|https://www.saos.org.pl/judgments/405391
405287|2019-07-05|SO|VII U 799/18|Wyrok|40|https://www.saos.org.pl/judgments/405287
402131|2019-07-05|SO|VII U 1285/18|Wyrok|40|https://www.saos.org.pl/judgments/402131
480784|2019-06-19|SO|VII Pa 25/19|Wyrok|40|https://www.saos.org.pl/judgments/480784
398075|2019-06-14|SO|VII U 349/17|Wyrok|40|https://www.saos.org.pl/judgments/398075
390911|2019-06-12|SO|VII U 10/19|Wyrok|40|https://www.saos.org.pl/judgments/390911
400268|2019-06-11|SO|VII U 1535/18|Wyrok|40|https://www.saos.org.pl/judgments/400268
398072|2019-06-10|SO|VII U 1372/16|Wyrok|40|https://www.saos.org.pl/judgments/398072
398076|2019-06-06|SO|VII U 741/18|Wyrok|40|https://www.saos.org.pl/judgments/398076
395449|2019-04-15|SO|VII U 1041/18|Wyrok|40|https://www.saos.org.pl/judgments/395449
409368|2019-04-11|SO|IV U 55/19|Wyrok|40|https://www.saos.org.pl/judgments/409368
395464|2019-04-08|SO|VII U 960/17|Wyrok|40|https://www.saos.org.pl/judgments/395464
395326|2019-04-08|SO|VII U 1219/18|Wyrok|40|https://www.saos.org.pl/judgments/395326
395460|2019-03-27|SO|VII U 324/17|Wyrok|40|https://www.saos.org.pl/judgments/395460
391604|2019-03-27|SO|VII U 397/18|Wyrok|40|https://www.saos.org.pl/judgments/391604
391602|2019-03-25|SO|VII U 21/17|Wyrok|40|https://www.saos.org.pl/judgments/391602
387557|2019-03-11|SO|VII U 506/18|Wyrok|40|https://www.saos.org.pl/judgments/387557
385440|2019-03-08|SO|VII U 1276/18|Wyrok|40|https://www.saos.org.pl/judgments/385440
387370|2019-03-04|SO|VII U 833/18|Wyrok|40|https://www.saos.org.pl/judgments/387370
390478|2019-02-28|SO|VII U 1143/17|Wyrok|40|https://www.saos.org.pl/judgments/390478
389484|2019-02-28|SO|VII U 1096/17|Wyrok|40|https://www.saos.org.pl/judgments/389484
387553|2019-02-28|SO|VII U 1006/17|Wyrok|40|https://www.saos.org.pl/judgments/387553
387526|2019-02-28|SO|VII U 981/17|Wyrok|40|https://www.saos.org.pl/judgments/387526
387361|2019-02-18|SO|VII U 1723/15|Wyrok|40|https://www.saos.org.pl/judgments/387361
387018|2019-02-12|SO|VII U 76/15|Wyrok|40|https://www.saos.org.pl/judgments/387018
389483|2019-02-06|SO|VII U 1033/18|Wyrok|40|https://www.saos.org.pl/judgments/389483
387020|2019-01-28|SO|VII U 832/18|Wyrok|40|https://www.saos.org.pl/judgments/387020
387003|2019-01-23|SO|VII U 231/18|Wyrok|40|https://www.saos.org.pl/judgments/387003
392719|2019-01-22|SO|VII U 2092/17|Wyrok|40|https://www.saos.org.pl/judgments/392719
370020|2019-01-22|SO|III U 323/18|Wyrok|40|https://www.saos.org.pl/judgments/370020
386980|2019-01-21|SO|VII U 1055/17|Wyrok|40|https://www.saos.org.pl/judgments/386980
387013|2019-01-17|SO|VII U 677/17|Wyrok|40|https://www.saos.org.pl/judgments/387013
392734|2019-01-15|SO|VII U 3470/17|Wyrok|40|https://www.saos.org.pl/judgments/392734
386969|2019-01-15|SO|VII U 980/18|Wyrok|40|https://www.saos.org.pl/judgments/386969
386967|2018-12-28|SO|VII U 946/17|Wyrok|40|https://www.saos.org.pl/judgments/386967
386945|2018-12-28|SO|VII U 1099/17|Wyrok|40|https://www.saos.org.pl/judgments/386945
386968|2018-12-19|SO|VII U 953/17|Wyrok|40|https://www.saos.org.pl/judgments/386968
386948|2018-12-19|SO|VII U 1124/17|Wyrok|40|https://www.saos.org.pl/judgments/386948
386941|2018-12-19|SO|VII U 1036/17|Wyrok|40|https://www.saos.org.pl/judgments/386941
386940|2018-12-19|SO|VII U 1009/17|Wyrok|40|https://www.saos.org.pl/judgments/386940
386949|2018-12-18|SO|VII U 1145/17|Wyrok|40|https://www.saos.org.pl/judgments/386949
386695|2018-12-18|SO|VII U 1000/17|Wyrok|40|https://www.saos.org.pl/judgments/386695
386946|2018-12-12|SO|VII U 1105/17|Wyrok|40|https://www.saos.org.pl/judgments/386946
386944|2018-12-12|SO|VII U 1071/17|Wyrok|40|https://www.saos.org.pl/judgments/386944
386096|2018-11-30|SO|VII U 657/15|Wyrok|40|https://www.saos.org.pl/judgments/386096
385142|2018-11-22|SO|VII U 353/18|Wyrok|40|https://www.saos.org.pl/judgments/385142
385711|2018-11-20|SO|VII U 433/17|Wyrok|40|https://www.saos.org.pl/judgments/385711
384763|2018-11-13|SO|VII U 652/17|Wyrok|40|https://www.saos.org.pl/judgments/384763
375820|2018-11-07|SO|VII U 1030/17|Wyrok|40|https://www.saos.org.pl/judgments/375820
376104|2018-11-05|SO|VII U 871/18|Wyrok|40|https://www.saos.org.pl/judgments/376104
390477|2018-10-31|SO|VII U 1103/17|Wyrok|40|https://www.saos.org.pl/judgments/390477
375967|2018-10-29|SO|VII U 230/18|Wyrok|40|https://www.saos.org.pl/judgments/375967
376091|2018-10-24|SO|VII U 829/18|Wyrok|40|https://www.saos.org.pl/judgments/376091
375960|2018-10-19|SO|VII U 1951/16|Wyrok|40|https://www.saos.org.pl/judgments/375960
375821|2018-10-05|SO|VII U 1033/16|Wyrok|40|https://www.saos.org.pl/judgments/375821
375877|2018-10-01|SO|VII U 1477/17|Wyrok|40|https://www.saos.org.pl/judgments/375877
375843|2018-09-10|SO|VII U 1320/17|Wyrok|40|https://www.saos.org.pl/judgments/375843
421932|2018-07-24|SO|VII U 3454/17|Wyrok|40|https://www.saos.org.pl/judgments/421932
376116|2018-07-20|SO|VII U 952/17|Wyrok|40|https://www.saos.org.pl/judgments/376116
375804|2018-07-19|SO|VII Pa 81/18|Wyrok|40|https://www.saos.org.pl/judgments/375804
375888|2018-06-25|SO|VII U 1508/17|Wyrok|40|https://www.saos.org.pl/judgments/375888
375871|2018-06-18|SO|VII U 1461/17|Wyrok|40|https://www.saos.org.pl/judgments/375871
405138|2018-06-08|SO|IV U 41/18|Wyrok|40|https://www.saos.org.pl/judgments/405138
396349|2018-06-08|SO|IV U 156/18|Wyrok|40|https://www.saos.org.pl/judgments/396349
375845|2018-06-06|SO|VII U 134/18|Wyrok|40|https://www.saos.org.pl/judgments/375845
346548|2018-05-25|SO|IV Pa 115/18|Wyrok|40|https://www.saos.org.pl/judgments/346548
374998|2018-05-18|SO|VII Pa 48/18|Wyrok|40|https://www.saos.org.pl/judgments/374998
375890|2018-05-07|SO|VII U 1527/17|Wyrok|40|https://www.saos.org.pl/judgments/375890
394993|2018-04-27|SO|III Pa 34/17|Wyrok|40|https://www.saos.org.pl/judgments/394993
375886|2018-03-23|SO|VII U 1500/17|Wyrok|40|https://www.saos.org.pl/judgments/375886
373923|2018-03-14|SO|VII U 1687/15|Wyrok|40|https://www.saos.org.pl/judgments/373923
373922|2018-03-14|SO|VII U 1612/16|Wyrok|40|https://www.saos.org.pl/judgments/373922
375991|2018-03-13|SO|VII U 352/17|Wyrok|40|https://www.saos.org.pl/judgments/375991
331705|2018-02-06|SO|VII Pa 164/17|Wyrok|40|https://www.saos.org.pl/judgments/331705
332513|2018-02-05|SO|VII P 193/17|Wyrok|40|https://www.saos.org.pl/judgments/332513
333345|2018-01-25|SO|VII U 474/16|Wyrok|40|https://www.saos.org.pl/judgments/333345
333097|2018-01-19|SO|VII U 1576/15|Wyrok|40|https://www.saos.org.pl/judgments/333097
328053|2018-01-08|SO|VII P 525/17|Wyrok|40|https://www.saos.org.pl/judgments/328053
333338|2017-12-29|SO|VII U 1695/16|Wyrok|40|https://www.saos.org.pl/judgments/333338
332852|2017-12-29|SO|VII U 510/17|Wyrok|40|https://www.saos.org.pl/judgments/332852
332845|2017-12-29|SO|VII U 1032/15|Wyrok|40|https://www.saos.org.pl/judgments/332845
332863|2017-12-19|SO|VII U 992/16|Wyrok|40|https://www.saos.org.pl/judgments/332863
332860|2017-12-15|SO|VII U 87/17|Wyrok|40|https://www.saos.org.pl/judgments/332860
332850|2017-12-15|SO|VII U 287/15|Wyrok|40|https://www.saos.org.pl/judgments/332850
329027|2017-12-12|SO|VII U 546/17|Wyrok|40|https://www.saos.org.pl/judgments/329027
332853|2017-12-11|SO|VII U 536/15|Wyrok|40|https://www.saos.org.pl/judgments/332853
324172|2017-12-07|SO|VII U 1516/16|Wyrok|40|https://www.saos.org.pl/judgments/324172
329026|2017-12-04|SO|VII U 205/16|Wyrok|40|https://www.saos.org.pl/judgments/329026
324218|2017-11-29|SO|VII U 863/17|Wyrok|40|https://www.saos.org.pl/judgments/324218
325833|2017-11-23|SO|VI P 275/16|Wyrok|40|https://www.saos.org.pl/judgments/325833
324199|2017-11-23|SO|VII U 460/17|Wyrok|40|https://www.saos.org.pl/judgments/324199
324204|2017-11-22|SO|VII U 537/16|Wyrok|40|https://www.saos.org.pl/judgments/324204
324191|2017-11-17|SO|VII U 260/17|Wyrok|40|https://www.saos.org.pl/judgments/324191
331085|2017-11-16|SO|VII Pa 131/17|Wyrok|40|https://www.saos.org.pl/judgments/331085
331084|2017-11-16|SO|VII Pa 128/17|Wyrok|40|https://www.saos.org.pl/judgments/331084
324183|2017-11-16|SO|VII U 1808/14|Wyrok|40|https://www.saos.org.pl/judgments/324183
318664|2017-11-14|SO|IV U 460/17|Wyrok|40|https://www.saos.org.pl/judgments/318664
323115|2017-11-08|SO|VII U 105/17|Wyrok|40|https://www.saos.org.pl/judgments/323115
323284|2017-11-07|SO|VII U 295/16|Wyrok|40|https://www.saos.org.pl/judgments/323284
323122|2017-11-07|SO|VII U 413/17|Wyrok|40|https://www.saos.org.pl/judgments/323122
321741|2017-10-26|SO|VII U 329/16|Wyrok|40|https://www.saos.org.pl/judgments/321741
320674|2017-10-24|SO|VII U 302/17|Wyrok|40|https://www.saos.org.pl/judgments/320674
318662|2017-10-19|SO|IV U 410/17|Wyrok|40|https://www.saos.org.pl/judgments/318662
321737|2017-10-17|SO|VII U 154/15|Wyrok|40|https://www.saos.org.pl/judgments/321737
320668|2017-10-17|SO|VII U 1333/16|Wyrok|40|https://www.saos.org.pl/judgments/320668
319268|2017-10-12|SO|IV Pa 26/17|Wyrok|40|https://www.saos.org.pl/judgments/319268
321149|2017-10-11|SO|VII U 185/17|Wyrok|40|https://www.saos.org.pl/judgments/321149
320113|2017-10-04|SO|VII U 538/15|Wyrok|40|https://www.saos.org.pl/judgments/320113
309109|2017-09-28|SO|IV U 1677/16|Wyrok|40|https://www.saos.org.pl/judgments/309109
319734|2017-09-21|SO|VII U 31/17|Wyrok|40|https://www.saos.org.pl/judgments/319734
319361|2017-09-21|SO|VII U 1713/16|Wyrok|40|https://www.saos.org.pl/judgments/319361
319363|2017-09-14|SO|VII U 300/17|Wyrok|40|https://www.saos.org.pl/judgments/319363
319374|2017-09-13|SO|VII U 837/16|Wyrok|40|https://www.saos.org.pl/judgments/319374
306369|2017-09-12|SO|V U 391/17|Wyrok|40|https://www.saos.org.pl/judgments/306369
315582|2017-08-11|SO|VII U 112/17|Wyrok|40|https://www.saos.org.pl/judgments/315582
313453|2017-07-27|SO|VII U 1482/15|Wyrok|40|https://www.saos.org.pl/judgments/313453
300260|2017-07-20|SO|VIII U 10120/14|Wyrok|40|https://www.saos.org.pl/judgments/300260
315013|2017-07-13|SO|VII U 210/15|Wyrok|40|https://www.saos.org.pl/judgments/315013
313452|2017-07-05|SO|VII U 1377/15|Wyrok|40|https://www.saos.org.pl/judgments/313452
313012|2017-06-21|SO|VII U 398/17|Wyrok|40|https://www.saos.org.pl/judgments/313012
312240|2017-06-21|SO|VII U 366/15|Wyrok|40|https://www.saos.org.pl/judgments/312240
312243|2017-05-31|SO|VII U 677/16|Wyrok|40|https://www.saos.org.pl/judgments/312243
312037|2017-05-31|SO|VII U 7/17|Wyrok|40|https://www.saos.org.pl/judgments/312037
287806|2017-05-30|SO|VIII U 3985/14|Wyrok|40|https://www.saos.org.pl/judgments/287806
309850|2017-05-11|SO|VII U 435/16|Wyrok|40|https://www.saos.org.pl/judgments/309850
309841|2017-05-09|SO|VII U 1964/16|Wyrok|40|https://www.saos.org.pl/judgments/309841
289480|2017-05-09|SO|VIII U 3103/15|Wyrok|40|https://www.saos.org.pl/judgments/289480
283683|2017-05-09|SO|VIII U 39/16|Wyrok|40|https://www.saos.org.pl/judgments/283683
294005|2017-05-08|SO|IV U 231/17|Wyrok|40|https://www.saos.org.pl/judgments/294005
284911|2017-05-05|SO|VIII U 2938/15|Wyrok|40|https://www.saos.org.pl/judgments/284911
283684|2017-04-27|SO|VIII U 3943/14|Wyrok|40|https://www.saos.org.pl/judgments/283684
309147|2017-04-26|SO|VII U 803/16|Wyrok|40|https://www.saos.org.pl/judgments/309147
309851|2017-04-25|SO|VII U 611/15|Wyrok|40|https://www.saos.org.pl/judgments/309851
309843|2017-04-18|SO|VII U 238/15|Wyrok|40|https://www.saos.org.pl/judgments/309843
306691|2017-04-12|SO|VII U 1592/16|Wyrok|40|https://www.saos.org.pl/judgments/306691
285912|2017-04-10|SO|VII Pa 20/17|Wyrok|40|https://www.saos.org.pl/judgments/285912
294789|2017-03-30|SO|VII U 50/17|Wyrok|40|https://www.saos.org.pl/judgments/294789
328054|2017-03-28|SO|VII P 76/15|Wyrok|40|https://www.saos.org.pl/judgments/328054
288523|2017-03-17|SO|V U 173/16|Wyrok|40|https://www.saos.org.pl/judgments/288523
275746|2017-03-01|SO|VII U 446/16|Wyrok|40|https://www.saos.org.pl/judgments/275746
275777|2017-02-28|SO|VIII U 82/16|Wyrok|40|https://www.saos.org.pl/judgments/275777
327053|2017-02-15|SO|VII Pa 169/16|Wyrok|40|https://www.saos.org.pl/judgments/327053
275748|2017-02-15|SO|VII U 604/15|Wyrok|40|https://www.saos.org.pl/judgments/275748
273227|2017-01-27|SO|IV P 158/16|Wyrok|40|https://www.saos.org.pl/judgments/273227
349568|2017-01-12|SO|VII U 2946/15|Wyrok|40|https://www.saos.org.pl/judgments/349568
272748|2017-01-05|SO|VIII U 2989/15|Wyrok|40|https://www.saos.org.pl/judgments/272748
265721|2016-12-29|SO|VII U 1142/16|Wyrok|40|https://www.saos.org.pl/judgments/265721
272738|2016-12-22|SO|VIII U 10378/14|Wyrok|40|https://www.saos.org.pl/judgments/272738
265728|2016-12-21|SO|VII U 274/16|Wyrok|40|https://www.saos.org.pl/judgments/265728
262069|2016-11-28|SO|VII U 352/16|Wyrok|40|https://www.saos.org.pl/judgments/262069
258332|2016-11-24|SO|VIII U 1913/15|Wyrok|40|https://www.saos.org.pl/judgments/258332
259943|2016-10-25|SO|VII U 888/16|Wyrok|40|https://www.saos.org.pl/judgments/259943
259536|2016-10-11|SO|VII U 1178/15|Wyrok|40|https://www.saos.org.pl/judgments/259536
258307|2016-10-05|SO|VII U 759/16|Wyrok|40|https://www.saos.org.pl/judgments/258307
258287|2016-09-28|SO|VII P 20/10|Wyrok|40|https://www.saos.org.pl/judgments/258287
258297|2016-09-27|SO|VII U 233/15|Wyrok|40|https://www.saos.org.pl/judgments/258297
271814|2016-09-15|SO|VII U 2158/15|Wyrok|40|https://www.saos.org.pl/judgments/271814
257786|2016-09-13|SO|VII U 249/16|Wyrok|40|https://www.saos.org.pl/judgments/257786
272743|2016-09-06|SO|VIII U 2420/15|Wyrok|40|https://www.saos.org.pl/judgments/272743
271808|2016-09-01|SO|VII U 14/14|Wyrok|40|https://www.saos.org.pl/judgments/271808
256388|2016-08-29|SO|VII U 804/16|Wyrok|40|https://www.saos.org.pl/judgments/256388
246802|2016-08-18|SO|VIII U 1062/15|Wyrok|40|https://www.saos.org.pl/judgments/246802
249740|2016-07-21|SO|VI P 451/15|Wyrok|40|https://www.saos.org.pl/judgments/249740
237027|2016-07-13|SO|VII U 1151/15|Wyrok|40|https://www.saos.org.pl/judgments/237027
241806|2016-07-12|SO|VII U 1136/15|Wyrok|40|https://www.saos.org.pl/judgments/241806
238187|2016-06-30|SO|VII U 397/15|Wyrok|40|https://www.saos.org.pl/judgments/238187
234627|2016-06-23|SO|VII U 1592/15|Wyrok|40|https://www.saos.org.pl/judgments/234627
234452|2016-06-21|SO|VII U 1266/15|Wyrok|40|https://www.saos.org.pl/judgments/234452
226869|2016-05-13|SO|VII U 1594/15|Wyrok|40|https://www.saos.org.pl/judgments/226869
226881|2016-04-29|SO|VII U 222/15|Wyrok|40|https://www.saos.org.pl/judgments/226881
235300|2016-04-22|SO|VII P 570/15|Wyrok|40|https://www.saos.org.pl/judgments/235300
226890|2016-04-21|SO|VII U 955/15|Wyrok|40|https://www.saos.org.pl/judgments/226890
225739|2016-04-21|SO|VII U 590/15|Wyrok|40|https://www.saos.org.pl/judgments/225739
221044|2016-04-06|SO|VI Ka 1261/15|Wyrok|40|https://www.saos.org.pl/judgments/221044
217904|2016-04-05|SO|VIII U 5860/14|Wyrok|40|https://www.saos.org.pl/judgments/217904
247814|2016-03-23|SO|VII U 1902/15|Wyrok|40|https://www.saos.org.pl/judgments/247814
225728|2016-03-23|SO|VII U 1503/15|Wyrok|40|https://www.saos.org.pl/judgments/225728
228139|2016-03-22|SO|V U 1302/15|Wyrok|40|https://www.saos.org.pl/judgments/228139
216431|2016-03-22|SO|VIII U 2329/14|Wyrok|40|https://www.saos.org.pl/judgments/216431
211435|2016-03-01|SO|VIII U 2772/15|Wyrok|40|https://www.saos.org.pl/judgments/211435
211219|2016-02-25|SO|VIII U 9312/14|Wyrok|40|https://www.saos.org.pl/judgments/211219
226887|2016-02-23|SO|VII U 515/15|Wyrok|40|https://www.saos.org.pl/judgments/226887
205017|2016-02-02|SO|VIII U 153/15|Wyrok|40|https://www.saos.org.pl/judgments/205017
199586|2016-01-26|SO|VIII U 1234/13|Wyrok|40|https://www.saos.org.pl/judgments/199586
203446|2015-12-09|SO|V U 870/15|Wyrok|40|https://www.saos.org.pl/judgments/203446
193486|2015-12-08|SO|IV P 98/15|Wyrok|40|https://www.saos.org.pl/judgments/193486
194986|2015-11-24|SO|V U 833/15|Wyrok|40|https://www.saos.org.pl/judgments/194986
203683|2015-11-17|SO|VIII U 2208/14|Wyrok|40|https://www.saos.org.pl/judgments/203683
321036|2015-11-04|SO|VII U 1124/14|Wyrok|40|https://www.saos.org.pl/judgments/321036
188892|2015-10-27|SO|VIII U 3984/14|Wyrok|40|https://www.saos.org.pl/judgments/188892
186794|2015-10-12|SO|IV U 946/15|Wyrok|40|https://www.saos.org.pl/judgments/186794
187374|2015-10-06|SO|V U 529/15|Wyrok|40|https://www.saos.org.pl/judgments/187374
180891|2015-10-06|SO|VIII U 5862/14|Wyrok|40|https://www.saos.org.pl/judgments/180891
188366|2015-09-18|SO|VII U 4460/14|Wyrok|40|https://www.saos.org.pl/judgments/188366
214074|2015-09-10|SO|VII U 145/15|Wyrok|40|https://www.saos.org.pl/judgments/214074
178871|2015-08-27|SO|VIII U 2077/14|Wyrok|40|https://www.saos.org.pl/judgments/178871
186549|2015-08-10|SO|IV P 777/14|Wyrok|40|https://www.saos.org.pl/judgments/186549
178876|2015-06-29|SO|VIII U 4331/14|Wyrok|40|https://www.saos.org.pl/judgments/178876
191717|2015-06-15|SO|VII P 125/15|Wyrok|40|https://www.saos.org.pl/judgments/191717
309842|2015-05-12|SO|VII U 2299/14|Wyrok|40|https://www.saos.org.pl/judgments/309842
153042|2015-05-05|SO|VIII U 2140/14|Wyrok|40|https://www.saos.org.pl/judgments/153042
272032|2015-04-22|SO|VII U 2219/14|Wyrok|40|https://www.saos.org.pl/judgments/272032
214091|2015-04-15|SO|VII U 491/14|Wyrok|40|https://www.saos.org.pl/judgments/214091
153338|2015-04-15|SO|VII U 3356/14|Wyrok|40|https://www.saos.org.pl/judgments/153338
156176|2015-04-14|SO|VIII U 6435/14|Wyrok|40|https://www.saos.org.pl/judgments/156176
153337|2015-04-02|SO|VII U 2018/14|Wyrok|40|https://www.saos.org.pl/judgments/153337
308258|2015-03-09|SO|VII U 598/14|Wyrok|40|https://www.saos.org.pl/judgments/308258
148481|2015-02-11|SO|VII U 5/14|Wyrok|40|https://www.saos.org.pl/judgments/148481
178874|2015-02-04|SO|VIII U 3905/14|Wyrok|40|https://www.saos.org.pl/judgments/178874
258530|2015-01-09|SO|VII U 630/14|Wyrok|40|https://www.saos.org.pl/judgments/258530
131895|2014-12-29|SO|VIII U 5077/13|Wyrok|40|https://www.saos.org.pl/judgments/131895
75574|2014-12-15|SO|VIII U 2045/14|Wyrok|40|https://www.saos.org.pl/judgments/75574
126200|2014-12-08|SO|VIII U 1313/14|Wyrok|40|https://www.saos.org.pl/judgments/126200
73359|2014-11-27|SO|VIII U 1381/14|Wyrok|40|https://www.saos.org.pl/judgments/73359
133758|2014-11-24|SO|VIII U 4337/13|Wyrok|40|https://www.saos.org.pl/judgments/133758
259537|2014-11-18|SO|VII U 1688/14|Wyrok|40|https://www.saos.org.pl/judgments/259537
240910|2014-11-18|SO|VII U 814/14|Wyrok|40|https://www.saos.org.pl/judgments/240910
233383|2014-11-17|SO|VII U 1482/13|Wyrok|40|https://www.saos.org.pl/judgments/233383
133754|2014-11-17|SO|VIII U 1751/14|Wyrok|40|https://www.saos.org.pl/judgments/133754
130355|2014-11-13|SO|IV Pa 48/14|Wyrok|40|https://www.saos.org.pl/judgments/130355
238011|2014-11-12|SO|VII U 106/14|Wyrok|40|https://www.saos.org.pl/judgments/238011
229238|2014-10-30|SO|VII U 953/14|Wyrok|40|https://www.saos.org.pl/judgments/229238
259543|2014-10-29|SO|VII U 352/14|Wyrok|40|https://www.saos.org.pl/judgments/259543
70739|2014-10-28|SO|VII U 1955/14|Wyrok|40|https://www.saos.org.pl/judgments/70739
128437|2014-10-17|SO|VIII U 2062/14|Wyrok|40|https://www.saos.org.pl/judgments/128437
238186|2014-10-08|SO|VII U 3528/13|Wyrok|40|https://www.saos.org.pl/judgments/238186
65384|2014-09-12|SO|IV Ka 651/14|Wyrok|40|https://www.saos.org.pl/judgments/65384
315023|2014-09-10|SO|VII U 433/14|Wyrok|40|https://www.saos.org.pl/judgments/315023
214098|2014-09-08|SO|VII U 869/14|Wyrok|40|https://www.saos.org.pl/judgments/214098
188368|2014-07-28|SO|VII U 4777/13|Wyrok|40|https://www.saos.org.pl/judgments/188368
273289|2014-07-16|SO|VII U 1836/13|Wyrok|40|https://www.saos.org.pl/judgments/273289
234151|2014-07-10|SO|I C 772/11|Wyrok|40|https://www.saos.org.pl/judgments/234151
214073|2014-05-21|SO|VII U 138/14|Wyrok|40|https://www.saos.org.pl/judgments/214073
229235|2014-05-20|SO|VII U 1434/13|Wyrok|40|https://www.saos.org.pl/judgments/229235
51849|2014-05-20|SO|VI Ka 992/13|Wyrok|40|https://www.saos.org.pl/judgments/51849
214084|2014-05-13|SO|VII U 2691/13|Wyrok|40|https://www.saos.org.pl/judgments/214084
133890|2014-03-09|SO|VIII U 2094/14|Wyrok|40|https://www.saos.org.pl/judgments/133890
36560|2014-02-19|SO|III U 765/13|Wyrok|40|https://www.saos.org.pl/judgments/36560
44041|2014-02-17|SO|II K 459/13|Wyrok|40|https://www.saos.org.pl/judgments/44041
408337|2014-02-11|SO|VII P 15/13|Wyrok|40|https://www.saos.org.pl/judgments/408337
32611|2013-12-13|SO|IV Ka 989/13|Wyrok|40|https://www.saos.org.pl/judgments/32611
30149|2013-11-14|SO|IV Pa 52/13|Wyrok|40|https://www.saos.org.pl/judgments/30149
24360|2013-10-22|SO|IV U 1275/13|Wyrok|40|https://www.saos.org.pl/judgments/24360
21593|2013-09-09|SO|V Ka 395/13|Wyrok|40|https://www.saos.org.pl/judgments/21593
29253|2013-08-20|SO|IV U 433/13|Wyrok|40|https://www.saos.org.pl/judgments/29253
11903|2013-04-17|SO|V U 262/13|Wyrok|40|https://www.saos.org.pl/judgments/11903
9260|2013-03-14|SO|V Pa 30/13|Wyrok|40|https://www.saos.org.pl/judgments/9260
3731|2012-12-20|SO|V Pa 195/12|Wyrok|40|https://www.saos.org.pl/judgments/3731
543988|2025-04-17|SO|VII Pz 7/25|Postanowienie|31|https://www.saos.org.pl/judgments/543988
484206|2023-02-20|SO|VII Pa 156/21|Postanowienie|31|https://www.saos.org.pl/judgments/484206
381708|2018-10-30|SO|VII U 606/18|Postanowienie|31|https://www.saos.org.pl/judgments/381708
542789|2025-10-07|SO|VIII U 404/24|Uzasadnienie|27|https://www.saos.org.pl/judgments/542789
542672|2025-10-07|SO|VIII U 327/24|Uzasadnienie|27|https://www.saos.org.pl/judgments/542672
538979|2025-10-02|SO|VIII U 435/25|Uzasadnienie|27|https://www.saos.org.pl/judgments/538979
535104|2025-08-28|SO|VIII U 2559/24|Uzasadnienie|27|https://www.saos.org.pl/judgments/535104
535234|2025-07-14|SO|VIII U 753/24|Uzasadnienie|27|https://www.saos.org.pl/judgments/535234
535227|2025-07-08|SO|VIII U 319/24|Uzasadnienie|27|https://www.saos.org.pl/judgments/535227
535437|2025-07-01|SO|VIII U 303/24|Uzasadnienie|27|https://www.saos.org.pl/judgments/535437
535433|2025-07-01|SO|VIII U 300/24|Uzasadnienie|27|https://www.saos.org.pl/judgments/535433
535444|2025-06-27|SO|VIII U 310/24|Uzasadnienie|27|https://www.saos.org.pl/judgments/535444
533830|2025-06-26|SO|VIII U 322/24|Uzasadnienie|27|https://www.saos.org.pl/judgments/533830
533832|2025-06-25|SO|VIII U 333/24|Uzasadnienie|27|https://www.saos.org.pl/judgments/533832
535454|2025-06-20|SO|VIII U 719/24|Uzasadnienie|27|https://www.saos.org.pl/judgments/535454
529545|2025-06-17|SO|VIII Pa 83/25|Uzasadnienie|27|https://www.saos.org.pl/judgments/529545
534588|2025-05-28|SO|VIII U 462/24|Uzasadnienie|27|https://www.saos.org.pl/judgments/534588
534581|2025-05-28|SO|VIII U 328/24|Uzasadnienie|27|https://www.saos.org.pl/judgments/534581
535307|2025-05-22|SO|VIII U 385/24|Uzasadnienie|27|https://www.saos.org.pl/judgments/535307
535305|2025-05-22|SO|VIII U 379/24|Uzasadnienie|27|https://www.saos.org.pl/judgments/535305
534916|2025-05-19|SO|VIII U 456/24|Uzasadnienie|27|https://www.saos.org.pl/judgments/534916
534913|2025-05-19|SO|VIII U 369/24|Uzasadnienie|27|https://www.saos.org.pl/judgments/534913
534480|2025-05-12|SO|VIII U 336/24|Uzasadnienie|27|https://www.saos.org.pl/judgments/534480
534589|2025-05-07|SO|VIII U 488/24|Uzasadnienie|27|https://www.saos.org.pl/judgments/534589
534584|2025-05-07|SO|VIII U 342/24|Uzasadnienie|27|https://www.saos.org.pl/judgments/534584
534479|2025-05-07|SO|VIII U 332/24|Uzasadnienie|27|https://www.saos.org.pl/judgments/534479
534577|2025-05-06|SO|VIII U 301/24|Uzasadnienie|27|https://www.saos.org.pl/judgments/534577
534596|2025-04-30|SO|VIII U 752/24|Uzasadnienie|27|https://www.saos.org.pl/judgments/534596
534586|2025-04-28|SO|VIII U 419/24|Uzasadnienie|27|https://www.saos.org.pl/judgments/534586
534485|2025-04-28|SO|VIII U 750/24|Uzasadnienie|27|https://www.saos.org.pl/judgments/534485
530508|2025-04-17|SO|VIII U 470/24|Uzasadnienie|27|https://www.saos.org.pl/judgments/530508
526331|2025-04-17|SO|VI Ka 789/23|Uzasadnienie|27|https://www.saos.org.pl/judgments/526331
533983|2025-04-14|SO|VIII U 397/24|Uzasadnienie|27|https://www.saos.org.pl/judgments/533983
529550|2025-01-24|SO|VIII U 1698/23|Uzasadnienie|27|https://www.saos.org.pl/judgments/529550
527604|2025-01-02|SO|VIII U 1402/24|Uzasadnienie|27|https://www.saos.org.pl/judgments/527604
526239|2024-12-23|SO|VIII Pa 324/24|Uzasadnienie|27|https://www.saos.org.pl/judgments/526239
526650|2024-10-22|SO|VIII P 13/24|Uzasadnienie|27|https://www.saos.org.pl/judgments/526650
519369|2024-10-09|SO|VII C 1156/23|Uzasadnienie|27|https://www.saos.org.pl/judgments/519369
524136|2024-09-09|SO|VIII U 66/24|Uzasadnienie|27|https://www.saos.org.pl/judgments/524136
517696|2024-06-06|SO|VIII U 1654/23|Uzasadnienie|27|https://www.saos.org.pl/judgments/517696
513976|2024-05-10|SO|VIII U 6/24|Uzasadnienie|27|https://www.saos.org.pl/judgments/513976
513494|2024-04-08|SO|VIII U 1853/23|Uzasadnienie|27|https://www.saos.org.pl/judgments/513494
514065|2024-03-05|SO|VIII U 729/23|Uzasadnienie|27|https://www.saos.org.pl/judgments/514065
513015|2023-12-28|SO|VIII Pa 68/23|Uzasadnienie|27|https://www.saos.org.pl/judgments/513015
513866|2023-09-07|SO|VIII U 394/23|Uzasadnienie|27|https://www.saos.org.pl/judgments/513866
489515|2023-05-30|SO|VIII U 1159/22|Uzasadnienie|27|https://www.saos.org.pl/judgments/489515
486073|2023-03-28|SO|VIII U 1255/22|Uzasadnienie|27|https://www.saos.org.pl/judgments/486073
483169|2023-02-01|SO|VIII U 1175/22|Zarządzenie|27|https://www.saos.org.pl/judgments/483169
483536|2023-01-30|SO|VIII U 1210/22|Uzasadnienie|27|https://www.saos.org.pl/judgments/483536
483167|2022-12-29|SO|VIII U 1151/22|Uzasadnienie|27|https://www.saos.org.pl/judgments/483167
481691|2022-12-20|SO|VIII U 1226/22|Uzasadnienie|27|https://www.saos.org.pl/judgments/481691
483255|2022-12-16|SO|VIII U 2766/20|Zarządzenie|27|https://www.saos.org.pl/judgments/483255
481690|2022-12-16|SO|VIII U 1185/22|Uzasadnienie|27|https://www.saos.org.pl/judgments/481690
481687|2022-12-16|SO|VIII U 1178/22|Uzasadnienie|27|https://www.saos.org.pl/judgments/481687
481685|2022-12-16|SO|VIII U 1172/22|Uzasadnienie|27|https://www.saos.org.pl/judgments/481685
479222|2022-12-15|SO|VIII U 1160/22|Uzasadnienie|27|https://www.saos.org.pl/judgments/479222
478986|2022-12-06|SO|VIII U 2796/20|Zarządzenie|27|https://www.saos.org.pl/judgments/478986
478933|2022-12-06|SO|VIII U 2819/20|Zarządzenie|27|https://www.saos.org.pl/judgments/478933
478932|2022-12-06|SO|VIII U 2705/20|Zarządzenie|27|https://www.saos.org.pl/judgments/478932
478566|2022-11-16|SO|VIII U 2674/20|Uzasadnienie|27|https://www.saos.org.pl/judgments/478566
477522|2022-11-07|SO|VIII U 739/22|Uzasadnienie|27|https://www.saos.org.pl/judgments/477522
476325|2022-10-27|SO|VIII U 1462/20|Zarządzenie|27|https://www.saos.org.pl/judgments/476325
476892|2022-09-19|SO|VIII U 2733/20|Zarządzenie|27|https://www.saos.org.pl/judgments/476892
476124|2022-09-09|SO|VIII U 2825/20|Uzasadnienie|27|https://www.saos.org.pl/judgments/476124
476121|2022-08-31|SO|VIII U 2634/20|Zarządzenie|27|https://www.saos.org.pl/judgments/476121
474659|2022-08-24|SO|VIII U 2689/20|Uzasadnienie|27|https://www.saos.org.pl/judgments/474659
474665|2022-08-22|SO|VIII U 2782/20|Uzasadnienie|27|https://www.saos.org.pl/judgments/474665
474656|2022-08-22|SO|VIII U 2610/20|Uzasadnienie|27|https://www.saos.org.pl/judgments/474656
474663|2022-08-11|SO|VIII U 2773/20|Uzasadnienie|27|https://www.saos.org.pl/judgments/474663
474667|2022-08-10|SO|VIII U 2784/20|Uzasadnienie|27|https://www.saos.org.pl/judgments/474667
474846|2022-08-08|SO|VIII U 2673/20|Zarządzenie|27|https://www.saos.org.pl/judgments/474846
475121|2022-07-19|SO|VIII U 2708/20|Zarządzenie|27|https://www.saos.org.pl/judgments/475121
475119|2022-07-19|SO|VIII U 2672/20|Zarządzenie|27|https://www.saos.org.pl/judgments/475119
470644|2022-07-06|SO|VIII U 2633/20|Uzasadnienie|27|https://www.saos.org.pl/judgments/470644
471207|2022-06-23|SO|VIII U 2617/20|Uzasadnienie|27|https://www.saos.org.pl/judgments/471207
469748|2022-06-23|SO|VIII U 2607/20|Uzasadnienie|27|https://www.saos.org.pl/judgments/469748
470818|2022-06-22|SO|VIII U 2696/20|Uzasadnienie|27|https://www.saos.org.pl/judgments/470818
470740|2022-06-22|SO|VIII U 2742/20|Uzasadnienie|27|https://www.saos.org.pl/judgments/470740
471204|2022-06-02|SO|VIII U 2598/20|Zarządzenie|27|https://www.saos.org.pl/judgments/471204
463920|2022-05-02|SO|VIII U 2746/20|Zarządzenie|27|https://www.saos.org.pl/judgments/463920
465561|2022-04-21|SO|IV P 65/21|Uzasadnienie|27|https://www.saos.org.pl/judgments/465561
464525|2022-04-19|SO|VIII U 2779/20|Zarządzenie|27|https://www.saos.org.pl/judgments/464525
463447|2022-04-19|SO|VIII U 2767/20|Zarządzenie|27|https://www.saos.org.pl/judgments/463447
462865|2022-04-12|SO|VIII U 2784/21|Uzasadnienie|27|https://www.saos.org.pl/judgments/462865
463441|2022-03-28|SO|VIII U 2710/20|Uzasadnienie|27|https://www.saos.org.pl/judgments/463441
461316|2022-03-14|SO|VIII U 966/21|Uzasadnienie|27|https://www.saos.org.pl/judgments/461316
461303|2022-02-28|SO|VIII U 730/21|Uzasadnienie|27|https://www.saos.org.pl/judgments/461303
463462|2022-02-25|SO|VIII U 4595/19|Zarządzenie|27|https://www.saos.org.pl/judgments/463462
461263|2022-02-11|SO|VIII U 2683/20|Uzasadnienie|27|https://www.saos.org.pl/judgments/461263
461264|2022-02-03|SO|VIII U 2720/20|Uzasadnienie|27|https://www.saos.org.pl/judgments/461264
461255|2022-02-03|SO|VIII U 2614/20|Uzasadnienie|27|https://www.saos.org.pl/judgments/461255
459392|2022-01-10|SO|VIII Pa 121/21|Zarządzenie|27|https://www.saos.org.pl/judgments/459392
457331|2021-12-30|SO|VIII U 2792/20|Uzasadnienie|27|https://www.saos.org.pl/judgments/457331
457324|2021-12-30|SO|VIII U 2600/20|Uzasadnienie|27|https://www.saos.org.pl/judgments/457324
453659|2021-12-21|SO|VIII U 2690/20|Uzasadnienie|27|https://www.saos.org.pl/judgments/453659
453663|2021-12-20|SO|VIII U 4591/19|Zarządzenie|27|https://www.saos.org.pl/judgments/453663
450138|2021-07-30|SO|VIII U 1809/20|Uzasadnienie|27|https://www.saos.org.pl/judgments/450138
439234|2021-04-15|SO|VIII U 2116/20|Zarządzenie|27|https://www.saos.org.pl/judgments/439234
436039|2021-03-18|SO|VIII U 2118/20|Zarządzenie|27|https://www.saos.org.pl/judgments/436039
436038|2021-03-18|SO|VIII U 2117/20|Zarządzenie|27|https://www.saos.org.pl/judgments/436038
436848|2021-03-15|SO|VIII U 4122/19|Zarządzenie|27|https://www.saos.org.pl/judgments/436848
426002|2020-12-07|SO|VIII Pa 137/19|Uzasadnienie|27|https://www.saos.org.pl/judgments/426002
410862|2020-03-03|SO|VIII Pa 204/19|Uzasadnienie|27|https://www.saos.org.pl/judgments/410862
406192|2020-02-11|SO|VIII Pa 42/19|Uzasadnienie|27|https://www.saos.org.pl/judgments/406192
402585|2020-01-29|SO|VIII P 17/18|Zarządzenie|27|https://www.saos.org.pl/judgments/402585
402642|2020-01-21|SO|VIII U 3932/19|Uzasadnienie|27|https://www.saos.org.pl/judgments/402642
392925|2019-07-08|SO|VIII Pa 17/19|Zarządzenie|27|https://www.saos.org.pl/judgments/392925
380345|2019-04-04|SO|VIII P 37/15|Zarządzenie|27|https://www.saos.org.pl/judgments/380345
380609|2019-04-01|SO|VIII U 1984/18|Zarządzenie|27|https://www.saos.org.pl/judgments/380609
380429|2019-02-26|SO|VIII Pa 90/17|Uzasadnienie|27|https://www.saos.org.pl/judgments/380429
372135|2019-02-25|SO|IV P 106/17|Uzasadnienie|27|https://www.saos.org.pl/judgments/372135
380401|2019-01-14|SO|VIII Pa 235/18|Uzasadnienie|27|https://www.saos.org.pl/judgments/380401
368412|2018-11-20|SO|VIII Pa 175/18|Uzasadnienie|27|https://www.saos.org.pl/judgments/368412
364971|2018-11-16|SO|VIII U 1020/18|Uzasadnienie|27|https://www.saos.org.pl/judgments/364971
367055|2018-10-16|SO|VIII Pa 160/18|Uzasadnienie|27|https://www.saos.org.pl/judgments/367055
352667|2018-09-07|SO|VIII Pa 113/18|Uzasadnienie|27|https://www.saos.org.pl/judgments/352667
342110|2018-06-08|SO|VIII U 2488/17|Uzasadnienie|27|https://www.saos.org.pl/judgments/342110
339764|2018-04-16|SO|VIII Pa 9/18|Uzasadnienie|27|https://www.saos.org.pl/judgments/339764
334135|2018-03-19|SO|VIII Pa 296/17|Uzasadnienie|27|https://www.saos.org.pl/judgments/334135
334136|2018-03-12|SO|VIII Pa 297/17|Uzasadnienie|27|https://www.saos.org.pl/judgments/334136
328849|2018-02-12|SO|VIII Pa 1/17|Uzasadnienie|27|https://www.saos.org.pl/judgments/328849
358303|2018-02-06|SO|VI P 174/14|Uzasadnienie|27|https://www.saos.org.pl/judgments/358303
324276|2018-01-30|SO|VIII Pa 275/17|Uzasadnienie|27|https://www.saos.org.pl/judgments/324276
328850|2018-01-18|SO|VIII Pa 2/16|Uzasadnienie|27|https://www.saos.org.pl/judgments/328850
324281|2018-01-12|SO|VIII Pa 3/16|Zarządzenie|27|https://www.saos.org.pl/judgments/324281
323152|2017-12-07|SO|VIII U 337/17|Uzasadnienie|27|https://www.saos.org.pl/judgments/323152
312081|2017-10-26|SO|VIII U 296/17|Uzasadnienie|27|https://www.saos.org.pl/judgments/312081
306873|2017-09-20|SO|VIII Pa 148/17|Uzasadnienie|27|https://www.saos.org.pl/judgments/306873
296431|2017-06-26|SO|VIII U 71/17|Zarządzenie|27|https://www.saos.org.pl/judgments/296431
255569|2016-11-16|SO|VIII U 2263/15|Zarządzenie|27|https://www.saos.org.pl/judgments/255569
253371|2016-10-24|SO|VIII Pa 93/16|Uzasadnienie|27|https://www.saos.org.pl/judgments/253371
246606|2016-09-01|SO|VIII Pa 20/16|Uzasadnienie|27|https://www.saos.org.pl/judgments/246606
240204|2016-08-10|SO|VIII P 1/16|Zarządzenie|27|https://www.saos.org.pl/judgments/240204
234924|2016-06-21|SO|VII Pa 124/16|Uzasadnienie|27|https://www.saos.org.pl/judgments/234924
232987|2016-06-07|SO|VII Pa 97/16|Uzasadnienie|27|https://www.saos.org.pl/judgments/232987
231003|2016-05-19|SO|VII Pa 82/16|Uzasadnienie|27|https://www.saos.org.pl/judgments/231003
220294|2016-04-19|SO|VIII U 1527/15|Uzasadnienie|27|https://www.saos.org.pl/judgments/220294
220274|2016-04-05|SO|VII Pa 47/16|Uzasadnienie|27|https://www.saos.org.pl/judgments/220274
213595|2016-03-22|SO|VII Pa 6/16|Uzasadnienie|27|https://www.saos.org.pl/judgments/213595
217594|2016-03-17|SO|VII Pa 45/16|Uzasadnienie|27|https://www.saos.org.pl/judgments/217594
205086|2016-02-15|SO|VIII U 779/15|Zarządzenie|27|https://www.saos.org.pl/judgments/205086
196605|2015-12-23|SO|VII Pz 126/15|Uzasadnienie|27|https://www.saos.org.pl/judgments/196605
196584|2015-12-23|SO|VII Pa 260/15|Uzasadnienie|27|https://www.saos.org.pl/judgments/196584
192822|2015-12-21|SO|VII Pa 252/15|Uzasadnienie|27|https://www.saos.org.pl/judgments/192822
194042|2015-12-17|SO|VII Pa 274/15|Uzasadnienie|27|https://www.saos.org.pl/judgments/194042
192854|2015-12-17|SO|VIII U 337/14|Zarządzenie|27|https://www.saos.org.pl/judgments/192854
186276|2015-10-27|SO|IV K 747/13|Uzasadnienie|27|https://www.saos.org.pl/judgments/186276
180840|2015-10-12|SO|VII Pa 163/15|Uzasadnienie|27|https://www.saos.org.pl/judgments/180840
180174|2015-09-30|SO|VII Pa 145/15|Uzasadnienie|27|https://www.saos.org.pl/judgments/180174
149670|2015-04-20|SO|VIII U 5724/13|Zarządzenie|27|https://www.saos.org.pl/judgments/149670
129855|2015-02-23|SO|VII Pa 396/14|Uzasadnienie|27|https://www.saos.org.pl/judgments/129855
66922|2014-11-03|SO|VII Pa 260/14|Uzasadnienie|27|https://www.saos.org.pl/judgments/66922
67531|2014-10-21|SO|V Ka 674/14|Uzasadnienie|27|https://www.saos.org.pl/judgments/67531
63464|2014-10-09|SO|VII Pa 257/14|Uzasadnienie|27|https://www.saos.org.pl/judgments/63464
52266|2014-07-01|SO|VII Pa 135/14|Uzasadnienie|27|https://www.saos.org.pl/judgments/52266
