saos_id|date|court|case_number|type|score|saos_url
111640|2013-05-22|TK|P 46/11|Wyrok|98|https://www.saos.org.pl/judgments/111640
109693|2010-07-12|TK|P 4/10|Wyrok|98|https://www.saos.org.pl/judgments/109693
108596|2008-12-02|TK|P 48/07|Wyrok|98|https://www.saos.org.pl/judgments/108596
107282|2005-06-28|TK|SK 56/04|Wyrok|98|https://www.saos.org.pl/judgments/107282
86960|2008-01-04|SN|I PZP 9/07|Uchwała|89|https://www.saos.org.pl/judgments/86960
84971|2007-01-10|SN|III PZP 6/06|Uchwała|89|https://www.saos.org.pl/judgments/84971
82618|2004-04-21|SN|II PZP 1/04|Uchwała|89|https://www.saos.org.pl/judgments/82618
245343|2016-06-07|SN|II PK 118/15|Wyrok|78|https://www.saos.org.pl/judgments/245343
245274|2016-05-11|SN|I PK 134/15|Wyrok|78|https://www.saos.org.pl/judgments/245274
244991|2016-03-22|SN|I PK 94/15|Wyrok|78|https://www.saos.org.pl/judgments/244991
244977|2016-03-22|SN|I PK 100/15|Wyrok|78|https://www.saos.org.pl/judgments/244977
244893|2016-03-17|SN|III PK 80/15|Wyrok|78|https://www.saos.org.pl/judgments/244893
244775|2016-03-02|SN|III PK 76/15|Wyrok|78|https://www.saos.org.pl/judgments/244775
244808|2016-03-01|SN|I PK 125/15|Wyrok|78|https://www.saos.org.pl/judgments/244808
244686|2016-02-25|SN|II PK 363/14|Wyrok|78|https://www.saos.org.pl/judgments/244686
244684|2016-02-25|SN|II PK 357/14|Wyrok|78|https://www.saos.org.pl/judgments/244684
244617|2016-02-18|SN|II PK 353/14|Wyrok|78|https://www.saos.org.pl/judgments/244617
244598|2016-02-09|SN|II PK 330/14|Wyrok|78|https://www.saos.org.pl/judgments/244598
244581|2016-02-09|SN|II PK 324/14|Wyrok|78|https://www.saos.org.pl/judgments/244581
244490|2016-02-03|SN|I PK 45/15|Wyrok|78|https://www.saos.org.pl/judgments/244490
244444|2016-01-27|SN|III PK 62/15|Wyrok|78|https://www.saos.org.pl/judgments/244444
244435|2016-01-27|SN|III BP 4/15|Wyrok|78|https://www.saos.org.pl/judgments/244435
244312|2016-01-21|SN|III PK 54/15|Wyrok|78|https://www.saos.org.pl/judgments/244312
244323|2016-01-20|SN|II PK 312/14|Wyrok|78|https://www.saos.org.pl/judgments/244323
244351|2016-01-19|SN|I PK 72/15|Wyrok|78|https://www.saos.org.pl/judgments/244351
244275|2016-01-12|SN|II PK 195/15|Wyrok|78|https://www.saos.org.pl/judgments/244275
244268|2016-01-12|SN|I PK 15/15|Wyrok|78|https://www.saos.org.pl/judgments/244268
244062|2015-12-09|SN|I PK 8/15|Wyrok|78|https://www.saos.org.pl/judgments/244062
244060|2015-12-09|SN|I PK 342/14|Wyrok|78|https://www.saos.org.pl/judgments/244060
243768|2015-11-04|SN|I PK 318/14|Wyrok|78|https://www.saos.org.pl/judgments/243768
243600|2015-10-22|SN|II PK 265/14|Wyrok|78|https://www.saos.org.pl/judgments/243600
243378|2015-09-24|SN|II PK 271/14|Wyrok|78|https://www.saos.org.pl/judgments/243378
243198|2015-08-26|SN|I PK 93/15|Wyrok|78|https://www.saos.org.pl/judgments/243198
243211|2015-08-25|SN|II PK 211/14|Wyrok|78|https://www.saos.org.pl/judgments/243211
243127|2015-08-13|SN|II PK 240/14|Wyrok|78|https://www.saos.org.pl/judgments/243127
242987|2015-07-08|SN|II PK 11/15|Wyrok|78|https://www.saos.org.pl/judgments/242987
169028|2015-05-07|SN|III PK 138/14|Wyrok|78|https://www.saos.org.pl/judgments/169028
168956|2015-04-21|SN|II PK 147/14|Wyrok|78|https://www.saos.org.pl/judgments/168956
168876|2015-04-14|SN|II PK 139/14|Wyrok|78|https://www.saos.org.pl/judgments/168876
168703|2015-03-25|SN|III PK 120/14|Wyrok|78|https://www.saos.org.pl/judgments/168703
168561|2015-03-11|SN|III PK 115/14|Wyrok|78|https://www.saos.org.pl/judgments/168561
168462|2015-03-05|SN|III PK 109/14|Wyrok|78|https://www.saos.org.pl/judgments/168462
168485|2015-03-04|SN|I PK 184/14|Wyrok|78|https://www.saos.org.pl/judgments/168485
168484|2015-03-04|SN|I PK 183/14|Wyrok|78|https://www.saos.org.pl/judgments/168484
168430|2015-02-24|SN|II PK 87/14|Wyrok|78|https://www.saos.org.pl/judgments/168430
168429|2015-02-24|SN|II PK 51/14|Wyrok|78|https://www.saos.org.pl/judgments/168429
168263|2015-02-11|SN|I PK 152/14|Wyrok|78|https://www.saos.org.pl/judgments/168263
168124|2015-01-27|SN|II PK 62/14|Wyrok|78|https://www.saos.org.pl/judgments/168124
167972|2015-01-22|SN|III PK 59/14|Wyrok|78|https://www.saos.org.pl/judgments/167972
167971|2015-01-22|SN|III PK 56/14|Wyrok|78|https://www.saos.org.pl/judgments/167971
168025|2015-01-20|SN|I PK 140/14|Wyrok|78|https://www.saos.org.pl/judgments/168025
168024|2015-01-20|SN|I PK 137/14|Wyrok|78|https://www.saos.org.pl/judgments/168024
167733|2014-12-16|SN|I PK 125/14|Wyrok|78|https://www.saos.org.pl/judgments/167733
167556|2014-11-25|SN|III PK 11/14|Wyrok|78|https://www.saos.org.pl/judgments/167556
167554|2014-11-25|SN|I PK 98/14|Wyrok|78|https://www.saos.org.pl/judgments/167554
167431|2014-11-19|SN|III PK 21/14|Wyrok|78|https://www.saos.org.pl/judgments/167431
167351|2014-11-12|SN|I PK 74/14|Wyrok|78|https://www.saos.org.pl/judgments/167351
167350|2014-11-12|SN|I PK 73/14|Wyrok|78|https://www.saos.org.pl/judgments/167350
167285|2014-11-04|SN|II PK 16/14|Wyrok|78|https://www.saos.org.pl/judgments/167285
167161|2014-10-29|SN|II PK 301/13|Wyrok|78|https://www.saos.org.pl/judgments/167161
167156|2014-10-29|SN|I PK 65/14|Wyrok|78|https://www.saos.org.pl/judgments/167156
167181|2014-10-28|SN|II PK 298/13|Wyrok|78|https://www.saos.org.pl/judgments/167181
166890|2014-09-30|SN|III PK 18/14|Wyrok|78|https://www.saos.org.pl/judgments/166890
166884|2014-09-30|SN|II PK 283/13|Wyrok|78|https://www.saos.org.pl/judgments/166884
166883|2014-09-30|SN|II PK 282/13|Wyrok|78|https://www.saos.org.pl/judgments/166883
166871|2014-09-30|SN|I PK 33/14|Wyrok|78|https://www.saos.org.pl/judgments/166871
166870|2014-09-30|SN|I PK 132/14|Wyrok|78|https://www.saos.org.pl/judgments/166870
166698|2014-09-18|SN|III PK 2/14|Wyrok|78|https://www.saos.org.pl/judgments/166698
166666|2014-09-11|SN|II PK 49/14|Wyrok|78|https://www.saos.org.pl/judgments/166666
166078|2014-06-17|SN|II PK 247/13|Wyrok|78|https://www.saos.org.pl/judgments/166078
165935|2014-06-05|SN|I PK 308/13|Wyrok|78|https://www.saos.org.pl/judgments/165935
165995|2014-06-03|SN|III PK 126/13|Wyrok|78|https://www.saos.org.pl/judgments/165995
165907|2014-05-27|SN|II PK 225/13|Wyrok|78|https://www.saos.org.pl/judgments/165907
165867|2014-05-20|SN|I PK 271/13|Wyrok|78|https://www.saos.org.pl/judgments/165867
165801|2014-05-16|SN|II PK 226/13|Wyrok|78|https://www.saos.org.pl/judgments/165801
165757|2014-04-25|SN|II PK 194/13|Wyrok|78|https://www.saos.org.pl/judgments/165757
165718|2014-04-01|SN|I PK 244/13|Wyrok|78|https://www.saos.org.pl/judgments/165718
104709|2014-03-19|SN|I PK 187/13|Wyrok|78|https://www.saos.org.pl/judgments/104709
165637|2014-02-20|SN|III PK 71/13|Wyrok|78|https://www.saos.org.pl/judgments/165637
165642|2014-02-18|SN|III PK 65/13|Wyrok|78|https://www.saos.org.pl/judgments/165642
104313|2014-02-06|SN|I PK 179/13|Wyrok|78|https://www.saos.org.pl/judgments/104313
165610|2014-01-20|SN|II PK 116/13|Wyrok|78|https://www.saos.org.pl/judgments/165610
103814|2013-12-12|SN|I PK 88/13|Wyrok|78|https://www.saos.org.pl/judgments/103814
103190|2013-10-24|SN|II PK 24/13|Wyrok|78|https://www.saos.org.pl/judgments/103190
165539|2013-10-04|SN|I PK 85/13|Wyrok|78|https://www.saos.org.pl/judgments/165539
103014|2013-10-04|SN|I PK 67/13|Wyrok|78|https://www.saos.org.pl/judgments/103014
103025|2013-10-02|SN|II PK 12/13|Wyrok|78|https://www.saos.org.pl/judgments/103025
102895|2013-09-18|SN|II PK 5/13|Wyrok|78|https://www.saos.org.pl/judgments/102895
102810|2013-09-10|SN|I PK 61/13|Wyrok|78|https://www.saos.org.pl/judgments/102810
102507|2013-07-24|SN|I PK 16/13|Wyrok|78|https://www.saos.org.pl/judgments/102507
102252|2013-06-24|SN|II PK 324/12|Wyrok|78|https://www.saos.org.pl/judgments/102252
101655|2013-05-07|SN|I PK 300/12|Wyrok|78|https://www.saos.org.pl/judgments/101655
100802|2013-02-18|SN|II PK 146/12|Wyrok|78|https://www.saos.org.pl/judgments/100802
100743|2013-02-14|SN|III PK 31/12|Wyrok|78|https://www.saos.org.pl/judgments/100743
100725|2013-02-12|SN|II PK 180/11|Wyrok|78|https://www.saos.org.pl/judgments/100725
100635|2013-02-07|SN|III PK 25/12|Wyrok|78|https://www.saos.org.pl/judgments/100635
100435|2013-01-25|SN|I PK 172/12|Wyrok|78|https://www.saos.org.pl/judgments/100435
100450|2013-01-21|SN|II PK 155/12|Wyrok|78|https://www.saos.org.pl/judgments/100450
100370|2013-01-18|SN|II PK 149/12|Wyrok|78|https://www.saos.org.pl/judgments/100370
99685|2012-11-19|SN|I PK 115/12|Wyrok|78|https://www.saos.org.pl/judgments/99685
99637|2012-11-13|SN|III PK 4/12|Wyrok|78|https://www.saos.org.pl/judgments/99637
99194|2012-10-05|SN|I PK 79/12|Wyrok|78|https://www.saos.org.pl/judgments/99194
99218|2012-10-03|SN|II PK 62/12|Wyrok|78|https://www.saos.org.pl/judgments/99218
99217|2012-10-02|SN|II PK 60/12|Wyrok|78|https://www.saos.org.pl/judgments/99217
98744|2012-08-03|SN|I PK 45/12|Wyrok|78|https://www.saos.org.pl/judgments/98744
98712|2012-07-26|SN|I PK 20/12|Wyrok|78|https://www.saos.org.pl/judgments/98712
98711|2012-07-26|SN|I PK 12/12|Wyrok|78|https://www.saos.org.pl/judgments/98711
98710|2012-07-26|SN|I PK 11/12|Wyrok|78|https://www.saos.org.pl/judgments/98710
98689|2012-07-19|SN|II PK 312/11|Wyrok|78|https://www.saos.org.pl/judgments/98689
98645|2012-07-18|SN|I PK 44/12|Wyrok|78|https://www.saos.org.pl/judgments/98645
98625|2012-07-12|SN|II PK 305/11|Wyrok|78|https://www.saos.org.pl/judgments/98625
98551|2012-07-05|SN|I PK 51/12|Wyrok|78|https://www.saos.org.pl/judgments/98551
98409|2012-06-20|SN|I PK 212/11|Wyrok|78|https://www.saos.org.pl/judgments/98409
98425|2012-06-19|SN|II PK 265/11|Wyrok|78|https://www.saos.org.pl/judgments/98425
98336|2012-06-14|SN|I PK 222/11|Wyrok|78|https://www.saos.org.pl/judgments/98336
98374|2012-06-13|SN|II PK 315/11|Wyrok|78|https://www.saos.org.pl/judgments/98374
98272|2012-06-05|SN|II PK 263/11|Wyrok|78|https://www.saos.org.pl/judgments/98272
98258|2012-06-01|SN|II PK 258/11|Wyrok|78|https://www.saos.org.pl/judgments/98258
98255|2012-06-01|SN|II PK 250/11|Wyrok|78|https://www.saos.org.pl/judgments/98255
98194|2012-05-22|SN|II PK 86/12|Wyrok|78|https://www.saos.org.pl/judgments/98194
98190|2012-05-22|SN|II PK 245/11|Wyrok|78|https://www.saos.org.pl/judgments/98190
98089|2012-05-17|SN|I PK 217/11|Wyrok|78|https://www.saos.org.pl/judgments/98089
97991|2012-05-10|SN|II PK 222/11|Wyrok|78|https://www.saos.org.pl/judgments/97991
97843|2012-04-19|SN|II PK 203/11|Wyrok|78|https://www.saos.org.pl/judgments/97843
97722|2012-04-04|SN|I PK 123/11|Wyrok|78|https://www.saos.org.pl/judgments/97722
97470|2012-03-08|SN|III PK 59/11|Wyrok|78|https://www.saos.org.pl/judgments/97470
97448|2012-03-07|SN|II PK 155/11|Wyrok|78|https://www.saos.org.pl/judgments/97448
97197|2012-02-14|SN|II PK 136/11|Wyrok|78|https://www.saos.org.pl/judgments/97197
96907|2012-01-25|SN|II PK 104/11|Wyrok|78|https://www.saos.org.pl/judgments/96907
96593|2011-12-15|SN|II PK 90/11|Wyrok|78|https://www.saos.org.pl/judgments/96593
96489|2011-12-09|SN|II PK 66/11|Wyrok|78|https://www.saos.org.pl/judgments/96489
165496|2011-12-02|SN|III PK 30/11|Wyrok|78|https://www.saos.org.pl/judgments/165496
165462|2011-10-18|SN|II PK 45/11|Wyrok|78|https://www.saos.org.pl/judgments/165462
95917|2011-10-06|SN|III PK 17/11|Wyrok|78|https://www.saos.org.pl/judgments/95917
95870|2011-10-04|SN|I PK 55/11|Wyrok|78|https://www.saos.org.pl/judgments/95870
95840|2011-09-30|SN|III PK 14/11|Wyrok|78|https://www.saos.org.pl/judgments/95840
95735|2011-09-15|SN|II PK 54/11|Wyrok|78|https://www.saos.org.pl/judgments/95735
95188|2011-06-16|SN|I PK 222/10|Wyrok|78|https://www.saos.org.pl/judgments/95188
95152|2011-06-07|SN|II PK 313/10|Wyrok|78|https://www.saos.org.pl/judgments/95152
95069|2011-05-24|SN|II PK 299/10|Wyrok|78|https://www.saos.org.pl/judgments/95069
95028|2011-05-19|SN|III PK 75/10|Wyrok|78|https://www.saos.org.pl/judgments/95028
94985|2011-05-19|SN|I PK 154/10|Wyrok|78|https://www.saos.org.pl/judgments/94985
94843|2011-04-26|SN|II PK 302/10|Wyrok|78|https://www.saos.org.pl/judgments/94843
94805|2011-04-18|SN|III PK 56/10|Wyrok|78|https://www.saos.org.pl/judgments/94805
94622|2011-04-07|SN|I PK 238/10|Wyrok|78|https://www.saos.org.pl/judgments/94622
94651|2011-04-06|SN|II PK 253/10|Wyrok|78|https://www.saos.org.pl/judgments/94651
94341|2011-03-02|SN|II PK 204/10|Wyrok|78|https://www.saos.org.pl/judgments/94341
94098|2011-02-04|SN|II PK 199/10|Wyrok|78|https://www.saos.org.pl/judgments/94098
93935|2011-01-20|SN|II BP 17/10|Wyrok|78|https://www.saos.org.pl/judgments/93935
93914|2011-01-20|SN|I BP 4/10|Wyrok|78|https://www.saos.org.pl/judgments/93914
93859|2011-01-11|SN|I PK 157/10|Wyrok|78|https://www.saos.org.pl/judgments/93859
93857|2011-01-11|SN|I PK 152/10|Wyrok|78|https://www.saos.org.pl/judgments/93857
93805|2011-01-07|SN|I PK 156/10|Wyrok|78|https://www.saos.org.pl/judgments/93805
93711|2010-12-14|SN|I PK 117/10|Wyrok|78|https://www.saos.org.pl/judgments/93711
93645|2010-12-10|SN|II PK 135/10|Wyrok|78|https://www.saos.org.pl/judgments/93645
93627|2010-12-02|SN|III PK 28/10|Wyrok|78|https://www.saos.org.pl/judgments/93627
93484|2010-11-24|SN|I PK 107/10|Wyrok|78|https://www.saos.org.pl/judgments/93484
93483|2010-11-23|SN|I PK 105/10|Wyrok|78|https://www.saos.org.pl/judgments/93483
93332|2010-11-04|SN|II PK 113/10|Wyrok|78|https://www.saos.org.pl/judgments/93332
93329|2010-11-04|SN|II PK 110/10|Wyrok|78|https://www.saos.org.pl/judgments/93329
93168|2010-10-19|SN|II PK 91/10|Wyrok|78|https://www.saos.org.pl/judgments/93168
93167|2010-10-19|SN|II PK 85/10|Wyrok|78|https://www.saos.org.pl/judgments/93167
92804|2010-08-24|SN|I PK 36/10|Wyrok|78|https://www.saos.org.pl/judgments/92804
92515|2010-06-23|SN|II PK 6/10|Wyrok|78|https://www.saos.org.pl/judgments/92515
92512|2010-06-23|SN|II PK 20/10|Wyrok|78|https://www.saos.org.pl/judgments/92512
92322|2010-05-25|SN|I PK 213/09|Wyrok|78|https://www.saos.org.pl/judgments/92322
165304|2010-04-27|SN|II PK 314/09|Wyrok|78|https://www.saos.org.pl/judgments/165304
165295|2010-04-19|SN|II PK 306/09|Wyrok|78|https://www.saos.org.pl/judgments/165295
76356|2010-04-13|SN|I PK 210/09|Wyrok|78|https://www.saos.org.pl/judgments/76356
165273|2010-04-07|SN|I PK 206/09|Wyrok|78|https://www.saos.org.pl/judgments/165273
92004|2010-03-09|SN|I PK 175/09|Wyrok|78|https://www.saos.org.pl/judgments/92004
91911|2010-02-22|SN|I PK 171/09|Wyrok|78|https://www.saos.org.pl/judgments/91911
91836|2010-02-12|SN|II PK 206/09|Wyrok|78|https://www.saos.org.pl/judgments/91836
91835|2010-02-10|SN|II PK 205/09|Wyrok|78|https://www.saos.org.pl/judgments/91835
91659|2010-01-19|SN|I PK 163/09|Wyrok|78|https://www.saos.org.pl/judgments/91659
91594|2010-01-14|SN|I PK 155/09|Wyrok|78|https://www.saos.org.pl/judgments/91594
91548|2010-01-06|SN|I PK 168/09|Wyrok|78|https://www.saos.org.pl/judgments/91548
91399|2009-12-03|SN|II PK 147/09|Wyrok|78|https://www.saos.org.pl/judgments/91399
165139|2009-12-02|SN|I PK 122/09|Wyrok|78|https://www.saos.org.pl/judgments/165139
91121|2009-10-28|SN|II PK 123/09|Wyrok|78|https://www.saos.org.pl/judgments/91121
91115|2009-10-28|SN|I PK 95/09|Wyrok|78|https://www.saos.org.pl/judgments/91115
90999|2009-10-07|SN|III PK 39/09|Wyrok|78|https://www.saos.org.pl/judgments/90999
90998|2009-10-07|SN|III PK 34/09|Wyrok|78|https://www.saos.org.pl/judgments/90998
90941|2009-09-30|SN|II PK 83/09|Wyrok|78|https://www.saos.org.pl/judgments/90941
90855|2009-09-16|SN|I PK 72/09|Wyrok|78|https://www.saos.org.pl/judgments/90855
90737|2009-08-20|SN|II PK 43/09|Wyrok|78|https://www.saos.org.pl/judgments/90737
90697|2009-08-12|SN|II PK 38/09|Wyrok|78|https://www.saos.org.pl/judgments/90697
90594|2009-07-17|SN|I PK 45/09|Wyrok|78|https://www.saos.org.pl/judgments/90594
90501|2009-07-02|SN|II PK 316/08|Wyrok|78|https://www.saos.org.pl/judgments/90501
90467|2009-06-23|SN|II PK 302/08|Wyrok|78|https://www.saos.org.pl/judgments/90467
90185|2009-05-07|SN|III PK 2/09|Wyrok|78|https://www.saos.org.pl/judgments/90185
90149|2009-05-05|SN|I PK 11/09|Wyrok|78|https://www.saos.org.pl/judgments/90149
90061|2009-04-17|SN|II PK 273/08|Wyrok|78|https://www.saos.org.pl/judgments/90061
89867|2009-03-20|SN|I PK 182/08|Wyrok|78|https://www.saos.org.pl/judgments/89867
89793|2009-03-04|SN|II PK 202/08|Wyrok|78|https://www.saos.org.pl/judgments/89793
89739|2009-02-25|SN|II PK 186/08|Wyrok|78|https://www.saos.org.pl/judgments/89739
89361|2008-12-16|SN|I PK 88/08|Wyrok|78|https://www.saos.org.pl/judgments/89361
89360|2008-12-16|SN|I PK 86/08|Wyrok|78|https://www.saos.org.pl/judgments/89360
89326|2008-12-09|SN|I PK 109/08|Wyrok|78|https://www.saos.org.pl/judgments/89326
89306|2008-12-04|SN|II PK 137/08|Wyrok|78|https://www.saos.org.pl/judgments/89306
89239|2008-11-26|SN|I PK 76/08|Wyrok|78|https://www.saos.org.pl/judgments/89239
89154|2008-11-14|SN|II PK 84/08|Wyrok|78|https://www.saos.org.pl/judgments/89154
89086|2008-11-04|SN|II PK 82/08|Wyrok|78|https://www.saos.org.pl/judgments/89086
89082|2008-11-04|SN|II PK 78/08|Wyrok|78|https://www.saos.org.pl/judgments/89082
88938|2008-10-16|SN|III PK 32/08|Wyrok|78|https://www.saos.org.pl/judgments/88938
88855|2008-10-09|SN|II PK 61/08|Wyrok|78|https://www.saos.org.pl/judgments/88855
88852|2008-10-07|SN|II PK 56/08|Wyrok|78|https://www.saos.org.pl/judgments/88852
88821|2008-10-03|SN|II PK 48/08|Wyrok|78|https://www.saos.org.pl/judgments/88821
88754|2008-09-25|SN|II PK 45/08|Wyrok|78|https://www.saos.org.pl/judgments/88754
88709|2008-09-16|SN|II PK 26/08|Wyrok|78|https://www.saos.org.pl/judgments/88709
88682|2008-09-12|SN|I PK 22/08|Wyrok|78|https://www.saos.org.pl/judgments/88682
88516|2008-07-23|SN|I PK 310/07|Wyrok|78|https://www.saos.org.pl/judgments/88516
88519|2008-07-22|SN|II PK 361/07|Wyrok|78|https://www.saos.org.pl/judgments/88519
88426|2008-07-09|SN|I PK 2/08|Wyrok|78|https://www.saos.org.pl/judgments/88426
88427|2008-07-08|SN|I PK 294/07|Wyrok|78|https://www.saos.org.pl/judgments/88427
88167|2008-06-04|SN|II PK 323/07|Wyrok|78|https://www.saos.org.pl/judgments/88167
88104|2008-05-21|SN|I PK 273/07|Wyrok|78|https://www.saos.org.pl/judgments/88104
87984|2008-05-08|SN|I PK 257/07|Wyrok|78|https://www.saos.org.pl/judgments/87984
87985|2008-05-06|SN|I PK 264/07|Wyrok|78|https://www.saos.org.pl/judgments/87985
87747|2008-04-04|SN|I PK 248/07|Wyrok|78|https://www.saos.org.pl/judgments/87747
87764|2008-04-03|SN|II PK 281/07|Wyrok|78|https://www.saos.org.pl/judgments/87764
87635|2008-03-20|SN|II PK 214/07|Wyrok|78|https://www.saos.org.pl/judgments/87635
87620|2008-03-19|SN|I PK 219/07|Wyrok|78|https://www.saos.org.pl/judgments/87620
87595|2008-03-10|SN|III PK 80/07|Wyrok|78|https://www.saos.org.pl/judgments/87595
87388|2008-02-21|SN|II PK 173/07|Wyrok|78|https://www.saos.org.pl/judgments/87388
87340|2008-02-11|SN|II PK 170/07|Wyrok|78|https://www.saos.org.pl/judgments/87340
87045|2008-01-14|SN|II PK 107/07|Wyrok|78|https://www.saos.org.pl/judgments/87045
87002|2008-01-08|SN|II PK 123/07|Wyrok|78|https://www.saos.org.pl/judgments/87002
87000|2008-01-08|SN|II PK 119/07|Wyrok|78|https://www.saos.org.pl/judgments/87000
86977|2008-01-08|SN|I PK 177/07|Wyrok|78|https://www.saos.org.pl/judgments/86977
86899|2007-12-05|SN|II PK 122/07|Wyrok|78|https://www.saos.org.pl/judgments/86899
86741|2007-10-24|SN|I PK 116/07|Wyrok|78|https://www.saos.org.pl/judgments/86741
86714|2007-10-16|SN|I PK 111/07|Wyrok|78|https://www.saos.org.pl/judgments/86714
86668|2007-10-05|SN|II PK 29/07|Wyrok|78|https://www.saos.org.pl/judgments/86668
86653|2007-10-04|SN|I PK 127/07|Wyrok|78|https://www.saos.org.pl/judgments/86653
86383|2007-08-03|SN|I PK 82/07|Wyrok|78|https://www.saos.org.pl/judgments/86383
86382|2007-08-03|SN|I PK 79/07|Wyrok|78|https://www.saos.org.pl/judgments/86382
86113|2007-06-18|SN|II PK 338/06|Wyrok|78|https://www.saos.org.pl/judgments/86113
86081|2007-06-13|SN|II PK 356/06|Wyrok|78|https://www.saos.org.pl/judgments/86081
86080|2007-06-13|SN|II PK 329/06|Wyrok|78|https://www.saos.org.pl/judgments/86080
85976|2007-05-29|SN|II PK 317/06|Wyrok|78|https://www.saos.org.pl/judgments/85976
85869|2007-05-17|SN|III BP 5/07|Wyrok|78|https://www.saos.org.pl/judgments/85869
85566|2007-03-27|SN|II PK 241/06|Wyrok|78|https://www.saos.org.pl/judgments/85566
85151|2007-02-07|SN|I PK 209/06|Wyrok|78|https://www.saos.org.pl/judgments/85151
85022|2007-01-18|SN|II PK 178/06|Wyrok|78|https://www.saos.org.pl/judgments/85022
85001|2007-01-15|SN|I PK 235/06|Wyrok|78|https://www.saos.org.pl/judgments/85001
84930|2007-01-08|SN|I PK 175/06|Wyrok|78|https://www.saos.org.pl/judgments/84930
84801|2006-12-05|SN|II PK 124/06|Wyrok|78|https://www.saos.org.pl/judgments/84801
84612|2006-10-04|SN|II PK 22/06|Wyrok|78|https://www.saos.org.pl/judgments/84612
84548|2006-09-15|SN|I PK 96/06|Wyrok|78|https://www.saos.org.pl/judgments/84548
84557|2006-09-13|SN|II PK 360/05|Wyrok|78|https://www.saos.org.pl/judgments/84557
84473|2006-07-24|SN|I PK 299/05|Wyrok|78|https://www.saos.org.pl/judgments/84473
84442|2006-07-11|SN|I PK 305/05|Wyrok|78|https://www.saos.org.pl/judgments/84442
84397|2006-06-22|SN|I PK 309/05|Wyrok|78|https://www.saos.org.pl/judgments/84397
84384|2006-06-14|SN|I PK 231/05|Wyrok|78|https://www.saos.org.pl/judgments/84384
84318|2006-05-16|SN|I PK 213/05|Wyrok|78|https://www.saos.org.pl/judgments/84318
84245|2006-04-11|SN|I PK 169/05|Wyrok|78|https://www.saos.org.pl/judgments/84245
84244|2006-04-11|SN|I PK 164/05|Wyrok|78|https://www.saos.org.pl/judgments/84244
84236|2006-04-06|SN|III PK 12/06|Wyrok|78|https://www.saos.org.pl/judgments/84236
84095|2006-02-15|SN|II PK 301/05|Wyrok|78|https://www.saos.org.pl/judgments/84095
84100|2006-02-14|SN|III PK 109/05|Wyrok|78|https://www.saos.org.pl/judgments/84100
84003|2006-01-11|SN|II PK 106/05|Wyrok|78|https://www.saos.org.pl/judgments/84003
83918|2005-12-06|SN|III PK 94/05|Wyrok|78|https://www.saos.org.pl/judgments/83918
83746|2005-09-29|SN|II PK 19/05|Wyrok|78|https://www.saos.org.pl/judgments/83746
83708|2005-09-07|SN|II PK 294/04|Wyrok|78|https://www.saos.org.pl/judgments/83708
83705|2005-09-06|SN|I PK 58/05|Wyrok|78|https://www.saos.org.pl/judgments/83705
83703|2005-09-06|SN|I PK 5/05|Wyrok|78|https://www.saos.org.pl/judgments/83703
83668|2005-08-09|SN|II PK 392/04|Wyrok|78|https://www.saos.org.pl/judgments/83668
83630|2005-07-19|SN|II PK 372/04|Wyrok|78|https://www.saos.org.pl/judgments/83630
83599|2005-07-12|SN|II PK 363/04|Wyrok|78|https://www.saos.org.pl/judgments/83599
83544|2005-06-29|SN|II PK 342/04|Wyrok|78|https://www.saos.org.pl/judgments/83544
83534|2005-06-29|SN|I PK 262/04|Wyrok|78|https://www.saos.org.pl/judgments/83534
83506|2005-06-22|SN|I PK 258/04|Wyrok|78|https://www.saos.org.pl/judgments/83506
83517|2005-06-21|SN|II PK 312/04|Wyrok|78|https://www.saos.org.pl/judgments/83517
83493|2005-06-15|SN|II PK 274/04|Wyrok|78|https://www.saos.org.pl/judgments/83493
83329|2005-04-13|SN|II PK 253/04|Wyrok|78|https://www.saos.org.pl/judgments/83329
83328|2005-04-13|SN|II PK 230/04|Wyrok|78|https://www.saos.org.pl/judgments/83328
83327|2005-04-13|SN|II PK 225/04|Wyrok|78|https://www.saos.org.pl/judgments/83327
83299|2005-03-17|SN|III PK 83/04|Wyrok|78|https://www.saos.org.pl/judgments/83299
83254|2005-03-03|SN|I PK 263/04|Wyrok|78|https://www.saos.org.pl/judgments/83254
83173|2005-01-25|SN|II PK 171/04|Wyrok|78|https://www.saos.org.pl/judgments/83173
83172|2005-01-25|SN|II PK 164/04|Wyrok|78|https://www.saos.org.pl/judgments/83172
83118|2005-01-13|SN|II PK 117/04|Wyrok|78|https://www.saos.org.pl/judgments/83118
83101|2005-01-12|SN|I PK 142/04|Wyrok|78|https://www.saos.org.pl/judgments/83101
83069|2004-12-15|SN|I PK 79/04|Wyrok|78|https://www.saos.org.pl/judgments/83069
83067|2004-12-15|SN|I PK 120/04|Wyrok|78|https://www.saos.org.pl/judgments/83067
83074|2004-12-14|SN|II PK 107/04|Wyrok|78|https://www.saos.org.pl/judgments/83074
83068|2004-12-14|SN|I PK 135/04|Wyrok|78|https://www.saos.org.pl/judgments/83068
83004|2004-11-24|SN|I PK 17/04|Wyrok|78|https://www.saos.org.pl/judgments/83004
82966|2004-11-04|SN|I PK 653/03|Wyrok|78|https://www.saos.org.pl/judgments/82966
82910|2004-10-14|SN|I PK 697/03|Wyrok|78|https://www.saos.org.pl/judgments/82910
82815|2004-09-10|SN|I PK 704/03|Wyrok|78|https://www.saos.org.pl/judgments/82815
82813|2004-09-10|SN|I PK 592/03|Wyrok|78|https://www.saos.org.pl/judgments/82813
82657|2004-05-12|SN|I PK 603/03|Wyrok|78|https://www.saos.org.pl/judgments/82657
82594|2004-04-06|SN|I PK 473/03|Wyrok|78|https://www.saos.org.pl/judgments/82594
82583|2004-04-01|SN|III PK 4/04|Wyrok|78|https://www.saos.org.pl/judgments/82583
82500|2004-02-17|SN|I PK 254/03|Wyrok|78|https://www.saos.org.pl/judgments/82500
82389|2003-12-09|SN|I PK 103/03|Wyrok|78|https://www.saos.org.pl/judgments/82389
82372|2003-12-03|SN|I PK 80/03|Wyrok|78|https://www.saos.org.pl/judgments/82372
82345|2003-11-26|SN|I PK 491/02|Wyrok|78|https://www.saos.org.pl/judgments/82345
82344|2003-11-26|SN|I PK 490/02|Wyrok|78|https://www.saos.org.pl/judgments/82344
82318|2003-11-12|SN|I PK 625/02|Wyrok|78|https://www.saos.org.pl/judgments/82318
82314|2003-11-12|SN|I PK 523/02|Wyrok|78|https://www.saos.org.pl/judgments/82314
82263|2003-10-23|SN|I PK 425/02|Wyrok|78|https://www.saos.org.pl/judgments/82263
82218|2003-10-02|SN|I PK 412/02|Wyrok|78|https://www.saos.org.pl/judgments/82218
82200|2003-09-24|SN|I PK 336/02|Wyrok|78|https://www.saos.org.pl/judgments/82200
82147|2003-08-22|SN|I PK 284/02|Wyrok|78|https://www.saos.org.pl/judgments/82147
81902|2003-03-12|SN|I PK 22/02|Wyrok|78|https://www.saos.org.pl/judgments/81902
81871|2003-02-26|SN|I PK 16/02|Wyrok|78|https://www.saos.org.pl/judgments/81871
81870|2003-02-26|SN|I PK 159/02|Wyrok|78|https://www.saos.org.pl/judgments/81870
81772|2002-12-18|SN|I PK 17/02|Wyrok|78|https://www.saos.org.pl/judgments/81772
81771|2002-12-18|SN|I PK 15/02|Wyrok|78|https://www.saos.org.pl/judgments/81771
81605|2002-10-02|SN|I PKN 374/01|Wyrok|78|https://www.saos.org.pl/judgments/81605
81558|2002-09-19|SN|I PKN 445/01|Wyrok|78|https://www.saos.org.pl/judgments/81558
81532|2002-08-07|SN|I PKN 369/01|Wyrok|78|https://www.saos.org.pl/judgments/81532
81485|2002-07-05|SN|I PKN 389/01|Wyrok|78|https://www.saos.org.pl/judgments/81485
81461|2002-06-18|SN|I PKN 171/01|Wyrok|78|https://www.saos.org.pl/judgments/81461
81306|2002-03-26|SN|I PKN 44/01|Wyrok|78|https://www.saos.org.pl/judgments/81306
81289|2002-03-19|SN|I PKN 209/01|Wyrok|78|https://www.saos.org.pl/judgments/81289
81216|2002-02-21|SN|I PKN 917/00|Wyrok|78|https://www.saos.org.pl/judgments/81216
81112|2002-01-08|SN|I PKN 782/00|Wyrok|78|https://www.saos.org.pl/judgments/81112
81089|2001-12-18|SN|I PKN 753/00|Wyrok|78|https://www.saos.org.pl/judgments/81089
81057|2001-12-12|SN|I PKN 726/00|Wyrok|78|https://www.saos.org.pl/judgments/81057
81042|2001-12-06|SN|I PKN 722/00|Wyrok|78|https://www.saos.org.pl/judgments/81042
81041|2001-12-06|SN|I PKN 720/00|Wyrok|78|https://www.saos.org.pl/judgments/81041
81037|2001-12-06|SN|I PKN 667/00|Wyrok|78|https://www.saos.org.pl/judgments/81037
81004|2001-11-22|SN|I PKN 700/00|Wyrok|78|https://www.saos.org.pl/judgments/81004
80997|2001-11-22|SN|I PKN 680/00|Wyrok|78|https://www.saos.org.pl/judgments/80997
80942|2001-11-06|SN|I PKN 449/00|Wyrok|78|https://www.saos.org.pl/judgments/80942
80836|2001-09-11|SN|I PKN 619/00|Wyrok|78|https://www.saos.org.pl/judgments/80836
80787|2001-08-20|SN|I PKN 571/00|Wyrok|78|https://www.saos.org.pl/judgments/80787
80728|2001-07-12|SN|I PKN 539/00|Wyrok|78|https://www.saos.org.pl/judgments/80728
80710|2001-07-04|SN|I PKN 534/00|Wyrok|78|https://www.saos.org.pl/judgments/80710
80653|2001-06-20|SN|I PKN 472/00|Wyrok|78|https://www.saos.org.pl/judgments/80653
80603|2001-05-30|SN|I PKN 415/00|Wyrok|78|https://www.saos.org.pl/judgments/80603
80595|2001-05-24|SN|I PKN 422/00|Wyrok|78|https://www.saos.org.pl/judgments/80595
80534|2001-04-20|SN|I PKN 386/00|Wyrok|78|https://www.saos.org.pl/judgments/80534
80524|2001-04-18|SN|I PKN 370/00|Wyrok|78|https://www.saos.org.pl/judgments/80524
80426|2001-03-21|SN|I PKN 311/00|Wyrok|78|https://www.saos.org.pl/judgments/80426
80305|2001-02-07|SN|I PKN 242/00|Wyrok|78|https://www.saos.org.pl/judgments/80305
80265|2001-01-25|SN|I PKN 213/00|Wyrok|78|https://www.saos.org.pl/judgments/80265
80171|2000-12-15|SN|I PKN 170/00|Wyrok|78|https://www.saos.org.pl/judgments/80171
80131|2000-12-05|SN|I PKN 124/00|Wyrok|78|https://www.saos.org.pl/judgments/80131
80110|2000-11-29|SN|I PKN 85/00|Wyrok|78|https://www.saos.org.pl/judgments/80110
80082|2000-11-23|SN|I PKN 117/00|Wyrok|78|https://www.saos.org.pl/judgments/80082
80080|2000-11-23|SN|I PKN 114/00|Wyrok|78|https://www.saos.org.pl/judgments/80080
80086|2000-11-21|SN|I PKN 99/00|Wyrok|78|https://www.saos.org.pl/judgments/80086
80085|2000-11-21|SN|I PKN 95/00|Wyrok|78|https://www.saos.org.pl/judgments/80085
80000|2000-10-10|SN|I PKN 67/00|Wyrok|78|https://www.saos.org.pl/judgments/80000
79977|2000-10-04|SN|I PKN 60/00|Wyrok|78|https://www.saos.org.pl/judgments/79977
79975|2000-10-04|SN|I PKN 57/00|Wyrok|78|https://www.saos.org.pl/judgments/79975
79947|2000-09-26|SN|I PKN 54/00|Wyrok|78|https://www.saos.org.pl/judgments/79947
79931|2000-09-22|SN|I PKN 35/00|Wyrok|78|https://www.saos.org.pl/judgments/79931
79928|2000-09-22|SN|I PKN 30/00|Wyrok|78|https://www.saos.org.pl/judgments/79928
79895|2000-09-07|SN|I PKN 13/00|Wyrok|78|https://www.saos.org.pl/judgments/79895
79855|2000-07-20|SN|I PKN 748/99|Wyrok|78|https://www.saos.org.pl/judgments/79855
79763|2000-06-06|SN|I PKN 686/99|Wyrok|78|https://www.saos.org.pl/judgments/79763
79731|2000-05-26|SN|I PKN 677/99|Wyrok|78|https://www.saos.org.pl/judgments/79731
79728|2000-05-26|SN|I PKN 670/99|Wyrok|78|https://www.saos.org.pl/judgments/79728
79721|2000-05-25|SN|I PKN 651/99|Wyrok|78|https://www.saos.org.pl/judgments/79721
79720|2000-05-25|SN|I PKN 649/99|Wyrok|78|https://www.saos.org.pl/judgments/79720
79683|2000-05-10|SN|I PKN 641/99|Wyrok|78|https://www.saos.org.pl/judgments/79683
79675|2000-05-09|SN|I PKN 619/99|Wyrok|78|https://www.saos.org.pl/judgments/79675
79671|2000-05-09|SN|I PKN 615/99|Wyrok|78|https://www.saos.org.pl/judgments/79671
79657|2000-04-18|SN|I PKN 601/99|Wyrok|78|https://www.saos.org.pl/judgments/79657
79638|2000-04-11|SN|I PKN 586/99|Wyrok|78|https://www.saos.org.pl/judgments/79638
79636|2000-04-11|SN|I PKN 583/99|Wyrok|78|https://www.saos.org.pl/judgments/79636
79583|2000-03-27|SN|I PKN 548/99|Wyrok|78|https://www.saos.org.pl/judgments/79583
79574|2000-03-24|SN|I PKN 544/99|Wyrok|78|https://www.saos.org.pl/judgments/79574
79580|2000-03-23|SN|I PKN 762/99|Wyrok|78|https://www.saos.org.pl/judgments/79580
79562|2000-02-17|SN|I PKN 539/99|Wyrok|78|https://www.saos.org.pl/judgments/79562
79536|2000-02-09|SN|I PKN 498/99|Wyrok|78|https://www.saos.org.pl/judgments/79536
79512|2000-02-01|SN|I PKN 496/98|Wyrok|78|https://www.saos.org.pl/judgments/79512
79502|2000-01-26|SN|I PKN 491/99|Wyrok|78|https://www.saos.org.pl/judgments/79502
79486|2000-01-19|SN|I PKN 488/99|Wyrok|78|https://www.saos.org.pl/judgments/79486
79484|2000-01-19|SN|I PKN 481/99|Wyrok|78|https://www.saos.org.pl/judgments/79484
79440|1999-12-14|SN|I PKN 455/99|Wyrok|78|https://www.saos.org.pl/judgments/79440
79436|1999-12-14|SN|I PKN 444/99|Wyrok|78|https://www.saos.org.pl/judgments/79436
79395|1999-12-01|SN|I PKN 429/99|Wyrok|78|https://www.saos.org.pl/judgments/79395
79355|1999-11-10|SN|I PKN 342/99|Wyrok|78|https://www.saos.org.pl/judgments/79355
79300|1999-10-15|SN|I PKN 111/99|Wyrok|78|https://www.saos.org.pl/judgments/79300
79311|1999-10-13|SN|I PKN 304/99|Wyrok|78|https://www.saos.org.pl/judgments/79311
79308|1999-10-13|SN|I PKN 297/99|Wyrok|78|https://www.saos.org.pl/judgments/79308
79271|1999-09-22|SN|I PKN 279/99|Wyrok|78|https://www.saos.org.pl/judgments/79271
79243|1999-09-07|SN|I PKN 257/99|Wyrok|78|https://www.saos.org.pl/judgments/79243
79238|1999-09-07|SN|I PKN 246/99|Wyrok|78|https://www.saos.org.pl/judgments/79238
79236|1999-09-07|SN|I PKN 224/99|Wyrok|78|https://www.saos.org.pl/judgments/79236
79235|1999-09-02|SN|I PKN 249/99|Wyrok|78|https://www.saos.org.pl/judgments/79235
79225|1999-08-26|SN|I PKN 182/99|Wyrok|78|https://www.saos.org.pl/judgments/79225
79219|1999-08-19|SN|I PKN 223/99|Wyrok|78|https://www.saos.org.pl/judgments/79219
79218|1999-08-19|SN|I PKN 217/99|Wyrok|78|https://www.saos.org.pl/judgments/79218
79192|1999-08-04|SN|I PKN 191/99|Wyrok|78|https://www.saos.org.pl/judgments/79192
79178|1999-07-28|SN|I PKN 175/99|Wyrok|78|https://www.saos.org.pl/judgments/79178
79171|1999-07-28|SN|I PKN 110/99|Wyrok|78|https://www.saos.org.pl/judgments/79171
79154|1999-07-14|SN|I PKN 149/99|Wyrok|78|https://www.saos.org.pl/judgments/79154
79058|1999-05-27|SN|I PKN 90/99|Wyrok|78|https://www.saos.org.pl/judgments/79058
79042|1999-05-21|SN|I PKN 69/99|Wyrok|78|https://www.saos.org.pl/judgments/79042
79017|1999-05-14|SN|I PKN 47/99|Wyrok|78|https://www.saos.org.pl/judgments/79017
79009|1999-05-05|SN|I PKN 680/98|Wyrok|78|https://www.saos.org.pl/judgments/79009
79008|1999-05-05|SN|I PKN 678/98|Wyrok|78|https://www.saos.org.pl/judgments/79008
79004|1999-05-05|SN|I PKN 670/98|Wyrok|78|https://www.saos.org.pl/judgments/79004
78972|1999-04-15|SN|I PKN 9/99|Wyrok|78|https://www.saos.org.pl/judgments/78972
78962|1999-04-15|SN|I PKN 11/99|Wyrok|78|https://www.saos.org.pl/judgments/78962
78944|1999-04-07|SN|I PKN 647/98|Wyrok|78|https://www.saos.org.pl/judgments/78944
78943|1999-04-07|SN|I PKN 645/98|Wyrok|78|https://www.saos.org.pl/judgments/78943
78914|1999-03-24|SN|I PKN 631/98|Wyrok|78|https://www.saos.org.pl/judgments/78914
78875|1999-03-04|SN|I PKN 607/98|Wyrok|78|https://www.saos.org.pl/judgments/78875
78865|1999-02-23|SN|I PKN 588/98|Wyrok|78|https://www.saos.org.pl/judgments/78865
78851|1999-02-19|SN|I PKN 571/98|Wyrok|78|https://www.saos.org.pl/judgments/78851
78852|1999-02-17|SN|I PKN 576/98|Wyrok|78|https://www.saos.org.pl/judgments/78852
78704|1998-11-24|SN|I PKN 457/98|Wyrok|78|https://www.saos.org.pl/judgments/78704
78682|1998-11-17|SN|I PKN 331/98|Wyrok|78|https://www.saos.org.pl/judgments/78682
78676|1998-11-10|SN|I PKN 434/98|Wyrok|78|https://www.saos.org.pl/judgments/78676
78674|1998-11-10|SN|I PKN 428/98|Wyrok|78|https://www.saos.org.pl/judgments/78674
78672|1998-11-10|SN|I PKN 423/98|Wyrok|78|https://www.saos.org.pl/judgments/78672
78635|1998-10-28|SN|I PKN 398/98|Wyrok|78|https://www.saos.org.pl/judgments/78635
78615|1998-10-20|SN|I PKN 390/98|Wyrok|78|https://www.saos.org.pl/judgments/78615
78570|1998-10-01|SN|I PKN 357/98|Wyrok|78|https://www.saos.org.pl/judgments/78570
78519|1998-09-09|SN|I PKN 503/98|Wyrok|78|https://www.saos.org.pl/judgments/78519
78498|1998-09-02|SN|I PKN 271/98|Wyrok|78|https://www.saos.org.pl/judgments/78498
78456|1998-07-22|SN|I PKN 255/98|Wyrok|78|https://www.saos.org.pl/judgments/78456
78453|1998-07-22|SN|I PKN 250/98|Wyrok|78|https://www.saos.org.pl/judgments/78453
78421|1998-07-01|SN|I PKN 218/98|Wyrok|78|https://www.saos.org.pl/judgments/78421
78350|1998-05-28|SN|I PKN 152/98|Wyrok|78|https://www.saos.org.pl/judgments/78350
78304|1998-05-13|SN|I PKN 105/98|Wyrok|78|https://www.saos.org.pl/judgments/78304
78286|1998-05-07|SN|I PKN 69/98|Wyrok|78|https://www.saos.org.pl/judgments/78286
78215|1998-03-26|SN|I PKN 565/97|Wyrok|78|https://www.saos.org.pl/judgments/78215
78211|1998-03-26|SN|I PKN 2/98|Wyrok|78|https://www.saos.org.pl/judgments/78211
78205|1998-03-19|SN|I PKN 570/97|Wyrok|78|https://www.saos.org.pl/judgments/78205
78158|1998-02-24|SN|I PKN 538/97|Wyrok|78|https://www.saos.org.pl/judgments/78158
78116|1998-02-05|SN|I PKN 510/97|Wyrok|78|https://www.saos.org.pl/judgments/78116
78075|1998-01-19|SN|I PKN 486/97|Wyrok|78|https://www.saos.org.pl/judgments/78075
78032|1998-01-07|SN|I PKN 453/97|Wyrok|78|https://www.saos.org.pl/judgments/78032
78003|1997-12-17|SN|I PKN 433/97|Wyrok|78|https://www.saos.org.pl/judgments/78003
77941|1997-11-25|SN|I PKN 388/97|Wyrok|78|https://www.saos.org.pl/judgments/77941
77901|1997-11-13|SN|I PKN 343/97|Wyrok|78|https://www.saos.org.pl/judgments/77901
77846|1997-10-01|SN|I PKN 315/97|Wyrok|78|https://www.saos.org.pl/judgments/77846
77674|1997-05-19|SN|I PKN 173/97|Wyrok|78|https://www.saos.org.pl/judgments/77674
77417|1997-01-24|SN|I PKN 1/96|Wyrok|78|https://www.saos.org.pl/judgments/77417
245076|2016-04-05|SN|I PO 1/15|Postanowienie|69|https://www.saos.org.pl/judgments/245076
244853|2016-03-09|SN|I PK 123/15|Postanowienie|69|https://www.saos.org.pl/judgments/244853
243370|2015-09-24|SN|I PK 343/14|Postanowienie|69|https://www.saos.org.pl/judgments/243370
243142|2015-08-11|SN|III PZ 4/15|Postanowienie|69|https://www.saos.org.pl/judgments/243142
169045|2015-05-14|SN|III PK 6/15|Postanowienie|69|https://www.saos.org.pl/judgments/169045
245398|2015-03-17|SN|I PK 223/14|Postanowienie|69|https://www.saos.org.pl/judgments/245398
168563|2015-03-11|SN|III PZ 2/15|Postanowienie|69|https://www.saos.org.pl/judgments/168563
104410|2014-02-13|SN|II PZ 36/13|Postanowienie|69|https://www.saos.org.pl/judgments/104410
103333|2013-10-30|SN|II PK 146/13|Postanowienie|69|https://www.saos.org.pl/judgments/103333
97567|2012-03-22|SN|I PK 201/11|Postanowienie|69|https://www.saos.org.pl/judgments/97567
97584|2012-03-19|SN|II PK 294/11|Postanowienie|69|https://www.saos.org.pl/judgments/97584
97389|2012-03-02|SN|III PK 74/11|Postanowienie|69|https://www.saos.org.pl/judgments/97389
94796|2011-04-22|SN|I PK 11/11|Postanowienie|69|https://www.saos.org.pl/judgments/94796
94032|2011-01-27|SN|II PK 247/10|Postanowienie|69|https://www.saos.org.pl/judgments/94032
165438|2010-11-10|SN|II BP 16/10|Postanowienie|69|https://www.saos.org.pl/judgments/165438
92364|2010-06-02|SN|I PZ 2/10|Postanowienie|69|https://www.saos.org.pl/judgments/92364
90907|2009-09-24|SN|II PK 144/09|Postanowienie|69|https://www.saos.org.pl/judgments/90907
90698|2009-08-12|SN|II PZP 8/09|Postanowienie|69|https://www.saos.org.pl/judgments/90698
88264|2008-06-19|SN|II PK 43/08|Postanowienie|69|https://www.saos.org.pl/judgments/88264
86628|2007-09-28|SN|II PK 110/07|Postanowienie|69|https://www.saos.org.pl/judgments/86628
531770|2025-03-20|SO|III APa 6/24|Wyrok|56|https://www.saos.org.pl/judgments/531770
525742|2022-12-13|SO|III APa 13/22|Wyrok|56|https://www.saos.org.pl/judgments/525742
509906|2022-11-03|SO|V AGa 267/21|Wyrok|56|https://www.saos.org.pl/judgments/509906
438572|2020-10-06|SO|III AUa 686/20|Wyrok|56|https://www.saos.org.pl/judgments/438572
349501|2018-07-05|SO|III APa 22/18|Wyrok|56|https://www.saos.org.pl/judgments/349501
349500|2018-06-21|SO|III APa 18/18|Wyrok|56|https://www.saos.org.pl/judgments/349500
343319|2018-01-31|SO|III APa 23/17|Wyrok|56|https://www.saos.org.pl/judgments/343319
257389|2016-11-02|SO|III APa 14/16|Wyrok|56|https://www.saos.org.pl/judgments/257389
276263|2016-10-28|SO|III APa 33/15|Wyrok|56|https://www.saos.org.pl/judgments/276263
242013|2016-08-09|SO|III AUa 422/16|Wyrok|56|https://www.saos.org.pl/judgments/242013
254630|2016-07-20|SO|III AUa 949/15|Wyrok|56|https://www.saos.org.pl/judgments/254630
31579|2013-12-05|SO|III APa 29/13|Wyrok|56|https://www.saos.org.pl/judgments/31579
8020|2013-03-14|SO|III AUa 1236/12|Wyrok|56|https://www.saos.org.pl/judgments/8020
4890|2013-01-30|SO|III APa 35/12|Wyrok|56|https://www.saos.org.pl/judgments/4890
619|2012-10-23|SO|III AUa 851/12|Wyrok|56|https://www.saos.org.pl/judgments/619
547591|2026-05-08|SO|VII Pa 116/24|Wyrok|40|https://www.saos.org.pl/judgments/547591
542392|2025-12-18|SO|IV P 271/23|Wyrok|40|https://www.saos.org.pl/judgments/542392
544927|2025-10-03|SO|VI P 241/20|Wyrok|40|https://www.saos.org.pl/judgments/544927
542762|2025-07-10|SO|VI P 274/22|Wyrok|40|https://www.saos.org.pl/judgments/542762
535403|2025-06-30|SO|VI P 858/24|Wyrok|40|https://www.saos.org.pl/judgments/535403
535402|2025-06-30|SO|VI P 824/24|Wyrok|40|https://www.saos.org.pl/judgments/535402
530865|2025-06-18|SO|VII Pa 74/24|Wyrok|40|https://www.saos.org.pl/judgments/530865
530863|2025-06-16|SO|VII Pa 42/24|Wyrok|40|https://www.saos.org.pl/judgments/530863
530864|2025-06-06|SO|VII Pa 66/24|Wyrok|40|https://www.saos.org.pl/judgments/530864
532034|2025-05-12|SO|VI P 768/24|Wyrok|40|https://www.saos.org.pl/judgments/532034
530397|2025-04-23|SO|VI P 228/24|Wyrok|40|https://www.saos.org.pl/judgments/530397
530410|2025-04-03|SO|VI P 577/24|Wyrok|40|https://www.saos.org.pl/judgments/530410
525468|2025-04-02|SO|VII Pa 77/24|Wyrok|40|https://www.saos.org.pl/judgments/525468
524918|2025-03-04|SO|VII Pa 11/24|Wyrok|40|https://www.saos.org.pl/judgments/524918
527682|2025-02-27|SO|VI P 494/24|Wyrok|40|https://www.saos.org.pl/judgments/527682
523285|2025-02-25|SO|IV P 406/24|Wyrok|40|https://www.saos.org.pl/judgments/523285
525334|2025-02-06|SO|VII Pa 15/24|Wyrok|40|https://www.saos.org.pl/judgments/525334
518863|2024-12-10|SO|IV P 383/24|Wyrok|40|https://www.saos.org.pl/judgments/518863
525333|2024-11-28|SO|VII Pa 124/24|Wyrok|40|https://www.saos.org.pl/judgments/525333
518509|2024-11-07|SO|VII Pa 90/24|Wyrok|40|https://www.saos.org.pl/judgments/518509
519714|2024-11-05|SO|VII Pa 27/24|Wyrok|40|https://www.saos.org.pl/judgments/519714
522020|2024-10-21|SO|IV Pa 53/24|Wyrok|40|https://www.saos.org.pl/judgments/522020
511819|2024-09-11|SO|VII Pa 14/24|Wyrok|40|https://www.saos.org.pl/judgments/511819
526637|2024-08-14|SO|IV Pa 21/24|Wyrok|40|https://www.saos.org.pl/judgments/526637
519911|2024-08-14|SO|VI P 145/22|Wyrok|40|https://www.saos.org.pl/judgments/519911
511408|2024-08-09|SO|VI P 52/22|Wyrok|40|https://www.saos.org.pl/judgments/511408
518508|2024-08-02|SO|VII Pa 177/23|Wyrok|40|https://www.saos.org.pl/judgments/518508
516893|2024-07-26|SO|VI P 278/23|Wyrok|40|https://www.saos.org.pl/judgments/516893
515858|2024-07-19|SO|VI P 111/23|Wyrok|40|https://www.saos.org.pl/judgments/515858
519632|2024-07-11|SO|IV Pa 2/23|Wyrok|40|https://www.saos.org.pl/judgments/519632
511401|2024-07-01|SO|VI P 441/19|Wyrok|40|https://www.saos.org.pl/judgments/511401
525335|2024-06-20|SO|VII Pa 172/23|Wyrok|40|https://www.saos.org.pl/judgments/525335
511869|2024-05-22|SO|VII Pa 94/23|Wyrok|40|https://www.saos.org.pl/judgments/511869
516649|2024-05-15|SO|VII Pa 11/24|Wyrok|40|https://www.saos.org.pl/judgments/516649
511388|2024-05-10|SO|VI P 328/21|Wyrok|40|https://www.saos.org.pl/judgments/511388
525182|2024-05-09|SO|IV P 248/23|Wyrok|40|https://www.saos.org.pl/judgments/525182
511846|2024-03-27|SO|VII Pa 47/23|Wyrok|40|https://www.saos.org.pl/judgments/511846
511837|2024-03-27|SO|VII Pa 34/23|Wyrok|40|https://www.saos.org.pl/judgments/511837
538308|2024-03-07|SO|VI P 295/17|Wyrok|40|https://www.saos.org.pl/judgments/538308
511863|2024-02-29|SO|VII Pa 76/22|Wyrok|40|https://www.saos.org.pl/judgments/511863
511845|2023-12-11|SO|VII Pa 47/21|Wyrok|40|https://www.saos.org.pl/judgments/511845
511367|2023-11-21|SO|VI P 233/20|Wyrok|40|https://www.saos.org.pl/judgments/511367
524194|2023-11-15|SO|IV P 281/21|Wyrok|40|https://www.saos.org.pl/judgments/524194
511862|2023-11-09|SO|VII Pa 67/22|Wyrok|40|https://www.saos.org.pl/judgments/511862
511843|2023-11-09|SO|VII Pa 41/23|Wyrok|40|https://www.saos.org.pl/judgments/511843
521570|2023-10-30|SO|VI P 299/21|Wyrok|40|https://www.saos.org.pl/judgments/521570
515860|2023-10-25|SO|VI P 262/21|Wyrok|40|https://www.saos.org.pl/judgments/515860
511347|2023-10-25|SO|VI P 147/20|Wyrok|40|https://www.saos.org.pl/judgments/511347
511860|2023-10-24|SO|VII Pa 62/23|Wyrok|40|https://www.saos.org.pl/judgments/511860
507175|2023-10-12|SO|III Pa 51/23|Wyrok|40|https://www.saos.org.pl/judgments/507175
511357|2023-09-14|SO|VI P 201/22|Wyrok|40|https://www.saos.org.pl/judgments/511357
511339|2023-09-01|SO|VI P 10/22|Wyrok|40|https://www.saos.org.pl/judgments/511339
511341|2023-08-28|SO|VI P 115/20|Wyrok|40|https://www.saos.org.pl/judgments/511341
524195|2023-08-21|SO|IV P 383/21|Wyrok|40|https://www.saos.org.pl/judgments/524195
519361|2023-08-17|SO|VI P 288/19|Wyrok|40|https://www.saos.org.pl/judgments/519361
511352|2023-08-10|SO|VI P 191/22|Wyrok|40|https://www.saos.org.pl/judgments/511352
511398|2023-07-14|SO|VI P 39/21|Wyrok|40|https://www.saos.org.pl/judgments/511398
511815|2023-07-07|SO|VII Pa 114/22|Wyrok|40|https://www.saos.org.pl/judgments/511815
511867|2023-06-30|SO|VII Pa 86/22|Wyrok|40|https://www.saos.org.pl/judgments/511867
511865|2023-05-25|SO|VII Pa 80/22|Wyrok|40|https://www.saos.org.pl/judgments/511865
511359|2023-05-22|SO|VI P 208/21|Wyrok|40|https://www.saos.org.pl/judgments/511359
511386|2023-05-10|SO|VI P 32/21|Wyrok|40|https://www.saos.org.pl/judgments/511386
530168|2023-04-28|SO|VI P 183/22|Wyrok|40|https://www.saos.org.pl/judgments/530168
511811|2023-04-24|SO|VII Pa 109/22|Wyrok|40|https://www.saos.org.pl/judgments/511811
511417|2023-04-17|SO|VI P 97/22|Wyrok|40|https://www.saos.org.pl/judgments/511417
511841|2023-04-14|SO|VII Pa 4/22|Wyrok|40|https://www.saos.org.pl/judgments/511841
491823|2023-04-03|SO|VI P 222/20|Wyrok|40|https://www.saos.org.pl/judgments/491823
511364|2023-03-21|SO|VI P 224/18|Wyrok|40|https://www.saos.org.pl/judgments/511364
485943|2023-02-27|SO|VII Pa 92/22|Wyrok|40|https://www.saos.org.pl/judgments/485943
487858|2023-02-21|SO|VI P 263/21|Wyrok|40|https://www.saos.org.pl/judgments/487858
523293|2023-02-16|SO|VI P 167/20|Wyrok|40|https://www.saos.org.pl/judgments/523293
488803|2023-01-25|SO|VI P 468/20|Wyrok|40|https://www.saos.org.pl/judgments/488803
487861|2023-01-19|SO|VI P 487/20|Wyrok|40|https://www.saos.org.pl/judgments/487861
483102|2023-01-17|SO|VII Pa 69/22|Wyrok|40|https://www.saos.org.pl/judgments/483102
511383|2022-12-19|SO|VI P 29/21|Wyrok|40|https://www.saos.org.pl/judgments/511383
484208|2022-12-14|SO|VII Pa 82/21|Wyrok|40|https://www.saos.org.pl/judgments/484208
483101|2022-11-29|SO|VII Pa 63/21|Wyrok|40|https://www.saos.org.pl/judgments/483101
518712|2022-11-28|SO|VI P 41/22|Wyrok|40|https://www.saos.org.pl/judgments/518712
482193|2022-11-22|SO|VI P 232/19|Wyrok|40|https://www.saos.org.pl/judgments/482193
485038|2022-11-21|SO|VI P 79/22|Wyrok|40|https://www.saos.org.pl/judgments/485038
478208|2022-10-28|SO|VII Pa 81/20|Wyrok|40|https://www.saos.org.pl/judgments/478208
476911|2022-10-27|SO|IV P 4/22|Wyrok|40|https://www.saos.org.pl/judgments/476911
477927|2022-10-04|SO|VII Pa 67/21|Wyrok|40|https://www.saos.org.pl/judgments/477927
477926|2022-09-29|SO|VII Pa 3/22|Wyrok|40|https://www.saos.org.pl/judgments/477926
475254|2022-09-21|SO|VII Pa 37/22|Wyrok|40|https://www.saos.org.pl/judgments/475254
475253|2022-09-21|SO|VII Pa 26/22|Wyrok|40|https://www.saos.org.pl/judgments/475253
481812|2022-09-14|SO|VI P 296/20|Wyrok|40|https://www.saos.org.pl/judgments/481812
475252|2022-08-17|SO|VII Pa 101/21|Wyrok|40|https://www.saos.org.pl/judgments/475252
476665|2022-08-08|SO|VI P 193/20|Wyrok|40|https://www.saos.org.pl/judgments/476665
511373|2022-06-30|SO|VI P 252/21|Wyrok|40|https://www.saos.org.pl/judgments/511373
474322|2022-05-31|SO|VII Pa 21/21|Wyrok|40|https://www.saos.org.pl/judgments/474322
473429|2022-05-24|SO|VI P 190/21|Wyrok|40|https://www.saos.org.pl/judgments/473429
471694|2022-05-05|SO|VI P 130/20|Wyrok|40|https://www.saos.org.pl/judgments/471694
471808|2022-03-21|SO|VI P 229/21|Wyrok|40|https://www.saos.org.pl/judgments/471808
485036|2022-03-15|SO|VI P 124/20|Wyrok|40|https://www.saos.org.pl/judgments/485036
474324|2022-03-15|SO|VII Pa 44/21|Wyrok|40|https://www.saos.org.pl/judgments/474324
479752|2022-03-04|SO|VI P 139/20|Wyrok|40|https://www.saos.org.pl/judgments/479752
469944|2022-01-27|SO|VI P 284/20|Wyrok|40|https://www.saos.org.pl/judgments/469944
470057|2021-12-28|SO|VI P 177/19|Wyrok|40|https://www.saos.org.pl/judgments/470057
511405|2021-12-16|SO|VI P 481/18|Wyrok|40|https://www.saos.org.pl/judgments/511405
453629|2021-11-17|SO|VII Pa 49/21|Wyrok|40|https://www.saos.org.pl/judgments/453629
451152|2021-10-29|SO|III Pa 24/21|Wyrok|40|https://www.saos.org.pl/judgments/451152
457730|2021-10-28|SO|VI P 211/20|Wyrok|40|https://www.saos.org.pl/judgments/457730
458216|2021-10-20|SO|IV Pa 42/21|Wyrok|40|https://www.saos.org.pl/judgments/458216
449656|2021-09-30|SO|VII Pa 78/20|Wyrok|40|https://www.saos.org.pl/judgments/449656
449576|2021-09-23|SO|VII Pa 37/21|Wyrok|40|https://www.saos.org.pl/judgments/449576
447882|2021-08-13|SO|VII Pa 61/20|Wyrok|40|https://www.saos.org.pl/judgments/447882
448246|2021-07-30|SO|VII Pa 36/21|Wyrok|40|https://www.saos.org.pl/judgments/448246
448974|2021-06-17|SO|VI P 111/20|Wyrok|40|https://www.saos.org.pl/judgments/448974
451168|2021-06-11|SO|IV Pa 8/21|Wyrok|40|https://www.saos.org.pl/judgments/451168
447951|2021-05-31|SO|VII Pa 18/21|Wyrok|40|https://www.saos.org.pl/judgments/447951
508820|2021-05-27|SO|IV Pa 24/21|Wyrok|40|https://www.saos.org.pl/judgments/508820
449654|2021-05-26|SO|VII Pa 56/20|Wyrok|40|https://www.saos.org.pl/judgments/449654
448245|2021-05-26|SO|VII Pa 3/21|Wyrok|40|https://www.saos.org.pl/judgments/448245
469946|2021-05-10|SO|VI P 327/20|Wyrok|40|https://www.saos.org.pl/judgments/469946
448503|2021-03-25|SO|VII Pa 137/19|Wyrok|40|https://www.saos.org.pl/judgments/448503
447323|2021-03-24|SO|IV Pa 10/21|Wyrok|40|https://www.saos.org.pl/judgments/447323
455098|2021-03-08|SO|VI P 218/20|Wyrok|40|https://www.saos.org.pl/judgments/455098
457731|2021-03-04|SO|VI P 293/19|Wyrok|40|https://www.saos.org.pl/judgments/457731
471280|2021-02-25|SO|VI P 309/19|Wyrok|40|https://www.saos.org.pl/judgments/471280
439911|2021-02-10|SO|VI P 9/19|Wyrok|40|https://www.saos.org.pl/judgments/439911
448621|2021-01-21|SO|VII Pa 128/19|Wyrok|40|https://www.saos.org.pl/judgments/448621
450080|2021-01-08|SO|VII Pa 12/20|Wyrok|40|https://www.saos.org.pl/judgments/450080
434597|2020-12-07|SO|VI P 254/19|Wyrok|40|https://www.saos.org.pl/judgments/434597
434307|2020-12-07|SO|VI P 189/19|Wyrok|40|https://www.saos.org.pl/judgments/434307
432616|2020-12-07|SO|VI P 195/20|Wyrok|40|https://www.saos.org.pl/judgments/432616
426886|2020-11-03|SO|VII Pa 118/20|Wyrok|40|https://www.saos.org.pl/judgments/426886
455099|2020-10-29|SO|VI P 451/14|Wyrok|40|https://www.saos.org.pl/judgments/455099
450081|2020-10-15|SO|VII Pa 129/19|Wyrok|40|https://www.saos.org.pl/judgments/450081
449766|2020-10-02|SO|VII Pa 51/20|Wyrok|40|https://www.saos.org.pl/judgments/449766
450083|2020-09-29|SO|VII Pa 131/19|Wyrok|40|https://www.saos.org.pl/judgments/450083
444514|2020-09-25|SO|VI P 40/17|Wyrok|40|https://www.saos.org.pl/judgments/444514
421094|2020-09-17|SO|IV P 17/20|Wyrok|40|https://www.saos.org.pl/judgments/421094
450087|2020-08-18|SO|VII Pa 4/20|Wyrok|40|https://www.saos.org.pl/judgments/450087
425529|2020-07-20|SO|VI P 503/17|Wyrok|40|https://www.saos.org.pl/judgments/425529
419466|2020-07-17|SO|IV P 34/20|Wyrok|40|https://www.saos.org.pl/judgments/419466
462792|2020-06-30|SO|VI P 287/19|Wyrok|40|https://www.saos.org.pl/judgments/462792
420094|2020-06-19|SO|VI P 305/19|Wyrok|40|https://www.saos.org.pl/judgments/420094
446807|2020-06-18|SO|VI P 314/17|Wyrok|40|https://www.saos.org.pl/judgments/446807
449850|2020-06-02|SO|VI P 319/19|Wyrok|40|https://www.saos.org.pl/judgments/449850
428370|2020-04-27|SO|V Pa 10/20|Wyrok|40|https://www.saos.org.pl/judgments/428370
433788|2020-03-17|SO|VI P 306/17|Wyrok|40|https://www.saos.org.pl/judgments/433788
419272|2020-02-28|SO|IV Pa 48/19|Wyrok|40|https://www.saos.org.pl/judgments/419272
452280|2020-02-27|SO|VI P 162/17|Wyrok|40|https://www.saos.org.pl/judgments/452280
470058|2020-02-21|SO|VI P 188/15|Wyrok|40|https://www.saos.org.pl/judgments/470058
407838|2020-02-04|SO|IV P 208/18|Wyrok|40|https://www.saos.org.pl/judgments/407838
469947|2020-01-31|SO|VI P 388/18|Wyrok|40|https://www.saos.org.pl/judgments/469947
436699|2020-01-28|SO|VI P 337/18|Wyrok|40|https://www.saos.org.pl/judgments/436699
412812|2020-01-27|SO|VI P 362/19|Wyrok|40|https://www.saos.org.pl/judgments/412812
433942|2020-01-24|SO|VII Pa 123/19|Wyrok|40|https://www.saos.org.pl/judgments/433942
443341|2019-12-19|SO|VI P 64/19|Wyrok|40|https://www.saos.org.pl/judgments/443341
442071|2019-12-19|SO|VI P 11/19|Wyrok|40|https://www.saos.org.pl/judgments/442071
412810|2019-12-17|SO|VI P 157/17|Wyrok|40|https://www.saos.org.pl/judgments/412810
417275|2019-12-06|SO|VI P 442/18|Wyrok|40|https://www.saos.org.pl/judgments/417275
423412|2019-11-21|SO|VII Pa 58/19|Wyrok|40|https://www.saos.org.pl/judgments/423412
423411|2019-11-21|SO|VII Pa 51/19|Wyrok|40|https://www.saos.org.pl/judgments/423411
423413|2019-10-30|SO|VII Pa 63/19|Wyrok|40|https://www.saos.org.pl/judgments/423413
442222|2019-10-29|SO|VI P 387/16|Wyrok|40|https://www.saos.org.pl/judgments/442222
469761|2019-10-28|SO|VI P 19/18|Wyrok|40|https://www.saos.org.pl/judgments/469761
439170|2019-10-03|SO|VI P 439/16|Wyrok|40|https://www.saos.org.pl/judgments/439170
432220|2019-09-13|SO|VI P 459/18|Wyrok|40|https://www.saos.org.pl/judgments/432220
420443|2019-09-13|SO|VII P 11/18|Wyrok|40|https://www.saos.org.pl/judgments/420443
424777|2019-09-09|SO|VI P 202/18|Wyrok|40|https://www.saos.org.pl/judgments/424777
424778|2019-08-28|SO|VI P 309/18|Wyrok|40|https://www.saos.org.pl/judgments/424778
434598|2019-08-05|SO|VI P 443/17|Wyrok|40|https://www.saos.org.pl/judgments/434598
396028|2019-07-11|SO|V Pa 57/19|Wyrok|40|https://www.saos.org.pl/judgments/396028
392975|2019-07-05|SO|VII Pa 54/19|Wyrok|40|https://www.saos.org.pl/judgments/392975
390475|2019-07-05|SO|VII Pa 46/19|Wyrok|40|https://www.saos.org.pl/judgments/390475
386587|2019-06-28|SO|IV P 25/19|Wyrok|40|https://www.saos.org.pl/judgments/386587
479667|2019-06-27|SO|VII Pa 24/19|Wyrok|40|https://www.saos.org.pl/judgments/479667
402869|2019-06-14|SO|IV Pa 14/19|Wyrok|40|https://www.saos.org.pl/judgments/402869
390476|2019-06-06|SO|VII Pa 47/19|Wyrok|40|https://www.saos.org.pl/judgments/390476
388029|2019-06-06|SO|V Pa 34/19|Wyrok|40|https://www.saos.org.pl/judgments/388029
402868|2019-05-31|SO|IV Pa 11/19|Wyrok|40|https://www.saos.org.pl/judgments/402868
387514|2019-05-30|SO|VI P 417/17|Wyrok|40|https://www.saos.org.pl/judgments/387514
481314|2019-05-17|SO|VII Pa 2/19|Wyrok|40|https://www.saos.org.pl/judgments/481314
422471|2019-05-15|SO|VII Pa 49/19|Wyrok|40|https://www.saos.org.pl/judgments/422471
441488|2019-05-10|SO|VI P 344/18|Wyrok|40|https://www.saos.org.pl/judgments/441488
417274|2019-05-08|SO|VI P 319/18|Wyrok|40|https://www.saos.org.pl/judgments/417274
394435|2019-05-07|SO|VI P 9/19|Wyrok|40|https://www.saos.org.pl/judgments/394435
387516|2019-04-16|SO|VI P 504/14|Wyrok|40|https://www.saos.org.pl/judgments/387516
393444|2019-04-11|SO|VI P 366/13|Wyrok|40|https://www.saos.org.pl/judgments/393444
390222|2019-04-10|SO|VII Pa 17/19|Wyrok|40|https://www.saos.org.pl/judgments/390222
384093|2019-04-10|SO|VI P 172/18|Wyrok|40|https://www.saos.org.pl/judgments/384093
387513|2019-03-19|SO|VI P 416/18|Wyrok|40|https://www.saos.org.pl/judgments/387513
405259|2019-03-12|SO|IV Pa 3/19|Wyrok|40|https://www.saos.org.pl/judgments/405259
387510|2019-03-04|SO|VI P 309/17|Wyrok|40|https://www.saos.org.pl/judgments/387510
381558|2019-02-28|SO|VII Pa 152/18|Wyrok|40|https://www.saos.org.pl/judgments/381558
374565|2019-02-27|SO|IV P 288/18|Wyrok|40|https://www.saos.org.pl/judgments/374565
381565|2019-02-26|SO|VII Pa 7/18|Wyrok|40|https://www.saos.org.pl/judgments/381565
382596|2019-02-21|SO|V Pa 9/19|Wyrok|40|https://www.saos.org.pl/judgments/382596
387511|2019-02-14|SO|VI P 348/16|Wyrok|40|https://www.saos.org.pl/judgments/387511
373916|2019-01-30|SO|VI P 410/17|Wyrok|40|https://www.saos.org.pl/judgments/373916
375784|2019-01-24|SO|VII Pa 145/18|Wyrok|40|https://www.saos.org.pl/judgments/375784
375717|2019-01-17|SO|VI P 302/18|Wyrok|40|https://www.saos.org.pl/judgments/375717
384737|2019-01-02|SO|IV P 46/18|Wyrok|40|https://www.saos.org.pl/judgments/384737
375778|2018-12-20|SO|VII Pa 125/18|Wyrok|40|https://www.saos.org.pl/judgments/375778
375769|2018-12-20|SO|VII Pa 114/18|Wyrok|40|https://www.saos.org.pl/judgments/375769
386709|2018-12-18|SO|VII U 884/18|Wyrok|40|https://www.saos.org.pl/judgments/386709
375771|2018-12-13|SO|VII Pa 117/18|Wyrok|40|https://www.saos.org.pl/judgments/375771
387509|2018-12-06|SO|VI P 118/16|Wyrok|40|https://www.saos.org.pl/judgments/387509
375785|2018-12-05|SO|VII Pa 146/18|Wyrok|40|https://www.saos.org.pl/judgments/375785
374266|2018-12-05|SO|VI P 152/17|Wyrok|40|https://www.saos.org.pl/judgments/374266
393441|2018-11-30|SO|VI P 268/16|Wyrok|40|https://www.saos.org.pl/judgments/393441
368094|2018-11-26|SO|VII Pa 104/18|Wyrok|40|https://www.saos.org.pl/judgments/368094
375782|2018-11-22|SO|VII Pa 137/18|Wyrok|40|https://www.saos.org.pl/judgments/375782
393447|2018-11-16|SO|VI P 97/17|Wyrok|40|https://www.saos.org.pl/judgments/393447
375795|2018-11-14|SO|VII Pa 66/18|Wyrok|40|https://www.saos.org.pl/judgments/375795
369278|2018-11-13|SO|VI P 316/16|Wyrok|40|https://www.saos.org.pl/judgments/369278
375813|2018-11-08|SO|VII Pa 97/18|Wyrok|40|https://www.saos.org.pl/judgments/375813
375792|2018-11-08|SO|VII Pa 60/18|Wyrok|40|https://www.saos.org.pl/judgments/375792
375810|2018-10-25|SO|VII Pa 92/18|Wyrok|40|https://www.saos.org.pl/judgments/375810
374003|2018-10-19|SO|IV P 13/18|Wyrok|40|https://www.saos.org.pl/judgments/374003
490304|2018-10-18|SO|VII Pa 92/18|Wyrok|40|https://www.saos.org.pl/judgments/490304
375807|2018-10-10|SO|VII Pa 89/18|Wyrok|40|https://www.saos.org.pl/judgments/375807
365642|2018-10-04|SO|V Pa 74/18|Wyrok|40|https://www.saos.org.pl/judgments/365642
369277|2018-10-02|SO|VI P 193/16|Wyrok|40|https://www.saos.org.pl/judgments/369277
365640|2018-09-27|SO|V Pa 65/18|Wyrok|40|https://www.saos.org.pl/judgments/365640
375711|2018-09-25|SO|VI P 165/15|Wyrok|40|https://www.saos.org.pl/judgments/375711
375767|2018-09-20|SO|VII Pa 111/18|Wyrok|40|https://www.saos.org.pl/judgments/375767
367422|2018-09-20|SO|VI P 481/14|Wyrok|40|https://www.saos.org.pl/judgments/367422
397467|2018-09-13|SO|IV P 195/16|Wyrok|40|https://www.saos.org.pl/judgments/397467
375764|2018-09-13|SO|VII Pa 108/18|Wyrok|40|https://www.saos.org.pl/judgments/375764
405905|2018-09-10|SO|IV P 69/18|Wyrok|40|https://www.saos.org.pl/judgments/405905
405904|2018-08-21|SO|IV P 44/18|Wyrok|40|https://www.saos.org.pl/judgments/405904
375799|2018-08-07|SO|VII Pa 74/18|Wyrok|40|https://www.saos.org.pl/judgments/375799
375791|2018-08-07|SO|VII Pa 59/18|Wyrok|40|https://www.saos.org.pl/judgments/375791
375808|2018-07-26|SO|VII Pa 90/18|Wyrok|40|https://www.saos.org.pl/judgments/375808
375794|2018-07-26|SO|VII Pa 65/18|Wyrok|40|https://www.saos.org.pl/judgments/375794
367421|2018-07-26|SO|VI P 332/17|Wyrok|40|https://www.saos.org.pl/judgments/367421
361956|2018-07-20|SO|VI P 338/15|Wyrok|40|https://www.saos.org.pl/judgments/361956
375787|2018-07-03|SO|VII Pa 39/18|Wyrok|40|https://www.saos.org.pl/judgments/375787
370068|2018-06-27|SO|VI P 293/17|Wyrok|40|https://www.saos.org.pl/judgments/370068
352959|2018-06-22|SO|IV P 139/17|Wyrok|40|https://www.saos.org.pl/judgments/352959
375002|2018-06-19|SO|VII Pa 72/18|Wyrok|40|https://www.saos.org.pl/judgments/375002
375001|2018-06-19|SO|VII Pa 64/18|Wyrok|40|https://www.saos.org.pl/judgments/375001
348965|2018-05-21|SO|VI P 180/16|Wyrok|40|https://www.saos.org.pl/judgments/348965
374894|2018-05-15|SO|VII Pa 47/18|Wyrok|40|https://www.saos.org.pl/judgments/374894
347543|2018-05-15|SO|IV P 153/17|Wyrok|40|https://www.saos.org.pl/judgments/347543
374892|2018-05-10|SO|VII Pa 44/18|Wyrok|40|https://www.saos.org.pl/judgments/374892
387515|2018-04-26|SO|VI P 426/16|Wyrok|40|https://www.saos.org.pl/judgments/387515
345113|2018-04-26|SO|IV Pa 25/18|Wyrok|40|https://www.saos.org.pl/judgments/345113
370069|2018-04-24|SO|VI P 96/15|Wyrok|40|https://www.saos.org.pl/judgments/370069
370431|2018-04-19|SO|VI P 739/12|Wyrok|40|https://www.saos.org.pl/judgments/370431
374666|2018-04-06|SO|VII Pa 31/18|Wyrok|40|https://www.saos.org.pl/judgments/374666
345951|2018-04-05|SO|VI P 200/14|Wyrok|40|https://www.saos.org.pl/judgments/345951
345954|2018-03-21|SO|VI P 72/16|Wyrok|40|https://www.saos.org.pl/judgments/345954
374268|2018-03-19|SO|VII Pa 24/18|Wyrok|40|https://www.saos.org.pl/judgments/374268
393609|2018-03-15|SO|VII Pa 257/17|Wyrok|40|https://www.saos.org.pl/judgments/393609
335486|2018-03-14|SO|VII Pa 22/18|Wyrok|40|https://www.saos.org.pl/judgments/335486
375721|2018-02-27|SO|VI P 437/16|Wyrok|40|https://www.saos.org.pl/judgments/375721
331703|2018-02-13|SO|VII Pa 151/17|Wyrok|40|https://www.saos.org.pl/judgments/331703
335479|2018-02-12|SO|VI P 364/16|Wyrok|40|https://www.saos.org.pl/judgments/335479
394995|2018-02-08|SO|III Pa 37/17|Wyrok|40|https://www.saos.org.pl/judgments/394995
331710|2018-02-06|SO|VII Pa 8/18|Wyrok|40|https://www.saos.org.pl/judgments/331710
331705|2018-02-06|SO|VII Pa 164/17|Wyrok|40|https://www.saos.org.pl/judgments/331705
333029|2018-02-05|SO|IV P 114/16|Wyrok|40|https://www.saos.org.pl/judgments/333029
335271|2018-01-31|SO|VI P 141/17|Wyrok|40|https://www.saos.org.pl/judgments/335271
343084|2018-01-30|SO|IV P 143/16|Wyrok|40|https://www.saos.org.pl/judgments/343084
328685|2018-01-30|SO|VII Pa 4/18|Wyrok|40|https://www.saos.org.pl/judgments/328685
331707|2018-01-23|SO|VII Pa 167/17|Wyrok|40|https://www.saos.org.pl/judgments/331707
331706|2018-01-23|SO|VII Pa 165/17|Wyrok|40|https://www.saos.org.pl/judgments/331706
331704|2018-01-23|SO|VII Pa 163/17|Wyrok|40|https://www.saos.org.pl/judgments/331704
341920|2018-01-18|SO|IV Pa 10/17|Wyrok|40|https://www.saos.org.pl/judgments/341920
331688|2018-01-11|SO|VI P 602/16|Wyrok|40|https://www.saos.org.pl/judgments/331688
330304|2018-01-11|SO|V Pa 113/17|Wyrok|40|https://www.saos.org.pl/judgments/330304
325336|2018-01-11|SO|V Pa 116/17|Wyrok|40|https://www.saos.org.pl/judgments/325336
331478|2017-12-20|SO|VII Pa 152/17|Wyrok|40|https://www.saos.org.pl/judgments/331478
321383|2017-12-20|SO|IV P 88/17|Wyrok|40|https://www.saos.org.pl/judgments/321383
393610|2017-12-19|SO|VII Pa 260/17|Wyrok|40|https://www.saos.org.pl/judgments/393610
364746|2017-12-15|SO|VI P 174/16|Wyrok|40|https://www.saos.org.pl/judgments/364746
331479|2017-12-12|SO|VII Pa 153/17|Wyrok|40|https://www.saos.org.pl/judgments/331479
331477|2017-12-05|SO|VII Pa 149/17|Wyrok|40|https://www.saos.org.pl/judgments/331477
331179|2017-12-05|SO|VII Pa 143/17|Wyrok|40|https://www.saos.org.pl/judgments/331179
331087|2017-12-05|SO|VII Pa 145/17|Wyrok|40|https://www.saos.org.pl/judgments/331087
352548|2017-11-23|SO|VI P 130/16|Wyrok|40|https://www.saos.org.pl/judgments/352548
331482|2017-11-23|SO|VII Pa 91/17|Wyrok|40|https://www.saos.org.pl/judgments/331482
327034|2017-11-22|SO|VI P 178/16|Wyrok|40|https://www.saos.org.pl/judgments/327034
320365|2017-11-20|SO|VII Pa 119/17|Wyrok|40|https://www.saos.org.pl/judgments/320365
330857|2017-11-07|SO|VII Pa 125/17|Wyrok|40|https://www.saos.org.pl/judgments/330857
330668|2017-11-07|SO|VII Pa 126/17|Wyrok|40|https://www.saos.org.pl/judgments/330668
330667|2017-11-07|SO|VII Pa 119/17|Wyrok|40|https://www.saos.org.pl/judgments/330667
387512|2017-11-06|SO|VI P 405/16|Wyrok|40|https://www.saos.org.pl/judgments/387512
330859|2017-10-27|SO|VII Pa 140/17|Wyrok|40|https://www.saos.org.pl/judgments/330859
313953|2017-10-26|SO|V Pa 79/17|Wyrok|40|https://www.saos.org.pl/judgments/313953
314988|2017-10-23|SO|VII Pa 103/17|Wyrok|40|https://www.saos.org.pl/judgments/314988
313931|2017-10-20|SO|IV P 58/17|Wyrok|40|https://www.saos.org.pl/judgments/313931
330353|2017-10-04|SO|VII Pa 69/17|Wyrok|40|https://www.saos.org.pl/judgments/330353
330050|2017-10-04|SO|VII Pa 110/17|Wyrok|40|https://www.saos.org.pl/judgments/330050
329871|2017-10-04|SO|VII Pa 109/17|Wyrok|40|https://www.saos.org.pl/judgments/329871
330351|2017-09-26|SO|VII Pa 62/17|Wyrok|40|https://www.saos.org.pl/judgments/330351
316553|2017-09-26|SO|IV P 159/17|Wyrok|40|https://www.saos.org.pl/judgments/316553
330325|2017-09-25|SO|VI P 178/16|Wyrok|40|https://www.saos.org.pl/judgments/330325
402871|2017-09-20|SO|IV Pa 23/17|Wyrok|40|https://www.saos.org.pl/judgments/402871
314945|2017-09-06|SO|VI P 210/16|Wyrok|40|https://www.saos.org.pl/judgments/314945
306345|2017-08-24|SO|V Pa 55/17|Wyrok|40|https://www.saos.org.pl/judgments/306345
329877|2017-08-10|SO|VII Pa 95/17|Wyrok|40|https://www.saos.org.pl/judgments/329877
329876|2017-08-10|SO|VII Pa 94/17|Wyrok|40|https://www.saos.org.pl/judgments/329876
329874|2017-08-08|SO|VII Pa 88/17|Wyrok|40|https://www.saos.org.pl/judgments/329874
310497|2017-08-03|SO|VI P 287/16|Wyrok|40|https://www.saos.org.pl/judgments/310497
339111|2017-08-01|SO|VI P 73/15|Wyrok|40|https://www.saos.org.pl/judgments/339111
342951|2017-07-19|SO|VI P 163/15|Wyrok|40|https://www.saos.org.pl/judgments/342951
336443|2017-07-17|SO|VI P 289/15|Wyrok|40|https://www.saos.org.pl/judgments/336443
329644|2017-07-11|SO|VII Pa 150/12|Wyrok|40|https://www.saos.org.pl/judgments/329644
329386|2017-07-11|SO|VII Pa 72/17|Wyrok|40|https://www.saos.org.pl/judgments/329386
342693|2017-06-28|SO|VI P 34/15|Wyrok|40|https://www.saos.org.pl/judgments/342693
329021|2017-06-20|SO|VII Pa 53/17|Wyrok|40|https://www.saos.org.pl/judgments/329021
296872|2017-06-19|SO|IV P 7/17|Wyrok|40|https://www.saos.org.pl/judgments/296872
306580|2017-06-14|SO|VI P 632/14|Wyrok|40|https://www.saos.org.pl/judgments/306580
328687|2017-06-13|SO|VII Pa 46/17|Wyrok|40|https://www.saos.org.pl/judgments/328687
303344|2017-06-09|SO|VI P 58/17|Wyrok|40|https://www.saos.org.pl/judgments/303344
329020|2017-06-08|SO|VII Pa 47/17|Wyrok|40|https://www.saos.org.pl/judgments/329020
313964|2017-06-07|SO|VI P 317/16|Wyrok|40|https://www.saos.org.pl/judgments/313964
328478|2017-06-06|SO|VI P 385/16|Wyrok|40|https://www.saos.org.pl/judgments/328478
328686|2017-05-30|SO|VII Pa 45/17|Wyrok|40|https://www.saos.org.pl/judgments/328686
328485|2017-05-30|SO|VII Pa 49/17|Wyrok|40|https://www.saos.org.pl/judgments/328485
290447|2017-05-30|SO|IV P 54/17|Wyrok|40|https://www.saos.org.pl/judgments/290447
294769|2017-05-25|SO|V Pa 42/17|Wyrok|40|https://www.saos.org.pl/judgments/294769
328483|2017-05-16|SO|VII Pa 31/17|Wyrok|40|https://www.saos.org.pl/judgments/328483
325585|2017-05-11|SO|VI P 377/15|Wyrok|40|https://www.saos.org.pl/judgments/325585
303603|2017-05-11|SO|VI P 817/13|Wyrok|40|https://www.saos.org.pl/judgments/303603
326703|2017-05-04|SO|IV P 207/16|Wyrok|40|https://www.saos.org.pl/judgments/326703
393611|2017-04-27|SO|VII Pa 261/16|Wyrok|40|https://www.saos.org.pl/judgments/393611
327057|2017-04-27|SO|VII Pa 20/17|Wyrok|40|https://www.saos.org.pl/judgments/327057
306044|2017-04-27|SO|IV Pa 4/17|Wyrok|40|https://www.saos.org.pl/judgments/306044
301220|2017-04-24|SO|VI P 530/14|Wyrok|40|https://www.saos.org.pl/judgments/301220
328480|2017-04-18|SO|VII Pa 18/17|Wyrok|40|https://www.saos.org.pl/judgments/328480
316828|2017-04-11|SO|VI P 117/16|Wyrok|40|https://www.saos.org.pl/judgments/316828
288557|2017-04-11|SO|VI P 89/15|Wyrok|40|https://www.saos.org.pl/judgments/288557
312212|2017-04-10|SO|VI P 232/16|Wyrok|40|https://www.saos.org.pl/judgments/312212
286715|2017-04-07|SO|IV P 285/16|Wyrok|40|https://www.saos.org.pl/judgments/286715
327787|2017-03-23|SO|VII Pa 16/17|Wyrok|40|https://www.saos.org.pl/judgments/327787
328482|2017-03-20|SO|VII Pa 3/17|Wyrok|40|https://www.saos.org.pl/judgments/328482
327785|2017-03-16|SO|VII Pa 10/17|Wyrok|40|https://www.saos.org.pl/judgments/327785
280928|2017-03-09|SO|IV P 277/16|Wyrok|40|https://www.saos.org.pl/judgments/280928
327791|2017-03-07|SO|VII Pa 176/16|Wyrok|40|https://www.saos.org.pl/judgments/327791
327789|2017-02-22|SO|VII Pa 161/16|Wyrok|40|https://www.saos.org.pl/judgments/327789
327051|2017-02-22|SO|VII Pa 166/16|Wyrok|40|https://www.saos.org.pl/judgments/327051
280436|2017-02-21|SO|VII Pa 173/16|Wyrok|40|https://www.saos.org.pl/judgments/280436
294511|2017-02-20|SO|VI P 231/15|Wyrok|40|https://www.saos.org.pl/judgments/294511
327790|2017-02-15|SO|VII Pa 171/16|Wyrok|40|https://www.saos.org.pl/judgments/327790
327052|2017-02-15|SO|VII Pa 167/16|Wyrok|40|https://www.saos.org.pl/judgments/327052
394991|2017-02-13|SO|III Pa 2/17|Wyrok|40|https://www.saos.org.pl/judgments/394991
281148|2017-02-08|SO|VI P 346/15|Wyrok|40|https://www.saos.org.pl/judgments/281148
335848|2017-02-07|SO|VI P 581/12|Wyrok|40|https://www.saos.org.pl/judgments/335848
280420|2017-01-17|SO|VII Pa 151/16|Wyrok|40|https://www.saos.org.pl/judgments/280420
280251|2017-01-17|SO|VI P 248/16|Wyrok|40|https://www.saos.org.pl/judgments/280251
310323|2017-01-12|SO|VI P 13/16|Wyrok|40|https://www.saos.org.pl/judgments/310323
280432|2017-01-11|SO|VII Pa 145/16|Wyrok|40|https://www.saos.org.pl/judgments/280432
317720|2017-01-03|SO|VI P 372/15|Wyrok|40|https://www.saos.org.pl/judgments/317720
308583|2017-01-03|SO|VI P 69/16|Wyrok|40|https://www.saos.org.pl/judgments/308583
274772|2017-01-03|SO|VI P 563/14|Wyrok|40|https://www.saos.org.pl/judgments/274772
301218|2016-12-23|SO|VI P 328/15|Wyrok|40|https://www.saos.org.pl/judgments/301218
327033|2016-12-21|SO|VI P 148/16|Wyrok|40|https://www.saos.org.pl/judgments/327033
280400|2016-12-21|SO|VII Pa 133/16|Wyrok|40|https://www.saos.org.pl/judgments/280400
280419|2016-12-20|SO|VII Pa 139/16|Wyrok|40|https://www.saos.org.pl/judgments/280419
270385|2016-12-19|SO|VI P 71/15|Wyrok|40|https://www.saos.org.pl/judgments/270385
267384|2016-12-19|SO|IV P 152/16|Wyrok|40|https://www.saos.org.pl/judgments/267384
280401|2016-12-13|SO|VII Pa 136/16|Wyrok|40|https://www.saos.org.pl/judgments/280401
262062|2016-12-12|SO|VII Pa 75/16|Wyrok|40|https://www.saos.org.pl/judgments/262062
270690|2016-12-08|SO|V Pa 89/16|Wyrok|40|https://www.saos.org.pl/judgments/270690
293511|2016-12-07|SO|VI P 395/15|Wyrok|40|https://www.saos.org.pl/judgments/293511
283045|2016-12-06|SO|VI P 537/13|Wyrok|40|https://www.saos.org.pl/judgments/283045
260212|2016-12-01|SO|IV P 187/16|Wyrok|40|https://www.saos.org.pl/judgments/260212
280398|2016-11-29|SO|VII Pa 123/16|Wyrok|40|https://www.saos.org.pl/judgments/280398
266882|2016-11-28|SO|VII Pa 111/16|Wyrok|40|https://www.saos.org.pl/judgments/266882
290694|2016-11-24|SO|VI P 285/13|Wyrok|40|https://www.saos.org.pl/judgments/290694
308582|2016-11-18|SO|VI P 158/16|Wyrok|40|https://www.saos.org.pl/judgments/308582
280396|2016-11-15|SO|VII Pa 110/16|Wyrok|40|https://www.saos.org.pl/judgments/280396
266591|2016-11-08|SO|VII Pa 29/16|Wyrok|40|https://www.saos.org.pl/judgments/266591
301219|2016-11-07|SO|VI P 409/15|Wyrok|40|https://www.saos.org.pl/judgments/301219
266349|2016-11-04|SO|VI P 56/16|Wyrok|40|https://www.saos.org.pl/judgments/266349
274543|2016-10-28|SO|IV Pa 37/16|Wyrok|40|https://www.saos.org.pl/judgments/274543
266581|2016-10-28|SO|VI P 296/15|Wyrok|40|https://www.saos.org.pl/judgments/266581
263892|2016-10-28|SO|IV P 1550/15|Wyrok|40|https://www.saos.org.pl/judgments/263892
303756|2016-10-26|SO|VI P 460/15|Wyrok|40|https://www.saos.org.pl/judgments/303756
266156|2016-10-25|SO|VII Pa 101/16|Wyrok|40|https://www.saos.org.pl/judgments/266156
283043|2016-10-21|SO|VI P 477/15|Wyrok|40|https://www.saos.org.pl/judgments/283043
259927|2016-10-20|SO|VI P 708/14|Wyrok|40|https://www.saos.org.pl/judgments/259927
266161|2016-10-18|SO|VII Pa 98/16|Wyrok|40|https://www.saos.org.pl/judgments/266161
259136|2016-10-13|SO|V Pa 81/16|Wyrok|40|https://www.saos.org.pl/judgments/259136
257667|2016-10-13|SO|V Pa 78/16|Wyrok|40|https://www.saos.org.pl/judgments/257667
253119|2016-10-12|SO|IV P 170/15|Wyrok|40|https://www.saos.org.pl/judgments/253119
288803|2016-10-11|SO|VI P 547/14|Wyrok|40|https://www.saos.org.pl/judgments/288803
265971|2016-10-11|SO|VII Pa 85/16|Wyrok|40|https://www.saos.org.pl/judgments/265971
261165|2016-10-10|SO|VI P 11/16|Wyrok|40|https://www.saos.org.pl/judgments/261165
261169|2016-10-06|SO|VI P 629/13|Wyrok|40|https://www.saos.org.pl/judgments/261169
293514|2016-10-04|SO|VI P 72/16|Wyrok|40|https://www.saos.org.pl/judgments/293514
288555|2016-10-04|SO|VI P 445/12|Wyrok|40|https://www.saos.org.pl/judgments/288555
258508|2016-10-04|SO|VI P 181/16|Wyrok|40|https://www.saos.org.pl/judgments/258508
265970|2016-09-29|SO|VII Pa 82/16|Wyrok|40|https://www.saos.org.pl/judgments/265970
265717|2016-09-29|SO|VII Pa 81/16|Wyrok|40|https://www.saos.org.pl/judgments/265717
265714|2016-09-29|SO|VII Pa 75/16|Wyrok|40|https://www.saos.org.pl/judgments/265714
251432|2016-09-28|SO|IV P 144/16|Wyrok|40|https://www.saos.org.pl/judgments/251432
251431|2016-09-21|SO|IV P 107/16|Wyrok|40|https://www.saos.org.pl/judgments/251431
292180|2016-09-14|SO|VI P 426/15|Wyrok|40|https://www.saos.org.pl/judgments/292180
278066|2016-09-08|SO|VI P 103/15|Wyrok|40|https://www.saos.org.pl/judgments/278066
271773|2016-09-08|SO|VI P 49/16|Wyrok|40|https://www.saos.org.pl/judgments/271773
254089|2016-09-08|SO|VI P 399/14|Wyrok|40|https://www.saos.org.pl/judgments/254089
265712|2016-08-31|SO|VII Pa 72/16|Wyrok|40|https://www.saos.org.pl/judgments/265712
250937|2016-07-19|SO|IV U 50/16|Wyrok|40|https://www.saos.org.pl/judgments/250937
485046|2016-07-08|SO|VII Pa 26/16|Wyrok|40|https://www.saos.org.pl/judgments/485046
250980|2016-07-06|SO|VI P 496/15|Wyrok|40|https://www.saos.org.pl/judgments/250980
247084|2016-07-06|SO|VI P 4/16|Wyrok|40|https://www.saos.org.pl/judgments/247084
241287|2016-07-04|SO|VII Pa 58/16|Wyrok|40|https://www.saos.org.pl/judgments/241287
241286|2016-07-04|SO|VII Pa 56/16|Wyrok|40|https://www.saos.org.pl/judgments/241286
240902|2016-07-04|SO|VII Pa 64/16|Wyrok|40|https://www.saos.org.pl/judgments/240902
238712|2016-07-04|SO|VII Pa 58/16|Wyrok|40|https://www.saos.org.pl/judgments/238712
241285|2016-06-30|SO|VII Pa 48/16|Wyrok|40|https://www.saos.org.pl/judgments/241285
241284|2016-06-27|SO|VII Pa 47/16|Wyrok|40|https://www.saos.org.pl/judgments/241284
233833|2016-06-27|SO|VII Pa 49/16|Wyrok|40|https://www.saos.org.pl/judgments/233833
241783|2016-06-15|SO|VI P 102/15|Wyrok|40|https://www.saos.org.pl/judgments/241783
233831|2016-06-14|SO|VII Pa 42/16|Wyrok|40|https://www.saos.org.pl/judgments/233831
232449|2016-06-14|SO|VII Pa 43/16|Wyrok|40|https://www.saos.org.pl/judgments/232449
232448|2016-06-14|SO|VII Pa 40/16|Wyrok|40|https://www.saos.org.pl/judgments/232448
231982|2016-06-07|SO|IV P 92/15|Wyrok|40|https://www.saos.org.pl/judgments/231982
278067|2016-06-02|SO|VI P 161/14|Wyrok|40|https://www.saos.org.pl/judgments/278067
235474|2016-05-31|SO|VI P 33/16|Wyrok|40|https://www.saos.org.pl/judgments/235474
242461|2016-05-24|SO|VI P 228/15|Wyrok|40|https://www.saos.org.pl/judgments/242461
234228|2016-05-20|SO|V Pa 45/16|Wyrok|40|https://www.saos.org.pl/judgments/234228
291565|2016-05-12|SO|IV P 89/16|Wyrok|40|https://www.saos.org.pl/judgments/291565
232934|2016-05-05|SO|IV P 59/16|Wyrok|40|https://www.saos.org.pl/judgments/232934
281146|2016-04-26|SO|VI P 213/13|Wyrok|40|https://www.saos.org.pl/judgments/281146
226032|2016-04-26|SO|IV P 942/15|Wyrok|40|https://www.saos.org.pl/judgments/226032
259185|2016-04-21|SO|VI P 185/14|Wyrok|40|https://www.saos.org.pl/judgments/259185
226843|2016-04-12|SO|VII Pa 25/16|Wyrok|40|https://www.saos.org.pl/judgments/226843
221649|2016-04-07|SO|IV P 205/15|Wyrok|40|https://www.saos.org.pl/judgments/221649
221650|2016-04-01|SO|IV P 862/14|Wyrok|40|https://www.saos.org.pl/judgments/221650
235663|2016-03-31|SO|IV Pa 9/16|Wyrok|40|https://www.saos.org.pl/judgments/235663
272371|2016-03-30|SO|VI P 629/15|Wyrok|40|https://www.saos.org.pl/judgments/272371
274773|2016-03-23|SO|VI P 614/14|Wyrok|40|https://www.saos.org.pl/judgments/274773
226842|2016-03-23|SO|VII Pa 20/16|Wyrok|40|https://www.saos.org.pl/judgments/226842
222214|2016-03-23|SO|VII Pa 22/16|Wyrok|40|https://www.saos.org.pl/judgments/222214
217840|2016-03-22|SO|IV P 151/15|Wyrok|40|https://www.saos.org.pl/judgments/217840
214516|2016-03-16|SO|VII Pa 15/16|Wyrok|40|https://www.saos.org.pl/judgments/214516
252743|2016-03-08|SO|VI P 937/13|Wyrok|40|https://www.saos.org.pl/judgments/252743
222886|2016-03-08|SO|VI P 302/13|Wyrok|40|https://www.saos.org.pl/judgments/222886
217865|2016-02-29|SO|VII Pa 2/16|Wyrok|40|https://www.saos.org.pl/judgments/217865
215569|2016-02-29|SO|VII Pa 6/16|Wyrok|40|https://www.saos.org.pl/judgments/215569
211649|2016-02-29|SO|IV P 93/15|Wyrok|40|https://www.saos.org.pl/judgments/211649
333513|2016-02-24|SO|VI P 310/15|Wyrok|40|https://www.saos.org.pl/judgments/333513
215867|2016-02-18|SO|V Pa 8/16|Wyrok|40|https://www.saos.org.pl/judgments/215867
215862|2016-02-18|SO|V Pa 10/16|Wyrok|40|https://www.saos.org.pl/judgments/215862
214519|2016-02-18|SO|VII Pa 3/16|Wyrok|40|https://www.saos.org.pl/judgments/214519
324995|2016-02-16|SO|VI P 735/12|Wyrok|40|https://www.saos.org.pl/judgments/324995
258276|2016-02-15|SO|VI P 590/14|Wyrok|40|https://www.saos.org.pl/judgments/258276
216330|2016-02-08|SO|VI P 311/15|Wyrok|40|https://www.saos.org.pl/judgments/216330
216293|2016-02-04|SO|V Pa 155/15|Wyrok|40|https://www.saos.org.pl/judgments/216293
203545|2016-01-28|SO|VII Pa 143/15|Wyrok|40|https://www.saos.org.pl/judgments/203545
213997|2016-01-21|SO|V Pa 146/15|Wyrok|40|https://www.saos.org.pl/judgments/213997
221651|2016-01-15|SO|IV Pa 85/15|Wyrok|40|https://www.saos.org.pl/judgments/221651
204866|2015-12-30|SO|VI P 660/14|Wyrok|40|https://www.saos.org.pl/judgments/204866
274527|2015-12-28|SO|IV P 421/15|Wyrok|40|https://www.saos.org.pl/judgments/274527
271156|2015-12-23|SO|VI P 167/15|Wyrok|40|https://www.saos.org.pl/judgments/271156
197183|2015-12-23|SO|I C 373/15|Wyrok|40|https://www.saos.org.pl/judgments/197183
212355|2015-12-22|SO|VI P 339/14|Wyrok|40|https://www.saos.org.pl/judgments/212355
217569|2015-12-21|SO|VI P 129/15|Wyrok|40|https://www.saos.org.pl/judgments/217569
274541|2015-12-16|SO|IV P 787/14|Wyrok|40|https://www.saos.org.pl/judgments/274541
274525|2015-12-16|SO|IV P 380/15|Wyrok|40|https://www.saos.org.pl/judgments/274525
211092|2015-12-11|SO|IV Pa 79/15|Wyrok|40|https://www.saos.org.pl/judgments/211092
197430|2015-12-10|SO|V Pa 136/15|Wyrok|40|https://www.saos.org.pl/judgments/197430
197429|2015-12-10|SO|V Pa 135/15|Wyrok|40|https://www.saos.org.pl/judgments/197429
220269|2015-12-08|SO|VI P 279/14|Wyrok|40|https://www.saos.org.pl/judgments/220269
274530|2015-12-07|SO|IV P 436/15|Wyrok|40|https://www.saos.org.pl/judgments/274530
233621|2015-11-27|SO|VI P 228/15|Wyrok|40|https://www.saos.org.pl/judgments/233621
193481|2015-11-26|SO|IV P 154/15|Wyrok|40|https://www.saos.org.pl/judgments/193481
194975|2015-11-12|SO|V Pa 118/15|Wyrok|40|https://www.saos.org.pl/judgments/194975
236331|2015-11-10|SO|VI P 386/09|Wyrok|40|https://www.saos.org.pl/judgments/236331
218636|2015-10-29|SO|IV P 329/15|Wyrok|40|https://www.saos.org.pl/judgments/218636
194019|2015-10-29|SO|V Pa 95/15|Wyrok|40|https://www.saos.org.pl/judgments/194019
187243|2015-10-29|SO|V Pa 106/15|Wyrok|40|https://www.saos.org.pl/judgments/187243
197497|2015-10-28|SO|VI P 830/13|Wyrok|40|https://www.saos.org.pl/judgments/197497
284678|2015-10-26|SO|IV P 297/15|Wyrok|40|https://www.saos.org.pl/judgments/284678
218079|2015-10-26|SO|IV P 133/15|Wyrok|40|https://www.saos.org.pl/judgments/218079
219969|2015-10-22|SO|VI P 449/14|Wyrok|40|https://www.saos.org.pl/judgments/219969
233622|2015-10-21|SO|VI P 68/13|Wyrok|40|https://www.saos.org.pl/judgments/233622
228362|2015-10-21|SO|VI P 527/14|Wyrok|40|https://www.saos.org.pl/judgments/228362
227462|2015-10-21|SO|VII Pa 19/16|Wyrok|40|https://www.saos.org.pl/judgments/227462
217494|2015-10-15|SO|IV P 121/15|Wyrok|40|https://www.saos.org.pl/judgments/217494
187264|2015-10-15|SO|V Pa 84/15|Wyrok|40|https://www.saos.org.pl/judgments/187264
217501|2015-10-12|SO|IV P 317/15|Wyrok|40|https://www.saos.org.pl/judgments/217501
186491|2015-10-05|SO|IV P 109/15|Wyrok|40|https://www.saos.org.pl/judgments/186491
188247|2015-09-30|SO|VII Pa 86/15|Wyrok|40|https://www.saos.org.pl/judgments/188247
217498|2015-09-29|SO|IV P 22/15|Wyrok|40|https://www.saos.org.pl/judgments/217498
199791|2015-09-28|SO|IV P 101/15|Wyrok|40|https://www.saos.org.pl/judgments/199791
197726|2015-09-14|SO|IV P 256/15|Wyrok|40|https://www.saos.org.pl/judgments/197726
186567|2015-08-28|SO|IV Pa 46/15|Wyrok|40|https://www.saos.org.pl/judgments/186567
228361|2015-08-26|SO|VI P 261/14|Wyrok|40|https://www.saos.org.pl/judgments/228361
223176|2015-08-26|SO|VI P 287/14|Wyrok|40|https://www.saos.org.pl/judgments/223176
186525|2015-08-12|SO|IV P 318/14|Wyrok|40|https://www.saos.org.pl/judgments/186525
171615|2015-07-28|SO|IV P 67/15|Wyrok|40|https://www.saos.org.pl/judgments/171615
219967|2015-07-21|SO|VI P 290/13|Wyrok|40|https://www.saos.org.pl/judgments/219967
186562|2015-06-30|SO|IV Pa 31/15|Wyrok|40|https://www.saos.org.pl/judgments/186562
286726|2015-06-23|SO|IV Pa 34/15|Wyrok|40|https://www.saos.org.pl/judgments/286726
186564|2015-06-23|SO|IV Pa 33/15|Wyrok|40|https://www.saos.org.pl/judgments/186564
172248|2015-06-16|SO|VII Pa 42/15|Wyrok|40|https://www.saos.org.pl/judgments/172248
205116|2015-06-15|SO|X P 629/14|Wyrok|40|https://www.saos.org.pl/judgments/205116
159787|2015-05-28|SO|IV P 25/15|Wyrok|40|https://www.saos.org.pl/judgments/159787
169529|2015-05-25|SO|IV P 177/14|Wyrok|40|https://www.saos.org.pl/judgments/169529
156987|2015-05-12|SO|IV P 3/14|Wyrok|40|https://www.saos.org.pl/judgments/156987
156061|2015-05-12|SO|IV P 9/15|Wyrok|40|https://www.saos.org.pl/judgments/156061
187866|2015-04-30|SO|VI P 609/12|Wyrok|40|https://www.saos.org.pl/judgments/187866
169530|2015-04-29|SO|IV P 183/13|Wyrok|40|https://www.saos.org.pl/judgments/169530
152098|2015-03-27|SO|IV Pa 3/15|Wyrok|40|https://www.saos.org.pl/judgments/152098
152835|2015-03-18|SO|VI P 318/14|Wyrok|40|https://www.saos.org.pl/judgments/152835
170524|2015-03-17|SO|VI P 237/13|Wyrok|40|https://www.saos.org.pl/judgments/170524
169533|2015-03-12|SO|IV Pa 10/15|Wyrok|40|https://www.saos.org.pl/judgments/169533
157574|2015-03-05|SO|V Pa 23/15|Wyrok|40|https://www.saos.org.pl/judgments/157574
149658|2015-02-25|SO|VI P 636/14|Wyrok|40|https://www.saos.org.pl/judgments/149658
150911|2015-01-20|SO|VI P 448/10|Wyrok|40|https://www.saos.org.pl/judgments/150911
211091|2014-12-12|SO|IV Pa 64/14|Wyrok|40|https://www.saos.org.pl/judgments/211091
150873|2014-12-12|SO|IV Pa 58/14|Wyrok|40|https://www.saos.org.pl/judgments/150873
130360|2014-12-12|SO|IV U 450/14|Wyrok|40|https://www.saos.org.pl/judgments/130360
151513|2014-12-08|SO|IV P 242/14|Wyrok|40|https://www.saos.org.pl/judgments/151513
135452|2014-11-20|SO|VI P 264/14|Wyrok|40|https://www.saos.org.pl/judgments/135452
131499|2014-11-18|SO|IV Pa 52/14|Wyrok|40|https://www.saos.org.pl/judgments/131499
174958|2014-11-14|SO|VI P 538/13|Wyrok|40|https://www.saos.org.pl/judgments/174958
76239|2014-11-14|SO|VI P 229/13|Wyrok|40|https://www.saos.org.pl/judgments/76239
275735|2014-11-13|SO|VI P 527/13|Wyrok|40|https://www.saos.org.pl/judgments/275735
130355|2014-11-13|SO|IV Pa 48/14|Wyrok|40|https://www.saos.org.pl/judgments/130355
74498|2014-11-13|SO|V Pa 134/14|Wyrok|40|https://www.saos.org.pl/judgments/74498
169602|2014-11-06|SO|VI P 298/12|Wyrok|40|https://www.saos.org.pl/judgments/169602
130354|2014-10-31|SO|IV Pa 47/14|Wyrok|40|https://www.saos.org.pl/judgments/130354
129715|2014-10-20|SO|VI P 996/12|Wyrok|40|https://www.saos.org.pl/judgments/129715
75327|2014-10-20|SO|VI P 731/13|Wyrok|40|https://www.saos.org.pl/judgments/75327
70707|2014-10-17|SO|IV Pa 46/14|Wyrok|40|https://www.saos.org.pl/judgments/70707
74496|2014-10-16|SO|V Pa 119/14|Wyrok|40|https://www.saos.org.pl/judgments/74496
73286|2014-10-07|SO|VI P 57/13|Wyrok|40|https://www.saos.org.pl/judgments/73286
71214|2014-10-02|SO|V Pa 97/14|Wyrok|40|https://www.saos.org.pl/judgments/71214
158726|2014-09-26|SO|VI P 698/13|Wyrok|40|https://www.saos.org.pl/judgments/158726
125927|2014-09-23|SO|IV Pa 27/14|Wyrok|40|https://www.saos.org.pl/judgments/125927
67283|2014-09-18|SO|V Pa 91/14|Wyrok|40|https://www.saos.org.pl/judgments/67283
67281|2014-09-18|SO|V Pa 79/14|Wyrok|40|https://www.saos.org.pl/judgments/67281
64051|2014-07-29|SO|VI P 167/13|Wyrok|40|https://www.saos.org.pl/judgments/64051
57469|2014-07-09|SO|VI P 262/12|Wyrok|40|https://www.saos.org.pl/judgments/57469
57471|2014-07-07|SO|VI P 896/12|Wyrok|40|https://www.saos.org.pl/judgments/57471
63918|2014-06-30|SO|IV Pa 14/14|Wyrok|40|https://www.saos.org.pl/judgments/63918
64243|2014-06-24|SO|VI P 578/12|Wyrok|40|https://www.saos.org.pl/judgments/64243
55607|2014-06-10|SO|VI P 611/09|Wyrok|40|https://www.saos.org.pl/judgments/55607
70734|2014-06-09|SO|VI P 672/12|Wyrok|40|https://www.saos.org.pl/judgments/70734
129921|2014-05-28|SO|VI P 523/12|Wyrok|40|https://www.saos.org.pl/judgments/129921
57325|2014-05-19|SO|VI P 618/07|Wyrok|40|https://www.saos.org.pl/judgments/57325
50568|2014-05-08|SO|V Pa 50/14|Wyrok|40|https://www.saos.org.pl/judgments/50568
56933|2014-05-05|SO|VI P 856/12|Wyrok|40|https://www.saos.org.pl/judgments/56933
50501|2014-04-25|SO|IV Pa 10/14|Wyrok|40|https://www.saos.org.pl/judgments/50501
48619|2014-04-24|SO|V Pa 33/14|Wyrok|40|https://www.saos.org.pl/judgments/48619
135333|2014-04-16|SO|VI P 645/11|Wyrok|40|https://www.saos.org.pl/judgments/135333
49641|2014-04-16|SO|IV Pa 8/14|Wyrok|40|https://www.saos.org.pl/judgments/49641
51986|2014-04-10|SO|V Pa 36/14|Wyrok|40|https://www.saos.org.pl/judgments/51986
44218|2014-04-07|SO|III Pa 4/14|Wyrok|40|https://www.saos.org.pl/judgments/44218
150042|2014-04-01|SO|VI P 637/10|Wyrok|40|https://www.saos.org.pl/judgments/150042
129918|2014-03-27|SO|VI P 141/13|Wyrok|40|https://www.saos.org.pl/judgments/129918
70736|2014-03-25|SO|VI P 925/12|Wyrok|40|https://www.saos.org.pl/judgments/70736
46092|2014-03-14|SO|IV Pa 61/13|Wyrok|40|https://www.saos.org.pl/judgments/46092
45123|2014-03-05|SO|VI P 428/12|Wyrok|40|https://www.saos.org.pl/judgments/45123
43834|2014-03-05|SO|VI P 153/13|Wyrok|40|https://www.saos.org.pl/judgments/43834
46930|2014-03-03|SO|VI P 178/13|Wyrok|40|https://www.saos.org.pl/judgments/46930
151213|2014-02-21|SO|VI P 3/10|Wyrok|40|https://www.saos.org.pl/judgments/151213
50029|2014-02-14|SO|VI P 573/13|Wyrok|40|https://www.saos.org.pl/judgments/50029
40966|2014-02-13|SO|V Pa 10/14|Wyrok|40|https://www.saos.org.pl/judgments/40966
46931|2014-02-10|SO|VI P 318/13|Wyrok|40|https://www.saos.org.pl/judgments/46931
45125|2014-02-06|SO|VI P 52/14|Wyrok|40|https://www.saos.org.pl/judgments/45125
42535|2014-02-06|SO|VI P 432/13|Wyrok|40|https://www.saos.org.pl/judgments/42535
74530|2014-01-30|SO|VI P 40/13|Wyrok|40|https://www.saos.org.pl/judgments/74530
53808|2014-01-27|SO|VI P 549/09|Wyrok|40|https://www.saos.org.pl/judgments/53808
45127|2014-01-23|SO|VI P 744/12|Wyrok|40|https://www.saos.org.pl/judgments/45127
44302|2014-01-22|SO|VI P 214/13|Wyrok|40|https://www.saos.org.pl/judgments/44302
35877|2014-01-16|SO|V Pa 173/13|Wyrok|40|https://www.saos.org.pl/judgments/35877
68232|2014-01-09|SO|VI P 554/12|Wyrok|40|https://www.saos.org.pl/judgments/68232
60699|2014-01-09|SO|VI P 100/13|Wyrok|40|https://www.saos.org.pl/judgments/60699
35876|2013-12-19|SO|V Pa 167/13|Wyrok|40|https://www.saos.org.pl/judgments/35876
66653|2013-12-12|SO|VI P 386/13|Wyrok|40|https://www.saos.org.pl/judgments/66653
36393|2013-12-04|SO|VI P 683/12|Wyrok|40|https://www.saos.org.pl/judgments/36393
36992|2013-11-29|SO|IV Pa 65/13|Wyrok|40|https://www.saos.org.pl/judgments/36992
70259|2013-11-19|SO|VI P 83/13|Wyrok|40|https://www.saos.org.pl/judgments/70259
36588|2013-11-19|SO|VI P 365/13|Wyrok|40|https://www.saos.org.pl/judgments/36588
33424|2013-11-14|SO|V Pa 133/13|Wyrok|40|https://www.saos.org.pl/judgments/33424
30149|2013-11-14|SO|IV Pa 52/13|Wyrok|40|https://www.saos.org.pl/judgments/30149
51635|2013-11-06|SO|VI P 157/11|Wyrok|40|https://www.saos.org.pl/judgments/51635
393615|2013-10-31|SO|VII Pa 93/13|Wyrok|40|https://www.saos.org.pl/judgments/393615
34380|2013-10-31|SO|VI P 140/12|Wyrok|40|https://www.saos.org.pl/judgments/34380
27442|2013-10-31|SO|V Pa 131/13|Wyrok|40|https://www.saos.org.pl/judgments/27442
28880|2013-10-25|SO|IV Pa 46/13|Wyrok|40|https://www.saos.org.pl/judgments/28880
24511|2013-10-22|SO|IV U 1011/13|Wyrok|40|https://www.saos.org.pl/judgments/24511
32316|2013-10-17|SO|V Pa 125/13|Wyrok|40|https://www.saos.org.pl/judgments/32316
27646|2013-10-17|SO|V Pa 130/13|Wyrok|40|https://www.saos.org.pl/judgments/27646
27093|2013-10-03|SO|V Pa 126/13|Wyrok|40|https://www.saos.org.pl/judgments/27093
27090|2013-10-03|SO|V Pa 111/13|Wyrok|40|https://www.saos.org.pl/judgments/27090
24203|2013-10-03|SO|V Pa 113/13|Wyrok|40|https://www.saos.org.pl/judgments/24203
24202|2013-10-03|SO|V Pa 110/13|Wyrok|40|https://www.saos.org.pl/judgments/24202
57324|2013-10-02|SO|VI P 154/09|Wyrok|40|https://www.saos.org.pl/judgments/57324
54841|2013-09-30|SO|VI P 477/13|Wyrok|40|https://www.saos.org.pl/judgments/54841
24350|2013-09-27|SO|III Pa 9/13|Wyrok|40|https://www.saos.org.pl/judgments/24350
22238|2013-09-19|SO|V Pa 102/13|Wyrok|40|https://www.saos.org.pl/judgments/22238
55243|2013-09-10|SO|VI P 921/12|Wyrok|40|https://www.saos.org.pl/judgments/55243
21914|2013-09-05|SO|V Pa 98/13|Wyrok|40|https://www.saos.org.pl/judgments/21914
26240|2013-08-13|SO|IV Pa 32/13|Wyrok|40|https://www.saos.org.pl/judgments/26240
32272|2013-07-31|SO|VI P 651/12|Wyrok|40|https://www.saos.org.pl/judgments/32272
57468|2013-07-22|SO|VI P 115/12|Wyrok|40|https://www.saos.org.pl/judgments/57468
57112|2013-07-15|SO|VI P 214/11|Wyrok|40|https://www.saos.org.pl/judgments/57112
48222|2013-06-24|SO|VI P 375/12|Wyrok|40|https://www.saos.org.pl/judgments/48222
15477|2013-06-13|SO|V Pa 73/13|Wyrok|40|https://www.saos.org.pl/judgments/15477
46527|2013-06-07|SO|VI P 560/11|Wyrok|40|https://www.saos.org.pl/judgments/46527
11898|2013-05-09|SO|V Pa 59/13|Wyrok|40|https://www.saos.org.pl/judgments/11898
11488|2013-05-09|SO|V Pa 64/13|Wyrok|40|https://www.saos.org.pl/judgments/11488
35848|2013-04-30|SO|VI P 381/10|Wyrok|40|https://www.saos.org.pl/judgments/35848
9849|2013-03-28|SO|V Pa 40/13|Wyrok|40|https://www.saos.org.pl/judgments/9849
11460|2013-03-18|SO|IV P 344/12|Wyrok|40|https://www.saos.org.pl/judgments/11460
44443|2013-02-28|SO|VI P 50/12|Wyrok|40|https://www.saos.org.pl/judgments/44443
9156|2013-02-28|SO|V Pa 20/13|Wyrok|40|https://www.saos.org.pl/judgments/9156
8417|2013-02-28|SO|V Pa 7/13|Wyrok|40|https://www.saos.org.pl/judgments/8417
7705|2013-02-14|SO|V Pa 12/13|Wyrok|40|https://www.saos.org.pl/judgments/7705
7424|2013-02-14|SO|V Pa 15/13|Wyrok|40|https://www.saos.org.pl/judgments/7424
6454|2013-02-14|SO|V Pa 14/13|Wyrok|40|https://www.saos.org.pl/judgments/6454
7422|2013-01-31|SO|V Pa 1/13|Wyrok|40|https://www.saos.org.pl/judgments/7422
3954|2013-01-17|SO|V Pa 210/12|Wyrok|40|https://www.saos.org.pl/judgments/3954
3389|2012-10-30|SO|IV P 97/12|Wyrok|40|https://www.saos.org.pl/judgments/3389
70733|2012-01-20|SO|VI P 362/09|Wyrok|40|https://www.saos.org.pl/judgments/70733
35849|2011-10-26|SO|VI P 4/10|Wyrok|40|https://www.saos.org.pl/judgments/35849
540986|2026-01-19|SO|VIII Pa 199/25|Uzasadnienie|27|https://www.saos.org.pl/judgments/540986
541739|2025-12-18|SO|VIII Pa 201/25|Uzasadnienie|27|https://www.saos.org.pl/judgments/541739
537140|2025-11-12|SO|VIII Pa 193/25|Uzasadnienie|27|https://www.saos.org.pl/judgments/537140
542413|2025-11-04|SO|VIII Pa 152/25|Uzasadnienie|27|https://www.saos.org.pl/judgments/542413
535624|2025-10-13|SO|VIII Pa 145/25|Uzasadnienie|27|https://www.saos.org.pl/judgments/535624
535076|2025-07-22|SO|VIII Pa 92/25|Uzasadnienie|27|https://www.saos.org.pl/judgments/535076
529527|2025-06-23|SO|VIII Pa 12/25|Uzasadnienie|27|https://www.saos.org.pl/judgments/529527
530346|2025-05-21|SO|VIII Pa 75/25|Uzasadnienie|27|https://www.saos.org.pl/judgments/530346
529458|2025-05-07|SO|VIII Pa 51/25|Uzasadnienie|27|https://www.saos.org.pl/judgments/529458
530338|2025-04-29|SO|VIII Pa 29/25|Uzasadnienie|27|https://www.saos.org.pl/judgments/530338
530342|2025-04-24|SO|VIII Pa 519/24|Uzasadnienie|27|https://www.saos.org.pl/judgments/530342
526509|2025-03-07|SO|VIII Pa 488/24|Uzasadnienie|27|https://www.saos.org.pl/judgments/526509
526355|2025-02-12|SO|VIII Pa 378/24|Uzasadnienie|27|https://www.saos.org.pl/judgments/526355
526342|2025-02-12|SO|VIII Pa 338/24|Uzasadnienie|27|https://www.saos.org.pl/judgments/526342
522345|2024-10-30|SO|VIII Pa 282/24|Uzasadnienie|27|https://www.saos.org.pl/judgments/522345
521836|2024-09-23|SO|VIII Pa 203/24|Uzasadnienie|27|https://www.saos.org.pl/judgments/521836
517453|2024-08-21|SO|VIII Pa 119/24|Uzasadnienie|27|https://www.saos.org.pl/judgments/517453
521839|2024-08-01|SO|VIII Pa 54/24|Uzasadnienie|27|https://www.saos.org.pl/judgments/521839
522447|2024-07-30|SO|VIII Pa 59/24|Uzasadnienie|27|https://www.saos.org.pl/judgments/522447
517468|2024-07-16|SO|VIII Pa 58/24|Uzasadnienie|27|https://www.saos.org.pl/judgments/517468
513019|2024-07-01|SO|VIII Pa 71/24|Uzasadnienie|27|https://www.saos.org.pl/judgments/513019
517855|2024-06-17|SO|VIII Pa 41/24|Uzasadnienie|27|https://www.saos.org.pl/judgments/517855
512909|2024-06-14|SO|VIII Pa 111/24|Uzasadnienie|27|https://www.saos.org.pl/judgments/512909
512991|2024-05-27|SO|VIII Pa 52/24|Uzasadnienie|27|https://www.saos.org.pl/judgments/512991
512945|2024-05-06|SO|VIII Pa 2/24|Uzasadnienie|27|https://www.saos.org.pl/judgments/512945
512902|2024-04-12|SO|VIII Pa 108/23|Uzasadnienie|27|https://www.saos.org.pl/judgments/512902
512895|2024-03-01|SO|VIII Pa 104/23|Uzasadnienie|27|https://www.saos.org.pl/judgments/512895
513054|2024-02-26|SO|VIII Pa 96/23|Uzasadnienie|27|https://www.saos.org.pl/judgments/513054
513035|2024-02-20|SO|VIII Pa 79/23|Uzasadnienie|27|https://www.saos.org.pl/judgments/513035
513051|2024-02-14|SO|VIII Pa 93/23|Uzasadnienie|27|https://www.saos.org.pl/judgments/513051
513042|2024-01-29|SO|VIII Pa 85/23|Uzasadnienie|27|https://www.saos.org.pl/judgments/513042
512999|2024-01-18|SO|VIII Pa 56/23|Uzasadnienie|27|https://www.saos.org.pl/judgments/512999
513015|2023-12-28|SO|VIII Pa 68/23|Uzasadnienie|27|https://www.saos.org.pl/judgments/513015
513007|2023-12-06|SO|VIII Pa 64/23|Uzasadnienie|27|https://www.saos.org.pl/judgments/513007
512954|2023-11-20|SO|VIII Pa 27/23|Uzasadnienie|27|https://www.saos.org.pl/judgments/512954
512968|2023-11-06|SO|VIII Pa 37/23|Uzasadnienie|27|https://www.saos.org.pl/judgments/512968
512946|2023-10-05|SO|VIII Pa 20/23|Uzasadnienie|27|https://www.saos.org.pl/judgments/512946
524856|2023-09-21|SO|IV P 96/23|Uzasadnienie|27|https://www.saos.org.pl/judgments/524856
512958|2023-09-07|SO|VIII Pa 3/23|Uzasadnienie|27|https://www.saos.org.pl/judgments/512958
512961|2023-09-04|SO|VIII Pa 33/23|Uzasadnienie|27|https://www.saos.org.pl/judgments/512961
492133|2023-07-24|SO|VIII Pa 44/23|Uzasadnienie|27|https://www.saos.org.pl/judgments/492133
487507|2023-04-26|SO|VIII Pa 11/23|Uzasadnienie|27|https://www.saos.org.pl/judgments/487507
485796|2023-04-03|SO|VIII Pa 120/22|Uzasadnienie|27|https://www.saos.org.pl/judgments/485796
481813|2023-01-26|SO|VIII Pa 86/22|Zarządzenie|27|https://www.saos.org.pl/judgments/481813
481370|2023-01-04|SO|VIII Pa 96/22|Uzasadnienie|27|https://www.saos.org.pl/judgments/481370
481148|2022-12-27|SO|VIII Pa 54/22|Zarządzenie|27|https://www.saos.org.pl/judgments/481148
478812|2022-12-08|SO|VIII Pa 56/22|Uzasadnienie|27|https://www.saos.org.pl/judgments/478812
478817|2022-12-05|SO|VIII Pa 84/22|Zarządzenie|27|https://www.saos.org.pl/judgments/478817
478815|2022-12-05|SO|VIII Pa 80/22|Uzasadnienie|27|https://www.saos.org.pl/judgments/478815
476248|2022-10-27|SO|VIII Pa 43/22|Zarządzenie|27|https://www.saos.org.pl/judgments/476248
476668|2022-09-13|SO|VIII Pa 188/21|Zarządzenie|27|https://www.saos.org.pl/judgments/476668
474543|2022-09-12|SO|VIII Pa 47/22|Uzasadnienie|27|https://www.saos.org.pl/judgments/474543
474228|2022-09-12|SO|VIII Pa 149/21|Zarządzenie|27|https://www.saos.org.pl/judgments/474228
476103|2022-09-08|SO|VIII Pa 52/22|Uzasadnienie|27|https://www.saos.org.pl/judgments/476103
474538|2022-08-29|SO|VIII Pa 26/22|Uzasadnienie|27|https://www.saos.org.pl/judgments/474538
470083|2022-07-19|SO|VIII Pa 25/22|Zarządzenie|27|https://www.saos.org.pl/judgments/470083
470077|2022-06-08|SO|VIII Pa 15/22|Uzasadnienie|27|https://www.saos.org.pl/judgments/470077
470079|2022-05-30|SO|VIII Pa 21/22|Uzasadnienie|27|https://www.saos.org.pl/judgments/470079
466309|2022-05-24|SO|VIII Pa 86/21|Uzasadnienie|27|https://www.saos.org.pl/judgments/466309
464492|2022-05-10|SO|VIII Pa 11/22|Uzasadnienie|27|https://www.saos.org.pl/judgments/464492
461102|2022-03-21|SO|VIII Pa 173/21|Uzasadnienie|27|https://www.saos.org.pl/judgments/461102
458647|2022-02-14|SO|VIII Pa 159/21|Zarządzenie|27|https://www.saos.org.pl/judgments/458647
458350|2022-02-10|SO|VIII Pa 118/21|Zarządzenie|27|https://www.saos.org.pl/judgments/458350
459388|2022-01-27|SO|VIII Pa 111/21|Zarządzenie|27|https://www.saos.org.pl/judgments/459388
455391|2021-12-21|SO|VIII Pa 126/21|Uzasadnienie|27|https://www.saos.org.pl/judgments/455391
455392|2021-12-16|SO|VIII Pa 133/21|Uzasadnienie|27|https://www.saos.org.pl/judgments/455392
453346|2021-11-29|SO|VIII Pa 124/21|Uzasadnienie|27|https://www.saos.org.pl/judgments/453346
456898|2021-11-02|SO|VIII Pa 130/21|Uzasadnienie|27|https://www.saos.org.pl/judgments/456898
453090|2021-09-16|SO|VIII Pa 70/21|Uzasadnienie|27|https://www.saos.org.pl/judgments/453090
453082|2021-09-16|SO|VIII Pa 40/21|Zarządzenie|27|https://www.saos.org.pl/judgments/453082
440913|2021-05-17|SO|VIII Pa 47/20|Zarządzenie|27|https://www.saos.org.pl/judgments/440913
441166|2021-04-22|SO|VIII Pa 66/20|Zarządzenie|27|https://www.saos.org.pl/judgments/441166
440525|2021-04-22|SO|VIII Pa 111/20|Uzasadnienie|27|https://www.saos.org.pl/judgments/440525
440523|2021-04-07|SO|VIII Pa 102/20|Uzasadnienie|27|https://www.saos.org.pl/judgments/440523
436712|2021-03-09|SO|VIII Pa 114/20|Uzasadnienie|27|https://www.saos.org.pl/judgments/436712
434116|2021-03-03|SO|VIII Pa 90/20|Uzasadnienie|27|https://www.saos.org.pl/judgments/434116
426003|2020-12-07|SO|VIII Pa 70/20|Uzasadnienie|27|https://www.saos.org.pl/judgments/426003
425045|2020-11-02|SO|VIII Pa 69/20|Uzasadnienie|27|https://www.saos.org.pl/judgments/425045
422254|2020-09-17|SO|VIII Pa 216/19|Uzasadnienie|27|https://www.saos.org.pl/judgments/422254
422489|2020-09-02|SO|VIII Pa 33/20|Uzasadnienie|27|https://www.saos.org.pl/judgments/422489
422485|2020-08-13|SO|VIII Pa 230/19|Uzasadnienie|27|https://www.saos.org.pl/judgments/422485
427635|2020-08-06|SO|VI P 433/17|Uzasadnienie|27|https://www.saos.org.pl/judgments/427635
422491|2020-07-15|SO|VIII Pa 37/20|Uzasadnienie|27|https://www.saos.org.pl/judgments/422491
422034|2020-06-17|SO|VIII Pa 29/20|Uzasadnienie|27|https://www.saos.org.pl/judgments/422034
422483|2020-06-09|SO|VIII Pa 225/19|Uzasadnienie|27|https://www.saos.org.pl/judgments/422483
409320|2020-03-03|SO|VIII Pa 177/19|Uzasadnienie|27|https://www.saos.org.pl/judgments/409320
410866|2020-03-02|SO|VIII Pa 223/19|Uzasadnienie|27|https://www.saos.org.pl/judgments/410866
410876|2020-02-11|SO|VIII Pa 58/19|Uzasadnienie|27|https://www.saos.org.pl/judgments/410876
398594|2019-12-12|SO|VIII Pa 81/19|Uzasadnienie|27|https://www.saos.org.pl/judgments/398594
393902|2019-09-18|SO|VIII Pa 40/19|Uzasadnienie|27|https://www.saos.org.pl/judgments/393902
391297|2019-07-05|SO|VIII Pa 61/19|Uzasadnienie|27|https://www.saos.org.pl/judgments/391297
386447|2019-07-05|SO|VIII Pa 59/19|Uzasadnienie|27|https://www.saos.org.pl/judgments/386447
392930|2019-06-25|SO|VIII Pa 62/19|Uzasadnienie|27|https://www.saos.org.pl/judgments/392930
386007|2019-06-11|SO|VIII Pa 29/19|Uzasadnienie|27|https://www.saos.org.pl/judgments/386007
386719|2019-06-05|SO|VIII Pa 66/19|Uzasadnienie|27|https://www.saos.org.pl/judgments/386719
386717|2019-06-04|SO|VIII Pa 57/19|Uzasadnienie|27|https://www.saos.org.pl/judgments/386717
384346|2019-05-23|SO|VIII Pa 267/18|Uzasadnienie|27|https://www.saos.org.pl/judgments/384346
384350|2019-05-22|SO|VIII Pa 54/19|Uzasadnienie|27|https://www.saos.org.pl/judgments/384350
382323|2019-05-21|SO|VIII Pa 43/19|Uzasadnienie|27|https://www.saos.org.pl/judgments/382323
382322|2019-05-20|SO|VIII Pa 33/19|Uzasadnienie|27|https://www.saos.org.pl/judgments/382322
384331|2019-05-17|SO|VIII Pa 148/18|Uzasadnienie|27|https://www.saos.org.pl/judgments/384331
382328|2019-05-08|SO|VIII Pa 7/19|Uzasadnienie|27|https://www.saos.org.pl/judgments/382328
380426|2019-04-08|SO|VIII Pa 8/16|Uzasadnienie|27|https://www.saos.org.pl/judgments/380426
380366|2019-04-08|SO|VIII Pa 15/16|Uzasadnienie|27|https://www.saos.org.pl/judgments/380366
381884|2019-03-08|SO|VIII Pa 260/18|Uzasadnienie|27|https://www.saos.org.pl/judgments/381884
380424|2019-03-04|SO|VIII Pa 6/16|Zarządzenie|27|https://www.saos.org.pl/judgments/380424
380420|2019-03-04|SO|VIII Pa 4/16|Zarządzenie|27|https://www.saos.org.pl/judgments/380420
380358|2019-03-04|SO|VIII Pa 128/18|Uzasadnienie|27|https://www.saos.org.pl/judgments/380358
380383|2019-02-26|SO|VIII Pa 192/18|Uzasadnienie|27|https://www.saos.org.pl/judgments/380383
380418|2019-02-25|SO|VIII Pa 271/18|Uzasadnienie|27|https://www.saos.org.pl/judgments/380418
372349|2019-01-29|SO|VIII Pa 253/18|Uzasadnienie|27|https://www.saos.org.pl/judgments/372349
372340|2019-01-22|SO|VIII Pa 232/18|Uzasadnienie|27|https://www.saos.org.pl/judgments/372340
372335|2019-01-16|SO|VIII Pa 217/18|Uzasadnienie|27|https://www.saos.org.pl/judgments/372335
380401|2019-01-14|SO|VIII Pa 235/18|Uzasadnienie|27|https://www.saos.org.pl/judgments/380401
372339|2019-01-14|SO|VIII Pa 231/18|Uzasadnienie|27|https://www.saos.org.pl/judgments/372339
372337|2019-01-14|SO|VIII Pa 226/18|Zarządzenie|27|https://www.saos.org.pl/judgments/372337
372329|2019-01-04|SO|VIII Pa 198/18|Uzasadnienie|27|https://www.saos.org.pl/judgments/372329
380393|2018-12-28|SO|VIII Pa 228/18|Uzasadnienie|27|https://www.saos.org.pl/judgments/380393
372323|2018-12-27|SO|VIII Pa 178/18|Zarządzenie|27|https://www.saos.org.pl/judgments/372323
380381|2018-12-18|SO|VIII Pa 188/18|Uzasadnienie|27|https://www.saos.org.pl/judgments/380381
368438|2018-12-06|SO|VIII Pa 236/18|Uzasadnienie|27|https://www.saos.org.pl/judgments/368438
368423|2018-11-21|SO|VIII Pa 200/18|Uzasadnienie|27|https://www.saos.org.pl/judgments/368423
367071|2018-11-14|SO|VIII Pa 53/18|Uzasadnienie|27|https://www.saos.org.pl/judgments/367071
368414|2018-11-08|SO|VIII Pa 179/18|Uzasadnienie|27|https://www.saos.org.pl/judgments/368414
367059|2018-11-07|SO|VIII Pa 171/18|Uzasadnienie|27|https://www.saos.org.pl/judgments/367059
368435|2018-11-05|SO|VIII Pa 222/18|Uzasadnienie|27|https://www.saos.org.pl/judgments/368435
367061|2018-11-02|SO|VIII Pa 176/18|Uzasadnienie|27|https://www.saos.org.pl/judgments/367061
355797|2018-09-14|SO|VIII Pa 156/18|Zarządzenie|27|https://www.saos.org.pl/judgments/355797
355799|2018-09-10|SO|VIII Pa 97/18|Uzasadnienie|27|https://www.saos.org.pl/judgments/355799
353013|2018-08-24|SO|VIII Pa 131/18|Zarządzenie|27|https://www.saos.org.pl/judgments/353013
351705|2018-08-06|SO|VIII Pa 301/17|Uzasadnienie|27|https://www.saos.org.pl/judgments/351705
350685|2018-08-06|SO|VIII Pa 95/18|Uzasadnienie|27|https://www.saos.org.pl/judgments/350685
350668|2018-07-11|SO|VIII Pa 112/18|Uzasadnienie|27|https://www.saos.org.pl/judgments/350668
350679|2018-07-10|SO|VIII Pa 88/18|Uzasadnienie|27|https://www.saos.org.pl/judgments/350679
350682|2018-07-04|SO|VIII Pa 90/18|Uzasadnienie|27|https://www.saos.org.pl/judgments/350682
350677|2018-07-03|SO|VIII Pa 77/18|Uzasadnienie|27|https://www.saos.org.pl/judgments/350677
344160|2018-06-25|SO|VIII Pa 117/18|Zarządzenie|27|https://www.saos.org.pl/judgments/344160
345973|2018-06-22|SO|VIII Pa 61/18|Uzasadnienie|27|https://www.saos.org.pl/judgments/345973
340906|2018-05-30|SO|IV P 4/18|Zarządzenie|27|https://www.saos.org.pl/judgments/340906
339401|2018-04-24|SO|VIII Pa 30/18|Uzasadnienie|27|https://www.saos.org.pl/judgments/339401
336036|2018-04-11|SO|VIII Pa 18/18|Uzasadnienie|27|https://www.saos.org.pl/judgments/336036
333750|2018-03-21|SO|VIII Pa 286/17|Uzasadnienie|27|https://www.saos.org.pl/judgments/333750
334117|2018-03-15|SO|VIII Pa 226/17|Uzasadnienie|27|https://www.saos.org.pl/judgments/334117
334132|2018-03-14|SO|VIII Pa 295/17|Uzasadnienie|27|https://www.saos.org.pl/judgments/334132
334127|2018-03-14|SO|VIII Pa 289/17|Uzasadnienie|27|https://www.saos.org.pl/judgments/334127
329073|2018-02-15|SO|VIII Pa 264/17|Uzasadnienie|27|https://www.saos.org.pl/judgments/329073
327653|2018-02-01|SO|VIII Pa 265/17|Uzasadnienie|27|https://www.saos.org.pl/judgments/327653
328850|2018-01-18|SO|VIII Pa 2/16|Uzasadnienie|27|https://www.saos.org.pl/judgments/328850
324281|2018-01-12|SO|VIII Pa 3/16|Zarządzenie|27|https://www.saos.org.pl/judgments/324281
324904|2018-01-08|SO|VIII Pa 242/17|Uzasadnienie|27|https://www.saos.org.pl/judgments/324904
324258|2018-01-05|SO|VIII Pa 244/17|Uzasadnienie|27|https://www.saos.org.pl/judgments/324258
324906|2017-12-29|SO|VIII Pa 250/17|Uzasadnienie|27|https://www.saos.org.pl/judgments/324906
324240|2017-12-27|SO|VIII Pa 180/17|Uzasadnienie|27|https://www.saos.org.pl/judgments/324240
324253|2017-12-20|SO|VIII Pa 237/17|Uzasadnienie|27|https://www.saos.org.pl/judgments/324253
320693|2017-12-12|SO|VIII Pa 209/17|Zarządzenie|27|https://www.saos.org.pl/judgments/320693
320411|2017-12-11|SO|VIII Pa 229/17|Uzasadnienie|27|https://www.saos.org.pl/judgments/320411
320407|2017-12-04|SO|VIII Pa 220/17|Uzasadnienie|27|https://www.saos.org.pl/judgments/320407
328852|2017-11-23|SO|VIII Pa 28/16|Uzasadnienie|27|https://www.saos.org.pl/judgments/328852
320687|2017-11-21|SO|VIII Pa 143/16|Uzasadnienie|27|https://www.saos.org.pl/judgments/320687
320390|2017-11-20|SO|VIII Pa 197/17|Uzasadnienie|27|https://www.saos.org.pl/judgments/320390
324241|2017-11-17|SO|VIII Pa 193/17|Uzasadnienie|27|https://www.saos.org.pl/judgments/324241
310527|2017-10-18|SO|VIII Pa 184/17|Uzasadnienie|27|https://www.saos.org.pl/judgments/310527
309153|2017-10-16|SO|VIII Pa 154/17|Uzasadnienie|27|https://www.saos.org.pl/judgments/309153
310526|2017-10-12|SO|VIII Pa 183/17|Uzasadnienie|27|https://www.saos.org.pl/judgments/310526
310336|2017-10-11|SO|VIII Pa 97/17|Uzasadnienie|27|https://www.saos.org.pl/judgments/310336
306877|2017-09-29|SO|VIII Pa 152/17|Uzasadnienie|27|https://www.saos.org.pl/judgments/306877
306859|2017-09-27|SO|VIII Pa 134/17|Uzasadnienie|27|https://www.saos.org.pl/judgments/306859
306853|2017-09-26|SO|VIII Pa 127/17|Uzasadnienie|27|https://www.saos.org.pl/judgments/306853
306869|2017-09-11|SO|VIII Pa 143/17|Uzasadnienie|27|https://www.saos.org.pl/judgments/306869
306867|2017-09-07|SO|VIII Pa 142/17|Uzasadnienie|27|https://www.saos.org.pl/judgments/306867
306849|2017-09-01|SO|VIII Pa 120/17|Uzasadnienie|27|https://www.saos.org.pl/judgments/306849
300584|2017-08-22|SO|VIII Pa 66/17|Zarządzenie|27|https://www.saos.org.pl/judgments/300584
297592|2017-07-17|SO|VIII Pa 141/16|Uzasadnienie|27|https://www.saos.org.pl/judgments/297592
297588|2017-07-17|SO|VIII Pa 114/17|Uzasadnienie|27|https://www.saos.org.pl/judgments/297588
297212|2017-07-05|SO|VIII Pa 104/17|Uzasadnienie|27|https://www.saos.org.pl/judgments/297212
306892|2017-07-03|SO|VIII Pa 74/17|Uzasadnienie|27|https://www.saos.org.pl/judgments/306892
306895|2017-06-28|SO|VIII Pa 80/17|Uzasadnienie|27|https://www.saos.org.pl/judgments/306895
297600|2017-06-26|SO|VIII Pa 85/17|Uzasadnienie|27|https://www.saos.org.pl/judgments/297600
297977|2017-06-20|SO|VIII Pa 98/17|Zarządzenie|27|https://www.saos.org.pl/judgments/297977
297594|2017-06-20|SO|VIII Pa 166/16|Uzasadnienie|27|https://www.saos.org.pl/judgments/297594
297220|2017-06-14|SO|VIII Pa 22/17|Zarządzenie|27|https://www.saos.org.pl/judgments/297220
291867|2017-06-08|SO|VIII Pa 35/17|Uzasadnienie|27|https://www.saos.org.pl/judgments/291867
291647|2017-05-30|SO|VIII Pa 43/17|Uzasadnienie|27|https://www.saos.org.pl/judgments/291647
291645|2017-05-29|SO|VIII Pa 31/17|Uzasadnienie|27|https://www.saos.org.pl/judgments/291645
289408|2017-05-24|SO|VIII Pa 34/17|Uzasadnienie|27|https://www.saos.org.pl/judgments/289408
289412|2017-05-23|SO|VIII Pa 37/17|Uzasadnienie|27|https://www.saos.org.pl/judgments/289412
289414|2017-05-15|SO|VIII Pa 38/17|Uzasadnienie|27|https://www.saos.org.pl/judgments/289414
285951|2017-05-11|SO|VIII Pa 65/17|Uzasadnienie|27|https://www.saos.org.pl/judgments/285951
281902|2017-04-20|SO|VIII Pa 181/16|Uzasadnienie|27|https://www.saos.org.pl/judgments/281902
276836|2017-03-21|SO|VIII Pa 163/16|Uzasadnienie|27|https://www.saos.org.pl/judgments/276836
274973|2017-02-28|SO|VIII Pa 158/16|Zarządzenie|27|https://www.saos.org.pl/judgments/274973
274983|2017-02-22|SO|VIII Pa 168/16|Uzasadnienie|27|https://www.saos.org.pl/judgments/274983
274981|2017-02-20|SO|VIII Pa 165/16|Uzasadnienie|27|https://www.saos.org.pl/judgments/274981
280263|2017-01-11|SO|VIII Pa 140/16|Uzasadnienie|27|https://www.saos.org.pl/judgments/280263
263973|2017-01-10|SO|VIII Pa 135/16|Uzasadnienie|27|https://www.saos.org.pl/judgments/263973
261608|2016-12-13|SO|VIII Pa 129/16|Uzasadnienie|27|https://www.saos.org.pl/judgments/261608
260284|2016-12-12|SO|VIII Pa 27/16|Uzasadnienie|27|https://www.saos.org.pl/judgments/260284
255034|2016-11-14|SO|VIII U 2903/15|Zarządzenie|27|https://www.saos.org.pl/judgments/255034
255003|2016-11-08|SO|VIII Pa 71/16|Uzasadnienie|27|https://www.saos.org.pl/judgments/255003
254542|2016-11-03|SO|VIII Pa 88/16|Uzasadnienie|27|https://www.saos.org.pl/judgments/254542
254550|2016-11-02|SO|VIII Pa 97/16|Uzasadnienie|27|https://www.saos.org.pl/judgments/254550
254552|2016-10-25|SO|VIII Pa 99/16|Uzasadnienie|27|https://www.saos.org.pl/judgments/254552
254548|2016-10-25|SO|VIII Pa 95/16|Uzasadnienie|27|https://www.saos.org.pl/judgments/254548
252776|2016-10-19|SO|VIII Pa 76/16|Uzasadnienie|27|https://www.saos.org.pl/judgments/252776
251508|2016-10-17|SO|VIII Pa 84/16|Uzasadnienie|27|https://www.saos.org.pl/judgments/251508
254538|2016-10-14|SO|VIII Pa 77/16|Uzasadnienie|27|https://www.saos.org.pl/judgments/254538
251496|2016-10-11|SO|VIII Pa 52/16|Uzasadnienie|27|https://www.saos.org.pl/judgments/251496
248795|2016-09-20|SO|VIII Pa 59/16|Uzasadnienie|27|https://www.saos.org.pl/judgments/248795
248793|2016-09-20|SO|VIII Pa 50/16|Uzasadnienie|27|https://www.saos.org.pl/judgments/248793
248791|2016-09-20|SO|VIII Pa 19/16|Uzasadnienie|27|https://www.saos.org.pl/judgments/248791
246611|2016-09-12|SO|VIII Pa 53/16|Uzasadnienie|27|https://www.saos.org.pl/judgments/246611
246294|2016-09-01|SO|VIII Pa 42/16|Uzasadnienie|27|https://www.saos.org.pl/judgments/246294
246299|2016-08-24|SO|VIII Pa 47/16|Uzasadnienie|27|https://www.saos.org.pl/judgments/246299
247199|2016-08-12|SO|VII Pa 115/16|Uzasadnienie|27|https://www.saos.org.pl/judgments/247199
242112|2016-07-19|SO|VIII Pa 48/16|Uzasadnienie|27|https://www.saos.org.pl/judgments/242112
241821|2016-07-12|SO|VIII Pa 30/16|Uzasadnienie|27|https://www.saos.org.pl/judgments/241821
239500|2016-06-23|SO|VII Pa 112/16|Uzasadnienie|27|https://www.saos.org.pl/judgments/239500
234934|2016-06-23|SO|VII Pa 86/16|Uzasadnienie|27|https://www.saos.org.pl/judgments/234934
239493|2016-06-21|SO|VII Pa 105/16|Uzasadnienie|27|https://www.saos.org.pl/judgments/239493
231676|2016-06-16|SO|VII Pa 126/16|Uzasadnienie|27|https://www.saos.org.pl/judgments/231676
234930|2016-06-09|SO|VII Pa 50/16|Uzasadnienie|27|https://www.saos.org.pl/judgments/234930
232990|2016-06-02|SO|VII Pa 99/16|Uzasadnienie|27|https://www.saos.org.pl/judgments/232990
226018|2016-06-01|SO|IV P 22/16|Zarządzenie|27|https://www.saos.org.pl/judgments/226018
226020|2016-05-20|SO|IV P 235/15|Uzasadnienie|27|https://www.saos.org.pl/judgments/226020
228375|2016-05-19|SO|VII Pa 80/16|Uzasadnienie|27|https://www.saos.org.pl/judgments/228375
225883|2016-04-29|SO|VII Pa 12/16|Uzasadnienie|27|https://www.saos.org.pl/judgments/225883
228651|2016-04-28|SO|VII Pa 335/15|Uzasadnienie|27|https://www.saos.org.pl/judgments/228651
222906|2016-04-21|SO|VII Pa 70/16|Uzasadnienie|27|https://www.saos.org.pl/judgments/222906
228371|2016-04-19|SO|VII Pa 49/16|Uzasadnienie|27|https://www.saos.org.pl/judgments/228371
214060|2016-03-22|SO|VII Pa 18/16|Uzasadnienie|27|https://www.saos.org.pl/judgments/214060
212693|2016-03-18|SO|VII Pa 11/16|Uzasadnienie|27|https://www.saos.org.pl/judgments/212693
217596|2016-03-17|SO|VII Pa 55/16|Uzasadnienie|27|https://www.saos.org.pl/judgments/217596
214064|2016-03-17|SO|VII Pa 325/15|Uzasadnienie|27|https://www.saos.org.pl/judgments/214064
213027|2016-03-16|SO|VII Pa 341/15|Uzasadnienie|27|https://www.saos.org.pl/judgments/213027
207547|2016-02-19|SO|VII Pa 337/15|Uzasadnienie|27|https://www.saos.org.pl/judgments/207547
207543|2016-02-17|SO|VII Pa 327/15|Uzasadnienie|27|https://www.saos.org.pl/judgments/207543
203547|2016-02-08|SO|VII Pa 251/15|Uzasadnienie|27|https://www.saos.org.pl/judgments/203547
199424|2016-02-02|SO|VII Pa 323/15|Uzasadnienie|27|https://www.saos.org.pl/judgments/199424
198856|2016-01-14|SO|VII Pa 314/15|Uzasadnienie|27|https://www.saos.org.pl/judgments/198856
196602|2016-01-08|SO|VII Pa 305/15|Uzasadnienie|27|https://www.saos.org.pl/judgments/196602
196594|2016-01-05|SO|VII Pa 292/15|Uzasadnienie|27|https://www.saos.org.pl/judgments/196594
196585|2016-01-05|SO|VII Pa 271/15|Uzasadnienie|27|https://www.saos.org.pl/judgments/196585
196600|2015-12-31|SO|VII Pa 302/15|Uzasadnienie|27|https://www.saos.org.pl/judgments/196600
195033|2015-12-31|SO|VII Pa 265/15|Uzasadnienie|27|https://www.saos.org.pl/judgments/195033
194042|2015-12-17|SO|VII Pa 274/15|Uzasadnienie|27|https://www.saos.org.pl/judgments/194042
191724|2015-12-15|SO|VII Pa 316/15|Uzasadnienie|27|https://www.saos.org.pl/judgments/191724
190116|2015-12-04|SO|VII Pa 225/15|Uzasadnienie|27|https://www.saos.org.pl/judgments/190116
188229|2015-11-26|SO|VII Pa 258/15|Uzasadnienie|27|https://www.saos.org.pl/judgments/188229
188223|2015-11-16|SO|VII Pa 240/15|Uzasadnienie|27|https://www.saos.org.pl/judgments/188223
188225|2015-11-09|SO|VII Pa 249/15|Uzasadnienie|27|https://www.saos.org.pl/judgments/188225
180846|2015-10-15|SO|VII Pa 197/15|Uzasadnienie|27|https://www.saos.org.pl/judgments/180846
180842|2015-10-15|SO|VII Pa 195/15|Uzasadnienie|27|https://www.saos.org.pl/judgments/180842
180848|2015-10-14|SO|VII Pa 200/15|Uzasadnienie|27|https://www.saos.org.pl/judgments/180848
180172|2015-10-08|SO|VII Pa 136/15|Uzasadnienie|27|https://www.saos.org.pl/judgments/180172
180180|2015-10-06|SO|VII Pa 172/15|Uzasadnienie|27|https://www.saos.org.pl/judgments/180180
180174|2015-09-30|SO|VII Pa 145/15|Uzasadnienie|27|https://www.saos.org.pl/judgments/180174
178991|2015-09-29|SO|VII Pa 220/15|Uzasadnienie|27|https://www.saos.org.pl/judgments/178991
178989|2015-09-24|SO|VII Pa 126/15|Uzasadnienie|27|https://www.saos.org.pl/judgments/178989
171765|2015-07-23|SO|VII Pa 116/15|Uzasadnienie|27|https://www.saos.org.pl/judgments/171765
172023|2015-07-20|SO|VII Pa 117/15|Uzasadnienie|27|https://www.saos.org.pl/judgments/172023
156678|2015-06-15|SO|VII Pa 101/15|Uzasadnienie|27|https://www.saos.org.pl/judgments/156678
169906|2015-06-08|SO|VII Pa 94/15|Uzasadnienie|27|https://www.saos.org.pl/judgments/169906
155346|2015-05-29|SO|VII Pa 82/15|Uzasadnienie|27|https://www.saos.org.pl/judgments/155346
153851|2015-05-21|SO|VII Pa 84/15|Uzasadnienie|27|https://www.saos.org.pl/judgments/153851
153849|2015-05-13|SO|VII Pa 65/15|Uzasadnienie|27|https://www.saos.org.pl/judgments/153849
152840|2015-05-13|SO|VII Pa 78/15|Uzasadnienie|27|https://www.saos.org.pl/judgments/152840
152838|2015-05-13|SO|VII Pa 75/15|Uzasadnienie|27|https://www.saos.org.pl/judgments/152838
155489|2015-05-04|SO|IV P 308/14|Uzasadnienie|27|https://www.saos.org.pl/judgments/155489
152495|2015-04-30|SO|VII Pa 74/15|Uzasadnienie|27|https://www.saos.org.pl/judgments/152495
151216|2015-04-30|SO|VII Pa 63/15|Uzasadnienie|27|https://www.saos.org.pl/judgments/151216
150914|2015-04-30|SO|VII Pa 67/15|Uzasadnienie|27|https://www.saos.org.pl/judgments/150914
149832|2015-04-16|SO|VII Pa 52/15|Uzasadnienie|27|https://www.saos.org.pl/judgments/149832
149830|2015-04-16|SO|VII Pa 51/15|Uzasadnienie|27|https://www.saos.org.pl/judgments/149830
149583|2015-04-16|SO|VII Pa 54/15|Uzasadnienie|27|https://www.saos.org.pl/judgments/149583
133741|2015-03-20|SO|VII Pa 30/15|Uzasadnienie|27|https://www.saos.org.pl/judgments/133741
131862|2015-02-24|SO|VII Pa 379/14|Uzasadnienie|27|https://www.saos.org.pl/judgments/131862
129848|2015-02-20|SO|VII Pa 368/14|Uzasadnienie|27|https://www.saos.org.pl/judgments/129848
128930|2015-02-17|SO|VII Pa 2/15|Uzasadnienie|27|https://www.saos.org.pl/judgments/128930
128593|2015-02-16|SO|VII Pa 394/14|Uzasadnienie|27|https://www.saos.org.pl/judgments/128593
128400|2015-02-12|SO|VII Pa 385/14|Uzasadnienie|27|https://www.saos.org.pl/judgments/128400
127712|2015-02-05|SO|VII Pa 398/14|Uzasadnienie|27|https://www.saos.org.pl/judgments/127712
125574|2015-01-13|SO|VII Pa 371/14|Uzasadnienie|27|https://www.saos.org.pl/judgments/125574
125573|2015-01-05|SO|VII Pa 360/14|Uzasadnienie|27|https://www.saos.org.pl/judgments/125573
74081|2014-12-22|SO|VII Pa 364/14|Uzasadnienie|27|https://www.saos.org.pl/judgments/74081
74838|2014-12-19|SO|VII Pa 345/14|Uzasadnienie|27|https://www.saos.org.pl/judgments/74838
74841|2014-12-18|SO|VII Pa 353/14|Uzasadnienie|27|https://www.saos.org.pl/judgments/74841
74834|2014-12-17|SO|VII Pa 340/14|Uzasadnienie|27|https://www.saos.org.pl/judgments/74834
74832|2014-12-11|SO|VII Pa 336/14|Uzasadnienie|27|https://www.saos.org.pl/judgments/74832
73071|2014-12-05|SO|VII Pa 292/14|Uzasadnienie|27|https://www.saos.org.pl/judgments/73071
73836|2014-12-04|SO|VII Pa 287/14|Uzasadnienie|27|https://www.saos.org.pl/judgments/73836
69745|2014-11-25|SO|VII Pa 323/14|Uzasadnienie|27|https://www.saos.org.pl/judgments/69745
68845|2014-11-18|SO|VII Pa 304/14|Uzasadnienie|27|https://www.saos.org.pl/judgments/68845
68841|2014-11-14|SO|VII Pa 271/14|Uzasadnienie|27|https://www.saos.org.pl/judgments/68841
67548|2014-11-03|SO|VII Pa 306/14|Uzasadnienie|27|https://www.saos.org.pl/judgments/67548
67542|2014-11-03|SO|VII Pa 285/14|Uzasadnienie|27|https://www.saos.org.pl/judgments/67542
67168|2014-11-03|SO|VII Pa 293/14|Uzasadnienie|27|https://www.saos.org.pl/judgments/67168
67162|2014-11-03|SO|VII Pa 275/14|Uzasadnienie|27|https://www.saos.org.pl/judgments/67162
66312|2014-10-27|SO|VII Pa 286/14|Uzasadnienie|27|https://www.saos.org.pl/judgments/66312
65616|2014-10-24|SO|VII Pa 278/14|Uzasadnienie|27|https://www.saos.org.pl/judgments/65616
65611|2014-10-23|SO|VII Pa 261/14|Uzasadnienie|27|https://www.saos.org.pl/judgments/65611
66310|2014-10-20|SO|VII Pa 265/14|Uzasadnienie|27|https://www.saos.org.pl/judgments/66310
64519|2014-10-17|SO|VII Pa 231/14|Uzasadnienie|27|https://www.saos.org.pl/judgments/64519
64784|2014-10-08|SO|VII Pa 225/14|Uzasadnienie|27|https://www.saos.org.pl/judgments/64784
64357|2014-10-07|SO|VII Pa 240/14|Uzasadnienie|27|https://www.saos.org.pl/judgments/64357
63674|2014-10-07|SO|VII Pa 276/14|Uzasadnienie|27|https://www.saos.org.pl/judgments/63674
63364|2014-10-07|SO|VII Pa 244/14|Uzasadnienie|27|https://www.saos.org.pl/judgments/63364
63940|2014-10-03|SO|VII Pa 245/14|Uzasadnienie|27|https://www.saos.org.pl/judgments/63940
65430|2014-10-02|SO|VII Pa 222/14|Uzasadnienie|27|https://www.saos.org.pl/judgments/65430
63366|2014-10-02|SO|VII Pa 248/14|Uzasadnienie|27|https://www.saos.org.pl/judgments/63366
60310|2014-09-12|SO|VII Pa 219/14|Uzasadnienie|27|https://www.saos.org.pl/judgments/60310
59270|2014-09-04|SO|VII Pa 133/14|Uzasadnienie|27|https://www.saos.org.pl/judgments/59270
59577|2014-08-21|SO|VII Pa 179/14|Uzasadnienie|27|https://www.saos.org.pl/judgments/59577
59047|2014-08-04|SO|VII Pa 183/14|Uzasadnienie|27|https://www.saos.org.pl/judgments/59047
56163|2014-08-01|SO|VII Pa 186/14|Uzasadnienie|27|https://www.saos.org.pl/judgments/56163
59051|2014-07-29|SO|VII Pa 289/13|Uzasadnienie|27|https://www.saos.org.pl/judgments/59051
55207|2014-07-24|SO|VII Pa 193/14|Uzasadnienie|27|https://www.saos.org.pl/judgments/55207
54966|2014-07-24|SO|VII Pa 136/14|Uzasadnienie|27|https://www.saos.org.pl/judgments/54966
53242|2014-07-11|SO|VII Pa 206/14|Uzasadnienie|27|https://www.saos.org.pl/judgments/53242
55201|2014-07-09|SO|VII Pa 138/14|Uzasadnienie|27|https://www.saos.org.pl/judgments/55201
52266|2014-07-01|SO|VII Pa 135/14|Uzasadnienie|27|https://www.saos.org.pl/judgments/52266
53009|2014-06-30|SO|VII Pa 141/14|Uzasadnienie|27|https://www.saos.org.pl/judgments/53009
51815|2014-06-27|SO|VII Pa 155/14|Uzasadnienie|27|https://www.saos.org.pl/judgments/51815
49956|2014-06-12|SO|VII Pa 103/14|Uzasadnienie|27|https://www.saos.org.pl/judgments/49956
50659|2014-06-11|SO|VII Pa 117/14|Uzasadnienie|27|https://www.saos.org.pl/judgments/50659
49581|2014-06-09|SO|VII Pa 119/14|Uzasadnienie|27|https://www.saos.org.pl/judgments/49581
49484|2014-06-06|SO|VII Pa 95/14|Uzasadnienie|27|https://www.saos.org.pl/judgments/49484
49480|2014-06-05|SO|VII Pa 60/14|Uzasadnienie|27|https://www.saos.org.pl/judgments/49480
48846|2014-06-03|SO|VII Pa 120/14|Uzasadnienie|27|https://www.saos.org.pl/judgments/48846
48168|2014-05-30|SO|VII Pa 79/14|Uzasadnienie|27|https://www.saos.org.pl/judgments/48168
49482|2014-05-28|SO|VII Pa 91/14|Uzasadnienie|27|https://www.saos.org.pl/judgments/49482
47318|2014-05-23|SO|VII Pa 96/14|Uzasadnienie|27|https://www.saos.org.pl/judgments/47318
46767|2014-05-13|SO|VII Pa 51/14|Uzasadnienie|27|https://www.saos.org.pl/judgments/46767
46530|2014-05-13|SO|VII Pa 71/14|Uzasadnienie|27|https://www.saos.org.pl/judgments/46530
44101|2014-04-28|SO|VII Pa 78/14|Uzasadnienie|27|https://www.saos.org.pl/judgments/44101
43361|2014-04-24|SO|VII Pa 65/14|Uzasadnienie|27|https://www.saos.org.pl/judgments/43361
42748|2014-04-14|SO|VII Pa 54/14|Uzasadnienie|27|https://www.saos.org.pl/judgments/42748
42130|2014-04-08|SO|VII Pa 44/14|Uzasadnienie|27|https://www.saos.org.pl/judgments/42130
40697|2014-04-01|SO|VII Pa 42/14|Uzasadnienie|27|https://www.saos.org.pl/judgments/40697
40611|2014-03-18|SO|VII Pa 35/14|Uzasadnienie|27|https://www.saos.org.pl/judgments/40611
36528|2014-02-25|SO|VII Pa 348/13|Uzasadnienie|27|https://www.saos.org.pl/judgments/36528
52010|2013-04-03|SO|VII Pa 39/13|Uzasadnienie|27|https://www.saos.org.pl/judgments/52010
