saos_id|date|court|case_number|type|saos_url
543387|2026-02-10|SO|I C 395/25|Wyrok|https://www.saos.org.pl/judgments/543387
541818|2026-01-09|SO|I ACa 313/23|Wyrok|https://www.saos.org.pl/judgments/541818
541382|2025-12-19|SO|I ACa 457/25|Wyrok|https://www.saos.org.pl/judgments/541382
541885|2025-12-15|SO|I ACa 156/23|Wyrok|https://www.saos.org.pl/judgments/541885
541494|2025-12-15|SO|I ACa 1959/22|Wyrok|https://www.saos.org.pl/judgments/541494
541816|2025-12-01|SO|I ACa 290/23|Wyrok|https://www.saos.org.pl/judgments/541816
541542|2025-12-01|SO|I ACa 137/23|Wyrok|https://www.saos.org.pl/judgments/541542
541495|2025-12-01|SO|I ACa 33/23|Wyrok|https://www.saos.org.pl/judgments/541495
544880|2025-11-28|SO|I ACa 740/23|Wyrok|https://www.saos.org.pl/judgments/544880
538576|2025-11-04|SO|I C 231/25|Uzasadnienie|https://www.saos.org.pl/judgments/538576
544735|2025-10-31|SO|I ACa 2008/22|Wyrok|https://www.saos.org.pl/judgments/544735
544339|2025-10-31|SO|I ACa 1630/25|Wyrok|https://www.saos.org.pl/judgments/544339
544198|2025-10-31|SO|I ACa 753/25|Wyrok|https://www.saos.org.pl/judgments/544198
544186|2025-10-27|SO|I ACa 15/25|Wyrok|https://www.saos.org.pl/judgments/544186
543995|2025-10-24|SO|I ACa 1780/22|Wyrok|https://www.saos.org.pl/judgments/543995
538667|2025-10-17|SO|I ACa 1258/23|Wyrok|https://www.saos.org.pl/judgments/538667
543527|2025-09-24|SO|I ACa 3325/24|Wyrok|https://www.saos.org.pl/judgments/543527
543225|2025-07-17|SO|I ACa 3526/24|Wyrok|https://www.saos.org.pl/judgments/543225
543223|2025-07-17|SO|I ACa 2095/22|Wyrok|https://www.saos.org.pl/judgments/543223
543222|2025-07-17|SO|I ACa 2064/22|Wyrok|https://www.saos.org.pl/judgments/543222
543138|2025-07-17|SO|I ACa 1768/22|Wyrok|https://www.saos.org.pl/judgments/543138
543136|2025-07-17|SO|I ACa 1698/22|Wyrok|https://www.saos.org.pl/judgments/543136
542977|2025-07-17|SO|I ACa 1898/22|Wyrok|https://www.saos.org.pl/judgments/542977
542615|2025-07-09|SO|I ACa 1576/22|Wyrok|https://www.saos.org.pl/judgments/542615
542613|2025-07-09|SO|I ACa 1070/24|Wyrok|https://www.saos.org.pl/judgments/542613
537531|2025-07-09|SO|I ACa 2151/22|Wyrok|https://www.saos.org.pl/judgments/537531
535470|2025-07-09|SO|I ACa 1738/22|Wyrok|https://www.saos.org.pl/judgments/535470
532882|2025-07-09|SO|I C 720/24|Wyrok|https://www.saos.org.pl/judgments/532882
543514|2025-07-08|SO|I ACa 1663/22|Wyrok|https://www.saos.org.pl/judgments/543514
533238|2025-07-02|SO|I C 75/25|Uzasadnienie|https://www.saos.org.pl/judgments/533238
541176|2025-06-13|SO|I ACa 3694/24|Wyrok|https://www.saos.org.pl/judgments/541176
531527|2025-05-27|SO|II C 1939/23|Uzasadnienie|https://www.saos.org.pl/judgments/531527
542239|2025-05-22|SO|I ACa 3024/24|Wyrok|https://www.saos.org.pl/judgments/542239
541084|2025-05-22|SO|I ACa 1611/24|Wyrok|https://www.saos.org.pl/judgments/541084
541083|2025-05-22|SO|I ACa 1191/24|Wyrok|https://www.saos.org.pl/judgments/541083
540999|2025-05-22|SO|I ACa 3251/24|Wyrok|https://www.saos.org.pl/judgments/540999
540997|2025-05-14|SO|I ACa 1466/22|Wyrok|https://www.saos.org.pl/judgments/540997
528017|2025-05-14|SO|IV Ca 1193/24|Wyrok|https://www.saos.org.pl/judgments/528017
543231|2025-05-12|SO|I C 3866/23|Wyrok|https://www.saos.org.pl/judgments/543231
541000|2025-05-12|SO|I ACa 3639/24|Wyrok|https://www.saos.org.pl/judgments/541000
540134|2025-05-12|SO|I ACa 693/23|Wyrok|https://www.saos.org.pl/judgments/540134
540132|2025-04-24|SO|I ACa 356/24|Wyrok|https://www.saos.org.pl/judgments/540132
540130|2025-04-24|SO|I ACa 1939/24|Wyrok|https://www.saos.org.pl/judgments/540130
534501|2025-04-23|SO|I C 1716/21|Wyrok|https://www.saos.org.pl/judgments/534501
539641|2025-04-16|SO|I ACa 1559/22|Wyrok|https://www.saos.org.pl/judgments/539641
527212|2025-04-16|SO|I C 267/24|Wyrok|https://www.saos.org.pl/judgments/527212
539516|2025-04-08|SO|I ACa 1478/22|Wyrok|https://www.saos.org.pl/judgments/539516
527367|2025-04-08|SO|I ACa 3172/24|Wyrok|https://www.saos.org.pl/judgments/527367
539017|2025-03-27|SO|I ACa 49/23|Wyrok|https://www.saos.org.pl/judgments/539017
539015|2025-03-27|SO|I ACa 4026/24|Wyrok|https://www.saos.org.pl/judgments/539015
538671|2025-03-27|SO|I ACa 1509/24|Wyrok|https://www.saos.org.pl/judgments/538671
538036|2025-03-27|SO|I ACa 2281/24|Wyrok|https://www.saos.org.pl/judgments/538036
538034|2025-03-27|SO|I ACa 1377/22|Wyrok|https://www.saos.org.pl/judgments/538034
539013|2025-03-24|SO|I ACa 1046/23|Wyrok|https://www.saos.org.pl/judgments/539013
537993|2025-03-24|SO|I ACa 990/24|Wyrok|https://www.saos.org.pl/judgments/537993
538062|2025-03-19|SO|I ACa 1310/22|Wyrok|https://www.saos.org.pl/judgments/538062
538033|2025-03-19|SO|I ACa 1359/22|Wyrok|https://www.saos.org.pl/judgments/538033
525562|2025-03-18|SO|I ACa 2242/23|Wyrok|https://www.saos.org.pl/judgments/525562
527366|2025-03-10|SO|I ACa 1798/24|Wyrok|https://www.saos.org.pl/judgments/527366
537676|2025-03-07|SO|I ACa 1280/22|Wyrok|https://www.saos.org.pl/judgments/537676
537593|2025-03-07|SO|I ACa 3686/24|Wyrok|https://www.saos.org.pl/judgments/537593
537590|2025-03-07|SO|I ACa 1298/22|Wyrok|https://www.saos.org.pl/judgments/537590
539888|2025-03-06|SO|I ACa 2622/23|Wyrok|https://www.saos.org.pl/judgments/539888
543518|2025-02-28|SO|I ACa 2053/22|Wyrok|https://www.saos.org.pl/judgments/543518
524471|2025-02-27|SO|I C 581/23|Wyrok|https://www.saos.org.pl/judgments/524471
536878|2025-02-24|SO|I ACa 4025/24|Wyrok|https://www.saos.org.pl/judgments/536878
527164|2025-02-24|SO|I ACa 3034/24|Wyrok|https://www.saos.org.pl/judgments/527164
537059|2025-02-17|SO|I ACa 1903/24|Wyrok|https://www.saos.org.pl/judgments/537059
536903|2025-02-17|SO|I ACa 1123/24|Wyrok|https://www.saos.org.pl/judgments/536903
536412|2025-02-14|SO|I ACa 1265/22|Wyrok|https://www.saos.org.pl/judgments/536412
536701|2025-02-11|SO|I ACa 1199/22|Wyrok|https://www.saos.org.pl/judgments/536701
525559|2025-02-05|SO|I ACa 1967/23|Wyrok|https://www.saos.org.pl/judgments/525559
527166|2025-01-29|SO|I ACa 649/23|Wyrok|https://www.saos.org.pl/judgments/527166
527093|2025-01-29|SO|I ACa 2538/24|Wyrok|https://www.saos.org.pl/judgments/527093
540336|2025-01-28|SO|I ACa 184/24|Wyrok|https://www.saos.org.pl/judgments/540336
528889|2025-01-23|SO|I ACa 1629/22|Wyrok|https://www.saos.org.pl/judgments/528889
535604|2025-01-13|SO|I ACa 1241/24|Wyrok|https://www.saos.org.pl/judgments/535604
535466|2025-01-13|SO|I ACa 1289/24|Wyrok|https://www.saos.org.pl/judgments/535466
535142|2024-12-20|SO|I ACa 1623/22|Wyrok|https://www.saos.org.pl/judgments/535142
521870|2024-12-11|SO|I C 6/24|Wyrok|https://www.saos.org.pl/judgments/521870
519423|2024-11-27|SO|I C 279/24|Wyrok|https://www.saos.org.pl/judgments/519423
531493|2024-11-08|SO|I ACa 2318/23|Wyrok|https://www.saos.org.pl/judgments/531493
522990|2024-11-07|SO|I C 17/22|Wyrok|https://www.saos.org.pl/judgments/522990
531492|2024-10-31|SO|I ACa 2307/23|Wyrok|https://www.saos.org.pl/judgments/531492
517872|2024-10-30|SO|I C 318/24|Wyrok|https://www.saos.org.pl/judgments/517872
534355|2024-10-23|SO|I ACa 3450/23|Wyrok|https://www.saos.org.pl/judgments/534355
532705|2024-10-23|SO|I ACa 3292/24|Wyrok|https://www.saos.org.pl/judgments/532705
532055|2024-10-23|SO|I ACa 602/24|Wyrok|https://www.saos.org.pl/judgments/532055
532052|2024-10-23|SO|I ACa 1175/22|Wyrok|https://www.saos.org.pl/judgments/532052
531967|2024-10-16|SO|I ACa 958/22|Wyrok|https://www.saos.org.pl/judgments/531967
531964|2024-10-16|SO|I ACa 1997/23|Wyrok|https://www.saos.org.pl/judgments/531964
531806|2024-10-16|SO|I ACa 1154/22|Wyrok|https://www.saos.org.pl/judgments/531806
535000|2024-10-08|SO|I ACa 597/24|Wyrok|https://www.saos.org.pl/judgments/535000
531234|2024-10-08|SO|I ACa 634/23|Wyrok|https://www.saos.org.pl/judgments/531234
531358|2024-09-30|SO|I ACa 316/24|Wyrok|https://www.saos.org.pl/judgments/531358
520948|2024-09-17|SO|I C 73/24|Uzasadnienie|https://www.saos.org.pl/judgments/520948
516264|2024-09-10|SO|I ACa 623/23|Wyrok|https://www.saos.org.pl/judgments/516264
531489|2024-08-30|SO|I ACa 2270/23|Wyrok|https://www.saos.org.pl/judgments/531489
516048|2024-08-27|SO|III C 453/24|Wyrok|https://www.saos.org.pl/judgments/516048
544195|2024-08-12|SO|I ACa 439/23|Wyrok|https://www.saos.org.pl/judgments/544195
528451|2024-08-07|SO|I ACa 1233/22|Wyrok|https://www.saos.org.pl/judgments/528451
528165|2024-07-24|SO|I ACa 956/22|Wyrok|https://www.saos.org.pl/judgments/528165
517134|2024-07-24|SO|I C 565/23|Wyrok|https://www.saos.org.pl/judgments/517134
520184|2024-07-22|SO|I C 3197/22|Zarządzenie|https://www.saos.org.pl/judgments/520184
516314|2024-07-19|SO|I C 509/23|Wyrok|https://www.saos.org.pl/judgments/516314
521094|2024-07-09|SO|I ACa 1671/22|Wyrok|https://www.saos.org.pl/judgments/521094
528777|2024-06-27|SO|I ACa 68/22|Wyrok|https://www.saos.org.pl/judgments/528777
528608|2024-06-27|SO|I ACa 1144/22|Wyrok|https://www.saos.org.pl/judgments/528608
526540|2024-06-18|SO|I ACa 791/22|Wyrok|https://www.saos.org.pl/judgments/526540
530846|2024-06-17|SO|I ACa 2454/23|Wyrok|https://www.saos.org.pl/judgments/530846
528890|2024-06-14|SO|I ACa 1839/22|Wyrok|https://www.saos.org.pl/judgments/528890
498437|2024-06-05|SO|I C 507/23|Wyrok|https://www.saos.org.pl/judgments/498437
517811|2024-06-04|SO|XVII AmA 76/21|Wyrok|https://www.saos.org.pl/judgments/517811
519152|2024-05-29|SO|I ACa 1562/23|Wyrok|https://www.saos.org.pl/judgments/519152
498434|2024-05-22|SO|I C 506/23|Wyrok|https://www.saos.org.pl/judgments/498434
524772|2024-05-21|SO|I ACa 1093/22|Wyrok|https://www.saos.org.pl/judgments/524772
495218|2024-05-17|SO|I C 1019/23|Uzasadnienie|https://www.saos.org.pl/judgments/495218
505298|2024-05-16|SO|III C 187/24|Wyrok|https://www.saos.org.pl/judgments/505298
518180|2024-05-15|SO|I ACa 1521/23|Wyrok|https://www.saos.org.pl/judgments/518180
499536|2024-05-06|SO|I C 867/23|Uzasadnienie|https://www.saos.org.pl/judgments/499536
497992|2024-05-06|SO|I C 3979/23|Wyrok|https://www.saos.org.pl/judgments/497992
522784|2024-04-25|SO|I ACa 847/22|Wyrok|https://www.saos.org.pl/judgments/522784
518172|2024-04-17|SO|I ACa 1351/23|Wyrok|https://www.saos.org.pl/judgments/518172
515653|2024-04-17|SO|XXVII Ca 1216/23|Wyrok|https://www.saos.org.pl/judgments/515653
533353|2024-04-16|SO|I ACa 1684/22|Wyrok|https://www.saos.org.pl/judgments/533353
521104|2024-04-15|SO|I ACa 3334/23|Wyrok|https://www.saos.org.pl/judgments/521104
521594|2024-04-12|SO|I ACa 828/22|Wyrok|https://www.saos.org.pl/judgments/521594
541019|2024-04-11|SO|III C 465/21|Wyrok|https://www.saos.org.pl/judgments/541019
521731|2024-04-05|SO|I ACa 764/22|Wyrok|https://www.saos.org.pl/judgments/521731
525075|2024-04-03|SO|I ACa 1568/23|Wyrok|https://www.saos.org.pl/judgments/525075
520314|2024-03-29|SO|II Ca 1511/23|Wyrok|https://www.saos.org.pl/judgments/520314
521592|2024-03-19|SO|I ACa 639/22|Wyrok|https://www.saos.org.pl/judgments/521592
531471|2024-03-14|SO|I ACa 1360/23|Wyrok|https://www.saos.org.pl/judgments/531471
493584|2024-03-13|SO|I ACa 1389/21|Wyrok|https://www.saos.org.pl/judgments/493584
521730|2024-03-07|SO|I ACa 563/22|Wyrok|https://www.saos.org.pl/judgments/521730
495546|2024-03-04|SO|I C 12/23|Wyrok|https://www.saos.org.pl/judgments/495546
544618|2024-02-29|SO|V ACa 450/22|Wyrok|https://www.saos.org.pl/judgments/544618
533220|2024-02-27|SO|I ACa 2340/22|Wyrok|https://www.saos.org.pl/judgments/533220
519148|2024-02-14|SO|I ACa 1117/22|Wyrok|https://www.saos.org.pl/judgments/519148
494302|2024-02-02|SO|I ACa 547/22|Wyrok|https://www.saos.org.pl/judgments/494302
496238|2024-02-01|SO|I C 1644/21|Wyrok|https://www.saos.org.pl/judgments/496238
519039|2024-01-26|SO|I ACa 519/22|Wyrok|https://www.saos.org.pl/judgments/519039
518165|2024-01-25|SO|I ACa 1233/23|Wyrok|https://www.saos.org.pl/judgments/518165
517185|2024-01-10|SO|I ACa 463/22|Wyrok|https://www.saos.org.pl/judgments/517185
494103|2024-01-10|SO|I ACa 357/22|Wyrok|https://www.saos.org.pl/judgments/494103
516540|2024-01-05|SO|I C 500/23|Zarządzenie|https://www.saos.org.pl/judgments/516540
494610|2023-12-20|SO|I ACa 814/22|Wyrok|https://www.saos.org.pl/judgments/494610
519032|2023-12-19|SO|I ACa 2017/22|Wyrok|https://www.saos.org.pl/judgments/519032
493374|2023-12-19|SO|I ACa 1132/23|Wyrok|https://www.saos.org.pl/judgments/493374
496272|2023-12-13|SO|I C 1673/22|Wyrok|https://www.saos.org.pl/judgments/496272
519379|2023-12-11|SO|I ACa 1724/22|Wyrok|https://www.saos.org.pl/judgments/519379
516673|2023-12-06|SO|XVII AmA 34/23|Wyrok|https://www.saos.org.pl/judgments/516673
494796|2023-11-29|SO|I ACa 964/23|Wyrok|https://www.saos.org.pl/judgments/494796
497982|2023-11-27|SO|I C 3942/22|Wyrok|https://www.saos.org.pl/judgments/497982
493949|2023-11-24|SO|I ACa 250/22|Wyrok|https://www.saos.org.pl/judgments/493949
493908|2023-11-24|SO|I ACa 22/22|Wyrok|https://www.saos.org.pl/judgments/493908
493371|2023-11-24|SO|I ACa 113/22|Wyrok|https://www.saos.org.pl/judgments/493371
510061|2023-11-21|SO|V Ca 3462/22|Wyrok|https://www.saos.org.pl/judgments/510061
494476|2023-11-03|SO|I ACa 691/21|Wyrok|https://www.saos.org.pl/judgments/494476
494187|2023-11-03|SO|I ACa 440/22|Wyrok|https://www.saos.org.pl/judgments/494187
495732|2023-10-24|SO|I C 1290/23|Wyrok|https://www.saos.org.pl/judgments/495732
496982|2023-10-18|SO|I C 239/23|Wyrok|https://www.saos.org.pl/judgments/496982
495717|2023-10-16|SO|I C 1283/23|Wyrok|https://www.saos.org.pl/judgments/495717
515516|2023-10-12|SO|XXV C 1720/20|Wyrok|https://www.saos.org.pl/judgments/515516
497787|2023-10-12|SO|I C 3565/21|Wyrok|https://www.saos.org.pl/judgments/497787
520136|2023-10-09|SO|V Ca 2740/23|Wyrok|https://www.saos.org.pl/judgments/520136
515627|2023-10-03|SO|XXV C 962/20|Wyrok|https://www.saos.org.pl/judgments/515627
515586|2023-10-03|SO|XXV C 435/23|Wyrok|https://www.saos.org.pl/judgments/515586
494241|2023-10-03|SO|I ACa 488/22|Wyrok|https://www.saos.org.pl/judgments/494241
493279|2023-09-28|SO|I ACa 1037/22|Wyrok|https://www.saos.org.pl/judgments/493279
515553|2023-09-26|SO|XXV C 2749/20|Wyrok|https://www.saos.org.pl/judgments/515553
494588|2023-09-22|SO|I ACa 79/22|Wyrok|https://www.saos.org.pl/judgments/494588
515585|2023-09-21|SO|XXV C 431/23|Wyrok|https://www.saos.org.pl/judgments/515585
493689|2023-09-07|SO|I ACa 1534/22|Wyrok|https://www.saos.org.pl/judgments/493689
495748|2023-08-30|SO|I C 130/23|Wyrok|https://www.saos.org.pl/judgments/495748
515995|2023-08-28|SO|I C 1500/22|Uzasadnienie|https://www.saos.org.pl/judgments/515995
493372|2023-08-17|SO|I ACa 113/23|Wyrok|https://www.saos.org.pl/judgments/493372
516461|2023-08-10|SO|I ACa 791/22|Wyrok|https://www.saos.org.pl/judgments/516461
498488|2023-08-03|SO|I C 519/22|Wyrok|https://www.saos.org.pl/judgments/498488
493804|2023-07-28|SO|I ACa 1810/22|Wyrok|https://www.saos.org.pl/judgments/493804
505351|2023-07-20|SO|III C 372/22|Wyrok|https://www.saos.org.pl/judgments/505351
528134|2023-06-28|SO|I C 132/22|Wyrok|https://www.saos.org.pl/judgments/528134
515552|2023-06-22|SO|XXV C 2746/20|Wyrok|https://www.saos.org.pl/judgments/515552
492256|2023-06-14|SO|I C 150/23|Wyrok|https://www.saos.org.pl/judgments/492256
494749|2023-06-06|SO|I ACa 927/22|Wyrok|https://www.saos.org.pl/judgments/494749
516367|2023-05-30|SO|I ACa 1289/22|Wyrok|https://www.saos.org.pl/judgments/516367
516343|2023-05-25|SO|I ACa 1054/22|Uzasadnienie|https://www.saos.org.pl/judgments/516343
515488|2023-05-25|SO|XXV C 1054/20|Wyrok|https://www.saos.org.pl/judgments/515488
494329|2023-05-09|SO|I ACa 567/21|Wyrok|https://www.saos.org.pl/judgments/494329
506397|2023-04-26|SO|III Ca 2579/21|Uzasadnienie|https://www.saos.org.pl/judgments/506397
493703|2023-04-26|SO|I ACa 1559/21|Wyrok|https://www.saos.org.pl/judgments/493703
535272|2023-04-24|SO|V ACa 12/22|Wyrok|https://www.saos.org.pl/judgments/535272
505734|2023-04-14|SO|III Ca 1560/21|Uzasadnienie|https://www.saos.org.pl/judgments/505734
492778|2023-04-04|SO|XXV C 928/20|Wyrok|https://www.saos.org.pl/judgments/492778
515546|2023-03-30|SO|XXV C 2664/19|Wyrok|https://www.saos.org.pl/judgments/515546
515535|2023-03-30|SO|XXV C 2081/21|Wyrok|https://www.saos.org.pl/judgments/515535
489485|2023-03-30|SO|I C 627/22|Wyrok|https://www.saos.org.pl/judgments/489485
515519|2023-03-29|SO|XXV C 180/22|Wyrok|https://www.saos.org.pl/judgments/515519
528022|2023-03-23|SO|V ACa 254/22|Wyrok|https://www.saos.org.pl/judgments/528022
505704|2023-03-22|SO|III Ca 1507/22|Uzasadnienie|https://www.saos.org.pl/judgments/505704
486728|2023-03-20|SO|V ACa 795/22|Wyrok|https://www.saos.org.pl/judgments/486728
516456|2023-03-17|SO|I ACa 713/22|Wyrok|https://www.saos.org.pl/judgments/516456
494321|2023-03-06|SO|I ACa 558/22|Wyrok|https://www.saos.org.pl/judgments/494321
491058|2023-03-06|SO|I C 702/21|Uzasadnienie|https://www.saos.org.pl/judgments/491058
516348|2023-03-02|SO|I ACa 1103/22|Wyrok|https://www.saos.org.pl/judgments/516348
488642|2023-03-02|SO|XXV C 2512/20|Wyrok|https://www.saos.org.pl/judgments/488642
484771|2023-02-21|SO|V ACa 485/22|Wyrok|https://www.saos.org.pl/judgments/484771
485676|2023-02-17|SO|I C 580/22|Wyrok|https://www.saos.org.pl/judgments/485676
514384|2023-02-14|SO|X C 1712/22|Wyrok|https://www.saos.org.pl/judgments/514384
490307|2023-02-10|SO|XXV C 1039/20|Wyrok|https://www.saos.org.pl/judgments/490307
510565|2023-02-06|SO|VI ACa 221/22|Wyrok|https://www.saos.org.pl/judgments/510565
482956|2023-01-25|SO|III Ca 946/22|Wyrok|https://www.saos.org.pl/judgments/482956
493492|2022-12-29|SO|I ACa 1260/21|Wyrok|https://www.saos.org.pl/judgments/493492
480350|2022-12-13|SO|III Ca 830/22|Wyrok|https://www.saos.org.pl/judgments/480350
494175|2022-11-30|SO|I ACa 424/21|Wyrok|https://www.saos.org.pl/judgments/494175
483494|2022-11-29|SO|II Ca 3492/21|Wyrok|https://www.saos.org.pl/judgments/483494
516431|2022-11-17|SO|I ACa 467/22|Wyrok|https://www.saos.org.pl/judgments/516431
483621|2022-10-27|SO|I ACa 183/22|Wyrok|https://www.saos.org.pl/judgments/483621
481217|2022-10-27|SO|I Ca 393/22|Wyrok|https://www.saos.org.pl/judgments/481217
478726|2022-10-26|SO|I C 360/22|Wyrok|https://www.saos.org.pl/judgments/478726
510584|2022-10-25|SO|VI ACa 943/21|Wyrok|https://www.saos.org.pl/judgments/510584
494184|2022-10-24|SO|I ACa 436/22|Wyrok|https://www.saos.org.pl/judgments/494184
479354|2022-10-24|SO|III Ca 1105/21|Wyrok|https://www.saos.org.pl/judgments/479354
493484|2022-10-21|SO|I ACa 1251/21|Wyrok|https://www.saos.org.pl/judgments/493484
479770|2022-10-12|SO|I ACa 193/21|Wyrok|https://www.saos.org.pl/judgments/479770
476570|2022-10-05|SO|I C 361/22|Wyrok|https://www.saos.org.pl/judgments/476570
543786|2022-09-30|SO|III C 1191/19|Wyrok|https://www.saos.org.pl/judgments/543786
495252|2022-09-29|SO|I C 1032/21|Wyrok|https://www.saos.org.pl/judgments/495252
494123|2022-09-23|SO|I ACa 379/22|Wyrok|https://www.saos.org.pl/judgments/494123
509786|2022-09-19|SO|V ACa 411/22|Wyrok|https://www.saos.org.pl/judgments/509786
477833|2022-09-16|SO|VI Ca 450/22|Wyrok|https://www.saos.org.pl/judgments/477833
488140|2022-09-01|SO|II C 1227/21|Wyrok|https://www.saos.org.pl/judgments/488140
509758|2022-08-30|SO|V ACa 292/22|Wyrok|https://www.saos.org.pl/judgments/509758
474921|2022-08-29|SO|I ACa 819/21|Wyrok|https://www.saos.org.pl/judgments/474921
497164|2022-08-24|SO|I C 2610/20|Wyrok|https://www.saos.org.pl/judgments/497164
485358|2022-08-22|SO|III Ca 209/22|Uzasadnienie|https://www.saos.org.pl/judgments/485358
473081|2022-08-22|SO|II C 1045/22|Zarządzenie|https://www.saos.org.pl/judgments/473081
494106|2022-07-28|SO|I ACa 36/22|Wyrok|https://www.saos.org.pl/judgments/494106
493921|2022-07-15|SO|I ACa 227/22|Uzasadnienie|https://www.saos.org.pl/judgments/493921
493901|2022-07-15|SO|I ACa 216/22|Wyrok|https://www.saos.org.pl/judgments/493901
476190|2022-07-11|SO|III Ca 135/21|Uzasadnienie|https://www.saos.org.pl/judgments/476190
474915|2022-07-11|SO|I ACa 386/21|Wyrok|https://www.saos.org.pl/judgments/474915
527270|2022-07-08|SO|I C 2497/20|Wyrok|https://www.saos.org.pl/judgments/527270
522866|2022-07-07|SO|XXV C 3328/19|Wyrok|https://www.saos.org.pl/judgments/522866
522780|2022-07-07|SO|XXV C 53/20|Wyrok|https://www.saos.org.pl/judgments/522780
522779|2022-07-07|SO|XXV C 3587/20|Wyrok|https://www.saos.org.pl/judgments/522779
478725|2022-07-06|SO|I C 253/20|Wyrok|https://www.saos.org.pl/judgments/478725
473045|2022-07-06|SO|I ACa 253/21|Wyrok|https://www.saos.org.pl/judgments/473045
493898|2022-06-30|SO|I ACa 215/22|Wyrok|https://www.saos.org.pl/judgments/493898
478201|2022-06-25|SO|III C 947/18|Wyrok|https://www.saos.org.pl/judgments/478201
469658|2022-06-23|SO|V ACa 176/21|Wyrok|https://www.saos.org.pl/judgments/469658
485463|2022-06-20|SO|VI ACa 116/21|Wyrok|https://www.saos.org.pl/judgments/485463
469528|2022-06-13|SO|I ACa 507/21|Wyrok|https://www.saos.org.pl/judgments/469528
469523|2022-06-13|SO|I ACa 309/21|Wyrok|https://www.saos.org.pl/judgments/469523
493983|2022-06-08|SO|I ACa 27/22|Wyrok|https://www.saos.org.pl/judgments/493983
469531|2022-06-08|SO|I ACa 771/21|Wyrok|https://www.saos.org.pl/judgments/469531
482839|2022-06-03|SO|I ACa 912/21|Wyrok|https://www.saos.org.pl/judgments/482839
471353|2022-06-03|SO|II C 815/20|Zarządzenie|https://www.saos.org.pl/judgments/471353
475622|2022-06-02|SO|I C 1597/20|Zarządzenie|https://www.saos.org.pl/judgments/475622
469014|2022-06-02|SO|I ACa 807/21|Wyrok|https://www.saos.org.pl/judgments/469014
469005|2022-05-27|SO|I ACa 410/21|Wyrok|https://www.saos.org.pl/judgments/469005
494786|2022-05-26|SO|I ACa 959/21|Wyrok|https://www.saos.org.pl/judgments/494786
472402|2022-05-25|SO|I C 1010/21|Wyrok|https://www.saos.org.pl/judgments/472402
469432|2022-05-25|SO|I C 1841/21|Wyrok|https://www.saos.org.pl/judgments/469432
478049|2022-05-24|SO|I C 479/21|Wyrok|https://www.saos.org.pl/judgments/478049
477071|2022-05-20|SO|I ACa 76/22|Uzasadnienie|https://www.saos.org.pl/judgments/477071
475867|2022-05-17|SO|VI ACa 568/21|Wyrok|https://www.saos.org.pl/judgments/475867
497059|2022-05-16|SO|I C 2479/20|Wyrok|https://www.saos.org.pl/judgments/497059
497001|2022-05-16|SO|I C 2404/20|Wyrok|https://www.saos.org.pl/judgments/497001
470713|2022-05-12|SO|V ACa 105/20|Wyrok|https://www.saos.org.pl/judgments/470713
494364|2022-05-11|SO|I ACa 593/21|Wyrok|https://www.saos.org.pl/judgments/494364
470015|2022-05-09|SO|I C 440/21|Wyrok|https://www.saos.org.pl/judgments/470015
482744|2022-04-29|SO|I ACa 980/21|Wyrok|https://www.saos.org.pl/judgments/482744
470679|2022-04-29|SO|I ACa 885/21|Wyrok|https://www.saos.org.pl/judgments/470679
473432|2022-04-28|SO|I C 134/21|Zarządzenie|https://www.saos.org.pl/judgments/473432
473942|2022-04-27|SO|I C 988/21|Wyrok|https://www.saos.org.pl/judgments/473942
468998|2022-04-27|SO|I ACa 133/21|Wyrok|https://www.saos.org.pl/judgments/468998
477048|2022-04-26|SO|V ACa 280/19|Wyrok|https://www.saos.org.pl/judgments/477048
476796|2022-04-21|SO|V ACa 177/21|Wyrok|https://www.saos.org.pl/judgments/476796
470596|2022-04-19|SO|VIII C 1072/21|Wyrok|https://www.saos.org.pl/judgments/470596
494102|2022-04-08|SO|I ACa 357/21|Wyrok|https://www.saos.org.pl/judgments/494102
463545|2022-04-08|SO|I ACa 896/20|Wyrok|https://www.saos.org.pl/judgments/463545
496258|2022-04-06|SO|I C 1661/19|Wyrok|https://www.saos.org.pl/judgments/496258
497561|2022-04-04|SO|I C 3178/20|Wyrok|https://www.saos.org.pl/judgments/497561
467357|2022-04-04|SO|I C 252/21|Zarządzenie|https://www.saos.org.pl/judgments/467357
465116|2022-03-28|SO|XVII AmA 59/20|Wyrok|https://www.saos.org.pl/judgments/465116
463544|2022-03-24|SO|I ACa 849/20|Wyrok|https://www.saos.org.pl/judgments/463544
475162|2022-03-23|SO|I ACa 936/21|Wyrok|https://www.saos.org.pl/judgments/475162
470348|2022-03-23|SO|I C 55/21|Zarządzenie|https://www.saos.org.pl/judgments/470348
468209|2022-03-23|SO|III C 1397/17|Wyrok|https://www.saos.org.pl/judgments/468209
464906|2022-03-23|SO|VI ACa 956/20|Wyrok|https://www.saos.org.pl/judgments/464906
463757|2022-03-07|SO|XXV C 3517/20|Wyrok|https://www.saos.org.pl/judgments/463757
467904|2022-02-28|SO|III C 2687/20|Wyrok|https://www.saos.org.pl/judgments/467904
467171|2022-02-24|SO|I ACa 685/21|Wyrok|https://www.saos.org.pl/judgments/467171
517501|2022-02-21|SO|XXV C 98/22|Wyrok|https://www.saos.org.pl/judgments/517501
464455|2022-02-21|SO|I C 16/22|Wyrok|https://www.saos.org.pl/judgments/464455
460073|2022-02-14|SO|III C 1615/19|Wyrok|https://www.saos.org.pl/judgments/460073
459890|2022-02-10|SO|I ACa 826/21|Wyrok|https://www.saos.org.pl/judgments/459890
458489|2022-02-04|SO|I ACa 84/21|Wyrok|https://www.saos.org.pl/judgments/458489
467321|2022-02-02|SO|I ACa 174/21|Wyrok|https://www.saos.org.pl/judgments/467321
458674|2022-01-28|SO|I C 1919/20|Wyrok|https://www.saos.org.pl/judgments/458674
464780|2022-01-19|SO|V ACa 243/21|Wyrok|https://www.saos.org.pl/judgments/464780
464568|2022-01-13|SO|I C 924/21|Wyrok|https://www.saos.org.pl/judgments/464568
486492|2022-01-10|SO|XXV C 3006/19|Wyrok|https://www.saos.org.pl/judgments/486492
458541|2022-01-10|SO|XXV C 31/20|Wyrok|https://www.saos.org.pl/judgments/458541
458057|2022-01-10|SO|XXV C 2265/19|Wyrok|https://www.saos.org.pl/judgments/458057
461639|2022-01-05|SO|I C 495/20|Wyrok|https://www.saos.org.pl/judgments/461639
461917|2021-12-31|SO|I C 435/21|Wyrok|https://www.saos.org.pl/judgments/461917
464445|2021-12-30|SO|I ACa 632/21|Wyrok|https://www.saos.org.pl/judgments/464445
469810|2021-12-28|SO|VI ACa 593/20|Wyrok|https://www.saos.org.pl/judgments/469810
460031|2021-12-22|SO|I C 436/21|Wyrok|https://www.saos.org.pl/judgments/460031
455607|2021-12-21|SO|I C 126/20|Wyrok|https://www.saos.org.pl/judgments/455607
468088|2021-12-20|SO|I ACa 160/21|Wyrok|https://www.saos.org.pl/judgments/468088
464444|2021-12-20|SO|I ACa 619/21|Wyrok|https://www.saos.org.pl/judgments/464444
464382|2021-12-14|SO|I ACa 636/21|Wyrok|https://www.saos.org.pl/judgments/464382
454442|2021-12-13|SO|I ACa 115/21|Wyrok|https://www.saos.org.pl/judgments/454442
468087|2021-12-10|SO|I ACa 110/21|Wyrok|https://www.saos.org.pl/judgments/468087
530247|2021-12-09|SO|II Ca 778/21|Wyrok|https://www.saos.org.pl/judgments/530247
452087|2021-12-02|SO|I C 809/21|Uzasadnienie|https://www.saos.org.pl/judgments/452087
473217|2021-11-30|SO|XXV C 877/20|Wyrok|https://www.saos.org.pl/judgments/473217
478548|2021-11-26|SO|V Ca 388/21|Wyrok|https://www.saos.org.pl/judgments/478548
461905|2021-11-23|SO|I ACa 469/21|Wyrok|https://www.saos.org.pl/judgments/461905
452984|2021-11-19|SO|XXV C 1797/17|Wyrok|https://www.saos.org.pl/judgments/452984
469111|2021-11-04|SO|II C 1303/19|Zarządzenie|https://www.saos.org.pl/judgments/469111
459450|2021-11-04|SO|I C 659/20|Zarządzenie|https://www.saos.org.pl/judgments/459450
470233|2021-10-26|SO|I C 207/20|Zarządzenie|https://www.saos.org.pl/judgments/470233
478344|2021-10-22|SO|XXV C 2996/20|Wyrok|https://www.saos.org.pl/judgments/478344
468651|2021-10-07|SO|I C 244/20|Uzasadnienie|https://www.saos.org.pl/judgments/468651
455708|2021-10-01|SO|XXV C 1069/20|Wyrok|https://www.saos.org.pl/judgments/455708
453471|2021-10-01|SO|XXV C 2122/19|Wyrok|https://www.saos.org.pl/judgments/453471
486513|2021-09-16|SO|I C 1648/20|Zarządzenie|https://www.saos.org.pl/judgments/486513
471012|2021-09-06|SO|I C 1702/21|Wyrok|https://www.saos.org.pl/judgments/471012
448225|2021-08-02|SO|XXV C 4248/20|Wyrok|https://www.saos.org.pl/judgments/448225
458890|2021-07-30|SO|III Ca 962/20|Uzasadnienie|https://www.saos.org.pl/judgments/458890
446581|2021-07-29|SO|XXV C 2969/18|Wyrok|https://www.saos.org.pl/judgments/446581
515583|2021-07-27|SO|XXV C 428/19|Wyrok|https://www.saos.org.pl/judgments/515583
484960|2021-07-12|SO|I C 550/20|Zarządzenie|https://www.saos.org.pl/judgments/484960
475404|2021-06-28|SO|I C 326/20|Zarządzenie|https://www.saos.org.pl/judgments/475404
447849|2021-06-24|SO|XXV C 3087/18|Wyrok|https://www.saos.org.pl/judgments/447849
446570|2021-06-24|SO|XXV C 179/19|Wyrok|https://www.saos.org.pl/judgments/446570
445802|2021-06-24|SO|XXV C 876/19|Wyrok|https://www.saos.org.pl/judgments/445802
448871|2021-06-21|SO|I C 391/20|Zarządzenie|https://www.saos.org.pl/judgments/448871
447668|2021-06-16|SO|I C 103/21|Wyrok|https://www.saos.org.pl/judgments/447668
471086|2021-06-14|SO|I C 1364/20|Zarządzenie|https://www.saos.org.pl/judgments/471086
442368|2021-06-14|SO|I C 699/20|Zarządzenie|https://www.saos.org.pl/judgments/442368
458966|2021-06-11|SO|XXV C 2961/18|Wyrok|https://www.saos.org.pl/judgments/458966
444025|2021-06-10|SO|I C 371/20|Wyrok|https://www.saos.org.pl/judgments/444025
448641|2021-06-07|SO|XXV C 4291/20|Wyrok|https://www.saos.org.pl/judgments/448641
446714|2021-06-07|SO|XXV C 4291/20|Wyrok|https://www.saos.org.pl/judgments/446714
447848|2021-05-31|SO|XXV C 3027/18|Wyrok|https://www.saos.org.pl/judgments/447848
459808|2021-05-25|SO|XVII AmT 234/19|Wyrok|https://www.saos.org.pl/judgments/459808
453748|2021-05-21|SO|XXV C 1877/17|Wyrok|https://www.saos.org.pl/judgments/453748
443893|2021-05-17|SO|XXV C 2959/18|Wyrok|https://www.saos.org.pl/judgments/443893
450804|2021-04-30|SO|XXV C 864/19|Wyrok|https://www.saos.org.pl/judgments/450804
450198|2021-04-30|SO|XXV C 1934/19|Wyrok|https://www.saos.org.pl/judgments/450198
452466|2021-04-22|SO|V AGa 141/20|Wyrok|https://www.saos.org.pl/judgments/452466
446566|2021-04-06|SO|XXV C 1215/18|Wyrok|https://www.saos.org.pl/judgments/446566
453618|2021-03-29|SO|V ACa 652/20|Wyrok|https://www.saos.org.pl/judgments/453618
434964|2021-03-05|SO|I C 1213/19|Wyrok|https://www.saos.org.pl/judgments/434964
435903|2021-03-03|SO|I C 569/20|Wyrok|https://www.saos.org.pl/judgments/435903
435349|2021-03-03|SO|I C 599/20|Wyrok|https://www.saos.org.pl/judgments/435349
435348|2021-03-03|SO|I C 572/20|Wyrok|https://www.saos.org.pl/judgments/435348
501662|2021-02-25|SO|II Ca 1373/20|Wyrok|https://www.saos.org.pl/judgments/501662
452143|2021-02-18|SO|XXV C 2554/18|Wyrok|https://www.saos.org.pl/judgments/452143
463543|2021-02-17|SO|XXVII Ca 1300/19|Wyrok|https://www.saos.org.pl/judgments/463543
444998|2021-02-04|SO|I ACa 377/20|Uzasadnienie|https://www.saos.org.pl/judgments/444998
477772|2021-02-03|SO|I C 369/20|Wyrok|https://www.saos.org.pl/judgments/477772
449832|2021-02-03|SO|IV C 1420/19|Wyrok|https://www.saos.org.pl/judgments/449832
441133|2021-02-02|SO|XXV C 2370/18|Wyrok|https://www.saos.org.pl/judgments/441133
436766|2021-02-01|SO|I C 1482/20|Wyrok|https://www.saos.org.pl/judgments/436766
537789|2021-01-28|SO|I C 612/20|Wyrok|https://www.saos.org.pl/judgments/537789
436765|2021-01-28|SO|I C 1480/20|Wyrok|https://www.saos.org.pl/judgments/436765
434014|2021-01-28|SO|I C 1172/20|Wyrok|https://www.saos.org.pl/judgments/434014
432642|2021-01-28|SO|XXV C 1903/19|Wyrok|https://www.saos.org.pl/judgments/432642
436459|2021-01-26|SO|III C 1768/18|Wyrok|https://www.saos.org.pl/judgments/436459
439021|2021-01-19|SO|III Ca 1585/19|Wyrok|https://www.saos.org.pl/judgments/439021
431994|2021-01-11|SO|XXV C 1973/17|Wyrok|https://www.saos.org.pl/judgments/431994
446572|2021-01-08|SO|XXV C 196/19|Wyrok|https://www.saos.org.pl/judgments/446572
434607|2020-12-30|SO|XXV C 855/18|Wyrok|https://www.saos.org.pl/judgments/434607
432485|2020-12-30|SO|XXV C 2125/18|Wyrok|https://www.saos.org.pl/judgments/432485
468003|2020-12-21|SO|XXV C 698/18|Wyrok|https://www.saos.org.pl/judgments/468003
429905|2020-12-15|SO|I C 778/19|Wyrok|https://www.saos.org.pl/judgments/429905
430988|2020-12-11|SO|XVII AmA 22/19|Wyrok|https://www.saos.org.pl/judgments/430988
428483|2020-12-10|SO|I C 361/20|Wyrok|https://www.saos.org.pl/judgments/428483
430494|2020-12-08|SO|I ACz 443/20|Postanowienie|https://www.saos.org.pl/judgments/430494
446158|2020-12-07|SO|XXV C 2185/20|Wyrok|https://www.saos.org.pl/judgments/446158
432268|2020-12-07|SO|XXV C 2440/19|Wyrok|https://www.saos.org.pl/judgments/432268
449070|2020-12-04|SO|III C 557/18|Wyrok|https://www.saos.org.pl/judgments/449070
449069|2020-12-02|SO|III C 261/18|Wyrok|https://www.saos.org.pl/judgments/449069
428015|2020-11-27|SO|I C 428/20|Wyrok|https://www.saos.org.pl/judgments/428015
432474|2020-11-25|SO|VI ACa 779/19|Wyrok|https://www.saos.org.pl/judgments/432474
428104|2020-11-23|SO|XXV C 2829/18|Wyrok|https://www.saos.org.pl/judgments/428104
426698|2020-11-19|SO|I ACa 265/20|Wyrok|https://www.saos.org.pl/judgments/426698
490797|2020-11-10|SO|I C 1027/16|Wyrok|https://www.saos.org.pl/judgments/490797
430794|2020-11-10|SO|I ACa 165/19|Wyrok|https://www.saos.org.pl/judgments/430794
441745|2020-11-06|SO|XXV C 355/18|Wyrok|https://www.saos.org.pl/judgments/441745
426386|2020-11-06|SO|I C 448/20|Wyrok|https://www.saos.org.pl/judgments/426386
429681|2020-11-05|SO|XXV C 306/18|Wyrok|https://www.saos.org.pl/judgments/429681
433955|2020-11-04|SO|I ACa 352/19|Wyrok|https://www.saos.org.pl/judgments/433955
426334|2020-11-04|SO|I C 401/20|Wyrok|https://www.saos.org.pl/judgments/426334
426335|2020-10-29|SO|I C 405/20|Wyrok|https://www.saos.org.pl/judgments/426335
425568|2020-10-29|SO|I C 121/20|Wyrok|https://www.saos.org.pl/judgments/425568
424612|2020-10-19|SO|XXV C 2954/18|Wyrok|https://www.saos.org.pl/judgments/424612
424609|2020-10-19|SO|XXV C 2306/18|Wyrok|https://www.saos.org.pl/judgments/424609
424951|2020-10-14|SO|I C 1167/19|Wyrok|https://www.saos.org.pl/judgments/424951
429682|2020-10-12|SO|XXV C 608/18|Wyrok|https://www.saos.org.pl/judgments/429682
425603|2020-10-12|SO|I C 852/20|Wyrok|https://www.saos.org.pl/judgments/425603
424788|2020-10-12|SO|XXV C 2130/17|Wyrok|https://www.saos.org.pl/judgments/424788
422901|2020-10-06|SO|I ACa 528/19|Wyrok|https://www.saos.org.pl/judgments/422901
468143|2020-10-05|SO|XXV C 2484/19|Wyrok|https://www.saos.org.pl/judgments/468143
430766|2020-09-28|SO|XXV C 3280/19|Wyrok|https://www.saos.org.pl/judgments/430766
461360|2020-09-23|SO|XXV C 3257/19|Wyrok|https://www.saos.org.pl/judgments/461360
461350|2020-09-14|SO|XXV C 2040/19|Wyrok|https://www.saos.org.pl/judgments/461350
420485|2020-09-14|SO|XXV C 819/19|Zarządzenie|https://www.saos.org.pl/judgments/420485
461365|2020-09-04|SO|XXV C 712/19|Wyrok|https://www.saos.org.pl/judgments/461365
423357|2020-09-03|SO|XII C 886/19|Wyrok|https://www.saos.org.pl/judgments/423357
461355|2020-08-28|SO|XXV C 2417/19|Wyrok|https://www.saos.org.pl/judgments/461355
421883|2020-08-28|SO|XXV C 2489/19|Wyrok|https://www.saos.org.pl/judgments/421883
420483|2020-08-18|SO|XXV C 1525/17|Wyrok|https://www.saos.org.pl/judgments/420483
426362|2020-08-17|SO|VIII C 413/20|Wyrok|https://www.saos.org.pl/judgments/426362
427670|2020-08-14|SO|I ACa 1044/19|Wyrok|https://www.saos.org.pl/judgments/427670
453746|2020-08-10|SO|XXV C 1175/16|Wyrok|https://www.saos.org.pl/judgments/453746
425291|2020-07-30|SO|I C 224/19|Uzasadnienie|https://www.saos.org.pl/judgments/425291
421189|2020-07-27|SO|XXV C 1201/18|Wyrok|https://www.saos.org.pl/judgments/421189
446579|2020-07-20|SO|XXV C 282/19|Wyrok|https://www.saos.org.pl/judgments/446579
464426|2020-07-09|SO|XXV C 1050/18|Wyrok|https://www.saos.org.pl/judgments/464426
440749|2020-07-08|SO|XXV C 908/19|Wyrok|https://www.saos.org.pl/judgments/440749
440748|2020-07-07|SO|XXV C 2272/17|Wyrok|https://www.saos.org.pl/judgments/440748
427727|2020-07-03|SO|I ACa 735/19|Wyrok|https://www.saos.org.pl/judgments/427727
420721|2020-06-30|SO|VI ACa 547/19|Wyrok|https://www.saos.org.pl/judgments/420721
421043|2020-06-29|SO|XXV C 2882/18|Wyrok|https://www.saos.org.pl/judgments/421043
421190|2020-06-18|SO|XXV C 2522/18|Wyrok|https://www.saos.org.pl/judgments/421190
421191|2020-06-15|SO|XXV C 262/19|Wyrok|https://www.saos.org.pl/judgments/421191
414798|2020-06-10|SO|I C 74/20|Wyrok|https://www.saos.org.pl/judgments/414798
441134|2020-06-08|SO|XXV C 2861/18|Wyrok|https://www.saos.org.pl/judgments/441134
423361|2020-06-08|SO|XXV C 1156/17|Wyrok|https://www.saos.org.pl/judgments/423361
461761|2020-06-05|SO|XXV C 3102/18|Wyrok|https://www.saos.org.pl/judgments/461761
446263|2020-06-02|SO|XXV C 1085/19|Wyrok|https://www.saos.org.pl/judgments/446263
524813|2020-04-08|SO|II Ca 186/20|Wyrok|https://www.saos.org.pl/judgments/524813
408351|2020-03-26|SO|XII C 466/19|Wyrok|https://www.saos.org.pl/judgments/408351
411917|2020-03-25|SO|I C 2850/17|Uzasadnienie|https://www.saos.org.pl/judgments/411917
429736|2020-03-06|SO|I ACa 840/19|Wyrok|https://www.saos.org.pl/judgments/429736
412127|2020-03-06|SO|XXV C 1158/18|Wyrok|https://www.saos.org.pl/judgments/412127
472279|2020-03-05|SO|III AUa 2298/18|Uzasadnienie|https://www.saos.org.pl/judgments/472279
413117|2020-03-05|SO|I C 401/18|Uzasadnienie|https://www.saos.org.pl/judgments/413117
413099|2020-03-04|SO|I C 1557/19|Zarządzenie|https://www.saos.org.pl/judgments/413099
409314|2020-03-04|SO|III C 722/18|Wyrok|https://www.saos.org.pl/judgments/409314
418281|2020-03-03|SO|XXV C 429/19|Wyrok|https://www.saos.org.pl/judgments/418281
418273|2020-03-02|SO|XXV C 133/19|Wyrok|https://www.saos.org.pl/judgments/418273
409999|2020-03-02|SO|XXV C 2880/18|Wyrok|https://www.saos.org.pl/judgments/409999
408225|2020-02-27|SO|VIII C 330/19|Wyrok|https://www.saos.org.pl/judgments/408225
407597|2020-02-27|SO|I C 1032/19|Wyrok|https://www.saos.org.pl/judgments/407597
406469|2020-02-27|SO|I C 1777/19|Uzasadnienie|https://www.saos.org.pl/judgments/406469
410997|2020-02-25|SO|XXV C 905/19|Wyrok|https://www.saos.org.pl/judgments/410997
416714|2020-02-24|SO|XXV C 2725/18|Wyrok|https://www.saos.org.pl/judgments/416714
421125|2020-02-21|SO|XXV C 567/19|Wyrok|https://www.saos.org.pl/judgments/421125
429719|2020-02-06|SO|I ACa 546/18|Wyrok|https://www.saos.org.pl/judgments/429719
407096|2020-02-06|SO|XXV C 1046/17|Wyrok|https://www.saos.org.pl/judgments/407096
406877|2020-02-06|SO|XXV C 2607/18|Wyrok|https://www.saos.org.pl/judgments/406877
418280|2020-02-05|SO|XXV C 2893/19|Wyrok|https://www.saos.org.pl/judgments/418280
410105|2020-02-05|SO|XXV C 1669/16|Wyrok|https://www.saos.org.pl/judgments/410105
407015|2020-02-05|SO|I C 994/19|Wyrok|https://www.saos.org.pl/judgments/407015
421042|2020-02-04|SO|XXV C 2862/18|Uzasadnienie|https://www.saos.org.pl/judgments/421042
406879|2020-02-04|SO|XXV C 427/19|Wyrok|https://www.saos.org.pl/judgments/406879
428105|2020-01-31|SO|XXV C 761/19|Wyrok|https://www.saos.org.pl/judgments/428105
420605|2020-01-27|SO|XXV C 2721/18|Wyrok|https://www.saos.org.pl/judgments/420605
406878|2020-01-23|SO|XXV C 3104/18|Wyrok|https://www.saos.org.pl/judgments/406878
415133|2020-01-15|SO|I C 1388/19|Wyrok|https://www.saos.org.pl/judgments/415133
405997|2020-01-09|SO|XXV C 2395/18|Wyrok|https://www.saos.org.pl/judgments/405997
405888|2020-01-08|SO|III Ca 601/19|Uzasadnienie|https://www.saos.org.pl/judgments/405888
408244|2020-01-03|SO|XXV C 2514/19|Wyrok|https://www.saos.org.pl/judgments/408244
406778|2019-12-27|SO|I C 403/19|Wyrok|https://www.saos.org.pl/judgments/406778
406780|2019-12-23|SO|I C 751/19|Wyrok|https://www.saos.org.pl/judgments/406780
369180|2019-12-21|SO|II C 555/18|Uzasadnienie|https://www.saos.org.pl/judgments/369180
406976|2019-12-20|SO|XXV C 1597/17|Wyrok|https://www.saos.org.pl/judgments/406976
406886|2019-12-20|SO|I C 898/19|Wyrok|https://www.saos.org.pl/judgments/406886
401253|2019-12-20|SO|I C 995/19|Wyrok|https://www.saos.org.pl/judgments/401253
407849|2019-12-16|SO|XXV C 1293/17|Wyrok|https://www.saos.org.pl/judgments/407849
403229|2019-12-12|SO|VIII C 980/19|Wyrok|https://www.saos.org.pl/judgments/403229
421033|2019-12-09|SO|XXV C 2724/18|Wyrok|https://www.saos.org.pl/judgments/421033
418950|2019-12-04|SO|VI ACa 564/19|Wyrok|https://www.saos.org.pl/judgments/418950
405999|2019-12-04|SO|XXV C 2614/18|Wyrok|https://www.saos.org.pl/judgments/405999
399821|2019-11-27|SO|I Ca 490/19|Wyrok|https://www.saos.org.pl/judgments/399821
401244|2019-11-21|SO|XXV C 505/19|Wyrok|https://www.saos.org.pl/judgments/401244
400119|2019-11-15|SO|VIII C 896/19|Wyrok|https://www.saos.org.pl/judgments/400119
403237|2019-11-13|SO|I ACa 268/19|Wyrok|https://www.saos.org.pl/judgments/403237
410109|2019-11-12|SO|I ACa 1091/18|Wyrok|https://www.saos.org.pl/judgments/410109
400118|2019-11-08|SO|VIII C 875/19|Wyrok|https://www.saos.org.pl/judgments/400118
409780|2019-11-05|SO|VI ACa 542/19|Wyrok|https://www.saos.org.pl/judgments/409780
399707|2019-11-05|SO|VI C 1965/19|Zarządzenie|https://www.saos.org.pl/judgments/399707
396098|2019-10-21|SO|XXV C 2894/18|Wyrok|https://www.saos.org.pl/judgments/396098
398134|2019-10-09|SO|I C 456/19|Uzasadnienie|https://www.saos.org.pl/judgments/398134
396110|2019-10-08|SO|I C 985/17|Wyrok|https://www.saos.org.pl/judgments/396110
404127|2019-09-25|SO|I C 343/19|Wyrok|https://www.saos.org.pl/judgments/404127
396771|2019-09-25|SO|XXV C 888/19|Wyrok|https://www.saos.org.pl/judgments/396771
396652|2019-09-25|SO|XXV C 2893/18|Wyrok|https://www.saos.org.pl/judgments/396652
396647|2019-09-25|SO|XXV C 2723/18|Wyrok|https://www.saos.org.pl/judgments/396647
405165|2019-09-23|SO|XVIII C 3418/16|Wyrok|https://www.saos.org.pl/judgments/405165
396651|2019-09-23|SO|XXV C 2892/18|Wyrok|https://www.saos.org.pl/judgments/396651
396649|2019-09-23|SO|XXV C 2859/18|Wyrok|https://www.saos.org.pl/judgments/396649
394026|2019-09-23|SO|XXV C 890/19|Wyrok|https://www.saos.org.pl/judgments/394026
394024|2019-09-23|SO|XXV C 2883/18|Wyrok|https://www.saos.org.pl/judgments/394024
394011|2019-09-20|SO|VIII C 248/19|Wyrok|https://www.saos.org.pl/judgments/394011
407029|2019-09-09|SO|XXV C 1271/17|Wyrok|https://www.saos.org.pl/judgments/407029
396769|2019-09-09|SO|XXV C 274/19|Wyrok|https://www.saos.org.pl/judgments/396769
393665|2019-09-03|SO|II C 1018/19|Zarządzenie|https://www.saos.org.pl/judgments/393665
395877|2019-08-28|SO|III Ca 765/19|Uzasadnienie|https://www.saos.org.pl/judgments/395877
392938|2019-08-22|SO|I C 1027/19|Wyrok|https://www.saos.org.pl/judgments/392938
428442|2019-08-19|SO|XVII AmA 24/17|Wyrok|https://www.saos.org.pl/judgments/428442
421114|2019-08-19|SO|XXV C 2879/18|Uzasadnienie|https://www.saos.org.pl/judgments/421114
396650|2019-08-19|SO|XXV C 2881/18|Wyrok|https://www.saos.org.pl/judgments/396650
432537|2019-08-09|SO|VI ACa 719/18|Wyrok|https://www.saos.org.pl/judgments/432537
390916|2019-08-09|SO|VIII C 102/19|Wyrok|https://www.saos.org.pl/judgments/390916
388950|2019-08-08|SO|VI Ga 543/18|Wyrok|https://www.saos.org.pl/judgments/388950
392565|2019-08-02|SO|II C 669/19|Zarządzenie|https://www.saos.org.pl/judgments/392565
390921|2019-07-31|SO|VIII C 2977/18|Wyrok|https://www.saos.org.pl/judgments/390921
390920|2019-07-31|SO|VIII C 2975/18|Wyrok|https://www.saos.org.pl/judgments/390920
390366|2019-07-31|SO|VIII C 20/19|Wyrok|https://www.saos.org.pl/judgments/390366
390247|2019-07-31|SO|VIII C 25/19|Wyrok|https://www.saos.org.pl/judgments/390247
390246|2019-07-31|SO|VIII C 16/19|Wyrok|https://www.saos.org.pl/judgments/390246
390036|2019-07-31|SO|VIII C 57/19|Wyrok|https://www.saos.org.pl/judgments/390036
390035|2019-07-31|SO|VIII C 2984/18|Wyrok|https://www.saos.org.pl/judgments/390035
390034|2019-07-31|SO|VIII C 2981/18|Wyrok|https://www.saos.org.pl/judgments/390034
390033|2019-07-31|SO|VIII C 29/19|Wyrok|https://www.saos.org.pl/judgments/390033
390032|2019-07-31|SO|VIII C 28/19|Wyrok|https://www.saos.org.pl/judgments/390032
390031|2019-07-31|SO|VIII C 27/19|Wyrok|https://www.saos.org.pl/judgments/390031
390030|2019-07-31|SO|VIII C 24/19|Wyrok|https://www.saos.org.pl/judgments/390030
390029|2019-07-31|SO|VIII C 22/19|Wyrok|https://www.saos.org.pl/judgments/390029
390028|2019-07-31|SO|VIII C 21/19|Wyrok|https://www.saos.org.pl/judgments/390028
391809|2019-07-26|SO|VIII C 3039/18|Wyrok|https://www.saos.org.pl/judgments/391809
390917|2019-07-26|SO|VIII C 1043/19|Wyrok|https://www.saos.org.pl/judgments/390917
389497|2019-07-22|SO|VIII C 3041/18|Wyrok|https://www.saos.org.pl/judgments/389497
391804|2019-07-19|SO|VIII C 2991/18|Wyrok|https://www.saos.org.pl/judgments/391804
391803|2019-07-19|SO|VIII C 2989/18|Wyrok|https://www.saos.org.pl/judgments/391803
391802|2019-07-19|SO|VIII C 2987/18|Wyrok|https://www.saos.org.pl/judgments/391802
391801|2019-07-19|SO|VIII C 2980/18|Wyrok|https://www.saos.org.pl/judgments/391801
391799|2019-07-19|SO|VIII C 2978/18|Wyrok|https://www.saos.org.pl/judgments/391799
391798|2019-07-19|SO|VIII C 2973/18|Wyrok|https://www.saos.org.pl/judgments/391798
390249|2019-07-19|SO|VIII C 2878/18|Wyrok|https://www.saos.org.pl/judgments/390249
389501|2019-07-19|SO|VIII C 3097/18|Wyrok|https://www.saos.org.pl/judgments/389501
389500|2019-07-19|SO|VIII C 3084/18|Wyrok|https://www.saos.org.pl/judgments/389500
389498|2019-07-19|SO|VIII C 3063/18|Wyrok|https://www.saos.org.pl/judgments/389498
389496|2019-07-19|SO|VIII C 3000/18|Wyrok|https://www.saos.org.pl/judgments/389496
389283|2019-07-19|SO|VIII C 3040/18|Wyrok|https://www.saos.org.pl/judgments/389283
389282|2019-07-19|SO|VIII C 3038/18|Wyrok|https://www.saos.org.pl/judgments/389282
389279|2019-07-19|SO|VIII C 2988/18|Wyrok|https://www.saos.org.pl/judgments/389279
389278|2019-07-19|SO|VIII C 2986/18|Wyrok|https://www.saos.org.pl/judgments/389278
389277|2019-07-19|SO|VIII C 2985/18|Wyrok|https://www.saos.org.pl/judgments/389277
389289|2019-07-16|SO|VIII C 345/19|Wyrok|https://www.saos.org.pl/judgments/389289
389288|2019-07-16|SO|VIII C 332/19|Wyrok|https://www.saos.org.pl/judgments/389288
389287|2019-07-16|SO|VIII C 328/19|Wyrok|https://www.saos.org.pl/judgments/389287
389286|2019-07-16|SO|VIII C 319/19|Wyrok|https://www.saos.org.pl/judgments/389286
389285|2019-07-16|SO|VIII C 318/19|Wyrok|https://www.saos.org.pl/judgments/389285
391808|2019-07-15|SO|VIII C 3016/18|Wyrok|https://www.saos.org.pl/judgments/391808
391807|2019-07-15|SO|VIII C 3015/18|Wyrok|https://www.saos.org.pl/judgments/391807
391806|2019-07-15|SO|VIII C 3010/18|Wyrok|https://www.saos.org.pl/judgments/391806
391805|2019-07-15|SO|VIII C 2998/18|Wyrok|https://www.saos.org.pl/judgments/391805
392106|2019-07-12|SO|VIII C 2952/18|Wyrok|https://www.saos.org.pl/judgments/392106
392105|2019-07-12|SO|VIII C 2931/18|Wyrok|https://www.saos.org.pl/judgments/392105
391797|2019-07-12|SO|VIII C 2950/18|Wyrok|https://www.saos.org.pl/judgments/391797
391796|2019-07-12|SO|VIII C 2947/18|Wyrok|https://www.saos.org.pl/judgments/391796
391795|2019-07-12|SO|VIII C 2932/18|Wyrok|https://www.saos.org.pl/judgments/391795
391794|2019-07-12|SO|VIII C 2928/18|Wyrok|https://www.saos.org.pl/judgments/391794
391793|2019-07-12|SO|VIII C 2926/18|Wyrok|https://www.saos.org.pl/judgments/391793
391792|2019-07-12|SO|VIII C 2924/18|Wyrok|https://www.saos.org.pl/judgments/391792
390919|2019-07-12|SO|VIII C 2953/18|Wyrok|https://www.saos.org.pl/judgments/390919
391441|2019-07-08|SO|III Ca 767/19|Uzasadnienie|https://www.saos.org.pl/judgments/391441
389276|2019-07-08|SO|VIII C 2968/18|Wyrok|https://www.saos.org.pl/judgments/389276
389272|2019-07-08|SO|VIII C 2882/18|Wyrok|https://www.saos.org.pl/judgments/389272
389271|2019-07-08|SO|VIII C 2873/18|Wyrok|https://www.saos.org.pl/judgments/389271
389269|2019-07-08|SO|VIII C 2389/18|Wyrok|https://www.saos.org.pl/judgments/389269
396978|2019-07-02|SO|I C 778/19|Wyrok|https://www.saos.org.pl/judgments/396978
389296|2019-07-02|SO|VIII C 613/19|Wyrok|https://www.saos.org.pl/judgments/389296
389266|2019-07-02|SO|VIII C 138/19|Wyrok|https://www.saos.org.pl/judgments/389266
389264|2019-07-02|SO|VIII C 133/19|Wyrok|https://www.saos.org.pl/judgments/389264
389263|2019-07-02|SO|VIII C 125/19|Wyrok|https://www.saos.org.pl/judgments/389263
389261|2019-07-02|SO|VIII C 108/19|Wyrok|https://www.saos.org.pl/judgments/389261
389259|2019-07-02|SO|VIII C 100/19|Wyrok|https://www.saos.org.pl/judgments/389259
386441|2019-07-02|SO|VIII C 2934/18|Wyrok|https://www.saos.org.pl/judgments/386441
386439|2019-07-02|SO|VIII C 144/19|Wyrok|https://www.saos.org.pl/judgments/386439
386437|2019-07-02|SO|VIII C 127/19|Wyrok|https://www.saos.org.pl/judgments/386437
386295|2019-07-02|SO|VIII C 2948/18|Wyrok|https://www.saos.org.pl/judgments/386295
386102|2019-07-02|SO|VIII C 117/19|Wyrok|https://www.saos.org.pl/judgments/386102
386442|2019-07-01|SO|VIII C 2936/18|Wyrok|https://www.saos.org.pl/judgments/386442
386296|2019-07-01|SO|VIII C 648/19|Wyrok|https://www.saos.org.pl/judgments/386296
386293|2019-07-01|SO|VIII C 2756/18|Wyrok|https://www.saos.org.pl/judgments/386293
386292|2019-07-01|SO|VIII C 2753/18|Wyrok|https://www.saos.org.pl/judgments/386292
386291|2019-07-01|SO|VIII C 2752/18|Wyrok|https://www.saos.org.pl/judgments/386291
386290|2019-07-01|SO|VIII C 2749/18|Wyrok|https://www.saos.org.pl/judgments/386290
386289|2019-07-01|SO|VIII C 2747/18|Wyrok|https://www.saos.org.pl/judgments/386289
386288|2019-07-01|SO|VIII C 2746/18|Wyrok|https://www.saos.org.pl/judgments/386288
389295|2019-06-28|SO|VIII C 610/19|Wyrok|https://www.saos.org.pl/judgments/389295
386294|2019-06-28|SO|VIII C 2893/18|Wyrok|https://www.saos.org.pl/judgments/386294
404427|2019-06-26|SO|I C 301/18|Wyrok|https://www.saos.org.pl/judgments/404427
396646|2019-06-26|SO|XXV C 2720/18|Wyrok|https://www.saos.org.pl/judgments/396646
394020|2019-06-26|SO|XXV C 139/19|Wyrok|https://www.saos.org.pl/judgments/394020
399395|2019-06-24|SO|XXV C 266/15|Wyrok|https://www.saos.org.pl/judgments/399395
389294|2019-06-24|SO|VIII C 609/19|Wyrok|https://www.saos.org.pl/judgments/389294
386197|2019-06-24|SO|VIII C 2836/18|Wyrok|https://www.saos.org.pl/judgments/386197
386196|2019-06-24|SO|VIII C 2829/18|Wyrok|https://www.saos.org.pl/judgments/386196
386444|2019-06-17|SO|VIII C 608/19|Wyrok|https://www.saos.org.pl/judgments/386444
385155|2019-06-13|SO|VIII C 2835/18|Wyrok|https://www.saos.org.pl/judgments/385155
385154|2019-06-13|SO|VIII C 2831/18|Wyrok|https://www.saos.org.pl/judgments/385154
390721|2019-06-11|SO|III Ca 172/19|Uzasadnienie|https://www.saos.org.pl/judgments/390721
385161|2019-06-11|SO|VIII C 604/19|Wyrok|https://www.saos.org.pl/judgments/385161
385160|2019-06-11|SO|VIII C 3083/18|Wyrok|https://www.saos.org.pl/judgments/385160
385159|2019-06-11|SO|VIII C 3082/18|Wyrok|https://www.saos.org.pl/judgments/385159
385157|2019-06-11|SO|VIII C 2879/18|Wyrok|https://www.saos.org.pl/judgments/385157
384629|2019-06-10|SO|VIII C 607/19|Wyrok|https://www.saos.org.pl/judgments/384629
384621|2019-06-10|SO|VIII C 2743/18|Wyrok|https://www.saos.org.pl/judgments/384621
384620|2019-06-10|SO|VIII C 2736/18|Wyrok|https://www.saos.org.pl/judgments/384620
384618|2019-06-10|SO|VIII C 2723/18|Wyrok|https://www.saos.org.pl/judgments/384618
384617|2019-06-10|SO|VIII C 2717/18|Wyrok|https://www.saos.org.pl/judgments/384617
384616|2019-06-10|SO|VIII C 2701/18|Wyrok|https://www.saos.org.pl/judgments/384616
384609|2019-06-10|SO|VIII C 2508/18|Wyrok|https://www.saos.org.pl/judgments/384609
384611|2019-06-07|SO|VIII C 2625/18|Wyrok|https://www.saos.org.pl/judgments/384611
385725|2019-06-04|SO|VIII C 66/19|Wyrok|https://www.saos.org.pl/judgments/385725
385722|2019-06-04|SO|VIII C 145/19|Wyrok|https://www.saos.org.pl/judgments/385722
385719|2019-06-04|SO|VIII C 129/19|Wyrok|https://www.saos.org.pl/judgments/385719
385718|2019-06-04|SO|VIII C 128/19|Wyrok|https://www.saos.org.pl/judgments/385718
385717|2019-06-04|SO|VIII C 107/19|Wyrok|https://www.saos.org.pl/judgments/385717
385716|2019-06-04|SO|VIII C 101/19|Wyrok|https://www.saos.org.pl/judgments/385716
384626|2019-06-04|SO|VIII C 3081/18|Wyrok|https://www.saos.org.pl/judgments/384626
384624|2019-06-04|SO|VIII C 2872/18|Wyrok|https://www.saos.org.pl/judgments/384624
384612|2019-06-04|SO|VIII C 2633/18|Wyrok|https://www.saos.org.pl/judgments/384612
384628|2019-06-03|SO|VIII C 603/19|Wyrok|https://www.saos.org.pl/judgments/384628
384610|2019-06-03|SO|VIII C 2613/18|Wyrok|https://www.saos.org.pl/judgments/384610
383514|2019-05-31|SO|VIII C 600/19|Wyrok|https://www.saos.org.pl/judgments/383514
383501|2019-05-31|SO|VIII C 2619/18|Wyrok|https://www.saos.org.pl/judgments/383501
392524|2019-05-30|SO|III C 1552/16|Wyrok|https://www.saos.org.pl/judgments/392524
387286|2019-05-28|SO|I C 192/19|Uzasadnienie|https://www.saos.org.pl/judgments/387286
383192|2019-05-27|SO|VIII C 633/19|Wyrok|https://www.saos.org.pl/judgments/383192
383491|2019-05-24|SO|VIII C 1916/17|Wyrok|https://www.saos.org.pl/judgments/383491
383193|2019-05-24|SO|VIII C 634/19|Wyrok|https://www.saos.org.pl/judgments/383193
420219|2019-05-23|SO|I ACa 728/18|Wyrok|https://www.saos.org.pl/judgments/420219
437970|2019-05-22|SO|XXV C 2225/18|Wyrok|https://www.saos.org.pl/judgments/437970
383190|2019-05-17|SO|VIII C 589/19|Wyrok|https://www.saos.org.pl/judgments/383190
389284|2019-05-15|SO|VIII C 3044/18|Wyrok|https://www.saos.org.pl/judgments/389284
389273|2019-05-10|SO|VIII C 2895/18|Wyrok|https://www.saos.org.pl/judgments/389273
389270|2019-05-10|SO|VIII C 2864/18|Wyrok|https://www.saos.org.pl/judgments/389270
383195|2019-05-08|SO|VIII C 780/19|Wyrok|https://www.saos.org.pl/judgments/383195
383191|2019-05-08|SO|VIII C 601/19|Wyrok|https://www.saos.org.pl/judgments/383191
384627|2019-05-07|SO|VIII C 3184/18|Wyrok|https://www.saos.org.pl/judgments/384627
383173|2019-05-07|SO|VIII C 2691/18|Wyrok|https://www.saos.org.pl/judgments/383173
383169|2019-05-07|SO|VIII C 2598/18|Wyrok|https://www.saos.org.pl/judgments/383169
383185|2019-04-30|SO|VIII C 3059/18|Wyrok|https://www.saos.org.pl/judgments/383185
383184|2019-04-30|SO|VIII C 3054/18|Wyrok|https://www.saos.org.pl/judgments/383184
383183|2019-04-30|SO|VIII C 3008/18|Wyrok|https://www.saos.org.pl/judgments/383183
383182|2019-04-30|SO|VIII C 3006/18|Wyrok|https://www.saos.org.pl/judgments/383182
383063|2019-04-30|SO|VIII C 3052/18|Wyrok|https://www.saos.org.pl/judgments/383063
383060|2019-04-30|SO|VIII C 3045/18|Wyrok|https://www.saos.org.pl/judgments/383060
383057|2019-04-30|SO|VIII C 3018/18|Wyrok|https://www.saos.org.pl/judgments/383057
383056|2019-04-30|SO|VIII C 3017/18|Wyrok|https://www.saos.org.pl/judgments/383056
383055|2019-04-30|SO|VIII C 3012/18|Wyrok|https://www.saos.org.pl/judgments/383055
383053|2019-04-30|SO|VIII C 3009/18|Wyrok|https://www.saos.org.pl/judgments/383053
383038|2019-04-30|SO|VIII C 2909/18|Wyrok|https://www.saos.org.pl/judgments/383038
383511|2019-04-26|SO|VIII C 2833/18|Wyrok|https://www.saos.org.pl/judgments/383511
383496|2019-04-26|SO|VIII C 2484/18|Wyrok|https://www.saos.org.pl/judgments/383496
386440|2019-04-24|SO|VIII C 2605/18|Wyrok|https://www.saos.org.pl/judgments/386440
383077|2019-04-24|SO|VIII C 636/19|Wyrok|https://www.saos.org.pl/judgments/383077
383052|2019-04-23|SO|VIII C 3005/18|Wyrok|https://www.saos.org.pl/judgments/383052
383051|2019-04-23|SO|VIII C 3003/18|Wyrok|https://www.saos.org.pl/judgments/383051
383048|2019-04-23|SO|VIII C 2995/18|Wyrok|https://www.saos.org.pl/judgments/383048
383047|2019-04-23|SO|VIII C 2993/18|Wyrok|https://www.saos.org.pl/judgments/383047
383046|2019-04-23|SO|VIII C 2992/18|Wyrok|https://www.saos.org.pl/judgments/383046
383045|2019-04-23|SO|VIII C 2983/18|Wyrok|https://www.saos.org.pl/judgments/383045
383023|2019-04-19|SO|VIII C 2499/18|Wyrok|https://www.saos.org.pl/judgments/383023
376403|2019-04-18|SO|I ACa 3/18|Wyrok|https://www.saos.org.pl/judgments/376403
384531|2019-04-17|SO|II AKa 407/18|Wyrok|https://www.saos.org.pl/judgments/384531
383506|2019-04-17|SO|VIII C 2734/18|Wyrok|https://www.saos.org.pl/judgments/383506
383505|2019-04-17|SO|VIII C 2728/18|Wyrok|https://www.saos.org.pl/judgments/383505
383504|2019-04-17|SO|VIII C 2703/18|Wyrok|https://www.saos.org.pl/judgments/383504
383503|2019-04-17|SO|VIII C 2702/18|Wyrok|https://www.saos.org.pl/judgments/383503
383502|2019-04-17|SO|VIII C 2683/18|Wyrok|https://www.saos.org.pl/judgments/383502
383176|2019-04-17|SO|VIII C 2741/18|Wyrok|https://www.saos.org.pl/judgments/383176
383174|2019-04-17|SO|VIII C 2724/18|Wyrok|https://www.saos.org.pl/judgments/383174
488647|2019-04-15|SO|XXV C 575/17|Wyrok|https://www.saos.org.pl/judgments/488647
384031|2019-04-15|SO|XXV C 137/19|Wyrok|https://www.saos.org.pl/judgments/384031
383009|2019-04-15|SO|VIII C 2216/18|Wyrok|https://www.saos.org.pl/judgments/383009
419682|2019-04-12|SO|I ACa 510/18|Wyrok|https://www.saos.org.pl/judgments/419682
392163|2019-04-12|SO|I C 836/16|Wyrok|https://www.saos.org.pl/judgments/392163
382423|2019-04-11|SO|VI C 793/17|Zarządzenie|https://www.saos.org.pl/judgments/382423
383065|2019-04-10|SO|VIII C 37/19|Wyrok|https://www.saos.org.pl/judgments/383065
383054|2019-04-10|SO|VIII C 3011/18|Wyrok|https://www.saos.org.pl/judgments/383054
383050|2019-04-10|SO|VIII C 2999/18|Wyrok|https://www.saos.org.pl/judgments/383050
383049|2019-04-10|SO|VIII C 2997/18|Wyrok|https://www.saos.org.pl/judgments/383049
383044|2019-04-10|SO|VIII C 2982/18|Wyrok|https://www.saos.org.pl/judgments/383044
383043|2019-04-10|SO|VIII C 2974/18|Wyrok|https://www.saos.org.pl/judgments/383043
383042|2019-04-10|SO|VIII C 2962/18|Wyrok|https://www.saos.org.pl/judgments/383042
383034|2019-04-10|SO|VIII C 2871/18|Wyrok|https://www.saos.org.pl/judgments/383034
383067|2019-04-09|SO|VIII C 50/19|Wyrok|https://www.saos.org.pl/judgments/383067
383062|2019-04-09|SO|VIII C 3050/18|Wyrok|https://www.saos.org.pl/judgments/383062
383061|2019-04-09|SO|VIII C 3046/18|Wyrok|https://www.saos.org.pl/judgments/383061
383059|2019-04-09|SO|VIII C 3037/18|Wyrok|https://www.saos.org.pl/judgments/383059
383037|2019-04-09|SO|VIII C 2880/18|Wyrok|https://www.saos.org.pl/judgments/383037
383036|2019-04-09|SO|VIII C 2875/18|Wyrok|https://www.saos.org.pl/judgments/383036
383035|2019-04-09|SO|VIII C 2874/18|Wyrok|https://www.saos.org.pl/judgments/383035
383027|2019-04-09|SO|VIII C 2654/18|Wyrok|https://www.saos.org.pl/judgments/383027
383075|2019-04-04|SO|VIII C 602/19|Wyrok|https://www.saos.org.pl/judgments/383075
383029|2019-04-03|SO|VIII C 2719/18|Wyrok|https://www.saos.org.pl/judgments/383029
382848|2019-04-01|SO|VIII C 2136/18|Wyrok|https://www.saos.org.pl/judgments/382848
387631|2019-03-29|SO|III Ca 1757/18|Uzasadnienie|https://www.saos.org.pl/judgments/387631
383021|2019-03-29|SO|VIII C 2405/18|Wyrok|https://www.saos.org.pl/judgments/383021
383020|2019-03-29|SO|VIII C 2397/18|Wyrok|https://www.saos.org.pl/judgments/383020
383019|2019-03-29|SO|VIII C 2393/18|Wyrok|https://www.saos.org.pl/judgments/383019
386322|2019-03-28|SO|I C 1560/18|Wyrok|https://www.saos.org.pl/judgments/386322
444915|2019-03-26|SO|I ACa 482/18|Wyrok|https://www.saos.org.pl/judgments/444915
412012|2019-03-22|SO|III C 264/19|Postanowienie|https://www.saos.org.pl/judgments/412012
382857|2019-03-22|SO|VIII C 2464/18|Wyrok|https://www.saos.org.pl/judgments/382857
382155|2019-03-22|SO|II C 1493/18|Zarządzenie|https://www.saos.org.pl/judgments/382155
382882|2019-03-21|SO|VIII C 341/19|Wyrok|https://www.saos.org.pl/judgments/382882
382881|2019-03-21|SO|VIII C 337/19|Wyrok|https://www.saos.org.pl/judgments/382881
382880|2019-03-21|SO|VIII C 336/19|Wyrok|https://www.saos.org.pl/judgments/382880
382879|2019-03-21|SO|VIII C 331/19|Wyrok|https://www.saos.org.pl/judgments/382879
382878|2019-03-21|SO|VIII C 329/19|Wyrok|https://www.saos.org.pl/judgments/382878
382877|2019-03-21|SO|VIII C 325/19|Wyrok|https://www.saos.org.pl/judgments/382877
382876|2019-03-21|SO|VIII C 324/19|Wyrok|https://www.saos.org.pl/judgments/382876
382875|2019-03-21|SO|VIII C 313/19|Wyrok|https://www.saos.org.pl/judgments/382875
382874|2019-03-21|SO|VIII C 312/19|Wyrok|https://www.saos.org.pl/judgments/382874
382873|2019-03-20|SO|VIII C 3062/18|Wyrok|https://www.saos.org.pl/judgments/382873
386218|2019-03-15|SO|I C 1547/18|Wyrok|https://www.saos.org.pl/judgments/386218
382866|2019-03-15|SO|VIII C 2621/18|Wyrok|https://www.saos.org.pl/judgments/382866
382821|2019-03-15|SO|VIII C 1204/18|Wyrok|https://www.saos.org.pl/judgments/382821
382151|2019-03-15|SO|II C 1476/18|Zarządzenie|https://www.saos.org.pl/judgments/382151
404863|2019-03-12|SO|I C 1378/18|Wyrok|https://www.saos.org.pl/judgments/404863
377309|2019-03-11|SO|I C 737/18|Wyrok|https://www.saos.org.pl/judgments/377309
374323|2019-02-28|SO|VIII C 1934/18|Wyrok|https://www.saos.org.pl/judgments/374323
385413|2019-02-27|SO|III Ca 7/19|Uzasadnienie|https://www.saos.org.pl/judgments/385413
378905|2019-02-27|SO|III Ca 2140/18|Uzasadnienie|https://www.saos.org.pl/judgments/378905
383026|2019-02-21|SO|VIII C 2624/18|Wyrok|https://www.saos.org.pl/judgments/383026
383025|2019-02-21|SO|VIII C 2609/18|Wyrok|https://www.saos.org.pl/judgments/383025
382869|2019-02-21|SO|VIII C 2730/18|Wyrok|https://www.saos.org.pl/judgments/382869
382868|2019-02-21|SO|VIII C 2725/18|Wyrok|https://www.saos.org.pl/judgments/382868
382865|2019-02-21|SO|VIII C 2618/18|Wyrok|https://www.saos.org.pl/judgments/382865
382864|2019-02-21|SO|VIII C 2610/18|Wyrok|https://www.saos.org.pl/judgments/382864
382863|2019-02-21|SO|VIII C 2607/18|Wyrok|https://www.saos.org.pl/judgments/382863
382862|2019-02-21|SO|VIII C 2606/18|Wyrok|https://www.saos.org.pl/judgments/382862
382861|2019-02-21|SO|VIII C 2603/18|Wyrok|https://www.saos.org.pl/judgments/382861
402120|2019-02-20|SO|VI ACa 1277/17|Wyrok|https://www.saos.org.pl/judgments/402120
378764|2019-02-12|SO|III Ca 1458/18|Uzasadnienie|https://www.saos.org.pl/judgments/378764
374675|2019-02-08|SO|VIII C 1973/18|Wyrok|https://www.saos.org.pl/judgments/374675
374374|2019-02-07|SO|VIII C 2856/18|Wyrok|https://www.saos.org.pl/judgments/374374
374372|2019-02-07|SO|VIII C 2759/18|Wyrok|https://www.saos.org.pl/judgments/374372
374371|2019-02-07|SO|VIII C 2758/18|Wyrok|https://www.saos.org.pl/judgments/374371
374370|2019-02-07|SO|VIII C 2757/18|Wyrok|https://www.saos.org.pl/judgments/374370
374369|2019-02-07|SO|VIII C 2755/18|Wyrok|https://www.saos.org.pl/judgments/374369
374368|2019-02-07|SO|VIII C 2754/18|Wyrok|https://www.saos.org.pl/judgments/374368
374366|2019-02-07|SO|VIII C 2745/18|Wyrok|https://www.saos.org.pl/judgments/374366
374365|2019-02-07|SO|VIII C 2744/18|Wyrok|https://www.saos.org.pl/judgments/374365
374363|2019-02-07|SO|VIII C 2740/18|Wyrok|https://www.saos.org.pl/judgments/374363
374359|2019-02-07|SO|VIII C 2731/18|Wyrok|https://www.saos.org.pl/judgments/374359
374358|2019-02-07|SO|VIII C 2726/18|Wyrok|https://www.saos.org.pl/judgments/374358
374357|2019-02-07|SO|VIII C 2722/18|Wyrok|https://www.saos.org.pl/judgments/374357
374333|2019-02-04|SO|VIII C 1997/18|Wyrok|https://www.saos.org.pl/judgments/374333
374119|2019-01-31|SO|III Ca 1316/18|Uzasadnienie|https://www.saos.org.pl/judgments/374119
373704|2019-01-31|SO|XII C 656/18|Wyrok|https://www.saos.org.pl/judgments/373704
372876|2019-01-30|SO|I Ca 493/18|Wyrok|https://www.saos.org.pl/judgments/372876
377797|2019-01-25|SO|II C 288/18|Zarządzenie|https://www.saos.org.pl/judgments/377797
375747|2019-01-16|SO|VII C 1980/18|Uzasadnienie|https://www.saos.org.pl/judgments/375747
370469|2019-01-15|SO|I C 1884/18|Wyrok|https://www.saos.org.pl/judgments/370469
374279|2019-01-11|SO|VIII C 1360/18|Wyrok|https://www.saos.org.pl/judgments/374279
420952|2019-01-04|SO|II AKa 203/18|Uzasadnienie|https://www.saos.org.pl/judgments/420952
366356|2018-12-27|SO|I C 749/18|Wyrok|https://www.saos.org.pl/judgments/366356
367969|2018-12-18|SO|VIII C 1544/18|Wyrok|https://www.saos.org.pl/judgments/367969
367551|2018-12-18|SO|VIII C 1543/18|Wyrok|https://www.saos.org.pl/judgments/367551
412838|2018-12-14|SO|I C 895/18|Wyrok|https://www.saos.org.pl/judgments/412838
373265|2018-12-14|SO|I C 488/17|Wyrok|https://www.saos.org.pl/judgments/373265
373259|2018-12-14|SO|I C 39/18|Wyrok|https://www.saos.org.pl/judgments/373259
366547|2018-12-14|SO|VIII C 1769/18|Wyrok|https://www.saos.org.pl/judgments/366547
379916|2018-12-13|SO|VI ACa 744/18|Wyrok|https://www.saos.org.pl/judgments/379916
375748|2018-12-13|SO|VII C 1980/18|Wyrok|https://www.saos.org.pl/judgments/375748
367037|2018-12-07|SO|VIII C 1575/18|Wyrok|https://www.saos.org.pl/judgments/367037
366541|2018-12-03|SO|VIII C 1468/18|Wyrok|https://www.saos.org.pl/judgments/366541
371317|2018-11-30|SO|I ACa 105/18|Wyrok|https://www.saos.org.pl/judgments/371317
366542|2018-11-27|SO|VIII C 1541/18|Wyrok|https://www.saos.org.pl/judgments/366542
366536|2018-11-27|SO|VIII C 1356/18|Wyrok|https://www.saos.org.pl/judgments/366536
367172|2018-11-22|SO|II Ca 628/18|Wyrok|https://www.saos.org.pl/judgments/367172
388753|2018-11-20|SO|I C 742/18|Wyrok|https://www.saos.org.pl/judgments/388753
363454|2018-11-05|SO|III Ca 1104/18|Uzasadnienie|https://www.saos.org.pl/judgments/363454
362728|2018-11-05|SO|VIII C 1256/18|Wyrok|https://www.saos.org.pl/judgments/362728
362727|2018-11-05|SO|VIII C 1255/18|Wyrok|https://www.saos.org.pl/judgments/362727
362726|2018-11-05|SO|VIII C 1250/18|Wyrok|https://www.saos.org.pl/judgments/362726
362725|2018-11-05|SO|VIII C 1248/18|Wyrok|https://www.saos.org.pl/judgments/362725
362724|2018-11-05|SO|VIII C 1245/18|Wyrok|https://www.saos.org.pl/judgments/362724
362723|2018-11-05|SO|VIII C 1244/18|Wyrok|https://www.saos.org.pl/judgments/362723
362722|2018-11-05|SO|VIII C 1242/18|Wyrok|https://www.saos.org.pl/judgments/362722
362721|2018-11-05|SO|VIII C 1239/18|Wyrok|https://www.saos.org.pl/judgments/362721
362718|2018-11-05|SO|VIII C 1232/18|Wyrok|https://www.saos.org.pl/judgments/362718
362717|2018-11-05|SO|VIII C 1227/18|Wyrok|https://www.saos.org.pl/judgments/362717
364827|2018-10-30|SO|III C 1152/18|Wyrok|https://www.saos.org.pl/judgments/364827
363544|2018-10-30|SO|I C 1362/18|Wyrok|https://www.saos.org.pl/judgments/363544
364269|2018-10-29|SO|XXV C 590/17|Wyrok|https://www.saos.org.pl/judgments/364269
365691|2018-10-26|SO|I ACa 750/17|Wyrok|https://www.saos.org.pl/judgments/365691
363698|2018-10-25|SO|I C 1332/18|Wyrok|https://www.saos.org.pl/judgments/363698
362731|2018-10-23|SO|VIII C 903/18|Wyrok|https://www.saos.org.pl/judgments/362731
362730|2018-10-23|SO|VIII C 894/18|Wyrok|https://www.saos.org.pl/judgments/362730
362720|2018-10-23|SO|VIII C 1236/18|Wyrok|https://www.saos.org.pl/judgments/362720
362719|2018-10-23|SO|VIII C 1234/18|Wyrok|https://www.saos.org.pl/judgments/362719
361959|2018-10-16|SO|VIII C 1257/18|Wyrok|https://www.saos.org.pl/judgments/361959
360926|2018-10-16|SO|VIII C 1251/18|Wyrok|https://www.saos.org.pl/judgments/360926
360920|2018-10-16|SO|VIII C 1240/18|Wyrok|https://www.saos.org.pl/judgments/360920
417105|2018-10-15|SO|XVIII C 1926/17|Wyrok|https://www.saos.org.pl/judgments/417105
360904|2018-10-15|SO|VIII C 1116/18|Wyrok|https://www.saos.org.pl/judgments/360904
360903|2018-10-15|SO|VIII C 1115/18|Wyrok|https://www.saos.org.pl/judgments/360903
360902|2018-10-15|SO|VIII C 1114/18|Wyrok|https://www.saos.org.pl/judgments/360902
360899|2018-10-12|SO|VIII C 1083/18|Wyrok|https://www.saos.org.pl/judgments/360899
360684|2018-10-08|SO|III Ca 1106/18|Uzasadnienie|https://www.saos.org.pl/judgments/360684
369946|2018-10-04|SO|I ACa 251/18|Wyrok|https://www.saos.org.pl/judgments/369946
360897|2018-10-04|SO|VIII C 1044/18|Wyrok|https://www.saos.org.pl/judgments/360897
358040|2018-10-04|SO|III Ca 752/18|Uzasadnienie|https://www.saos.org.pl/judgments/358040
361036|2018-10-02|SO|VIII C 942/18|Wyrok|https://www.saos.org.pl/judgments/361036
361029|2018-10-02|SO|VIII C 930/18|Wyrok|https://www.saos.org.pl/judgments/361029
370871|2018-09-28|SO|I C 1355/17|Wyrok|https://www.saos.org.pl/judgments/370871
360940|2018-09-28|SO|VIII C 165/18|Wyrok|https://www.saos.org.pl/judgments/360940
360939|2018-09-28|SO|VIII C 164/18|Wyrok|https://www.saos.org.pl/judgments/360939
420229|2018-09-27|SO|I C 107/17|Wyrok|https://www.saos.org.pl/judgments/420229
370195|2018-09-25|SO|I C 605/17|Wyrok|https://www.saos.org.pl/judgments/370195
361005|2018-09-24|SO|VIII C 739/18|Wyrok|https://www.saos.org.pl/judgments/361005
361004|2018-09-21|SO|VIII C 696/18|Wyrok|https://www.saos.org.pl/judgments/361004
361003|2018-09-21|SO|VIII C 695/18|Wyrok|https://www.saos.org.pl/judgments/361003
363367|2018-09-20|SO|II Ca 145/18|Zarządzenie|https://www.saos.org.pl/judgments/363367
379901|2018-09-17|SO|VI ACa 466/17|Wyrok|https://www.saos.org.pl/judgments/379901
361001|2018-09-13|SO|VIII C 683/18|Wyrok|https://www.saos.org.pl/judgments/361001
361077|2018-09-07|SO|I C 9/18|Wyrok|https://www.saos.org.pl/judgments/361077
356296|2018-09-05|SO|I C 981/18|Wyrok|https://www.saos.org.pl/judgments/356296
356297|2018-09-04|SO|I C 982/18|Wyrok|https://www.saos.org.pl/judgments/356297
360992|2018-08-31|SO|VIII C 565/18|Wyrok|https://www.saos.org.pl/judgments/360992
360991|2018-08-31|SO|VIII C 564/18|Wyrok|https://www.saos.org.pl/judgments/360991
357895|2018-08-28|SO|VI GC 369/18|Wyrok|https://www.saos.org.pl/judgments/357895
360990|2018-08-27|SO|VIII C 551/18|Wyrok|https://www.saos.org.pl/judgments/360990
369449|2018-08-22|SO|I C 233/18|Wyrok|https://www.saos.org.pl/judgments/369449
357047|2018-08-21|SO|VI C 673/16|Zarządzenie|https://www.saos.org.pl/judgments/357047
360988|2018-08-20|SO|VIII C 503/18|Wyrok|https://www.saos.org.pl/judgments/360988
360769|2018-08-10|SO|VIII C 945/18|Wyrok|https://www.saos.org.pl/judgments/360769
360764|2018-08-10|SO|VIII C 929/18|Wyrok|https://www.saos.org.pl/judgments/360764
355952|2018-08-07|SO|VI GC 486/18|Wyrok|https://www.saos.org.pl/judgments/355952
352542|2018-08-07|SO|VI GC 352/18|Wyrok|https://www.saos.org.pl/judgments/352542
361037|2018-07-27|SO|VIII C 943/18|Wyrok|https://www.saos.org.pl/judgments/361037
361032|2018-07-27|SO|VIII C 935/18|Wyrok|https://www.saos.org.pl/judgments/361032
361031|2018-07-27|SO|VIII C 933/18|Wyrok|https://www.saos.org.pl/judgments/361031
360766|2018-07-27|SO|VIII C 939/18|Wyrok|https://www.saos.org.pl/judgments/360766
360763|2018-07-27|SO|VIII C 927/18|Wyrok|https://www.saos.org.pl/judgments/360763
360771|2018-07-25|SO|VIII C 948/18|Wyrok|https://www.saos.org.pl/judgments/360771
360767|2018-07-25|SO|VIII C 941/18|Wyrok|https://www.saos.org.pl/judgments/360767
360748|2018-07-25|SO|VIII C 447/18|Wyrok|https://www.saos.org.pl/judgments/360748
355699|2018-07-23|SO|I Ca 312/18|Wyrok|https://www.saos.org.pl/judgments/355699
362456|2018-07-20|SO|II Ca 335/18|Wyrok|https://www.saos.org.pl/judgments/362456
356498|2018-07-20|SO|III Ca 875/18|Uzasadnienie|https://www.saos.org.pl/judgments/356498
363201|2018-07-18|SO|II Ca 39/18|Zarządzenie|https://www.saos.org.pl/judgments/363201
424249|2018-07-17|SO|I C 43/18|Uzasadnienie|https://www.saos.org.pl/judgments/424249
360770|2018-07-17|SO|VIII C 946/18|Wyrok|https://www.saos.org.pl/judgments/360770
348463|2018-07-17|SO|I C 1611/17|Wyrok|https://www.saos.org.pl/judgments/348463
473235|2018-07-12|SO|I C 152/18|Uzasadnienie|https://www.saos.org.pl/judgments/473235
357723|2018-07-06|SO|I C 1524/17|Uzasadnienie|https://www.saos.org.pl/judgments/357723
384079|2018-07-03|SO|I C 4448/17|Uzasadnienie|https://www.saos.org.pl/judgments/384079
360761|2018-07-03|SO|VIII C 900/18|Wyrok|https://www.saos.org.pl/judgments/360761
360760|2018-07-03|SO|VIII C 899/18|Wyrok|https://www.saos.org.pl/judgments/360760
360724|2018-07-03|SO|VIII C 1082/18|Wyrok|https://www.saos.org.pl/judgments/360724
346341|2018-07-03|SO|I C 1219/17|Wyrok|https://www.saos.org.pl/judgments/346341
360759|2018-07-02|SO|VIII C 897/18|Wyrok|https://www.saos.org.pl/judgments/360759
360758|2018-07-02|SO|VIII C 892/18|Wyrok|https://www.saos.org.pl/judgments/360758
352239|2018-07-02|SO|III Ca 856/18|Uzasadnienie|https://www.saos.org.pl/judgments/352239
352238|2018-06-27|SO|III Ca 850/18|Uzasadnienie|https://www.saos.org.pl/judgments/352238
351789|2018-06-27|SO|I C 314/18|Wyrok|https://www.saos.org.pl/judgments/351789
360755|2018-06-26|SO|VIII C 667/18|Wyrok|https://www.saos.org.pl/judgments/360755
360754|2018-06-26|SO|VIII C 666/18|Wyrok|https://www.saos.org.pl/judgments/360754
360747|2018-06-22|SO|VIII C 417/18|Wyrok|https://www.saos.org.pl/judgments/360747
360746|2018-06-22|SO|VIII C 396/18|Wyrok|https://www.saos.org.pl/judgments/360746
358877|2018-06-22|SO|I C 96/16|Wyrok|https://www.saos.org.pl/judgments/358877
355004|2018-06-22|SO|VIII C 330/18|Wyrok|https://www.saos.org.pl/judgments/355004
355002|2018-06-22|SO|VIII C 305/18|Wyrok|https://www.saos.org.pl/judgments/355002
355001|2018-06-22|SO|VIII C 304/18|Wyrok|https://www.saos.org.pl/judgments/355001
355000|2018-06-22|SO|VIII C 303/18|Wyrok|https://www.saos.org.pl/judgments/355000
354990|2018-06-22|SO|VIII C 166/18|Wyrok|https://www.saos.org.pl/judgments/354990
346344|2018-06-21|SO|I C 212/18|Wyrok|https://www.saos.org.pl/judgments/346344
360745|2018-06-18|SO|VIII C 381/18|Wyrok|https://www.saos.org.pl/judgments/360745
345268|2018-06-18|SO|VIII C 197/18|Wyrok|https://www.saos.org.pl/judgments/345268
346666|2018-06-14|SO|VIII C 393/18|Wyrok|https://www.saos.org.pl/judgments/346666
347082|2018-06-12|SO|I C 816/18|Wyrok|https://www.saos.org.pl/judgments/347082
346660|2018-06-12|SO|VIII C 1033/18|Wyrok|https://www.saos.org.pl/judgments/346660
390193|2018-06-07|SO|IX C 378/18|Wyrok|https://www.saos.org.pl/judgments/390193
342520|2018-06-07|SO|X C 1464/18|Zarządzenie|https://www.saos.org.pl/judgments/342520
354989|2018-06-06|SO|VIII C 135/18|Wyrok|https://www.saos.org.pl/judgments/354989
364585|2018-06-05|SO|III C 1385/17|Wyrok|https://www.saos.org.pl/judgments/364585
351210|2018-05-25|SO|III Ca 553/18|Uzasadnienie|https://www.saos.org.pl/judgments/351210
345372|2018-05-23|SO|III Ca 52/18|Uzasadnienie|https://www.saos.org.pl/judgments/345372
343121|2018-05-22|SO|VIII C 708/18|Wyrok|https://www.saos.org.pl/judgments/343121
348456|2018-05-18|SO|XVII AmA 4/15|Wyrok|https://www.saos.org.pl/judgments/348456
341303|2018-05-16|SO|I C 397/18|Wyrok|https://www.saos.org.pl/judgments/341303
342814|2018-05-15|SO|VIII C 247/18|Wyrok|https://www.saos.org.pl/judgments/342814
351196|2018-05-14|SO|III Ca 430/18|Uzasadnienie|https://www.saos.org.pl/judgments/351196
342000|2018-05-08|SO|VIII C 158/18|Wyrok|https://www.saos.org.pl/judgments/342000
341999|2018-05-08|SO|VIII C 157/18|Wyrok|https://www.saos.org.pl/judgments/341999
342033|2018-05-07|SO|VIII C 2381/17|Wyrok|https://www.saos.org.pl/judgments/342033
342032|2018-05-07|SO|VIII C 2379/17|Wyrok|https://www.saos.org.pl/judgments/342032
342031|2018-05-07|SO|VIII C 2378/17|Wyrok|https://www.saos.org.pl/judgments/342031
343900|2018-04-27|SO|I C 305/18|Wyrok|https://www.saos.org.pl/judgments/343900
339933|2018-04-25|SO|I C 35/18|Wyrok|https://www.saos.org.pl/judgments/339933
350347|2018-04-23|SO|III Ca 56/18|Uzasadnienie|https://www.saos.org.pl/judgments/350347
342049|2018-04-23|SO|VIII C 52/18|Wyrok|https://www.saos.org.pl/judgments/342049
342045|2018-04-19|SO|VIII C 317/18|Wyrok|https://www.saos.org.pl/judgments/342045
342618|2018-04-18|SO|VIII C 2224/17|Wyrok|https://www.saos.org.pl/judgments/342618
342617|2018-04-18|SO|VIII C 2223/17|Wyrok|https://www.saos.org.pl/judgments/342617
342020|2018-04-18|SO|VIII C 2222/17|Wyrok|https://www.saos.org.pl/judgments/342020
341996|2018-04-17|SO|VIII C 147/18|Wyrok|https://www.saos.org.pl/judgments/341996
404460|2018-04-16|SO|II Ca 2506/17|Wyrok|https://www.saos.org.pl/judgments/404460
351195|2018-04-16|SO|III Ca 422/18|Uzasadnienie|https://www.saos.org.pl/judgments/351195
342013|2018-04-16|SO|VIII C 2053/17|Wyrok|https://www.saos.org.pl/judgments/342013
350324|2018-04-09|SO|III Ca 440/18|Uzasadnienie|https://www.saos.org.pl/judgments/350324
342022|2018-04-09|SO|VIII C 2251/17|Wyrok|https://www.saos.org.pl/judgments/342022
337288|2018-04-09|SO|VIII C 2256/17|Wyrok|https://www.saos.org.pl/judgments/337288
337275|2018-04-06|SO|VIII C 2001/17|Wyrok|https://www.saos.org.pl/judgments/337275
360286|2018-04-05|SO|II Ca 1225/17|Wyrok|https://www.saos.org.pl/judgments/360286
349371|2018-04-03|SO|III Ca 263/18|Uzasadnienie|https://www.saos.org.pl/judgments/349371
348742|2018-03-30|SO|III Ca 197/18|Uzasadnienie|https://www.saos.org.pl/judgments/348742
337291|2018-03-29|SO|VIII C 2352/17|Wyrok|https://www.saos.org.pl/judgments/337291
334993|2018-03-29|SO|VIII C 2250/17|Wyrok|https://www.saos.org.pl/judgments/334993
334992|2018-03-29|SO|VIII C 2248/17|Wyrok|https://www.saos.org.pl/judgments/334992
349552|2018-03-26|SO|III Ca 318/18|Uzasadnienie|https://www.saos.org.pl/judgments/349552
346365|2018-03-23|SO|II Ca 1184/17|Wyrok|https://www.saos.org.pl/judgments/346365
337287|2018-03-23|SO|VIII C 2253/17|Wyrok|https://www.saos.org.pl/judgments/337287
336969|2018-03-23|SO|II C 1849/15|Wyrok|https://www.saos.org.pl/judgments/336969
377876|2018-03-22|SO|II Ca 136/18|Wyrok|https://www.saos.org.pl/judgments/377876
411629|2018-03-20|SO|XVIII C 3151/17|Wyrok|https://www.saos.org.pl/judgments/411629
349373|2018-03-20|SO|III Ca 266/18|Uzasadnienie|https://www.saos.org.pl/judgments/349373
338154|2018-03-19|SO|I Ca 116/18|Wyrok|https://www.saos.org.pl/judgments/338154
348763|2018-03-16|SO|VII C 572/17|Zarządzenie|https://www.saos.org.pl/judgments/348763
334001|2018-03-16|SO|XII C 1177/17|Wyrok|https://www.saos.org.pl/judgments/334001
361250|2018-03-14|SO|II Ca 2440/17|Wyrok|https://www.saos.org.pl/judgments/361250
367608|2018-03-09|SO|I C 5019/17|Uzasadnienie|https://www.saos.org.pl/judgments/367608
331732|2018-03-05|SO|VIII C 2071/17|Wyrok|https://www.saos.org.pl/judgments/331732
331731|2018-03-05|SO|VIII C 2070/17|Wyrok|https://www.saos.org.pl/judgments/331731
331730|2018-03-05|SO|VIII C 2069/17|Wyrok|https://www.saos.org.pl/judgments/331730
331729|2018-03-05|SO|VIII C 2068/17|Wyrok|https://www.saos.org.pl/judgments/331729
331728|2018-03-05|SO|VIII C 2067/17|Wyrok|https://www.saos.org.pl/judgments/331728
331727|2018-03-05|SO|VIII C 2066/17|Wyrok|https://www.saos.org.pl/judgments/331727
331726|2018-03-05|SO|VIII C 2065/17|Wyrok|https://www.saos.org.pl/judgments/331726
331725|2018-03-05|SO|VIII C 2064/17|Wyrok|https://www.saos.org.pl/judgments/331725
331724|2018-03-05|SO|VIII C 2063/17|Wyrok|https://www.saos.org.pl/judgments/331724
331723|2018-03-05|SO|VIII C 2062/17|Wyrok|https://www.saos.org.pl/judgments/331723
331722|2018-03-05|SO|VIII C 2060/17|Wyrok|https://www.saos.org.pl/judgments/331722
331720|2018-03-05|SO|VIII C 2058/17|Wyrok|https://www.saos.org.pl/judgments/331720
334516|2018-03-02|SO|VIII C 2006/17|Wyrok|https://www.saos.org.pl/judgments/334516
358850|2018-02-27|SO|I C 3297/15|Wyrok|https://www.saos.org.pl/judgments/358850
334361|2018-02-21|SO|I C 1145/17|Wyrok|https://www.saos.org.pl/judgments/334361
331922|2018-02-14|SO|VIII C 2181/17|Wyrok|https://www.saos.org.pl/judgments/331922
335223|2018-02-12|SO|III C 277/17|Wyrok|https://www.saos.org.pl/judgments/335223
404455|2018-02-09|SO|II Ca 2204/17|Wyrok|https://www.saos.org.pl/judgments/404455
330934|2018-02-09|SO|I C 651/16|Wyrok|https://www.saos.org.pl/judgments/330934
331721|2018-02-05|SO|VIII C 2059/17|Wyrok|https://www.saos.org.pl/judgments/331721
338942|2018-02-01|SO|III Ca 1743/17|Uzasadnienie|https://www.saos.org.pl/judgments/338942
324475|2018-01-31|SO|X C 5718/17|Zarządzenie|https://www.saos.org.pl/judgments/324475
338121|2018-01-29|SO|I C 1238/16|Uzasadnienie|https://www.saos.org.pl/judgments/338121
327639|2018-01-26|SO|VIII C 23/17|Wyrok|https://www.saos.org.pl/judgments/327639
325618|2018-01-26|SO|I C 108/17|Wyrok|https://www.saos.org.pl/judgments/325618
337235|2018-01-24|SO|XV C 757/16|Wyrok|https://www.saos.org.pl/judgments/337235
327638|2018-01-17|SO|VIII C 2131/17|Wyrok|https://www.saos.org.pl/judgments/327638
326840|2018-01-16|SO|VIII C 1661/17|Wyrok|https://www.saos.org.pl/judgments/326840
357167|2018-01-09|SO|I C 1257/17|Wyrok|https://www.saos.org.pl/judgments/357167
319627|2018-01-08|SO|I C 2462/17|Zarządzenie|https://www.saos.org.pl/judgments/319627
325547|2017-12-20|SO|IV Ca 662/17|Wyrok|https://www.saos.org.pl/judgments/325547
334891|2017-12-19|SO|III C 409/16|Wyrok|https://www.saos.org.pl/judgments/334891
320198|2017-12-15|SO|I C 722/17|Wyrok|https://www.saos.org.pl/judgments/320198
326864|2017-12-14|SO|VIII C 315/17|Wyrok|https://www.saos.org.pl/judgments/326864
326855|2017-12-13|SO|VIII C 2129/17|Wyrok|https://www.saos.org.pl/judgments/326855
326854|2017-12-13|SO|VIII C 2128/17|Wyrok|https://www.saos.org.pl/judgments/326854
326853|2017-12-13|SO|VIII C 2127/17|Wyrok|https://www.saos.org.pl/judgments/326853
326851|2017-12-13|SO|VIII C 2057/17|Wyrok|https://www.saos.org.pl/judgments/326851
326850|2017-12-13|SO|VIII C 2056/17|Wyrok|https://www.saos.org.pl/judgments/326850
326849|2017-12-13|SO|VIII C 2055/17|Wyrok|https://www.saos.org.pl/judgments/326849
326848|2017-12-13|SO|VIII C 2054/17|Wyrok|https://www.saos.org.pl/judgments/326848
326847|2017-12-13|SO|VIII C 2052/17|Wyrok|https://www.saos.org.pl/judgments/326847
326846|2017-12-13|SO|VIII C 2050/17|Wyrok|https://www.saos.org.pl/judgments/326846
325004|2017-12-13|SO|VIII C 2051/17|Wyrok|https://www.saos.org.pl/judgments/325004
321944|2017-12-13|SO|IX Ca 814/17|Wyrok|https://www.saos.org.pl/judgments/321944
317272|2017-12-01|SO|I C 718/17|Wyrok|https://www.saos.org.pl/judgments/317272
430540|2017-11-30|SO|II Ca 748/17|Wyrok|https://www.saos.org.pl/judgments/430540
326868|2017-11-29|SO|VIII C 327/17|Wyrok|https://www.saos.org.pl/judgments/326868
325812|2017-11-28|SO|IX GC 1025/17|Wyrok|https://www.saos.org.pl/judgments/325812
318521|2017-11-24|SO|VIII C 970/17|Wyrok|https://www.saos.org.pl/judgments/318521
317766|2017-11-24|SO|VIII C 938/17|Wyrok|https://www.saos.org.pl/judgments/317766
324858|2017-11-21|SO|VI GC 917/17|Wyrok|https://www.saos.org.pl/judgments/324858
336230|2017-11-17|SO|VII ACa 948/17|Wyrok|https://www.saos.org.pl/judgments/336230
315071|2017-11-13|SO|VIII C 902/17|Wyrok|https://www.saos.org.pl/judgments/315071
316892|2017-11-10|SO|VIII C 868/17|Wyrok|https://www.saos.org.pl/judgments/316892
323370|2017-11-07|SO|I C 1099/17|Wyrok|https://www.saos.org.pl/judgments/323370
368309|2017-11-06|SO|I C 1374/16|Wyrok|https://www.saos.org.pl/judgments/368309
318202|2017-10-30|SO|III C 135/16|Wyrok|https://www.saos.org.pl/judgments/318202
315059|2017-10-30|SO|VIII C 2019/16|Wyrok|https://www.saos.org.pl/judgments/315059
364570|2017-10-20|SO|II C 925/16|Wyrok|https://www.saos.org.pl/judgments/364570
315070|2017-10-20|SO|VIII C 897/17|Wyrok|https://www.saos.org.pl/judgments/315070
311654|2017-10-17|SO|VIII C 1099/17|Wyrok|https://www.saos.org.pl/judgments/311654
307575|2017-10-12|SO|X C 2517/17|Zarządzenie|https://www.saos.org.pl/judgments/307575
319774|2017-10-09|SO|XII C 865/17|Wyrok|https://www.saos.org.pl/judgments/319774
317301|2017-10-04|SO|I Nc 1707/17|Postanowienie|https://www.saos.org.pl/judgments/317301
314309|2017-10-04|SO|I C 783/16|Wyrok|https://www.saos.org.pl/judgments/314309
308981|2017-10-04|SO|I C 505/17|Wyrok|https://www.saos.org.pl/judgments/308981
310720|2017-10-02|SO|I C 157/17|Wyrok|https://www.saos.org.pl/judgments/310720
405981|2017-09-18|SO|XVIII C 2224/17|Wyrok|https://www.saos.org.pl/judgments/405981
405980|2017-09-18|SO|XVIII C 2223/17|Wyrok|https://www.saos.org.pl/judgments/405980
307181|2017-09-18|SO|XII C 752/17|Wyrok|https://www.saos.org.pl/judgments/307181
307906|2017-09-13|SO|VIII C 2015/16|Wyrok|https://www.saos.org.pl/judgments/307906
301028|2017-09-07|SO|XVI C 2690/16|Zarządzenie|https://www.saos.org.pl/judgments/301028
341199|2017-09-06|SO|VI ACa 613/16|Wyrok|https://www.saos.org.pl/judgments/341199
308453|2017-09-05|SO|VIII Ga 109/17|Uzasadnienie|https://www.saos.org.pl/judgments/308453
307444|2017-09-05|SO|III Ca 874/17|Uzasadnienie|https://www.saos.org.pl/judgments/307444
300282|2017-09-05|SO|X C 1027/17|Uzasadnienie|https://www.saos.org.pl/judgments/300282
304712|2017-09-04|SO|I C 452/17|Wyrok|https://www.saos.org.pl/judgments/304712
300288|2017-09-01|SO|X C 1433/17|Zarządzenie|https://www.saos.org.pl/judgments/300288
348261|2017-08-30|SO|II Ca 1216/17|Postanowienie|https://www.saos.org.pl/judgments/348261
306736|2017-08-28|SO|VIII C 2409/16|Wyrok|https://www.saos.org.pl/judgments/306736
328589|2017-08-23|SO|XI C 630/17|Wyrok|https://www.saos.org.pl/judgments/328589
314312|2017-08-23|SO|I C 804/17|Wyrok|https://www.saos.org.pl/judgments/314312
301135|2017-08-16|SO|III Ca 540/17|Uzasadnienie|https://www.saos.org.pl/judgments/301135
302623|2017-08-04|KIO|KIO 1479/17|Wyrok|https://www.saos.org.pl/judgments/302623
388726|2017-07-11|SO|I C 3028/15|Wyrok|https://www.saos.org.pl/judgments/388726
299093|2017-07-06|SO|VIII C 667/17|Wyrok|https://www.saos.org.pl/judgments/299093
374722|2017-07-05|SO|XVIII C 1506/17|Wyrok|https://www.saos.org.pl/judgments/374722
310296|2017-07-05|SO|V Ca 2665/16|Wyrok|https://www.saos.org.pl/judgments/310296
388730|2017-07-04|SO|I C 3305/15|Wyrok|https://www.saos.org.pl/judgments/388730
388695|2017-07-04|SO|I C 1603/15|Wyrok|https://www.saos.org.pl/judgments/388695
358836|2017-07-04|SO|I C 1352/14|Wyrok|https://www.saos.org.pl/judgments/358836
332093|2017-07-04|SO|II Ca 775/17|Postanowienie|https://www.saos.org.pl/judgments/332093
332090|2017-07-04|SO|II Ca 466/17|Postanowienie|https://www.saos.org.pl/judgments/332090
313535|2017-07-04|SO|I C 96/17|Wyrok|https://www.saos.org.pl/judgments/313535
293747|2017-07-03|SO|I C 1534/17|Wyrok|https://www.saos.org.pl/judgments/293747
299740|2017-06-28|SO|I C 383/17|Wyrok|https://www.saos.org.pl/judgments/299740
292425|2017-06-27|SO|I C 219/16|Wyrok|https://www.saos.org.pl/judgments/292425
311712|2017-06-21|SO|VI ACa 1060/14|Wyrok|https://www.saos.org.pl/judgments/311712
300135|2017-06-21|SO|I Ca 201/17|Wyrok|https://www.saos.org.pl/judgments/300135
298074|2017-06-19|SO|II C 1421/16|Wyrok|https://www.saos.org.pl/judgments/298074
295830|2017-06-14|SO|VI ACa 683/15|Wyrok|https://www.saos.org.pl/judgments/295830
295238|2017-06-14|SO|VI ACa 823/15|Wyrok|https://www.saos.org.pl/judgments/295238
294495|2017-06-14|SO|VI ACa 41/15|Wyrok|https://www.saos.org.pl/judgments/294495
289693|2017-06-09|SO|I C 140/17|Wyrok|https://www.saos.org.pl/judgments/289693
368839|2017-06-07|SO|I C 2612/16|Zarządzenie|https://www.saos.org.pl/judgments/368839
292383|2017-06-07|SO|VIII C 43/17|Wyrok|https://www.saos.org.pl/judgments/292383
290772|2017-06-01|SO|VIII C 3386/15|Wyrok|https://www.saos.org.pl/judgments/290772
291901|2017-05-31|SO|I ACa 1056/16|Wyrok|https://www.saos.org.pl/judgments/291901
382541|2017-05-30|SO|II C 3/17|Wyrok|https://www.saos.org.pl/judgments/382541
358828|2017-05-30|SO|I C 1076/14|Wyrok|https://www.saos.org.pl/judgments/358828
365506|2017-05-29|SO|XXV C 1168/16|Wyrok|https://www.saos.org.pl/judgments/365506
358847|2017-05-23|SO|I C 3196/15|Wyrok|https://www.saos.org.pl/judgments/358847
285169|2017-05-23|SO|I C 69/17|Wyrok|https://www.saos.org.pl/judgments/285169
295948|2017-05-22|SO|I C 942/16|Wyrok|https://www.saos.org.pl/judgments/295948
290970|2017-05-19|SO|XXV C 455/16|Wyrok|https://www.saos.org.pl/judgments/290970
289777|2017-05-17|SO|I C 348/17|Wyrok|https://www.saos.org.pl/judgments/289777
288264|2017-05-17|SO|VIII C 2252/16|Wyrok|https://www.saos.org.pl/judgments/288264
287309|2017-05-12|SO|VIII C 3029/16|Wyrok|https://www.saos.org.pl/judgments/287309
287272|2017-05-11|SO|V ACa 649/16|Wyrok|https://www.saos.org.pl/judgments/287272
329487|2017-05-09|SO|I1 C 845/16|Wyrok|https://www.saos.org.pl/judgments/329487
287369|2017-05-09|SO|I C 69/17|Wyrok|https://www.saos.org.pl/judgments/287369
342738|2017-05-08|SO|I C 204/17|Wyrok|https://www.saos.org.pl/judgments/342738
405992|2017-04-26|SO|XVIII C 5519/15|Wyrok|https://www.saos.org.pl/judgments/405992
286287|2017-04-26|SO|I C 1984/16|Wyrok|https://www.saos.org.pl/judgments/286287
285928|2017-04-24|SO|VIII C 2559/16|Wyrok|https://www.saos.org.pl/judgments/285928
318895|2017-04-21|SO|I C 16/17|Wyrok|https://www.saos.org.pl/judgments/318895
288599|2017-04-20|SO|VIII GC 515/16|Wyrok|https://www.saos.org.pl/judgments/288599
388693|2017-04-18|SO|I C 1537/14|Wyrok|https://www.saos.org.pl/judgments/388693
284300|2017-04-18|SO|I C 49/17|Wyrok|https://www.saos.org.pl/judgments/284300
284298|2017-04-18|SO|I C 47/17|Wyrok|https://www.saos.org.pl/judgments/284298
284296|2017-04-18|SO|I C 45/17|Wyrok|https://www.saos.org.pl/judgments/284296
284279|2017-04-18|SO|I C 3/17|Wyrok|https://www.saos.org.pl/judgments/284279
316127|2017-04-11|SO|I C 522/16|Wyrok|https://www.saos.org.pl/judgments/316127
284354|2017-04-11|SO|I C 99/17|Wyrok|https://www.saos.org.pl/judgments/284354
282384|2017-04-11|SO|V Ca 762/16|Wyrok|https://www.saos.org.pl/judgments/282384
304727|2017-04-06|SO|I C 498/16|Wyrok|https://www.saos.org.pl/judgments/304727
289803|2017-04-06|SO|I C 470/16|Wyrok|https://www.saos.org.pl/judgments/289803
284333|2017-04-06|SO|I C 763/16|Wyrok|https://www.saos.org.pl/judgments/284333
282752|2017-04-06|SO|II C 894/15|Wyrok|https://www.saos.org.pl/judgments/282752
282193|2017-04-06|SO|II Ca 145/17|Wyrok|https://www.saos.org.pl/judgments/282193
363902|2017-04-04|SO|II C 1177/16|Wyrok|https://www.saos.org.pl/judgments/363902
287367|2017-03-31|SO|I C 603/17|Wyrok|https://www.saos.org.pl/judgments/287367
304701|2017-03-28|SO|I C 424/16|Wyrok|https://www.saos.org.pl/judgments/304701
281613|2017-03-23|SO|I C 622/16|Wyrok|https://www.saos.org.pl/judgments/281613
281630|2017-03-21|SO|I C 984/16|Wyrok|https://www.saos.org.pl/judgments/281630
282492|2017-03-20|SO|XXV C 1934/16|Wyrok|https://www.saos.org.pl/judgments/282492
281372|2017-03-15|SO|XII C 1932/16|Wyrok|https://www.saos.org.pl/judgments/281372
279523|2017-03-15|SO|VIII C 3027/16|Wyrok|https://www.saos.org.pl/judgments/279523
340655|2017-03-10|SO|I C 4816/15|Uzasadnienie|https://www.saos.org.pl/judgments/340655
309935|2017-03-09|SO|II Ca 1179/16|Wyrok|https://www.saos.org.pl/judgments/309935
284351|2017-03-09|SO|I C 905/16|Wyrok|https://www.saos.org.pl/judgments/284351
309514|2017-03-07|SO|II Ca 913/16|Wyrok|https://www.saos.org.pl/judgments/309514
284350|2017-03-07|SO|I C 901/16|Wyrok|https://www.saos.org.pl/judgments/284350
284348|2017-03-07|SO|I C 897/16|Wyrok|https://www.saos.org.pl/judgments/284348
284347|2017-03-07|SO|I C 895/16|Wyrok|https://www.saos.org.pl/judgments/284347
284345|2017-03-07|SO|I C 889/16|Wyrok|https://www.saos.org.pl/judgments/284345
284344|2017-03-07|SO|I C 885/16|Wyrok|https://www.saos.org.pl/judgments/284344
375023|2017-03-02|SO|XVIII C 188/17|Zarządzenie|https://www.saos.org.pl/judgments/375023
284343|2017-03-02|SO|I C 883/16|Wyrok|https://www.saos.org.pl/judgments/284343
284342|2017-03-02|SO|I C 881/16|Wyrok|https://www.saos.org.pl/judgments/284342
284340|2017-03-02|SO|I C 875/16|Wyrok|https://www.saos.org.pl/judgments/284340
277062|2017-03-02|SO|XVI C 1954/16|Zarządzenie|https://www.saos.org.pl/judgments/277062
280728|2017-03-01|SO|II C 376/16|Wyrok|https://www.saos.org.pl/judgments/280728
279259|2017-03-01|SO|VIII C 48/17|Wyrok|https://www.saos.org.pl/judgments/279259
276778|2017-03-01|SO|VIII C 2546/16|Wyrok|https://www.saos.org.pl/judgments/276778
276777|2017-03-01|SO|VIII C 2545/16|Wyrok|https://www.saos.org.pl/judgments/276777
317209|2017-02-27|SO|I C 25/17|Zarządzenie|https://www.saos.org.pl/judgments/317209
284328|2017-02-23|SO|I C 711/16|Wyrok|https://www.saos.org.pl/judgments/284328
284327|2017-02-23|SO|I C 707/16|Wyrok|https://www.saos.org.pl/judgments/284327
284326|2017-02-23|SO|I C 705/16|Wyrok|https://www.saos.org.pl/judgments/284326
274873|2017-02-23|SO|VIII C 2586/16|Wyrok|https://www.saos.org.pl/judgments/274873
284323|2017-02-21|SO|I C 695/16|Wyrok|https://www.saos.org.pl/judgments/284323
276780|2017-02-20|SO|VIII C 2566/16|Wyrok|https://www.saos.org.pl/judgments/276780
276779|2017-02-20|SO|VIII C 2565/16|Wyrok|https://www.saos.org.pl/judgments/276779
276357|2017-02-20|SO|III Ca 1435/16|Uzasadnienie|https://www.saos.org.pl/judgments/276357
317303|2017-02-17|SO|I Nc 2652/16|Uzasadnienie|https://www.saos.org.pl/judgments/317303
315662|2017-02-08|SO|I C 4014/16|Uzasadnienie|https://www.saos.org.pl/judgments/315662
271968|2017-02-08|SO|I C 2175/15|Wyrok|https://www.saos.org.pl/judgments/271968
278832|2017-02-06|SO|I C 575/16|Wyrok|https://www.saos.org.pl/judgments/278832
276347|2017-02-06|SO|III Ca 116/17|Uzasadnienie|https://www.saos.org.pl/judgments/276347
271169|2017-01-26|SO|VIII C 3191/16|Wyrok|https://www.saos.org.pl/judgments/271169
292916|2017-01-24|SO|I C 811/16|Wyrok|https://www.saos.org.pl/judgments/292916
292884|2017-01-24|SO|I C 112/16|Wyrok|https://www.saos.org.pl/judgments/292884
371831|2017-01-18|SO|I C 3510/16|Uzasadnienie|https://www.saos.org.pl/judgments/371831
283794|2017-01-12|SO|I C 761/16|Wyrok|https://www.saos.org.pl/judgments/283794
283793|2017-01-12|SO|I C 759/16|Wyrok|https://www.saos.org.pl/judgments/283793
283792|2017-01-12|SO|I C 755/16|Wyrok|https://www.saos.org.pl/judgments/283792
283791|2017-01-12|SO|I C 753/16|Wyrok|https://www.saos.org.pl/judgments/283791
283781|2017-01-10|SO|I C 623/16|Wyrok|https://www.saos.org.pl/judgments/283781
292184|2017-01-02|SO|X C 1749/16|Zarządzenie|https://www.saos.org.pl/judgments/292184
267738|2016-12-30|SO|III Ca 1417/16|Uzasadnienie|https://www.saos.org.pl/judgments/267738
310013|2016-12-29|SO|II Ca 1632/16|Wyrok|https://www.saos.org.pl/judgments/310013
288261|2016-12-29|SO|VIII C 123/16|Wyrok|https://www.saos.org.pl/judgments/288261
265265|2016-12-28|SO|I ACa 590/16|Wyrok|https://www.saos.org.pl/judgments/265265
315252|2016-12-21|SO|XXV C 2040/15|Wyrok|https://www.saos.org.pl/judgments/315252
283788|2016-12-20|SO|I C 703/16|Wyrok|https://www.saos.org.pl/judgments/283788
283784|2016-12-20|SO|I C 635/16|Wyrok|https://www.saos.org.pl/judgments/283784
283444|2016-12-20|SO|I C 631/16|Wyrok|https://www.saos.org.pl/judgments/283444
296061|2016-12-19|SO|I C 351/16|Wyrok|https://www.saos.org.pl/judgments/296061
320758|2016-12-16|SO|I C 2323/16|Uzasadnienie|https://www.saos.org.pl/judgments/320758
268433|2016-12-16|SO|XII C 1272/16|Wyrok|https://www.saos.org.pl/judgments/268433
332331|2016-12-15|SO|I C 3003/16|Uzasadnienie|https://www.saos.org.pl/judgments/332331
283447|2016-12-13|SO|I C 701/16|Wyrok|https://www.saos.org.pl/judgments/283447
283446|2016-12-13|SO|I C 699/16|Wyrok|https://www.saos.org.pl/judgments/283446
268321|2016-12-12|SO|I C 741/16|Uzasadnienie|https://www.saos.org.pl/judgments/268321
309018|2016-12-08|SO|II Ca 731/16|Wyrok|https://www.saos.org.pl/judgments/309018
274695|2016-12-08|SO|VI ACa 1212/15|Wyrok|https://www.saos.org.pl/judgments/274695
263967|2016-12-08|SO|VIII C 1955/16|Wyrok|https://www.saos.org.pl/judgments/263967
270061|2016-12-07|SO|VIII C 1312/16|Wyrok|https://www.saos.org.pl/judgments/270061
274725|2016-12-06|SO|VI GC 536/16|Wyrok|https://www.saos.org.pl/judgments/274725
272816|2016-12-06|SO|I C 1225/16|Wyrok|https://www.saos.org.pl/judgments/272816
316090|2016-11-30|SO|I C 378/16|Wyrok|https://www.saos.org.pl/judgments/316090
304686|2016-11-30|SO|I C 386/16|Wyrok|https://www.saos.org.pl/judgments/304686
317205|2016-11-29|SO|I C 2434/16|Zarządzenie|https://www.saos.org.pl/judgments/317205
261107|2016-11-28|SO|III C 677/16|Wyrok|https://www.saos.org.pl/judgments/261107
259946|2016-11-23|SO|VIII C 2523/16|Wyrok|https://www.saos.org.pl/judgments/259946
258315|2016-11-23|SO|VIII C 2459/16|Wyrok|https://www.saos.org.pl/judgments/258315
259742|2016-11-21|SO|VIII C 547/16|Wyrok|https://www.saos.org.pl/judgments/259742
263768|2016-11-18|SO|I ACa 1867/15|Wyrok|https://www.saos.org.pl/judgments/263768
267009|2016-11-03|SO|I C 985/16|Wyrok|https://www.saos.org.pl/judgments/267009
256506|2016-11-03|SO|I ACa 464/16|Wyrok|https://www.saos.org.pl/judgments/256506
256393|2016-11-03|SO|VIII C 110/16|Wyrok|https://www.saos.org.pl/judgments/256393
318886|2016-11-02|SO|I C 1079/16|Uzasadnienie|https://www.saos.org.pl/judgments/318886
273062|2016-11-02|SO|I C 2165/16|Wyrok|https://www.saos.org.pl/judgments/273062
256573|2016-10-31|SO|I C 661/16|Wyrok|https://www.saos.org.pl/judgments/256573
256571|2016-10-31|SO|I C 649/16|Wyrok|https://www.saos.org.pl/judgments/256571
256570|2016-10-31|SO|I C 645/16|Wyrok|https://www.saos.org.pl/judgments/256570
256569|2016-10-31|SO|I C 643/16|Wyrok|https://www.saos.org.pl/judgments/256569
256568|2016-10-31|SO|I C 641/16|Wyrok|https://www.saos.org.pl/judgments/256568
256398|2016-10-27|SO|VIII C 1984/16|Wyrok|https://www.saos.org.pl/judgments/256398
358744|2016-10-26|SO|II C 1624/16|Wyrok|https://www.saos.org.pl/judgments/358744
255787|2016-10-25|SO|I C 407/16|Wyrok|https://www.saos.org.pl/judgments/255787
254016|2016-10-21|SO|IV Ca 735/16|Wyrok|https://www.saos.org.pl/judgments/254016
263742|2016-10-20|SO|XI C 376/16|Wyrok|https://www.saos.org.pl/judgments/263742
273616|2016-10-13|SO|I C 1006/16|Wyrok|https://www.saos.org.pl/judgments/273616
254102|2016-10-13|SO|VIII C 1323/16|Wyrok|https://www.saos.org.pl/judgments/254102
265845|2016-10-12|SO|XVIII C 3177/16|Wyrok|https://www.saos.org.pl/judgments/265845
317174|2016-10-10|SO|I C 1522/16|Uzasadnienie|https://www.saos.org.pl/judgments/317174
262980|2016-10-10|SO|X C 1077/16|Wyrok|https://www.saos.org.pl/judgments/262980
256552|2016-10-06|SO|I C 427/16|Wyrok|https://www.saos.org.pl/judgments/256552
256118|2016-10-06|SO|I C 650/16|Wyrok|https://www.saos.org.pl/judgments/256118
363586|2016-10-04|SO|III C 1279/16|Wyrok|https://www.saos.org.pl/judgments/363586
253156|2016-10-03|SO|VIII C 1279/16|Wyrok|https://www.saos.org.pl/judgments/253156
256924|2016-09-29|SO|XVII AmA 100/11|Wyrok|https://www.saos.org.pl/judgments/256924
253872|2016-09-27|SO|I C 455/16|Wyrok|https://www.saos.org.pl/judgments/253872
256110|2016-09-20|SO|I C 595/16|Wyrok|https://www.saos.org.pl/judgments/256110
256106|2016-09-20|SO|I C 593/16|Wyrok|https://www.saos.org.pl/judgments/256106
256105|2016-09-20|SO|I C 591/16|Wyrok|https://www.saos.org.pl/judgments/256105
250411|2016-09-20|SO|I C 409/15|Wyrok|https://www.saos.org.pl/judgments/250411
250406|2016-09-15|SO|I C 21/16|Wyrok|https://www.saos.org.pl/judgments/250406
250405|2016-09-13|SO|I C 2000/15|Wyrok|https://www.saos.org.pl/judgments/250405
308024|2016-09-07|SO|I C 1526/16|Uzasadnienie|https://www.saos.org.pl/judgments/308024
250045|2016-09-07|SO|VIII C 2001/16|Wyrok|https://www.saos.org.pl/judgments/250045
269645|2016-09-06|SO|I C 727/16|Uzasadnienie|https://www.saos.org.pl/judgments/269645
249805|2016-08-30|SO|I C 1870/15|Wyrok|https://www.saos.org.pl/judgments/249805
249461|2016-08-24|SO|VIII C 394/16|Wyrok|https://www.saos.org.pl/judgments/249461
240592|2016-08-24|SO|X GC 200/16|Zarządzenie|https://www.saos.org.pl/judgments/240592
256104|2016-08-23|SO|I C 553/16|Wyrok|https://www.saos.org.pl/judgments/256104
256091|2016-08-23|SO|I C 437/16|Wyrok|https://www.saos.org.pl/judgments/256091
256101|2016-08-18|SO|I C 535/16|Wyrok|https://www.saos.org.pl/judgments/256101
256100|2016-08-18|SO|I C 533/16|Wyrok|https://www.saos.org.pl/judgments/256100
256098|2016-08-18|SO|I C 531/16|Wyrok|https://www.saos.org.pl/judgments/256098
256094|2016-08-16|SO|I C 475/16|Wyrok|https://www.saos.org.pl/judgments/256094
248932|2016-08-11|SO|XVII AmA 41/16|Wyrok|https://www.saos.org.pl/judgments/248932
294899|2016-08-10|SO|I C 154/16|Uzasadnienie|https://www.saos.org.pl/judgments/294899
249612|2016-08-05|SO|I C 747/16|Wyrok|https://www.saos.org.pl/judgments/249612
256096|2016-08-04|SO|I C 527/16|Wyrok|https://www.saos.org.pl/judgments/256096
249138|2016-08-03|SO|I C 318/16|Wyrok|https://www.saos.org.pl/judgments/249138
249624|2016-08-02|SO|I C 1040/16|Wyrok|https://www.saos.org.pl/judgments/249624
248825|2016-08-02|SO|I C 1041/16|Wyrok|https://www.saos.org.pl/judgments/248825
257288|2016-07-25|SO|II Ca 403/16|Wyrok|https://www.saos.org.pl/judgments/257288
304485|2016-07-22|SO|I C 1272/16|Zarządzenie|https://www.saos.org.pl/judgments/304485
290583|2016-07-22|SO|V C 782/15|Wyrok|https://www.saos.org.pl/judgments/290583
239116|2016-07-21|SO|I Ca 279/16|Wyrok|https://www.saos.org.pl/judgments/239116
242208|2016-07-19|SO|I C 91/16|Wyrok|https://www.saos.org.pl/judgments/242208
242205|2016-07-19|SO|I C 79/16|Wyrok|https://www.saos.org.pl/judgments/242205
242204|2016-07-19|SO|I C 77/16|Wyrok|https://www.saos.org.pl/judgments/242204
242202|2016-07-19|SO|I C 75/16|Wyrok|https://www.saos.org.pl/judgments/242202
242200|2016-07-19|SO|I C 69/16|Wyrok|https://www.saos.org.pl/judgments/242200
242198|2016-07-19|SO|I C 61/16|Wyrok|https://www.saos.org.pl/judgments/242198
238290|2016-07-18|SO|I C 115/16|Wyrok|https://www.saos.org.pl/judgments/238290
251453|2016-07-15|SO|VI ACa 616/15|Wyrok|https://www.saos.org.pl/judgments/251453
242181|2016-07-14|SO|I C 263/16|Wyrok|https://www.saos.org.pl/judgments/242181
236214|2016-07-14|SO|VI Cz 787/16|Postanowienie|https://www.saos.org.pl/judgments/236214
292648|2016-07-12|SO|I C 1501/16|Uzasadnienie|https://www.saos.org.pl/judgments/292648
242199|2016-07-12|SO|I C 67/16|Wyrok|https://www.saos.org.pl/judgments/242199
242195|2016-07-12|SO|I C 55/16|Postanowienie|https://www.saos.org.pl/judgments/242195
242185|2016-07-12|SO|I C 33/16|Wyrok|https://www.saos.org.pl/judgments/242185
242173|2016-07-12|SO|I C 169/16|Wyrok|https://www.saos.org.pl/judgments/242173
242171|2016-07-12|SO|I C 153/16|Wyrok|https://www.saos.org.pl/judgments/242171
242180|2016-07-07|SO|I C 261/16|Wyrok|https://www.saos.org.pl/judgments/242180
241058|2016-07-06|SO|VIII C 3622/15|Wyrok|https://www.saos.org.pl/judgments/241058
241057|2016-07-06|SO|VIII C 3533/15|Wyrok|https://www.saos.org.pl/judgments/241057
267641|2016-07-05|SO|I C 409/16|Zarządzenie|https://www.saos.org.pl/judgments/267641
235199|2016-07-05|SO|I C 137/16|Wyrok|https://www.saos.org.pl/judgments/235199
235193|2016-07-05|SO|I C 11/16|Wyrok|https://www.saos.org.pl/judgments/235193
235190|2016-07-05|SO|I C 101/16|Wyrok|https://www.saos.org.pl/judgments/235190
242206|2016-06-30|SO|I C 85/16|Wyrok|https://www.saos.org.pl/judgments/242206
242197|2016-06-30|SO|I C 57/16|Wyrok|https://www.saos.org.pl/judgments/242197
242194|2016-06-30|SO|I C 51/16|Wyrok|https://www.saos.org.pl/judgments/242194
242188|2016-06-30|SO|I C 39/16|Wyrok|https://www.saos.org.pl/judgments/242188
242183|2016-06-30|SO|I C 31/16|Wyrok|https://www.saos.org.pl/judgments/242183
242182|2016-06-30|SO|I C 29/16|Wyrok|https://www.saos.org.pl/judgments/242182
242177|2016-06-30|SO|I C 189/16|Wyrok|https://www.saos.org.pl/judgments/242177
242174|2016-06-30|SO|I C 181/16|Wyrok|https://www.saos.org.pl/judgments/242174
258375|2016-06-29|SO|I C 171/16|Wyrok|https://www.saos.org.pl/judgments/258375
241403|2016-06-27|SO|I C 644/15|Wyrok|https://www.saos.org.pl/judgments/241403
305239|2016-06-24|SO|II Ca 1727/15|Wyrok|https://www.saos.org.pl/judgments/305239
234315|2016-06-16|SO|I C 1220/15|Wyrok|https://www.saos.org.pl/judgments/234315
233001|2016-06-15|SO|VIII C 3492/15|Wyrok|https://www.saos.org.pl/judgments/233001
232998|2016-06-15|SO|VIII C 22/16|Wyrok|https://www.saos.org.pl/judgments/232998
236619|2016-06-09|SO|I C 41/16|Wyrok|https://www.saos.org.pl/judgments/236619
236615|2016-06-09|SO|I C 171/16|Wyrok|https://www.saos.org.pl/judgments/236615
236614|2016-06-09|SO|I C 165/16|Wyrok|https://www.saos.org.pl/judgments/236614
236612|2016-06-09|SO|I C 149/16|Wyrok|https://www.saos.org.pl/judgments/236612
236611|2016-06-09|SO|I C 133/16|Wyrok|https://www.saos.org.pl/judgments/236611
235216|2016-06-09|SO|I C 53/16|Wyrok|https://www.saos.org.pl/judgments/235216
235206|2016-06-09|SO|I C 257/16|Wyrok|https://www.saos.org.pl/judgments/235206
235203|2016-06-09|SO|I C 163/16|Wyrok|https://www.saos.org.pl/judgments/235203
235200|2016-06-09|SO|I C 139/16|Wyrok|https://www.saos.org.pl/judgments/235200
235197|2016-06-09|SO|I C 131/16|Wyrok|https://www.saos.org.pl/judgments/235197
234321|2016-06-09|SO|I C 1741/15|Wyrok|https://www.saos.org.pl/judgments/234321
241758|2016-06-08|SO|IX GC 953/15|Wyrok|https://www.saos.org.pl/judgments/241758
304965|2016-06-07|SO|II C 128/16|Wyrok|https://www.saos.org.pl/judgments/304965
247956|2016-06-07|SO|II Ca 672/16|Wyrok|https://www.saos.org.pl/judgments/247956
237963|2016-06-07|SO|II C 148/16|Wyrok|https://www.saos.org.pl/judgments/237963
287175|2016-06-02|SO|I C 63/16|Wyrok|https://www.saos.org.pl/judgments/287175
235215|2016-06-02|SO|I C 47/16|Wyrok|https://www.saos.org.pl/judgments/235215
235213|2016-06-02|SO|I C 45/16|Wyrok|https://www.saos.org.pl/judgments/235213
235210|2016-06-02|SO|I C 387/16|Wyrok|https://www.saos.org.pl/judgments/235210
235204|2016-06-02|SO|I C 175/16|Wyrok|https://www.saos.org.pl/judgments/235204
233924|2016-06-02|SO|I C 2354/15|Wyrok|https://www.saos.org.pl/judgments/233924
228741|2016-05-31|SO|I C 125/16|Wyrok|https://www.saos.org.pl/judgments/228741
227138|2016-05-31|SO|I C 7/16|Wyrok|https://www.saos.org.pl/judgments/227138
227094|2016-05-31|SO|I C 23/16|Wyrok|https://www.saos.org.pl/judgments/227094
227073|2016-05-31|SO|I C 127/16|Wyrok|https://www.saos.org.pl/judgments/227073
227071|2016-05-31|SO|I C 119/16|Wyrok|https://www.saos.org.pl/judgments/227071
231918|2016-05-30|SO|II C 73/16|Wyrok|https://www.saos.org.pl/judgments/231918
232535|2016-05-24|SO|I C 425/16|Zarządzenie|https://www.saos.org.pl/judgments/232535
248828|2016-05-23|SO|I C 22/16|Zarządzenie|https://www.saos.org.pl/judgments/248828
292905|2016-05-20|SO|I C 410/16|Wyrok|https://www.saos.org.pl/judgments/292905
228917|2016-05-20|SO|VIII C 3402/15|Wyrok|https://www.saos.org.pl/judgments/228917
294635|2016-05-19|SO|I C 4630/15|Uzasadnienie|https://www.saos.org.pl/judgments/294635
294620|2016-05-18|SO|I C 155/16|Uzasadnienie|https://www.saos.org.pl/judgments/294620
265338|2016-05-18|SO|I C 4673/15|Uzasadnienie|https://www.saos.org.pl/judgments/265338
226901|2016-05-17|SO|VIII C 20/16|Wyrok|https://www.saos.org.pl/judgments/226901
296731|2016-05-16|SO|II Ca 276/16|Wyrok|https://www.saos.org.pl/judgments/296731
247568|2016-05-05|SO|XI C 1767/15|Wyrok|https://www.saos.org.pl/judgments/247568
247567|2016-05-05|SO|XI C 1766/15|Wyrok|https://www.saos.org.pl/judgments/247567
247239|2016-05-05|SO|XI C 1743/15|Wyrok|https://www.saos.org.pl/judgments/247239
247238|2016-05-05|SO|XI C 1712/15|Wyrok|https://www.saos.org.pl/judgments/247238
247928|2016-05-02|SO|I C 57/16|Zarządzenie|https://www.saos.org.pl/judgments/247928
283395|2016-04-29|SO|I C 153/16|Uzasadnienie|https://www.saos.org.pl/judgments/283395
224921|2016-04-29|SO|I C 3/16|Wyrok|https://www.saos.org.pl/judgments/224921
223500|2016-04-29|SO|I C 2061/15|Wyrok|https://www.saos.org.pl/judgments/223500
285158|2016-04-25|SO|I C 4789/15|Uzasadnienie|https://www.saos.org.pl/judgments/285158
289796|2016-04-22|SO|I C 4199/15|Zarządzenie|https://www.saos.org.pl/judgments/289796
224919|2016-04-21|SO|I C 289/16|Wyrok|https://www.saos.org.pl/judgments/224919
224873|2016-04-21|SO|I C 121/16|Wyrok|https://www.saos.org.pl/judgments/224873
223533|2016-04-21|SO|II Ca 1078/15|Wyrok|https://www.saos.org.pl/judgments/223533
309674|2016-04-20|SO|I C 192/16|Wyrok|https://www.saos.org.pl/judgments/309674
287905|2016-04-20|SO|I C 194/16|Wyrok|https://www.saos.org.pl/judgments/287905
227266|2016-04-20|SO|III Ca 1896/15|Wyrok|https://www.saos.org.pl/judgments/227266
294619|2016-04-19|SO|I C 149/16|Wyrok|https://www.saos.org.pl/judgments/294619
225778|2016-04-19|SO|I C 150/16|Wyrok|https://www.saos.org.pl/judgments/225778
224905|2016-04-19|SO|I C 207/16|Wyrok|https://www.saos.org.pl/judgments/224905
224393|2016-04-19|SO|I C 188/16|Wyrok|https://www.saos.org.pl/judgments/224393
224067|2016-04-19|SO|I C 175/16|Wyrok|https://www.saos.org.pl/judgments/224067
224066|2016-04-19|SO|I C 174/16|Wyrok|https://www.saos.org.pl/judgments/224066
224065|2016-04-19|SO|I C 148/16|Wyrok|https://www.saos.org.pl/judgments/224065
247913|2016-04-18|SO|I C 164/16|Zarządzenie|https://www.saos.org.pl/judgments/247913
235544|2016-04-14|SO|XI C 2203/15|Wyrok|https://www.saos.org.pl/judgments/235544
227113|2016-04-14|SO|I C 3143/15|Wyrok|https://www.saos.org.pl/judgments/227113
227111|2016-04-14|SO|I C 3102/15|Wyrok|https://www.saos.org.pl/judgments/227111
266231|2016-04-12|SO|I C 554/15|Wyrok|https://www.saos.org.pl/judgments/266231
238309|2016-04-12|SO|I C 552/15|Wyrok|https://www.saos.org.pl/judgments/238309
270971|2016-04-08|SO|XV C 964/15|Wyrok|https://www.saos.org.pl/judgments/270971
257878|2016-04-07|SO|XI C 2205/15|Wyrok|https://www.saos.org.pl/judgments/257878
232825|2016-04-06|SO|I C 1473/15|Wyrok|https://www.saos.org.pl/judgments/232825
359358|2016-04-05|SO|II C 932/15|Uzasadnienie|https://www.saos.org.pl/judgments/359358
222231|2016-04-05|SO|VIII C 3590/15|Wyrok|https://www.saos.org.pl/judgments/222231
283429|2016-04-04|SO|I C 4662/15|Uzasadnienie|https://www.saos.org.pl/judgments/283429
224457|2016-04-04|SO|II C 93/16|Wyrok|https://www.saos.org.pl/judgments/224457
228168|2016-03-31|SO|VIII C 161/14|Wyrok|https://www.saos.org.pl/judgments/228168
224916|2016-03-31|SO|I C 265/16|Wyrok|https://www.saos.org.pl/judgments/224916
222432|2016-03-31|SO|I Ca 118/16|Wyrok|https://www.saos.org.pl/judgments/222432
247906|2016-03-30|SO|I C 1336/15|Zarządzenie|https://www.saos.org.pl/judgments/247906
266405|2016-03-29|SO|I C 1239/15|Uzasadnienie|https://www.saos.org.pl/judgments/266405
284294|2016-03-24|SO|I C 4281/15|Zarządzenie|https://www.saos.org.pl/judgments/284294
233682|2016-03-23|SO|I ACa 978/15|Wyrok|https://www.saos.org.pl/judgments/233682
263038|2016-03-21|SO|I C 2377/15|Zarządzenie|https://www.saos.org.pl/judgments/263038
217280|2016-03-18|SO|I C 859/15|Uzasadnienie|https://www.saos.org.pl/judgments/217280
287922|2016-03-16|SO|I C 2594/15|Wyrok|https://www.saos.org.pl/judgments/287922
215937|2016-03-16|SO|I ACa 1362/15|Wyrok|https://www.saos.org.pl/judgments/215937
234990|2016-03-14|SO|I C 67/16|Zarządzenie|https://www.saos.org.pl/judgments/234990
234970|2016-03-14|SO|I C 116/16|Zarządzenie|https://www.saos.org.pl/judgments/234970
234963|2016-03-14|SO|I C 107/16|Zarządzenie|https://www.saos.org.pl/judgments/234963
229364|2016-03-14|SO|I C 425/15|Wyrok|https://www.saos.org.pl/judgments/229364
229363|2016-03-14|SO|I C 421/15|Wyrok|https://www.saos.org.pl/judgments/229363
223278|2016-03-11|SO|I C 540/15|Wyrok|https://www.saos.org.pl/judgments/223278
214655|2016-03-11|SO|I C 210/16|Wyrok|https://www.saos.org.pl/judgments/214655
229519|2016-03-10|SO|I C 456/15|Wyrok|https://www.saos.org.pl/judgments/229519
215118|2016-03-10|SO|I C 1700/15|Wyrok|https://www.saos.org.pl/judgments/215118
229361|2016-03-09|SO|I C 383/15|Wyrok|https://www.saos.org.pl/judgments/229361
229360|2016-03-09|SO|I C 381/15|Wyrok|https://www.saos.org.pl/judgments/229360
229358|2016-03-09|SO|I C 377/15|Wyrok|https://www.saos.org.pl/judgments/229358
244868|2016-03-08|SN|II UK 100/15|Wyrok|https://www.saos.org.pl/judgments/244868
263017|2016-03-07|SO|I C 1355/15|Uzasadnienie|https://www.saos.org.pl/judgments/263017
223077|2016-03-07|SO|I C 1651/15|Wyrok|https://www.saos.org.pl/judgments/223077
234974|2016-03-04|SO|I C 1338/15|Zarządzenie|https://www.saos.org.pl/judgments/234974
265847|2016-03-03|SO|XVIII C 3935/15|Wyrok|https://www.saos.org.pl/judgments/265847
224080|2016-03-02|SO|I C 662/14|Wyrok|https://www.saos.org.pl/judgments/224080
216542|2016-03-02|SO|I ACa 1102/15|Wyrok|https://www.saos.org.pl/judgments/216542
305079|2016-02-26|SO|II Ca 1159/15|Wyrok|https://www.saos.org.pl/judgments/305079
221580|2016-02-26|SO|III Ca 77/16|Uzasadnienie|https://www.saos.org.pl/judgments/221580
224963|2016-02-25|SO|I C 817/15|Wyrok|https://www.saos.org.pl/judgments/224963
305043|2016-02-24|SO|II Ca 1008/15|Wyrok|https://www.saos.org.pl/judgments/305043
249596|2016-02-24|SO|I C 22/16|Wyrok|https://www.saos.org.pl/judgments/249596
216048|2016-02-24|SO|I Ca 45/16|Wyrok|https://www.saos.org.pl/judgments/216048
221320|2016-02-23|SO|I C 813/15|Wyrok|https://www.saos.org.pl/judgments/221320
234976|2016-02-22|SO|I C 1345/15|Zarządzenie|https://www.saos.org.pl/judgments/234976
226397|2016-02-18|SO|I C 819/15|Wyrok|https://www.saos.org.pl/judgments/226397
210774|2016-02-18|SO|I C 1019/15|Wyrok|https://www.saos.org.pl/judgments/210774
269882|2016-02-17|SO|I C 2675/15|Uzasadnienie|https://www.saos.org.pl/judgments/269882
244639|2016-02-17|SN|III SZP 7/15|Uchwała|https://www.saos.org.pl/judgments/244639
210778|2016-02-17|SO|I C 1046/15|Wyrok|https://www.saos.org.pl/judgments/210778
210777|2016-02-17|SO|I C 1043/15|Wyrok|https://www.saos.org.pl/judgments/210777
210776|2016-02-17|SO|I C 1024/15|Wyrok|https://www.saos.org.pl/judgments/210776
289787|2016-02-16|SO|I C 3884/15|Uzasadnienie|https://www.saos.org.pl/judgments/289787
226393|2016-02-16|SO|I C 809/15|Wyrok|https://www.saos.org.pl/judgments/226393
226394|2016-02-15|SO|I C 811/15|Wyrok|https://www.saos.org.pl/judgments/226394
215115|2016-02-15|SO|I C 1469/15|Wyrok|https://www.saos.org.pl/judgments/215115
275959|2016-02-10|SO|I C 1790/15|Wyrok|https://www.saos.org.pl/judgments/275959
233690|2016-02-10|SO|I C 1800/15|Wyrok|https://www.saos.org.pl/judgments/233690
225550|2016-02-09|SO|I C 1319/15|Wyrok|https://www.saos.org.pl/judgments/225550
213271|2016-02-09|SO|I C 1870/15|Wyrok|https://www.saos.org.pl/judgments/213271
210775|2016-02-09|SO|I C 1020/15|Wyrok|https://www.saos.org.pl/judgments/210775
202682|2016-02-08|SO|I C 651/15|Zarządzenie|https://www.saos.org.pl/judgments/202682
199917|2016-02-08|SO|I C 859/15|Zarządzenie|https://www.saos.org.pl/judgments/199917
208075|2016-02-05|SO|VIII C 4422/14|Wyrok|https://www.saos.org.pl/judgments/208075
226385|2016-02-04|SO|I C 699/15|Wyrok|https://www.saos.org.pl/judgments/226385
226384|2016-02-04|SO|I C 697/15|Wyrok|https://www.saos.org.pl/judgments/226384
226383|2016-02-04|SO|I C 693/15|Wyrok|https://www.saos.org.pl/judgments/226383
226382|2016-02-04|SO|I C 691/15|Wyrok|https://www.saos.org.pl/judgments/226382
226380|2016-02-04|SO|I C 689/15|Wyrok|https://www.saos.org.pl/judgments/226380
221828|2016-02-03|SO|I C 313/15|Wyrok|https://www.saos.org.pl/judgments/221828
208070|2016-02-03|SO|VIII C 2593/15|Wyrok|https://www.saos.org.pl/judgments/208070
208146|2016-02-02|SO|I C 2515/15|Wyrok|https://www.saos.org.pl/judgments/208146
207251|2016-02-02|SO|I C 549/15|Wyrok|https://www.saos.org.pl/judgments/207251
213262|2016-01-28|SO|I C 1466/15|Wyrok|https://www.saos.org.pl/judgments/213262
214945|2016-01-19|SO|VIII C 3238/15|Wyrok|https://www.saos.org.pl/judgments/214945
202714|2016-01-19|SO|I C 792/15|Wyrok|https://www.saos.org.pl/judgments/202714
265312|2016-01-18|SO|I C 2373/15|Zarządzenie|https://www.saos.org.pl/judgments/265312
226390|2016-01-18|SO|I C 745/15|Wyrok|https://www.saos.org.pl/judgments/226390
226389|2016-01-18|SO|I C 743/15|Wyrok|https://www.saos.org.pl/judgments/226389
226388|2016-01-18|SO|I C 739/15|Wyrok|https://www.saos.org.pl/judgments/226388
299799|2016-01-14|SO|II Ca 831/15|Wyrok|https://www.saos.org.pl/judgments/299799
269413|2016-01-13|SO|I C 2250/15|Uzasadnienie|https://www.saos.org.pl/judgments/269413
233687|2016-01-13|SO|I C 129/15|Wyrok|https://www.saos.org.pl/judgments/233687
212526|2016-01-13|SO|I C 305/15|Wyrok|https://www.saos.org.pl/judgments/212526
199003|2016-01-13|SO|I C 2120/15|Wyrok|https://www.saos.org.pl/judgments/199003
224953|2016-01-12|SO|I C 771/15|Wyrok|https://www.saos.org.pl/judgments/224953
213288|2015-12-30|SO|I C 409/15|Wyrok|https://www.saos.org.pl/judgments/213288
274606|2015-12-21|SO|IX GC 425/15|Wyrok|https://www.saos.org.pl/judgments/274606
263047|2015-12-18|SO|I C 2663/15|Zarządzenie|https://www.saos.org.pl/judgments/263047
195912|2015-12-18|SO|I C 1554/15|Wyrok|https://www.saos.org.pl/judgments/195912
244139|2015-12-17|SN|V CSK 234/15|Wyrok|https://www.saos.org.pl/judgments/244139
197895|2015-12-15|SO|I C 1600/15|Wyrok|https://www.saos.org.pl/judgments/197895
256067|2015-12-14|SO|I C 2601/13|Wyrok|https://www.saos.org.pl/judgments/256067
245941|2015-12-07|SO|II C 608/15|Wyrok|https://www.saos.org.pl/judgments/245941
202692|2015-12-02|SO|I C 695/14|Wyrok|https://www.saos.org.pl/judgments/202692
197803|2015-12-02|SO|VIII C 1094/15|Wyrok|https://www.saos.org.pl/judgments/197803
219940|2015-11-30|SO|VI ACa 1319/14|Wyrok|https://www.saos.org.pl/judgments/219940
218210|2015-11-30|SO|VIII C 19/14|Wyrok|https://www.saos.org.pl/judgments/218210
204520|2015-11-27|SO|II Ca 1783/15|Wyrok|https://www.saos.org.pl/judgments/204520
262730|2015-11-26|SO|I C 984/15|Uzasadnienie|https://www.saos.org.pl/judgments/262730
270549|2015-11-25|SO|I C 2838/15|Uzasadnienie|https://www.saos.org.pl/judgments/270549
191958|2015-11-25|SO|IV Ca 666/15|Wyrok|https://www.saos.org.pl/judgments/191958
359287|2015-11-23|SO|II C 2036/15|Uzasadnienie|https://www.saos.org.pl/judgments/359287
263032|2015-11-23|SO|I C 2150/15|Uzasadnienie|https://www.saos.org.pl/judgments/263032
263020|2015-11-23|SO|I C 1587/15|Uzasadnienie|https://www.saos.org.pl/judgments/263020
190407|2015-11-20|SO|VIII C 1663/15|Wyrok|https://www.saos.org.pl/judgments/190407
280560|2015-11-17|SO|I C 2607/15|Uzasadnienie|https://www.saos.org.pl/judgments/280560
190073|2015-11-13|SO|V ACa 917/14|Wyrok|https://www.saos.org.pl/judgments/190073
204367|2015-11-10|SO|I C 1359/15|Wyrok|https://www.saos.org.pl/judgments/204367
189853|2015-11-10|SO|I C 783/15|Wyrok|https://www.saos.org.pl/judgments/189853
305136|2015-11-09|SO|II Ca 1367/15|Wyrok|https://www.saos.org.pl/judgments/305136
299220|2015-11-09|SO|II Ca 545/15|Wyrok|https://www.saos.org.pl/judgments/299220
188483|2015-11-06|SO|VIII C 3554/14|Wyrok|https://www.saos.org.pl/judgments/188483
270199|2015-11-05|SO|I C 2371/15|Uzasadnienie|https://www.saos.org.pl/judgments/270199
206657|2015-11-04|TK|K 1/14|Wyrok|https://www.saos.org.pl/judgments/206657
203160|2015-11-03|SO|III Ca 1360/15|Wyrok|https://www.saos.org.pl/judgments/203160
181754|2015-11-02|SO|I C 1293/15|Uzasadnienie|https://www.saos.org.pl/judgments/181754
189859|2015-10-29|SO|I C 942/15|Wyrok|https://www.saos.org.pl/judgments/189859
189847|2015-10-29|SO|I C 643/15|Wyrok|https://www.saos.org.pl/judgments/189847
189846|2015-10-29|SO|I C 604/15|Wyrok|https://www.saos.org.pl/judgments/189846
190743|2015-10-28|SO|I C 518/15|Wyrok|https://www.saos.org.pl/judgments/190743
265303|2015-10-23|SO|I C 2031/15|Uzasadnienie|https://www.saos.org.pl/judgments/265303
266402|2015-10-22|SO|I C 1089/15|Uzasadnienie|https://www.saos.org.pl/judgments/266402
269615|2015-10-19|SO|I C 2174/15|Uzasadnienie|https://www.saos.org.pl/judgments/269615
267288|2015-10-19|SO|I C 1636/15|Uzasadnienie|https://www.saos.org.pl/judgments/267288
298582|2015-10-15|SO|II Ca 375/15|Wyrok|https://www.saos.org.pl/judgments/298582
243551|2015-10-15|SN|II CSK 848/14|Wyrok|https://www.saos.org.pl/judgments/243551
182561|2015-10-15|SO|I C 743/15|Wyrok|https://www.saos.org.pl/judgments/182561
181748|2015-10-13|SO|I C 1280/15|Wyrok|https://www.saos.org.pl/judgments/181748
189384|2015-10-12|SO|XVI C 941/15|Wyrok|https://www.saos.org.pl/judgments/189384
180392|2015-10-12|SO|XVIII C 4219/15|Wyrok|https://www.saos.org.pl/judgments/180392
182571|2015-10-06|SO|I C 771/15|Wyrok|https://www.saos.org.pl/judgments/182571
267314|2015-10-02|SO|I C 722/15|Wyrok|https://www.saos.org.pl/judgments/267314
269640|2015-10-01|SO|I C 655/15|Uzasadnienie|https://www.saos.org.pl/judgments/269640
181749|2015-10-01|SO|I C 1281/15|Wyrok|https://www.saos.org.pl/judgments/181749
228175|2015-09-29|SO|VIII C 201/14|Wyrok|https://www.saos.org.pl/judgments/228175
182328|2015-09-29|SO|I C 374/15|Wyrok|https://www.saos.org.pl/judgments/182328
540572|2015-09-24|SO|II Ca 1119/15|Wyrok|https://www.saos.org.pl/judgments/540572
182332|2015-09-24|SO|I C 379/15|Wyrok|https://www.saos.org.pl/judgments/182332
182315|2015-09-24|SO|I C 361/15|Wyrok|https://www.saos.org.pl/judgments/182315
257005|2015-09-23|SO|I C 1447/15|Uzasadnienie|https://www.saos.org.pl/judgments/257005
181511|2015-09-23|SO|I ACa 747/15|Wyrok|https://www.saos.org.pl/judgments/181511
182387|2015-09-22|SO|I C 454/15|Wyrok|https://www.saos.org.pl/judgments/182387
182003|2015-09-15|SO|I C 209/15|Wyrok|https://www.saos.org.pl/judgments/182003
177379|2015-09-15|SO|XVI C 1463/15|Uzasadnienie|https://www.saos.org.pl/judgments/177379
180551|2015-09-11|SO|II C 1754/14|Wyrok|https://www.saos.org.pl/judgments/180551
243282|2015-09-09|SN|III SZP 2/15|Uchwała|https://www.saos.org.pl/judgments/243282
222367|2015-09-08|SO|I C 1441/14|Wyrok|https://www.saos.org.pl/judgments/222367
182518|2015-09-04|SO|I C 655/15|Wyrok|https://www.saos.org.pl/judgments/182518
359335|2015-08-31|SO|II C 565/15|Uzasadnienie|https://www.saos.org.pl/judgments/359335
258733|2015-08-31|SO|I C 3891/14|Uzasadnienie|https://www.saos.org.pl/judgments/258733
195972|2015-08-27|SO|I C 456/15|Wyrok|https://www.saos.org.pl/judgments/195972
263073|2015-08-26|SO|I C 558/15|Uzasadnienie|https://www.saos.org.pl/judgments/263073
180568|2015-08-24|SO|II Ca 1631/15|Wyrok|https://www.saos.org.pl/judgments/180568
184245|2015-08-20|SO|III AUa 185/14|Wyrok|https://www.saos.org.pl/judgments/184245
359345|2015-08-19|SO|II C 788/15|Zarządzenie|https://www.saos.org.pl/judgments/359345
258759|2015-08-13|SO|I C 782/15|Zarządzenie|https://www.saos.org.pl/judgments/258759
258745|2015-08-13|SO|I C 598/15|Zarządzenie|https://www.saos.org.pl/judgments/258745
176974|2015-08-13|SO|I C 2502/14|Zarządzenie|https://www.saos.org.pl/judgments/176974
358952|2015-08-03|SO|II C 1853/14|Zarządzenie|https://www.saos.org.pl/judgments/358952
206687|2015-07-31|TK|K 41/12|Wyrok|https://www.saos.org.pl/judgments/206687
261727|2015-07-29|SO|I C 3981/14|Uzasadnienie|https://www.saos.org.pl/judgments/261727
263790|2015-07-21|SO|I C 1267/15|Zarządzenie|https://www.saos.org.pl/judgments/263790
212173|2015-07-15|SO|IV Pa 24/15|Wyrok|https://www.saos.org.pl/judgments/212173
212172|2015-07-15|SO|IV Pa 23/15|Wyrok|https://www.saos.org.pl/judgments/212172
206758|2015-07-15|TK|P 66/14|Postanowienie|https://www.saos.org.pl/judgments/206758
190812|2015-07-15|SO|IV Pa 28/15|Wyrok|https://www.saos.org.pl/judgments/190812
190810|2015-07-15|SO|IV Pa 26/15|Wyrok|https://www.saos.org.pl/judgments/190810
159850|2015-07-06|SO|VI C 51/15|Wyrok|https://www.saos.org.pl/judgments/159850
207045|2015-07-01|TK|Ts 299/14|Postanowienie|https://www.saos.org.pl/judgments/207045
206990|2015-07-01|TK|Ts 248/14|Postanowienie|https://www.saos.org.pl/judgments/206990
185225|2015-07-01|SO|III Ca 521/15|Wyrok|https://www.saos.org.pl/judgments/185225
190807|2015-06-24|SO|IV Pa 18/15|Wyrok|https://www.saos.org.pl/judgments/190807
190635|2015-06-24|SO|IV Pa 22/15|Wyrok|https://www.saos.org.pl/judgments/190635
298619|2015-06-23|SO|II Ca 87/15|Wyrok|https://www.saos.org.pl/judgments/298619
178400|2015-06-23|SO|VIII C 633/13|Wyrok|https://www.saos.org.pl/judgments/178400
206901|2015-06-18|TK|Ts 115/15|Postanowienie|https://www.saos.org.pl/judgments/206901
177417|2015-06-16|SO|I C 330/15|Zarządzenie|https://www.saos.org.pl/judgments/177417
206915|2015-06-10|TK|Ts 139/13|Postanowienie|https://www.saos.org.pl/judgments/206915
175408|2015-06-03|SO|III Ca 634/15|Uzasadnienie|https://www.saos.org.pl/judgments/175408
156930|2015-05-20|SO|I C 3382/14|Wyrok|https://www.saos.org.pl/judgments/156930
206748|2015-05-13|TK|P 54/13|Postanowienie|https://www.saos.org.pl/judgments/206748
294558|2015-04-28|SO|XVII AmA 23/14|Wyrok|https://www.saos.org.pl/judgments/294558
154841|2015-04-28|SO|VI ACa 775/14|Wyrok|https://www.saos.org.pl/judgments/154841
171627|2015-04-23|SO|V C 129/15|Wyrok|https://www.saos.org.pl/judgments/171627
297763|2015-04-22|SO|II Ca 1175/14|Wyrok|https://www.saos.org.pl/judgments/297763
206802|2015-04-21|TK|SK 52/12|Postanowienie|https://www.saos.org.pl/judgments/206802
168845|2015-04-16|SN|III SK 42/14|Wyrok|https://www.saos.org.pl/judgments/168845
206742|2015-04-14|TK|P 45/12|Wyrok|https://www.saos.org.pl/judgments/206742
151855|2015-04-14|SO|I C 447/15|Wyrok|https://www.saos.org.pl/judgments/151855
151455|2015-04-10|SO|I C 73/15|Wyrok|https://www.saos.org.pl/judgments/151455
152716|2015-04-09|SO|I C 263/15|Wyrok|https://www.saos.org.pl/judgments/152716
184953|2015-04-08|SO|III Ca 1965/14|Wyrok|https://www.saos.org.pl/judgments/184953
152718|2015-03-31|SO|I C 298/15|Wyrok|https://www.saos.org.pl/judgments/152718
152717|2015-03-31|SO|I C 295/15|Wyrok|https://www.saos.org.pl/judgments/152717
173804|2015-03-30|SO|I ACa 782/14|Wyrok|https://www.saos.org.pl/judgments/173804
151850|2015-03-30|SO|I C 1362/14|Wyrok|https://www.saos.org.pl/judgments/151850
150424|2015-03-25|SO|II Ca 1621/14|Wyrok|https://www.saos.org.pl/judgments/150424
151963|2015-03-24|SO|VI ACa 872/14|Wyrok|https://www.saos.org.pl/judgments/151963
152062|2015-03-20|SO|III AUa 483/14|Wyrok|https://www.saos.org.pl/judgments/152062
148765|2015-03-20|SO|I C 288/15|Wyrok|https://www.saos.org.pl/judgments/148765
168602|2015-03-19|SN|IV CSK 362/14|Wyrok|https://www.saos.org.pl/judgments/168602
297419|2015-03-18|SO|II Ca 998/14|Wyrok|https://www.saos.org.pl/judgments/297419
148575|2015-03-18|SO|I C 158/15|Wyrok|https://www.saos.org.pl/judgments/148575
157506|2015-03-04|SO|III Ca 1457/14|Uzasadnienie|https://www.saos.org.pl/judgments/157506
133226|2015-02-27|SO|I C 2101/14|Wyrok|https://www.saos.org.pl/judgments/133226
151317|2015-02-25|SO|I Ca 382/14|Wyrok|https://www.saos.org.pl/judgments/151317
134384|2015-02-25|SO|I ACa 824/14|Wyrok|https://www.saos.org.pl/judgments/134384
134258|2015-02-25|SO|II Ca 979/14|Wyrok|https://www.saos.org.pl/judgments/134258
149597|2015-02-20|SO|I ACa 1699/14|Wyrok|https://www.saos.org.pl/judgments/149597
182272|2015-02-10|SO|I C 3194/14|Wyrok|https://www.saos.org.pl/judgments/182272
157120|2015-02-06|SO|III Ca 71/15|Wyrok|https://www.saos.org.pl/judgments/157120
157119|2015-02-06|SO|III Ca 71/15|Uzasadnienie|https://www.saos.org.pl/judgments/157119
168169|2015-02-05|SN|V CSK 227/14|Wyrok|https://www.saos.org.pl/judgments/168169
298597|2015-01-30|SO|II Ca 49/15|Wyrok|https://www.saos.org.pl/judgments/298597
170473|2015-01-30|SO|II Ca 726/14|Wyrok|https://www.saos.org.pl/judgments/170473
160574|2015-01-15|TK|P 7/12|Postanowienie|https://www.saos.org.pl/judgments/160574
158538|2015-01-15|SO|III Ca 1280/14|Wyrok|https://www.saos.org.pl/judgments/158538
202527|2015-01-14|SO|I C 1636/14|Wyrok|https://www.saos.org.pl/judgments/202527
202525|2015-01-14|SO|I C 1630/14|Wyrok|https://www.saos.org.pl/judgments/202525
128305|2015-01-14|SO|I C 2141/14|Wyrok|https://www.saos.org.pl/judgments/128305
202566|2015-01-13|SO|I C 2038/14|Wyrok|https://www.saos.org.pl/judgments/202566
257004|2015-01-09|SO|I C 1442/14|Wyrok|https://www.saos.org.pl/judgments/257004
133947|2014-12-23|SO|I C 637/14|Wyrok|https://www.saos.org.pl/judgments/133947
126280|2014-12-22|SO|I C 2052/14|Wyrok|https://www.saos.org.pl/judgments/126280
75431|2014-12-03|SO|I C 2032/14|Wyrok|https://www.saos.org.pl/judgments/75431
73528|2014-12-01|SO|I C 2031/14|Wyrok|https://www.saos.org.pl/judgments/73528
72382|2014-11-20|SO|I C 1793/14|Wyrok|https://www.saos.org.pl/judgments/72382
71407|2014-11-18|SO|I C 1797/14|Wyrok|https://www.saos.org.pl/judgments/71407
125820|2014-11-14|SO|V C 533/14|Wyrok|https://www.saos.org.pl/judgments/125820
127238|2014-11-12|SO|I C 621/14|Wyrok|https://www.saos.org.pl/judgments/127238
125628|2014-11-07|SO|I C 702/12|Wyrok|https://www.saos.org.pl/judgments/125628
72379|2014-11-07|SO|I C 1567/14|Wyrok|https://www.saos.org.pl/judgments/72379
219396|2014-11-06|SO|IX C 939/14|Wyrok|https://www.saos.org.pl/judgments/219396
155918|2014-11-06|SO|III Ca 1002/14|Wyrok|https://www.saos.org.pl/judgments/155918
69644|2014-11-05|SO|I C 1799/14|Wyrok|https://www.saos.org.pl/judgments/69644
131508|2014-10-31|SO|IX GC 3561/06|Uzasadnienie|https://www.saos.org.pl/judgments/131508
128974|2014-10-30|SO|I ACa 464/14|Wyrok|https://www.saos.org.pl/judgments/128974
219393|2014-10-29|SO|IX C 1110/13|Wyrok|https://www.saos.org.pl/judgments/219393
69640|2014-10-24|SO|I C 1226/14|Wyrok|https://www.saos.org.pl/judgments/69640
127403|2014-10-22|SO|II Ca 1239/14|Wyrok|https://www.saos.org.pl/judgments/127403
206503|2014-10-16|TK|SK 20/12|Wyrok|https://www.saos.org.pl/judgments/206503
69642|2014-10-16|SO|I C 1488/14|Wyrok|https://www.saos.org.pl/judgments/69642
69294|2014-10-16|SO|I C 1523/13|Uzasadnienie|https://www.saos.org.pl/judgments/69294
68104|2014-10-16|SO|I C 303/14|Uzasadnienie|https://www.saos.org.pl/judgments/68104
188084|2014-10-09|SO|VII C 222/14|Wyrok|https://www.saos.org.pl/judgments/188084
66844|2014-10-08|SO|I C 1478/14|Wyrok|https://www.saos.org.pl/judgments/66844
66846|2014-10-03|SO|I C 1495/14|Wyrok|https://www.saos.org.pl/judgments/66846
66845|2014-10-03|SO|I C 1491/14|Wyrok|https://www.saos.org.pl/judgments/66845
285241|2014-10-01|SO|II C 384/13|Wyrok|https://www.saos.org.pl/judgments/285241
246821|2014-09-29|SO|XVII AmA 57/13|Wyrok|https://www.saos.org.pl/judgments/246821
64694|2014-09-29|SO|I C 1485/14|Wyrok|https://www.saos.org.pl/judgments/64694
159985|2014-09-25|TK|Ts 145/14|Postanowienie|https://www.saos.org.pl/judgments/159985
159918|2014-09-25|TK|Ts 103/12|Postanowienie|https://www.saos.org.pl/judgments/159918
64565|2014-09-18|SO|I C 911/14|Wyrok|https://www.saos.org.pl/judgments/64565
69808|2014-09-17|SO|III Ca 638/14|Wyrok|https://www.saos.org.pl/judgments/69808
183220|2014-09-16|SO|II Ca 122/14|Uzasadnienie|https://www.saos.org.pl/judgments/183220
132372|2014-09-12|SO|VI C 481/14|Zarządzenie|https://www.saos.org.pl/judgments/132372
65191|2014-09-02|SO|II Ca 1014/14|Wyrok|https://www.saos.org.pl/judgments/65191
297349|2014-08-29|SO|II Ca 756/14|Wyrok|https://www.saos.org.pl/judgments/297349
297347|2014-08-29|SO|II Ca 754/14|Wyrok|https://www.saos.org.pl/judgments/297347
359254|2014-08-28|SO|II C 1027/13|Zarządzenie|https://www.saos.org.pl/judgments/359254
125445|2014-08-26|SO|V C 211/14|Wyrok|https://www.saos.org.pl/judgments/125445
74203|2014-08-15|SO|XI C 1832/13|Wyrok|https://www.saos.org.pl/judgments/74203
303623|2014-08-01|SO|XI C 1835/13|Wyrok|https://www.saos.org.pl/judgments/303623
75192|2014-07-30|SO|I ACa 670/14|Wyrok|https://www.saos.org.pl/judgments/75192
155262|2014-07-17|SO|I C 376/14|Wyrok|https://www.saos.org.pl/judgments/155262
68881|2014-07-17|SO|XI C 760/13|Wyrok|https://www.saos.org.pl/judgments/68881
74202|2014-07-11|SO|XI C 1803/13|Wyrok|https://www.saos.org.pl/judgments/74202
159983|2014-07-04|TK|Ts 145/14|Postanowienie|https://www.saos.org.pl/judgments/159983
125616|2014-06-23|SO|I C 1553/13|Wyrok|https://www.saos.org.pl/judgments/125616
69956|2014-06-23|SO|I C 1011/14|Wyrok|https://www.saos.org.pl/judgments/69956
125606|2014-06-11|SO|I C 1360/13|Wyrok|https://www.saos.org.pl/judgments/125606
61828|2014-06-05|SO|IX C 1621/13|Wyrok|https://www.saos.org.pl/judgments/61828
294657|2014-06-04|SO|II Ca 1047/13|Wyrok|https://www.saos.org.pl/judgments/294657
182129|2014-06-03|SO|I C 2555/12|Wyrok|https://www.saos.org.pl/judgments/182129
57566|2014-05-28|SO|I C 1091/13|Wyrok|https://www.saos.org.pl/judgments/57566
48955|2014-05-16|SO|VIII Ga 106/14|Wyrok|https://www.saos.org.pl/judgments/48955
146572|2014-05-15|SO|I C 647/14|Wyrok|https://www.saos.org.pl/judgments/146572
146571|2014-05-15|SO|I C 613/14|Wyrok|https://www.saos.org.pl/judgments/146571
67267|2014-05-14|SO|I C 9/14|Wyrok|https://www.saos.org.pl/judgments/67267
160419|2014-05-07|TK|Ts 294/13|Postanowienie|https://www.saos.org.pl/judgments/160419
131241|2014-04-29|SO|II Ca 257/14|Wyrok|https://www.saos.org.pl/judgments/131241
52403|2014-04-29|SO|I ACa 1408/13|Wyrok|https://www.saos.org.pl/judgments/52403
47100|2014-04-24|SO|II Ca 2570/13|Wyrok|https://www.saos.org.pl/judgments/47100
146147|2014-04-18|SO|I C 467/13|Wyrok|https://www.saos.org.pl/judgments/146147
293872|2014-04-17|SO|II Ca 668/13|Postanowienie|https://www.saos.org.pl/judgments/293872
145863|2014-04-14|SO|I C 271/14|Wyrok|https://www.saos.org.pl/judgments/145863
41963|2014-04-11|SO|X GC 808/13|Uzasadnienie|https://www.saos.org.pl/judgments/41963
145629|2014-04-10|SO|I C 110/14|Wyrok|https://www.saos.org.pl/judgments/145629
146604|2014-04-09|SO|I C 2250/13|Wyrok|https://www.saos.org.pl/judgments/146604
146602|2014-04-09|SO|I C 2120/13|Wyrok|https://www.saos.org.pl/judgments/146602
145882|2014-04-09|SO|I C 2110/13|Wyrok|https://www.saos.org.pl/judgments/145882
145881|2014-04-04|SO|I C 1892/13|Wyrok|https://www.saos.org.pl/judgments/145881
145880|2014-04-04|SO|I C 1890/13|Wyrok|https://www.saos.org.pl/judgments/145880
44580|2014-03-31|SO|III Ca 1238/13|Uzasadnienie|https://www.saos.org.pl/judgments/44580
144598|2014-03-26|SO|I C 1111/13|Wyrok|https://www.saos.org.pl/judgments/144598
195127|2014-03-25|SO|XV Ca 28/14|Wyrok|https://www.saos.org.pl/judgments/195127
145130|2014-03-25|SO|I C 209/14|Uzasadnienie|https://www.saos.org.pl/judgments/145130
45028|2014-03-25|SO|II Cz 59/14|Postanowienie|https://www.saos.org.pl/judgments/45028
146019|2014-03-19|SO|I C 2400/13|Wyrok|https://www.saos.org.pl/judgments/146019
130993|2014-03-19|SO|III Ca 1676/13|Wyrok|https://www.saos.org.pl/judgments/130993
206560|2014-03-17|TK|Ts 139/13|Postanowienie|https://www.saos.org.pl/judgments/206560
45644|2014-03-13|SO|I ACa 851/13|Wyrok|https://www.saos.org.pl/judgments/45644
104631|2014-03-07|SN|IV CZ 132/13|Postanowienie|https://www.saos.org.pl/judgments/104631
43872|2014-03-06|SO|I ACa 830/13|Wyrok|https://www.saos.org.pl/judgments/43872
160418|2014-03-05|TK|Ts 294/13|Postanowienie|https://www.saos.org.pl/judgments/160418
144377|2014-03-04|SO|I C 312/14|Wyrok|https://www.saos.org.pl/judgments/144377
47088|2014-02-27|SO|II Ca 1972/13|Wyrok|https://www.saos.org.pl/judgments/47088
144085|2014-02-24|SO|I C 750/13|Wyrok|https://www.saos.org.pl/judgments/144085
47786|2014-02-21|SO|XI C 1610/13|Wyrok|https://www.saos.org.pl/judgments/47786
130122|2014-02-18|SO|III Cz 126/14|Postanowienie|https://www.saos.org.pl/judgments/130122
144977|2014-02-14|SO|I C 2387/13|Wyrok|https://www.saos.org.pl/judgments/144977
182234|2014-02-11|SO|I C 2985/12|Postanowienie|https://www.saos.org.pl/judgments/182234
265778|2014-02-07|SO|XI C 1497/13|Wyrok|https://www.saos.org.pl/judgments/265778
44961|2014-02-07|SO|II Ca 31/14|Wyrok|https://www.saos.org.pl/judgments/44961
51887|2014-02-05|SO|I ACa 667/13|Wyrok|https://www.saos.org.pl/judgments/51887
146310|2014-02-04|SO|I C 1521/13|Wyrok|https://www.saos.org.pl/judgments/146310
42646|2014-01-24|SO|VIII C 1822/13|Wyrok|https://www.saos.org.pl/judgments/42646
143153|2014-01-13|SO|I C 402/13|Wyrok|https://www.saos.org.pl/judgments/143153
43466|2014-01-06|SO|XI C 992/13|Wyrok|https://www.saos.org.pl/judgments/43466
143157|2013-12-31|SO|I C 453/13|Wyrok|https://www.saos.org.pl/judgments/143157
198509|2013-12-20|SO|II Ca 349/13|Wyrok|https://www.saos.org.pl/judgments/198509
34992|2013-12-20|SO|I ACa 872/13|Wyrok|https://www.saos.org.pl/judgments/34992
155696|2013-12-19|SO|II Ca 1127/13|Wyrok|https://www.saos.org.pl/judgments/155696
42431|2013-12-19|SO|I ACa 555/13|Wyrok|https://www.saos.org.pl/judgments/42431
145917|2013-12-16|SO|I C 364/13|Wyrok|https://www.saos.org.pl/judgments/145917
143784|2013-12-09|SO|I C 357/13|Wyrok|https://www.saos.org.pl/judgments/143784
67452|2013-12-03|SO|II Cz 607/13|Postanowienie|https://www.saos.org.pl/judgments/67452
144102|2013-11-28|SO|I C 1136/13|Wyrok|https://www.saos.org.pl/judgments/144102
28500|2013-11-20|SO|I ACa 513/13|Wyrok|https://www.saos.org.pl/judgments/28500
143941|2013-11-13|SO|I C 1878/12|Wyrok|https://www.saos.org.pl/judgments/143941
28401|2013-11-07|SO|I ACa 585/13|Wyrok|https://www.saos.org.pl/judgments/28401
47090|2013-10-30|SO|II Ca 2141/12|Wyrok|https://www.saos.org.pl/judgments/47090
141927|2013-10-25|SO|I C 1101/13|Wyrok|https://www.saos.org.pl/judgments/141927
146453|2013-10-24|SO|I C 109/13|Wyrok|https://www.saos.org.pl/judgments/146453
141544|2013-10-24|SO|I C 646/12|Wyrok|https://www.saos.org.pl/judgments/141544
140839|2013-10-21|SO|I C 721/13|Wyrok|https://www.saos.org.pl/judgments/140839
142382|2013-10-08|SO|I C 560/13|Wyrok|https://www.saos.org.pl/judgments/142382
24331|2013-10-07|SO|II Ca 770/13|Wyrok|https://www.saos.org.pl/judgments/24331
140902|2013-10-04|SO|I C 136/13|Wyrok|https://www.saos.org.pl/judgments/140902
160128|2013-09-24|TK|Ts 103/12|Postanowienie|https://www.saos.org.pl/judgments/160128
111606|2013-09-24|TK|P 3/13|Postanowienie|https://www.saos.org.pl/judgments/111606
143311|2013-09-20|SO|I C 553/13|Wyrok|https://www.saos.org.pl/judgments/143311
44964|2013-09-19|SO|II Ca 678/13|Wyrok|https://www.saos.org.pl/judgments/44964
202877|2013-09-06|SO|II Ca 46/13|Wyrok|https://www.saos.org.pl/judgments/202877
141069|2013-08-28|SO|I C 40/13|Wyrok|https://www.saos.org.pl/judgments/141069
111646|2013-07-25|TK|P 56/11|Wyrok|https://www.saos.org.pl/judgments/111646
139678|2013-07-16|SO|I ACz 626/13|Postanowienie|https://www.saos.org.pl/judgments/139678
112077|2013-07-04|TK|Ts 302/10|Postanowienie|https://www.saos.org.pl/judgments/112077
139694|2013-06-27|SO|I C 102/13|Wyrok|https://www.saos.org.pl/judgments/139694
18239|2013-06-27|SO|I ACa 181/13|Wyrok|https://www.saos.org.pl/judgments/18239
139723|2013-06-20|SO|I C 752/12|Wyrok|https://www.saos.org.pl/judgments/139723
19500|2013-06-20|SO|I ACa 103/13|Wyrok|https://www.saos.org.pl/judgments/19500
139721|2013-06-18|SO|I C 741/12|Wyrok|https://www.saos.org.pl/judgments/139721
139544|2013-06-13|SO|I C 1898/12|Wyrok|https://www.saos.org.pl/judgments/139544
102123|2013-06-13|SN|V CSK 329/12|Wyrok|https://www.saos.org.pl/judgments/102123
18867|2013-06-13|SO|VI C 92/13|Wyrok|https://www.saos.org.pl/judgments/18867
140051|2013-06-04|SO|I C 1277/12|Uzasadnienie|https://www.saos.org.pl/judgments/140051
11941|2013-05-21|SO|III AUa 1151/12|Wyrok|https://www.saos.org.pl/judgments/11941
13794|2013-05-20|SO|XVII AmC 1555/12|Uzasadnienie|https://www.saos.org.pl/judgments/13794
275536|2013-05-08|SO|II Ca 161/13|Postanowienie|https://www.saos.org.pl/judgments/275536
138566|2013-04-24|SO|I C 1159/12|Wyrok|https://www.saos.org.pl/judgments/138566
60142|2013-04-24|SO|V ACa 129/13|Wyrok|https://www.saos.org.pl/judgments/60142
139066|2013-04-23|SO|I C 601/12|Wyrok|https://www.saos.org.pl/judgments/139066
14968|2013-04-23|SO|VI ACa 1526/12|Wyrok|https://www.saos.org.pl/judgments/14968
26856|2013-04-09|SO|V Ca 42/13|Wyrok|https://www.saos.org.pl/judgments/26856
138797|2013-04-05|SO|I C 41/13|Wyrok|https://www.saos.org.pl/judgments/138797
267984|2013-03-12|SO|XVII AmC 1555/12|Wyrok|https://www.saos.org.pl/judgments/267984
137929|2013-03-12|SO|I C 635/12|Wyrok|https://www.saos.org.pl/judgments/137929
138133|2013-02-25|SO|I C 262/11|Uzasadnienie|https://www.saos.org.pl/judgments/138133
111830|2013-02-20|TK|Ts 111/12|Postanowienie|https://www.saos.org.pl/judgments/111830
111790|2013-02-20|TK|Ts 83/11|Postanowienie|https://www.saos.org.pl/judgments/111790
19388|2013-02-20|SO|VIII C 996/12|Wyrok|https://www.saos.org.pl/judgments/19388
137465|2013-02-18|SO|I C 1333/12|Wyrok|https://www.saos.org.pl/judgments/137465
9090|2013-02-18|SO|IX C 387/12|Wyrok|https://www.saos.org.pl/judgments/9090
8677|2013-02-07|SO|I ACa 1419/12|Wyrok|https://www.saos.org.pl/judgments/8677
6257|2013-01-30|SO|VIII C 1304/12|Wyrok|https://www.saos.org.pl/judgments/6257
13289|2013-01-23|SO|I ACa 759/12|Wyrok|https://www.saos.org.pl/judgments/13289
112114|2013-01-22|TK|Ts 332/11|Postanowienie|https://www.saos.org.pl/judgments/112114
111877|2013-01-09|TK|Ts 151/10|Postanowienie|https://www.saos.org.pl/judgments/111877
231051|2012-12-11|SO|XVII AmC 5378/11|Wyrok|https://www.saos.org.pl/judgments/231051
228717|2012-12-11|SO|XVII AmC 5126/12|Wyrok|https://www.saos.org.pl/judgments/228717
9285|2012-12-11|SO|I ACa 652/12|Wyrok|https://www.saos.org.pl/judgments/9285
22698|2012-12-05|SO|VI ACa 705/12|Wyrok|https://www.saos.org.pl/judgments/22698
99629|2012-11-16|SN|III CZ 83/12|Postanowienie|https://www.saos.org.pl/judgments/99629
235561|2012-10-29|SO|XVII AmC 3753/11|Wyrok|https://www.saos.org.pl/judgments/235561
10796|2012-10-24|SO|I ACa 1012/12|Wyrok|https://www.saos.org.pl/judgments/10796
3496|2012-10-19|SO|VI ACa 544/12|Wyrok|https://www.saos.org.pl/judgments/3496
1013|2012-10-04|SO|I ACa 502/12|Wyrok|https://www.saos.org.pl/judgments/1013
231818|2012-08-13|SO|XVII AmC 5293/11|Wyrok|https://www.saos.org.pl/judgments/231818
22394|2012-08-06|SO|XVII AmC 5345/11|Uzasadnienie|https://www.saos.org.pl/judgments/22394
237907|2012-07-31|SO|XVII AmC 5029/11|Wyrok|https://www.saos.org.pl/judgments/237907
972|2012-07-31|SO|I ACa 228/12|Wyrok|https://www.saos.org.pl/judgments/972
22496|2012-07-19|SO|V Ca 1322/12|Wyrok|https://www.saos.org.pl/judgments/22496
110935|2012-07-09|TK|P 8/10|Wyrok|https://www.saos.org.pl/judgments/110935
12975|2012-06-21|SO|I ACa 720/11|Wyrok|https://www.saos.org.pl/judgments/12975
111457|2012-06-13|TK|Ts 302/10|Postanowienie|https://www.saos.org.pl/judgments/111457
111494|2012-05-09|TK|Ts 332/11|Postanowienie|https://www.saos.org.pl/judgments/111494
97669|2012-03-30|SN|III CZ 14/12|Postanowienie|https://www.saos.org.pl/judgments/97669
1926|2012-03-20|SO|I ACa 191/12|Wyrok|https://www.saos.org.pl/judgments/1926
110931|2012-02-29|TK|P 3/10|Postanowienie|https://www.saos.org.pl/judgments/110931
97127|2012-02-09|SN|III CSK 181/11|Wyrok|https://www.saos.org.pl/judgments/97127
97126|2012-02-09|SN|III CSK 181/11|Wyrok|https://www.saos.org.pl/judgments/97126
111054|2012-02-08|TK|Ts 19/09|Postanowienie|https://www.saos.org.pl/judgments/111054
97002|2012-02-03|SN|I CZ 155/11|Postanowienie|https://www.saos.org.pl/judgments/97002
96999|2012-02-03|SN|I CZ 152/11|Postanowienie|https://www.saos.org.pl/judgments/96999
2102|2012-01-26|SO|I ACa 1374/11|Wyrok|https://www.saos.org.pl/judgments/2102
110909|2012-01-24|TK|K 9/09|Postanowienie|https://www.saos.org.pl/judgments/110909
111005|2012-01-10|TK|SK 25/09|Wyrok|https://www.saos.org.pl/judgments/111005
110587|2011-12-14|TK|Ts 147/11|Postanowienie|https://www.saos.org.pl/judgments/110587
110617|2011-12-07|TK|Ts 163/11|Postanowienie|https://www.saos.org.pl/judgments/110617
273434|2011-12-06|SO|XVII AmC 265/11|Wyrok|https://www.saos.org.pl/judgments/273434
96371|2011-11-23|SN|III SK 21/11|Wyrok|https://www.saos.org.pl/judgments/96371
110806|2011-10-31|TK|Ts 306/10|Postanowienie|https://www.saos.org.pl/judgments/110806
110325|2011-10-12|TK|P 54/11|Postanowienie|https://www.saos.org.pl/judgments/110325
110471|2011-09-26|TK|Ts 73/11|Postanowienie|https://www.saos.org.pl/judgments/110471
95805|2011-09-22|SN|V CSK 472/10|Wyrok|https://www.saos.org.pl/judgments/95805
110584|2011-09-14|TK|Ts 147/11|Postanowienie|https://www.saos.org.pl/judgments/110584
206300|2011-09-13|TK|K 8/09|Wyrok|https://www.saos.org.pl/judgments/206300
26952|2011-09-13|SO|V Ca 1692/11|Wyrok|https://www.saos.org.pl/judgments/26952
206302|2011-09-05|TK|P 1/10|Postanowienie|https://www.saos.org.pl/judgments/206302
110805|2011-07-28|TK|Ts 306/10|Postanowienie|https://www.saos.org.pl/judgments/110805
110615|2011-07-26|TK|Ts 163/11|Postanowienie|https://www.saos.org.pl/judgments/110615
110292|2011-07-11|TK|P 1/10|Wyrok|https://www.saos.org.pl/judgments/110292
110298|2011-03-15|TK|P 7/09|Wyrok|https://www.saos.org.pl/judgments/110298
110397|2011-02-07|TK|Ts 19/09|Postanowienie|https://www.saos.org.pl/judgments/110397
517492|2010-12-01|SO|XVII AmA 209/09|Uzasadnienie|https://www.saos.org.pl/judgments/517492
110185|2010-11-17|TK|Ts 334/08|Postanowienie|https://www.saos.org.pl/judgments/110185
110016|2010-10-19|TK|Ts 202/09|Postanowienie|https://www.saos.org.pl/judgments/110016
92757|2010-08-10|SN|II CNP 38/10|Postanowienie|https://www.saos.org.pl/judgments/92757
206265|2010-08-02|TK|S 3/10|Postanowienie|https://www.saos.org.pl/judgments/206265
110015|2010-07-22|TK|Ts 202/09|Postanowienie|https://www.saos.org.pl/judgments/110015
115932|2010-05-31|KIO|KIO 869/10|Wyrok|https://www.saos.org.pl/judgments/115932
110071|2010-05-18|TK|Ts 240/07|Postanowienie|https://www.saos.org.pl/judgments/110071
110013|2010-03-10|TK|Ts 198/08|Postanowienie|https://www.saos.org.pl/judgments/110013
91787|2010-02-05|SN|III CZP 130/09|Uchwała|https://www.saos.org.pl/judgments/91787
109494|2009-10-29|TK|Ts 293/08|Postanowienie|https://www.saos.org.pl/judgments/109494
109377|2009-10-05|TK|Ts 198/08|Postanowienie|https://www.saos.org.pl/judgments/109377
108995|2009-07-15|TK|K 64/07|Wyrok|https://www.saos.org.pl/judgments/108995
109492|2009-01-20|TK|Ts 293/08|Postanowienie|https://www.saos.org.pl/judgments/109492
109425|2009-01-20|TK|Ts 240/07|Postanowienie|https://www.saos.org.pl/judgments/109425
89442|2009-01-16|SN|III CNP 42/08|Wyrok|https://www.saos.org.pl/judgments/89442
108986|2009-01-15|TK|K 45/07|Wyrok|https://www.saos.org.pl/judgments/108986
108569|2008-12-17|TK|P 16/08|Wyrok|https://www.saos.org.pl/judgments/108569
165056|2008-12-03|SN|V CSK 293/08|Wyrok|https://www.saos.org.pl/judgments/165056
108541|2008-12-02|TK|K 37/07|Wyrok|https://www.saos.org.pl/judgments/108541
108912|2008-11-20|TK|Ts 300/07|Postanowienie|https://www.saos.org.pl/judgments/108912
108607|2008-11-06|TK|P 60/07|Postanowienie|https://www.saos.org.pl/judgments/108607
108549|2008-07-08|TK|K 46/07|Wyrok|https://www.saos.org.pl/judgments/108549
108911|2008-07-01|TK|Ts 300/07|Postanowienie|https://www.saos.org.pl/judgments/108911
108695|2008-03-19|TK|Ts 13/07|Postanowienie|https://www.saos.org.pl/judgments/108695
108535|2008-03-17|TK|K 32/05|Wyrok|https://www.saos.org.pl/judgments/108535
87212|2008-01-29|SN|IV CSK 432/07|Postanowienie|https://www.saos.org.pl/judgments/87212
108499|2007-11-06|TK|Tw 41/05|Postanowienie|https://www.saos.org.pl/judgments/108499
108471|2007-10-22|TK|Tw 12/05|Postanowienie|https://www.saos.org.pl/judgments/108471
86277|2007-07-09|SN|II CNP 94/07|Postanowienie|https://www.saos.org.pl/judgments/86277
84893|2007-01-02|SN|V CSK 311/06|Wyrok|https://www.saos.org.pl/judgments/84893
108023|2006-08-08|TK|Tw 41/05|Postanowienie|https://www.saos.org.pl/judgments/108023
84453|2006-07-13|SN|III SZP 3/06|Uchwała|https://www.saos.org.pl/judgments/84453
107605|2006-07-10|TK|K 37/04|Wyrok|https://www.saos.org.pl/judgments/107605
107707|2006-05-23|TK|SK 51/05|Wyrok|https://www.saos.org.pl/judgments/107707
107602|2006-05-17|TK|K 33/05|Wyrok|https://www.saos.org.pl/judgments/107602
84276|2006-04-20|SN|III CZP 17/06|Uchwała|https://www.saos.org.pl/judgments/84276
84181|2006-03-16|SN|III CZP 4/06|Uchwała|https://www.saos.org.pl/judgments/84181
107694|2006-01-24|TK|SK 40/04|Wyrok|https://www.saos.org.pl/judgments/107694
163932|2006-01-19|SN|IV CK 336/05|Wyrok|https://www.saos.org.pl/judgments/163932
83980|2006-01-11|SN|I KZP 49/05|Uchwała|https://www.saos.org.pl/judgments/83980
107515|2005-12-20|TK|Tw 12/05|Postanowienie|https://www.saos.org.pl/judgments/107515
107219|2005-11-29|TK|P 10/05|Postanowienie|https://www.saos.org.pl/judgments/107219
107198|2005-10-03|TK|K 43/04|Wyrok|https://www.saos.org.pl/judgments/107198
107479|2005-09-21|TK|Ts 193/04|Postanowienie|https://www.saos.org.pl/judgments/107479
107193|2005-09-13|TK|K 38/04|Wyrok|https://www.saos.org.pl/judgments/107193
163437|2005-07-13|SN|I CK 78/05|Wyrok|https://www.saos.org.pl/judgments/163437
206189|2005-06-29|TK|S 1/05|Postanowienie|https://www.saos.org.pl/judgments/206189
107195|2005-04-20|TK|K 42/02|Wyrok|https://www.saos.org.pl/judgments/107195
163165|2005-04-13|SN|IV CK 663/04|Wyrok|https://www.saos.org.pl/judgments/163165
162995|2005-02-18|SN|V CK 469/04|Wyrok|https://www.saos.org.pl/judgments/162995
107478|2005-02-02|TK|Ts 193/04|Postanowienie|https://www.saos.org.pl/judgments/107478
107218|2005-01-26|TK|P 10/04|Wyrok|https://www.saos.org.pl/judgments/107218
106972|2004-09-07|TK|Ts 122/03|Postanowienie|https://www.saos.org.pl/judgments/106972
317023|2004-08-25|SO|XVII AmA 91/03|Wyrok|https://www.saos.org.pl/judgments/317023
106718|2004-04-21|TK|K 33/03|Wyrok|https://www.saos.org.pl/judgments/106718
106970|2004-01-28|TK|Ts 122/03|Postanowienie|https://www.saos.org.pl/judgments/106970
82159|2003-08-27|SN|I CK 185/03|Wyrok|https://www.saos.org.pl/judgments/82159
106382|2003-04-29|TK|SK 24/02|Wyrok|https://www.saos.org.pl/judgments/106382
106350|2003-03-18|TK|K 50/01|Wyrok|https://www.saos.org.pl/judgments/106350
106617|2003-02-18|TK|Ts 165/02|Postanowienie|https://www.saos.org.pl/judgments/106617
106278|2002-10-02|TK|K 48/01|Wyrok|https://www.saos.org.pl/judgments/106278
106290|2002-07-10|TK|Ts 4/02|Postanowienie|https://www.saos.org.pl/judgments/106290
81508|2002-07-09|SN|III RN 131/01|Wyrok|https://www.saos.org.pl/judgments/81508
106051|2002-06-12|TK|P 13/01|Wyrok|https://www.saos.org.pl/judgments/106051
106227|2002-05-22|TK|Ts 169/01|Postanowienie|https://www.saos.org.pl/judgments/106227
106226|2002-03-05|TK|Ts 169/01|Postanowienie|https://www.saos.org.pl/judgments/106226
106197|2002-01-29|TK|Ts 133/01|Postanowienie|https://www.saos.org.pl/judgments/106197
105984|2001-11-28|TK|Ts 133/01|Postanowienie|https://www.saos.org.pl/judgments/105984
206121|2001-10-30|TK|K 33/00|Wyrok|https://www.saos.org.pl/judgments/206121
206104|2001-05-29|TK|K 5/01|Wyrok|https://www.saos.org.pl/judgments/206104
206032|2000-10-10|TK|P 8/99|Wyrok|https://www.saos.org.pl/judgments/206032
206035|2000-09-26|TK|P 11/99|Wyrok|https://www.saos.org.pl/judgments/206035
206034|2000-01-12|TK|P 11/98|Wyrok|https://www.saos.org.pl/judgments/206034
205936|1999-10-26|TK|K 12/99|Wyrok|https://www.saos.org.pl/judgments/205936
205848|1998-08-31|TK|Ts 34/98|Postanowienie|https://www.saos.org.pl/judgments/205848
105267|1998-07-27|TK|Ts 84/98|Postanowienie|https://www.saos.org.pl/judgments/105267
205754|1997-12-17|TK|K 22/96|Wyrok|https://www.saos.org.pl/judgments/205754
205757|1997-09-23|TK|K 25/96|Wyrok|https://www.saos.org.pl/judgments/205757
205687|1996-09-16|TK|T 31/96|Postanowienie|https://www.saos.org.pl/judgments/205687
205508|1992-03-23|TK|K 6/91|Wyrok|https://www.saos.org.pl/judgments/205508
