saos_id|date|court|case_number|type|score|saos_url
108658|2008-10-21|TK|SK 51/04|Wyrok|98|https://www.saos.org.pl/judgments/108658
108585|2008-10-15|TK|P 32/06|Wyrok|98|https://www.saos.org.pl/judgments/108585
108617|2008-10-14|TK|SK 6/07|Wyrok|98|https://www.saos.org.pl/judgments/108617
108672|2008-09-16|TK|SK 76/06|Wyrok|98|https://www.saos.org.pl/judgments/108672
108540|2008-09-02|TK|K 35/06|Wyrok|98|https://www.saos.org.pl/judgments/108540
108598|2008-07-21|TK|P 49/07|Wyrok|98|https://www.saos.org.pl/judgments/108598
108542|2008-07-03|TK|K 38/07|Wyrok|98|https://www.saos.org.pl/judgments/108542
108650|2008-07-01|TK|SK 40/07|Wyrok|98|https://www.saos.org.pl/judgments/108650
108552|2008-06-27|TK|K 52/07|Wyrok|98|https://www.saos.org.pl/judgments/108552
108551|2008-06-27|TK|K 51/07|Wyrok|98|https://www.saos.org.pl/judgments/108551
108634|2008-06-26|TK|SK 20/07|Wyrok|98|https://www.saos.org.pl/judgments/108634
108563|2008-06-24|TK|P 8/07|Wyrok|98|https://www.saos.org.pl/judgments/108563
108588|2008-06-16|TK|P 37/07|Wyrok|98|https://www.saos.org.pl/judgments/108588
108632|2008-06-10|TK|SK 17/07|Wyrok|98|https://www.saos.org.pl/judgments/108632
108663|2008-05-27|TK|SK 57/06|Wyrok|98|https://www.saos.org.pl/judgments/108663
108606|2008-05-27|TK|P 59/07|Wyrok|98|https://www.saos.org.pl/judgments/108606
108572|2008-05-20|TK|P 18/07|Wyrok|98|https://www.saos.org.pl/judgments/108572
108657|2008-05-06|TK|SK 49/04|Wyrok|98|https://www.saos.org.pl/judgments/108657
108622|2008-04-29|TK|SK 11/07|Wyrok|98|https://www.saos.org.pl/judgments/108622
108543|2008-04-16|TK|K 40/07|Wyrok|98|https://www.saos.org.pl/judgments/108543
108580|2008-04-15|TK|P 26/06|Wyrok|98|https://www.saos.org.pl/judgments/108580
108673|2008-04-01|TK|SK 77/06|Wyrok|98|https://www.saos.org.pl/judgments/108673
108671|2008-03-31|TK|SK 75/06|Wyrok|98|https://www.saos.org.pl/judgments/108671
108631|2008-03-27|TK|SK 17/05|Wyrok|98|https://www.saos.org.pl/judgments/108631
108613|2008-03-04|TK|SK 3/07|Wyrok|98|https://www.saos.org.pl/judgments/108613
108683|2008-02-26|TK|SK 89/06|Wyrok|98|https://www.saos.org.pl/judgments/108683
108597|2008-02-19|TK|P 49/06|Wyrok|98|https://www.saos.org.pl/judgments/108597
108124|2007-12-20|TK|P 39/06|Wyrok|98|https://www.saos.org.pl/judgments/108124
108176|2007-12-18|TK|SK 54/05|Wyrok|98|https://www.saos.org.pl/judgments/108176
108167|2007-11-29|TK|SK 43/06|Wyrok|98|https://www.saos.org.pl/judgments/108167
108083|2007-11-28|TK|K 39/07|Wyrok|98|https://www.saos.org.pl/judgments/108083
108163|2007-11-27|TK|SK 39/06|Wyrok|98|https://www.saos.org.pl/judgments/108163
108152|2007-11-27|TK|SK 18/05|Wyrok|98|https://www.saos.org.pl/judgments/108152
207140|2007-11-20|TK|SK 57/05|Wyrok|98|https://www.saos.org.pl/judgments/207140
108151|2007-11-14|TK|SK 16/05|Wyrok|98|https://www.saos.org.pl/judgments/108151
108113|2007-10-30|TK|P 28/06|Wyrok|98|https://www.saos.org.pl/judgments/108113
108144|2007-10-24|TK|SK 7/06|Wyrok|98|https://www.saos.org.pl/judgments/108144
108142|2007-09-19|TK|SK 4/06|Wyrok|98|https://www.saos.org.pl/judgments/108142
108098|2007-09-11|TK|P 11/07|Wyrok|98|https://www.saos.org.pl/judgments/108098
108107|2007-09-05|TK|P 21/06|Wyrok|98|https://www.saos.org.pl/judgments/108107
108102|2007-07-17|TK|P 19/04|Wyrok|98|https://www.saos.org.pl/judgments/108102
108136|2007-07-03|TK|SK 1/06|Wyrok|98|https://www.saos.org.pl/judgments/108136
108086|2007-07-02|TK|K 41/05|Wyrok|98|https://www.saos.org.pl/judgments/108086
108157|2007-06-26|TK|SK 29/05|Wyrok|98|https://www.saos.org.pl/judgments/108157
108189|2007-05-30|TK|SK 68/06|Wyrok|98|https://www.saos.org.pl/judgments/108189
108173|2007-04-24|TK|SK 49/05|Wyrok|98|https://www.saos.org.pl/judgments/108173
108155|2007-04-17|TK|SK 20/05|Wyrok|98|https://www.saos.org.pl/judgments/108155
108139|2007-03-27|TK|SK 3/05|Wyrok|98|https://www.saos.org.pl/judgments/108139
108074|2007-03-07|TK|K 28/05|Wyrok|98|https://www.saos.org.pl/judgments/108074
108108|2007-02-27|TK|P 22/06|Wyrok|98|https://www.saos.org.pl/judgments/108108
108089|2007-02-13|TK|K 46/05|Wyrok|98|https://www.saos.org.pl/judgments/108089
108103|2007-01-15|TK|P 19/06|Wyrok|98|https://www.saos.org.pl/judgments/108103
107649|2006-12-04|TK|P 35/05|Wyrok|98|https://www.saos.org.pl/judgments/107649
107673|2006-11-28|TK|SK 19/05|Wyrok|98|https://www.saos.org.pl/judgments/107673
107695|2006-11-14|TK|SK 41/04|Wyrok|98|https://www.saos.org.pl/judgments/107695
107650|2006-10-30|TK|P 36/05|Wyrok|98|https://www.saos.org.pl/judgments/107650
107629|2006-10-30|TK|P 10/06|Wyrok|98|https://www.saos.org.pl/judgments/107629
107697|2006-10-23|TK|SK 42/04|Wyrok|98|https://www.saos.org.pl/judgments/107697
107686|2006-10-02|TK|SK 34/06|Wyrok|98|https://www.saos.org.pl/judgments/107686
107725|2006-09-20|TK|SK 63/05|Wyrok|98|https://www.saos.org.pl/judgments/107725
107674|2006-09-12|TK|SK 21/05|Wyrok|98|https://www.saos.org.pl/judgments/107674
107722|2006-09-07|TK|SK 60/05|Wyrok|98|https://www.saos.org.pl/judgments/107722
107669|2006-09-01|TK|SK 14/05|Wyrok|98|https://www.saos.org.pl/judgments/107669
107676|2006-08-29|TK|SK 23/05|Wyrok|98|https://www.saos.org.pl/judgments/107676
107733|2006-07-26|TK|SK 21/04|Wyrok|98|https://www.saos.org.pl/judgments/107733
107719|2006-07-24|TK|SK 58/03|Wyrok|98|https://www.saos.org.pl/judgments/107719
107659|2006-07-24|TK|SK 8/06|Wyrok|98|https://www.saos.org.pl/judgments/107659
107605|2006-07-10|TK|K 37/04|Wyrok|98|https://www.saos.org.pl/judgments/107605
107609|2006-07-04|TK|K 43/05|Wyrok|98|https://www.saos.org.pl/judgments/107609
107714|2006-06-26|TK|SK 55/05|Wyrok|98|https://www.saos.org.pl/judgments/107714
107712|2006-06-13|TK|SK 54/04|Wyrok|98|https://www.saos.org.pl/judgments/107712
107682|2006-05-08|TK|SK 32/05|Wyrok|98|https://www.saos.org.pl/judgments/107682
107706|2006-04-03|TK|SK 46/05|Wyrok|98|https://www.saos.org.pl/judgments/107706
107656|2006-03-14|TK|SK 4/05|Wyrok|98|https://www.saos.org.pl/judgments/107656
107665|2006-03-07|TK|SK 11/05|Wyrok|98|https://www.saos.org.pl/judgments/107665
107631|2006-02-28|TK|P 13/05|Wyrok|98|https://www.saos.org.pl/judgments/107631
107709|2006-01-24|TK|SK 52/04|Wyrok|98|https://www.saos.org.pl/judgments/107709
107694|2006-01-24|TK|SK 40/04|Wyrok|98|https://www.saos.org.pl/judgments/107694
107681|2006-01-16|TK|SK 30/05|Wyrok|98|https://www.saos.org.pl/judgments/107681
107713|2006-01-09|TK|SK 55/04|Wyrok|98|https://www.saos.org.pl/judgments/107713
107290|2005-12-20|TK|SK 68/03|Wyrok|98|https://www.saos.org.pl/judgments/107290
107285|2005-12-14|TK|SK 61/03|Wyrok|98|https://www.saos.org.pl/judgments/107285
107249|2005-12-14|TK|SK 22/05|Wyrok|98|https://www.saos.org.pl/judgments/107249
107281|2005-12-13|TK|SK 53/04|Wyrok|98|https://www.saos.org.pl/judgments/107281
107186|2005-12-12|TK|K 32/04|Wyrok|98|https://www.saos.org.pl/judgments/107186
107240|2005-11-22|TK|SK 8/05|Wyrok|98|https://www.saos.org.pl/judgments/107240
107205|2005-11-09|TK|Kp 2/05|Wyrok|98|https://www.saos.org.pl/judgments/107205
107231|2005-11-07|TK|P 20/04|Wyrok|98|https://www.saos.org.pl/judgments/107231
107184|2005-10-26|TK|K 31/04|Wyrok|98|https://www.saos.org.pl/judgments/107184
107275|2005-10-18|TK|SK 48/03|Wyrok|98|https://www.saos.org.pl/judgments/107275
107266|2005-10-05|TK|SK 39/05|Wyrok|98|https://www.saos.org.pl/judgments/107266
107272|2005-07-11|TK|SK 45/03|Wyrok|98|https://www.saos.org.pl/judgments/107272
107257|2005-07-05|TK|SK 26/04|Wyrok|98|https://www.saos.org.pl/judgments/107257
107282|2005-06-28|TK|SK 56/04|Wyrok|98|https://www.saos.org.pl/judgments/107282
107232|2005-06-21|TK|P 25/02|Wyrok|98|https://www.saos.org.pl/judgments/107232
107271|2005-05-23|TK|SK 44/04|Wyrok|98|https://www.saos.org.pl/judgments/107271
107268|2005-05-10|TK|SK 40/02|Wyrok|98|https://www.saos.org.pl/judgments/107268
107263|2005-04-26|TK|SK 36/03|Wyrok|98|https://www.saos.org.pl/judgments/107263
107195|2005-04-20|TK|K 42/02|Wyrok|98|https://www.saos.org.pl/judgments/107195
107256|2005-03-31|TK|SK 26/02|Wyrok|98|https://www.saos.org.pl/judgments/107256
107189|2005-03-14|TK|K 35/04|Wyrok|98|https://www.saos.org.pl/judgments/107189
107226|2005-03-08|TK|P 15/04|Wyrok|98|https://www.saos.org.pl/judgments/107226
107215|2005-03-07|TK|P 8/03|Wyrok|98|https://www.saos.org.pl/judgments/107215
107286|2005-02-01|TK|SK 62/03|Wyrok|98|https://www.saos.org.pl/judgments/107286
107259|2005-01-31|TK|SK 27/03|Wyrok|98|https://www.saos.org.pl/judgments/107259
107218|2005-01-26|TK|P 10/04|Wyrok|98|https://www.saos.org.pl/judgments/107218
107284|2005-01-11|TK|SK 60/03|Wyrok|98|https://www.saos.org.pl/judgments/107284
106769|2004-12-06|TK|SK 29/04|Wyrok|98|https://www.saos.org.pl/judgments/106769
106791|2004-11-22|TK|SK 64/03|Wyrok|98|https://www.saos.org.pl/judgments/106791
106742|2004-11-16|TK|P 19/03|Wyrok|98|https://www.saos.org.pl/judgments/106742
106749|2004-10-27|TK|SK 1/04|Wyrok|98|https://www.saos.org.pl/judgments/106749
106735|2004-10-18|TK|P 8/04|Wyrok|98|https://www.saos.org.pl/judgments/106735
106747|2004-10-12|TK|P 22/03|Wyrok|98|https://www.saos.org.pl/judgments/106747
106764|2004-10-06|TK|SK 23/02|Wyrok|98|https://www.saos.org.pl/judgments/106764
106733|2004-09-07|TK|P 4/04|Wyrok|98|https://www.saos.org.pl/judgments/106733
106731|2004-07-28|TK|P 2/04|Wyrok|98|https://www.saos.org.pl/judgments/106731
106760|2004-07-20|TK|SK 19/02|Wyrok|98|https://www.saos.org.pl/judgments/106760
106784|2004-06-15|TK|SK 43/03|Wyrok|98|https://www.saos.org.pl/judgments/106784
106780|2004-05-18|TK|SK 38/03|Wyrok|98|https://www.saos.org.pl/judgments/106780
106774|2004-05-17|TK|SK 32/03|Wyrok|98|https://www.saos.org.pl/judgments/106774
106782|2004-05-10|TK|SK 39/03|Wyrok|98|https://www.saos.org.pl/judgments/106782
106757|2004-03-30|TK|SK 14/03|Wyrok|98|https://www.saos.org.pl/judgments/106757
106710|2004-03-16|TK|K 22/03|Wyrok|98|https://www.saos.org.pl/judgments/106710
106795|2004-03-08|TK|SK 23/03|Wyrok|98|https://www.saos.org.pl/judgments/106795
106787|2004-03-02|TK|SK 53/03|Wyrok|98|https://www.saos.org.pl/judgments/106787
106781|2004-02-17|TK|SK 39/02|Wyrok|98|https://www.saos.org.pl/judgments/106781
106753|2004-01-13|TK|SK 10/03|Wyrok|98|https://www.saos.org.pl/judgments/106753
106377|2003-12-17|TK|SK 15/02|Wyrok|98|https://www.saos.org.pl/judgments/106377
106393|2003-12-16|TK|SK 34/03|Wyrok|98|https://www.saos.org.pl/judgments/106393
106319|2003-12-03|TK|K 5/02|Wyrok|98|https://www.saos.org.pl/judgments/106319
106389|2003-11-04|TK|SK 30/02|Wyrok|98|https://www.saos.org.pl/judgments/106389
106316|2003-10-07|TK|K 4/02|Wyrok|98|https://www.saos.org.pl/judgments/106316
106397|2003-07-14|TK|SK 42/01|Wyrok|98|https://www.saos.org.pl/judgments/106397
106333|2003-07-02|TK|K 25/01|Wyrok|98|https://www.saos.org.pl/judgments/106333
106356|2003-06-30|TK|P 1/03|Wyrok|98|https://www.saos.org.pl/judgments/106356
106394|2003-06-10|TK|SK 37/02|Wyrok|98|https://www.saos.org.pl/judgments/106394
206165|2003-06-09|TK|SK 5/03|Wyrok|98|https://www.saos.org.pl/judgments/206165
106376|2003-06-09|TK|SK 12/03|Wyrok|98|https://www.saos.org.pl/judgments/106376
106392|2003-06-02|TK|SK 34/01|Wyrok|98|https://www.saos.org.pl/judgments/106392
106375|2003-05-20|TK|SK 10/02|Wyrok|98|https://www.saos.org.pl/judgments/106375
106396|2003-05-12|TK|SK 38/02|Wyrok|98|https://www.saos.org.pl/judgments/106396
106382|2003-04-29|TK|SK 24/02|Wyrok|98|https://www.saos.org.pl/judgments/106382
106328|2003-04-28|TK|K 18/02|Wyrok|98|https://www.saos.org.pl/judgments/106328
206166|2003-03-11|TK|SK 8/02|Wyrok|98|https://www.saos.org.pl/judgments/206166
106320|2003-03-05|TK|K 7/01|Wyrok|98|https://www.saos.org.pl/judgments/106320
106399|2003-02-25|TK|SK 9/02|Wyrok|98|https://www.saos.org.pl/judgments/106399
106337|2003-02-24|TK|K 28/02|Wyrok|98|https://www.saos.org.pl/judgments/106337
106362|2003-02-19|TK|P 11/02|Wyrok|98|https://www.saos.org.pl/judgments/106362
106691|2003-01-28|TK|SK 37/01|Wyrok|98|https://www.saos.org.pl/judgments/106691
106383|2003-01-27|TK|SK 27/02|Wyrok|98|https://www.saos.org.pl/judgments/106383
106065|2002-12-11|TK|SK 27/01|Wyrok|98|https://www.saos.org.pl/judgments/106065
106061|2002-12-02|TK|SK 20/01|Wyrok|98|https://www.saos.org.pl/judgments/106061
106057|2002-10-15|TK|SK 6/02|Wyrok|98|https://www.saos.org.pl/judgments/106057
106270|2002-10-08|TK|K 36/00|Wyrok|98|https://www.saos.org.pl/judgments/106270
106286|2002-09-17|TK|SK 35/01|Wyrok|98|https://www.saos.org.pl/judgments/106286
106042|2002-07-09|TK|P 4/01|Wyrok|98|https://www.saos.org.pl/judgments/106042
206156|2002-07-08|TK|SK 41/01|Wyrok|98|https://www.saos.org.pl/judgments/206156
106050|2002-07-04|TK|P 12/01|Wyrok|98|https://www.saos.org.pl/judgments/106050
106069|2002-07-03|TK|SK 31/01|Wyrok|98|https://www.saos.org.pl/judgments/106069
106026|2002-06-19|TK|K 11/02|Wyrok|98|https://www.saos.org.pl/judgments/106026
106051|2002-06-12|TK|P 13/01|Wyrok|98|https://www.saos.org.pl/judgments/106051
106056|2002-06-11|TK|SK 5/02|Wyrok|98|https://www.saos.org.pl/judgments/106056
106033|2002-05-21|TK|K 30/01|Wyrok|98|https://www.saos.org.pl/judgments/106033
106070|2002-05-13|TK|SK 32/01|Wyrok|98|https://www.saos.org.pl/judgments/106070
106262|2002-04-23|TK|K 2/01|Wyrok|98|https://www.saos.org.pl/judgments/106262
106047|2002-03-12|TK|P 9/01|Wyrok|98|https://www.saos.org.pl/judgments/106047
106064|2002-03-05|TK|SK 22/00|Wyrok|98|https://www.saos.org.pl/judgments/106064
106285|2002-02-25|TK|SK 29/01|Wyrok|98|https://www.saos.org.pl/judgments/106285
106274|2002-02-20|TK|K 39/00|Wyrok|98|https://www.saos.org.pl/judgments/106274
106281|2002-02-06|TK|SK 11/01|Wyrok|98|https://www.saos.org.pl/judgments/106281
206143|2001-12-12|TK|SK 26/01|Wyrok|98|https://www.saos.org.pl/judgments/206143
206071|2001-12-04|TK|SK 18/00|Wyrok|98|https://www.saos.org.pl/judgments/206071
206101|2001-11-26|TK|K 2/00|Wyrok|98|https://www.saos.org.pl/judgments/206101
206102|2001-11-19|TK|K 3/00|Wyrok|98|https://www.saos.org.pl/judgments/206102
206129|2001-11-08|TK|P 6/01|Wyrok|98|https://www.saos.org.pl/judgments/206129
206141|2001-09-11|TK|SK 17/00|Wyrok|98|https://www.saos.org.pl/judgments/206141
206125|2001-09-06|TK|P 3/01|Wyrok|98|https://www.saos.org.pl/judgments/206125
206104|2001-05-29|TK|K 5/01|Wyrok|98|https://www.saos.org.pl/judgments/206104
206135|2001-04-02|TK|SK 10/00|Wyrok|98|https://www.saos.org.pl/judgments/206135
206065|2001-03-19|TK|K 32/00|Wyrok|98|https://www.saos.org.pl/judgments/206065
206036|2000-11-15|TK|P 12/99|Wyrok|98|https://www.saos.org.pl/judgments/206036
206043|2000-11-08|TK|SK 18/99|Wyrok|98|https://www.saos.org.pl/judgments/206043
206039|2000-10-17|TK|SK 5/99|Wyrok|98|https://www.saos.org.pl/judgments/206039
206041|2000-07-10|TK|SK 12/99|Wyrok|98|https://www.saos.org.pl/judgments/206041
206019|2000-05-10|TK|K 21/99|Wyrok|98|https://www.saos.org.pl/judgments/206019
205954|1999-12-15|TK|P 6/99|Wyrok|98|https://www.saos.org.pl/judgments/205954
205966|1999-12-14|TK|SK 14/98|Wyrok|98|https://www.saos.org.pl/judgments/205966
205964|1999-11-16|TK|SK 11/99|Wyrok|98|https://www.saos.org.pl/judgments/205964
205938|1999-09-14|TK|K 14/98|Wyrok|98|https://www.saos.org.pl/judgments/205938
205934|1999-06-14|TK|K 11/98|Wyrok|98|https://www.saos.org.pl/judgments/205934
205947|1999-06-02|TK|K 34/98|Wyrok|98|https://www.saos.org.pl/judgments/205947
205969|1999-06-01|TK|SK 20/98|Wyrok|98|https://www.saos.org.pl/judgments/205969
205967|1999-03-16|TK|SK 19/98|Wyrok|98|https://www.saos.org.pl/judgments/205967
205924|1999-01-27|TK|K 1/98|Wyrok|98|https://www.saos.org.pl/judgments/205924
205811|1998-12-08|TK|K 41/97|Wyrok|98|https://www.saos.org.pl/judgments/205811
205809|1998-11-10|TK|K 39/97|Wyrok|98|https://www.saos.org.pl/judgments/205809
205801|1998-10-21|TK|K 24/98|Wyrok|98|https://www.saos.org.pl/judgments/205801
205806|1998-10-06|TK|K 36/97|Wyrok|98|https://www.saos.org.pl/judgments/205806
205787|1998-06-24|TK|K 3/98|Wyrok|98|https://www.saos.org.pl/judgments/205787
205802|1998-06-09|TK|K 28/97|Wyrok|98|https://www.saos.org.pl/judgments/205802
205795|1998-04-29|TK|K 17/97|Wyrok|98|https://www.saos.org.pl/judgments/205795
86807|2007-11-06|SN|III CZP 93/07|Uchwała|96|https://www.saos.org.pl/judgments/86807
86210|2007-06-27|SN|III CZP 152/06|Uchwała|96|https://www.saos.org.pl/judgments/86210
85614|2007-04-03|SN|III CZP 137/06|Uchwała|96|https://www.saos.org.pl/judgments/85614
84180|2006-03-15|SN|III CZP 106/05|Uchwała|96|https://www.saos.org.pl/judgments/84180
83938|2005-12-15|SN|I KZP 48/05|Uchwała|96|https://www.saos.org.pl/judgments/83938
83824|2005-10-27|SN|I KZP 38/05|Uchwała|96|https://www.saos.org.pl/judgments/83824
82918|2004-10-14|SN|III CZP 37/04|Uchwała|96|https://www.saos.org.pl/judgments/82918
82923|2004-10-12|SN|III PZP 2/04|Uchwała|96|https://www.saos.org.pl/judgments/82923
81978|2003-04-25|SN|III CZP 8/03|Uchwała|96|https://www.saos.org.pl/judgments/81978
81905|2003-03-12|SN|III CZP 85/02|Uchwała|96|https://www.saos.org.pl/judgments/81905
80911|2001-10-18|SN|I KZP 25/01|Uchwała|96|https://www.saos.org.pl/judgments/80911
80734|2001-07-12|SN|III CZP 22/01|Uchwała|96|https://www.saos.org.pl/judgments/80734
80598|2001-05-23|SN|III ZP 17/00|Uchwała|96|https://www.saos.org.pl/judgments/80598
80251|2001-01-18|SN|III ZP 28/00|Uchwała|96|https://www.saos.org.pl/judgments/80251
80250|2001-01-17|SN|III CZP 49/00|Uchwała|96|https://www.saos.org.pl/judgments/80250
79960|2000-09-28|SN|III ZP 21/00|Uchwała|96|https://www.saos.org.pl/judgments/79960
79937|2000-09-21|SN|III CZP 14/00|Uchwała|96|https://www.saos.org.pl/judgments/79937
79778|2000-06-08|SN|III ZP 11/00|Uchwała|96|https://www.saos.org.pl/judgments/79778
88862|2008-10-07|SN|III CZP 80/08|Uchwała|89|https://www.saos.org.pl/judgments/88862
87459|2008-02-27|SN|III CZP 135/07|Uchwała|89|https://www.saos.org.pl/judgments/87459
87145|2008-01-23|SN|SNO 91/07|Uchwała|89|https://www.saos.org.pl/judgments/87145
87008|2008-01-09|SN|III SPZP 1/07|Uchwała|89|https://www.saos.org.pl/judgments/87008
86606|2007-09-20|SN|SNO 58/07|Uchwała|89|https://www.saos.org.pl/judgments/86606
86339|2007-07-17|SN|III CZP 81/07|Uchwała|89|https://www.saos.org.pl/judgments/86339
85824|2007-05-10|SN|III CZP 33/07|Uchwała|89|https://www.saos.org.pl/judgments/85824
85184|2007-02-09|SN|III CZP 161/06|Uchwała|89|https://www.saos.org.pl/judgments/85184
85179|2007-02-09|SN|III CZP 148/06|Uchwała|89|https://www.saos.org.pl/judgments/85179
85112|2007-02-02|SN|III CZP 141/06|Uchwała|89|https://www.saos.org.pl/judgments/85112
84935|2007-01-08|SN|I UZP 6/06|Uchwała|89|https://www.saos.org.pl/judgments/84935
84878|2006-12-21|SN|III CZP 131/06|Uchwała|89|https://www.saos.org.pl/judgments/84878
84766|2006-11-22|SN|III CZP 83/06|Uchwała|89|https://www.saos.org.pl/judgments/84766
84277|2006-04-20|SN|III CZP 20/06|Uchwała|89|https://www.saos.org.pl/judgments/84277
84276|2006-04-20|SN|III CZP 17/06|Uchwała|89|https://www.saos.org.pl/judgments/84276
84181|2006-03-16|SN|III CZP 4/06|Uchwała|89|https://www.saos.org.pl/judgments/84181
84159|2006-03-08|SN|III SZP 1/06|Uchwała|89|https://www.saos.org.pl/judgments/84159
83857|2005-11-17|SN|I KZP 43/05|Uchwała|89|https://www.saos.org.pl/judgments/83857
83790|2005-10-14|SN|III CZP 73/05|Uchwała|89|https://www.saos.org.pl/judgments/83790
83549|2005-06-28|SN|III SPZP 1/05|Uchwała|89|https://www.saos.org.pl/judgments/83549
83431|2005-05-17|SN|SNO 21/05|Uchwała|89|https://www.saos.org.pl/judgments/83431
83295|2005-03-18|SN|III CZP 97/04|Uchwała|89|https://www.saos.org.pl/judgments/83295
83278|2005-03-10|SN|III CZP 100/04|Uchwała|89|https://www.saos.org.pl/judgments/83278
83225|2005-02-17|SN|II PZP 1/05|Uchwała|89|https://www.saos.org.pl/judgments/83225
83210|2005-02-09|SN|III CZP 82/04|Uchwała|89|https://www.saos.org.pl/judgments/83210
83154|2005-01-19|SN|III SPP 115/04|Uchwała|89|https://www.saos.org.pl/judgments/83154
83152|2005-01-19|SN|III SPP 109/04|Uchwała|89|https://www.saos.org.pl/judgments/83152
83096|2005-01-06|SN|III CZP 75/04|Uchwała|89|https://www.saos.org.pl/judgments/83096
82784|2004-08-11|SN|II UZP 7/04|Uchwała|89|https://www.saos.org.pl/judgments/82784
82571|2004-03-25|SN|I KZP 46/03|Uchwała|89|https://www.saos.org.pl/judgments/82571
82509|2004-02-17|SN|III CZP 118/03|Uchwała|89|https://www.saos.org.pl/judgments/82509
82157|2003-08-21|SN|III CZP 51/03|Uchwała|89|https://www.saos.org.pl/judgments/82157
82155|2003-08-21|SN|III CZP 42/03|Uchwała|89|https://www.saos.org.pl/judgments/82155
82133|2003-07-29|SN|III PZP 10/03|Uchwała|89|https://www.saos.org.pl/judgments/82133
82118|2003-07-16|SN|III CZP 47/03|Uchwała|89|https://www.saos.org.pl/judgments/82118
81778|2002-12-17|SN|III CZP 76/02|Uchwała|89|https://www.saos.org.pl/judgments/81778
81568|2002-09-19|SN|III CZP 56/02|Uchwała|89|https://www.saos.org.pl/judgments/81568
81476|2002-06-26|SN|III CZP 38/02|Uchwała|89|https://www.saos.org.pl/judgments/81476
81467|2002-06-18|SN|III PZP 10/02|Uchwała|89|https://www.saos.org.pl/judgments/81467
80465|2001-03-28|SN|III ZP 2/01|Uchwała|89|https://www.saos.org.pl/judgments/80465
80464|2001-03-27|SN|III CZP 54/00|Uchwała|89|https://www.saos.org.pl/judgments/80464
79814|2000-06-30|SN|III ZP 15/00|Uchwała|89|https://www.saos.org.pl/judgments/79814
108857|2008-10-28|TK|Ts 236/07|Postanowienie|80|https://www.saos.org.pl/judgments/108857
108645|2008-10-27|TK|SK 31/07|Postanowienie|80|https://www.saos.org.pl/judgments/108645
108558|2008-10-27|TK|P 1/07|Postanowienie|80|https://www.saos.org.pl/judgments/108558
108647|2008-10-15|TK|SK 33/06|Postanowienie|80|https://www.saos.org.pl/judgments/108647
108635|2008-10-13|TK|SK 20/08|Postanowienie|80|https://www.saos.org.pl/judgments/108635
108903|2008-10-07|TK|Ts 289/06|Postanowienie|80|https://www.saos.org.pl/judgments/108903
108842|2008-10-07|TK|Ts 225/08|Postanowienie|80|https://www.saos.org.pl/judgments/108842
108662|2008-10-07|TK|SK 55/06|Postanowienie|80|https://www.saos.org.pl/judgments/108662
108832|2008-10-01|TK|Ts 215/05|Postanowienie|80|https://www.saos.org.pl/judgments/108832
108716|2008-09-25|TK|Ts 46/07|Postanowienie|80|https://www.saos.org.pl/judgments/108716
108669|2008-09-24|TK|SK 72/06|Postanowienie|80|https://www.saos.org.pl/judgments/108669
108709|2008-09-23|TK|Ts 32/07|Postanowienie|80|https://www.saos.org.pl/judgments/108709
108862|2008-09-22|TK|Ts 246/07|Postanowienie|80|https://www.saos.org.pl/judgments/108862
108712|2008-09-19|TK|Ts 41/08|Postanowienie|80|https://www.saos.org.pl/judgments/108712
108792|2008-09-18|TK|Ts 157/08|Postanowienie|80|https://www.saos.org.pl/judgments/108792
108691|2008-09-18|TK|Ts 1/07|Postanowienie|80|https://www.saos.org.pl/judgments/108691
108611|2008-09-17|TK|SK 100/06|Postanowienie|80|https://www.saos.org.pl/judgments/108611
108828|2008-09-16|TK|Ts 213/07|Postanowienie|80|https://www.saos.org.pl/judgments/108828
108641|2008-09-16|TK|SK 28/08|Postanowienie|80|https://www.saos.org.pl/judgments/108641
108600|2008-09-15|TK|P 51/07|Postanowienie|80|https://www.saos.org.pl/judgments/108600
108807|2008-09-05|TK|Ts 177/07|Postanowienie|80|https://www.saos.org.pl/judgments/108807
108579|2008-09-04|TK|P 25/08|Postanowienie|80|https://www.saos.org.pl/judgments/108579
108725|2008-09-03|TK|Ts 59/06|Postanowienie|80|https://www.saos.org.pl/judgments/108725
108616|2008-09-02|TK|SK 5/08|Postanowienie|80|https://www.saos.org.pl/judgments/108616
108608|2008-09-02|TK|P 61/07|Postanowienie|80|https://www.saos.org.pl/judgments/108608
207160|2008-09-01|TK|Ts 56/07|Postanowienie|80|https://www.saos.org.pl/judgments/207160
108929|2008-09-01|TK|Tw 13/08|Postanowienie|80|https://www.saos.org.pl/judgments/108929
108815|2008-08-25|TK|Ts 189/08|Postanowienie|80|https://www.saos.org.pl/judgments/108815
108704|2008-08-21|TK|Ts 22/07|Postanowienie|80|https://www.saos.org.pl/judgments/108704
108727|2008-08-20|TK|Ts 63/07|Postanowienie|80|https://www.saos.org.pl/judgments/108727
108697|2008-08-20|TK|Ts 14/08|Postanowienie|80|https://www.saos.org.pl/judgments/108697
207162|2008-08-12|TK|Ts 192/08|Postanowienie|80|https://www.saos.org.pl/judgments/207162
206206|2008-08-05|TK|Ts 309/07|Postanowienie|80|https://www.saos.org.pl/judgments/206206
108766|2008-08-05|TK|Ts 112/08|Postanowienie|80|https://www.saos.org.pl/judgments/108766
108774|2008-07-22|TK|Ts 130/07|Postanowienie|80|https://www.saos.org.pl/judgments/108774
108902|2008-07-16|TK|Ts 287/06|Postanowienie|80|https://www.saos.org.pl/judgments/108902
108851|2008-07-16|TK|Ts 232/06|Postanowienie|80|https://www.saos.org.pl/judgments/108851
108750|2008-07-16|TK|Ts 97/07|Postanowienie|80|https://www.saos.org.pl/judgments/108750
108676|2008-07-16|TK|SK 81/06|Postanowienie|80|https://www.saos.org.pl/judgments/108676
108625|2008-07-16|TK|SK 14/08|Postanowienie|80|https://www.saos.org.pl/judgments/108625
108907|2008-07-15|TK|Ts 293/06|Postanowienie|80|https://www.saos.org.pl/judgments/108907
108700|2008-07-15|TK|Ts 16/07|Postanowienie|80|https://www.saos.org.pl/judgments/108700
108963|2008-07-14|TK|SK 72/06|Postanowienie|80|https://www.saos.org.pl/judgments/108963
108944|2008-07-09|TK|Tw 29/07|Postanowienie|80|https://www.saos.org.pl/judgments/108944
108877|2008-07-09|TK|Ts 259/07|Postanowienie|80|https://www.saos.org.pl/judgments/108877
108786|2008-07-09|TK|Ts 149/07|Postanowienie|80|https://www.saos.org.pl/judgments/108786
108764|2008-07-09|TK|Ts 110/08|Postanowienie|80|https://www.saos.org.pl/judgments/108764
108733|2008-07-09|TK|Ts 70/08|Postanowienie|80|https://www.saos.org.pl/judgments/108733
108679|2008-07-07|TK|SK 83/06|Postanowienie|80|https://www.saos.org.pl/judgments/108679
108793|2008-07-03|TK|Ts 158/07|Postanowienie|80|https://www.saos.org.pl/judgments/108793
108756|2008-07-03|TK|Ts 102/08|Postanowienie|80|https://www.saos.org.pl/judgments/108756
108883|2008-07-01|TK|Ts 270/07|Postanowienie|80|https://www.saos.org.pl/judgments/108883
108763|2008-07-01|TK|Ts 109/08|Postanowienie|80|https://www.saos.org.pl/judgments/108763
108745|2008-07-01|TK|Ts 86/08|Postanowienie|80|https://www.saos.org.pl/judgments/108745
108922|2008-06-23|TK|Tw 5/08|Postanowienie|80|https://www.saos.org.pl/judgments/108922
108822|2008-06-19|TK|Ts 197/07|Postanowienie|80|https://www.saos.org.pl/judgments/108822
108814|2008-06-19|TK|Ts 185/07|Postanowienie|80|https://www.saos.org.pl/judgments/108814
108837|2008-06-18|TK|Ts 220/07|Postanowienie|80|https://www.saos.org.pl/judgments/108837
108859|2008-06-12|TK|Ts 238/07|Postanowienie|80|https://www.saos.org.pl/judgments/108859
108847|2008-06-12|TK|Ts 230/06|Postanowienie|80|https://www.saos.org.pl/judgments/108847
108901|2008-06-11|TK|Ts 286/07|Postanowienie|80|https://www.saos.org.pl/judgments/108901
108656|2008-06-11|TK|SK 48/07|Postanowienie|80|https://www.saos.org.pl/judgments/108656
108642|2008-06-11|TK|SK 28/08|Postanowienie|80|https://www.saos.org.pl/judgments/108642
108531|2008-06-11|TK|K 26/07|Postanowienie|80|https://www.saos.org.pl/judgments/108531
108721|2008-06-10|TK|Ts 53/07|Postanowienie|80|https://www.saos.org.pl/judgments/108721
108567|2008-06-10|TK|P 15/06|Postanowienie|80|https://www.saos.org.pl/judgments/108567
108623|2008-05-26|TK|SK 12/06|Postanowienie|80|https://www.saos.org.pl/judgments/108623
108565|2008-05-26|TK|P 14/05|Postanowienie|80|https://www.saos.org.pl/judgments/108565
108858|2008-05-13|TK|Ts 237/07|Postanowienie|80|https://www.saos.org.pl/judgments/108858
108856|2008-05-13|TK|Ts 236/07|Postanowienie|80|https://www.saos.org.pl/judgments/108856
108855|2008-05-13|TK|Ts 235/07|Postanowienie|80|https://www.saos.org.pl/judgments/108855
108853|2008-05-13|TK|Ts 234/07|Postanowienie|80|https://www.saos.org.pl/judgments/108853
108852|2008-05-13|TK|Ts 233/07|Postanowienie|80|https://www.saos.org.pl/judgments/108852
108532|2008-05-13|TK|K 26/07|Postanowienie|80|https://www.saos.org.pl/judgments/108532
108729|2008-05-06|TK|Ts 66/08|Postanowienie|80|https://www.saos.org.pl/judgments/108729
108809|2008-04-30|TK|Ts 178/07|Postanowienie|80|https://www.saos.org.pl/judgments/108809
108785|2008-04-25|TK|Ts 149/07|Postanowienie|80|https://www.saos.org.pl/judgments/108785
108787|2008-04-23|TK|Ts 151/07|Postanowienie|80|https://www.saos.org.pl/judgments/108787
108905|2008-04-16|TK|Ts 292/07|Postanowienie|80|https://www.saos.org.pl/judgments/108905
108732|2008-04-15|TK|Ts 70/08|Postanowienie|80|https://www.saos.org.pl/judgments/108732
108770|2008-04-14|TK|Ts 127/07|Postanowienie|80|https://www.saos.org.pl/judgments/108770
108844|2008-04-08|TK|Ts 226/07|Postanowienie|80|https://www.saos.org.pl/judgments/108844
108773|2008-04-08|TK|Ts 130/07|Postanowienie|80|https://www.saos.org.pl/judgments/108773
108768|2008-04-08|TK|Ts 122/07|Postanowienie|80|https://www.saos.org.pl/judgments/108768
108693|2008-04-04|TK|Ts 9/07|Postanowienie|80|https://www.saos.org.pl/judgments/108693
108703|2008-04-02|TK|Ts 21/06|Postanowienie|80|https://www.saos.org.pl/judgments/108703
108690|2008-04-02|TK|SK 97/06|Postanowienie|80|https://www.saos.org.pl/judgments/108690
108689|2008-04-02|TK|SK 97/06|Postanowienie|80|https://www.saos.org.pl/judgments/108689
108777|2008-04-01|TK|Ts 134/07|Postanowienie|80|https://www.saos.org.pl/judgments/108777
108714|2008-03-31|TK|Ts 43/07|Postanowienie|80|https://www.saos.org.pl/judgments/108714
108796|2008-03-27|TK|Ts 161/07|Postanowienie|80|https://www.saos.org.pl/judgments/108796
108919|2008-03-26|TK|Tw 2/08|Postanowienie|80|https://www.saos.org.pl/judgments/108919
108838|2008-03-26|TK|Ts 220/06|Postanowienie|80|https://www.saos.org.pl/judgments/108838
108637|2008-03-26|TK|SK 24/07|Postanowienie|80|https://www.saos.org.pl/judgments/108637
108682|2008-03-17|TK|SK 84/06|Postanowienie|80|https://www.saos.org.pl/judgments/108682
108909|2008-03-11|TK|Ts 296/07|Postanowienie|80|https://www.saos.org.pl/judgments/108909
108908|2008-03-11|TK|Ts 294/07|Postanowienie|80|https://www.saos.org.pl/judgments/108908
108898|2008-03-11|TK|Ts 282/07|Postanowienie|80|https://www.saos.org.pl/judgments/108898
108888|2008-03-11|TK|Ts 276/07|Postanowienie|80|https://www.saos.org.pl/judgments/108888
108771|2008-03-11|TK|Ts 128/07|Postanowienie|80|https://www.saos.org.pl/judgments/108771
108834|2008-03-10|TK|Ts 218/06|Postanowienie|80|https://www.saos.org.pl/judgments/108834
207158|2008-03-06|TK|Ts 26/07|Postanowienie|80|https://www.saos.org.pl/judgments/207158
108718|2008-03-06|TK|Ts 47/07|Postanowienie|80|https://www.saos.org.pl/judgments/108718
108942|2008-03-05|TK|Tw 29/07|Postanowienie|80|https://www.saos.org.pl/judgments/108942
108900|2008-03-05|TK|Ts 286/07|Postanowienie|80|https://www.saos.org.pl/judgments/108900
108820|2008-03-05|TK|Ts 196/06|Postanowienie|80|https://www.saos.org.pl/judgments/108820
108687|2008-03-05|TK|SK 95/06|Postanowienie|80|https://www.saos.org.pl/judgments/108687
108850|2008-03-04|TK|Ts 232/07|Postanowienie|80|https://www.saos.org.pl/judgments/108850
108783|2008-03-03|TK|Ts 147/07|Postanowienie|80|https://www.saos.org.pl/judgments/108783
108884|2008-02-26|TK|Ts 270/06|Postanowienie|80|https://www.saos.org.pl/judgments/108884
108821|2008-02-26|TK|Ts 196/07|Postanowienie|80|https://www.saos.org.pl/judgments/108821
108696|2008-02-22|TK|Ts 14/08|Postanowienie|80|https://www.saos.org.pl/judgments/108696
108829|2008-02-20|TK|Ts 213/06|Postanowienie|80|https://www.saos.org.pl/judgments/108829
108654|2008-02-20|TK|SK 44/07|Postanowienie|80|https://www.saos.org.pl/judgments/108654
108849|2008-02-19|TK|Ts 232/06|Postanowienie|80|https://www.saos.org.pl/judgments/108849
108748|2008-02-19|TK|Ts 95/07|Postanowienie|80|https://www.saos.org.pl/judgments/108748
108615|2008-02-13|TK|SK 5/07|Postanowienie|80|https://www.saos.org.pl/judgments/108615
108609|2008-02-12|TK|P 62/07|Postanowienie|80|https://www.saos.org.pl/judgments/108609
108576|2008-02-12|TK|P 21/07|Postanowienie|80|https://www.saos.org.pl/judgments/108576
108776|2008-02-11|TK|Ts 133/07|Postanowienie|80|https://www.saos.org.pl/judgments/108776
108670|2008-02-05|TK|SK 74/06|Postanowienie|80|https://www.saos.org.pl/judgments/108670
108724|2008-01-25|TK|Ts 58/07|Postanowienie|80|https://www.saos.org.pl/judgments/108724
108891|2008-01-23|TK|Ts 277/06|Postanowienie|80|https://www.saos.org.pl/judgments/108891
108876|2008-01-23|TK|Ts 259/07|Postanowienie|80|https://www.saos.org.pl/judgments/108876
108830|2008-01-23|TK|Ts 214/07|Postanowienie|80|https://www.saos.org.pl/judgments/108830
108767|2008-01-23|TK|Ts 118/06|Postanowienie|80|https://www.saos.org.pl/judgments/108767
108667|2008-01-23|TK|SK 65/06|Postanowienie|80|https://www.saos.org.pl/judgments/108667
108655|2008-01-23|TK|SK 48/07|Postanowienie|80|https://www.saos.org.pl/judgments/108655
207153|2008-01-09|TK|S 1/08|Postanowienie|80|https://www.saos.org.pl/judgments/207153
108811|2008-01-08|TK|Ts 181/07|Postanowienie|80|https://www.saos.org.pl/judgments/108811
108798|2008-01-08|TK|Ts 162/06|Postanowienie|80|https://www.saos.org.pl/judgments/108798
108743|2008-01-08|TK|Ts 83/06|Postanowienie|80|https://www.saos.org.pl/judgments/108743
108403|2007-12-20|TK|Ts 228/06|Postanowienie|80|https://www.saos.org.pl/judgments/108403
108345|2007-12-19|TK|Ts 163/07|Postanowienie|80|https://www.saos.org.pl/judgments/108345
108061|2007-12-17|TK|K 9/07|Postanowienie|80|https://www.saos.org.pl/judgments/108061
108422|2007-12-13|TK|Ts 252/06|Postanowienie|80|https://www.saos.org.pl/judgments/108422
108247|2007-12-12|TK|Ts 45/07|Postanowienie|80|https://www.saos.org.pl/judgments/108247
207147|2007-12-05|TK|Ts 7/07|Postanowienie|80|https://www.saos.org.pl/judgments/207147
108260|2007-12-05|TK|Ts 60/06|Postanowienie|80|https://www.saos.org.pl/judgments/108260
108236|2007-12-05|TK|Ts 36/07|Postanowienie|80|https://www.saos.org.pl/judgments/108236
108244|2007-12-04|TK|Ts 44/06|Postanowienie|80|https://www.saos.org.pl/judgments/108244
108360|2007-11-28|TK|Ts 178/06|Postanowienie|80|https://www.saos.org.pl/judgments/108360
108461|2007-11-27|TK|Ts 294/06|Postanowienie|80|https://www.saos.org.pl/judgments/108461
108298|2007-11-27|TK|Ts 103/06|Postanowienie|80|https://www.saos.org.pl/judgments/108298
108386|2007-11-26|TK|Ts 211/06|Postanowienie|80|https://www.saos.org.pl/judgments/108386
108200|2007-11-21|TK|SK 92/06|Postanowienie|80|https://www.saos.org.pl/judgments/108200
108082|2007-11-21|TK|K 36/07|Postanowienie|80|https://www.saos.org.pl/judgments/108082
207150|2007-11-20|TK|Ts 274/06|Postanowienie|80|https://www.saos.org.pl/judgments/207150
108238|2007-11-14|TK|Ts 38/07|Postanowienie|80|https://www.saos.org.pl/judgments/108238
108175|2007-11-14|TK|SK 53/06|Postanowienie|80|https://www.saos.org.pl/judgments/108175
108339|2007-11-13|TK|Ts 151/07|Postanowienie|80|https://www.saos.org.pl/judgments/108339
108165|2007-11-13|TK|SK 40/06|Postanowienie|80|https://www.saos.org.pl/judgments/108165
108322|2007-11-12|TK|Ts 129/06|Postanowienie|80|https://www.saos.org.pl/judgments/108322
108199|2007-11-12|TK|SK 89/06|Postanowienie|80|https://www.saos.org.pl/judgments/108199
207146|2007-11-07|TK|S 6/07|Postanowienie|80|https://www.saos.org.pl/judgments/207146
108368|2007-11-07|TK|Ts 188/06|Postanowienie|80|https://www.saos.org.pl/judgments/108368
108094|2007-11-07|TK|P 2/07|Postanowienie|80|https://www.saos.org.pl/judgments/108094
108375|2007-10-31|TK|Ts 196/07|Postanowienie|80|https://www.saos.org.pl/judgments/108375
108421|2007-10-30|TK|Ts 251/06|Postanowienie|80|https://www.saos.org.pl/judgments/108421
108353|2007-10-25|TK|Ts 168/06|Postanowienie|80|https://www.saos.org.pl/judgments/108353
108327|2007-10-25|TK|Ts 135/07|Postanowienie|80|https://www.saos.org.pl/judgments/108327
108425|2007-10-23|TK|Ts 254/06|Postanowienie|80|https://www.saos.org.pl/judgments/108425
108388|2007-10-23|TK|Ts 213/06|Postanowienie|80|https://www.saos.org.pl/judgments/108388
108284|2007-10-23|TK|Ts 90/06|Postanowienie|80|https://www.saos.org.pl/judgments/108284
108254|2007-10-23|TK|Ts 52/07|Postanowienie|80|https://www.saos.org.pl/judgments/108254
108204|2007-10-23|TK|Ts 1/07|Postanowienie|80|https://www.saos.org.pl/judgments/108204
108408|2007-10-22|TK|Ts 237/06|Postanowienie|80|https://www.saos.org.pl/judgments/108408
108182|2007-10-22|TK|SK 59/06|Postanowienie|80|https://www.saos.org.pl/judgments/108182
108459|2007-10-19|TK|Ts 293/06|Postanowienie|80|https://www.saos.org.pl/judgments/108459
108454|2007-10-17|TK|Ts 283/06|Postanowienie|80|https://www.saos.org.pl/judgments/108454
108150|2007-10-17|TK|SK 14/07|Postanowienie|80|https://www.saos.org.pl/judgments/108150
108116|2007-10-17|TK|P 29/07|Postanowienie|80|https://www.saos.org.pl/judgments/108116
108149|2007-10-16|TK|SK 13/07|Postanowienie|80|https://www.saos.org.pl/judgments/108149
108393|2007-10-15|TK|Ts 220/06|Postanowienie|80|https://www.saos.org.pl/judgments/108393
108291|2007-10-09|TK|Ts 97/07|Postanowienie|80|https://www.saos.org.pl/judgments/108291
108271|2007-10-09|TK|Ts 71/07|Postanowienie|80|https://www.saos.org.pl/judgments/108271
108245|2007-10-09|TK|Ts 45/07|Postanowienie|80|https://www.saos.org.pl/judgments/108245
108257|2007-10-08|TK|Ts 57/07|Postanowienie|80|https://www.saos.org.pl/judgments/108257
108132|2007-10-08|TK|P 45/07|Postanowienie|80|https://www.saos.org.pl/judgments/108132
108251|2007-10-04|TK|Ts 50/07|Postanowienie|80|https://www.saos.org.pl/judgments/108251
108249|2007-10-04|TK|Ts 47/07|Postanowienie|80|https://www.saos.org.pl/judgments/108249
108259|2007-10-03|TK|Ts 60/06|Postanowienie|80|https://www.saos.org.pl/judgments/108259
108223|2007-10-02|TK|Ts 22/07|Postanowienie|80|https://www.saos.org.pl/judgments/108223
108456|2007-09-26|TK|Ts 287/06|Postanowienie|80|https://www.saos.org.pl/judgments/108456
108242|2007-09-26|TK|Ts 44/07|Postanowienie|80|https://www.saos.org.pl/judgments/108242
108432|2007-09-21|TK|Ts 261/06|Postanowienie|80|https://www.saos.org.pl/judgments/108432
108373|2007-09-19|TK|Ts 195/06|Postanowienie|80|https://www.saos.org.pl/judgments/108373
108427|2007-09-17|TK|Ts 255/06|Postanowienie|80|https://www.saos.org.pl/judgments/108427
108377|2007-09-17|TK|Ts 198/06|Postanowienie|80|https://www.saos.org.pl/judgments/108377
108350|2007-09-12|TK|Ts 168/06|Postanowienie|80|https://www.saos.org.pl/judgments/108350
108202|2007-09-12|TK|SK 99/06|Postanowienie|80|https://www.saos.org.pl/judgments/108202
108458|2007-09-11|TK|Ts 292/06|Postanowienie|80|https://www.saos.org.pl/judgments/108458
108451|2007-09-11|TK|Ts 280/06|Postanowienie|80|https://www.saos.org.pl/judgments/108451
108431|2007-09-11|TK|Ts 259/06|Postanowienie|80|https://www.saos.org.pl/judgments/108431
108423|2007-09-11|TK|Ts 253/06|Postanowienie|80|https://www.saos.org.pl/judgments/108423
108219|2007-09-11|TK|Ts 16/07|Postanowienie|80|https://www.saos.org.pl/judgments/108219
108214|2007-09-11|TK|Ts 9/07|Postanowienie|80|https://www.saos.org.pl/judgments/108214
108295|2007-09-05|TK|Ts 102/06|Postanowienie|80|https://www.saos.org.pl/judgments/108295
108170|2007-09-04|TK|SK 47/06|Postanowienie|80|https://www.saos.org.pl/judgments/108170
108289|2007-09-03|TK|Ts 94/06|Postanowienie|80|https://www.saos.org.pl/judgments/108289
108324|2007-07-26|TK|Ts 131/07|Postanowienie|80|https://www.saos.org.pl/judgments/108324
108233|2007-07-26|TK|Ts 35/06|Postanowienie|80|https://www.saos.org.pl/judgments/108233
108239|2007-07-20|TK|Ts 40/07|Postanowienie|80|https://www.saos.org.pl/judgments/108239
108390|2007-07-18|TK|Ts 214/06|Postanowienie|80|https://www.saos.org.pl/judgments/108390
108178|2007-07-18|TK|SK 55/06|Postanowienie|80|https://www.saos.org.pl/judgments/108178
108148|2007-07-18|TK|SK 12/06|Postanowienie|80|https://www.saos.org.pl/judgments/108148
108297|2007-07-17|TK|Ts 103/07|Postanowienie|80|https://www.saos.org.pl/judgments/108297
108190|2007-07-17|TK|SK 69/06|Postanowienie|80|https://www.saos.org.pl/judgments/108190
108154|2007-07-17|TK|SK 19/07|Postanowienie|80|https://www.saos.org.pl/judgments/108154
108394|2007-07-16|TK|Ts 220/05|Postanowienie|80|https://www.saos.org.pl/judgments/108394
108354|2007-07-16|TK|Ts 169/06|Postanowienie|80|https://www.saos.org.pl/judgments/108354
108201|2007-07-16|TK|SK 97/06|Postanowienie|80|https://www.saos.org.pl/judgments/108201
108105|2007-07-11|TK|P 19/05|Postanowienie|80|https://www.saos.org.pl/judgments/108105
108285|2007-07-03|TK|Ts 91/07|Postanowienie|80|https://www.saos.org.pl/judgments/108285
108143|2007-07-03|TK|SK 4/07|Postanowienie|80|https://www.saos.org.pl/judgments/108143
108137|2007-07-03|TK|SK 1/07|Postanowienie|80|https://www.saos.org.pl/judgments/108137
108318|2007-07-02|TK|Ts 124/07|Postanowienie|80|https://www.saos.org.pl/judgments/108318
108169|2007-07-02|TK|SK 46/06|Postanowienie|80|https://www.saos.org.pl/judgments/108169
108237|2007-06-27|TK|Ts 38/07|Postanowienie|80|https://www.saos.org.pl/judgments/108237
108171|2007-06-27|TK|SK 47/06|Postanowienie|80|https://www.saos.org.pl/judgments/108171
108146|2007-06-27|TK|SK 8/07|Postanowienie|80|https://www.saos.org.pl/judgments/108146
108145|2007-06-27|TK|SK 7/07|Postanowienie|80|https://www.saos.org.pl/judgments/108145
108281|2007-06-26|TK|Ts 85/07|Postanowienie|80|https://www.saos.org.pl/judgments/108281
108255|2007-06-26|TK|Ts 54/07|Postanowienie|80|https://www.saos.org.pl/judgments/108255
108195|2007-06-26|TK|SK 73/06|Postanowienie|80|https://www.saos.org.pl/judgments/108195
108172|2007-06-26|TK|SK 48/06|Postanowienie|80|https://www.saos.org.pl/judgments/108172
108138|2007-06-26|TK|SK 2/07|Postanowienie|80|https://www.saos.org.pl/judgments/108138
108121|2007-06-26|TK|P 34/06|Postanowienie|80|https://www.saos.org.pl/judgments/108121
108460|2007-06-20|TK|Ts 294/06|Postanowienie|80|https://www.saos.org.pl/judgments/108460
108446|2007-06-20|TK|Ts 277/06|Postanowienie|80|https://www.saos.org.pl/judgments/108446
108401|2007-06-13|TK|Ts 227/06|Postanowienie|80|https://www.saos.org.pl/judgments/108401
108234|2007-06-13|TK|Ts 36/07|Postanowienie|80|https://www.saos.org.pl/judgments/108234
108369|2007-05-30|TK|Ts 191/06|Postanowienie|80|https://www.saos.org.pl/judgments/108369
108307|2007-05-29|TK|Ts 111/06|Postanowienie|80|https://www.saos.org.pl/judgments/108307
108235|2007-05-29|TK|Ts 36/06|Postanowienie|80|https://www.saos.org.pl/judgments/108235
207148|2007-05-28|TK|Ts 26/07|Postanowienie|80|https://www.saos.org.pl/judgments/207148
108417|2007-05-22|TK|Ts 245/06|Postanowienie|80|https://www.saos.org.pl/judgments/108417
108326|2007-05-22|TK|Ts 134/06|Postanowienie|80|https://www.saos.org.pl/judgments/108326
108193|2007-05-22|TK|SK 70/05|Postanowienie|80|https://www.saos.org.pl/judgments/108193
108161|2007-05-22|TK|SK 38/05|Postanowienie|80|https://www.saos.org.pl/judgments/108161
108472|2007-05-21|TK|Tw 14/07|Postanowienie|80|https://www.saos.org.pl/judgments/108472
108409|2007-05-21|TK|Ts 238/06|Postanowienie|80|https://www.saos.org.pl/judgments/108409
108317|2007-05-21|TK|Ts 124/06|Postanowienie|80|https://www.saos.org.pl/judgments/108317
108100|2007-05-15|TK|P 13/06|Postanowienie|80|https://www.saos.org.pl/judgments/108100
108203|2007-05-09|TK|SK 98/06|Postanowienie|80|https://www.saos.org.pl/judgments/108203
108359|2007-05-07|TK|Ts 173/06|Postanowienie|80|https://www.saos.org.pl/judgments/108359
108395|2007-04-25|TK|Ts 221/06|Postanowienie|80|https://www.saos.org.pl/judgments/108395
108267|2007-04-25|TK|Ts 67/06|Postanowienie|80|https://www.saos.org.pl/judgments/108267
108266|2007-04-25|TK|Ts 66/06|Postanowienie|80|https://www.saos.org.pl/judgments/108266
108205|2007-04-25|TK|Ts 1/06|Postanowienie|80|https://www.saos.org.pl/judgments/108205
108420|2007-04-24|TK|Ts 250/06|Postanowienie|80|https://www.saos.org.pl/judgments/108420
108402|2007-04-24|TK|Ts 228/06|Postanowienie|80|https://www.saos.org.pl/judgments/108402
108361|2007-04-18|TK|Ts 179/06|Postanowienie|80|https://www.saos.org.pl/judgments/108361
108099|2007-04-18|TK|P 12/04|Postanowienie|80|https://www.saos.org.pl/judgments/108099
108315|2007-04-12|TK|Ts 122/05|Postanowienie|80|https://www.saos.org.pl/judgments/108315
108283|2007-04-10|TK|Ts 90/06|Postanowienie|80|https://www.saos.org.pl/judgments/108283
108442|2007-04-03|TK|Ts 270/06|Postanowienie|80|https://www.saos.org.pl/judgments/108442
108282|2007-04-03|TK|Ts 88/06|Postanowienie|80|https://www.saos.org.pl/judgments/108282
108198|2007-04-03|TK|SK 85/06|Postanowienie|80|https://www.saos.org.pl/judgments/108198
108411|2007-03-27|TK|Ts 239/06|Postanowienie|80|https://www.saos.org.pl/judgments/108411
108164|2007-03-21|TK|SK 40/05|Postanowienie|80|https://www.saos.org.pl/judgments/108164
108367|2007-03-20|TK|Ts 188/06|Postanowienie|80|https://www.saos.org.pl/judgments/108367
108439|2007-03-12|TK|Ts 268/06|Postanowienie|80|https://www.saos.org.pl/judgments/108439
108346|2007-03-12|TK|Ts 165/06|Postanowienie|80|https://www.saos.org.pl/judgments/108346
108273|2007-03-12|TK|Ts 75/06|Postanowienie|80|https://www.saos.org.pl/judgments/108273
108453|2007-03-08|TK|Ts 283/06|Postanowienie|80|https://www.saos.org.pl/judgments/108453
207143|2007-02-28|TK|S 3/07|Postanowienie|80|https://www.saos.org.pl/judgments/207143
108241|2007-02-27|TK|Ts 43/06|Postanowienie|80|https://www.saos.org.pl/judgments/108241
108130|2007-02-27|TK|P 44/06|Postanowienie|80|https://www.saos.org.pl/judgments/108130
108484|2007-02-26|TK|Tw 22/06|Postanowienie|80|https://www.saos.org.pl/judgments/108484
108450|2007-02-26|TK|Ts 280/06|Postanowienie|80|https://www.saos.org.pl/judgments/108450
108430|2007-02-26|TK|Ts 259/06|Postanowienie|80|https://www.saos.org.pl/judgments/108430
108374|2007-02-26|TK|Ts 196/06|Postanowienie|80|https://www.saos.org.pl/judgments/108374
108352|2007-02-23|TK|Ts 168/05|Postanowienie|80|https://www.saos.org.pl/judgments/108352
108296|2007-02-23|TK|Ts 103/06|Postanowienie|80|https://www.saos.org.pl/judgments/108296
108256|2007-02-21|TK|Ts 54/06|Postanowienie|80|https://www.saos.org.pl/judgments/108256
108250|2007-02-21|TK|Ts 47/06|Postanowienie|80|https://www.saos.org.pl/judgments/108250
108424|2007-02-15|TK|Ts 254/06|Postanowienie|80|https://www.saos.org.pl/judgments/108424
108338|2007-02-14|TK|Ts 148/06|Postanowienie|80|https://www.saos.org.pl/judgments/108338
108344|2007-02-13|TK|Ts 162/06|Postanowienie|80|https://www.saos.org.pl/judgments/108344
108426|2007-02-12|TK|Ts 255/06|Postanowienie|80|https://www.saos.org.pl/judgments/108426
108181|2007-02-08|TK|SK 58/03|Postanowienie|80|https://www.saos.org.pl/judgments/108181
108372|2007-02-07|TK|Ts 195/05|Postanowienie|80|https://www.saos.org.pl/judgments/108372
108366|2007-02-07|TK|Ts 186/05|Postanowienie|80|https://www.saos.org.pl/judgments/108366
108438|2007-02-06|TK|Ts 267/06|Postanowienie|80|https://www.saos.org.pl/judgments/108438
108311|2007-02-05|TK|Ts 116/06|Postanowienie|80|https://www.saos.org.pl/judgments/108311
108222|2007-02-05|TK|Ts 21/06|Postanowienie|80|https://www.saos.org.pl/judgments/108222
108364|2007-01-30|TK|Ts 182/05|Postanowienie|80|https://www.saos.org.pl/judgments/108364
108355|2007-01-25|TK|Ts 170/05|Postanowienie|80|https://www.saos.org.pl/judgments/108355
108410|2007-01-24|TK|Ts 239/06|Postanowienie|80|https://www.saos.org.pl/judgments/108410
108347|2007-01-23|TK|Ts 165/05|Postanowienie|80|https://www.saos.org.pl/judgments/108347
108323|2007-01-23|TK|Ts 130/06|Postanowienie|80|https://www.saos.org.pl/judgments/108323
108248|2007-01-23|TK|Ts 46/05|Postanowienie|80|https://www.saos.org.pl/judgments/108248
108246|2007-01-23|TK|Ts 45/06|Postanowienie|80|https://www.saos.org.pl/judgments/108246
108389|2007-01-19|TK|Ts 214/06|Postanowienie|80|https://www.saos.org.pl/judgments/108389
108357|2007-01-17|TK|Ts 171/06|Postanowienie|80|https://www.saos.org.pl/judgments/108357
108358|2007-01-12|TK|Ts 172/06|Postanowienie|80|https://www.saos.org.pl/judgments/108358
108304|2007-01-12|TK|Ts 111/06|Postanowienie|80|https://www.saos.org.pl/judgments/108304
108414|2007-01-09|TK|Ts 242/06|Postanowienie|80|https://www.saos.org.pl/judgments/108414
108405|2007-01-09|TK|Ts 234/06|Postanowienie|80|https://www.saos.org.pl/judgments/108405
108312|2007-01-09|TK|Ts 118/06|Postanowienie|80|https://www.saos.org.pl/judgments/108312
108385|2007-01-08|TK|Ts 211/06|Postanowienie|80|https://www.saos.org.pl/judgments/108385
108331|2007-01-08|TK|Ts 141/06|Postanowienie|80|https://www.saos.org.pl/judgments/108331
108320|2007-01-08|TK|Ts 126/06|Postanowienie|80|https://www.saos.org.pl/judgments/108320
108415|2007-01-03|TK|Ts 243/06|Postanowienie|80|https://www.saos.org.pl/judgments/108415
107954|2006-12-19|TK|Ts 198/06|Postanowienie|80|https://www.saos.org.pl/judgments/107954
107938|2006-12-12|TK|Ts 190/06|Postanowienie|80|https://www.saos.org.pl/judgments/107938
107976|2006-12-07|TK|Ts 216/05|Postanowienie|80|https://www.saos.org.pl/judgments/107976
107988|2006-12-06|TK|Ts 260/06|Postanowienie|80|https://www.saos.org.pl/judgments/107988
107981|2006-12-06|TK|Ts 218/06|Postanowienie|80|https://www.saos.org.pl/judgments/107981
107765|2006-12-06|TK|Ts 39/06|Postanowienie|80|https://www.saos.org.pl/judgments/107765
107916|2006-11-30|TK|Ts 177/05|Postanowienie|80|https://www.saos.org.pl/judgments/107916
107859|2006-11-29|TK|Ts 134/06|Postanowienie|80|https://www.saos.org.pl/judgments/107859
107895|2006-11-23|TK|Ts 163/06|Postanowienie|80|https://www.saos.org.pl/judgments/107895
107881|2006-11-22|TK|Ts 150/06|Postanowienie|80|https://www.saos.org.pl/judgments/107881
107911|2006-11-21|TK|Ts 175/06|Postanowienie|80|https://www.saos.org.pl/judgments/107911
107898|2006-11-21|TK|Ts 166/06|Postanowienie|80|https://www.saos.org.pl/judgments/107898
107810|2006-11-21|TK|Ts 83/06|Postanowienie|80|https://www.saos.org.pl/judgments/107810
107735|2006-11-21|TK|SK 61/05|Postanowienie|80|https://www.saos.org.pl/judgments/107735
107734|2006-11-21|TK|SK 34/05|Postanowienie|80|https://www.saos.org.pl/judgments/107734
107683|2006-11-21|TK|SK 33/04|Postanowienie|80|https://www.saos.org.pl/judgments/107683
107818|2006-11-20|TK|Ts 89/06|Postanowienie|80|https://www.saos.org.pl/judgments/107818
107798|2006-11-20|TK|Ts 69/05|Postanowienie|80|https://www.saos.org.pl/judgments/107798
107984|2006-11-16|TK|Ts 230/06|Postanowienie|80|https://www.saos.org.pl/judgments/107984
107882|2006-11-15|TK|Ts 151/06|Postanowienie|80|https://www.saos.org.pl/judgments/107882
107802|2006-11-13|TK|Ts 76/06|Postanowienie|80|https://www.saos.org.pl/judgments/107802
107804|2006-11-09|TK|Ts 79/06|Postanowienie|80|https://www.saos.org.pl/judgments/107804
107985|2006-11-07|TK|Ts 240/06|Postanowienie|80|https://www.saos.org.pl/judgments/107985
108016|2006-11-03|TK|Tw 18/06|Postanowienie|80|https://www.saos.org.pl/judgments/108016
107997|2006-11-03|TK|Tw 5/05|Postanowienie|80|https://www.saos.org.pl/judgments/107997
107909|2006-11-03|TK|Ts 174/05|Postanowienie|80|https://www.saos.org.pl/judgments/107909
107907|2006-11-03|TK|Ts 173/05|Postanowienie|80|https://www.saos.org.pl/judgments/107907
107843|2006-11-03|TK|Ts 114/06|Postanowienie|80|https://www.saos.org.pl/judgments/107843
107823|2006-11-03|TK|Ts 93/06|Postanowienie|80|https://www.saos.org.pl/judgments/107823
107699|2006-11-02|TK|SK 42/04|Postanowienie|80|https://www.saos.org.pl/judgments/107699
107855|2006-10-31|TK|Ts 129/06|Postanowienie|80|https://www.saos.org.pl/judgments/107855
107817|2006-10-31|TK|Ts 89/05|Postanowienie|80|https://www.saos.org.pl/judgments/107817
206199|2006-10-30|TK|S 3/06|Postanowienie|80|https://www.saos.org.pl/judgments/206199
107947|2006-10-30|TK|Ts 194/06|Postanowienie|80|https://www.saos.org.pl/judgments/107947
107825|2006-10-30|TK|Ts 96/06|Postanowienie|80|https://www.saos.org.pl/judgments/107825
107800|2006-10-30|TK|Ts 74/06|Postanowienie|80|https://www.saos.org.pl/judgments/107800
107815|2006-10-25|TK|Ts 87/06|Postanowienie|80|https://www.saos.org.pl/judgments/107815
107799|2006-10-25|TK|Ts 71/06|Postanowienie|80|https://www.saos.org.pl/judgments/107799
107931|2006-10-24|TK|Ts 187/06|Postanowienie|80|https://www.saos.org.pl/judgments/107931
107914|2006-10-24|TK|Ts 176/05|Postanowienie|80|https://www.saos.org.pl/judgments/107914
107889|2006-10-24|TK|Ts 158/06|Postanowienie|80|https://www.saos.org.pl/judgments/107889
107727|2006-10-24|TK|SK 65/05|Postanowienie|80|https://www.saos.org.pl/judgments/107727
107678|2006-10-24|TK|SK 27/06|Postanowienie|80|https://www.saos.org.pl/judgments/107678
107654|2006-10-24|TK|SK 2/06|Postanowienie|80|https://www.saos.org.pl/judgments/107654
107774|2006-10-23|TK|Ts 47/05|Postanowienie|80|https://www.saos.org.pl/judgments/107774
107728|2006-10-23|TK|SK 66/05|Postanowienie|80|https://www.saos.org.pl/judgments/107728
107838|2006-10-18|TK|Ts 110/05|Postanowienie|80|https://www.saos.org.pl/judgments/107838
107854|2006-10-17|TK|Ts 128/06|Postanowienie|80|https://www.saos.org.pl/judgments/107854
107929|2006-10-16|TK|Ts 186/06|Postanowienie|80|https://www.saos.org.pl/judgments/107929
107927|2006-10-16|TK|Ts 185/06|Postanowienie|80|https://www.saos.org.pl/judgments/107927
107926|2006-10-16|TK|Ts 184/06|Postanowienie|80|https://www.saos.org.pl/judgments/107926
107925|2006-10-16|TK|Ts 183/06|Postanowienie|80|https://www.saos.org.pl/judgments/107925
107888|2006-10-16|TK|Ts 157/06|Postanowienie|80|https://www.saos.org.pl/judgments/107888
107785|2006-10-16|TK|Ts 59/06|Postanowienie|80|https://www.saos.org.pl/judgments/107785
107869|2006-10-13|TK|Ts 143/05|Postanowienie|80|https://www.saos.org.pl/judgments/107869
107965|2006-10-12|TK|Ts 205/05|Postanowienie|80|https://www.saos.org.pl/judgments/107965
107811|2006-10-12|TK|Ts 85/06|Postanowienie|80|https://www.saos.org.pl/judgments/107811
107967|2006-10-11|TK|Ts 206/05|Postanowienie|80|https://www.saos.org.pl/judgments/107967
107844|2006-10-11|TK|Ts 116/06|Postanowienie|80|https://www.saos.org.pl/judgments/107844
107918|2006-10-10|TK|Ts 178/06|Postanowienie|80|https://www.saos.org.pl/judgments/107918
107797|2006-10-10|TK|Ts 69/06|Postanowienie|80|https://www.saos.org.pl/judgments/107797
107768|2006-10-10|TK|Ts 44/06|Postanowienie|80|https://www.saos.org.pl/judgments/107768
107820|2006-10-09|TK|Ts 91/06|Postanowienie|80|https://www.saos.org.pl/judgments/107820
107824|2006-10-04|TK|Ts 94/05|Postanowienie|80|https://www.saos.org.pl/judgments/107824
107850|2006-10-03|TK|Ts 122/05|Postanowienie|80|https://www.saos.org.pl/judgments/107850
107807|2006-10-03|TK|Ts 80/06|Postanowienie|80|https://www.saos.org.pl/judgments/107807
107723|2006-10-03|TK|SK 61/05|Postanowienie|80|https://www.saos.org.pl/judgments/107723
107685|2006-10-03|TK|SK 34/05|Postanowienie|80|https://www.saos.org.pl/judgments/107685
107864|2006-09-29|TK|Ts 139/05|Postanowienie|80|https://www.saos.org.pl/judgments/107864
107935|2006-09-28|TK|Ts 188/05|Postanowienie|80|https://www.saos.org.pl/judgments/107935
107933|2006-09-28|TK|Ts 187/05|Postanowienie|80|https://www.saos.org.pl/judgments/107933
107849|2006-09-22|TK|Ts 120/05|Postanowienie|80|https://www.saos.org.pl/judgments/107849
107786|2006-09-21|TK|Ts 59/05|Postanowienie|80|https://www.saos.org.pl/judgments/107786
107675|2006-09-21|TK|SK 23/04|Postanowienie|80|https://www.saos.org.pl/judgments/107675
107664|2006-09-21|TK|SK 10/06|Postanowienie|80|https://www.saos.org.pl/judgments/107664
107607|2006-09-21|TK|K 39/05|Postanowienie|80|https://www.saos.org.pl/judgments/107607
107950|2006-09-20|TK|Ts 195/06|Postanowienie|80|https://www.saos.org.pl/judgments/107950
107775|2006-09-20|TK|Ts 48/06|Postanowienie|80|https://www.saos.org.pl/judgments/107775
107761|2006-09-18|TK|Ts 36/06|Postanowienie|80|https://www.saos.org.pl/judgments/107761
107767|2006-09-14|TK|Ts 43/06|Postanowienie|80|https://www.saos.org.pl/judgments/107767
107877|2006-09-13|TK|Ts 148/06|Postanowienie|80|https://www.saos.org.pl/judgments/107877
107773|2006-09-12|TK|Ts 47/06|Postanowienie|80|https://www.saos.org.pl/judgments/107773
107972|2006-09-11|TK|Ts 209/05|Postanowienie|80|https://www.saos.org.pl/judgments/107972
107834|2006-09-06|TK|Ts 103/05|Postanowienie|80|https://www.saos.org.pl/judgments/107834
107690|2006-09-06|TK|SK 35/06|Postanowienie|80|https://www.saos.org.pl/judgments/107690
107856|2006-09-05|TK|Ts 130/06|Postanowienie|80|https://www.saos.org.pl/judgments/107856
107739|2006-09-01|TK|Ts 3/06|Postanowienie|80|https://www.saos.org.pl/judgments/107739
107780|2006-08-30|TK|Ts 54/06|Postanowienie|80|https://www.saos.org.pl/judgments/107780
107758|2006-08-29|TK|Ts 34/06|Postanowienie|80|https://www.saos.org.pl/judgments/107758
107860|2006-08-28|TK|Ts 135/06|Postanowienie|80|https://www.saos.org.pl/judgments/107860
107816|2006-08-24|TK|Ts 89/06|Postanowienie|80|https://www.saos.org.pl/judgments/107816
107814|2006-07-28|TK|Ts 87/06|Postanowienie|80|https://www.saos.org.pl/judgments/107814
108008|2006-07-26|TK|Tw 13/05|Postanowienie|80|https://www.saos.org.pl/judgments/108008
107803|2006-07-26|TK|Ts 78/05|Postanowienie|80|https://www.saos.org.pl/judgments/107803
107885|2006-07-25|TK|Ts 152/05|Postanowienie|80|https://www.saos.org.pl/judgments/107885
107793|2006-07-25|TK|Ts 66/06|Postanowienie|80|https://www.saos.org.pl/judgments/107793
107660|2006-07-25|TK|SK 8/06|Postanowienie|80|https://www.saos.org.pl/judgments/107660
107829|2006-07-21|TK|Ts 98/05|Postanowienie|80|https://www.saos.org.pl/judgments/107829
107833|2006-07-20|TK|Ts 102/05|Postanowienie|80|https://www.saos.org.pl/judgments/107833
107903|2006-07-19|TK|Ts 171/05|Postanowienie|80|https://www.saos.org.pl/judgments/107903
107794|2006-07-19|TK|Ts 67/06|Postanowienie|80|https://www.saos.org.pl/judgments/107794
107862|2006-07-18|TK|Ts 136/05|Postanowienie|80|https://www.saos.org.pl/judgments/107862
107788|2006-07-06|TK|Ts 62/06|Postanowienie|80|https://www.saos.org.pl/judgments/107788
206203|2006-07-05|TK|Ts 105/05|Postanowienie|80|https://www.saos.org.pl/judgments/206203
107943|2006-07-05|TK|Ts 192/05|Postanowienie|80|https://www.saos.org.pl/judgments/107943
107915|2006-07-05|TK|Ts 177/05|Postanowienie|80|https://www.saos.org.pl/judgments/107915
107923|2006-06-29|TK|Ts 182/05|Postanowienie|80|https://www.saos.org.pl/judgments/107923
107900|2006-06-29|TK|Ts 168/05|Postanowienie|80|https://www.saos.org.pl/judgments/107900
107623|2006-06-28|TK|P 5/06|Postanowienie|80|https://www.saos.org.pl/judgments/107623
107945|2006-06-27|TK|Ts 193/05|Postanowienie|80|https://www.saos.org.pl/judgments/107945
107896|2006-06-27|TK|Ts 165/05|Postanowienie|80|https://www.saos.org.pl/judgments/107896
107764|2006-06-27|TK|Ts 39/06|Postanowienie|80|https://www.saos.org.pl/judgments/107764
107715|2006-06-26|TK|SK 55/05|Postanowienie|80|https://www.saos.org.pl/judgments/107715
107975|2006-06-21|TK|Ts 215/05|Postanowienie|80|https://www.saos.org.pl/judgments/107975
107760|2006-06-14|TK|Ts 35/06|Postanowienie|80|https://www.saos.org.pl/judgments/107760
107884|2006-05-31|TK|Ts 152/05|Postanowienie|80|https://www.saos.org.pl/judgments/107884
107960|2006-05-30|TK|Ts 202/04|Postanowienie|80|https://www.saos.org.pl/judgments/107960
107912|2006-05-24|TK|Ts 176/05|Postanowienie|80|https://www.saos.org.pl/judgments/107912
107847|2006-05-22|TK|Ts 118/05|Postanowienie|80|https://www.saos.org.pl/judgments/107847
107769|2006-05-10|TK|Ts 45/06|Postanowienie|80|https://www.saos.org.pl/judgments/107769
206204|2006-05-09|TK|Ts 153/05|Postanowienie|80|https://www.saos.org.pl/judgments/206204
107805|2006-05-09|TK|Ts 80/06|Postanowienie|80|https://www.saos.org.pl/judgments/107805
107737|2006-05-08|TK|Ts 1/06|Postanowienie|80|https://www.saos.org.pl/judgments/107737
107711|2006-05-04|TK|SK 53/05|Postanowienie|80|https://www.saos.org.pl/judgments/107711
107966|2006-04-25|TK|Ts 206/05|Postanowienie|80|https://www.saos.org.pl/judgments/107966
107784|2006-04-21|TK|Ts 58/06|Postanowienie|80|https://www.saos.org.pl/judgments/107784
107908|2006-04-20|TK|Ts 174/05|Postanowienie|80|https://www.saos.org.pl/judgments/107908
107906|2006-04-20|TK|Ts 173/05|Postanowienie|80|https://www.saos.org.pl/judgments/107906
107666|2006-04-19|TK|SK 12/05|Postanowienie|80|https://www.saos.org.pl/judgments/107666
107949|2006-04-10|TK|Ts 195/05|Postanowienie|80|https://www.saos.org.pl/judgments/107949
107796|2006-04-05|TK|Ts 69/05|Postanowienie|80|https://www.saos.org.pl/judgments/107796
107721|2006-04-05|TK|SK 59/05|Postanowienie|80|https://www.saos.org.pl/judgments/107721
107970|2006-04-03|TK|Ts 209/05|Postanowienie|80|https://www.saos.org.pl/judgments/107970
107738|2006-04-03|TK|Ts 3/06|Postanowienie|80|https://www.saos.org.pl/judgments/107738
206200|2006-03-30|TK|Ts 42/05|Postanowienie|80|https://www.saos.org.pl/judgments/206200
107819|2006-03-30|TK|Ts 90/05|Postanowienie|80|https://www.saos.org.pl/judgments/107819
107983|2006-03-28|TK|Ts 220/05|Postanowienie|80|https://www.saos.org.pl/judgments/107983
107684|2006-03-28|TK|SK 33/05|Postanowienie|80|https://www.saos.org.pl/judgments/107684
107791|2006-03-24|TK|Ts 64/05|Postanowienie|80|https://www.saos.org.pl/judgments/107791
107964|2006-03-21|TK|Ts 205/05|Postanowienie|80|https://www.saos.org.pl/judgments/107964
107852|2006-03-21|TK|Ts 125/05|Postanowienie|80|https://www.saos.org.pl/judgments/107852
107751|2006-03-21|TK|Ts 13/05|Postanowienie|80|https://www.saos.org.pl/judgments/107751
107720|2006-03-21|TK|SK 58/05|Postanowienie|80|https://www.saos.org.pl/judgments/107720
107657|2006-03-21|TK|SK 6/06|Postanowienie|80|https://www.saos.org.pl/judgments/107657
107942|2006-03-14|TK|Ts 192/05|Postanowienie|80|https://www.saos.org.pl/judgments/107942
107934|2006-03-07|TK|Ts 188/05|Postanowienie|80|https://www.saos.org.pl/judgments/107934
107930|2006-03-07|TK|Ts 187/05|Postanowienie|80|https://www.saos.org.pl/judgments/107930
107792|2006-03-07|TK|Ts 66/05|Postanowienie|80|https://www.saos.org.pl/judgments/107792
107980|2006-02-28|TK|Ts 218/05|Postanowienie|80|https://www.saos.org.pl/judgments/107980
107894|2006-02-23|TK|Ts 161/05|Postanowienie|80|https://www.saos.org.pl/judgments/107894
107944|2006-02-21|TK|Ts 193/05|Postanowienie|80|https://www.saos.org.pl/judgments/107944
107653|2006-02-21|TK|SK 1/05|Postanowienie|80|https://www.saos.org.pl/judgments/107653
107879|2006-02-15|TK|Ts 149/05|Postanowienie|80|https://www.saos.org.pl/judgments/107879
107828|2006-02-15|TK|Ts 98/05|Postanowienie|80|https://www.saos.org.pl/judgments/107828
107832|2006-02-14|TK|Ts 101/05|Postanowienie|80|https://www.saos.org.pl/judgments/107832
107863|2006-02-08|TK|Ts 139/05|Postanowienie|80|https://www.saos.org.pl/judgments/107863
107745|2006-02-08|TK|Ts 8/05|Postanowienie|80|https://www.saos.org.pl/judgments/107745
107901|2006-02-01|TK|Ts 169/05|Postanowienie|80|https://www.saos.org.pl/judgments/107901
206198|2006-01-25|TK|S 2/06|Postanowienie|80|https://www.saos.org.pl/judgments/206198
107920|2006-01-25|TK|Ts 179/05|Postanowienie|80|https://www.saos.org.pl/judgments/107920
107851|2006-01-25|TK|Ts 124/05|Postanowienie|80|https://www.saos.org.pl/judgments/107851
206202|2006-01-24|TK|Ts 105/05|Postanowienie|80|https://www.saos.org.pl/judgments/206202
107772|2006-01-24|TK|Ts 47/05|Postanowienie|80|https://www.saos.org.pl/judgments/107772
107781|2006-01-18|TK|Ts 55/05|Postanowienie|80|https://www.saos.org.pl/judgments/107781
108055|2006-01-17|TK|Ts 162/05|Postanowienie|80|https://www.saos.org.pl/judgments/108055
107910|2006-01-17|TK|Ts 175/05|Postanowienie|80|https://www.saos.org.pl/judgments/107910
107762|2006-01-11|TK|Ts 36/05|Postanowienie|80|https://www.saos.org.pl/judgments/107762
108007|2006-01-09|TK|Tw 13/05|Postanowienie|80|https://www.saos.org.pl/judgments/108007
107968|2006-01-09|TK|Ts 207/05|Postanowienie|80|https://www.saos.org.pl/judgments/107968
107431|2005-12-22|TK|Ts 143/05|Postanowienie|80|https://www.saos.org.pl/judgments/107431
107326|2005-12-14|TK|Ts 37/05|Postanowienie|80|https://www.saos.org.pl/judgments/107326
107396|2005-12-12|TK|Ts 112/05|Postanowienie|80|https://www.saos.org.pl/judgments/107396
107348|2005-12-07|TK|Ts 59/05|Postanowienie|80|https://www.saos.org.pl/judgments/107348
107332|2005-12-07|TK|Ts 44/05|Postanowienie|80|https://www.saos.org.pl/judgments/107332
107471|2005-11-30|TK|Ts 186/05|Postanowienie|80|https://www.saos.org.pl/judgments/107471
107424|2005-11-30|TK|Ts 137/05|Postanowienie|80|https://www.saos.org.pl/judgments/107424
107355|2005-11-30|TK|Ts 70/05|Postanowienie|80|https://www.saos.org.pl/judgments/107355
107219|2005-11-29|TK|P 10/05|Postanowienie|80|https://www.saos.org.pl/judgments/107219
107433|2005-11-28|TK|Ts 145/04|Postanowienie|80|https://www.saos.org.pl/judgments/107433
107422|2005-11-25|TK|Ts 136/05|Postanowienie|80|https://www.saos.org.pl/judgments/107422
206192|2005-11-23|TK|Ts 123/04|Postanowienie|80|https://www.saos.org.pl/judgments/206192
107494|2005-11-23|TK|Ts 208/04|Postanowienie|80|https://www.saos.org.pl/judgments/107494
107345|2005-11-23|TK|Ts 57/05|Postanowienie|80|https://www.saos.org.pl/judgments/107345
107329|2005-11-23|TK|Ts 40/05|Postanowienie|80|https://www.saos.org.pl/judgments/107329
107187|2005-11-23|TK|K 32/04|Postanowienie|80|https://www.saos.org.pl/judgments/107187
107452|2005-11-22|TK|Ts 161/05|Postanowienie|80|https://www.saos.org.pl/judgments/107452
107361|2005-11-22|TK|Ts 78/05|Postanowienie|80|https://www.saos.org.pl/judgments/107361
107485|2005-11-21|TK|Ts 201/04|Postanowienie|80|https://www.saos.org.pl/judgments/107485
107387|2005-11-16|TK|Ts 102/05|Postanowienie|80|https://www.saos.org.pl/judgments/107387
107181|2005-11-15|TK|K 29/05|Postanowienie|80|https://www.saos.org.pl/judgments/107181
107491|2005-11-09|TK|Ts 204/03|Postanowienie|80|https://www.saos.org.pl/judgments/107491
107462|2005-11-09|TK|Ts 171/05|Postanowienie|80|https://www.saos.org.pl/judgments/107462
107376|2005-11-09|TK|Ts 89/05|Postanowienie|80|https://www.saos.org.pl/judgments/107376
107386|2005-10-28|TK|Ts 101/05|Postanowienie|80|https://www.saos.org.pl/judgments/107386
107243|2005-10-26|TK|SK 11/03|Postanowienie|80|https://www.saos.org.pl/judgments/107243
107401|2005-10-25|TK|Ts 120/05|Postanowienie|80|https://www.saos.org.pl/judgments/107401
107188|2005-10-18|TK|K 33/04|Postanowienie|80|https://www.saos.org.pl/judgments/107188
107508|2005-10-04|TK|Tw 5/05|Postanowienie|80|https://www.saos.org.pl/judgments/107508
107328|2005-09-27|TK|Ts 40/05|Postanowienie|80|https://www.saos.org.pl/judgments/107328
107336|2005-09-22|TK|Ts 49/05|Postanowienie|80|https://www.saos.org.pl/judgments/107336
107288|2005-09-21|TK|SK 32/04|Postanowienie|80|https://www.saos.org.pl/judgments/107288
107497|2005-09-20|TK|Ts 211/04|Postanowienie|80|https://www.saos.org.pl/judgments/107497
107378|2005-09-13|TK|Ts 90/04|Postanowienie|80|https://www.saos.org.pl/judgments/107378
107377|2005-09-13|TK|Ts 90/05|Postanowienie|80|https://www.saos.org.pl/judgments/107377
107389|2005-09-12|TK|Ts 103/05|Postanowienie|80|https://www.saos.org.pl/judgments/107389
107537|2005-09-07|TK|Tw 31/05|Postanowienie|80|https://www.saos.org.pl/judgments/107537
107385|2005-09-07|TK|Ts 100/05|Postanowienie|80|https://www.saos.org.pl/judgments/107385
107381|2005-09-07|TK|Ts 94/05|Postanowienie|80|https://www.saos.org.pl/judgments/107381
107363|2005-09-07|TK|Ts 79/05|Postanowienie|80|https://www.saos.org.pl/judgments/107363
107320|2005-09-07|TK|Ts 33/05|Postanowienie|80|https://www.saos.org.pl/judgments/107320
107264|2005-07-19|TK|SK 37/04|Postanowienie|80|https://www.saos.org.pl/judgments/107264
107250|2005-07-19|TK|SK 22/04|Postanowienie|80|https://www.saos.org.pl/judgments/107250
107489|2005-07-18|TK|Ts 204/03|Postanowienie|80|https://www.saos.org.pl/judgments/107489
107417|2005-07-18|TK|Ts 132/04|Postanowienie|80|https://www.saos.org.pl/judgments/107417
107334|2005-07-18|TK|Ts 46/05|Postanowienie|80|https://www.saos.org.pl/judgments/107334
107522|2005-07-12|TK|Tw 18/05|Postanowienie|80|https://www.saos.org.pl/judgments/107522
107294|2005-07-12|TK|Ts 8/05|Postanowienie|80|https://www.saos.org.pl/judgments/107294
107344|2005-07-07|TK|Ts 57/05|Postanowienie|80|https://www.saos.org.pl/judgments/107344
107342|2005-07-06|TK|Ts 56/04|Postanowienie|80|https://www.saos.org.pl/judgments/107342
107260|2005-07-06|TK|SK 27/04|Postanowienie|80|https://www.saos.org.pl/judgments/107260
107459|2005-07-05|TK|Ts 167/04|Postanowienie|80|https://www.saos.org.pl/judgments/107459
107445|2005-07-05|TK|Ts 155/04|Postanowienie|80|https://www.saos.org.pl/judgments/107445
107357|2005-07-05|TK|Ts 73/05|Postanowienie|80|https://www.saos.org.pl/judgments/107357
107472|2005-06-28|TK|Ts 186/04|Postanowienie|80|https://www.saos.org.pl/judgments/107472
107496|2005-06-23|TK|Ts 211/04|Postanowienie|80|https://www.saos.org.pl/judgments/107496
107196|2005-06-22|TK|K 42/04|Postanowienie|80|https://www.saos.org.pl/judgments/107196
107325|2005-06-21|TK|Ts 37/05|Postanowienie|80|https://www.saos.org.pl/judgments/107325
107274|2005-06-20|TK|SK 47/04|Postanowienie|80|https://www.saos.org.pl/judgments/107274
107251|2005-06-13|TK|SK 24/03|Postanowienie|80|https://www.saos.org.pl/judgments/107251
107316|2005-06-07|TK|Ts 30/05|Postanowienie|80|https://www.saos.org.pl/judgments/107316
107265|2005-06-07|TK|SK 38/04|Postanowienie|80|https://www.saos.org.pl/judgments/107265
107341|2005-06-01|TK|Ts 54/05|Postanowienie|80|https://www.saos.org.pl/judgments/107341
107333|2005-06-01|TK|Ts 45/05|Postanowienie|80|https://www.saos.org.pl/judgments/107333
107319|2005-06-01|TK|Ts 33/05|Postanowienie|80|https://www.saos.org.pl/judgments/107319
107299|2005-06-01|TK|Ts 13/05|Postanowienie|80|https://www.saos.org.pl/judgments/107299
107280|2005-06-01|TK|SK 52/03|Postanowienie|80|https://www.saos.org.pl/judgments/107280
107397|2005-05-31|TK|Ts 112/04|Postanowienie|80|https://www.saos.org.pl/judgments/107397
107324|2005-05-31|TK|Ts 36/05|Postanowienie|80|https://www.saos.org.pl/judgments/107324
107283|2005-05-31|TK|SK 59/03|Postanowienie|80|https://www.saos.org.pl/judgments/107283
107383|2005-05-24|TK|Ts 95/04|Postanowienie|80|https://www.saos.org.pl/judgments/107383
107278|2005-05-24|TK|SK 50/04|Postanowienie|80|https://www.saos.org.pl/judgments/107278
107241|2005-05-24|TK|SK 9/04|Postanowienie|80|https://www.saos.org.pl/judgments/107241
107442|2005-05-19|TK|Ts 153/04|Postanowienie|80|https://www.saos.org.pl/judgments/107442
107484|2005-05-17|TK|Ts 201/04|Postanowienie|80|https://www.saos.org.pl/judgments/107484
107434|2005-05-17|TK|Ts 146/04|Postanowienie|80|https://www.saos.org.pl/judgments/107434
107408|2005-05-16|TK|Ts 127/04|Postanowienie|80|https://www.saos.org.pl/judgments/107408
107461|2005-05-13|TK|Ts 170/04|Postanowienie|80|https://www.saos.org.pl/judgments/107461
107393|2005-05-11|TK|Ts 105/04|Postanowienie|80|https://www.saos.org.pl/judgments/107393
107273|2005-05-10|TK|SK 46/03|Postanowienie|80|https://www.saos.org.pl/judgments/107273
107340|2005-05-09|TK|Ts 52/05|Postanowienie|80|https://www.saos.org.pl/judgments/107340
107331|2005-05-06|TK|Ts 42/05|Postanowienie|80|https://www.saos.org.pl/judgments/107331
107473|2005-04-28|TK|Ts 187/04|Postanowienie|80|https://www.saos.org.pl/judgments/107473
107327|2005-04-21|TK|Ts 39/05|Postanowienie|80|https://www.saos.org.pl/judgments/107327
107269|2005-04-20|TK|SK 40/02|Postanowienie|80|https://www.saos.org.pl/judgments/107269
107466|2005-04-18|TK|Ts 176/04|Postanowienie|80|https://www.saos.org.pl/judgments/107466
107456|2005-04-18|TK|Ts 164/04|Postanowienie|80|https://www.saos.org.pl/judgments/107456
107391|2005-04-13|TK|Ts 104/04|Postanowienie|80|https://www.saos.org.pl/judgments/107391
107276|2005-04-11|TK|SK 48/04|Postanowienie|80|https://www.saos.org.pl/judgments/107276
107460|2005-03-22|TK|Ts 168/04|Postanowienie|80|https://www.saos.org.pl/judgments/107460
107444|2005-03-22|TK|Ts 154/04|Postanowienie|80|https://www.saos.org.pl/judgments/107444
107425|2005-03-22|TK|Ts 138/04|Postanowienie|80|https://www.saos.org.pl/judgments/107425
107375|2005-03-22|TK|Ts 88/04|Postanowienie|80|https://www.saos.org.pl/judgments/107375
107221|2005-03-21|TK|P 11/04|Postanowienie|80|https://www.saos.org.pl/judgments/107221
107495|2005-03-16|TK|Ts 210/04|Postanowienie|80|https://www.saos.org.pl/judgments/107495
107483|2005-03-15|TK|Ts 199/04|Postanowienie|80|https://www.saos.org.pl/judgments/107483
107486|2005-03-07|TK|Ts 202/04|Postanowienie|80|https://www.saos.org.pl/judgments/107486
107360|2005-03-07|TK|Ts 77/04|Postanowienie|80|https://www.saos.org.pl/judgments/107360
107314|2005-03-02|TK|Ts 29/04|Postanowienie|80|https://www.saos.org.pl/judgments/107314
107458|2005-02-23|TK|Ts 166/04|Postanowienie|80|https://www.saos.org.pl/judgments/107458
107323|2005-02-23|TK|Ts 35/04|Postanowienie|80|https://www.saos.org.pl/judgments/107323
107415|2005-02-22|TK|Ts 132/04|Postanowienie|80|https://www.saos.org.pl/judgments/107415
107560|2005-02-21|TK|Tw 51/04|Postanowienie|80|https://www.saos.org.pl/judgments/107560
107317|2005-01-19|TK|Ts 30/04|Postanowienie|80|https://www.saos.org.pl/judgments/107317
107455|2005-01-18|TK|Ts 164/04|Postanowienie|80|https://www.saos.org.pl/judgments/107455
107451|2005-01-18|TK|Ts 160/04|Postanowienie|80|https://www.saos.org.pl/judgments/107451
107443|2005-01-18|TK|Ts 154/04|Postanowienie|80|https://www.saos.org.pl/judgments/107443
107429|2005-01-18|TK|Ts 140/04|Postanowienie|80|https://www.saos.org.pl/judgments/107429
107453|2005-01-11|TK|Ts 161/04|Postanowienie|80|https://www.saos.org.pl/judgments/107453
107432|2005-01-10|TK|Ts 145/04|Postanowienie|80|https://www.saos.org.pl/judgments/107432
107026|2004-12-22|TK|Ts 167/04|Postanowienie|80|https://www.saos.org.pl/judgments/107026
107153|2004-12-15|TK|Ts 127/04|Postanowienie|80|https://www.saos.org.pl/judgments/107153
106831|2004-12-14|TK|Ts 26/04|Postanowienie|80|https://www.saos.org.pl/judgments/106831
106768|2004-12-14|TK|SK 29/03|Postanowienie|80|https://www.saos.org.pl/judgments/106768
106766|2004-12-14|TK|SK 26/02|Postanowienie|80|https://www.saos.org.pl/judgments/106766
106748|2004-12-14|TK|P 32/02|Postanowienie|80|https://www.saos.org.pl/judgments/106748
107029|2004-12-08|TK|Ts 169/04|Postanowienie|80|https://www.saos.org.pl/judgments/107029
106899|2004-12-08|TK|Ts 75/04|Postanowienie|80|https://www.saos.org.pl/judgments/106899
106862|2004-11-24|TK|Ts 48/04|Postanowienie|80|https://www.saos.org.pl/judgments/106862
107017|2004-11-23|TK|Ts 161/04|Postanowienie|80|https://www.saos.org.pl/judgments/107017
107015|2004-11-23|TK|Ts 160/04|Postanowienie|80|https://www.saos.org.pl/judgments/107015
106948|2004-11-23|TK|Ts 108/04|Postanowienie|80|https://www.saos.org.pl/judgments/106948
106943|2004-11-23|TK|Ts 104/04|Postanowienie|80|https://www.saos.org.pl/judgments/106943
106788|2004-11-17|TK|SK 54/03|Postanowienie|80|https://www.saos.org.pl/judgments/106788
107152|2004-11-16|TK|Ts 123/04|Postanowienie|80|https://www.saos.org.pl/judgments/107152
106990|2004-11-16|TK|Ts 137/04|Postanowienie|80|https://www.saos.org.pl/judgments/106990
106921|2004-11-16|TK|Ts 90/04|Postanowienie|80|https://www.saos.org.pl/judgments/106921
107023|2004-11-03|TK|Ts 165/04|Postanowienie|80|https://www.saos.org.pl/judgments/107023
106980|2004-11-03|TK|Ts 130/04|Postanowienie|80|https://www.saos.org.pl/judgments/106980
206184|2004-10-20|TK|Ts 106/03|Postanowienie|80|https://www.saos.org.pl/judgments/206184
106971|2004-10-18|TK|Ts 122/04|Postanowienie|80|https://www.saos.org.pl/judgments/106971
106916|2004-10-18|TK|Ts 85/04|Postanowienie|80|https://www.saos.org.pl/judgments/106916
106844|2004-10-12|TK|Ts 35/04|Postanowienie|80|https://www.saos.org.pl/judgments/106844
107068|2004-10-06|TK|Ts 200/03|Postanowienie|80|https://www.saos.org.pl/judgments/107068
106759|2004-10-06|TK|SK 16/03|Postanowienie|80|https://www.saos.org.pl/judgments/106759
106995|2004-10-05|TK|Ts 140/04|Postanowienie|80|https://www.saos.org.pl/judgments/106995
106955|2004-09-29|TK|Ts 112/04|Postanowienie|80|https://www.saos.org.pl/judgments/106955
106935|2004-09-29|TK|Ts 99/04|Postanowienie|80|https://www.saos.org.pl/judgments/106935
106932|2004-09-29|TK|Ts 96/04|Postanowienie|80|https://www.saos.org.pl/judgments/106932
107020|2004-09-28|TK|Ts 162/04|Postanowienie|80|https://www.saos.org.pl/judgments/107020
106851|2004-09-28|TK|Ts 38/04|Postanowienie|80|https://www.saos.org.pl/judgments/106851
106944|2004-09-22|TK|Ts 105/04|Postanowienie|80|https://www.saos.org.pl/judgments/106944
106897|2004-09-22|TK|Ts 75/04|Postanowienie|80|https://www.saos.org.pl/judgments/106897
107010|2004-09-21|TK|Ts 153/04|Postanowienie|80|https://www.saos.org.pl/judgments/107010
107072|2004-09-08|TK|Ts 203/03|Postanowienie|80|https://www.saos.org.pl/judgments/107072
106789|2004-09-08|TK|SK 55/03|Postanowienie|80|https://www.saos.org.pl/judgments/106789
106930|2004-09-07|TK|Ts 95/04|Postanowienie|80|https://www.saos.org.pl/judgments/106930
107002|2004-09-06|TK|Ts 144/04|Postanowienie|80|https://www.saos.org.pl/judgments/107002
106960|2004-09-06|TK|Ts 116/04|Postanowienie|80|https://www.saos.org.pl/judgments/106960
106859|2004-09-06|TK|Ts 44/04|Postanowienie|80|https://www.saos.org.pl/judgments/106859
106835|2004-09-06|TK|Ts 29/04|Postanowienie|80|https://www.saos.org.pl/judgments/106835
106740|2004-09-01|TK|P 17/02|Postanowienie|80|https://www.saos.org.pl/judgments/106740
106845|2004-08-17|TK|Ts 36/04|Postanowienie|80|https://www.saos.org.pl/judgments/106845
106918|2004-08-05|TK|Ts 88/04|Postanowienie|80|https://www.saos.org.pl/judgments/106918
106830|2004-07-26|TK|Ts 26/04|Postanowienie|80|https://www.saos.org.pl/judgments/106830
106988|2004-07-21|TK|Ts 136/03|Postanowienie|80|https://www.saos.org.pl/judgments/106988
106961|2004-07-20|TK|Ts 116/03|Postanowienie|80|https://www.saos.org.pl/judgments/106961
106861|2004-07-20|TK|Ts 48/04|Postanowienie|80|https://www.saos.org.pl/judgments/106861
106813|2004-07-15|TK|Ts 11/04|Postanowienie|80|https://www.saos.org.pl/judgments/106813
106912|2004-07-14|TK|Ts 82/03|Postanowienie|80|https://www.saos.org.pl/judgments/106912
106849|2004-07-13|TK|Ts 38/04|Postanowienie|80|https://www.saos.org.pl/judgments/106849
106840|2004-07-12|TK|Ts 32/03|Postanowienie|80|https://www.saos.org.pl/judgments/106840
106967|2004-07-07|TK|Ts 119/03|Postanowienie|80|https://www.saos.org.pl/judgments/106967
106876|2004-07-06|TK|Ts 59/03|Postanowienie|80|https://www.saos.org.pl/judgments/106876
106793|2004-07-06|TK|SK 6/03|Postanowienie|80|https://www.saos.org.pl/judgments/106793
106786|2004-07-06|TK|SK 47/03|Postanowienie|80|https://www.saos.org.pl/judgments/106786
106974|2004-06-29|TK|Ts 124/03|Postanowienie|80|https://www.saos.org.pl/judgments/106974
107067|2004-06-04|TK|Ts 200/03|Postanowienie|80|https://www.saos.org.pl/judgments/107067
106913|2004-06-03|TK|Ts 83/04|Postanowienie|80|https://www.saos.org.pl/judgments/106913
106911|2004-06-03|TK|Ts 82/04|Postanowienie|80|https://www.saos.org.pl/judgments/106911
106908|2004-06-03|TK|Ts 81/04|Postanowienie|80|https://www.saos.org.pl/judgments/106908
106905|2004-06-03|TK|Ts 80/04|Postanowienie|80|https://www.saos.org.pl/judgments/106905
106904|2004-06-03|TK|Ts 79/04|Postanowienie|80|https://www.saos.org.pl/judgments/106904
106866|2004-06-03|TK|Ts 51/04|Postanowienie|80|https://www.saos.org.pl/judgments/106866
106864|2004-06-03|TK|Ts 50/04|Postanowienie|80|https://www.saos.org.pl/judgments/106864
106863|2004-06-03|TK|Ts 49/04|Postanowienie|80|https://www.saos.org.pl/judgments/106863
106857|2004-06-03|TK|Ts 43/04|Postanowienie|80|https://www.saos.org.pl/judgments/106857
106856|2004-06-03|TK|Ts 42/04|Postanowienie|80|https://www.saos.org.pl/judgments/106856
106855|2004-06-03|TK|Ts 41/04|Postanowienie|80|https://www.saos.org.pl/judgments/106855
106854|2004-06-03|TK|Ts 40/04|Postanowienie|80|https://www.saos.org.pl/judgments/106854
107054|2004-06-01|TK|Ts 185/03|Postanowienie|80|https://www.saos.org.pl/judgments/107054
106991|2004-05-19|TK|Ts 137/03|Postanowienie|80|https://www.saos.org.pl/judgments/106991
106725|2004-05-19|TK|K 42/02|Postanowienie|80|https://www.saos.org.pl/judgments/106725
107049|2004-05-18|TK|Ts 182/03|Postanowienie|80|https://www.saos.org.pl/judgments/107049
107045|2004-05-18|TK|Ts 178/03|Postanowienie|80|https://www.saos.org.pl/judgments/107045
107011|2004-05-05|TK|Ts 156/03|Postanowienie|80|https://www.saos.org.pl/judgments/107011
107014|2004-05-04|TK|Ts 159/03|Postanowienie|80|https://www.saos.org.pl/judgments/107014
106837|2004-05-04|TK|Ts 30/04|Postanowienie|80|https://www.saos.org.pl/judgments/106837
107074|2004-04-27|TK|Ts 208/03|Postanowienie|80|https://www.saos.org.pl/judgments/107074
106867|2004-04-27|TK|Ts 51/03|Postanowienie|80|https://www.saos.org.pl/judgments/106867
106739|2004-04-27|TK|P 16/03|Postanowienie|80|https://www.saos.org.pl/judgments/106739
106879|2004-04-21|TK|Ts 62/03|Postanowienie|80|https://www.saos.org.pl/judgments/106879
106821|2004-04-19|TK|Ts 18/04|Postanowienie|80|https://www.saos.org.pl/judgments/106821
106775|2004-04-14|TK|SK 32/01|Postanowienie|80|https://www.saos.org.pl/judgments/106775
106909|2004-04-06|TK|Ts 81/03|Postanowienie|80|https://www.saos.org.pl/judgments/106909
106989|2004-04-05|TK|Ts 137/02|Postanowienie|80|https://www.saos.org.pl/judgments/106989
106994|2004-03-31|TK|Ts 139/03|Postanowienie|80|https://www.saos.org.pl/judgments/106994
106898|2004-03-31|TK|Ts 75/03|Postanowienie|80|https://www.saos.org.pl/judgments/106898
106888|2004-03-31|TK|Ts 69/03|Postanowienie|80|https://www.saos.org.pl/judgments/106888
107069|2004-03-30|TK|Ts 201/03|Postanowienie|80|https://www.saos.org.pl/judgments/107069
106812|2004-03-30|TK|Ts 11/04|Postanowienie|80|https://www.saos.org.pl/judgments/106812
107055|2004-03-24|TK|Ts 186/03|Postanowienie|80|https://www.saos.org.pl/judgments/107055
106850|2004-03-24|TK|Ts 38/03|Postanowienie|80|https://www.saos.org.pl/judgments/106850
106836|2004-03-24|TK|Ts 29/03|Postanowienie|80|https://www.saos.org.pl/judgments/106836
107071|2004-03-22|TK|Ts 203/03|Postanowienie|80|https://www.saos.org.pl/judgments/107071
106910|2004-03-16|TK|Ts 82/03|Postanowienie|80|https://www.saos.org.pl/judgments/106910
106874|2004-03-10|TK|Ts 59/03|Postanowienie|80|https://www.saos.org.pl/judgments/106874
106965|2004-03-09|TK|Ts 118/03|Postanowienie|80|https://www.saos.org.pl/judgments/106965
106919|2004-03-09|TK|Ts 88/03|Postanowienie|80|https://www.saos.org.pl/judgments/106919
106847|2004-03-03|TK|Ts 37/03|Postanowienie|80|https://www.saos.org.pl/judgments/106847
206183|2004-03-02|TK|S 1/04|Postanowienie|80|https://www.saos.org.pl/judgments/206183
106952|2004-03-02|TK|Ts 110/03|Postanowienie|80|https://www.saos.org.pl/judgments/106952
106986|2004-02-27|TK|Ts 136/03|Postanowienie|80|https://www.saos.org.pl/judgments/106986
106966|2004-02-26|TK|Ts 119/03|Postanowienie|80|https://www.saos.org.pl/judgments/106966
106734|2004-02-24|TK|P 5/03|Postanowienie|80|https://www.saos.org.pl/judgments/106734
107053|2004-02-23|TK|Ts 185/03|Postanowienie|80|https://www.saos.org.pl/judgments/107053
106939|2004-02-17|TK|Ts 100/03|Postanowienie|80|https://www.saos.org.pl/judgments/106939
107047|2004-02-16|TK|Ts 181/03|Postanowienie|80|https://www.saos.org.pl/judgments/107047
107042|2004-02-16|TK|Ts 177/03|Postanowienie|80|https://www.saos.org.pl/judgments/107042
107041|2004-02-16|TK|Ts 176/03|Postanowienie|80|https://www.saos.org.pl/judgments/107041
107039|2004-02-16|TK|Ts 175/03|Postanowienie|80|https://www.saos.org.pl/judgments/107039
107034|2004-02-16|TK|Ts 173/03|Postanowienie|80|https://www.saos.org.pl/judgments/107034
106883|2004-02-04|TK|Ts 64/03|Postanowienie|80|https://www.saos.org.pl/judgments/106883
106794|2004-02-03|TK|SK 18/03|Postanowienie|80|https://www.saos.org.pl/judgments/106794
106755|2004-02-03|TK|SK 12/02|Postanowienie|80|https://www.saos.org.pl/judgments/106755
107139|2004-01-28|TK|Tw 74/02|Postanowienie|80|https://www.saos.org.pl/judgments/107139
106973|2004-01-26|TK|Ts 124/03|Postanowienie|80|https://www.saos.org.pl/judgments/106973
106865|2004-01-14|TK|Ts 50/03|Postanowienie|80|https://www.saos.org.pl/judgments/106865
107048|2004-01-12|TK|Ts 182/03|Postanowienie|80|https://www.saos.org.pl/judgments/107048
106771|2004-01-07|TK|SK 31/02|Postanowienie|80|https://www.saos.org.pl/judgments/106771
106937|2004-01-06|TK|Ts 100/03|Postanowienie|80|https://www.saos.org.pl/judgments/106937
106934|2004-01-06|TK|Ts 97/03|Postanowienie|80|https://www.saos.org.pl/judgments/106934
106907|2004-01-06|TK|Ts 81/03|Postanowienie|80|https://www.saos.org.pl/judgments/106907
107043|2004-01-05|TK|Ts 178/03|Postanowienie|80|https://www.saos.org.pl/judgments/107043
107009|2004-01-05|TK|Ts 153/03|Postanowienie|80|https://www.saos.org.pl/judgments/107009
106962|2004-01-05|TK|Ts 117/03|Postanowienie|80|https://www.saos.org.pl/judgments/106962
206168|2003-12-29|TK|Ts 106/03|Postanowienie|80|https://www.saos.org.pl/judgments/206168
106606|2003-12-29|TK|Ts 156/03|Postanowienie|80|https://www.saos.org.pl/judgments/106606
106565|2003-12-29|TK|Ts 137/03|Postanowienie|80|https://www.saos.org.pl/judgments/106565
106639|2003-12-17|TK|Ts 191/02|Postanowienie|80|https://www.saos.org.pl/judgments/106639
106532|2003-12-16|TK|Ts 111/03|Postanowienie|80|https://www.saos.org.pl/judgments/106532
106612|2003-12-15|TK|Ts 159/03|Postanowienie|80|https://www.saos.org.pl/judgments/106612
106604|2003-12-15|TK|Ts 155/03|Postanowienie|80|https://www.saos.org.pl/judgments/106604
106601|2003-12-15|TK|Ts 154/03|Postanowienie|80|https://www.saos.org.pl/judgments/106601
106598|2003-12-15|TK|Ts 152/03|Postanowienie|80|https://www.saos.org.pl/judgments/106598
106596|2003-12-15|TK|Ts 151/03|Postanowienie|80|https://www.saos.org.pl/judgments/106596
106588|2003-12-15|TK|Ts 147/03|Postanowienie|80|https://www.saos.org.pl/judgments/106588
106568|2003-12-15|TK|Ts 139/03|Postanowienie|80|https://www.saos.org.pl/judgments/106568
106504|2003-12-09|TK|Ts 91/03|Postanowienie|80|https://www.saos.org.pl/judgments/106504
106630|2003-12-08|TK|Ts 184/03|Postanowienie|80|https://www.saos.org.pl/judgments/106630
106471|2003-11-26|TK|Ts 66/03|Postanowienie|80|https://www.saos.org.pl/judgments/106471
106629|2003-11-19|TK|Ts 176/02|Postanowienie|80|https://www.saos.org.pl/judgments/106629
106317|2003-11-18|TK|K 5/02|Postanowienie|80|https://www.saos.org.pl/judgments/106317
106517|2003-11-12|TK|Ts 101/03|Postanowienie|80|https://www.saos.org.pl/judgments/106517
106441|2003-11-12|TK|Ts 41/03|Postanowienie|80|https://www.saos.org.pl/judgments/106441
106433|2003-11-12|TK|Ts 32/03|Postanowienie|80|https://www.saos.org.pl/judgments/106433
106590|2003-11-05|TK|Ts 148/02|Postanowienie|80|https://www.saos.org.pl/judgments/106590
106538|2003-11-05|TK|Ts 118/03|Postanowienie|80|https://www.saos.org.pl/judgments/106538
106531|2003-10-22|TK|Ts 111/02|Postanowienie|80|https://www.saos.org.pl/judgments/106531
106367|2003-10-22|TK|P 21/02|Postanowienie|80|https://www.saos.org.pl/judgments/106367
106498|2003-10-21|TK|Ts 88/03|Postanowienie|80|https://www.saos.org.pl/judgments/106498
106535|2003-10-16|TK|Ts 116/03|Postanowienie|80|https://www.saos.org.pl/judgments/106535
106453|2003-10-10|TK|Ts 50/03|Postanowienie|80|https://www.saos.org.pl/judgments/106453
106507|2003-10-02|TK|Ts 93/03|Postanowienie|80|https://www.saos.org.pl/judgments/106507
106466|2003-09-26|TK|Ts 62/03|Postanowienie|80|https://www.saos.org.pl/judgments/106466
106533|2003-09-22|TK|Ts 113/03|Postanowienie|80|https://www.saos.org.pl/judgments/106533
106520|2003-09-18|TK|Ts 105/03|Postanowienie|80|https://www.saos.org.pl/judgments/106520
106508|2003-09-17|TK|Ts 93/02|Postanowienie|80|https://www.saos.org.pl/judgments/106508
106516|2003-09-03|TK|Ts 101/03|Postanowienie|80|https://www.saos.org.pl/judgments/106516
106467|2003-09-03|TK|Ts 64/03|Postanowienie|80|https://www.saos.org.pl/judgments/106467
106462|2003-08-08|TK|Ts 57/03|Postanowienie|80|https://www.saos.org.pl/judgments/106462
106503|2003-08-04|TK|Ts 91/03|Postanowienie|80|https://www.saos.org.pl/judgments/106503
106436|2003-07-29|TK|Ts 37/03|Postanowienie|80|https://www.saos.org.pl/judgments/106436
106369|2003-07-28|TK|P 26/02|Postanowienie|80|https://www.saos.org.pl/judgments/106369
106594|2003-07-23|TK|Ts 150/02|Postanowienie|80|https://www.saos.org.pl/judgments/106594
106623|2003-07-17|TK|Ts 170/02|Postanowienie|80|https://www.saos.org.pl/judgments/106623
106608|2003-07-17|TK|Ts 157/02|Postanowienie|80|https://www.saos.org.pl/judgments/106608
106530|2003-07-17|TK|Ts 111/03|Postanowienie|80|https://www.saos.org.pl/judgments/106530
106572|2003-07-08|TK|Ts 140/02|Postanowienie|80|https://www.saos.org.pl/judgments/106572
106679|2003-07-07|TK|Tw 74/02|Postanowienie|80|https://www.saos.org.pl/judgments/106679
106484|2003-07-07|TK|Ts 75/03|Postanowienie|80|https://www.saos.org.pl/judgments/106484
106417|2003-07-04|TK|Ts 17/03|Postanowienie|80|https://www.saos.org.pl/judgments/106417
106555|2003-07-02|TK|Ts 128/02|Postanowienie|80|https://www.saos.org.pl/judgments/106555
106470|2003-07-01|TK|Ts 66/03|Postanowienie|80|https://www.saos.org.pl/judgments/106470
106476|2003-06-28|TK|Ts 69/03|Postanowienie|80|https://www.saos.org.pl/judgments/106476
106445|2003-06-11|TK|Ts 44/03|Postanowienie|80|https://www.saos.org.pl/judgments/106445
106438|2003-06-10|TK|Ts 38/03|Postanowienie|80|https://www.saos.org.pl/judgments/106438
106432|2003-06-02|TK|Ts 31/03|Postanowienie|80|https://www.saos.org.pl/judgments/106432
106561|2003-05-28|TK|Ts 131/02|Postanowienie|80|https://www.saos.org.pl/judgments/106561
106390|2003-05-28|TK|SK 33/02|Postanowienie|80|https://www.saos.org.pl/judgments/106390
106677|2003-05-27|TK|Tw 72/02|Postanowienie|80|https://www.saos.org.pl/judgments/106677
106526|2003-05-14|TK|Ts 108/02|Postanowienie|80|https://www.saos.org.pl/judgments/106526
106514|2003-05-14|TK|Ts 99/02|Postanowienie|80|https://www.saos.org.pl/judgments/106514
106482|2003-05-14|TK|Ts 73/02|Postanowienie|80|https://www.saos.org.pl/judgments/106482
106430|2003-05-14|TK|Ts 29/03|Postanowienie|80|https://www.saos.org.pl/judgments/106430
106437|2003-05-13|TK|Ts 37/02|Postanowienie|80|https://www.saos.org.pl/judgments/106437
106586|2003-05-07|TK|Ts 146/02|Postanowienie|80|https://www.saos.org.pl/judgments/106586
106607|2003-04-30|TK|Ts 157/02|Postanowienie|80|https://www.saos.org.pl/judgments/106607
106638|2003-04-23|TK|Ts 191/02|Postanowienie|80|https://www.saos.org.pl/judgments/106638
106628|2003-04-08|TK|Ts 176/02|Postanowienie|80|https://www.saos.org.pl/judgments/106628
106420|2003-04-08|TK|Ts 19/03|Postanowienie|80|https://www.saos.org.pl/judgments/106420
106418|2003-04-08|TK|Ts 18/03|Postanowienie|80|https://www.saos.org.pl/judgments/106418
106641|2003-04-02|TK|Ts 193/02|Postanowienie|80|https://www.saos.org.pl/judgments/106641
106599|2003-04-02|TK|Ts 153/02|Postanowienie|80|https://www.saos.org.pl/judgments/106599
106446|2003-04-02|TK|Ts 44/02|Postanowienie|80|https://www.saos.org.pl/judgments/106446
106515|2003-03-26|TK|Ts 100/02|Postanowienie|80|https://www.saos.org.pl/judgments/106515
106431|2003-03-26|TK|Ts 29/02|Postanowienie|80|https://www.saos.org.pl/judgments/106431
106506|2003-03-21|TK|Ts 93/02|Postanowienie|80|https://www.saos.org.pl/judgments/106506
106640|2003-03-19|TK|Ts 192/02|Postanowienie|80|https://www.saos.org.pl/judgments/106640
106427|2003-03-19|TK|Ts 27/03|Postanowienie|80|https://www.saos.org.pl/judgments/106427
206163|2003-03-12|TK|S 1/03|Postanowienie|80|https://www.saos.org.pl/judgments/206163
106627|2003-03-11|TK|Ts 175/02|Postanowienie|80|https://www.saos.org.pl/judgments/106627
106570|2003-02-26|TK|Ts 140/02|Postanowienie|80|https://www.saos.org.pl/judgments/106570
106458|2003-02-26|TK|Ts 54/02|Postanowienie|80|https://www.saos.org.pl/judgments/106458
106465|2003-02-25|TK|Ts 61/02|Postanowienie|80|https://www.saos.org.pl/judgments/106465
106336|2003-02-24|TK|K 28/02|Postanowienie|80|https://www.saos.org.pl/judgments/106336
106617|2003-02-18|TK|Ts 165/02|Postanowienie|80|https://www.saos.org.pl/judgments/106617
106521|2003-02-18|TK|Ts 105/02|Postanowienie|80|https://www.saos.org.pl/judgments/106521
106559|2003-02-17|TK|Ts 131/02|Postanowienie|80|https://www.saos.org.pl/judgments/106559
106676|2003-02-12|TK|Tw 72/02|Postanowienie|80|https://www.saos.org.pl/judgments/106676
106502|2003-02-11|TK|Ts 90/02|Postanowienie|80|https://www.saos.org.pl/judgments/106502
106553|2003-02-06|TK|Ts 128/02|Postanowienie|80|https://www.saos.org.pl/judgments/106553
106589|2003-02-03|TK|Ts 148/02|Postanowienie|80|https://www.saos.org.pl/judgments/106589
106605|2003-01-27|TK|Ts 156/02|Postanowienie|80|https://www.saos.org.pl/judgments/106605
106573|2003-01-22|TK|Ts 141/02|Postanowienie|80|https://www.saos.org.pl/judgments/106573
106529|2003-01-21|TK|Ts 111/02|Postanowienie|80|https://www.saos.org.pl/judgments/106529
106622|2003-01-20|TK|Ts 170/02|Postanowienie|80|https://www.saos.org.pl/judgments/106622
106524|2003-01-16|TK|Ts 108/02|Postanowienie|80|https://www.saos.org.pl/judgments/106524
206167|2003-01-14|TK|Ts 96/02|Postanowienie|80|https://www.saos.org.pl/judgments/206167
106444|2003-01-14|TK|Ts 44/02|Postanowienie|80|https://www.saos.org.pl/judgments/106444
106528|2003-01-09|TK|Ts 110/02|Postanowienie|80|https://www.saos.org.pl/judgments/106528
106593|2003-01-08|TK|Ts 150/02|Postanowienie|80|https://www.saos.org.pl/judgments/106593
106126|2002-12-18|TK|Ts 57/02|Postanowienie|80|https://www.saos.org.pl/judgments/106126
106165|2002-12-12|TK|Ts 99/02|Postanowienie|80|https://www.saos.org.pl/judgments/106165
106075|2002-12-11|TK|SK 17/02|Postanowienie|80|https://www.saos.org.pl/judgments/106075
106149|2002-11-27|TK|Ts 79/02|Postanowienie|80|https://www.saos.org.pl/judgments/106149
106106|2002-11-26|TK|Ts 32/02|Postanowienie|80|https://www.saos.org.pl/judgments/106106
106169|2002-11-20|TK|Ts 105/02|Postanowienie|80|https://www.saos.org.pl/judgments/106169
106142|2002-11-13|TK|Ts 70/02|Postanowienie|80|https://www.saos.org.pl/judgments/106142
106188|2002-11-06|TK|Ts 117/02|Postanowienie|80|https://www.saos.org.pl/judgments/106188
106055|2002-11-06|TK|SK 4/01|Postanowienie|80|https://www.saos.org.pl/judgments/106055
106062|2002-10-29|TK|SK 20/02|Postanowienie|80|https://www.saos.org.pl/judgments/106062
106162|2002-10-22|TK|Ts 94/02|Postanowienie|80|https://www.saos.org.pl/judgments/106162
106287|2002-10-16|TK|SK 43/01|Postanowienie|80|https://www.saos.org.pl/judgments/106287
106158|2002-10-09|TK|Ts 90/02|Postanowienie|80|https://www.saos.org.pl/judgments/106158
106107|2002-10-09|TK|Ts 33/02|Postanowienie|80|https://www.saos.org.pl/judgments/106107
106103|2002-10-09|TK|Ts 28/02|Postanowienie|80|https://www.saos.org.pl/judgments/106103
106157|2002-10-07|TK|Ts 88/02|Postanowienie|80|https://www.saos.org.pl/judgments/106157
106098|2002-10-02|TK|Ts 23/02|Postanowienie|80|https://www.saos.org.pl/judgments/106098
106144|2002-09-30|TK|Ts 72/02|Postanowienie|80|https://www.saos.org.pl/judgments/106144
106117|2002-09-30|TK|Ts 42/02|Postanowienie|80|https://www.saos.org.pl/judgments/106117
106166|2002-09-27|TK|Ts 100/02|Postanowienie|80|https://www.saos.org.pl/judgments/106166
106148|2002-09-18|TK|Ts 79/02|Postanowienie|80|https://www.saos.org.pl/judgments/106148
106114|2002-09-18|TK|Ts 40/02|Postanowienie|80|https://www.saos.org.pl/judgments/106114
106145|2002-09-17|TK|Ts 73/02|Postanowienie|80|https://www.saos.org.pl/judgments/106145
106140|2002-09-16|TK|Ts 70/02|Postanowienie|80|https://www.saos.org.pl/judgments/106140
106127|2002-09-12|TK|Ts 59/02|Postanowienie|80|https://www.saos.org.pl/judgments/106127
106109|2002-09-12|TK|Ts 35/02|Postanowienie|80|https://www.saos.org.pl/judgments/106109
106111|2002-09-10|TK|Ts 37/02|Postanowienie|80|https://www.saos.org.pl/judgments/106111
106186|2002-09-09|TK|Ts 117/02|Postanowienie|80|https://www.saos.org.pl/judgments/106186
106104|2002-09-09|TK|Ts 29/02|Postanowienie|80|https://www.saos.org.pl/judgments/106104
106161|2002-09-03|TK|Ts 94/02|Postanowienie|80|https://www.saos.org.pl/judgments/106161
106125|2002-08-28|TK|Ts 57/02|Postanowienie|80|https://www.saos.org.pl/judgments/106125
106123|2002-08-26|TK|Ts 54/02|Postanowienie|80|https://www.saos.org.pl/judgments/106123
106131|2002-08-07|TK|Ts 61/02|Postanowienie|80|https://www.saos.org.pl/judgments/106131
106072|2002-07-24|TK|SK 44/01|Postanowienie|80|https://www.saos.org.pl/judgments/106072
106296|2002-07-23|TK|Ts 33/02|Postanowienie|80|https://www.saos.org.pl/judgments/106296
106293|2002-07-22|TK|Ts 14/02|Postanowienie|80|https://www.saos.org.pl/judgments/106293
106291|2002-07-15|TK|Ts 5/02|Postanowienie|80|https://www.saos.org.pl/judgments/106291
106290|2002-07-10|TK|Ts 4/02|Postanowienie|80|https://www.saos.org.pl/judgments/106290
106304|2002-07-03|TK|Ts 144/01|Postanowienie|80|https://www.saos.org.pl/judgments/106304
106292|2002-07-01|TK|Ts 8/02|Postanowienie|80|https://www.saos.org.pl/judgments/106292
206159|2002-06-19|TK|Ts 91/01|Postanowienie|80|https://www.saos.org.pl/judgments/206159
106122|2002-05-28|TK|Ts 52/02|Postanowienie|80|https://www.saos.org.pl/judgments/106122
106116|2002-05-22|TK|Ts 42/02|Postanowienie|80|https://www.saos.org.pl/judgments/106116
106159|2002-05-21|TK|Ts 91/01|Postanowienie|80|https://www.saos.org.pl/judgments/106159
106239|2002-05-15|TK|Ts 179/01|Postanowienie|80|https://www.saos.org.pl/judgments/106239
106097|2002-05-14|TK|Ts 23/02|Postanowienie|80|https://www.saos.org.pl/judgments/106097
106108|2002-04-26|TK|Ts 35/02|Postanowienie|80|https://www.saos.org.pl/judgments/106108
106110|2002-04-25|TK|Ts 36/02|Postanowienie|80|https://www.saos.org.pl/judgments/106110
106121|2002-04-22|TK|Ts 52/02|Postanowienie|80|https://www.saos.org.pl/judgments/106121
106305|2002-04-17|TK|Ts 152/01|Postanowienie|80|https://www.saos.org.pl/judgments/106305
106102|2002-04-15|TK|Ts 28/02|Postanowienie|80|https://www.saos.org.pl/judgments/106102
106084|2002-04-15|TK|Ts 5/02|Postanowienie|80|https://www.saos.org.pl/judgments/106084
106105|2002-04-03|TK|Ts 32/02|Postanowienie|80|https://www.saos.org.pl/judgments/106105
106087|2002-03-26|TK|Ts 7/02|Postanowienie|80|https://www.saos.org.pl/judgments/106087
106041|2002-03-26|TK|P 3/02|Postanowienie|80|https://www.saos.org.pl/judgments/106041
106089|2002-03-19|TK|Ts 11/02|Postanowienie|80|https://www.saos.org.pl/judgments/106089
106136|2002-03-13|TK|Ts 64/01|Postanowienie|80|https://www.saos.org.pl/judgments/106136
106192|2002-03-06|TK|Ts 128/01|Postanowienie|80|https://www.saos.org.pl/judgments/106192
106238|2002-02-19|TK|Ts 179/01|Postanowienie|80|https://www.saos.org.pl/judgments/106238
106224|2002-02-06|TK|Ts 168/01|Postanowienie|80|https://www.saos.org.pl/judgments/106224
106171|2002-02-04|TK|Ts 107/01|Postanowienie|80|https://www.saos.org.pl/judgments/106171
106141|2002-02-04|TK|Ts 70/01|Postanowienie|80|https://www.saos.org.pl/judgments/106141
106206|2002-01-30|TK|Ts 144/01|Postanowienie|80|https://www.saos.org.pl/judgments/106206
106197|2002-01-29|TK|Ts 133/01|Postanowienie|80|https://www.saos.org.pl/judgments/106197
106163|2002-01-29|TK|Ts 95/01|Postanowienie|80|https://www.saos.org.pl/judgments/106163
106199|2002-01-23|TK|Ts 135/01|Postanowienie|80|https://www.saos.org.pl/judgments/106199
106187|2002-01-23|TK|Ts 117/01|Postanowienie|80|https://www.saos.org.pl/judgments/106187
106147|2002-01-23|TK|Ts 77/01|Postanowienie|80|https://www.saos.org.pl/judgments/106147
106189|2002-01-16|TK|Ts 122/01|Postanowienie|80|https://www.saos.org.pl/judgments/106189
106235|2002-01-15|TK|Ts 177/01|Postanowienie|80|https://www.saos.org.pl/judgments/106235
106233|2002-01-08|TK|Ts 174/01|Postanowienie|80|https://www.saos.org.pl/judgments/106233
105801|2001-12-19|TK|Ts 102/01|Postanowienie|80|https://www.saos.org.pl/judgments/105801
105799|2001-12-19|TK|Ts 101/01|Postanowienie|80|https://www.saos.org.pl/judgments/105799
105797|2001-12-19|TK|Ts 99/01|Postanowienie|80|https://www.saos.org.pl/judgments/105797
105795|2001-12-19|TK|Ts 98/01|Postanowienie|80|https://www.saos.org.pl/judgments/105795
105772|2001-12-18|TK|Ts 43/01|Postanowienie|80|https://www.saos.org.pl/judgments/105772
105817|2001-12-12|TK|Ts 135/01|Postanowienie|80|https://www.saos.org.pl/judgments/105817
105953|2001-11-29|TK|Ts 82/01|Postanowienie|80|https://www.saos.org.pl/judgments/105953
105984|2001-11-28|TK|Ts 133/01|Postanowienie|80|https://www.saos.org.pl/judgments/105984
105967|2001-11-28|TK|Ts 100/01|Postanowienie|80|https://www.saos.org.pl/judgments/105967
105915|2001-11-28|TK|Ts 42/01|Postanowienie|80|https://www.saos.org.pl/judgments/105915
105933|2001-11-27|TK|Ts 60/01|Postanowienie|80|https://www.saos.org.pl/judgments/105933
105955|2001-11-21|TK|Ts 83/01|Postanowienie|80|https://www.saos.org.pl/judgments/105955
105910|2001-11-21|TK|Ts 39/01|Postanowienie|80|https://www.saos.org.pl/judgments/105910
105968|2001-11-19|TK|Ts 101/01|Postanowienie|80|https://www.saos.org.pl/judgments/105968
105976|2001-11-15|TK|Ts 107/01|Postanowienie|80|https://www.saos.org.pl/judgments/105976
106006|2001-11-14|TK|Ts 152/01|Postanowienie|80|https://www.saos.org.pl/judgments/106006
105957|2001-11-14|TK|Ts 87/01|Postanowienie|80|https://www.saos.org.pl/judgments/105957
105977|2001-11-13|TK|Ts 117/01|Postanowienie|80|https://www.saos.org.pl/judgments/105977
105956|2001-11-13|TK|Ts 86/01|Postanowienie|80|https://www.saos.org.pl/judgments/105956
106013|2001-11-12|TK|Ts 186/00|Postanowienie|80|https://www.saos.org.pl/judgments/106013
105970|2001-11-07|TK|Ts 102/01|Postanowienie|80|https://www.saos.org.pl/judgments/105970
105958|2001-11-07|TK|Ts 91/01|Postanowienie|80|https://www.saos.org.pl/judgments/105958
105966|2001-11-05|TK|Ts 99/01|Postanowienie|80|https://www.saos.org.pl/judgments/105966
105960|2001-11-05|TK|Ts 95/01|Postanowienie|80|https://www.saos.org.pl/judgments/105960
105776|2001-10-30|TK|Ts 55/01|Postanowienie|80|https://www.saos.org.pl/judgments/105776
105782|2001-10-29|TK|Ts 76/01|Postanowienie|80|https://www.saos.org.pl/judgments/105782
105794|2001-10-24|TK|Ts 98/01|Postanowienie|80|https://www.saos.org.pl/judgments/105794
105798|2001-10-22|TK|Ts 100/01|Postanowienie|80|https://www.saos.org.pl/judgments/105798
105786|2001-10-17|TK|Ts 82/01|Postanowienie|80|https://www.saos.org.pl/judgments/105786
105766|2001-10-17|TK|Ts 22/01|Postanowienie|80|https://www.saos.org.pl/judgments/105766
105783|2001-10-10|TK|Ts 77/01|Postanowienie|80|https://www.saos.org.pl/judgments/105783
105769|2001-10-09|TK|Ts 37/01|Postanowienie|80|https://www.saos.org.pl/judgments/105769
105787|2001-10-08|TK|Ts 83/01|Postanowienie|80|https://www.saos.org.pl/judgments/105787
105860|2001-10-03|TK|SK 3/01|Postanowienie|80|https://www.saos.org.pl/judgments/105860
105763|2001-10-02|TK|Ts 17/01|Postanowienie|80|https://www.saos.org.pl/judgments/105763
105903|2001-09-26|TK|Ts 34/01|Postanowienie|80|https://www.saos.org.pl/judgments/105903
105982|2001-09-18|TK|Ts 132/01|Postanowienie|80|https://www.saos.org.pl/judgments/105982
105945|2001-09-18|TK|Ts 71/01|Postanowienie|80|https://www.saos.org.pl/judgments/105945
105947|2001-09-17|TK|Ts 74/01|Postanowienie|80|https://www.saos.org.pl/judgments/105947
105946|2001-09-17|TK|Ts 73/01|Postanowienie|80|https://www.saos.org.pl/judgments/105946
105950|2001-09-13|TK|Ts 76/01|Postanowienie|80|https://www.saos.org.pl/judgments/105950
105937|2001-09-03|TK|Ts 64/01|Postanowienie|80|https://www.saos.org.pl/judgments/105937
105897|2001-09-03|TK|Ts 28/01|Postanowienie|80|https://www.saos.org.pl/judgments/105897
105931|2001-08-10|TK|Ts 58/01|Postanowienie|80|https://www.saos.org.pl/judgments/105931
105936|2001-08-03|TK|Ts 63/01|Postanowienie|80|https://www.saos.org.pl/judgments/105936
105996|2001-07-30|TK|Ts 143/00|Postanowienie|80|https://www.saos.org.pl/judgments/105996
105913|2001-07-11|TK|Ts 41/01|Postanowienie|80|https://www.saos.org.pl/judgments/105913
105916|2001-07-06|TK|Ts 43/01|Postanowienie|80|https://www.saos.org.pl/judgments/105916
105997|2001-07-04|TK|Ts 144/00|Postanowienie|80|https://www.saos.org.pl/judgments/105997
105902|2001-06-27|TK|Ts 34/01|Postanowienie|80|https://www.saos.org.pl/judgments/105902
105914|2001-06-26|TK|Ts 42/01|Postanowienie|80|https://www.saos.org.pl/judgments/105914
105906|2001-06-26|TK|Ts 37/01|Postanowienie|80|https://www.saos.org.pl/judgments/105906
105896|2001-06-26|TK|Ts 28/01|Postanowienie|80|https://www.saos.org.pl/judgments/105896
105993|2001-06-20|TK|Ts 141/00|Postanowienie|80|https://www.saos.org.pl/judgments/105993
105964|2001-06-20|TK|Ts 97/00|Postanowienie|80|https://www.saos.org.pl/judgments/105964
105939|2001-06-20|TK|Ts 67/00|Postanowienie|80|https://www.saos.org.pl/judgments/105939
106017|2001-06-06|TK|Ts 191/00|Postanowienie|80|https://www.saos.org.pl/judgments/106017
105887|2001-06-05|TK|Ts 21/01|Postanowienie|80|https://www.saos.org.pl/judgments/105887
105926|2001-06-04|TK|Ts 55/01|Postanowienie|80|https://www.saos.org.pl/judgments/105926
105888|2001-06-04|TK|Ts 22/01|Postanowienie|80|https://www.saos.org.pl/judgments/105888
105734|2001-05-30|TK|T 3/01|Postanowienie|80|https://www.saos.org.pl/judgments/105734
105909|2001-05-28|TK|Ts 39/01|Postanowienie|80|https://www.saos.org.pl/judgments/105909
105788|2001-05-23|TK|Ts 83/00|Postanowienie|80|https://www.saos.org.pl/judgments/105788
105771|2001-05-23|TK|Ts 41/01|Postanowienie|80|https://www.saos.org.pl/judgments/105771
105821|2001-05-11|TK|Ts 144/00|Postanowienie|80|https://www.saos.org.pl/judgments/105821
105882|2001-04-24|TK|Ts 17/01|Postanowienie|80|https://www.saos.org.pl/judgments/105882
105988|2001-04-04|TK|Ts 137/00|Postanowienie|80|https://www.saos.org.pl/judgments/105988
105989|2001-03-28|TK|Ts 138/00|Postanowienie|80|https://www.saos.org.pl/judgments/105989
105981|2001-03-20|TK|Ts 130/00|Postanowienie|80|https://www.saos.org.pl/judgments/105981
105886|2001-03-19|TK|Ts 21/01|Postanowienie|80|https://www.saos.org.pl/judgments/105886
105942|2001-03-13|TK|Ts 68/00|Postanowienie|80|https://www.saos.org.pl/judgments/105942
105965|2001-03-05|TK|Ts 98/00|Postanowienie|80|https://www.saos.org.pl/judgments/105965
105809|2001-02-28|TK|Ts 122/00|Postanowienie|80|https://www.saos.org.pl/judgments/105809
105842|2001-02-22|TK|Ts 193/00|Postanowienie|80|https://www.saos.org.pl/judgments/105842
105833|2001-02-16|TK|Ts 180/00|Postanowienie|80|https://www.saos.org.pl/judgments/105833
105841|2001-02-13|TK|Ts 191/00|Postanowienie|80|https://www.saos.org.pl/judgments/105841
105820|2001-02-07|TK|Ts 143/00|Postanowienie|80|https://www.saos.org.pl/judgments/105820
105835|2001-02-05|TK|Ts 182/00|Postanowienie|80|https://www.saos.org.pl/judgments/105835
105731|2001-01-31|TK|SK 13/00|Postanowienie|80|https://www.saos.org.pl/judgments/105731
105785|2001-01-30|TK|Ts 80/00|Postanowienie|80|https://www.saos.org.pl/judgments/105785
105840|2001-01-24|TK|Ts 190/00|Postanowienie|80|https://www.saos.org.pl/judgments/105840
105954|2001-01-05|TK|Ts 83/00|Postanowienie|80|https://www.saos.org.pl/judgments/105954
105938|2001-01-02|TK|Ts 67/00|Postanowienie|80|https://www.saos.org.pl/judgments/105938
105672|2000-12-21|TK|Ts 145/00|Postanowienie|80|https://www.saos.org.pl/judgments/105672
206001|2000-12-20|TK|SK 14/99|Postanowienie|80|https://www.saos.org.pl/judgments/206001
105624|2000-12-18|TK|Ts 100/00|Postanowienie|80|https://www.saos.org.pl/judgments/105624
105668|2000-12-14|TK|Ts 141/00|Postanowienie|80|https://www.saos.org.pl/judgments/105668
105500|2000-12-13|TK|P 9/00|Postanowienie|80|https://www.saos.org.pl/judgments/105500
105645|2000-12-12|TK|Ts 122/00|Postanowienie|80|https://www.saos.org.pl/judgments/105645
105654|2000-12-11|TK|Ts 133/00|Postanowienie|80|https://www.saos.org.pl/judgments/105654
105509|2000-12-06|TK|SK 24/99|Postanowienie|80|https://www.saos.org.pl/judgments/105509
105461|2000-12-04|TK|SK 10/99|Postanowienie|80|https://www.saos.org.pl/judgments/105461
105697|2000-11-28|TK|Ts 163/99|Postanowienie|80|https://www.saos.org.pl/judgments/105697
105619|2000-11-28|TK|Ts 98/00|Postanowienie|80|https://www.saos.org.pl/judgments/105619
105659|2000-11-27|TK|Ts 137/00|Postanowienie|80|https://www.saos.org.pl/judgments/105659
105617|2000-11-21|TK|Ts 97/00|Postanowienie|80|https://www.saos.org.pl/judgments/105617
105492|2000-11-15|TK|Ts 130/00|Postanowienie|80|https://www.saos.org.pl/judgments/105492
105599|2000-11-09|TK|Ts 80/00|Postanowienie|80|https://www.saos.org.pl/judgments/105599
105587|2000-11-08|TK|Ts 68/00|Postanowienie|80|https://www.saos.org.pl/judgments/105587
105478|2000-10-25|TK|Ts 49/00|Postanowienie|80|https://www.saos.org.pl/judgments/105478
105635|2000-10-04|TK|Ts 113/00|Postanowienie|80|https://www.saos.org.pl/judgments/105635
105581|2000-09-27|TK|Ts 62/00|Postanowienie|80|https://www.saos.org.pl/judgments/105581
105623|2000-09-25|TK|Ts 100/00|Postanowienie|80|https://www.saos.org.pl/judgments/105623
105627|2000-09-20|TK|Ts 103/00|Postanowienie|80|https://www.saos.org.pl/judgments/105627
105530|2000-09-20|TK|Ts 19/00|Postanowienie|80|https://www.saos.org.pl/judgments/105530
105615|2000-09-19|TK|Ts 95/00|Postanowienie|80|https://www.saos.org.pl/judgments/105615
105667|2000-09-13|TK|Ts 140/99|Postanowienie|80|https://www.saos.org.pl/judgments/105667
105651|2000-09-13|TK|Ts 128/00|Postanowienie|80|https://www.saos.org.pl/judgments/105651
105513|2000-09-12|TK|Ts 1/99|Postanowienie|80|https://www.saos.org.pl/judgments/105513
105603|2000-09-11|TK|Ts 82/00|Postanowienie|80|https://www.saos.org.pl/judgments/105603
105596|2000-09-06|TK|Ts 77/00|Postanowienie|80|https://www.saos.org.pl/judgments/105596
105575|2000-09-06|TK|Ts 58/00|Postanowienie|80|https://www.saos.org.pl/judgments/105575
105477|2000-09-06|TK|Ts 38/00|Postanowienie|80|https://www.saos.org.pl/judgments/105477
105475|2000-09-06|TK|Ts 29/00|Postanowienie|80|https://www.saos.org.pl/judgments/105475
105473|2000-09-06|TK|Ts 21/00|Postanowienie|80|https://www.saos.org.pl/judgments/105473
105493|2000-08-29|TK|Ts 155/99|Postanowienie|80|https://www.saos.org.pl/judgments/105493
105474|2000-08-29|TK|Ts 23/00|Postanowienie|80|https://www.saos.org.pl/judgments/105474
105471|2000-08-28|TK|Ts 5/00|Postanowienie|80|https://www.saos.org.pl/judgments/105471
105476|2000-08-25|TK|Ts 33/00|Postanowienie|80|https://www.saos.org.pl/judgments/105476
105691|2000-08-07|TK|Ts 157/99|Postanowienie|80|https://www.saos.org.pl/judgments/105691
105610|2000-07-24|TK|Ts 86/99|Postanowienie|80|https://www.saos.org.pl/judgments/105610
105497|2000-07-11|TK|K 28/99|Postanowienie|80|https://www.saos.org.pl/judgments/105497
105682|2000-07-04|TK|Ts 149/99|Postanowienie|80|https://www.saos.org.pl/judgments/105682
105680|2000-07-04|TK|Ts 148/99|Postanowienie|80|https://www.saos.org.pl/judgments/105680
105678|2000-07-04|TK|Ts 147/99|Postanowienie|80|https://www.saos.org.pl/judgments/105678
105676|2000-07-04|TK|Ts 146/99|Postanowienie|80|https://www.saos.org.pl/judgments/105676
105674|2000-07-04|TK|Ts 145/99|Postanowienie|80|https://www.saos.org.pl/judgments/105674
105602|2000-06-28|TK|Ts 82/00|Postanowienie|80|https://www.saos.org.pl/judgments/105602
105563|2000-06-28|TK|Ts 49/00|Postanowienie|80|https://www.saos.org.pl/judgments/105563
105686|2000-06-26|TK|Ts 152/99|Postanowienie|80|https://www.saos.org.pl/judgments/105686
105543|2000-06-26|TK|Ts 29/00|Postanowienie|80|https://www.saos.org.pl/judgments/105543
105549|2000-06-21|TK|Ts 33/00|Postanowienie|80|https://www.saos.org.pl/judgments/105549
105595|2000-06-19|TK|Ts 77/00|Postanowienie|80|https://www.saos.org.pl/judgments/105595
105573|2000-06-19|TK|Ts 58/00|Postanowienie|80|https://www.saos.org.pl/judgments/105573
105533|2000-06-14|TK|Ts 21/00|Postanowienie|80|https://www.saos.org.pl/judgments/105533
105463|2000-06-13|TK|SK 21/98|Postanowienie|80|https://www.saos.org.pl/judgments/105463
105719|2000-06-08|TK|Ts 182/99|Postanowienie|80|https://www.saos.org.pl/judgments/105719
105458|2000-06-05|TK|P 1/00|Postanowienie|80|https://www.saos.org.pl/judgments/105458
105562|2000-05-30|TK|Ts 48/00|Postanowienie|80|https://www.saos.org.pl/judgments/105562
105534|2000-05-30|TK|Ts 22/00|Postanowienie|80|https://www.saos.org.pl/judgments/105534
105528|2000-05-30|TK|Ts 17/00|Postanowienie|80|https://www.saos.org.pl/judgments/105528
105580|2000-05-26|TK|Ts 62/00|Postanowienie|80|https://www.saos.org.pl/judgments/105580
105640|2000-05-23|TK|Ts 116/99|Postanowienie|80|https://www.saos.org.pl/judgments/105640
105637|2000-05-23|TK|Ts 115/99|Postanowienie|80|https://www.saos.org.pl/judgments/105637
105564|2000-05-22|TK|Ts 50/00|Postanowienie|80|https://www.saos.org.pl/judgments/105564
105703|2000-05-09|TK|Ts 168/99|Postanowienie|80|https://www.saos.org.pl/judgments/105703
105701|2000-05-09|TK|Ts 165/99|Postanowienie|80|https://www.saos.org.pl/judgments/105701
105505|2000-05-09|TK|SK 15/98|Postanowienie|80|https://www.saos.org.pl/judgments/105505
105550|2000-04-26|TK|Ts 35/00|Postanowienie|80|https://www.saos.org.pl/judgments/105550
105508|2000-04-18|TK|SK 23/98|Postanowienie|80|https://www.saos.org.pl/judgments/105508
105503|2000-04-18|TK|SK 2/99|Postanowienie|80|https://www.saos.org.pl/judgments/105503
105520|2000-04-12|TK|Ts 10/00|Postanowienie|80|https://www.saos.org.pl/judgments/105520
105632|2000-04-11|TK|Ts 105/99|Postanowienie|80|https://www.saos.org.pl/judgments/105632
105538|2000-04-07|TK|Ts 25/00|Postanowienie|80|https://www.saos.org.pl/judgments/105538
206049|2000-04-05|TK|Ts 22/00|Postanowienie|80|https://www.saos.org.pl/judgments/206049
105515|2000-03-31|TK|Ts 5/00|Postanowienie|80|https://www.saos.org.pl/judgments/105515
105535|2000-03-30|TK|Ts 23/00|Postanowienie|80|https://www.saos.org.pl/judgments/105535
105696|2000-03-29|TK|Ts 163/99|Postanowienie|80|https://www.saos.org.pl/judgments/105696
105625|2000-03-29|TK|Ts 100/99|Postanowienie|80|https://www.saos.org.pl/judgments/105625
105512|2000-03-29|TK|Ts 1/00|Postanowienie|80|https://www.saos.org.pl/judgments/105512
105711|2000-03-28|TK|Ts 175/99|Postanowienie|80|https://www.saos.org.pl/judgments/105711
105689|2000-03-22|TK|Ts 156/99|Postanowienie|80|https://www.saos.org.pl/judgments/105689
105681|2000-03-14|TK|Ts 149/99|Postanowienie|80|https://www.saos.org.pl/judgments/105681
105679|2000-03-14|TK|Ts 148/99|Postanowienie|80|https://www.saos.org.pl/judgments/105679
105677|2000-03-14|TK|Ts 147/99|Postanowienie|80|https://www.saos.org.pl/judgments/105677
105675|2000-03-14|TK|Ts 146/99|Postanowienie|80|https://www.saos.org.pl/judgments/105675
105673|2000-03-14|TK|Ts 145/99|Postanowienie|80|https://www.saos.org.pl/judgments/105673
105499|2000-03-08|TK|K 32/98|Postanowienie|80|https://www.saos.org.pl/judgments/105499
105529|2000-03-06|TK|Ts 19/00|Postanowienie|80|https://www.saos.org.pl/judgments/105529
105657|2000-02-16|TK|Ts 135/99|Postanowienie|80|https://www.saos.org.pl/judgments/105657
105618|2000-02-16|TK|Ts 97/99|Postanowienie|80|https://www.saos.org.pl/judgments/105618
105702|2000-02-15|TK|Ts 168/99|Postanowienie|80|https://www.saos.org.pl/judgments/105702
105717|2000-02-08|TK|Ts 180/99|Postanowienie|80|https://www.saos.org.pl/judgments/105717
105666|2000-02-08|TK|Ts 140/99|Postanowienie|80|https://www.saos.org.pl/judgments/105666
105585|2000-02-08|TK|Ts 64/99|Postanowienie|80|https://www.saos.org.pl/judgments/105585
105710|2000-02-07|TK|Ts 175/99|Postanowienie|80|https://www.saos.org.pl/judgments/105710
105700|2000-02-02|TK|Ts 165/99|Postanowienie|80|https://www.saos.org.pl/judgments/105700
206051|2000-02-01|TK|Ts 183/99|Postanowienie|80|https://www.saos.org.pl/judgments/206051
105688|2000-01-27|TK|Ts 156/99|Postanowienie|80|https://www.saos.org.pl/judgments/105688
105690|2000-01-25|TK|Ts 157/99|Postanowienie|80|https://www.saos.org.pl/judgments/105690
105718|2000-01-12|TK|Ts 182/99|Postanowienie|80|https://www.saos.org.pl/judgments/105718
105417|1999-12-28|TK|Ts 132/99|Postanowienie|80|https://www.saos.org.pl/judgments/105417
105401|1999-12-15|TK|Ts 111/99|Postanowienie|80|https://www.saos.org.pl/judgments/105401
105386|1999-12-15|TK|Ts 88/99|Postanowienie|80|https://www.saos.org.pl/judgments/105386
105407|1999-12-08|TK|Ts 116/99|Postanowienie|80|https://www.saos.org.pl/judgments/105407
105406|1999-12-01|TK|Ts 115/99|Postanowienie|80|https://www.saos.org.pl/judgments/105406
105394|1999-12-01|TK|Ts 100/99|Postanowienie|80|https://www.saos.org.pl/judgments/105394
105414|1999-11-30|TK|Ts 128/99|Postanowienie|80|https://www.saos.org.pl/judgments/105414
105393|1999-11-30|TK|Ts 97/99|Postanowienie|80|https://www.saos.org.pl/judgments/105393
105351|1999-11-29|TK|Ts 46/99|Postanowienie|80|https://www.saos.org.pl/judgments/105351
105344|1999-11-23|TK|Ts 40/99|Postanowienie|80|https://www.saos.org.pl/judgments/105344
105342|1999-11-23|TK|Ts 39/99|Postanowienie|80|https://www.saos.org.pl/judgments/105342
105330|1999-11-23|TK|Ts 23/99|Postanowienie|80|https://www.saos.org.pl/judgments/105330
105307|1999-11-23|TK|Ts 1/99|Postanowienie|80|https://www.saos.org.pl/judgments/105307
105398|1999-11-22|TK|Ts 105/99|Postanowienie|80|https://www.saos.org.pl/judgments/105398
105304|1999-11-17|TK|SK 17/99|Postanowienie|80|https://www.saos.org.pl/judgments/105304
105419|1999-10-11|TK|Ts 135/99|Postanowienie|80|https://www.saos.org.pl/judgments/105419
105361|1999-09-28|TK|Ts 56/99|Postanowienie|80|https://www.saos.org.pl/judgments/105361
105381|1999-09-22|TK|Ts 86/99|Postanowienie|80|https://www.saos.org.pl/judgments/105381
105325|1999-09-08|TK|Ts 20/99|Postanowienie|80|https://www.saos.org.pl/judgments/105325
105311|1999-09-02|TK|Ts 7/99|Postanowienie|80|https://www.saos.org.pl/judgments/105311
105324|1999-07-23|TK|Ts 20/99|Postanowienie|80|https://www.saos.org.pl/judgments/105324
105385|1999-07-14|TK|Ts 88/99|Postanowienie|80|https://www.saos.org.pl/judgments/105385
105333|1999-07-06|TK|Ts 25/99|Postanowienie|80|https://www.saos.org.pl/judgments/105333
105365|1999-07-01|TK|Ts 64/99|Postanowienie|80|https://www.saos.org.pl/judgments/105365
105343|1999-06-28|TK|Ts 40/99|Postanowienie|80|https://www.saos.org.pl/judgments/105343
105341|1999-06-28|TK|Ts 39/99|Postanowienie|80|https://www.saos.org.pl/judgments/105341
105329|1999-06-28|TK|Ts 23/99|Postanowienie|80|https://www.saos.org.pl/judgments/105329
105360|1999-06-21|TK|Ts 56/99|Postanowienie|80|https://www.saos.org.pl/judgments/105360
105334|1999-06-08|TK|Ts 26/99|Postanowienie|80|https://www.saos.org.pl/judgments/105334
105312|1999-06-08|TK|Ts 9/99|Postanowienie|80|https://www.saos.org.pl/judgments/105312
105428|1999-05-18|TK|Ts 142/98|Postanowienie|80|https://www.saos.org.pl/judgments/105428
105337|1999-05-11|TK|Ts 35/99|Postanowienie|80|https://www.saos.org.pl/judgments/105337
105309|1999-05-05|TK|Ts 6/99|Postanowienie|80|https://www.saos.org.pl/judgments/105309
105348|1999-04-30|TK|Ts 44/99|Postanowienie|80|https://www.saos.org.pl/judgments/105348
105332|1999-04-27|TK|Ts 25/99|Postanowienie|80|https://www.saos.org.pl/judgments/105332
105345|1999-04-13|TK|Ts 41/99|Postanowienie|80|https://www.saos.org.pl/judgments/105345
105331|1999-04-13|TK|Ts 24/99|Postanowienie|80|https://www.saos.org.pl/judgments/105331
105318|1999-04-13|TK|Ts 16/99|Postanowienie|80|https://www.saos.org.pl/judgments/105318
105430|1999-03-30|TK|Ts 148/98|Postanowienie|80|https://www.saos.org.pl/judgments/105430
205971|1999-03-17|TK|Ts 9/99|Postanowienie|80|https://www.saos.org.pl/judgments/205971
205970|1999-03-17|TK|Ts 8/99|Postanowienie|80|https://www.saos.org.pl/judgments/205970
105409|1999-03-17|TK|Ts 117/98|Postanowienie|80|https://www.saos.org.pl/judgments/105409
205980|1999-03-15|TK|Ts 147/98|Postanowienie|80|https://www.saos.org.pl/judgments/205980
205979|1999-03-15|TK|Ts 146/98|Postanowienie|80|https://www.saos.org.pl/judgments/205979
105310|1999-03-15|TK|Ts 7/99|Postanowienie|80|https://www.saos.org.pl/judgments/105310
105372|1999-03-01|TK|Ts 77/98|Postanowienie|80|https://www.saos.org.pl/judgments/105372
205986|1999-02-26|TK|Ts 166/98|Postanowienie|80|https://www.saos.org.pl/judgments/205986
205972|1999-02-23|TK|Ts 14/99|Postanowienie|80|https://www.saos.org.pl/judgments/205972
205978|1999-02-17|TK|Ts 142/98|Postanowienie|80|https://www.saos.org.pl/judgments/205978
205981|1999-02-09|TK|Ts 148/98|Postanowienie|80|https://www.saos.org.pl/judgments/205981
205974|1999-01-24|TK|Ts 124/98|Postanowienie|80|https://www.saos.org.pl/judgments/205974
105224|1998-12-15|TK|SK 6/98|Postanowienie|80|https://www.saos.org.pl/judgments/105224
205896|1998-11-23|TK|Ts 101/98|Postanowienie|80|https://www.saos.org.pl/judgments/205896
105275|1998-11-23|TK|Ts 97/98|Postanowienie|80|https://www.saos.org.pl/judgments/105275
205904|1998-10-28|TK|Ts 124/98|Postanowienie|80|https://www.saos.org.pl/judgments/205904
105259|1998-10-21|TK|Ts 68/98|Postanowienie|80|https://www.saos.org.pl/judgments/105259
105268|1998-10-15|TK|Ts 84/98|Postanowienie|80|https://www.saos.org.pl/judgments/105268
205902|1998-10-13|TK|Ts 117/98|Postanowienie|80|https://www.saos.org.pl/judgments/205902
205857|1998-10-06|TK|Ts 43/98|Postanowienie|80|https://www.saos.org.pl/judgments/205857
105280|1998-09-23|TK|Ts 108/98|Postanowienie|80|https://www.saos.org.pl/judgments/105280
105284|1998-09-22|TK|Ts 113/98|Postanowienie|80|https://www.saos.org.pl/judgments/105284
205899|1998-08-25|TK|Ts 113/98|Postanowienie|80|https://www.saos.org.pl/judgments/205899
105265|1998-08-24|TK|Ts 80/98|Postanowienie|80|https://www.saos.org.pl/judgments/105265
105258|1998-08-21|TK|Ts 68/98|Postanowienie|80|https://www.saos.org.pl/judgments/105258
205880|1998-08-18|TK|Ts 77/98|Postanowienie|80|https://www.saos.org.pl/judgments/205880
105267|1998-07-27|TK|Ts 84/98|Postanowienie|80|https://www.saos.org.pl/judgments/105267
105270|1998-06-23|TK|Ts 87/98|Postanowienie|80|https://www.saos.org.pl/judgments/105270
205882|1998-06-05|TK|Ts 80/98|Postanowienie|80|https://www.saos.org.pl/judgments/205882
105250|1998-06-03|TK|Ts 49/98|Postanowienie|80|https://www.saos.org.pl/judgments/105250
205856|1998-05-20|TK|Ts 43/98|Postanowienie|80|https://www.saos.org.pl/judgments/205856
105242|1998-05-20|TK|Ts 27/98|Postanowienie|80|https://www.saos.org.pl/judgments/105242
105232|1998-05-12|TK|Ts 9/98|Postanowienie|80|https://www.saos.org.pl/judgments/105232
105249|1998-04-29|TK|Ts 49/98|Postanowienie|80|https://www.saos.org.pl/judgments/105249
105229|1998-04-29|TK|Ts 8/98|Postanowienie|80|https://www.saos.org.pl/judgments/105229
105230|1998-04-06|TK|Ts 9/98|Postanowienie|80|https://www.saos.org.pl/judgments/105230
205843|1998-04-01|TK|Ts 27/98|Postanowienie|80|https://www.saos.org.pl/judgments/205843
105235|1998-03-03|TK|Ts 17/97|Postanowienie|80|https://www.saos.org.pl/judgments/105235
205833|1998-02-17|TK|Ts 18/97|Postanowienie|80|https://www.saos.org.pl/judgments/205833
205816|1998-02-04|TK|Ts 1/97|Postanowienie|80|https://www.saos.org.pl/judgments/205816
205835|1998-01-28|TK|Ts 21/97|Postanowienie|80|https://www.saos.org.pl/judgments/205835
205819|1998-01-28|TK|Ts 4/97|Postanowienie|80|https://www.saos.org.pl/judgments/205819
205831|1998-01-08|TK|Ts 17/97|Postanowienie|80|https://www.saos.org.pl/judgments/205831
89004|2008-10-30|SN|II CSK 251/08|Wyrok|78|https://www.saos.org.pl/judgments/89004
88977|2008-10-23|SN|V CSK 131/08|Wyrok|78|https://www.saos.org.pl/judgments/88977
88962|2008-10-21|SN|II UK 71/08|Wyrok|78|https://www.saos.org.pl/judgments/88962
88875|2008-10-08|SN|V CSK 125/08|Wyrok|78|https://www.saos.org.pl/judgments/88875
88852|2008-10-07|SN|II PK 56/08|Wyrok|78|https://www.saos.org.pl/judgments/88852
88745|2008-09-24|SN|II CSK 200/08|Wyrok|78|https://www.saos.org.pl/judgments/88745
88647|2008-09-05|SN|I CSK 51/08|Wyrok|78|https://www.saos.org.pl/judgments/88647
88571|2008-08-08|SN|V CSK 79/08|Wyrok|78|https://www.saos.org.pl/judgments/88571
88557|2008-08-06|SN|II BP 68/07|Wyrok|78|https://www.saos.org.pl/judgments/88557
88556|2008-08-05|SN|I UK 44/08|Wyrok|78|https://www.saos.org.pl/judgments/88556
88532|2008-07-24|SN|IV CSK 164/08|Wyrok|78|https://www.saos.org.pl/judgments/88532
88430|2008-07-08|SN|I PO 1/08|Wyrok|78|https://www.saos.org.pl/judgments/88430
88339|2008-06-25|SN|III CSK 20/08|Wyrok|78|https://www.saos.org.pl/judgments/88339
88286|2008-06-19|SN|V CSK 22/08|Wyrok|78|https://www.saos.org.pl/judgments/88286
88079|2008-05-14|SN|II PK 320/07|Wyrok|78|https://www.saos.org.pl/judgments/88079
87921|2008-04-25|SN|II CSK 613/07|Wyrok|78|https://www.saos.org.pl/judgments/87921
87907|2008-04-16|SN|V CSK 563/07|Wyrok|78|https://www.saos.org.pl/judgments/87907
87687|2008-03-27|SN|II CSK 477/07|Wyrok|78|https://www.saos.org.pl/judgments/87687
87548|2008-03-07|SN|V KK 134/07|Wyrok|78|https://www.saos.org.pl/judgments/87548
87485|2008-03-06|SN|I CSK 445/07|Wyrok|78|https://www.saos.org.pl/judgments/87485
87376|2008-02-20|SN|II CSK 448/07|Wyrok|78|https://www.saos.org.pl/judgments/87376
87234|2008-02-08|SN|I CSK 394/07|Wyrok|78|https://www.saos.org.pl/judgments/87234
87231|2008-02-08|SN|I CSK 371/07|Wyrok|78|https://www.saos.org.pl/judgments/87231
87266|2008-02-07|SN|II PK 163/07|Wyrok|78|https://www.saos.org.pl/judgments/87266
87267|2008-02-06|SN|II PK 175/07|Wyrok|78|https://www.saos.org.pl/judgments/87267
87183|2008-01-31|SN|II CSK 378/07|Wyrok|78|https://www.saos.org.pl/judgments/87183
87032|2008-01-11|SN|V CSK 363/07|Wyrok|78|https://www.saos.org.pl/judgments/87032
86930|2007-12-13|SN|I CSK 314/07|Wyrok|78|https://www.saos.org.pl/judgments/86930
164990|2007-12-05|SN|I CNP 41/07|Wyrok|78|https://www.saos.org.pl/judgments/164990
86893|2007-12-05|SN|I CSK 273/07|Wyrok|78|https://www.saos.org.pl/judgments/86893
164923|2007-10-23|SN|III CSK 108/07|Wyrok|78|https://www.saos.org.pl/judgments/164923
86581|2007-09-19|SN|II CSK 230/07|Wyrok|78|https://www.saos.org.pl/judgments/86581
86576|2007-09-19|SN|II CSK 175/07|Wyrok|78|https://www.saos.org.pl/judgments/86576
86479|2007-08-22|SN|III KK 197/07|Wyrok|78|https://www.saos.org.pl/judgments/86479
86464|2007-08-21|SN|II KK 81/07|Wyrok|78|https://www.saos.org.pl/judgments/86464
86249|2007-07-05|SN|II CSK 160/07|Wyrok|78|https://www.saos.org.pl/judgments/86249
86244|2007-07-05|SN|II CSK 118/07|Wyrok|78|https://www.saos.org.pl/judgments/86244
86238|2007-07-03|SN|I UK 40/07|Wyrok|78|https://www.saos.org.pl/judgments/86238
86159|2007-06-20|SN|V CSK 126/07|Wyrok|78|https://www.saos.org.pl/judgments/86159
86026|2007-06-05|SN|I PK 6/07|Wyrok|78|https://www.saos.org.pl/judgments/86026
85801|2007-05-09|SN|II CSK 15/07|Wyrok|78|https://www.saos.org.pl/judgments/85801
85724|2007-04-27|SN|I CSK 42/07|Wyrok|78|https://www.saos.org.pl/judgments/85724
85637|2007-04-13|SN|I CSK 488/06|Wyrok|78|https://www.saos.org.pl/judgments/85637
85612|2007-04-03|SN|II UK 187/06|Wyrok|78|https://www.saos.org.pl/judgments/85612
85508|2007-03-22|SN|III CSK 375/06|Wyrok|78|https://www.saos.org.pl/judgments/85508
85420|2007-03-14|SN|I CSK 465/06|Wyrok|78|https://www.saos.org.pl/judgments/85420
85364|2007-03-09|SN|II CSK 457/06|Wyrok|78|https://www.saos.org.pl/judgments/85364
85321|2007-02-20|SN|SNO 3/07|Wyrok|78|https://www.saos.org.pl/judgments/85321
85209|2007-02-15|SN|II CSK 439/06|Wyrok|78|https://www.saos.org.pl/judgments/85209
85205|2007-02-14|SN|II CSK 401/06|Wyrok|78|https://www.saos.org.pl/judgments/85205
85152|2007-02-07|SN|I PK 211/06|Wyrok|78|https://www.saos.org.pl/judgments/85152
85119|2007-02-02|SN|IV CSK 364/06|Wyrok|78|https://www.saos.org.pl/judgments/85119
85053|2007-01-25|SN|I UK 226/06|Wyrok|78|https://www.saos.org.pl/judgments/85053
84956|2007-01-09|SN|II PK 135/06|Wyrok|78|https://www.saos.org.pl/judgments/84956
84895|2007-01-04|SN|V CSK 377/06|Wyrok|78|https://www.saos.org.pl/judgments/84895
84891|2007-01-03|SN|IV CSK 312/06|Wyrok|78|https://www.saos.org.pl/judgments/84891
164780|2006-12-13|SN|II CSK 289/06|Wyrok|78|https://www.saos.org.pl/judgments/164780
84840|2006-12-11|SN|I PK 165/06|Wyrok|78|https://www.saos.org.pl/judgments/84840
164746|2006-12-07|SN|III CSK 266/06|Wyrok|78|https://www.saos.org.pl/judgments/164746
164713|2006-11-30|SN|I CSK 259/06|Wyrok|78|https://www.saos.org.pl/judgments/164713
164569|2006-10-20|SN|IV CSK 134/05|Wyrok|78|https://www.saos.org.pl/judgments/164569
84659|2006-10-17|SN|II UK 85/06|Wyrok|78|https://www.saos.org.pl/judgments/84659
84617|2006-10-04|SN|II UK 43/06|Wyrok|78|https://www.saos.org.pl/judgments/84617
84549|2006-09-15|SN|I PK 97/06|Wyrok|78|https://www.saos.org.pl/judgments/84549
84532|2006-08-29|SN|V KK 107/05|Wyrok|78|https://www.saos.org.pl/judgments/84532
84510|2006-08-08|SN|I PK 55/06|Wyrok|78|https://www.saos.org.pl/judgments/84510
84509|2006-08-08|SN|I PK 54/06|Wyrok|78|https://www.saos.org.pl/judgments/84509
164451|2006-08-04|SN|III CSK 82/06|Wyrok|78|https://www.saos.org.pl/judgments/164451
164434|2006-07-27|SN|III CSK 57/06|Wyrok|78|https://www.saos.org.pl/judgments/164434
164412|2006-07-12|SN|V CSK 181/06|Wyrok|78|https://www.saos.org.pl/judgments/164412
84449|2006-07-12|SN|II UK 241/05|Wyrok|78|https://www.saos.org.pl/judgments/84449
84445|2006-07-11|SN|I PK 9/06|Wyrok|78|https://www.saos.org.pl/judgments/84445
164395|2006-07-06|SN|III CSK 66/05|Wyrok|78|https://www.saos.org.pl/judgments/164395
164401|2006-07-05|SN|IV CSK 98/06|Wyrok|78|https://www.saos.org.pl/judgments/164401
84368|2006-06-08|SN|II PK 311/05|Wyrok|78|https://www.saos.org.pl/judgments/84368
84346|2006-06-02|SN|I PK 250/05|Wyrok|78|https://www.saos.org.pl/judgments/84346
164261|2006-05-12|SN|V CSK 41/06|Wyrok|78|https://www.saos.org.pl/judgments/164261
164271|2006-05-11|SN|I CK 400/05|Wyrok|78|https://www.saos.org.pl/judgments/164271
164240|2006-04-27|SN|I CSK 22/06|Wyrok|78|https://www.saos.org.pl/judgments/164240
84256|2006-04-12|SN|III PO 1/06|Wyrok|78|https://www.saos.org.pl/judgments/84256
84245|2006-04-11|SN|I PK 169/05|Wyrok|78|https://www.saos.org.pl/judgments/84245
164154|2006-03-21|SN|V CSK 188/05|Wyrok|78|https://www.saos.org.pl/judgments/164154
84146|2006-03-09|SN|II PK 235/05|Wyrok|78|https://www.saos.org.pl/judgments/84146
84135|2006-03-07|SN|I PK 146/05|Wyrok|78|https://www.saos.org.pl/judgments/84135
164083|2006-03-03|SN|II CK 409/05|Wyrok|78|https://www.saos.org.pl/judgments/164083
164108|2006-02-27|SN|II CSK 70/05|Wyrok|78|https://www.saos.org.pl/judgments/164108
164006|2006-02-02|SN|II CK 395/05|Wyrok|78|https://www.saos.org.pl/judgments/164006
164011|2006-02-01|SN|V CSK 86/05|Wyrok|78|https://www.saos.org.pl/judgments/164011
84015|2006-01-12|SN|III PO 1/04|Wyrok|78|https://www.saos.org.pl/judgments/84015
163887|2005-12-20|SN|III CK 121/05|Wyrok|78|https://www.saos.org.pl/judgments/163887
163864|2005-12-15|SN|V CK 400/05|Wyrok|78|https://www.saos.org.pl/judgments/163864
163684|2005-10-26|SN|V CK 279/05|Wyrok|78|https://www.saos.org.pl/judgments/163684
163636|2005-10-21|SN|III CK 139/05|Wyrok|78|https://www.saos.org.pl/judgments/163636
163650|2005-10-20|SN|IV CK 87/05|Wyrok|78|https://www.saos.org.pl/judgments/163650
163583|2005-10-05|SN|II CK 102/05|Wyrok|78|https://www.saos.org.pl/judgments/163583
163527|2005-09-15|SN|II CK 73/05|Wyrok|78|https://www.saos.org.pl/judgments/163527
83686|2005-08-18|SN|V CK 98/05|Wyrok|78|https://www.saos.org.pl/judgments/83686
163486|2005-08-11|SN|V CK 77/05|Wyrok|78|https://www.saos.org.pl/judgments/163486
163484|2005-08-11|SN|V CK 73/05|Wyrok|78|https://www.saos.org.pl/judgments/163484
163406|2005-07-07|SN|IV CK 28/05|Wyrok|78|https://www.saos.org.pl/judgments/163406
83564|2005-07-07|SN|II PK 349/04|Wyrok|78|https://www.saos.org.pl/judgments/83564
83532|2005-06-29|SN|I PK 233/04|Wyrok|78|https://www.saos.org.pl/judgments/83532
83492|2005-06-15|SN|II PK 270/04|Wyrok|78|https://www.saos.org.pl/judgments/83492
83394|2005-05-12|SN|I PK 246/04|Wyrok|78|https://www.saos.org.pl/judgments/83394
163257|2005-05-11|SN|III CK 536/04|Wyrok|78|https://www.saos.org.pl/judgments/163257
163207|2005-04-28|SN|III CK 371/04|Wyrok|78|https://www.saos.org.pl/judgments/163207
163166|2005-04-13|SN|IV CK 680/04|Wyrok|78|https://www.saos.org.pl/judgments/163166
83327|2005-04-13|SN|II PK 225/04|Wyrok|78|https://www.saos.org.pl/judgments/83327
83313|2005-04-04|SN|I PK 195/04|Wyrok|78|https://www.saos.org.pl/judgments/83313
83290|2005-03-18|SN|II CK 526/04|Wyrok|78|https://www.saos.org.pl/judgments/83290
162970|2005-02-02|SN|IV CK 464/04|Wyrok|78|https://www.saos.org.pl/judgments/162970
162896|2005-01-21|SN|I CK 4/05|Wyrok|78|https://www.saos.org.pl/judgments/162896
162894|2005-01-21|SN|I CK 316/04|Wyrok|78|https://www.saos.org.pl/judgments/162894
83142|2005-01-20|SN|I UK 99/04|Wyrok|78|https://www.saos.org.pl/judgments/83142
83155|2005-01-17|SN|SNO 53/04|Wyrok|78|https://www.saos.org.pl/judgments/83155
83014|2004-11-24|SN|I UK 3/04|Wyrok|78|https://www.saos.org.pl/judgments/83014
82986|2004-11-17|SN|II PK 69/04|Wyrok|78|https://www.saos.org.pl/judgments/82986
162724|2004-11-10|SN|II CK 221/04|Wyrok|78|https://www.saos.org.pl/judgments/162724
82946|2004-10-28|SN|II UK 66/04|Wyrok|78|https://www.saos.org.pl/judgments/82946
82828|2004-09-16|SN|III ZS 1/04|Wyrok|78|https://www.saos.org.pl/judgments/82828
82824|2004-09-16|SN|III PO 60/04|Wyrok|78|https://www.saos.org.pl/judgments/82824
82801|2004-08-25|SN|I PK 654/03|Wyrok|78|https://www.saos.org.pl/judgments/82801
82768|2004-07-14|SN|IV CK 573/03|Wyrok|78|https://www.saos.org.pl/judgments/82768
82754|2004-06-30|SN|IV CK 474/03|Wyrok|78|https://www.saos.org.pl/judgments/82754
82576|2004-04-01|SN|II CK 130/03|Wyrok|78|https://www.saos.org.pl/judgments/82576
82506|2004-02-19|SN|II UK 274/03|Wyrok|78|https://www.saos.org.pl/judgments/82506
82457|2004-01-27|SN|I PK 293/03|Wyrok|78|https://www.saos.org.pl/judgments/82457
82455|2004-01-27|SN|I PK 219/03|Wyrok|78|https://www.saos.org.pl/judgments/82455
82469|2004-01-26|SN|SNO 84/03|Wyrok|78|https://www.saos.org.pl/judgments/82469
82327|2003-11-19|SN|I PK 365/03|Wyrok|78|https://www.saos.org.pl/judgments/82327
82322|2003-11-12|SN|SNO 71/03|Wyrok|78|https://www.saos.org.pl/judgments/82322
82318|2003-11-12|SN|I PK 625/02|Wyrok|78|https://www.saos.org.pl/judgments/82318
82262|2003-10-21|SN|I PK 414/02|Wyrok|78|https://www.saos.org.pl/judgments/82262
82237|2003-10-10|SN|I PK 295/02|Wyrok|78|https://www.saos.org.pl/judgments/82237
82151|2003-08-20|SN|II UK 386/02|Wyrok|78|https://www.saos.org.pl/judgments/82151
82135|2003-07-31|SN|III RN 36/03|Wyrok|78|https://www.saos.org.pl/judgments/82135
82129|2003-07-29|SN|I PK 294/02|Wyrok|78|https://www.saos.org.pl/judgments/82129
82121|2003-07-25|SN|I PK 269/02|Wyrok|78|https://www.saos.org.pl/judgments/82121
82050|2003-06-06|SN|SNO 26/03|Wyrok|78|https://www.saos.org.pl/judgments/82050
82021|2003-05-20|SN|I PK 415/02|Wyrok|78|https://www.saos.org.pl/judgments/82021
81883|2003-03-06|SN|I PK 171/02|Wyrok|78|https://www.saos.org.pl/judgments/81883
81825|2003-01-21|SN|SNO 56/02|Wyrok|78|https://www.saos.org.pl/judgments/81825
81734|2002-12-05|SN|I PKN 620/01|Wyrok|78|https://www.saos.org.pl/judgments/81734
81713|2002-11-26|SN|I PKN 632/01|Wyrok|78|https://www.saos.org.pl/judgments/81713
81693|2002-11-07|SN|SNO 40/02|Wyrok|78|https://www.saos.org.pl/judgments/81693
81692|2002-11-07|SN|SNO 39/02|Wyrok|78|https://www.saos.org.pl/judgments/81692
81605|2002-10-02|SN|I PKN 374/01|Wyrok|78|https://www.saos.org.pl/judgments/81605
81524|2002-07-18|SN|III RN 38/02|Wyrok|78|https://www.saos.org.pl/judgments/81524
81497|2002-07-04|SN|SNO 9/02|Wyrok|78|https://www.saos.org.pl/judgments/81497
81379|2002-05-08|SN|I PKN 267/01|Wyrok|78|https://www.saos.org.pl/judgments/81379
81348|2002-04-18|SN|III RN 4/01|Wyrok|78|https://www.saos.org.pl/judgments/81348
81346|2002-04-18|SN|III RN 200/00|Wyrok|78|https://www.saos.org.pl/judgments/81346
80970|2001-11-09|SN|V KKN 264/01|Wyrok|78|https://www.saos.org.pl/judgments/80970
80737|2001-07-19|SN|II UKN 475/00|Wyrok|78|https://www.saos.org.pl/judgments/80737
80640|2001-06-07|SN|III RN 105/00|Wyrok|78|https://www.saos.org.pl/judgments/80640
80530|2001-04-20|SN|I PKN 379/00|Wyrok|78|https://www.saos.org.pl/judgments/80530
80403|2001-03-08|SN|III RN 80/00|Wyrok|78|https://www.saos.org.pl/judgments/80403
80349|2001-02-22|SN|III RN 70/00|Wyrok|78|https://www.saos.org.pl/judgments/80349
80271|2001-01-26|SN|II CKN 25/00|Wyrok|78|https://www.saos.org.pl/judgments/80271
80210|2001-01-05|SN|III RN 45/00|Wyrok|78|https://www.saos.org.pl/judgments/80210
79877|2000-08-10|SN|I PKN 769/99|Wyrok|78|https://www.saos.org.pl/judgments/79877
79849|2000-07-20|SN|I PKN 732/99|Wyrok|78|https://www.saos.org.pl/judgments/79849
79745|2000-05-26|SN|III RN 170/99|Wyrok|78|https://www.saos.org.pl/judgments/79745
79635|2000-04-13|SN|I PKN 580/99|Wyrok|78|https://www.saos.org.pl/judgments/79635
79194|1999-08-05|SN|II UKN 231/99|Wyrok|78|https://www.saos.org.pl/judgments/79194
78945|1999-04-07|SN|I PKN 648/98|Wyrok|78|https://www.saos.org.pl/judgments/78945
78786|1999-01-06|SN|III RN 180/98|Wyrok|78|https://www.saos.org.pl/judgments/78786
78631|1998-10-22|SN|III RN 69/98|Wyrok|78|https://www.saos.org.pl/judgments/78631
78616|1998-10-20|SN|I PKN 392/98|Wyrok|78|https://www.saos.org.pl/judgments/78616
78168|1998-02-25|SN|III RN 116/97|Wyrok|78|https://www.saos.org.pl/judgments/78168
78000|1997-12-12|SN|III RN 93/97|Wyrok|78|https://www.saos.org.pl/judgments/78000
82897|2004-10-05|SN|III SZP 1/04|Postanowienie|76|https://www.saos.org.pl/judgments/82897
89007|2008-10-30|SN|II CSK 263/08|Postanowienie|69|https://www.saos.org.pl/judgments/89007
89037|2008-10-29|SN|IV CZ 79/08|Postanowienie|69|https://www.saos.org.pl/judgments/89037
89030|2008-10-29|SN|IV CSK 246/08|Postanowienie|69|https://www.saos.org.pl/judgments/89030
88993|2008-10-28|SN|I PZ 24/08|Postanowienie|69|https://www.saos.org.pl/judgments/88993
88843|2008-10-10|SN|II CO 22/08|Postanowienie|69|https://www.saos.org.pl/judgments/88843
88885|2008-10-08|SN|V CZ 61/08|Postanowienie|69|https://www.saos.org.pl/judgments/88885
88872|2008-10-08|SN|V CO 26/08|Postanowienie|69|https://www.saos.org.pl/judgments/88872
88828|2008-09-30|SN|II UZ 39/08|Postanowienie|69|https://www.saos.org.pl/judgments/88828
88679|2008-09-04|SN|IV CZ 71/08|Postanowienie|69|https://www.saos.org.pl/judgments/88679
88625|2008-08-27|SN|II CZ 56/08|Postanowienie|69|https://www.saos.org.pl/judgments/88625
88613|2008-08-21|SN|IV CZ 67/08|Postanowienie|69|https://www.saos.org.pl/judgments/88613
88611|2008-08-21|SN|IV CZ 64/08|Postanowienie|69|https://www.saos.org.pl/judgments/88611
88610|2008-08-21|SN|IV CZ 63/08|Postanowienie|69|https://www.saos.org.pl/judgments/88610
88588|2008-08-13|SN|I CZ 66/08|Postanowienie|69|https://www.saos.org.pl/judgments/88588
88498|2008-07-17|SN|II PZ 15/08|Postanowienie|69|https://www.saos.org.pl/judgments/88498
88449|2008-07-10|SN|III CZP 63/08|Postanowienie|69|https://www.saos.org.pl/judgments/88449
88437|2008-07-08|SN|II PZ 12/08|Postanowienie|69|https://www.saos.org.pl/judgments/88437
88383|2008-07-04|SN|I CZ 51/08|Postanowienie|69|https://www.saos.org.pl/judgments/88383
88382|2008-07-04|SN|I CZ 50/08|Postanowienie|69|https://www.saos.org.pl/judgments/88382
88379|2008-07-04|SN|I CZ 45/08|Postanowienie|69|https://www.saos.org.pl/judgments/88379
88301|2008-06-19|SN|V CZ 38/08|Postanowienie|69|https://www.saos.org.pl/judgments/88301
88189|2008-06-13|SN|I CNP 25/08|Postanowienie|69|https://www.saos.org.pl/judgments/88189
88206|2008-06-12|SN|II CSK 133/08|Postanowienie|69|https://www.saos.org.pl/judgments/88206
88250|2008-06-11|SN|V CZ 31/08|Postanowienie|69|https://www.saos.org.pl/judgments/88250
88245|2008-06-11|SN|V CSK 35/08|Postanowienie|69|https://www.saos.org.pl/judgments/88245
88111|2008-05-20|SN|II UK 293/07|Postanowienie|69|https://www.saos.org.pl/judgments/88111
88101|2008-05-14|SN|SNO 42/08|Postanowienie|69|https://www.saos.org.pl/judgments/88101
88035|2008-05-09|SN|IV CNP 27/08|Postanowienie|69|https://www.saos.org.pl/judgments/88035
87981|2008-05-09|SN|I CNP 19/08|Postanowienie|69|https://www.saos.org.pl/judgments/87981
87943|2008-04-23|SN|III CZ 14/08|Postanowienie|69|https://www.saos.org.pl/judgments/87943
87514|2008-03-06|SN|III KK 421/07|Postanowienie|69|https://www.saos.org.pl/judgments/87514
87406|2008-02-20|SN|III SK 23/07|Postanowienie|69|https://www.saos.org.pl/judgments/87406
87293|2008-02-07|SN|V CSK 435/07|Postanowienie|69|https://www.saos.org.pl/judgments/87293
87275|2008-02-07|SN|IV CNP 217/07|Postanowienie|69|https://www.saos.org.pl/judgments/87275
87212|2008-01-29|SN|IV CSK 432/07|Postanowienie|69|https://www.saos.org.pl/judgments/87212
87114|2008-01-24|SN|II CNP 211/07|Postanowienie|69|https://www.saos.org.pl/judgments/87114
87042|2008-01-18|SN|I CNP 114/07|Postanowienie|69|https://www.saos.org.pl/judgments/87042
86965|2008-01-04|SN|III CSK 199/07|Postanowienie|69|https://www.saos.org.pl/judgments/86965
165022|2007-12-21|SN|II CNP 206/07|Postanowienie|69|https://www.saos.org.pl/judgments/165022
165039|2007-12-17|SN|V CO 36/07|Postanowienie|69|https://www.saos.org.pl/judgments/165039
165000|2007-12-14|SN|III CZ 61/07|Postanowienie|69|https://www.saos.org.pl/judgments/165000
164984|2007-12-06|SN|IV CO 27/07|Postanowienie|69|https://www.saos.org.pl/judgments/164984
86881|2007-11-29|SN|III CSK 176/07|Postanowienie|69|https://www.saos.org.pl/judgments/86881
86836|2007-11-16|SN|IV CO 24/07|Postanowienie|69|https://www.saos.org.pl/judgments/86836
86832|2007-11-13|SN|III SPP 44/07|Postanowienie|69|https://www.saos.org.pl/judgments/86832
86750|2007-10-26|SN|III CO 15/07|Postanowienie|69|https://www.saos.org.pl/judgments/86750
86740|2007-10-25|SN|I KZP 33/07|Postanowienie|69|https://www.saos.org.pl/judgments/86740
164924|2007-10-23|SN|III CSK 126/07|Postanowienie|69|https://www.saos.org.pl/judgments/164924
164906|2007-10-18|SN|III CO 14/07|Postanowienie|69|https://www.saos.org.pl/judgments/164906
164919|2007-10-16|SN|III CO 13/07|Postanowienie|69|https://www.saos.org.pl/judgments/164919
86700|2007-10-11|SN|III PO 3/07|Postanowienie|69|https://www.saos.org.pl/judgments/86700
164843|2007-10-04|SN|V CZ 80/07|Postanowienie|69|https://www.saos.org.pl/judgments/164843
86603|2007-09-17|SN|III UO 14/07|Postanowienie|69|https://www.saos.org.pl/judgments/86603
86477|2007-08-22|SN|III CZP 76/07|Postanowienie|69|https://www.saos.org.pl/judgments/86477
86431|2007-08-10|SN|II CZ 55/07|Postanowienie|69|https://www.saos.org.pl/judgments/86431
86373|2007-07-26|SN|V CSK 121/07|Postanowienie|69|https://www.saos.org.pl/judgments/86373
86365|2007-07-24|SN|IV CNP 80/07|Postanowienie|69|https://www.saos.org.pl/judgments/86365
86363|2007-07-24|SN|IV CNP 124/07|Postanowienie|69|https://www.saos.org.pl/judgments/86363
86281|2007-07-10|SN|II PZ 29/07|Postanowienie|69|https://www.saos.org.pl/judgments/86281
86232|2007-07-06|SN|I CSK 206/07|Postanowienie|69|https://www.saos.org.pl/judgments/86232
86101|2007-06-20|SN|II CSK 100/07|Postanowienie|69|https://www.saos.org.pl/judgments/86101
86038|2007-06-06|SN|III CZ 25/07|Postanowienie|69|https://www.saos.org.pl/judgments/86038
86050|2007-06-05|SN|III SPP 19/07|Postanowienie|69|https://www.saos.org.pl/judgments/86050
86021|2007-06-05|SN|I CZ 62/07|Postanowienie|69|https://www.saos.org.pl/judgments/86021
85960|2007-05-30|SN|I CZ 43/07|Postanowienie|69|https://www.saos.org.pl/judgments/85960
85955|2007-05-30|SN|I CZ 35/07|Postanowienie|69|https://www.saos.org.pl/judgments/85955
85849|2007-05-17|SN|I CSK 54/07|Postanowienie|69|https://www.saos.org.pl/judgments/85849
85796|2007-05-09|SN|I PZP 2/07|Postanowienie|69|https://www.saos.org.pl/judgments/85796
85845|2007-05-07|SN|V KZ 24/07|Postanowienie|69|https://www.saos.org.pl/judgments/85845
85749|2007-04-26|SN|II CSK 536/06|Postanowienie|69|https://www.saos.org.pl/judgments/85749
85675|2007-04-19|SN|I CZ 41/07|Postanowienie|69|https://www.saos.org.pl/judgments/85675
85672|2007-04-19|SN|I CZ 18/07|Postanowienie|69|https://www.saos.org.pl/judgments/85672
85715|2007-04-18|SN|V CZ 30/07|Postanowienie|69|https://www.saos.org.pl/judgments/85715
85713|2007-04-18|SN|V CZ 28/07|Postanowienie|69|https://www.saos.org.pl/judgments/85713
85677|2007-04-17|SN|I PZ 5/07|Postanowienie|69|https://www.saos.org.pl/judgments/85677
85512|2007-03-22|SN|III CZ 16/07|Postanowienie|69|https://www.saos.org.pl/judgments/85512
85478|2007-03-21|SN|I CSK 434/06|Postanowienie|69|https://www.saos.org.pl/judgments/85478
85464|2007-03-14|SN|III SPP 3/07|Postanowienie|69|https://www.saos.org.pl/judgments/85464
85319|2007-02-22|SN|IV CZ 12/07|Postanowienie|69|https://www.saos.org.pl/judgments/85319
85316|2007-02-22|SN|IV CSK 390/06|Postanowienie|69|https://www.saos.org.pl/judgments/85316
85188|2007-02-06|SN|IV CNP 11/07|Postanowienie|69|https://www.saos.org.pl/judgments/85188
85129|2007-02-02|SN|IV CZ 2/07|Postanowienie|69|https://www.saos.org.pl/judgments/85129
84994|2007-01-18|SN|I CSK 330/06|Postanowienie|69|https://www.saos.org.pl/judgments/84994
84940|2007-01-11|SN|II CSK 343/06|Postanowienie|69|https://www.saos.org.pl/judgments/84940
84888|2007-01-05|SN|III SPP 47/06|Postanowienie|69|https://www.saos.org.pl/judgments/84888
164807|2006-12-21|SN|III CZ 96/06|Postanowienie|69|https://www.saos.org.pl/judgments/164807
84881|2006-12-19|SN|V CO 18/06|Postanowienie|69|https://www.saos.org.pl/judgments/84881
164691|2006-11-23|SN|IV CZ 89/06|Postanowienie|69|https://www.saos.org.pl/judgments/164691
164631|2006-11-08|SN|III CZ 77/06|Postanowienie|69|https://www.saos.org.pl/judgments/164631
84702|2006-11-08|SN|I PK 120/06|Postanowienie|69|https://www.saos.org.pl/judgments/84702
84635|2006-10-11|SN|I UZ 18/06|Postanowienie|69|https://www.saos.org.pl/judgments/84635
164532|2006-10-06|SN|V CZ 66/06|Postanowienie|69|https://www.saos.org.pl/judgments/164532
164540|2006-10-05|SN|IV CSK 163/06|Postanowienie|69|https://www.saos.org.pl/judgments/164540
164461|2006-08-03|SN|IV CZ 64/06|Postanowienie|69|https://www.saos.org.pl/judgments/164461
84483|2006-07-26|SN|III SPP 30/06|Postanowienie|69|https://www.saos.org.pl/judgments/84483
164428|2006-07-19|SN|I CSK 112/06|Postanowienie|69|https://www.saos.org.pl/judgments/164428
164343|2006-06-09|SN|IV CZ 45/06|Postanowienie|69|https://www.saos.org.pl/judgments/164343
164358|2006-06-06|SN|II CSK 10/06|Postanowienie|69|https://www.saos.org.pl/judgments/164358
84349|2006-05-29|SN|I UK 314/05|Postanowienie|69|https://www.saos.org.pl/judgments/84349
164246|2006-04-26|SN|II CZ 24/06|Postanowienie|69|https://www.saos.org.pl/judgments/164246
164198|2006-04-11|SN|I CO 2/06|Postanowienie|69|https://www.saos.org.pl/judgments/164198
164150|2006-03-21|SN|V CNP 68/05|Postanowienie|69|https://www.saos.org.pl/judgments/164150
84195|2006-03-21|SN|III SPP 13/06|Postanowienie|69|https://www.saos.org.pl/judgments/84195
164122|2006-03-17|SN|I CSK 111/05|Postanowienie|69|https://www.saos.org.pl/judgments/164122
164130|2006-03-16|SN|III CZ 10/06|Postanowienie|69|https://www.saos.org.pl/judgments/164130
84183|2006-03-16|SN|III SPP 10/06|Postanowienie|69|https://www.saos.org.pl/judgments/84183
164036|2006-02-07|SN|IV CZ 6/06|Postanowienie|69|https://www.saos.org.pl/judgments/164036
84042|2006-01-19|SN|III SPP 165/05|Postanowienie|69|https://www.saos.org.pl/judgments/84042
83976|2006-01-06|SN|III SPP 156/05|Postanowienie|69|https://www.saos.org.pl/judgments/83976
83975|2006-01-06|SN|III SPP 154/05|Postanowienie|69|https://www.saos.org.pl/judgments/83975
83953|2005-12-13|SN|II UZP 14/05|Postanowienie|69|https://www.saos.org.pl/judgments/83953
83915|2005-12-07|SN|III KRS 7/05|Postanowienie|69|https://www.saos.org.pl/judgments/83915
163671|2005-10-28|SN|V CNP 13/05|Postanowienie|69|https://www.saos.org.pl/judgments/163671
163678|2005-10-27|SN|III CZP 69/05|Postanowienie|69|https://www.saos.org.pl/judgments/163678
83827|2005-10-27|SN|III CK 155/05|Postanowienie|69|https://www.saos.org.pl/judgments/83827
83823|2005-10-27|SN|I KZP 37/05|Postanowienie|69|https://www.saos.org.pl/judgments/83823
83749|2005-09-26|SN|II PK 98/05|Postanowienie|69|https://www.saos.org.pl/judgments/83749
163515|2005-08-24|SN|II CK 42/05|Postanowienie|69|https://www.saos.org.pl/judgments/163515
163499|2005-08-09|SN|IV CK 57/05|Postanowienie|69|https://www.saos.org.pl/judgments/163499
83616|2005-07-15|SN|III SPP 121/05|Postanowienie|69|https://www.saos.org.pl/judgments/83616
163441|2005-07-12|SN|I CZ 34/05|Postanowienie|69|https://www.saos.org.pl/judgments/163441
163395|2005-07-08|SN|II CK 759/04|Postanowienie|69|https://www.saos.org.pl/judgments/163395
83581|2005-07-08|SN|III SPP 120/05|Postanowienie|69|https://www.saos.org.pl/judgments/83581
163269|2005-05-20|SN|III CZ 20/05|Postanowienie|69|https://www.saos.org.pl/judgments/163269
163268|2005-05-20|SN|III CZ 18/05|Postanowienie|69|https://www.saos.org.pl/judgments/163268
163267|2005-05-20|SN|III CZ 11/05|Postanowienie|69|https://www.saos.org.pl/judgments/163267
83426|2005-05-20|SN|III CZ 10/05|Postanowienie|69|https://www.saos.org.pl/judgments/83426
83415|2005-05-12|SN|III SPP 96/05|Postanowienie|69|https://www.saos.org.pl/judgments/83415
163205|2005-04-29|SN|V CZ 25/05|Postanowienie|69|https://www.saos.org.pl/judgments/163205
163184|2005-04-22|SN|II CZ 40/05|Postanowienie|69|https://www.saos.org.pl/judgments/163184
163138|2005-04-07|SN|II CZ 4/05|Postanowienie|69|https://www.saos.org.pl/judgments/163138
83321|2005-04-07|SN|I UZ 65/04|Postanowienie|69|https://www.saos.org.pl/judgments/83321
163086|2005-03-09|SN|III CZ 115/04|Postanowienie|69|https://www.saos.org.pl/judgments/163086
83280|2005-03-08|SN|III SPP 34/05|Postanowienie|69|https://www.saos.org.pl/judgments/83280
162923|2005-01-28|SN|II CK 341/04|Postanowienie|69|https://www.saos.org.pl/judgments/162923
162893|2005-01-12|SN|I CK 579/04|Postanowienie|69|https://www.saos.org.pl/judgments/162893
83044|2004-11-30|SN|IV CK 286/04|Postanowienie|69|https://www.saos.org.pl/judgments/83044
162714|2004-11-10|SN|I CK 560/04|Postanowienie|69|https://www.saos.org.pl/judgments/162714
82871|2004-09-28|SN|II UZ 43/04|Postanowienie|69|https://www.saos.org.pl/judgments/82871
82725|2004-06-16|SN|I CZ 48/04|Postanowienie|69|https://www.saos.org.pl/judgments/82725
82619|2004-04-21|SN|III CO 2/04|Postanowienie|69|https://www.saos.org.pl/judgments/82619
82613|2004-04-15|SN|SDI 21/04|Postanowienie|69|https://www.saos.org.pl/judgments/82613
82606|2004-04-07|SN|SNO 12/04|Postanowienie|69|https://www.saos.org.pl/judgments/82606
82587|2004-04-01|SN|SDI 13/04|Postanowienie|69|https://www.saos.org.pl/judgments/82587
82498|2004-02-18|SN|I CZ 182/03|Postanowienie|69|https://www.saos.org.pl/judgments/82498
82411|2003-12-19|SN|III CK 319/03|Postanowienie|69|https://www.saos.org.pl/judgments/82411
82410|2003-12-19|SN|III CK 25/03|Postanowienie|69|https://www.saos.org.pl/judgments/82410
82281|2003-10-21|SN|SNO 59/03|Postanowienie|69|https://www.saos.org.pl/judgments/82281
82126|2003-07-22|SN|III RN 45/03|Postanowienie|69|https://www.saos.org.pl/judgments/82126
81934|2003-03-24|SN|II UK 393/02|Postanowienie|69|https://www.saos.org.pl/judgments/81934
81903|2003-03-12|SN|I PZ 157/02|Postanowienie|69|https://www.saos.org.pl/judgments/81903
81755|2002-12-11|SN|III DS 19/02|Postanowienie|69|https://www.saos.org.pl/judgments/81755
81700|2002-11-14|SN|III RN 92/02|Postanowienie|69|https://www.saos.org.pl/judgments/81700
81699|2002-11-14|SN|III RN 7/02|Postanowienie|69|https://www.saos.org.pl/judgments/81699
81697|2002-11-14|SN|III RN 47/02|Postanowienie|69|https://www.saos.org.pl/judgments/81697
81696|2002-11-14|SN|III RN 16/02|Postanowienie|69|https://www.saos.org.pl/judgments/81696
81695|2002-11-14|SN|III RN 115/02|Postanowienie|69|https://www.saos.org.pl/judgments/81695
81685|2002-11-07|SN|III RN 191/01|Postanowienie|69|https://www.saos.org.pl/judgments/81685
81678|2002-11-06|SN|III CZ 98/02|Postanowienie|69|https://www.saos.org.pl/judgments/81678
81651|2002-10-15|SN|III RN 180/01|Postanowienie|69|https://www.saos.org.pl/judgments/81651
81541|2002-08-23|SN|I PZ 72/02|Postanowienie|69|https://www.saos.org.pl/judgments/81541
81512|2002-07-10|SN|III RN 52/02|Postanowienie|69|https://www.saos.org.pl/judgments/81512
81407|2002-05-21|SN|III CKN 948/00|Postanowienie|69|https://www.saos.org.pl/judgments/81407
81345|2002-04-18|SN|III RN 157/00|Postanowienie|69|https://www.saos.org.pl/judgments/81345
81343|2002-04-17|SN|III CK 53/02|Postanowienie|69|https://www.saos.org.pl/judgments/81343
81320|2002-03-27|SN|III RN 9/01|Postanowienie|69|https://www.saos.org.pl/judgments/81320
81008|2001-11-19|SN|I PZ 85/01|Postanowienie|69|https://www.saos.org.pl/judgments/81008
80975|2001-11-14|SN|II CZ 76/01|Postanowienie|69|https://www.saos.org.pl/judgments/80975
80966|2001-11-09|SN|III RN 189/01|Postanowienie|69|https://www.saos.org.pl/judgments/80966
80805|2001-08-29|SN|III RN 123/00|Postanowienie|69|https://www.saos.org.pl/judgments/80805
80721|2001-07-06|SN|III RN 121/00|Postanowienie|69|https://www.saos.org.pl/judgments/80721
80643|2001-06-07|SN|III RN 111/00|Postanowienie|69|https://www.saos.org.pl/judgments/80643
80580|2001-05-18|SN|III RN 96/00|Postanowienie|69|https://www.saos.org.pl/judgments/80580
80397|2001-03-08|SN|III KKO 5/00|Postanowienie|69|https://www.saos.org.pl/judgments/80397
80354|2001-02-22|SN|III RN 78/00|Postanowienie|69|https://www.saos.org.pl/judgments/80354
80350|2001-02-22|SN|III RN 71/00|Postanowienie|69|https://www.saos.org.pl/judgments/80350
80332|2001-02-15|SN|I PKN 977/00|Postanowienie|69|https://www.saos.org.pl/judgments/80332
80246|2001-01-15|SN|I PZ 85/00|Postanowienie|69|https://www.saos.org.pl/judgments/80246
80212|2001-01-05|SN|III RN 54/00|Postanowienie|69|https://www.saos.org.pl/judgments/80212
79843|2000-07-12|SN|III RN 206/99|Postanowienie|69|https://www.saos.org.pl/judgments/79843
79787|2000-06-14|SN|V CKN 1119/00|Postanowienie|69|https://www.saos.org.pl/judgments/79787
79703|2000-05-11|SN|III RN 165/99|Postanowienie|69|https://www.saos.org.pl/judgments/79703
79630|2000-04-06|SN|III RN 157/99|Postanowienie|69|https://www.saos.org.pl/judgments/79630
79569|2000-03-16|SN|I PKN 723/99|Postanowienie|69|https://www.saos.org.pl/judgments/79569
79568|2000-03-16|SN|I PKN 672/99|Postanowienie|69|https://www.saos.org.pl/judgments/79568
79531|2000-02-03|SN|III RN 195/99|Postanowienie|69|https://www.saos.org.pl/judgments/79531
79529|2000-02-03|SN|III RN 128/99|Postanowienie|69|https://www.saos.org.pl/judgments/79529
79479|2000-01-13|SN|III RN 123/99|Postanowienie|69|https://www.saos.org.pl/judgments/79479
79409|1999-12-02|SN|III RN 106/99|Postanowienie|69|https://www.saos.org.pl/judgments/79409
79331|1999-10-22|SN|I PZ 45/99|Postanowienie|69|https://www.saos.org.pl/judgments/79331
79324|1999-10-22|SN|I PKN 216/99|Postanowienie|69|https://www.saos.org.pl/judgments/79324
79254|1999-09-16|SN|I PKN 331/99|Postanowienie|69|https://www.saos.org.pl/judgments/79254
79150|1999-07-07|SN|III RN 27/99|Postanowienie|69|https://www.saos.org.pl/judgments/79150
79091|1999-06-09|SN|III RN 17/99|Postanowienie|69|https://www.saos.org.pl/judgments/79091
78778|1998-12-29|SN|I PZ 67/98|Postanowienie|69|https://www.saos.org.pl/judgments/78778
78735|1998-12-02|SN|III RN 88/98|Postanowienie|69|https://www.saos.org.pl/judgments/78735
78596|1998-10-08|SN|III RN 54/98|Postanowienie|69|https://www.saos.org.pl/judgments/78596
78536|1998-09-09|SN|III RN 73/98|Postanowienie|69|https://www.saos.org.pl/judgments/78536
78507|1998-09-03|SN|III RN 52/98|Postanowienie|69|https://www.saos.org.pl/judgments/78507
78260|1998-04-07|SN|III RN 19/98|Postanowienie|69|https://www.saos.org.pl/judgments/78260
78183|1998-03-05|SN|III RN 5/98|Postanowienie|69|https://www.saos.org.pl/judgments/78183
77975|1997-12-03|SN|III RN 75/97|Postanowienie|69|https://www.saos.org.pl/judgments/77975
366|2008-10-30|SO|I ACa 620/07|Wyrok|56|https://www.saos.org.pl/judgments/366
146705|2006-11-08|SO|II AKz 687/06|Postanowienie|47|https://www.saos.org.pl/judgments/146705
113058|2008-09-01|KIO|KIO/UZP 860/08|Wyrok|44|https://www.saos.org.pl/judgments/113058
