saos_id|date|court|case_number|type|saos_url
544149|2026-03-25|SO|II Ca 724/25|Zarządzenie|https://www.saos.org.pl/judgments/544149
544847|2025-12-01|SO|III Ca 953/24|Uzasadnienie|https://www.saos.org.pl/judgments/544847
538668|2025-11-27|SO|I ACa 1268/25|Wyrok|https://www.saos.org.pl/judgments/538668
536905|2025-09-29|SO|I ACa 3839/23|Wyrok|https://www.saos.org.pl/judgments/536905
539391|2025-09-11|SO|I ACa 695/23|Wyrok|https://www.saos.org.pl/judgments/539391
531969|2025-07-14|SO|I AGa 236/23|Wyrok|https://www.saos.org.pl/judgments/531969
539685|2025-06-17|SO|II Ca 2491/24|Wyrok|https://www.saos.org.pl/judgments/539685
529545|2025-06-17|SO|VIII Pa 83/25|Uzasadnienie|https://www.saos.org.pl/judgments/529545
533333|2025-06-12|SO|V Ca 320/25|Wyrok|https://www.saos.org.pl/judgments/533333
541198|2025-06-04|SO|II Ca 724/23|Postanowienie|https://www.saos.org.pl/judgments/541198
527499|2025-05-09|SO|I ACa 1566/23|Wyrok|https://www.saos.org.pl/judgments/527499
539687|2025-04-14|SO|II Ca 655/24|Uzasadnienie|https://www.saos.org.pl/judgments/539687
541195|2025-04-10|SO|II Ca 187/24|Postanowienie|https://www.saos.org.pl/judgments/541195
541674|2025-04-09|SO|I ACa 540/23|Wyrok|https://www.saos.org.pl/judgments/541674
530523|2025-04-08|SO|II Ca 1022/23|Postanowienie|https://www.saos.org.pl/judgments/530523
530517|2025-03-28|SO|XXIII Zs 23/25|Wyrok|https://www.saos.org.pl/judgments/530517
528950|2025-03-27|SO|V Pa 68/24|Wyrok|https://www.saos.org.pl/judgments/528950
538063|2025-03-26|SO|I ACa 1569/22|Wyrok|https://www.saos.org.pl/judgments/538063
525373|2025-03-18|SO|II Ca 1430/24|Wyrok|https://www.saos.org.pl/judgments/525373
532640|2025-01-13|SO|XXIII Zs 169/24|Wyrok|https://www.saos.org.pl/judgments/532640
519106|2024-12-16|SO|II Ca 1093/24|Wyrok|https://www.saos.org.pl/judgments/519106
534419|2024-12-10|SO|I ACa 1509/22|Wyrok|https://www.saos.org.pl/judgments/534419
531498|2024-11-28|SO|I ACa 330/23|Wyrok|https://www.saos.org.pl/judgments/531498
531495|2024-11-28|SO|I ACa 299/23|Wyrok|https://www.saos.org.pl/judgments/531495
522426|2024-11-14|SO|V ACa 516/22|Wyrok|https://www.saos.org.pl/judgments/522426
520691|2024-10-29|SO|V ACa 792/24|Wyrok|https://www.saos.org.pl/judgments/520691
494731|2024-09-10|SO|I ACa 918/23|Wyrok|https://www.saos.org.pl/judgments/494731
521795|2024-08-26|SO|V ACa 420/22|Wyrok|https://www.saos.org.pl/judgments/521795
536448|2024-08-19|SO|III Ca 1644/22|Uzasadnienie|https://www.saos.org.pl/judgments/536448
517393|2024-08-09|SO|V Ca 226/24|Wyrok|https://www.saos.org.pl/judgments/517393
517391|2024-08-09|SO|V Ca 213/24|Wyrok|https://www.saos.org.pl/judgments/517391
509983|2024-08-06|SO|V Ca 1121/23|Wyrok|https://www.saos.org.pl/judgments/509983
541138|2024-08-02|SO|III Ca 238/24|Uzasadnienie|https://www.saos.org.pl/judgments/541138
515785|2024-07-29|SO|II Ca 239/23|Wyrok|https://www.saos.org.pl/judgments/515785
521097|2024-07-24|SO|I ACa 1740/22|Wyrok|https://www.saos.org.pl/judgments/521097
517389|2024-07-15|SO|V Ca 2028/23|Wyrok|https://www.saos.org.pl/judgments/517389
501878|2024-07-15|SO|II Ca 2724/21|Uzasadnienie|https://www.saos.org.pl/judgments/501878
526941|2024-07-01|SO|I ACa 263/22|Wyrok|https://www.saos.org.pl/judgments/526941
528144|2024-06-27|SO|I ACa 1192/24|Wyrok|https://www.saos.org.pl/judgments/528144
528528|2024-06-20|SO|I ACa 491/22|Wyrok|https://www.saos.org.pl/judgments/528528
519156|2024-06-20|SO|I ACa 1647/22|Wyrok|https://www.saos.org.pl/judgments/519156
517385|2024-06-06|SO|V Ca 1495/23|Wyrok|https://www.saos.org.pl/judgments/517385
536459|2024-06-05|SO|III Ca 1706/22|Uzasadnienie|https://www.saos.org.pl/judgments/536459
526536|2024-05-20|SO|I ACa 1121/21|Wyrok|https://www.saos.org.pl/judgments/526536
529567|2024-05-17|SO|I ACa 1472/24|Wyrok|https://www.saos.org.pl/judgments/529567
527390|2024-05-17|SO|II Ca 127/24|Zarządzenie|https://www.saos.org.pl/judgments/527390
509991|2024-05-16|SO|V Ca 1279/23|Wyrok|https://www.saos.org.pl/judgments/509991
540865|2024-04-25|SO|V ACa 1994/23|Wyrok|https://www.saos.org.pl/judgments/540865
531476|2024-04-25|SO|I ACa 1410/22|Wyrok|https://www.saos.org.pl/judgments/531476
517685|2024-04-25|SO|V ACa 2177/23|Wyrok|https://www.saos.org.pl/judgments/517685
521301|2024-04-19|SO|XXIII Zs 8/24|Wyrok|https://www.saos.org.pl/judgments/521301
532001|2024-04-15|SO|III Ca 1884/21|Uzasadnienie|https://www.saos.org.pl/judgments/532001
506068|2024-04-09|SO|III Ca 207/23|Wyrok|https://www.saos.org.pl/judgments/506068
542575|2024-03-15|SO|V ACa 1770/23|Wyrok|https://www.saos.org.pl/judgments/542575
521789|2024-03-15|SO|V ACa 175/20|Wyrok|https://www.saos.org.pl/judgments/521789
522053|2024-03-12|SO|V Ca 96/23|Wyrok|https://www.saos.org.pl/judgments/522053
531877|2024-03-07|SO|III Ca 254/22|Uzasadnienie|https://www.saos.org.pl/judgments/531877
530762|2024-02-16|SO|III Ca 2442/22|Uzasadnienie|https://www.saos.org.pl/judgments/530762
493936|2024-02-06|SO|I ACa 242/23|Wyrok|https://www.saos.org.pl/judgments/493936
493819|2024-02-06|SO|I ACa 184/23|Wyrok|https://www.saos.org.pl/judgments/493819
544036|2024-01-26|SO|V ACa 440/22|Wyrok|https://www.saos.org.pl/judgments/544036
542277|2024-01-24|SO|V ACa 2196/23|Wyrok|https://www.saos.org.pl/judgments/542277
530270|2024-01-19|SO|III Ca 2411/23|Uzasadnienie|https://www.saos.org.pl/judgments/530270
516802|2024-01-18|SO|I ACa 1126/22|Wyrok|https://www.saos.org.pl/judgments/516802
529499|2024-01-17|SO|III Ca 1360/22|Uzasadnienie|https://www.saos.org.pl/judgments/529499
530129|2024-01-15|SO|III Ca 2399/23|Uzasadnienie|https://www.saos.org.pl/judgments/530129
494825|2024-01-15|SO|I ACa 982/21|Wyrok|https://www.saos.org.pl/judgments/494825
529750|2024-01-12|SO|III Ca 1513/22|Uzasadnienie|https://www.saos.org.pl/judgments/529750
516871|2023-12-21|SO|V ACa 1184/23|Wyrok|https://www.saos.org.pl/judgments/516871
536085|2023-12-19|SO|I C 1092/22|Wyrok|https://www.saos.org.pl/judgments/536085
511816|2023-12-07|SO|VII Pa 13/23|Wyrok|https://www.saos.org.pl/judgments/511816
508825|2023-12-07|SO|IV Pa 28/23|Wyrok|https://www.saos.org.pl/judgments/508825
544079|2023-12-01|SO|V ACa 48/22|Wyrok|https://www.saos.org.pl/judgments/544079
502192|2023-11-30|SO|II Ca 743/23|Wyrok|https://www.saos.org.pl/judgments/502192
494704|2023-11-30|SO|I ACa 894/22|Wyrok|https://www.saos.org.pl/judgments/494704
494021|2023-11-30|SO|I ACa 293/23|Wyrok|https://www.saos.org.pl/judgments/494021
512737|2023-11-15|SO|VIII Ga 202/23|Wyrok|https://www.saos.org.pl/judgments/512737
494213|2023-11-14|SO|I ACa 464/23|Wyrok|https://www.saos.org.pl/judgments/494213
518362|2023-10-30|SO|III Ca 1820/23|Uzasadnienie|https://www.saos.org.pl/judgments/518362
508814|2023-10-24|SO|IV Pa 21/23|Wyrok|https://www.saos.org.pl/judgments/508814
522949|2023-10-10|SO|II Ca 998/21|Postanowienie|https://www.saos.org.pl/judgments/522949
522901|2023-10-10|SO|II Ca 1460/23|Postanowienie|https://www.saos.org.pl/judgments/522901
528688|2023-09-29|SO|II Ca 350/23|Zarządzenie|https://www.saos.org.pl/judgments/528688
515680|2023-09-20|SO|XXVII Ca 1834/22|Postanowienie|https://www.saos.org.pl/judgments/515680
493399|2023-09-12|SO|I ACa 1149/22|Wyrok|https://www.saos.org.pl/judgments/493399
493335|2023-08-31|SO|I ACa 1095/22|Wyrok|https://www.saos.org.pl/judgments/493335
494986|2023-08-10|SO|I AGa 255/22|Wyrok|https://www.saos.org.pl/judgments/494986
501731|2023-08-08|SO|II Ca 1670/22|Wyrok|https://www.saos.org.pl/judgments/501731
506589|2023-07-13|SO|III Ca 471/20|Uzasadnienie|https://www.saos.org.pl/judgments/506589
494233|2023-07-13|SO|I ACa 484/22|Wyrok|https://www.saos.org.pl/judgments/494233
509835|2023-07-07|SO|V ACa 612/23|Wyrok|https://www.saos.org.pl/judgments/509835
494741|2023-07-03|SO|I ACa 924/21|Wyrok|https://www.saos.org.pl/judgments/494741
509826|2023-06-30|SO|V ACa 564/23|Wyrok|https://www.saos.org.pl/judgments/509826
509780|2023-06-30|SO|V ACa 388/23|Wyrok|https://www.saos.org.pl/judgments/509780
509747|2023-06-30|SO|V ACa 241/23|Wyrok|https://www.saos.org.pl/judgments/509747
493578|2023-06-06|SO|I ACa 1378/21|Wyrok|https://www.saos.org.pl/judgments/493578
491171|2023-05-29|SO|I ACa 42/22|Wyrok|https://www.saos.org.pl/judgments/491171
509875|2023-05-19|SO|V ACa 99/23|Wyrok|https://www.saos.org.pl/judgments/509875
506033|2023-05-18|SO|III Ca 2009/21|Uzasadnienie|https://www.saos.org.pl/judgments/506033
499931|2023-04-27|SO|I Ca 425/22|Wyrok|https://www.saos.org.pl/judgments/499931
506096|2023-04-26|SO|III Ca 2135/21|Uzasadnienie|https://www.saos.org.pl/judgments/506096
494281|2023-04-26|SO|I ACa 530/22|Wyrok|https://www.saos.org.pl/judgments/494281
501997|2023-03-31|SO|II Ca 44/23|Wyrok|https://www.saos.org.pl/judgments/501997
505639|2023-03-28|SO|III Ca 1414/22|Uzasadnienie|https://www.saos.org.pl/judgments/505639
506142|2023-03-27|SO|III Ca 2199/21|Uzasadnienie|https://www.saos.org.pl/judgments/506142
505751|2023-03-21|SO|III Ca 1596/22|Uzasadnienie|https://www.saos.org.pl/judgments/505751
492001|2023-03-16|SO|XXIII Zs 10/23|Wyrok|https://www.saos.org.pl/judgments/492001
509765|2023-03-14|SO|V ACa 324/21|Wyrok|https://www.saos.org.pl/judgments/509765
509725|2023-03-13|SO|V ACa 1446/22|Wyrok|https://www.saos.org.pl/judgments/509725
509712|2023-03-13|SO|V ACa 1278/22|Wyrok|https://www.saos.org.pl/judgments/509712
522900|2023-03-07|SO|II Ca 1450/22|Wyrok|https://www.saos.org.pl/judgments/522900
485525|2023-03-01|SO|V ACa 509/22|Wyrok|https://www.saos.org.pl/judgments/485525
509704|2023-02-28|SO|V ACa 1148/22|Wyrok|https://www.saos.org.pl/judgments/509704
489153|2023-02-28|SO|XXIII Zs 162/22|Wyrok|https://www.saos.org.pl/judgments/489153
485256|2023-02-27|SO|II Ca 1954/22|Wyrok|https://www.saos.org.pl/judgments/485256
485954|2023-02-24|SO|VIII Ga 277/22|Uzasadnienie|https://www.saos.org.pl/judgments/485954
484695|2023-02-06|SO|I Ca 346/22|Uzasadnienie|https://www.saos.org.pl/judgments/484695
520498|2023-01-31|SO|III AUa 1168/21|Uzasadnienie|https://www.saos.org.pl/judgments/520498
516477|2023-01-31|SO|I AGa 126/22|Wyrok|https://www.saos.org.pl/judgments/516477
485767|2023-01-31|SO|III Ca 393/21|Wyrok|https://www.saos.org.pl/judgments/485767
483811|2023-01-27|SO|II Ca 1644/22|Postanowienie|https://www.saos.org.pl/judgments/483811
518014|2023-01-25|SO|I ACa 971/21|Wyrok|https://www.saos.org.pl/judgments/518014
509863|2023-01-24|SO|V ACa 866/22|Wyrok|https://www.saos.org.pl/judgments/509863
492980|2023-01-23|SO|VI ACa 1002/20|Wyrok|https://www.saos.org.pl/judgments/492980
482503|2023-01-20|SO|I ACa 298/22|Wyrok|https://www.saos.org.pl/judgments/482503
484456|2023-01-18|SO|III AUa 292/22|Wyrok|https://www.saos.org.pl/judgments/484456
515687|2023-01-10|SO|XXVII Ca 1998/19|Wyrok|https://www.saos.org.pl/judgments/515687
488041|2023-01-10|SO|I ACa 853/21|Wyrok|https://www.saos.org.pl/judgments/488041
506049|2023-01-05|SO|III Ca 2028/21|Uzasadnienie|https://www.saos.org.pl/judgments/506049
481973|2023-01-05|SO|V ACa 277/22|Wyrok|https://www.saos.org.pl/judgments/481973
505590|2022-12-27|SO|III Ca 1331/21|Uzasadnienie|https://www.saos.org.pl/judgments/505590
505569|2022-12-23|SO|III Ca 1271/21|Uzasadnienie|https://www.saos.org.pl/judgments/505569
511383|2022-12-19|SO|VI P 29/21|Wyrok|https://www.saos.org.pl/judgments/511383
481696|2022-12-19|SO|XXIII Zs 144/22|Wyrok|https://www.saos.org.pl/judgments/481696
506015|2022-12-14|SO|III Ca 1995/21|Uzasadnienie|https://www.saos.org.pl/judgments/506015
493708|2022-12-02|SO|I ACa 1570/21|Wyrok|https://www.saos.org.pl/judgments/493708
478457|2022-11-30|SO|VIII Pa 59/22|Zarządzenie|https://www.saos.org.pl/judgments/478457
478967|2022-11-18|SO|IX Ca 773/22|Postanowienie|https://www.saos.org.pl/judgments/478967
486727|2022-11-17|SO|V ACa 482/21|Wyrok|https://www.saos.org.pl/judgments/486727
486571|2022-11-14|SO|II Ca 489/22|Postanowienie|https://www.saos.org.pl/judgments/486571
509781|2022-11-07|SO|V ACa 398/21|Wyrok|https://www.saos.org.pl/judgments/509781
495096|2022-10-26|SO|I AGa 43/22|Wyrok|https://www.saos.org.pl/judgments/495096
481158|2022-10-25|SO|XXIII Zs 121/22|Wyrok|https://www.saos.org.pl/judgments/481158
491330|2022-10-24|SO|III Ca 932/21|Uzasadnienie|https://www.saos.org.pl/judgments/491330
509818|2022-10-21|SO|V ACa 538/22|Wyrok|https://www.saos.org.pl/judgments/509818
480722|2022-10-20|SO|XXIII Zs 109/22|Wyrok|https://www.saos.org.pl/judgments/480722
477476|2022-10-20|SO|V ACa 85/22|Wyrok|https://www.saos.org.pl/judgments/477476
478704|2022-10-14|SO|XXIII Zs 65/22|Wyrok|https://www.saos.org.pl/judgments/478704
509794|2022-10-11|SO|V ACa 446/22|Wyrok|https://www.saos.org.pl/judgments/509794
478103|2022-10-10|SO|I ACa 550/21|Wyrok|https://www.saos.org.pl/judgments/478103
501598|2022-10-07|SO|II Ca 1118/22|Wyrok|https://www.saos.org.pl/judgments/501598
482646|2022-10-06|SO|V Ca 189/20|Wyrok|https://www.saos.org.pl/judgments/482646
480427|2022-10-06|SO|XXIII Zs 102/22|Wyrok|https://www.saos.org.pl/judgments/480427
509715|2022-09-30|SO|V ACa 131/21|Wyrok|https://www.saos.org.pl/judgments/509715
489589|2022-09-29|SO|III Ca 2444/19|Uzasadnienie|https://www.saos.org.pl/judgments/489589
477855|2022-09-29|SO|I AGa 334/21|Wyrok|https://www.saos.org.pl/judgments/477855
477576|2022-09-23|SO|VI ACa 424/21|Wyrok|https://www.saos.org.pl/judgments/477576
488982|2022-09-12|SO|III Ca 122/22|Uzasadnienie|https://www.saos.org.pl/judgments/488982
509760|2022-09-09|SO|V ACa 307/22|Wyrok|https://www.saos.org.pl/judgments/509760
477769|2022-09-08|SO|I C 300/19|Wyrok|https://www.saos.org.pl/judgments/477769
481867|2022-08-31|SO|I ACa 730/21|Wyrok|https://www.saos.org.pl/judgments/481867
480870|2022-08-29|SO|XXIII Zs 100/22|Wyrok|https://www.saos.org.pl/judgments/480870
485360|2022-08-23|SO|III Ca 2269/21|Uzasadnienie|https://www.saos.org.pl/judgments/485360
495105|2022-08-11|SO|I AGa 52/22|Wyrok|https://www.saos.org.pl/judgments/495105
493735|2022-08-10|SO|I ACa 163/22|Wyrok|https://www.saos.org.pl/judgments/493735
493482|2022-08-10|SO|I ACa 125/22|Wyrok|https://www.saos.org.pl/judgments/493482
509891|2022-08-01|SO|V AGa 171/21|Wyrok|https://www.saos.org.pl/judgments/509891
474325|2022-07-29|SO|VII Pa 59/22|Wyrok|https://www.saos.org.pl/judgments/474325
494475|2022-07-28|SO|I ACa 69/22|Wyrok|https://www.saos.org.pl/judgments/494475
476206|2022-07-25|SO|III Ca 234/19|Uzasadnienie|https://www.saos.org.pl/judgments/476206
471975|2022-07-18|SO|I ACa 110/21|Wyrok|https://www.saos.org.pl/judgments/471975
482811|2022-07-14|SO|I ACa 1016/21|Wyrok|https://www.saos.org.pl/judgments/482811
476209|2022-07-01|SO|III Ca 234/21|Uzasadnienie|https://www.saos.org.pl/judgments/476209
493274|2022-06-29|SO|I ACa 1029/21|Wyrok|https://www.saos.org.pl/judgments/493274
509739|2022-06-28|SO|V ACa 20/21|Wyrok|https://www.saos.org.pl/judgments/509739
494126|2022-06-27|SO|I ACa 383/21|Wyrok|https://www.saos.org.pl/judgments/494126
474404|2022-06-23|SO|III Ca 663/21|Uzasadnienie|https://www.saos.org.pl/judgments/474404
494978|2022-06-21|SO|I AGa 25/21|Wyrok|https://www.saos.org.pl/judgments/494978
493639|2022-06-15|SO|I ACa 146/22|Wyrok|https://www.saos.org.pl/judgments/493639
473035|2022-06-15|SO|XXIII Zs 62/22|Postanowienie|https://www.saos.org.pl/judgments/473035
479379|2022-06-14|SO|XXIII Zs 46/22|Wyrok|https://www.saos.org.pl/judgments/479379
471705|2022-06-10|SO|I ACa 225/21|Wyrok|https://www.saos.org.pl/judgments/471705
469128|2022-05-27|SO|II Ca 1104/21|Postanowienie|https://www.saos.org.pl/judgments/469128
478875|2022-05-26|SO|I Ca 62/22|Postanowienie|https://www.saos.org.pl/judgments/478875
532782|2022-05-24|SO|V AGa 517/21|Wyrok|https://www.saos.org.pl/judgments/532782
473575|2022-05-24|SO|I ACa 377/21|Wyrok|https://www.saos.org.pl/judgments/473575
511389|2022-05-20|SO|VI P 329/21|Wyrok|https://www.saos.org.pl/judgments/511389
471124|2022-05-13|SO|III Ca 547/21|Wyrok|https://www.saos.org.pl/judgments/471124
473835|2022-05-11|SO|III Ca 1332/21|Uzasadnienie|https://www.saos.org.pl/judgments/473835
468313|2022-05-09|SO|IV Ca 202/19|Postanowienie|https://www.saos.org.pl/judgments/468313
475550|2022-05-04|SO|VIII Pa 74/21|Wyrok|https://www.saos.org.pl/judgments/475550
482742|2022-04-28|SO|I ACa 811/21|Wyrok|https://www.saos.org.pl/judgments/482742
473660|2022-04-14|SO|III Ca 1973/20|Uzasadnienie|https://www.saos.org.pl/judgments/473660
489600|2022-04-12|SO|V AGa 35/21|Wyrok|https://www.saos.org.pl/judgments/489600
462019|2022-04-08|SO|XIII Ga 442/21|Uzasadnienie|https://www.saos.org.pl/judgments/462019
482825|2022-04-07|SO|I ACa 523/21|Wyrok|https://www.saos.org.pl/judgments/482825
494113|2022-03-30|SO|I ACa 37/20|Wyrok|https://www.saos.org.pl/judgments/494113
473042|2022-03-30|SO|I ACa 157/22|Wyrok|https://www.saos.org.pl/judgments/473042
468938|2022-03-30|SO|I ACa 467/20|Wyrok|https://www.saos.org.pl/judgments/468938
470567|2022-03-25|SO|I Ca 40/22|Wyrok|https://www.saos.org.pl/judgments/470567
487397|2022-03-23|SO|V AGa 414/19|Wyrok|https://www.saos.org.pl/judgments/487397
475162|2022-03-23|SO|I ACa 936/21|Wyrok|https://www.saos.org.pl/judgments/475162
477065|2022-03-22|SO|I ACa 324/20|Wyrok|https://www.saos.org.pl/judgments/477065
468513|2022-03-21|SO|II Ca 1601/21|Zarządzenie|https://www.saos.org.pl/judgments/468513
475653|2022-03-16|SO|V ACa 125/21|Wyrok|https://www.saos.org.pl/judgments/475653
492233|2022-03-15|SO|I ACa 802/21|Wyrok|https://www.saos.org.pl/judgments/492233
482794|2022-03-15|SO|I ACa 389/21|Wyrok|https://www.saos.org.pl/judgments/482794
467162|2022-03-10|SO|XXIII Zs 3/22|Wyrok|https://www.saos.org.pl/judgments/467162
472835|2022-03-09|SO|VIII Pa 47/21|Wyrok|https://www.saos.org.pl/judgments/472835
471551|2022-03-08|SO|III AUa 1220/20|Wyrok|https://www.saos.org.pl/judgments/471551
465287|2022-03-03|SO|II Ca 1643/21|Postanowienie|https://www.saos.org.pl/judgments/465287
467160|2022-02-25|SO|XXIII Zs 137/21|Wyrok|https://www.saos.org.pl/judgments/467160
470125|2022-02-24|SO|I ACa 859/21|Wyrok|https://www.saos.org.pl/judgments/470125
470124|2022-02-24|SO|I ACa 813/21|Wyrok|https://www.saos.org.pl/judgments/470124
461104|2022-02-17|SO|VIII Pa 178/21|Zarządzenie|https://www.saos.org.pl/judgments/461104
543508|2022-02-16|SO|I ACa 1015/19|Wyrok|https://www.saos.org.pl/judgments/543508
457382|2022-01-31|SO|II AKa 238/21|Uzasadnienie|https://www.saos.org.pl/judgments/457382
494573|2022-01-24|SO|I ACa 777/20|Wyrok|https://www.saos.org.pl/judgments/494573
461369|2022-01-18|SO|I AGa 171/20|Wyrok|https://www.saos.org.pl/judgments/461369
456726|2022-01-12|SO|V Pa 28/21|Wyrok|https://www.saos.org.pl/judgments/456726
460171|2022-01-05|SO|IV Ca 2307/19|Postanowienie|https://www.saos.org.pl/judgments/460171
469268|2021-12-30|SO|VII AGa 939/20|Wyrok|https://www.saos.org.pl/judgments/469268
459085|2021-12-29|SO|I Ca 520/21|Postanowienie|https://www.saos.org.pl/judgments/459085
460019|2021-12-20|SO|I ACa 77/20|Wyrok|https://www.saos.org.pl/judgments/460019
475581|2021-12-17|SO|I ACa 1213/19|Wyrok|https://www.saos.org.pl/judgments/475581
455158|2021-12-17|SO|II Ca 210/20|Wyrok|https://www.saos.org.pl/judgments/455158
459528|2021-12-10|SO|III Ca 1651/19|Uzasadnienie|https://www.saos.org.pl/judgments/459528
459454|2021-12-03|SO|I Ca 136/21|Wyrok|https://www.saos.org.pl/judgments/459454
457757|2021-11-29|SO|XXIII Zs 91/21|Wyrok|https://www.saos.org.pl/judgments/457757
460147|2021-11-26|SO|III Ca 676/21|Uzasadnienie|https://www.saos.org.pl/judgments/460147
465502|2021-11-25|SO|XXIII Zs 119/21|Wyrok|https://www.saos.org.pl/judgments/465502
463752|2021-11-25|SO|XXIII Zs 113/21|Wyrok|https://www.saos.org.pl/judgments/463752
453630|2021-11-22|SO|VII Pa 55/21|Wyrok|https://www.saos.org.pl/judgments/453630
454093|2021-11-19|SO|I ACa 183/20|Wyrok|https://www.saos.org.pl/judgments/454093
482378|2021-11-17|SO|II Ca 1491/21|Wyrok|https://www.saos.org.pl/judgments/482378
454542|2021-11-15|SO|V ACa 651/21|Wyrok|https://www.saos.org.pl/judgments/454542
453849|2021-11-09|SO|IV Ca 2610/20|Wyrok|https://www.saos.org.pl/judgments/453849
470385|2021-10-28|SO|V ACa 249/19|Wyrok|https://www.saos.org.pl/judgments/470385
478482|2021-10-25|SO|I ACa 1113/21|Postanowienie|https://www.saos.org.pl/judgments/478482
458536|2021-10-25|SO|XXIII Zs 94/21|Wyrok|https://www.saos.org.pl/judgments/458536
454003|2021-10-21|SO|I Ca 356/21|Postanowienie|https://www.saos.org.pl/judgments/454003
538045|2021-10-20|SO|II Ca 107/21|Postanowienie|https://www.saos.org.pl/judgments/538045
454686|2021-10-20|SO|I ACa 698/21|Wyrok|https://www.saos.org.pl/judgments/454686
458659|2021-10-15|SO|XV Ca 153/21|Wyrok|https://www.saos.org.pl/judgments/458659
455388|2021-10-14|SO|V AGa 366/20|Wyrok|https://www.saos.org.pl/judgments/455388
448803|2021-10-12|SO|IV Ca 984/21|Wyrok|https://www.saos.org.pl/judgments/448803
448884|2021-10-07|SO|IX Ca 953/20|Postanowienie|https://www.saos.org.pl/judgments/448884
458534|2021-10-06|SO|XXIII Zs 100/21|Wyrok|https://www.saos.org.pl/judgments/458534
454912|2021-09-30|SO|XXIII Zs 68/21|Wyrok|https://www.saos.org.pl/judgments/454912
455224|2021-09-22|SO|I ACa 593/20|Wyrok|https://www.saos.org.pl/judgments/455224
449247|2021-09-16|SO|III Ca 916/19|Wyrok|https://www.saos.org.pl/judgments/449247
447918|2021-09-16|SO|II Ca 56/21|Uzasadnienie|https://www.saos.org.pl/judgments/447918
454167|2021-09-09|SO|II Ca 1184/18|Postanowienie|https://www.saos.org.pl/judgments/454167
450041|2021-08-27|SO|III Ca 1821/18|Wyrok|https://www.saos.org.pl/judgments/450041
454952|2021-08-12|SO|VI ACa 349/19|Wyrok|https://www.saos.org.pl/judgments/454952
447915|2021-08-11|SO|I ACa 139/20|Wyrok|https://www.saos.org.pl/judgments/447915
484409|2021-08-04|SO|I ACa 752/20|Wyrok|https://www.saos.org.pl/judgments/484409
447288|2021-08-04|SO|I ACa 312/21|Wyrok|https://www.saos.org.pl/judgments/447288
446940|2021-07-29|SO|I ACa 274/21|Wyrok|https://www.saos.org.pl/judgments/446940
452600|2021-07-22|SO|II AKa 84/21|Uzasadnienie|https://www.saos.org.pl/judgments/452600
451183|2021-07-20|SO|VIII Pa 72/20|Uzasadnienie|https://www.saos.org.pl/judgments/451183
447508|2021-07-16|SO|VI ACa 683/19|Wyrok|https://www.saos.org.pl/judgments/447508
445265|2021-07-15|SO|I ACa 211/20|Wyrok|https://www.saos.org.pl/judgments/445265
446264|2021-07-09|SO|I ACa 1111/19|Wyrok|https://www.saos.org.pl/judgments/446264
458127|2021-07-05|SO|III Ca 732/20|Uzasadnienie|https://www.saos.org.pl/judgments/458127
443987|2021-07-05|SO|XXIII Zs 62/21|Wyrok|https://www.saos.org.pl/judgments/443987
446870|2021-06-30|SO|II Ca 234/21|Wyrok|https://www.saos.org.pl/judgments/446870
455693|2021-06-29|SO|XV Ca 113/21|Postanowienie|https://www.saos.org.pl/judgments/455693
445994|2021-06-25|SO|I ACa 255/21|Wyrok|https://www.saos.org.pl/judgments/445994
448863|2021-06-10|SO|II Ca 735/21|Wyrok|https://www.saos.org.pl/judgments/448863
440274|2021-06-02|SO|I ACa 457/20|Wyrok|https://www.saos.org.pl/judgments/440274
455879|2021-05-31|SO|III AUa 134/19|Wyrok|https://www.saos.org.pl/judgments/455879
480499|2021-05-27|SO|I AGa 120/20|Wyrok|https://www.saos.org.pl/judgments/480499
446359|2021-05-27|SO|II Ca 1034/20|Wyrok|https://www.saos.org.pl/judgments/446359
445996|2021-05-27|SO|I ACa 639/20|Wyrok|https://www.saos.org.pl/judgments/445996
445677|2021-05-26|SO|I ACa 1363/19|Wyrok|https://www.saos.org.pl/judgments/445677
461049|2021-05-19|SO|VI ACa 562/18|Wyrok|https://www.saos.org.pl/judgments/461049
445684|2021-05-13|SO|I ACa 461/20|Wyrok|https://www.saos.org.pl/judgments/445684
490844|2021-05-12|SO|V AGa 129/20|Wyrok|https://www.saos.org.pl/judgments/490844
437846|2021-05-12|SO|XIII Ga 1774/19|Uzasadnienie|https://www.saos.org.pl/judgments/437846
450581|2021-05-11|SO|I ACa 217/21|Wyrok|https://www.saos.org.pl/judgments/450581
439780|2021-05-06|SO|III Ca 1435/20|Wyrok|https://www.saos.org.pl/judgments/439780
449884|2021-05-05|SO|II Ca 586/21|Wyrok|https://www.saos.org.pl/judgments/449884
439187|2021-04-30|SO|VIII Ga 358/20|Wyrok|https://www.saos.org.pl/judgments/439187
445184|2021-04-29|SO|I ACa 649/18|Wyrok|https://www.saos.org.pl/judgments/445184
471710|2021-04-27|SO|I ACa 939/20|Wyrok|https://www.saos.org.pl/judgments/471710
440166|2021-04-27|SO|XXIII Zs 14/21|Wyrok|https://www.saos.org.pl/judgments/440166
485382|2021-04-23|SO|V ACa 424/19|Wyrok|https://www.saos.org.pl/judgments/485382
437588|2021-04-23|SO|II Ca 279/21|Wyrok|https://www.saos.org.pl/judgments/437588
446439|2021-04-22|SO|I C 248/19|Wyrok|https://www.saos.org.pl/judgments/446439
439767|2021-04-20|SO|I ACa 560/20|Wyrok|https://www.saos.org.pl/judgments/439767
443720|2021-04-19|SO|I ACa 587/18|Wyrok|https://www.saos.org.pl/judgments/443720
485032|2021-04-12|SO|V AGa 258/19|Wyrok|https://www.saos.org.pl/judgments/485032
443547|2021-04-08|SO|I ACa 1238/19|Wyrok|https://www.saos.org.pl/judgments/443547
447893|2021-04-07|SO|VII Ua 103/20|Wyrok|https://www.saos.org.pl/judgments/447893
438052|2021-04-07|SO|I ACa 454/20|Wyrok|https://www.saos.org.pl/judgments/438052
456493|2021-04-06|SO|III S 5/20|Postanowienie|https://www.saos.org.pl/judgments/456493
456983|2021-03-31|SO|III Ca 1208/19|Uzasadnienie|https://www.saos.org.pl/judgments/456983
438084|2021-03-24|SO|I ACa 83/21|Wyrok|https://www.saos.org.pl/judgments/438084
457428|2021-03-19|SO|III Ca 1478/19|Uzasadnienie|https://www.saos.org.pl/judgments/457428
438122|2021-03-18|SO|I AGa 93/20|Wyrok|https://www.saos.org.pl/judgments/438122
436973|2021-03-10|SO|V ACa 732/19|Wyrok|https://www.saos.org.pl/judgments/436973
441232|2021-03-04|SO|I ACa 975/19|Wyrok|https://www.saos.org.pl/judgments/441232
447519|2021-03-03|SO|I ACa 1176/19|Wyrok|https://www.saos.org.pl/judgments/447519
434869|2021-03-03|SO|III Ca 1062/19|Wyrok|https://www.saos.org.pl/judgments/434869
434787|2021-03-03|SO|III Ca 1556/19|Wyrok|https://www.saos.org.pl/judgments/434787
439745|2021-03-01|SO|VIII Pa 180/19|Wyrok|https://www.saos.org.pl/judgments/439745
439504|2021-02-26|SO|I ACa 479/20|Wyrok|https://www.saos.org.pl/judgments/439504
473066|2021-02-25|SO|I ACa 969/19|Wyrok|https://www.saos.org.pl/judgments/473066
456407|2021-02-24|SO|III Ca 2131/19|Uzasadnienie|https://www.saos.org.pl/judgments/456407
437212|2021-02-22|SO|I ACa 1113/19|Wyrok|https://www.saos.org.pl/judgments/437212
438032|2021-02-11|SO|I ACa 293/20|Wyrok|https://www.saos.org.pl/judgments/438032
470714|2021-02-08|SO|V ACa 394/16|Wyrok|https://www.saos.org.pl/judgments/470714
437274|2021-02-04|SO|II Ca 115/20|Wyrok|https://www.saos.org.pl/judgments/437274
437252|2021-01-27|SO|I Cz 328/20|Postanowienie|https://www.saos.org.pl/judgments/437252
433375|2021-01-20|SO|I ACa 763/19|Wyrok|https://www.saos.org.pl/judgments/433375
434551|2021-01-13|SO|V ACa 226/19|Wyrok|https://www.saos.org.pl/judgments/434551
456377|2021-01-12|SO|III Ca 1914/18|Uzasadnienie|https://www.saos.org.pl/judgments/456377
490817|2020-12-22|SO|I C 633/15|Wyrok|https://www.saos.org.pl/judgments/490817
432423|2020-12-16|SO|III Ca 15/19|Wyrok|https://www.saos.org.pl/judgments/432423
429258|2020-12-16|SO|V AGa 652/18|Wyrok|https://www.saos.org.pl/judgments/429258
428862|2020-12-11|SO|II Ca 570/20|Postanowienie|https://www.saos.org.pl/judgments/428862
428262|2020-12-08|SO|II Ca 634/19|Wyrok|https://www.saos.org.pl/judgments/428262
429235|2020-12-04|SO|II Ca 359/20|Postanowienie|https://www.saos.org.pl/judgments/429235
446798|2020-12-02|SO|VI ACa 203/19|Wyrok|https://www.saos.org.pl/judgments/446798
432652|2020-12-02|SO|I AGa 257/19|Wyrok|https://www.saos.org.pl/judgments/432652
439705|2020-12-01|SO|IV Ca 886/19|Postanowienie|https://www.saos.org.pl/judgments/439705
427107|2020-11-26|SO|I Ca 303/20|Wyrok|https://www.saos.org.pl/judgments/427107
448673|2020-11-23|SO|V ACa 128/19|Wyrok|https://www.saos.org.pl/judgments/448673
433140|2020-11-19|SO|II Ca 676/20|Postanowienie|https://www.saos.org.pl/judgments/433140
433047|2020-11-19|SO|VIII Pa 55/20|Wyrok|https://www.saos.org.pl/judgments/433047
428554|2020-11-17|SO|VIII Ga 189/20|Uzasadnienie|https://www.saos.org.pl/judgments/428554
426089|2020-11-05|SO|III Ca 1003/19|Wyrok|https://www.saos.org.pl/judgments/426089
448409|2020-11-04|SO|I ACa 198/20|Wyrok|https://www.saos.org.pl/judgments/448409
425031|2020-11-03|SO|III APa 11/19|Wyrok|https://www.saos.org.pl/judgments/425031
445139|2020-11-02|SO|III Ca 2216/19|Uzasadnienie|https://www.saos.org.pl/judgments/445139
428733|2020-10-30|SO|III AUa 652/20|Wyrok|https://www.saos.org.pl/judgments/428733
425458|2020-10-29|SO|I ACa 812/18|Wyrok|https://www.saos.org.pl/judgments/425458
424950|2020-10-27|SO|I C 1001/18|Wyrok|https://www.saos.org.pl/judgments/424950
494000|2020-10-09|SO|I ACa 279/20|Wyrok|https://www.saos.org.pl/judgments/494000
468467|2020-10-06|SO|I ACa 13/20|Wyrok|https://www.saos.org.pl/judgments/468467
422389|2020-10-02|SO|IX Ca 596/20|Wyrok|https://www.saos.org.pl/judgments/422389
423490|2020-09-30|SO|III Ca 1131/19|Wyrok|https://www.saos.org.pl/judgments/423490
433999|2020-09-29|SO|I ACa 108/20|Wyrok|https://www.saos.org.pl/judgments/433999
429572|2020-09-29|SO|I ACa 711/19|Wyrok|https://www.saos.org.pl/judgments/429572
436924|2020-09-28|SO|I ACa 665/19|Wyrok|https://www.saos.org.pl/judgments/436924
528565|2020-09-18|SO|II Ca 1198/19|Uzasadnienie|https://www.saos.org.pl/judgments/528565
426429|2020-09-17|SO|II Ca 338/19|Wyrok|https://www.saos.org.pl/judgments/426429
422353|2020-09-17|SO|II Ca 183/20|Wyrok|https://www.saos.org.pl/judgments/422353
529046|2020-09-16|SO|II Ca 1544/19|Zarządzenie|https://www.saos.org.pl/judgments/529046
422904|2020-09-10|SO|I ACa 619/19|Wyrok|https://www.saos.org.pl/judgments/422904
527731|2020-09-08|SO|II Ca 1643/19|Zarządzenie|https://www.saos.org.pl/judgments/527731
434706|2020-09-01|SO|I ACa 410/20|Wyrok|https://www.saos.org.pl/judgments/434706
434892|2020-08-06|SO|VII AGa 2000/18|Wyrok|https://www.saos.org.pl/judgments/434892
431267|2020-07-23|SO|II Ca 490/20|Wyrok|https://www.saos.org.pl/judgments/431267
425795|2020-07-23|SO|I C 1438/18|Zarządzenie|https://www.saos.org.pl/judgments/425795
433164|2020-07-02|SO|III Ca 292/20|Uzasadnienie|https://www.saos.org.pl/judgments/433164
429210|2020-06-30|SO|I ACa 208/20|Wyrok|https://www.saos.org.pl/judgments/429210
424755|2020-06-26|SO|I ACa 277/19|Wyrok|https://www.saos.org.pl/judgments/424755
415480|2020-06-25|SO|II C 700/19|Wyrok|https://www.saos.org.pl/judgments/415480
420316|2020-06-24|SO|II Ca 268/20|Wyrok|https://www.saos.org.pl/judgments/420316
417807|2020-06-19|SO|V ACa 315/19|Wyrok|https://www.saos.org.pl/judgments/417807
426368|2020-06-16|SO|XX GC 1117/16|Wyrok|https://www.saos.org.pl/judgments/426368
415132|2020-06-05|SO|I AGa 74/19|Wyrok|https://www.saos.org.pl/judgments/415132
414802|2020-06-04|SO|I Ca 306/19|Wyrok|https://www.saos.org.pl/judgments/414802
428673|2020-06-01|SO|I ACa 1068/16|Wyrok|https://www.saos.org.pl/judgments/428673
411674|2020-04-28|SO|I AGa 10/20|Wyrok|https://www.saos.org.pl/judgments/411674
430249|2020-04-22|SO|I AGa 22/20|Wyrok|https://www.saos.org.pl/judgments/430249
429051|2020-04-22|SO|I ACa 29/20|Wyrok|https://www.saos.org.pl/judgments/429051
411225|2020-04-16|SO|I Ca 60/20|Wyrok|https://www.saos.org.pl/judgments/411225
429946|2020-04-03|SO|VII AGa 151/19|Wyrok|https://www.saos.org.pl/judgments/429946
424407|2020-04-03|SO|VI ACa 27/19|Wyrok|https://www.saos.org.pl/judgments/424407
421524|2020-04-03|SO|VI ACa 538/19|Wyrok|https://www.saos.org.pl/judgments/421524
417246|2020-03-30|SO|I ACa 446/19|Wyrok|https://www.saos.org.pl/judgments/417246
427289|2020-03-27|SO|III Ca 1962/19|Uzasadnienie|https://www.saos.org.pl/judgments/427289
428606|2020-03-17|SO|I AGa 32/19|Wyrok|https://www.saos.org.pl/judgments/428606
413338|2020-03-05|SO|V AGa 260/19|Wyrok|https://www.saos.org.pl/judgments/413338
412234|2020-02-28|SO|V ACa 362/19|Wyrok|https://www.saos.org.pl/judgments/412234
409054|2020-02-27|SO|I AGa 126/19|Wyrok|https://www.saos.org.pl/judgments/409054
411124|2020-02-25|SO|I ACa 154/19|Wyrok|https://www.saos.org.pl/judgments/411124
424350|2020-02-18|SO|III Ca 834/19|Uzasadnienie|https://www.saos.org.pl/judgments/424350
421523|2020-02-18|SO|VI ACa 492/19|Wyrok|https://www.saos.org.pl/judgments/421523
408551|2020-02-18|SO|V ACa 656/19|Wyrok|https://www.saos.org.pl/judgments/408551
474454|2020-02-12|SO|I ACa 758/18|Wyrok|https://www.saos.org.pl/judgments/474454
418342|2020-02-12|SO|I ACa 230/19|Wyrok|https://www.saos.org.pl/judgments/418342
409962|2020-02-12|SO|V ACa 297/19|Wyrok|https://www.saos.org.pl/judgments/409962
408294|2020-02-10|SO|II Ca 974/17|Postanowienie|https://www.saos.org.pl/judgments/408294
406159|2020-02-07|SO|IX Ca 1013/19|Wyrok|https://www.saos.org.pl/judgments/406159
434754|2020-02-06|SO|V ACa 232/19|Wyrok|https://www.saos.org.pl/judgments/434754
529495|2020-01-24|SO|II Ca 761/19|Zarządzenie|https://www.saos.org.pl/judgments/529495
433942|2020-01-24|SO|VII Pa 123/19|Wyrok|https://www.saos.org.pl/judgments/433942
410999|2020-01-22|SO|I ACa 140/19|Wyrok|https://www.saos.org.pl/judgments/410999
421336|2020-01-17|SO|III Ca 432/19|Uzasadnienie|https://www.saos.org.pl/judgments/421336
401001|2020-01-13|SO|I C 1042/18|Zarządzenie|https://www.saos.org.pl/judgments/401001
404944|2020-01-09|SO|V ACa 470/19|Wyrok|https://www.saos.org.pl/judgments/404944
437010|2019-12-30|SO|I ACa 677/19|Wyrok|https://www.saos.org.pl/judgments/437010
425001|2019-12-30|SO|I ACa 598/18|Wyrok|https://www.saos.org.pl/judgments/425001
419947|2019-12-24|SO|III Ca 1336/19|Uzasadnienie|https://www.saos.org.pl/judgments/419947
404376|2019-12-23|SO|I ACa 51/19|Wyrok|https://www.saos.org.pl/judgments/404376
410749|2019-12-20|SO|I ACa 497/19|Wyrok|https://www.saos.org.pl/judgments/410749
529682|2019-12-19|SO|II Ca 23/19|Uzasadnienie|https://www.saos.org.pl/judgments/529682
411721|2019-12-19|SO|I ACa 691/18|Wyrok|https://www.saos.org.pl/judgments/411721
404895|2019-12-18|SO|II AKa 275/19|Wyrok|https://www.saos.org.pl/judgments/404895
433067|2019-12-17|SO|I ACa 1167/17|Wyrok|https://www.saos.org.pl/judgments/433067
407795|2019-12-17|SO|I ACa 379/19|Wyrok|https://www.saos.org.pl/judgments/407795
400600|2019-12-17|SO|IX Ca 1265/19|Wyrok|https://www.saos.org.pl/judgments/400600
416882|2019-12-16|SO|VI ACa 475/18|Wyrok|https://www.saos.org.pl/judgments/416882
404948|2019-12-12|SO|V ACa 834/17|Wyrok|https://www.saos.org.pl/judgments/404948
412352|2019-12-09|SO|I AGa 334/18|Wyrok|https://www.saos.org.pl/judgments/412352
403208|2019-12-06|SO|V ACa 670/19|Wyrok|https://www.saos.org.pl/judgments/403208
401851|2019-12-04|SO|I ACa 657/18|Wyrok|https://www.saos.org.pl/judgments/401851
447417|2019-11-29|SO|I ACa 649/19|Wyrok|https://www.saos.org.pl/judgments/447417
407543|2019-11-29|SO|I ACa 483/19|Wyrok|https://www.saos.org.pl/judgments/407543
533615|2019-11-28|SO|II Ca 720/19|Wyrok|https://www.saos.org.pl/judgments/533615
409435|2019-11-28|SO|VII AGa 716/19|Wyrok|https://www.saos.org.pl/judgments/409435
402136|2019-11-26|SO|VIII Ga 392/19|Uzasadnienie|https://www.saos.org.pl/judgments/402136
428288|2019-11-25|SO|I ACa 1206/18|Wyrok|https://www.saos.org.pl/judgments/428288
408999|2019-11-21|SO|I Ca 68/19|Wyrok|https://www.saos.org.pl/judgments/408999
395591|2019-11-07|SO|XIII Ga 568/19|Uzasadnienie|https://www.saos.org.pl/judgments/395591
421711|2019-10-30|SO|II Ca 1278/19|Wyrok|https://www.saos.org.pl/judgments/421711
408712|2019-10-30|SO|V ACa 702/18|Wyrok|https://www.saos.org.pl/judgments/408712
411091|2019-10-29|SO|II Ca 1010/19|Postanowienie|https://www.saos.org.pl/judgments/411091
416307|2019-10-23|SO|V ACa 786/18|Wyrok|https://www.saos.org.pl/judgments/416307
398856|2019-10-23|SO|I Ca 516/17|Postanowienie|https://www.saos.org.pl/judgments/398856
402191|2019-10-10|SO|I Ca 500/19|Uzasadnienie|https://www.saos.org.pl/judgments/402191
398233|2019-10-09|SO|XXIII Ga 809/19|Wyrok|https://www.saos.org.pl/judgments/398233
395171|2019-09-19|SO|V ACa 296/18|Wyrok|https://www.saos.org.pl/judgments/395171
393735|2019-09-18|SO|III Ca 1440/18|Wyrok|https://www.saos.org.pl/judgments/393735
393044|2019-09-12|SO|I ACa 346/19|Wyrok|https://www.saos.org.pl/judgments/393044
411100|2019-09-11|SO|II Ca 449/19|Postanowienie|https://www.saos.org.pl/judgments/411100
399857|2019-09-04|SO|III Ca 1605/18|Wyrok|https://www.saos.org.pl/judgments/399857
393742|2019-08-21|SO|III Ca 1819/18|Wyrok|https://www.saos.org.pl/judgments/393742
413361|2019-07-30|SO|VI ACa 381/18|Wyrok|https://www.saos.org.pl/judgments/413361
392864|2019-07-29|SO|VIII Pa 35/19|Uzasadnienie|https://www.saos.org.pl/judgments/392864
396392|2019-07-25|SO|VIII Pa 213/17|Wyrok|https://www.saos.org.pl/judgments/396392
429284|2019-07-24|SO|XIII GC 1018/19|Wyrok|https://www.saos.org.pl/judgments/429284
391498|2019-07-17|SO|I ACa 318/18|Wyrok|https://www.saos.org.pl/judgments/391498
423641|2019-07-11|SO|V ACa 98/19|Wyrok|https://www.saos.org.pl/judgments/423641
387333|2019-07-11|SO|IX Ca 264/19|Wyrok|https://www.saos.org.pl/judgments/387333
392031|2019-07-10|SO|III Ca 639/18|Wyrok|https://www.saos.org.pl/judgments/392031
390696|2019-07-08|SO|III Ca 117/19|Uzasadnienie|https://www.saos.org.pl/judgments/390696
422769|2019-07-01|SO|I AGa 143/18|Wyrok|https://www.saos.org.pl/judgments/422769
391839|2019-06-26|SO|I Ca 134/19|Wyrok|https://www.saos.org.pl/judgments/391839
389457|2019-06-26|SO|III AUa 302/17|Wyrok|https://www.saos.org.pl/judgments/389457
419694|2019-06-25|SO|I ACa 794/18|Wyrok|https://www.saos.org.pl/judgments/419694
397489|2019-06-24|SO|VI ACa 306/19|Wyrok|https://www.saos.org.pl/judgments/397489
397677|2019-06-19|SO|I ACa 720/18|Wyrok|https://www.saos.org.pl/judgments/397677
429568|2019-06-18|SO|I ACa 113/18|Wyrok|https://www.saos.org.pl/judgments/429568
434327|2019-06-13|SO|I ACa 13/19|Wyrok|https://www.saos.org.pl/judgments/434327
386255|2019-06-12|SO|III Ca 770/18|Postanowienie|https://www.saos.org.pl/judgments/386255
390643|2019-06-10|SO|II Ca 849/18|Postanowienie|https://www.saos.org.pl/judgments/390643
389162|2019-06-06|SO|V ACa 365/18|Wyrok|https://www.saos.org.pl/judgments/389162
391353|2019-06-05|SO|I ACa 524/18|Wyrok|https://www.saos.org.pl/judgments/391353
393734|2019-05-30|SO|III Ca 1436/18|Postanowienie|https://www.saos.org.pl/judgments/393734
390894|2019-05-24|SO|VI ACa 96/18|Wyrok|https://www.saos.org.pl/judgments/390894
390098|2019-05-24|SO|III Ca 100/19|Uzasadnienie|https://www.saos.org.pl/judgments/390098
384346|2019-05-23|SO|VIII Pa 267/18|Uzasadnienie|https://www.saos.org.pl/judgments/384346
417683|2019-05-22|SO|I ACa 648/18|Wyrok|https://www.saos.org.pl/judgments/417683
385977|2019-05-14|SO|V ACa 253/17|Wyrok|https://www.saos.org.pl/judgments/385977
388199|2019-04-26|SO|I ACa 558/18|Wyrok|https://www.saos.org.pl/judgments/388199
385620|2019-04-26|SO|I ACa 70/19|Wyrok|https://www.saos.org.pl/judgments/385620
402199|2019-04-18|SO|I Ca 98/19|Wyrok|https://www.saos.org.pl/judgments/402199
402506|2019-04-17|SO|XIII GC 504/18|Wyrok|https://www.saos.org.pl/judgments/402506
386508|2019-04-15|SO|V ACa 663/18|Wyrok|https://www.saos.org.pl/judgments/386508
386419|2019-04-15|SO|V ACa 647/18|Wyrok|https://www.saos.org.pl/judgments/386419
411002|2019-04-11|SO|I ACa 477/18|Wyrok|https://www.saos.org.pl/judgments/411002
414391|2019-04-10|SO|I ACa 25/19|Wyrok|https://www.saos.org.pl/judgments/414391
376293|2019-04-10|SO|I ACa 1/18|Wyrok|https://www.saos.org.pl/judgments/376293
379688|2019-04-09|SO|V ACa 147/18|Wyrok|https://www.saos.org.pl/judgments/379688
384165|2019-04-04|SO|II AKa 7/19|Wyrok|https://www.saos.org.pl/judgments/384165
391464|2019-04-01|SO|VI ACa 104/19|Wyrok|https://www.saos.org.pl/judgments/391464
403879|2019-03-27|SO|I ACa 317/18|Wyrok|https://www.saos.org.pl/judgments/403879
387987|2019-03-27|SO|III Ca 226/18|Uzasadnienie|https://www.saos.org.pl/judgments/387987
383948|2019-03-25|SO|II Ca 189/18|Zarządzenie|https://www.saos.org.pl/judgments/383948
386075|2019-03-21|SO|V ACa 609/18|Wyrok|https://www.saos.org.pl/judgments/386075
405141|2019-03-20|SO|VI ACa 1556/17|Wyrok|https://www.saos.org.pl/judgments/405141
379693|2019-03-20|SO|V ACa 155/18|Wyrok|https://www.saos.org.pl/judgments/379693
376667|2019-03-20|SO|I AGa 211/18|Wyrok|https://www.saos.org.pl/judgments/376667
413990|2019-03-15|SO|V AGa 163/18|Wyrok|https://www.saos.org.pl/judgments/413990
387613|2019-03-14|SO|III Ca 1626/18|Uzasadnienie|https://www.saos.org.pl/judgments/387613
377378|2019-03-12|SO|I C 864/18|Wyrok|https://www.saos.org.pl/judgments/377378
376574|2019-03-12|SO|I ACa 785/16|Wyrok|https://www.saos.org.pl/judgments/376574
389561|2019-03-11|SO|VI ACa 1269/17|Wyrok|https://www.saos.org.pl/judgments/389561
377923|2019-03-06|SO|II Ca 1675/18|Postanowienie|https://www.saos.org.pl/judgments/377923
510392|2019-03-04|SO|V Pa 95/18|Wyrok|https://www.saos.org.pl/judgments/510392
379550|2019-02-27|SO|IX Ca 1194/18|Wyrok|https://www.saos.org.pl/judgments/379550
379570|2019-02-22|SO|IX Ca 153/19|Wyrok|https://www.saos.org.pl/judgments/379570
389370|2019-02-21|SO|II Ca 922/18|Uzasadnienie|https://www.saos.org.pl/judgments/389370
376500|2019-02-20|SO|I ACa 577/18|Wyrok|https://www.saos.org.pl/judgments/376500
396451|2019-02-15|SO|I ACa 330/18|Wyrok|https://www.saos.org.pl/judgments/396451
384915|2019-02-12|SO|I Ca 231/18|Wyrok|https://www.saos.org.pl/judgments/384915
373993|2019-02-06|SO|III Ca 876/18|Postanowienie|https://www.saos.org.pl/judgments/373993
373991|2019-02-06|SO|III Ca 817/18|Postanowienie|https://www.saos.org.pl/judgments/373991
382050|2019-02-04|SO|VIII Pa 194/17|Wyrok|https://www.saos.org.pl/judgments/382050
382027|2019-01-30|SO|V ACa 503/18|Wyrok|https://www.saos.org.pl/judgments/382027
371793|2019-01-30|SO|I ACa 680/18|Wyrok|https://www.saos.org.pl/judgments/371793
378060|2019-01-25|SO|II Ca 761/18|Zarządzenie|https://www.saos.org.pl/judgments/378060
508838|2019-01-23|SO|IV Pa 35/18|Wyrok|https://www.saos.org.pl/judgments/508838
395260|2019-01-09|SO|I AGa 407/18|Wyrok|https://www.saos.org.pl/judgments/395260
368259|2019-01-09|SO|III Ca 438/18|Wyrok|https://www.saos.org.pl/judgments/368259
365848|2019-01-09|SO|XIII Ga 793/18|Uzasadnienie|https://www.saos.org.pl/judgments/365848
384497|2019-01-07|SO|I AGa 222/18|Wyrok|https://www.saos.org.pl/judgments/384497
371908|2018-12-31|SO|III Ca 771/18|Wyrok|https://www.saos.org.pl/judgments/371908
373380|2018-12-28|SO|III Ca 1242/18|Uzasadnienie|https://www.saos.org.pl/judgments/373380
371905|2018-12-13|SO|III Ca 1242/18|Wyrok|https://www.saos.org.pl/judgments/371905
374403|2018-12-11|SO|I ACa 187/18|Wyrok|https://www.saos.org.pl/judgments/374403
371337|2018-12-11|SO|I ACa 181/18|Wyrok|https://www.saos.org.pl/judgments/371337
371336|2018-12-11|SO|I ACa 174/18|Wyrok|https://www.saos.org.pl/judgments/371336
371326|2018-12-05|SO|I ACa 150/18|Wyrok|https://www.saos.org.pl/judgments/371326
371791|2018-12-03|SO|I ACa 507/18|Wyrok|https://www.saos.org.pl/judgments/371791
366010|2018-12-03|SO|I ACa 859/16|Wyrok|https://www.saos.org.pl/judgments/366010
375465|2018-11-30|SO|IV Ca 1627/17|Postanowienie|https://www.saos.org.pl/judgments/375465
371354|2018-11-29|SO|I AGa 249/18|Wyrok|https://www.saos.org.pl/judgments/371354
370934|2018-11-28|SO|V ACa 748/17|Wyrok|https://www.saos.org.pl/judgments/370934
367480|2018-11-27|SO|I Ca 416/18|Postanowienie|https://www.saos.org.pl/judgments/367480
372785|2018-11-23|SO|VI ACa 760/18|Wyrok|https://www.saos.org.pl/judgments/372785
373208|2018-11-22|SO|I ACa 86/18|Wyrok|https://www.saos.org.pl/judgments/373208
391549|2018-11-15|SO|II Ca 1244/18|Wyrok|https://www.saos.org.pl/judgments/391549
364186|2018-11-15|SO|VIII Gz 247/18|Postanowienie|https://www.saos.org.pl/judgments/364186
365258|2018-11-13|SO|III Ca 1719/18|Uzasadnienie|https://www.saos.org.pl/judgments/365258
376623|2018-11-09|SO|I AGa 116/18|Wyrok|https://www.saos.org.pl/judgments/376623
376555|2018-11-09|SO|I ACa 714/17|Wyrok|https://www.saos.org.pl/judgments/376555
375292|2018-11-08|SO|I Ca 237/18|Wyrok|https://www.saos.org.pl/judgments/375292
372273|2018-11-08|SO|III AUa 111/17|Wyrok|https://www.saos.org.pl/judgments/372273
366007|2018-11-08|SO|I ACa 528/17|Wyrok|https://www.saos.org.pl/judgments/366007
365236|2018-11-07|SO|III Ca 1181/18|Uzasadnienie|https://www.saos.org.pl/judgments/365236
364692|2018-11-06|SO|V AGa 591/18|Wyrok|https://www.saos.org.pl/judgments/364692
376487|2018-10-31|SO|I ACa 553/18|Wyrok|https://www.saos.org.pl/judgments/376487
376435|2018-10-25|SO|I ACa 425/18|Wyrok|https://www.saos.org.pl/judgments/376435
363795|2018-10-23|SO|II Ca 483/18|Wyrok|https://www.saos.org.pl/judgments/363795
399762|2018-10-18|SO|I ACz 1129/18|Postanowienie|https://www.saos.org.pl/judgments/399762
370209|2018-10-18|SO|I Ca 177/18|Postanowienie|https://www.saos.org.pl/judgments/370209
365316|2018-10-18|SO|V ACa 9/17|Wyrok|https://www.saos.org.pl/judgments/365316
363479|2018-10-17|SO|III Ca 236/18|Postanowienie|https://www.saos.org.pl/judgments/363479
373984|2018-10-16|SO|III Ca 1057/18|Postanowienie|https://www.saos.org.pl/judgments/373984
365099|2018-10-15|SO|III Ca 909/18|Uzasadnienie|https://www.saos.org.pl/judgments/365099
363402|2018-10-15|SO|II Ca 33/18|Zarządzenie|https://www.saos.org.pl/judgments/363402
359471|2018-10-10|SO|I ACa 1817/16|Wyrok|https://www.saos.org.pl/judgments/359471
387270|2018-10-03|SO|V ACa 138/17|Wyrok|https://www.saos.org.pl/judgments/387270
365359|2018-09-27|SO|VIII Pa 141/17|Wyrok|https://www.saos.org.pl/judgments/365359
362856|2018-09-26|SO|III Ca 486/18|Uzasadnienie|https://www.saos.org.pl/judgments/362856
357982|2018-09-26|SO|I Ca 201/18|Wyrok|https://www.saos.org.pl/judgments/357982
516712|2018-09-19|SO|II Ca 593/18|Postanowienie|https://www.saos.org.pl/judgments/516712
376371|2018-09-19|SO|I ACa 1770/17|Wyrok|https://www.saos.org.pl/judgments/376371
373288|2018-09-18|SO|I C 997/14|Wyrok|https://www.saos.org.pl/judgments/373288
369296|2018-09-13|SO|VIII Pa 74/18|Wyrok|https://www.saos.org.pl/judgments/369296
365803|2018-08-24|SO|IV Pa 39/18|Wyrok|https://www.saos.org.pl/judgments/365803
375467|2018-08-14|SO|IV Ca 1932/16|Wyrok|https://www.saos.org.pl/judgments/375467
361671|2018-08-09|SO|III Ca 376/18|Wyrok|https://www.saos.org.pl/judgments/361671
359174|2018-08-03|SO|VIII Ga 63/18|Uzasadnienie|https://www.saos.org.pl/judgments/359174
372525|2018-07-27|SO|VI ACa 704/16|Wyrok|https://www.saos.org.pl/judgments/372525
355926|2018-07-26|SO|V ACa 515/18|Wyrok|https://www.saos.org.pl/judgments/355926
374473|2018-07-25|SO|I Ca 139/18|Postanowienie|https://www.saos.org.pl/judgments/374473
349097|2018-07-20|SO|V ACa 530/17|Wyrok|https://www.saos.org.pl/judgments/349097
354894|2018-07-19|SO|I ACa 157/18|Wyrok|https://www.saos.org.pl/judgments/354894
361613|2018-07-18|SO|I ACa 1688/17|Wyrok|https://www.saos.org.pl/judgments/361613
409517|2018-07-11|SO|I ACa 16/18|Wyrok|https://www.saos.org.pl/judgments/409517
357088|2018-07-06|SO|I ACa 1244/17|Wyrok|https://www.saos.org.pl/judgments/357088
352862|2018-07-05|SO|I ACa 265/17|Wyrok|https://www.saos.org.pl/judgments/352862
440811|2018-06-28|SO|I AGa 84/18|Wyrok|https://www.saos.org.pl/judgments/440811
361592|2018-06-27|SO|I ACa 1324/17|Wyrok|https://www.saos.org.pl/judgments/361592
346324|2018-06-20|SO|I ACa 153/17|Wyrok|https://www.saos.org.pl/judgments/346324
346124|2018-06-20|SO|V ACa 18/17|Wyrok|https://www.saos.org.pl/judgments/346124
345977|2018-06-20|SO|VIII Pa 81/18|Uzasadnienie|https://www.saos.org.pl/judgments/345977
345367|2018-06-20|SO|III AUa 1005/17|Wyrok|https://www.saos.org.pl/judgments/345367
363898|2018-06-19|SO|I Ns 73/15|Postanowienie|https://www.saos.org.pl/judgments/363898
346611|2018-06-19|SO|II Ns 1488/12|Postanowienie|https://www.saos.org.pl/judgments/346611
357612|2018-06-18|SO|II Ca 216/17|Postanowienie|https://www.saos.org.pl/judgments/357612
360447|2018-06-15|SO|II Ca 1479/17|Wyrok|https://www.saos.org.pl/judgments/360447
346931|2018-06-12|SO|IX Ca 139/18|Postanowienie|https://www.saos.org.pl/judgments/346931
345844|2018-06-12|SO|I Ca 115/18|Wyrok|https://www.saos.org.pl/judgments/345844
343812|2018-06-08|SO|VIII Gz 212/18|Postanowienie|https://www.saos.org.pl/judgments/343812
345898|2018-06-07|SO|III Ca 246/18|Postanowienie|https://www.saos.org.pl/judgments/345898
345530|2018-06-07|SO|V ACa 777/17|Wyrok|https://www.saos.org.pl/judgments/345530
343065|2018-06-07|SO|IV Ca 690/17|Postanowienie|https://www.saos.org.pl/judgments/343065
366884|2018-05-30|SO|V AGa 77/18|Wyrok|https://www.saos.org.pl/judgments/366884
344120|2018-05-30|SO|IX Ca 117/18|Wyrok|https://www.saos.org.pl/judgments/344120
346937|2018-05-28|SO|V ACa 375/17|Wyrok|https://www.saos.org.pl/judgments/346937
347485|2018-05-25|SO|I ACa 33/18|Wyrok|https://www.saos.org.pl/judgments/347485
441990|2018-05-24|SO|I ACa 1219/17|Wyrok|https://www.saos.org.pl/judgments/441990
345588|2018-05-24|SO|XXI Pa 720/17|Wyrok|https://www.saos.org.pl/judgments/345588
345372|2018-05-23|SO|III Ca 52/18|Uzasadnienie|https://www.saos.org.pl/judgments/345372
344736|2018-05-22|SO|V ACa 1296/17|Wyrok|https://www.saos.org.pl/judgments/344736
340019|2018-05-21|SO|XIII Ga 1085/17|Uzasadnienie|https://www.saos.org.pl/judgments/340019
351967|2018-05-17|SO|I AGa 106/18|Wyrok|https://www.saos.org.pl/judgments/351967
346049|2018-05-17|SO|I ACa 1179/17|Wyrok|https://www.saos.org.pl/judgments/346049
440236|2018-05-15|SO|V AGa 63/18|Wyrok|https://www.saos.org.pl/judgments/440236
347326|2018-05-11|SO|IV Pa 14/18|Wyrok|https://www.saos.org.pl/judgments/347326
347488|2018-05-09|SO|I ACa 967/17|Wyrok|https://www.saos.org.pl/judgments/347488
344241|2018-05-09|SO|I ACa 978/17|Wyrok|https://www.saos.org.pl/judgments/344241
359899|2018-04-26|SO|II Ca 1236/17|Uzasadnienie|https://www.saos.org.pl/judgments/359899
362348|2018-04-24|SO|I ACa 1424/17|Wyrok|https://www.saos.org.pl/judgments/362348
350374|2018-04-20|SO|III Ca 8/18|Uzasadnienie|https://www.saos.org.pl/judgments/350374
344368|2018-04-20|SO|I ACa 1281/17|Wyrok|https://www.saos.org.pl/judgments/344368
339187|2018-04-17|SO|I ACa 1063/17|Wyrok|https://www.saos.org.pl/judgments/339187
346368|2018-04-16|SO|II Ca 1215/17|Zarządzenie|https://www.saos.org.pl/judgments/346368
349602|2018-04-12|SO|I ACa 1018/17|Wyrok|https://www.saos.org.pl/judgments/349602
337647|2018-04-10|SO|IX Ca 1123/17|Postanowienie|https://www.saos.org.pl/judgments/337647
349542|2018-04-09|SO|III Ca 280/18|Uzasadnienie|https://www.saos.org.pl/judgments/349542
384678|2018-04-05|SO|I ACa 25/17|Wyrok|https://www.saos.org.pl/judgments/384678
344418|2018-04-05|SO|I AGa 86/18|Wyrok|https://www.saos.org.pl/judgments/344418
337959|2018-04-04|SO|VIII Pa 252/17|Wyrok|https://www.saos.org.pl/judgments/337959
436311|2018-03-29|SO|III APa 64/17|Wyrok|https://www.saos.org.pl/judgments/436311
343891|2018-03-29|SO|I ACa 934/17|Wyrok|https://www.saos.org.pl/judgments/343891
339783|2018-03-27|SO|I ACa 201/14|Wyrok|https://www.saos.org.pl/judgments/339783
337345|2018-03-26|SO|II Ca 494/17|Zarządzenie|https://www.saos.org.pl/judgments/337345
335585|2018-03-16|SO|I ACa 43/18|Postanowienie|https://www.saos.org.pl/judgments/335585
359893|2018-03-15|SO|II Ca 1147/17|Postanowienie|https://www.saos.org.pl/judgments/359893
359892|2018-03-15|SO|II Ca 1147/17|Postanowienie|https://www.saos.org.pl/judgments/359892
349288|2018-03-12|SO|III Ca 1813/17|Uzasadnienie|https://www.saos.org.pl/judgments/349288
332427|2018-03-07|SO|IX Ca 1017/17|Postanowienie|https://www.saos.org.pl/judgments/332427
339729|2018-03-02|SO|VII AGa 92/18|Wyrok|https://www.saos.org.pl/judgments/339729
361088|2018-03-01|SO|II Ca 2388/17|Wyrok|https://www.saos.org.pl/judgments/361088
346076|2018-02-28|SO|I ACa 896/17|Wyrok|https://www.saos.org.pl/judgments/346076
345264|2018-02-23|SO|VI ACa 510/17|Wyrok|https://www.saos.org.pl/judgments/345264
345343|2018-02-22|SO|I ACa 851/17|Wyrok|https://www.saos.org.pl/judgments/345343
382084|2018-02-21|SO|I ACa 923/17|Wyrok|https://www.saos.org.pl/judgments/382084
338548|2018-02-21|SO|I ACa 400/17|Wyrok|https://www.saos.org.pl/judgments/338548
337072|2018-02-21|SO|III AUa 750/17|Wyrok|https://www.saos.org.pl/judgments/337072
331654|2018-02-21|SO|IX Ca 81/17|Postanowienie|https://www.saos.org.pl/judgments/331654
330827|2018-02-21|SO|IX Ca 1009/17|Wyrok|https://www.saos.org.pl/judgments/330827
501855|2018-02-16|SO|II Ca 2536/15|Postanowienie|https://www.saos.org.pl/judgments/501855
393159|2018-02-15|SO|II Ca 1968/15|Wyrok|https://www.saos.org.pl/judgments/393159
336317|2018-02-15|SO|I ACa 825/17|Wyrok|https://www.saos.org.pl/judgments/336317
329268|2018-02-14|SO|I Ca 9/18|Wyrok|https://www.saos.org.pl/judgments/329268
346435|2018-02-08|SO|V ACa 797/16|Wyrok|https://www.saos.org.pl/judgments/346435
332616|2018-02-07|SO|I Ca 558/17|Wyrok|https://www.saos.org.pl/judgments/332616
402393|2018-02-05|SO|XIII GC 1218/16|Wyrok|https://www.saos.org.pl/judgments/402393
339615|2018-02-05|SO|III Ca 1906/15|Uzasadnienie|https://www.saos.org.pl/judgments/339615
332255|2018-02-02|SO|I ACa 2009/16|Wyrok|https://www.saos.org.pl/judgments/332255
330087|2018-02-01|SO|I ACa 824/17|Wyrok|https://www.saos.org.pl/judgments/330087
338614|2018-01-30|SO|II Ca 957/17|Postanowienie|https://www.saos.org.pl/judgments/338614
330275|2018-01-30|SO|III Ca 1071/17|Wyrok|https://www.saos.org.pl/judgments/330275
329522|2018-01-30|SO|II Ca 710/17|Postanowienie|https://www.saos.org.pl/judgments/329522
336282|2018-01-29|SO|I ACa 631/17|Wyrok|https://www.saos.org.pl/judgments/336282
332957|2018-01-29|SO|I C 517/14|Wyrok|https://www.saos.org.pl/judgments/332957
326281|2018-01-26|SO|IX Ca 946/17|Wyrok|https://www.saos.org.pl/judgments/326281
338113|2018-01-23|SO|I ACa 861/17|Wyrok|https://www.saos.org.pl/judgments/338113
377972|2018-01-19|SO|II Ca 2203/16|Postanowienie|https://www.saos.org.pl/judgments/377972
351783|2018-01-19|SO|I ACa 906/17|Wyrok|https://www.saos.org.pl/judgments/351783
339561|2018-01-19|SO|III Ca 1515/17|Uzasadnienie|https://www.saos.org.pl/judgments/339561
326289|2018-01-18|SO|V ACa 874/16|Wyrok|https://www.saos.org.pl/judgments/326289
441230|2018-01-17|SO|I ACa 763/17|Wyrok|https://www.saos.org.pl/judgments/441230
338934|2018-01-17|SO|III Ca 1549/17|Uzasadnienie|https://www.saos.org.pl/judgments/338934
349238|2018-01-16|SO|I ACa 853/17|Wyrok|https://www.saos.org.pl/judgments/349238
377927|2018-01-12|SO|II Ca 1710/17|Wyrok|https://www.saos.org.pl/judgments/377927
333572|2018-01-11|SO|II Ca 1101/17|Wyrok|https://www.saos.org.pl/judgments/333572
338644|2018-01-03|SO|III Ca 1489/17|Uzasadnienie|https://www.saos.org.pl/judgments/338644
343088|2018-01-02|SO|V ACa 577/16|Wyrok|https://www.saos.org.pl/judgments/343088
331752|2017-12-29|SO|I ACa 545/17|Wyrok|https://www.saos.org.pl/judgments/331752
324461|2017-12-29|SO|VIII Ua 81/17|Uzasadnienie|https://www.saos.org.pl/judgments/324461
327903|2017-12-21|SO|II Ca 1228/17|Wyrok|https://www.saos.org.pl/judgments/327903
340112|2017-12-15|SO|I ACa 605/17|Wyrok|https://www.saos.org.pl/judgments/340112
332252|2017-12-13|SO|I ACa 1588/16|Wyrok|https://www.saos.org.pl/judgments/332252
341374|2017-12-12|SO|V ACa 807/16|Wyrok|https://www.saos.org.pl/judgments/341374
325027|2017-12-12|SO|I ACa 1101/16|Wyrok|https://www.saos.org.pl/judgments/325027
337681|2017-12-07|SO|VIII Pa 130/17|Wyrok|https://www.saos.org.pl/judgments/337681
325780|2017-12-07|SO|III Ca 328/17|Uzasadnienie|https://www.saos.org.pl/judgments/325780
360291|2017-12-06|SO|II Ca 2127/17|Wyrok|https://www.saos.org.pl/judgments/360291
319002|2017-12-06|SO|I ACa 59/17|Wyrok|https://www.saos.org.pl/judgments/319002
331087|2017-12-05|SO|VII Pa 145/17|Wyrok|https://www.saos.org.pl/judgments/331087
327036|2017-12-05|SO|VI Pa 66/17|Wyrok|https://www.saos.org.pl/judgments/327036
509858|2017-12-04|SO|V ACa 768/17|Wyrok|https://www.saos.org.pl/judgments/509858
447411|2017-12-01|SO|I ACa 1217/16|Wyrok|https://www.saos.org.pl/judgments/447411
330070|2017-11-30|SO|I ACa 126/17|Wyrok|https://www.saos.org.pl/judgments/330070
331967|2017-11-29|SO|I ACa 428/17|Wyrok|https://www.saos.org.pl/judgments/331967
325227|2017-11-24|SO|III Ca 1356/17|Uzasadnienie|https://www.saos.org.pl/judgments/325227
340978|2017-11-22|SO|V ACa 645/17|Wyrok|https://www.saos.org.pl/judgments/340978
395177|2017-11-20|SO|V ACa 856/16|Postanowienie|https://www.saos.org.pl/judgments/395177
341373|2017-11-17|SO|V ACa 65/17|Wyrok|https://www.saos.org.pl/judgments/341373
318185|2017-11-17|SO|II Ca 740/15|Postanowienie|https://www.saos.org.pl/judgments/318185
331951|2017-11-16|SO|I ACa 1820/13|Wyrok|https://www.saos.org.pl/judgments/331951
316680|2017-11-16|SO|IX Ca 651/17|Wyrok|https://www.saos.org.pl/judgments/316680
346451|2017-11-07|SO|XV Ca 649/17|Postanowienie|https://www.saos.org.pl/judgments/346451
323876|2017-11-07|SO|III Ca 852/17|Uzasadnienie|https://www.saos.org.pl/judgments/323876
324759|2017-11-03|SO|III Ca 1417/17|Uzasadnienie|https://www.saos.org.pl/judgments/324759
323825|2017-10-31|SO|III Ca 1337/14|Wyrok|https://www.saos.org.pl/judgments/323825
338608|2017-10-30|SO|II Ca 659/17|Postanowienie|https://www.saos.org.pl/judgments/338608
318567|2017-10-27|SO|I ACa 596/17|Wyrok|https://www.saos.org.pl/judgments/318567
336467|2017-10-25|SO|I ACa 196/17|Wyrok|https://www.saos.org.pl/judgments/336467
319148|2017-10-24|SO|III Ca 1061/17|Postanowienie|https://www.saos.org.pl/judgments/319148
328017|2017-10-18|SO|V ACa 675/16|Wyrok|https://www.saos.org.pl/judgments/328017
319527|2017-10-13|SO|III Ca 996/17|Uzasadnienie|https://www.saos.org.pl/judgments/319527
319851|2017-10-12|SO|I C 768/16|Wyrok|https://www.saos.org.pl/judgments/319851
319146|2017-10-12|SO|III Ca 1054/17|Wyrok|https://www.saos.org.pl/judgments/319146
314063|2017-10-12|SO|I ACa 1014/16|Wyrok|https://www.saos.org.pl/judgments/314063
319236|2017-10-10|SO|III Ca 943/17|Uzasadnienie|https://www.saos.org.pl/judgments/319236
313869|2017-10-05|SO|II Ca 1303/16|Postanowienie|https://www.saos.org.pl/judgments/313869
342530|2017-10-04|SO|I ACa 933/16|Wyrok|https://www.saos.org.pl/judgments/342530
317301|2017-10-04|SO|I Nc 1707/17|Postanowienie|https://www.saos.org.pl/judgments/317301
311758|2017-10-04|SO|II Ca 390/17|Wyrok|https://www.saos.org.pl/judgments/311758
315324|2017-09-29|SO|II Ca 285/17|Postanowienie|https://www.saos.org.pl/judgments/315324
306877|2017-09-29|SO|VIII Pa 152/17|Uzasadnienie|https://www.saos.org.pl/judgments/306877
318438|2017-09-28|SO|III Ca 834/17|Uzasadnienie|https://www.saos.org.pl/judgments/318438
308566|2017-09-28|SO|IX Ca 241/17|Postanowienie|https://www.saos.org.pl/judgments/308566
326157|2017-09-27|SO|I ACa 492/17|Wyrok|https://www.saos.org.pl/judgments/326157
347161|2017-09-22|SO|I ACa 1378/17|Wyrok|https://www.saos.org.pl/judgments/347161
323872|2017-09-21|SO|III Ca 843/17|Postanowienie|https://www.saos.org.pl/judgments/323872
315511|2017-09-21|SO|III Ca 892/17|Wyrok|https://www.saos.org.pl/judgments/315511
313250|2017-09-20|SO|III Ca 1027/17|Uzasadnienie|https://www.saos.org.pl/judgments/313250
312441|2017-09-20|SO|II Ca 871/17|Postanowienie|https://www.saos.org.pl/judgments/312441
312439|2017-09-20|SO|II Ca 601/17|Postanowienie|https://www.saos.org.pl/judgments/312439
309630|2017-09-20|SO|I ACa 125/17|Wyrok|https://www.saos.org.pl/judgments/309630
335547|2017-09-15|SO|XV Ca 437/17|Wyrok|https://www.saos.org.pl/judgments/335547
342528|2017-09-12|SO|I ACa 347/17|Wyrok|https://www.saos.org.pl/judgments/342528
310092|2017-09-12|SO|VI Ua 28/17|Wyrok|https://www.saos.org.pl/judgments/310092
308666|2017-09-12|SO|I ACa 519/15|Wyrok|https://www.saos.org.pl/judgments/308666
314441|2017-09-11|SO|II Ca 43/17|Wyrok|https://www.saos.org.pl/judgments/314441
339282|2017-09-08|SO|I ACa 360/17|Wyrok|https://www.saos.org.pl/judgments/339282
304381|2017-09-07|SO|I ACa 697/16|Wyrok|https://www.saos.org.pl/judgments/304381
388714|2017-09-01|SO|I C 2149/14|Wyrok|https://www.saos.org.pl/judgments/388714
319000|2017-08-25|SO|I ACa 1236/15|Wyrok|https://www.saos.org.pl/judgments/319000
336271|2017-08-23|SO|I ACa 1787/16|Wyrok|https://www.saos.org.pl/judgments/336271
318139|2017-08-14|SO|II Ca 1226/16|Postanowienie|https://www.saos.org.pl/judgments/318139
311243|2017-08-09|SO|III Ca 668/17|Wyrok|https://www.saos.org.pl/judgments/311243
324088|2017-07-27|SO|VI ACa 818/17|Wyrok|https://www.saos.org.pl/judgments/324088
302800|2017-07-26|SO|III Ca 472/17|Uzasadnienie|https://www.saos.org.pl/judgments/302800
305775|2017-07-19|SO|III Ca 595/17|Wyrok|https://www.saos.org.pl/judgments/305775
294937|2017-07-18|SO|I C 303/17|Wyrok|https://www.saos.org.pl/judgments/294937
310642|2017-07-12|SO|III AUa 210/17|Wyrok|https://www.saos.org.pl/judgments/310642
300475|2017-07-10|SO|III Ca 688/17|Uzasadnienie|https://www.saos.org.pl/judgments/300475
364763|2017-07-03|SO|I ACa 72/17|Wyrok|https://www.saos.org.pl/judgments/364763
299919|2017-07-03|SO|III Ca 667/17|Uzasadnienie|https://www.saos.org.pl/judgments/299919
299913|2017-06-29|SO|III Ca 628/17|Uzasadnienie|https://www.saos.org.pl/judgments/299913
382505|2017-06-28|SO|XXVII Ca 545/17|Wyrok|https://www.saos.org.pl/judgments/382505
300560|2017-06-28|SO|V ACa 755/16|Wyrok|https://www.saos.org.pl/judgments/300560
306391|2017-06-23|SO|VI ACa 1677/15|Wyrok|https://www.saos.org.pl/judgments/306391
346458|2017-06-22|SO|I ACa 124/17|Wyrok|https://www.saos.org.pl/judgments/346458
312110|2017-06-20|SO|I ACa 217/17|Wyrok|https://www.saos.org.pl/judgments/312110
290572|2017-06-20|SO|V ACa 225/17|Wyrok|https://www.saos.org.pl/judgments/290572
289568|2017-06-20|SO|XIII Ga 1335/16|Uzasadnienie|https://www.saos.org.pl/judgments/289568
297844|2017-06-07|SO|III Ca 356/17|Uzasadnienie|https://www.saos.org.pl/judgments/297844
311713|2017-05-25|SO|VI ACa 582/16|Wyrok|https://www.saos.org.pl/judgments/311713
299704|2017-05-25|SO|VIII Pa 16/17|Wyrok|https://www.saos.org.pl/judgments/299704
288500|2017-05-24|SO|IX Ca 1017/16|Wyrok|https://www.saos.org.pl/judgments/288500
297949|2017-05-23|SO|VI ACa 142/16|Wyrok|https://www.saos.org.pl/judgments/297949
370495|2017-05-19|SO|II Ca 521/16|Wyrok|https://www.saos.org.pl/judgments/370495
293206|2017-05-17|SO|I ACa 45/17|Wyrok|https://www.saos.org.pl/judgments/293206
293472|2017-05-12|SO|V Ca 444/17|Wyrok|https://www.saos.org.pl/judgments/293472
288414|2017-05-12|SO|II Ca 1501/16|Postanowienie|https://www.saos.org.pl/judgments/288414
325117|2017-05-11|SO|II Ca 235/17|Wyrok|https://www.saos.org.pl/judgments/325117
292384|2017-05-10|SO|VIII Pa 81/16|Wyrok|https://www.saos.org.pl/judgments/292384
416654|2017-05-09|SO|V ACa 624/16|Wyrok|https://www.saos.org.pl/judgments/416654
288786|2017-05-04|SO|V ACa 139/17|Wyrok|https://www.saos.org.pl/judgments/288786
310871|2017-04-28|SO|VI ACa 156/16|Wyrok|https://www.saos.org.pl/judgments/310871
307507|2017-04-27|SO|V Pa 15/17|Wyrok|https://www.saos.org.pl/judgments/307507
286552|2017-04-27|SO|III Ca 1906/16|Uzasadnienie|https://www.saos.org.pl/judgments/286552
290212|2017-04-20|SO|III Ca 1941/16|Wyrok|https://www.saos.org.pl/judgments/290212
285181|2017-04-19|SO|I Ca 113/17|Wyrok|https://www.saos.org.pl/judgments/285181
301037|2017-04-13|SO|I ACa 589/16|Wyrok|https://www.saos.org.pl/judgments/301037
292721|2017-04-12|SO|II Ca 199/17|Wyrok|https://www.saos.org.pl/judgments/292721
294234|2017-04-11|SO|I ACa 594/14|Wyrok|https://www.saos.org.pl/judgments/294234
293493|2017-04-11|SO|VI ACa 1913/15|Wyrok|https://www.saos.org.pl/judgments/293493
279454|2017-04-05|SO|IV Ca 124/17|Postanowienie|https://www.saos.org.pl/judgments/279454
285044|2017-04-04|SO|I ACa 1278/16|Wyrok|https://www.saos.org.pl/judgments/285044
286218|2017-03-30|SO|I ACa 893/16|Wyrok|https://www.saos.org.pl/judgments/286218
282422|2017-03-23|SO|VIII Pa 14/17|Wyrok|https://www.saos.org.pl/judgments/282422
296312|2017-03-22|SO|V ACa 251/16|Wyrok|https://www.saos.org.pl/judgments/296312
283347|2017-03-22|SO|I ACa 1212/16|Wyrok|https://www.saos.org.pl/judgments/283347
280112|2017-03-17|SO|I ACa 107/16|Wyrok|https://www.saos.org.pl/judgments/280112
282248|2017-03-16|SO|III Ca 1429/16|Uzasadnienie|https://www.saos.org.pl/judgments/282248
287958|2017-03-15|SO|I Ca 46/17|Wyrok|https://www.saos.org.pl/judgments/287958
279261|2017-03-15|SO|VIII Ga 171/16|Postanowienie|https://www.saos.org.pl/judgments/279261
404847|2017-03-14|SO|I ACa 1187/16|Wyrok|https://www.saos.org.pl/judgments/404847
283019|2017-03-13|SO|VI ACa 1027/15|Wyrok|https://www.saos.org.pl/judgments/283019
287548|2017-03-10|SO|II Ca 21/17|Wyrok|https://www.saos.org.pl/judgments/287548
277614|2017-03-09|SO|III APa 19/16|Wyrok|https://www.saos.org.pl/judgments/277614
279638|2017-03-08|SO|I Ca 510/16|Wyrok|https://www.saos.org.pl/judgments/279638
304333|2017-03-02|SO|I ACa 2335/15|Wyrok|https://www.saos.org.pl/judgments/304333
289617|2017-03-02|SO|I ACa 1210/14|Wyrok|https://www.saos.org.pl/judgments/289617
288879|2017-03-02|SO|I ACa 1544/14|Wyrok|https://www.saos.org.pl/judgments/288879
284757|2017-03-02|SO|VI ACa 1976/16|Wyrok|https://www.saos.org.pl/judgments/284757
282669|2017-03-02|SO|I ACa 1481/14|Wyrok|https://www.saos.org.pl/judgments/282669
277779|2017-02-21|SO|III Ca 344/16|Wyrok|https://www.saos.org.pl/judgments/277779
276582|2017-02-21|SO|IX Ca 938/16|Postanowienie|https://www.saos.org.pl/judgments/276582
277530|2017-02-20|SO|II Ca 1140/16|Uzasadnienie|https://www.saos.org.pl/judgments/277530
317303|2017-02-17|SO|I Nc 2652/16|Uzasadnienie|https://www.saos.org.pl/judgments/317303
282183|2017-02-16|SO|I Ca 282/16|Postanowienie|https://www.saos.org.pl/judgments/282183
276107|2017-02-16|SO|I Ca 287/16|Postanowienie|https://www.saos.org.pl/judgments/276107
272687|2017-02-15|SO|IX Ca 951/16|Wyrok|https://www.saos.org.pl/judgments/272687
394991|2017-02-13|SO|III Pa 2/17|Wyrok|https://www.saos.org.pl/judgments/394991
429390|2017-02-08|SO|I ACa 1134/15|Wyrok|https://www.saos.org.pl/judgments/429390
391497|2017-02-08|SO|I ACa 317/15|Wyrok|https://www.saos.org.pl/judgments/391497
272587|2017-02-02|SO|III Ca 1344/16|Uzasadnienie|https://www.saos.org.pl/judgments/272587
429418|2017-02-01|SO|I ACa 833/16|Wyrok|https://www.saos.org.pl/judgments/429418
285097|2017-01-31|SO|I ACa 985/15|Wyrok|https://www.saos.org.pl/judgments/285097
283133|2017-01-31|SO|I ACa 1296/16|Wyrok|https://www.saos.org.pl/judgments/283133
279740|2017-01-31|SO|III APa 31/16|Wyrok|https://www.saos.org.pl/judgments/279740
274645|2017-01-31|SO|V ACa 369/16|Wyrok|https://www.saos.org.pl/judgments/274645
283958|2017-01-26|SO|I ACa 775/16|Wyrok|https://www.saos.org.pl/judgments/283958
269746|2017-01-26|SO|IX Ca 895/16|Wyrok|https://www.saos.org.pl/judgments/269746
279053|2017-01-25|SO|III Ca 1722/16|Wyrok|https://www.saos.org.pl/judgments/279053
316240|2017-01-20|SO|II AKa 197/16|Uzasadnienie|https://www.saos.org.pl/judgments/316240
269656|2017-01-19|SO|I Ca 549/16|Wyrok|https://www.saos.org.pl/judgments/269656
308088|2017-01-18|SO|II Ca 505/16|Postanowienie|https://www.saos.org.pl/judgments/308088
286777|2017-01-17|SO|V ACa 255/16|Wyrok|https://www.saos.org.pl/judgments/286777
268621|2017-01-17|SO|IV Pa 42/16|Wyrok|https://www.saos.org.pl/judgments/268621
274044|2017-01-11|SO|II Ca 1401/16|Wyrok|https://www.saos.org.pl/judgments/274044
269055|2017-01-11|SO|IX Ca 581/16|Postanowienie|https://www.saos.org.pl/judgments/269055
363150|2016-12-28|SO|I Ns 577/16|Postanowienie|https://www.saos.org.pl/judgments/363150
308110|2016-12-27|SO|II Ca 588/16|Postanowienie|https://www.saos.org.pl/judgments/308110
291396|2016-12-22|SO|XV Ca 1404/16|Wyrok|https://www.saos.org.pl/judgments/291396
271234|2016-12-22|SO|I ACa 626/16|Wyrok|https://www.saos.org.pl/judgments/271234
272374|2016-12-21|SO|VI Pa 123/15|Wyrok|https://www.saos.org.pl/judgments/272374
305325|2016-12-20|SO|II Ca 356/16|Wyrok|https://www.saos.org.pl/judgments/305325
270799|2016-12-20|SO|XXVII Ca 1868/16|Wyrok|https://www.saos.org.pl/judgments/270799
280413|2016-12-15|SO|VII Pa 130/16|Wyrok|https://www.saos.org.pl/judgments/280413
262487|2016-12-15|SO|IV Ca 619/16|Postanowienie|https://www.saos.org.pl/judgments/262487
267614|2016-12-14|SO|I ACa 770/16|Wyrok|https://www.saos.org.pl/judgments/267614
267081|2016-12-14|SO|II Ca 733/16|Postanowienie|https://www.saos.org.pl/judgments/267081
266984|2016-12-14|SO|I ACa 2065/15|Wyrok|https://www.saos.org.pl/judgments/266984
346462|2016-12-09|SO|I ACa 928/15|Wyrok|https://www.saos.org.pl/judgments/346462
309019|2016-12-09|SO|II Ca 735/16|Wyrok|https://www.saos.org.pl/judgments/309019
284190|2016-12-08|SO|I ACa 514/16|Wyrok|https://www.saos.org.pl/judgments/284190
277960|2016-12-08|SO|VI ACa 1176/15|Wyrok|https://www.saos.org.pl/judgments/277960
266286|2016-12-07|SO|III Ca 1195/16|Wyrok|https://www.saos.org.pl/judgments/266286
275818|2016-12-06|SO|I ACa 2022/15|Wyrok|https://www.saos.org.pl/judgments/275818
280517|2016-12-05|SO|I C 116/16|Uzasadnienie|https://www.saos.org.pl/judgments/280517
510084|2016-12-02|SO|V Ca 656/16|Wyrok|https://www.saos.org.pl/judgments/510084
305284|2016-12-01|SO|II Ca 275/16|Postanowienie|https://www.saos.org.pl/judgments/305284
270793|2016-11-30|SO|XXVII Ca 1708/16|Postanowienie|https://www.saos.org.pl/judgments/270793
267593|2016-11-30|SO|I ACa 631/16|Wyrok|https://www.saos.org.pl/judgments/267593
266990|2016-11-30|SO|I ACa 617/16|Wyrok|https://www.saos.org.pl/judgments/266990
265263|2016-11-30|SO|I ACa 578/16|Wyrok|https://www.saos.org.pl/judgments/265263
265258|2016-11-30|SO|I ACa 472/16|Wyrok|https://www.saos.org.pl/judgments/265258
270139|2016-11-29|SO|XVIII C 60/16|Wyrok|https://www.saos.org.pl/judgments/270139
269837|2016-11-29|SO|I ACa 589/16|Wyrok|https://www.saos.org.pl/judgments/269837
272475|2016-11-25|SO|I ACa 1565/15|Wyrok|https://www.saos.org.pl/judgments/272475
260672|2016-11-23|SO|I ACa 469/16|Wyrok|https://www.saos.org.pl/judgments/260672
272251|2016-11-21|SO|III Ca 478/16|Wyrok|https://www.saos.org.pl/judgments/272251
402212|2016-11-17|SO|II Ca 1901/16|Wyrok|https://www.saos.org.pl/judgments/402212
271413|2016-11-15|SO|VI ACa 1339/15|Wyrok|https://www.saos.org.pl/judgments/271413
270526|2016-11-15|SO|I ACa 70/16|Wyrok|https://www.saos.org.pl/judgments/270526
263665|2016-11-15|SO|V ACa 706/16|Wyrok|https://www.saos.org.pl/judgments/263665
265453|2016-11-10|SO|II Ca 958/16|Wyrok|https://www.saos.org.pl/judgments/265453
272080|2016-11-09|SO|I ACa 536/16|Wyrok|https://www.saos.org.pl/judgments/272080
260840|2016-11-09|SO|III Ca 994/16|Wyrok|https://www.saos.org.pl/judgments/260840
295771|2016-11-08|SO|I ACa 343/16|Wyrok|https://www.saos.org.pl/judgments/295771
271855|2016-11-03|SO|VIII Pa 119/16|Wyrok|https://www.saos.org.pl/judgments/271855
267049|2016-11-03|SO|II Ca 458/16|Wyrok|https://www.saos.org.pl/judgments/267049
258011|2016-11-03|SO|I ACa 2071/14|Wyrok|https://www.saos.org.pl/judgments/258011
318085|2016-10-28|SO|XXVII Ca 3318/16|Wyrok|https://www.saos.org.pl/judgments/318085
257804|2016-10-28|SO|VIII Ga 106/16|Uzasadnienie|https://www.saos.org.pl/judgments/257804
255423|2016-10-28|SO|III Ca 1037/16|Uzasadnienie|https://www.saos.org.pl/judgments/255423
261045|2016-10-26|SO|I ACa 1771/15|Wyrok|https://www.saos.org.pl/judgments/261045
261041|2016-10-26|SO|VI ACa 262/16|Wyrok|https://www.saos.org.pl/judgments/261041
382489|2016-10-25|SO|XXVII Ca 3704/16|Wyrok|https://www.saos.org.pl/judgments/382489
257660|2016-10-25|SO|V Pa 23/16|Wyrok|https://www.saos.org.pl/judgments/257660
255287|2016-10-25|SO|V Pa 25/16|Wyrok|https://www.saos.org.pl/judgments/255287
255749|2016-10-19|SO|I ACa 137/16|Wyrok|https://www.saos.org.pl/judgments/255749
254337|2016-10-19|SO|III Ca 851/16|Wyrok|https://www.saos.org.pl/judgments/254337
261337|2016-10-18|SO|II Ca 1443/15|Wyrok|https://www.saos.org.pl/judgments/261337
265512|2016-10-13|SO|III APa 7/16|Wyrok|https://www.saos.org.pl/judgments/265512
257404|2016-10-13|SO|III AUa 368/15|Wyrok|https://www.saos.org.pl/judgments/257404
252130|2016-10-13|SO|II Ca 555/16|Postanowienie|https://www.saos.org.pl/judgments/252130
258661|2016-10-12|SO|I ACa 631/16|Wyrok|https://www.saos.org.pl/judgments/258661
253643|2016-10-11|SO|V Pa 24/16|Wyrok|https://www.saos.org.pl/judgments/253643
255649|2016-10-07|SO|I ACa 1330/14|Wyrok|https://www.saos.org.pl/judgments/255649
305315|2016-09-29|SO|II Ca 328/16|Wyrok|https://www.saos.org.pl/judgments/305315
253120|2016-09-28|SO|V ACa 1016/15|Wyrok|https://www.saos.org.pl/judgments/253120
252365|2016-09-27|SO|I ACa 673/16|Wyrok|https://www.saos.org.pl/judgments/252365
274706|2016-09-23|SO|VI ACa 966/14|Wyrok|https://www.saos.org.pl/judgments/274706
305247|2016-09-22|SO|II Ca 184/16|Postanowienie|https://www.saos.org.pl/judgments/305247
324602|2016-09-19|SO|I ACa 997/16|Wyrok|https://www.saos.org.pl/judgments/324602
299504|2016-09-16|SO|II Ca 751/15|Postanowienie|https://www.saos.org.pl/judgments/299504
254058|2016-09-15|SO|VI ACa 853/13|Wyrok|https://www.saos.org.pl/judgments/254058
253445|2016-09-15|SO|I ACa 270/16|Wyrok|https://www.saos.org.pl/judgments/253445
256476|2016-09-14|SO|I ACa 294/16|Wyrok|https://www.saos.org.pl/judgments/256476
251278|2016-09-14|SO|II Ca 746/16|Wyrok|https://www.saos.org.pl/judgments/251278
305081|2016-09-13|SO|II Ca 1163/15|Postanowienie|https://www.saos.org.pl/judgments/305081
249185|2016-09-13|SO|II Ca 654/15|Postanowienie|https://www.saos.org.pl/judgments/249185
305255|2016-09-09|SO|II Ca 205/16|Postanowienie|https://www.saos.org.pl/judgments/305255
247781|2016-09-09|SO|IV Ca 396/16|Wyrok|https://www.saos.org.pl/judgments/247781
251359|2016-09-08|SO|III Ca 711/16|Uzasadnienie|https://www.saos.org.pl/judgments/251359
250665|2016-09-08|SO|I ACa 1151/16|Wyrok|https://www.saos.org.pl/judgments/250665
248520|2016-09-08|SO|V Ua 33/15|Wyrok|https://www.saos.org.pl/judgments/248520
298618|2016-09-05|SO|II Ca 852/16|Wyrok|https://www.saos.org.pl/judgments/298618
247163|2016-08-31|SO|IV Ca 489/16|Wyrok|https://www.saos.org.pl/judgments/247163
258045|2016-08-23|SO|I ACa 995/15|Wyrok|https://www.saos.org.pl/judgments/258045
276688|2016-08-11|SO|VI ACa 464/15|Wyrok|https://www.saos.org.pl/judgments/276688
253026|2016-08-11|SO|II Ca 201/15|Wyrok|https://www.saos.org.pl/judgments/253026
249240|2016-08-03|SO|III Ca 573/16|Uzasadnienie|https://www.saos.org.pl/judgments/249240
286198|2016-07-28|SO|I ACa 321/16|Wyrok|https://www.saos.org.pl/judgments/286198
439690|2016-07-21|SO|II Ca 511/15|Postanowienie|https://www.saos.org.pl/judgments/439690
240812|2016-07-21|SO|VIII Pa 134/14|Wyrok|https://www.saos.org.pl/judgments/240812
283759|2016-07-20|SO|I ACa 98/16|Wyrok|https://www.saos.org.pl/judgments/283759
251453|2016-07-15|SO|VI ACa 616/15|Wyrok|https://www.saos.org.pl/judgments/251453
251789|2016-07-14|SO|VI ACa 636/15|Wyrok|https://www.saos.org.pl/judgments/251789
254008|2016-07-13|SO|IV Ca 1817/15|Wyrok|https://www.saos.org.pl/judgments/254008
246747|2016-07-13|SO|III Ca 436/16|Postanowienie|https://www.saos.org.pl/judgments/246747
237922|2016-07-13|SO|I ACa 1373/15|Wyrok|https://www.saos.org.pl/judgments/237922
237608|2016-07-13|SO|VII Pa 18/16|Wyrok|https://www.saos.org.pl/judgments/237608
241262|2016-07-08|SO|VI ACa 758/15|Wyrok|https://www.saos.org.pl/judgments/241262
250549|2016-07-07|SO|I ACa 397/16|Wyrok|https://www.saos.org.pl/judgments/250549
242632|2016-07-07|SO|III Ca 266/16|Uzasadnienie|https://www.saos.org.pl/judgments/242632
238756|2016-07-01|SO|I ACa 39/16|Wyrok|https://www.saos.org.pl/judgments/238756
237558|2016-06-29|SO|III Ca 480/16|Wyrok|https://www.saos.org.pl/judgments/237558
242308|2016-06-28|SO|III Ca 444/16|Uzasadnienie|https://www.saos.org.pl/judgments/242308
235608|2016-06-27|SO|II Ca 546/16|Wyrok|https://www.saos.org.pl/judgments/235608
272911|2016-06-24|SO|V ACa 562/15|Wyrok|https://www.saos.org.pl/judgments/272911
305192|2016-06-22|SO|II Ca 1562/15|Postanowienie|https://www.saos.org.pl/judgments/305192
242340|2016-06-21|SO|III Ca 585/16|Uzasadnienie|https://www.saos.org.pl/judgments/242340
234294|2016-06-21|SO|I ACa 149/16|Wyrok|https://www.saos.org.pl/judgments/234294
236048|2016-06-20|SO|I ACa 503/15|Wyrok|https://www.saos.org.pl/judgments/236048
247594|2016-06-15|SO|I ACa 1084/15|Wyrok|https://www.saos.org.pl/judgments/247594
231262|2016-06-15|SO|II AKa 112/16|Wyrok|https://www.saos.org.pl/judgments/231262
305218|2016-06-10|SO|II Ca 1654/15|Postanowienie|https://www.saos.org.pl/judgments/305218
234083|2016-06-10|SO|VII Pa 70/16|Wyrok|https://www.saos.org.pl/judgments/234083
238911|2016-06-09|SO|I C 157/16|Wyrok|https://www.saos.org.pl/judgments/238911
250370|2016-06-02|SO|I ACa 1116/15|Wyrok|https://www.saos.org.pl/judgments/250370
238794|2016-06-02|SO|II Ca 186/16|Wyrok|https://www.saos.org.pl/judgments/238794
262358|2016-05-31|SO|I ACa 1011/15|Wyrok|https://www.saos.org.pl/judgments/262358
241902|2016-05-31|SO|I ACa 1704/15|Wyrok|https://www.saos.org.pl/judgments/241902
234019|2016-05-31|SO|IV Ca 739/15|Postanowienie|https://www.saos.org.pl/judgments/234019
228725|2016-05-31|SO|I ACa 243/16|Wyrok|https://www.saos.org.pl/judgments/228725
239688|2016-05-27|SO|III Ca 337/15|Uzasadnienie|https://www.saos.org.pl/judgments/239688
233306|2016-05-25|SO|III Ca 139/16|Postanowienie|https://www.saos.org.pl/judgments/233306
245682|2016-05-24|SO|I ACa 899/15|Wyrok|https://www.saos.org.pl/judgments/245682
237589|2016-05-24|SO|VI ACa 637/15|Wyrok|https://www.saos.org.pl/judgments/237589
233118|2016-05-24|SO|I ACa 198/16|Wyrok|https://www.saos.org.pl/judgments/233118
239913|2016-05-20|SO|II Ca 1747/15|Wyrok|https://www.saos.org.pl/judgments/239913
231613|2016-05-20|SO|V ACa 535/14|Wyrok|https://www.saos.org.pl/judgments/231613
233656|2016-05-19|SO|I ACa 1356/15|Wyrok|https://www.saos.org.pl/judgments/233656
227319|2016-05-18|SO|IX Ca 1148/15|Wyrok|https://www.saos.org.pl/judgments/227319
232509|2016-05-13|SO|I ACa 129/16|Wyrok|https://www.saos.org.pl/judgments/232509
305162|2016-05-10|SO|II Ca 1435/15|Postanowienie|https://www.saos.org.pl/judgments/305162
239456|2016-05-09|SO|III Ca 526/16|Uzasadnienie|https://www.saos.org.pl/judgments/239456
251690|2016-05-05|SO|I ACa 289/15|Wyrok|https://www.saos.org.pl/judgments/251690
231069|2016-05-05|SO|I ACa 1073/15|Wyrok|https://www.saos.org.pl/judgments/231069
235580|2016-04-29|SO|I ACa 1050/15|Wyrok|https://www.saos.org.pl/judgments/235580
295419|2016-04-28|SO|I ACa 1042/15|Wyrok|https://www.saos.org.pl/judgments/295419
237643|2016-04-28|SO|I ACa 460/15|Wyrok|https://www.saos.org.pl/judgments/237643
231250|2016-04-28|SO|I Ca 45/16|Postanowienie|https://www.saos.org.pl/judgments/231250
224038|2016-04-28|SO|I ACa 58/15|Wyrok|https://www.saos.org.pl/judgments/224038
239454|2016-04-27|SO|III Ca 524/16|Uzasadnienie|https://www.saos.org.pl/judgments/239454
239447|2016-04-26|SO|III Ca 502/16|Uzasadnienie|https://www.saos.org.pl/judgments/239447
232889|2016-04-26|SO|II Ca 404/16|Postanowienie|https://www.saos.org.pl/judgments/232889
225284|2016-04-25|SO|III Ca 646/15|Uzasadnienie|https://www.saos.org.pl/judgments/225284
225859|2016-04-21|SO|V ACa 853/14|Wyrok|https://www.saos.org.pl/judgments/225859
217691|2016-04-20|SO|XIII Ga 186/16|Uzasadnienie|https://www.saos.org.pl/judgments/217691
305098|2016-04-19|SO|II Ca 1222/15|Wyrok|https://www.saos.org.pl/judgments/305098
224304|2016-04-19|SO|III APa 3/16|Wyrok|https://www.saos.org.pl/judgments/224304
236046|2016-04-14|SO|I ACa 24/16|Wyrok|https://www.saos.org.pl/judgments/236046
235177|2016-04-14|SO|VI ACa 434/15|Wyrok|https://www.saos.org.pl/judgments/235177
225264|2016-04-13|SO|III Ca 423/16|Uzasadnienie|https://www.saos.org.pl/judgments/225264
225166|2016-04-13|SO|III Ca 1935/15|Uzasadnienie|https://www.saos.org.pl/judgments/225166
222028|2016-04-13|SO|III Ca 277/15|Postanowienie|https://www.saos.org.pl/judgments/222028
229447|2016-04-08|SO|V Ca 2023/15|Wyrok|https://www.saos.org.pl/judgments/229447
225228|2016-04-07|SO|III Ca 337/16|Uzasadnienie|https://www.saos.org.pl/judgments/225228
225231|2016-04-04|SO|III Ca 341/16|Uzasadnienie|https://www.saos.org.pl/judgments/225231
224546|2016-04-01|SO|III Ca 1969/15|Uzasadnienie|https://www.saos.org.pl/judgments/224546
229245|2016-03-31|SO|VIII Pa 188/14|Wyrok|https://www.saos.org.pl/judgments/229245
222715|2016-03-31|SO|III Ca 1965/15|Uzasadnienie|https://www.saos.org.pl/judgments/222715
220418|2016-03-31|SO|I ACa 1049/15|Wyrok|https://www.saos.org.pl/judgments/220418
221330|2016-03-30|SO|I Ca 110/16|Wyrok|https://www.saos.org.pl/judgments/221330
240144|2016-03-23|SO|VI ACa 235/15|Wyrok|https://www.saos.org.pl/judgments/240144
214602|2016-03-23|SO|XIII Ga 682/15|Uzasadnienie|https://www.saos.org.pl/judgments/214602
217716|2016-03-22|SO|I ACa 612/15|Wyrok|https://www.saos.org.pl/judgments/217716
246569|2016-03-17|SO|V ACa 761/15|Wyrok|https://www.saos.org.pl/judgments/246569
244936|2016-03-16|SN|IV CSK 276/15|Wyrok|https://www.saos.org.pl/judgments/244936
215943|2016-03-16|SO|I ACa 182/16|Wyrok|https://www.saos.org.pl/judgments/215943
215439|2016-03-16|SO|IV Ca 987/15|Wyrok|https://www.saos.org.pl/judgments/215439
223774|2016-03-15|SO|I ACa 100/16|Wyrok|https://www.saos.org.pl/judgments/223774
219222|2016-03-15|SO|II Ca 1407/15|Wyrok|https://www.saos.org.pl/judgments/219222
218496|2016-03-15|SO|III AUa 1035/15|Wyrok|https://www.saos.org.pl/judgments/218496
215324|2016-03-15|SO|III AUa 1038/15|Wyrok|https://www.saos.org.pl/judgments/215324
485047|2016-03-10|SO|VII Pa 266/15|Wyrok|https://www.saos.org.pl/judgments/485047
218292|2016-03-10|SO|I ACa 1720/15|Wyrok|https://www.saos.org.pl/judgments/218292
214308|2016-03-10|SO|II Ca 1216/15|Postanowienie|https://www.saos.org.pl/judgments/214308
228649|2016-03-08|SO|VII P 807/15|Wyrok|https://www.saos.org.pl/judgments/228649
244746|2016-03-04|SN|I CSK 96/15|Wyrok|https://www.saos.org.pl/judgments/244746
241263|2016-03-04|SO|VI ACa 91/15|Wyrok|https://www.saos.org.pl/judgments/241263
215949|2016-03-03|SO|I ACa 709/15|Wyrok|https://www.saos.org.pl/judgments/215949
218285|2016-03-02|SO|I ACa 1657/15|Wyrok|https://www.saos.org.pl/judgments/218285
244738|2016-02-24|SN|III PK 70/15|Wyrok|https://www.saos.org.pl/judgments/244738
223057|2016-02-24|SO|I ACa 261/14|Wyrok|https://www.saos.org.pl/judgments/223057
212130|2016-02-24|SO|IV Ca 903/15|Wyrok|https://www.saos.org.pl/judgments/212130
246817|2016-02-23|SO|XV Ca 1371/15|Postanowienie|https://www.saos.org.pl/judgments/246817
224205|2016-02-23|SO|VI ACa 134/15|Wyrok|https://www.saos.org.pl/judgments/224205
523725|2016-02-22|SO|II Ca 4/16|Wyrok|https://www.saos.org.pl/judgments/523725
215866|2016-02-18|SO|V Pa 4/16|Wyrok|https://www.saos.org.pl/judgments/215866
214384|2016-02-15|SO|III Ca 1416/15|Uzasadnienie|https://www.saos.org.pl/judgments/214384
273601|2016-02-10|SO|I ACa 945/14|Wyrok|https://www.saos.org.pl/judgments/273601
214728|2016-02-04|SO|II Ca 783/15|Postanowienie|https://www.saos.org.pl/judgments/214728
211325|2016-02-04|SO|I Ca 13/16|Wyrok|https://www.saos.org.pl/judgments/211325
244379|2016-01-29|SN|II CZ 96/15|Postanowienie|https://www.saos.org.pl/judgments/244379
244373|2016-01-29|SN|II CSK 82/15|Postanowienie|https://www.saos.org.pl/judgments/244373
215072|2016-01-29|SO|I ACa 1497/15|Wyrok|https://www.saos.org.pl/judgments/215072
215071|2016-01-29|SO|I ACa 1476/15|Wyrok|https://www.saos.org.pl/judgments/215071
223776|2016-01-28|SO|I ACa 1071/15|Wyrok|https://www.saos.org.pl/judgments/223776
211340|2016-01-28|SO|II Ca 478/15|Postanowienie|https://www.saos.org.pl/judgments/211340
203299|2016-01-28|SO|IV Ca 661/15|Postanowienie|https://www.saos.org.pl/judgments/203299
212966|2016-01-22|SO|V ACa 520/14|Wyrok|https://www.saos.org.pl/judgments/212966
211271|2016-01-22|SO|I ACa 617/15|Wyrok|https://www.saos.org.pl/judgments/211271
204440|2016-01-22|SO|I Ca 453/15|Postanowienie|https://www.saos.org.pl/judgments/204440
203391|2016-01-22|SO|V ACa 406/15|Wyrok|https://www.saos.org.pl/judgments/203391
221012|2016-01-21|SO|VI ACa 1887/14|Wyrok|https://www.saos.org.pl/judgments/221012
213060|2016-01-21|SO|VIII Pa 181/15|Wyrok|https://www.saos.org.pl/judgments/213060
210748|2016-01-20|SO|I ACa 531/15|Wyrok|https://www.saos.org.pl/judgments/210748
210721|2016-01-20|SO|I ACa 1054/15|Wyrok|https://www.saos.org.pl/judgments/210721
244369|2016-01-19|SN|I PK 2/15|Wyrok|https://www.saos.org.pl/judgments/244369
244349|2016-01-19|SN|I PK 16/15|Wyrok|https://www.saos.org.pl/judgments/244349
199333|2016-01-15|SO|II Ca 1055/15|Postanowienie|https://www.saos.org.pl/judgments/199333
244202|2016-01-14|SN|I CSK 1031/14|Wyrok|https://www.saos.org.pl/judgments/244202
244259|2016-01-13|SN|V CSK 254/15|Postanowienie|https://www.saos.org.pl/judgments/244259
204302|2016-01-08|SO|I ACa 613/15|Wyrok|https://www.saos.org.pl/judgments/204302
217296|2015-12-31|SO|I Ca 231/15|Postanowienie|https://www.saos.org.pl/judgments/217296
203202|2015-12-30|SO|III Ca 709/13|Postanowienie|https://www.saos.org.pl/judgments/203202
196862|2015-12-23|SO|III Ca 1220/15|Uzasadnienie|https://www.saos.org.pl/judgments/196862
192820|2015-12-21|SO|VII Pa 183/15|Uzasadnienie|https://www.saos.org.pl/judgments/192820
299510|2015-12-18|SO|II Ca 788/15|Wyrok|https://www.saos.org.pl/judgments/299510
202390|2015-12-18|SO|I ACa 512/15|Wyrok|https://www.saos.org.pl/judgments/202390
229416|2015-12-16|SO|III APa 70/14|Wyrok|https://www.saos.org.pl/judgments/229416
210133|2015-12-15|SO|I ACa 88/15|Wyrok|https://www.saos.org.pl/judgments/210133
244035|2015-12-11|SN|III CZP 88/15|Uchwała|https://www.saos.org.pl/judgments/244035
210341|2015-12-10|SO|III Ca 993/15|Wyrok|https://www.saos.org.pl/judgments/210341
194542|2015-12-10|SO|III Ca 1313/15|Uzasadnienie|https://www.saos.org.pl/judgments/194542
194737|2015-12-08|SO|III Ca 877/15|Uzasadnienie|https://www.saos.org.pl/judgments/194737
184895|2015-12-03|SO|III Ca 1248/15|Uzasadnienie|https://www.saos.org.pl/judgments/184895
193849|2015-11-30|SO|III Ca 1209/15|Uzasadnienie|https://www.saos.org.pl/judgments/193849
191035|2015-11-27|SO|V ACa 344/15|Wyrok|https://www.saos.org.pl/judgments/191035
193803|2015-11-26|SO|III Ca 1120/15|Uzasadnienie|https://www.saos.org.pl/judgments/193803
190028|2015-11-26|SO|IV Ca 309/15|Wyrok|https://www.saos.org.pl/judgments/190028
232814|2015-11-19|SO|I ACa 338/15|Wyrok|https://www.saos.org.pl/judgments/232814
198811|2015-11-10|SO|VI ACa 1483/15|Wyrok|https://www.saos.org.pl/judgments/198811
243724|2015-11-06|SN|II CSK 56/15|Wyrok|https://www.saos.org.pl/judgments/243724
193216|2015-11-06|SO|III Ca 1196/15|Uzasadnienie|https://www.saos.org.pl/judgments/193216
313168|2015-11-05|SO|II Ca 653/15|Postanowienie|https://www.saos.org.pl/judgments/313168
243762|2015-11-05|SN|V CSK 58/15|Wyrok|https://www.saos.org.pl/judgments/243762
243739|2015-11-05|SN|III PK 25/15|Wyrok|https://www.saos.org.pl/judgments/243739
197421|2015-11-05|SO|V ACa 447/15|Wyrok|https://www.saos.org.pl/judgments/197421
192157|2015-11-05|SO|II Ca 587/15|Wyrok|https://www.saos.org.pl/judgments/192157
192468|2015-11-04|SO|II Ca 1680/15|Wyrok|https://www.saos.org.pl/judgments/192468
189060|2015-11-04|SO|X GC 698/14|Zarządzenie|https://www.saos.org.pl/judgments/189060
189893|2015-10-29|SO|II Ca 2251/15|Wyrok|https://www.saos.org.pl/judgments/189893
181507|2015-10-29|SO|I ACa 735/15|Wyrok|https://www.saos.org.pl/judgments/181507
188244|2015-10-28|SO|VII Pa 82/15|Wyrok|https://www.saos.org.pl/judgments/188244
202378|2015-10-27|SO|I ACa 371/15|Wyrok|https://www.saos.org.pl/judgments/202378
186560|2015-10-27|SO|IV Pa 124/15|Wyrok|https://www.saos.org.pl/judgments/186560
189874|2015-10-21|SO|II Ca 1088/14|Wyrok|https://www.saos.org.pl/judgments/189874
186172|2015-10-21|SO|IV Ca 618/15|Wyrok|https://www.saos.org.pl/judgments/186172
193326|2015-10-20|SO|III Ca 827/15|Uzasadnienie|https://www.saos.org.pl/judgments/193326
193380|2015-10-19|SO|III Ca 913/15|Uzasadnienie|https://www.saos.org.pl/judgments/193380
193194|2015-10-15|SO|III Ca 1153/15|Uzasadnienie|https://www.saos.org.pl/judgments/193194
211270|2015-10-14|SO|I ACa 258/15|Wyrok|https://www.saos.org.pl/judgments/211270
243466|2015-10-08|SN|I UK 452/14|Wyrok|https://www.saos.org.pl/judgments/243466
181328|2015-10-08|SO|I ACa 439/15|Wyrok|https://www.saos.org.pl/judgments/181328
181327|2015-10-08|SO|I ACa 436/15|Wyrok|https://www.saos.org.pl/judgments/181327
181204|2015-10-02|SO|I ACa 2058/14|Wyrok|https://www.saos.org.pl/judgments/181204
182691|2015-09-30|SO|I Ca 189/15|Wyrok|https://www.saos.org.pl/judgments/182691
180773|2015-09-29|SO|IX GC 948/13|Wyrok|https://www.saos.org.pl/judgments/180773
178765|2015-09-22|SO|IX Ca 460/15|Wyrok|https://www.saos.org.pl/judgments/178765
181274|2015-09-18|SO|I ACa 369/15|Wyrok|https://www.saos.org.pl/judgments/181274
243318|2015-09-17|SN|II CSK 783/14|Wyrok|https://www.saos.org.pl/judgments/243318
197118|2015-09-17|SO|I ACa 196/15|Wyrok|https://www.saos.org.pl/judgments/197118
179042|2015-09-17|SO|II Ca 580/15|Postanowienie|https://www.saos.org.pl/judgments/179042
178980|2015-09-17|SO|IV Ca 535/15|Wyrok|https://www.saos.org.pl/judgments/178980
296814|2015-09-14|SO|II Ca 541/15|Wyrok|https://www.saos.org.pl/judgments/296814
180403|2015-09-10|SO|I ACa 6/15|Wyrok|https://www.saos.org.pl/judgments/180403
177812|2015-09-10|SO|I Ca 175/15|Wyrok|https://www.saos.org.pl/judgments/177812
191153|2015-09-04|SO|III Ca 637/15|Uzasadnienie|https://www.saos.org.pl/judgments/191153
179139|2015-09-04|SO|I ACa 2080/14|Wyrok|https://www.saos.org.pl/judgments/179139
179155|2015-09-01|SO|I ACa 289/15|Wyrok|https://www.saos.org.pl/judgments/179155
179138|2015-09-01|SO|I ACa 208/15|Wyrok|https://www.saos.org.pl/judgments/179138
176871|2015-08-19|SO|I ACa 162/15|Wyrok|https://www.saos.org.pl/judgments/176871
181120|2015-08-18|SO|I ACa 1185/14|Wyrok|https://www.saos.org.pl/judgments/181120
181184|2015-08-13|SO|I ACa 187/15|Wyrok|https://www.saos.org.pl/judgments/181184
176872|2015-08-12|SO|I ACa 168/15|Wyrok|https://www.saos.org.pl/judgments/176872
177959|2015-08-06|SO|I ACa 1421/14|Wyrok|https://www.saos.org.pl/judgments/177959
175564|2015-08-05|SO|VII Pa 3/15|Wyrok|https://www.saos.org.pl/judgments/175564
243024|2015-07-23|SN|I CSK 549/14|Wyrok|https://www.saos.org.pl/judgments/243024
178046|2015-07-23|SO|IV Ca 357/15|Wyrok|https://www.saos.org.pl/judgments/178046
178226|2015-07-16|SO|II Ca 388/15|Postanowienie|https://www.saos.org.pl/judgments/178226
181347|2015-07-09|SO|I ACa 460/15|Wyrok|https://www.saos.org.pl/judgments/181347
176510|2015-07-08|SO|I ACa 99/15|Wyrok|https://www.saos.org.pl/judgments/176510
242939|2015-07-02|SN|V CSK 641/14|Postanowienie|https://www.saos.org.pl/judgments/242939
176895|2015-07-02|SO|I ACa 446/15|Wyrok|https://www.saos.org.pl/judgments/176895
175799|2015-07-02|SO|VIII Pa 5/15|Wyrok|https://www.saos.org.pl/judgments/175799
169900|2015-07-01|SO|VII Pa 38/15|Wyrok|https://www.saos.org.pl/judgments/169900
185265|2015-06-30|SO|III Ca 557/15|Wyrok|https://www.saos.org.pl/judgments/185265
173773|2015-06-30|SO|I ACa 248/15|Wyrok|https://www.saos.org.pl/judgments/173773
170442|2015-06-30|SO|I Ca 231/15|Wyrok|https://www.saos.org.pl/judgments/170442
181213|2015-06-25|SO|I ACa 218/15|Wyrok|https://www.saos.org.pl/judgments/181213
190851|2015-06-24|SO|IV Ua 16/15|Wyrok|https://www.saos.org.pl/judgments/190851
534658|2015-06-19|SO|I ACa 321/15|Wyrok|https://www.saos.org.pl/judgments/534658
175421|2015-06-19|SO|III Ca 970/14|Wyrok|https://www.saos.org.pl/judgments/175421
171313|2015-06-19|SO|I ACa 1867/14|Wyrok|https://www.saos.org.pl/judgments/171313
259403|2015-06-11|SO|XXIII Ga 622/15|Postanowienie|https://www.saos.org.pl/judgments/259403
171620|2015-06-11|SO|IX Ca 239/15|Wyrok|https://www.saos.org.pl/judgments/171620
223652|2015-06-10|SO|V Ca 2675/14|Wyrok|https://www.saos.org.pl/judgments/223652
184650|2015-06-09|SO|III AUa 770/14|Wyrok|https://www.saos.org.pl/judgments/184650
297780|2015-06-03|SO|II Ca 1229/14|Wyrok|https://www.saos.org.pl/judgments/297780
176495|2015-06-03|SO|I ACa 33/15|Wyrok|https://www.saos.org.pl/judgments/176495
245539|2015-05-27|SN|II CSK 461/14|Postanowienie|https://www.saos.org.pl/judgments/245539
177054|2015-05-27|SO|II Ca 888/14|Postanowienie|https://www.saos.org.pl/judgments/177054
158189|2015-05-27|SO|III Ca 275/15|Wyrok|https://www.saos.org.pl/judgments/158189
296160|2015-05-22|SO|II Ca 63/14|Postanowienie|https://www.saos.org.pl/judgments/296160
175850|2015-05-21|SO|I ACa 85/15|Wyrok|https://www.saos.org.pl/judgments/175850
169130|2015-05-21|SO|I ACa 104/15|Wyrok|https://www.saos.org.pl/judgments/169130
169072|2015-05-21|SN|IV CZ 14/15|Postanowienie|https://www.saos.org.pl/judgments/169072
157225|2015-05-21|SO|I ACa 71/15|Wyrok|https://www.saos.org.pl/judgments/157225
297410|2015-05-20|SO|II Ca 961/14|Wyrok|https://www.saos.org.pl/judgments/297410
245508|2015-05-20|SN|I CSK 547/14|Wyrok|https://www.saos.org.pl/judgments/245508
174434|2015-05-20|SO|III Ca 161/15|Uzasadnienie|https://www.saos.org.pl/judgments/174434
156228|2015-05-20|SO|I ACa 163/15|Wyrok|https://www.saos.org.pl/judgments/156228
156973|2015-05-18|SO|III Pa 10/15|Wyrok|https://www.saos.org.pl/judgments/156973
158084|2015-05-14|SO|I ACa 49/15|Wyrok|https://www.saos.org.pl/judgments/158084
170076|2015-05-12|SO|I ACa 204/15|Wyrok|https://www.saos.org.pl/judgments/170076
155988|2015-05-07|SO|III Ca 754/13|Postanowienie|https://www.saos.org.pl/judgments/155988
153681|2015-05-07|SO|IX Pa 31/15|Wyrok|https://www.saos.org.pl/judgments/153681
297745|2015-05-05|SO|II Ca 1090/14|Wyrok|https://www.saos.org.pl/judgments/297745
245438|2015-04-30|SN|II CSK 430/14|Postanowienie|https://www.saos.org.pl/judgments/245438
156895|2015-04-29|SO|I ACa 73/15|Wyrok|https://www.saos.org.pl/judgments/156895
156867|2015-04-29|SO|I ACa 130/15|Wyrok|https://www.saos.org.pl/judgments/156867
152184|2015-04-29|SO|I ACa 1621/14|Wyrok|https://www.saos.org.pl/judgments/152184
153550|2015-04-28|SO|I ACa 916/14|Wyrok|https://www.saos.org.pl/judgments/153550
157808|2015-04-24|SO|I ACa 840/14|Wyrok|https://www.saos.org.pl/judgments/157808
151870|2015-04-23|SO|II Ca 202/15|Wyrok|https://www.saos.org.pl/judgments/151870
185390|2015-04-22|SO|III Ca 65/15|Wyrok|https://www.saos.org.pl/judgments/185390
173819|2015-04-22|SO|I ACa 940/14|Wyrok|https://www.saos.org.pl/judgments/173819
294327|2015-04-21|SO|II Ca 1472/13|Wyrok|https://www.saos.org.pl/judgments/294327
173815|2015-04-17|SO|I ACa 93/15|Wyrok|https://www.saos.org.pl/judgments/173815
202860|2015-04-15|SO|II Ca 1360/14|Postanowienie|https://www.saos.org.pl/judgments/202860
151304|2015-04-13|SO|I ACz 573/15|Postanowienie|https://www.saos.org.pl/judgments/151304
157773|2015-04-10|SO|I ACa 106/15|Wyrok|https://www.saos.org.pl/judgments/157773
154203|2015-04-09|SO|II Ca 47/15|Wyrok|https://www.saos.org.pl/judgments/154203
159492|2015-04-08|SO|III Ca 1032/14|Wyrok|https://www.saos.org.pl/judgments/159492
172870|2015-04-07|SO|III Ca 1761/14|Uzasadnienie|https://www.saos.org.pl/judgments/172870
172858|2015-04-02|SO|III Ca 1748/14|Uzasadnienie|https://www.saos.org.pl/judgments/172858
150504|2015-03-31|SO|V ACa 713/14|Wyrok|https://www.saos.org.pl/judgments/150504
156852|2015-03-30|SO|I ACa 1079/14|Wyrok|https://www.saos.org.pl/judgments/156852
153121|2015-03-25|SO|II Ca 2641/14|Postanowienie|https://www.saos.org.pl/judgments/153121
151316|2015-03-25|SO|I Ca 369/14|Wyrok|https://www.saos.org.pl/judgments/151316
151612|2015-03-24|SO|VI ACa 874/14|Wyrok|https://www.saos.org.pl/judgments/151612
179110|2015-03-19|SO|I ACa 1014/14|Wyrok|https://www.saos.org.pl/judgments/179110
149206|2015-03-19|SO|VIII Ga 41/15|Wyrok|https://www.saos.org.pl/judgments/149206
159513|2015-03-18|SO|III Ca 1760/14|Wyrok|https://www.saos.org.pl/judgments/159513
150390|2015-03-18|SO|II AKa 47/15|Wyrok|https://www.saos.org.pl/judgments/150390
154507|2015-03-17|SO|I ACa 1721/14|Wyrok|https://www.saos.org.pl/judgments/154507
133644|2015-03-12|SO|III Ca 63/15|Postanowienie|https://www.saos.org.pl/judgments/133644
168563|2015-03-11|SN|III PZ 2/15|Postanowienie|https://www.saos.org.pl/judgments/168563
149068|2015-03-11|SO|II AKa 42/15|Wyrok|https://www.saos.org.pl/judgments/149068
151989|2015-03-10|SO|I ACa 1268/14|Wyrok|https://www.saos.org.pl/judgments/151989
148778|2015-03-10|SO|II Ca 956/14|Wyrok|https://www.saos.org.pl/judgments/148778
148755|2015-03-09|SO|I ACa 1405/14|Wyrok|https://www.saos.org.pl/judgments/148755
133365|2015-03-09|SO|III AUz 1/15|Postanowienie|https://www.saos.org.pl/judgments/133365
150437|2015-03-05|SO|II Ca 2379/14|Postanowienie|https://www.saos.org.pl/judgments/150437
190299|2015-03-03|SO|II Cz 49/15|Postanowienie|https://www.saos.org.pl/judgments/190299
151843|2015-02-27|SO|I ACa 842/14|Wyrok|https://www.saos.org.pl/judgments/151843
148043|2015-02-27|SO|I ACa 1306/14|Wyrok|https://www.saos.org.pl/judgments/148043
297343|2015-02-26|SO|II Ca 738/14|Wyrok|https://www.saos.org.pl/judgments/297343
238743|2015-02-26|SO|I ACa 1211/14|Wyrok|https://www.saos.org.pl/judgments/238743
150815|2015-02-26|SO|I ACa 1109/14|Wyrok|https://www.saos.org.pl/judgments/150815
134620|2015-02-26|SO|III Ca 83/15|Wyrok|https://www.saos.org.pl/judgments/134620
157482|2015-02-24|SO|III Ca 121/15|Uzasadnienie|https://www.saos.org.pl/judgments/157482
131464|2015-02-19|SO|I Ca 375/14|Wyrok|https://www.saos.org.pl/judgments/131464
132635|2015-02-18|SO|V ACa 599/14|Wyrok|https://www.saos.org.pl/judgments/132635
151017|2015-02-17|SO|III Ca 1209/14|Uzasadnienie|https://www.saos.org.pl/judgments/151017
172019|2015-02-13|SO|VII Ga 284/14|Wyrok|https://www.saos.org.pl/judgments/172019
490563|2015-02-12|SO|I ACa 1073/14|Wyrok|https://www.saos.org.pl/judgments/490563
157413|2015-02-12|SO|I ACa 893/14|Wyrok|https://www.saos.org.pl/judgments/157413
131488|2015-02-10|SO|III Ca 17/15|Wyrok|https://www.saos.org.pl/judgments/131488
238475|2015-02-05|SO|I ACa 522/14|Wyrok|https://www.saos.org.pl/judgments/238475
297758|2015-02-04|SO|II Ca 1152/14|Postanowienie|https://www.saos.org.pl/judgments/297758
168190|2015-02-04|SN|III PK 81/14|Wyrok|https://www.saos.org.pl/judgments/168190
131489|2015-02-04|SO|III Ca 29/15|Wyrok|https://www.saos.org.pl/judgments/131489
131743|2015-02-03|SO|I ACa 1570/14|Wyrok|https://www.saos.org.pl/judgments/131743
127741|2015-01-30|SO|II Cz 2347/14|Postanowienie|https://www.saos.org.pl/judgments/127741
168086|2015-01-28|SN|I PK 154/14|Wyrok|https://www.saos.org.pl/judgments/168086
158968|2015-01-28|SO|III Ca 1406/14|Wyrok|https://www.saos.org.pl/judgments/158968
129419|2015-01-27|SO|I ACa 637/14|Wyrok|https://www.saos.org.pl/judgments/129419
241336|2015-01-23|SO|I ACa 1315/14|Wyrok|https://www.saos.org.pl/judgments/241336
128991|2015-01-21|SO|I Ca 227/14|Postanowienie|https://www.saos.org.pl/judgments/128991
168042|2015-01-20|SN|V CSK 106/14|Postanowienie|https://www.saos.org.pl/judgments/168042
167801|2015-01-16|SN|III CSK 68/14|Wyrok|https://www.saos.org.pl/judgments/167801
167813|2015-01-15|SN|IV CSK 137/14|Postanowienie|https://www.saos.org.pl/judgments/167813
129868|2015-01-15|SO|I ACa 1094/14|Wyrok|https://www.saos.org.pl/judgments/129868
156251|2015-01-14|SO|I ACa 759/14|Wyrok|https://www.saos.org.pl/judgments/156251
128484|2015-01-14|SO|I ACz 6/15|Postanowienie|https://www.saos.org.pl/judgments/128484
128159|2015-01-13|SO|V Pz 3/15|Postanowienie|https://www.saos.org.pl/judgments/128159
127618|2014-12-30|SO|II Ca 785/14|Uzasadnienie|https://www.saos.org.pl/judgments/127618
127105|2014-12-22|SO|I ACa 1631/14|Wyrok|https://www.saos.org.pl/judgments/127105
297043|2014-12-19|SO|II Ca 619/14|Wyrok|https://www.saos.org.pl/judgments/297043
153747|2014-12-19|SO|II Ca 1002/14|Postanowienie|https://www.saos.org.pl/judgments/153747
153068|2014-12-18|SO|I ACa 732/13|Wyrok|https://www.saos.org.pl/judgments/153068
125422|2014-12-17|SO|I Ca 361/14|Wyrok|https://www.saos.org.pl/judgments/125422
167745|2014-12-16|SN|III CSK 29/14|Wyrok|https://www.saos.org.pl/judgments/167745
125819|2014-12-12|SO|V ACa 436/14|Wyrok|https://www.saos.org.pl/judgments/125819
125415|2014-12-12|SO|I ACa 594/14|Wyrok|https://www.saos.org.pl/judgments/125415
73927|2014-12-12|SO|I ACz 904/14|Postanowienie|https://www.saos.org.pl/judgments/73927
125288|2014-12-11|SO|II Ca 710/14|Wyrok|https://www.saos.org.pl/judgments/125288
167692|2014-12-09|SN|III CSK 351/13|Postanowienie|https://www.saos.org.pl/judgments/167692
132496|2014-12-09|SO|II Ca 1670/14|Postanowienie|https://www.saos.org.pl/judgments/132496
148010|2014-12-05|SO|I ACa 1254/14|Wyrok|https://www.saos.org.pl/judgments/148010
127297|2014-12-05|SO|I ACa 886/14|Wyrok|https://www.saos.org.pl/judgments/127297
155337|2014-12-01|SO|VI ACa 517/13|Wyrok|https://www.saos.org.pl/judgments/155337
75364|2014-11-26|SO|I ACa 847/14|Wyrok|https://www.saos.org.pl/judgments/75364
128811|2014-11-25|SO|II Ca 144/14|Postanowienie|https://www.saos.org.pl/judgments/128811
125443|2014-11-25|SO|IX Ca 756/14|Wyrok|https://www.saos.org.pl/judgments/125443
74894|2014-11-25|SO|VI ACa 195/14|Wyrok|https://www.saos.org.pl/judgments/74894
131945|2014-11-20|SO|I ACa 475/14|Wyrok|https://www.saos.org.pl/judgments/131945
155928|2014-11-19|SO|III Ca 1058/14|Wyrok|https://www.saos.org.pl/judgments/155928
129417|2014-11-19|SO|I ACa 479/14|Wyrok|https://www.saos.org.pl/judgments/129417
73224|2014-11-19|SO|I ACa 703/14|Wyrok|https://www.saos.org.pl/judgments/73224
167326|2014-11-13|SN|I UZ 21/14|Postanowienie|https://www.saos.org.pl/judgments/167326
131927|2014-11-13|SO|I ACa 1060/14|Wyrok|https://www.saos.org.pl/judgments/131927
167225|2014-11-07|SN|IV CSK 82/14|Wyrok|https://www.saos.org.pl/judgments/167225
75825|2014-11-07|SO|I ACz 756/14|Postanowienie|https://www.saos.org.pl/judgments/75825
127991|2014-11-04|SO|VI ACa 883/14|Wyrok|https://www.saos.org.pl/judgments/127991
73270|2014-10-31|SO|I ACa 607/14|Wyrok|https://www.saos.org.pl/judgments/73270
169736|2014-10-30|SO|XV Ca 805/14|Postanowienie|https://www.saos.org.pl/judgments/169736
167147|2014-10-30|SN|II CSK 84/14|Wyrok|https://www.saos.org.pl/judgments/167147
74442|2014-10-29|SO|III Ca 487/14|Uzasadnienie|https://www.saos.org.pl/judgments/74442
74454|2014-10-27|SO|III Ca 630/14|Uzasadnienie|https://www.saos.org.pl/judgments/74454
75899|2014-10-24|SO|III Ca 654/13|Uzasadnienie|https://www.saos.org.pl/judgments/75899
69704|2014-10-23|SO|III Ca 435/14|Wyrok|https://www.saos.org.pl/judgments/69704
126027|2014-10-22|SO|III Ca 811/14|Wyrok|https://www.saos.org.pl/judgments/126027
69788|2014-10-22|SO|I ACa 545/14|Wyrok|https://www.saos.org.pl/judgments/69788
75049|2014-10-17|SO|VI ACa 1932/13|Wyrok|https://www.saos.org.pl/judgments/75049
125938|2014-10-15|SO|V ACa 398/13|Wyrok|https://www.saos.org.pl/judgments/125938
69172|2014-10-09|SO|III AUa 2967/13|Postanowienie|https://www.saos.org.pl/judgments/69172
66701|2014-10-08|SO|VI RCa 173/14|Postanowienie|https://www.saos.org.pl/judgments/66701
63988|2014-10-08|SO|III APa 17/14|Wyrok|https://www.saos.org.pl/judgments/63988
296168|2014-10-07|SO|II Ca 84/14|Postanowienie|https://www.saos.org.pl/judgments/296168
69372|2014-10-06|SO|I ACa 484/14|Wyrok|https://www.saos.org.pl/judgments/69372
70624|2014-10-03|SO|VI ACa 1639/13|Wyrok|https://www.saos.org.pl/judgments/70624
66722|2014-10-02|SO|III APa 12/14|Wyrok|https://www.saos.org.pl/judgments/66722
296150|2014-09-26|SO|II Ca 30/14|Wyrok|https://www.saos.org.pl/judgments/296150
64132|2014-09-26|SO|IV Pa 12/14|Wyrok|https://www.saos.org.pl/judgments/64132
69601|2014-09-25|SO|I ACa 482/14|Wyrok|https://www.saos.org.pl/judgments/69601
64383|2014-09-19|SO|I Ca 185/14|Postanowienie|https://www.saos.org.pl/judgments/64383
166699|2014-09-18|SN|III PZP 3/14|Uchwała|https://www.saos.org.pl/judgments/166699
131156|2014-09-18|SO|I ACa 576/13|Wyrok|https://www.saos.org.pl/judgments/131156
63569|2014-09-17|SO|VI RCa 154/14|Postanowienie|https://www.saos.org.pl/judgments/63569
166660|2014-09-12|SN|I CSK 635/13|Wyrok|https://www.saos.org.pl/judgments/166660
74381|2014-09-12|SO|I ACa 231/14|Wyrok|https://www.saos.org.pl/judgments/74381
73307|2014-09-11|SO|I ACa 331/14|Wyrok|https://www.saos.org.pl/judgments/73307
69567|2014-09-10|SO|I ACa 278/14|Wyrok|https://www.saos.org.pl/judgments/69567
66334|2014-09-10|SO|I Ca 250/14|Wyrok|https://www.saos.org.pl/judgments/66334
62754|2014-09-05|SO|V ACa 199/14|Wyrok|https://www.saos.org.pl/judgments/62754
166628|2014-09-04|SN|II CSK 637/13|Wyrok|https://www.saos.org.pl/judgments/166628
125469|2014-09-04|SO|III Ca 207/14|Wyrok|https://www.saos.org.pl/judgments/125469
61677|2014-09-04|SO|II Ca 366/14|Wyrok|https://www.saos.org.pl/judgments/61677
73155|2014-09-03|SO|I ACa 314/14|Wyrok|https://www.saos.org.pl/judgments/73155
62426|2014-09-03|SO|I ACa 299/14|Wyrok|https://www.saos.org.pl/judgments/62426
127937|2014-09-02|SO|I ACa 739/14|Wyrok|https://www.saos.org.pl/judgments/127937
63815|2014-09-02|SO|I ACz 1457/14|Postanowienie|https://www.saos.org.pl/judgments/63815
65726|2014-08-28|SO|I ACa 361/14|Wyrok|https://www.saos.org.pl/judgments/65726
60478|2014-08-22|SO|I ACa 366/14|Wyrok|https://www.saos.org.pl/judgments/60478
541391|2014-08-20|SO|I Ca 92/13|Wyrok|https://www.saos.org.pl/judgments/541391
65029|2014-08-11|SO|II Ca 376/14|Wyrok|https://www.saos.org.pl/judgments/65029
60191|2014-08-08|SO|I ACa 182/14|Wyrok|https://www.saos.org.pl/judgments/60191
166486|2014-08-06|SN|I CSK 578/13|Wyrok|https://www.saos.org.pl/judgments/166486
166485|2014-08-06|SN|I CSK 559/13|Wyrok|https://www.saos.org.pl/judgments/166485
60467|2014-08-01|SO|I ACa 175/14|Wyrok|https://www.saos.org.pl/judgments/60467
150464|2014-07-29|SO|III APa 10/13|Wyrok|https://www.saos.org.pl/judgments/150464
59051|2014-07-29|SO|VII Pa 289/13|Uzasadnienie|https://www.saos.org.pl/judgments/59051
65869|2014-07-23|SO|XII Ga 183/14|Wyrok|https://www.saos.org.pl/judgments/65869
62186|2014-07-21|SO|III Ca 277/14|Uzasadnienie|https://www.saos.org.pl/judgments/62186
60993|2014-07-17|SO|III Ca 802/14|Uzasadnienie|https://www.saos.org.pl/judgments/60993
319885|2014-07-11|SO|II Ca 1310/13|Postanowienie|https://www.saos.org.pl/judgments/319885
60981|2014-07-11|SO|III Ca 226/14|Uzasadnienie|https://www.saos.org.pl/judgments/60981
166267|2014-07-10|SN|II PK 257/13|Postanowienie|https://www.saos.org.pl/judgments/166267
63270|2014-07-09|SO|III Ca 206/14|Uzasadnienie|https://www.saos.org.pl/judgments/63270
58834|2014-07-04|SO|I ACa 68/14|Wyrok|https://www.saos.org.pl/judgments/58834
66901|2014-07-01|SO|III Ca 2000/13|Wyrok|https://www.saos.org.pl/judgments/66901
60743|2014-07-01|SO|III Ca 172/14|Uzasadnienie|https://www.saos.org.pl/judgments/60743
60721|2014-06-26|SO|III Ca 11/14|Uzasadnienie|https://www.saos.org.pl/judgments/60721
53973|2014-06-26|SO|II Ca 289/14|Wyrok|https://www.saos.org.pl/judgments/53973
62713|2014-06-25|SO|II Ca 176/14|Postanowienie|https://www.saos.org.pl/judgments/62713
61357|2014-06-18|SO|II Ca 517/14|Wyrok|https://www.saos.org.pl/judgments/61357
60565|2014-06-18|SO|III Ca 1570/13|Uzasadnienie|https://www.saos.org.pl/judgments/60565
56835|2014-06-18|SO|I ACa 317/14|Wyrok|https://www.saos.org.pl/judgments/56835
53358|2014-06-17|SO|I ACa 695/13|Wyrok|https://www.saos.org.pl/judgments/53358
51333|2014-06-09|SO|X Cz 82/14|Postanowienie|https://www.saos.org.pl/judgments/51333
294660|2014-06-05|SO|II Ca 1054/13|Wyrok|https://www.saos.org.pl/judgments/294660
54868|2014-06-03|SO|I ACa 1494/13|Wyrok|https://www.saos.org.pl/judgments/54868
53582|2014-05-30|SO|I ACa 795/11|Wyrok|https://www.saos.org.pl/judgments/53582
49982|2014-05-30|SO|I ACa 130/14|Wyrok|https://www.saos.org.pl/judgments/49982
61202|2014-05-29|SO|III Ca 224/14|Wyrok|https://www.saos.org.pl/judgments/61202
66795|2014-05-28|SO|XV Ca 554/14|Wyrok|https://www.saos.org.pl/judgments/66795
49448|2014-05-28|SO|I ACa 1572/13|Wyrok|https://www.saos.org.pl/judgments/49448
51987|2014-05-27|SO|V Pa 46/14|Wyrok|https://www.saos.org.pl/judgments/51987
63391|2014-05-23|SO|I ACa 477/14|Wyrok|https://www.saos.org.pl/judgments/63391
146594|2014-05-22|SO|I Ca 107/14|Wyrok|https://www.saos.org.pl/judgments/146594
50801|2014-05-22|SO|I ACa 1513/13|Wyrok|https://www.saos.org.pl/judgments/50801
53156|2014-05-16|SO|II Ca 222/14|Wyrok|https://www.saos.org.pl/judgments/53156
294126|2014-05-15|SO|II Ca 946/13|Wyrok|https://www.saos.org.pl/judgments/294126
49447|2014-05-13|SO|I ACa 1558/13|Wyrok|https://www.saos.org.pl/judgments/49447
105041|2014-05-09|SN|I PZ 3/14|Postanowienie|https://www.saos.org.pl/judgments/105041
49976|2014-05-09|SO|VIII Ga 91/14|Wyrok|https://www.saos.org.pl/judgments/49976
134598|2014-05-07|SO|III Ca 1985/13|Wyrok|https://www.saos.org.pl/judgments/134598
50169|2014-05-07|SO|II Ca 490/14|Wyrok|https://www.saos.org.pl/judgments/50169
48470|2014-05-07|SO|I ACa 1734/13|Wyrok|https://www.saos.org.pl/judgments/48470
47807|2014-05-07|SO|I ACa 1663/13|Wyrok|https://www.saos.org.pl/judgments/47807
57538|2014-05-06|SO|XV Ca 199/14|Postanowienie|https://www.saos.org.pl/judgments/57538
59000|2014-04-29|SO|VI ACa 260/13|Wyrok|https://www.saos.org.pl/judgments/59000
51236|2014-04-24|SO|I ACa 89/14|Wyrok|https://www.saos.org.pl/judgments/51236
165770|2014-04-23|SN|I PK 255/13|Wyrok|https://www.saos.org.pl/judgments/165770
146217|2014-04-16|SO|I Ca 102/14|Postanowienie|https://www.saos.org.pl/judgments/146217
47826|2014-04-16|SO|I ACa 61/14|Wyrok|https://www.saos.org.pl/judgments/47826
52759|2014-04-14|SO|II Ca 2612/13|Wyrok|https://www.saos.org.pl/judgments/52759
50330|2014-04-14|SO|II Ca 180/14|Wyrok|https://www.saos.org.pl/judgments/50330
293885|2014-04-10|SO|II Ca 760/13|Wyrok|https://www.saos.org.pl/judgments/293885
145288|2014-04-10|SO|II Ca 108/14|Wyrok|https://www.saos.org.pl/judgments/145288
47254|2014-04-10|SO|I ACa 894/13|Wyrok|https://www.saos.org.pl/judgments/47254
46051|2014-04-10|SO|III Ca 1254/13|Uzasadnienie|https://www.saos.org.pl/judgments/46051
53755|2014-04-09|SO|I ACa 1011/13|Wyrok|https://www.saos.org.pl/judgments/53755
52915|2014-04-04|SO|I ACa 1137/13|Wyrok|https://www.saos.org.pl/judgments/52915
49499|2014-04-03|SO|VI ACa 1052/13|Wyrok|https://www.saos.org.pl/judgments/49499
45784|2014-04-03|SO|I ACa 1280/13|Wyrok|https://www.saos.org.pl/judgments/45784
43147|2014-04-03|SO|I ACa 885/13|Wyrok|https://www.saos.org.pl/judgments/43147
45259|2014-03-31|SO|III Ca 328/13|Uzasadnienie|https://www.saos.org.pl/judgments/45259
44524|2014-03-27|SO|I ACa 1508/13|Wyrok|https://www.saos.org.pl/judgments/44524
146081|2014-03-26|SO|I Ca 53/14|Wyrok|https://www.saos.org.pl/judgments/146081
41613|2014-03-26|SO|VIII Ca 50/14|Wyrok|https://www.saos.org.pl/judgments/41613
145027|2014-03-25|SO|II Ca 105/14|Wyrok|https://www.saos.org.pl/judgments/145027
47946|2014-03-25|SO|I ACa 1190/13|Wyrok|https://www.saos.org.pl/judgments/47946
44588|2014-03-25|SO|III Ca 1262/13|Uzasadnienie|https://www.saos.org.pl/judgments/44588
104754|2014-03-21|SN|IV CSK 396/13|Wyrok|https://www.saos.org.pl/judgments/104754
71147|2014-03-21|SO|VI ACa 571/12|Wyrok|https://www.saos.org.pl/judgments/71147
46912|2014-03-20|SO|IX Ca 580/13|Postanowienie|https://www.saos.org.pl/judgments/46912
189919|2014-03-19|SO|II Ca 700/13|Postanowienie|https://www.saos.org.pl/judgments/189919
42944|2014-03-19|SO|III Ca 923/13|Uzasadnienie|https://www.saos.org.pl/judgments/42944
397163|2014-03-14|SO|II Ca 2331/13|Postanowienie|https://www.saos.org.pl/judgments/397163
146884|2014-03-14|SO|I ACz 97/14|Postanowienie|https://www.saos.org.pl/judgments/146884
104680|2014-03-14|SN|III CSK 160/13|Wyrok|https://www.saos.org.pl/judgments/104680
104655|2014-03-13|SN|I PK 189/13|Wyrok|https://www.saos.org.pl/judgments/104655
41898|2014-03-13|SO|III Ca 51/14|Wyrok|https://www.saos.org.pl/judgments/41898
293336|2014-03-07|SO|II Ca 387/13|Postanowienie|https://www.saos.org.pl/judgments/293336
41987|2014-03-07|SO|II Ca 17/14|Postanowienie|https://www.saos.org.pl/judgments/41987
104618|2014-03-05|SN|II UZ 13/14|Postanowienie|https://www.saos.org.pl/judgments/104618
74394|2014-02-28|SO|XV Ca 1257/13|Wyrok|https://www.saos.org.pl/judgments/74394
41950|2014-02-25|SO|I ACa 1125/13|Wyrok|https://www.saos.org.pl/judgments/41950
144577|2014-02-20|SO|II C 843/13|Wyrok|https://www.saos.org.pl/judgments/144577
43179|2014-02-20|SO|II Ca 975/13|Wyrok|https://www.saos.org.pl/judgments/43179
36558|2014-02-20|SO|III Ca 49/13|Postanowienie|https://www.saos.org.pl/judgments/36558
47805|2014-02-19|SO|I ACa 1180/13|Wyrok|https://www.saos.org.pl/judgments/47805
36872|2014-02-19|SO|I ACa 1073/13|Wyrok|https://www.saos.org.pl/judgments/36872
36582|2014-02-19|SO|X Cz 36/14|Postanowienie|https://www.saos.org.pl/judgments/36582
104400|2014-02-14|SN|II CZ 106/13|Postanowienie|https://www.saos.org.pl/judgments/104400
43966|2014-02-13|SO|II Ca 1751/13|Wyrok|https://www.saos.org.pl/judgments/43966
39441|2014-02-13|SO|II Ca 526/13|Wyrok|https://www.saos.org.pl/judgments/39441
36216|2014-02-06|SO|V Pa 154/13|Wyrok|https://www.saos.org.pl/judgments/36216
41254|2014-02-05|SO|I ACa 945/13|Wyrok|https://www.saos.org.pl/judgments/41254
39069|2014-02-05|SO|I ACa 1520/13|Wyrok|https://www.saos.org.pl/judgments/39069
38381|2014-02-05|SO|I ACa 558/13|Wyrok|https://www.saos.org.pl/judgments/38381
38124|2014-01-31|SO|VII Pa 7/14|Wyrok|https://www.saos.org.pl/judgments/38124
56711|2014-01-30|SO|III Ca 758/12|Postanowienie|https://www.saos.org.pl/judgments/56711
37110|2014-01-30|SO|I ACa 1020/13|Wyrok|https://www.saos.org.pl/judgments/37110
35267|2014-01-30|SO|I ACa 1452/13|Wyrok|https://www.saos.org.pl/judgments/35267
35185|2014-01-30|SO|II Ca 555/13|Postanowienie|https://www.saos.org.pl/judgments/35185
63521|2014-01-29|SO|I ACa 1485/13|Wyrok|https://www.saos.org.pl/judgments/63521
104190|2014-01-24|SN|V CZ 87/13|Postanowienie|https://www.saos.org.pl/judgments/104190
43478|2014-01-24|SO|I ACa 712/13|Wyrok|https://www.saos.org.pl/judgments/43478
36209|2014-01-24|SO|V ACa 654/13|Wyrok|https://www.saos.org.pl/judgments/36209
34785|2014-01-23|SO|I ACa 451/13|Wyrok|https://www.saos.org.pl/judgments/34785
143558|2014-01-22|SO|II Ca 1289/13|Wyrok|https://www.saos.org.pl/judgments/143558
74560|2014-01-16|SO|VIII Pa 155/13|Wyrok|https://www.saos.org.pl/judgments/74560
43474|2014-01-16|SO|I ACa 656/13|Wyrok|https://www.saos.org.pl/judgments/43474
36875|2014-01-16|SO|I ACa 763/13|Wyrok|https://www.saos.org.pl/judgments/36875
40805|2014-01-15|SO|VI ACa 349/13|Wyrok|https://www.saos.org.pl/judgments/40805
47334|2014-01-14|SO|III Ca 1146/13|Wyrok|https://www.saos.org.pl/judgments/47334
37142|2014-01-14|SO|I ACa 873/13|Wyrok|https://www.saos.org.pl/judgments/37142
34603|2014-01-14|SO|I ACa 565/13|Wyrok|https://www.saos.org.pl/judgments/34603
293342|2014-01-10|SO|II Ca 421/13|Wyrok|https://www.saos.org.pl/judgments/293342
41138|2014-01-10|SO|V ACa 750/13|Wyrok|https://www.saos.org.pl/judgments/41138
104043|2014-01-09|SN|V CSK 379/13|Wyrok|https://www.saos.org.pl/judgments/104043
36051|2014-01-08|SO|II Ca 652/13|Wyrok|https://www.saos.org.pl/judgments/36051
30422|2014-01-08|SO|III AUa 1181/13|Wyrok|https://www.saos.org.pl/judgments/30422
142535|2013-12-30|SO|I Ca 413/13|Wyrok|https://www.saos.org.pl/judgments/142535
38328|2013-12-30|SO|II Ca 786/13|Postanowienie|https://www.saos.org.pl/judgments/38328
142688|2013-12-20|SO|II Ca 1029/13|Wyrok|https://www.saos.org.pl/judgments/142688
142690|2013-12-18|SO|II Ca 1037/13|Wyrok|https://www.saos.org.pl/judgments/142690
35398|2013-12-18|SO|I ACa 767/13|Wyrok|https://www.saos.org.pl/judgments/35398
32341|2013-12-18|SO|I ACa 1373/13|Wyrok|https://www.saos.org.pl/judgments/32341
143089|2013-12-17|SO|I Ca 237/13|Wyrok|https://www.saos.org.pl/judgments/143089
323335|2013-12-13|SO|I ACa 1398/13|Wyrok|https://www.saos.org.pl/judgments/323335
41752|2013-12-12|SO|VI ACa 396/13|Wyrok|https://www.saos.org.pl/judgments/41752
33812|2013-12-11|SO|IV Ca 1916/12|Postanowienie|https://www.saos.org.pl/judgments/33812
61832|2013-12-10|SO|I ACa 1147/13|Wyrok|https://www.saos.org.pl/judgments/61832
31545|2013-12-10|SO|I ACa 852/13|Wyrok|https://www.saos.org.pl/judgments/31545
63516|2013-12-06|SO|I ACa 1208/13|Wyrok|https://www.saos.org.pl/judgments/63516
32367|2013-12-06|SO|I ACa 736/13|Wyrok|https://www.saos.org.pl/judgments/32367
35423|2013-12-04|SO|II Ca 540/13|Wyrok|https://www.saos.org.pl/judgments/35423
510367|2013-12-03|SO|V Pa 31/13|Wyrok|https://www.saos.org.pl/judgments/510367
165564|2013-11-29|SN|I CSK 253/13|Postanowienie|https://www.saos.org.pl/judgments/165564
38781|2013-11-28|SO|I ACa 581/13|Wyrok|https://www.saos.org.pl/judgments/38781
31343|2013-11-27|SO|I ACa 711/13|Wyrok|https://www.saos.org.pl/judgments/31343
142657|2013-11-25|SO|II Ca 1091/13|Wyrok|https://www.saos.org.pl/judgments/142657
103591|2013-11-22|SN|II CZ 79/13|Postanowienie|https://www.saos.org.pl/judgments/103591
27014|2013-11-21|SO|I ACa 644/10|Wyrok|https://www.saos.org.pl/judgments/27014
28152|2013-11-20|SO|III AUa 1832/12|Wyrok|https://www.saos.org.pl/judgments/28152
288138|2013-11-18|SO|V C 203/13|Wyrok|https://www.saos.org.pl/judgments/288138
38640|2013-11-15|SO|VI Pa 92/13|Wyrok|https://www.saos.org.pl/judgments/38640
27078|2013-11-15|SO|IV Ca 1642/12|Postanowienie|https://www.saos.org.pl/judgments/27078
141719|2013-11-13|SO|I Ca 406/13|Wyrok|https://www.saos.org.pl/judgments/141719
35375|2013-11-08|SO|V ACa 578/13|Wyrok|https://www.saos.org.pl/judgments/35375
27299|2013-11-08|SO|I ACa 426/13|Wyrok|https://www.saos.org.pl/judgments/27299
26096|2013-11-07|SO|III AUa 515/13|Wyrok|https://www.saos.org.pl/judgments/26096
44296|2013-11-06|SO|VI ACa 1560/12|Wyrok|https://www.saos.org.pl/judgments/44296
27163|2013-11-06|SO|II Ca 667/13|Wyrok|https://www.saos.org.pl/judgments/27163
127456|2013-10-30|SO|I ACa 999/13|Wyrok|https://www.saos.org.pl/judgments/127456
27423|2013-10-18|SO|IX Ca 455/13|Postanowienie|https://www.saos.org.pl/judgments/27423
27425|2013-10-17|SO|IX Ca 463/13|Wyrok|https://www.saos.org.pl/judgments/27425
25121|2013-10-15|SO|I ACa 659/13|Wyrok|https://www.saos.org.pl/judgments/25121
25120|2013-10-15|SO|I ACa 582/13|Wyrok|https://www.saos.org.pl/judgments/25120
26533|2013-10-10|SO|I ACa 614/13|Wyrok|https://www.saos.org.pl/judgments/26533
141155|2013-10-09|SO|I Ca 369/13|Wyrok|https://www.saos.org.pl/judgments/141155
103117|2013-10-09|SN|V CSK 450/12|Wyrok|https://www.saos.org.pl/judgments/103117
26396|2013-10-08|SO|V Pa 76/13|Wyrok|https://www.saos.org.pl/judgments/26396
26028|2013-10-08|SO|II Ca 343/13|Postanowienie|https://www.saos.org.pl/judgments/26028
140546|2013-10-07|SO|I C 185/13|Wyrok|https://www.saos.org.pl/judgments/140546
25992|2013-10-03|SO|V ACa 478/13|Wyrok|https://www.saos.org.pl/judgments/25992
24335|2013-10-03|SO|II Ca 83/13|Uzasadnienie|https://www.saos.org.pl/judgments/24335
24293|2013-10-03|SO|III Ca 565/13|Postanowienie|https://www.saos.org.pl/judgments/24293
26480|2013-10-02|SO|IX C 1160/12|Wyrok|https://www.saos.org.pl/judgments/26480
24533|2013-10-02|SO|I ACa 629/13|Wyrok|https://www.saos.org.pl/judgments/24533
102934|2013-09-27|SN|I CSK 739/12|Wyrok|https://www.saos.org.pl/judgments/102934
22598|2013-09-27|SO|II Ca 485/13|Postanowienie|https://www.saos.org.pl/judgments/22598
294102|2013-09-26|SO|II Ca 386/13|Postanowienie|https://www.saos.org.pl/judgments/294102
102941|2013-09-26|SN|II CSK 14/13|Wyrok|https://www.saos.org.pl/judgments/102941
21799|2013-09-26|SO|I ACa 469/13|Wyrok|https://www.saos.org.pl/judgments/21799
22854|2013-09-24|SO|II Ca 502/13|Wyrok|https://www.saos.org.pl/judgments/22854
102891|2013-09-20|SN|II CZ 51/13|Postanowienie|https://www.saos.org.pl/judgments/102891
30833|2013-09-19|SO|I ACa 282/13|Wyrok|https://www.saos.org.pl/judgments/30833
28988|2013-09-19|SO|II Ca 490/13|Wyrok|https://www.saos.org.pl/judgments/28988
23708|2013-09-19|SO|I ACa 513/13|Wyrok|https://www.saos.org.pl/judgments/23708
38332|2013-09-18|SO|II Ca 823/12|Postanowienie|https://www.saos.org.pl/judgments/38332
27412|2013-09-18|SO|III Ca 394/13|Postanowienie|https://www.saos.org.pl/judgments/27412
26529|2013-09-17|SO|I ACa 560/13|Wyrok|https://www.saos.org.pl/judgments/26529
26385|2013-09-17|SO|V Pa 325/11|Wyrok|https://www.saos.org.pl/judgments/26385
21435|2013-09-17|SO|III AUa 1020/13|Wyrok|https://www.saos.org.pl/judgments/21435
25814|2013-09-13|SO|I ACa 272/13|Wyrok|https://www.saos.org.pl/judgments/25814
22576|2013-09-13|SO|I ACa 528/13|Wyrok|https://www.saos.org.pl/judgments/22576
102819|2013-09-11|SN|II UZ 45/13|Postanowienie|https://www.saos.org.pl/judgments/102819
26868|2013-09-10|SO|I ACa 378/13|Wyrok|https://www.saos.org.pl/judgments/26868
25177|2013-09-10|SO|V Pa 16/13|Wyrok|https://www.saos.org.pl/judgments/25177
20936|2013-09-09|SO|I ACa 435/13|Wyrok|https://www.saos.org.pl/judgments/20936
24135|2013-09-06|SO|VI ACa 138/13|Wyrok|https://www.saos.org.pl/judgments/24135
25334|2013-09-05|SO|I ACa 385/13|Wyrok|https://www.saos.org.pl/judgments/25334
23825|2013-09-05|SO|II Cz 594/13|Postanowienie|https://www.saos.org.pl/judgments/23825
102768|2013-09-04|SN|II PK 366/12|Wyrok|https://www.saos.org.pl/judgments/102768
25808|2013-09-04|SO|I ACa 412/13|Wyrok|https://www.saos.org.pl/judgments/25808
35508|2013-09-02|SO|I ACa 351/13|Wyrok|https://www.saos.org.pl/judgments/35508
23403|2013-08-29|SO|I ACa 382/13|Wyrok|https://www.saos.org.pl/judgments/23403
292976|2013-08-28|SO|II Ca 4/13|Wyrok|https://www.saos.org.pl/judgments/292976
24242|2013-08-28|SO|I ACa 875/13|Wyrok|https://www.saos.org.pl/judgments/24242
19960|2013-08-23|SO|I ACa 348/13|Wyrok|https://www.saos.org.pl/judgments/19960
155786|2013-08-22|SO|II Ca 79/13|Postanowienie|https://www.saos.org.pl/judgments/155786
145689|2013-08-22|SO|II Ca 1392/12|Wyrok|https://www.saos.org.pl/judgments/145689
22602|2013-08-14|SO|II Ca 539/13|Wyrok|https://www.saos.org.pl/judgments/22602
48949|2013-08-08|SO|I ACa 672/13|Wyrok|https://www.saos.org.pl/judgments/48949
30831|2013-08-08|SO|I ACa 185/13|Wyrok|https://www.saos.org.pl/judgments/30831
24882|2013-08-05|SO|II Ca 456/13|Wyrok|https://www.saos.org.pl/judgments/24882
46671|2013-08-02|SO|XII Ga 812/12|Wyrok|https://www.saos.org.pl/judgments/46671
18413|2013-07-25|SO|I ACa 73/13|Wyrok|https://www.saos.org.pl/judgments/18413
102526|2013-07-24|SN|III CZ 36/13|Postanowienie|https://www.saos.org.pl/judgments/102526
19089|2013-07-17|SO|I ACa 388/13|Wyrok|https://www.saos.org.pl/judgments/19089
66011|2013-07-16|SO|I ACa 328/13|Wyrok|https://www.saos.org.pl/judgments/66011
33037|2013-07-16|SO|I ACa 213/13|Wyrok|https://www.saos.org.pl/judgments/33037
17246|2013-07-12|SO|I ACa 221/13|Wyrok|https://www.saos.org.pl/judgments/17246
28362|2013-07-05|SO|VII Ga 94/13|Wyrok|https://www.saos.org.pl/judgments/28362
15172|2013-07-02|SO|I ACz 1107/13|Postanowienie|https://www.saos.org.pl/judgments/15172
32786|2013-06-26|SO|I ACa 273/13|Wyrok|https://www.saos.org.pl/judgments/32786
17000|2013-06-26|SO|IV Pa 40/13|Wyrok|https://www.saos.org.pl/judgments/17000
102248|2013-06-24|SN|II PK 306/12|Wyrok|https://www.saos.org.pl/judgments/102248
102178|2013-06-21|SN|III SK 36/12|Wyrok|https://www.saos.org.pl/judgments/102178
18902|2013-06-21|SO|II Ca 307/13|Wyrok|https://www.saos.org.pl/judgments/18902
15904|2013-06-20|SO|II Ca 218/13|Wyrok|https://www.saos.org.pl/judgments/15904
29050|2013-06-14|SO|VI ACa 1693/12|Wyrok|https://www.saos.org.pl/judgments/29050
18071|2013-06-14|SO|I ACa 106/13|Wyrok|https://www.saos.org.pl/judgments/18071
16171|2013-06-13|SO|V Pa 70/13|Wyrok|https://www.saos.org.pl/judgments/16171
143909|2013-06-12|SO|II Ca 1341/12|Wyrok|https://www.saos.org.pl/judgments/143909
31239|2013-06-12|SO|I ACa 124/13|Wyrok|https://www.saos.org.pl/judgments/31239
35498|2013-06-11|SO|I ACa 1451/12|Wyrok|https://www.saos.org.pl/judgments/35498
391341|2013-06-07|SO|I ACa 14/13|Wyrok|https://www.saos.org.pl/judgments/391341
101966|2013-06-07|SN|I CSK 641/12|Postanowienie|https://www.saos.org.pl/judgments/101966
140627|2013-06-06|SO|II Ca 1294/12|Wyrok|https://www.saos.org.pl/judgments/140627
17690|2013-06-06|SO|II Ca 209/13|Postanowienie|https://www.saos.org.pl/judgments/17690
15903|2013-06-06|SO|II Ca 192/13|Wyrok|https://www.saos.org.pl/judgments/15903
138915|2013-05-29|SO|I ACz 790/13|Postanowienie|https://www.saos.org.pl/judgments/138915
16615|2013-05-29|SO|II Ca 282/13|Wyrok|https://www.saos.org.pl/judgments/16615
26160|2013-05-28|SO|I ACa 777/12|Wyrok|https://www.saos.org.pl/judgments/26160
14400|2013-05-27|SO|I ACa 1358/12|Wyrok|https://www.saos.org.pl/judgments/14400
14398|2013-05-27|SO|I ACa 1116/12|Wyrok|https://www.saos.org.pl/judgments/14398
11931|2013-05-24|SO|I ACz 303/13|Postanowienie|https://www.saos.org.pl/judgments/11931
101871|2013-05-23|SN|IV CSK 664/12|Wyrok|https://www.saos.org.pl/judgments/101871
30418|2013-05-23|SO|I ACa 80/13|Wyrok|https://www.saos.org.pl/judgments/30418
29893|2013-05-23|SO|I ACa 149/13|Wyrok|https://www.saos.org.pl/judgments/29893
138957|2013-05-22|SO|I Ca 154/13|Wyrok|https://www.saos.org.pl/judgments/138957
28207|2013-05-22|SO|I ACa 121/13|Wyrok|https://www.saos.org.pl/judgments/28207
16378|2013-05-21|SO|I ACa 414/13|Wyrok|https://www.saos.org.pl/judgments/16378
142233|2013-05-17|SO|II Ca 1269/12|Wyrok|https://www.saos.org.pl/judgments/142233
14253|2013-05-16|SO|I ACa 875/12|Postanowienie|https://www.saos.org.pl/judgments/14253
12797|2013-05-15|SO|II Ca 262/13|Wyrok|https://www.saos.org.pl/judgments/12797
13740|2013-05-14|SO|XII Gz 179/13|Postanowienie|https://www.saos.org.pl/judgments/13740
28119|2013-05-09|SO|I ACa 141/13|Wyrok|https://www.saos.org.pl/judgments/28119
11900|2013-05-09|SO|V Pa 67/13|Wyrok|https://www.saos.org.pl/judgments/11900
11045|2013-05-09|SO|V ACa 83/13|Wyrok|https://www.saos.org.pl/judgments/11045
10845|2013-05-09|SO|I ACa 70/13|Wyrok|https://www.saos.org.pl/judgments/10845
22730|2013-05-08|SO|I ACa 1/13|Wyrok|https://www.saos.org.pl/judgments/22730
18932|2013-05-08|SO|V ACa 207/13|Wyrok|https://www.saos.org.pl/judgments/18932
18793|2013-05-08|SO|V ACa 208/13|Wyrok|https://www.saos.org.pl/judgments/18793
39815|2013-04-30|SO|I ACa 306/13|Wyrok|https://www.saos.org.pl/judgments/39815
101547|2013-04-26|SN|II CSK 506/12|Postanowienie|https://www.saos.org.pl/judgments/101547
44799|2013-04-25|SO|V Pa 21/13|Wyrok|https://www.saos.org.pl/judgments/44799
13472|2013-04-24|SO|I ACa 1461/12|Wyrok|https://www.saos.org.pl/judgments/13472
10385|2013-04-24|SO|III AUa 238/13|Wyrok|https://www.saos.org.pl/judgments/10385
12633|2013-04-23|SO|I ACa 159/05|Uzasadnienie|https://www.saos.org.pl/judgments/12633
12658|2013-04-22|SO|II Ca 258/13|Postanowienie|https://www.saos.org.pl/judgments/12658
19336|2013-04-19|SO|VI ACa 1418/12|Wyrok|https://www.saos.org.pl/judgments/19336
11995|2013-04-19|SO|IV Ca 165/13|Wyrok|https://www.saos.org.pl/judgments/11995
101460|2013-04-18|SN|II CSK 503/12|Postanowienie|https://www.saos.org.pl/judgments/101460
19923|2013-04-18|SO|V ACa 94/13|Wyrok|https://www.saos.org.pl/judgments/19923
10305|2013-04-18|SO|II Ca 86/13|Postanowienie|https://www.saos.org.pl/judgments/10305
38500|2013-04-17|SO|I ACa 271/13|Wyrok|https://www.saos.org.pl/judgments/38500
21427|2013-04-17|SO|I ACa 39/13|Wyrok|https://www.saos.org.pl/judgments/21427
9995|2013-04-12|SO|IV Ca 144/13|Wyrok|https://www.saos.org.pl/judgments/9995
24438|2013-04-10|SO|VI ACa 1304/12|Wyrok|https://www.saos.org.pl/judgments/24438
14870|2013-04-10|SO|VI ACa 1333/12|Wyrok|https://www.saos.org.pl/judgments/14870
140024|2013-04-05|SO|II Ca 1124/12|Wyrok|https://www.saos.org.pl/judgments/140024
13478|2013-04-04|SO|VI ACa 1323/12|Wyrok|https://www.saos.org.pl/judgments/13478
101240|2013-03-27|SN|V CSK 202/12|Postanowienie|https://www.saos.org.pl/judgments/101240
37663|2013-03-27|SO|I ACa 987/12|Wyrok|https://www.saos.org.pl/judgments/37663
139624|2013-03-26|SO|II Ca 1142/12|Wyrok|https://www.saos.org.pl/judgments/139624
19861|2013-03-26|SO|VI ACa 1079/12|Wyrok|https://www.saos.org.pl/judgments/19861
101121|2013-03-21|SN|II CSK 406/12|Wyrok|https://www.saos.org.pl/judgments/101121
29924|2013-03-18|SO|I ACa 874/12|Wyrok|https://www.saos.org.pl/judgments/29924
13243|2013-03-13|SO|I ACa 180/13|Wyrok|https://www.saos.org.pl/judgments/13243
138125|2013-03-12|SO|II Ca 1229/12|Wyrok|https://www.saos.org.pl/judgments/138125
16972|2013-03-08|SO|VI ACa 1120/12|Wyrok|https://www.saos.org.pl/judgments/16972
8524|2013-03-08|SO|I ACa 525/12|Wyrok|https://www.saos.org.pl/judgments/8524
100943|2013-03-07|SN|II CSK 364/12|Wyrok|https://www.saos.org.pl/judgments/100943
16608|2013-03-07|SO|I ACa 851/12|Wyrok|https://www.saos.org.pl/judgments/16608
10242|2013-03-05|SO|I ACa 971/12|Wyrok|https://www.saos.org.pl/judgments/10242
7800|2013-03-01|SO|I ACa 969/12|Wyrok|https://www.saos.org.pl/judgments/7800
313175|2013-02-28|SO|II Ca 854/12|Postanowienie|https://www.saos.org.pl/judgments/313175
75878|2013-02-28|SO|III APa 32/12|Wyrok|https://www.saos.org.pl/judgments/75878
16226|2013-02-27|SO|I ACa 830/12|Wyrok|https://www.saos.org.pl/judgments/16226
8455|2013-02-25|SO|VI Pa 114/12|Wyrok|https://www.saos.org.pl/judgments/8455
100767|2013-02-21|SN|I CSK 586/12|Wyrok|https://www.saos.org.pl/judgments/100767
15972|2013-02-21|SO|I ACa 732/12|Wyrok|https://www.saos.org.pl/judgments/15972
7847|2013-02-20|SO|I ACa 21/13|Wyrok|https://www.saos.org.pl/judgments/7847
6415|2013-02-15|SO|V ACa 754/12|Wyrok|https://www.saos.org.pl/judgments/6415
14128|2013-02-14|SO|I ACa 756/12|Wyrok|https://www.saos.org.pl/judgments/14128
6762|2013-02-14|SO|IV Pa 63/12|Wyrok|https://www.saos.org.pl/judgments/6762
137608|2013-02-13|SO|I Ca 347/12|Postanowienie|https://www.saos.org.pl/judgments/137608
137572|2013-02-13|SO|II Ca 1268/12|Wyrok|https://www.saos.org.pl/judgments/137572
9786|2013-02-07|SO|I ACa 1105/12|Wyrok|https://www.saos.org.pl/judgments/9786
6055|2013-02-07|SO|V ACa 538/12|Wyrok|https://www.saos.org.pl/judgments/6055
137626|2013-02-06|SO|I Ca 17/13|Postanowienie|https://www.saos.org.pl/judgments/137626
6413|2013-02-05|SO|V ACa 717/12|Wyrok|https://www.saos.org.pl/judgments/6413
40917|2013-01-31|SO|V Ca 2141/12|Wyrok|https://www.saos.org.pl/judgments/40917
10169|2013-01-31|SO|I ACa 217/12|Wyrok|https://www.saos.org.pl/judgments/10169
6461|2013-01-30|SO|I ACa 1008/12|Wyrok|https://www.saos.org.pl/judgments/6461
6467|2013-01-29|SO|I ACa 110/12|Wyrok|https://www.saos.org.pl/judgments/6467
6266|2013-01-25|SO|I ACa 933/12|Wyrok|https://www.saos.org.pl/judgments/6266
5514|2013-01-22|SO|III APa 23/12|Wyrok|https://www.saos.org.pl/judgments/5514
4706|2013-01-17|SO|V Pa 209/12|Wyrok|https://www.saos.org.pl/judgments/4706
4702|2013-01-17|SO|III AUa 1194/12|Wyrok|https://www.saos.org.pl/judgments/4702
33818|2013-01-15|SO|V Ca 2793/12|Wyrok|https://www.saos.org.pl/judgments/33818
7807|2013-01-09|SO|VI ACa 1054/12|Wyrok|https://www.saos.org.pl/judgments/7807
3904|2013-01-03|SO|I ACa 972/12|Wyrok|https://www.saos.org.pl/judgments/3904
4615|2012-12-21|SO|VIII Ga 407/12|Wyrok|https://www.saos.org.pl/judgments/4615
17013|2012-12-20|SO|VI ACa 432/12|Wyrok|https://www.saos.org.pl/judgments/17013
11625|2012-12-20|SO|V ACa 965/12|Wyrok|https://www.saos.org.pl/judgments/11625
5747|2012-12-20|SO|I ACa 432/12|Wyrok|https://www.saos.org.pl/judgments/5747
7843|2012-12-18|SO|I ACa 1214/12|Wyrok|https://www.saos.org.pl/judgments/7843
3934|2012-12-17|SO|V ACa 203/12|Wyrok|https://www.saos.org.pl/judgments/3934
5863|2012-12-14|SO|I ACa 777/12|Wyrok|https://www.saos.org.pl/judgments/5863
3354|2012-12-07|SO|V ACa 312/12|Wyrok|https://www.saos.org.pl/judgments/3354
6729|2012-12-06|SO|I ACa 490/12|Wyrok|https://www.saos.org.pl/judgments/6729
7768|2012-12-04|SO|I ACa 1186/12|Wyrok|https://www.saos.org.pl/judgments/7768
4955|2012-11-30|SO|I ACa 1059/12|Wyrok|https://www.saos.org.pl/judgments/4955
4399|2012-11-28|SO|I ACa 923/12|Wyrok|https://www.saos.org.pl/judgments/4399
2840|2012-11-28|SO|III AUa 872/12|Postanowienie|https://www.saos.org.pl/judgments/2840
3961|2012-11-23|SO|I ACa 757/12|Wyrok|https://www.saos.org.pl/judgments/3961
3651|2012-11-22|SO|I ACa 616/12|Wyrok|https://www.saos.org.pl/judgments/3651
5760|2012-11-21|SO|V ACa 610/12|Wyrok|https://www.saos.org.pl/judgments/5760
2896|2012-11-16|SO|I ACa 112/11|Wyrok|https://www.saos.org.pl/judgments/2896
6459|2012-11-15|SO|VI ACa 591/12|Wyrok|https://www.saos.org.pl/judgments/6459
4574|2012-11-15|SO|I ACa 518/12|Wyrok|https://www.saos.org.pl/judgments/4574
3315|2012-11-08|SO|I ACa 585/12|Wyrok|https://www.saos.org.pl/judgments/3315
3416|2012-11-07|SO|I ACa 399/12|Wyrok|https://www.saos.org.pl/judgments/3416
99386|2012-10-19|SN|III SK 3/12|Wyrok|https://www.saos.org.pl/judgments/99386
10097|2012-10-12|SO|V ACa 141/12|Wyrok|https://www.saos.org.pl/judgments/10097
7067|2012-10-09|SO|I ACa 377/12|Wyrok|https://www.saos.org.pl/judgments/7067
1219|2012-10-09|SO|VI ACa 492/12|Wyrok|https://www.saos.org.pl/judgments/1219
99236|2012-10-05|SN|IV CSK 244/12|Wyrok|https://www.saos.org.pl/judgments/99236
1250|2012-09-27|SO|I ACa 334/12|Wyrok|https://www.saos.org.pl/judgments/1250
7076|2012-09-26|SO|I ACa 60/12|Wyrok|https://www.saos.org.pl/judgments/7076
7048|2012-09-13|SO|I ACa 169/12|Wyrok|https://www.saos.org.pl/judgments/7048
1003|2012-09-06|SO|I ACa 459/12|Wyrok|https://www.saos.org.pl/judgments/1003
357|2012-08-29|SO|I ACa 569/12|Wyrok|https://www.saos.org.pl/judgments/357
332|2012-08-29|SO|I ACa 468/12|Wyrok|https://www.saos.org.pl/judgments/332
135706|2012-08-23|SO|II AKa 142/12|Wyrok|https://www.saos.org.pl/judgments/135706
98843|2012-08-23|SN|II CSK 764/11|Postanowienie|https://www.saos.org.pl/judgments/98843
1151|2012-08-22|SO|I ACa 86/12|Wyrok|https://www.saos.org.pl/judgments/1151
419|2012-08-09|SO|III AUa 2678/11|Postanowienie|https://www.saos.org.pl/judgments/419
98794|2012-08-08|SN|III CZ 56/12|Postanowienie|https://www.saos.org.pl/judgments/98794
994|2012-08-02|SO|I ACa 443/12|Wyrok|https://www.saos.org.pl/judgments/994
98710|2012-07-26|SN|I PK 11/12|Wyrok|https://www.saos.org.pl/judgments/98710
2080|2012-07-26|SO|I ACa 486/12|Wyrok|https://www.saos.org.pl/judgments/2080
98460|2012-06-22|SN|V CSK 282/11|Wyrok|https://www.saos.org.pl/judgments/98460
1405|2012-06-21|SO|III AUa 506/12|Wyrok|https://www.saos.org.pl/judgments/1405
135933|2012-06-06|SO|II AKa 144/12|Wyrok|https://www.saos.org.pl/judgments/135933
98075|2012-05-17|SN|I CSK 477/11|Wyrok|https://www.saos.org.pl/judgments/98075
16954|2012-05-17|SO|VI ACa 31/12|Wyrok|https://www.saos.org.pl/judgments/16954
98109|2012-05-16|SN|III CSK 270/11|Postanowienie|https://www.saos.org.pl/judgments/98109
97848|2012-04-18|SN|II UK 188/11|Wyrok|https://www.saos.org.pl/judgments/97848
97760|2012-04-13|SN|I CSK 398/11|Wyrok|https://www.saos.org.pl/judgments/97760
97691|2012-03-28|SN|V CSK 144/11|Wyrok|https://www.saos.org.pl/judgments/97691
22500|2012-03-28|SO|V Ca 441/12|Wyrok|https://www.saos.org.pl/judgments/22500
2016|2012-03-08|SO|I ACa 1270/11|Wyrok|https://www.saos.org.pl/judgments/2016
1952|2012-02-15|SO|I ACa 34/12|Wyrok|https://www.saos.org.pl/judgments/1952
1934|2012-02-15|SO|I ACa 24/12|Wyrok|https://www.saos.org.pl/judgments/1934
1933|2012-02-15|SO|I ACa 23/12|Wyrok|https://www.saos.org.pl/judgments/1933
97087|2012-02-09|SN|I PK 95/11|Wyrok|https://www.saos.org.pl/judgments/97087
97086|2012-02-09|SN|I PK 84/11|Wyrok|https://www.saos.org.pl/judgments/97086
97050|2012-02-02|SN|II PK 132/11|Wyrok|https://www.saos.org.pl/judgments/97050
96936|2012-01-26|SN|III CSK 169/11|Postanowienie|https://www.saos.org.pl/judgments/96936
96598|2011-12-14|SN|III CSK 260/11|Wyrok|https://www.saos.org.pl/judgments/96598
96549|2011-12-12|SN|I PK 33/11|Wyrok|https://www.saos.org.pl/judgments/96549
96438|2011-12-02|SN|III CSK 65/11|Postanowienie|https://www.saos.org.pl/judgments/96438
96323|2011-11-25|SN|II CSK 118/11|Wyrok|https://www.saos.org.pl/judgments/96323
96322|2011-11-25|SN|II CSK 118/11|Wyrok|https://www.saos.org.pl/judgments/96322
96253|2011-11-17|SN|III CSK 38/11|Wyrok|https://www.saos.org.pl/judgments/96253
96289|2011-11-16|SN|V CSK 528/10|Wyrok|https://www.saos.org.pl/judgments/96289
96136|2011-10-28|SN|I CZ 90/11|Postanowienie|https://www.saos.org.pl/judgments/96136
95804|2011-09-22|SN|V CSK 427/10|Wyrok|https://www.saos.org.pl/judgments/95804
95799|2011-09-22|SN|V CSK 401/10|Wyrok|https://www.saos.org.pl/judgments/95799
26547|2011-09-15|SO|I ACa 744/11|Wyrok|https://www.saos.org.pl/judgments/26547
95693|2011-09-09|SN|III PK 4/11|Wyrok|https://www.saos.org.pl/judgments/95693
95383|2011-07-06|SN|II UZP 4/11|Postanowienie|https://www.saos.org.pl/judgments/95383
95376|2011-07-06|SN|II PK 12/11|Wyrok|https://www.saos.org.pl/judgments/95376
95271|2011-06-21|SN|III PK 80/10|Wyrok|https://www.saos.org.pl/judgments/95271
95206|2011-06-17|SN|II CSK 620/10|Wyrok|https://www.saos.org.pl/judgments/95206
94781|2011-04-22|SN|I BP 1/11|Postanowienie|https://www.saos.org.pl/judgments/94781
94650|2011-04-06|SN|II PK 239/10|Wyrok|https://www.saos.org.pl/judgments/94650
94618|2011-04-06|SN|I CZ 108/10|Postanowienie|https://www.saos.org.pl/judgments/94618
94572|2011-04-01|SN|II PK 234/10|Wyrok|https://www.saos.org.pl/judgments/94572
94382|2011-03-11|SN|II CSK 402/10|Wyrok|https://www.saos.org.pl/judgments/94382
94438|2011-03-10|SN|V CZ 110/10|Postanowienie|https://www.saos.org.pl/judgments/94438
94393|2011-03-09|SN|II PK 225/10|Wyrok|https://www.saos.org.pl/judgments/94393
94184|2011-02-10|SN|IV CZ 124/10|Postanowienie|https://www.saos.org.pl/judgments/94184
94064|2011-02-03|SN|I CSK 261/10|Wyrok|https://www.saos.org.pl/judgments/94064
93993|2011-01-28|SN|I CZ 168/10|Postanowienie|https://www.saos.org.pl/judgments/93993
93991|2011-01-27|SN|I CSK 237/10|Wyrok|https://www.saos.org.pl/judgments/93991
93927|2011-01-20|SN|I PK 150/10|Wyrok|https://www.saos.org.pl/judgments/93927
93921|2011-01-20|SN|I CSK 409/10|Wyrok|https://www.saos.org.pl/judgments/93921
93973|2011-01-19|SN|V CSK 202/10|Wyrok|https://www.saos.org.pl/judgments/93973
165449|2010-12-10|SN|II PZ 43/10|Postanowienie|https://www.saos.org.pl/judgments/165449
93609|2010-12-03|SN|I PK 88/10|Wyrok|https://www.saos.org.pl/judgments/93609
93570|2010-12-02|SN|I CSK 33/10|Wyrok|https://www.saos.org.pl/judgments/93570
93571|2010-12-01|SN|I CSK 35/10|Postanowienie|https://www.saos.org.pl/judgments/93571
93541|2010-11-26|SN|IV CSK 265/10|Wyrok|https://www.saos.org.pl/judgments/93541
93436|2010-11-17|SN|II PZ 34/10|Postanowienie|https://www.saos.org.pl/judgments/93436
1180|2010-10-19|SO|VI ACa 204/10|Wyrok|https://www.saos.org.pl/judgments/1180
93098|2010-10-13|SN|I CSK 594/09|Wyrok|https://www.saos.org.pl/judgments/93098
93049|2010-10-06|SN|II CSK 174/10|Wyrok|https://www.saos.org.pl/judgments/93049
26819|2010-09-16|SO|I ACa 653/10|Wyrok|https://www.saos.org.pl/judgments/26819
92860|2010-09-09|SN|I CSK 679/09|Wyrok|https://www.saos.org.pl/judgments/92860
92778|2010-08-18|SN|II PK 46/10|Wyrok|https://www.saos.org.pl/judgments/92778
92466|2010-06-17|SN|III CZP 38/10|Uchwała|https://www.saos.org.pl/judgments/92466
165337|2010-05-18|SN|III PK 74/09|Wyrok|https://www.saos.org.pl/judgments/165337
92207|2010-05-14|SN|II CSK 561/09|Postanowienie|https://www.saos.org.pl/judgments/92207
92172|2010-05-06|SN|II CSK 602/09|Wyrok|https://www.saos.org.pl/judgments/92172
165301|2010-04-28|SN|II UK 330/09|Wyrok|https://www.saos.org.pl/judgments/165301
92137|2010-04-28|SN|III CSK 143/09|Wyrok|https://www.saos.org.pl/judgments/92137
165305|2010-04-27|SN|II PK 315/09|Wyrok|https://www.saos.org.pl/judgments/165305
165296|2010-04-19|SN|II PK 310/09|Wyrok|https://www.saos.org.pl/judgments/165296
76366|2010-04-15|SN|II CSK 526/09|Wyrok|https://www.saos.org.pl/judgments/76366
76260|2010-03-18|SN|V CSK 314/09|Postanowienie|https://www.saos.org.pl/judgments/76260
91976|2010-03-04|SN|I PK 189/09|Wyrok|https://www.saos.org.pl/judgments/91976
91975|2010-03-04|SN|I PK 186/09|Wyrok|https://www.saos.org.pl/judgments/91975
91847|2010-02-10|SN|V CSK 269/09|Wyrok|https://www.saos.org.pl/judgments/91847
91590|2010-01-12|SN|I PK 131/09|Wyrok|https://www.saos.org.pl/judgments/91590
91556|2010-01-07|SN|II PZP 13/09|Uchwała|https://www.saos.org.pl/judgments/91556
91524|2009-12-17|SN|IV CZ 88/09|Postanowienie|https://www.saos.org.pl/judgments/91524
91482|2009-12-11|SN|V CSK 180/09|Wyrok|https://www.saos.org.pl/judgments/91482
91391|2009-12-03|SN|II CSK 337/09|Wyrok|https://www.saos.org.pl/judgments/91391
91366|2009-12-02|SN|I CSK 144/09|Postanowienie|https://www.saos.org.pl/judgments/91366
91324|2009-11-25|SN|II PK 135/09|Wyrok|https://www.saos.org.pl/judgments/91324
91353|2009-11-24|SN|V CSK 71/09|Wyrok|https://www.saos.org.pl/judgments/91353
91161|2009-11-05|SN|I CSK 108/09|Wyrok|https://www.saos.org.pl/judgments/91161
91077|2009-10-21|SN|I PK 97/09|Wyrok|https://www.saos.org.pl/judgments/91077
91023|2009-10-15|SN|I CSK 107/09|Wyrok|https://www.saos.org.pl/judgments/91023
90971|2009-10-08|SN|II CSK 153/09|Wyrok|https://www.saos.org.pl/judgments/90971
90911|2009-09-24|SN|II PK 65/09|Wyrok|https://www.saos.org.pl/judgments/90911
90842|2009-09-09|SN|V CZ 36/09|Postanowienie|https://www.saos.org.pl/judgments/90842
90784|2009-09-03|SN|I CSK 25/09|Wyrok|https://www.saos.org.pl/judgments/90784
90633|2009-07-24|SN|I PK 219/08|Wyrok|https://www.saos.org.pl/judgments/90633
90466|2009-06-24|SN|II PK 287/08|Wyrok|https://www.saos.org.pl/judgments/90466
90455|2009-06-24|SN|I CSK 535/08|Wyrok|https://www.saos.org.pl/judgments/90455
90368|2009-06-09|SN|II CSK 24/09|Wyrok|https://www.saos.org.pl/judgments/90368
90245|2009-05-13|SN|IV CZ 37/09|Postanowienie|https://www.saos.org.pl/judgments/90245
90167|2009-05-06|SN|II PK 285/08|Wyrok|https://www.saos.org.pl/judgments/90167
90118|2009-04-27|SN|I PK 213/08|Wyrok|https://www.saos.org.pl/judgments/90118
90032|2009-04-08|SN|V CSK 405/08|Wyrok|https://www.saos.org.pl/judgments/90032
89612|2009-02-05|SN|II UK 174/08|Wyrok|https://www.saos.org.pl/judgments/89612
89579|2009-01-29|SN|V CSK 282/08|Wyrok|https://www.saos.org.pl/judgments/89579
89512|2009-01-19|SN|II PK 132/08|Wyrok|https://www.saos.org.pl/judgments/89512
89437|2009-01-16|SN|I PK 138/08|Wyrok|https://www.saos.org.pl/judgments/89437
89398|2009-01-09|SN|I CSK 276/08|Wyrok|https://www.saos.org.pl/judgments/89398
165082|2008-12-11|SN|IV CSK 323/08|Wyrok|https://www.saos.org.pl/judgments/165082
165079|2008-12-11|SN|II CSK 364/08|Wyrok|https://www.saos.org.pl/judgments/165079
165062|2008-12-03|SN|V CZ 82/08|Postanowienie|https://www.saos.org.pl/judgments/165062
89108|2008-11-07|SN|IV CSK 264/08|Wyrok|https://www.saos.org.pl/judgments/89108
88982|2008-10-24|SN|V CSK 201/08|Postanowienie|https://www.saos.org.pl/judgments/88982
88956|2008-10-21|SN|II PK 71/08|Wyrok|https://www.saos.org.pl/judgments/88956
88702|2008-09-17|SN|I PK 1/08|Wyrok|https://www.saos.org.pl/judgments/88702
88561|2008-08-06|SN|II PK 41/08|Wyrok|https://www.saos.org.pl/judgments/88561
88472|2008-07-17|SN|II CSK 102/08|Wyrok|https://www.saos.org.pl/judgments/88472
88399|2008-07-02|SN|II PK 7/08|Wyrok|https://www.saos.org.pl/judgments/88399
87921|2008-04-25|SN|II CSK 613/07|Wyrok|https://www.saos.org.pl/judgments/87921
136917|2008-02-21|SO|II AKa 15/08|Wyrok|https://www.saos.org.pl/judgments/136917
87293|2008-02-07|SN|V CSK 435/07|Postanowienie|https://www.saos.org.pl/judgments/87293
87266|2008-02-07|SN|II PK 163/07|Wyrok|https://www.saos.org.pl/judgments/87266
87261|2008-02-05|SN|II PK 150/07|Wyrok|https://www.saos.org.pl/judgments/87261
86976|2008-01-11|SN|I PK 167/07|Wyrok|https://www.saos.org.pl/judgments/86976
86980|2008-01-08|SN|I PK 192/07|Wyrok|https://www.saos.org.pl/judgments/86980
86956|2007-12-19|SN|V CSK 301/07|Wyrok|https://www.saos.org.pl/judgments/86956
86845|2007-11-21|SN|I CSK 270/07|Wyrok|https://www.saos.org.pl/judgments/86845
86788|2007-11-07|SN|II CSK 344/07|Wyrok|https://www.saos.org.pl/judgments/86788
164924|2007-10-23|SN|III CSK 126/07|Postanowienie|https://www.saos.org.pl/judgments/164924
164846|2007-10-03|SN|II CSK 207/07|Wyrok|https://www.saos.org.pl/judgments/164846
86281|2007-07-10|SN|II PZ 29/07|Postanowienie|https://www.saos.org.pl/judgments/86281
86256|2007-07-04|SN|II UK 280/06|Wyrok|https://www.saos.org.pl/judgments/86256
86157|2007-06-22|SN|V CSK 114/07|Wyrok|https://www.saos.org.pl/judgments/86157
86133|2007-06-21|SN|IV CSK 63/07|Wyrok|https://www.saos.org.pl/judgments/86133
85957|2007-05-30|SN|I CZ 38/07|Postanowienie|https://www.saos.org.pl/judgments/85957
85936|2007-05-24|SN|II CZ 49/07|Postanowienie|https://www.saos.org.pl/judgments/85936
85885|2007-05-17|SN|III UK 4/07|Wyrok|https://www.saos.org.pl/judgments/85885
85565|2007-03-27|SN|II PK 235/06|Wyrok|https://www.saos.org.pl/judgments/85565
85364|2007-03-09|SN|II CSK 457/06|Wyrok|https://www.saos.org.pl/judgments/85364
457274|2007-02-22|SO|V ACa 38/07|Wyrok|https://www.saos.org.pl/judgments/457274
85228|2007-02-16|SN|II PK 199/06|Wyrok|https://www.saos.org.pl/judgments/85228
85013|2007-01-17|SN|II CSK 329/06|Wyrok|https://www.saos.org.pl/judgments/85013
84759|2006-11-24|SN|III CZP 106/06|Uchwała|https://www.saos.org.pl/judgments/84759
164659|2006-11-16|SN|II CSK 181/06|Wyrok|https://www.saos.org.pl/judgments/164659
84732|2006-11-16|SN|II PK 92/06|Wyrok|https://www.saos.org.pl/judgments/84732
107763|2006-10-30|TK|Ts 38/06|Postanowienie|https://www.saos.org.pl/judgments/107763
84630|2006-10-12|SN|I PZ 15/06|Postanowienie|https://www.saos.org.pl/judgments/84630
164342|2006-06-09|SN|IV CZ 44/06|Postanowienie|https://www.saos.org.pl/judgments/164342
164271|2006-05-11|SN|I CK 400/05|Wyrok|https://www.saos.org.pl/judgments/164271
84236|2006-04-06|SN|III PK 12/06|Wyrok|https://www.saos.org.pl/judgments/84236
164147|2006-03-22|SN|III CSK 3/06|Wyrok|https://www.saos.org.pl/judgments/164147
164119|2006-03-09|SN|I CZ 10/06|Postanowienie|https://www.saos.org.pl/judgments/164119
84110|2006-02-24|SN|II CSK 135/05|Wyrok|https://www.saos.org.pl/judgments/84110
83985|2006-01-10|SN|I PK 96/05|Wyrok|https://www.saos.org.pl/judgments/83985
163896|2005-12-20|SN|V CK 407/05|Wyrok|https://www.saos.org.pl/judgments/163896
163890|2005-12-20|SN|III CK 342/05|Wyrok|https://www.saos.org.pl/judgments/163890
83901|2005-12-08|SN|I PK 125/05|Wyrok|https://www.saos.org.pl/judgments/83901
163807|2005-11-29|SN|III CK 250/05|Wyrok|https://www.saos.org.pl/judgments/163807
163734|2005-11-18|SN|IV CK 186/05|Wyrok|https://www.saos.org.pl/judgments/163734
163708|2005-11-10|SN|III CK 75/05|Wyrok|https://www.saos.org.pl/judgments/163708
163502|2005-08-09|SN|IV CK 77/05|Wyrok|https://www.saos.org.pl/judgments/163502
163378|2005-06-29|SN|V CK 751/04|Wyrok|https://www.saos.org.pl/judgments/163378
83522|2005-06-22|SN|III CZP 23/05|Uchwała|https://www.saos.org.pl/judgments/83522
83492|2005-06-15|SN|II PK 270/04|Wyrok|https://www.saos.org.pl/judgments/83492
83446|2005-05-24|SN|I PZ 5/05|Postanowienie|https://www.saos.org.pl/judgments/83446
163125|2005-03-31|SN|V CK 520/04|Wyrok|https://www.saos.org.pl/judgments/163125
421581|2005-03-17|SO|I ACa 1569/04|Wyrok|https://www.saos.org.pl/judgments/421581
163010|2005-02-17|SN|IV CK 557/04|Wyrok|https://www.saos.org.pl/judgments/163010
162952|2005-02-04|SN|I CK 607/04|Wyrok|https://www.saos.org.pl/judgments/162952
162842|2005-01-07|SN|IV CK 204/04|Wyrok|https://www.saos.org.pl/judgments/162842
162853|2005-01-06|SN|III CK 186/04|Wyrok|https://www.saos.org.pl/judgments/162853
83004|2004-11-24|SN|I PK 17/04|Wyrok|https://www.saos.org.pl/judgments/83004
82990|2004-11-16|SN|III CZP 62/04|Uchwała|https://www.saos.org.pl/judgments/82990
82420|2004-01-07|SN|III CK 186/02|Wyrok|https://www.saos.org.pl/judgments/82420
106962|2004-01-05|TK|Ts 117/03|Postanowienie|https://www.saos.org.pl/judgments/106962
82297|2003-11-05|SN|I PK 1/03|Wyrok|https://www.saos.org.pl/judgments/82297
82237|2003-10-10|SN|I PK 295/02|Wyrok|https://www.saos.org.pl/judgments/82237
82209|2003-09-25|SN|V CK 188/02|Wyrok|https://www.saos.org.pl/judgments/82209
82121|2003-07-25|SN|I PK 269/02|Wyrok|https://www.saos.org.pl/judgments/82121
81988|2003-05-06|SN|I PKN 219/01|Wyrok|https://www.saos.org.pl/judgments/81988
81779|2002-12-19|SN|V CZ 162/02|Postanowienie|https://www.saos.org.pl/judgments/81779
81734|2002-12-05|SN|I PKN 620/01|Wyrok|https://www.saos.org.pl/judgments/81734
81484|2002-07-05|SN|I PKN 235/01|Wyrok|https://www.saos.org.pl/judgments/81484
81465|2002-06-19|SN|II CKN 762/00|Wyrok|https://www.saos.org.pl/judgments/81465
81237|2002-02-27|SN|I PKN 305/01|Postanowienie|https://www.saos.org.pl/judgments/81237
81228|2002-02-19|SN|IV CKN 769/00|Wyrok|https://www.saos.org.pl/judgments/81228
80996|2001-11-23|SN|I PKN 678/00|Wyrok|https://www.saos.org.pl/judgments/80996
80851|2001-09-21|SN|I PKN 631/00|Wyrok|https://www.saos.org.pl/judgments/80851
80737|2001-07-19|SN|II UKN 475/00|Wyrok|https://www.saos.org.pl/judgments/80737
80663|2001-06-22|SN|I PZ 22/01|Postanowienie|https://www.saos.org.pl/judgments/80663
80609|2001-05-30|SN|I PKN 429/00|Wyrok|https://www.saos.org.pl/judgments/80609
80382|2001-03-07|SN|I PKN 283/00|Wyrok|https://www.saos.org.pl/judgments/80382
80360|2001-02-27|SN|I PKN 257/00|Wyrok|https://www.saos.org.pl/judgments/80360
105806|2001-02-07|TK|Ts 114/00|Postanowienie|https://www.saos.org.pl/judgments/105806
80278|2001-01-24|SN|II UKN 197/00|Wyrok|https://www.saos.org.pl/judgments/80278
80219|2001-01-09|SN|I PKN 175/00|Wyrok|https://www.saos.org.pl/judgments/80219
80132|2000-12-05|SN|I PKN 125/00|Wyrok|https://www.saos.org.pl/judgments/80132
105490|2000-11-06|TK|Ts 114/00|Postanowienie|https://www.saos.org.pl/judgments/105490
79947|2000-09-26|SN|I PKN 54/00|Wyrok|https://www.saos.org.pl/judgments/79947
79943|2000-09-26|SN|I PKN 48/00|Wyrok|https://www.saos.org.pl/judgments/79943
79847|2000-07-20|SN|I PKN 17/00|Wyrok|https://www.saos.org.pl/judgments/79847
79799|2000-06-29|SN|I PKN 717/99|Wyrok|https://www.saos.org.pl/judgments/79799
79682|2000-05-10|SN|I PKN 630/99|Wyrok|https://www.saos.org.pl/judgments/79682
79678|2000-05-09|SN|I PKN 622/99|Wyrok|https://www.saos.org.pl/judgments/79678
79584|2000-03-27|SN|I PKN 549/99|Wyrok|https://www.saos.org.pl/judgments/79584
79562|2000-02-17|SN|I PKN 539/99|Wyrok|https://www.saos.org.pl/judgments/79562
79367|1999-11-11|SN|II UKN 204/99|Wyrok|https://www.saos.org.pl/judgments/79367
79343|1999-11-05|SN|I PKN 344/99|Wyrok|https://www.saos.org.pl/judgments/79343
79181|1999-07-28|SN|I PKN 683/98|Wyrok|https://www.saos.org.pl/judgments/79181
79120|1999-07-01|SN|I PKN 133/99|Wyrok|https://www.saos.org.pl/judgments/79120
79106|1999-06-17|SN|I PZ 24/99|Postanowienie|https://www.saos.org.pl/judgments/79106
79075|1999-06-08|SN|I PKN 80/99|Wyrok|https://www.saos.org.pl/judgments/79075
79069|1999-06-01|SN|II UZ 63/99|Postanowienie|https://www.saos.org.pl/judgments/79069
78670|1998-11-10|SN|I PKN 362/98|Wyrok|https://www.saos.org.pl/judgments/78670
78652|1998-11-05|SN|I PKN 419/98|Wyrok|https://www.saos.org.pl/judgments/78652
78340|1998-05-19|SN|II UKN 51/98|Wyrok|https://www.saos.org.pl/judgments/78340
78226|1998-03-25|SN|II UKN 576/97|Wyrok|https://www.saos.org.pl/judgments/78226
77872|1997-10-24|SN|I PKN 326/97|Wyrok|https://www.saos.org.pl/judgments/77872
