saos_id|date|court|case_number|type|score|saos_url
96161|2011-10-28|SN|III CZP 33/11|Uchwała|96|https://www.saos.org.pl/judgments/96161
245188|2016-04-29|SN|I CSK 306/15|Wyrok|78|https://www.saos.org.pl/judgments/245188
245100|2016-04-14|SN|II CSK 445/15|Wyrok|78|https://www.saos.org.pl/judgments/245100
244563|2016-02-10|SN|I CSK 1/15|Wyrok|78|https://www.saos.org.pl/judgments/244563
244428|2016-01-27|SN|II CSK 67/15|Wyrok|78|https://www.saos.org.pl/judgments/244428
244203|2016-01-14|SN|I CSK 104/15|Wyrok|78|https://www.saos.org.pl/judgments/244203
243933|2015-11-25|SN|II CSK 872/14|Wyrok|78|https://www.saos.org.pl/judgments/243933
243596|2015-10-23|SN|V CSK 83/15|Wyrok|78|https://www.saos.org.pl/judgments/243596
243593|2015-10-23|SN|V CSK 35/15|Wyrok|78|https://www.saos.org.pl/judgments/243593
245517|2015-05-29|SN|V CSK 446/14|Wyrok|78|https://www.saos.org.pl/judgments/245517
168495|2015-03-04|SN|IV CSK 378/14|Wyrok|78|https://www.saos.org.pl/judgments/168495
167991|2015-01-21|SN|IV CSK 225/14|Wyrok|78|https://www.saos.org.pl/judgments/167991
167666|2014-12-11|SN|IV CA 1/14|Wyrok|78|https://www.saos.org.pl/judgments/167666
166228|2014-07-04|SN|II CSK 612/13|Wyrok|78|https://www.saos.org.pl/judgments/166228
166065|2014-06-18|SN|V CSK 413/13|Wyrok|78|https://www.saos.org.pl/judgments/166065
165964|2014-06-04|SN|II CSK 460/13|Wyrok|78|https://www.saos.org.pl/judgments/165964
165763|2014-04-24|SN|III CSK 319/13|Wyrok|78|https://www.saos.org.pl/judgments/165763
103148|2013-10-14|SN|II UK 108/13|Wyrok|78|https://www.saos.org.pl/judgments/103148
102948|2013-09-26|SN|II CSK 719/12|Wyrok|78|https://www.saos.org.pl/judgments/102948
165532|2013-09-19|SN|I CSK 688/12|Wyrok|78|https://www.saos.org.pl/judgments/165532
102716|2013-08-29|SN|I CSK 713/12|Wyrok|78|https://www.saos.org.pl/judgments/102716
102350|2013-07-05|SN|IV CSK 1/13|Wyrok|78|https://www.saos.org.pl/judgments/102350
101919|2013-05-28|SN|I UK 632/12|Wyrok|78|https://www.saos.org.pl/judgments/101919
100767|2013-02-21|SN|I CSK 586/12|Wyrok|78|https://www.saos.org.pl/judgments/100767
99085|2012-09-26|SN|II CSK 84/12|Wyrok|78|https://www.saos.org.pl/judgments/99085
98324|2012-06-14|SN|I CSK 485/11|Wyrok|78|https://www.saos.org.pl/judgments/98324
97679|2012-03-27|SN|III UK 75/11|Wyrok|78|https://www.saos.org.pl/judgments/97679
97298|2012-02-22|SN|IV CSK 278/11|Wyrok|78|https://www.saos.org.pl/judgments/97298
96886|2012-01-27|SN|I CSK 211/11|Wyrok|78|https://www.saos.org.pl/judgments/96886
96826|2012-01-18|SN|II CSK 266/11|Wyrok|78|https://www.saos.org.pl/judgments/96826
96541|2011-12-14|SN|I CSK 374/11|Wyrok|78|https://www.saos.org.pl/judgments/96541
96435|2011-12-02|SN|III CSK 55/11|Wyrok|78|https://www.saos.org.pl/judgments/96435
96390|2011-11-23|SN|IV CSK 161/11|Wyrok|78|https://www.saos.org.pl/judgments/96390
95958|2011-10-12|SN|II CSK 690/10|Wyrok|78|https://www.saos.org.pl/judgments/95958
95942|2011-10-06|SN|V CSK 508/10|Wyrok|78|https://www.saos.org.pl/judgments/95942
95909|2011-10-05|SN|II UK 43/11|Wyrok|78|https://www.saos.org.pl/judgments/95909
95804|2011-09-22|SN|V CSK 427/10|Wyrok|78|https://www.saos.org.pl/judgments/95804
95227|2011-06-16|SN|III UK 213/10|Wyrok|78|https://www.saos.org.pl/judgments/95227
94582|2011-04-01|SN|III CSK 206/10|Wyrok|78|https://www.saos.org.pl/judgments/94582
94295|2011-02-23|SN|V CSK 250/10|Wyrok|78|https://www.saos.org.pl/judgments/94295
94121|2011-02-04|SN|III CSK 196/10|Wyrok|78|https://www.saos.org.pl/judgments/94121
93893|2011-01-13|SN|III CSK 116/10|Wyrok|78|https://www.saos.org.pl/judgments/93893
93351|2010-11-04|SN|IV CSK 188/10|Wyrok|78|https://www.saos.org.pl/judgments/93351
93027|2010-09-29|SN|V CSK 56/10|Wyrok|78|https://www.saos.org.pl/judgments/93027
92858|2010-09-09|SN|I CSK 641/09|Wyrok|78|https://www.saos.org.pl/judgments/92858
165380|2010-06-23|SN|II PK 372/09|Wyrok|78|https://www.saos.org.pl/judgments/165380
92505|2010-06-23|SN|II CSK 689/09|Wyrok|78|https://www.saos.org.pl/judgments/92505
91993|2010-03-05|SN|IV CSK 382/09|Wyrok|78|https://www.saos.org.pl/judgments/91993
91727|2010-01-27|SN|II CSK 352/09|Wyrok|78|https://www.saos.org.pl/judgments/91727
91562|2010-01-08|SN|IV CSK 269/09|Wyrok|78|https://www.saos.org.pl/judgments/91562
90522|2009-07-02|SN|V CSK 4/09|Wyrok|78|https://www.saos.org.pl/judgments/90522
90427|2009-06-17|SN|IV CSK 90/09|Wyrok|78|https://www.saos.org.pl/judgments/90427
90032|2009-04-08|SN|V CSK 405/08|Wyrok|78|https://www.saos.org.pl/judgments/90032
89517|2009-01-21|SN|III CSK 195/08|Wyrok|78|https://www.saos.org.pl/judgments/89517
89438|2009-01-16|SN|I UK 190/08|Wyrok|78|https://www.saos.org.pl/judgments/89438
89421|2009-01-06|SN|II UK 117/08|Wyrok|78|https://www.saos.org.pl/judgments/89421
89353|2008-12-17|SN|I CSK 250/08|Wyrok|78|https://www.saos.org.pl/judgments/89353
88766|2008-09-26|SN|V CSK 108/08|Wyrok|78|https://www.saos.org.pl/judgments/88766
88442|2008-07-10|SN|III CSK 65/08|Wyrok|78|https://www.saos.org.pl/judgments/88442
88339|2008-06-25|SN|III CSK 20/08|Wyrok|78|https://www.saos.org.pl/judgments/88339
87756|2008-04-03|SN|II CSK 577/07|Wyrok|78|https://www.saos.org.pl/judgments/87756
87537|2008-03-05|SN|V CSK 418/07|Wyrok|78|https://www.saos.org.pl/judgments/87537
87248|2008-02-06|SN|II CSK 421/07|Wyrok|78|https://www.saos.org.pl/judgments/87248
87189|2008-01-31|SN|II CSK 406/07|Wyrok|78|https://www.saos.org.pl/judgments/87189
87210|2008-01-29|SN|IV CSK 416/07|Wyrok|78|https://www.saos.org.pl/judgments/87210
165013|2007-12-11|SN|II CSK 330/07|Wyrok|78|https://www.saos.org.pl/judgments/165013
164977|2007-12-07|SN|III CSK 194/07|Wyrok|78|https://www.saos.org.pl/judgments/164977
86656|2007-10-04|SN|I UK 111/07|Wyrok|78|https://www.saos.org.pl/judgments/86656
86138|2007-06-21|SN|IV CSK 95/07|Wyrok|78|https://www.saos.org.pl/judgments/86138
85669|2007-04-19|SN|I CSK 27/07|Wyrok|78|https://www.saos.org.pl/judgments/85669
85370|2007-03-07|SN|II CSK 489/06|Wyrok|78|https://www.saos.org.pl/judgments/85370
85214|2007-02-15|SN|II CSK 484/06|Wyrok|78|https://www.saos.org.pl/judgments/85214
164765|2006-12-15|SN|III CSK 349/06|Wyrok|78|https://www.saos.org.pl/judgments/164765
164774|2006-12-14|SN|I CSK 327/06|Wyrok|78|https://www.saos.org.pl/judgments/164774
164781|2006-12-13|SN|II CSK 291/06|Wyrok|78|https://www.saos.org.pl/judgments/164781
84849|2006-12-13|SN|II PK 125/06|Wyrok|78|https://www.saos.org.pl/judgments/84849
84711|2006-11-09|SN|IV CSK 208/06|Wyrok|78|https://www.saos.org.pl/judgments/84711
164600|2006-10-26|SN|I CSK 171/06|Wyrok|78|https://www.saos.org.pl/judgments/164600
84628|2006-10-10|SN|I PK 156/06|Wyrok|78|https://www.saos.org.pl/judgments/84628
84545|2006-09-12|SN|I PK 87/06|Wyrok|78|https://www.saos.org.pl/judgments/84545
84111|2006-02-22|SN|III CK 341/05|Wyrok|78|https://www.saos.org.pl/judgments/84111
163945|2006-01-18|SN|V CSK 29/05|Wyrok|78|https://www.saos.org.pl/judgments/163945
163822|2005-12-08|SN|II CK 317/05|Wyrok|78|https://www.saos.org.pl/judgments/163822
163584|2005-10-05|SN|II CK 122/05|Wyrok|78|https://www.saos.org.pl/judgments/163584
163568|2005-09-27|SN|V CK 180/05|Wyrok|78|https://www.saos.org.pl/judgments/163568
163525|2005-09-15|SN|II CK 69/05|Wyrok|78|https://www.saos.org.pl/judgments/163525
163381|2005-06-29|SN|V CK 836/04|Wyrok|78|https://www.saos.org.pl/judgments/163381
163380|2005-06-29|SN|V CK 827/04|Wyrok|78|https://www.saos.org.pl/judgments/163380
163356|2005-06-23|SN|II CK 739/04|Wyrok|78|https://www.saos.org.pl/judgments/163356
83425|2005-05-20|SN|III CK 661/04|Wyrok|78|https://www.saos.org.pl/judgments/83425
163167|2005-04-13|SN|IV CK 684/04|Wyrok|78|https://www.saos.org.pl/judgments/163167
163091|2005-03-08|SN|IV CK 630/04|Wyrok|78|https://www.saos.org.pl/judgments/163091
162995|2005-02-18|SN|V CK 469/04|Wyrok|78|https://www.saos.org.pl/judgments/162995
83175|2005-01-26|SN|II PK 184/04|Wyrok|78|https://www.saos.org.pl/judgments/83175
162820|2004-12-14|SN|II CK 248/04|Wyrok|78|https://www.saos.org.pl/judgments/162820
82981|2004-11-16|SN|I PK 37/04|Wyrok|78|https://www.saos.org.pl/judgments/82981
82902|2004-10-08|SN|V CK 670/03|Wyrok|78|https://www.saos.org.pl/judgments/82902
82785|2004-08-12|SN|III PK 38/04|Wyrok|78|https://www.saos.org.pl/judgments/82785
81356|2002-04-16|SN|V CKN 997/00|Wyrok|78|https://www.saos.org.pl/judgments/81356
80907|2001-10-12|SN|V CKN 631/00|Wyrok|78|https://www.saos.org.pl/judgments/80907
80710|2001-07-04|SN|I PKN 534/00|Wyrok|78|https://www.saos.org.pl/judgments/80710
80164|2000-12-14|SN|I PKN 145/00|Wyrok|78|https://www.saos.org.pl/judgments/80164
79866|2000-08-02|SN|I PKN 759/99|Wyrok|78|https://www.saos.org.pl/judgments/79866
79335|1999-10-28|SN|II UKN 167/99|Wyrok|78|https://www.saos.org.pl/judgments/79335
79267|1999-09-22|SN|I PKN 268/99|Wyrok|78|https://www.saos.org.pl/judgments/79267
79247|1999-09-10|SN|I PKN 354/99|Wyrok|78|https://www.saos.org.pl/judgments/79247
79244|1999-09-07|SN|I PKN 258/99|Wyrok|78|https://www.saos.org.pl/judgments/79244
79077|1999-06-08|SN|I PKN 98/99|Wyrok|78|https://www.saos.org.pl/judgments/79077
78953|1999-04-08|SN|II UKN 619/98|Wyrok|78|https://www.saos.org.pl/judgments/78953
78413|1998-06-26|SN|I PKN 94/98|Wyrok|78|https://www.saos.org.pl/judgments/78413
78161|1998-02-24|SN|I PKN 542/97|Wyrok|78|https://www.saos.org.pl/judgments/78161
244829|2016-03-10|SN|III CSK 186/15|Postanowienie|69|https://www.saos.org.pl/judgments/244829
169069|2015-05-12|SN|IV CNP 66/14|Postanowienie|69|https://www.saos.org.pl/judgments/169069
168961|2015-04-30|SN|II CNP 29/14|Postanowienie|69|https://www.saos.org.pl/judgments/168961
168054|2015-01-30|SN|III CSK 123/14|Postanowienie|69|https://www.saos.org.pl/judgments/168054
103455|2013-11-06|SN|IV CZ 98/13|Postanowienie|69|https://www.saos.org.pl/judgments/103455
101385|2013-04-12|SN|IV CSK 515/12|Postanowienie|69|https://www.saos.org.pl/judgments/101385
96517|2011-12-08|SN|IV CSK 180/11|Postanowienie|69|https://www.saos.org.pl/judgments/96517
96354|2011-11-23|SN|III CSK 229/11|Postanowienie|69|https://www.saos.org.pl/judgments/96354
95469|2011-07-13|SN|IV CSK 128/11|Postanowienie|69|https://www.saos.org.pl/judgments/95469
95398|2011-07-08|SN|IV CSK 118/11|Postanowienie|69|https://www.saos.org.pl/judgments/95398
94194|2011-02-09|SN|V CSK 248/10|Postanowienie|69|https://www.saos.org.pl/judgments/94194
89007|2008-10-30|SN|II CSK 263/08|Postanowienie|69|https://www.saos.org.pl/judgments/89007
88583|2008-08-13|SN|I CSK 67/08|Postanowienie|69|https://www.saos.org.pl/judgments/88583
88266|2008-06-18|SN|III CSK 110/08|Postanowienie|69|https://www.saos.org.pl/judgments/88266
164899|2007-10-19|SN|I CZ 114/07|Postanowienie|69|https://www.saos.org.pl/judgments/164899
85613|2007-04-04|SN|III CSK 87/07|Postanowienie|69|https://www.saos.org.pl/judgments/85613
84975|2007-01-12|SN|IV CSK 257/06|Postanowienie|69|https://www.saos.org.pl/judgments/84975
164656|2006-11-16|SN|II CSK 174/06|Postanowienie|69|https://www.saos.org.pl/judgments/164656
78404|1998-06-23|SN|I PKN 197/98|Postanowienie|69|https://www.saos.org.pl/judgments/78404
547311|2026-04-14|SO|III AUa 2071/24|Wyrok|56|https://www.saos.org.pl/judgments/547311
545919|2026-03-16|SO|I ACa 336/26|Wyrok|56|https://www.saos.org.pl/judgments/545919
547037|2026-03-04|SO|I ACa 3717/23|Wyrok|56|https://www.saos.org.pl/judgments/547037
547008|2026-02-27|SO|I ACa 961/24|Wyrok|56|https://www.saos.org.pl/judgments/547008
546886|2026-02-27|SO|I ACa 3975/23|Wyrok|56|https://www.saos.org.pl/judgments/546886
547466|2026-02-10|SO|I ACa 519/23|Wyrok|56|https://www.saos.org.pl/judgments/547466
546670|2026-02-04|SO|I ACa 3915/23|Wyrok|56|https://www.saos.org.pl/judgments/546670
542614|2026-01-13|SO|I ACa 1149/24|Wyrok|56|https://www.saos.org.pl/judgments/542614
542426|2026-01-07|SO|I ACa 742/24|Wyrok|56|https://www.saos.org.pl/judgments/542426
540661|2025-12-22|SO|I ACa 2399/23|Wyrok|56|https://www.saos.org.pl/judgments/540661
545921|2025-12-18|SO|I ACa 731/25|Wyrok|56|https://www.saos.org.pl/judgments/545921
541816|2025-12-01|SO|I ACa 290/23|Wyrok|56|https://www.saos.org.pl/judgments/541816
544737|2025-11-26|SO|I ACa 479/23|Wyrok|56|https://www.saos.org.pl/judgments/544737
544733|2025-11-26|SO|I ACa 150/23|Wyrok|56|https://www.saos.org.pl/judgments/544733
543910|2025-10-10|SO|I ACa 1864/22|Wyrok|56|https://www.saos.org.pl/judgments/543910
542793|2025-09-22|SO|I AGa 136/23|Wyrok|56|https://www.saos.org.pl/judgments/542793
537072|2025-09-08|SO|I ACa 2412/22|Wyrok|56|https://www.saos.org.pl/judgments/537072
534111|2025-07-31|SO|I ACa 1916/24|Wyrok|56|https://www.saos.org.pl/judgments/534111
531963|2025-07-24|SO|I ACa 1767/22|Wyrok|56|https://www.saos.org.pl/judgments/531963
542553|2025-07-17|SO|I ACa 1534/22|Wyrok|56|https://www.saos.org.pl/judgments/542553
542552|2025-07-17|SO|I ACa 1032/25|Wyrok|56|https://www.saos.org.pl/judgments/542552
540334|2025-05-19|SO|I ACa 1230/22|Wyrok|56|https://www.saos.org.pl/judgments/540334
532977|2025-04-09|SO|I AGa 364/24|Wyrok|56|https://www.saos.org.pl/judgments/532977
540128|2025-03-28|SO|I ACa 1588/22|Wyrok|56|https://www.saos.org.pl/judgments/540128
538671|2025-03-27|SO|I ACa 1509/24|Wyrok|56|https://www.saos.org.pl/judgments/538671
538034|2025-03-27|SO|I ACa 1377/22|Wyrok|56|https://www.saos.org.pl/judgments/538034
539640|2025-03-17|SO|I ACa 1447/22|Wyrok|56|https://www.saos.org.pl/judgments/539640
546000|2025-02-25|SO|I ACa 591/23|Wyrok|56|https://www.saos.org.pl/judgments/546000
527164|2025-02-24|SO|I ACa 3034/24|Wyrok|56|https://www.saos.org.pl/judgments/527164
527500|2025-02-20|SO|I ACa 3933/24|Wyrok|56|https://www.saos.org.pl/judgments/527500
535781|2025-02-04|SO|I AGa 304/22|Wyrok|56|https://www.saos.org.pl/judgments/535781
539086|2024-12-31|SO|III AUa 1287/23|Wyrok|56|https://www.saos.org.pl/judgments/539086
527090|2024-12-06|SO|I ACa 1120/22|Wyrok|56|https://www.saos.org.pl/judgments/527090
527167|2024-12-05|SO|I ACa 669/23|Wyrok|56|https://www.saos.org.pl/judgments/527167
532917|2024-12-04|SO|I ACa 1543/22|Wyrok|56|https://www.saos.org.pl/judgments/532917
522014|2024-11-28|SO|III AUa 1684/23|Wyrok|56|https://www.saos.org.pl/judgments/522014
541807|2024-08-30|SO|I ACa 2282/23|Wyrok|56|https://www.saos.org.pl/judgments/541807
494345|2024-08-05|SO|I ACa 582/24|Wyrok|56|https://www.saos.org.pl/judgments/494345
546807|2024-07-17|SO|I ACa 662/23|Wyrok|56|https://www.saos.org.pl/judgments/546807
505090|2024-07-17|SO|III AUa 606/23|Wyrok|56|https://www.saos.org.pl/judgments/505090
505076|2024-07-17|SO|III AUa 588/23|Wyrok|56|https://www.saos.org.pl/judgments/505076
535825|2024-07-12|SO|I ACa 923/22|Wyrok|56|https://www.saos.org.pl/judgments/535825
505108|2024-07-11|SO|III AUa 668/23|Wyrok|56|https://www.saos.org.pl/judgments/505108
546746|2024-07-10|SO|I ACa 392/23|Wyrok|56|https://www.saos.org.pl/judgments/546746
526941|2024-07-01|SO|I ACa 263/22|Wyrok|56|https://www.saos.org.pl/judgments/526941
544196|2024-06-25|SO|I ACa 593/23|Wyrok|56|https://www.saos.org.pl/judgments/544196
522368|2024-05-23|SO|I ACa 22/23|Wyrok|56|https://www.saos.org.pl/judgments/522368
505024|2024-05-20|SO|III AUa 49/23|Wyrok|56|https://www.saos.org.pl/judgments/505024
531184|2024-04-30|SO|I ACa 2701/22|Wyrok|56|https://www.saos.org.pl/judgments/531184
544783|2024-04-08|SO|V ACa 952/23|Wyrok|56|https://www.saos.org.pl/judgments/544783
521108|2024-03-21|SO|I ACa 883/22|Wyrok|56|https://www.saos.org.pl/judgments/521108
520065|2024-03-14|SO|I ACa 1027/22|Wyrok|56|https://www.saos.org.pl/judgments/520065
519849|2024-03-12|SO|I ACa 582/23|Wyrok|56|https://www.saos.org.pl/judgments/519849
504937|2024-03-11|SO|III AUa 3621/22|Wyrok|56|https://www.saos.org.pl/judgments/504937
543262|2024-03-01|SO|V ACa 60/23|Wyrok|56|https://www.saos.org.pl/judgments/543262
533361|2024-02-22|SO|I ACa 2387/22|Wyrok|56|https://www.saos.org.pl/judgments/533361
493958|2024-02-20|SO|I ACa 2549/22|Wyrok|56|https://www.saos.org.pl/judgments/493958
533354|2024-02-14|SO|I ACa 1758/23|Wyrok|56|https://www.saos.org.pl/judgments/533354
518184|2024-02-14|SO|I ACa 1702/23|Wyrok|56|https://www.saos.org.pl/judgments/518184
505178|2024-01-30|SO|III AUa 804/22|Wyrok|56|https://www.saos.org.pl/judgments/505178
519392|2024-01-29|SO|I ACa 2837/22|Wyrok|56|https://www.saos.org.pl/judgments/519392
504985|2024-01-25|SO|III AUa 429/22|Wyrok|56|https://www.saos.org.pl/judgments/504985
544034|2024-01-11|SO|V ACa 321/22|Wyrok|56|https://www.saos.org.pl/judgments/544034
520120|2024-01-03|SO|V ACa 996/23|Wyrok|56|https://www.saos.org.pl/judgments/520120
505200|2023-12-29|SO|III AUa 894/21|Wyrok|56|https://www.saos.org.pl/judgments/505200
504916|2023-12-29|SO|III AUa 324/22|Wyrok|56|https://www.saos.org.pl/judgments/504916
525355|2023-12-20|SO|I ACa 227/22|Wyrok|56|https://www.saos.org.pl/judgments/525355
509868|2023-12-13|SO|V ACa 896/23|Wyrok|56|https://www.saos.org.pl/judgments/509868
494479|2023-12-06|SO|I ACa 693/22|Wyrok|56|https://www.saos.org.pl/judgments/494479
543976|2023-12-01|SO|V ACa 34/22|Wyrok|56|https://www.saos.org.pl/judgments/543976
504926|2023-11-29|SO|III AUa 3456/22|Wyrok|56|https://www.saos.org.pl/judgments/504926
505207|2023-11-23|SO|III AUa 912/23|Wyrok|56|https://www.saos.org.pl/judgments/505207
504825|2023-11-23|SO|III AUa 1804/21|Wyrok|56|https://www.saos.org.pl/judgments/504825
504799|2023-11-21|SO|III AUa 161/23|Wyrok|56|https://www.saos.org.pl/judgments/504799
509790|2023-11-20|SO|V ACa 434/23|Wyrok|56|https://www.saos.org.pl/judgments/509790
504819|2023-11-07|SO|III AUa 175/22|Wyrok|56|https://www.saos.org.pl/judgments/504819
493825|2023-10-25|SO|I ACa 1861/22|Wyrok|56|https://www.saos.org.pl/judgments/493825
505186|2023-10-10|SO|III AUa 841/22|Wyrok|56|https://www.saos.org.pl/judgments/505186
516391|2023-10-05|SO|I ACa 171/23|Wyrok|56|https://www.saos.org.pl/judgments/516391
504695|2023-09-28|SO|III AUa 1187/23|Wyrok|56|https://www.saos.org.pl/judgments/504695
504692|2023-09-28|SO|III AUa 1176/21|Wyrok|56|https://www.saos.org.pl/judgments/504692
505145|2023-09-25|SO|III AUa 732/23|Wyrok|56|https://www.saos.org.pl/judgments/505145
494306|2023-08-17|SO|I ACa 549/23|Wyrok|56|https://www.saos.org.pl/judgments/494306
493531|2023-08-11|SO|I ACa 1305/22|Wyrok|56|https://www.saos.org.pl/judgments/493531
505160|2023-08-08|SO|III AUa 768/22|Wyrok|56|https://www.saos.org.pl/judgments/505160
504780|2023-08-07|SO|III AUa 1546/21|Wyrok|56|https://www.saos.org.pl/judgments/504780
504699|2023-08-02|SO|III AUa 1208/20|Wyrok|56|https://www.saos.org.pl/judgments/504699
504829|2023-07-28|SO|III AUa 1842/21|Wyrok|56|https://www.saos.org.pl/judgments/504829
504766|2023-07-28|SO|III AUa 1493/22|Wyrok|56|https://www.saos.org.pl/judgments/504766
492005|2023-07-19|SO|I ACa 137/23|Wyrok|56|https://www.saos.org.pl/judgments/492005
494293|2023-07-13|SO|I ACa 540/22|Wyrok|56|https://www.saos.org.pl/judgments/494293
504684|2023-07-12|SO|III AUa 1138/21|Wyrok|56|https://www.saos.org.pl/judgments/504684
505068|2023-07-10|SO|III AUa 573/22|Wyrok|56|https://www.saos.org.pl/judgments/505068
504917|2023-07-10|SO|III AUa 328/22|Wyrok|56|https://www.saos.org.pl/judgments/504917
504668|2023-07-05|SO|III AUa 1062/20|Wyrok|56|https://www.saos.org.pl/judgments/504668
527094|2023-07-04|SO|I ACa 446/22|Wyrok|56|https://www.saos.org.pl/judgments/527094
530875|2023-06-28|SO|I ACa 1350/21|Wyrok|56|https://www.saos.org.pl/judgments/530875
504848|2023-06-28|SO|III AUa 2066/22|Wyrok|56|https://www.saos.org.pl/judgments/504848
504843|2023-06-27|SO|III AUa 1989/21|Wyrok|56|https://www.saos.org.pl/judgments/504843
504867|2023-06-22|SO|III AUa 2339/21|Wyrok|56|https://www.saos.org.pl/judgments/504867
493578|2023-06-06|SO|I ACa 1378/21|Wyrok|56|https://www.saos.org.pl/judgments/493578
529417|2023-06-05|SO|I ACa 679/21|Wyrok|56|https://www.saos.org.pl/judgments/529417
505064|2023-05-31|SO|III AUa 564/22|Wyrok|56|https://www.saos.org.pl/judgments/505064
493338|2023-05-25|SO|I ACa 1099/22|Wyrok|56|https://www.saos.org.pl/judgments/493338
516404|2023-05-24|SO|I ACa 251/23|Wyrok|56|https://www.saos.org.pl/judgments/516404
494309|2023-05-16|SO|I ACa 550/23|Wyrok|56|https://www.saos.org.pl/judgments/494309
494691|2023-04-27|SO|I ACa 89/22|Wyrok|56|https://www.saos.org.pl/judgments/494691
490692|2023-04-26|SO|I ACa 1297/21|Wyrok|56|https://www.saos.org.pl/judgments/490692
494998|2023-04-21|SO|I AGa 273/21|Wyrok|56|https://www.saos.org.pl/judgments/494998
505218|2023-04-19|SO|III AUa 979/20|Wyrok|56|https://www.saos.org.pl/judgments/505218
493766|2023-04-13|SO|I ACa 1717/22|Wyrok|56|https://www.saos.org.pl/judgments/493766
531191|2023-04-12|SO|I ACa 653/22|Wyrok|56|https://www.saos.org.pl/judgments/531191
504697|2023-03-31|SO|III AUa 1191/22|Wyrok|56|https://www.saos.org.pl/judgments/504697
492220|2023-03-30|SO|I ACa 607/22|Wyrok|56|https://www.saos.org.pl/judgments/492220
488251|2023-03-20|SO|V ACa 142/22|Wyrok|56|https://www.saos.org.pl/judgments/488251
488254|2023-03-09|SO|V ACa 332/22|Wyrok|56|https://www.saos.org.pl/judgments/488254
492564|2023-03-08|SO|V AGa 6/21|Wyrok|56|https://www.saos.org.pl/judgments/492564
494321|2023-03-06|SO|I ACa 558/22|Wyrok|56|https://www.saos.org.pl/judgments/494321
490328|2023-03-06|SO|I AGa 63/22|Wyrok|56|https://www.saos.org.pl/judgments/490328
510571|2023-02-28|SO|VI ACa 336/22|Wyrok|56|https://www.saos.org.pl/judgments/510571
509704|2023-02-28|SO|V ACa 1148/22|Wyrok|56|https://www.saos.org.pl/judgments/509704
494506|2023-02-22|SO|I ACa 717/21|Wyrok|56|https://www.saos.org.pl/judgments/494506
495048|2023-02-15|SO|I AGa 323/20|Wyrok|56|https://www.saos.org.pl/judgments/495048
491592|2023-02-06|SO|III AUa 987/21|Wyrok|56|https://www.saos.org.pl/judgments/491592
505054|2023-01-31|SO|III AUa 547/21|Wyrok|56|https://www.saos.org.pl/judgments/505054
509919|2023-01-25|SO|V AGa 348/21|Wyrok|56|https://www.saos.org.pl/judgments/509919
491099|2023-01-24|SO|III AUa 1676/22|Wyrok|56|https://www.saos.org.pl/judgments/491099
488056|2023-01-13|SO|I AGa 437/21|Wyrok|56|https://www.saos.org.pl/judgments/488056
509741|2022-12-30|SO|V ACa 207/22|Wyrok|56|https://www.saos.org.pl/judgments/509741
509711|2022-12-30|SO|V ACa 126/22|Wyrok|56|https://www.saos.org.pl/judgments/509711
504850|2022-12-30|SO|III AUa 2095/21|Wyrok|56|https://www.saos.org.pl/judgments/504850
494491|2022-12-30|SO|I ACa 699/22|Wyrok|56|https://www.saos.org.pl/judgments/494491
504865|2022-12-29|SO|III AUa 2329/21|Wyrok|56|https://www.saos.org.pl/judgments/504865
493992|2022-12-22|SO|I ACa 276/22|Wyrok|56|https://www.saos.org.pl/judgments/493992
489340|2022-12-20|SO|VI ACa 1061/21|Wyrok|56|https://www.saos.org.pl/judgments/489340
544556|2022-12-15|SO|I ACa 564/22|Wyrok|56|https://www.saos.org.pl/judgments/544556
495085|2022-12-12|SO|I AGa 411/21|Wyrok|56|https://www.saos.org.pl/judgments/495085
481087|2022-12-02|SO|V ACa 325/22|Wyrok|56|https://www.saos.org.pl/judgments/481087
494390|2022-11-29|SO|I ACa 621/21|Wyrok|56|https://www.saos.org.pl/judgments/494390
481285|2022-11-14|SO|III AUa 1617/21|Wyrok|56|https://www.saos.org.pl/judgments/481285
481937|2022-10-27|SO|V AGa 243/22|Wyrok|56|https://www.saos.org.pl/judgments/481937
478317|2022-10-25|SO|V ACa 339/19|Wyrok|56|https://www.saos.org.pl/judgments/478317
489636|2022-10-18|SO|III AUa 850/22|Wyrok|56|https://www.saos.org.pl/judgments/489636
528930|2022-10-13|SO|III AUa 400/22|Wyrok|56|https://www.saos.org.pl/judgments/528930
494902|2022-10-10|SO|I AGa 151/20|Wyrok|56|https://www.saos.org.pl/judgments/494902
478032|2022-10-07|SO|I ACa 547/22|Wyrok|56|https://www.saos.org.pl/judgments/478032
485160|2022-10-05|SO|I ACa 364/22|Wyrok|56|https://www.saos.org.pl/judgments/485160
509743|2022-09-29|SO|V ACa 229/22|Wyrok|56|https://www.saos.org.pl/judgments/509743
490654|2022-09-28|SO|III AUa 159/22|Wyrok|56|https://www.saos.org.pl/judgments/490654
527277|2022-09-21|SO|III AUa 193/22|Wyrok|56|https://www.saos.org.pl/judgments/527277
475998|2022-09-20|SO|III AUa 33/21|Wyrok|56|https://www.saos.org.pl/judgments/475998
482501|2022-09-15|SO|I ACa 1030/20|Wyrok|56|https://www.saos.org.pl/judgments/482501
474921|2022-08-29|SO|I ACa 819/21|Wyrok|56|https://www.saos.org.pl/judgments/474921
528931|2022-08-24|SO|III AUa 75/22|Wyrok|56|https://www.saos.org.pl/judgments/528931
494007|2022-08-24|SO|I ACa 282/22|Wyrok|56|https://www.saos.org.pl/judgments/494007
491612|2022-08-23|SO|III AUa 131/22|Wyrok|56|https://www.saos.org.pl/judgments/491612
493285|2022-08-10|SO|I ACa 104/22|Wyrok|56|https://www.saos.org.pl/judgments/493285
509831|2022-07-29|SO|V ACa 59/22|Wyrok|56|https://www.saos.org.pl/judgments/509831
527276|2022-07-27|SO|III AUa 1605/21|Wyrok|56|https://www.saos.org.pl/judgments/527276
495065|2022-07-20|SO|I AGa 351/21|Wyrok|56|https://www.saos.org.pl/judgments/495065
474917|2022-07-13|SO|I ACa 653/21|Wyrok|56|https://www.saos.org.pl/judgments/474917
473061|2022-07-11|SO|I ACa 747/21|Wyrok|56|https://www.saos.org.pl/judgments/473061
469529|2022-06-21|SO|I ACa 59/22|Wyrok|56|https://www.saos.org.pl/judgments/469529
469513|2022-06-21|SO|I ACa 111/22|Wyrok|56|https://www.saos.org.pl/judgments/469513
469518|2022-06-10|SO|I ACa 1628/21|Wyrok|56|https://www.saos.org.pl/judgments/469518
473590|2022-05-27|SO|I AGa 229/21|Wyrok|56|https://www.saos.org.pl/judgments/473590
478391|2022-05-26|SO|III AUa 355/21|Wyrok|56|https://www.saos.org.pl/judgments/478391
467316|2022-05-19|SO|I ACa 1161/21|Wyrok|56|https://www.saos.org.pl/judgments/467316
476392|2022-05-18|SO|III AUa 396/21|Wyrok|56|https://www.saos.org.pl/judgments/476392
492242|2022-05-17|SO|I AGa 10/22|Wyrok|56|https://www.saos.org.pl/judgments/492242
467337|2022-05-09|SO|I ACa 823/21|Wyrok|56|https://www.saos.org.pl/judgments/467337
482679|2022-04-28|SO|I AGa 131/21|Wyrok|56|https://www.saos.org.pl/judgments/482679
488049|2022-04-22|SO|I AGa 167/21|Wyrok|56|https://www.saos.org.pl/judgments/488049
470119|2022-04-20|SO|I ACa 356/21|Wyrok|56|https://www.saos.org.pl/judgments/470119
484449|2022-04-14|SO|III AUa 1478/21|Wyrok|56|https://www.saos.org.pl/judgments/484449
467889|2022-04-07|SO|III AUa 392/21|Wyrok|56|https://www.saos.org.pl/judgments/467889
471108|2022-04-06|SO|III AUa 345/21|Wyrok|56|https://www.saos.org.pl/judgments/471108
493373|2022-04-04|SO|I ACa 1131/20|Wyrok|56|https://www.saos.org.pl/judgments/493373
468162|2022-04-04|SO|I ACa 989/20|Wyrok|56|https://www.saos.org.pl/judgments/468162
494971|2022-04-01|SO|I AGa 242/20|Wyrok|56|https://www.saos.org.pl/judgments/494971
463544|2022-03-24|SO|I ACa 849/20|Wyrok|56|https://www.saos.org.pl/judgments/463544
477065|2022-03-22|SO|I ACa 324/20|Wyrok|56|https://www.saos.org.pl/judgments/477065
472475|2022-03-22|SO|III AUa 843/20|Wyrok|56|https://www.saos.org.pl/judgments/472475
475277|2022-03-17|SO|I ACa 914/21|Wyrok|56|https://www.saos.org.pl/judgments/475277
470274|2022-03-09|SO|III AUa 1517/21|Wyrok|56|https://www.saos.org.pl/judgments/470274
469219|2022-03-07|SO|I ACa 671/21|Wyrok|56|https://www.saos.org.pl/judgments/469219
472469|2022-03-04|SO|III AUa 2284/21|Wyrok|56|https://www.saos.org.pl/judgments/472469
470273|2022-02-28|SO|III AUa 1460/21|Wyrok|56|https://www.saos.org.pl/judgments/470273
487285|2022-02-24|SO|III AUa 1021/20|Wyrok|56|https://www.saos.org.pl/judgments/487285
472467|2022-02-24|SO|III AUa 1164/21|Wyrok|56|https://www.saos.org.pl/judgments/472467
467175|2022-02-24|SO|I ACa 866/21|Wyrok|56|https://www.saos.org.pl/judgments/467175
470267|2022-02-22|SO|III AUa 1045/21|Wyrok|56|https://www.saos.org.pl/judgments/470267
470272|2022-02-21|SO|III AUa 1441/21|Wyrok|56|https://www.saos.org.pl/judgments/470272
470269|2022-02-21|SO|III AUa 1106/21|Wyrok|56|https://www.saos.org.pl/judgments/470269
478309|2022-02-18|SO|III AUa 574/21|Wyrok|56|https://www.saos.org.pl/judgments/478309
472281|2022-02-11|SO|III AUa 286/21|Wyrok|56|https://www.saos.org.pl/judgments/472281
494248|2022-02-10|SO|I ACa 497/21|Wyrok|56|https://www.saos.org.pl/judgments/494248
469006|2022-02-09|SO|I ACa 421/21|Wyrok|56|https://www.saos.org.pl/judgments/469006
472472|2022-02-08|SO|III AUa 772/21|Wyrok|56|https://www.saos.org.pl/judgments/472472
472471|2022-02-08|SO|III AUa 731/21|Wyrok|56|https://www.saos.org.pl/judgments/472471
472476|2022-02-04|SO|III AUa 914/21|Wyrok|56|https://www.saos.org.pl/judgments/472476
473725|2022-02-03|SO|I ACa 625/21|Wyrok|56|https://www.saos.org.pl/judgments/473725
466841|2022-02-01|SO|V AGa 195/19|Wyrok|56|https://www.saos.org.pl/judgments/466841
476391|2022-01-31|SO|III AUa 2043/21|Wyrok|56|https://www.saos.org.pl/judgments/476391
476390|2022-01-31|SO|III AUa 1325/20|Wyrok|56|https://www.saos.org.pl/judgments/476390
470278|2022-01-31|SO|III AUa 1676/21|Wyrok|56|https://www.saos.org.pl/judgments/470278
478318|2022-01-26|SO|V ACa 804/19|Wyrok|56|https://www.saos.org.pl/judgments/478318
478068|2022-01-26|SO|III AUa 298/21|Wyrok|56|https://www.saos.org.pl/judgments/478068
469013|2022-01-25|SO|I ACa 787/20|Wyrok|56|https://www.saos.org.pl/judgments/469013
457877|2022-01-24|SO|V ACa 533/21|Wyrok|56|https://www.saos.org.pl/judgments/457877
491617|2022-01-21|SO|III AUa 818/21|Wyrok|56|https://www.saos.org.pl/judgments/491617
476781|2022-01-14|SO|III AUa 1165/20|Wyrok|56|https://www.saos.org.pl/judgments/476781
460278|2022-01-12|SO|I ACa 566/21|Wyrok|56|https://www.saos.org.pl/judgments/460278
464817|2021-12-28|SO|I ACa 679/21|Wyrok|56|https://www.saos.org.pl/judgments/464817
464443|2021-12-20|SO|I ACa 605/21|Wyrok|56|https://www.saos.org.pl/judgments/464443
469002|2021-12-13|SO|I ACa 312/21|Wyrok|56|https://www.saos.org.pl/judgments/469002
480204|2021-11-26|SO|I ACa 6/20|Wyrok|56|https://www.saos.org.pl/judgments/480204
458976|2021-11-25|SO|I ACa 598/21|Wyrok|56|https://www.saos.org.pl/judgments/458976
457761|2021-11-25|SO|I ACa 379/21|Wyrok|56|https://www.saos.org.pl/judgments/457761
472759|2021-11-04|SO|III AUa 918/21|Wyrok|56|https://www.saos.org.pl/judgments/472759
475354|2021-10-28|SO|III AUa 623/21|Wyrok|56|https://www.saos.org.pl/judgments/475354
470385|2021-10-28|SO|V ACa 249/19|Wyrok|56|https://www.saos.org.pl/judgments/470385
455414|2021-10-25|SO|I ACa 685/20|Wyrok|56|https://www.saos.org.pl/judgments/455414
452036|2021-10-18|SO|I ACa 955/21|Wyrok|56|https://www.saos.org.pl/judgments/452036
451294|2021-09-09|SO|III AUa 667/21|Wyrok|56|https://www.saos.org.pl/judgments/451294
448926|2021-08-13|SO|I ACa 374/21|Wyrok|56|https://www.saos.org.pl/judgments/448926
447289|2021-08-13|SO|I ACa 374/21|Wyrok|56|https://www.saos.org.pl/judgments/447289
453769|2021-08-05|SO|III AUa 619/21|Wyrok|56|https://www.saos.org.pl/judgments/453769
446895|2021-07-29|SO|III AUa 446/21|Wyrok|56|https://www.saos.org.pl/judgments/446895
446893|2021-07-14|SO|III AUa 269/21|Wyrok|56|https://www.saos.org.pl/judgments/446893
448067|2021-07-01|SO|V ACa 338/21|Wyrok|56|https://www.saos.org.pl/judgments/448067
462730|2021-06-30|SO|III AUa 1337/20|Wyrok|56|https://www.saos.org.pl/judgments/462730
447077|2021-06-29|SO|III AUa 1837/20|Wyrok|56|https://www.saos.org.pl/judgments/447077
447075|2021-06-28|SO|III AUa 1791/20|Wyrok|56|https://www.saos.org.pl/judgments/447075
444077|2021-05-13|SO|II AKa 414/19|Wyrok|56|https://www.saos.org.pl/judgments/444077
440471|2021-05-13|SO|III AUa 171/20|Wyrok|56|https://www.saos.org.pl/judgments/440471
442499|2021-04-14|SO|III AUa 152/21|Wyrok|56|https://www.saos.org.pl/judgments/442499
438557|2021-03-25|SO|III AUa 1875/20|Wyrok|56|https://www.saos.org.pl/judgments/438557
464637|2021-03-01|SO|I ACa 435/19|Wyrok|56|https://www.saos.org.pl/judgments/464637
480874|2021-02-24|SO|I AGa 104/20|Wyrok|56|https://www.saos.org.pl/judgments/480874
437102|2021-02-23|SO|III AUa 21/21|Wyrok|56|https://www.saos.org.pl/judgments/437102
436293|2021-02-22|SO|I AGa 142/20|Wyrok|56|https://www.saos.org.pl/judgments/436293
438063|2021-02-16|SO|I ACa 566/20|Wyrok|56|https://www.saos.org.pl/judgments/438063
432740|2021-02-16|SO|III AUa 195/20|Wyrok|56|https://www.saos.org.pl/judgments/432740
437101|2021-02-11|SO|III AUa 1326/19|Wyrok|56|https://www.saos.org.pl/judgments/437101
433997|2021-02-10|SO|III AUa 828/20|Wyrok|56|https://www.saos.org.pl/judgments/433997
449121|2021-02-05|SO|V ACa 1197/17|Wyrok|56|https://www.saos.org.pl/judgments/449121
434337|2021-01-28|SO|I AGa 105/20|Wyrok|56|https://www.saos.org.pl/judgments/434337
457726|2021-01-27|SO|VI ACa 252/20|Wyrok|56|https://www.saos.org.pl/judgments/457726
433372|2021-01-14|SO|I ACa 579/20|Wyrok|56|https://www.saos.org.pl/judgments/433372
431658|2020-12-17|SO|III AUa 173/20|Wyrok|56|https://www.saos.org.pl/judgments/431658
448519|2020-12-14|SO|I ACa 10/20|Wyrok|56|https://www.saos.org.pl/judgments/448519
430572|2020-11-30|SO|III AUa 1514/19|Wyrok|56|https://www.saos.org.pl/judgments/430572
430573|2020-11-18|SO|III AUa 394/19|Wyrok|56|https://www.saos.org.pl/judgments/430573
428468|2020-11-04|SO|I AGa 102/19|Wyrok|56|https://www.saos.org.pl/judgments/428468
427822|2020-10-20|SO|V ACa 270/19|Wyrok|56|https://www.saos.org.pl/judgments/427822
429355|2020-10-13|SO|III AUa 890/19|Wyrok|56|https://www.saos.org.pl/judgments/429355
424916|2020-10-07|SO|V ACa 380/20|Wyrok|56|https://www.saos.org.pl/judgments/424916
431364|2020-10-02|SO|I AGa 173/19|Wyrok|56|https://www.saos.org.pl/judgments/431364
429956|2020-09-25|SO|VII AGa 282/19|Wyrok|56|https://www.saos.org.pl/judgments/429956
427825|2020-09-15|SO|V ACa 541/19|Wyrok|56|https://www.saos.org.pl/judgments/427825
429738|2020-07-31|SO|I ACa 9/20|Wyrok|56|https://www.saos.org.pl/judgments/429738
426028|2020-07-30|SO|I ACa 236/19|Wyrok|56|https://www.saos.org.pl/judgments/426028
423889|2020-07-29|SO|I AGa 322/19|Wyrok|56|https://www.saos.org.pl/judgments/423889
490691|2020-07-24|SO|I ACa 1166/18|Wyrok|56|https://www.saos.org.pl/judgments/490691
428894|2020-07-02|SO|I ACa 139/19|Wyrok|56|https://www.saos.org.pl/judgments/428894
429765|2020-06-03|SO|I AGa 228/19|Wyrok|56|https://www.saos.org.pl/judgments/429765
417700|2020-05-29|SO|I AGa 20/20|Wyrok|56|https://www.saos.org.pl/judgments/417700
426733|2020-05-18|SO|I ACa 895/19|Wyrok|56|https://www.saos.org.pl/judgments/426733
435468|2020-02-25|SO|I ACa 1005/18|Wyrok|56|https://www.saos.org.pl/judgments/435468
438118|2020-02-05|SO|I AGa 65/19|Wyrok|56|https://www.saos.org.pl/judgments/438118
452276|2020-01-28|SO|V AGa 357/18|Wyrok|56|https://www.saos.org.pl/judgments/452276
408152|2020-01-23|SO|I ACa 313/19|Wyrok|56|https://www.saos.org.pl/judgments/408152
428311|2020-01-17|SO|I ACa 64/19|Wyrok|56|https://www.saos.org.pl/judgments/428311
429772|2019-12-09|SO|I AGa 54/19|Wyrok|56|https://www.saos.org.pl/judgments/429772
412352|2019-12-09|SO|I AGa 334/18|Wyrok|56|https://www.saos.org.pl/judgments/412352
407359|2019-10-25|SO|I ACa 410/19|Wyrok|56|https://www.saos.org.pl/judgments/407359
402864|2019-10-21|SO|III AUa 936/18|Wyrok|56|https://www.saos.org.pl/judgments/402864
402853|2019-10-16|SO|III AUa 265/19|Wyrok|56|https://www.saos.org.pl/judgments/402853
410258|2019-10-02|SO|V ACa 230/19|Wyrok|56|https://www.saos.org.pl/judgments/410258
393654|2019-09-19|SO|I AGa 47/19|Wyrok|56|https://www.saos.org.pl/judgments/393654
392921|2019-09-04|SO|V ACa 529/18|Wyrok|56|https://www.saos.org.pl/judgments/392921
494838|2019-09-03|SO|I ACa 995/18|Wyrok|56|https://www.saos.org.pl/judgments/494838
402581|2019-07-09|SO|VI ACa 150/19|Wyrok|56|https://www.saos.org.pl/judgments/402581
389166|2019-07-05|SO|V ACa 78/19|Wyrok|56|https://www.saos.org.pl/judgments/389166
408778|2019-06-27|SO|III AUa 113/19|Wyrok|56|https://www.saos.org.pl/judgments/408778
395574|2019-06-27|SO|VII AGa 1180/18|Wyrok|56|https://www.saos.org.pl/judgments/395574
397837|2019-06-14|SO|V ACa 440/18|Wyrok|56|https://www.saos.org.pl/judgments/397837
474923|2019-06-04|SO|I AGa 457/18|Wyrok|56|https://www.saos.org.pl/judgments/474923
392671|2019-04-30|SO|I ACa 427/18|Wyrok|56|https://www.saos.org.pl/judgments/392671
388199|2019-04-26|SO|I ACa 558/18|Wyrok|56|https://www.saos.org.pl/judgments/388199
414775|2019-04-10|SO|I ACa 31/19|Wyrok|56|https://www.saos.org.pl/judgments/414775
387095|2019-03-25|SO|V ACa 206/18|Wyrok|56|https://www.saos.org.pl/judgments/387095
417673|2019-03-21|SO|I ACa 487/18|Wyrok|56|https://www.saos.org.pl/judgments/417673
383348|2019-03-14|SO|III APa 72/18|Wyrok|56|https://www.saos.org.pl/judgments/383348
476800|2019-03-06|SO|V AGa 9/18|Wyrok|56|https://www.saos.org.pl/judgments/476800
389545|2019-02-22|SO|I AGa 367/18|Wyrok|56|https://www.saos.org.pl/judgments/389545
373644|2019-02-15|SO|V AGa 280/18|Wyrok|56|https://www.saos.org.pl/judgments/373644
433461|2019-02-06|SO|III AUa 776/18|Wyrok|56|https://www.saos.org.pl/judgments/433461
371685|2019-01-31|SO|I ACa 7/18|Wyrok|56|https://www.saos.org.pl/judgments/371685
374417|2019-01-28|SO|I ACa 314/18|Wyrok|56|https://www.saos.org.pl/judgments/374417
395257|2019-01-24|SO|I ACa 225/18|Wyrok|56|https://www.saos.org.pl/judgments/395257
379744|2019-01-24|SO|V ACa 828/17|Wyrok|56|https://www.saos.org.pl/judgments/379744
380172|2019-01-23|SO|VII AGa 1408/18|Wyrok|56|https://www.saos.org.pl/judgments/380172
388350|2019-01-22|SO|I AGa 18/18|Wyrok|56|https://www.saos.org.pl/judgments/388350
374429|2019-01-16|SO|I ACa 463/18|Wyrok|56|https://www.saos.org.pl/judgments/374429
371662|2019-01-11|SO|V AGa 630/18|Wyrok|56|https://www.saos.org.pl/judgments/371662
374401|2018-12-05|SO|I ACa 16/18|Wyrok|56|https://www.saos.org.pl/judgments/374401
366206|2018-11-28|SO|V AGa 212/18|Wyrok|56|https://www.saos.org.pl/judgments/366206
370324|2018-11-23|SO|I AGa 30/18|Wyrok|56|https://www.saos.org.pl/judgments/370324
364759|2018-11-20|SO|I ACa 184/18|Wyrok|56|https://www.saos.org.pl/judgments/364759
369542|2018-11-07|SO|III AUa 263/18|Wyrok|56|https://www.saos.org.pl/judgments/369542
376487|2018-10-31|SO|I ACa 553/18|Wyrok|56|https://www.saos.org.pl/judgments/376487
366968|2018-10-26|SO|III AUa 1830/18|Wyrok|56|https://www.saos.org.pl/judgments/366968
371687|2018-10-19|SO|I AGa 114/18|Wyrok|56|https://www.saos.org.pl/judgments/371687
364294|2018-10-19|SO|I ACa 67/18|Wyrok|56|https://www.saos.org.pl/judgments/364294
489040|2018-10-18|SO|V ACa 700/17|Wyrok|56|https://www.saos.org.pl/judgments/489040
452042|2018-10-10|SO|III AUa 229/18|Wyrok|56|https://www.saos.org.pl/judgments/452042
367763|2018-10-05|SO|III APa 82/17|Wyrok|56|https://www.saos.org.pl/judgments/367763
371795|2018-10-01|SO|I AGa 54/18|Wyrok|56|https://www.saos.org.pl/judgments/371795
374024|2018-09-28|SO|VI ACa 523/17|Wyrok|56|https://www.saos.org.pl/judgments/374024
359826|2018-09-25|SO|I ACa 214/18|Wyrok|56|https://www.saos.org.pl/judgments/359826
366896|2018-09-17|SO|VI ACa 204/18|Wyrok|56|https://www.saos.org.pl/judgments/366896
358252|2018-08-23|SO|III AUa 1371/17|Wyrok|56|https://www.saos.org.pl/judgments/358252
382746|2018-08-02|SO|VI ACa 1631/16|Wyrok|56|https://www.saos.org.pl/judgments/382746
352829|2018-07-25|SO|VII AGa 976/18|Wyrok|56|https://www.saos.org.pl/judgments/352829
366764|2018-07-19|SO|III AUa 1990/17|Wyrok|56|https://www.saos.org.pl/judgments/366764
349501|2018-07-05|SO|III APa 22/18|Wyrok|56|https://www.saos.org.pl/judgments/349501
361636|2018-06-28|SO|I AGa 189/18|Wyrok|56|https://www.saos.org.pl/judgments/361636
349767|2018-06-28|SO|III AUa 693/18|Wyrok|56|https://www.saos.org.pl/judgments/349767
349508|2018-06-28|SO|III AUa 813/18|Wyrok|56|https://www.saos.org.pl/judgments/349508
369075|2018-06-27|SO|VI ACa 1879/16|Wyrok|56|https://www.saos.org.pl/judgments/369075
344571|2018-06-14|SO|III AUa 1034/17|Wyrok|56|https://www.saos.org.pl/judgments/344571
357821|2018-06-07|SO|I AGa 113/18|Wyrok|56|https://www.saos.org.pl/judgments/357821
346330|2018-06-06|SO|I ACa 891/16|Wyrok|56|https://www.saos.org.pl/judgments/346330
344226|2018-05-30|SO|I ACa 1233/17|Wyrok|56|https://www.saos.org.pl/judgments/344226
361136|2018-05-28|SO|I ACa 1576/17|Wyrok|56|https://www.saos.org.pl/judgments/361136
366492|2018-05-22|SO|V AGa 60/18|Wyrok|56|https://www.saos.org.pl/judgments/366492
408477|2018-05-17|SO|III AUa 172/18|Wyrok|56|https://www.saos.org.pl/judgments/408477
339867|2018-05-10|SO|III AUa 946/17|Wyrok|56|https://www.saos.org.pl/judgments/339867
340903|2018-04-19|SO|III AUa 1256/16|Wyrok|56|https://www.saos.org.pl/judgments/340903
340441|2018-04-10|SO|III AUa 468/17|Wyrok|56|https://www.saos.org.pl/judgments/340441
343339|2018-04-05|SO|III AUa 1436/17|Wyrok|56|https://www.saos.org.pl/judgments/343339
426173|2018-03-26|SO|V AGa 86/18|Wyrok|56|https://www.saos.org.pl/judgments/426173
340175|2018-03-09|SO|III AUa 636/17|Wyrok|56|https://www.saos.org.pl/judgments/340175
338225|2018-03-08|SO|I ACa 1547/17|Wyrok|56|https://www.saos.org.pl/judgments/338225
350721|2018-02-20|SO|I ACa 810/17|Wyrok|56|https://www.saos.org.pl/judgments/350721
341032|2018-02-15|SO|I ACa 872/17|Wyrok|56|https://www.saos.org.pl/judgments/341032
339539|2018-02-15|SO|III AUa 1406/17|Wyrok|56|https://www.saos.org.pl/judgments/339539
331310|2018-02-12|SO|I ACa 543/17|Wyrok|56|https://www.saos.org.pl/judgments/331310
347380|2018-02-06|SO|VII AGa 23/18|Wyrok|56|https://www.saos.org.pl/judgments/347380
339136|2018-01-24|SO|VII AGa 63/18|Wyrok|56|https://www.saos.org.pl/judgments/339136
328277|2018-01-24|SO|III AUa 667/17|Wyrok|56|https://www.saos.org.pl/judgments/328277
330553|2017-12-28|SO|III AUa 315/17|Wyrok|56|https://www.saos.org.pl/judgments/330553
346328|2017-12-20|SO|I ACa 805/17|Wyrok|56|https://www.saos.org.pl/judgments/346328
345415|2017-12-20|SO|VI ACa 1199/16|Wyrok|56|https://www.saos.org.pl/judgments/345415
399065|2017-12-19|SO|V ACa 117/17|Wyrok|56|https://www.saos.org.pl/judgments/399065
321978|2017-12-19|SO|V ACa 117/17|Wyrok|56|https://www.saos.org.pl/judgments/321978
329556|2017-12-13|SO|III AUa 650/16|Wyrok|56|https://www.saos.org.pl/judgments/329556
320259|2017-12-11|SO|III AUa 1071/16|Wyrok|56|https://www.saos.org.pl/judgments/320259
392196|2017-12-05|SO|III AUa 238/17|Wyrok|56|https://www.saos.org.pl/judgments/392196
338241|2017-11-22|SO|I ACa 98/17|Wyrok|56|https://www.saos.org.pl/judgments/338241
323035|2017-11-21|SO|III AUa 1183/16|Wyrok|56|https://www.saos.org.pl/judgments/323035
369426|2017-10-26|SO|I ACa 615/17|Wyrok|56|https://www.saos.org.pl/judgments/369426
333365|2017-10-26|SO|I ACa 199/17|Wyrok|56|https://www.saos.org.pl/judgments/333365
318394|2017-10-26|SO|III APa 10/17|Wyrok|56|https://www.saos.org.pl/judgments/318394
313404|2017-10-24|SO|V ACa 136/17|Wyrok|56|https://www.saos.org.pl/judgments/313404
332645|2017-10-18|SO|III AUa 86/16|Wyrok|56|https://www.saos.org.pl/judgments/332645
333846|2017-10-05|SO|III AUa 620/17|Wyrok|56|https://www.saos.org.pl/judgments/333846
311158|2017-09-29|SO|I ACa 939/17|Wyrok|56|https://www.saos.org.pl/judgments/311158
313433|2017-09-07|SO|VI ACa 173/16|Wyrok|56|https://www.saos.org.pl/judgments/313433
304309|2017-08-30|SO|I ACa 185/17|Wyrok|56|https://www.saos.org.pl/judgments/304309
313216|2017-08-17|SO|III AUa 1189/16|Wyrok|56|https://www.saos.org.pl/judgments/313216
307426|2017-08-17|SO|III AUa 1173/16|Wyrok|56|https://www.saos.org.pl/judgments/307426
300983|2017-07-24|SO|V ACa 779/16|Wyrok|56|https://www.saos.org.pl/judgments/300983
297951|2017-06-09|SO|VI ACa 351/16|Wyrok|56|https://www.saos.org.pl/judgments/297951
308961|2017-06-01|SO|I ACa 1017/16|Wyrok|56|https://www.saos.org.pl/judgments/308961
305653|2017-05-31|SO|III AUa 198/17|Wyrok|56|https://www.saos.org.pl/judgments/305653
313077|2017-05-26|SO|I ACa 92/16|Wyrok|56|https://www.saos.org.pl/judgments/313077
320176|2017-05-23|SO|I ACa 2440/15|Wyrok|56|https://www.saos.org.pl/judgments/320176
291896|2017-05-19|SO|I ACa 1016/16|Wyrok|56|https://www.saos.org.pl/judgments/291896
299167|2017-05-17|SO|I ACa 320/16|Wyrok|56|https://www.saos.org.pl/judgments/299167
294822|2017-05-17|SO|I ACa 1019/16|Wyrok|56|https://www.saos.org.pl/judgments/294822
297469|2017-05-16|SO|III AUa 440/16|Wyrok|56|https://www.saos.org.pl/judgments/297469
294862|2017-05-11|SO|I ACa 95/17|Wyrok|56|https://www.saos.org.pl/judgments/294862
294825|2017-05-11|SO|I ACa 107/17|Wyrok|56|https://www.saos.org.pl/judgments/294825
295418|2017-05-09|SO|I ACa 1006/16|Wyrok|56|https://www.saos.org.pl/judgments/295418
290117|2017-05-08|SO|III AUa 1056/16|Wyrok|56|https://www.saos.org.pl/judgments/290117
314100|2017-05-05|SO|I ACa 1866/15|Wyrok|56|https://www.saos.org.pl/judgments/314100
294865|2017-05-04|SO|I ACa 997/16|Wyrok|56|https://www.saos.org.pl/judgments/294865
288866|2017-04-28|SO|I ACa 1418/16|Wyrok|56|https://www.saos.org.pl/judgments/288866
287462|2017-04-26|SO|I ACa 1187/16|Wyrok|56|https://www.saos.org.pl/judgments/287462
323330|2017-04-13|SO|I ACa 116/16|Wyrok|56|https://www.saos.org.pl/judgments/323330
282119|2017-04-12|SO|I ACa 207/16|Wyrok|56|https://www.saos.org.pl/judgments/282119
336907|2017-04-11|SO|I ACa 1624/16|Wyrok|56|https://www.saos.org.pl/judgments/336907
281843|2017-04-11|SO|V ACa 574/16|Wyrok|56|https://www.saos.org.pl/judgments/281843
287132|2017-04-07|SO|I ACa 923/16|Wyrok|56|https://www.saos.org.pl/judgments/287132
304050|2017-04-06|SO|V ACa 410/16|Wyrok|56|https://www.saos.org.pl/judgments/304050
289666|2017-04-06|SO|I ACa 892/16|Wyrok|56|https://www.saos.org.pl/judgments/289666
285376|2017-04-06|SO|III AUa 555/16|Wyrok|56|https://www.saos.org.pl/judgments/285376
289664|2017-04-05|SO|I ACa 856/16|Wyrok|56|https://www.saos.org.pl/judgments/289664
295990|2017-04-04|SO|VI ACa 48/16|Wyrok|56|https://www.saos.org.pl/judgments/295990
281842|2017-04-04|SO|V ACa 547/16|Wyrok|56|https://www.saos.org.pl/judgments/281842
287853|2017-03-24|SO|I ACa 1525/16|Wyrok|56|https://www.saos.org.pl/judgments/287853
280825|2017-03-23|SO|III AUa 375/16|Wyrok|56|https://www.saos.org.pl/judgments/280825
282889|2017-03-21|SO|III AUa 1876/16|Wyrok|56|https://www.saos.org.pl/judgments/282889
282100|2017-03-16|SO|I ACa 1203/16|Wyrok|56|https://www.saos.org.pl/judgments/282100
286214|2017-03-15|SO|I ACa 863/16|Wyrok|56|https://www.saos.org.pl/judgments/286214
336904|2017-03-14|SO|I ACa 1470/16|Wyrok|56|https://www.saos.org.pl/judgments/336904
289617|2017-03-02|SO|I ACa 1210/14|Wyrok|56|https://www.saos.org.pl/judgments/289617
286200|2017-02-28|SO|I ACa 341/15|Wyrok|56|https://www.saos.org.pl/judgments/286200
288885|2017-02-27|SO|I ACa 1962/15|Wyrok|56|https://www.saos.org.pl/judgments/288885
307305|2017-02-23|SO|I ACa 1352/16|Wyrok|56|https://www.saos.org.pl/judgments/307305
288906|2017-02-22|SO|I ACa 886/15|Wyrok|56|https://www.saos.org.pl/judgments/288906
275817|2017-02-22|SO|I ACa 2004/14|Wyrok|56|https://www.saos.org.pl/judgments/275817
282544|2017-02-21|SO|III AUa 1031/16|Wyrok|56|https://www.saos.org.pl/judgments/282544
277233|2017-02-15|SO|I ACa 1119/16|Wyrok|56|https://www.saos.org.pl/judgments/277233
273503|2017-01-25|SO|I ACa 437/16|Wyrok|56|https://www.saos.org.pl/judgments/273503
277690|2017-01-24|SO|III AUa 329/16|Wyrok|56|https://www.saos.org.pl/judgments/277690
283143|2017-01-18|SO|I ACa 970/16|Wyrok|56|https://www.saos.org.pl/judgments/283143
271447|2017-01-17|SO|I ACa 789/16|Wyrok|56|https://www.saos.org.pl/judgments/271447
270179|2017-01-05|SO|I ACa 843/16|Wyrok|56|https://www.saos.org.pl/judgments/270179
275836|2016-12-29|SO|I ACa 738/15|Wyrok|56|https://www.saos.org.pl/judgments/275836
275869|2016-12-28|SO|I ACa 901/16|Wyrok|56|https://www.saos.org.pl/judgments/275869
276288|2016-12-21|SO|III AUa 1528/16|Wyrok|56|https://www.saos.org.pl/judgments/276288
274695|2016-12-08|SO|VI ACa 1212/15|Wyrok|56|https://www.saos.org.pl/judgments/274695
269473|2016-12-08|SO|III AUa 126/15|Wyrok|56|https://www.saos.org.pl/judgments/269473
275806|2016-12-07|SO|I ACa 1081/15|Wyrok|56|https://www.saos.org.pl/judgments/275806
296484|2016-12-06|SO|I ACa 1009/15|Wyrok|56|https://www.saos.org.pl/judgments/296484
271738|2016-12-06|SO|VI ACa 969/15|Wyrok|56|https://www.saos.org.pl/judgments/271738
269834|2016-12-01|SO|I ACa 471/16|Wyrok|56|https://www.saos.org.pl/judgments/269834
266113|2016-11-25|SO|III AUa 1216/16|Wyrok|56|https://www.saos.org.pl/judgments/266113
268137|2016-11-22|SO|VI ACa 1141/15|Wyrok|56|https://www.saos.org.pl/judgments/268137
272087|2016-11-18|SO|I ACa 847/16|Wyrok|56|https://www.saos.org.pl/judgments/272087
259126|2016-11-18|SO|V ACa 656/16|Wyrok|56|https://www.saos.org.pl/judgments/259126
263286|2016-11-17|SO|I ACa 728/16|Wyrok|56|https://www.saos.org.pl/judgments/263286
269396|2016-11-10|SO|I ACa 636/16|Wyrok|56|https://www.saos.org.pl/judgments/269396
274344|2016-11-07|SO|III AUa 927/16|Wyrok|56|https://www.saos.org.pl/judgments/274344
261097|2016-11-02|SO|III AUa 2173/15|Wyrok|56|https://www.saos.org.pl/judgments/261097
269322|2016-10-27|SO|VI ACa 956/15|Wyrok|56|https://www.saos.org.pl/judgments/269322
259770|2016-10-27|SO|I ACa 487/16|Wyrok|56|https://www.saos.org.pl/judgments/259770
272571|2016-10-19|SO|III AUa 803/16|Wyrok|56|https://www.saos.org.pl/judgments/272571
270648|2016-10-12|SO|III AUa 719/16|Wyrok|56|https://www.saos.org.pl/judgments/270648
256939|2016-10-05|SO|I ACa 21/16|Wyrok|56|https://www.saos.org.pl/judgments/256939
260357|2016-09-28|SO|I ACa 336/16|Wyrok|56|https://www.saos.org.pl/judgments/260357
257713|2016-09-28|SO|VI ACa 854/15|Wyrok|56|https://www.saos.org.pl/judgments/257713
255857|2016-09-28|SO|I ACa 204/16|Wyrok|56|https://www.saos.org.pl/judgments/255857
252181|2016-09-28|SO|V ACa 39/16|Wyrok|56|https://www.saos.org.pl/judgments/252181
252361|2016-09-27|SO|I ACa 639/16|Wyrok|56|https://www.saos.org.pl/judgments/252361
263121|2016-09-22|SO|III AUa 770/16|Wyrok|56|https://www.saos.org.pl/judgments/263121
250002|2016-09-22|SO|V ACa 1009/15|Wyrok|56|https://www.saos.org.pl/judgments/250002
250384|2016-09-16|SO|I ACa 357/16|Wyrok|56|https://www.saos.org.pl/judgments/250384
251688|2016-09-07|SO|I ACa 207/16|Wyrok|56|https://www.saos.org.pl/judgments/251688
256460|2016-09-01|SO|I ACa 254/16|Wyrok|56|https://www.saos.org.pl/judgments/256460
253960|2016-08-31|SO|III AUa 1723/15|Wyrok|56|https://www.saos.org.pl/judgments/253960
248065|2016-08-26|SO|I ACa 1030/15|Wyrok|56|https://www.saos.org.pl/judgments/248065
256454|2016-08-17|SO|I ACa 206/16|Wyrok|56|https://www.saos.org.pl/judgments/256454
248666|2016-08-17|SO|I ACa 1795/15|Wyrok|56|https://www.saos.org.pl/judgments/248666
250678|2016-08-11|SO|I ACa 272/16|Wyrok|56|https://www.saos.org.pl/judgments/250678
259836|2016-08-05|SO|III AUa 1512/14|Wyrok|56|https://www.saos.org.pl/judgments/259836
250868|2016-08-05|SO|III AUa 530/15|Wyrok|56|https://www.saos.org.pl/judgments/250868
238817|2016-08-03|SO|III AUa 2042/15|Wyrok|56|https://www.saos.org.pl/judgments/238817
247874|2016-07-26|SO|I ACa 116/16|Wyrok|56|https://www.saos.org.pl/judgments/247874
248813|2016-07-21|SO|I ACa 254/16|Wyrok|56|https://www.saos.org.pl/judgments/248813
240881|2016-07-21|SO|V ACa 938/15|Wyrok|56|https://www.saos.org.pl/judgments/240881
262023|2016-07-20|SO|V ACa 218/16|Wyrok|56|https://www.saos.org.pl/judgments/262023
242619|2016-07-08|SO|III AUa 411/16|Wyrok|56|https://www.saos.org.pl/judgments/242619
250691|2016-06-30|SO|I ACa 369/14|Wyrok|56|https://www.saos.org.pl/judgments/250691
256882|2016-06-29|SO|VI ACa 1071/15|Wyrok|56|https://www.saos.org.pl/judgments/256882
248330|2016-06-28|SO|III AUa 375/16|Wyrok|56|https://www.saos.org.pl/judgments/248330
247248|2016-06-21|SO|VI ACa 1335/15|Wyrok|56|https://www.saos.org.pl/judgments/247248
247422|2016-06-09|SO|III AUa 798/15|Wyrok|56|https://www.saos.org.pl/judgments/247422
236039|2016-06-08|SO|I ACa 14/16|Wyrok|56|https://www.saos.org.pl/judgments/236039
235767|2016-06-08|SO|I ACa 1227/15|Wyrok|56|https://www.saos.org.pl/judgments/235767
238465|2016-06-03|SO|I ACa 1198/15|Wyrok|56|https://www.saos.org.pl/judgments/238465
233116|2016-05-31|SO|I ACa 121/16|Wyrok|56|https://www.saos.org.pl/judgments/233116
301036|2016-05-24|SO|I ACa 48/16|Wyrok|56|https://www.saos.org.pl/judgments/301036
242147|2016-05-24|SO|I ACa 171/16|Wyrok|56|https://www.saos.org.pl/judgments/242147
240929|2016-05-24|SO|I ACa 126/16|Wyrok|56|https://www.saos.org.pl/judgments/240929
234584|2016-05-24|SO|III AUa 1480/15|Wyrok|56|https://www.saos.org.pl/judgments/234584
231844|2016-05-24|SO|I ACa 1170/15|Wyrok|56|https://www.saos.org.pl/judgments/231844
232372|2016-05-20|SO|I ACa 156/16|Wyrok|56|https://www.saos.org.pl/judgments/232372
241893|2016-05-19|SO|I ACa 1192/15|Wyrok|56|https://www.saos.org.pl/judgments/241893
234295|2016-05-18|SO|I ACa 160/16|Wyrok|56|https://www.saos.org.pl/judgments/234295
233912|2016-05-18|SO|I ACa 1626/15|Wyrok|56|https://www.saos.org.pl/judgments/233912
233659|2016-05-18|SO|I ACa 1627/15|Wyrok|56|https://www.saos.org.pl/judgments/233659
246731|2016-05-17|SO|III AUa 706/15|Wyrok|56|https://www.saos.org.pl/judgments/246731
238057|2016-05-12|SO|I ACa 1178/15|Wyrok|56|https://www.saos.org.pl/judgments/238057
236215|2016-05-10|SO|I ACa 1064/15|Wyrok|56|https://www.saos.org.pl/judgments/236215
233445|2016-05-10|SO|I ACa 1068/15|Wyrok|56|https://www.saos.org.pl/judgments/233445
231068|2016-05-10|SO|I ACa 1067/15|Wyrok|56|https://www.saos.org.pl/judgments/231068
234284|2016-05-06|SO|I ACa 1093/15|Wyrok|56|https://www.saos.org.pl/judgments/234284
230746|2016-05-06|SO|I ACa 28/16|Wyrok|56|https://www.saos.org.pl/judgments/230746
227244|2016-05-06|SO|III AUa 2118/15|Wyrok|56|https://www.saos.org.pl/judgments/227244
231120|2016-04-29|SO|I ACa 71/16|Wyrok|56|https://www.saos.org.pl/judgments/231120
236786|2016-04-28|SO|VI ACa 582/15|Wyrok|56|https://www.saos.org.pl/judgments/236786
248006|2016-04-27|SO|V ACa 968/15|Wyrok|56|https://www.saos.org.pl/judgments/248006
229514|2016-04-22|SO|I ACa 16/16|Wyrok|56|https://www.saos.org.pl/judgments/229514
236044|2016-04-20|SO|I ACa 179/16|Wyrok|56|https://www.saos.org.pl/judgments/236044
325462|2016-04-13|SO|I ACa 179/16|Wyrok|56|https://www.saos.org.pl/judgments/325462
236049|2016-04-13|SO|I ACa 51/16|Wyrok|56|https://www.saos.org.pl/judgments/236049
224306|2016-04-13|SO|III AUa 215/15|Wyrok|56|https://www.saos.org.pl/judgments/224306
240788|2016-04-12|SO|VI ACa 217/15|Wyrok|56|https://www.saos.org.pl/judgments/240788
220829|2016-04-07|SO|III AUa 2008/15|Wyrok|56|https://www.saos.org.pl/judgments/220829
220425|2016-04-07|SO|I ACa 1095/15|Wyrok|56|https://www.saos.org.pl/judgments/220425
228103|2016-04-06|SO|III AUa 1144/15|Wyrok|56|https://www.saos.org.pl/judgments/228103
219677|2016-04-06|SO|III AUa 1238/15|Wyrok|56|https://www.saos.org.pl/judgments/219677
247810|2016-03-30|SO|VI ACa 337/15|Wyrok|56|https://www.saos.org.pl/judgments/247810
221405|2016-03-23|SO|III AUa 1673/15|Wyrok|56|https://www.saos.org.pl/judgments/221405
218857|2016-03-23|SO|I ACa 1465/15|Wyrok|56|https://www.saos.org.pl/judgments/218857
234306|2016-03-16|SO|I ACa 958/15|Wyrok|56|https://www.saos.org.pl/judgments/234306
219280|2016-03-10|SO|III AUa 1194/15|Wyrok|56|https://www.saos.org.pl/judgments/219280
225688|2016-02-26|SO|V ACa 381/15|Wyrok|56|https://www.saos.org.pl/judgments/225688
245680|2016-02-25|SO|I ACa 4/16|Wyrok|56|https://www.saos.org.pl/judgments/245680
221953|2016-02-25|SO|III APa 58/15|Wyrok|56|https://www.saos.org.pl/judgments/221953
212473|2016-02-18|SO|I ACa 1219/15|Wyrok|56|https://www.saos.org.pl/judgments/212473
211277|2016-02-18|SO|I ACa 926/15|Wyrok|56|https://www.saos.org.pl/judgments/211277
213740|2016-02-17|SO|I ACa 981/15|Wyrok|56|https://www.saos.org.pl/judgments/213740
233121|2016-02-16|SO|I ACa 751/15|Wyrok|56|https://www.saos.org.pl/judgments/233121
211859|2016-02-12|SO|I ACa 1589/15|Wyrok|56|https://www.saos.org.pl/judgments/211859
224358|2016-01-28|SO|I ACa 922/15|Wyrok|56|https://www.saos.org.pl/judgments/224358
219950|2016-01-28|SO|VI ACa 351/15|Wyrok|56|https://www.saos.org.pl/judgments/219950
210768|2016-01-27|SO|I ACa 962/15|Wyrok|56|https://www.saos.org.pl/judgments/210768
207166|2016-01-27|SO|I ACa 1064/15|Wyrok|56|https://www.saos.org.pl/judgments/207166
241619|2016-01-26|SO|III AUa 299/15|Wyrok|56|https://www.saos.org.pl/judgments/241619
228302|2016-01-22|SO|III AUa 1434/15|Wyrok|56|https://www.saos.org.pl/judgments/228302
214208|2016-01-22|SO|I ACa 1458/15|Wyrok|56|https://www.saos.org.pl/judgments/214208
208219|2016-01-13|SO|III AUa 1301/15|Wyrok|56|https://www.saos.org.pl/judgments/208219
197140|2015-12-31|SO|I ACa 775/15|Wyrok|56|https://www.saos.org.pl/judgments/197140
220459|2015-12-22|SO|I ACa 522/15|Wyrok|56|https://www.saos.org.pl/judgments/220459
199641|2015-12-18|SO|I ACa 1291/15|Wyrok|56|https://www.saos.org.pl/judgments/199641
198273|2015-12-17|SO|III AUa 717/15|Wyrok|56|https://www.saos.org.pl/judgments/198273
210106|2015-12-11|SO|I ACa 1247/15|Wyrok|56|https://www.saos.org.pl/judgments/210106
199512|2015-12-11|SO|III AUa 1030/15|Wyrok|56|https://www.saos.org.pl/judgments/199512
219523|2015-12-03|SO|I ACa 586/15|Wyrok|56|https://www.saos.org.pl/judgments/219523
229056|2015-12-02|SO|I ACa 285/15|Wyrok|56|https://www.saos.org.pl/judgments/229056
195852|2015-11-30|SO|I ACa 750/15|Wyrok|56|https://www.saos.org.pl/judgments/195852
238349|2015-11-26|SO|III AUa 166/15|Wyrok|56|https://www.saos.org.pl/judgments/238349
218325|2015-11-26|SO|I ACa 929/15|Wyrok|56|https://www.saos.org.pl/judgments/218325
218320|2015-11-26|SO|I ACa 823/15|Wyrok|56|https://www.saos.org.pl/judgments/218320
277264|2015-11-24|SO|I ACa 880/15|Wyrok|56|https://www.saos.org.pl/judgments/277264
217928|2015-11-19|SO|I ACa 933/15|Wyrok|56|https://www.saos.org.pl/judgments/217928
195836|2015-11-18|SO|I ACa 680/15|Wyrok|56|https://www.saos.org.pl/judgments/195836
191487|2015-11-18|SO|I ACa 604/15|Wyrok|56|https://www.saos.org.pl/judgments/191487
217199|2015-11-12|SO|I ACa 821/15|Wyrok|56|https://www.saos.org.pl/judgments/217199
216554|2015-11-12|SO|I ACa 544/15|Wyrok|56|https://www.saos.org.pl/judgments/216554
193075|2015-11-06|SO|III AUa 470/15|Wyrok|56|https://www.saos.org.pl/judgments/193075
213433|2015-11-04|SO|III AUa 622/15|Wyrok|56|https://www.saos.org.pl/judgments/213433
213232|2015-10-29|SO|I ACa 94/15|Wyrok|56|https://www.saos.org.pl/judgments/213232
213209|2015-10-29|SO|I ACa 607/15|Wyrok|56|https://www.saos.org.pl/judgments/213209
212742|2015-10-29|SO|I ACa 644/15|Wyrok|56|https://www.saos.org.pl/judgments/212742
211474|2015-10-22|SO|I ACa 721/15|Wyrok|56|https://www.saos.org.pl/judgments/211474
189804|2015-10-20|SO|I ACa 933/15|Wyrok|56|https://www.saos.org.pl/judgments/189804
189988|2015-10-14|SO|III AUa 724/15|Wyrok|56|https://www.saos.org.pl/judgments/189988
184413|2015-10-08|SO|III AUa 396/15|Wyrok|56|https://www.saos.org.pl/judgments/184413
210755|2015-10-07|SO|I ACa 652/15|Wyrok|56|https://www.saos.org.pl/judgments/210755
184124|2015-10-06|SO|III AUa 128/15|Wyrok|56|https://www.saos.org.pl/judgments/184124
210742|2015-09-30|SO|I ACa 361/15|Wyrok|56|https://www.saos.org.pl/judgments/210742
210131|2015-09-30|SO|I ACa 654/15|Wyrok|56|https://www.saos.org.pl/judgments/210131
210126|2015-09-24|SO|I ACa 482/15|Wyrok|56|https://www.saos.org.pl/judgments/210126
184194|2015-09-23|SO|III AUa 15/15|Wyrok|56|https://www.saos.org.pl/judgments/184194
197130|2015-09-22|SO|I ACa 568/15|Wyrok|56|https://www.saos.org.pl/judgments/197130
184533|2015-09-18|SO|III AUa 591/15|Wyrok|56|https://www.saos.org.pl/judgments/184533
223451|2015-09-15|SO|V ACa 250/15|Wyrok|56|https://www.saos.org.pl/judgments/223451
184527|2015-09-15|SO|III AUa 582/15|Wyrok|56|https://www.saos.org.pl/judgments/184527
184461|2015-09-15|SO|III AUa 481/15|Wyrok|56|https://www.saos.org.pl/judgments/184461
184166|2015-09-15|SO|III AUa 1417/14|Wyrok|56|https://www.saos.org.pl/judgments/184166
197123|2015-09-10|SO|I ACa 324/15|Wyrok|56|https://www.saos.org.pl/judgments/197123
195803|2015-09-10|SO|I ACa 325/15|Wyrok|56|https://www.saos.org.pl/judgments/195803
195802|2015-09-10|SO|I ACa 322/15|Wyrok|56|https://www.saos.org.pl/judgments/195802
195544|2015-09-08|SO|I ACa 512/15|Wyrok|56|https://www.saos.org.pl/judgments/195544
190421|2015-09-03|SO|I ACa 1724/14|Wyrok|56|https://www.saos.org.pl/judgments/190421
184465|2015-09-03|SO|III AUa 488/15|Wyrok|56|https://www.saos.org.pl/judgments/184465
184147|2015-08-28|SO|III AUa 1374/14|Wyrok|56|https://www.saos.org.pl/judgments/184147
178157|2015-08-25|SO|I ACa 257/15|Wyrok|56|https://www.saos.org.pl/judgments/178157
195798|2015-08-13|SO|I ACa 271/15|Wyrok|56|https://www.saos.org.pl/judgments/195798
180975|2015-08-07|SO|III AUa 1327/14|Wyrok|56|https://www.saos.org.pl/judgments/180975
179131|2015-08-07|SO|I ACa 185/15|Wyrok|56|https://www.saos.org.pl/judgments/179131
178138|2015-08-05|SO|I ACa 1236/15|Wyrok|56|https://www.saos.org.pl/judgments/178138
177105|2015-08-05|SO|III AUa 1278/14|Wyrok|56|https://www.saos.org.pl/judgments/177105
190907|2015-07-30|SO|I ACa 265/15|Wyrok|56|https://www.saos.org.pl/judgments/190907
190912|2015-07-23|SO|I ACa 291/15|Wyrok|56|https://www.saos.org.pl/judgments/190912
190435|2015-07-22|SO|I ACa 9/15|Wyrok|56|https://www.saos.org.pl/judgments/190435
177622|2015-07-22|SO|III AUa 1523/14|Wyrok|56|https://www.saos.org.pl/judgments/177622
176886|2015-07-17|SO|I ACa 306/15|Wyrok|56|https://www.saos.org.pl/judgments/176886
190224|2015-07-16|SO|I ACa 432/15|Wyrok|56|https://www.saos.org.pl/judgments/190224
175838|2015-07-15|SO|I ACa 207/15|Wyrok|56|https://www.saos.org.pl/judgments/175838
190222|2015-07-08|SO|I ACa 387/15|Wyrok|56|https://www.saos.org.pl/judgments/190222
181269|2015-06-30|SO|I ACa 362/15|Wyrok|56|https://www.saos.org.pl/judgments/181269
173401|2015-06-30|SO|I ACa 55/15|Wyrok|56|https://www.saos.org.pl/judgments/173401
174233|2015-06-29|SO|III AUa 1367/14|Wyrok|56|https://www.saos.org.pl/judgments/174233
171010|2015-06-26|SO|I ACa 1028/14|Wyrok|56|https://www.saos.org.pl/judgments/171010
174278|2015-06-24|SO|III AUa 1780/14|Wyrok|56|https://www.saos.org.pl/judgments/174278
169888|2015-06-03|SO|VI ACa 1546/14|Wyrok|56|https://www.saos.org.pl/judgments/169888
169945|2015-05-28|SO|I ACa 1766/14|Wyrok|56|https://www.saos.org.pl/judgments/169945
216788|2015-05-26|SO|III AUa 729/14|Wyrok|56|https://www.saos.org.pl/judgments/216788
158146|2015-05-25|SO|III AUa 1004/14|Wyrok|56|https://www.saos.org.pl/judgments/158146
177242|2015-05-21|SO|V ACa 72/15|Wyrok|56|https://www.saos.org.pl/judgments/177242
187541|2015-04-30|SO|VI ACa 640/14|Wyrok|56|https://www.saos.org.pl/judgments/187541
173828|2015-04-29|SO|I ACa 982/14|Wyrok|56|https://www.saos.org.pl/judgments/173828
170414|2015-04-27|SO|I ACa 874/14|Wyrok|56|https://www.saos.org.pl/judgments/170414
152236|2015-04-21|SO|III AUa 1986/14|Wyrok|56|https://www.saos.org.pl/judgments/152236
490569|2015-04-15|SO|I ACa 1400/14|Wyrok|56|https://www.saos.org.pl/judgments/490569
154227|2015-04-15|SO|III AUa 1954/14|Wyrok|56|https://www.saos.org.pl/judgments/154227
169563|2015-04-09|SO|VI ACa 991/14|Wyrok|56|https://www.saos.org.pl/judgments/169563
173799|2015-03-31|SO|I ACa 672/14|Wyrok|56|https://www.saos.org.pl/judgments/173799
150503|2015-03-31|SO|V ACa 712/14|Wyrok|56|https://www.saos.org.pl/judgments/150503
173155|2015-03-19|SO|I ACa 909/14|Wyrok|56|https://www.saos.org.pl/judgments/173155
151206|2015-03-17|SO|VI ACa 577/14|Wyrok|56|https://www.saos.org.pl/judgments/151206
171069|2015-03-12|SO|III AUa 520/14|Wyrok|56|https://www.saos.org.pl/judgments/171069
187545|2015-03-10|SO|VI ACa 684/14|Wyrok|56|https://www.saos.org.pl/judgments/187545
152678|2015-03-10|SO|I ACa 1218/14|Wyrok|56|https://www.saos.org.pl/judgments/152678
155528|2015-03-05|SO|I ACa 1474/11|Wyrok|56|https://www.saos.org.pl/judgments/155528
148805|2015-03-03|SO|III AUa 388/14|Wyrok|56|https://www.saos.org.pl/judgments/148805
170072|2015-02-24|SO|I ACa 1276/14|Wyrok|56|https://www.saos.org.pl/judgments/170072
152070|2015-02-17|SO|III AUa 685/14|Wyrok|56|https://www.saos.org.pl/judgments/152070
157229|2015-02-12|SO|I ACa 798/14|Wyrok|56|https://www.saos.org.pl/judgments/157229
148289|2015-02-11|SO|I ACa 769/14|Wyrok|56|https://www.saos.org.pl/judgments/148289
241898|2015-02-06|SO|I ACa 1526/14|Wyrok|56|https://www.saos.org.pl/judgments/241898
150735|2015-02-05|SO|VI ACa 516/14|Wyrok|56|https://www.saos.org.pl/judgments/150735
130981|2015-02-04|SO|III AUa 2511/13|Wyrok|56|https://www.saos.org.pl/judgments/130981
151751|2015-01-30|SO|III AUa 433/14|Wyrok|56|https://www.saos.org.pl/judgments/151751
129892|2015-01-23|SO|III AUa 1176/14|Wyrok|56|https://www.saos.org.pl/judgments/129892
156242|2015-01-21|SO|I ACa 695/14|Wyrok|56|https://www.saos.org.pl/judgments/156242
134557|2015-01-16|SO|I ACa 1482/14|Wyrok|56|https://www.saos.org.pl/judgments/134557
128817|2015-01-14|SO|III AUa 720/14|Wyrok|56|https://www.saos.org.pl/judgments/128817
128386|2015-01-14|SO|III AUa 608/14|Wyrok|56|https://www.saos.org.pl/judgments/128386
128445|2014-12-18|SO|I ACa 1275/14|Wyrok|56|https://www.saos.org.pl/judgments/128445
128466|2014-12-16|SO|I ACa 740/14|Wyrok|56|https://www.saos.org.pl/judgments/128466
127331|2014-12-11|SO|VI ACa 484/14|Wyrok|56|https://www.saos.org.pl/judgments/127331
157768|2014-12-09|SO|VI ACa 218/14|Wyrok|56|https://www.saos.org.pl/judgments/157768
126540|2014-12-04|SO|III AUa 267/14|Wyrok|56|https://www.saos.org.pl/judgments/126540
151639|2014-11-28|SO|I ACa 838/14|Wyrok|56|https://www.saos.org.pl/judgments/151639
127132|2014-11-27|SO|I ACa 773/14|Wyrok|56|https://www.saos.org.pl/judgments/127132
126164|2014-11-20|SO|III AUa 408/14|Wyrok|56|https://www.saos.org.pl/judgments/126164
74102|2014-11-06|SO|I ACa 452/14|Wyrok|56|https://www.saos.org.pl/judgments/74102
538258|2014-11-04|SO|I ACa 503/14|Wyrok|56|https://www.saos.org.pl/judgments/538258
127295|2014-10-31|SO|I ACa 561/14|Wyrok|56|https://www.saos.org.pl/judgments/127295
70077|2014-10-28|SO|III AUa 752/14|Wyrok|56|https://www.saos.org.pl/judgments/70077
128681|2014-10-23|SO|I ACa 254/14|Wyrok|56|https://www.saos.org.pl/judgments/128681
68619|2014-10-21|SO|I ACa 528/14|Wyrok|56|https://www.saos.org.pl/judgments/68619
69261|2014-10-16|SO|I ACa 381/14|Wyrok|56|https://www.saos.org.pl/judgments/69261
391342|2014-10-15|SO|I ACa 1576/13|Wyrok|56|https://www.saos.org.pl/judgments/391342
70674|2014-09-30|SO|I ACa 583/14|Wyrok|56|https://www.saos.org.pl/judgments/70674
75352|2014-09-29|SO|I ACa 374/14|Wyrok|56|https://www.saos.org.pl/judgments/75352
125554|2014-09-25|SO|I ACa 779/14|Wyrok|56|https://www.saos.org.pl/judgments/125554
195765|2014-09-24|SO|I ACa 959/14|Wyrok|56|https://www.saos.org.pl/judgments/195765
73409|2014-09-24|SO|I ACa 385/14|Wyrok|56|https://www.saos.org.pl/judgments/73409
75169|2014-09-23|SO|I ACa 355/14|Wyrok|56|https://www.saos.org.pl/judgments/75169
75698|2014-09-18|SO|V ACa 457/14|Wyrok|56|https://www.saos.org.pl/judgments/75698
73309|2014-09-11|SO|I ACa 367/14|Wyrok|56|https://www.saos.org.pl/judgments/73309
62868|2014-09-04|SO|I ACa 72/14|Wyrok|56|https://www.saos.org.pl/judgments/62868
60191|2014-08-08|SO|I ACa 182/14|Wyrok|56|https://www.saos.org.pl/judgments/60191
61845|2014-08-01|SO|I ACa 222/14|Wyrok|56|https://www.saos.org.pl/judgments/61845
68612|2014-07-30|SO|I ACa 306/14|Wyrok|56|https://www.saos.org.pl/judgments/68612
60189|2014-07-30|SO|I ACa 163/14|Wyrok|56|https://www.saos.org.pl/judgments/60189
57160|2014-07-29|SO|I ACa 309/14|Wyrok|56|https://www.saos.org.pl/judgments/57160
64999|2014-07-24|SO|I ACa 472/14|Wyrok|56|https://www.saos.org.pl/judgments/64999
195762|2014-07-23|SO|I ACa 661/14|Wyrok|56|https://www.saos.org.pl/judgments/195762
69931|2014-07-18|SO|VI ACa 1693/13|Wyrok|56|https://www.saos.org.pl/judgments/69931
69735|2014-07-18|SO|VI ACa 1515/13|Wyrok|56|https://www.saos.org.pl/judgments/69735
66217|2014-07-10|SO|I ACa 56/14|Wyrok|56|https://www.saos.org.pl/judgments/66217
61179|2014-07-10|SO|III AUa 719/14|Wyrok|56|https://www.saos.org.pl/judgments/61179
67932|2014-07-01|SO|VI ACa 1290/13|Wyrok|56|https://www.saos.org.pl/judgments/67932
56731|2014-06-25|SO|V ACa 60/14|Wyrok|56|https://www.saos.org.pl/judgments/56731
53283|2014-06-12|SO|I ACa 241/14|Wyrok|56|https://www.saos.org.pl/judgments/53283
51233|2014-05-29|SO|I ACa 806/13|Wyrok|56|https://www.saos.org.pl/judgments/51233
61624|2014-05-22|SO|I ACa 1700/13|Wyrok|56|https://www.saos.org.pl/judgments/61624
181278|2014-05-21|SO|I ACa 374/14|Wyrok|56|https://www.saos.org.pl/judgments/181278
48858|2014-05-21|SO|III AUa 204/14|Wyrok|56|https://www.saos.org.pl/judgments/48858
55556|2014-05-15|SO|III AUa 914/13|Wyrok|56|https://www.saos.org.pl/judgments/55556
51438|2014-05-15|SO|III AUa 2867/13|Wyrok|56|https://www.saos.org.pl/judgments/51438
55518|2014-05-06|SO|I ACa 17/14|Wyrok|56|https://www.saos.org.pl/judgments/55518
48083|2014-04-30|SO|I ACa 98/14|Wyrok|56|https://www.saos.org.pl/judgments/48083
52317|2014-04-24|SO|I ACa 1497/13|Wyrok|56|https://www.saos.org.pl/judgments/52317
48249|2014-04-16|SO|I ACa 1332/13|Wyrok|56|https://www.saos.org.pl/judgments/48249
48469|2014-04-10|SO|I ACa 1602/13|Wyrok|56|https://www.saos.org.pl/judgments/48469
48906|2014-04-04|SO|VI ACa 130/13|Wyrok|56|https://www.saos.org.pl/judgments/48906
61630|2014-04-03|SO|I ACa 951/13|Wyrok|56|https://www.saos.org.pl/judgments/61630
43212|2014-04-03|SO|I ACa 871/13|Wyrok|56|https://www.saos.org.pl/judgments/43212
43214|2014-03-28|SO|I ACa 883/13|Wyrok|56|https://www.saos.org.pl/judgments/43214
42425|2014-03-28|SO|I ACa 1278/13|Wyrok|56|https://www.saos.org.pl/judgments/42425
43859|2014-03-27|SO|I ACa 39/14|Wyrok|56|https://www.saos.org.pl/judgments/43859
69348|2014-03-26|SO|I ACa 304/14|Wyrok|56|https://www.saos.org.pl/judgments/69348
48274|2014-03-20|SO|III AUa 985/13|Wyrok|56|https://www.saos.org.pl/judgments/48274
70341|2014-03-06|SO|I ACa 21/14|Wyrok|56|https://www.saos.org.pl/judgments/70341
38302|2014-02-25|SO|I ACa 546/13|Wyrok|56|https://www.saos.org.pl/judgments/38302
46526|2014-02-19|SO|VI ACa 579/13|Wyrok|56|https://www.saos.org.pl/judgments/46526
40037|2014-02-14|SO|I ACa 1034/13|Wyrok|56|https://www.saos.org.pl/judgments/40037
126684|2014-02-07|SO|VI ACa 1059/13|Wyrok|56|https://www.saos.org.pl/judgments/126684
64110|2014-02-06|SO|I ACa 551/13|Wyrok|56|https://www.saos.org.pl/judgments/64110
39910|2014-02-05|SO|III AUa 777/13|Wyrok|56|https://www.saos.org.pl/judgments/39910
39112|2014-01-31|SO|I ACa 676/13|Wyrok|56|https://www.saos.org.pl/judgments/39112
59666|2014-01-30|SO|VI ACa 691/13|Wyrok|56|https://www.saos.org.pl/judgments/59666
55520|2014-01-28|SO|I ACa 699/13|Wyrok|56|https://www.saos.org.pl/judgments/55520
36017|2014-01-28|SO|III AUa 825/13|Wyrok|56|https://www.saos.org.pl/judgments/36017
68384|2014-01-27|SO|I ACa 1350/13|Wyrok|56|https://www.saos.org.pl/judgments/68384
39742|2014-01-24|SO|I ACa 916/13|Wyrok|56|https://www.saos.org.pl/judgments/39742
40075|2014-01-15|SO|I ACa 922/13|Wyrok|56|https://www.saos.org.pl/judgments/40075
33271|2014-01-14|SO|I ACa 1250/13|Wyrok|56|https://www.saos.org.pl/judgments/33271
35901|2014-01-09|SO|I ACa 879/13|Wyrok|56|https://www.saos.org.pl/judgments/35901
53758|2013-12-18|SO|I ACa 1302/13|Wyrok|56|https://www.saos.org.pl/judgments/53758
33322|2013-12-12|SO|I ACa 794/13|Wyrok|56|https://www.saos.org.pl/judgments/33322
44085|2013-12-11|SO|VI ACa 820/13|Wyrok|56|https://www.saos.org.pl/judgments/44085
39087|2013-11-29|SO|I ACa 671/13|Wyrok|56|https://www.saos.org.pl/judgments/39087
35536|2013-11-28|SO|III AUa 1803/12|Wyrok|56|https://www.saos.org.pl/judgments/35536
31536|2013-11-22|SO|I ACa 637/13|Wyrok|56|https://www.saos.org.pl/judgments/31536
41799|2013-11-21|SO|III AUa 465/13|Wyrok|56|https://www.saos.org.pl/judgments/41799
38512|2013-11-20|SO|I ACa 607/13|Wyrok|56|https://www.saos.org.pl/judgments/38512
38214|2013-11-14|SO|I ACa 507/13|Wyrok|56|https://www.saos.org.pl/judgments/38214
31597|2013-11-13|SO|V ACa 576/13|Wyrok|56|https://www.saos.org.pl/judgments/31597
26214|2013-11-07|SO|III AUa 955/13|Wyrok|56|https://www.saos.org.pl/judgments/26214
39738|2013-11-06|SO|I ACa 495/13|Wyrok|56|https://www.saos.org.pl/judgments/39738
31416|2013-11-06|SO|V ACa 441/13|Wyrok|56|https://www.saos.org.pl/judgments/31416
45991|2013-10-30|SO|VI ACa 467/13|Wyrok|56|https://www.saos.org.pl/judgments/45991
25336|2013-10-30|SO|I ACa 452/13|Wyrok|56|https://www.saos.org.pl/judgments/25336
32471|2013-10-24|SO|VI ACa 281/13|Wyrok|56|https://www.saos.org.pl/judgments/32471
53583|2013-10-23|SO|I ACa 819/13|Wyrok|56|https://www.saos.org.pl/judgments/53583
28402|2013-10-23|SO|I ACa 602/13|Wyrok|56|https://www.saos.org.pl/judgments/28402
29882|2013-10-16|SO|I ACa 682/13|Wyrok|56|https://www.saos.org.pl/judgments/29882
35847|2013-10-08|SO|VI ACa 383/13|Wyrok|56|https://www.saos.org.pl/judgments/35847
67981|2013-09-27|SO|I ACa 824/13|Wyrok|56|https://www.saos.org.pl/judgments/67981
23874|2013-09-25|SO|III AUa 63/13|Wyrok|56|https://www.saos.org.pl/judgments/23874
25117|2013-09-20|SO|I ACa 271/13|Wyrok|56|https://www.saos.org.pl/judgments/25117
22746|2013-09-19|SO|I ACa 388/13|Wyrok|56|https://www.saos.org.pl/judgments/22746
29547|2013-09-18|SO|VI ACa 1044/12|Wyrok|56|https://www.saos.org.pl/judgments/29547
57555|2013-09-06|SO|I ACa 728/13|Wyrok|56|https://www.saos.org.pl/judgments/57555
21665|2013-08-12|SO|I ACa 331/13|Wyrok|56|https://www.saos.org.pl/judgments/21665
42256|2013-07-31|SO|I ACa 276/13|Wyrok|56|https://www.saos.org.pl/judgments/42256
23166|2013-07-30|SO|V ACa 375/13|Wyrok|56|https://www.saos.org.pl/judgments/23166
17599|2013-07-17|SO|I ACa 209/13|Wyrok|56|https://www.saos.org.pl/judgments/17599
28853|2013-07-16|SO|VI ACa 1659/12|Wyrok|56|https://www.saos.org.pl/judgments/28853
33887|2013-06-27|SO|I ACa 357/13|Wyrok|56|https://www.saos.org.pl/judgments/33887
34431|2013-06-26|SO|I ACa 161/13|Wyrok|56|https://www.saos.org.pl/judgments/34431
32784|2013-06-26|SO|I ACa 256/13|Wyrok|56|https://www.saos.org.pl/judgments/32784
34666|2013-06-20|SO|III AUa 89/13|Wyrok|56|https://www.saos.org.pl/judgments/34666
29050|2013-06-14|SO|VI ACa 1693/12|Wyrok|56|https://www.saos.org.pl/judgments/29050
20370|2013-06-14|SO|I ACa 521/13|Wyrok|56|https://www.saos.org.pl/judgments/20370
16968|2013-06-14|SO|I ACa 1561/12|Wyrok|56|https://www.saos.org.pl/judgments/16968
16381|2013-06-13|SO|I ACa 438/13|Wyrok|56|https://www.saos.org.pl/judgments/16381
52575|2013-06-05|SO|I ACa 466/13|Wyrok|56|https://www.saos.org.pl/judgments/52575
13682|2013-06-05|SO|I ACa 200/13|Wyrok|56|https://www.saos.org.pl/judgments/13682
30830|2013-05-29|SO|I ACa 165/13|Wyrok|56|https://www.saos.org.pl/judgments/30830
13482|2013-05-23|SO|I ACa 162/13|Wyrok|56|https://www.saos.org.pl/judgments/13482
127450|2013-05-17|SO|I ACa 370/13|Wyrok|56|https://www.saos.org.pl/judgments/127450
16084|2013-05-17|SO|III AUa 1585/12|Wyrok|56|https://www.saos.org.pl/judgments/16084
14232|2013-05-16|SO|I ACa 251/13|Wyrok|56|https://www.saos.org.pl/judgments/14232
13237|2013-05-15|SO|I ACa 134/13|Wyrok|56|https://www.saos.org.pl/judgments/13237
12992|2013-05-15|SO|III AUa 1777/12|Wyrok|56|https://www.saos.org.pl/judgments/12992
13019|2013-05-14|SO|V ACa 97/13|Wyrok|56|https://www.saos.org.pl/judgments/13019
57396|2013-05-10|SO|I ACa 332/13|Wyrok|56|https://www.saos.org.pl/judgments/57396
23804|2013-05-09|SO|I ACa 78/13|Wyrok|56|https://www.saos.org.pl/judgments/23804
13240|2013-05-09|SO|I ACa 1465/12|Wyrok|56|https://www.saos.org.pl/judgments/13240
15840|2013-04-29|SO|VI ACa 1183/12|Wyrok|56|https://www.saos.org.pl/judgments/15840
20778|2013-04-25|SO|V ACa 600/12|Wyrok|56|https://www.saos.org.pl/judgments/20778
38498|2013-04-19|SO|I ACa 261/13|Wyrok|56|https://www.saos.org.pl/judgments/38498
15773|2013-04-19|SO|I ACa 161/13|Wyrok|56|https://www.saos.org.pl/judgments/15773
11020|2013-04-17|SO|I ACa 1390/12|Wyrok|56|https://www.saos.org.pl/judgments/11020
10829|2013-04-17|SO|I ACa 260/13|Wyrok|56|https://www.saos.org.pl/judgments/10829
10241|2013-04-17|SO|I ACa 1424/12|Wyrok|56|https://www.saos.org.pl/judgments/10241
13464|2013-04-16|SO|I ACa 1216/12|Wyrok|56|https://www.saos.org.pl/judgments/13464
13591|2013-04-12|SO|I ACa 21/13|Wyrok|56|https://www.saos.org.pl/judgments/13591
12056|2013-04-10|SO|I ACa 58/13|Wyrok|56|https://www.saos.org.pl/judgments/12056
11712|2013-04-10|SO|I ACa 849/12|Wyrok|56|https://www.saos.org.pl/judgments/11712
10355|2013-04-09|SO|I ACa 1113/12|Wyrok|56|https://www.saos.org.pl/judgments/10355
10974|2013-04-05|SO|V ACa 18/13|Wyrok|56|https://www.saos.org.pl/judgments/10974
17813|2013-03-27|SO|I ACa 542/11|Wyrok|56|https://www.saos.org.pl/judgments/17813
11347|2013-03-27|SO|I ACa 181/13|Wyrok|56|https://www.saos.org.pl/judgments/11347
14425|2013-03-26|SO|I ACa 793/12|Wyrok|56|https://www.saos.org.pl/judgments/14425
27468|2013-03-14|SO|I ACa 504/12|Wyrok|56|https://www.saos.org.pl/judgments/27468
9938|2013-03-14|SO|I ACa 1303/12|Wyrok|56|https://www.saos.org.pl/judgments/9938
10046|2013-03-13|SO|III AUa 1329/12|Wyrok|56|https://www.saos.org.pl/judgments/10046
9374|2013-03-13|SO|I ACa 773/12|Wyrok|56|https://www.saos.org.pl/judgments/9374
8803|2013-03-12|SO|V ACa 698/12|Wyrok|56|https://www.saos.org.pl/judgments/8803
8976|2013-03-07|SO|III AUa 523/12|Wyrok|56|https://www.saos.org.pl/judgments/8976
16606|2013-03-06|SO|I ACa 779/12|Wyrok|56|https://www.saos.org.pl/judgments/16606
19420|2013-02-28|SO|III AUa 790/12|Wyrok|56|https://www.saos.org.pl/judgments/19420
38295|2013-02-19|SO|I ACa 14/13|Wyrok|56|https://www.saos.org.pl/judgments/38295
15882|2013-02-13|SO|I ACa 1418/12|Wyrok|56|https://www.saos.org.pl/judgments/15882
7927|2013-02-13|SO|III AUa 1492/12|Wyrok|56|https://www.saos.org.pl/judgments/7927
8356|2013-02-12|SO|III AUa 2119/12|Wyrok|56|https://www.saos.org.pl/judgments/8356
6565|2013-02-05|SO|III AUa 1312/12|Wyrok|56|https://www.saos.org.pl/judgments/6565
6215|2013-02-05|SO|I ACa 741/12|Wyrok|56|https://www.saos.org.pl/judgments/6215
131935|2013-01-29|SO|I ACa 1337/12|Wyrok|56|https://www.saos.org.pl/judgments/131935
11083|2013-01-24|SO|I ACa 683/12|Wyrok|56|https://www.saos.org.pl/judgments/11083
4806|2013-01-24|SO|I ACa 957/12|Wyrok|56|https://www.saos.org.pl/judgments/4806
8047|2013-01-22|SO|I ACa 636/12|Wyrok|56|https://www.saos.org.pl/judgments/8047
10985|2012-12-21|SO|VI ACa 1020/12|Wyrok|56|https://www.saos.org.pl/judgments/10985
11438|2012-12-20|SO|VI ACa 1131/11|Wyrok|56|https://www.saos.org.pl/judgments/11438
4248|2012-12-19|SO|I ACa 956/12|Wyrok|56|https://www.saos.org.pl/judgments/4248
3630|2012-12-19|SO|III AUa 985/12|Wyrok|56|https://www.saos.org.pl/judgments/3630
3204|2012-12-19|SO|III AUa 376/12|Wyrok|56|https://www.saos.org.pl/judgments/3204
3824|2012-12-13|SO|III AUa 1059/12|Wyrok|56|https://www.saos.org.pl/judgments/3824
3626|2012-12-13|SO|III AUa 952/12|Wyrok|56|https://www.saos.org.pl/judgments/3626
15328|2012-12-06|SO|I ACa 633/12|Wyrok|56|https://www.saos.org.pl/judgments/15328
7493|2012-12-06|SO|I ACa 394/12|Wyrok|56|https://www.saos.org.pl/judgments/7493
3621|2012-12-06|SO|III AUa 902/12|Wyrok|56|https://www.saos.org.pl/judgments/3621
3474|2012-12-06|SO|III AUa 898/12|Wyrok|56|https://www.saos.org.pl/judgments/3474
3117|2012-12-05|SO|III AUa 878/12|Wyrok|56|https://www.saos.org.pl/judgments/3117
8378|2012-12-04|SO|V ACa 910/12|Wyrok|56|https://www.saos.org.pl/judgments/8378
3589|2012-11-29|SO|I ACa 894/12|Wyrok|56|https://www.saos.org.pl/judgments/3589
4079|2012-11-23|SO|I ACa 558/12|Wyrok|56|https://www.saos.org.pl/judgments/4079
3563|2012-11-22|SO|I ACa 477/12|Wyrok|56|https://www.saos.org.pl/judgments/3563
5708|2012-11-21|SO|I ACa 589/12|Wyrok|56|https://www.saos.org.pl/judgments/5708
6632|2012-11-20|SO|I ACa 519/12|Wyrok|56|https://www.saos.org.pl/judgments/6632
5406|2012-11-20|SO|I ACa 1183/12|Wyrok|56|https://www.saos.org.pl/judgments/5406
3103|2012-11-14|SO|III AUa 130/12|Wyrok|56|https://www.saos.org.pl/judgments/3103
3056|2012-11-13|SO|III AUa 746/12|Wyrok|56|https://www.saos.org.pl/judgments/3056
11080|2012-11-08|SO|I ACa 486/12|Wyrok|56|https://www.saos.org.pl/judgments/11080
2762|2012-11-07|SO|III AUa 1738/11|Wyrok|56|https://www.saos.org.pl/judgments/2762
2916|2012-11-06|SO|I ACa 682/12|Wyrok|56|https://www.saos.org.pl/judgments/2916
3311|2012-10-31|SO|I ACa 543/12|Wyrok|56|https://www.saos.org.pl/judgments/3311
3239|2012-10-30|SO|III AUa 459/12|Wyrok|56|https://www.saos.org.pl/judgments/3239
2526|2012-10-26|SO|I ACa 894/12|Wyrok|56|https://www.saos.org.pl/judgments/2526
2357|2012-10-25|SO|III AUa 341/12|Wyrok|56|https://www.saos.org.pl/judgments/2357
5220|2012-10-24|SO|I ACa 745/12|Wyrok|56|https://www.saos.org.pl/judgments/5220
11399|2012-10-23|SO|III AUa 617/12|Wyrok|56|https://www.saos.org.pl/judgments/11399
8192|2012-10-23|SO|III AUa 597/12|Wyrok|56|https://www.saos.org.pl/judgments/8192
5828|2012-10-17|SO|I ACa 367/12|Wyrok|56|https://www.saos.org.pl/judgments/5828
4021|2012-10-17|SO|I ACa 1244/11|Wyrok|56|https://www.saos.org.pl/judgments/4021
4858|2012-10-10|SO|I ACa 1021/12|Wyrok|56|https://www.saos.org.pl/judgments/4858
235|2012-10-10|SO|III AUa 519/12|Wyrok|56|https://www.saos.org.pl/judgments/235
8147|2012-10-09|SO|V ACa 578/12|Wyrok|56|https://www.saos.org.pl/judgments/8147
157|2012-10-09|SO|III AUa 1045/12|Wyrok|56|https://www.saos.org.pl/judgments/157
5813|2012-10-03|SO|I ACa 243/12|Wyrok|56|https://www.saos.org.pl/judgments/5813
504|2012-09-28|SO|V ACa 412/12|Wyrok|56|https://www.saos.org.pl/judgments/504
5812|2012-09-26|SO|I ACa 231/12|Wyrok|56|https://www.saos.org.pl/judgments/5812
5804|2012-09-25|SO|I ACa 184/12|Wyrok|56|https://www.saos.org.pl/judgments/5804
1181|2012-09-20|SO|VI ACa 207/12|Wyrok|56|https://www.saos.org.pl/judgments/1181
1002|2012-09-19|SO|I ACa 453/12|Wyrok|56|https://www.saos.org.pl/judgments/1002
4975|2012-09-17|SO|I ACa 829/12|Wyrok|56|https://www.saos.org.pl/judgments/4975
736|2012-09-13|SO|I ACa 656/12|Wyrok|56|https://www.saos.org.pl/judgments/736
596|2012-09-13|SO|III AUa 703/12|Wyrok|56|https://www.saos.org.pl/judgments/596
175|2012-09-11|SO|III AUa 291/12|Wyrok|56|https://www.saos.org.pl/judgments/175
167|2012-09-11|SO|III AUa 1706/11|Wyrok|56|https://www.saos.org.pl/judgments/167
33|2012-09-07|SO|I ACa 753/12|Wyrok|56|https://www.saos.org.pl/judgments/33
171|2012-09-06|SO|III AUa 208/12|Wyrok|56|https://www.saos.org.pl/judgments/171
3193|2012-09-05|SO|VI ACa 363/12|Wyrok|56|https://www.saos.org.pl/judgments/3193
8161|2012-08-31|SO|I ACa 647/12|Wyrok|56|https://www.saos.org.pl/judgments/8161
2356|2012-08-23|SO|III AUa 340/12|Wyrok|56|https://www.saos.org.pl/judgments/2356
1193|2012-08-17|SO|VI ACa 351/12|Wyrok|56|https://www.saos.org.pl/judgments/1193
1982|2012-03-15|SO|I ACa 95/12|Wyrok|56|https://www.saos.org.pl/judgments/1982
136842|2010-03-04|SO|II AKa 30/10|Wyrok|56|https://www.saos.org.pl/judgments/136842
509908|2024-04-30|SO|V AGa 273/22|Postanowienie|47|https://www.saos.org.pl/judgments/509908
216589|2016-04-06|SO|I ACz 508/16|Postanowienie|47|https://www.saos.org.pl/judgments/216589
26250|2013-10-10|SO|V ACa 361/13|Postanowienie|47|https://www.saos.org.pl/judgments/26250
19982|2013-07-16|SO|III APz 7/13|Postanowienie|47|https://www.saos.org.pl/judgments/19982
3317|2012-10-31|SO|I ACa 625/10|Postanowienie|47|https://www.saos.org.pl/judgments/3317
265058|2016-12-02|KIO|KIO 2066/16|Wyrok|44|https://www.saos.org.pl/judgments/265058
161216|2014-05-21|KIO|KIO 902/14|Wyrok|44|https://www.saos.org.pl/judgments/161216
124182|2014-01-21|KIO|KIO 6/14|Wyrok|44|https://www.saos.org.pl/judgments/124182
122219|2013-03-20|KIO|KIO 527/13|Wyrok|44|https://www.saos.org.pl/judgments/122219
121004|2012-09-19|KIO|KIO 1893/12|Wyrok|44|https://www.saos.org.pl/judgments/121004
120203|2012-05-07|KIO|KIO 842/12|Wyrok|44|https://www.saos.org.pl/judgments/120203
119643|2012-02-01|KIO|KIO 130/12|Wyrok|44|https://www.saos.org.pl/judgments/119643
115418|2010-03-23|KIO|KIO/UZP 190/10|Wyrok|44|https://www.saos.org.pl/judgments/115418
114600|2009-09-30|KIO|KIO/UZP 1177/09|Wyrok|44|https://www.saos.org.pl/judgments/114600
113010|2008-08-21|KIO|KIO/UZP 805/08|Wyrok|44|https://www.saos.org.pl/judgments/113010
547106|2024-01-25|SO|V ACa 2338/23|Uzasadnienie|42|https://www.saos.org.pl/judgments/547106
484129|2022-12-12|SO|III AUa 1900/20|Uzasadnienie|42|https://www.saos.org.pl/judgments/484129
484461|2022-10-28|SO|III AUa 620/21|Uzasadnienie|42|https://www.saos.org.pl/judgments/484461
484127|2022-08-01|SO|III AUa 1459/20|Uzasadnienie|42|https://www.saos.org.pl/judgments/484127
484455|2022-07-26|SO|III AUa 286/21|Uzasadnienie|42|https://www.saos.org.pl/judgments/484455
477976|2022-06-09|SO|III AUa 598/22|Uzasadnienie|42|https://www.saos.org.pl/judgments/477976
469732|2022-05-12|SO|III AUa 1401/20|Uzasadnienie|42|https://www.saos.org.pl/judgments/469732
484134|2022-02-16|SO|III AUa 226/20|Uzasadnienie|42|https://www.saos.org.pl/judgments/484134
456323|2021-11-25|SO|III AUa 855/21|Uzasadnienie|42|https://www.saos.org.pl/judgments/456323
484452|2021-05-27|SO|III AUa 2383/20|Uzasadnienie|42|https://www.saos.org.pl/judgments/484452
438561|2021-02-11|SO|III AUa 250/21|Uzasadnienie|42|https://www.saos.org.pl/judgments/438561
433554|2020-11-19|SO|III AUa 1317/20|Uzasadnienie|42|https://www.saos.org.pl/judgments/433554
439992|2020-07-17|SO|I ACa 676/19|Uzasadnienie|42|https://www.saos.org.pl/judgments/439992
372193|2017-03-09|SO|I ACa 317/16|Uzasadnienie|42|https://www.saos.org.pl/judgments/372193
547755|2026-05-08|SO|VII U 1592/24|Wyrok|40|https://www.saos.org.pl/judgments/547755
541372|2026-01-21|SO|VII U 82/25|Wyrok|40|https://www.saos.org.pl/judgments/541372
540820|2025-12-10|SO|VII U 580/24|Wyrok|40|https://www.saos.org.pl/judgments/540820
539755|2025-11-21|SO|VII U 1416/23|Wyrok|40|https://www.saos.org.pl/judgments/539755
538966|2025-11-20|SO|VII U 350/25|Wyrok|40|https://www.saos.org.pl/judgments/538966
533201|2025-07-14|SO|VII U 1345/22|Wyrok|40|https://www.saos.org.pl/judgments/533201
525545|2025-04-07|SO|VII U 1043/24|Wyrok|40|https://www.saos.org.pl/judgments/525545
540716|2025-02-18|SO|II Ca 2260/23|Wyrok|40|https://www.saos.org.pl/judgments/540716
522330|2025-02-04|SO|VII U 1653/23|Wyrok|40|https://www.saos.org.pl/judgments/522330
521067|2025-01-10|SO|VII U 895/23|Wyrok|40|https://www.saos.org.pl/judgments/521067
512185|2024-09-06|SO|VII U 646/23|Wyrok|40|https://www.saos.org.pl/judgments/512185
511979|2024-07-08|SO|VII U 1425/23|Wyrok|40|https://www.saos.org.pl/judgments/511979
512018|2024-07-05|SO|VII U 1658/23|Wyrok|40|https://www.saos.org.pl/judgments/512018
512020|2024-02-14|SO|VII U 168/23|Wyrok|40|https://www.saos.org.pl/judgments/512020
511872|2024-01-31|SO|VII U 1007/22|Wyrok|40|https://www.saos.org.pl/judgments/511872
511950|2024-01-09|SO|VII U 1311/23|Wyrok|40|https://www.saos.org.pl/judgments/511950
512105|2023-12-20|SO|VII U 400/22|Wyrok|40|https://www.saos.org.pl/judgments/512105
512086|2023-11-23|SO|VII U 362/23|Wyrok|40|https://www.saos.org.pl/judgments/512086
512251|2023-11-14|SO|VII U 893/22|Wyrok|40|https://www.saos.org.pl/judgments/512251
501835|2023-10-25|SO|II Ca 2291/22|Wyrok|40|https://www.saos.org.pl/judgments/501835
512213|2023-10-24|SO|VII U 797/22|Wyrok|40|https://www.saos.org.pl/judgments/512213
512159|2023-10-24|SO|VII U 535/23|Wyrok|40|https://www.saos.org.pl/judgments/512159
526683|2023-10-06|SO|XV Ca 3/23|Wyrok|40|https://www.saos.org.pl/judgments/526683
501905|2023-09-27|SO|II Ca 313/23|Wyrok|40|https://www.saos.org.pl/judgments/501905
511933|2023-08-22|SO|VII U 1274/22|Wyrok|40|https://www.saos.org.pl/judgments/511933
514949|2023-07-20|SO|XV Ca 749/23|Wyrok|40|https://www.saos.org.pl/judgments/514949
512207|2023-06-26|SO|VII U 784/23|Wyrok|40|https://www.saos.org.pl/judgments/512207
492676|2023-06-12|SO|VII U 1724/21|Wyrok|40|https://www.saos.org.pl/judgments/492676
492665|2023-06-01|SO|VII U 1193/22|Wyrok|40|https://www.saos.org.pl/judgments/492665
512112|2023-05-29|SO|VII U 410/23|Wyrok|40|https://www.saos.org.pl/judgments/512112
512223|2023-05-25|SO|VII U 84/22|Wyrok|40|https://www.saos.org.pl/judgments/512223
512067|2023-05-19|SO|VII U 277/21|Wyrok|40|https://www.saos.org.pl/judgments/512067
501815|2023-04-27|SO|II Ca 2142/22|Wyrok|40|https://www.saos.org.pl/judgments/501815
492673|2023-04-19|SO|VII U 1562/20|Wyrok|40|https://www.saos.org.pl/judgments/492673
501808|2023-04-05|SO|II Ca 2118/22|Wyrok|40|https://www.saos.org.pl/judgments/501808
485944|2023-03-23|SO|VII U 1208/22|Wyrok|40|https://www.saos.org.pl/judgments/485944
487475|2023-03-15|SO|VII U 164/22|Wyrok|40|https://www.saos.org.pl/judgments/487475
484004|2023-03-07|SO|VII U 1676/21|Wyrok|40|https://www.saos.org.pl/judgments/484004
483132|2023-02-01|SO|VII U 567/22|Wyrok|40|https://www.saos.org.pl/judgments/483132
514917|2023-01-31|SO|XV Ca 1008/22|Wyrok|40|https://www.saos.org.pl/judgments/514917
484221|2023-01-17|SO|VII U 86/22|Wyrok|40|https://www.saos.org.pl/judgments/484221
483116|2023-01-11|SO|VII U 179/21|Wyrok|40|https://www.saos.org.pl/judgments/483116
484214|2023-01-10|SO|VII U 4309/19|Wyrok|40|https://www.saos.org.pl/judgments/484214
480635|2022-12-13|SO|VII U 134/22|Wyrok|40|https://www.saos.org.pl/judgments/480635
512680|2022-11-23|SO|VIII C 942/21|Wyrok|40|https://www.saos.org.pl/judgments/512680
479573|2022-11-07|SO|VII U 1546/21|Wyrok|40|https://www.saos.org.pl/judgments/479573
477928|2022-11-02|SO|VII U 1715/21|Wyrok|40|https://www.saos.org.pl/judgments/477928
473926|2022-09-02|SO|XII C 2073/20|Wyrok|40|https://www.saos.org.pl/judgments/473926
475921|2022-06-24|SO|VII U 1099/20|Wyrok|40|https://www.saos.org.pl/judgments/475921
465115|2022-04-29|SO|XIV C 634/21|Wyrok|40|https://www.saos.org.pl/judgments/465115
486776|2022-04-11|SO|XV Ca 964/19|Wyrok|40|https://www.saos.org.pl/judgments/486776
470815|2022-04-07|SO|VIII C 914/21|Wyrok|40|https://www.saos.org.pl/judgments/470815
469160|2022-03-11|SO|VII U 1511/20|Wyrok|40|https://www.saos.org.pl/judgments/469160
461435|2022-03-08|SO|II C 1328/19|Wyrok|40|https://www.saos.org.pl/judgments/461435
465351|2022-02-23|SO|VII U 1081/21|Wyrok|40|https://www.saos.org.pl/judgments/465351
482062|2022-01-28|SO|XV Ca 1668/20|Wyrok|40|https://www.saos.org.pl/judgments/482062
456201|2022-01-14|SO|VII U 4823/19|Wyrok|40|https://www.saos.org.pl/judgments/456201
455102|2021-11-30|SO|VII U 4280/19|Wyrok|40|https://www.saos.org.pl/judgments/455102
453639|2021-11-30|SO|VII U 4802/19|Wyrok|40|https://www.saos.org.pl/judgments/453639
455318|2021-11-19|SO|VII U 4259/19|Wyrok|40|https://www.saos.org.pl/judgments/455318
453734|2021-11-19|SO|VII U 4286/19|Wyrok|40|https://www.saos.org.pl/judgments/453734
453638|2021-11-19|SO|VII U 4285/19|Wyrok|40|https://www.saos.org.pl/judgments/453638
462630|2021-11-05|SO|VIII C 394/21|Wyrok|40|https://www.saos.org.pl/judgments/462630
451647|2021-09-28|SO|VII U 1214/18|Wyrok|40|https://www.saos.org.pl/judgments/451647
455763|2021-09-24|SO|VII U 1468/20|Wyrok|40|https://www.saos.org.pl/judgments/455763
451325|2021-09-13|SO|VII U 288/20|Wyrok|40|https://www.saos.org.pl/judgments/451325
454989|2021-09-07|SO|VII U 5/21|Wyrok|40|https://www.saos.org.pl/judgments/454989
448825|2021-07-21|SO|VII U 742/20|Wyrok|40|https://www.saos.org.pl/judgments/448825
448864|2021-06-14|SO|II Ca 769/21|Wyrok|40|https://www.saos.org.pl/judgments/448864
448846|2021-05-26|SO|II Ca 1393/20|Wyrok|40|https://www.saos.org.pl/judgments/448846
440995|2021-04-24|SO|I C 741/20|Wyrok|40|https://www.saos.org.pl/judgments/440995
448635|2021-03-03|SO|VII U 4023/19|Wyrok|40|https://www.saos.org.pl/judgments/448635
447735|2021-02-22|SO|VII U 39/18|Wyrok|40|https://www.saos.org.pl/judgments/447735
447728|2021-01-21|SO|VII U 313/20|Wyrok|40|https://www.saos.org.pl/judgments/447728
468761|2021-01-18|SO|I C 1212/20|Wyrok|40|https://www.saos.org.pl/judgments/468761
448199|2021-01-14|SO|VII U 237/20|Wyrok|40|https://www.saos.org.pl/judgments/448199
428259|2020-12-17|SO|II Ca 340/20|Wyrok|40|https://www.saos.org.pl/judgments/428259
466893|2020-12-10|SO|IV U 1907/18|Wyrok|40|https://www.saos.org.pl/judgments/466893
466922|2020-11-23|SO|IV U 815/20|Wyrok|40|https://www.saos.org.pl/judgments/466922
426890|2020-11-05|SO|VII U 778/19|Wyrok|40|https://www.saos.org.pl/judgments/426890
471755|2020-10-28|SO|II Ca 1230/20|Wyrok|40|https://www.saos.org.pl/judgments/471755
446480|2020-07-23|SO|III C 1010/19|Wyrok|40|https://www.saos.org.pl/judgments/446480
435831|2020-07-23|SO|II Ca 1175/20|Wyrok|40|https://www.saos.org.pl/judgments/435831
416071|2020-06-05|SO|VII U 3838/19|Wyrok|40|https://www.saos.org.pl/judgments/416071
470776|2020-03-11|SO|III C 1061/18|Wyrok|40|https://www.saos.org.pl/judgments/470776
408741|2019-12-12|SO|VII U 793/18|Wyrok|40|https://www.saos.org.pl/judgments/408741
433943|2019-12-11|SO|VII Pa 73/19|Wyrok|40|https://www.saos.org.pl/judgments/433943
403088|2019-12-09|SO|I C 511/19|Wyrok|40|https://www.saos.org.pl/judgments/403088
406353|2019-10-28|SO|VII U 1494/18|Wyrok|40|https://www.saos.org.pl/judgments/406353
401370|2019-10-24|SO|IV U 627/18|Wyrok|40|https://www.saos.org.pl/judgments/401370
406180|2019-10-07|SO|VII U 984/18|Wyrok|40|https://www.saos.org.pl/judgments/406180
405401|2019-08-06|SO|VII U 2060/19|Wyrok|40|https://www.saos.org.pl/judgments/405401
397998|2019-06-03|SO|VII U 739/18|Wyrok|40|https://www.saos.org.pl/judgments/397998
390218|2019-04-10|SO|VII Pa 1/19|Wyrok|40|https://www.saos.org.pl/judgments/390218
377915|2019-03-22|SO|II Ca 1626/18|Wyrok|40|https://www.saos.org.pl/judgments/377915
377914|2019-03-21|SO|II Ca 1621/18|Wyrok|40|https://www.saos.org.pl/judgments/377914
379410|2019-02-20|SO|IV U 1806/18|Wyrok|40|https://www.saos.org.pl/judgments/379410
387358|2019-02-08|SO|VII U 1507/18|Wyrok|40|https://www.saos.org.pl/judgments/387358
387006|2019-01-23|SO|VII U 445/18|Wyrok|40|https://www.saos.org.pl/judgments/387006
377944|2019-01-10|SO|II Ca 1901/18|Wyrok|40|https://www.saos.org.pl/judgments/377944
371159|2018-11-13|SO|XVIII C 586/17|Wyrok|40|https://www.saos.org.pl/judgments/371159
375893|2018-10-22|SO|VII U 1542/17|Wyrok|40|https://www.saos.org.pl/judgments/375893
371145|2018-10-09|SO|XVIII C 1841/17|Wyrok|40|https://www.saos.org.pl/judgments/371145
376071|2018-09-25|SO|VII U 709/18|Wyrok|40|https://www.saos.org.pl/judgments/376071
375916|2018-09-11|SO|VII U 1628/17|Wyrok|40|https://www.saos.org.pl/judgments/375916
379434|2018-07-26|SO|IV U 314/18|Wyrok|40|https://www.saos.org.pl/judgments/379434
375831|2018-07-26|SO|VII U 1231/17|Wyrok|40|https://www.saos.org.pl/judgments/375831
375919|2018-07-03|SO|VII U 1641/17|Wyrok|40|https://www.saos.org.pl/judgments/375919
376047|2018-06-28|SO|VII U 622/17|Wyrok|40|https://www.saos.org.pl/judgments/376047
344814|2018-05-18|SO|VI GC 145/17|Wyrok|40|https://www.saos.org.pl/judgments/344814
376061|2018-04-12|SO|VII U 663/16|Wyrok|40|https://www.saos.org.pl/judgments/376061
376045|2018-04-11|SO|VII U 61/18|Wyrok|40|https://www.saos.org.pl/judgments/376045
375943|2018-04-05|SO|VII U 1729/16|Wyrok|40|https://www.saos.org.pl/judgments/375943
393160|2018-03-15|SO|II Ca 2481/17|Wyrok|40|https://www.saos.org.pl/judgments/393160
361088|2018-03-01|SO|II Ca 2388/17|Wyrok|40|https://www.saos.org.pl/judgments/361088
333529|2018-01-24|SO|VII U 885/15|Wyrok|40|https://www.saos.org.pl/judgments/333529
340946|2017-12-11|SO|I C 707/16|Wyrok|40|https://www.saos.org.pl/judgments/340946
332519|2017-12-11|SO|VII U 1851/15|Wyrok|40|https://www.saos.org.pl/judgments/332519
324212|2017-12-06|SO|VII U 726/17|Wyrok|40|https://www.saos.org.pl/judgments/324212
324181|2017-12-01|SO|VII U 1755/16|Wyrok|40|https://www.saos.org.pl/judgments/324181
323293|2017-11-17|SO|VII U 921/17|Wyrok|40|https://www.saos.org.pl/judgments/323293
342739|2017-11-14|SO|I C 274/16|Wyrok|40|https://www.saos.org.pl/judgments/342739
324560|2017-11-09|SO|XVIII C 1186/17|Wyrok|40|https://www.saos.org.pl/judgments/324560
466858|2017-10-30|SO|I C 132/17|Wyrok|40|https://www.saos.org.pl/judgments/466858
313470|2017-06-30|SO|VII U 777/16|Wyrok|40|https://www.saos.org.pl/judgments/313470
304205|2017-06-23|SO|XVIII C 1749/15|Wyrok|40|https://www.saos.org.pl/judgments/304205
299753|2017-06-21|SO|I C 875/16|Wyrok|40|https://www.saos.org.pl/judgments/299753
303333|2017-06-13|SO|VI Ga 225/17|Wyrok|40|https://www.saos.org.pl/judgments/303333
293675|2017-06-01|SO|IV Ka 392/17|Wyrok|40|https://www.saos.org.pl/judgments/293675
311328|2017-05-31|SO|VII U 439/17|Wyrok|40|https://www.saos.org.pl/judgments/311328
291968|2017-05-29|SO|V Ga 95/17|Wyrok|40|https://www.saos.org.pl/judgments/291968
329643|2017-05-25|SO|VII Pa 1/17|Wyrok|40|https://www.saos.org.pl/judgments/329643
295226|2017-05-25|SO|V Pa 44/17|Wyrok|40|https://www.saos.org.pl/judgments/295226
286802|2017-05-16|SO|V U 283/17|Wyrok|40|https://www.saos.org.pl/judgments/286802
293763|2017-04-26|SO|I C 177/16|Wyrok|40|https://www.saos.org.pl/judgments/293763
286843|2017-04-25|SO|VI GC 48/17|Wyrok|40|https://www.saos.org.pl/judgments/286843
308589|2017-04-19|SO|VII U 1604/15|Wyrok|40|https://www.saos.org.pl/judgments/308589
306671|2017-04-06|SO|VII U 10/17|Wyrok|40|https://www.saos.org.pl/judgments/306671
291733|2017-03-21|SO|XVIII C 103/16|Wyrok|40|https://www.saos.org.pl/judgments/291733
277024|2017-03-16|SO|XII C 1469/16|Wyrok|40|https://www.saos.org.pl/judgments/277024
291404|2017-01-31|SO|XVIII C 1109/16|Wyrok|40|https://www.saos.org.pl/judgments/291404
271812|2017-01-25|SO|VII U 1732/16|Wyrok|40|https://www.saos.org.pl/judgments/271812
293531|2017-01-11|SO|VII U 2234/14|Wyrok|40|https://www.saos.org.pl/judgments/293531
274672|2017-01-10|SO|V U 1103/16|Wyrok|40|https://www.saos.org.pl/judgments/274672
266309|2016-12-16|SO|IX GC 860/15|Wyrok|40|https://www.saos.org.pl/judgments/266309
331826|2016-11-16|SO|III C 341/16|Wyrok|40|https://www.saos.org.pl/judgments/331826
277288|2016-11-10|SO|I C 1167/15|Wyrok|40|https://www.saos.org.pl/judgments/277288
238190|2016-07-01|SO|VII U 653/15|Wyrok|40|https://www.saos.org.pl/judgments/238190
234826|2016-05-31|SO|I C 345/14|Wyrok|40|https://www.saos.org.pl/judgments/234826
227861|2016-03-22|SO|I C 1312/15|Wyrok|40|https://www.saos.org.pl/judgments/227861
227190|2016-03-09|SO|II Ca 72/16|Wyrok|40|https://www.saos.org.pl/judgments/227190
219409|2016-03-01|SO|V U 1047/15|Wyrok|40|https://www.saos.org.pl/judgments/219409
219042|2016-02-24|SO|V U 1110/15|Wyrok|40|https://www.saos.org.pl/judgments/219042
213301|2016-02-24|SO|I C 582/15|Wyrok|40|https://www.saos.org.pl/judgments/213301
217559|2016-02-12|SO|VI GC 259/14|Wyrok|40|https://www.saos.org.pl/judgments/217559
210296|2016-02-12|SO|III C 1291/14|Wyrok|40|https://www.saos.org.pl/judgments/210296
218712|2016-01-28|SO|VI Ga 360/15|Wyrok|40|https://www.saos.org.pl/judgments/218712
199012|2015-12-08|SO|I C 411/15|Wyrok|40|https://www.saos.org.pl/judgments/199012
192147|2015-12-07|SO|I C 870/14|Wyrok|40|https://www.saos.org.pl/judgments/192147
211818|2015-11-24|SO|XVIII C 464/15|Wyrok|40|https://www.saos.org.pl/judgments/211818
187595|2015-11-19|SO|VI Ga 295/15|Wyrok|40|https://www.saos.org.pl/judgments/187595
191693|2015-10-30|SO|VI GC 365/13|Wyrok|40|https://www.saos.org.pl/judgments/191693
187382|2015-10-26|SO|V U 555/15|Wyrok|40|https://www.saos.org.pl/judgments/187382
303646|2015-10-22|SO|I C 274/14|Wyrok|40|https://www.saos.org.pl/judgments/303646
196784|2015-10-21|SO|I Ca 346/15|Wyrok|40|https://www.saos.org.pl/judgments/196784
191685|2015-10-19|SO|VI GC 165/15|Wyrok|40|https://www.saos.org.pl/judgments/191685
269585|2015-10-06|SO|XII Ga 286/15|Wyrok|40|https://www.saos.org.pl/judgments/269585
183194|2015-10-06|SO|II C 884/14|Wyrok|40|https://www.saos.org.pl/judgments/183194
187608|2015-10-02|SO|VI GC 207/15|Wyrok|40|https://www.saos.org.pl/judgments/187608
178878|2015-08-13|SO|VIII U 5063/13|Wyrok|40|https://www.saos.org.pl/judgments/178878
178345|2015-06-30|SO|IV Ua 11/15|Wyrok|40|https://www.saos.org.pl/judgments/178345
159379|2015-06-16|SO|VI GC 378/12|Wyrok|40|https://www.saos.org.pl/judgments/159379
159364|2015-05-26|SO|VI Ga 401/14|Wyrok|40|https://www.saos.org.pl/judgments/159364
156651|2015-05-07|SO|VI Ga 41/15|Wyrok|40|https://www.saos.org.pl/judgments/156651
157363|2015-04-20|SO|V U 2415/14|Wyrok|40|https://www.saos.org.pl/judgments/157363
191070|2015-03-17|SO|XV Ca 1377/14|Wyrok|40|https://www.saos.org.pl/judgments/191070
151541|2015-02-03|SO|V U 3033/14|Wyrok|40|https://www.saos.org.pl/judgments/151541
127584|2015-01-22|SO|VIII U 4202/14|Wyrok|40|https://www.saos.org.pl/judgments/127584
127582|2015-01-22|SO|VIII U 2261/14|Wyrok|40|https://www.saos.org.pl/judgments/127582
130768|2015-01-21|SO|VI Ga 376/14|Wyrok|40|https://www.saos.org.pl/judgments/130768
126203|2014-12-18|SO|VIII U 1879/14|Wyrok|40|https://www.saos.org.pl/judgments/126203
150425|2014-12-11|SO|II Ca 1807/14|Wyrok|40|https://www.saos.org.pl/judgments/150425
133303|2014-12-10|SO|XII Ga 406/14|Wyrok|40|https://www.saos.org.pl/judgments/133303
125949|2014-12-04|SO|VIII U 1639/14|Wyrok|40|https://www.saos.org.pl/judgments/125949
133756|2014-11-20|SO|VIII U 2144/13|Wyrok|40|https://www.saos.org.pl/judgments/133756
75576|2014-11-20|SO|VIII U 2547/14|Wyrok|40|https://www.saos.org.pl/judgments/75576
73205|2014-11-20|SO|X Ga 550/14|Wyrok|40|https://www.saos.org.pl/judgments/73205
75575|2014-11-13|SO|VIII U 2099/14|Wyrok|40|https://www.saos.org.pl/judgments/75575
74328|2014-10-14|SO|IV Ca 312/14|Wyrok|40|https://www.saos.org.pl/judgments/74328
66295|2014-10-09|SO|VI Ga 217/14|Wyrok|40|https://www.saos.org.pl/judgments/66295
64794|2014-09-30|SO|X Ga 436/14|Wyrok|40|https://www.saos.org.pl/judgments/64794
188373|2014-06-30|SO|VII U 515/13|Wyrok|40|https://www.saos.org.pl/judgments/188373
69253|2014-06-18|SO|XII Ga 54/14|Wyrok|40|https://www.saos.org.pl/judgments/69253
57667|2014-05-28|SO|XII Ga 13/14|Wyrok|40|https://www.saos.org.pl/judgments/57667
53131|2014-04-23|SO|XII Ga 172/14|Wyrok|40|https://www.saos.org.pl/judgments/53131
146590|2014-02-28|SO|I C 406/10|Wyrok|40|https://www.saos.org.pl/judgments/146590
187574|2013-12-12|SO|VI Ga 229/13|Wyrok|40|https://www.saos.org.pl/judgments/187574
142918|2013-11-29|SO|II Ca 1254/13|Wyrok|40|https://www.saos.org.pl/judgments/142918
36375|2013-10-24|SO|IV Ca 353/13|Wyrok|40|https://www.saos.org.pl/judgments/36375
21049|2013-09-05|SO|V Pa 36/13|Wyrok|40|https://www.saos.org.pl/judgments/21049
27084|2013-06-04|SO|VII U 1863/12|Wyrok|40|https://www.saos.org.pl/judgments/27084
137834|2013-02-27|SO|I Ca 20/13|Wyrok|40|https://www.saos.org.pl/judgments/137834
7430|2013-01-31|SO|V Pa 5/13|Wyrok|40|https://www.saos.org.pl/judgments/7430
7416|2013-01-31|SO|II Ca 686/12|Wyrok|40|https://www.saos.org.pl/judgments/7416
137556|2013-01-21|SO|I C 1440/12|Wyrok|40|https://www.saos.org.pl/judgments/137556
138449|2012-10-29|SO|I C 745/12|Wyrok|40|https://www.saos.org.pl/judgments/138449
538375|2025-05-22|SO|II Ca 2727/24|Postanowienie|31|https://www.saos.org.pl/judgments/538375
471660|2022-06-20|SO|II Ca 3116/21|Postanowienie|31|https://www.saos.org.pl/judgments/471660
500073|2021-05-24|SO|I Ns 124/20|Postanowienie|31|https://www.saos.org.pl/judgments/500073
423226|2019-12-18|SO|I Ns 588/11|Postanowienie|31|https://www.saos.org.pl/judgments/423226
391965|2019-04-02|SO|II Ca 2447/18|Postanowienie|31|https://www.saos.org.pl/judgments/391965
377882|2018-03-23|SO|II Ca 1404/17|Postanowienie|31|https://www.saos.org.pl/judgments/377882
381649|2018-02-09|SO|II Ca 890/17|Postanowienie|31|https://www.saos.org.pl/judgments/381649
391952|2017-11-16|SO|II Ca 1635/17|Postanowienie|31|https://www.saos.org.pl/judgments/391952
305603|2017-09-15|SO|II Ns 2044/16|Postanowienie|31|https://www.saos.org.pl/judgments/305603
300363|2017-06-26|SO|I Ca 170/17|Postanowienie|31|https://www.saos.org.pl/judgments/300363
266338|2016-11-15|SO|VI Ca 446/15|Postanowienie|31|https://www.saos.org.pl/judgments/266338
257177|2016-10-19|SO|I Ns 920/05|Postanowienie|31|https://www.saos.org.pl/judgments/257177
250487|2016-10-11|SO|VI Ca 708/16|Postanowienie|31|https://www.saos.org.pl/judgments/250487
250848|2016-09-19|SO|II Ns 1809/10|Postanowienie|31|https://www.saos.org.pl/judgments/250848
183356|2015-10-30|SO|II Ca 569/15|Postanowienie|31|https://www.saos.org.pl/judgments/183356
153754|2015-04-24|SO|II Ca 1423/14|Postanowienie|31|https://www.saos.org.pl/judgments/153754
69685|2014-10-21|SO|II Ca 731/14|Postanowienie|31|https://www.saos.org.pl/judgments/69685
71011|2014-10-09|SO|II Ca 1204/14|Postanowienie|31|https://www.saos.org.pl/judgments/71011
147905|2014-07-23|SO|I Ca 165/14|Postanowienie|31|https://www.saos.org.pl/judgments/147905
58083|2014-06-10|SO|II Ca 509/14|Postanowienie|31|https://www.saos.org.pl/judgments/58083
53362|2014-05-06|SO|II Ca 860/14|Postanowienie|31|https://www.saos.org.pl/judgments/53362
50160|2014-04-02|SO|II Ca 2452/13|Postanowienie|31|https://www.saos.org.pl/judgments/50160
43978|2014-03-05|SO|II Ca 2172/13|Postanowienie|31|https://www.saos.org.pl/judgments/43978
38331|2013-10-25|SO|II Ca 817/13|Postanowienie|31|https://www.saos.org.pl/judgments/38331
543318|2026-02-25|SO|II C 1006/25|Uzasadnienie|27|https://www.saos.org.pl/judgments/543318
535423|2025-05-14|SO|VIII U 2508/24|Uzasadnienie|27|https://www.saos.org.pl/judgments/535423
526798|2024-11-20|SO|VIII U 1364/24|Uzasadnienie|27|https://www.saos.org.pl/judgments/526798
524670|2024-10-28|SO|VIII U 961/24|Uzasadnienie|27|https://www.saos.org.pl/judgments/524670
517903|2024-10-07|SO|VIII U 1011/24|Uzasadnienie|27|https://www.saos.org.pl/judgments/517903
524539|2024-09-13|SO|VIII U 597/24|Uzasadnienie|27|https://www.saos.org.pl/judgments/524539
524139|2024-09-10|SO|VIII U 74/24|Uzasadnienie|27|https://www.saos.org.pl/judgments/524139
507597|2024-09-02|SO|IV Ca 85/24|Uzasadnienie|27|https://www.saos.org.pl/judgments/507597
516106|2024-06-04|SO|VIII U 192/24|Uzasadnienie|27|https://www.saos.org.pl/judgments/516106
516096|2024-05-29|SO|VIII U 13/24|Uzasadnienie|27|https://www.saos.org.pl/judgments/516096
530951|2024-02-09|SO|III Ca 189/23|Uzasadnienie|27|https://www.saos.org.pl/judgments/530951
513727|2024-01-17|SO|VIII U 2339/22|Uzasadnienie|27|https://www.saos.org.pl/judgments/513727
499729|2023-12-12|SO|I C 954/22|Uzasadnienie|27|https://www.saos.org.pl/judgments/499729
513932|2023-11-13|SO|VIII U 541/23|Uzasadnienie|27|https://www.saos.org.pl/judgments/513932
506365|2023-10-12|SO|III Ca 2542/22|Uzasadnienie|27|https://www.saos.org.pl/judgments/506365
513684|2023-08-30|SO|VIII U 2249/22|Uzasadnienie|27|https://www.saos.org.pl/judgments/513684
513487|2023-08-03|SO|VIII U 1844/22|Uzasadnienie|27|https://www.saos.org.pl/judgments/513487
492140|2023-07-13|SO|VIII U 2222/22|Uzasadnienie|27|https://www.saos.org.pl/judgments/492140
491956|2023-07-13|SO|VIII U 2097/21|Uzasadnienie|27|https://www.saos.org.pl/judgments/491956
506437|2023-07-12|SO|III Ca 2645/22|Uzasadnienie|27|https://www.saos.org.pl/judgments/506437
513616|2023-07-10|SO|VIII U 2113/21|Uzasadnienie|27|https://www.saos.org.pl/judgments/513616
491986|2023-06-16|SO|VIII U 587/22|Zarządzenie|27|https://www.saos.org.pl/judgments/491986
506391|2023-05-22|SO|III Ca 2572/21|Uzasadnienie|27|https://www.saos.org.pl/judgments/506391
488315|2023-05-16|SO|VIII U 2256/22|Uzasadnienie|27|https://www.saos.org.pl/judgments/488315
506805|2023-02-20|SO|III Ca 946/22|Uzasadnienie|27|https://www.saos.org.pl/judgments/506805
491389|2022-11-02|SO|III Ca 262/20|Uzasadnienie|27|https://www.saos.org.pl/judgments/491389
478910|2022-09-07|SO|VIII U 1872/21|Zarządzenie|27|https://www.saos.org.pl/judgments/478910
471831|2022-08-16|SO|VIII U 417/22|Zarządzenie|27|https://www.saos.org.pl/judgments/471831
471625|2022-06-06|SO|VIII U 2799/21|Uzasadnienie|27|https://www.saos.org.pl/judgments/471625
465717|2022-05-25|SO|I Ns 564/20|Uzasadnienie|27|https://www.saos.org.pl/judgments/465717
463831|2022-04-27|SO|VIII U 1417/21|Zarządzenie|27|https://www.saos.org.pl/judgments/463831
463428|2022-04-06|SO|VIII U 2570/21|Zarządzenie|27|https://www.saos.org.pl/judgments/463428
458919|2022-02-08|SO|VIII U 1906/20|Zarządzenie|27|https://www.saos.org.pl/judgments/458919
455829|2021-12-20|SO|VIII Pa 144/21|Uzasadnienie|27|https://www.saos.org.pl/judgments/455829
453553|2021-12-07|SO|VIII U 1773/21|Uzasadnienie|27|https://www.saos.org.pl/judgments/453553
454411|2021-11-15|SO|VIII U 2583/20|Zarządzenie|27|https://www.saos.org.pl/judgments/454411
453127|2021-10-07|SO|VIII U 1356/18|Uzasadnienie|27|https://www.saos.org.pl/judgments/453127
459511|2021-10-04|SO|III Ca 1222/20|Uzasadnienie|27|https://www.saos.org.pl/judgments/459511
459509|2021-09-28|SO|III Ca 1214/20|Uzasadnienie|27|https://www.saos.org.pl/judgments/459509
451092|2021-09-13|SO|VIII U 1241/21|Zarządzenie|27|https://www.saos.org.pl/judgments/451092
458884|2021-07-30|SO|III Ca 773/20|Uzasadnienie|27|https://www.saos.org.pl/judgments/458884
440941|2021-05-20|SO|VIII U 3433/19|Uzasadnienie|27|https://www.saos.org.pl/judgments/440941
457703|2021-05-10|SO|III Ca 714/20|Uzasadnienie|27|https://www.saos.org.pl/judgments/457703
440924|2021-04-19|SO|VIII U 2030/19|Zarządzenie|27|https://www.saos.org.pl/judgments/440924
437135|2021-04-07|SO|VIII U 4119/19|Zarządzenie|27|https://www.saos.org.pl/judgments/437135
456427|2021-02-18|SO|III Ca 246/20|Uzasadnienie|27|https://www.saos.org.pl/judgments/456427
519873|2021-02-16|SO|I Ca 8/21|Zarządzenie|27|https://www.saos.org.pl/judgments/519873
430336|2021-02-05|SO|XIII Ga 1565/19|Uzasadnienie|27|https://www.saos.org.pl/judgments/430336
453993|2020-11-09|SO|I C 488/20|Uzasadnienie|27|https://www.saos.org.pl/judgments/453993
418264|2020-07-13|SO|VIII U 4700/19|Uzasadnienie|27|https://www.saos.org.pl/judgments/418264
410892|2020-03-26|SO|VIII U 1834/19|Zarządzenie|27|https://www.saos.org.pl/judgments/410892
405934|2020-02-13|SO|VIII U 1306/19|Uzasadnienie|27|https://www.saos.org.pl/judgments/405934
401208|2020-01-07|SO|VIII U 231/18|Zarządzenie|27|https://www.saos.org.pl/judgments/401208
369166|2019-12-20|SO|II C 315/18|Uzasadnienie|27|https://www.saos.org.pl/judgments/369166
397798|2019-11-21|SO|II C 1239/18|Zarządzenie|27|https://www.saos.org.pl/judgments/397798
392992|2019-08-26|SO|VIII U 165/19|Uzasadnienie|27|https://www.saos.org.pl/judgments/392992
390042|2019-08-26|SO|XIII Ga 1491/18|Uzasadnienie|27|https://www.saos.org.pl/judgments/390042
389841|2019-08-23|SO|XIII Ga 660/19|Uzasadnienie|27|https://www.saos.org.pl/judgments/389841
396137|2019-08-08|SO|III Ca 130/19|Uzasadnienie|27|https://www.saos.org.pl/judgments/396137
390989|2019-08-06|SO|VIII U 997/16|Zarządzenie|27|https://www.saos.org.pl/judgments/390989
390950|2019-08-06|SO|VIII U 21/19|Uzasadnienie|27|https://www.saos.org.pl/judgments/390950
391291|2019-07-17|SO|VIII Pa 32/19|Uzasadnienie|27|https://www.saos.org.pl/judgments/391291
388147|2019-07-11|SO|VIII U 1084/18|Zarządzenie|27|https://www.saos.org.pl/judgments/388147
388176|2019-07-09|SO|VIII U 663/19|Zarządzenie|27|https://www.saos.org.pl/judgments/388176
390987|2019-07-05|SO|VIII U 948/18|Uzasadnienie|27|https://www.saos.org.pl/judgments/390987
390794|2019-06-17|SO|III Ca 319/19|Uzasadnienie|27|https://www.saos.org.pl/judgments/390794
384769|2019-06-14|SO|VIII U 2033/18|Uzasadnienie|27|https://www.saos.org.pl/judgments/384769
390174|2019-05-21|SO|III Ca 564/19|Uzasadnienie|27|https://www.saos.org.pl/judgments/390174
389939|2019-05-10|SO|III Ca 2043/18|Uzasadnienie|27|https://www.saos.org.pl/judgments/389939
381938|2019-05-07|SO|VIII U 2404/18|Zarządzenie|27|https://www.saos.org.pl/judgments/381938
381179|2019-04-26|SO|XIII Ga 862/18|Uzasadnienie|27|https://www.saos.org.pl/judgments/381179
382896|2019-04-15|SO|VIII U 1762/18|Uzasadnienie|27|https://www.saos.org.pl/judgments/382896
381969|2019-04-15|SO|VIII U 833/18|Uzasadnienie|27|https://www.saos.org.pl/judgments/381969
381634|2019-04-03|SO|I C 457/15|Uzasadnienie|27|https://www.saos.org.pl/judgments/381634
380624|2019-03-29|SO|VIII U 2095/18|Uzasadnienie|27|https://www.saos.org.pl/judgments/380624
378791|2019-01-18|SO|III Ca 1520/18|Uzasadnienie|27|https://www.saos.org.pl/judgments/378791
373468|2019-01-11|SO|III Ca 1597/18|Uzasadnienie|27|https://www.saos.org.pl/judgments/373468
377040|2018-12-21|SO|I C 2589/18|Uzasadnienie|27|https://www.saos.org.pl/judgments/377040
369857|2018-12-10|SO|VIII U 1575/18|Uzasadnienie|27|https://www.saos.org.pl/judgments/369857
368104|2018-11-26|SO|VIII U 882/18|Uzasadnienie|27|https://www.saos.org.pl/judgments/368104
361966|2018-11-09|SO|VIII U 1203/18|Uzasadnienie|27|https://www.saos.org.pl/judgments/361966
361965|2018-11-09|SO|VIII U 1054/18|Uzasadnienie|27|https://www.saos.org.pl/judgments/361965
368439|2018-11-08|SO|VIII Pa 281/17|Uzasadnienie|27|https://www.saos.org.pl/judgments/368439
361970|2018-11-08|SO|VIII U 1688/18|Uzasadnienie|27|https://www.saos.org.pl/judgments/361970
365873|2018-11-05|SO|II C 837/16|Uzasadnienie|27|https://www.saos.org.pl/judgments/365873
358327|2018-10-22|SO|VIII U 192/18|Zarządzenie|27|https://www.saos.org.pl/judgments/358327
357572|2018-10-11|SO|VIII U 630/18|Zarządzenie|27|https://www.saos.org.pl/judgments/357572
355464|2018-09-17|SO|VIII U 1402/17|Zarządzenie|27|https://www.saos.org.pl/judgments/355464
353017|2018-09-13|SO|VIII U 1050/18|Uzasadnienie|27|https://www.saos.org.pl/judgments/353017
352612|2018-09-07|SO|XIII Ga 827/18|Uzasadnienie|27|https://www.saos.org.pl/judgments/352612
358066|2018-08-30|SO|III Ca 881/18|Uzasadnienie|27|https://www.saos.org.pl/judgments/358066
350703|2018-08-07|SO|VIII U 517/18|Zarządzenie|27|https://www.saos.org.pl/judgments/350703
348090|2018-08-03|SO|XIII Ga 1389/17|Uzasadnienie|27|https://www.saos.org.pl/judgments/348090
344957|2018-06-25|SO|VIII U 824/18|Uzasadnienie|27|https://www.saos.org.pl/judgments/344957
344899|2018-06-25|SO|VIII U 1474/17|Zarządzenie|27|https://www.saos.org.pl/judgments/344899
344186|2018-06-15|SO|VIII U 644/18|Uzasadnienie|27|https://www.saos.org.pl/judgments/344186
342411|2018-06-05|SO|VIII U 609/18|Uzasadnienie|27|https://www.saos.org.pl/judgments/342411
342635|2018-06-04|SO|VIII U 281/18|Zarządzenie|27|https://www.saos.org.pl/judgments/342635
342060|2018-06-04|SO|VIII Pa 288/17|Uzasadnienie|27|https://www.saos.org.pl/judgments/342060
344943|2018-05-28|SO|VIII U 533/18|Uzasadnienie|27|https://www.saos.org.pl/judgments/344943
344941|2018-05-28|SO|VIII U 532/18|Uzasadnienie|27|https://www.saos.org.pl/judgments/344941
344000|2018-05-28|SO|VIII U 2262/17|Zarządzenie|27|https://www.saos.org.pl/judgments/344000
340350|2018-05-18|SO|XIII Ga 291/18|Uzasadnienie|27|https://www.saos.org.pl/judgments/340350
340803|2018-05-14|SO|XIII Ga 313/18|Uzasadnienie|27|https://www.saos.org.pl/judgments/340803
341000|2018-05-07|SO|VIII U 2179/17|Zarządzenie|27|https://www.saos.org.pl/judgments/341000
339410|2018-04-17|SO|VIII U 1596/17|Zarządzenie|27|https://www.saos.org.pl/judgments/339410
350337|2018-04-16|SO|III Ca 52/18|Uzasadnienie|27|https://www.saos.org.pl/judgments/350337
337441|2018-04-16|SO|VIII U 2374/17|Zarządzenie|27|https://www.saos.org.pl/judgments/337441
347502|2018-04-11|SO|II C 1525/17|Uzasadnienie|27|https://www.saos.org.pl/judgments/347502
336040|2018-04-04|SO|VIII Pa 300/17|Zarządzenie|27|https://www.saos.org.pl/judgments/336040
380920|2018-03-30|SO|X GC 6/18|Zarządzenie|27|https://www.saos.org.pl/judgments/380920
348621|2018-03-05|SO|III Ca 1823/17|Uzasadnienie|27|https://www.saos.org.pl/judgments/348621
329131|2018-02-26|SO|VIII U 1893/17|Uzasadnienie|27|https://www.saos.org.pl/judgments/329131
326320|2018-02-13|SO|XIII Ga 1330/17|Uzasadnienie|27|https://www.saos.org.pl/judgments/326320
327656|2018-01-29|SO|VIII Pa 269/17|Uzasadnienie|27|https://www.saos.org.pl/judgments/327656
327661|2018-01-18|SO|VIII U 197/16|Zarządzenie|27|https://www.saos.org.pl/judgments/327661
333872|2018-01-11|SO|III Ca 989/17|Uzasadnienie|27|https://www.saos.org.pl/judgments/333872
324366|2018-01-11|SO|VIII U 1979/17|Zarządzenie|27|https://www.saos.org.pl/judgments/324366
321478|2017-12-12|SO|VIII U 685/17|Uzasadnienie|27|https://www.saos.org.pl/judgments/321478
325726|2017-12-06|SO|III Ca 1157/17|Uzasadnienie|27|https://www.saos.org.pl/judgments/325726
321472|2017-12-04|SO|VIII U 432/17|Uzasadnienie|27|https://www.saos.org.pl/judgments/321472
312040|2017-11-02|SO|VIII U 1002/17|Zarządzenie|27|https://www.saos.org.pl/judgments/312040
312073|2017-10-26|SO|VIII U 2780/16|Zarządzenie|27|https://www.saos.org.pl/judgments/312073
312050|2017-10-26|SO|VIII U 1316/17|Uzasadnienie|27|https://www.saos.org.pl/judgments/312050
309864|2017-10-24|SO|XIII Ga 648/17|Uzasadnienie|27|https://www.saos.org.pl/judgments/309864
309167|2017-10-19|SO|VIII U 1294/16|Zarządzenie|27|https://www.saos.org.pl/judgments/309167
309178|2017-10-18|SO|VIII U 2111/16|Zarządzenie|27|https://www.saos.org.pl/judgments/309178
309408|2017-10-17|SO|VIII U 490/17|Zarządzenie|27|https://www.saos.org.pl/judgments/309408
310350|2017-10-13|SO|XIII Ga 658/17|Uzasadnienie|27|https://www.saos.org.pl/judgments/310350
308282|2017-10-10|SO|XIII Ga 641/17|Uzasadnienie|27|https://www.saos.org.pl/judgments/308282
305802|2017-09-15|SO|III Ca 820/17|Uzasadnienie|27|https://www.saos.org.pl/judgments/305802
303720|2017-08-29|SO|III Ca 510/17|Uzasadnienie|27|https://www.saos.org.pl/judgments/303720
298785|2017-08-23|SO|VIII U 447/17|Zarządzenie|27|https://www.saos.org.pl/judgments/298785
298771|2017-08-02|SO|VIII U 2665/16|Uzasadnienie|27|https://www.saos.org.pl/judgments/298771
293564|2017-07-24|SO|XIII Ga 191/17|Uzasadnienie|27|https://www.saos.org.pl/judgments/293564
296035|2017-07-20|SO|VIII U 855/17|Zarządzenie|27|https://www.saos.org.pl/judgments/296035
291350|2017-07-10|SO|VIII U 2594/16|Zarządzenie|27|https://www.saos.org.pl/judgments/291350
291346|2017-07-10|SO|VIII U 2193/16|Zarządzenie|27|https://www.saos.org.pl/judgments/291346
296446|2017-06-30|SO|VIII U 829/17|Zarządzenie|27|https://www.saos.org.pl/judgments/296446
291389|2017-06-30|SO|XIII Ga 9/17|Uzasadnienie|27|https://www.saos.org.pl/judgments/291389
297596|2017-06-12|SO|VIII Pa 47/17|Uzasadnienie|27|https://www.saos.org.pl/judgments/297596
289454|2017-06-05|SO|VIII U 2358/16|Zarządzenie|27|https://www.saos.org.pl/judgments/289454
287014|2017-05-25|SO|VIII U 512/17|Zarządzenie|27|https://www.saos.org.pl/judgments/287014
284114|2017-05-10|SO|VIII U 2449/16|Zarządzenie|27|https://www.saos.org.pl/judgments/284114
284111|2017-05-10|SO|VIII U 2403/16|Zarządzenie|27|https://www.saos.org.pl/judgments/284111
284105|2017-05-10|SO|VIII U 2359/16|Zarządzenie|27|https://www.saos.org.pl/judgments/284105
287017|2017-05-09|SO|VIII U 530/17|Zarządzenie|27|https://www.saos.org.pl/judgments/287017
284921|2017-04-25|SO|VIII U 322/17|Zarządzenie|27|https://www.saos.org.pl/judgments/284921
280344|2017-04-19|SO|VIII U 9/17|Zarządzenie|27|https://www.saos.org.pl/judgments/280344
280080|2017-04-19|SO|XIII Ga 1057/16|Uzasadnienie|27|https://www.saos.org.pl/judgments/280080
285968|2017-04-18|SO|VIII U 1616/16|Zarządzenie|27|https://www.saos.org.pl/judgments/285968
280335|2017-04-18|SO|VIII U 689/16|Zarządzenie|27|https://www.saos.org.pl/judgments/280335
280310|2017-04-12|SO|VIII U 2875/14|Zarządzenie|27|https://www.saos.org.pl/judgments/280310
280087|2017-04-12|SO|XIII Ga 980/16|Uzasadnienie|27|https://www.saos.org.pl/judgments/280087
280289|2017-04-03|SO|VIII U 2181/16|Zarządzenie|27|https://www.saos.org.pl/judgments/280289
276880|2017-03-23|SO|VIII U 2220/16|Zarządzenie|27|https://www.saos.org.pl/judgments/276880
275139|2017-03-10|SO|VIII U 598/16|Zarządzenie|27|https://www.saos.org.pl/judgments/275139
275194|2017-03-06|SO|XIII Ga 771/16|Uzasadnienie|27|https://www.saos.org.pl/judgments/275194
272777|2017-03-02|SO|XIII Ga 749/16|Uzasadnienie|27|https://www.saos.org.pl/judgments/272777
275060|2017-02-27|SO|VIII U 2116/16|Zarządzenie|27|https://www.saos.org.pl/judgments/275060
275040|2017-02-27|SO|VIII U 1769/16|Zarządzenie|27|https://www.saos.org.pl/judgments/275040
275038|2017-02-27|SO|VIII U 1662/16|Zarządzenie|27|https://www.saos.org.pl/judgments/275038
275157|2017-02-24|SO|VIII U 954/16|Zarządzenie|27|https://www.saos.org.pl/judgments/275157
272776|2017-02-21|SO|XIII Ga 692/16|Uzasadnienie|27|https://www.saos.org.pl/judgments/272776
271887|2017-02-15|SO|XIII Ga 598/16|Uzasadnienie|27|https://www.saos.org.pl/judgments/271887
268686|2017-02-07|SO|XIII Ga 1116/16|Uzasadnienie|27|https://www.saos.org.pl/judgments/268686
278128|2017-02-06|SO|VIII U 1786/16|Zarządzenie|27|https://www.saos.org.pl/judgments/278128
278148|2017-01-30|SO|VIII U 2459/16|Zarządzenie|27|https://www.saos.org.pl/judgments/278148
267957|2017-01-26|SO|VIII U 1685/16|Zarządzenie|27|https://www.saos.org.pl/judgments/267957
266943|2017-01-25|SO|XIII Ga 1094/16|Uzasadnienie|27|https://www.saos.org.pl/judgments/266943
261874|2017-01-03|SO|VIII U 1563/16|Zarządzenie|27|https://www.saos.org.pl/judgments/261874
261899|2016-12-30|SO|XIII Ga 586/16|Uzasadnienie|27|https://www.saos.org.pl/judgments/261899
260944|2016-12-27|SO|VIII U 1661/16|Zarządzenie|27|https://www.saos.org.pl/judgments/260944
263135|2016-12-20|SO|III Ca 1164/16|Uzasadnienie|27|https://www.saos.org.pl/judgments/263135
260030|2016-12-12|SO|XIII Ga 404/16|Uzasadnienie|27|https://www.saos.org.pl/judgments/260030
258330|2016-12-06|SO|VIII U 1482/16|Zarządzenie|27|https://www.saos.org.pl/judgments/258330
256293|2016-11-23|SO|III Ca 1501/16|Uzasadnienie|27|https://www.saos.org.pl/judgments/256293
256704|2016-11-17|SO|VIII Pa 111/16|Uzasadnienie|27|https://www.saos.org.pl/judgments/256704
255623|2016-11-16|SO|XIII Ga 389/16|Uzasadnienie|27|https://www.saos.org.pl/judgments/255623
255574|2016-11-16|SO|VIII U 244/16|Zarządzenie|27|https://www.saos.org.pl/judgments/255574
255618|2016-11-14|SO|XIII Ga 374/16|Uzasadnienie|27|https://www.saos.org.pl/judgments/255618
255614|2016-11-14|SO|XIII Ga 275/16|Uzasadnienie|27|https://www.saos.org.pl/judgments/255614
254842|2016-11-14|SO|XIII Ga 824/16|Uzasadnienie|27|https://www.saos.org.pl/judgments/254842
258708|2016-10-28|SO|I C 1902/13|Uzasadnienie|27|https://www.saos.org.pl/judgments/258708
252337|2016-10-27|SO|XIII Ga 252/16|Uzasadnienie|27|https://www.saos.org.pl/judgments/252337
253371|2016-10-24|SO|VIII Pa 93/16|Uzasadnienie|27|https://www.saos.org.pl/judgments/253371
252232|2016-10-24|SO|XIII Ga 253/16|Uzasadnienie|27|https://www.saos.org.pl/judgments/252232
252230|2016-10-24|SO|XIII Ga 158/16|Uzasadnienie|27|https://www.saos.org.pl/judgments/252230
256817|2016-10-19|SO|II C 1601/13|Uzasadnienie|27|https://www.saos.org.pl/judgments/256817
250348|2016-10-13|SO|XIII Ga 844/16|Uzasadnienie|27|https://www.saos.org.pl/judgments/250348
250335|2016-10-10|SO|XIII Ga 262/16|Uzasadnienie|27|https://www.saos.org.pl/judgments/250335
250329|2016-10-10|SO|XIII Ga 206/16|Uzasadnienie|27|https://www.saos.org.pl/judgments/250329
255245|2016-10-07|SO|III Ca 978/16|Uzasadnienie|27|https://www.saos.org.pl/judgments/255245
248054|2016-09-23|SO|XIII Ga 330/16|Uzasadnienie|27|https://www.saos.org.pl/judgments/248054
248052|2016-09-23|SO|XIII Ga 274/16|Uzasadnienie|27|https://www.saos.org.pl/judgments/248052
248049|2016-09-20|SO|XIII Ga 251/16|Uzasadnienie|27|https://www.saos.org.pl/judgments/248049
248048|2016-09-20|SO|XIII Ga 250/16|Uzasadnienie|27|https://www.saos.org.pl/judgments/248048
247219|2016-09-20|SO|VIII U 1471/15|Zarządzenie|27|https://www.saos.org.pl/judgments/247219
247582|2016-09-19|SO|XIII Ga 798/16|Uzasadnienie|27|https://www.saos.org.pl/judgments/247582
246634|2016-09-19|SO|XIII Ga 854/16|Uzasadnienie|27|https://www.saos.org.pl/judgments/246634
246629|2016-09-19|SO|XIII Ga 602/16|Uzasadnienie|27|https://www.saos.org.pl/judgments/246629
246627|2016-09-19|SO|XIII Ga 526/16|Uzasadnienie|27|https://www.saos.org.pl/judgments/246627
246625|2016-09-19|SO|XIII Ga 438/16|Uzasadnienie|27|https://www.saos.org.pl/judgments/246625
246623|2016-09-16|SO|XIII Ga 187/16|Uzasadnienie|27|https://www.saos.org.pl/judgments/246623
247841|2016-09-14|SO|XIII Ga 150/16|Uzasadnienie|27|https://www.saos.org.pl/judgments/247841
242711|2016-09-12|SO|XIII Ga 613/16|Uzasadnienie|27|https://www.saos.org.pl/judgments/242711
241839|2016-08-31|SO|XIII Ga 154/16|Uzasadnienie|27|https://www.saos.org.pl/judgments/241839
241849|2016-08-26|SO|XIII Ga 98/16|Uzasadnienie|27|https://www.saos.org.pl/judgments/241849
241847|2016-08-26|SO|XIII Ga 97/16|Uzasadnienie|27|https://www.saos.org.pl/judgments/241847
240838|2016-08-26|SO|XIII Ga 128/16|Uzasadnienie|27|https://www.saos.org.pl/judgments/240838
240667|2016-08-26|SO|XIII Ga 509/16|Uzasadnienie|27|https://www.saos.org.pl/judgments/240667
247725|2016-08-22|SO|III Ca 654/16|Uzasadnienie|27|https://www.saos.org.pl/judgments/247725
247203|2016-08-16|SO|VII Pa 129/16|Uzasadnienie|27|https://www.saos.org.pl/judgments/247203
249247|2016-08-09|SO|III Ca 601/16|Uzasadnienie|27|https://www.saos.org.pl/judgments/249247
238258|2016-08-03|SO|VIII U 573/16|Zarządzenie|27|https://www.saos.org.pl/judgments/238258
236393|2016-07-28|SO|XIII Ga 445/16|Uzasadnienie|27|https://www.saos.org.pl/judgments/236393
236401|2016-07-26|SO|XIII Ga 763/15|Uzasadnienie|27|https://www.saos.org.pl/judgments/236401
236387|2016-07-26|SO|XIII Ga 40/16|Uzasadnienie|27|https://www.saos.org.pl/judgments/236387
236375|2016-07-26|SO|XIII Ga 1088/15|Uzasadnienie|27|https://www.saos.org.pl/judgments/236375
239550|2016-07-20|SO|XIII Ga 1086/15|Uzasadnienie|27|https://www.saos.org.pl/judgments/239550
236377|2016-07-20|SO|XIII Ga 1092/15|Uzasadnienie|27|https://www.saos.org.pl/judgments/236377
239508|2016-06-28|SO|VII Pa 133/16|Uzasadnienie|27|https://www.saos.org.pl/judgments/239508
239506|2016-06-28|SO|VII Pa 131/16|Uzasadnienie|27|https://www.saos.org.pl/judgments/239506
239503|2016-06-28|SO|VII Pa 130/16|Uzasadnienie|27|https://www.saos.org.pl/judgments/239503
234928|2016-06-23|SO|VII Pa 320/15|Uzasadnienie|27|https://www.saos.org.pl/judgments/234928
232675|2016-06-20|SO|VIII U 2710/15|Zarządzenie|27|https://www.saos.org.pl/judgments/232675
226202|2016-06-02|SO|XIII Ga 1068/15|Uzasadnienie|27|https://www.saos.org.pl/judgments/226202
227096|2016-05-31|SO|I C 232/14|Uzasadnienie|27|https://www.saos.org.pl/judgments/227096
226218|2016-05-31|SO|XIII Ga 975/15|Uzasadnienie|27|https://www.saos.org.pl/judgments/226218
226216|2016-05-31|SO|XIII Ga 966/15|Uzasadnienie|27|https://www.saos.org.pl/judgments/226216
226200|2016-05-31|SO|XIII Ga 1044/15|Uzasadnienie|27|https://www.saos.org.pl/judgments/226200
226198|2016-05-31|SO|XIII Ga 1031/15|Uzasadnienie|27|https://www.saos.org.pl/judgments/226198
226196|2016-05-31|SO|XIII Ga 1021/15|Uzasadnienie|27|https://www.saos.org.pl/judgments/226196
226194|2016-05-31|SO|XIII Ga 1015/15|Uzasadnienie|27|https://www.saos.org.pl/judgments/226194
226114|2016-05-30|SO|VIII U 1072/15|Zarządzenie|27|https://www.saos.org.pl/judgments/226114
240613|2016-05-12|SO|X GC 39/14|Uzasadnienie|27|https://www.saos.org.pl/judgments/240613
220028|2016-04-22|SO|XIII Ga 709/15|Uzasadnienie|27|https://www.saos.org.pl/judgments/220028
218754|2016-04-22|SO|VII Pa 270/15|Uzasadnienie|27|https://www.saos.org.pl/judgments/218754
216518|2016-04-08|SO|XIII Ga 949/15|Uzasadnienie|27|https://www.saos.org.pl/judgments/216518
218199|2016-04-07|SO|VII Pa 46/16|Uzasadnienie|27|https://www.saos.org.pl/judgments/218199
216510|2016-04-07|SO|XIII Ga 837/15|Uzasadnienie|27|https://www.saos.org.pl/judgments/216510
217144|2016-04-05|SO|XIII Ga 764/15|Uzasadnienie|27|https://www.saos.org.pl/judgments/217144
216457|2016-04-04|SO|VIII U 504/14|Zarządzenie|27|https://www.saos.org.pl/judgments/216457
215030|2016-04-04|SO|XIII Ga 1155/15|Uzasadnienie|27|https://www.saos.org.pl/judgments/215030
214610|2016-03-29|SO|XIII Ga 812/15|Uzasadnienie|27|https://www.saos.org.pl/judgments/214610
222680|2016-03-25|SO|III Ca 1901/15|Uzasadnienie|27|https://www.saos.org.pl/judgments/222680
212696|2016-03-16|SO|VII Pa 312/15|Uzasadnienie|27|https://www.saos.org.pl/judgments/212696
207636|2016-03-02|SO|XIII Ga 1045/15|Uzasadnienie|27|https://www.saos.org.pl/judgments/207636
207638|2016-02-22|SO|XIII Ga 715/15|Uzasadnienie|27|https://www.saos.org.pl/judgments/207638
204241|2016-02-22|SO|XIII Ga 688/15|Uzasadnienie|27|https://www.saos.org.pl/judgments/204241
204259|2016-02-15|SO|XIII Ga 933/15|Uzasadnienie|27|https://www.saos.org.pl/judgments/204259
204238|2016-02-15|SO|XIII Ga 666/15|Uzasadnienie|27|https://www.saos.org.pl/judgments/204238
199441|2016-01-29|SO|XIII Ga 597/15|Uzasadnienie|27|https://www.saos.org.pl/judgments/199441
198940|2016-01-29|SO|XIII Ga 590/15|Uzasadnienie|27|https://www.saos.org.pl/judgments/198940
198938|2016-01-29|SO|XIII Ga 420/15|Uzasadnienie|27|https://www.saos.org.pl/judgments/198938
198950|2016-01-25|SO|XIII Ga 662/15|Uzasadnienie|27|https://www.saos.org.pl/judgments/198950
198942|2016-01-22|SO|XIII Ga 623/15|Uzasadnienie|27|https://www.saos.org.pl/judgments/198942
195115|2016-01-11|SO|XIII Ga 866/15|Uzasadnienie|27|https://www.saos.org.pl/judgments/195115
194093|2016-01-04|SO|XIII Ga 633/15|Uzasadnienie|27|https://www.saos.org.pl/judgments/194093
193587|2015-12-28|SO|XIII Ga 886/15|Uzasadnienie|27|https://www.saos.org.pl/judgments/193587
193575|2015-12-17|SO|XIII Ga 473/15|Uzasadnienie|27|https://www.saos.org.pl/judgments/193575
194534|2015-12-14|SO|III Ca 1306/15|Uzasadnienie|27|https://www.saos.org.pl/judgments/194534
191788|2015-12-11|SO|XIII Ga 815/15|Uzasadnienie|27|https://www.saos.org.pl/judgments/191788
192028|2015-12-10|SO|XIII Ga 328/15|Uzasadnienie|27|https://www.saos.org.pl/judgments/192028
188196|2015-11-09|SO|VII Pa 174/15|Uzasadnienie|27|https://www.saos.org.pl/judgments/188196
193353|2015-10-13|SO|III Ca 881/15|Uzasadnienie|27|https://www.saos.org.pl/judgments/193353
192652|2015-10-09|SO|III Ca 816/15|Uzasadnienie|27|https://www.saos.org.pl/judgments/192652
191902|2015-09-30|SO|III Ca 187/15|Uzasadnienie|27|https://www.saos.org.pl/judgments/191902
191350|2015-08-20|SO|III Ca 650/15|Uzasadnienie|27|https://www.saos.org.pl/judgments/191350
176573|2015-08-05|SO|II C 1011/11|Uzasadnienie|27|https://www.saos.org.pl/judgments/176573
172027|2015-07-27|SO|VII Pa 131/15|Uzasadnienie|27|https://www.saos.org.pl/judgments/172027
158852|2015-06-29|SO|VII Pa 119/15|Uzasadnienie|27|https://www.saos.org.pl/judgments/158852
177674|2015-06-23|SO|III Ca 361/15|Uzasadnienie|27|https://www.saos.org.pl/judgments/177674
175338|2015-06-17|SO|III Ca 207/15|Uzasadnienie|27|https://www.saos.org.pl/judgments/175338
154773|2015-05-25|SO|VII Ua 22/15|Uzasadnienie|27|https://www.saos.org.pl/judgments/154773
175415|2015-05-22|SO|III Ca 80/15|Uzasadnienie|27|https://www.saos.org.pl/judgments/175415
175318|2015-05-18|SO|III Ca 1681/14|Uzasadnienie|27|https://www.saos.org.pl/judgments/175318
172938|2015-04-28|SO|III Ca 1851/14|Uzasadnienie|27|https://www.saos.org.pl/judgments/172938
172782|2015-03-30|SO|III Ca 1590/14|Uzasadnienie|27|https://www.saos.org.pl/judgments/172782
157500|2015-02-19|SO|III Ca 1433/14|Uzasadnienie|27|https://www.saos.org.pl/judgments/157500
156509|2015-02-17|SO|III Ca 1883/14|Uzasadnienie|27|https://www.saos.org.pl/judgments/156509
151061|2015-02-09|SO|III Ca 1307/14|Uzasadnienie|27|https://www.saos.org.pl/judgments/151061
151023|2015-02-09|SO|III Ca 1229/14|Uzasadnienie|27|https://www.saos.org.pl/judgments/151023
134917|2015-01-05|SO|III Ca 1156/14|Uzasadnienie|27|https://www.saos.org.pl/judgments/134917
74075|2014-12-24|SO|VII Pa 346/14|Uzasadnienie|27|https://www.saos.org.pl/judgments/74075
69742|2014-11-25|SO|VII Pa 299/14|Uzasadnienie|27|https://www.saos.org.pl/judgments/69742
73986|2014-10-27|SO|III Ca 1443/14|Uzasadnienie|27|https://www.saos.org.pl/judgments/73986
71725|2014-10-01|SO|III Ca 1045/14|Uzasadnienie|27|https://www.saos.org.pl/judgments/71725
61772|2014-09-22|SO|VII Pa 216/14|Uzasadnienie|27|https://www.saos.org.pl/judgments/61772
71041|2014-09-15|SO|III Ca 1682/13|Uzasadnienie|27|https://www.saos.org.pl/judgments/71041
62387|2014-07-25|SO|III Ca 325/14|Uzasadnienie|27|https://www.saos.org.pl/judgments/62387
60977|2014-07-10|SO|III Ca 220/14|Uzasadnienie|27|https://www.saos.org.pl/judgments/60977
49015|2014-04-29|SO|III Ca 427/14|Uzasadnienie|27|https://www.saos.org.pl/judgments/49015
44450|2014-04-22|SO|VII Pa 69/14|Uzasadnienie|27|https://www.saos.org.pl/judgments/44450
