saos_id|date|court|case_number|type|saos_url
544824|2026-03-24|SO|I ACa 2992/23|Wyrok|https://www.saos.org.pl/judgments/544824
544728|2026-03-16|SO|VIII U 2017/24|Uzasadnienie|https://www.saos.org.pl/judgments/544728
542389|2026-02-26|SO|IV GC 870/25|Uzasadnienie|https://www.saos.org.pl/judgments/542389
544645|2026-02-06|SO|VI C 1350/25|Zarządzenie|https://www.saos.org.pl/judgments/544645
540984|2026-02-03|SO|VIII Pa 138/25|Uzasadnienie|https://www.saos.org.pl/judgments/540984
543559|2026-01-15|SO|I C 245/25|Zarządzenie|https://www.saos.org.pl/judgments/543559
543571|2026-01-14|SO|I C 439/25|Uzasadnienie|https://www.saos.org.pl/judgments/543571
541818|2026-01-09|SO|I ACa 313/23|Wyrok|https://www.saos.org.pl/judgments/541818
540855|2025-12-30|SO|II C 2807/24|Uzasadnienie|https://www.saos.org.pl/judgments/540855
540293|2025-12-29|SO|I Co 2371/25|Postanowienie|https://www.saos.org.pl/judgments/540293
539835|2025-12-29|SO|I Co 2372/25|Postanowienie|https://www.saos.org.pl/judgments/539835
542484|2025-12-19|SO|VI GC 858/25|Zarządzenie|https://www.saos.org.pl/judgments/542484
542661|2025-12-17|SO|VIII U 2316/24|Uzasadnienie|https://www.saos.org.pl/judgments/542661
541528|2025-12-16|SO|IV U 320/25|Wyrok|https://www.saos.org.pl/judgments/541528
542668|2025-12-15|SO|VIII U 2594/24|Uzasadnienie|https://www.saos.org.pl/judgments/542668
541885|2025-12-15|SO|I ACa 156/23|Wyrok|https://www.saos.org.pl/judgments/541885
541494|2025-12-15|SO|I ACa 1959/22|Wyrok|https://www.saos.org.pl/judgments/541494
541303|2025-12-12|SO|I ACa 1741/22|Wyrok|https://www.saos.org.pl/judgments/541303
541952|2025-12-01|SO|VIII GC 1787/25|Wyrok|https://www.saos.org.pl/judgments/541952
541816|2025-12-01|SO|I ACa 290/23|Wyrok|https://www.saos.org.pl/judgments/541816
541542|2025-12-01|SO|I ACa 137/23|Wyrok|https://www.saos.org.pl/judgments/541542
541495|2025-12-01|SO|I ACa 33/23|Wyrok|https://www.saos.org.pl/judgments/541495
538668|2025-11-27|SO|I ACa 1268/25|Wyrok|https://www.saos.org.pl/judgments/538668
542492|2025-11-26|SO|VIII U 2020/25|Uzasadnienie|https://www.saos.org.pl/judgments/542492
543462|2025-11-10|SO|III AUa 1482/25|Wyrok|https://www.saos.org.pl/judgments/543462
539379|2025-11-06|SO|VIII U 29/25|Uzasadnienie|https://www.saos.org.pl/judgments/539379
538994|2025-11-04|SO|VIII U 938/25|Uzasadnienie|https://www.saos.org.pl/judgments/538994
538977|2025-11-03|SO|VIII U 1876/24|Uzasadnienie|https://www.saos.org.pl/judgments/538977
544339|2025-10-31|SO|I ACa 1630/25|Wyrok|https://www.saos.org.pl/judgments/544339
536904|2025-10-30|SO|I ACa 1462/24|Wyrok|https://www.saos.org.pl/judgments/536904
539760|2025-10-15|SO|VIII GC 172/24|Wyrok|https://www.saos.org.pl/judgments/539760
543683|2025-10-02|SO|I ACa 2751/24|Postanowienie|https://www.saos.org.pl/judgments/543683
536105|2025-10-01|SO|I Ns 399/22|Postanowienie|https://www.saos.org.pl/judgments/536105
543527|2025-09-24|SO|I ACa 3325/24|Wyrok|https://www.saos.org.pl/judgments/543527
539152|2025-09-17|SO|VI GC 260/25|Wyrok|https://www.saos.org.pl/judgments/539152
536602|2025-09-16|SO|I ACa 36/24|Wyrok|https://www.saos.org.pl/judgments/536602
535313|2025-09-15|SO|VIII U 544/25|Uzasadnienie|https://www.saos.org.pl/judgments/535313
537060|2025-09-10|SO|I ACa 1932/22|Wyrok|https://www.saos.org.pl/judgments/537060
539834|2025-09-05|SO|I Co 1258/25|Postanowienie|https://www.saos.org.pl/judgments/539834
536339|2025-09-03|SO|I ACa 874/23|Wyrok|https://www.saos.org.pl/judgments/536339
533871|2025-09-02|SO|II C 2644/24|Uzasadnienie|https://www.saos.org.pl/judgments/533871
535082|2025-08-28|SO|VIII U 1152/25|Uzasadnienie|https://www.saos.org.pl/judgments/535082
543501|2025-08-26|SO|V GC 1064/24|Wyrok|https://www.saos.org.pl/judgments/543501
534523|2025-08-26|SO|VI U 430/25|Zarządzenie|https://www.saos.org.pl/judgments/534523
532414|2025-08-21|SO|IX P 318/23|Zarządzenie|https://www.saos.org.pl/judgments/532414
537057|2025-08-14|SO|I ACa 1819/22|Wyrok|https://www.saos.org.pl/judgments/537057
536247|2025-07-31|SO|XVII AmA 39/23|Wyrok|https://www.saos.org.pl/judgments/536247
535109|2025-07-30|SO|VIII U 2676/24|Uzasadnienie|https://www.saos.org.pl/judgments/535109
533107|2025-07-29|SO|I Co 1145/25|Postanowienie|https://www.saos.org.pl/judgments/533107
542978|2025-07-22|SO|I ACa 20/23|Wyrok|https://www.saos.org.pl/judgments/542978
533993|2025-07-21|SO|XVI GC 64/25|Wyrok|https://www.saos.org.pl/judgments/533993
543225|2025-07-17|SO|I ACa 3526/24|Wyrok|https://www.saos.org.pl/judgments/543225
543223|2025-07-17|SO|I ACa 2095/22|Wyrok|https://www.saos.org.pl/judgments/543223
543138|2025-07-17|SO|I ACa 1768/22|Wyrok|https://www.saos.org.pl/judgments/543138
542977|2025-07-17|SO|I ACa 1898/22|Wyrok|https://www.saos.org.pl/judgments/542977
534781|2025-07-16|SO|V Pa 131/24|Wyrok|https://www.saos.org.pl/judgments/534781
530828|2025-07-09|SO|I Ns 291/23|Postanowienie|https://www.saos.org.pl/judgments/530828
533914|2025-07-08|SO|IX Ca 184/25|Wyrok|https://www.saos.org.pl/judgments/533914
535757|2025-07-07|SO|XI GC 506/25|Zarządzenie|https://www.saos.org.pl/judgments/535757
533128|2025-06-30|SO|II C 1440/24|Postanowienie|https://www.saos.org.pl/judgments/533128
530058|2025-06-30|SO|I Ns 2/25|Postanowienie|https://www.saos.org.pl/judgments/530058
530240|2025-06-26|SO|I Ns 400/23|Postanowienie|https://www.saos.org.pl/judgments/530240
540047|2025-06-17|SO|V GC 2/25|Wyrok|https://www.saos.org.pl/judgments/540047
541176|2025-06-13|SO|I ACa 3694/24|Wyrok|https://www.saos.org.pl/judgments/541176
535426|2025-06-05|SO|VIII U 2730/24|Uzasadnienie|https://www.saos.org.pl/judgments/535426
531556|2025-06-05|SO|VIII GC 152/24|Wyrok|https://www.saos.org.pl/judgments/531556
542238|2025-06-03|SO|I ACa 1048/21|Wyrok|https://www.saos.org.pl/judgments/542238
530021|2025-05-23|SO|IX Ca 1224/24|Postanowienie|https://www.saos.org.pl/judgments/530021
542239|2025-05-22|SO|I ACa 3024/24|Wyrok|https://www.saos.org.pl/judgments/542239
541084|2025-05-22|SO|I ACa 1611/24|Wyrok|https://www.saos.org.pl/judgments/541084
541083|2025-05-22|SO|I ACa 1191/24|Wyrok|https://www.saos.org.pl/judgments/541083
540999|2025-05-22|SO|I ACa 3251/24|Wyrok|https://www.saos.org.pl/judgments/540999
540310|2025-05-22|SO|I ACa 1929/22|Wyrok|https://www.saos.org.pl/judgments/540310
529309|2025-05-19|SO|XVII Amz 26/25|Postanowienie|https://www.saos.org.pl/judgments/529309
540136|2025-05-16|SO|I AGa 362/24|Wyrok|https://www.saos.org.pl/judgments/540136
528959|2025-05-16|SO|V U 890/24|Wyrok|https://www.saos.org.pl/judgments/528959
534480|2025-05-12|SO|VIII U 336/24|Uzasadnienie|https://www.saos.org.pl/judgments/534480
526852|2025-04-29|SO|II1 Co 707/25|Postanowienie|https://www.saos.org.pl/judgments/526852
544438|2025-04-25|SO|I ACa 1910/23|Wyrok|https://www.saos.org.pl/judgments/544438
534464|2025-04-25|SO|VIII U 1778/24|Uzasadnienie|https://www.saos.org.pl/judgments/534464
534463|2025-04-25|SO|VIII U 1748/24|Uzasadnienie|https://www.saos.org.pl/judgments/534463
531182|2025-04-25|SO|I ACa 2621/23|Wyrok|https://www.saos.org.pl/judgments/531182
528731|2025-04-22|SO|IV Pa 237/24|Wyrok|https://www.saos.org.pl/judgments/528731
530465|2025-04-17|SO|VIII U 2418/24|Uzasadnienie|https://www.saos.org.pl/judgments/530465
539641|2025-04-16|SO|I ACa 1559/22|Wyrok|https://www.saos.org.pl/judgments/539641
533919|2025-04-16|SO|VI U 1660/24|Wyrok|https://www.saos.org.pl/judgments/533919
534633|2025-04-14|SO|VIII U 1335/23|Uzasadnienie|https://www.saos.org.pl/judgments/534633
533478|2025-04-14|SO|II Ca 68/25|Uzasadnienie|https://www.saos.org.pl/judgments/533478
544449|2025-04-09|SO|I AGa 154/24|Wyrok|https://www.saos.org.pl/judgments/544449
538061|2025-04-09|SO|I ACa 1071/21|Wyrok|https://www.saos.org.pl/judgments/538061
527367|2025-04-08|SO|I ACa 3172/24|Wyrok|https://www.saos.org.pl/judgments/527367
529377|2025-04-03|SO|III C 872/24|Postanowienie|https://www.saos.org.pl/judgments/529377
534641|2025-04-01|SO|VIII U 1989/24|Uzasadnienie|https://www.saos.org.pl/judgments/534641
531163|2025-03-28|SO|VIII U 1946/24|Uzasadnienie|https://www.saos.org.pl/judgments/531163
539013|2025-03-24|SO|I ACa 1046/23|Wyrok|https://www.saos.org.pl/judgments/539013
537993|2025-03-24|SO|I ACa 990/24|Wyrok|https://www.saos.org.pl/judgments/537993
528643|2025-03-21|SO|II C 250/25|Wyrok|https://www.saos.org.pl/judgments/528643
523964|2025-03-21|SO|VIII Cz 103/25|Postanowienie|https://www.saos.org.pl/judgments/523964
538033|2025-03-19|SO|I ACa 1359/22|Wyrok|https://www.saos.org.pl/judgments/538033
537986|2025-03-18|SO|I ACa 1365/22|Wyrok|https://www.saos.org.pl/judgments/537986
532855|2025-03-13|SO|VIII U 982/24|Uzasadnienie|https://www.saos.org.pl/judgments/532855
541106|2025-03-12|SO|III AUa 648/24|Wyrok|https://www.saos.org.pl/judgments/541106
537555|2025-03-12|SO|III U 279/24|Wyrok|https://www.saos.org.pl/judgments/537555
537676|2025-03-07|SO|I ACa 1280/22|Wyrok|https://www.saos.org.pl/judgments/537676
537593|2025-03-07|SO|I ACa 3686/24|Wyrok|https://www.saos.org.pl/judgments/537593
525337|2025-03-07|SO|VII Pa 180/24|Wyrok|https://www.saos.org.pl/judgments/525337
538038|2025-03-06|SO|I ACa 356/22|Wyrok|https://www.saos.org.pl/judgments/538038
534091|2025-03-06|SO|VIII U 3005/24|Uzasadnienie|https://www.saos.org.pl/judgments/534091
525862|2025-03-05|SO|VI U 1812/24|Wyrok|https://www.saos.org.pl/judgments/525862
538039|2025-03-03|SO|I ACa 423/22|Wyrok|https://www.saos.org.pl/judgments/538039
530506|2025-03-03|SO|VIII U 2926/24|Uzasadnienie|https://www.saos.org.pl/judgments/530506
527020|2025-02-28|SO|VI C 1817/24|Zarządzenie|https://www.saos.org.pl/judgments/527020
538836|2025-02-27|SO|I 1 Co 174/25|Postanowienie|https://www.saos.org.pl/judgments/538836
544435|2025-02-26|SO|I ACa 1472/23|Wyrok|https://www.saos.org.pl/judgments/544435
538404|2025-02-26|SO|XXVI GC 1089/22|Wyrok|https://www.saos.org.pl/judgments/538404
536528|2025-02-25|SO|I ACa 1985/22|Wyrok|https://www.saos.org.pl/judgments/536528
536878|2025-02-24|SO|I ACa 4025/24|Wyrok|https://www.saos.org.pl/judgments/536878
536573|2025-02-18|SO|V GC 492/24|Wyrok|https://www.saos.org.pl/judgments/536573
535281|2025-02-13|SO|V GC 258/24|Wyrok|https://www.saos.org.pl/judgments/535281
525002|2025-02-13|SO|I C 1330/23|Wyrok|https://www.saos.org.pl/judgments/525002
534713|2025-02-12|SO|III AUz 6/25|Postanowienie|https://www.saos.org.pl/judgments/534713
529914|2025-02-12|SO|III Ca 1008/24|Wyrok|https://www.saos.org.pl/judgments/529914
541948|2025-02-10|SO|VI U 1040/24|Wyrok|https://www.saos.org.pl/judgments/541948
524883|2025-02-10|SO|VI U 1928/24|Wyrok|https://www.saos.org.pl/judgments/524883
530442|2025-02-07|SO|VIII U 1732/24|Uzasadnienie|https://www.saos.org.pl/judgments/530442
533568|2025-02-05|SO|II Ca 1786/24|Postanowienie|https://www.saos.org.pl/judgments/533568
522519|2025-02-05|SO|IX Ca 1384/24|Wyrok|https://www.saos.org.pl/judgments/522519
538057|2025-01-30|SO|V GC 209/24|Wyrok|https://www.saos.org.pl/judgments/538057
521179|2025-01-30|SO|I C 811/24|Uzasadnienie|https://www.saos.org.pl/judgments/521179
534029|2025-01-28|SO|V GC 459/24|Wyrok|https://www.saos.org.pl/judgments/534029
520474|2025-01-22|SO|I Co 2683/24|Postanowienie|https://www.saos.org.pl/judgments/520474
535604|2025-01-13|SO|I ACa 1241/24|Wyrok|https://www.saos.org.pl/judgments/535604
535466|2025-01-13|SO|I ACa 1289/24|Wyrok|https://www.saos.org.pl/judgments/535466
522807|2025-01-13|SO|I C 618/24|Uzasadnienie|https://www.saos.org.pl/judgments/522807
522056|2025-01-13|SO|VI U 1342/23|Wyrok|https://www.saos.org.pl/judgments/522056
521803|2025-01-13|SO|VI U 1791/24|Wyrok|https://www.saos.org.pl/judgments/521803
525101|2025-01-10|SO|I C 1577/24|Wyrok|https://www.saos.org.pl/judgments/525101
535001|2025-01-08|SO|I ACa 688/23|Wyrok|https://www.saos.org.pl/judgments/535001
530660|2025-01-08|SO|VIII U 1531/23|Uzasadnienie|https://www.saos.org.pl/judgments/530660
527628|2025-01-08|SO|VIII U 2488/24|Uzasadnienie|https://www.saos.org.pl/judgments/527628
525284|2025-01-07|SO|X C 791/20|Wyrok|https://www.saos.org.pl/judgments/525284
528151|2024-12-30|SO|I ACa 1504/24|Wyrok|https://www.saos.org.pl/judgments/528151
519966|2024-12-19|SO|I C 997/23|Wyrok|https://www.saos.org.pl/judgments/519966
520622|2024-12-18|SO|VI U 1645/24|Wyrok|https://www.saos.org.pl/judgments/520622
519460|2024-12-18|SO|I Ns 667/22|Postanowienie|https://www.saos.org.pl/judgments/519460
518990|2024-12-12|SO|IV U 486/24|Wyrok|https://www.saos.org.pl/judgments/518990
535472|2024-12-10|SO|I ACz 2716/24|Postanowienie|https://www.saos.org.pl/judgments/535472
528104|2024-12-10|SO|I ACa 1337/23|Wyrok|https://www.saos.org.pl/judgments/528104
526656|2024-12-06|SO|VIII U 1426/24|Uzasadnienie|https://www.saos.org.pl/judgments/526656
524846|2024-12-05|SO|III U 372/24|Wyrok|https://www.saos.org.pl/judgments/524846
534749|2024-12-03|SO|I ACz 2575/24|Postanowienie|https://www.saos.org.pl/judgments/534749
531505|2024-11-29|SO|I ACa 642/24|Wyrok|https://www.saos.org.pl/judgments/531505
531507|2024-11-28|SO|I ACa 721/24|Wyrok|https://www.saos.org.pl/judgments/531507
531498|2024-11-28|SO|I ACa 330/23|Wyrok|https://www.saos.org.pl/judgments/531498
531497|2024-11-28|SO|I ACa 320/23|Wyrok|https://www.saos.org.pl/judgments/531497
531495|2024-11-28|SO|I ACa 299/23|Wyrok|https://www.saos.org.pl/judgments/531495
527606|2024-11-28|SO|VIII U 1627/24|Uzasadnienie|https://www.saos.org.pl/judgments/527606
521694|2024-11-28|SO|II Ca 479/24|Wyrok|https://www.saos.org.pl/judgments/521694
533523|2024-11-26|SO|I ACa 1504/22|Wyrok|https://www.saos.org.pl/judgments/533523
531488|2024-11-21|SO|I ACa 211/23|Wyrok|https://www.saos.org.pl/judgments/531488
520441|2024-11-20|SO|VI U 690/24|Wyrok|https://www.saos.org.pl/judgments/520441
520645|2024-11-19|SO|II Ca 1273/24|Wyrok|https://www.saos.org.pl/judgments/520645
519363|2024-11-18|SO|VI U 1003/24|Wyrok|https://www.saos.org.pl/judgments/519363
528277|2024-11-15|SO|VIII U 964/24|Uzasadnienie|https://www.saos.org.pl/judgments/528277
523419|2024-11-15|SO|I C 1829/21|Wyrok|https://www.saos.org.pl/judgments/523419
522137|2024-11-15|SO|I C 2135/21|Wyrok|https://www.saos.org.pl/judgments/522137
533184|2024-11-07|SO|V ACa 741/22|Wyrok|https://www.saos.org.pl/judgments/533184
518506|2024-11-06|SO|VII Pa 171/24|Wyrok|https://www.saos.org.pl/judgments/518506
521542|2024-10-25|SO|III AUa 1474/22|Wyrok|https://www.saos.org.pl/judgments/521542
534741|2024-10-23|SO|I ACa 1246/22|Wyrok|https://www.saos.org.pl/judgments/534741
534355|2024-10-23|SO|I ACa 3450/23|Wyrok|https://www.saos.org.pl/judgments/534355
532705|2024-10-23|SO|I ACa 3292/24|Wyrok|https://www.saos.org.pl/judgments/532705
525423|2024-10-17|SO|I C 2088/22|Wyrok|https://www.saos.org.pl/judgments/525423
531806|2024-10-16|SO|I ACa 1154/22|Wyrok|https://www.saos.org.pl/judgments/531806
516956|2024-10-11|SO|VI C 937/24|Zarządzenie|https://www.saos.org.pl/judgments/516956
531068|2024-10-09|SO|V AGa 432/22|Postanowienie|https://www.saos.org.pl/judgments/531068
524110|2024-10-02|SO|VIII U 1518/23|Uzasadnienie|https://www.saos.org.pl/judgments/524110
521988|2024-10-02|SO|I C 1404/24|Postanowienie|https://www.saos.org.pl/judgments/521988
531262|2024-10-01|SO|I ACa 195/23|Wyrok|https://www.saos.org.pl/judgments/531262
531358|2024-09-30|SO|I ACa 316/24|Wyrok|https://www.saos.org.pl/judgments/531358
526322|2024-09-30|SO|IV P 597/24|Wyrok|https://www.saos.org.pl/judgments/526322
541831|2024-09-25|SO|I AGa 5/24|Wyrok|https://www.saos.org.pl/judgments/541831
520135|2024-09-24|SO|V Ca 2301/24|Wyrok|https://www.saos.org.pl/judgments/520135
524736|2024-09-16|SO|VIII U 112/24|Uzasadnienie|https://www.saos.org.pl/judgments/524736
525074|2024-09-11|SO|XXVII Ca 684/24|Wyrok|https://www.saos.org.pl/judgments/525074
532270|2024-09-06|SO|I C 1418/23|Wyrok|https://www.saos.org.pl/judgments/532270
518742|2024-09-03|SO|VIII U 281/24|Uzasadnienie|https://www.saos.org.pl/judgments/518742
495380|2024-08-14|SO|I C 1101/24|Postanowienie|https://www.saos.org.pl/judgments/495380
522093|2024-08-12|SO|IV P 440/24|Wyrok|https://www.saos.org.pl/judgments/522093
529476|2024-08-07|SO|I ACa 2014/22|Wyrok|https://www.saos.org.pl/judgments/529476
541802|2024-07-31|SO|I ACa 1841/23|Wyrok|https://www.saos.org.pl/judgments/541802
535797|2024-07-29|SO|I C 642/24|Wyrok|https://www.saos.org.pl/judgments/535797
515785|2024-07-29|SO|II Ca 239/23|Wyrok|https://www.saos.org.pl/judgments/515785
521102|2024-07-24|SO|I ACa 2533/23|Wyrok|https://www.saos.org.pl/judgments/521102
521097|2024-07-24|SO|I ACa 1740/22|Wyrok|https://www.saos.org.pl/judgments/521097
517478|2024-07-23|SO|VIII Ua 31/24|Uzasadnienie|https://www.saos.org.pl/judgments/517478
519994|2024-07-18|SO|V Ca 1461/23|Wyrok|https://www.saos.org.pl/judgments/519994
531070|2024-07-15|SO|V AGa 545/23|Postanowienie|https://www.saos.org.pl/judgments/531070
525865|2024-07-10|SO|VI U 418/24|Wyrok|https://www.saos.org.pl/judgments/525865
521111|2024-07-09|SO|I AGa 130/23|Wyrok|https://www.saos.org.pl/judgments/521111
528452|2024-07-08|SO|I ACa 390/21|Wyrok|https://www.saos.org.pl/judgments/528452
522353|2024-07-08|SO|VIII U 1008/24|Uzasadnienie|https://www.saos.org.pl/judgments/522353
528775|2024-07-05|SO|I ACa 494/24|Wyrok|https://www.saos.org.pl/judgments/528775
514977|2024-07-03|SO|XVI GC 1153/23|Wyrok|https://www.saos.org.pl/judgments/514977
536442|2024-06-28|SO|III Ca 1542/23|Uzasadnienie|https://www.saos.org.pl/judgments/536442
528608|2024-06-27|SO|I ACa 1144/22|Wyrok|https://www.saos.org.pl/judgments/528608
521758|2024-06-21|SO|I C 669/24|Wyrok|https://www.saos.org.pl/judgments/521758
521748|2024-06-21|SO|I C 1610/23|Wyrok|https://www.saos.org.pl/judgments/521748
519156|2024-06-20|SO|I ACa 1647/22|Wyrok|https://www.saos.org.pl/judgments/519156
515406|2024-06-19|SO|XXIII Gz 304/24|Postanowienie|https://www.saos.org.pl/judgments/515406
500192|2024-06-13|SO|I Ns 396/22|Postanowienie|https://www.saos.org.pl/judgments/500192
528171|2024-06-12|SO|I AGa 306/21|Wyrok|https://www.saos.org.pl/judgments/528171
525486|2024-06-10|SO|I ACa 579/23|Wyrok|https://www.saos.org.pl/judgments/525486
525484|2024-06-04|SO|I ACa 3007/23|Wyrok|https://www.saos.org.pl/judgments/525484
525476|2024-06-04|SO|I ACa 1161/22|Wyrok|https://www.saos.org.pl/judgments/525476
519155|2024-06-04|SO|I ACa 1644/22|Wyrok|https://www.saos.org.pl/judgments/519155
516185|2024-06-04|SO|V P 3/19|Postanowienie|https://www.saos.org.pl/judgments/516185
504587|2024-05-29|SO|II1 Co 245/24|Postanowienie|https://www.saos.org.pl/judgments/504587
498759|2024-05-29|SO|I C 5885/23|Wyrok|https://www.saos.org.pl/judgments/498759
519158|2024-05-28|SO|I ACa 2453/23|Wyrok|https://www.saos.org.pl/judgments/519158
519153|2024-05-28|SO|I ACa 1592/22|Wyrok|https://www.saos.org.pl/judgments/519153
501729|2024-05-27|SO|II Ca 166/24|Postanowienie|https://www.saos.org.pl/judgments/501729
530390|2024-05-24|SO|III Ca 2284/23|Uzasadnienie|https://www.saos.org.pl/judgments/530390
494933|2024-05-24|SO|I AGa 186/23|Wyrok|https://www.saos.org.pl/judgments/494933
519151|2024-05-23|SO|I ACa 1550/22|Wyrok|https://www.saos.org.pl/judgments/519151
501991|2024-05-23|SO|II Ca 431/23|Zarządzenie|https://www.saos.org.pl/judgments/501991
530385|2024-05-17|SO|III Ca 1112/23|Uzasadnienie|https://www.saos.org.pl/judgments/530385
518181|2024-05-16|SO|I ACa 1537/22|Wyrok|https://www.saos.org.pl/judgments/518181
513867|2024-05-10|SO|VIII U 413/23|Uzasadnienie|https://www.saos.org.pl/judgments/513867
531480|2024-05-09|SO|I ACa 1514/22|Wyrok|https://www.saos.org.pl/judgments/531480
516808|2024-05-09|SO|I ACa 1707/22|Wyrok|https://www.saos.org.pl/judgments/516808
533740|2024-05-02|SO|III Ca 1830/22|Uzasadnienie|https://www.saos.org.pl/judgments/533740
510100|2024-04-26|SO|V GC 110/24|Wyrok|https://www.saos.org.pl/judgments/510100
500151|2024-04-26|SO|I Ns 292/19|Postanowienie|https://www.saos.org.pl/judgments/500151
531476|2024-04-25|SO|I ACa 1410/22|Wyrok|https://www.saos.org.pl/judgments/531476
522784|2024-04-25|SO|I ACa 847/22|Wyrok|https://www.saos.org.pl/judgments/522784
518174|2024-04-25|SO|I ACa 1450/22|Wyrok|https://www.saos.org.pl/judgments/518174
505104|2024-04-25|SO|III AUa 661/23|Wyrok|https://www.saos.org.pl/judgments/505104
501747|2024-04-25|SO|II Ca 175/24|Wyrok|https://www.saos.org.pl/judgments/501747
510015|2024-04-23|SO|V Ca 210/24|Wyrok|https://www.saos.org.pl/judgments/510015
501659|2024-04-22|SO|II Ca 1361/17|Postanowienie|https://www.saos.org.pl/judgments/501659
510747|2024-04-19|SO|VI C 286/24|Zarządzenie|https://www.saos.org.pl/judgments/510747
510090|2024-04-19|SO|V Ca 924/24|Wyrok|https://www.saos.org.pl/judgments/510090
513483|2024-04-18|SO|VIII U 1841/23|Uzasadnienie|https://www.saos.org.pl/judgments/513483
504991|2024-04-17|SO|III AUa 44/23|Wyrok|https://www.saos.org.pl/judgments/504991
532001|2024-04-15|SO|III Ca 1884/21|Uzasadnienie|https://www.saos.org.pl/judgments/532001
533722|2024-04-12|SO|III Ca 1373/22|Uzasadnienie|https://www.saos.org.pl/judgments/533722
521594|2024-04-12|SO|I ACa 828/22|Wyrok|https://www.saos.org.pl/judgments/521594
494770|2024-04-05|SO|I ACa 945/22|Wyrok|https://www.saos.org.pl/judgments/494770
493693|2024-04-04|SO|I ACa 1539/22|Wyrok|https://www.saos.org.pl/judgments/493693
524773|2024-04-03|SO|I ACa 484/24|Wyrok|https://www.saos.org.pl/judgments/524773
514973|2024-04-03|SO|XVI Ca 466/23|Uzasadnienie|https://www.saos.org.pl/judgments/514973
519012|2024-03-28|SO|VIII U 1628/23|Uzasadnienie|https://www.saos.org.pl/judgments/519012
513410|2024-03-28|SO|VIII U 167/23|Uzasadnienie|https://www.saos.org.pl/judgments/513410
493771|2024-03-27|SO|I ACa 1740/22|Wyrok|https://www.saos.org.pl/judgments/493771
528299|2024-03-22|SO|I ACa 36/24|Wyrok|https://www.saos.org.pl/judgments/528299
531472|2024-03-21|SO|I ACa 1374/22|Wyrok|https://www.saos.org.pl/judgments/531472
520066|2024-03-19|SO|I ACa 1596/21|Wyrok|https://www.saos.org.pl/judgments/520066
496251|2024-03-15|SO|I C 1657/23|Wyrok|https://www.saos.org.pl/judgments/496251
531468|2024-03-14|SO|I ACa 1348/22|Wyrok|https://www.saos.org.pl/judgments/531468
505237|2024-03-14|SO|III AUz 227/23|Postanowienie|https://www.saos.org.pl/judgments/505237
519849|2024-03-12|SO|I ACa 582/23|Wyrok|https://www.saos.org.pl/judgments/519849
521730|2024-03-07|SO|I ACa 563/22|Wyrok|https://www.saos.org.pl/judgments/521730
511521|2024-03-06|SO|VI U 1893/23|Wyrok|https://www.saos.org.pl/judgments/511521
543724|2024-03-01|SO|V ACa 984/23|Wyrok|https://www.saos.org.pl/judgments/543724
513279|2024-03-01|SO|VIII U 137/23|Uzasadnienie|https://www.saos.org.pl/judgments/513279
533359|2024-02-27|SO|I ACa 213/23|Wyrok|https://www.saos.org.pl/judgments/533359
513182|2024-02-23|SO|VIII U 125/23|Uzasadnienie|https://www.saos.org.pl/judgments/513182
510021|2024-02-22|SO|V Ca 2269/23|Wyrok|https://www.saos.org.pl/judgments/510021
518204|2024-02-21|SO|I AGa 65/23|Wyrok|https://www.saos.org.pl/judgments/518204
509211|2024-02-21|SO|IX Ca 1466/23|Wyrok|https://www.saos.org.pl/judgments/509211
529940|2024-02-19|SO|III Ca 2282/23|Uzasadnienie|https://www.saos.org.pl/judgments/529940
529774|2024-02-19|SO|III Ca 2283/23|Uzasadnienie|https://www.saos.org.pl/judgments/529774
530762|2024-02-16|SO|III Ca 2442/22|Uzasadnienie|https://www.saos.org.pl/judgments/530762
502171|2024-02-15|SO|II Ca 720/23|Postanowienie|https://www.saos.org.pl/judgments/502171
494869|2024-02-15|SO|I AGa 116/23|Wyrok|https://www.saos.org.pl/judgments/494869
511519|2024-02-14|SO|VI U 1866/23|Wyrok|https://www.saos.org.pl/judgments/511519
517684|2024-02-13|SO|V ACa 1406/23|Wyrok|https://www.saos.org.pl/judgments/517684
519266|2024-02-07|SO|I ACa 436/22|Wyrok|https://www.saos.org.pl/judgments/519266
518171|2024-02-07|SO|I ACa 1329/22|Wyrok|https://www.saos.org.pl/judgments/518171
512733|2024-02-07|SO|VIII Ga 172/23|Wyrok|https://www.saos.org.pl/judgments/512733
510074|2024-02-07|SO|V Ca 3997/23|Wyrok|https://www.saos.org.pl/judgments/510074
519092|2024-02-02|SO|I ACa 692/22|Wyrok|https://www.saos.org.pl/judgments/519092
502347|2024-02-02|SO|II Cz 90/22|Postanowienie|https://www.saos.org.pl/judgments/502347
494302|2024-02-02|SO|I ACa 547/22|Wyrok|https://www.saos.org.pl/judgments/494302
513712|2024-02-01|SO|VIII U 2309/23|Uzasadnienie|https://www.saos.org.pl/judgments/513712
513516|2024-01-31|SO|VIII U 190/23|Uzasadnienie|https://www.saos.org.pl/judgments/513516
513398|2024-01-31|SO|VIII U 165/23|Uzasadnienie|https://www.saos.org.pl/judgments/513398
530265|2024-01-30|SO|III Ca 1553/23|Uzasadnienie|https://www.saos.org.pl/judgments/530265
518779|2024-01-26|SO|I ACa 2134/22|Wyrok|https://www.saos.org.pl/judgments/518779
533427|2024-01-25|SO|I ACa 2194/22|Wyrok|https://www.saos.org.pl/judgments/533427
493468|2024-01-23|SO|I ACa 1236/23|Wyrok|https://www.saos.org.pl/judgments/493468
500216|2024-01-22|SO|I Ns 462/18|Postanowienie|https://www.saos.org.pl/judgments/500216
518016|2024-01-19|SO|I AGa 333/23|Wyrok|https://www.saos.org.pl/judgments/518016
529927|2024-01-18|SO|III Ca 1435/22|Uzasadnienie|https://www.saos.org.pl/judgments/529927
516802|2024-01-18|SO|I ACa 1126/22|Wyrok|https://www.saos.org.pl/judgments/516802
510668|2024-01-18|SO|VI C 1714/22|Zarządzenie|https://www.saos.org.pl/judgments/510668
494817|2024-01-17|SO|I ACa 977/22|Wyrok|https://www.saos.org.pl/judgments/494817
533584|2024-01-16|SO|II Ca 2270/23|Postanowienie|https://www.saos.org.pl/judgments/533584
495960|2024-01-15|SO|I C 1454/22|Wyrok|https://www.saos.org.pl/judgments/495960
512764|2024-01-11|SO|VIII GC 1704/23|Wyrok|https://www.saos.org.pl/judgments/512764
493255|2024-01-11|SO|I ACa 1002/22|Wyrok|https://www.saos.org.pl/judgments/493255
533573|2024-01-10|SO|II Ca 2070/23|Postanowienie|https://www.saos.org.pl/judgments/533573
517859|2024-01-08|SO|I ACa 156/22|Wyrok|https://www.saos.org.pl/judgments/517859
513859|2024-01-05|SO|VIII U 382/23|Uzasadnienie|https://www.saos.org.pl/judgments/513859
507310|2024-01-05|SO|III RC 412/23|Wyrok|https://www.saos.org.pl/judgments/507310
515383|2024-01-04|SO|XXI U 732/23|Wyrok|https://www.saos.org.pl/judgments/515383
508917|2024-01-04|SO|IV Pz 14/23|Postanowienie|https://www.saos.org.pl/judgments/508917
513185|2024-01-03|SO|VIII U 1253/23|Uzasadnienie|https://www.saos.org.pl/judgments/513185
513047|2024-01-03|SO|VIII Pa 89/23|Uzasadnienie|https://www.saos.org.pl/judgments/513047
505229|2023-12-28|SO|III AUz 131/23|Postanowienie|https://www.saos.org.pl/judgments/505229
505228|2023-12-28|SO|III AUz 130/23|Postanowienie|https://www.saos.org.pl/judgments/505228
495908|2023-12-28|SO|I C 1407/23|Wyrok|https://www.saos.org.pl/judgments/495908
495662|2023-12-28|SO|I C 1257/23|Wyrok|https://www.saos.org.pl/judgments/495662
494783|2023-12-21|SO|I ACa 954/22|Wyrok|https://www.saos.org.pl/judgments/494783
494308|2023-12-21|SO|I ACa 55/23|Wyrok|https://www.saos.org.pl/judgments/494308
525355|2023-12-20|SO|I ACa 227/22|Wyrok|https://www.saos.org.pl/judgments/525355
519098|2023-12-20|SO|I AGa 224/19|Wyrok|https://www.saos.org.pl/judgments/519098
515685|2023-12-20|SO|XXVII Ca 1952/22|Wyrok|https://www.saos.org.pl/judgments/515685
527998|2023-12-19|SO|III Ca 1214/21|Uzasadnienie|https://www.saos.org.pl/judgments/527998
518196|2023-12-19|SO|I AGa 118/23|Wyrok|https://www.saos.org.pl/judgments/518196
513548|2023-12-19|SO|VIII U 197/23|Uzasadnienie|https://www.saos.org.pl/judgments/513548
494934|2023-12-19|SO|I AGa 188/22|Wyrok|https://www.saos.org.pl/judgments/494934
513553|2023-12-15|SO|VIII U 199/23|Uzasadnienie|https://www.saos.org.pl/judgments/513553
512749|2023-12-15|SO|VIII GC 1179/23|Wyrok|https://www.saos.org.pl/judgments/512749
527381|2023-12-14|SO|II Ca 1126/23|Uzasadnienie|https://www.saos.org.pl/judgments/527381
511503|2023-12-14|SO|VI U 1550/23|Wyrok|https://www.saos.org.pl/judgments/511503
502256|2023-12-14|SO|II Ca 856/23|Postanowienie|https://www.saos.org.pl/judgments/502256
500113|2023-12-14|SO|I Ns 197/22|Postanowienie|https://www.saos.org.pl/judgments/500113
494789|2023-12-14|SO|I ACa 960/22|Wyrok|https://www.saos.org.pl/judgments/494789
515696|2023-12-13|SO|XXVII Ca 2197/22|Postanowienie|https://www.saos.org.pl/judgments/515696
499788|2023-12-13|SO|I C 987/21|Wyrok|https://www.saos.org.pl/judgments/499788
514929|2023-12-07|SO|XV Ca 1663/23|Wyrok|https://www.saos.org.pl/judgments/514929
504731|2023-12-06|SO|III AUa 1333/21|Wyrok|https://www.saos.org.pl/judgments/504731
497683|2023-12-06|SO|I C 3376/23|Zarządzenie|https://www.saos.org.pl/judgments/497683
532641|2023-12-05|SO|XXIV C 636/18|Wyrok|https://www.saos.org.pl/judgments/532641
510354|2023-12-05|SO|V Pa 12/23|Wyrok|https://www.saos.org.pl/judgments/510354
497995|2023-11-30|SO|I C 398/22|Postanowienie|https://www.saos.org.pl/judgments/497995
494704|2023-11-30|SO|I ACa 894/22|Wyrok|https://www.saos.org.pl/judgments/494704
495003|2023-11-29|SO|I AGa 28/23|Wyrok|https://www.saos.org.pl/judgments/495003
493367|2023-11-29|SO|I ACa 1125/23|Wyrok|https://www.saos.org.pl/judgments/493367
500048|2023-11-28|SO|I Co 636/23|Postanowienie|https://www.saos.org.pl/judgments/500048
495931|2023-11-24|SO|I C 1429/23|Wyrok|https://www.saos.org.pl/judgments/495931
499019|2023-11-21|SO|I C 67/22|Wyrok|https://www.saos.org.pl/judgments/499019
496649|2023-11-21|SO|I C 202/23|Wyrok|https://www.saos.org.pl/judgments/496649
512954|2023-11-20|SO|VIII Pa 27/23|Uzasadnienie|https://www.saos.org.pl/judgments/512954
513797|2023-11-16|SO|VIII U 274/23|Postanowienie|https://www.saos.org.pl/judgments/513797
494886|2023-11-16|SO|I AGa 130/23|Wyrok|https://www.saos.org.pl/judgments/494886
499358|2023-11-15|SO|I C 788/23|Postanowienie|https://www.saos.org.pl/judgments/499358
513291|2023-11-09|SO|VIII U 138/23|Uzasadnienie|https://www.saos.org.pl/judgments/513291
496665|2023-11-09|SO|I C 2039/21|Wyrok|https://www.saos.org.pl/judgments/496665
498992|2023-11-08|SO|I C 659/22|Wyrok|https://www.saos.org.pl/judgments/498992
510810|2023-11-07|SO|VI C 995/23|Uzasadnienie|https://www.saos.org.pl/judgments/510810
506842|2023-11-06|SO|III Cz 381/23|Postanowienie|https://www.saos.org.pl/judgments/506842
494187|2023-11-03|SO|I ACa 440/22|Wyrok|https://www.saos.org.pl/judgments/494187
518834|2023-11-02|SO|III Ca 328/22|Uzasadnienie|https://www.saos.org.pl/judgments/518834
539373|2023-10-31|SO|V GC 187/20|Wyrok|https://www.saos.org.pl/judgments/539373
520015|2023-10-31|SO|I ACa 783/22|Wyrok|https://www.saos.org.pl/judgments/520015
522894|2023-10-30|SO|II Ca 1269/23|Wyrok|https://www.saos.org.pl/judgments/522894
510405|2023-10-30|SO|V U 129/23|Wyrok|https://www.saos.org.pl/judgments/510405
513077|2023-10-27|SO|VIII U 1025/23|Uzasadnienie|https://www.saos.org.pl/judgments/513077
494163|2023-10-27|SO|I ACa 414/22|Wyrok|https://www.saos.org.pl/judgments/494163
494668|2023-10-25|SO|I ACa 869/22|Wyrok|https://www.saos.org.pl/judgments/494668
515978|2023-10-23|SO|I C 1135/23|Wyrok|https://www.saos.org.pl/judgments/515978
511644|2023-10-18|SO|VI U 730/23|Wyrok|https://www.saos.org.pl/judgments/511644
494916|2023-10-18|SO|I AGa 169/22|Wyrok|https://www.saos.org.pl/judgments/494916
497154|2023-10-17|SO|I C 26/23|Wyrok|https://www.saos.org.pl/judgments/497154
495738|2023-10-13|SO|I C 13/22|Wyrok|https://www.saos.org.pl/judgments/495738
513319|2023-10-11|SO|VIII U 1451/22|Uzasadnienie|https://www.saos.org.pl/judgments/513319
517858|2023-10-10|SO|I ACa 1489/21|Wyrok|https://www.saos.org.pl/judgments/517858
494236|2023-10-10|SO|I ACa 486/22|Wyrok|https://www.saos.org.pl/judgments/494236
543897|2023-10-05|SO|V ACa 220/22|Wyrok|https://www.saos.org.pl/judgments/543897
505417|2023-10-04|SO|III C 786/22|Wyrok|https://www.saos.org.pl/judgments/505417
497962|2023-10-04|SO|I C 3903/22|Wyrok|https://www.saos.org.pl/judgments/497962
494592|2023-10-04|SO|I ACa 795/22|Wyrok|https://www.saos.org.pl/judgments/494592
518456|2023-09-29|SO|III Ca 878/22|Uzasadnienie|https://www.saos.org.pl/judgments/518456
514681|2023-09-29|SO|XIII Ga 290/23|Uzasadnienie|https://www.saos.org.pl/judgments/514681
493985|2023-09-29|SO|I ACa 270/22|Wyrok|https://www.saos.org.pl/judgments/493985
494283|2023-09-28|SO|I ACa 532/22|Wyrok|https://www.saos.org.pl/judgments/494283
493279|2023-09-28|SO|I ACa 1037/22|Wyrok|https://www.saos.org.pl/judgments/493279
494894|2023-09-27|SO|I AGa 141/22|Wyrok|https://www.saos.org.pl/judgments/494894
493969|2023-09-27|SO|I ACa 260/22|Wyrok|https://www.saos.org.pl/judgments/493969
493459|2023-09-27|SO|I ACa 1220/22|Wyrok|https://www.saos.org.pl/judgments/493459
527410|2023-09-21|SO|II Cz 161/23|Uzasadnienie|https://www.saos.org.pl/judgments/527410
505321|2023-09-19|SO|III C 288/23|Wyrok|https://www.saos.org.pl/judgments/505321
513991|2023-09-07|SO|VIII U 618/23|Uzasadnienie|https://www.saos.org.pl/judgments/513991
544260|2023-09-05|SO|III AUa 733/22|Uzasadnienie|https://www.saos.org.pl/judgments/544260
511451|2023-09-05|SO|VI U 1033/23|Wyrok|https://www.saos.org.pl/judgments/511451
494377|2023-08-31|SO|I ACa 607/23|Wyrok|https://www.saos.org.pl/judgments/494377
494860|2023-08-29|SO|I AGa 109/23|Wyrok|https://www.saos.org.pl/judgments/494860
494117|2023-08-23|SO|I ACa 371/23|Wyrok|https://www.saos.org.pl/judgments/494117
499875|2023-08-17|SO|I Ca 229/23|Wyrok|https://www.saos.org.pl/judgments/499875
516460|2023-08-10|SO|I ACa 777/22|Wyrok|https://www.saos.org.pl/judgments/516460
510241|2023-08-10|SO|V GCo 1624/23|Uzasadnienie|https://www.saos.org.pl/judgments/510241
505663|2023-08-04|SO|III Ca 1447/22|Uzasadnienie|https://www.saos.org.pl/judgments/505663
507147|2023-08-03|SO|III Ns 591/21|Postanowienie|https://www.saos.org.pl/judgments/507147
501888|2023-08-01|SO|II Ca 289/23|Uzasadnienie|https://www.saos.org.pl/judgments/501888
516394|2023-07-28|SO|I ACa 1728/22|Wyrok|https://www.saos.org.pl/judgments/516394
494447|2023-07-26|SO|I ACa 666/22|Wyrok|https://www.saos.org.pl/judgments/494447
515414|2023-07-25|SO|XXIII Gz 527/23|Postanowienie|https://www.saos.org.pl/judgments/515414
535396|2023-07-21|SO|V ACa 11/22|Wyrok|https://www.saos.org.pl/judgments/535396
505367|2023-07-21|SO|III C 460/22|Wyrok|https://www.saos.org.pl/judgments/505367
494392|2023-07-20|SO|I ACa 621/22|Wyrok|https://www.saos.org.pl/judgments/494392
516774|2023-07-18|SO|V Pa 7/23|Wyrok|https://www.saos.org.pl/judgments/516774
505399|2023-07-17|SO|III C 661/23|Postanowienie|https://www.saos.org.pl/judgments/505399
501965|2023-07-17|SO|II Ca 392/23|Wyrok|https://www.saos.org.pl/judgments/501965
493704|2023-07-14|SO|I ACa 1560/22|Wyrok|https://www.saos.org.pl/judgments/493704
504589|2023-07-12|SO|III APa 1/22|Wyrok|https://www.saos.org.pl/judgments/504589
493826|2023-07-12|SO|I ACa 1862/22|Wyrok|https://www.saos.org.pl/judgments/493826
493380|2023-07-10|SO|I ACa 1138/22|Wyrok|https://www.saos.org.pl/judgments/493380
493252|2023-07-07|SO|I ACa 1001/22|Wyrok|https://www.saos.org.pl/judgments/493252
502336|2023-07-04|SO|II Cz 26/23|Postanowienie|https://www.saos.org.pl/judgments/502336
511944|2023-07-03|SO|VII U 1302/22|Wyrok|https://www.saos.org.pl/judgments/511944
506610|2023-07-03|SO|III Ca 558/23|Uzasadnienie|https://www.saos.org.pl/judgments/506610
494008|2023-06-30|SO|I ACa 2822/22|Wyrok|https://www.saos.org.pl/judgments/494008
543895|2023-06-29|SO|V ACa 108/22|Wyrok|https://www.saos.org.pl/judgments/543895
493809|2023-06-29|SO|I ACa 1822/22|Wyrok|https://www.saos.org.pl/judgments/493809
512426|2023-06-23|SO|VIII C 195/23|Wyrok|https://www.saos.org.pl/judgments/512426
493999|2023-06-22|SO|I ACa 277/22|Wyrok|https://www.saos.org.pl/judgments/493999
511635|2023-06-21|SO|VI U 631/23|Wyrok|https://www.saos.org.pl/judgments/511635
494206|2023-06-20|SO|I ACa 459/22|Wyrok|https://www.saos.org.pl/judgments/494206
502098|2023-06-19|SO|II Ca 619/22|Wyrok|https://www.saos.org.pl/judgments/502098
490113|2023-06-14|SO|II Ca 1052/22|Uzasadnienie|https://www.saos.org.pl/judgments/490113
495076|2023-06-13|SO|I AGa 389/21|Wyrok|https://www.saos.org.pl/judgments/495076
492676|2023-06-12|SO|VII U 1724/21|Wyrok|https://www.saos.org.pl/judgments/492676
489661|2023-06-07|SO|VIII U 113/23|Uzasadnienie|https://www.saos.org.pl/judgments/489661
516374|2023-05-30|SO|I ACa 1433/22|Wyrok|https://www.saos.org.pl/judgments/516374
488856|2023-05-26|SO|VII Ga 71/23|Wyrok|https://www.saos.org.pl/judgments/488856
512615|2023-05-24|SO|VIII C 657/22|Wyrok|https://www.saos.org.pl/judgments/512615
506391|2023-05-22|SO|III Ca 2572/21|Uzasadnienie|https://www.saos.org.pl/judgments/506391
490574|2023-05-22|SO|I ACa 73/22|Wyrok|https://www.saos.org.pl/judgments/490574
532626|2023-05-19|SO|XV Ca 1733/22|Postanowienie|https://www.saos.org.pl/judgments/532626
510560|2023-05-19|SO|VI ACa 1290/22|Wyrok|https://www.saos.org.pl/judgments/510560
499426|2023-05-19|SO|I C 818/20|Wyrok|https://www.saos.org.pl/judgments/499426
522682|2023-05-18|SO|I AGa 299/21|Wyrok|https://www.saos.org.pl/judgments/522682
493411|2023-05-16|SO|I ACa 1163/20|Wyrok|https://www.saos.org.pl/judgments/493411
489242|2023-05-16|SO|II C 3631/22|Zarządzenie|https://www.saos.org.pl/judgments/489242
504585|2023-05-10|SO|II1 Co 1813/17|Postanowienie|https://www.saos.org.pl/judgments/504585
525872|2023-05-08|SO|XII Ga 708/22|Wyrok|https://www.saos.org.pl/judgments/525872
490631|2023-05-08|SO|VI U 461/22|Wyrok|https://www.saos.org.pl/judgments/490631
506200|2023-05-05|SO|III Ca 2306/21|Uzasadnienie|https://www.saos.org.pl/judgments/506200
493700|2023-04-27|SO|I ACa 1552/21|Wyrok|https://www.saos.org.pl/judgments/493700
516438|2023-04-26|SO|I ACa 515/22|Wyrok|https://www.saos.org.pl/judgments/516438
507583|2023-04-25|SO|IV Ca 2104/22|Wyrok|https://www.saos.org.pl/judgments/507583
493915|2023-04-25|SO|I ACa 222/22|Wyrok|https://www.saos.org.pl/judgments/493915
506165|2023-04-24|SO|III Ca 2237/21|Uzasadnienie|https://www.saos.org.pl/judgments/506165
495130|2023-04-20|SO|I AGa 79/22|Wyrok|https://www.saos.org.pl/judgments/495130
488686|2023-04-19|SO|III AUa 879/21|Wyrok|https://www.saos.org.pl/judgments/488686
528514|2023-04-17|SO|V ACa 596/21|Wyrok|https://www.saos.org.pl/judgments/528514
494850|2023-04-13|SO|I AGa 1/22|Wyrok|https://www.saos.org.pl/judgments/494850
492551|2023-04-13|SO|V ACa 434/22|Wyrok|https://www.saos.org.pl/judgments/492551
516387|2023-04-06|SO|I ACa 1650/22|Wyrok|https://www.saos.org.pl/judgments/516387
492556|2023-04-05|SO|V ACa 597/22|Wyrok|https://www.saos.org.pl/judgments/492556
493534|2023-04-04|SO|I ACa 1308/21|Wyrok|https://www.saos.org.pl/judgments/493534
488272|2023-04-03|SO|VI U 16/23|Wyrok|https://www.saos.org.pl/judgments/488272
487565|2023-04-03|SO|XII Ga 856/22|Uzasadnienie|https://www.saos.org.pl/judgments/487565
533013|2023-03-31|SO|II Ca 260/23|Postanowienie|https://www.saos.org.pl/judgments/533013
496268|2023-03-31|SO|I C 167/23|Wyrok|https://www.saos.org.pl/judgments/496268
487782|2023-03-31|SO|II C 788/21|Wyrok|https://www.saos.org.pl/judgments/487782
506724|2023-03-30|SO|III Ca 792/21|Uzasadnienie|https://www.saos.org.pl/judgments/506724
494831|2023-03-30|SO|I ACa 99/22|Wyrok|https://www.saos.org.pl/judgments/494831
491102|2023-03-30|SO|III AUa 729/22|Wyrok|https://www.saos.org.pl/judgments/491102
516427|2023-03-28|SO|I ACa 443/22|Wyrok|https://www.saos.org.pl/judgments/516427
488275|2023-03-27|SO|VI U 2741/22|Wyrok|https://www.saos.org.pl/judgments/488275
506291|2023-03-24|SO|III Ca 2434/21|Uzasadnienie|https://www.saos.org.pl/judgments/506291
491202|2023-03-23|SO|I ACa 1152/21|Wyrok|https://www.saos.org.pl/judgments/491202
490158|2023-03-23|SO|VI C 2582/22|Zarządzenie|https://www.saos.org.pl/judgments/490158
505727|2023-03-20|SO|III Ca 1552/21|Uzasadnienie|https://www.saos.org.pl/judgments/505727
489109|2023-03-16|SO|II1 C 38/22|Wyrok|https://www.saos.org.pl/judgments/489109
485940|2023-03-16|SO|VII P 25/22|Wyrok|https://www.saos.org.pl/judgments/485940
493405|2023-03-15|SO|I ACa 1151/21|Wyrok|https://www.saos.org.pl/judgments/493405
486417|2023-03-14|SO|I ACa 771/21|Uzasadnienie|https://www.saos.org.pl/judgments/486417
493972|2023-03-13|SO|I ACa 262/22|Wyrok|https://www.saos.org.pl/judgments/493972
487456|2023-03-13|SO|VI U 2140/22|Wyrok|https://www.saos.org.pl/judgments/487456
501994|2023-03-10|SO|II Ca 438/22|Wyrok|https://www.saos.org.pl/judgments/501994
520892|2023-03-07|SO|I AGa 165/21|Wyrok|https://www.saos.org.pl/judgments/520892
502277|2023-03-03|SO|II Ca 903/22|Uzasadnienie|https://www.saos.org.pl/judgments/502277
494254|2023-02-28|SO|I ACa 505/22|Wyrok|https://www.saos.org.pl/judgments/494254
493850|2023-02-28|SO|I ACa 1945/22|Wyrok|https://www.saos.org.pl/judgments/493850
487742|2023-02-28|SO|I C 2007/21|Wyrok|https://www.saos.org.pl/judgments/487742
516445|2023-02-23|SO|I ACa 599/22|Wyrok|https://www.saos.org.pl/judgments/516445
506270|2023-02-23|SO|III Ca 2404/21|Uzasadnienie|https://www.saos.org.pl/judgments/506270
516383|2023-02-22|SO|I ACa 1577/22|Wyrok|https://www.saos.org.pl/judgments/516383
494892|2023-02-22|SO|I AGa 14/22|Wyrok|https://www.saos.org.pl/judgments/494892
485704|2023-02-22|SO|III Ca 316/22|Wyrok|https://www.saos.org.pl/judgments/485704
483710|2023-02-21|SO|VIII U 675/22|Uzasadnienie|https://www.saos.org.pl/judgments/483710
517377|2023-02-15|SO|IV U 392/21|Wyrok|https://www.saos.org.pl/judgments/517377
485286|2023-02-15|SO|V ACa 499/22|Wyrok|https://www.saos.org.pl/judgments/485286
484106|2023-02-14|SO|II Ca 1849/22|Postanowienie|https://www.saos.org.pl/judgments/484106
483562|2023-02-13|SO|VIII U 1882/22|Uzasadnienie|https://www.saos.org.pl/judgments/483562
483178|2023-02-13|SO|VIII U 1293/22|Uzasadnienie|https://www.saos.org.pl/judgments/483178
522765|2023-02-08|SO|VI U 2368/22|Wyrok|https://www.saos.org.pl/judgments/522765
494013|2023-02-06|SO|I ACa 286/22|Wyrok|https://www.saos.org.pl/judgments/494013
483778|2023-02-03|SO|II Ca 938/22|Wyrok|https://www.saos.org.pl/judgments/483778
527266|2023-02-02|SO|I ACa 81/21|Wyrok|https://www.saos.org.pl/judgments/527266
516403|2023-01-31|SO|I ACa 226/22|Wyrok|https://www.saos.org.pl/judgments/516403
511407|2023-01-31|SO|VI P 513/17|Wyrok|https://www.saos.org.pl/judgments/511407
493005|2023-01-31|SO|XV Ca 1813/21|Wyrok|https://www.saos.org.pl/judgments/493005
484973|2023-01-31|SO|II Ca 1429/22|Wyrok|https://www.saos.org.pl/judgments/484973
493431|2023-01-30|SO|I ACa 1185/22|Wyrok|https://www.saos.org.pl/judgments/493431
507666|2023-01-29|SO|IV GCo 2802/22|Zarządzenie|https://www.saos.org.pl/judgments/507666
502299|2023-01-26|SO|II Ca 951/22|Wyrok|https://www.saos.org.pl/judgments/502299
494630|2023-01-25|SO|I ACa 835/21|Wyrok|https://www.saos.org.pl/judgments/494630
485839|2023-01-25|SO|XIV C 287/22|Postanowienie|https://www.saos.org.pl/judgments/485839
481998|2023-01-24|SO|VIII U 211/22|Uzasadnienie|https://www.saos.org.pl/judgments/481998
509697|2023-01-23|SO|V ACa 1048/22|Wyrok|https://www.saos.org.pl/judgments/509697
493325|2023-01-19|SO|I ACa 1086/22|Wyrok|https://www.saos.org.pl/judgments/493325
482534|2023-01-19|SO|II Ca 355/22|Postanowienie|https://www.saos.org.pl/judgments/482534
509965|2023-01-16|SO|V C 280/21|Wyrok|https://www.saos.org.pl/judgments/509965
495808|2023-01-16|SO|I C 1334/19|Zarządzenie|https://www.saos.org.pl/judgments/495808
505518|2023-01-13|SO|III Ca 1167/21|Uzasadnienie|https://www.saos.org.pl/judgments/505518
489800|2023-01-13|SO|I ACa 721/22|Wyrok|https://www.saos.org.pl/judgments/489800
506244|2023-01-11|SO|III Ca 2366/21|Uzasadnienie|https://www.saos.org.pl/judgments/506244
482660|2023-01-11|SO|XI GC 425/22|Zarządzenie|https://www.saos.org.pl/judgments/482660
493720|2023-01-10|SO|I ACa 1593/21|Wyrok|https://www.saos.org.pl/judgments/493720
519503|2022-12-30|SO|IV Pa 32/22|Wyrok|https://www.saos.org.pl/judgments/519503
505719|2022-12-30|SO|III Ca 154/22|Uzasadnienie|https://www.saos.org.pl/judgments/505719
484438|2022-12-29|SO|II Ca 774/22|Postanowienie|https://www.saos.org.pl/judgments/484438
484107|2022-12-29|SO|II Ca 1851/22|Postanowienie|https://www.saos.org.pl/judgments/484107
483195|2022-12-29|SO|VIII U 1499/22|Uzasadnienie|https://www.saos.org.pl/judgments/483195
482085|2022-12-27|SO|II Ca 1798/22|Postanowienie|https://www.saos.org.pl/judgments/482085
505523|2022-12-22|SO|III Ca 1179/21|Uzasadnienie|https://www.saos.org.pl/judgments/505523
483948|2022-12-22|SO|I Cz 80/22|Postanowienie|https://www.saos.org.pl/judgments/483948
483652|2022-12-22|SO|III AUa 2201/21|Wyrok|https://www.saos.org.pl/judgments/483652
483724|2022-12-20|SO|II Ca 1392/22|Wyrok|https://www.saos.org.pl/judgments/483724
512766|2022-12-16|SO|VIII GC 1767/22|Wyrok|https://www.saos.org.pl/judgments/512766
493593|2022-12-16|SO|I ACa 1404/21|Wyrok|https://www.saos.org.pl/judgments/493593
491735|2022-12-16|SO|V C 1458/19|Wyrok|https://www.saos.org.pl/judgments/491735
489448|2022-12-16|SO|XVII AmA 72/22|Postanowienie|https://www.saos.org.pl/judgments/489448
483196|2022-12-16|SO|VIII U 1499/22|Postanowienie|https://www.saos.org.pl/judgments/483196
537988|2022-12-15|SO|I ACa 629/21|Wyrok|https://www.saos.org.pl/judgments/537988
506235|2022-12-15|SO|III Ca 2356/21|Uzasadnienie|https://www.saos.org.pl/judgments/506235
505553|2022-12-15|SO|III Ca 1223/21|Uzasadnienie|https://www.saos.org.pl/judgments/505553
485067|2022-12-15|SO|I Ns 381/22|Postanowienie|https://www.saos.org.pl/judgments/485067
482560|2022-12-15|SO|V GC 201/22|Wyrok|https://www.saos.org.pl/judgments/482560
494285|2022-12-14|SO|I ACa 533/22|Wyrok|https://www.saos.org.pl/judgments/494285
494264|2022-12-14|SO|I ACa 513/22|Wyrok|https://www.saos.org.pl/judgments/494264
484659|2022-12-14|SO|I ACa 1390/21|Wyrok|https://www.saos.org.pl/judgments/484659
480623|2022-12-13|SO|III S 145/22|Postanowienie|https://www.saos.org.pl/judgments/480623
479224|2022-12-13|SO|VIII U 1276/22|Uzasadnienie|https://www.saos.org.pl/judgments/479224
506039|2022-12-12|SO|III Ca 2016/21|Uzasadnienie|https://www.saos.org.pl/judgments/506039
494189|2022-12-12|SO|I ACa 442/22|Wyrok|https://www.saos.org.pl/judgments/494189
509862|2022-12-09|SO|V ACa 844/22|Wyrok|https://www.saos.org.pl/judgments/509862
519195|2022-12-06|SO|III AUa 195/22|Wyrok|https://www.saos.org.pl/judgments/519195
505933|2022-12-06|SO|III Ca 1883/21|Uzasadnienie|https://www.saos.org.pl/judgments/505933
515370|2022-12-02|SO|XX Gz 203/22|Postanowienie|https://www.saos.org.pl/judgments/515370
494868|2022-11-30|SO|I AGa 116/22|Wyrok|https://www.saos.org.pl/judgments/494868
493875|2022-11-30|SO|I ACa 204/19|Wyrok|https://www.saos.org.pl/judgments/493875
480830|2022-11-29|SO|I C 754/21|Wyrok|https://www.saos.org.pl/judgments/480830
478458|2022-11-28|SO|VIII U 1237/22|Uzasadnienie|https://www.saos.org.pl/judgments/478458
482796|2022-11-25|SO|I ACa 434/21|Wyrok|https://www.saos.org.pl/judgments/482796
478918|2022-11-25|SO|VIII U 2104/22|Uzasadnienie|https://www.saos.org.pl/judgments/478918
479813|2022-11-22|SO|II AKa 94/22|Uzasadnienie|https://www.saos.org.pl/judgments/479813
495007|2022-11-21|SO|I AGa 282/20|Wyrok|https://www.saos.org.pl/judgments/495007
509958|2022-11-18|SO|V C 1554/20|Wyrok|https://www.saos.org.pl/judgments/509958
494879|2022-11-18|SO|I AGa 124/22|Wyrok|https://www.saos.org.pl/judgments/494879
494057|2022-11-18|SO|I ACa 318/22|Wyrok|https://www.saos.org.pl/judgments/494057
483676|2022-11-17|SO|I AGa 22/22|Wyrok|https://www.saos.org.pl/judgments/483676
478239|2022-11-17|SO|VIII U 500/22|Uzasadnienie|https://www.saos.org.pl/judgments/478239
510913|2022-11-10|SO|VI Gz 49/22|Zarządzenie|https://www.saos.org.pl/judgments/510913
492800|2022-11-10|SO|I C 1620/20|Zarządzenie|https://www.saos.org.pl/judgments/492800
486007|2022-11-07|SO|XVII AmA 55/21|Postanowienie|https://www.saos.org.pl/judgments/486007
484012|2022-11-07|SO|XVII AmA 54/21|Postanowienie|https://www.saos.org.pl/judgments/484012
483070|2022-11-04|SO|VI ACa 995/21|Wyrok|https://www.saos.org.pl/judgments/483070
483057|2022-11-04|SO|V ACa 650/22|Wyrok|https://www.saos.org.pl/judgments/483057
478919|2022-11-04|SO|VIII U 2104/22|Postanowienie|https://www.saos.org.pl/judgments/478919
477147|2022-11-04|SO|IV U 510/22|Wyrok|https://www.saos.org.pl/judgments/477147
479833|2022-11-03|SO|III Ca 980/21|Postanowienie|https://www.saos.org.pl/judgments/479833
479461|2022-11-03|SO|V U 482/21|Wyrok|https://www.saos.org.pl/judgments/479461
516429|2022-11-02|SO|I ACa 458/22|Wyrok|https://www.saos.org.pl/judgments/516429
477433|2022-11-02|SO|VIII U 493/22|Uzasadnienie|https://www.saos.org.pl/judgments/477433
476331|2022-10-28|SO|VIII U 1515/22|Uzasadnienie|https://www.saos.org.pl/judgments/476331
478085|2022-10-27|SO|V ACa 325/21|Wyrok|https://www.saos.org.pl/judgments/478085
478661|2022-10-25|SO|II1 C 32/22|Wyrok|https://www.saos.org.pl/judgments/478661
478421|2022-10-25|SO|III C 649/21|Wyrok|https://www.saos.org.pl/judgments/478421
476684|2022-10-24|SO|VIII U 1837/22|Uzasadnienie|https://www.saos.org.pl/judgments/476684
483444|2022-10-21|SO|I C 641/22|Wyrok|https://www.saos.org.pl/judgments/483444
476863|2022-10-20|SO|IV U 2103/20|Wyrok|https://www.saos.org.pl/judgments/476863
476711|2022-10-20|SO|VIII U 2986/21|Zarządzenie|https://www.saos.org.pl/judgments/476711
516446|2022-10-19|SO|I ACa 601/22|Wyrok|https://www.saos.org.pl/judgments/516446
492780|2022-10-19|SO|XXVII Ca 2388/16|Wyrok|https://www.saos.org.pl/judgments/492780
485843|2022-10-19|SO|XVII AmA 53/21|Postanowienie|https://www.saos.org.pl/judgments/485843
485842|2022-10-19|SO|XVII AmA 52/21|Postanowienie|https://www.saos.org.pl/judgments/485842
485841|2022-10-19|SO|XVII AmA 51/21|Postanowienie|https://www.saos.org.pl/judgments/485841
477248|2022-10-19|SO|III Ca 953/21|Wyrok|https://www.saos.org.pl/judgments/477248
477925|2022-10-17|SO|VI U 2150/22|Wyrok|https://www.saos.org.pl/judgments/477925
477595|2022-10-12|SO|VIII U 3030/21|Uzasadnienie|https://www.saos.org.pl/judgments/477595
480011|2022-10-11|SO|II Ca 2230/22|Wyrok|https://www.saos.org.pl/judgments/480011
512405|2022-10-10|SO|VIII C 153/22|Wyrok|https://www.saos.org.pl/judgments/512405
476685|2022-10-06|SO|VIII U 1837/22|Postanowienie|https://www.saos.org.pl/judgments/476685
481180|2022-10-04|SO|I Ca 183/22|Postanowienie|https://www.saos.org.pl/judgments/481180
480184|2022-10-03|SO|VI U 1117/21|Wyrok|https://www.saos.org.pl/judgments/480184
475060|2022-10-03|SO|IX P 422/20|Zarządzenie|https://www.saos.org.pl/judgments/475060
536118|2022-09-30|SO|II Ca 250/22|Postanowienie|https://www.saos.org.pl/judgments/536118
478212|2022-09-30|SO|VIII GC 863/22|Wyrok|https://www.saos.org.pl/judgments/478212
477198|2022-09-30|SO|VIII U 963/22|Uzasadnienie|https://www.saos.org.pl/judgments/477198
509768|2022-09-29|SO|V ACa 335/22|Wyrok|https://www.saos.org.pl/judgments/509768
486477|2022-09-29|SO|V Ca 2479/21|Postanowienie|https://www.saos.org.pl/judgments/486477
536120|2022-09-23|SO|II Ca 322/17|Postanowienie|https://www.saos.org.pl/judgments/536120
516415|2022-09-23|SO|I ACa 355/22|Wyrok|https://www.saos.org.pl/judgments/516415
510374|2022-09-23|SO|V Pa 36/22|Wyrok|https://www.saos.org.pl/judgments/510374
536119|2022-09-22|SO|II Ca 293/17|Postanowienie|https://www.saos.org.pl/judgments/536119
489303|2022-09-21|SO|III Ca 500/22|Uzasadnienie|https://www.saos.org.pl/judgments/489303
489306|2022-09-19|SO|III Ca 516/22|Uzasadnienie|https://www.saos.org.pl/judgments/489306
476542|2022-09-09|SO|V Ca 2330/21|Wyrok|https://www.saos.org.pl/judgments/476542
514945|2022-09-08|SO|XV Ca 603/22|Wyrok|https://www.saos.org.pl/judgments/514945
478330|2022-09-07|SO|VIII U 815/21|Wyrok|https://www.saos.org.pl/judgments/478330
477932|2022-09-07|SO|VIII U 1505/21|Wyrok|https://www.saos.org.pl/judgments/477932
475497|2022-09-02|SO|VII Ua 28/21|Wyrok|https://www.saos.org.pl/judgments/475497
473926|2022-09-02|SO|XII C 2073/20|Wyrok|https://www.saos.org.pl/judgments/473926
480189|2022-09-01|SO|VIII Cz 355/22|Uzasadnienie|https://www.saos.org.pl/judgments/480189
478660|2022-08-30|SO|II1 C 2/22|Wyrok|https://www.saos.org.pl/judgments/478660
475676|2022-08-30|SO|VIII U 2053/21|Uzasadnienie|https://www.saos.org.pl/judgments/475676
475892|2022-08-23|SO|VIII U 552/22|Wyrok|https://www.saos.org.pl/judgments/475892
472825|2022-08-23|SO|VIII Ga 161/22|Wyrok|https://www.saos.org.pl/judgments/472825
472592|2022-08-22|SO|I Ns 337/21|Postanowienie|https://www.saos.org.pl/judgments/472592
473891|2022-08-19|SO|III Ns 598/21|Postanowienie|https://www.saos.org.pl/judgments/473891
476517|2022-08-17|SO|I ACa 749/21|Wyrok|https://www.saos.org.pl/judgments/476517
493759|2022-08-10|SO|I ACa 170/22|Wyrok|https://www.saos.org.pl/judgments/493759
493735|2022-08-10|SO|I ACa 163/22|Wyrok|https://www.saos.org.pl/judgments/493735
493482|2022-08-10|SO|I ACa 125/22|Wyrok|https://www.saos.org.pl/judgments/493482
492981|2022-08-09|SO|VI ACa 1012/21|Wyrok|https://www.saos.org.pl/judgments/492981
474244|2022-08-01|SO|VIII U 700/22|Uzasadnienie|https://www.saos.org.pl/judgments/474244
480222|2022-07-29|SO|III Ca 1854/20|Uzasadnienie|https://www.saos.org.pl/judgments/480222
476614|2022-07-29|SO|I Ca 110/22|Uzasadnienie|https://www.saos.org.pl/judgments/476614
473464|2022-07-29|SO|I C 78/22|Wyrok|https://www.saos.org.pl/judgments/473464
472300|2022-07-29|SO|IX Ca 713/22|Postanowienie|https://www.saos.org.pl/judgments/472300
494475|2022-07-28|SO|I ACa 69/22|Wyrok|https://www.saos.org.pl/judgments/494475
473077|2022-07-28|SO|I Ns 154/20|Postanowienie|https://www.saos.org.pl/judgments/473077
470089|2022-07-18|SO|VIII Pa 40/22|Uzasadnienie|https://www.saos.org.pl/judgments/470089
482831|2022-07-14|SO|I ACa 724/21|Wyrok|https://www.saos.org.pl/judgments/482831
482811|2022-07-14|SO|I ACa 1016/21|Wyrok|https://www.saos.org.pl/judgments/482811
480694|2022-07-14|SO|I ACa 286/22|Wyrok|https://www.saos.org.pl/judgments/480694
471850|2022-07-14|SO|I C 728/17|Wyrok|https://www.saos.org.pl/judgments/471850
480260|2022-07-11|SO|VII AGa 326/22|Wyrok|https://www.saos.org.pl/judgments/480260
543819|2022-07-08|SO|III C 3038/20|Wyrok|https://www.saos.org.pl/judgments/543819
495056|2022-07-08|SO|I AGa 33/21|Wyrok|https://www.saos.org.pl/judgments/495056
489654|2022-07-08|SO|VI ACa 1001/21|Wyrok|https://www.saos.org.pl/judgments/489654
494763|2022-07-06|SO|I ACa 940/21|Wyrok|https://www.saos.org.pl/judgments/494763
494762|2022-07-06|SO|I ACa 939/21|Wyrok|https://www.saos.org.pl/judgments/494762
473045|2022-07-06|SO|I ACa 253/21|Wyrok|https://www.saos.org.pl/judgments/473045
472899|2022-07-05|SO|VI U 443/21|Wyrok|https://www.saos.org.pl/judgments/472899
493271|2022-06-30|SO|I ACa 1023/21|Wyrok|https://www.saos.org.pl/judgments/493271
483373|2022-06-30|SO|III AUa 234/22|Wyrok|https://www.saos.org.pl/judgments/483373
472916|2022-06-30|SO|I Ca 212/22|Postanowienie|https://www.saos.org.pl/judgments/472916
471328|2022-06-30|SO|I C 743/21|Wyrok|https://www.saos.org.pl/judgments/471328
493274|2022-06-29|SO|I ACa 1029/21|Wyrok|https://www.saos.org.pl/judgments/493274
493265|2022-06-29|SO|I ACa 1014/21|Wyrok|https://www.saos.org.pl/judgments/493265
486188|2022-06-29|SO|I ACa 31/22|Wyrok|https://www.saos.org.pl/judgments/486188
481985|2022-06-29|SO|VI GC 1259/20|Wyrok|https://www.saos.org.pl/judgments/481985
472919|2022-06-29|SO|I Ca 222/22|Wyrok|https://www.saos.org.pl/judgments/472919
476215|2022-06-27|SO|III Ca 558/21|Uzasadnienie|https://www.saos.org.pl/judgments/476215
468197|2022-06-27|SO|I Ns 85/21|Uzasadnienie|https://www.saos.org.pl/judgments/468197
473181|2022-06-23|SO|VI GCo 1607/22|Zarządzenie|https://www.saos.org.pl/judgments/473181
474236|2022-06-21|SO|VIII U 167/22|Uzasadnienie|https://www.saos.org.pl/judgments/474236
474004|2022-06-21|SO|VIII U 1024/21|Wyrok|https://www.saos.org.pl/judgments/474004
493639|2022-06-15|SO|I ACa 146/22|Wyrok|https://www.saos.org.pl/judgments/493639
471705|2022-06-10|SO|I ACa 225/21|Wyrok|https://www.saos.org.pl/judgments/471705
468529|2022-06-10|SO|III C 170/22|Wyrok|https://www.saos.org.pl/judgments/468529
494450|2022-06-08|SO|I ACa 669/19|Wyrok|https://www.saos.org.pl/judgments/494450
493983|2022-06-08|SO|I ACa 27/22|Wyrok|https://www.saos.org.pl/judgments/493983
473708|2022-06-08|SO|VI U 459/22|Uzasadnienie|https://www.saos.org.pl/judgments/473708
472600|2022-06-07|SO|III Ca 671/21|Wyrok|https://www.saos.org.pl/judgments/472600
470848|2022-06-06|SO|II Ca 400/22|Uzasadnienie|https://www.saos.org.pl/judgments/470848
466513|2022-06-06|SO|VIII U 600/22|Uzasadnienie|https://www.saos.org.pl/judgments/466513
466502|2022-06-06|SO|VIII U 233/22|Uzasadnienie|https://www.saos.org.pl/judgments/466502
474242|2022-06-02|SO|VIII U 477/22|Uzasadnienie|https://www.saos.org.pl/judgments/474242
507562|2022-06-01|SO|IV C 195/18|Postanowienie|https://www.saos.org.pl/judgments/507562
471529|2022-06-01|SO|II C 146/22|Wyrok|https://www.saos.org.pl/judgments/471529
469403|2022-06-01|SO|VIII Cz 319/22|Postanowienie|https://www.saos.org.pl/judgments/469403
494646|2022-05-31|SO|I ACa 844/21|Wyrok|https://www.saos.org.pl/judgments/494646
494565|2022-05-31|SO|I ACa 77/22|Wyrok|https://www.saos.org.pl/judgments/494565
482835|2022-05-31|SO|I ACa 882/21|Wyrok|https://www.saos.org.pl/judgments/482835
477308|2022-05-31|SO|I AGa 163/21|Wyrok|https://www.saos.org.pl/judgments/477308
472797|2022-05-31|SO|VI C 1301/21|Uzasadnienie|https://www.saos.org.pl/judgments/472797
471835|2022-05-31|SO|VIII U 503/22|Uzasadnienie|https://www.saos.org.pl/judgments/471835
471833|2022-05-31|SO|VIII U 458/22|Uzasadnienie|https://www.saos.org.pl/judgments/471833
471503|2022-05-31|SO|VIII U 414/22|Uzasadnienie|https://www.saos.org.pl/judgments/471503
468866|2022-05-31|SO|I C 750/21|Wyrok|https://www.saos.org.pl/judgments/468866
478049|2022-05-24|SO|I C 479/21|Wyrok|https://www.saos.org.pl/judgments/478049
467207|2022-05-23|SO|I C 480/20|Wyrok|https://www.saos.org.pl/judgments/467207
477071|2022-05-20|SO|I ACa 76/22|Uzasadnienie|https://www.saos.org.pl/judgments/477071
471075|2022-05-20|SO|VIII Gz 61/22|Postanowienie|https://www.saos.org.pl/judgments/471075
477304|2022-05-19|SO|I ACa 713/21|Wyrok|https://www.saos.org.pl/judgments/477304
477066|2022-05-19|SO|I ACa 582/21|Wyrok|https://www.saos.org.pl/judgments/477066
510911|2022-05-18|SO|VI GNc 1829/22|Zarządzenie|https://www.saos.org.pl/judgments/510911
494980|2022-05-18|SO|I AGa 25/22|Wyrok|https://www.saos.org.pl/judgments/494980
468225|2022-05-16|SO|VIII GC 1659/21|Wyrok|https://www.saos.org.pl/judgments/468225
464940|2022-05-16|SO|VIII U 365/22|Uzasadnienie|https://www.saos.org.pl/judgments/464940
464918|2022-05-13|SO|VIII U 202/22|Uzasadnienie|https://www.saos.org.pl/judgments/464918
464492|2022-05-10|SO|VIII Pa 11/22|Uzasadnienie|https://www.saos.org.pl/judgments/464492
473831|2022-05-09|SO|III Ca 1288/20|Uzasadnienie|https://www.saos.org.pl/judgments/473831
471198|2022-05-06|SO|VIII C 548/22|Postanowienie|https://www.saos.org.pl/judgments/471198
473666|2022-05-05|SO|III Ca 241/21|Uzasadnienie|https://www.saos.org.pl/judgments/473666
471806|2022-05-04|SO|VI ACa 637/21|Wyrok|https://www.saos.org.pl/judgments/471806
493306|2022-04-29|SO|I ACa 1056/21|Wyrok|https://www.saos.org.pl/judgments/493306
482742|2022-04-28|SO|I ACa 811/21|Wyrok|https://www.saos.org.pl/judgments/482742
481287|2022-04-28|SO|III AUa 384/19|Wyrok|https://www.saos.org.pl/judgments/481287
468334|2022-04-25|SO|VI U 2174/20|Wyrok|https://www.saos.org.pl/judgments/468334
468164|2022-04-22|SO|I AGa 220/21|Wyrok|https://www.saos.org.pl/judgments/468164
490253|2022-04-21|SO|II AKa 306/21|Uzasadnienie|https://www.saos.org.pl/judgments/490253
470765|2022-04-20|SO|I Cz 92/22|Postanowienie|https://www.saos.org.pl/judgments/470765
465972|2022-04-20|SO|VIII Gz 56/22|Postanowienie|https://www.saos.org.pl/judgments/465972
470596|2022-04-19|SO|VIII C 1072/21|Wyrok|https://www.saos.org.pl/judgments/470596
462820|2022-04-14|SO|VIII U 114/22|Uzasadnienie|https://www.saos.org.pl/judgments/462820
470540|2022-04-12|SO|I Ca 102/22|Postanowienie|https://www.saos.org.pl/judgments/470540
467763|2022-04-12|SO|IV Ca 2059/19|Postanowienie|https://www.saos.org.pl/judgments/467763
464880|2022-04-12|SO|III C 404/21|Wyrok|https://www.saos.org.pl/judgments/464880
475163|2022-04-05|SO|I ACa 944/21|Wyrok|https://www.saos.org.pl/judgments/475163
465000|2022-04-05|SO|III Ca 537/19|Postanowienie|https://www.saos.org.pl/judgments/465000
510861|2022-03-30|SO|VI GC 315/20|Uzasadnienie|https://www.saos.org.pl/judgments/510861
470282|2022-03-30|SO|III AUa 361/19|Wyrok|https://www.saos.org.pl/judgments/470282
462132|2022-03-28|SO|III Ca 780/21|Uzasadnienie|https://www.saos.org.pl/judgments/462132
496564|2022-03-24|SO|I C 195/20|Wyrok|https://www.saos.org.pl/judgments/496564
491746|2022-03-22|SO|V U 452/19|Wyrok|https://www.saos.org.pl/judgments/491746
477065|2022-03-22|SO|I ACa 324/20|Wyrok|https://www.saos.org.pl/judgments/477065
466363|2022-03-22|SO|II Ca 752/21|Uzasadnienie|https://www.saos.org.pl/judgments/466363
469136|2022-03-21|SO|V ACa 729/21|Wyrok|https://www.saos.org.pl/judgments/469136
469897|2022-03-18|SO|I C 252/18|Wyrok|https://www.saos.org.pl/judgments/469897
466652|2022-03-17|SO|VI U 448/21|Wyrok|https://www.saos.org.pl/judgments/466652
482794|2022-03-15|SO|I ACa 389/21|Wyrok|https://www.saos.org.pl/judgments/482794
467630|2022-03-15|SO|VI U 2203/20|Wyrok|https://www.saos.org.pl/judgments/467630
489101|2022-03-11|SO|I Ns 75/21|Uzasadnienie|https://www.saos.org.pl/judgments/489101
463238|2022-03-11|SO|I C 725/20|Wyrok|https://www.saos.org.pl/judgments/463238
542749|2022-03-08|SO|V Pa 72/21|Wyrok|https://www.saos.org.pl/judgments/542749
459196|2022-03-07|SO|III Ca 1819/20|Uzasadnienie|https://www.saos.org.pl/judgments/459196
459995|2022-03-04|SO|VIII U 2926/21|Uzasadnienie|https://www.saos.org.pl/judgments/459995
459992|2022-03-04|SO|VIII U 2848/21|Uzasadnienie|https://www.saos.org.pl/judgments/459992
459985|2022-03-04|SO|VIII U 2252/21|Uzasadnienie|https://www.saos.org.pl/judgments/459985
459980|2022-03-04|SO|VIII U 2214/21|Uzasadnienie|https://www.saos.org.pl/judgments/459980
534643|2022-03-02|SO|VIII U 623/21|Wyrok|https://www.saos.org.pl/judgments/534643
466666|2022-03-02|SO|VIII U 502/21|Wyrok|https://www.saos.org.pl/judgments/466666
459723|2022-03-01|SO|II C 1448/19|Wyrok|https://www.saos.org.pl/judgments/459723
470227|2022-02-28|SO|IX Nc 2491/19|Uzasadnienie|https://www.saos.org.pl/judgments/470227
470122|2022-02-28|SO|I ACa 669/21|Wyrok|https://www.saos.org.pl/judgments/470122
467336|2022-02-28|SO|I ACa 782/21|Wyrok|https://www.saos.org.pl/judgments/467336
470124|2022-02-24|SO|I ACa 813/21|Wyrok|https://www.saos.org.pl/judgments/470124
461769|2022-02-22|SO|I AGa 323/20|Wyrok|https://www.saos.org.pl/judgments/461769
494352|2022-02-21|SO|I ACa 587/20|Wyrok|https://www.saos.org.pl/judgments/494352
464451|2022-02-16|SO|I ACa 974/20|Wyrok|https://www.saos.org.pl/judgments/464451
461163|2022-02-14|SO|VIII U 1819/21|Zarządzenie|https://www.saos.org.pl/judgments/461163
458948|2022-02-14|SO|VIII U 2689/21|Uzasadnienie|https://www.saos.org.pl/judgments/458948
458942|2022-02-14|SO|VIII U 2578/21|Uzasadnienie|https://www.saos.org.pl/judgments/458942
470698|2022-02-09|SO|I Ns 35/19|Postanowienie|https://www.saos.org.pl/judgments/470698
462831|2022-02-08|SO|XI GC 455/21|Wyrok|https://www.saos.org.pl/judgments/462831
458940|2022-02-08|SO|VIII U 2576/21|Uzasadnienie|https://www.saos.org.pl/judgments/458940
458933|2022-02-08|SO|VIII U 2431/21|Uzasadnienie|https://www.saos.org.pl/judgments/458933
458930|2022-02-08|SO|VIII U 2428/21|Uzasadnienie|https://www.saos.org.pl/judgments/458930
463536|2022-02-07|SO|XI GC 759/21|Zarządzenie|https://www.saos.org.pl/judgments/463536
460266|2022-02-04|SO|I ACa 126/20|Wyrok|https://www.saos.org.pl/judgments/460266
532444|2022-02-03|SO|I ACa 245/20|Wyrok|https://www.saos.org.pl/judgments/532444
456212|2022-02-01|SO|VIII U 2371/21|Uzasadnienie|https://www.saos.org.pl/judgments/456212
456211|2022-02-01|SO|VIII U 2334/21|Uzasadnienie|https://www.saos.org.pl/judgments/456211
455495|2022-02-01|SO|VIII U 2370/21|Uzasadnienie|https://www.saos.org.pl/judgments/455495
492748|2022-01-31|SO|XVII AmE 328/19|Wyrok|https://www.saos.org.pl/judgments/492748
459443|2022-01-31|SO|I ACa 917/20|Wyrok|https://www.saos.org.pl/judgments/459443
456775|2022-01-28|SO|I Ca 345/21|Uzasadnienie|https://www.saos.org.pl/judgments/456775
469618|2022-01-27|SO|II C 1787/19|Uzasadnienie|https://www.saos.org.pl/judgments/469618
456086|2022-01-24|SO|III Ca 1665/20|Wyrok|https://www.saos.org.pl/judgments/456086
469809|2022-01-21|SO|VI ACa 567/21|Wyrok|https://www.saos.org.pl/judgments/469809
456282|2022-01-21|SO|I Ns 17/22|Postanowienie|https://www.saos.org.pl/judgments/456282
455355|2022-01-20|SO|VIII U 2303/21|Uzasadnienie|https://www.saos.org.pl/judgments/455355
455348|2022-01-20|SO|VIII U 2098/21|Uzasadnienie|https://www.saos.org.pl/judgments/455348
498346|2022-01-14|SO|I C 4867/19|Zarządzenie|https://www.saos.org.pl/judgments/498346
466175|2022-01-14|SO|VI GNc 4223/21|Zarządzenie|https://www.saos.org.pl/judgments/466175
482258|2022-01-13|SO|V U 173/19|Wyrok|https://www.saos.org.pl/judgments/482258
460018|2022-01-13|SO|I ACa 711/20|Wyrok|https://www.saos.org.pl/judgments/460018
462371|2022-01-12|SO|III Ca 764/20|Uzasadnienie|https://www.saos.org.pl/judgments/462371
455491|2022-01-10|SO|VIII U 2250/21|Uzasadnienie|https://www.saos.org.pl/judgments/455491
455489|2022-01-10|SO|VIII U 2249/21|Uzasadnienie|https://www.saos.org.pl/judgments/455489
455487|2022-01-10|SO|VIII U 2236/21|Uzasadnienie|https://www.saos.org.pl/judgments/455487
455481|2022-01-10|SO|VIII U 2062/21|Uzasadnienie|https://www.saos.org.pl/judgments/455481
497318|2022-01-05|SO|I C 2832/20|Wyrok|https://www.saos.org.pl/judgments/497318
457103|2022-01-05|SO|I C 130/21|Zarządzenie|https://www.saos.org.pl/judgments/457103
464445|2021-12-30|SO|I ACa 632/21|Wyrok|https://www.saos.org.pl/judgments/464445
457331|2021-12-30|SO|VIII U 2792/20|Uzasadnienie|https://www.saos.org.pl/judgments/457331
457324|2021-12-30|SO|VIII U 2600/20|Uzasadnienie|https://www.saos.org.pl/judgments/457324
456325|2021-12-30|SO|III AUa 873/21|Uzasadnienie|https://www.saos.org.pl/judgments/456325
455359|2021-12-30|SO|VIII U 2306/21|Uzasadnienie|https://www.saos.org.pl/judgments/455359
455341|2021-12-30|SO|VIII U 1897/21|Uzasadnienie|https://www.saos.org.pl/judgments/455341
461628|2021-12-29|SO|I C 385/20|Wyrok|https://www.saos.org.pl/judgments/461628
460330|2021-12-29|SO|I C 1957/19|Wyrok|https://www.saos.org.pl/judgments/460330
511452|2021-12-28|SO|VI U 1050/21|Uzasadnienie|https://www.saos.org.pl/judgments/511452
453496|2021-12-27|SO|I Ns 799/20|Postanowienie|https://www.saos.org.pl/judgments/453496
460908|2021-12-22|SO|III Ca 722/20|Uzasadnienie|https://www.saos.org.pl/judgments/460908
455350|2021-12-21|SO|VIII U 2239/21|Uzasadnienie|https://www.saos.org.pl/judgments/455350
453659|2021-12-21|SO|VIII U 2690/20|Uzasadnienie|https://www.saos.org.pl/judgments/453659
458753|2021-12-20|SO|I Ca 518/21|Wyrok|https://www.saos.org.pl/judgments/458753
460772|2021-12-16|SO|III Ca 1499/20|Uzasadnienie|https://www.saos.org.pl/judgments/460772
478033|2021-12-15|SO|I ACa 643/21|Wyrok|https://www.saos.org.pl/judgments/478033
456281|2021-12-13|SO|I Ca 514/21|Postanowienie|https://www.saos.org.pl/judgments/456281
460280|2021-12-10|SO|I ACa 609/20|Wyrok|https://www.saos.org.pl/judgments/460280
455088|2021-12-10|SO|III Nc 965/20|Postanowienie|https://www.saos.org.pl/judgments/455088
460386|2021-12-09|SO|I C 733/21|Wyrok|https://www.saos.org.pl/judgments/460386
459360|2021-12-09|SO|VI U 1667/18|Wyrok|https://www.saos.org.pl/judgments/459360
458047|2021-12-09|SO|VIII GC 74/21|Wyrok|https://www.saos.org.pl/judgments/458047
462540|2021-12-08|SO|I AGa 92/20|Wyrok|https://www.saos.org.pl/judgments/462540
452318|2021-12-08|SO|I C 547/21|Postanowienie|https://www.saos.org.pl/judgments/452318
454555|2021-12-07|SO|VIII U 1073/21|Uzasadnienie|https://www.saos.org.pl/judgments/454555
451722|2021-12-07|SO|I Ca 330/21|Uzasadnienie|https://www.saos.org.pl/judgments/451722
454403|2021-12-02|SO|VIII U 2059/21|Uzasadnienie|https://www.saos.org.pl/judgments/454403
454885|2021-12-01|SO|III C 674/20|Postanowienie|https://www.saos.org.pl/judgments/454885
472673|2021-11-30|SO|V GC 250/21|Wyrok|https://www.saos.org.pl/judgments/472673
472286|2021-11-30|SO|III AUa 697/21|Wyrok|https://www.saos.org.pl/judgments/472286
454405|2021-11-30|SO|VIII U 2143/21|Uzasadnienie|https://www.saos.org.pl/judgments/454405
469500|2021-11-29|SO|V Ca 509/21|Wyrok|https://www.saos.org.pl/judgments/469500
461293|2021-11-24|SO|VIII U 396/21|Wyrok|https://www.saos.org.pl/judgments/461293
461905|2021-11-23|SO|I ACa 469/21|Wyrok|https://www.saos.org.pl/judgments/461905
453465|2021-11-23|SO|VIII Ua 61/21|Uzasadnienie|https://www.saos.org.pl/judgments/453465
461213|2021-11-18|SO|VIII U 2274/19|Wyrok|https://www.saos.org.pl/judgments/461213
460106|2021-11-18|SO|III Ca 1341/20|Uzasadnienie|https://www.saos.org.pl/judgments/460106
509942|2021-11-17|SO|V AGa 78/21|Wyrok|https://www.saos.org.pl/judgments/509942
464598|2021-11-16|SO|III AUa 1322/20|Wyrok|https://www.saos.org.pl/judgments/464598
454013|2021-11-16|SO|I Ca 481/21|Postanowienie|https://www.saos.org.pl/judgments/454013
453143|2021-11-16|SO|VIII U 1641/21|Uzasadnienie|https://www.saos.org.pl/judgments/453143
530244|2021-11-15|SO|II Ca 738/21|Uzasadnienie|https://www.saos.org.pl/judgments/530244
535953|2021-11-10|SO|VI GC 111/21|Wyrok|https://www.saos.org.pl/judgments/535953
453404|2021-11-10|SO|VIII U 1701/21|Uzasadnienie|https://www.saos.org.pl/judgments/453404
453402|2021-11-10|SO|VIII U 1698/21|Uzasadnienie|https://www.saos.org.pl/judgments/453402
453382|2021-11-10|SO|VIII U 1510/21|Uzasadnienie|https://www.saos.org.pl/judgments/453382
454689|2021-11-09|SO|I ACa 871/20|Wyrok|https://www.saos.org.pl/judgments/454689
452499|2021-11-08|SO|I C 154/21|Wyrok|https://www.saos.org.pl/judgments/452499
451130|2021-11-08|SO|III C 193/21|Wyrok|https://www.saos.org.pl/judgments/451130
460756|2021-11-05|SO|III Ca 1406/20|Uzasadnienie|https://www.saos.org.pl/judgments/460756
459294|2021-11-05|SO|III Ca 999/19|Postanowienie|https://www.saos.org.pl/judgments/459294
460751|2021-11-04|SO|III Ca 1395/20|Wyrok|https://www.saos.org.pl/judgments/460751
456772|2021-11-04|SO|I C 919/21|Wyrok|https://www.saos.org.pl/judgments/456772
453396|2021-11-04|SO|VIII U 1614/21|Uzasadnienie|https://www.saos.org.pl/judgments/453396
453393|2021-11-04|SO|VIII U 1545/21|Uzasadnienie|https://www.saos.org.pl/judgments/453393
453385|2021-11-04|SO|VIII U 1525/21|Uzasadnienie|https://www.saos.org.pl/judgments/453385
459455|2021-11-03|SO|I Ca 143/21|Wyrok|https://www.saos.org.pl/judgments/459455
473576|2021-10-29|SO|I ACa 385/21|Wyrok|https://www.saos.org.pl/judgments/473576
517143|2021-10-28|SO|II Ca 581/21|Postanowienie|https://www.saos.org.pl/judgments/517143
453482|2021-10-28|SO|I ACa 463/20|Wyrok|https://www.saos.org.pl/judgments/453482
494229|2021-10-27|SO|I ACa 480/21|Wyrok|https://www.saos.org.pl/judgments/494229
456895|2021-10-26|SO|VIII Pa 110/21|Uzasadnienie|https://www.saos.org.pl/judgments/456895
455600|2021-10-26|SO|XXV Cz 178/21|Postanowienie|https://www.saos.org.pl/judgments/455600
450946|2021-10-26|SO|I C 742/20|Wyrok|https://www.saos.org.pl/judgments/450946
455593|2021-10-20|SO|VIII U 1293/20|Wyrok|https://www.saos.org.pl/judgments/455593
454000|2021-10-20|SO|I Ca 236/21|Wyrok|https://www.saos.org.pl/judgments/454000
451671|2021-10-19|SO|VIII U 1567/21|Uzasadnienie|https://www.saos.org.pl/judgments/451671
451663|2021-10-19|SO|VIII U 1479/21|Uzasadnienie|https://www.saos.org.pl/judgments/451663
463798|2021-10-13|SO|III Cz 362/21|Postanowienie|https://www.saos.org.pl/judgments/463798
450600|2021-10-13|SO|I AGa 80/20|Wyrok|https://www.saos.org.pl/judgments/450600
448379|2021-10-13|SO|I C 463/21|Uzasadnienie|https://www.saos.org.pl/judgments/448379
455827|2021-10-12|SO|VII U 957/21|Wyrok|https://www.saos.org.pl/judgments/455827
453210|2021-10-12|SO|VIII U 708/21|Uzasadnienie|https://www.saos.org.pl/judgments/453210
470285|2021-10-11|SO|III AUa 676/21|Wyrok|https://www.saos.org.pl/judgments/470285
454463|2021-10-08|SO|III APa 59/20|Wyrok|https://www.saos.org.pl/judgments/454463
451668|2021-10-08|SO|VIII U 1509/21|Uzasadnienie|https://www.saos.org.pl/judgments/451668
479755|2021-10-07|SO|VI U 334/20|Wyrok|https://www.saos.org.pl/judgments/479755
453768|2021-10-06|SO|III AUa 457/21|Wyrok|https://www.saos.org.pl/judgments/453768
450065|2021-10-05|SO|V Ca 10/21|Postanowienie|https://www.saos.org.pl/judgments/450065
459539|2021-10-04|SO|III Ca 2115/20|Uzasadnienie|https://www.saos.org.pl/judgments/459539
459201|2021-10-04|SO|III Ca 1885/19|Uzasadnienie|https://www.saos.org.pl/judgments/459201
449511|2021-09-29|SO|V U 282/21|Wyrok|https://www.saos.org.pl/judgments/449511
499126|2021-09-28|SO|I C 703/20|Wyrok|https://www.saos.org.pl/judgments/499126
459452|2021-09-27|SO|I Ca 10/21|Postanowienie|https://www.saos.org.pl/judgments/459452
459214|2021-09-23|SO|III Ca 2031/20|Uzasadnienie|https://www.saos.org.pl/judgments/459214
448210|2021-09-23|SO|X GC 710/21|Postanowienie|https://www.saos.org.pl/judgments/448210
450675|2021-09-21|SO|II C 446/16|Wyrok|https://www.saos.org.pl/judgments/450675
453888|2021-09-17|SO|I C 321/21|Postanowienie|https://www.saos.org.pl/judgments/453888
451028|2021-09-17|SO|IV Ua 40/21|Wyrok|https://www.saos.org.pl/judgments/451028
450142|2021-09-13|SO|VIII U 1904/20|Zarządzenie|https://www.saos.org.pl/judgments/450142
448802|2021-09-10|SO|IV Ca 2440/20|Postanowienie|https://www.saos.org.pl/judgments/448802
455880|2021-09-06|SO|III AUa 262/21|Wyrok|https://www.saos.org.pl/judgments/455880
447472|2021-09-02|SO|I C 1141/20|Postanowienie|https://www.saos.org.pl/judgments/447472
451963|2021-09-01|SO|VIII U 77/21|Wyrok|https://www.saos.org.pl/judgments/451963
449016|2021-08-31|SO|I Ns 358/21|Zarządzenie|https://www.saos.org.pl/judgments/449016
459033|2021-08-30|SO|III Ca 1700/20|Uzasadnienie|https://www.saos.org.pl/judgments/459033
455601|2021-08-30|SO|XXV Cz 179/21|Postanowienie|https://www.saos.org.pl/judgments/455601
446658|2021-08-26|SO|I Ns 14/20|Postanowienie|https://www.saos.org.pl/judgments/446658
446364|2021-08-24|SO|II Ca 664/21|Wyrok|https://www.saos.org.pl/judgments/446364
462157|2021-08-13|SO|XXIII Gz 860/21|Postanowienie|https://www.saos.org.pl/judgments/462157
445586|2021-08-12|SO|III Ca 23/20|Wyrok|https://www.saos.org.pl/judgments/445586
454372|2021-08-10|SO|III Ca 255/21|Wyrok|https://www.saos.org.pl/judgments/454372
445821|2021-08-05|SO|I C 621/20|Wyrok|https://www.saos.org.pl/judgments/445821
451187|2021-07-30|SO|VIII U 1204/21|Uzasadnienie|https://www.saos.org.pl/judgments/451187
448185|2021-07-30|SO|V GC 409/21|Wyrok|https://www.saos.org.pl/judgments/448185
449004|2021-07-28|SO|XXIII Zs 46/21|Postanowienie|https://www.saos.org.pl/judgments/449004
447253|2021-07-27|SO|VIII U 1006/19|Wyrok|https://www.saos.org.pl/judgments/447253
460584|2021-07-20|SO|II Ns 421/19|Postanowienie|https://www.saos.org.pl/judgments/460584
447151|2021-07-20|SO|I ACa 674/21|Wyrok|https://www.saos.org.pl/judgments/447151
450674|2021-07-16|SO|II C 429/20|Wyrok|https://www.saos.org.pl/judgments/450674
446850|2021-07-08|SO|I AGa 410/18|Wyrok|https://www.saos.org.pl/judgments/446850
454695|2021-07-07|SO|I AGa 291/20|Wyrok|https://www.saos.org.pl/judgments/454695
458127|2021-07-05|SO|III Ca 732/20|Uzasadnienie|https://www.saos.org.pl/judgments/458127
471688|2021-07-02|SO|V C 466/19|Wyrok|https://www.saos.org.pl/judgments/471688
449544|2021-07-02|SO|XVI GC 2042/13|Wyrok|https://www.saos.org.pl/judgments/449544
445311|2021-06-29|SO|VIII U 1187/21|Uzasadnienie|https://www.saos.org.pl/judgments/445311
445310|2021-06-29|SO|VIII U 1185/21|Uzasadnienie|https://www.saos.org.pl/judgments/445310
447303|2021-06-28|SO|I C 790/21|Postanowienie|https://www.saos.org.pl/judgments/447303
446903|2021-06-28|SO|III AUa 866/21|Postanowienie|https://www.saos.org.pl/judgments/446903
441354|2021-06-28|SO|VIII U 1139/21|Uzasadnienie|https://www.saos.org.pl/judgments/441354
449879|2021-06-25|SO|II Ca 1190/20|Wyrok|https://www.saos.org.pl/judgments/449879
466066|2021-06-24|SO|I C 597/18|Wyrok|https://www.saos.org.pl/judgments/466066
468554|2021-06-22|SO|XV GC 2345/20|Zarządzenie|https://www.saos.org.pl/judgments/468554
458125|2021-06-22|SO|III Ca 729/20|Uzasadnienie|https://www.saos.org.pl/judgments/458125
449882|2021-06-22|SO|II Ca 32/19|Postanowienie|https://www.saos.org.pl/judgments/449882
449725|2021-06-18|SO|III AUa 171/21|Wyrok|https://www.saos.org.pl/judgments/449725
486653|2021-06-17|SO|III AUa 1736/19|Uzasadnienie|https://www.saos.org.pl/judgments/486653
447970|2021-06-17|SO|I Ca 229/21|Wyrok|https://www.saos.org.pl/judgments/447970
442009|2021-06-17|SO|I C 216/21|Uzasadnienie|https://www.saos.org.pl/judgments/442009
446926|2021-06-16|SO|VIII U 592/20|Wyrok|https://www.saos.org.pl/judgments/446926
480881|2021-06-15|SO|I C 914/20|Wyrok|https://www.saos.org.pl/judgments/480881
446472|2021-06-15|SO|II Ca 680/21|Postanowienie|https://www.saos.org.pl/judgments/446472
446900|2021-06-14|SO|III AUa 746/21|Postanowienie|https://www.saos.org.pl/judgments/446900
442829|2021-06-14|SO|III Ca 366/21|Wyrok|https://www.saos.org.pl/judgments/442829
441169|2021-06-14|SO|VIII U 108/19|Uzasadnienie|https://www.saos.org.pl/judgments/441169
441042|2021-06-11|SO|VIII U 1100/21|Uzasadnienie|https://www.saos.org.pl/judgments/441042
441041|2021-06-11|SO|VIII U 1084/21|Uzasadnienie|https://www.saos.org.pl/judgments/441041
447130|2021-06-10|SO|III AUa 71/21|Postanowienie|https://www.saos.org.pl/judgments/447130
441113|2021-06-08|SO|VIII U 661/21|Uzasadnienie|https://www.saos.org.pl/judgments/441113
441111|2021-06-08|SO|VIII U 660/21|Uzasadnienie|https://www.saos.org.pl/judgments/441111
441039|2021-06-08|SO|VIII U 1037/21|Uzasadnienie|https://www.saos.org.pl/judgments/441039
441117|2021-06-07|SO|VIII U 986/21|Uzasadnienie|https://www.saos.org.pl/judgments/441117
447639|2021-06-01|SO|IV U 114/21|Wyrok|https://www.saos.org.pl/judgments/447639
446430|2021-05-31|SO|I ACa 81/21|Wyrok|https://www.saos.org.pl/judgments/446430
454465|2021-05-27|SO|III AUa 1812/19|Wyrok|https://www.saos.org.pl/judgments/454465
446335|2021-05-27|SO|II C 2312/20|Uzasadnienie|https://www.saos.org.pl/judgments/446335
444643|2021-05-27|SO|VIII U 469/20|Wyrok|https://www.saos.org.pl/judgments/444643
536785|2021-05-26|SO|XXVI GC 1201/20|Wyrok|https://www.saos.org.pl/judgments/536785
525048|2021-05-26|SO|V Ca 571/21|Postanowienie|https://www.saos.org.pl/judgments/525048
465038|2021-05-26|SO|I ACa 565/20|Wyrok|https://www.saos.org.pl/judgments/465038
454014|2021-05-26|SO|I Ca 487/20|Wyrok|https://www.saos.org.pl/judgments/454014
445483|2021-05-25|SO|I AGa 244/19|Wyrok|https://www.saos.org.pl/judgments/445483
464488|2021-05-24|SO|VI GC 1159/20|Wyrok|https://www.saos.org.pl/judgments/464488
457506|2021-05-21|SO|III Ca 84/18|Uzasadnienie|https://www.saos.org.pl/judgments/457506
450508|2021-05-21|SO|VIII C 199/21|Wyrok|https://www.saos.org.pl/judgments/450508
450562|2021-05-20|SO|VIII C 934/20|Wyrok|https://www.saos.org.pl/judgments/450562
464227|2021-05-18|SO|VIII U 147/21|Zarządzenie|https://www.saos.org.pl/judgments/464227
440913|2021-05-17|SO|VIII Pa 47/20|Zarządzenie|https://www.saos.org.pl/judgments/440913
463033|2021-05-12|SO|III AUa 715/19|Wyrok|https://www.saos.org.pl/judgments/463033
443096|2021-05-11|SO|II Ca 1311/20|Wyrok|https://www.saos.org.pl/judgments/443096
442553|2021-05-11|SO|V ACa 47/21|Wyrok|https://www.saos.org.pl/judgments/442553
447511|2021-05-07|SO|VI ACa 729/20|Wyrok|https://www.saos.org.pl/judgments/447511
437355|2021-05-07|SO|IX U 646/20|Uzasadnienie|https://www.saos.org.pl/judgments/437355
442066|2021-05-06|SO|V GC 706/20|Wyrok|https://www.saos.org.pl/judgments/442066
515051|2021-05-05|SO|XVII AmE 121/19|Wyrok|https://www.saos.org.pl/judgments/515051
440119|2021-05-04|SO|I Ns 433/18|Uzasadnienie|https://www.saos.org.pl/judgments/440119
450295|2021-04-30|SO|I Ns 959/11|Postanowienie|https://www.saos.org.pl/judgments/450295
443674|2021-04-29|SO|I ACa 3/20|Wyrok|https://www.saos.org.pl/judgments/443674
532161|2021-04-28|SO|XVI GC 1069/19|Wyrok|https://www.saos.org.pl/judgments/532161
447827|2021-04-28|SO|VIII U 397/21|Wyrok|https://www.saos.org.pl/judgments/447827
439956|2021-04-28|SO|III AUa 348/20|Wyrok|https://www.saos.org.pl/judgments/439956
438999|2021-04-28|SO|III AUa 127/21|Wyrok|https://www.saos.org.pl/judgments/438999
463034|2021-04-27|SO|III AUa 743/19|Wyrok|https://www.saos.org.pl/judgments/463034
449559|2021-04-26|SO|I Ns 65/21|Postanowienie|https://www.saos.org.pl/judgments/449559
445682|2021-04-20|SO|I ACa 306/20|Wyrok|https://www.saos.org.pl/judgments/445682
440472|2021-04-20|SO|III AUa 29/21|Wyrok|https://www.saos.org.pl/judgments/440472
438190|2021-04-20|SO|I C 197/21|Postanowienie|https://www.saos.org.pl/judgments/438190
437823|2021-04-19|SO|VIII U 3662/19|Zarządzenie|https://www.saos.org.pl/judgments/437823
436989|2021-04-19|SO|VIII U 276/21|Zarządzenie|https://www.saos.org.pl/judgments/436989
439018|2021-04-15|SO|III Ca 1357/19|Postanowienie|https://www.saos.org.pl/judgments/439018
437255|2021-04-15|SO|I Ns 78/19|Postanowienie|https://www.saos.org.pl/judgments/437255
442499|2021-04-14|SO|III AUa 152/21|Wyrok|https://www.saos.org.pl/judgments/442499
440163|2021-04-13|SO|VIII U 796/20|Wyrok|https://www.saos.org.pl/judgments/440163
439389|2021-04-08|SO|X GC 945/20|Zarządzenie|https://www.saos.org.pl/judgments/439389
448171|2021-04-07|SO|III AUa 38/18|Wyrok|https://www.saos.org.pl/judgments/448171
439299|2021-04-07|SO|VIII U 3966/19|Uzasadnienie|https://www.saos.org.pl/judgments/439299
439296|2021-04-07|SO|VIII U 3960/19|Uzasadnienie|https://www.saos.org.pl/judgments/439296
439295|2021-04-07|SO|VIII U 3933/19|Uzasadnienie|https://www.saos.org.pl/judgments/439295
439291|2021-04-07|SO|VIII U 3816/19|Uzasadnienie|https://www.saos.org.pl/judgments/439291
439286|2021-04-07|SO|VIII U 3687/19|Uzasadnienie|https://www.saos.org.pl/judgments/439286
439284|2021-04-07|SO|VIII U 3663/19|Uzasadnienie|https://www.saos.org.pl/judgments/439284
439222|2021-04-07|SO|VIII U 1616/19|Uzasadnienie|https://www.saos.org.pl/judgments/439222
443465|2021-04-01|SO|I ACa 67/20|Wyrok|https://www.saos.org.pl/judgments/443465
474453|2021-03-31|SO|I ACa 625/19|Wyrok|https://www.saos.org.pl/judgments/474453
440161|2021-03-31|SO|VIII U 591/20|Wyrok|https://www.saos.org.pl/judgments/440161
481090|2021-03-30|SO|V Ca 260/20|Postanowienie|https://www.saos.org.pl/judgments/481090
438708|2021-03-26|SO|VII AGa 1482/18|Wyrok|https://www.saos.org.pl/judgments/438708
515703|2021-03-25|SO|XXVII Ca 2546/19|Postanowienie|https://www.saos.org.pl/judgments/515703
438084|2021-03-24|SO|I ACa 83/21|Wyrok|https://www.saos.org.pl/judgments/438084
437390|2021-03-24|SO|I Ca 20/21|Postanowienie|https://www.saos.org.pl/judgments/437390
441536|2021-03-22|SO|I C 1892/18|Wyrok|https://www.saos.org.pl/judgments/441536
449846|2021-03-19|SO|XVII AmA 23/21|Postanowienie|https://www.saos.org.pl/judgments/449846
446038|2021-03-18|SO|VII AGa 773/19|Wyrok|https://www.saos.org.pl/judgments/446038
435840|2021-03-18|SO|II Ca 665/20|Postanowienie|https://www.saos.org.pl/judgments/435840
486659|2021-03-17|SO|III AUa 1846/19|Uzasadnienie|https://www.saos.org.pl/judgments/486659
482551|2021-03-17|SO|III AUa 1745/19|Uzasadnienie|https://www.saos.org.pl/judgments/482551
473281|2021-03-17|SO|III AUa 1806/19|Uzasadnienie|https://www.saos.org.pl/judgments/473281
436843|2021-03-17|SO|VIII U 2859/20|Uzasadnienie|https://www.saos.org.pl/judgments/436843
450568|2021-03-16|SO|VIII Ns 185/20|Postanowienie|https://www.saos.org.pl/judgments/450568
436271|2021-03-15|SO|VIII U 2881/20|Uzasadnienie|https://www.saos.org.pl/judgments/436271
436045|2021-03-15|SO|VIII U 2459/19|Uzasadnienie|https://www.saos.org.pl/judgments/436045
457011|2021-03-12|SO|III Ca 2241/19|Uzasadnienie|https://www.saos.org.pl/judgments/457011
450687|2021-03-12|SO|II Ns 1894/12|Postanowienie|https://www.saos.org.pl/judgments/450687
439807|2021-03-12|SO|I C 1231/21|Postanowienie|https://www.saos.org.pl/judgments/439807
439017|2021-03-10|SO|III Ca 1259/19|Wyrok|https://www.saos.org.pl/judgments/439017
436049|2021-03-09|SO|VIII U 566/19|Uzasadnienie|https://www.saos.org.pl/judgments/436049
436047|2021-03-09|SO|VIII U 539/19|Uzasadnienie|https://www.saos.org.pl/judgments/436047
508919|2021-03-08|SO|IV Pz 3/21|Postanowienie|https://www.saos.org.pl/judgments/508919
450396|2021-03-08|SO|VIII C 1526/19|Wyrok|https://www.saos.org.pl/judgments/450396
440083|2021-03-02|SO|VIII U 494/20|Wyrok|https://www.saos.org.pl/judgments/440083
439745|2021-03-01|SO|VIII Pa 180/19|Wyrok|https://www.saos.org.pl/judgments/439745
433611|2021-03-01|SO|VIII U 4712/19|Uzasadnienie|https://www.saos.org.pl/judgments/433611
435289|2021-02-26|SO|II Ca 787/20|Postanowienie|https://www.saos.org.pl/judgments/435289
435288|2021-02-26|SO|II Ca 786/20|Postanowienie|https://www.saos.org.pl/judgments/435288
435287|2021-02-26|SO|II Ca 785/20|Postanowienie|https://www.saos.org.pl/judgments/435287
435286|2021-02-26|SO|II Ca 784/20|Postanowienie|https://www.saos.org.pl/judgments/435286
435285|2021-02-26|SO|II Ca 783/20|Postanowienie|https://www.saos.org.pl/judgments/435285
435284|2021-02-26|SO|II Ca 782/20|Postanowienie|https://www.saos.org.pl/judgments/435284
436690|2021-02-25|SO|V Ca 1559/20|Wyrok|https://www.saos.org.pl/judgments/436690
436495|2021-02-24|SO|I Ca 32/21|Wyrok|https://www.saos.org.pl/judgments/436495
438096|2021-02-23|SO|I AGa 100/20|Wyrok|https://www.saos.org.pl/judgments/438096
437102|2021-02-23|SO|III AUa 21/21|Wyrok|https://www.saos.org.pl/judgments/437102
443066|2021-02-22|SO|I ACa 1256/19|Wyrok|https://www.saos.org.pl/judgments/443066
442941|2021-02-22|SO|IV U 197/20|Wyrok|https://www.saos.org.pl/judgments/442941
433610|2021-02-22|SO|VIII U 3024/20|Uzasadnienie|https://www.saos.org.pl/judgments/433610
433608|2021-02-22|SO|VIII U 3023/20|Uzasadnienie|https://www.saos.org.pl/judgments/433608
433601|2021-02-22|SO|VIII U 3018/20|Uzasadnienie|https://www.saos.org.pl/judgments/433601
450386|2021-02-19|SO|VIII C 1240/20|Wyrok|https://www.saos.org.pl/judgments/450386
438434|2021-02-19|SO|II Ca 552/20|Postanowienie|https://www.saos.org.pl/judgments/438434
457594|2021-02-17|SO|III AUa 846/20|Wyrok|https://www.saos.org.pl/judgments/457594
437103|2021-02-17|SO|III AUa 773/20|Wyrok|https://www.saos.org.pl/judgments/437103
434146|2021-02-16|SO|VIII Ua 118/20|Uzasadnienie|https://www.saos.org.pl/judgments/434146
433606|2021-02-16|SO|VIII U 3020/20|Uzasadnienie|https://www.saos.org.pl/judgments/433606
437614|2021-02-12|SO|III C 1656/19|Wyrok|https://www.saos.org.pl/judgments/437614
433600|2021-02-12|SO|VIII U 2951/20|Uzasadnienie|https://www.saos.org.pl/judgments/433600
433591|2021-02-12|SO|VIII U 2918/20|Uzasadnienie|https://www.saos.org.pl/judgments/433591
433407|2021-02-12|SO|I C 455/19|Wyrok|https://www.saos.org.pl/judgments/433407
434154|2021-02-11|SO|VIII Ua 89/20|Uzasadnienie|https://www.saos.org.pl/judgments/434154
433745|2021-02-11|SO|III Ca 116/20|Wyrok|https://www.saos.org.pl/judgments/433745
439737|2021-02-09|SO|VI U 2298/20|Wyrok|https://www.saos.org.pl/judgments/439737
439736|2021-02-09|SO|VI U 2279/20|Wyrok|https://www.saos.org.pl/judgments/439736
432150|2021-02-09|SO|VIII U 5051/19|Zarządzenie|https://www.saos.org.pl/judgments/432150
443069|2021-02-08|SO|I ACa 412/19|Wyrok|https://www.saos.org.pl/judgments/443069
433594|2021-02-08|SO|VIII U 2920/20|Uzasadnienie|https://www.saos.org.pl/judgments/433594
442387|2021-02-05|SO|I ACa 823/19|Wyrok|https://www.saos.org.pl/judgments/442387
434087|2021-02-05|SO|V Ua 32/20|Wyrok|https://www.saos.org.pl/judgments/434087
431862|2021-02-05|SO|VIII U 1499/20|Zarządzenie|https://www.saos.org.pl/judgments/431862
430338|2021-02-05|SO|XIII Ga 902/20|Uzasadnienie|https://www.saos.org.pl/judgments/430338
439440|2021-02-04|SO|XXVII Ca 1860/20|Wyrok|https://www.saos.org.pl/judgments/439440
431491|2021-02-04|SO|I Ns 158/20|Postanowienie|https://www.saos.org.pl/judgments/431491
463333|2021-02-03|SO|V AGo 5/20|Postanowienie|https://www.saos.org.pl/judgments/463333
461027|2021-02-03|SO|V AGa 322/19|Wyrok|https://www.saos.org.pl/judgments/461027
433356|2021-02-03|SO|XIV C 1164/19|Postanowienie|https://www.saos.org.pl/judgments/433356
440277|2021-02-02|SO|I ACa 699/20|Wyrok|https://www.saos.org.pl/judgments/440277
433933|2021-01-29|SO|V U 689/19|Wyrok|https://www.saos.org.pl/judgments/433933
433617|2021-01-29|SO|XVI GC 96/21|Postanowienie|https://www.saos.org.pl/judgments/433617
432924|2021-01-28|SO|III Ca 1586/19|Wyrok|https://www.saos.org.pl/judgments/432924
432271|2021-01-26|SO|XXVII Ca 460/19|Wyrok|https://www.saos.org.pl/judgments/432271
431849|2021-01-26|SO|VIII U 1279/20|Uzasadnienie|https://www.saos.org.pl/judgments/431849
479697|2021-01-25|SO|I ACa 965/19|Wyrok|https://www.saos.org.pl/judgments/479697
431888|2021-01-25|SO|VIII U 2856/20|Uzasadnienie|https://www.saos.org.pl/judgments/431888
431471|2021-01-25|SO|I C 844/20|Wyrok|https://www.saos.org.pl/judgments/431471
456401|2021-01-22|SO|III Ca 2094/19|Uzasadnienie|https://www.saos.org.pl/judgments/456401
450388|2021-01-22|SO|VIII C 1286/19|Wyrok|https://www.saos.org.pl/judgments/450388
432926|2021-01-22|SO|III Cz 1141/20|Postanowienie|https://www.saos.org.pl/judgments/432926
437169|2021-01-21|SO|I ACa 807/19|Wyrok|https://www.saos.org.pl/judgments/437169
450391|2021-01-20|SO|VIII C 1370/19|Wyrok|https://www.saos.org.pl/judgments/450391
431448|2021-01-20|SO|I C 565/20|Wyrok|https://www.saos.org.pl/judgments/431448
436356|2021-01-19|SO|VIII U 2048/19|Wyrok|https://www.saos.org.pl/judgments/436356
434843|2021-01-19|SO|III AUa 1196/20|Wyrok|https://www.saos.org.pl/judgments/434843
433790|2021-01-19|SO|VI U 1623/20|Wyrok|https://www.saos.org.pl/judgments/433790
433382|2021-01-19|SO|I AGa 49/20|Wyrok|https://www.saos.org.pl/judgments/433382
431310|2021-01-19|SO|VIII Ua 110/20|Uzasadnienie|https://www.saos.org.pl/judgments/431310
437405|2021-01-18|SO|I Ca 452/20|Wyrok|https://www.saos.org.pl/judgments/437405
440271|2021-01-15|SO|I ACa 122/20|Wyrok|https://www.saos.org.pl/judgments/440271
438639|2021-01-15|SO|IV U 186/20|Wyrok|https://www.saos.org.pl/judgments/438639
438637|2021-01-15|SO|IV U 185/20|Wyrok|https://www.saos.org.pl/judgments/438637
432460|2021-01-15|SO|III AUa 1100/20|Wyrok|https://www.saos.org.pl/judgments/432460
456978|2021-01-14|SO|III Ca 1141/20|Uzasadnienie|https://www.saos.org.pl/judgments/456978
435887|2021-01-13|SO|I ACa 973/20|Wyrok|https://www.saos.org.pl/judgments/435887
434844|2021-01-13|SO|III AUa 1211/20|Wyrok|https://www.saos.org.pl/judgments/434844
456377|2021-01-12|SO|III Ca 1914/18|Uzasadnienie|https://www.saos.org.pl/judgments/456377
456355|2021-01-11|SO|III Ca 1560/20|Uzasadnienie|https://www.saos.org.pl/judgments/456355
458905|2021-01-08|SO|VII U 1393/20|Wyrok|https://www.saos.org.pl/judgments/458905
447238|2021-01-08|SO|VI Cz 374/20|Postanowienie|https://www.saos.org.pl/judgments/447238
441556|2021-01-08|SO|I C 817/20|Postanowienie|https://www.saos.org.pl/judgments/441556
432058|2021-01-07|SO|III AUa 1203/20|Wyrok|https://www.saos.org.pl/judgments/432058
436329|2021-01-05|SO|IV P 324/20|Postanowienie|https://www.saos.org.pl/judgments/436329
452853|2021-01-04|SO|V C 1477/19|Wyrok|https://www.saos.org.pl/judgments/452853
432551|2021-01-04|SO|VIII U 2808/18|Wyrok|https://www.saos.org.pl/judgments/432551
447054|2020-12-31|SO|VII AGa 889/19|Wyrok|https://www.saos.org.pl/judgments/447054
436740|2020-12-31|SO|XVI GCo 297/20|Postanowienie|https://www.saos.org.pl/judgments/436740
427998|2020-12-30|SO|VIII U 2462/20|Uzasadnienie|https://www.saos.org.pl/judgments/427998
442256|2020-12-29|SO|II Ca 501/20|Postanowienie|https://www.saos.org.pl/judgments/442256
434832|2020-12-29|SO|II Co 885/20|Postanowienie|https://www.saos.org.pl/judgments/434832
456110|2020-12-28|SO|III Ca 2254/19|Uzasadnienie|https://www.saos.org.pl/judgments/456110
427995|2020-12-21|SO|VIII U 2376/20|Uzasadnienie|https://www.saos.org.pl/judgments/427995
427993|2020-12-21|SO|VIII U 2339/20|Uzasadnienie|https://www.saos.org.pl/judgments/427993
427992|2020-12-21|SO|VIII U 2326/20|Uzasadnienie|https://www.saos.org.pl/judgments/427992
427989|2020-12-21|SO|VIII U 2310/20|Uzasadnienie|https://www.saos.org.pl/judgments/427989
445396|2020-12-18|SO|VI ACa 79/20|Wyrok|https://www.saos.org.pl/judgments/445396
429233|2020-12-18|SO|II Ca 284/20|Postanowienie|https://www.saos.org.pl/judgments/429233
477081|2020-12-17|SO|I C 1288/18|Wyrok|https://www.saos.org.pl/judgments/477081
453784|2020-12-17|SO|III Ca 1169/19|Uzasadnienie|https://www.saos.org.pl/judgments/453784
433562|2020-12-17|SO|V ACa 249/20|Wyrok|https://www.saos.org.pl/judgments/433562
431340|2020-12-17|SO|I ACa 480/20|Postanowienie|https://www.saos.org.pl/judgments/431340
431260|2020-12-16|SO|II Ca 199/20|Wyrok|https://www.saos.org.pl/judgments/431260
437009|2020-12-15|SO|I ACa 630/20|Wyrok|https://www.saos.org.pl/judgments/437009
427982|2020-12-14|SO|VIII U 2219/20|Uzasadnienie|https://www.saos.org.pl/judgments/427982
428426|2020-12-11|SO|VIII U 472/20|Uzasadnienie|https://www.saos.org.pl/judgments/428426
446794|2020-12-10|SO|V Ca 1484/20|Wyrok|https://www.saos.org.pl/judgments/446794
439003|2020-12-10|SO|III AUa 327/20|Wyrok|https://www.saos.org.pl/judgments/439003
434099|2020-12-10|SO|VI U 1973/18|Wyrok|https://www.saos.org.pl/judgments/434099
435637|2020-12-09|SO|VIII U 1213/20|Wyrok|https://www.saos.org.pl/judgments/435637
427348|2020-12-09|SO|VIII U 4783/19|Zarządzenie|https://www.saos.org.pl/judgments/427348
426187|2020-12-07|SO|VIII U 1972/20|Uzasadnienie|https://www.saos.org.pl/judgments/426187
442243|2020-12-04|SO|II Ca 1140/20|Wyrok|https://www.saos.org.pl/judgments/442243
434814|2020-12-04|SO|I ACa 733/20|Wyrok|https://www.saos.org.pl/judgments/434814
433889|2020-12-04|SO|II1 C 36/20|Wyrok|https://www.saos.org.pl/judgments/433889
491218|2020-12-02|SO|I AGa 123/19|Wyrok|https://www.saos.org.pl/judgments/491218
428201|2020-12-02|SO|I C 399/20|Wyrok|https://www.saos.org.pl/judgments/428201
431814|2020-12-01|SO|VI U 546/20|Wyrok|https://www.saos.org.pl/judgments/431814
514910|2020-11-30|SO|XIV U 1138/17|Wyrok|https://www.saos.org.pl/judgments/514910
473232|2020-11-30|SO|I AGa 90/20|Wyrok|https://www.saos.org.pl/judgments/473232
434718|2020-11-27|SO|I ACa 652/19|Wyrok|https://www.saos.org.pl/judgments/434718
444489|2020-11-26|SO|III Ca 75/20|Uzasadnienie|https://www.saos.org.pl/judgments/444489
433035|2020-11-24|SO|VI U 1995/20|Wyrok|https://www.saos.org.pl/judgments/433035
427108|2020-11-23|SO|I Ca 319/20|Wyrok|https://www.saos.org.pl/judgments/427108
426878|2020-11-18|SO|VI RCa 189/20|Wyrok|https://www.saos.org.pl/judgments/426878
424988|2020-11-18|SO|VIII U 874/20|Uzasadnienie|https://www.saos.org.pl/judgments/424988
445395|2020-11-17|SO|VI ACa 303/20|Wyrok|https://www.saos.org.pl/judgments/445395
428845|2020-11-17|SO|VI U 1679/20|Wyrok|https://www.saos.org.pl/judgments/428845
426535|2020-11-17|SO|II Co 1394/20|Postanowienie|https://www.saos.org.pl/judgments/426535
433917|2020-11-16|SO|III U 767/20|Wyrok|https://www.saos.org.pl/judgments/433917
480437|2020-11-13|SO|I AGa 243/20|Wyrok|https://www.saos.org.pl/judgments/480437
434789|2020-11-10|SO|V C 386/20|Wyrok|https://www.saos.org.pl/judgments/434789
425068|2020-11-10|SO|VIII U 2083/20|Uzasadnienie|https://www.saos.org.pl/judgments/425068
425050|2020-11-10|SO|VIII U 1104/20|Uzasadnienie|https://www.saos.org.pl/judgments/425050
470447|2020-11-09|SO|V AGa 529/18|Wyrok|https://www.saos.org.pl/judgments/470447
432161|2020-11-06|SO|I AGa 148/19|Wyrok|https://www.saos.org.pl/judgments/432161
429638|2020-11-05|SO|III Cz 1043/20|Postanowienie|https://www.saos.org.pl/judgments/429638
425324|2020-11-05|SO|III Cz 643/20|Postanowienie|https://www.saos.org.pl/judgments/425324
427056|2020-11-04|SO|VI RCa 165/20|Wyrok|https://www.saos.org.pl/judgments/427056
429351|2020-11-03|SO|III AUa 1693/19|Wyrok|https://www.saos.org.pl/judgments/429351
428844|2020-11-03|SO|VI U 1471/20|Wyrok|https://www.saos.org.pl/judgments/428844
423346|2020-11-03|SO|VIII U 4866/19|Uzasadnienie|https://www.saos.org.pl/judgments/423346
423333|2020-11-03|SO|VIII U 2082/20|Uzasadnienie|https://www.saos.org.pl/judgments/423333
431251|2020-10-29|SO|II Ca 1046/20|Wyrok|https://www.saos.org.pl/judgments/431251
445143|2020-10-26|SO|III Ca 2564/19|Uzasadnienie|https://www.saos.org.pl/judgments/445143
437926|2020-10-22|SO|III Ca 278/20|Uzasadnienie|https://www.saos.org.pl/judgments/437926
423694|2020-10-21|SO|I C 213/20|Wyrok|https://www.saos.org.pl/judgments/423694
422896|2020-10-19|SO|VIII U 1366/19|Uzasadnienie|https://www.saos.org.pl/judgments/422896
425947|2020-10-16|SO|VIII C 293/20|Wyrok|https://www.saos.org.pl/judgments/425947
422505|2020-10-16|SO|VIII U 3773/19|Uzasadnienie|https://www.saos.org.pl/judgments/422505
422498|2020-10-16|SO|VIII U 304/19|Uzasadnienie|https://www.saos.org.pl/judgments/422498
455324|2020-10-15|SO|VII Ua 17/20|Wyrok|https://www.saos.org.pl/judgments/455324
425953|2020-10-15|SO|VIII C 337/20|Wyrok|https://www.saos.org.pl/judgments/425953
429582|2020-10-14|SO|II Ca 1518/18|Postanowienie|https://www.saos.org.pl/judgments/429582
427553|2020-10-14|SO|I Ca 280/20|Postanowienie|https://www.saos.org.pl/judgments/427553
431366|2020-10-13|SO|I AGa 247/19|Wyrok|https://www.saos.org.pl/judgments/431366
429354|2020-10-13|SO|III AUa 715/19|Wyrok|https://www.saos.org.pl/judgments/429354
429376|2020-10-12|SO|VI U 159/20|Wyrok|https://www.saos.org.pl/judgments/429376
423441|2020-10-08|SO|I AGa 78/19|Wyrok|https://www.saos.org.pl/judgments/423441
431369|2020-10-07|SO|I AGa 466/18|Wyrok|https://www.saos.org.pl/judgments/431369
424916|2020-10-07|SO|V ACa 380/20|Wyrok|https://www.saos.org.pl/judgments/424916
424310|2020-10-06|SO|III AUa 94/20|Wyrok|https://www.saos.org.pl/judgments/424310
422392|2020-10-02|SO|VIII U 104/20|Zarządzenie|https://www.saos.org.pl/judgments/422392
426880|2020-10-01|SO|VI U 3946/19|Wyrok|https://www.saos.org.pl/judgments/426880
422064|2020-09-29|SO|VIII U 149/19|Uzasadnienie|https://www.saos.org.pl/judgments/422064
421350|2020-09-29|SO|IV U 2189/19|Wyrok|https://www.saos.org.pl/judgments/421350
428585|2020-09-28|SO|I ACa 1050/19|Wyrok|https://www.saos.org.pl/judgments/428585
511853|2020-09-25|SO|VII Pa 57/20|Wyrok|https://www.saos.org.pl/judgments/511853
425342|2020-09-25|SO|VIII U 1067/19|Wyrok|https://www.saos.org.pl/judgments/425342
429236|2020-09-24|SO|II Ca 393/20|Postanowienie|https://www.saos.org.pl/judgments/429236
427053|2020-09-23|SO|V U 906/19|Wyrok|https://www.saos.org.pl/judgments/427053
426174|2020-09-22|SO|V U 1120/19|Wyrok|https://www.saos.org.pl/judgments/426174
425935|2020-09-17|SO|VIII C 239/20|Wyrok|https://www.saos.org.pl/judgments/425935
440367|2020-09-16|SO|I C 1624/18|Postanowienie|https://www.saos.org.pl/judgments/440367
427762|2020-09-16|SO|I Ca 265/20|Wyrok|https://www.saos.org.pl/judgments/427762
423953|2020-09-16|SO|V ACa 162/20|Wyrok|https://www.saos.org.pl/judgments/423953
425532|2020-09-15|SO|VI U 3575/19|Wyrok|https://www.saos.org.pl/judgments/425532
427555|2020-09-10|SO|I Ca 288/20|Postanowienie|https://www.saos.org.pl/judgments/427555
423498|2020-09-10|SO|III Ca 987/19|Wyrok|https://www.saos.org.pl/judgments/423498
422074|2020-09-10|SO|VIII U 1724/20|Zarządzenie|https://www.saos.org.pl/judgments/422074
424273|2020-09-07|SO|I ACa 954/18|Wyrok|https://www.saos.org.pl/judgments/424273
421129|2020-09-04|SO|I C 1121/19|Wyrok|https://www.saos.org.pl/judgments/421129
428062|2020-08-27|SO|IV Ca 870/19|Wyrok|https://www.saos.org.pl/judgments/428062
490819|2020-08-20|SO|I C 928/20|Postanowienie|https://www.saos.org.pl/judgments/490819
429570|2020-08-20|SO|I ACa 507/19|Wyrok|https://www.saos.org.pl/judgments/429570
466662|2020-08-18|SO|VIII U 1874/19|Wyrok|https://www.saos.org.pl/judgments/466662
422485|2020-08-13|SO|VIII Pa 230/19|Uzasadnienie|https://www.saos.org.pl/judgments/422485
422162|2020-08-11|SO|XVII AmA 45/20|Postanowienie|https://www.saos.org.pl/judgments/422162
423428|2020-08-10|SO|VIII U 1380/18|Wyrok|https://www.saos.org.pl/judgments/423428
447937|2020-08-06|SO|IV U 203/18|Wyrok|https://www.saos.org.pl/judgments/447937
418547|2020-08-05|SO|VIII U 4899/19|Uzasadnienie|https://www.saos.org.pl/judgments/418547
418522|2020-08-05|SO|VIII U 2208/19|Uzasadnienie|https://www.saos.org.pl/judgments/418522
426007|2020-08-04|SO|VIII U 1506/19|Wyrok|https://www.saos.org.pl/judgments/426007
422878|2020-08-04|SO|VI U 2987/19|Wyrok|https://www.saos.org.pl/judgments/422878
422562|2020-08-04|SO|II Ca 1425/19|Postanowienie|https://www.saos.org.pl/judgments/422562
456044|2020-08-03|SO|I C 902/18|Wyrok|https://www.saos.org.pl/judgments/456044
441319|2020-07-30|SO|I Ca 1/20|Postanowienie|https://www.saos.org.pl/judgments/441319
422879|2020-07-30|SO|VI U 3153/19|Wyrok|https://www.saos.org.pl/judgments/422879
422836|2020-07-30|SO|III Cz 1176/19|Postanowienie|https://www.saos.org.pl/judgments/422836
418545|2020-07-30|SO|VIII U 4693/19|Uzasadnienie|https://www.saos.org.pl/judgments/418545
426676|2020-07-28|SO|III U 215/20|Wyrok|https://www.saos.org.pl/judgments/426676
425786|2020-07-24|SO|I AGz 94/20|Postanowienie|https://www.saos.org.pl/judgments/425786
434712|2020-07-23|SO|I ACa 527/19|Wyrok|https://www.saos.org.pl/judgments/434712
420468|2020-07-23|SO|VIII U 608/20|Wyrok|https://www.saos.org.pl/judgments/420468
418316|2020-07-21|SO|I C 671/19|Wyrok|https://www.saos.org.pl/judgments/418316
424917|2020-07-17|SO|V ACa 41/20|Wyrok|https://www.saos.org.pl/judgments/424917
425974|2020-07-16|SO|VIII C 52/20|Wyrok|https://www.saos.org.pl/judgments/425974
424756|2020-07-16|SO|I ACa 350/19|Wyrok|https://www.saos.org.pl/judgments/424756
438103|2020-07-15|SO|I AGa 157/19|Wyrok|https://www.saos.org.pl/judgments/438103
422317|2020-07-15|SO|XVII AmA 43/20|Postanowienie|https://www.saos.org.pl/judgments/422317
429699|2020-07-14|SO|I ACa 211/20|Wyrok|https://www.saos.org.pl/judgments/429699
418133|2020-07-14|SO|VIII U 820/20|Uzasadnienie|https://www.saos.org.pl/judgments/418133
424095|2020-07-07|SO|VI U 2463/19|Wyrok|https://www.saos.org.pl/judgments/424095
414875|2020-07-07|SO|I Ns 30/17|Postanowienie|https://www.saos.org.pl/judgments/414875
424753|2020-07-06|SO|I ACa 1289/18|Wyrok|https://www.saos.org.pl/judgments/424753
433265|2020-07-01|SO|III Ca 2027/19|Uzasadnienie|https://www.saos.org.pl/judgments/433265
426463|2020-06-30|SO|VII AGa 1851/18|Wyrok|https://www.saos.org.pl/judgments/426463
418051|2020-06-30|SO|VIII Pa 191/19|Wyrok|https://www.saos.org.pl/judgments/418051
415753|2020-06-30|SO|I Ca 63/20|Postanowienie|https://www.saos.org.pl/judgments/415753
418174|2020-06-29|SO|V ACa 525/19|Wyrok|https://www.saos.org.pl/judgments/418174
424589|2020-06-26|SO|X Ga 250/19|Wyrok|https://www.saos.org.pl/judgments/424589
415247|2020-06-26|SO|VIII C 472/20|Wyrok|https://www.saos.org.pl/judgments/415247
527513|2020-06-25|SO|II Ca 1275/19|Zarządzenie|https://www.saos.org.pl/judgments/527513
420112|2020-06-24|SO|XXV C 400/19|Zarządzenie|https://www.saos.org.pl/judgments/420112
529722|2020-06-23|SO|II Cz 1338/18|Postanowienie|https://www.saos.org.pl/judgments/529722
467467|2020-06-23|SO|III AUa 138/20|Wyrok|https://www.saos.org.pl/judgments/467467
431191|2020-06-23|SO|II Ca 301/20|Wyrok|https://www.saos.org.pl/judgments/431191
420580|2020-06-23|SO|VIII Ca 1037/19|Postanowienie|https://www.saos.org.pl/judgments/420580
418957|2020-06-23|SO|XI GNs 1/16|Uzasadnienie|https://www.saos.org.pl/judgments/418957
466347|2020-06-19|SO|I Ns 175/19|Uzasadnienie|https://www.saos.org.pl/judgments/466347
467466|2020-06-17|SO|III AUa 1189/19|Wyrok|https://www.saos.org.pl/judgments/467466
423013|2020-06-16|SO|III Cz 1524/19|Postanowienie|https://www.saos.org.pl/judgments/423013
416464|2020-06-16|SO|VI U 534/19|Wyrok|https://www.saos.org.pl/judgments/416464
415705|2020-06-15|SO|XX GCo 249/18|Postanowienie|https://www.saos.org.pl/judgments/415705
415246|2020-06-15|SO|VIII C 1532/19|Wyrok|https://www.saos.org.pl/judgments/415246
467259|2020-06-10|SO|III AUa 48/20|Wyrok|https://www.saos.org.pl/judgments/467259
467258|2020-06-10|SO|III AUa 378/20|Wyrok|https://www.saos.org.pl/judgments/467258
467256|2020-06-10|SO|III AUa 1560/19|Wyrok|https://www.saos.org.pl/judgments/467256
467016|2020-06-10|SO|III AUa 1410/19|Wyrok|https://www.saos.org.pl/judgments/467016
435181|2020-06-10|SO|II Ca 498/20|Postanowienie|https://www.saos.org.pl/judgments/435181
423019|2020-06-10|SO|III Cz 491/19|Postanowienie|https://www.saos.org.pl/judgments/423019
417743|2020-06-10|SO|V ACa 415/19|Wyrok|https://www.saos.org.pl/judgments/417743
418344|2020-06-08|SO|I ACa 384/19|Wyrok|https://www.saos.org.pl/judgments/418344
477774|2020-06-05|SO|I C 377/20|Wyrok|https://www.saos.org.pl/judgments/477774
417773|2020-06-02|SO|I AGa 69/20|Wyrok|https://www.saos.org.pl/judgments/417773
412714|2020-06-02|SO|VIII Ga 914/19|Uzasadnienie|https://www.saos.org.pl/judgments/412714
417700|2020-05-29|SO|I AGa 20/20|Wyrok|https://www.saos.org.pl/judgments/417700
465007|2020-05-28|SO|V Ca 2765/19|Wyrok|https://www.saos.org.pl/judgments/465007
413747|2020-05-28|SO|XXIV Ns 27/20|Postanowienie|https://www.saos.org.pl/judgments/413747
463861|2020-05-27|SO|III AUa 1706/19|Wyrok|https://www.saos.org.pl/judgments/463861
462448|2020-05-26|SO|III AUa 1903/19|Wyrok|https://www.saos.org.pl/judgments/462448
418744|2020-05-25|SO|II Ca 595/20|Postanowienie|https://www.saos.org.pl/judgments/418744
434318|2020-05-14|SO|XVII AmE 191/18|Wyrok|https://www.saos.org.pl/judgments/434318
418579|2020-05-11|SO|XXI U 69/20|Wyrok|https://www.saos.org.pl/judgments/418579
413349|2020-05-07|SO|V U 186/20|Wyrok|https://www.saos.org.pl/judgments/413349
462449|2020-05-05|SO|III AUa 1976/19|Wyrok|https://www.saos.org.pl/judgments/462449
422935|2020-05-05|SO|III Cz 1578/19|Postanowienie|https://www.saos.org.pl/judgments/422935
422934|2020-04-30|SO|III Cz 1574/19|Postanowienie|https://www.saos.org.pl/judgments/422934
413266|2020-04-30|SO|I Ca 38/20|Postanowienie|https://www.saos.org.pl/judgments/413266
422739|2020-04-28|SO|III Ca 903/19|Postanowienie|https://www.saos.org.pl/judgments/422739
462446|2020-04-24|SO|III AUa 1705/19|Wyrok|https://www.saos.org.pl/judgments/462446
462341|2020-04-24|SO|III AUa 1618/19|Wyrok|https://www.saos.org.pl/judgments/462341
412104|2020-04-21|SO|VIII U 3214/19|Zarządzenie|https://www.saos.org.pl/judgments/412104
412091|2020-04-21|SO|VIII U 1106/19|Zarządzenie|https://www.saos.org.pl/judgments/412091
427277|2020-04-20|SO|III Ca 1373/19|Wyrok|https://www.saos.org.pl/judgments/427277
423296|2020-04-16|SO|III Cz 383/20|Postanowienie|https://www.saos.org.pl/judgments/423296
423288|2020-04-16|SO|III Cz 1338/19|Postanowienie|https://www.saos.org.pl/judgments/423288
471682|2020-04-15|SO|III AUa 1812/19|Wyrok|https://www.saos.org.pl/judgments/471682
462273|2020-04-15|SO|III AUa 1999/19|Wyrok|https://www.saos.org.pl/judgments/462273
412098|2020-04-15|SO|VIII U 2077/19|Uzasadnienie|https://www.saos.org.pl/judgments/412098
418560|2020-04-14|SO|XIV U 1597/19|Wyrok|https://www.saos.org.pl/judgments/418560
427270|2020-04-10|SO|III Ca 1226/19|Uzasadnienie|https://www.saos.org.pl/judgments/427270
412124|2020-04-09|SO|XII 1Co 288/20|Postanowienie|https://www.saos.org.pl/judgments/412124
423502|2020-04-07|SO|III Cz 1304/19|Postanowienie|https://www.saos.org.pl/judgments/423502
423283|2020-04-07|SO|III Cz 1131/19|Postanowienie|https://www.saos.org.pl/judgments/423283
462452|2020-04-01|SO|III AUa 83/20|Wyrok|https://www.saos.org.pl/judgments/462452
424303|2020-03-30|SO|III AUa 294/20|Postanowienie|https://www.saos.org.pl/judgments/424303
427289|2020-03-27|SO|III Ca 1962/19|Uzasadnienie|https://www.saos.org.pl/judgments/427289
414374|2020-03-26|SO|V Ca 2685/19|Wyrok|https://www.saos.org.pl/judgments/414374
534665|2020-03-25|SO|I ACo 100/19|Postanowienie|https://www.saos.org.pl/judgments/534665
412081|2020-03-25|SO|VIII GC 84/19|Uzasadnienie|https://www.saos.org.pl/judgments/412081
424896|2020-03-24|SO|III Cz 538/19|Postanowienie|https://www.saos.org.pl/judgments/424896
463150|2020-03-20|SO|I AGa 27/19|Wyrok|https://www.saos.org.pl/judgments/463150
422948|2020-03-20|SO|III Cz 895/19|Postanowienie|https://www.saos.org.pl/judgments/422948
422944|2020-03-20|SO|III Cz 833/19|Postanowienie|https://www.saos.org.pl/judgments/422944
410953|2020-03-18|SO|VIII U 436/19|Uzasadnienie|https://www.saos.org.pl/judgments/410953
416690|2020-03-16|SO|VIII U 2063/19|Uzasadnienie|https://www.saos.org.pl/judgments/416690
429256|2020-03-13|SO|IV P 55/19|Uzasadnienie|https://www.saos.org.pl/judgments/429256
425578|2020-03-12|SO|I C 195/20|Zarządzenie|https://www.saos.org.pl/judgments/425578
413007|2020-03-12|SO|VIII U 712/19|Uzasadnienie|https://www.saos.org.pl/judgments/413007
418621|2020-03-11|SO|V U 69/20|Wyrok|https://www.saos.org.pl/judgments/418621
406570|2020-03-06|SO|XIII Ga 608/19|Uzasadnienie|https://www.saos.org.pl/judgments/406570
523468|2020-03-05|SO|II Ca 770/19|Postanowienie|https://www.saos.org.pl/judgments/523468
410828|2020-03-05|SO|IV U 35/20|Wyrok|https://www.saos.org.pl/judgments/410828
434995|2020-03-03|SO|I Ns 112/16|Postanowienie|https://www.saos.org.pl/judgments/434995
447510|2020-02-27|SO|VI ACa 72/19|Wyrok|https://www.saos.org.pl/judgments/447510
429727|2020-02-27|SO|I ACa 67/19|Wyrok|https://www.saos.org.pl/judgments/429727
408225|2020-02-27|SO|VIII C 330/19|Wyrok|https://www.saos.org.pl/judgments/408225
425539|2020-02-26|SO|VII AGa 594/19|Wyrok|https://www.saos.org.pl/judgments/425539
409304|2020-02-26|SO|I C 1250/19|Wyrok|https://www.saos.org.pl/judgments/409304
437220|2020-02-25|SO|I ACa 684/19|Wyrok|https://www.saos.org.pl/judgments/437220
428680|2020-02-25|SO|I ACa 428/19|Wyrok|https://www.saos.org.pl/judgments/428680
407059|2020-02-25|SO|III AUa 1112/19|Wyrok|https://www.saos.org.pl/judgments/407059
416886|2020-02-24|SO|VI U 1521/19|Wyrok|https://www.saos.org.pl/judgments/416886
408099|2020-02-24|SO|IX C 323/19|Zarządzenie|https://www.saos.org.pl/judgments/408099
468514|2020-02-20|SO|II Ca 1756/18|Uzasadnienie|https://www.saos.org.pl/judgments/468514
406622|2020-02-20|SO|I Ns 86/19|Postanowienie|https://www.saos.org.pl/judgments/406622
422833|2020-02-19|SO|III Ca 977/19|Postanowienie|https://www.saos.org.pl/judgments/422833
421894|2020-02-19|SO|II Ca 1053/18|Wyrok|https://www.saos.org.pl/judgments/421894
422946|2020-02-18|SO|III Cz 848/19|Postanowienie|https://www.saos.org.pl/judgments/422946
422940|2020-02-18|SO|III Cz 698/19|Postanowienie|https://www.saos.org.pl/judgments/422940
416628|2020-02-18|SO|II1 C 54/19|Wyrok|https://www.saos.org.pl/judgments/416628
411786|2020-02-18|SO|III Ca 471/19|Postanowienie|https://www.saos.org.pl/judgments/411786
408432|2020-02-18|SO|IV U 284/19|Wyrok|https://www.saos.org.pl/judgments/408432
407847|2020-02-18|SO|XVII AmA 50/16|Uzasadnienie|https://www.saos.org.pl/judgments/407847
407069|2020-02-14|SO|III AUa 713/19|Wyrok|https://www.saos.org.pl/judgments/407069
414871|2020-02-13|SO|I ACa 593/19|Wyrok|https://www.saos.org.pl/judgments/414871
418764|2020-02-10|SO|V U 1109/19|Wyrok|https://www.saos.org.pl/judgments/418764
445348|2020-02-07|SO|I C 287/20|Wyrok|https://www.saos.org.pl/judgments/445348
418714|2020-02-06|SO|II Ca 1210/19|Wyrok|https://www.saos.org.pl/judgments/418714
446833|2020-02-05|SO|I ACa 164/19|Wyrok|https://www.saos.org.pl/judgments/446833
406117|2020-02-05|SO|XIV C 488/19|Wyrok|https://www.saos.org.pl/judgments/406117
411799|2020-02-04|SO|III S 491/19|Postanowienie|https://www.saos.org.pl/judgments/411799
406189|2020-02-04|SO|VIII Pa 187/19|Uzasadnienie|https://www.saos.org.pl/judgments/406189
411386|2020-01-30|SO|III Cz 1191/19|Postanowienie|https://www.saos.org.pl/judgments/411386
411383|2020-01-30|SO|III Cz 1187/19|Postanowienie|https://www.saos.org.pl/judgments/411383
411382|2020-01-30|SO|III Cz 1127/19|Postanowienie|https://www.saos.org.pl/judgments/411382
408422|2020-01-30|SO|III AUa 749/19|Wyrok|https://www.saos.org.pl/judgments/408422
408433|2020-01-29|SO|IV U 410/18|Wyrok|https://www.saos.org.pl/judgments/408433
411776|2020-01-28|SO|III Ca 149/19|Wyrok|https://www.saos.org.pl/judgments/411776
428244|2020-01-27|SO|I C 884/19|Wyrok|https://www.saos.org.pl/judgments/428244
414553|2020-01-27|SO|IV U 187/19|Wyrok|https://www.saos.org.pl/judgments/414553
408953|2020-01-23|SO|VI U 2065/19|Wyrok|https://www.saos.org.pl/judgments/408953
408949|2020-01-23|SO|VI U 1493/18|Wyrok|https://www.saos.org.pl/judgments/408949
408787|2020-01-23|SO|III AUa 712/19|Wyrok|https://www.saos.org.pl/judgments/408787
408416|2020-01-23|SO|III AUa 552/19|Wyrok|https://www.saos.org.pl/judgments/408416
408747|2020-01-22|SO|I ACa 436/19|Wyrok|https://www.saos.org.pl/judgments/408747
423285|2020-01-21|SO|III Cz 1206/19|Postanowienie|https://www.saos.org.pl/judgments/423285
413220|2020-01-21|SO|VI U 2518/19|Wyrok|https://www.saos.org.pl/judgments/413220
405196|2020-01-21|SO|I C 487/19|Wyrok|https://www.saos.org.pl/judgments/405196
414319|2020-01-20|SO|II Cz 3276/19|Postanowienie|https://www.saos.org.pl/judgments/414319
408171|2020-01-15|SO|I AGa 49/19|Wyrok|https://www.saos.org.pl/judgments/408171
408960|2020-01-13|SO|VI U 2998/19|Wyrok|https://www.saos.org.pl/judgments/408960
408959|2020-01-13|SO|VI U 2983/19|Wyrok|https://www.saos.org.pl/judgments/408959
407845|2020-01-13|SO|XVII AmA 25/18|Postanowienie|https://www.saos.org.pl/judgments/407845
419931|2020-01-10|SO|III Ca 1210/19|Wyrok|https://www.saos.org.pl/judgments/419931
422875|2020-01-09|SO|VI U 2169/19|Wyrok|https://www.saos.org.pl/judgments/422875
407586|2020-01-09|SO|VI U 1149/19|Wyrok|https://www.saos.org.pl/judgments/407586
404722|2020-01-08|SO|III Ca 406/19|Postanowienie|https://www.saos.org.pl/judgments/404722
526081|2019-12-30|SO|II Ca 608/19|Postanowienie|https://www.saos.org.pl/judgments/526081
445852|2019-12-30|SO|XXIII Ga 2136/19|Postanowienie|https://www.saos.org.pl/judgments/445852
419174|2019-12-30|SO|VII AGa 179/19|Wyrok|https://www.saos.org.pl/judgments/419174
399729|2019-12-30|SO|XIII Ga 747/19|Uzasadnienie|https://www.saos.org.pl/judgments/399729
424412|2019-12-20|SO|VI ACa 441/18|Wyrok|https://www.saos.org.pl/judgments/424412
409786|2019-12-19|SO|VI U 2439/19|Wyrok|https://www.saos.org.pl/judgments/409786
406970|2019-12-19|SO|VI U 1816/18|Wyrok|https://www.saos.org.pl/judgments/406970
419056|2019-12-18|SO|VIII U 1074/19|Wyrok|https://www.saos.org.pl/judgments/419056
412925|2019-12-18|SO|VIII U 148/19|Wyrok|https://www.saos.org.pl/judgments/412925
410155|2019-12-18|SO|III APa 2/19|Wyrok|https://www.saos.org.pl/judgments/410155
401348|2019-12-18|SO|IV U 1366/19|Wyrok|https://www.saos.org.pl/judgments/401348
420823|2019-12-13|SO|VIII U 1317/19|Wyrok|https://www.saos.org.pl/judgments/420823
405380|2019-12-13|SO|V U 1455/19|Uzasadnienie|https://www.saos.org.pl/judgments/405380
398600|2019-12-13|SO|VIII U 1821/18|Uzasadnienie|https://www.saos.org.pl/judgments/398600
419925|2019-12-12|SO|III Ca 1115/19|Uzasadnienie|https://www.saos.org.pl/judgments/419925
410563|2019-12-12|SO|I ACa 917/18|Wyrok|https://www.saos.org.pl/judgments/410563
410292|2019-12-12|SO|VIII Pa 59/19|Wyrok|https://www.saos.org.pl/judgments/410292
403229|2019-12-12|SO|VIII C 980/19|Wyrok|https://www.saos.org.pl/judgments/403229
402978|2019-12-12|SO|III Cz 966/19|Postanowienie|https://www.saos.org.pl/judgments/402978
402515|2019-12-12|SO|I C 224/19|Wyrok|https://www.saos.org.pl/judgments/402515
462393|2019-12-11|SO|V AGa 380/18|Postanowienie|https://www.saos.org.pl/judgments/462393
418027|2019-12-11|SO|III Ca 436/19|Uzasadnienie|https://www.saos.org.pl/judgments/418027
398083|2019-12-11|SO|VIII U 2345/19|Uzasadnienie|https://www.saos.org.pl/judgments/398083
420467|2019-12-10|SO|VIII U 587/19|Wyrok|https://www.saos.org.pl/judgments/420467
408956|2019-12-10|SO|VI U 2501/19|Wyrok|https://www.saos.org.pl/judgments/408956
397869|2019-12-10|SO|VIII U 1336/19|Uzasadnienie|https://www.saos.org.pl/judgments/397869
408969|2019-12-05|SO|VI U 697/18|Wyrok|https://www.saos.org.pl/judgments/408969
415547|2019-12-03|SO|III Ca 885/19|Uzasadnienie|https://www.saos.org.pl/judgments/415547
418010|2019-12-02|SO|III Ca 196/19|Uzasadnienie|https://www.saos.org.pl/judgments/418010
402624|2019-12-02|SO|VIII U 2343/19|Zarządzenie|https://www.saos.org.pl/judgments/402624
398528|2019-11-29|SO|VIII Gz 248/19|Postanowienie|https://www.saos.org.pl/judgments/398528
413212|2019-11-28|SO|V Ca 1660/19|Wyrok|https://www.saos.org.pl/judgments/413212
406971|2019-11-28|SO|VI U 2182/19|Wyrok|https://www.saos.org.pl/judgments/406971
400108|2019-11-28|SO|VIII C 438/19|Wyrok|https://www.saos.org.pl/judgments/400108
403857|2019-11-27|SO|VIII Ns 318/19|Postanowienie|https://www.saos.org.pl/judgments/403857
413453|2019-11-26|SO|VIII U 8/18|Wyrok|https://www.saos.org.pl/judgments/413453
424093|2019-11-22|SO|VI U 1860/19|Wyrok|https://www.saos.org.pl/judgments/424093
430080|2019-11-21|SO|X Ns 26/19|Postanowienie|https://www.saos.org.pl/judgments/430080
401346|2019-11-20|SO|IV U 1270/19|Wyrok|https://www.saos.org.pl/judgments/401346
400086|2019-11-20|SO|VIII C 1174/19|Wyrok|https://www.saos.org.pl/judgments/400086
424094|2019-11-19|SO|VI U 2038/19|Wyrok|https://www.saos.org.pl/judgments/424094
422874|2019-11-19|SO|VI U 2007/19|Wyrok|https://www.saos.org.pl/judgments/422874
422873|2019-11-19|SO|VI U 2004/19|Wyrok|https://www.saos.org.pl/judgments/422873
408498|2019-11-19|SO|XVII AmE 377/17|Wyrok|https://www.saos.org.pl/judgments/408498
517141|2019-11-18|SO|II Ca 468/19|Wyrok|https://www.saos.org.pl/judgments/517141
529686|2019-11-15|SO|II Ca 260/19|Uzasadnienie|https://www.saos.org.pl/judgments/529686
400119|2019-11-15|SO|VIII C 896/19|Wyrok|https://www.saos.org.pl/judgments/400119
456556|2019-11-14|SO|I C 1706/19|Wyrok|https://www.saos.org.pl/judgments/456556
417279|2019-11-14|SO|VI U 1887/19|Wyrok|https://www.saos.org.pl/judgments/417279
422923|2019-11-13|SO|III C 3565/18|Wyrok|https://www.saos.org.pl/judgments/422923
399951|2019-11-12|SO|I C 119/19|Wyrok|https://www.saos.org.pl/judgments/399951
400118|2019-11-08|SO|VIII C 875/19|Wyrok|https://www.saos.org.pl/judgments/400118
398682|2019-11-08|SO|VIII C 657/19|Wyrok|https://www.saos.org.pl/judgments/398682
452491|2019-11-05|SO|I ACa 1047/18|Wyrok|https://www.saos.org.pl/judgments/452491
412792|2019-11-05|SO|VIII U 1371/17|Wyrok|https://www.saos.org.pl/judgments/412792
400110|2019-11-05|SO|VIII C 677/19|Wyrok|https://www.saos.org.pl/judgments/400110
411939|2019-11-04|SO|II C 1758/19|Postanowienie|https://www.saos.org.pl/judgments/411939
529674|2019-10-30|SO|II Ca 1504/19|Zarządzenie|https://www.saos.org.pl/judgments/529674
406532|2019-10-30|SO|VI U 1049/19|Uzasadnienie|https://www.saos.org.pl/judgments/406532
400112|2019-10-30|SO|VIII C 731/19|Wyrok|https://www.saos.org.pl/judgments/400112
397833|2019-10-30|SO|III Cz 459/19|Postanowienie|https://www.saos.org.pl/judgments/397833
400936|2019-10-29|SO|IV Ca 520/19|Postanowienie|https://www.saos.org.pl/judgments/400936
396620|2019-10-29|SO|XI GC 342/19|Zarządzenie|https://www.saos.org.pl/judgments/396620
416060|2019-10-28|SO|V ACa 900/17|Wyrok|https://www.saos.org.pl/judgments/416060
402094|2019-10-28|SO|IV U 250/19|Wyrok|https://www.saos.org.pl/judgments/402094
400434|2019-10-28|SO|V U 365/19|Wyrok|https://www.saos.org.pl/judgments/400434
400433|2019-10-28|SO|V U 357/19|Wyrok|https://www.saos.org.pl/judgments/400433
400432|2019-10-28|SO|V U 336/19|Wyrok|https://www.saos.org.pl/judgments/400432
399443|2019-10-28|SO|V U 363/19|Wyrok|https://www.saos.org.pl/judgments/399443
399441|2019-10-28|SO|V U 343/19|Wyrok|https://www.saos.org.pl/judgments/399441
399437|2019-10-28|SO|V U 335/19|Wyrok|https://www.saos.org.pl/judgments/399437
398674|2019-10-25|SO|VIII C 32/19|Wyrok|https://www.saos.org.pl/judgments/398674
398665|2019-10-25|SO|VIII C 2447/18|Wyrok|https://www.saos.org.pl/judgments/398665
395045|2019-10-25|SO|VIII U 1549/19|Uzasadnienie|https://www.saos.org.pl/judgments/395045
423324|2019-10-24|SO|VII Ua 38/19|Wyrok|https://www.saos.org.pl/judgments/423324
397522|2019-10-24|SO|XII Ga 751/19|Postanowienie|https://www.saos.org.pl/judgments/397522
415043|2019-10-23|SO|III Ca 702/19|Wyrok|https://www.saos.org.pl/judgments/415043
402109|2019-10-23|SO|IV U 890/17|Wyrok|https://www.saos.org.pl/judgments/402109
399442|2019-10-23|SO|V U 346/19|Wyrok|https://www.saos.org.pl/judgments/399442
397145|2019-10-23|SO|II C 424/19|Wyrok|https://www.saos.org.pl/judgments/397145
421158|2019-10-22|SO|VI U 1714/19|Wyrok|https://www.saos.org.pl/judgments/421158
429280|2019-10-21|SO|VI U 1511/19|Wyrok|https://www.saos.org.pl/judgments/429280
417278|2019-10-21|SO|VI U 1783/19|Wyrok|https://www.saos.org.pl/judgments/417278
401883|2019-10-18|SO|I1 C 883/18|Wyrok|https://www.saos.org.pl/judgments/401883
443007|2019-10-16|SO|I C 6099/17|Uzasadnienie|https://www.saos.org.pl/judgments/443007
399440|2019-10-16|SO|V U 341/19|Wyrok|https://www.saos.org.pl/judgments/399440
399439|2019-10-16|SO|V U 340/19|Wyrok|https://www.saos.org.pl/judgments/399439
397252|2019-10-16|SO|II Ns 447/19|Postanowienie|https://www.saos.org.pl/judgments/397252
422871|2019-10-15|SO|VI U 1818/19|Wyrok|https://www.saos.org.pl/judgments/422871
399438|2019-10-14|SO|V U 339/19|Wyrok|https://www.saos.org.pl/judgments/399438
399436|2019-10-14|SO|V U 328/19|Wyrok|https://www.saos.org.pl/judgments/399436
394277|2019-10-11|SO|VIII C 2868/18|Wyrok|https://www.saos.org.pl/judgments/394277
395082|2019-10-10|SO|VIII U 696/19|Zarządzenie|https://www.saos.org.pl/judgments/395082
422876|2019-10-09|SO|VI U 2261/19|Wyrok|https://www.saos.org.pl/judgments/422876
402686|2019-10-09|SO|I C 1341/18|Wyrok|https://www.saos.org.pl/judgments/402686
399863|2019-10-09|SO|III Ca 1900/18|Wyrok|https://www.saos.org.pl/judgments/399863
399435|2019-10-09|SO|V U 324/19|Wyrok|https://www.saos.org.pl/judgments/399435
434680|2019-10-08|SO|I ACa 1124/18|Wyrok|https://www.saos.org.pl/judgments/434680
422870|2019-10-08|SO|VI U 1604/19|Wyrok|https://www.saos.org.pl/judgments/422870
399434|2019-10-07|SO|V U 312/19|Wyrok|https://www.saos.org.pl/judgments/399434
399433|2019-10-07|SO|V U 310/19|Wyrok|https://www.saos.org.pl/judgments/399433
399432|2019-10-07|SO|V U 309/19|Wyrok|https://www.saos.org.pl/judgments/399432
399431|2019-10-07|SO|V U 308/19|Wyrok|https://www.saos.org.pl/judgments/399431
399430|2019-10-07|SO|V U 306/19|Wyrok|https://www.saos.org.pl/judgments/399430
399429|2019-10-07|SO|V U 305/19|Wyrok|https://www.saos.org.pl/judgments/399429
395369|2019-10-07|SO|I C 1314/18|Wyrok|https://www.saos.org.pl/judgments/395369
394589|2019-10-07|SO|IV U 337/18|Wyrok|https://www.saos.org.pl/judgments/394589
401139|2019-10-04|SO|VI Gz 243/19|Postanowienie|https://www.saos.org.pl/judgments/401139
413563|2019-10-02|SO|III Ca 893/19|Uzasadnienie|https://www.saos.org.pl/judgments/413563
412267|2019-09-30|SO|I ACa 255/17|Wyrok|https://www.saos.org.pl/judgments/412267
393009|2019-09-30|SO|VIII U 242/19|Uzasadnienie|https://www.saos.org.pl/judgments/393009
398235|2019-09-27|SO|I ACa 131/18|Wyrok|https://www.saos.org.pl/judgments/398235
420213|2019-09-26|SO|I ACa 523/18|Wyrok|https://www.saos.org.pl/judgments/420213
398683|2019-09-26|SO|VIII C 660/19|Wyrok|https://www.saos.org.pl/judgments/398683
411095|2019-09-23|SO|II Ca 1872/19|Wyrok|https://www.saos.org.pl/judgments/411095
394793|2019-09-23|SO|XII 1Co 2452/18|Postanowienie|https://www.saos.org.pl/judgments/394793
393313|2019-09-23|SO|IV U 310/19|Wyrok|https://www.saos.org.pl/judgments/393313
411096|2019-09-20|SO|II Ca 2042/19|Wyrok|https://www.saos.org.pl/judgments/411096
397370|2019-09-20|SO|I ACa 143/19|Wyrok|https://www.saos.org.pl/judgments/397370
394011|2019-09-20|SO|VIII C 248/19|Wyrok|https://www.saos.org.pl/judgments/394011
529157|2019-09-19|SO|II Ca 17/19|Uzasadnienie|https://www.saos.org.pl/judgments/529157
404587|2019-09-18|SO|III AUa 130/19|Wyrok|https://www.saos.org.pl/judgments/404587
392407|2019-09-18|SO|IV U 666/18|Wyrok|https://www.saos.org.pl/judgments/392407
402127|2019-09-17|SO|VI U 2657/18|Wyrok|https://www.saos.org.pl/judgments/402127
395687|2019-09-17|SO|V Ca 3205/18|Wyrok|https://www.saos.org.pl/judgments/395687
397521|2019-09-16|SO|XII Ga 648/19|Wyrok|https://www.saos.org.pl/judgments/397521
396096|2019-09-13|SO|XIX Ga 953/19|Uzasadnienie|https://www.saos.org.pl/judgments/396096
411092|2019-09-12|SO|II Ca 1228/19|Wyrok|https://www.saos.org.pl/judgments/411092
392858|2019-09-11|SO|VIII C 2782/18|Wyrok|https://www.saos.org.pl/judgments/392858
392376|2019-09-11|SO|I Ca 98/19|Postanowienie|https://www.saos.org.pl/judgments/392376
413118|2019-09-05|SO|I C 415/19|Wyrok|https://www.saos.org.pl/judgments/413118
402128|2019-09-03|SO|VI U 482/17|Wyrok|https://www.saos.org.pl/judgments/402128
401813|2019-09-03|SO|VI U 1102/19|Wyrok|https://www.saos.org.pl/judgments/401813
393535|2019-08-30|SO|I Ns 224/18|Postanowienie|https://www.saos.org.pl/judgments/393535
401137|2019-08-29|SO|VI Gz 188/19|Postanowienie|https://www.saos.org.pl/judgments/401137
394784|2019-08-29|SO|VIII U 190/18|Uzasadnienie|https://www.saos.org.pl/judgments/394784
399346|2019-08-28|SO|III Ca 511/19|Uzasadnienie|https://www.saos.org.pl/judgments/399346
408131|2019-08-26|SO|VI ACa 188/19|Wyrok|https://www.saos.org.pl/judgments/408131
394786|2019-08-14|SO|VIII U 623/19|Zarządzenie|https://www.saos.org.pl/judgments/394786
399778|2019-08-13|SO|I C 147/17|Wyrok|https://www.saos.org.pl/judgments/399778
390916|2019-08-09|SO|VIII C 102/19|Wyrok|https://www.saos.org.pl/judgments/390916
391276|2019-08-07|SO|IX Ca 223/19|Postanowienie|https://www.saos.org.pl/judgments/391276
426937|2019-08-06|SO|I C 2202/17|Zarządzenie|https://www.saos.org.pl/judgments/426937
391779|2019-08-06|SO|VIII C 1009/19|Wyrok|https://www.saos.org.pl/judgments/391779
394856|2019-07-31|SO|III Ca 107/19|Uzasadnienie|https://www.saos.org.pl/judgments/394856
390921|2019-07-31|SO|VIII C 2977/18|Wyrok|https://www.saos.org.pl/judgments/390921
390920|2019-07-31|SO|VIII C 2975/18|Wyrok|https://www.saos.org.pl/judgments/390920
390366|2019-07-31|SO|VIII C 20/19|Wyrok|https://www.saos.org.pl/judgments/390366
390247|2019-07-31|SO|VIII C 25/19|Wyrok|https://www.saos.org.pl/judgments/390247
390246|2019-07-31|SO|VIII C 16/19|Wyrok|https://www.saos.org.pl/judgments/390246
390036|2019-07-31|SO|VIII C 57/19|Wyrok|https://www.saos.org.pl/judgments/390036
390035|2019-07-31|SO|VIII C 2984/18|Wyrok|https://www.saos.org.pl/judgments/390035
390034|2019-07-31|SO|VIII C 2981/18|Wyrok|https://www.saos.org.pl/judgments/390034
390033|2019-07-31|SO|VIII C 29/19|Wyrok|https://www.saos.org.pl/judgments/390033
390032|2019-07-31|SO|VIII C 28/19|Wyrok|https://www.saos.org.pl/judgments/390032
390031|2019-07-31|SO|VIII C 27/19|Wyrok|https://www.saos.org.pl/judgments/390031
390030|2019-07-31|SO|VIII C 24/19|Wyrok|https://www.saos.org.pl/judgments/390030
390029|2019-07-31|SO|VIII C 22/19|Wyrok|https://www.saos.org.pl/judgments/390029
390028|2019-07-31|SO|VIII C 21/19|Wyrok|https://www.saos.org.pl/judgments/390028
388309|2019-07-31|SO|VIII U 402/18|Uzasadnienie|https://www.saos.org.pl/judgments/388309
411874|2019-07-30|SO|VIII U 2086/18|Wyrok|https://www.saos.org.pl/judgments/411874
422869|2019-07-29|SO|VI U 1405/19|Wyrok|https://www.saos.org.pl/judgments/422869
391809|2019-07-26|SO|VIII C 3039/18|Wyrok|https://www.saos.org.pl/judgments/391809
391789|2019-07-26|SO|VIII C 26/19|Wyrok|https://www.saos.org.pl/judgments/391789
391787|2019-07-26|SO|VIII C 23/19|Wyrok|https://www.saos.org.pl/judgments/391787
391784|2019-07-26|SO|VIII C 19/19|Wyrok|https://www.saos.org.pl/judgments/391784
391783|2019-07-26|SO|VIII C 18/19|Wyrok|https://www.saos.org.pl/judgments/391783
390917|2019-07-26|SO|VIII C 1043/19|Wyrok|https://www.saos.org.pl/judgments/390917
389572|2019-07-26|SO|VIII C 573/18|Wyrok|https://www.saos.org.pl/judgments/389572
404174|2019-07-25|SO|III AUa 424/19|Wyrok|https://www.saos.org.pl/judgments/404174
395761|2019-07-25|SO|III Ca 345/19|Wyrok|https://www.saos.org.pl/judgments/395761
446481|2019-07-24|SO|III C 1082/17|Wyrok|https://www.saos.org.pl/judgments/446481
427669|2019-07-24|SO|I ACa 1035/18|Wyrok|https://www.saos.org.pl/judgments/427669
389878|2019-07-24|SO|III AUa 1012/18|Wyrok|https://www.saos.org.pl/judgments/389878
436350|2019-07-23|SO|VI U 2389/18|Wyrok|https://www.saos.org.pl/judgments/436350
401816|2019-07-23|SO|VI U 842/18|Wyrok|https://www.saos.org.pl/judgments/401816
395538|2019-07-23|SO|III Ca 988/19|Wyrok|https://www.saos.org.pl/judgments/395538
393925|2019-07-23|SO|VIII U 1624/17|Wyrok|https://www.saos.org.pl/judgments/393925
389497|2019-07-22|SO|VIII C 3041/18|Wyrok|https://www.saos.org.pl/judgments/389497
387480|2019-07-22|SO|IV U 273/19|Wyrok|https://www.saos.org.pl/judgments/387480
391810|2019-07-19|SO|VIII C 52/19|Wyrok|https://www.saos.org.pl/judgments/391810
391804|2019-07-19|SO|VIII C 2991/18|Wyrok|https://www.saos.org.pl/judgments/391804
391803|2019-07-19|SO|VIII C 2989/18|Wyrok|https://www.saos.org.pl/judgments/391803
391802|2019-07-19|SO|VIII C 2987/18|Wyrok|https://www.saos.org.pl/judgments/391802
391801|2019-07-19|SO|VIII C 2980/18|Wyrok|https://www.saos.org.pl/judgments/391801
391800|2019-07-19|SO|VIII C 2979/18|Wyrok|https://www.saos.org.pl/judgments/391800
391799|2019-07-19|SO|VIII C 2978/18|Wyrok|https://www.saos.org.pl/judgments/391799
391798|2019-07-19|SO|VIII C 2973/18|Wyrok|https://www.saos.org.pl/judgments/391798
390250|2019-07-19|SO|VIII C 2881/18|Wyrok|https://www.saos.org.pl/judgments/390250
390249|2019-07-19|SO|VIII C 2878/18|Wyrok|https://www.saos.org.pl/judgments/390249
390248|2019-07-19|SO|VIII C 2876/18|Wyrok|https://www.saos.org.pl/judgments/390248
389501|2019-07-19|SO|VIII C 3097/18|Wyrok|https://www.saos.org.pl/judgments/389501
389500|2019-07-19|SO|VIII C 3084/18|Wyrok|https://www.saos.org.pl/judgments/389500
389498|2019-07-19|SO|VIII C 3063/18|Wyrok|https://www.saos.org.pl/judgments/389498
389496|2019-07-19|SO|VIII C 3000/18|Wyrok|https://www.saos.org.pl/judgments/389496
389283|2019-07-19|SO|VIII C 3040/18|Wyrok|https://www.saos.org.pl/judgments/389283
389282|2019-07-19|SO|VIII C 3038/18|Wyrok|https://www.saos.org.pl/judgments/389282
389281|2019-07-19|SO|VIII C 3004/18|Wyrok|https://www.saos.org.pl/judgments/389281
389280|2019-07-19|SO|VIII C 2996/18|Wyrok|https://www.saos.org.pl/judgments/389280
389279|2019-07-19|SO|VIII C 2988/18|Wyrok|https://www.saos.org.pl/judgments/389279
389278|2019-07-19|SO|VIII C 2986/18|Wyrok|https://www.saos.org.pl/judgments/389278
389277|2019-07-19|SO|VIII C 2985/18|Wyrok|https://www.saos.org.pl/judgments/389277
395764|2019-07-18|SO|III Ca 490/19|Wyrok|https://www.saos.org.pl/judgments/395764
387484|2019-07-18|SO|IV U 702/18|Wyrok|https://www.saos.org.pl/judgments/387484
395534|2019-07-17|SO|III Ca 28/19|Wyrok|https://www.saos.org.pl/judgments/395534
391048|2019-07-17|SO|I Ca 242/19|Postanowienie|https://www.saos.org.pl/judgments/391048
394913|2019-07-16|SO|VI U 1949/18|Wyrok|https://www.saos.org.pl/judgments/394913
389292|2019-07-16|SO|VIII C 481/19|Wyrok|https://www.saos.org.pl/judgments/389292
389291|2019-07-16|SO|VIII C 466/19|Wyrok|https://www.saos.org.pl/judgments/389291
389289|2019-07-16|SO|VIII C 345/19|Wyrok|https://www.saos.org.pl/judgments/389289
389288|2019-07-16|SO|VIII C 332/19|Wyrok|https://www.saos.org.pl/judgments/389288
389287|2019-07-16|SO|VIII C 328/19|Wyrok|https://www.saos.org.pl/judgments/389287
389286|2019-07-16|SO|VIII C 319/19|Wyrok|https://www.saos.org.pl/judgments/389286
389285|2019-07-16|SO|VIII C 318/19|Wyrok|https://www.saos.org.pl/judgments/389285
391808|2019-07-15|SO|VIII C 3016/18|Wyrok|https://www.saos.org.pl/judgments/391808
391807|2019-07-15|SO|VIII C 3015/18|Wyrok|https://www.saos.org.pl/judgments/391807
391806|2019-07-15|SO|VIII C 3010/18|Wyrok|https://www.saos.org.pl/judgments/391806
391805|2019-07-15|SO|VIII C 2998/18|Wyrok|https://www.saos.org.pl/judgments/391805
391782|2019-07-15|SO|VIII C 14/19|Wyrok|https://www.saos.org.pl/judgments/391782
392106|2019-07-12|SO|VIII C 2952/18|Wyrok|https://www.saos.org.pl/judgments/392106
392105|2019-07-12|SO|VIII C 2931/18|Wyrok|https://www.saos.org.pl/judgments/392105
391797|2019-07-12|SO|VIII C 2950/18|Wyrok|https://www.saos.org.pl/judgments/391797
391796|2019-07-12|SO|VIII C 2947/18|Wyrok|https://www.saos.org.pl/judgments/391796
391795|2019-07-12|SO|VIII C 2932/18|Wyrok|https://www.saos.org.pl/judgments/391795
391794|2019-07-12|SO|VIII C 2928/18|Wyrok|https://www.saos.org.pl/judgments/391794
391793|2019-07-12|SO|VIII C 2926/18|Wyrok|https://www.saos.org.pl/judgments/391793
391792|2019-07-12|SO|VIII C 2924/18|Wyrok|https://www.saos.org.pl/judgments/391792
390919|2019-07-12|SO|VIII C 2953/18|Wyrok|https://www.saos.org.pl/judgments/390919
394651|2019-07-11|SO|XVII AmE 288/17|Wyrok|https://www.saos.org.pl/judgments/394651
389293|2019-07-11|SO|VIII C 557/19|Wyrok|https://www.saos.org.pl/judgments/389293
389206|2019-07-11|SO|III Cz 1245/18|Postanowienie|https://www.saos.org.pl/judgments/389206
387333|2019-07-11|SO|IX Ca 264/19|Wyrok|https://www.saos.org.pl/judgments/387333
388259|2019-07-10|SO|V ACa 539/18|Wyrok|https://www.saos.org.pl/judgments/388259
488503|2019-07-09|SO|X GC 53/14|Zarządzenie|https://www.saos.org.pl/judgments/488503
389276|2019-07-08|SO|VIII C 2968/18|Wyrok|https://www.saos.org.pl/judgments/389276
389272|2019-07-08|SO|VIII C 2882/18|Wyrok|https://www.saos.org.pl/judgments/389272
389271|2019-07-08|SO|VIII C 2873/18|Wyrok|https://www.saos.org.pl/judgments/389271
389269|2019-07-08|SO|VIII C 2389/18|Wyrok|https://www.saos.org.pl/judgments/389269
412261|2019-07-05|SO|XXV C 1973/17|Postanowienie|https://www.saos.org.pl/judgments/412261
393960|2019-07-05|SO|II Ca 1264/19|Wyrok|https://www.saos.org.pl/judgments/393960
387199|2019-07-05|SO|I C 629/19|Wyrok|https://www.saos.org.pl/judgments/387199
395576|2019-07-03|SO|VII AGa 1328/18|Wyrok|https://www.saos.org.pl/judgments/395576
389504|2019-07-02|SO|VIII C 72/19|Wyrok|https://www.saos.org.pl/judgments/389504
389296|2019-07-02|SO|VIII C 613/19|Wyrok|https://www.saos.org.pl/judgments/389296
389266|2019-07-02|SO|VIII C 138/19|Wyrok|https://www.saos.org.pl/judgments/389266
389264|2019-07-02|SO|VIII C 133/19|Wyrok|https://www.saos.org.pl/judgments/389264
389263|2019-07-02|SO|VIII C 125/19|Wyrok|https://www.saos.org.pl/judgments/389263
389261|2019-07-02|SO|VIII C 108/19|Wyrok|https://www.saos.org.pl/judgments/389261
389259|2019-07-02|SO|VIII C 100/19|Wyrok|https://www.saos.org.pl/judgments/389259
386441|2019-07-02|SO|VIII C 2934/18|Wyrok|https://www.saos.org.pl/judgments/386441
386439|2019-07-02|SO|VIII C 144/19|Wyrok|https://www.saos.org.pl/judgments/386439
386437|2019-07-02|SO|VIII C 127/19|Wyrok|https://www.saos.org.pl/judgments/386437
386295|2019-07-02|SO|VIII C 2948/18|Wyrok|https://www.saos.org.pl/judgments/386295
386102|2019-07-02|SO|VIII C 117/19|Wyrok|https://www.saos.org.pl/judgments/386102
385224|2019-07-02|SO|VIII U 533/19|Uzasadnienie|https://www.saos.org.pl/judgments/385224
402126|2019-07-01|SO|VI U 2575/18|Wyrok|https://www.saos.org.pl/judgments/402126
391437|2019-07-01|SO|III Ca 648/19|Uzasadnienie|https://www.saos.org.pl/judgments/391437
386442|2019-07-01|SO|VIII C 2936/18|Wyrok|https://www.saos.org.pl/judgments/386442
386438|2019-07-01|SO|VIII C 1320/18|Wyrok|https://www.saos.org.pl/judgments/386438
386296|2019-07-01|SO|VIII C 648/19|Wyrok|https://www.saos.org.pl/judgments/386296
386293|2019-07-01|SO|VIII C 2756/18|Wyrok|https://www.saos.org.pl/judgments/386293
386292|2019-07-01|SO|VIII C 2753/18|Wyrok|https://www.saos.org.pl/judgments/386292
386291|2019-07-01|SO|VIII C 2752/18|Wyrok|https://www.saos.org.pl/judgments/386291
386290|2019-07-01|SO|VIII C 2749/18|Wyrok|https://www.saos.org.pl/judgments/386290
386289|2019-07-01|SO|VIII C 2747/18|Wyrok|https://www.saos.org.pl/judgments/386289
386288|2019-07-01|SO|VIII C 2746/18|Wyrok|https://www.saos.org.pl/judgments/386288
405097|2019-06-28|SO|I Co 608/19|Postanowienie|https://www.saos.org.pl/judgments/405097
392852|2019-06-28|SO|V ACa 379/18|Wyrok|https://www.saos.org.pl/judgments/392852
390537|2019-06-28|SO|I ACa 293/19|Wyrok|https://www.saos.org.pl/judgments/390537
389295|2019-06-28|SO|VIII C 610/19|Wyrok|https://www.saos.org.pl/judgments/389295
389274|2019-06-28|SO|VIII C 2898/18|Wyrok|https://www.saos.org.pl/judgments/389274
386294|2019-06-28|SO|VIII C 2893/18|Wyrok|https://www.saos.org.pl/judgments/386294
389300|2019-06-27|SO|XXIII Ga 517/19|Postanowienie|https://www.saos.org.pl/judgments/389300
387930|2019-06-27|SO|II1 C 71/18|Wyrok|https://www.saos.org.pl/judgments/387930
384776|2019-06-27|SO|VIII U 321/17|Uzasadnienie|https://www.saos.org.pl/judgments/384776
531785|2019-06-26|SO|VI U 1739/18|Uzasadnienie|https://www.saos.org.pl/judgments/531785
389677|2019-06-26|SO|II Ca 891/18|Wyrok|https://www.saos.org.pl/judgments/389677
389594|2019-06-25|SO|I ACa 210/19|Wyrok|https://www.saos.org.pl/judgments/389594
384580|2019-06-25|SO|III U 211/19|Wyrok|https://www.saos.org.pl/judgments/384580
384579|2019-06-25|SO|III U 209/19|Wyrok|https://www.saos.org.pl/judgments/384579
384578|2019-06-25|SO|III U 203/19|Wyrok|https://www.saos.org.pl/judgments/384578
389294|2019-06-24|SO|VIII C 609/19|Wyrok|https://www.saos.org.pl/judgments/389294
386197|2019-06-24|SO|VIII C 2836/18|Wyrok|https://www.saos.org.pl/judgments/386197
386196|2019-06-24|SO|VIII C 2829/18|Wyrok|https://www.saos.org.pl/judgments/386196
391414|2019-06-21|SO|III Ca 212/19|Uzasadnienie|https://www.saos.org.pl/judgments/391414
421469|2019-06-19|SO|II C 729/19|Postanowienie|https://www.saos.org.pl/judgments/421469
389502|2019-06-18|SO|VIII C 605/19|Wyrok|https://www.saos.org.pl/judgments/389502
384780|2019-06-18|SO|VIII U 536/19|Uzasadnienie|https://www.saos.org.pl/judgments/384780
395444|2019-06-17|SO|VI ACa 324/19|Wyrok|https://www.saos.org.pl/judgments/395444
390780|2019-06-17|SO|III Ca 2115/18|Wyrok|https://www.saos.org.pl/judgments/390780
386444|2019-06-17|SO|VIII C 608/19|Wyrok|https://www.saos.org.pl/judgments/386444
408973|2019-06-14|SO|VIII Ga 201/19|Uzasadnienie|https://www.saos.org.pl/judgments/408973
388889|2019-06-14|SO|IV U 56/19|Wyrok|https://www.saos.org.pl/judgments/388889
385155|2019-06-13|SO|VIII C 2835/18|Wyrok|https://www.saos.org.pl/judgments/385155
385154|2019-06-13|SO|VIII C 2831/18|Wyrok|https://www.saos.org.pl/judgments/385154
393098|2019-06-12|SO|III AUa 706/17|Wyrok|https://www.saos.org.pl/judgments/393098
385578|2019-06-11|SO|VIII U 1479/18|Uzasadnienie|https://www.saos.org.pl/judgments/385578
385161|2019-06-11|SO|VIII C 604/19|Wyrok|https://www.saos.org.pl/judgments/385161
385160|2019-06-11|SO|VIII C 3083/18|Wyrok|https://www.saos.org.pl/judgments/385160
385159|2019-06-11|SO|VIII C 3082/18|Wyrok|https://www.saos.org.pl/judgments/385159
385157|2019-06-11|SO|VIII C 2879/18|Wyrok|https://www.saos.org.pl/judgments/385157
385210|2019-06-10|SO|VIII U 2437/18|Uzasadnienie|https://www.saos.org.pl/judgments/385210
385164|2019-06-10|SO|VIII Ns 210/13|Postanowienie|https://www.saos.org.pl/judgments/385164
384629|2019-06-10|SO|VIII C 607/19|Wyrok|https://www.saos.org.pl/judgments/384629
384621|2019-06-10|SO|VIII C 2743/18|Wyrok|https://www.saos.org.pl/judgments/384621
384620|2019-06-10|SO|VIII C 2736/18|Wyrok|https://www.saos.org.pl/judgments/384620
384619|2019-06-10|SO|VIII C 2727/18|Wyrok|https://www.saos.org.pl/judgments/384619
384618|2019-06-10|SO|VIII C 2723/18|Wyrok|https://www.saos.org.pl/judgments/384618
384617|2019-06-10|SO|VIII C 2717/18|Wyrok|https://www.saos.org.pl/judgments/384617
384616|2019-06-10|SO|VIII C 2701/18|Wyrok|https://www.saos.org.pl/judgments/384616
384609|2019-06-10|SO|VIII C 2508/18|Wyrok|https://www.saos.org.pl/judgments/384609
385153|2019-06-07|SO|VIII C 2152/18|Wyrok|https://www.saos.org.pl/judgments/385153
384611|2019-06-07|SO|VIII C 2625/18|Wyrok|https://www.saos.org.pl/judgments/384611
532298|2019-06-06|SO|I C 179/18|Wyrok|https://www.saos.org.pl/judgments/532298
392288|2019-06-06|SO|VI U 1413/18|Wyrok|https://www.saos.org.pl/judgments/392288
389159|2019-06-05|SO|IV U 601/18|Wyrok|https://www.saos.org.pl/judgments/389159
387214|2019-06-05|SO|I Ns 368/17|Zarządzenie|https://www.saos.org.pl/judgments/387214
385303|2019-06-05|SO|I Ca 198/19|Wyrok|https://www.saos.org.pl/judgments/385303
395013|2019-06-04|SO|V Ca 1149/18|Wyrok|https://www.saos.org.pl/judgments/395013
389499|2019-06-04|SO|VIII C 3080/18|Wyrok|https://www.saos.org.pl/judgments/389499
385725|2019-06-04|SO|VIII C 66/19|Wyrok|https://www.saos.org.pl/judgments/385725
385722|2019-06-04|SO|VIII C 145/19|Wyrok|https://www.saos.org.pl/judgments/385722
385721|2019-06-04|SO|VIII C 141/19|Wyrok|https://www.saos.org.pl/judgments/385721
385719|2019-06-04|SO|VIII C 129/19|Wyrok|https://www.saos.org.pl/judgments/385719
385718|2019-06-04|SO|VIII C 128/19|Wyrok|https://www.saos.org.pl/judgments/385718
385717|2019-06-04|SO|VIII C 107/19|Wyrok|https://www.saos.org.pl/judgments/385717
385716|2019-06-04|SO|VIII C 101/19|Wyrok|https://www.saos.org.pl/judgments/385716
384626|2019-06-04|SO|VIII C 3081/18|Wyrok|https://www.saos.org.pl/judgments/384626
384624|2019-06-04|SO|VIII C 2872/18|Wyrok|https://www.saos.org.pl/judgments/384624
384612|2019-06-04|SO|VIII C 2633/18|Wyrok|https://www.saos.org.pl/judgments/384612
399986|2019-06-03|SO|I C 57/19|Wyrok|https://www.saos.org.pl/judgments/399986
384628|2019-06-03|SO|VIII C 603/19|Wyrok|https://www.saos.org.pl/judgments/384628
384610|2019-06-03|SO|VIII C 2613/18|Wyrok|https://www.saos.org.pl/judgments/384610
529688|2019-05-31|SO|II Ca 471/18|Zarządzenie|https://www.saos.org.pl/judgments/529688
451943|2019-05-31|SO|VIII Ca 230/19|Postanowienie|https://www.saos.org.pl/judgments/451943
391488|2019-05-31|SO|I ACa 1031/16|Wyrok|https://www.saos.org.pl/judgments/391488
384613|2019-05-31|SO|VIII C 2639/18|Wyrok|https://www.saos.org.pl/judgments/384613
383514|2019-05-31|SO|VIII C 600/19|Wyrok|https://www.saos.org.pl/judgments/383514
383501|2019-05-31|SO|VIII C 2619/18|Wyrok|https://www.saos.org.pl/judgments/383501
387773|2019-05-30|SO|I Ns 1/19|Postanowienie|https://www.saos.org.pl/judgments/387773
381976|2019-05-30|SO|VIII U 891/18|Zarządzenie|https://www.saos.org.pl/judgments/381976
389896|2019-05-29|SO|III AUa 898/18|Wyrok|https://www.saos.org.pl/judgments/389896
396985|2019-05-28|SO|I C 87/19|Wyrok|https://www.saos.org.pl/judgments/396985
381974|2019-05-28|SO|VIII U 876/18|Zarządzenie|https://www.saos.org.pl/judgments/381974
390132|2019-05-27|SO|III Ca 1912/18|Uzasadnienie|https://www.saos.org.pl/judgments/390132
383192|2019-05-27|SO|VIII C 633/19|Wyrok|https://www.saos.org.pl/judgments/383192
382277|2019-05-27|SO|IV U 869/18|Wyrok|https://www.saos.org.pl/judgments/382277
429742|2019-05-24|SO|I ACa 989/18|Wyrok|https://www.saos.org.pl/judgments/429742
383193|2019-05-24|SO|VIII C 634/19|Wyrok|https://www.saos.org.pl/judgments/383193
529880|2019-05-23|SO|II Ca 1200/18|Zarządzenie|https://www.saos.org.pl/judgments/529880
394008|2019-05-23|SO|VI U 256/18|Wyrok|https://www.saos.org.pl/judgments/394008
382965|2019-05-22|SO|IX Ca 986/18|Postanowienie|https://www.saos.org.pl/judgments/382965
529697|2019-05-21|SO|II Ca 618/18|Zarządzenie|https://www.saos.org.pl/judgments/529697
390909|2019-05-21|SO|VI U 676/18|Wyrok|https://www.saos.org.pl/judgments/390909
390102|2019-05-20|SO|III Ca 135/19|Uzasadnienie|https://www.saos.org.pl/judgments/390102
402678|2019-05-17|SO|I AGa 362/18|Wyrok|https://www.saos.org.pl/judgments/402678
388118|2019-05-17|SO|V AGa 235/18|Wyrok|https://www.saos.org.pl/judgments/388118
383190|2019-05-17|SO|VIII C 589/19|Wyrok|https://www.saos.org.pl/judgments/383190
436907|2019-05-16|SO|I ACa 133/19|Wyrok|https://www.saos.org.pl/judgments/436907
403331|2019-05-16|SO|I C 3328/18|Wyrok|https://www.saos.org.pl/judgments/403331
383488|2019-05-16|SO|VIII C 1292/18|Wyrok|https://www.saos.org.pl/judgments/383488
389284|2019-05-15|SO|VIII C 3044/18|Wyrok|https://www.saos.org.pl/judgments/389284
383706|2019-05-15|SO|III AUa 77/19|Wyrok|https://www.saos.org.pl/judgments/383706
383187|2019-05-15|SO|VIII C 3181/18|Wyrok|https://www.saos.org.pl/judgments/383187
390117|2019-05-14|SO|III Ca 1716/18|Uzasadnienie|https://www.saos.org.pl/judgments/390117
382700|2019-05-14|SO|III Cz 130/19|Postanowienie|https://www.saos.org.pl/judgments/382700
389273|2019-05-10|SO|VIII C 2895/18|Wyrok|https://www.saos.org.pl/judgments/389273
389270|2019-05-10|SO|VIII C 2864/18|Wyrok|https://www.saos.org.pl/judgments/389270
386597|2019-05-10|SO|V ACa 423/18|Wyrok|https://www.saos.org.pl/judgments/386597
385108|2019-05-10|SO|V ACa 739/18|Wyrok|https://www.saos.org.pl/judgments/385108
384996|2019-05-10|SO|II Ca 380/19|Wyrok|https://www.saos.org.pl/judgments/384996
379926|2019-05-09|SO|VI Cz 497/19|Postanowienie|https://www.saos.org.pl/judgments/379926
391002|2019-05-08|SO|XVII AmE 286/18|Wyrok|https://www.saos.org.pl/judgments/391002
387273|2019-05-08|SO|VIII U 2019/17|Wyrok|https://www.saos.org.pl/judgments/387273
383195|2019-05-08|SO|VIII C 780/19|Wyrok|https://www.saos.org.pl/judgments/383195
383191|2019-05-08|SO|VIII C 601/19|Wyrok|https://www.saos.org.pl/judgments/383191
379504|2019-05-08|SO|IV U 728/18|Wyrok|https://www.saos.org.pl/judgments/379504
384627|2019-05-07|SO|VIII C 3184/18|Wyrok|https://www.saos.org.pl/judgments/384627
383173|2019-05-07|SO|VIII C 2691/18|Wyrok|https://www.saos.org.pl/judgments/383173
383169|2019-05-07|SO|VIII C 2598/18|Wyrok|https://www.saos.org.pl/judgments/383169
382677|2019-05-07|SO|III Ca 1392/18|Postanowienie|https://www.saos.org.pl/judgments/382677
435781|2019-04-30|SO|I C 805/18|Uzasadnienie|https://www.saos.org.pl/judgments/435781
383185|2019-04-30|SO|VIII C 3059/18|Wyrok|https://www.saos.org.pl/judgments/383185
383184|2019-04-30|SO|VIII C 3054/18|Wyrok|https://www.saos.org.pl/judgments/383184
383183|2019-04-30|SO|VIII C 3008/18|Wyrok|https://www.saos.org.pl/judgments/383183
383182|2019-04-30|SO|VIII C 3006/18|Wyrok|https://www.saos.org.pl/judgments/383182
383063|2019-04-30|SO|VIII C 3052/18|Wyrok|https://www.saos.org.pl/judgments/383063
383060|2019-04-30|SO|VIII C 3045/18|Wyrok|https://www.saos.org.pl/judgments/383060
383057|2019-04-30|SO|VIII C 3018/18|Wyrok|https://www.saos.org.pl/judgments/383057
383056|2019-04-30|SO|VIII C 3017/18|Wyrok|https://www.saos.org.pl/judgments/383056
383055|2019-04-30|SO|VIII C 3012/18|Wyrok|https://www.saos.org.pl/judgments/383055
383053|2019-04-30|SO|VIII C 3009/18|Wyrok|https://www.saos.org.pl/judgments/383053
383038|2019-04-30|SO|VIII C 2909/18|Wyrok|https://www.saos.org.pl/judgments/383038
382282|2019-04-30|SO|IX Ca 666/19|Wyrok|https://www.saos.org.pl/judgments/382282
383126|2019-04-29|SO|I C 754/18|Wyrok|https://www.saos.org.pl/judgments/383126
383511|2019-04-26|SO|VIII C 2833/18|Wyrok|https://www.saos.org.pl/judgments/383511
383510|2019-04-26|SO|VIII C 2832/18|Wyrok|https://www.saos.org.pl/judgments/383510
383496|2019-04-26|SO|VIII C 2484/18|Wyrok|https://www.saos.org.pl/judgments/383496
397560|2019-04-25|SO|I ACa 94/19|Postanowienie|https://www.saos.org.pl/judgments/397560
390907|2019-04-25|SO|VI U 1721/17|Wyrok|https://www.saos.org.pl/judgments/390907
385932|2019-04-25|SO|II Ca 143/19|Postanowienie|https://www.saos.org.pl/judgments/385932
383894|2019-04-25|SO|VIII U 1031/18|Zarządzenie|https://www.saos.org.pl/judgments/383894
379441|2019-04-25|SO|IV U 349/17|Wyrok|https://www.saos.org.pl/judgments/379441
407178|2019-04-24|SO|I AGa 323/18|Wyrok|https://www.saos.org.pl/judgments/407178
399907|2019-04-24|SO|V AGa 323/18|Wyrok|https://www.saos.org.pl/judgments/399907
386440|2019-04-24|SO|VIII C 2605/18|Wyrok|https://www.saos.org.pl/judgments/386440
383902|2019-04-24|SO|VIII U 1803/18|Zarządzenie|https://www.saos.org.pl/judgments/383902
383500|2019-04-24|SO|VIII C 2617/18|Wyrok|https://www.saos.org.pl/judgments/383500
383499|2019-04-24|SO|VIII C 2611/18|Wyrok|https://www.saos.org.pl/judgments/383499
383077|2019-04-24|SO|VIII C 636/19|Wyrok|https://www.saos.org.pl/judgments/383077
382717|2019-04-24|SO|III Cz 5/19|Postanowienie|https://www.saos.org.pl/judgments/382717
383052|2019-04-23|SO|VIII C 3005/18|Wyrok|https://www.saos.org.pl/judgments/383052
383051|2019-04-23|SO|VIII C 3003/18|Wyrok|https://www.saos.org.pl/judgments/383051
383048|2019-04-23|SO|VIII C 2995/18|Wyrok|https://www.saos.org.pl/judgments/383048
383047|2019-04-23|SO|VIII C 2993/18|Wyrok|https://www.saos.org.pl/judgments/383047
383046|2019-04-23|SO|VIII C 2992/18|Wyrok|https://www.saos.org.pl/judgments/383046
383045|2019-04-23|SO|VIII C 2983/18|Wyrok|https://www.saos.org.pl/judgments/383045
383024|2019-04-23|SO|VIII C 2523/18|Wyrok|https://www.saos.org.pl/judgments/383024
383023|2019-04-19|SO|VIII C 2499/18|Wyrok|https://www.saos.org.pl/judgments/383023
403234|2019-04-18|SO|I ACa 1064/18|Wyrok|https://www.saos.org.pl/judgments/403234
390906|2019-04-18|SO|VI U 1488/18|Wyrok|https://www.saos.org.pl/judgments/390906
385703|2019-04-18|SO|VI U 2537/15|Wyrok|https://www.saos.org.pl/judgments/385703
385702|2019-04-18|SO|VI U 2058/17|Wyrok|https://www.saos.org.pl/judgments/385702
382269|2019-04-18|SO|IV U 39/19|Wyrok|https://www.saos.org.pl/judgments/382269
383509|2019-04-17|SO|VIII C 2751/18|Wyrok|https://www.saos.org.pl/judgments/383509
383508|2019-04-17|SO|VIII C 2748/18|Wyrok|https://www.saos.org.pl/judgments/383508
383507|2019-04-17|SO|VIII C 2735/18|Wyrok|https://www.saos.org.pl/judgments/383507
383506|2019-04-17|SO|VIII C 2734/18|Wyrok|https://www.saos.org.pl/judgments/383506
383505|2019-04-17|SO|VIII C 2728/18|Wyrok|https://www.saos.org.pl/judgments/383505
383504|2019-04-17|SO|VIII C 2703/18|Wyrok|https://www.saos.org.pl/judgments/383504
383503|2019-04-17|SO|VIII C 2702/18|Wyrok|https://www.saos.org.pl/judgments/383503
383502|2019-04-17|SO|VIII C 2683/18|Wyrok|https://www.saos.org.pl/judgments/383502
383244|2019-04-17|SO|V ACa 5/18|Wyrok|https://www.saos.org.pl/judgments/383244
383176|2019-04-17|SO|VIII C 2741/18|Wyrok|https://www.saos.org.pl/judgments/383176
383175|2019-04-17|SO|VIII C 2729/18|Wyrok|https://www.saos.org.pl/judgments/383175
383174|2019-04-17|SO|VIII C 2724/18|Wyrok|https://www.saos.org.pl/judgments/383174
383170|2019-04-17|SO|VIII C 2602/18|Wyrok|https://www.saos.org.pl/judgments/383170
383030|2019-04-17|SO|VIII C 2738/18|Wyrok|https://www.saos.org.pl/judgments/383030
425743|2019-04-16|SO|XXIII Ga 2176/18|Wyrok|https://www.saos.org.pl/judgments/425743
378664|2019-04-16|SO|III AUa 967/18|Wyrok|https://www.saos.org.pl/judgments/378664
415581|2019-04-15|SO|VI ACa 1765/17|Wyrok|https://www.saos.org.pl/judgments/415581
383013|2019-04-15|SO|VIII C 2256/18|Wyrok|https://www.saos.org.pl/judgments/383013
383009|2019-04-15|SO|VIII C 2216/18|Wyrok|https://www.saos.org.pl/judgments/383009
381969|2019-04-15|SO|VIII U 833/18|Uzasadnienie|https://www.saos.org.pl/judgments/381969
379445|2019-04-15|SO|IV U 382/18|Wyrok|https://www.saos.org.pl/judgments/379445
405267|2019-04-12|SO|IX C 22/19|Postanowienie|https://www.saos.org.pl/judgments/405267
381086|2019-04-12|SO|XII C 1069/17|Wyrok|https://www.saos.org.pl/judgments/381086
380534|2019-04-12|SO|VIII U 1651/18|Uzasadnienie|https://www.saos.org.pl/judgments/380534
391886|2019-04-11|SO|VI U 345/19|Wyrok|https://www.saos.org.pl/judgments/391886
383065|2019-04-10|SO|VIII C 37/19|Wyrok|https://www.saos.org.pl/judgments/383065
383054|2019-04-10|SO|VIII C 3011/18|Wyrok|https://www.saos.org.pl/judgments/383054
383050|2019-04-10|SO|VIII C 2999/18|Wyrok|https://www.saos.org.pl/judgments/383050
383049|2019-04-10|SO|VIII C 2997/18|Wyrok|https://www.saos.org.pl/judgments/383049
383044|2019-04-10|SO|VIII C 2982/18|Wyrok|https://www.saos.org.pl/judgments/383044
383043|2019-04-10|SO|VIII C 2974/18|Wyrok|https://www.saos.org.pl/judgments/383043
383042|2019-04-10|SO|VIII C 2962/18|Wyrok|https://www.saos.org.pl/judgments/383042
383041|2019-04-10|SO|VIII C 2933/18|Wyrok|https://www.saos.org.pl/judgments/383041
383040|2019-04-10|SO|VIII C 2927/18|Wyrok|https://www.saos.org.pl/judgments/383040
383039|2019-04-10|SO|VIII C 2917/18|Wyrok|https://www.saos.org.pl/judgments/383039
383034|2019-04-10|SO|VIII C 2871/18|Wyrok|https://www.saos.org.pl/judgments/383034
472432|2019-04-09|SO|II Ca 1637/18|Wyrok|https://www.saos.org.pl/judgments/472432
394171|2019-04-09|SO|IV U 207/19|Wyrok|https://www.saos.org.pl/judgments/394171
383067|2019-04-09|SO|VIII C 50/19|Wyrok|https://www.saos.org.pl/judgments/383067
383062|2019-04-09|SO|VIII C 3050/18|Wyrok|https://www.saos.org.pl/judgments/383062
383061|2019-04-09|SO|VIII C 3046/18|Wyrok|https://www.saos.org.pl/judgments/383061
383059|2019-04-09|SO|VIII C 3037/18|Wyrok|https://www.saos.org.pl/judgments/383059
383037|2019-04-09|SO|VIII C 2880/18|Wyrok|https://www.saos.org.pl/judgments/383037
383036|2019-04-09|SO|VIII C 2875/18|Wyrok|https://www.saos.org.pl/judgments/383036
383035|2019-04-09|SO|VIII C 2874/18|Wyrok|https://www.saos.org.pl/judgments/383035
383027|2019-04-09|SO|VIII C 2654/18|Wyrok|https://www.saos.org.pl/judgments/383027
380728|2019-04-09|SO|VIII U 3348/14|Zarządzenie|https://www.saos.org.pl/judgments/380728
396630|2019-04-08|SO|XVII AmE 85/17|Wyrok|https://www.saos.org.pl/judgments/396630
382679|2019-04-05|SO|III Ca 1470/18|Wyrok|https://www.saos.org.pl/judgments/382679
383075|2019-04-04|SO|VIII C 602/19|Wyrok|https://www.saos.org.pl/judgments/383075
383002|2019-04-04|SO|VIII C 2058/18|Wyrok|https://www.saos.org.pl/judgments/383002
376802|2019-04-04|SO|I C 1256/18|Wyrok|https://www.saos.org.pl/judgments/376802
383029|2019-04-03|SO|VIII C 2719/18|Wyrok|https://www.saos.org.pl/judgments/383029
383028|2019-04-03|SO|VIII C 2692/18|Wyrok|https://www.saos.org.pl/judgments/383028
425851|2019-04-02|SO|III AUa 69/19|Wyrok|https://www.saos.org.pl/judgments/425851
391965|2019-04-02|SO|II Ca 2447/18|Postanowienie|https://www.saos.org.pl/judgments/391965
383007|2019-04-02|SO|VIII C 2195/18|Wyrok|https://www.saos.org.pl/judgments/383007
507602|2019-04-01|SO|IV Co 65/19|Postanowienie|https://www.saos.org.pl/judgments/507602
403052|2019-04-01|SO|I ACa 354/18|Wyrok|https://www.saos.org.pl/judgments/403052
387961|2019-04-01|SO|III Ca 1797/18|Wyrok|https://www.saos.org.pl/judgments/387961
382848|2019-04-01|SO|VIII C 2136/18|Wyrok|https://www.saos.org.pl/judgments/382848
383021|2019-03-29|SO|VIII C 2405/18|Wyrok|https://www.saos.org.pl/judgments/383021
383020|2019-03-29|SO|VIII C 2397/18|Wyrok|https://www.saos.org.pl/judgments/383020
383019|2019-03-29|SO|VIII C 2393/18|Wyrok|https://www.saos.org.pl/judgments/383019
383018|2019-03-29|SO|VIII C 2392/18|Wyrok|https://www.saos.org.pl/judgments/383018
377096|2019-03-29|SO|I C 346/18|Wyrok|https://www.saos.org.pl/judgments/377096
403880|2019-03-28|SO|I ACa 361/18|Wyrok|https://www.saos.org.pl/judgments/403880
381328|2019-03-28|SO|XXI Pa 549/18|Wyrok|https://www.saos.org.pl/judgments/381328
396456|2019-03-27|SO|I ACz 317/19|Postanowienie|https://www.saos.org.pl/judgments/396456
387608|2019-03-27|SO|III Ca 1617/18|Uzasadnienie|https://www.saos.org.pl/judgments/387608
385553|2019-03-27|SO|IX U 1166/18|Wyrok|https://www.saos.org.pl/judgments/385553
380146|2019-03-27|SO|VI U 466/18|Wyrok|https://www.saos.org.pl/judgments/380146
394188|2019-03-26|SO|IV U 410/18|Wyrok|https://www.saos.org.pl/judgments/394188
391960|2019-03-22|SO|II Ca 2253/18|Wyrok|https://www.saos.org.pl/judgments/391960
382857|2019-03-22|SO|VIII C 2464/18|Wyrok|https://www.saos.org.pl/judgments/382857
382849|2019-03-22|SO|VIII C 2156/18|Wyrok|https://www.saos.org.pl/judgments/382849
403257|2019-03-21|SO|III APa 10/18|Wyrok|https://www.saos.org.pl/judgments/403257
382882|2019-03-21|SO|VIII C 341/19|Wyrok|https://www.saos.org.pl/judgments/382882
382881|2019-03-21|SO|VIII C 337/19|Wyrok|https://www.saos.org.pl/judgments/382881
382880|2019-03-21|SO|VIII C 336/19|Wyrok|https://www.saos.org.pl/judgments/382880
382879|2019-03-21|SO|VIII C 331/19|Wyrok|https://www.saos.org.pl/judgments/382879
382878|2019-03-21|SO|VIII C 329/19|Wyrok|https://www.saos.org.pl/judgments/382878
382877|2019-03-21|SO|VIII C 325/19|Wyrok|https://www.saos.org.pl/judgments/382877
382876|2019-03-21|SO|VIII C 324/19|Wyrok|https://www.saos.org.pl/judgments/382876
382875|2019-03-21|SO|VIII C 313/19|Wyrok|https://www.saos.org.pl/judgments/382875
382874|2019-03-21|SO|VIII C 312/19|Wyrok|https://www.saos.org.pl/judgments/382874
382873|2019-03-20|SO|VIII C 3062/18|Wyrok|https://www.saos.org.pl/judgments/382873
376667|2019-03-20|SO|I AGa 211/18|Wyrok|https://www.saos.org.pl/judgments/376667
390430|2019-03-19|SO|V ACa 186/18|Wyrok|https://www.saos.org.pl/judgments/390430
382839|2019-03-18|SO|VIII C 1924/18|Wyrok|https://www.saos.org.pl/judgments/382839
382872|2019-03-15|SO|VIII C 2908/18|Wyrok|https://www.saos.org.pl/judgments/382872
382866|2019-03-15|SO|VIII C 2621/18|Wyrok|https://www.saos.org.pl/judgments/382866
383486|2019-03-14|SO|VI U 2572/18|Wyrok|https://www.saos.org.pl/judgments/383486
379467|2019-03-14|SO|IV U 535/18|Wyrok|https://www.saos.org.pl/judgments/379467
373176|2019-03-14|SO|VI Cz 309/19|Postanowienie|https://www.saos.org.pl/judgments/373176
382867|2019-03-13|SO|VIII C 2690/18|Wyrok|https://www.saos.org.pl/judgments/382867
380205|2019-03-11|SO|VII AGa 662/18|Wyrok|https://www.saos.org.pl/judgments/380205
376634|2019-03-11|SO|I AGa 144/18|Wyrok|https://www.saos.org.pl/judgments/376634
382859|2019-03-08|SO|VIII C 2547/18|Wyrok|https://www.saos.org.pl/judgments/382859
375524|2019-03-08|SO|IX Ca 322/19|Wyrok|https://www.saos.org.pl/judgments/375524
399010|2019-03-07|SO|III AUa 2402/17|Wyrok|https://www.saos.org.pl/judgments/399010
388055|2019-03-07|SO|VIII Pa 163/18|Wyrok|https://www.saos.org.pl/judgments/388055
378965|2019-03-07|SO|III Cz 1751/17|Postanowienie|https://www.saos.org.pl/judgments/378965
419319|2019-03-06|SO|I ACa 457/18|Wyrok|https://www.saos.org.pl/judgments/419319
382853|2019-03-06|SO|VIII C 2217/18|Wyrok|https://www.saos.org.pl/judgments/382853
377931|2019-03-06|SO|II Ca 1740/18|Wyrok|https://www.saos.org.pl/judgments/377931
377469|2019-03-06|SO|I Ca 23/19|Postanowienie|https://www.saos.org.pl/judgments/377469
376790|2019-03-06|SO|I C 1229/18|Wyrok|https://www.saos.org.pl/judgments/376790
376388|2019-03-06|SO|I ACa 20/18|Wyrok|https://www.saos.org.pl/judgments/376388
378961|2019-03-05|SO|III Cz 1531/18|Postanowienie|https://www.saos.org.pl/judgments/378961
397519|2019-03-04|SO|XII Ga 28/19|Wyrok|https://www.saos.org.pl/judgments/397519
380143|2019-02-28|SO|VI U 399/18|Wyrok|https://www.saos.org.pl/judgments/380143
374323|2019-02-28|SO|VIII C 1934/18|Wyrok|https://www.saos.org.pl/judgments/374323
481713|2019-02-27|SO|V U 45/18|Uzasadnienie|https://www.saos.org.pl/judgments/481713
372301|2019-02-27|SO|IV U 867/18|Wyrok|https://www.saos.org.pl/judgments/372301
372300|2019-02-27|SO|IV U 755/18|Wyrok|https://www.saos.org.pl/judgments/372300
398443|2019-02-26|SO|VI U 114/18|Wyrok|https://www.saos.org.pl/judgments/398443
382871|2019-02-26|SO|VIII C 2863/18|Wyrok|https://www.saos.org.pl/judgments/382871
382858|2019-02-26|SO|VIII C 2482/18|Wyrok|https://www.saos.org.pl/judgments/382858
397517|2019-02-25|SO|XII Ga 107/19|Wyrok|https://www.saos.org.pl/judgments/397517
374379|2019-02-25|SO|VIII C 669/18|Wyrok|https://www.saos.org.pl/judgments/374379
374335|2019-02-25|SO|VIII C 2037/18|Wyrok|https://www.saos.org.pl/judgments/374335
372297|2019-02-25|SO|IV U 651/18|Wyrok|https://www.saos.org.pl/judgments/372297
374376|2019-02-22|SO|VIII C 329/18|Wyrok|https://www.saos.org.pl/judgments/374376
383026|2019-02-21|SO|VIII C 2624/18|Wyrok|https://www.saos.org.pl/judgments/383026
383025|2019-02-21|SO|VIII C 2609/18|Wyrok|https://www.saos.org.pl/judgments/383025
382869|2019-02-21|SO|VIII C 2730/18|Wyrok|https://www.saos.org.pl/judgments/382869
382868|2019-02-21|SO|VIII C 2725/18|Wyrok|https://www.saos.org.pl/judgments/382868
382865|2019-02-21|SO|VIII C 2618/18|Wyrok|https://www.saos.org.pl/judgments/382865
382864|2019-02-21|SO|VIII C 2610/18|Wyrok|https://www.saos.org.pl/judgments/382864
382863|2019-02-21|SO|VIII C 2607/18|Wyrok|https://www.saos.org.pl/judgments/382863
382862|2019-02-21|SO|VIII C 2606/18|Wyrok|https://www.saos.org.pl/judgments/382862
382861|2019-02-21|SO|VIII C 2603/18|Wyrok|https://www.saos.org.pl/judgments/382861
380786|2019-02-20|SO|VIII U 929/18|Zarządzenie|https://www.saos.org.pl/judgments/380786
380529|2019-02-20|SO|VIII U 16/18|Zarządzenie|https://www.saos.org.pl/judgments/380529
374676|2019-02-20|SO|VIII C 2828/18|Wyrok|https://www.saos.org.pl/judgments/374676
372965|2019-02-20|SO|IX Ca 1127/18|Wyrok|https://www.saos.org.pl/judgments/372965
408950|2019-02-19|SO|VI U 1529/18|Wyrok|https://www.saos.org.pl/judgments/408950
393630|2019-02-19|SO|VIII U 2010/17|Wyrok|https://www.saos.org.pl/judgments/393630
382120|2019-02-19|SO|I Ns 256/18|Postanowienie|https://www.saos.org.pl/judgments/382120
377763|2019-02-19|SO|II C 1247/18|Uzasadnienie|https://www.saos.org.pl/judgments/377763
380607|2019-02-18|SO|VIII U 1980/18|Uzasadnienie|https://www.saos.org.pl/judgments/380607
446613|2019-02-14|SO|VI Ca 17/18|Postanowienie|https://www.saos.org.pl/judgments/446613
424598|2019-02-14|SO|XXIII Gz 1477/18|Postanowienie|https://www.saos.org.pl/judgments/424598
394713|2019-02-14|SO|III AUa 436/18|Wyrok|https://www.saos.org.pl/judgments/394713
382672|2019-02-14|SO|III Ca 1254/18|Wyrok|https://www.saos.org.pl/judgments/382672
380168|2019-02-14|SO|VII AGa 1058/18|Wyrok|https://www.saos.org.pl/judgments/380168
377340|2019-02-14|SO|I C 776/18|Zarządzenie|https://www.saos.org.pl/judgments/377340
370058|2019-02-14|SO|VI Cz 174/19|Postanowienie|https://www.saos.org.pl/judgments/370058
374360|2019-02-13|SO|VIII C 2732/18|Wyrok|https://www.saos.org.pl/judgments/374360
374344|2019-02-13|SO|VIII C 2323/18|Wyrok|https://www.saos.org.pl/judgments/374344
374291|2019-02-13|SO|VIII C 1565/18|Wyrok|https://www.saos.org.pl/judgments/374291
373980|2019-02-13|SO|III AUa 830/18|Wyrok|https://www.saos.org.pl/judgments/373980
373237|2019-02-12|SO|I C 1537/18|Wyrok|https://www.saos.org.pl/judgments/373237
378908|2019-02-11|SO|III Ca 2160/18|Uzasadnienie|https://www.saos.org.pl/judgments/378908
376153|2019-02-08|SO|VIII C 1480/18|Wyrok|https://www.saos.org.pl/judgments/376153
374277|2019-02-08|SO|VIII C 1299/18|Wyrok|https://www.saos.org.pl/judgments/374277
374271|2019-02-08|SO|VIII C 1018/18|Wyrok|https://www.saos.org.pl/judgments/374271
372873|2019-02-08|SO|I C 99/18|Wyrok|https://www.saos.org.pl/judgments/372873
382036|2019-02-07|SO|VIII Pa 105/18|Wyrok|https://www.saos.org.pl/judgments/382036
374374|2019-02-07|SO|VIII C 2856/18|Wyrok|https://www.saos.org.pl/judgments/374374
374372|2019-02-07|SO|VIII C 2759/18|Wyrok|https://www.saos.org.pl/judgments/374372
374371|2019-02-07|SO|VIII C 2758/18|Wyrok|https://www.saos.org.pl/judgments/374371
374370|2019-02-07|SO|VIII C 2757/18|Wyrok|https://www.saos.org.pl/judgments/374370
374369|2019-02-07|SO|VIII C 2755/18|Wyrok|https://www.saos.org.pl/judgments/374369
374368|2019-02-07|SO|VIII C 2754/18|Wyrok|https://www.saos.org.pl/judgments/374368
374366|2019-02-07|SO|VIII C 2745/18|Wyrok|https://www.saos.org.pl/judgments/374366
374365|2019-02-07|SO|VIII C 2744/18|Wyrok|https://www.saos.org.pl/judgments/374365
374363|2019-02-07|SO|VIII C 2740/18|Wyrok|https://www.saos.org.pl/judgments/374363
374359|2019-02-07|SO|VIII C 2731/18|Wyrok|https://www.saos.org.pl/judgments/374359
374358|2019-02-07|SO|VIII C 2726/18|Wyrok|https://www.saos.org.pl/judgments/374358
374357|2019-02-07|SO|VIII C 2722/18|Wyrok|https://www.saos.org.pl/judgments/374357
374356|2019-02-07|SO|VIII C 2700/18|Wyrok|https://www.saos.org.pl/judgments/374356
369872|2019-02-07|SO|VIII U 2081/17|Uzasadnienie|https://www.saos.org.pl/judgments/369872
482320|2019-02-05|SO|II K 603/17|Wyrok|https://www.saos.org.pl/judgments/482320
370311|2019-02-05|SO|XI GC 659/18|Wyrok|https://www.saos.org.pl/judgments/370311
374333|2019-02-04|SO|VIII C 1997/18|Wyrok|https://www.saos.org.pl/judgments/374333
395484|2019-01-31|SO|I AGa 248/18|Wyrok|https://www.saos.org.pl/judgments/395484
377474|2019-01-31|SO|I Ca 30/19|Wyrok|https://www.saos.org.pl/judgments/377474
370086|2019-01-31|SO|VIII U 1081/18|Uzasadnienie|https://www.saos.org.pl/judgments/370086
502075|2019-01-30|SO|II Ca 57/19|Wyrok|https://www.saos.org.pl/judgments/502075
379647|2019-01-30|SO|IX U 1631/18|Wyrok|https://www.saos.org.pl/judgments/379647
379637|2019-01-30|SO|IX U 1259/18|Wyrok|https://www.saos.org.pl/judgments/379637
378703|2019-01-30|SO|III Ca 1126/18|Uzasadnienie|https://www.saos.org.pl/judgments/378703
378699|2019-01-30|SO|III Ca 1125/18|Uzasadnienie|https://www.saos.org.pl/judgments/378699
372739|2019-01-30|SO|I C 335/18|Wyrok|https://www.saos.org.pl/judgments/372739
370265|2019-01-30|SO|IV U 659/18|Wyrok|https://www.saos.org.pl/judgments/370265
370263|2019-01-30|SO|IV U 35/18|Wyrok|https://www.saos.org.pl/judgments/370263
389533|2019-01-29|SO|I ACa 355/18|Wyrok|https://www.saos.org.pl/judgments/389533
379715|2019-01-29|SO|V ACa 368/18|Wyrok|https://www.saos.org.pl/judgments/379715
377895|2019-01-29|SO|II Ca 1495/18|Wyrok|https://www.saos.org.pl/judgments/377895
377494|2019-01-29|SO|I Ca 513/18|Postanowienie|https://www.saos.org.pl/judgments/377494
374324|2019-01-28|SO|VIII C 1944/18|Wyrok|https://www.saos.org.pl/judgments/374324
369048|2019-01-28|SO|IV U 28/18|Wyrok|https://www.saos.org.pl/judgments/369048
378772|2019-01-25|SO|III Ca 1482/18|Uzasadnienie|https://www.saos.org.pl/judgments/378772
374378|2019-01-25|SO|VIII C 431/17|Wyrok|https://www.saos.org.pl/judgments/374378
465101|2019-01-24|SO|V AGa 255/18|Wyrok|https://www.saos.org.pl/judgments/465101
381321|2019-01-24|SO|XXI Pa 444/18|Wyrok|https://www.saos.org.pl/judgments/381321
380811|2019-01-24|SO|VIII Ua 125/18|Uzasadnienie|https://www.saos.org.pl/judgments/380811
370421|2019-01-24|SO|IX Ca 830/18|Postanowienie|https://www.saos.org.pl/judgments/370421
374367|2019-01-23|SO|VIII C 2750/18|Wyrok|https://www.saos.org.pl/judgments/374367
374364|2019-01-23|SO|VIII C 2742/18|Wyrok|https://www.saos.org.pl/judgments/374364
374355|2019-01-23|SO|VIII C 2699/18|Wyrok|https://www.saos.org.pl/judgments/374355
374348|2019-01-23|SO|VIII C 2396/18|Wyrok|https://www.saos.org.pl/judgments/374348
374347|2019-01-23|SO|VIII C 2390/18|Wyrok|https://www.saos.org.pl/judgments/374347
372363|2019-01-22|SO|VIII U 2277/18|Uzasadnienie|https://www.saos.org.pl/judgments/372363
524569|2019-01-21|SO|II Ca 775/18|Postanowienie|https://www.saos.org.pl/judgments/524569
382828|2019-01-16|SO|VIII C 1608/18|Wyrok|https://www.saos.org.pl/judgments/382828
381868|2019-01-16|SO|VI U 1967/18|Wyrok|https://www.saos.org.pl/judgments/381868
378035|2019-01-16|SO|II Ca 675/18|Zarządzenie|https://www.saos.org.pl/judgments/378035
374342|2019-01-16|SO|VIII C 2253/18|Wyrok|https://www.saos.org.pl/judgments/374342
374293|2019-01-16|SO|VIII C 1612/18|Wyrok|https://www.saos.org.pl/judgments/374293
369840|2019-01-16|SO|VIII U 1146/17|Uzasadnienie|https://www.saos.org.pl/judgments/369840
371730|2019-01-14|SO|III Cz 1114/18|Postanowienie|https://www.saos.org.pl/judgments/371730
370031|2019-01-14|SO|IV U 168/18|Wyrok|https://www.saos.org.pl/judgments/370031
390931|2019-01-11|SO|VIII U 1346/17|Wyrok|https://www.saos.org.pl/judgments/390931
385730|2019-01-11|SO|VIII U 1600/17|Wyrok|https://www.saos.org.pl/judgments/385730
385728|2019-01-11|SO|VIII U 1294/17|Wyrok|https://www.saos.org.pl/judgments/385728
374279|2019-01-11|SO|VIII C 1360/18|Wyrok|https://www.saos.org.pl/judgments/374279
372357|2019-01-11|SO|VIII U 1805/18|Uzasadnienie|https://www.saos.org.pl/judgments/372357
370592|2019-01-11|SO|VIII Ga 491/18|Zarządzenie|https://www.saos.org.pl/judgments/370592
367275|2019-01-11|SO|VIII Ga 248/18|Zarządzenie|https://www.saos.org.pl/judgments/367275
377944|2019-01-10|SO|II Ca 1901/18|Wyrok|https://www.saos.org.pl/judgments/377944
372507|2019-01-10|SO|V ACa 43/18|Wyrok|https://www.saos.org.pl/judgments/372507
372089|2019-01-10|SO|VIII U 2163/17|Zarządzenie|https://www.saos.org.pl/judgments/372089
368390|2019-01-10|SO|VI P 38/18|Postanowienie|https://www.saos.org.pl/judgments/368390
366335|2019-01-10|SO|VIII Cz 886/18|Postanowienie|https://www.saos.org.pl/judgments/366335
395260|2019-01-09|SO|I AGa 407/18|Wyrok|https://www.saos.org.pl/judgments/395260
380156|2019-01-08|SO|VI U 782/18|Wyrok|https://www.saos.org.pl/judgments/380156
374362|2019-01-08|SO|VIII C 2737/18|Wyrok|https://www.saos.org.pl/judgments/374362
374361|2019-01-08|SO|VIII C 2733/18|Wyrok|https://www.saos.org.pl/judgments/374361
374353|2019-01-08|SO|VIII C 2623/18|Wyrok|https://www.saos.org.pl/judgments/374353
374352|2019-01-08|SO|VIII C 2615/18|Wyrok|https://www.saos.org.pl/judgments/374352
374351|2019-01-08|SO|VIII C 2612/18|Wyrok|https://www.saos.org.pl/judgments/374351
374350|2019-01-08|SO|VIII C 2601/18|Wyrok|https://www.saos.org.pl/judgments/374350
374189|2019-01-08|SO|VI U 2403/18|Wyrok|https://www.saos.org.pl/judgments/374189
367700|2019-01-08|SO|VIII C 2468/18|Wyrok|https://www.saos.org.pl/judgments/367700
369904|2019-01-07|SO|VIII U 954/18|Zarządzenie|https://www.saos.org.pl/judgments/369904
368380|2019-01-04|SO|IX Ca 944/18|Postanowienie|https://www.saos.org.pl/judgments/368380
373532|2018-12-31|SO|III Ca 2003/17|Uzasadnienie|https://www.saos.org.pl/judgments/373532
370420|2018-12-28|SO|IX Ca 753/18|Postanowienie|https://www.saos.org.pl/judgments/370420
367489|2018-12-28|SO|I Ca 474/18|Postanowienie|https://www.saos.org.pl/judgments/367489
367075|2018-12-28|SO|VIII Pz 117/18|Postanowienie|https://www.saos.org.pl/judgments/367075
385615|2018-12-27|SO|I ACa 508/18|Wyrok|https://www.saos.org.pl/judgments/385615
373625|2018-12-27|SO|V ACa 1615/17|Wyrok|https://www.saos.org.pl/judgments/373625
373155|2018-12-21|SO|III Ca 1910/18|Uzasadnienie|https://www.saos.org.pl/judgments/373155
370042|2018-12-21|SO|IV U 804/18|Wyrok|https://www.saos.org.pl/judgments/370042
367130|2018-12-21|SO|I Ns 91/17|Postanowienie|https://www.saos.org.pl/judgments/367130
377911|2018-12-20|SO|II Ca 1601/18|Postanowienie|https://www.saos.org.pl/judgments/377911
370040|2018-12-19|SO|IV U 795/18|Wyrok|https://www.saos.org.pl/judgments/370040
367109|2018-12-19|SO|I C 1678/18|Wyrok|https://www.saos.org.pl/judgments/367109
366020|2018-12-19|SO|I C 1411/18|Wyrok|https://www.saos.org.pl/judgments/366020
374187|2018-12-18|SO|VI U 1905/18|Wyrok|https://www.saos.org.pl/judgments/374187
373716|2018-12-18|SO|XVI GCo 282/18|Postanowienie|https://www.saos.org.pl/judgments/373716
371772|2018-12-18|SO|VI U 1419/18|Wyrok|https://www.saos.org.pl/judgments/371772
367969|2018-12-18|SO|VIII C 1544/18|Wyrok|https://www.saos.org.pl/judgments/367969
367551|2018-12-18|SO|VIII C 1543/18|Wyrok|https://www.saos.org.pl/judgments/367551
367491|2018-12-18|SO|I Ca 501/18|Wyrok|https://www.saos.org.pl/judgments/367491
374397|2018-12-14|SO|I ACa 138/18|Wyrok|https://www.saos.org.pl/judgments/374397
366547|2018-12-14|SO|VIII C 1769/18|Wyrok|https://www.saos.org.pl/judgments/366547
374225|2018-12-13|SO|II Ca 679/17|Postanowienie|https://www.saos.org.pl/judgments/374225
369331|2018-12-13|SO|I Ca 468/18|Wyrok|https://www.saos.org.pl/judgments/369331
366539|2018-12-11|SO|VIII C 1453/18|Wyrok|https://www.saos.org.pl/judgments/366539
367037|2018-12-07|SO|VIII C 1575/18|Wyrok|https://www.saos.org.pl/judgments/367037
365456|2018-12-07|SO|II C 910/13|Wyrok|https://www.saos.org.pl/judgments/365456
378531|2018-12-06|SO|III AUa 337/17|Wyrok|https://www.saos.org.pl/judgments/378531
366549|2018-12-06|SO|VIII C 1995/18|Wyrok|https://www.saos.org.pl/judgments/366549
366560|2018-12-05|SO|VIII C 343/18|Wyrok|https://www.saos.org.pl/judgments/366560
365625|2018-12-05|SO|IV P 80/18|Wyrok|https://www.saos.org.pl/judgments/365625
365047|2018-12-05|SO|I C 581/18|Wyrok|https://www.saos.org.pl/judgments/365047
366553|2018-12-04|SO|VIII C 2135/18|Wyrok|https://www.saos.org.pl/judgments/366553
366202|2018-12-04|SO|V ACa 231/18|Wyrok|https://www.saos.org.pl/judgments/366202
389593|2018-12-03|SO|I ACa 1735/17|Wyrok|https://www.saos.org.pl/judgments/389593
366975|2018-12-03|SO|III Ca 1095/18|Uzasadnienie|https://www.saos.org.pl/judgments/366975
366942|2018-12-03|SO|I C 1510/18|Wyrok|https://www.saos.org.pl/judgments/366942
366541|2018-12-03|SO|VIII C 1468/18|Wyrok|https://www.saos.org.pl/judgments/366541
388842|2018-11-30|SO|I ACa 212/18|Wyrok|https://www.saos.org.pl/judgments/388842
372191|2018-11-30|SO|I ACa 304/18|Wyrok|https://www.saos.org.pl/judgments/372191
366472|2018-11-30|SO|IX Ca 1498/18|Wyrok|https://www.saos.org.pl/judgments/366472
389811|2018-11-28|SO|VII AGa 1026/18|Wyrok|https://www.saos.org.pl/judgments/389811
371959|2018-11-27|SO|VI U 1190/18|Wyrok|https://www.saos.org.pl/judgments/371959
371774|2018-11-27|SO|VI U 1660/17|Wyrok|https://www.saos.org.pl/judgments/371774
366542|2018-11-27|SO|VIII C 1541/18|Wyrok|https://www.saos.org.pl/judgments/366542
366536|2018-11-27|SO|VIII C 1356/18|Wyrok|https://www.saos.org.pl/judgments/366536
369705|2018-11-26|SO|IV U 475/18|Wyrok|https://www.saos.org.pl/judgments/369705
367347|2018-11-26|SO|I Ns 505/14|Postanowienie|https://www.saos.org.pl/judgments/367347
366344|2018-11-26|SO|I C 209/16|Wyrok|https://www.saos.org.pl/judgments/366344
379915|2018-11-23|SO|VI ACa 738/18|Wyrok|https://www.saos.org.pl/judgments/379915
366564|2018-11-23|SO|VIII C 519/18|Wyrok|https://www.saos.org.pl/judgments/366564
366556|2018-11-23|SO|VIII C 236/18|Wyrok|https://www.saos.org.pl/judgments/366556
364711|2018-11-23|SO|I C 380/18|Wyrok|https://www.saos.org.pl/judgments/364711
380155|2018-11-22|SO|VI U 739/18|Wyrok|https://www.saos.org.pl/judgments/380155
364397|2018-11-22|SO|I ACa 493/18|Wyrok|https://www.saos.org.pl/judgments/364397
366016|2018-11-21|SO|I C 1248/18|Wyrok|https://www.saos.org.pl/judgments/366016
396745|2018-11-20|SO|VI U 1604/18|Wyrok|https://www.saos.org.pl/judgments/396745
379938|2018-11-20|SO|VI Ga 505/18|Wyrok|https://www.saos.org.pl/judgments/379938
366111|2018-11-20|SO|II Ca 719/18|Wyrok|https://www.saos.org.pl/judgments/366111
362689|2018-11-20|SO|IV U 607/18|Wyrok|https://www.saos.org.pl/judgments/362689
362687|2018-11-20|SO|IV U 453/18|Wyrok|https://www.saos.org.pl/judgments/362687
386645|2018-11-19|SO|I ACa 1481/17|Wyrok|https://www.saos.org.pl/judgments/386645
364979|2018-11-19|SO|VIII U 1453/18|Uzasadnienie|https://www.saos.org.pl/judgments/364979
363793|2018-11-16|SO|II C 587/17|Wyrok|https://www.saos.org.pl/judgments/363793
365683|2018-11-15|SO|XXI Pa 338/18|Wyrok|https://www.saos.org.pl/judgments/365683
365051|2018-11-14|SO|I C 882/18|Wyrok|https://www.saos.org.pl/judgments/365051
364402|2018-11-14|SO|I ACa 570/18|Wyrok|https://www.saos.org.pl/judgments/364402
363819|2018-11-14|SO|X U 761/17|Wyrok|https://www.saos.org.pl/judgments/363819
381819|2018-11-08|SO|V AGa 637/18|Wyrok|https://www.saos.org.pl/judgments/381819
372420|2018-11-08|SO|I Ns 50/18|Postanowienie|https://www.saos.org.pl/judgments/372420
366148|2018-11-08|SO|III Ca 1449/18|Uzasadnienie|https://www.saos.org.pl/judgments/366148
365756|2018-11-08|SO|III Ca 1252/18|Uzasadnienie|https://www.saos.org.pl/judgments/365756
364592|2018-11-08|SO|IV Ca 575/18|Wyrok|https://www.saos.org.pl/judgments/364592
380523|2018-11-06|SO|VIII U 1587/17|Wyrok|https://www.saos.org.pl/judgments/380523
362956|2018-11-06|SO|XI GC 1117/18|Uzasadnienie|https://www.saos.org.pl/judgments/362956
362690|2018-11-06|SO|IV U 623/18|Wyrok|https://www.saos.org.pl/judgments/362690
361179|2018-11-06|SO|IV U 627/18|Wyrok|https://www.saos.org.pl/judgments/361179
522932|2018-11-05|SO|II Ca 562/18|Wyrok|https://www.saos.org.pl/judgments/522932
365088|2018-11-05|SO|III Ca 1487/18|Uzasadnienie|https://www.saos.org.pl/judgments/365088
362728|2018-11-05|SO|VIII C 1256/18|Wyrok|https://www.saos.org.pl/judgments/362728
362727|2018-11-05|SO|VIII C 1255/18|Wyrok|https://www.saos.org.pl/judgments/362727
362726|2018-11-05|SO|VIII C 1250/18|Wyrok|https://www.saos.org.pl/judgments/362726
362725|2018-11-05|SO|VIII C 1248/18|Wyrok|https://www.saos.org.pl/judgments/362725
362724|2018-11-05|SO|VIII C 1245/18|Wyrok|https://www.saos.org.pl/judgments/362724
362723|2018-11-05|SO|VIII C 1244/18|Wyrok|https://www.saos.org.pl/judgments/362723
362722|2018-11-05|SO|VIII C 1242/18|Wyrok|https://www.saos.org.pl/judgments/362722
362721|2018-11-05|SO|VIII C 1239/18|Wyrok|https://www.saos.org.pl/judgments/362721
362718|2018-11-05|SO|VIII C 1232/18|Wyrok|https://www.saos.org.pl/judgments/362718
362717|2018-11-05|SO|VIII C 1227/18|Wyrok|https://www.saos.org.pl/judgments/362717
372319|2018-10-31|SO|VIII Pa 166/18|Uzasadnienie|https://www.saos.org.pl/judgments/372319
362688|2018-10-31|SO|IV U 595/18|Wyrok|https://www.saos.org.pl/judgments/362688
376466|2018-10-30|SO|I ACa 510/18|Wyrok|https://www.saos.org.pl/judgments/376466
369771|2018-10-30|SO|VI U 1145/17|Wyrok|https://www.saos.org.pl/judgments/369771
365829|2018-10-30|SO|VI U 1655/17|Wyrok|https://www.saos.org.pl/judgments/365829
373691|2018-10-29|SO|XII C 1310/18|Wyrok|https://www.saos.org.pl/judgments/373691
362251|2018-10-25|SO|IX Ca 371/18|Wyrok|https://www.saos.org.pl/judgments/362251
376399|2018-10-24|SO|I ACa 280/18|Wyrok|https://www.saos.org.pl/judgments/376399
361100|2018-10-24|SO|IV Ca 432/18|Wyrok|https://www.saos.org.pl/judgments/361100
362731|2018-10-23|SO|VIII C 903/18|Wyrok|https://www.saos.org.pl/judgments/362731
362730|2018-10-23|SO|VIII C 894/18|Wyrok|https://www.saos.org.pl/judgments/362730
362720|2018-10-23|SO|VIII C 1236/18|Wyrok|https://www.saos.org.pl/judgments/362720
362719|2018-10-23|SO|VIII C 1234/18|Wyrok|https://www.saos.org.pl/judgments/362719
380563|2018-10-22|SO|VIII U 1784/18|Wyrok|https://www.saos.org.pl/judgments/380563
369774|2018-10-22|SO|VI U 1374/18|Wyrok|https://www.saos.org.pl/judgments/369774
360786|2018-10-22|SO|X U 236/17|Wyrok|https://www.saos.org.pl/judgments/360786
360963|2018-10-19|SO|VIII C 2476/17|Wyrok|https://www.saos.org.pl/judgments/360963
361641|2018-10-18|SO|I C 1108/18|Wyrok|https://www.saos.org.pl/judgments/361641
361640|2018-10-18|SO|I C 1107/18|Wyrok|https://www.saos.org.pl/judgments/361640
380584|2018-10-17|SO|VIII U 1867/18|Wyrok|https://www.saos.org.pl/judgments/380584
377580|2018-10-17|SO|I Ns 560/15|Postanowienie|https://www.saos.org.pl/judgments/377580
361961|2018-10-17|SO|VIII C 1617/18|Wyrok|https://www.saos.org.pl/judgments/361961
360971|2018-10-17|SO|VIII C 331/18|Wyrok|https://www.saos.org.pl/judgments/360971
360942|2018-10-17|SO|VIII C 1703/18|Wyrok|https://www.saos.org.pl/judgments/360942
358472|2018-10-17|SO|I Ns 164/18|Postanowienie|https://www.saos.org.pl/judgments/358472
358325|2018-10-17|SO|VIII U 1472/18|Uzasadnienie|https://www.saos.org.pl/judgments/358325
371461|2018-10-16|SO|VIII Pa 168/17|Postanowienie|https://www.saos.org.pl/judgments/371461
361959|2018-10-16|SO|VIII C 1257/18|Wyrok|https://www.saos.org.pl/judgments/361959
360926|2018-10-16|SO|VIII C 1251/18|Wyrok|https://www.saos.org.pl/judgments/360926
360920|2018-10-16|SO|VIII C 1240/18|Wyrok|https://www.saos.org.pl/judgments/360920
361011|2018-10-15|SO|VIII C 810/18|Wyrok|https://www.saos.org.pl/judgments/361011
361000|2018-10-15|SO|VIII C 659/18|Wyrok|https://www.saos.org.pl/judgments/361000
360904|2018-10-15|SO|VIII C 1116/18|Wyrok|https://www.saos.org.pl/judgments/360904
360903|2018-10-15|SO|VIII C 1115/18|Wyrok|https://www.saos.org.pl/judgments/360903
360902|2018-10-15|SO|VIII C 1114/18|Wyrok|https://www.saos.org.pl/judgments/360902
363549|2018-10-12|SO|I C 26/17|Wyrok|https://www.saos.org.pl/judgments/363549
360899|2018-10-12|SO|VIII C 1083/18|Wyrok|https://www.saos.org.pl/judgments/360899
404784|2018-10-11|SO|IV U 282/18|Wyrok|https://www.saos.org.pl/judgments/404784
365387|2018-10-11|SO|VIII U 1658/17|Zarządzenie|https://www.saos.org.pl/judgments/365387
362601|2018-10-11|SO|I C 446/18|Wyrok|https://www.saos.org.pl/judgments/362601
360898|2018-10-11|SO|VIII C 1081/18|Wyrok|https://www.saos.org.pl/judgments/360898
359068|2018-10-11|SO|III AUa 594/18|Wyrok|https://www.saos.org.pl/judgments/359068
360027|2018-10-10|SO|IV U 343/18|Wyrok|https://www.saos.org.pl/judgments/360027
380880|2018-10-09|SO|X GC 273/18|Uzasadnienie|https://www.saos.org.pl/judgments/380880
363690|2018-10-09|SO|XVII AmA 48/17|Postanowienie|https://www.saos.org.pl/judgments/363690
379935|2018-10-05|SO|VI Ga 452/18|Wyrok|https://www.saos.org.pl/judgments/379935
361018|2018-10-05|SO|VIII C 878/18|Wyrok|https://www.saos.org.pl/judgments/361018
361013|2018-10-05|SO|VIII C 827/18|Wyrok|https://www.saos.org.pl/judgments/361013
359485|2018-10-05|SO|I C 380/18|Wyrok|https://www.saos.org.pl/judgments/359485
381785|2018-10-04|SO|II Ca 783/18|Wyrok|https://www.saos.org.pl/judgments/381785
365643|2018-10-04|SO|V Pa 84/18|Wyrok|https://www.saos.org.pl/judgments/365643
365141|2018-10-04|SO|VI U 1656/17|Wyrok|https://www.saos.org.pl/judgments/365141
361010|2018-10-04|SO|VIII C 806/18|Wyrok|https://www.saos.org.pl/judgments/361010
360897|2018-10-04|SO|VIII C 1044/18|Wyrok|https://www.saos.org.pl/judgments/360897
394770|2018-10-03|SO|V ACz 417/18|Postanowienie|https://www.saos.org.pl/judgments/394770
362667|2018-10-03|SO|III Ca 1841/17|Uzasadnienie|https://www.saos.org.pl/judgments/362667
366518|2018-10-02|SO|VI U 1125/18|Wyrok|https://www.saos.org.pl/judgments/366518
361036|2018-10-02|SO|VIII C 942/18|Wyrok|https://www.saos.org.pl/judgments/361036
361035|2018-10-02|SO|VIII C 940/18|Wyrok|https://www.saos.org.pl/judgments/361035
361034|2018-10-02|SO|VIII C 938/18|Wyrok|https://www.saos.org.pl/judgments/361034
361033|2018-10-02|SO|VIII C 937/18|Wyrok|https://www.saos.org.pl/judgments/361033
361029|2018-10-02|SO|VIII C 930/18|Wyrok|https://www.saos.org.pl/judgments/361029
360907|2018-10-02|SO|VIII C 1133/18|Wyrok|https://www.saos.org.pl/judgments/360907
361043|2018-10-01|SO|VIII C 990/17|Wyrok|https://www.saos.org.pl/judgments/361043
359450|2018-10-01|SO|XII C 1442/17|Wyrok|https://www.saos.org.pl/judgments/359450
385246|2018-09-28|SO|XV Ca 304/18|Postanowienie|https://www.saos.org.pl/judgments/385246
380602|2018-09-28|SO|VIII U 1954/18|Wyrok|https://www.saos.org.pl/judgments/380602
371373|2018-09-28|SO|II Ca 1498/18|Postanowienie|https://www.saos.org.pl/judgments/371373
360940|2018-09-28|SO|VIII C 165/18|Wyrok|https://www.saos.org.pl/judgments/360940
360939|2018-09-28|SO|VIII C 164/18|Wyrok|https://www.saos.org.pl/judgments/360939
363928|2018-09-27|SO|III Ca 215/18|Wyrok|https://www.saos.org.pl/judgments/363928
363774|2018-09-27|SO|XXIII Ga 1454/18|Postanowienie|https://www.saos.org.pl/judgments/363774
362945|2018-09-26|SO|VIII U 1154/16|Wyrok|https://www.saos.org.pl/judgments/362945
360955|2018-09-26|SO|VIII C 2205/17|Wyrok|https://www.saos.org.pl/judgments/360955
376052|2018-09-25|SO|VII U 627/17|Wyrok|https://www.saos.org.pl/judgments/376052
366763|2018-09-25|SO|III AUa 199/18|Wyrok|https://www.saos.org.pl/judgments/366763
362860|2018-09-25|SO|III Ca 753/18|Uzasadnienie|https://www.saos.org.pl/judgments/362860
362446|2018-09-25|SO|II Ca 1020/18|Postanowienie|https://www.saos.org.pl/judgments/362446
362293|2018-09-24|SO|VIII Ga 237/18|Zarządzenie|https://www.saos.org.pl/judgments/362293
361005|2018-09-24|SO|VIII C 739/18|Wyrok|https://www.saos.org.pl/judgments/361005
360993|2018-09-24|SO|VIII C 57/18|Wyrok|https://www.saos.org.pl/judgments/360993
361004|2018-09-21|SO|VIII C 696/18|Wyrok|https://www.saos.org.pl/judgments/361004
361003|2018-09-21|SO|VIII C 695/18|Wyrok|https://www.saos.org.pl/judgments/361003
360915|2018-09-21|SO|VIII C 1228/18|Wyrok|https://www.saos.org.pl/judgments/360915
356949|2018-09-21|SO|IV U 128/18|Wyrok|https://www.saos.org.pl/judgments/356949
523044|2018-09-20|SO|II Ca 485/18|Postanowienie|https://www.saos.org.pl/judgments/523044
365608|2018-09-20|SO|III Cz 855/18|Postanowienie|https://www.saos.org.pl/judgments/365608
361114|2018-09-19|SO|VIII Ga 113/18|Uzasadnienie|https://www.saos.org.pl/judgments/361114
407906|2018-09-18|SO|III AUa 852/18|Wyrok|https://www.saos.org.pl/judgments/407906
364073|2018-09-18|SO|III Ca 925/18|Postanowienie|https://www.saos.org.pl/judgments/364073
362948|2018-09-18|SO|VIII U 1733/17|Wyrok|https://www.saos.org.pl/judgments/362948
360937|2018-09-18|SO|VIII C 1561/18|Wyrok|https://www.saos.org.pl/judgments/360937
360612|2018-09-17|SO|I AGz 87/18|Postanowienie|https://www.saos.org.pl/judgments/360612
361026|2018-09-14|SO|VIII C 905/18|Wyrok|https://www.saos.org.pl/judgments/361026
361025|2018-09-14|SO|VIII C 904/18|Wyrok|https://www.saos.org.pl/judgments/361025
361024|2018-09-14|SO|VIII C 902/18|Wyrok|https://www.saos.org.pl/judgments/361024
361023|2018-09-14|SO|VIII C 896/18|Wyrok|https://www.saos.org.pl/judgments/361023
361022|2018-09-14|SO|VIII C 893/18|Wyrok|https://www.saos.org.pl/judgments/361022
361021|2018-09-14|SO|VIII C 891/18|Wyrok|https://www.saos.org.pl/judgments/361021
361014|2018-09-14|SO|VIII C 837/17|Wyrok|https://www.saos.org.pl/judgments/361014
361001|2018-09-13|SO|VIII C 683/18|Wyrok|https://www.saos.org.pl/judgments/361001
357660|2018-09-13|SO|V Ca 427/18|Postanowienie|https://www.saos.org.pl/judgments/357660
353034|2018-09-13|SO|VIII U 482/18|Zarządzenie|https://www.saos.org.pl/judgments/353034
364374|2018-09-12|SO|I ACa 1540/17|Wyrok|https://www.saos.org.pl/judgments/364374
356081|2018-09-12|SO|IV U 366/18|Wyrok|https://www.saos.org.pl/judgments/356081
404465|2018-09-11|SO|II Ca 497/18|Wyrok|https://www.saos.org.pl/judgments/404465
365610|2018-09-11|SO|III Cz 888/18|Postanowienie|https://www.saos.org.pl/judgments/365610
360997|2018-09-10|SO|VIII C 604/18|Wyrok|https://www.saos.org.pl/judgments/360997
360966|2018-09-06|SO|VIII C 310/18|Wyrok|https://www.saos.org.pl/judgments/360966
355929|2018-09-06|SO|V U 1/18|Wyrok|https://www.saos.org.pl/judgments/355929
364072|2018-09-05|SO|III Ca 578/18|Wyrok|https://www.saos.org.pl/judgments/364072
362050|2018-09-05|SO|VIII U 142/18|Wyrok|https://www.saos.org.pl/judgments/362050
358314|2018-09-05|SO|VII AGa 490/18|Wyrok|https://www.saos.org.pl/judgments/358314
389091|2018-09-04|SO|I Ns 80/18|Postanowienie|https://www.saos.org.pl/judgments/389091
356078|2018-09-04|SO|IV U 141/18|Wyrok|https://www.saos.org.pl/judgments/356078
360992|2018-08-31|SO|VIII C 565/18|Wyrok|https://www.saos.org.pl/judgments/360992
360991|2018-08-31|SO|VIII C 564/18|Wyrok|https://www.saos.org.pl/judgments/360991
360921|2018-08-31|SO|VIII C 1241/18|Wyrok|https://www.saos.org.pl/judgments/360921
360919|2018-08-31|SO|VIII C 1237/18|Wyrok|https://www.saos.org.pl/judgments/360919
360918|2018-08-31|SO|VIII C 1235/18|Wyrok|https://www.saos.org.pl/judgments/360918
360917|2018-08-31|SO|VIII C 1233/18|Wyrok|https://www.saos.org.pl/judgments/360917
441992|2018-08-30|SO|I ACa 1490/17|Wyrok|https://www.saos.org.pl/judgments/441992
352815|2018-08-30|SO|VI Cz 873/18|Postanowienie|https://www.saos.org.pl/judgments/352815
390671|2018-08-29|SO|III AUa 141/18|Wyrok|https://www.saos.org.pl/judgments/390671
376118|2018-08-29|SO|VII U 957/18|Wyrok|https://www.saos.org.pl/judgments/376118
363165|2018-08-28|SO|II Ca 1108/17|Zarządzenie|https://www.saos.org.pl/judgments/363165
359189|2018-08-28|SO|I ACa 1630/17|Wyrok|https://www.saos.org.pl/judgments/359189
381727|2018-08-27|SO|I Ns 194/17|Postanowienie|https://www.saos.org.pl/judgments/381727
360990|2018-08-27|SO|VIII C 551/18|Wyrok|https://www.saos.org.pl/judgments/360990
360947|2018-08-27|SO|VIII C 1934/17|Wyrok|https://www.saos.org.pl/judgments/360947
360925|2018-08-24|SO|VIII C 1249/18|Wyrok|https://www.saos.org.pl/judgments/360925
355565|2018-08-23|SO|I Ns 499/15|Postanowienie|https://www.saos.org.pl/judgments/355565
360928|2018-08-22|SO|VIII C 1253/18|Wyrok|https://www.saos.org.pl/judgments/360928
400819|2018-08-21|SO|VIII U 1028/17|Wyrok|https://www.saos.org.pl/judgments/400819
360988|2018-08-20|SO|VIII C 503/18|Wyrok|https://www.saos.org.pl/judgments/360988
360987|2018-08-20|SO|VIII C 502/18|Wyrok|https://www.saos.org.pl/judgments/360987
360985|2018-08-20|SO|VIII C 468/18|Wyrok|https://www.saos.org.pl/judgments/360985
356355|2018-08-20|SO|III Ca 806/18|Uzasadnienie|https://www.saos.org.pl/judgments/356355
351881|2018-08-17|SO|IV U 924/17|Wyrok|https://www.saos.org.pl/judgments/351881
351869|2018-08-17|SO|IV U 156/18|Wyrok|https://www.saos.org.pl/judgments/351869
360929|2018-08-16|SO|VIII C 1254/18|Wyrok|https://www.saos.org.pl/judgments/360929
360927|2018-08-16|SO|VIII C 1252/18|Wyrok|https://www.saos.org.pl/judgments/360927
360924|2018-08-16|SO|VIII C 1247/18|Wyrok|https://www.saos.org.pl/judgments/360924
360923|2018-08-16|SO|VIII C 1246/18|Wyrok|https://www.saos.org.pl/judgments/360923
360922|2018-08-16|SO|VIII C 1243/18|Wyrok|https://www.saos.org.pl/judgments/360922
360916|2018-08-16|SO|VIII C 1229/18|Wyrok|https://www.saos.org.pl/judgments/360916
360912|2018-08-16|SO|VIII C 1164/18|Wyrok|https://www.saos.org.pl/judgments/360912
351769|2018-08-16|SO|VIII U 710/18|Zarządzenie|https://www.saos.org.pl/judgments/351769
362078|2018-08-14|SO|I ACa 1468/17|Wyrok|https://www.saos.org.pl/judgments/362078
361019|2018-08-14|SO|VIII C 88/18|Wyrok|https://www.saos.org.pl/judgments/361019
351471|2018-08-14|SO|IX Ca 279/18|Wyrok|https://www.saos.org.pl/judgments/351471
364399|2018-08-13|SO|I ACa 53/18|Wyrok|https://www.saos.org.pl/judgments/364399
360769|2018-08-10|SO|VIII C 945/18|Wyrok|https://www.saos.org.pl/judgments/360769
360764|2018-08-10|SO|VIII C 929/18|Wyrok|https://www.saos.org.pl/judgments/360764
349562|2018-08-09|SO|VI Cz 882/18|Postanowienie|https://www.saos.org.pl/judgments/349562
349102|2018-08-09|SO|VI Cz 881/18|Postanowienie|https://www.saos.org.pl/judgments/349102
348973|2018-08-09|SO|XII 1Co 478/18|Postanowienie|https://www.saos.org.pl/judgments/348973
360994|2018-08-08|SO|VIII C 575/18|Wyrok|https://www.saos.org.pl/judgments/360994
383367|2018-08-07|SO|VI U 1463/17|Wyrok|https://www.saos.org.pl/judgments/383367
351721|2018-08-06|SO|VIII U 1436/17|Zarządzenie|https://www.saos.org.pl/judgments/351721
361537|2018-08-03|SO|IX GC 69/18|Wyrok|https://www.saos.org.pl/judgments/361537
360948|2018-08-01|SO|VIII C 1966/17|Wyrok|https://www.saos.org.pl/judgments/360948
355245|2018-07-31|SO|III Ca 487/18|Uzasadnienie|https://www.saos.org.pl/judgments/355245
528783|2018-07-30|SO|I ACz 665/18|Postanowienie|https://www.saos.org.pl/judgments/528783
361037|2018-07-27|SO|VIII C 943/18|Wyrok|https://www.saos.org.pl/judgments/361037
361032|2018-07-27|SO|VIII C 935/18|Wyrok|https://www.saos.org.pl/judgments/361032
361031|2018-07-27|SO|VIII C 933/18|Wyrok|https://www.saos.org.pl/judgments/361031
360766|2018-07-27|SO|VIII C 939/18|Wyrok|https://www.saos.org.pl/judgments/360766
360763|2018-07-27|SO|VIII C 927/18|Wyrok|https://www.saos.org.pl/judgments/360763
360120|2018-07-27|SO|II Ca 507/18|Wyrok|https://www.saos.org.pl/judgments/360120
347871|2018-07-27|SO|XIII Ga 629/18|Uzasadnienie|https://www.saos.org.pl/judgments/347871
366230|2018-07-26|SO|VI U 88/18|Wyrok|https://www.saos.org.pl/judgments/366230
534673|2018-07-25|SO|I ACo 55/18|Postanowienie|https://www.saos.org.pl/judgments/534673
360771|2018-07-25|SO|VIII C 948/18|Wyrok|https://www.saos.org.pl/judgments/360771
360768|2018-07-25|SO|VIII C 944/18|Wyrok|https://www.saos.org.pl/judgments/360768
360767|2018-07-25|SO|VIII C 941/18|Wyrok|https://www.saos.org.pl/judgments/360767
360765|2018-07-25|SO|VIII C 932/18|Wyrok|https://www.saos.org.pl/judgments/360765
360762|2018-07-25|SO|VIII C 901/18|Wyrok|https://www.saos.org.pl/judgments/360762
360748|2018-07-25|SO|VIII C 447/18|Wyrok|https://www.saos.org.pl/judgments/360748
355734|2018-07-25|SO|III AUa 614/17|Wyrok|https://www.saos.org.pl/judgments/355734
387847|2018-07-24|SO|VI U 1712/17|Wyrok|https://www.saos.org.pl/judgments/387847
364664|2018-07-24|SO|I ACz 915/18|Postanowienie|https://www.saos.org.pl/judgments/364664
360210|2018-07-24|SO|XXVII Ca 2427/17|Wyrok|https://www.saos.org.pl/judgments/360210
358152|2018-07-24|SO|VI U 3156/16|Wyrok|https://www.saos.org.pl/judgments/358152
370949|2018-07-20|SO|VI ACa 343/17|Wyrok|https://www.saos.org.pl/judgments/370949
361535|2018-07-20|SO|IX GC 117/17|Wyrok|https://www.saos.org.pl/judgments/361535
360337|2018-07-20|SO|VIII U 789/17|Wyrok|https://www.saos.org.pl/judgments/360337
358357|2018-07-20|SO|XXV C 733/17|Wyrok|https://www.saos.org.pl/judgments/358357
354893|2018-07-19|SO|I ACa 154/18|Wyrok|https://www.saos.org.pl/judgments/354893
352999|2018-07-19|SO|VI U 3343/16|Wyrok|https://www.saos.org.pl/judgments/352999
352997|2018-07-19|SO|VI U 2843/16|Wyrok|https://www.saos.org.pl/judgments/352997
360801|2018-07-18|SO|I C 1312/17|Wyrok|https://www.saos.org.pl/judgments/360801
346683|2018-07-18|SO|XIII Ga 115/18|Uzasadnienie|https://www.saos.org.pl/judgments/346683
360770|2018-07-17|SO|VIII C 946/18|Wyrok|https://www.saos.org.pl/judgments/360770
355424|2018-07-17|SO|VI U 2559/16|Wyrok|https://www.saos.org.pl/judgments/355424
351853|2018-07-17|SO|III Cz 792/18|Postanowienie|https://www.saos.org.pl/judgments/351853
442989|2018-07-16|SO|I C 1521/17|Uzasadnienie|https://www.saos.org.pl/judgments/442989
370980|2018-07-13|SO|VIII U 2021/18|Wyrok|https://www.saos.org.pl/judgments/370980
352998|2018-07-12|SO|VI U 3030/16|Wyrok|https://www.saos.org.pl/judgments/352998
347256|2018-07-11|SO|I C 576/18|Wyrok|https://www.saos.org.pl/judgments/347256
360749|2018-07-10|SO|VIII C 456/18|Wyrok|https://www.saos.org.pl/judgments/360749
352182|2018-07-10|SO|III Ca 633/18|Uzasadnienie|https://www.saos.org.pl/judgments/352182
348168|2018-07-09|SO|VIII Gz 145/18|Postanowienie|https://www.saos.org.pl/judgments/348168
352403|2018-07-06|SO|III Ca 1867/17|Uzasadnienie|https://www.saos.org.pl/judgments/352403
358715|2018-07-05|SO|I ACa 24/18|Wyrok|https://www.saos.org.pl/judgments/358715
358453|2018-07-05|SO|XXIII Ga 773/18|Postanowienie|https://www.saos.org.pl/judgments/358453
362748|2018-07-03|SO|I AGa 107/18|Wyrok|https://www.saos.org.pl/judgments/362748
360761|2018-07-03|SO|VIII C 900/18|Wyrok|https://www.saos.org.pl/judgments/360761
360760|2018-07-03|SO|VIII C 899/18|Wyrok|https://www.saos.org.pl/judgments/360760
360724|2018-07-03|SO|VIII C 1082/18|Wyrok|https://www.saos.org.pl/judgments/360724
391836|2018-07-02|SO|I C 719/17|Uzasadnienie|https://www.saos.org.pl/judgments/391836
360759|2018-07-02|SO|VIII C 897/18|Wyrok|https://www.saos.org.pl/judgments/360759
360758|2018-07-02|SO|VIII C 892/18|Wyrok|https://www.saos.org.pl/judgments/360758
516588|2018-06-29|SO|II Ca 264/18|Wyrok|https://www.saos.org.pl/judgments/516588
360750|2018-06-29|SO|VIII C 501/18|Wyrok|https://www.saos.org.pl/judgments/360750
360739|2018-06-29|SO|VIII C 2331/17|Wyrok|https://www.saos.org.pl/judgments/360739
357610|2018-06-29|SO|II Ca 1195/17|Postanowienie|https://www.saos.org.pl/judgments/357610
345956|2018-06-29|SO|VI Pz 23/18|Postanowienie|https://www.saos.org.pl/judgments/345956
348153|2018-06-28|SO|V ACa 412/17|Wyrok|https://www.saos.org.pl/judgments/348153
348739|2018-06-27|SO|II Ns 781/00|Postanowienie|https://www.saos.org.pl/judgments/348739
347956|2018-06-27|SO|VI GC 2164/17|Wyrok|https://www.saos.org.pl/judgments/347956
345409|2018-06-27|SO|IV Ua 12/18|Wyrok|https://www.saos.org.pl/judgments/345409
360755|2018-06-26|SO|VIII C 667/18|Wyrok|https://www.saos.org.pl/judgments/360755
360754|2018-06-26|SO|VIII C 666/18|Wyrok|https://www.saos.org.pl/judgments/360754
365527|2018-06-25|SO|I C 222/18|Wyrok|https://www.saos.org.pl/judgments/365527
352192|2018-06-25|SO|III Ca 653/18|Uzasadnienie|https://www.saos.org.pl/judgments/352192
360746|2018-06-22|SO|VIII C 396/18|Wyrok|https://www.saos.org.pl/judgments/360746
355004|2018-06-22|SO|VIII C 330/18|Wyrok|https://www.saos.org.pl/judgments/355004
355002|2018-06-22|SO|VIII C 305/18|Wyrok|https://www.saos.org.pl/judgments/355002
355001|2018-06-22|SO|VIII C 304/18|Wyrok|https://www.saos.org.pl/judgments/355001
355000|2018-06-22|SO|VIII C 303/18|Wyrok|https://www.saos.org.pl/judgments/355000
354990|2018-06-22|SO|VIII C 166/18|Wyrok|https://www.saos.org.pl/judgments/354990
352167|2018-06-21|SO|III Ca 616/18|Uzasadnienie|https://www.saos.org.pl/judgments/352167
351028|2018-06-21|SO|I ACa 1570/17|Wyrok|https://www.saos.org.pl/judgments/351028
360745|2018-06-18|SO|VIII C 381/18|Wyrok|https://www.saos.org.pl/judgments/360745
350893|2018-06-18|SO|VI U 199/18|Wyrok|https://www.saos.org.pl/judgments/350893
345268|2018-06-18|SO|VIII C 197/18|Wyrok|https://www.saos.org.pl/judgments/345268
351282|2018-06-15|SO|XXIII Ga 326/18|Wyrok|https://www.saos.org.pl/judgments/351282
378012|2018-06-14|SO|II Ca 466/18|Postanowienie|https://www.saos.org.pl/judgments/378012
376630|2018-06-14|SO|I AGa 137/18|Wyrok|https://www.saos.org.pl/judgments/376630
351264|2018-06-14|SO|VI U 802/18|Wyrok|https://www.saos.org.pl/judgments/351264
351263|2018-06-14|SO|VI U 2668/16|Wyrok|https://www.saos.org.pl/judgments/351263
350976|2018-06-14|SO|VI U 1591/17|Wyrok|https://www.saos.org.pl/judgments/350976
349995|2018-06-14|SO|III AUa 766/14|Wyrok|https://www.saos.org.pl/judgments/349995
346666|2018-06-14|SO|VIII C 393/18|Wyrok|https://www.saos.org.pl/judgments/346666
384446|2018-06-12|SO|VI U 2362/16|Wyrok|https://www.saos.org.pl/judgments/384446
380608|2018-06-12|SO|VIII U 1981/17|Wyrok|https://www.saos.org.pl/judgments/380608
349791|2018-06-12|SO|VI U 1151/17|Wyrok|https://www.saos.org.pl/judgments/349791
346660|2018-06-12|SO|VIII C 1033/18|Wyrok|https://www.saos.org.pl/judgments/346660
346659|2018-06-12|SO|VIII C 1032/18|Wyrok|https://www.saos.org.pl/judgments/346659
346658|2018-06-12|SO|VIII C 1022/18|Wyrok|https://www.saos.org.pl/judgments/346658
360773|2018-06-11|SO|VIII Ns 245/15|Postanowienie|https://www.saos.org.pl/judgments/360773
393546|2018-06-08|SO|II Ca 417/18|Wyrok|https://www.saos.org.pl/judgments/393546
351651|2018-06-08|SO|III Ca 290/18|Uzasadnienie|https://www.saos.org.pl/judgments/351651
345314|2018-06-08|SO|XII C 1661/14|Wyrok|https://www.saos.org.pl/judgments/345314
351568|2018-06-07|SO|VI U 2809/15|Wyrok|https://www.saos.org.pl/judgments/351568
344121|2018-06-07|SO|IX Ca 1270/17|Postanowienie|https://www.saos.org.pl/judgments/344121
418687|2018-06-06|SO|I AGa 103/18|Wyrok|https://www.saos.org.pl/judgments/418687
383602|2018-06-06|SO|V Ca 2020/17|Wyrok|https://www.saos.org.pl/judgments/383602
355009|2018-06-06|SO|VIII C 521/18|Wyrok|https://www.saos.org.pl/judgments/355009
354989|2018-06-06|SO|VIII C 135/18|Wyrok|https://www.saos.org.pl/judgments/354989
347474|2018-06-06|SO|V U 310/18|Wyrok|https://www.saos.org.pl/judgments/347474
346067|2018-06-06|SO|I ACa 58/17|Wyrok|https://www.saos.org.pl/judgments/346067
345028|2018-06-06|SO|IV U 98/18|Wyrok|https://www.saos.org.pl/judgments/345028
373184|2018-06-05|SO|I ACa 1296/17|Wyrok|https://www.saos.org.pl/judgments/373184
363433|2018-06-05|SO|III AUa 609/15|Wyrok|https://www.saos.org.pl/judgments/363433
362834|2018-06-05|SO|III AUa 416/15|Wyrok|https://www.saos.org.pl/judgments/362834
349983|2018-06-05|SO|III AUa 447/15|Wyrok|https://www.saos.org.pl/judgments/349983
349982|2018-06-05|SO|III AUa 349/15|Wyrok|https://www.saos.org.pl/judgments/349982
349790|2018-06-05|SO|VI U 1023/17|Wyrok|https://www.saos.org.pl/judgments/349790
346668|2018-06-05|SO|VIII C 493/18|Wyrok|https://www.saos.org.pl/judgments/346668
350815|2018-06-04|SO|III Ca 172/18|Uzasadnienie|https://www.saos.org.pl/judgments/350815
342630|2018-06-01|SO|VIII U 1975/17|Uzasadnienie|https://www.saos.org.pl/judgments/342630
386558|2018-05-30|SO|I AGa 132/18|Wyrok|https://www.saos.org.pl/judgments/386558
355010|2018-05-30|SO|VIII C 649/18|Wyrok|https://www.saos.org.pl/judgments/355010
354995|2018-05-30|SO|VIII C 2135/17|Wyrok|https://www.saos.org.pl/judgments/354995
352737|2018-05-30|SO|III APa 1/18|Wyrok|https://www.saos.org.pl/judgments/352737
342119|2018-05-30|SO|VIII U 421/18|Zarządzenie|https://www.saos.org.pl/judgments/342119
349564|2018-05-29|SO|VI U 1995/17|Wyrok|https://www.saos.org.pl/judgments/349564
342930|2018-05-29|SO|V AGz 372/18|Postanowienie|https://www.saos.org.pl/judgments/342930
351903|2018-05-28|SO|VI ACa 1970/16|Wyrok|https://www.saos.org.pl/judgments/351903
346995|2018-05-25|SO|VIII Ga 199/18|Zarządzenie|https://www.saos.org.pl/judgments/346995
342101|2018-05-25|SO|VIII U 2122/17|Zarządzenie|https://www.saos.org.pl/judgments/342101
449900|2018-05-24|SO|II Ns 1106/15|Postanowienie|https://www.saos.org.pl/judgments/449900
441990|2018-05-24|SO|I ACa 1219/17|Wyrok|https://www.saos.org.pl/judgments/441990
343284|2018-05-24|SO|I C 799/17|Wyrok|https://www.saos.org.pl/judgments/343284
378586|2018-05-23|SO|III AUa 628/17|Wyrok|https://www.saos.org.pl/judgments/378586
373289|2018-05-23|SO|I Ns 1163/15|Postanowienie|https://www.saos.org.pl/judgments/373289
362178|2018-05-23|SO|II Ca 236/18|Postanowienie|https://www.saos.org.pl/judgments/362178
355007|2018-05-23|SO|VIII C 458/18|Wyrok|https://www.saos.org.pl/judgments/355007
387844|2018-05-22|SO|VI U 1020/17|Wyrok|https://www.saos.org.pl/judgments/387844
364091|2018-05-22|SO|I ACa 1358/17|Wyrok|https://www.saos.org.pl/judgments/364091
349563|2018-05-22|SO|VI U 1532/17|Wyrok|https://www.saos.org.pl/judgments/349563
343121|2018-05-22|SO|VIII C 708/18|Wyrok|https://www.saos.org.pl/judgments/343121
375923|2018-05-21|SO|VII U 1662/17|Wyrok|https://www.saos.org.pl/judgments/375923
350009|2018-05-18|SO|IX GC 588/17|Wyrok|https://www.saos.org.pl/judgments/350009
350003|2018-05-18|SO|IX GC 311/17|Wyrok|https://www.saos.org.pl/judgments/350003
424974|2018-05-17|SO|V ACa 423/17|Wyrok|https://www.saos.org.pl/judgments/424974
447337|2018-05-16|SO|XVII AmT 29/18|Postanowienie|https://www.saos.org.pl/judgments/447337
342239|2018-05-16|SO|I C 538/18|Wyrok|https://www.saos.org.pl/judgments/342239
352775|2018-05-15|SO|III Cz 437/18|Postanowienie|https://www.saos.org.pl/judgments/352775
346585|2018-05-15|SO|I Ns 44/18|Postanowienie|https://www.saos.org.pl/judgments/346585
342814|2018-05-15|SO|VIII C 247/18|Wyrok|https://www.saos.org.pl/judgments/342814
342560|2018-05-14|SO|II Ca 221/18|Postanowienie|https://www.saos.org.pl/judgments/342560
360655|2018-05-11|SO|II Ca 17/17|Wyrok|https://www.saos.org.pl/judgments/360655
342816|2018-05-11|SO|VIII C 84/18|Wyrok|https://www.saos.org.pl/judgments/342816
342518|2018-05-11|SO|VIII C 82/18|Wyrok|https://www.saos.org.pl/judgments/342518
341426|2018-05-11|SO|VIII U 2223/17|Uzasadnienie|https://www.saos.org.pl/judgments/341426
419309|2018-05-10|SO|I ACa 1199/17|Wyrok|https://www.saos.org.pl/judgments/419309
394336|2018-05-10|SO|II Ca 272/18|Wyrok|https://www.saos.org.pl/judgments/394336
362631|2018-05-10|SO|II Ca 277/18|Wyrok|https://www.saos.org.pl/judgments/362631
348248|2018-05-10|SO|I C 744/16|Wyrok|https://www.saos.org.pl/judgments/348248
345181|2018-05-09|SO|I C 45/17|Wyrok|https://www.saos.org.pl/judgments/345181
342046|2018-05-09|SO|VIII C 353/18|Wyrok|https://www.saos.org.pl/judgments/342046
490628|2018-05-08|SO|VI Pa 24/18|Wyrok|https://www.saos.org.pl/judgments/490628
346648|2018-05-08|SO|VI U 212/17|Wyrok|https://www.saos.org.pl/judgments/346648
344856|2018-05-08|SO|VI U 81/17|Wyrok|https://www.saos.org.pl/judgments/344856
343788|2018-05-08|SO|VI U 3152/16|Wyrok|https://www.saos.org.pl/judgments/343788
342000|2018-05-08|SO|VIII C 158/18|Wyrok|https://www.saos.org.pl/judgments/342000
341999|2018-05-08|SO|VIII C 157/18|Wyrok|https://www.saos.org.pl/judgments/341999
411230|2018-05-02|SO|I Ns 39/17|Postanowienie|https://www.saos.org.pl/judgments/411230
350141|2018-05-02|SO|III Ca 108/18|Uzasadnienie|https://www.saos.org.pl/judgments/350141
340728|2018-04-30|SO|III AUz 25/18|Postanowienie|https://www.saos.org.pl/judgments/340728
480435|2018-04-26|SO|I ACa 805/17|Postanowienie|https://www.saos.org.pl/judgments/480435
413370|2018-04-25|SO|VIII U 114/17|Wyrok|https://www.saos.org.pl/judgments/413370
393070|2018-04-25|SO|III AUa 199/17|Wyrok|https://www.saos.org.pl/judgments/393070
346653|2018-04-25|SO|VI U 757/17|Wyrok|https://www.saos.org.pl/judgments/346653
345888|2018-04-25|SO|III Ca 1622/17|Wyrok|https://www.saos.org.pl/judgments/345888
342053|2018-04-25|SO|VIII C 950/17|Wyrok|https://www.saos.org.pl/judgments/342053
338586|2018-04-25|SO|I Ca 130/18|Wyrok|https://www.saos.org.pl/judgments/338586
347160|2018-04-24|SO|I ACa 1217/17|Wyrok|https://www.saos.org.pl/judgments/347160
342805|2018-04-24|SO|VI U 749/17|Wyrok|https://www.saos.org.pl/judgments/342805
340294|2018-04-24|SO|VIII U 407/17|Zarządzenie|https://www.saos.org.pl/judgments/340294
359947|2018-04-23|SO|II Ca 428/18|Zarządzenie|https://www.saos.org.pl/judgments/359947
342051|2018-04-23|SO|VIII C 72/18|Wyrok|https://www.saos.org.pl/judgments/342051
342049|2018-04-23|SO|VIII C 52/18|Wyrok|https://www.saos.org.pl/judgments/342049
341728|2018-04-23|SO|I C 465/18|Wyrok|https://www.saos.org.pl/judgments/341728
336709|2018-04-23|SO|I Co 668/17|Postanowienie|https://www.saos.org.pl/judgments/336709
350641|2018-04-20|SO|IX Ga 549/17|Wyrok|https://www.saos.org.pl/judgments/350641
350004|2018-04-20|SO|IX GC 411/16|Wyrok|https://www.saos.org.pl/judgments/350004
350001|2018-04-20|SO|IX GC 185/17|Wyrok|https://www.saos.org.pl/judgments/350001
342001|2018-04-20|SO|VIII C 1581/17|Wyrok|https://www.saos.org.pl/judgments/342001
336457|2018-04-20|SO|VIII Gz 72/18|Postanowienie|https://www.saos.org.pl/judgments/336457
523040|2018-04-19|SO|II Ca 143/18|Postanowienie|https://www.saos.org.pl/judgments/523040
362186|2018-04-19|SO|II Ca 76/18|Postanowienie|https://www.saos.org.pl/judgments/362186
352771|2018-04-19|SO|III Cz 2470/17|Postanowienie|https://www.saos.org.pl/judgments/352771
342803|2018-04-19|SO|VI U 1523/17|Wyrok|https://www.saos.org.pl/judgments/342803
342045|2018-04-19|SO|VIII C 317/18|Wyrok|https://www.saos.org.pl/judgments/342045
342618|2018-04-18|SO|VIII C 2224/17|Wyrok|https://www.saos.org.pl/judgments/342618
342617|2018-04-18|SO|VIII C 2223/17|Wyrok|https://www.saos.org.pl/judgments/342617
342020|2018-04-18|SO|VIII C 2222/17|Wyrok|https://www.saos.org.pl/judgments/342020
342010|2018-04-18|SO|VIII C 1943/17|Wyrok|https://www.saos.org.pl/judgments/342010
341996|2018-04-17|SO|VIII C 147/18|Wyrok|https://www.saos.org.pl/judgments/341996
339502|2018-04-17|SO|II Ca 1323/17|Wyrok|https://www.saos.org.pl/judgments/339502
350008|2018-04-13|SO|IX GC 534/17|Wyrok|https://www.saos.org.pl/judgments/350008
348061|2018-04-13|SO|II Co 5104/17|Postanowienie|https://www.saos.org.pl/judgments/348061
336939|2018-04-12|SO|IV U 792/17|Wyrok|https://www.saos.org.pl/judgments/336939
342650|2018-04-11|SO|XXIII Ga 367/18|Postanowienie|https://www.saos.org.pl/judgments/342650
342014|2018-04-11|SO|VIII C 2092/17|Wyrok|https://www.saos.org.pl/judgments/342014
341993|2018-04-11|SO|VIII C 128/18|Wyrok|https://www.saos.org.pl/judgments/341993
336883|2018-04-11|SO|II Ns 1062/08|Postanowienie|https://www.saos.org.pl/judgments/336883
342381|2018-04-10|SO|V ACa 1390/17|Wyrok|https://www.saos.org.pl/judgments/342381
342511|2018-04-09|SO|VIII C 2311/17|Wyrok|https://www.saos.org.pl/judgments/342511
342025|2018-04-06|SO|VIII C 2310/17|Wyrok|https://www.saos.org.pl/judgments/342025
345241|2018-04-05|SO|III AUa 1946/17|Wyrok|https://www.saos.org.pl/judgments/345241
342802|2018-04-05|SO|VI U 107/18|Wyrok|https://www.saos.org.pl/judgments/342802
340286|2018-04-05|SO|VIII U 2458/17|Zarządzenie|https://www.saos.org.pl/judgments/340286
337935|2018-04-05|SO|V Pa 55/17|Wyrok|https://www.saos.org.pl/judgments/337935
344909|2018-04-04|SO|VIII U 188/17|Uzasadnienie|https://www.saos.org.pl/judgments/344909
334941|2018-04-04|SO|VIII Ga 426/17|Uzasadnienie|https://www.saos.org.pl/judgments/334941
350184|2018-03-30|SO|III Ca 1979/17|Wyrok|https://www.saos.org.pl/judgments/350184
344797|2018-03-29|SO|VI Ga 374/17|Wyrok|https://www.saos.org.pl/judgments/344797
343796|2018-03-29|SO|VII AGa 844/18|Wyrok|https://www.saos.org.pl/judgments/343796
337291|2018-03-29|SO|VIII C 2352/17|Wyrok|https://www.saos.org.pl/judgments/337291
337276|2018-03-29|SO|VIII C 2024/17|Wyrok|https://www.saos.org.pl/judgments/337276
336004|2018-03-29|SO|IV U 447/17|Wyrok|https://www.saos.org.pl/judgments/336004
355432|2018-03-28|SO|VII AGa 194/18|Wyrok|https://www.saos.org.pl/judgments/355432
339333|2018-03-27|SO|III AUa 67/18|Wyrok|https://www.saos.org.pl/judgments/339333
337286|2018-03-27|SO|VIII C 2252/17|Wyrok|https://www.saos.org.pl/judgments/337286
337277|2018-03-27|SO|VIII C 2026/17|Wyrok|https://www.saos.org.pl/judgments/337277
337270|2018-03-27|SO|VIII C 152/18|Wyrok|https://www.saos.org.pl/judgments/337270
336006|2018-03-27|SO|IV U 568/16|Wyrok|https://www.saos.org.pl/judgments/336006
414872|2018-03-26|SO|I ACa 999/17|Wyrok|https://www.saos.org.pl/judgments/414872
339404|2018-03-26|SO|VIII Pz 2/18|Postanowienie|https://www.saos.org.pl/judgments/339404
338543|2018-03-26|SO|I ACa 1230/17|Wyrok|https://www.saos.org.pl/judgments/338543
337345|2018-03-26|SO|II Ca 494/17|Zarządzenie|https://www.saos.org.pl/judgments/337345
337287|2018-03-23|SO|VIII C 2253/17|Wyrok|https://www.saos.org.pl/judgments/337287
355347|2018-03-22|SO|V ACa 1119/17|Wyrok|https://www.saos.org.pl/judgments/355347
337290|2018-03-22|SO|VIII C 2335/17|Wyrok|https://www.saos.org.pl/judgments/337290
351834|2018-03-21|SO|III Cz 2479/17|Postanowienie|https://www.saos.org.pl/judgments/351834
337281|2018-03-21|SO|VIII C 2132/17|Wyrok|https://www.saos.org.pl/judgments/337281
337274|2018-03-21|SO|VIII C 1988/17|Wyrok|https://www.saos.org.pl/judgments/337274
335495|2018-03-21|SO|VIII GC 504/17|Wyrok|https://www.saos.org.pl/judgments/335495
335494|2018-03-21|SO|VIII GC 503/17|Wyrok|https://www.saos.org.pl/judgments/335494
334642|2018-03-21|SO|IX Ca 1184/17|Postanowienie|https://www.saos.org.pl/judgments/334642
376077|2018-03-20|SO|VII U 73/17|Wyrok|https://www.saos.org.pl/judgments/376077
339329|2018-03-20|SO|III AUa 25/18|Wyrok|https://www.saos.org.pl/judgments/339329
338705|2018-03-20|SO|V U 423/17|Wyrok|https://www.saos.org.pl/judgments/338705
335406|2018-03-20|SO|III Ca 1181/17|Postanowienie|https://www.saos.org.pl/judgments/335406
333289|2018-03-20|SO|IX U 383/17|Zarządzenie|https://www.saos.org.pl/judgments/333289
347781|2018-03-16|SO|VIII U 896/16|Wyrok|https://www.saos.org.pl/judgments/347781
335604|2018-03-16|SO|I ACa 936/17|Wyrok|https://www.saos.org.pl/judgments/335604
335513|2018-03-16|SO|VIII U 1967/17|Uzasadnienie|https://www.saos.org.pl/judgments/335513
334004|2018-03-16|SO|XII C 163/17|Wyrok|https://www.saos.org.pl/judgments/334004
333925|2018-03-16|SO|II C 533/15|Wyrok|https://www.saos.org.pl/judgments/333925
336193|2018-03-15|SO|IX Ca 1212/17|Postanowienie|https://www.saos.org.pl/judgments/336193
334691|2018-03-15|SO|VIII C 2025/17|Wyrok|https://www.saos.org.pl/judgments/334691
341076|2018-03-14|SO|I C 967/17|Wyrok|https://www.saos.org.pl/judgments/341076
337346|2018-03-14|SO|II Ca 87/18|Wyrok|https://www.saos.org.pl/judgments/337346
348831|2018-03-13|SO|III Ca 1872/17|Uzasadnienie|https://www.saos.org.pl/judgments/348831
340004|2018-03-13|SO|VI U 1396/16|Wyrok|https://www.saos.org.pl/judgments/340004
336188|2018-03-13|SO|IX Ca 1071/17|Postanowienie|https://www.saos.org.pl/judgments/336188
334696|2018-03-13|SO|VIII C 2084/17|Wyrok|https://www.saos.org.pl/judgments/334696
334695|2018-03-13|SO|VIII C 2082/17|Wyrok|https://www.saos.org.pl/judgments/334695
334513|2018-03-13|SO|VIII C 1906/17|Wyrok|https://www.saos.org.pl/judgments/334513
332674|2018-03-13|SO|IV U 326/17|Wyrok|https://www.saos.org.pl/judgments/332674
330174|2018-03-09|SO|VIII U 1210/17|Uzasadnienie|https://www.saos.org.pl/judgments/330174
393075|2018-03-08|SO|III AUa 2545/16|Wyrok|https://www.saos.org.pl/judgments/393075
361193|2018-03-08|SO|XV Ca 1173/17|Postanowienie|https://www.saos.org.pl/judgments/361193
337071|2018-03-08|SO|III AUa 743/17|Wyrok|https://www.saos.org.pl/judgments/337071
343150|2018-03-07|SO|I AGa 75/18|Wyrok|https://www.saos.org.pl/judgments/343150
332791|2018-03-07|SO|IV U 404/17|Wyrok|https://www.saos.org.pl/judgments/332791
331455|2018-03-07|SO|VI Cz 1496/17|Postanowienie|https://www.saos.org.pl/judgments/331455
331001|2018-03-07|SO|II Ns 2023/14|Postanowienie|https://www.saos.org.pl/judgments/331001
348530|2018-03-06|SO|III Ca 163/18|Uzasadnienie|https://www.saos.org.pl/judgments/348530
336446|2018-03-06|SO|VI U 1091/17|Wyrok|https://www.saos.org.pl/judgments/336446
334518|2018-03-06|SO|VIII C 2079/17|Wyrok|https://www.saos.org.pl/judgments/334518
334517|2018-03-06|SO|VIII C 2077/17|Wyrok|https://www.saos.org.pl/judgments/334517
330378|2018-03-06|SO|XII C 1293/16|Wyrok|https://www.saos.org.pl/judgments/330378
335638|2018-03-05|SO|II Cz 52/18|Postanowienie|https://www.saos.org.pl/judgments/335638
333911|2018-03-05|SO|XVII AmA 41/15|Wyrok|https://www.saos.org.pl/judgments/333911
334516|2018-03-02|SO|VIII C 2006/17|Wyrok|https://www.saos.org.pl/judgments/334516
334318|2018-03-01|SO|V Pz 13/18|Postanowienie|https://www.saos.org.pl/judgments/334318
409015|2018-02-27|SO|III AUa 1549/17|Wyrok|https://www.saos.org.pl/judgments/409015
342735|2018-02-27|SO|I C 1563/17|Wyrok|https://www.saos.org.pl/judgments/342735
335480|2018-02-27|SO|VI U 621/17|Wyrok|https://www.saos.org.pl/judgments/335480
333685|2018-02-27|SO|I Ca 1/18|Wyrok|https://www.saos.org.pl/judgments/333685
329921|2018-02-27|SO|I ACz 158/18|Postanowienie|https://www.saos.org.pl/judgments/329921
348526|2018-02-26|SO|III Ca 159/18|Uzasadnienie|https://www.saos.org.pl/judgments/348526
348374|2018-02-26|SO|III Ca 2009/17|Uzasadnienie|https://www.saos.org.pl/judgments/348374
332733|2018-02-26|SO|II Ca 147/18|Wyrok|https://www.saos.org.pl/judgments/332733
356258|2018-02-23|SO|I ACa 1060/17|Wyrok|https://www.saos.org.pl/judgments/356258
333131|2018-02-23|SO|X U 56/17|Wyrok|https://www.saos.org.pl/judgments/333131
351070|2018-02-22|SO|I Ns 425/17|Postanowienie|https://www.saos.org.pl/judgments/351070
334519|2018-02-22|SO|VIII C 2080/17|Wyrok|https://www.saos.org.pl/judgments/334519
334319|2018-02-22|SO|V Pz 7/18|Postanowienie|https://www.saos.org.pl/judgments/334319
333771|2018-02-22|SO|XI Ns 504/15|Postanowienie|https://www.saos.org.pl/judgments/333771
331921|2018-02-22|SO|VIII C 2081/17|Wyrok|https://www.saos.org.pl/judgments/331921
331920|2018-02-22|SO|VIII C 2027/17|Wyrok|https://www.saos.org.pl/judgments/331920
348352|2018-02-21|SO|III Ca 1739/17|Uzasadnienie|https://www.saos.org.pl/judgments/348352
348348|2018-02-21|SO|III Ca 1735/17|Uzasadnienie|https://www.saos.org.pl/judgments/348348
332617|2018-02-21|SO|I Ca 563/17|Postanowienie|https://www.saos.org.pl/judgments/332617
331718|2018-02-21|SO|VIII C 1845/16|Wyrok|https://www.saos.org.pl/judgments/331718
329953|2018-02-21|SO|I Ca 22/18|Wyrok|https://www.saos.org.pl/judgments/329953
348290|2018-02-20|SO|III Ca 1251/17|Uzasadnienie|https://www.saos.org.pl/judgments/348290
339483|2018-02-20|SO|I Ns 1046/17|Postanowienie|https://www.saos.org.pl/judgments/339483
336022|2018-02-20|SO|VI U 1394/17|Wyrok|https://www.saos.org.pl/judgments/336022
348297|2018-02-19|SO|III Ca 1490/17|Uzasadnienie|https://www.saos.org.pl/judgments/348297
340233|2018-02-15|SO|III Ca 6/18|Uzasadnienie|https://www.saos.org.pl/judgments/340233
344617|2018-02-14|SO|III Ca 937/17|Uzasadnienie|https://www.saos.org.pl/judgments/344617
331924|2018-02-14|SO|VIII C 2453/17|Wyrok|https://www.saos.org.pl/judgments/331924
331922|2018-02-14|SO|VIII C 2181/17|Wyrok|https://www.saos.org.pl/judgments/331922
328003|2018-02-14|SO|IX Ca 1055/17|Wyrok|https://www.saos.org.pl/judgments/328003
336024|2018-02-13|SO|VI U 1530/17|Wyrok|https://www.saos.org.pl/judgments/336024
334351|2018-02-13|SO|VI U 821/17|Wyrok|https://www.saos.org.pl/judgments/334351
333417|2018-02-13|SO|III AUa 691/17|Wyrok|https://www.saos.org.pl/judgments/333417
331719|2018-02-13|SO|VIII C 1918/17|Wyrok|https://www.saos.org.pl/judgments/331719
329272|2018-02-12|SO|I Ns 68/15|Postanowienie|https://www.saos.org.pl/judgments/329272
328503|2018-02-12|SO|VIII U 1086/17|Uzasadnienie|https://www.saos.org.pl/judgments/328503
350659|2018-02-09|SO|IX GC 472/17|Wyrok|https://www.saos.org.pl/judgments/350659
350005|2018-02-09|SO|IX GC 416/17|Wyrok|https://www.saos.org.pl/judgments/350005
331506|2018-02-09|SO|XXIII Ga 1865/17|Wyrok|https://www.saos.org.pl/judgments/331506
342872|2018-02-08|SO|III AUa 379/17|Wyrok|https://www.saos.org.pl/judgments/342872
339427|2018-02-08|SO|XXVII Ca 1650/17|Wyrok|https://www.saos.org.pl/judgments/339427
329274|2018-02-08|SO|II Ca 1014/17|Postanowienie|https://www.saos.org.pl/judgments/329274
337438|2018-02-06|SO|VIII U 2304/16|Wyrok|https://www.saos.org.pl/judgments/337438
334346|2018-02-06|SO|VI U 1799/17|Wyrok|https://www.saos.org.pl/judgments/334346
333714|2018-02-06|SO|III Cz 2037/17|Postanowienie|https://www.saos.org.pl/judgments/333714
338612|2018-02-05|SO|II Ca 939/17|Wyrok|https://www.saos.org.pl/judgments/338612
329781|2018-02-02|SO|II Ca 43/18|Wyrok|https://www.saos.org.pl/judgments/329781
331465|2018-02-01|SO|VI U 1722/17|Wyrok|https://www.saos.org.pl/judgments/331465
331177|2018-02-01|SO|VI U 829/15|Wyrok|https://www.saos.org.pl/judgments/331177
324093|2018-02-01|SO|VI Cz 96/18|Postanowienie|https://www.saos.org.pl/judgments/324093
332921|2018-01-31|SO|XXVII Ca 71/17|Wyrok|https://www.saos.org.pl/judgments/332921
330954|2018-01-31|SO|I Ca 547/17|Wyrok|https://www.saos.org.pl/judgments/330954
330872|2018-01-31|SO|VIII C 803/17|Wyrok|https://www.saos.org.pl/judgments/330872
326356|2018-01-31|SO|I Ns 452/16|Postanowienie|https://www.saos.org.pl/judgments/326356
341121|2018-01-30|SO|III Ca 1641/17|Uzasadnienie|https://www.saos.org.pl/judgments/341121
329905|2018-01-30|SO|XI Ns 1050/15|Postanowienie|https://www.saos.org.pl/judgments/329905
327902|2018-01-30|SO|II Ca 1176/17|Postanowienie|https://www.saos.org.pl/judgments/327902
327350|2018-01-30|SO|VII U 2600/17|Wyrok|https://www.saos.org.pl/judgments/327350
332957|2018-01-29|SO|I C 517/14|Wyrok|https://www.saos.org.pl/judgments/332957
325311|2018-01-26|SO|IV U 209/17|Wyrok|https://www.saos.org.pl/judgments/325311
329229|2018-01-25|SO|I C 195/14|Wyrok|https://www.saos.org.pl/judgments/329229
327071|2018-01-24|SO|VIII U 1137/17|Zarządzenie|https://www.saos.org.pl/judgments/327071
344352|2018-01-19|SO|VI GC 249/17|Wyrok|https://www.saos.org.pl/judgments/344352
328489|2018-01-19|SO|VIII C 1469/17|Wyrok|https://www.saos.org.pl/judgments/328489
333319|2018-01-18|SO|VI U 1461/17|Wyrok|https://www.saos.org.pl/judgments/333319
336918|2018-01-17|SO|II Co 2923/17|Postanowienie|https://www.saos.org.pl/judgments/336918
333323|2018-01-17|SO|VI U 1795/17|Wyrok|https://www.saos.org.pl/judgments/333323
332388|2018-01-17|SO|I Ns 12/17|Postanowienie|https://www.saos.org.pl/judgments/332388
327638|2018-01-17|SO|VIII C 2131/17|Wyrok|https://www.saos.org.pl/judgments/327638
333322|2018-01-16|SO|VI U 1727/17|Wyrok|https://www.saos.org.pl/judgments/333322
331175|2018-01-16|SO|VI U 2755/15|Wyrok|https://www.saos.org.pl/judgments/331175
350656|2018-01-12|SO|IX GC 302/17|Uzasadnienie|https://www.saos.org.pl/judgments/350656
340616|2018-01-12|SO|I ACa 631/17|Wyrok|https://www.saos.org.pl/judgments/340616
331763|2018-01-12|SO|I ACa 615/17|Wyrok|https://www.saos.org.pl/judgments/331763
361989|2018-01-11|SO|I C 2833/17|Uzasadnienie|https://www.saos.org.pl/judgments/361989
342973|2018-01-11|SO|VIII Ua 26/17|Wyrok|https://www.saos.org.pl/judgments/342973
336384|2018-01-11|SO|I1 C 703/17|Wyrok|https://www.saos.org.pl/judgments/336384
333324|2018-01-11|SO|VI U 1908/15|Wyrok|https://www.saos.org.pl/judgments/333324
331462|2018-01-11|SO|VI U 1403/17|Wyrok|https://www.saos.org.pl/judgments/331462
331075|2018-01-11|SO|VI U 13/17|Wyrok|https://www.saos.org.pl/judgments/331075
330339|2018-01-11|SO|VI U 3024/16|Wyrok|https://www.saos.org.pl/judgments/330339
330337|2018-01-11|SO|VI U 2955/16|Wyrok|https://www.saos.org.pl/judgments/330337
340763|2018-01-10|SO|V U 952/17|Wyrok|https://www.saos.org.pl/judgments/340763
337046|2018-01-10|SO|III AUa 576/17|Wyrok|https://www.saos.org.pl/judgments/337046
331626|2018-01-10|SO|III Cz 1838/17|Postanowienie|https://www.saos.org.pl/judgments/331626
328951|2018-01-10|SO|III Cz 1847/17|Postanowienie|https://www.saos.org.pl/judgments/328951
328950|2018-01-10|SO|III Cz 1844/17|Postanowienie|https://www.saos.org.pl/judgments/328950
328949|2018-01-10|SO|III Cz 1841/17|Postanowienie|https://www.saos.org.pl/judgments/328949
326174|2018-01-09|SO|I ACz 1816/17|Postanowienie|https://www.saos.org.pl/judgments/326174
328948|2018-01-05|SO|III Cz 1799/17|Postanowienie|https://www.saos.org.pl/judgments/328948
374992|2018-01-04|SO|VI U 1597/17|Wyrok|https://www.saos.org.pl/judgments/374992
338936|2018-01-04|SO|III Ca 1553/17|Uzasadnienie|https://www.saos.org.pl/judgments/338936
337045|2018-01-04|SO|III AUa 542/17|Wyrok|https://www.saos.org.pl/judgments/337045
324453|2018-01-03|SO|VIII U 953/16|Zarządzenie|https://www.saos.org.pl/judgments/324453
319413|2018-01-03|SO|XVI C 2746/16|Uzasadnienie|https://www.saos.org.pl/judgments/319413
326164|2017-12-28|SO|I ACa 693/17|Wyrok|https://www.saos.org.pl/judgments/326164
327570|2017-12-22|SO|III Ca 1517/17|Postanowienie|https://www.saos.org.pl/judgments/327570
347081|2017-12-21|SO|I C 648/17|Uzasadnienie|https://www.saos.org.pl/judgments/347081
337223|2017-12-21|SO|XV C 22/17|Wyrok|https://www.saos.org.pl/judgments/337223
330791|2017-12-21|SO|II Ca 770/17|Wyrok|https://www.saos.org.pl/judgments/330791
327903|2017-12-21|SO|II Ca 1228/17|Wyrok|https://www.saos.org.pl/judgments/327903
326833|2017-12-21|SO|VIII C 1587/17|Postanowienie|https://www.saos.org.pl/judgments/326833
327567|2017-12-20|SO|III Ca 1489/17|Wyrok|https://www.saos.org.pl/judgments/327567
324033|2017-12-20|SO|IV U 293/15|Wyrok|https://www.saos.org.pl/judgments/324033
330555|2017-12-19|SO|III AUa 390/17|Wyrok|https://www.saos.org.pl/judgments/330555
321895|2017-12-19|SO|II Ca 1531/16|Wyrok|https://www.saos.org.pl/judgments/321895
321664|2017-12-19|SO|IV Pa 91/17|Wyrok|https://www.saos.org.pl/judgments/321664
360657|2017-12-18|SO|II Ca 314/17|Postanowienie|https://www.saos.org.pl/judgments/360657
327893|2017-12-18|SO|II C 674/17|Zarządzenie|https://www.saos.org.pl/judgments/327893
321948|2017-12-18|SO|IX Ca 862/17|Postanowienie|https://www.saos.org.pl/judgments/321948
333870|2017-12-15|SO|III Ca 1766/17|Uzasadnienie|https://www.saos.org.pl/judgments/333870
436445|2017-12-14|SO|III AUa 1132/17|Wyrok|https://www.saos.org.pl/judgments/436445
366517|2017-12-14|SO|VI U 1004/16|Wyrok|https://www.saos.org.pl/judgments/366517
330549|2017-12-14|SO|III AUa 1495/16|Wyrok|https://www.saos.org.pl/judgments/330549
326865|2017-12-14|SO|VIII C 316/17|Wyrok|https://www.saos.org.pl/judgments/326865
325358|2017-12-14|SO|VI U 481/17|Wyrok|https://www.saos.org.pl/judgments/325358
325353|2017-12-14|SO|VI U 2724/16|Wyrok|https://www.saos.org.pl/judgments/325353
325351|2017-12-14|SO|VI U 1006/16|Wyrok|https://www.saos.org.pl/judgments/325351
326856|2017-12-13|SO|VIII C 2130/17|Wyrok|https://www.saos.org.pl/judgments/326856
326855|2017-12-13|SO|VIII C 2129/17|Wyrok|https://www.saos.org.pl/judgments/326855
326854|2017-12-13|SO|VIII C 2128/17|Wyrok|https://www.saos.org.pl/judgments/326854
326853|2017-12-13|SO|VIII C 2127/17|Wyrok|https://www.saos.org.pl/judgments/326853
337420|2017-12-12|SO|VIII U 1637/16|Wyrok|https://www.saos.org.pl/judgments/337420
329394|2017-12-12|SO|VIII U 110/16|Wyrok|https://www.saos.org.pl/judgments/329394
325738|2017-12-12|SO|III Ca 1369/17|Uzasadnienie|https://www.saos.org.pl/judgments/325738
392907|2017-12-08|SO|II Ca 2174/17|Wyrok|https://www.saos.org.pl/judgments/392907
350619|2017-12-08|SO|IX Ga 281/17|Wyrok|https://www.saos.org.pl/judgments/350619
329405|2017-12-08|SO|VIII U 1915/17|Wyrok|https://www.saos.org.pl/judgments/329405
324979|2017-12-08|SO|V U 486/17|Wyrok|https://www.saos.org.pl/judgments/324979
323648|2017-12-07|SO|III AUa 325/17|Wyrok|https://www.saos.org.pl/judgments/323648
320781|2017-12-07|SO|I C 797/17|Wyrok|https://www.saos.org.pl/judgments/320781
325002|2017-12-06|SO|VIII C 1929/17|Wyrok|https://www.saos.org.pl/judgments/325002
325001|2017-12-06|SO|VIII C 1928/17|Wyrok|https://www.saos.org.pl/judgments/325001
322518|2017-12-06|SO|I Ca 418/17|Postanowienie|https://www.saos.org.pl/judgments/322518
325955|2017-12-05|SO|III AUa 401/17|Wyrok|https://www.saos.org.pl/judgments/325955
325003|2017-12-05|SO|VIII C 2004/17|Wyrok|https://www.saos.org.pl/judgments/325003
320276|2017-12-05|SO|III AUa 450/17|Wyrok|https://www.saos.org.pl/judgments/320276
318511|2017-12-05|SO|VIII C 2013/16|Wyrok|https://www.saos.org.pl/judgments/318511
318510|2017-12-05|SO|VIII C 2005/17|Wyrok|https://www.saos.org.pl/judgments/318510
317891|2017-12-05|SO|XII C 1375/16|Wyrok|https://www.saos.org.pl/judgments/317891
324896|2017-12-04|SO|VIII C 540/15|Wyrok|https://www.saos.org.pl/judgments/324896
325007|2017-12-01|SO|VIII C 3239/15|Wyrok|https://www.saos.org.pl/judgments/325007
324898|2017-12-01|SO|VIII C 989/17|Wyrok|https://www.saos.org.pl/judgments/324898
324887|2017-12-01|SO|VIII C 1270/16|Wyrok|https://www.saos.org.pl/judgments/324887
318571|2017-12-01|SO|I ACz 1186/17|Postanowienie|https://www.saos.org.pl/judgments/318571
407151|2017-11-30|SO|III C 957/16|Wyrok|https://www.saos.org.pl/judgments/407151
401848|2017-11-30|SO|I ACa 594/17|Wyrok|https://www.saos.org.pl/judgments/401848
331968|2017-11-30|SO|I ACa 430/17|Wyrok|https://www.saos.org.pl/judgments/331968
330336|2017-11-30|SO|VI U 2369/16|Wyrok|https://www.saos.org.pl/judgments/330336
330327|2017-11-30|SO|VI U 1335/17|Wyrok|https://www.saos.org.pl/judgments/330327
325354|2017-11-30|SO|VI U 2841/16|Wyrok|https://www.saos.org.pl/judgments/325354
322329|2017-11-30|SO|III AUa 21/17|Wyrok|https://www.saos.org.pl/judgments/322329
320611|2017-11-30|SO|III RC 69/17|Wyrok|https://www.saos.org.pl/judgments/320611
534746|2017-11-29|SO|I ACo 83/17|Postanowienie|https://www.saos.org.pl/judgments/534746
339435|2017-11-29|SO|I ACa 551/17|Wyrok|https://www.saos.org.pl/judgments/339435
338408|2017-11-29|SO|I ACa 379/17|Wyrok|https://www.saos.org.pl/judgments/338408
326868|2017-11-29|SO|VIII C 327/17|Wyrok|https://www.saos.org.pl/judgments/326868
324889|2017-11-29|SO|VIII C 1446/16|Wyrok|https://www.saos.org.pl/judgments/324889
320357|2017-11-29|SO|VI P 501/16|Wyrok|https://www.saos.org.pl/judgments/320357
383583|2017-11-28|SO|II Ca 236/17|Wyrok|https://www.saos.org.pl/judgments/383583
329421|2017-11-28|SO|VIII U 82/17|Wyrok|https://www.saos.org.pl/judgments/329421
326518|2017-11-28|SO|VI U 79/17|Wyrok|https://www.saos.org.pl/judgments/326518
325355|2017-11-28|SO|VI U 3032/15|Wyrok|https://www.saos.org.pl/judgments/325355
333045|2017-11-27|SO|V Ca 1819/17|Wyrok|https://www.saos.org.pl/judgments/333045
325352|2017-11-27|SO|VI U 1331/17|Wyrok|https://www.saos.org.pl/judgments/325352
326838|2017-11-24|SO|VIII C 1622/16|Wyrok|https://www.saos.org.pl/judgments/326838
326837|2017-11-24|SO|VIII C 1620/16|Wyrok|https://www.saos.org.pl/judgments/326837
318521|2017-11-24|SO|VIII C 970/17|Wyrok|https://www.saos.org.pl/judgments/318521
316075|2017-11-23|SO|I C 285/17|Wyrok|https://www.saos.org.pl/judgments/316075
324352|2017-11-22|SO|VIII U 1717/16|Zarządzenie|https://www.saos.org.pl/judgments/324352
318262|2017-11-22|SO|VIII C 1653/17|Wyrok|https://www.saos.org.pl/judgments/318262
318261|2017-11-22|SO|VIII C 1652/17|Wyrok|https://www.saos.org.pl/judgments/318261
316683|2017-11-22|SO|IX Ca 695/17|Postanowienie|https://www.saos.org.pl/judgments/316683
330341|2017-11-21|SO|VI U 415/17|Wyrok|https://www.saos.org.pl/judgments/330341
326509|2017-11-21|SO|VI U 2421/16|Wyrok|https://www.saos.org.pl/judgments/326509
321287|2017-11-21|SO|III AUa 201/17|Wyrok|https://www.saos.org.pl/judgments/321287
320264|2017-11-21|SO|III AUa 326/17|Wyrok|https://www.saos.org.pl/judgments/320264
333671|2017-11-20|SO|I C 2007/16|Postanowienie|https://www.saos.org.pl/judgments/333671
344417|2017-11-17|SO|I ACz 2727/17|Postanowienie|https://www.saos.org.pl/judgments/344417
369785|2017-11-16|SO|VI U 836/16|Wyrok|https://www.saos.org.pl/judgments/369785
359202|2017-11-16|SO|I ACa 520/16|Wyrok|https://www.saos.org.pl/judgments/359202
329396|2017-11-16|SO|VIII U 139/17|Wyrok|https://www.saos.org.pl/judgments/329396
327039|2017-11-16|SO|VI U 3021/16|Wyrok|https://www.saos.org.pl/judgments/327039
326504|2017-11-16|SO|VI U 146/17|Wyrok|https://www.saos.org.pl/judgments/326504
332623|2017-11-15|SO|I Ns 68/15|Postanowienie|https://www.saos.org.pl/judgments/332623
312962|2017-11-15|SO|VI Gz 186/17|Postanowienie|https://www.saos.org.pl/judgments/312962
326510|2017-11-14|SO|VI U 2552/16|Wyrok|https://www.saos.org.pl/judgments/326510
325423|2017-11-14|SO|VIII U 327/17|Uzasadnienie|https://www.saos.org.pl/judgments/325423
317018|2017-11-13|SO|XVI Cz 1053/17|Postanowienie|https://www.saos.org.pl/judgments/317018
313504|2017-11-13|SO|XII C 2058/16|Wyrok|https://www.saos.org.pl/judgments/313504
316892|2017-11-10|SO|VIII C 868/17|Wyrok|https://www.saos.org.pl/judgments/316892
312266|2017-11-10|SO|VIII U 2560/16|Uzasadnienie|https://www.saos.org.pl/judgments/312266
408426|2017-11-08|SO|III AUa 849/17|Wyrok|https://www.saos.org.pl/judgments/408426
322504|2017-11-08|SO|I C 502/17|Wyrok|https://www.saos.org.pl/judgments/322504
321285|2017-11-08|SO|III AUa 1516/17|Postanowienie|https://www.saos.org.pl/judgments/321285
320724|2017-11-08|SO|XIII Ca 341/17|Wyrok|https://www.saos.org.pl/judgments/320724
315491|2017-11-08|SO|III AUa 602/17|Wyrok|https://www.saos.org.pl/judgments/315491
330672|2017-11-07|SO|VII Ua 67/17|Wyrok|https://www.saos.org.pl/judgments/330672
321730|2017-11-07|SO|VI U 514/16|Wyrok|https://www.saos.org.pl/judgments/321730
321441|2017-11-07|SO|VI U 959/17|Wyrok|https://www.saos.org.pl/judgments/321441
321428|2017-11-07|SO|VI U 1025/17|Wyrok|https://www.saos.org.pl/judgments/321428
316274|2017-11-07|SO|II Ca 1092/17|Wyrok|https://www.saos.org.pl/judgments/316274
315109|2017-11-07|SO|VIII Ga 65/17|Uzasadnienie|https://www.saos.org.pl/judgments/315109
382501|2017-11-06|SO|XXVII Ca 485/17|Wyrok|https://www.saos.org.pl/judgments/382501
323913|2017-11-06|SO|III Ca 966/17|Uzasadnienie|https://www.saos.org.pl/judgments/323913
317111|2017-11-06|SO|V ACa 886/17|Wyrok|https://www.saos.org.pl/judgments/317111
316894|2017-11-06|SO|VIII C 984/17|Wyrok|https://www.saos.org.pl/judgments/316894
313482|2017-11-06|SO|VIII Ua 103/17|Uzasadnienie|https://www.saos.org.pl/judgments/313482
321723|2017-11-02|SO|VI U 1208/16|Wyrok|https://www.saos.org.pl/judgments/321723
321317|2017-11-02|SO|III Ca 1259/17|Uzasadnienie|https://www.saos.org.pl/judgments/321317
318813|2017-11-02|SO|XIV C 1136/14|Wyrok|https://www.saos.org.pl/judgments/318813
313809|2017-11-02|SO|I C 2807/17|Wyrok|https://www.saos.org.pl/judgments/313809
329667|2017-10-31|SO|XVIII C 1363/16|Wyrok|https://www.saos.org.pl/judgments/329667
322728|2017-10-31|SO|I ACa 484/17|Wyrok|https://www.saos.org.pl/judgments/322728
321731|2017-10-31|SO|VI U 6/15|Wyrok|https://www.saos.org.pl/judgments/321731
321727|2017-10-31|SO|VI U 2615/16|Wyrok|https://www.saos.org.pl/judgments/321727
321429|2017-10-31|SO|VI U 1208/17|Wyrok|https://www.saos.org.pl/judgments/321429
349854|2017-10-30|SO|I Ns 39/15|Uzasadnienie|https://www.saos.org.pl/judgments/349854
341871|2017-10-30|SO|II Ca 656/17|Wyrok|https://www.saos.org.pl/judgments/341871
330220|2017-10-30|SO|I ACa 614/16|Wyrok|https://www.saos.org.pl/judgments/330220
318296|2017-10-30|SO|I ACa 741/16|Wyrok|https://www.saos.org.pl/judgments/318296
311364|2017-10-30|SO|XII C 1270/16|Wyrok|https://www.saos.org.pl/judgments/311364
323742|2017-10-27|SO|III Ca 1269/17|Uzasadnienie|https://www.saos.org.pl/judgments/323742
400835|2017-10-26|SO|I ACa 402/17|Wyrok|https://www.saos.org.pl/judgments/400835
317127|2017-10-26|SO|I ACa 398/17|Wyrok|https://www.saos.org.pl/judgments/317127
336467|2017-10-25|SO|I ACa 196/17|Wyrok|https://www.saos.org.pl/judgments/336467
316976|2017-10-25|SO|XII C 1416/17|Uzasadnienie|https://www.saos.org.pl/judgments/316976
479000|2017-10-24|SO|I ACa 379/17|Wyrok|https://www.saos.org.pl/judgments/479000
313757|2017-10-24|SO|I C 1278/16|Wyrok|https://www.saos.org.pl/judgments/313757
312691|2017-10-24|SO|V Pa 36/17|Wyrok|https://www.saos.org.pl/judgments/312691
310027|2017-10-24|SO|II Cz 877/17|Postanowienie|https://www.saos.org.pl/judgments/310027
324828|2017-10-23|SO|IV U 520/17|Wyrok|https://www.saos.org.pl/judgments/324828
322473|2017-10-23|SO|I ACz 1446/17|Postanowienie|https://www.saos.org.pl/judgments/322473
399466|2017-10-20|SO|VIII U 792/17|Wyrok|https://www.saos.org.pl/judgments/399466
315070|2017-10-20|SO|VIII C 897/17|Wyrok|https://www.saos.org.pl/judgments/315070
334492|2017-10-19|SO|VII ACa 897/17|Wyrok|https://www.saos.org.pl/judgments/334492
323816|2017-10-19|SO|III Ca 1325/17|Uzasadnienie|https://www.saos.org.pl/judgments/323816
323814|2017-10-19|SO|III Ca 1324/17|Uzasadnienie|https://www.saos.org.pl/judgments/323814
323812|2017-10-19|SO|III Ca 1323/17|Uzasadnienie|https://www.saos.org.pl/judgments/323812
323809|2017-10-19|SO|III Ca 1321/17|Uzasadnienie|https://www.saos.org.pl/judgments/323809
323807|2017-10-19|SO|III Ca 1320/17|Uzasadnienie|https://www.saos.org.pl/judgments/323807
323805|2017-10-19|SO|III Ca 1319/17|Uzasadnienie|https://www.saos.org.pl/judgments/323805
323803|2017-10-19|SO|III Ca 1318/17|Uzasadnienie|https://www.saos.org.pl/judgments/323803
323801|2017-10-19|SO|III Ca 1317/17|Uzasadnienie|https://www.saos.org.pl/judgments/323801
323800|2017-10-19|SO|III Ca 1316/17|Uzasadnienie|https://www.saos.org.pl/judgments/323800
323797|2017-10-19|SO|III Ca 1315/17|Uzasadnienie|https://www.saos.org.pl/judgments/323797
323795|2017-10-19|SO|III Ca 1314/17|Uzasadnienie|https://www.saos.org.pl/judgments/323795
323794|2017-10-19|SO|III Ca 1313/17|Uzasadnienie|https://www.saos.org.pl/judgments/323794
323791|2017-10-19|SO|III Ca 1312/17|Uzasadnienie|https://www.saos.org.pl/judgments/323791
311496|2017-10-19|SO|VI Cz 1200/17|Postanowienie|https://www.saos.org.pl/judgments/311496
315068|2017-10-18|SO|VIII C 766/17|Wyrok|https://www.saos.org.pl/judgments/315068
315066|2017-10-18|SO|VIII C 711/17|Wyrok|https://www.saos.org.pl/judgments/315066
330670|2017-10-17|SO|VII Ua 63/17|Wyrok|https://www.saos.org.pl/judgments/330670
327038|2017-10-17|SO|VI U 2725/16|Wyrok|https://www.saos.org.pl/judgments/327038
332201|2017-10-16|SO|V GC 928/17|Wyrok|https://www.saos.org.pl/judgments/332201
311976|2017-10-16|SO|II Ns 256/14|Postanowienie|https://www.saos.org.pl/judgments/311976
308469|2017-10-16|SO|X Ns 712/11|Uzasadnienie|https://www.saos.org.pl/judgments/308469
310754|2017-10-13|SO|II C 167/15|Wyrok|https://www.saos.org.pl/judgments/310754
327037|2017-10-12|SO|VI U 1529/16|Wyrok|https://www.saos.org.pl/judgments/327037
326508|2017-10-12|SO|VI U 2108/16|Wyrok|https://www.saos.org.pl/judgments/326508
321430|2017-10-12|SO|VI U 1721/16|Wyrok|https://www.saos.org.pl/judgments/321430
310048|2017-10-12|SO|IV U 280/17|Wyrok|https://www.saos.org.pl/judgments/310048
319846|2017-10-11|SO|I C 644/17|Wyrok|https://www.saos.org.pl/judgments/319846
330706|2017-10-10|SO|I ACa 1195/16|Wyrok|https://www.saos.org.pl/judgments/330706
315496|2017-10-10|SO|III Ca 2006/16|Postanowienie|https://www.saos.org.pl/judgments/315496
311433|2017-10-10|SO|I Ca 299/17|Postanowienie|https://www.saos.org.pl/judgments/311433
309158|2017-10-09|SO|VIII U 1081/17|Zarządzenie|https://www.saos.org.pl/judgments/309158
308913|2017-10-09|SO|VIII U 2363/16|Zarządzenie|https://www.saos.org.pl/judgments/308913
319558|2017-10-06|SO|VIII U 1733/16|Wyrok|https://www.saos.org.pl/judgments/319558
311516|2017-10-06|SO|VIII C 150/17|Wyrok|https://www.saos.org.pl/judgments/311516
325120|2017-10-05|SO|II Ca 332/17|Postanowienie|https://www.saos.org.pl/judgments/325120
314956|2017-10-05|SO|VI U 1209/17|Wyrok|https://www.saos.org.pl/judgments/314956
313869|2017-10-05|SO|II Ca 1303/16|Postanowienie|https://www.saos.org.pl/judgments/313869
311523|2017-10-05|SO|VIII C 443/17|Wyrok|https://www.saos.org.pl/judgments/311523
370768|2017-10-04|SO|XXV C 548/16|Wyrok|https://www.saos.org.pl/judgments/370768
317301|2017-10-04|SO|I Nc 1707/17|Postanowienie|https://www.saos.org.pl/judgments/317301
314284|2017-10-04|SO|I C 580/17|Wyrok|https://www.saos.org.pl/judgments/314284
323719|2017-10-03|SO|III Ca 1165/17|Postanowienie|https://www.saos.org.pl/judgments/323719
319559|2017-10-03|SO|VIII U 260/17|Wyrok|https://www.saos.org.pl/judgments/319559
311509|2017-10-03|SO|VIII C 1216/17|Wyrok|https://www.saos.org.pl/judgments/311509
310024|2017-10-03|SO|II Cz 610/17|Postanowienie|https://www.saos.org.pl/judgments/310024
306111|2017-10-03|SO|IV U 797/17|Wyrok|https://www.saos.org.pl/judgments/306111
393883|2017-10-02|SO|VI Pa 74/17|Wyrok|https://www.saos.org.pl/judgments/393883
309386|2017-10-02|SO|VIII C 2925/16|Wyrok|https://www.saos.org.pl/judgments/309386
311145|2017-09-29|SO|XII C 1833/16|Wyrok|https://www.saos.org.pl/judgments/311145
309569|2017-09-29|SO|III AUz 70/17|Postanowienie|https://www.saos.org.pl/judgments/309569
308501|2017-09-29|SO|I C 207/17|Wyrok|https://www.saos.org.pl/judgments/308501
305710|2017-09-29|SO|III AUz 66/17|Postanowienie|https://www.saos.org.pl/judgments/305710
305709|2017-09-29|SO|III AUz 63/17|Postanowienie|https://www.saos.org.pl/judgments/305709
315241|2017-09-28|SO|XXIII Ga 1124/17|Wyrok|https://www.saos.org.pl/judgments/315241
315052|2017-09-28|SO|VIII C 1400/15|Wyrok|https://www.saos.org.pl/judgments/315052
312479|2017-09-28|SO|III AUa 584/17|Wyrok|https://www.saos.org.pl/judgments/312479
306419|2017-09-28|SO|VI Cz 1050/17|Postanowienie|https://www.saos.org.pl/judgments/306419
340548|2017-09-27|SO|VI U 381/17|Wyrok|https://www.saos.org.pl/judgments/340548
309909|2017-09-27|SO|I C 905/16|Wyrok|https://www.saos.org.pl/judgments/309909
308848|2017-09-27|SO|IX Ca 404/17|Postanowienie|https://www.saos.org.pl/judgments/308848
361399|2017-09-26|SO|I C 12/17|Uzasadnienie|https://www.saos.org.pl/judgments/361399
326517|2017-09-26|SO|VI U 750/17|Wyrok|https://www.saos.org.pl/judgments/326517
337249|2017-09-25|SO|I C 258/16|Wyrok|https://www.saos.org.pl/judgments/337249
313324|2017-09-25|SO|III Ca 865/17|Uzasadnienie|https://www.saos.org.pl/judgments/313324
308958|2017-09-25|SO|XVII AmA 101/13|Wyrok|https://www.saos.org.pl/judgments/308958
308035|2017-09-25|SO|I C 449/17|Wyrok|https://www.saos.org.pl/judgments/308035
307917|2017-09-25|SO|VIII C 665/17|Wyrok|https://www.saos.org.pl/judgments/307917
311676|2017-09-22|SO|VIII U 3579/16|Wyrok|https://www.saos.org.pl/judgments/311676
306132|2017-09-22|SO|IX Ga 72/17|Wyrok|https://www.saos.org.pl/judgments/306132
323872|2017-09-21|SO|III Ca 843/17|Postanowienie|https://www.saos.org.pl/judgments/323872
314955|2017-09-21|SO|VI U 1099/17|Wyrok|https://www.saos.org.pl/judgments/314955
314954|2017-09-21|SO|VI U 1097/17|Wyrok|https://www.saos.org.pl/judgments/314954
314952|2017-09-21|SO|VI U 1026/17|Wyrok|https://www.saos.org.pl/judgments/314952
304418|2017-09-21|SO|I ACz 1341/17|Postanowienie|https://www.saos.org.pl/judgments/304418
325864|2017-09-20|SO|I ACa 1174/16|Wyrok|https://www.saos.org.pl/judgments/325864
307918|2017-09-20|SO|VIII C 758/17|Wyrok|https://www.saos.org.pl/judgments/307918
306124|2017-09-20|SO|IX Ca 419/17|Postanowienie|https://www.saos.org.pl/judgments/306124
321433|2017-09-19|SO|VI U 2609/16|Wyrok|https://www.saos.org.pl/judgments/321433
317494|2017-09-19|SO|III AUa 1079/17|Wyrok|https://www.saos.org.pl/judgments/317494
310403|2017-09-19|SO|I Ns 418/11|Postanowienie|https://www.saos.org.pl/judgments/310403
306930|2017-09-18|SO|VIII U 1589/15|Uzasadnienie|https://www.saos.org.pl/judgments/306930
305397|2017-09-18|SO|II Cz 497/17|Postanowienie|https://www.saos.org.pl/judgments/305397
385669|2017-09-15|SO|III AUa 1157/16|Wyrok|https://www.saos.org.pl/judgments/385669
315306|2017-09-15|SO|I Ns 1316/16|Postanowienie|https://www.saos.org.pl/judgments/315306
310477|2017-09-15|SO|IX GC 143/17|Wyrok|https://www.saos.org.pl/judgments/310477
307911|2017-09-15|SO|VIII C 2942/16|Wyrok|https://www.saos.org.pl/judgments/307911
307027|2017-09-15|SO|VIII U 715/17|Zarządzenie|https://www.saos.org.pl/judgments/307027
312571|2017-09-14|SO|XII Ga 444/17|Uzasadnienie|https://www.saos.org.pl/judgments/312571
306121|2017-09-14|SO|IX Ca 402/17|Postanowienie|https://www.saos.org.pl/judgments/306121
345665|2017-09-13|SO|II Ca 345/17|Uzasadnienie|https://www.saos.org.pl/judgments/345665
313329|2017-09-13|SO|III Ca 909/17|Uzasadnienie|https://www.saos.org.pl/judgments/313329
310921|2017-09-13|SO|I ACa 1090/16|Wyrok|https://www.saos.org.pl/judgments/310921
308031|2017-09-13|SO|I C 352/17|Wyrok|https://www.saos.org.pl/judgments/308031
307906|2017-09-13|SO|VIII C 2015/16|Wyrok|https://www.saos.org.pl/judgments/307906
304907|2017-09-13|SO|I Ns 591/15|Postanowienie|https://www.saos.org.pl/judgments/304907
322162|2017-09-12|SO|VI U 1461/16|Wyrok|https://www.saos.org.pl/judgments/322162
315125|2017-09-12|SO|VIII U 310/17|Wyrok|https://www.saos.org.pl/judgments/315125
309859|2017-09-12|SO|VIII C 1246/15|Wyrok|https://www.saos.org.pl/judgments/309859
309447|2017-09-12|SO|I C 1683/17|Wyrok|https://www.saos.org.pl/judgments/309447
313323|2017-09-11|SO|III Ca 861/17|Uzasadnienie|https://www.saos.org.pl/judgments/313323
307887|2017-09-08|SO|VI GC 341/15|Wyrok|https://www.saos.org.pl/judgments/307887
313433|2017-09-07|SO|VI ACa 173/16|Wyrok|https://www.saos.org.pl/judgments/313433
311656|2017-09-07|SO|VIII C 1401/16|Wyrok|https://www.saos.org.pl/judgments/311656
304910|2017-09-07|SO|I Ns 871/12|Postanowienie|https://www.saos.org.pl/judgments/304910
315123|2017-09-06|SO|VIII U 1565/16|Wyrok|https://www.saos.org.pl/judgments/315123
305800|2017-09-06|SO|III Ca 767/17|Wyrok|https://www.saos.org.pl/judgments/305800
326516|2017-09-05|SO|VI U 613/17|Wyrok|https://www.saos.org.pl/judgments/326516
321431|2017-09-05|SO|VI U 2423/16|Wyrok|https://www.saos.org.pl/judgments/321431
346346|2017-09-04|SO|I C 258/17|Wyrok|https://www.saos.org.pl/judgments/346346
306742|2017-09-04|SO|VIII C 344/17|Wyrok|https://www.saos.org.pl/judgments/306742
375255|2017-09-01|SO|I C 5187/16|Uzasadnienie|https://www.saos.org.pl/judgments/375255
304546|2017-08-31|SO|I C 1886/17|Wyrok|https://www.saos.org.pl/judgments/304546
348261|2017-08-30|SO|II Ca 1216/17|Postanowienie|https://www.saos.org.pl/judgments/348261
306227|2017-08-30|SO|V ACa 794/16|Wyrok|https://www.saos.org.pl/judgments/306227
409739|2017-08-29|SO|III AUa 440/17|Wyrok|https://www.saos.org.pl/judgments/409739
312566|2017-08-29|SO|XII Ga 414/17|Uzasadnienie|https://www.saos.org.pl/judgments/312566
304563|2017-08-29|SO|I C 2066/17|Wyrok|https://www.saos.org.pl/judgments/304563
306736|2017-08-28|SO|VIII C 2409/16|Wyrok|https://www.saos.org.pl/judgments/306736
300014|2017-08-28|SO|VIII U 1119/17|Uzasadnienie|https://www.saos.org.pl/judgments/300014
303884|2017-08-25|SO|I Ca 242/17|Wyrok|https://www.saos.org.pl/judgments/303884
321435|2017-08-24|SO|VI U 3252/15|Wyrok|https://www.saos.org.pl/judgments/321435
303885|2017-08-24|SO|I Ca 246/17|Postanowienie|https://www.saos.org.pl/judgments/303885
310916|2017-08-23|SO|I ACa 1033/16|Wyrok|https://www.saos.org.pl/judgments/310916
310491|2017-08-18|SO|IX GC 92/17|Uzasadnienie|https://www.saos.org.pl/judgments/310491
310920|2017-08-17|SO|I ACa 1046/16|Wyrok|https://www.saos.org.pl/judgments/310920
308311|2017-08-08|SO|XVIII C 704/16|Wyrok|https://www.saos.org.pl/judgments/308311
303241|2017-08-08|SO|II Ca 391/17|Wyrok|https://www.saos.org.pl/judgments/303241
304231|2017-08-07|SO|I ACa 1027/15|Wyrok|https://www.saos.org.pl/judgments/304231
296948|2017-08-04|SO|XIII Ga 286/17|Uzasadnienie|https://www.saos.org.pl/judgments/296948
309635|2017-08-03|SO|I ACa 211/17|Wyrok|https://www.saos.org.pl/judgments/309635
310483|2017-08-02|SO|IX GC 461/16|Uzasadnienie|https://www.saos.org.pl/judgments/310483
385115|2017-08-01|SO|V GC 732/16|Wyrok|https://www.saos.org.pl/judgments/385115
303214|2017-08-01|SO|I C 351/17|Wyrok|https://www.saos.org.pl/judgments/303214
303209|2017-08-01|SO|I C 261/17|Wyrok|https://www.saos.org.pl/judgments/303209
303204|2017-08-01|SO|I C 237/17|Wyrok|https://www.saos.org.pl/judgments/303204
318790|2017-07-28|SO|VIII U 2195/16|Wyrok|https://www.saos.org.pl/judgments/318790
310487|2017-07-28|SO|IX GC 60/17|Wyrok|https://www.saos.org.pl/judgments/310487
304856|2017-07-27|SO|I Ca 160/17|Wyrok|https://www.saos.org.pl/judgments/304856
304347|2017-07-27|SO|I ACa 325/16|Wyrok|https://www.saos.org.pl/judgments/304347
302798|2017-07-26|SO|III Ca 469/17|Uzasadnienie|https://www.saos.org.pl/judgments/302798
303101|2017-07-25|SO|III Ca 584/17|Uzasadnienie|https://www.saos.org.pl/judgments/303101
316991|2017-07-24|SO|XII Ga 413/17|Wyrok|https://www.saos.org.pl/judgments/316991
421167|2017-07-21|SO|VIII U 636/17|Wyrok|https://www.saos.org.pl/judgments/421167
310484|2017-07-21|SO|IX GC 468/15|Wyrok|https://www.saos.org.pl/judgments/310484
310479|2017-07-21|SO|IX GC 24/17|Wyrok|https://www.saos.org.pl/judgments/310479
310478|2017-07-21|SO|IX GC 186/14|Wyrok|https://www.saos.org.pl/judgments/310478
292852|2017-07-20|SO|X Ns 1586/16|Uzasadnienie|https://www.saos.org.pl/judgments/292852
300896|2017-07-19|SO|III Ca 373/17|Uzasadnienie|https://www.saos.org.pl/judgments/300896
308310|2017-07-18|SO|XVIII C 638/17|Wyrok|https://www.saos.org.pl/judgments/308310
302810|2017-07-18|SO|III Ca 498/17|Uzasadnienie|https://www.saos.org.pl/judgments/302810
299563|2017-07-13|SO|III Ca 226/17|Postanowienie|https://www.saos.org.pl/judgments/299563
299084|2017-07-13|SO|VIII C 2611/16|Wyrok|https://www.saos.org.pl/judgments/299084
323185|2017-07-12|SO|I ACz 1147/17|Postanowienie|https://www.saos.org.pl/judgments/323185
302771|2017-07-12|SO|III Ca 1939/16|Uzasadnienie|https://www.saos.org.pl/judgments/302771
296028|2017-07-12|SO|VIII U 64/17|Zarządzenie|https://www.saos.org.pl/judgments/296028
305761|2017-07-11|SO|III Ca 483/17|Postanowienie|https://www.saos.org.pl/judgments/305761
300852|2017-07-07|SO|III Ca 208/17|Uzasadnienie|https://www.saos.org.pl/judgments/300852
299093|2017-07-06|SO|VIII C 667/17|Wyrok|https://www.saos.org.pl/judgments/299093
297486|2017-07-06|SO|III AUa 925/16|Wyrok|https://www.saos.org.pl/judgments/297486
315237|2017-07-05|SO|XX GC 810/14|Wyrok|https://www.saos.org.pl/judgments/315237
314084|2017-07-05|SO|I ACa 152/17|Wyrok|https://www.saos.org.pl/judgments/314084
313454|2017-07-05|SO|VII U 1570/15|Wyrok|https://www.saos.org.pl/judgments/313454
407925|2017-07-04|SO|V Ca 2276/16|Wyrok|https://www.saos.org.pl/judgments/407925
332093|2017-07-04|SO|II Ca 775/17|Postanowienie|https://www.saos.org.pl/judgments/332093
332090|2017-07-04|SO|II Ca 466/17|Postanowienie|https://www.saos.org.pl/judgments/332090
309556|2017-07-04|SO|III AUa 587/16|Wyrok|https://www.saos.org.pl/judgments/309556
290031|2017-07-04|SO|II Cz 528/17|Postanowienie|https://www.saos.org.pl/judgments/290031
307869|2017-07-03|SO|V GC 173/17|Wyrok|https://www.saos.org.pl/judgments/307869
299964|2017-07-03|SO|V GC 1066/17|Wyrok|https://www.saos.org.pl/judgments/299964
309771|2017-06-30|SO|III AUz 96/17|Postanowienie|https://www.saos.org.pl/judgments/309771
298024|2017-06-30|SO|I C 1227/17|Wyrok|https://www.saos.org.pl/judgments/298024
419774|2017-06-29|SO|IX C 501/16|Wyrok|https://www.saos.org.pl/judgments/419774
299323|2017-06-29|SO|III Ca 473/17|Postanowienie|https://www.saos.org.pl/judgments/299323
299195|2017-06-29|SO|I1 C 329/17|Wyrok|https://www.saos.org.pl/judgments/299195
291963|2017-06-29|SO|IV U 324/17|Wyrok|https://www.saos.org.pl/judgments/291963
291962|2017-06-29|SO|IV U 282/17|Wyrok|https://www.saos.org.pl/judgments/291962
291333|2017-06-29|SO|VIII Gz 130/17|Postanowienie|https://www.saos.org.pl/judgments/291333
311838|2017-06-28|SO|IX U 2599/16|Wyrok|https://www.saos.org.pl/judgments/311838
305633|2017-06-28|SO|III AUa 1116/16|Postanowienie|https://www.saos.org.pl/judgments/305633
292177|2017-06-28|SO|VI Ca 431/17|Wyrok|https://www.saos.org.pl/judgments/292177
300383|2017-06-27|SO|III Ca 137/17|Uzasadnienie|https://www.saos.org.pl/judgments/300383
296421|2017-06-27|SO|VIII U 463/17|Zarządzenie|https://www.saos.org.pl/judgments/296421
291839|2017-06-27|SO|VI GC 329/17|Postanowienie|https://www.saos.org.pl/judgments/291839
300058|2017-06-26|SO|XII C 2202/14|Wyrok|https://www.saos.org.pl/judgments/300058
290030|2017-06-26|SO|II Cz 392/17|Postanowienie|https://www.saos.org.pl/judgments/290030
496094|2017-06-23|SO|I C 155/14|Wyrok|https://www.saos.org.pl/judgments/496094
291926|2017-06-23|SO|I C 26/15|Wyrok|https://www.saos.org.pl/judgments/291926
337233|2017-06-22|SO|XV C 720/13|Wyrok|https://www.saos.org.pl/judgments/337233
314069|2017-06-22|SO|I ACa 112/17|Wyrok|https://www.saos.org.pl/judgments/314069
299135|2017-06-22|SO|VIII U 668/17|Uzasadnienie|https://www.saos.org.pl/judgments/299135
295022|2017-06-22|SO|I Ns 391/17|Postanowienie|https://www.saos.org.pl/judgments/295022
289085|2017-06-22|SO|II Cz 468/17|Postanowienie|https://www.saos.org.pl/judgments/289085
304161|2017-06-21|SO|X U 354/16|Wyrok|https://www.saos.org.pl/judgments/304161
386228|2017-06-20|SO|I C 324/17|Zarządzenie|https://www.saos.org.pl/judgments/386228
311776|2017-06-20|SO|III AUz 181/17|Postanowienie|https://www.saos.org.pl/judgments/311776
292498|2017-06-20|SO|III AUa 1185/16|Wyrok|https://www.saos.org.pl/judgments/292498
290515|2017-06-19|SO|IV Ua 33/17|Wyrok|https://www.saos.org.pl/judgments/290515
305634|2017-06-14|SO|III AUa 1147/16|Wyrok|https://www.saos.org.pl/judgments/305634
299096|2017-06-14|SO|VIII C 883/17|Wyrok|https://www.saos.org.pl/judgments/299096
293200|2017-06-14|SO|I ACa 123/17|Wyrok|https://www.saos.org.pl/judgments/293200
291665|2017-06-14|SO|VIII U 2148/16|Wyrok|https://www.saos.org.pl/judgments/291665
290468|2017-06-14|SO|IV U 149/17|Wyrok|https://www.saos.org.pl/judgments/290468
316406|2017-06-13|SO|III AUa 1152/16|Wyrok|https://www.saos.org.pl/judgments/316406
299651|2017-06-13|SO|IX Ca 195/17|Wyrok|https://www.saos.org.pl/judgments/299651
288721|2017-06-13|SO|II Cz 462/17|Postanowienie|https://www.saos.org.pl/judgments/288721
332935|2017-06-12|SO|I ACz 923/17|Postanowienie|https://www.saos.org.pl/judgments/332935
298177|2017-06-12|SO|III Ca 128/17|Uzasadnienie|https://www.saos.org.pl/judgments/298177
293542|2017-06-12|SO|VIII Pz 18/17|Postanowienie|https://www.saos.org.pl/judgments/293542
325856|2017-06-09|SO|XV Ca 49/17|Postanowienie|https://www.saos.org.pl/judgments/325856
298209|2017-06-09|SO|III Ca 251/17|Uzasadnienie|https://www.saos.org.pl/judgments/298209
298304|2017-06-08|SO|IX U 848/16|Wyrok|https://www.saos.org.pl/judgments/298304
297516|2017-06-08|SO|IX U 126/16|Wyrok|https://www.saos.org.pl/judgments/297516
295844|2017-06-08|SO|VIII U 142/17|Zarządzenie|https://www.saos.org.pl/judgments/295844
292374|2017-06-08|SO|VIII C 1125/16|Wyrok|https://www.saos.org.pl/judgments/292374
315532|2017-06-07|SO|III RC 5/17|Wyrok|https://www.saos.org.pl/judgments/315532
304295|2017-06-07|SO|I ACa 168/17|Wyrok|https://www.saos.org.pl/judgments/304295
292383|2017-06-07|SO|VIII C 43/17|Wyrok|https://www.saos.org.pl/judgments/292383
292228|2017-06-07|SO|I ACa 1851/14|Wyrok|https://www.saos.org.pl/judgments/292228
305733|2017-06-06|SO|III Ca 1744/16|Postanowienie|https://www.saos.org.pl/judgments/305733
298859|2017-06-06|SO|I C 348/17|Wyrok|https://www.saos.org.pl/judgments/298859
289451|2017-06-05|SO|VIII U 2196/16|Zarządzenie|https://www.saos.org.pl/judgments/289451
534818|2017-06-02|SO|I ACo 33/17|Postanowienie|https://www.saos.org.pl/judgments/534818
325853|2017-06-01|SO|XV Ca 1675/16|Postanowienie|https://www.saos.org.pl/judgments/325853
299586|2017-06-01|SO|III Ca 516/17|Uzasadnienie|https://www.saos.org.pl/judgments/299586
288262|2017-06-01|SO|VIII C 161/17|Wyrok|https://www.saos.org.pl/judgments/288262
287603|2017-06-01|SO|III AUz 41/17|Postanowienie|https://www.saos.org.pl/judgments/287603
356159|2017-05-31|SO|I C 1539/16|Wyrok|https://www.saos.org.pl/judgments/356159
311050|2017-05-31|SO|V ACa 539/14|Wyrok|https://www.saos.org.pl/judgments/311050
299085|2017-05-31|SO|VIII C 2776/16|Wyrok|https://www.saos.org.pl/judgments/299085
384081|2017-05-30|SO|I C 4576/16|Uzasadnienie|https://www.saos.org.pl/judgments/384081
371821|2017-05-30|SO|I C 2997/16|Uzasadnienie|https://www.saos.org.pl/judgments/371821
331303|2017-05-30|SO|I ACa 16/17|Wyrok|https://www.saos.org.pl/judgments/331303
328485|2017-05-30|SO|VII Pa 49/17|Wyrok|https://www.saos.org.pl/judgments/328485
309607|2017-05-30|SO|VI U 3200/15|Wyrok|https://www.saos.org.pl/judgments/309607
309604|2017-05-30|SO|VI U 1207/16|Wyrok|https://www.saos.org.pl/judgments/309604
306605|2017-05-30|SO|VI U 3470/15|Wyrok|https://www.saos.org.pl/judgments/306605
297152|2017-05-30|SO|IX U 2206/16|Wyrok|https://www.saos.org.pl/judgments/297152
289445|2017-05-30|SO|VIII U 1972/16|Zarządzenie|https://www.saos.org.pl/judgments/289445
404052|2017-05-29|SO|VII P 23/15|Postanowienie|https://www.saos.org.pl/judgments/404052
293857|2017-05-29|SO|I Ns 922/16|Postanowienie|https://www.saos.org.pl/judgments/293857
287933|2017-05-29|SO|I C 344/16|Wyrok|https://www.saos.org.pl/judgments/287933
331207|2017-05-26|SO|I ACa 7/17|Wyrok|https://www.saos.org.pl/judgments/331207
293844|2017-05-26|SO|I Ns 1661/16|Postanowienie|https://www.saos.org.pl/judgments/293844
293169|2017-05-26|SO|IX Ga 95/17|Wyrok|https://www.saos.org.pl/judgments/293169
293167|2017-05-26|SO|IX Ga 79/17|Wyrok|https://www.saos.org.pl/judgments/293167
291984|2017-05-26|SO|VIII C 1428/14|Wyrok|https://www.saos.org.pl/judgments/291984
291764|2017-05-26|SO|I ACa 1035/16|Wyrok|https://www.saos.org.pl/judgments/291764
291015|2017-05-26|SO|I C 512/17|Wyrok|https://www.saos.org.pl/judgments/291015
311713|2017-05-25|SO|VI ACa 582/16|Wyrok|https://www.saos.org.pl/judgments/311713
307012|2017-05-25|SO|VIII U 502/16|Wyrok|https://www.saos.org.pl/judgments/307012
300812|2017-05-25|SO|III AUa 531/16|Wyrok|https://www.saos.org.pl/judgments/300812
296380|2017-05-25|SO|VIII U 1891/16|Wyrok|https://www.saos.org.pl/judgments/296380
290366|2017-05-25|SO|IV Ca 142/17|Postanowienie|https://www.saos.org.pl/judgments/290366
290365|2017-05-25|SO|IV Ca 141/17|Postanowienie|https://www.saos.org.pl/judgments/290365
290364|2017-05-25|SO|IV Ca 121/17|Postanowienie|https://www.saos.org.pl/judgments/290364
288585|2017-05-25|SO|VIII C 620/14|Wyrok|https://www.saos.org.pl/judgments/288585
288533|2017-05-25|SO|VI Ga 27/17|Wyrok|https://www.saos.org.pl/judgments/288533
288378|2017-05-25|SO|I Ca 154/17|Wyrok|https://www.saos.org.pl/judgments/288378
392191|2017-05-24|SO|III AUa 1129/16|Wyrok|https://www.saos.org.pl/judgments/392191
383544|2017-05-24|SO|XXVII Ca 3008/16|Wyrok|https://www.saos.org.pl/judgments/383544
295427|2017-05-24|SO|I ACa 345/17|Wyrok|https://www.saos.org.pl/judgments/295427
303605|2017-05-23|SO|VI U 145/17|Wyrok|https://www.saos.org.pl/judgments/303605
303471|2017-05-23|SO|II Ca 604/16|Postanowienie|https://www.saos.org.pl/judgments/303471
288618|2017-05-23|SO|VIII Gz 198/17|Postanowienie|https://www.saos.org.pl/judgments/288618
287492|2017-05-23|SO|I C 261/16|Wyrok|https://www.saos.org.pl/judgments/287492
286000|2017-05-23|SO|VIII U 2696/16|Zarządzenie|https://www.saos.org.pl/judgments/286000
293953|2017-05-22|SO|III RC 657/16|Uzasadnienie|https://www.saos.org.pl/judgments/293953
292556|2017-05-19|SO|VIII Ga 138/17|Wyrok|https://www.saos.org.pl/judgments/292556
288622|2017-05-19|SO|VIII Gz 53/17|Postanowienie|https://www.saos.org.pl/judgments/288622
287675|2017-05-19|SO|IV U 1179/14|Wyrok|https://www.saos.org.pl/judgments/287675
284892|2017-05-19|SO|VIII U 2694/15|Zarządzenie|https://www.saos.org.pl/judgments/284892
304983|2017-05-18|SO|II C 21/17|Wyrok|https://www.saos.org.pl/judgments/304983
302776|2017-05-18|SO|III Ca 261/17|Postanowienie|https://www.saos.org.pl/judgments/302776
292301|2017-05-18|SO|III RC 179/16|Uzasadnienie|https://www.saos.org.pl/judgments/292301
292872|2017-05-17|SO|X U 714/15|Wyrok|https://www.saos.org.pl/judgments/292872
288265|2017-05-17|SO|VIII C 2268/16|Wyrok|https://www.saos.org.pl/judgments/288265
288264|2017-05-17|SO|VIII C 2252/16|Wyrok|https://www.saos.org.pl/judgments/288264
405549|2017-05-16|SO|VIII U 649/17|Wyrok|https://www.saos.org.pl/judgments/405549
328486|2017-05-16|SO|VII Ua 32/17|Wyrok|https://www.saos.org.pl/judgments/328486
314866|2017-05-16|SO|V Ns 2183/14|Postanowienie|https://www.saos.org.pl/judgments/314866
309825|2017-05-16|SO|VI U 3420/15|Wyrok|https://www.saos.org.pl/judgments/309825
365936|2017-05-15|SO|II Ca 268/17|Wyrok|https://www.saos.org.pl/judgments/365936
290855|2017-05-15|SO|XII C 1204/14|Wyrok|https://www.saos.org.pl/judgments/290855
286847|2017-05-15|SO|VI GCo 790/16|Postanowienie|https://www.saos.org.pl/judgments/286847
292911|2017-05-13|SO|I C 584/17|Uzasadnienie|https://www.saos.org.pl/judgments/292911
309605|2017-05-11|SO|VI U 1330/16|Wyrok|https://www.saos.org.pl/judgments/309605
306607|2017-05-11|SO|VI U 404/16|Wyrok|https://www.saos.org.pl/judgments/306607
294825|2017-05-11|SO|I ACa 107/17|Wyrok|https://www.saos.org.pl/judgments/294825
287306|2017-05-11|SO|VIII C 1341/16|Wyrok|https://www.saos.org.pl/judgments/287306
295539|2017-05-09|SO|I ACa 919/16|Wyrok|https://www.saos.org.pl/judgments/295539
292262|2017-05-09|SO|I Ns 462/16|Postanowienie|https://www.saos.org.pl/judgments/292262
292175|2017-05-09|SO|VI ACa 493/14|Wyrok|https://www.saos.org.pl/judgments/292175
288653|2017-05-08|SO|XII C 8/16|Wyrok|https://www.saos.org.pl/judgments/288653
288199|2017-05-08|SO|V U 727/15|Wyrok|https://www.saos.org.pl/judgments/288199
285621|2017-05-08|SO|III RC 160/11|Wyrok|https://www.saos.org.pl/judgments/285621
310488|2017-05-05|SO|IX GC 621/16|Wyrok|https://www.saos.org.pl/judgments/310488
304124|2017-05-05|SO|VI U 401/16|Wyrok|https://www.saos.org.pl/judgments/304124
304121|2017-05-05|SO|VI U 3087/15|Wyrok|https://www.saos.org.pl/judgments/304121
303606|2017-05-05|SO|VI U 1722/16|Wyrok|https://www.saos.org.pl/judgments/303606
290862|2017-05-05|SO|XII C 313/17|Wyrok|https://www.saos.org.pl/judgments/290862
328487|2017-04-28|SO|VII Uz 5/17|Postanowienie|https://www.saos.org.pl/judgments/328487
310542|2017-04-28|SO|I C 113/17|Wyrok|https://www.saos.org.pl/judgments/310542
303552|2017-04-28|SO|V ACa 447/16|Wyrok|https://www.saos.org.pl/judgments/303552
288866|2017-04-28|SO|I ACa 1418/16|Wyrok|https://www.saos.org.pl/judgments/288866
286579|2017-04-28|SO|III Ca 255/17|Uzasadnienie|https://www.saos.org.pl/judgments/286579
283911|2017-04-28|SO|VIII U 1101/16|Zarządzenie|https://www.saos.org.pl/judgments/283911
290363|2017-04-27|SO|IV Ca 117/17|Postanowienie|https://www.saos.org.pl/judgments/290363
288124|2017-04-27|SO|IX Ga 48/17|Wyrok|https://www.saos.org.pl/judgments/288124
287847|2017-04-27|SO|I ACa 1362/16|Wyrok|https://www.saos.org.pl/judgments/287847
282601|2017-04-26|SO|VI Ca 105/17|Postanowienie|https://www.saos.org.pl/judgments/282601
316993|2017-04-25|SO|XII Ga 665/16|Wyrok|https://www.saos.org.pl/judgments/316993
304119|2017-04-25|SO|VI U 2538/15|Wyrok|https://www.saos.org.pl/judgments/304119
293894|2017-04-25|SO|II Cz 508/17|Postanowienie|https://www.saos.org.pl/judgments/293894
283544|2017-04-25|SO|III U 309/16|Wyrok|https://www.saos.org.pl/judgments/283544
321505|2017-04-24|SO|I ACa 1424/14|Wyrok|https://www.saos.org.pl/judgments/321505
282743|2017-04-21|SO|II C 566/14|Wyrok|https://www.saos.org.pl/judgments/282743
288565|2017-04-20|SO|VI U 2485/16|Wyrok|https://www.saos.org.pl/judgments/288565
286363|2017-04-20|SO|I Ca 43/17|Postanowienie|https://www.saos.org.pl/judgments/286363
285100|2017-04-20|SO|I ACz 540/17|Postanowienie|https://www.saos.org.pl/judgments/285100
281930|2017-04-20|SO|VIII U 1923/16|Uzasadnienie|https://www.saos.org.pl/judgments/281930
294459|2017-04-19|SO|IV C 1212/15|Wyrok|https://www.saos.org.pl/judgments/294459
291236|2017-04-19|SO|IV U 780/16|Wyrok|https://www.saos.org.pl/judgments/291236
285428|2017-04-19|SO|III Ca 1640/16|Uzasadnienie|https://www.saos.org.pl/judgments/285428
281989|2017-04-19|SO|VIII U 501/16|Zarządzenie|https://www.saos.org.pl/judgments/281989
288806|2017-04-18|SO|VI U 1463/16|Wyrok|https://www.saos.org.pl/judgments/288806
287052|2017-04-18|SO|XII Ga 162/17|Wyrok|https://www.saos.org.pl/judgments/287052
310481|2017-04-14|SO|IX GC 446/16|Wyrok|https://www.saos.org.pl/judgments/310481
286032|2017-04-14|SO|VIII Ua 3/16|Uzasadnienie|https://www.saos.org.pl/judgments/286032
364440|2017-04-13|SO|II Ca 167/17|Wyrok|https://www.saos.org.pl/judgments/364440
285815|2017-04-13|SO|VI ACa 1973/15|Wyrok|https://www.saos.org.pl/judgments/285815
280240|2017-04-13|SO|VI Cz 320/17|Postanowienie|https://www.saos.org.pl/judgments/280240
279948|2017-04-13|SO|VI Cz 396/17|Postanowienie|https://www.saos.org.pl/judgments/279948
341057|2017-04-12|SO|I C 4873/16|Uzasadnienie|https://www.saos.org.pl/judgments/341057
299140|2017-04-12|SO|VIII U 923/16|Wyrok|https://www.saos.org.pl/judgments/299140
291590|2017-04-12|SO|IX U 528/16|Wyrok|https://www.saos.org.pl/judgments/291590
285510|2017-04-12|SO|III Ca 1902/16|Uzasadnienie|https://www.saos.org.pl/judgments/285510
282008|2017-04-12|SO|VIII Ua 18/17|Uzasadnienie|https://www.saos.org.pl/judgments/282008
288571|2017-04-11|SO|VI U 3250/15|Wyrok|https://www.saos.org.pl/judgments/288571
287051|2017-04-11|SO|XII Ga 137/17|Wyrok|https://www.saos.org.pl/judgments/287051
285263|2017-04-11|SO|II Ca 1/16|Postanowienie|https://www.saos.org.pl/judgments/285263
314086|2017-04-10|SO|I ACa 1530/16|Wyrok|https://www.saos.org.pl/judgments/314086
295589|2017-04-10|SO|I Ca 239/16|Postanowienie|https://www.saos.org.pl/judgments/295589
382510|2017-04-09|SO|XXVII Ca 691/17|Wyrok|https://www.saos.org.pl/judgments/382510
288651|2017-04-07|SO|XII C 2018/16|Uzasadnienie|https://www.saos.org.pl/judgments/288651
286524|2017-04-07|SO|III Ca 1614/16|Uzasadnienie|https://www.saos.org.pl/judgments/286524
282683|2017-04-07|SO|I ACa 9/16|Wyrok|https://www.saos.org.pl/judgments/282683
294720|2017-04-06|SO|II Ca 30/17|Postanowienie|https://www.saos.org.pl/judgments/294720
323359|2017-04-05|SO|I ACa 727/16|Wyrok|https://www.saos.org.pl/judgments/323359
288250|2017-04-04|SO|VI U 2702/15|Wyrok|https://www.saos.org.pl/judgments/288250
323176|2017-04-03|SO|I ACa 20/16|Wyrok|https://www.saos.org.pl/judgments/323176
292909|2017-04-03|SO|I C 535/17|Uzasadnienie|https://www.saos.org.pl/judgments/292909
287283|2017-04-03|SO|VI ACa 153/14|Wyrok|https://www.saos.org.pl/judgments/287283
285519|2017-04-03|SO|III Ca 1924/16|Uzasadnienie|https://www.saos.org.pl/judgments/285519
280017|2017-04-03|SO|VIII C 2664/16|Wyrok|https://www.saos.org.pl/judgments/280017
298431|2017-03-31|SO|I C 60/17|Wyrok|https://www.saos.org.pl/judgments/298431
278926|2017-03-31|SO|II Cz 222/17|Postanowienie|https://www.saos.org.pl/judgments/278926
286578|2017-03-30|SO|III Ca 24/17|Wyrok|https://www.saos.org.pl/judgments/286578
286221|2017-03-30|SO|I ACa 899/16|Wyrok|https://www.saos.org.pl/judgments/286221
280640|2017-03-30|SO|I Ca 68/17|Postanowienie|https://www.saos.org.pl/judgments/280640
332396|2017-03-29|SO|I Ns 948/16|Postanowienie|https://www.saos.org.pl/judgments/332396
311531|2017-03-29|SO|VIII GC 26/17|Wyrok|https://www.saos.org.pl/judgments/311531
309005|2017-03-29|SO|II Ca 2385/16|Wyrok|https://www.saos.org.pl/judgments/309005
298417|2017-03-28|SO|I C 1706/16|Wyrok|https://www.saos.org.pl/judgments/298417
306249|2017-03-27|SO|V Ga 56/17|Wyrok|https://www.saos.org.pl/judgments/306249
281220|2017-03-27|SO|VIII Pa 177/16|Uzasadnienie|https://www.saos.org.pl/judgments/281220
325113|2017-03-24|SO|II Ca 134/17|Wyrok|https://www.saos.org.pl/judgments/325113
293251|2017-03-24|SO|I C 69/17|Wyrok|https://www.saos.org.pl/judgments/293251
293250|2017-03-24|SO|I C 68/17|Wyrok|https://www.saos.org.pl/judgments/293250
284516|2017-03-24|SO|III Ca 1201/16|Uzasadnienie|https://www.saos.org.pl/judgments/284516
320513|2017-03-23|SO|X GC 994/16|Zarządzenie|https://www.saos.org.pl/judgments/320513
309949|2017-03-23|SO|II Ca 1263/16|Wyrok|https://www.saos.org.pl/judgments/309949
290639|2017-03-23|SO|VI ACa 1799/15|Wyrok|https://www.saos.org.pl/judgments/290639
287980|2017-03-23|SO|II Ca 243/17|Postanowienie|https://www.saos.org.pl/judgments/287980
280020|2017-03-22|SO|VIII C 3037/16|Wyrok|https://www.saos.org.pl/judgments/280020
280019|2017-03-22|SO|VIII C 284/17|Wyrok|https://www.saos.org.pl/judgments/280019
278771|2017-03-22|SO|I C 2354/16|Wyrok|https://www.saos.org.pl/judgments/278771
287291|2017-03-21|SO|VI U 2611/16|Wyrok|https://www.saos.org.pl/judgments/287291
286942|2017-03-21|SO|VI U 389/15|Wyrok|https://www.saos.org.pl/judgments/286942
343172|2017-03-20|SO|I C 700/16|Postanowienie|https://www.saos.org.pl/judgments/343172
382445|2017-03-16|SO|XXVII Ca 173/17|Wyrok|https://www.saos.org.pl/judgments/382445
375174|2017-03-16|SO|I C 2807/16|Uzasadnienie|https://www.saos.org.pl/judgments/375174
297820|2017-03-16|SO|III AUa 476/16|Wyrok|https://www.saos.org.pl/judgments/297820
288935|2017-03-16|SO|I C 1207/16|Wyrok|https://www.saos.org.pl/judgments/288935
280761|2017-03-16|SO|II Ca 684/16|Postanowienie|https://www.saos.org.pl/judgments/280761
280754|2017-03-16|SO|II Ca 63/17|Postanowienie|https://www.saos.org.pl/judgments/280754
279256|2017-03-16|SO|VIII C 3054/16|Wyrok|https://www.saos.org.pl/judgments/279256
296220|2017-03-15|SO|III AUa 240/16|Wyrok|https://www.saos.org.pl/judgments/296220
281536|2017-03-15|SO|VIII C 24/16|Wyrok|https://www.saos.org.pl/judgments/281536
280258|2017-03-14|SO|VIII Ga 239/16|Uzasadnienie|https://www.saos.org.pl/judgments/280258
276826|2017-03-13|SO|VIII Ns 395/14|Postanowienie|https://www.saos.org.pl/judgments/276826
312494|2017-03-09|SO|IV P 94/15|Wyrok|https://www.saos.org.pl/judgments/312494
297457|2017-03-09|SO|III AUa 254/16|Wyrok|https://www.saos.org.pl/judgments/297457
288635|2017-03-09|SO|VIII U 1418/16|Wyrok|https://www.saos.org.pl/judgments/288635
282478|2017-03-09|SO|XVI Ca 657/16|Wyrok|https://www.saos.org.pl/judgments/282478
298656|2017-03-08|SO|III Ca 1595/16|Postanowienie|https://www.saos.org.pl/judgments/298656
279636|2017-03-08|SO|I Ca 17/17|Postanowienie|https://www.saos.org.pl/judgments/279636
279252|2017-03-06|SO|VIII C 1328/16|Wyrok|https://www.saos.org.pl/judgments/279252
275018|2017-03-06|SO|VIII U 1353/15|Zarządzenie|https://www.saos.org.pl/judgments/275018
281760|2017-03-03|SO|III Ca 1893/16|Uzasadnienie|https://www.saos.org.pl/judgments/281760
279526|2017-03-03|SO|VIII Ga 219/16|Uzasadnienie|https://www.saos.org.pl/judgments/279526
278537|2017-03-03|SO|VII U 333/15|Wyrok|https://www.saos.org.pl/judgments/278537
348242|2017-03-02|SO|I C 3968/16|Uzasadnienie|https://www.saos.org.pl/judgments/348242
305096|2017-03-02|SO|II Ca 1220/16|Postanowienie|https://www.saos.org.pl/judgments/305096
283024|2017-03-02|SO|VI ACa 561/14|Wyrok|https://www.saos.org.pl/judgments/283024
280221|2017-03-02|SO|IX Ga 476/16|Wyrok|https://www.saos.org.pl/judgments/280221
279259|2017-03-01|SO|VIII C 48/17|Wyrok|https://www.saos.org.pl/judgments/279259
276778|2017-03-01|SO|VIII C 2546/16|Wyrok|https://www.saos.org.pl/judgments/276778
276777|2017-03-01|SO|VIII C 2545/16|Wyrok|https://www.saos.org.pl/judgments/276777
287466|2017-02-28|SO|I ACa 1438/16|Wyrok|https://www.saos.org.pl/judgments/287466
276737|2017-02-28|SO|VI Pa 47/16|Wyrok|https://www.saos.org.pl/judgments/276737
304185|2017-02-27|SO|XV C 664/16|Wyrok|https://www.saos.org.pl/judgments/304185
323119|2017-02-24|SO|VII U 17/16|Postanowienie|https://www.saos.org.pl/judgments/323119
313787|2017-02-24|SO|I C 2358/16|Wyrok|https://www.saos.org.pl/judgments/313787
357357|2017-02-23|SO|I Ns 745/16|Postanowienie|https://www.saos.org.pl/judgments/357357
288811|2017-02-23|SO|VI U 2898/16|Wyrok|https://www.saos.org.pl/judgments/288811
288810|2017-02-23|SO|VI U 2781/16|Wyrok|https://www.saos.org.pl/judgments/288810
282060|2017-02-23|SO|I ACa 1024/16|Wyrok|https://www.saos.org.pl/judgments/282060
277532|2017-02-23|SO|II Ca 1516/16|Wyrok|https://www.saos.org.pl/judgments/277532
275647|2017-02-23|SO|III AUa 236/16|Wyrok|https://www.saos.org.pl/judgments/275647
274873|2017-02-23|SO|VIII C 2586/16|Wyrok|https://www.saos.org.pl/judgments/274873
331633|2017-02-22|SO|III Cz 51/17|Postanowienie|https://www.saos.org.pl/judgments/331633
327585|2017-02-22|SO|III Cz 50/17|Postanowienie|https://www.saos.org.pl/judgments/327585
278856|2017-02-22|SO|I Ca 497/16|Postanowienie|https://www.saos.org.pl/judgments/278856
275459|2017-02-22|SO|I C 458/14|Wyrok|https://www.saos.org.pl/judgments/275459
337398|2017-02-21|SO|VI U 71/16|Uzasadnienie|https://www.saos.org.pl/judgments/337398
279784|2017-02-20|SO|III AUz 113/16|Postanowienie|https://www.saos.org.pl/judgments/279784
276780|2017-02-20|SO|VIII C 2566/16|Wyrok|https://www.saos.org.pl/judgments/276780
276779|2017-02-20|SO|VIII C 2565/16|Wyrok|https://www.saos.org.pl/judgments/276779
273860|2017-02-20|SO|I Ca 578/16|Wyrok|https://www.saos.org.pl/judgments/273860
321611|2017-02-17|SO|II Ca 620/16|Postanowienie|https://www.saos.org.pl/judgments/321611
317303|2017-02-17|SO|I Nc 2652/16|Uzasadnienie|https://www.saos.org.pl/judgments/317303
288413|2017-02-17|SO|II Ca 1141/16|Postanowienie|https://www.saos.org.pl/judgments/288413
275355|2017-02-16|SO|XXIII Gz 65/17|Postanowienie|https://www.saos.org.pl/judgments/275355
273614|2017-02-16|SO|I ACz 4/17|Postanowienie|https://www.saos.org.pl/judgments/273614
272702|2017-02-16|SO|VI Cz 139/17|Postanowienie|https://www.saos.org.pl/judgments/272702
290013|2017-02-15|SO|II Ca 2506/16|Postanowienie|https://www.saos.org.pl/judgments/290013
274902|2017-02-15|SO|VIII Ga 518/16|Uzasadnienie|https://www.saos.org.pl/judgments/274902
367597|2017-02-14|SO|I C 3815/16|Uzasadnienie|https://www.saos.org.pl/judgments/367597
292672|2017-02-14|SO|I C 303/15|Wyrok|https://www.saos.org.pl/judgments/292672
274080|2017-02-14|SO|II Ca 707/16|Postanowienie|https://www.saos.org.pl/judgments/274080
335752|2017-02-13|SO|XXVI GC 62/14|Wyrok|https://www.saos.org.pl/judgments/335752
307683|2017-02-13|SO|I Ns 1213/15|Postanowienie|https://www.saos.org.pl/judgments/307683
285807|2017-02-13|SO|VI ACa 1511/15|Wyrok|https://www.saos.org.pl/judgments/285807
285781|2017-02-13|SO|V Pa 3/17|Wyrok|https://www.saos.org.pl/judgments/285781
426085|2017-02-09|SO|III AUa 421/16|Wyrok|https://www.saos.org.pl/judgments/426085
289260|2017-02-09|SO|IX U 814/16|Wyrok|https://www.saos.org.pl/judgments/289260
276316|2017-02-09|SO|III AUz 41/17|Postanowienie|https://www.saos.org.pl/judgments/276316
273459|2017-02-09|SO|I ACa 1033/16|Wyrok|https://www.saos.org.pl/judgments/273459
273173|2017-02-09|SO|III AUa 910/16|Wyrok|https://www.saos.org.pl/judgments/273173
269899|2017-02-09|SO|I C 50/16|Wyrok|https://www.saos.org.pl/judgments/269899
391497|2017-02-08|SO|I ACa 317/15|Wyrok|https://www.saos.org.pl/judgments/391497
280983|2017-02-08|SO|IX U 2241/16|Wyrok|https://www.saos.org.pl/judgments/280983
276424|2017-02-08|SO|III Ca 669/16|Postanowienie|https://www.saos.org.pl/judgments/276424
273745|2017-02-08|SO|I C 380/16|Wyrok|https://www.saos.org.pl/judgments/273745
269793|2017-02-08|SO|VIII Gz 292/16|Postanowienie|https://www.saos.org.pl/judgments/269793
327584|2017-02-07|SO|III Cz 45/17|Postanowienie|https://www.saos.org.pl/judgments/327584
281161|2017-02-07|SO|VI U 3684/15|Wyrok|https://www.saos.org.pl/judgments/281161
277619|2017-02-07|SO|III AUa 1012/16|Wyrok|https://www.saos.org.pl/judgments/277619
272997|2017-02-07|SO|VIII U 1549/16|Wyrok|https://www.saos.org.pl/judgments/272997
277964|2017-02-02|SO|VI ACa 1695/15|Wyrok|https://www.saos.org.pl/judgments/277964
275186|2017-02-02|SO|XII C 2100/16|Wyrok|https://www.saos.org.pl/judgments/275186
274388|2017-02-02|SO|III Ca 1462/16|Uzasadnienie|https://www.saos.org.pl/judgments/274388
273103|2017-02-01|SO|I Ca 491/16|Postanowienie|https://www.saos.org.pl/judgments/273103
375177|2017-01-31|SO|I C 2864/16|Uzasadnienie|https://www.saos.org.pl/judgments/375177
280303|2017-01-31|SO|VIII U 2705/16|Zarządzenie|https://www.saos.org.pl/judgments/280303
278904|2017-01-31|SO|II C 471/16|Wyrok|https://www.saos.org.pl/judgments/278904
268744|2017-01-31|SO|II Ca 940/16|Postanowienie|https://www.saos.org.pl/judgments/268744
274372|2017-01-30|SO|III Ca 1406/16|Uzasadnienie|https://www.saos.org.pl/judgments/274372
283959|2017-01-26|SO|I ACa 922/16|Wyrok|https://www.saos.org.pl/judgments/283959
274446|2017-01-26|SO|III RC 237/16|Wyrok|https://www.saos.org.pl/judgments/274446
271169|2017-01-26|SO|VIII C 3191/16|Wyrok|https://www.saos.org.pl/judgments/271169
272970|2017-01-25|SO|VII U 1338/16|Postanowienie|https://www.saos.org.pl/judgments/272970
292162|2017-01-24|SO|IV U 2557/15|Wyrok|https://www.saos.org.pl/judgments/292162
276743|2017-01-24|SO|VI U 1641/15|Wyrok|https://www.saos.org.pl/judgments/276743
327185|2017-01-23|SO|II Ca 877/16|Wyrok|https://www.saos.org.pl/judgments/327185
287101|2017-01-23|SO|XX GC 641/15|Wyrok|https://www.saos.org.pl/judgments/287101
273273|2017-01-23|SO|VI U 2488/16|Wyrok|https://www.saos.org.pl/judgments/273273
267516|2017-01-23|SO|VIII U 1677/16|Zarządzenie|https://www.saos.org.pl/judgments/267516
268727|2017-01-20|SO|I C 450/15|Wyrok|https://www.saos.org.pl/judgments/268727
294973|2017-01-19|SO|I C 628/16|Wyrok|https://www.saos.org.pl/judgments/294973
285361|2017-01-19|SO|III AUa 300/16|Wyrok|https://www.saos.org.pl/judgments/285361
283555|2017-01-19|SO|IV RC 527/15|Uzasadnienie|https://www.saos.org.pl/judgments/283555
282423|2017-01-19|SO|VIII Pa 140/16|Wyrok|https://www.saos.org.pl/judgments/282423
279043|2017-01-19|SO|III Ca 1428/16|Postanowienie|https://www.saos.org.pl/judgments/279043
272439|2017-01-19|SO|XII C 1201/14|Wyrok|https://www.saos.org.pl/judgments/272439
272340|2017-01-18|SO|V ACa 321/16|Wyrok|https://www.saos.org.pl/judgments/272340
270312|2017-01-17|SO|II Ca 22/17|Wyrok|https://www.saos.org.pl/judgments/270312
268597|2017-01-16|SO|III RNs 164/16|Postanowienie|https://www.saos.org.pl/judgments/268597
298094|2017-01-13|SO|II Ca 1007/16|Postanowienie|https://www.saos.org.pl/judgments/298094
275344|2017-01-12|SO|XXIII Ga 1516/16|Postanowienie|https://www.saos.org.pl/judgments/275344
269107|2017-01-12|SO|I ACa 2106/15|Wyrok|https://www.saos.org.pl/judgments/269107
267947|2017-01-12|SO|VIII C 3647/15|Wyrok|https://www.saos.org.pl/judgments/267947
276841|2017-01-11|SO|VIII U 1021/16|Wyrok|https://www.saos.org.pl/judgments/276841
276270|2017-01-11|SO|III AUa 1067/16|Wyrok|https://www.saos.org.pl/judgments/276270
275859|2017-01-11|SO|I ACa 857/16|Wyrok|https://www.saos.org.pl/judgments/275859
271315|2017-01-11|SO|IV P 309/16|Wyrok|https://www.saos.org.pl/judgments/271315
263703|2017-01-11|SO|VIII U 1117/16|Zarządzenie|https://www.saos.org.pl/judgments/263703
276556|2017-01-10|SO|IV U 151/15|Wyrok|https://www.saos.org.pl/judgments/276556
269369|2017-01-09|SO|VIII C 2204/16|Wyrok|https://www.saos.org.pl/judgments/269369
267712|2017-01-05|SO|III Ca 1195/16|Uzasadnienie|https://www.saos.org.pl/judgments/267712
263258|2017-01-05|SO|VIII U 588/15|Zarządzenie|https://www.saos.org.pl/judgments/263258
336678|2017-01-04|SO|XVII AmA 62/16|Postanowienie|https://www.saos.org.pl/judgments/336678
286474|2017-01-04|SO|III AUa 259/16|Wyrok|https://www.saos.org.pl/judgments/286474
275179|2017-01-02|SO|XII C 1202/14|Wyrok|https://www.saos.org.pl/judgments/275179
270316|2016-12-30|SO|II Ca 2334/16|Wyrok|https://www.saos.org.pl/judgments/270316
310013|2016-12-29|SO|II Ca 1632/16|Wyrok|https://www.saos.org.pl/judgments/310013
280745|2016-12-29|SO|II Ca 1318/16|Postanowienie|https://www.saos.org.pl/judgments/280745
277505|2016-12-29|SO|II C 101/16|Wyrok|https://www.saos.org.pl/judgments/277505
272144|2016-12-29|SO|II Ca 1285/16|Wyrok|https://www.saos.org.pl/judgments/272144
268576|2016-12-29|SO|III Ca 1254/16|Wyrok|https://www.saos.org.pl/judgments/268576
266374|2016-12-29|SO|VIII C 3156/14|Wyrok|https://www.saos.org.pl/judgments/266374
261626|2016-12-29|SO|VIII U 2067/16|Zarządzenie|https://www.saos.org.pl/judgments/261626
284377|2016-12-28|SO|I Ns 13/16|Postanowienie|https://www.saos.org.pl/judgments/284377
280999|2016-12-28|SO|V GC 532/16|Wyrok|https://www.saos.org.pl/judgments/280999
275869|2016-12-28|SO|I ACa 901/16|Wyrok|https://www.saos.org.pl/judgments/275869
275855|2016-12-28|SO|I ACa 848/16|Wyrok|https://www.saos.org.pl/judgments/275855
272111|2016-12-28|SO|I C 564/15|Wyrok|https://www.saos.org.pl/judgments/272111
265369|2016-12-28|SO|I Ca 397/16|Postanowienie|https://www.saos.org.pl/judgments/265369
266836|2016-12-27|SO|V Pa 38/16|Wyrok|https://www.saos.org.pl/judgments/266836
307611|2016-12-22|SO|XXVII Ca 2001/16|Wyrok|https://www.saos.org.pl/judgments/307611
284192|2016-12-22|SO|I ACa 541/16|Wyrok|https://www.saos.org.pl/judgments/284192
262019|2016-12-22|SO|IV U 712/16|Wyrok|https://www.saos.org.pl/judgments/262019
272231|2016-12-21|SO|III Ca 1654/16|Uzasadnienie|https://www.saos.org.pl/judgments/272231
271644|2016-12-21|SO|III AUa 79/16|Wyrok|https://www.saos.org.pl/judgments/271644
266502|2016-12-21|SO|III Ca 1287/16|Wyrok|https://www.saos.org.pl/judgments/266502
261506|2016-12-20|SO|IV U 805/16|Wyrok|https://www.saos.org.pl/judgments/261506
276463|2016-12-19|SO|III U 445/16|Wyrok|https://www.saos.org.pl/judgments/276463
270052|2016-12-19|SO|VI U 1976/16|Wyrok|https://www.saos.org.pl/judgments/270052
276850|2016-12-16|SO|VIII U 1318/16|Wyrok|https://www.saos.org.pl/judgments/276850
270555|2016-12-16|SO|I C 542/15|Wyrok|https://www.saos.org.pl/judgments/270555
262219|2016-12-16|SO|III Ca 1143/16|Uzasadnienie|https://www.saos.org.pl/judgments/262219
334264|2016-12-15|SO|III Ca 1541/16|Wyrok|https://www.saos.org.pl/judgments/334264
263968|2016-12-15|SO|VIII C 1985/16|Wyrok|https://www.saos.org.pl/judgments/263968
263725|2016-12-15|SO|VIII U 262/16|Wyrok|https://www.saos.org.pl/judgments/263725
267612|2016-12-14|SO|I ACa 767/16|Wyrok|https://www.saos.org.pl/judgments/267612
265743|2016-12-14|SO|VIII C 314/16|Wyrok|https://www.saos.org.pl/judgments/265743
265740|2016-12-14|SO|VIII C 1613/16|Wyrok|https://www.saos.org.pl/judgments/265740
327513|2016-12-13|SO|II Ca 820/16|Wyrok|https://www.saos.org.pl/judgments/327513
270053|2016-12-13|SO|VI U 2107/16|Wyrok|https://www.saos.org.pl/judgments/270053
267607|2016-12-13|SO|I ACa 717/16|Wyrok|https://www.saos.org.pl/judgments/267607
350622|2016-12-09|SO|IX Ga 347/16|Postanowienie|https://www.saos.org.pl/judgments/350622
274070|2016-12-09|SO|II Ca 549/16|Wyrok|https://www.saos.org.pl/judgments/274070
271384|2016-12-09|SO|VIII U 2402/15|Wyrok|https://www.saos.org.pl/judgments/271384
270405|2016-12-09|SO|VIII Ga 427/16|Wyrok|https://www.saos.org.pl/judgments/270405
265523|2016-12-08|SO|III Ca 1004/16|Wyrok|https://www.saos.org.pl/judgments/265523
263967|2016-12-08|SO|VIII C 1955/16|Wyrok|https://www.saos.org.pl/judgments/263967
262407|2016-12-08|SO|II Ca 476/16|Wyrok|https://www.saos.org.pl/judgments/262407
261410|2016-12-08|SO|III Ca 1149/16|Uzasadnienie|https://www.saos.org.pl/judgments/261410
309015|2016-12-07|SO|II Ca 707/16|Wyrok|https://www.saos.org.pl/judgments/309015
267376|2016-12-07|SO|IV Ca 736/16|Wyrok|https://www.saos.org.pl/judgments/267376
269321|2016-12-05|SO|VI ACa 1658/16|Wyrok|https://www.saos.org.pl/judgments/269321
261604|2016-12-05|SO|VIII C 306/16|Wyrok|https://www.saos.org.pl/judgments/261604
260814|2016-12-05|SO|II Ns 2707/15|Postanowienie|https://www.saos.org.pl/judgments/260814
260175|2016-12-05|SO|III Ca 1216/16|Uzasadnienie|https://www.saos.org.pl/judgments/260175
260169|2016-12-05|SO|III Ca 1157/16|Uzasadnienie|https://www.saos.org.pl/judgments/260169
263916|2016-12-02|SO|V GC 963/16|Wyrok|https://www.saos.org.pl/judgments/263916
263872|2016-12-02|SO|III Ca 1261/16|Postanowienie|https://www.saos.org.pl/judgments/263872
297944|2016-12-01|SO|V Pa 39/16|Wyrok|https://www.saos.org.pl/judgments/297944
269541|2016-12-01|SO|VI U 1596/16|Wyrok|https://www.saos.org.pl/judgments/269541
269540|2016-12-01|SO|VI U 1530/16|Wyrok|https://www.saos.org.pl/judgments/269540
267498|2016-12-01|SO|VI U 405/16|Wyrok|https://www.saos.org.pl/judgments/267498
267494|2016-12-01|SO|VI U 1595/16|Wyrok|https://www.saos.org.pl/judgments/267494
267230|2016-12-01|SO|VI U 2366/16|Wyrok|https://www.saos.org.pl/judgments/267230
319008|2016-11-30|SO|I C 1129/16|Uzasadnienie|https://www.saos.org.pl/judgments/319008
287061|2016-11-30|SO|XII Ga 792/16|Wyrok|https://www.saos.org.pl/judgments/287061
268247|2016-11-30|SO|XII C 1292/16|Wyrok|https://www.saos.org.pl/judgments/268247
268011|2016-11-30|SO|I ACa 562/16|Wyrok|https://www.saos.org.pl/judgments/268011
261971|2016-11-30|SO|I Ca 306/16|Wyrok|https://www.saos.org.pl/judgments/261971
261402|2016-11-30|SO|III Ca 1111/16|Uzasadnienie|https://www.saos.org.pl/judgments/261402
256730|2016-11-30|SO|VIII U 2736/15|Uzasadnienie|https://www.saos.org.pl/judgments/256730
286781|2016-11-29|SO|V ACa 99/16|Wyrok|https://www.saos.org.pl/judgments/286781
268283|2016-11-29|SO|XXIII Gz 1138/16|Postanowienie|https://www.saos.org.pl/judgments/268283
263670|2016-11-29|SO|V Pa 46/16|Wyrok|https://www.saos.org.pl/judgments/263670
271451|2016-11-28|SO|I ACz 2072/16|Postanowienie|https://www.saos.org.pl/judgments/271451
256322|2016-11-28|SO|III Ca 1683/16|Uzasadnienie|https://www.saos.org.pl/judgments/256322
284188|2016-11-25|SO|I ACa 350/16|Wyrok|https://www.saos.org.pl/judgments/284188
266294|2016-11-25|SO|IV Ca 587/16|Wyrok|https://www.saos.org.pl/judgments/266294
262004|2016-11-25|SO|IV Ca 565/16|Wyrok|https://www.saos.org.pl/judgments/262004
260228|2016-11-25|SO|IX Ga 330/16|Postanowienie|https://www.saos.org.pl/judgments/260228
261413|2016-11-24|SO|III Ca 1160/16|Uzasadnienie|https://www.saos.org.pl/judgments/261413
257871|2016-11-24|SO|VIII Ua 59/16|Uzasadnienie|https://www.saos.org.pl/judgments/257871
259946|2016-11-23|SO|VIII C 2523/16|Wyrok|https://www.saos.org.pl/judgments/259946
261090|2016-11-22|SO|III AUa 1744/15|Wyrok|https://www.saos.org.pl/judgments/261090
260932|2016-11-22|SO|VIII Pa 54/16|Uzasadnienie|https://www.saos.org.pl/judgments/260932
258670|2016-11-22|SO|I ACz 1997/16|Postanowienie|https://www.saos.org.pl/judgments/258670
275474|2016-11-21|SO|I C 65/16|Wyrok|https://www.saos.org.pl/judgments/275474
259742|2016-11-21|SO|VIII C 547/16|Wyrok|https://www.saos.org.pl/judgments/259742
454234|2016-11-18|SO|V ACa 67/16|Wyrok|https://www.saos.org.pl/judgments/454234
263112|2016-11-18|SO|III AUa 1029/16|Wyrok|https://www.saos.org.pl/judgments/263112
260227|2016-11-18|SO|IX Ga 329/16|Postanowienie|https://www.saos.org.pl/judgments/260227
260226|2016-11-18|SO|IX Ga 328/16|Postanowienie|https://www.saos.org.pl/judgments/260226
260673|2016-11-17|SO|I ACa 529/16|Wyrok|https://www.saos.org.pl/judgments/260673
258497|2016-11-17|SO|VI Ga 237/16|Wyrok|https://www.saos.org.pl/judgments/258497
376422|2016-11-16|SO|I ACa 369/16|Wyrok|https://www.saos.org.pl/judgments/376422
266620|2016-11-16|SO|VIII U 2144/15|Wyrok|https://www.saos.org.pl/judgments/266620
258123|2016-11-14|SO|II Ca 864/16|Postanowienie|https://www.saos.org.pl/judgments/258123
531146|2016-11-10|SO|V ACa 71/16|Wyrok|https://www.saos.org.pl/judgments/531146
318083|2016-11-10|SO|XXVII Ca 3178/16|Wyrok|https://www.saos.org.pl/judgments/318083
267054|2016-11-10|SO|II Ca 488/16|Wyrok|https://www.saos.org.pl/judgments/267054
261183|2016-11-10|SO|VIII U 179/16|Wyrok|https://www.saos.org.pl/judgments/261183
257672|2016-11-09|SO|V U 1123/15|Wyrok|https://www.saos.org.pl/judgments/257672
410182|2016-11-08|SO|III AUa 999/16|Wyrok|https://www.saos.org.pl/judgments/410182
260563|2016-11-08|SO|VII U 1677/15|Wyrok|https://www.saos.org.pl/judgments/260563
253700|2016-11-07|SO|VIII U 3279/15|Uzasadnienie|https://www.saos.org.pl/judgments/253700
253390|2016-11-07|SO|VIII U 2247/15|Zarządzenie|https://www.saos.org.pl/judgments/253390
277251|2016-11-04|SO|I ACa 539/16|Wyrok|https://www.saos.org.pl/judgments/277251
260486|2016-11-04|SO|III Cz 1459/16|Postanowienie|https://www.saos.org.pl/judgments/260486
256916|2016-11-03|SO|XI GC 1200/16|Wyrok|https://www.saos.org.pl/judgments/256916
256400|2016-11-03|SO|VIII C 2428/16|Wyrok|https://www.saos.org.pl/judgments/256400
257170|2016-11-02|SO|I Ns 499/07|Postanowienie|https://www.saos.org.pl/judgments/257170
275537|2016-10-27|SO|II Ca 1702/16|Wyrok|https://www.saos.org.pl/judgments/275537
266877|2016-10-27|SO|VI U 832/15|Wyrok|https://www.saos.org.pl/judgments/266877
252337|2016-10-27|SO|XIII Ga 252/16|Uzasadnienie|https://www.saos.org.pl/judgments/252337
265900|2016-10-26|SO|I C 335/16|Wyrok|https://www.saos.org.pl/judgments/265900
259414|2016-10-26|SO|I ACa 992/15|Wyrok|https://www.saos.org.pl/judgments/259414
346345|2016-10-25|SO|I C 25/15|Wyrok|https://www.saos.org.pl/judgments/346345
269543|2016-10-25|SO|VI U 2503/14|Wyrok|https://www.saos.org.pl/judgments/269543
277282|2016-10-24|SO|I C 1099/16|Wyrok|https://www.saos.org.pl/judgments/277282
253231|2016-10-24|SO|I ACz 1756/16|Postanowienie|https://www.saos.org.pl/judgments/253231
308078|2016-10-21|SO|II Ca 466/16|Wyrok|https://www.saos.org.pl/judgments/308078
259074|2016-10-21|SO|III RC 598/15|Wyrok|https://www.saos.org.pl/judgments/259074
256901|2016-10-21|SO|VIII C 324/16|Wyrok|https://www.saos.org.pl/judgments/256901
434679|2016-10-20|SO|I ACa 112/16|Wyrok|https://www.saos.org.pl/judgments/434679
262972|2016-10-20|SO|VI U 1919/16|Wyrok|https://www.saos.org.pl/judgments/262972
259743|2016-10-20|SO|VIII C 925/15|Wyrok|https://www.saos.org.pl/judgments/259743
254013|2016-10-20|SO|IV Ca 567/16|Wyrok|https://www.saos.org.pl/judgments/254013
251570|2016-10-20|SO|VIII U 2873/15|Zarządzenie|https://www.saos.org.pl/judgments/251570
253554|2016-10-19|SO|II C 842/14|Wyrok|https://www.saos.org.pl/judgments/253554
277451|2016-10-18|SO|I C 932/15|Zarządzenie|https://www.saos.org.pl/judgments/277451
276068|2016-10-18|SO|I C 778/16|Wyrok|https://www.saos.org.pl/judgments/276068
256437|2016-10-17|SO|VIII Pz 58/16|Postanowienie|https://www.saos.org.pl/judgments/256437
254595|2016-10-13|SO|I ACa 381/16|Wyrok|https://www.saos.org.pl/judgments/254595
254102|2016-10-13|SO|VIII C 1323/16|Wyrok|https://www.saos.org.pl/judgments/254102
252884|2016-10-13|SO|XI GC 876/14|Wyrok|https://www.saos.org.pl/judgments/252884
256525|2016-10-12|SO|I ACa 849/16|Wyrok|https://www.saos.org.pl/judgments/256525
252164|2016-10-12|SO|IV Cz 680/16|Postanowienie|https://www.saos.org.pl/judgments/252164
265530|2016-10-11|SO|III Ca 1157/16|Wyrok|https://www.saos.org.pl/judgments/265530
258279|2016-10-11|SO|VI U 1322/15|Wyrok|https://www.saos.org.pl/judgments/258279
313750|2016-10-10|SO|I C 1151/16|Zarządzenie|https://www.saos.org.pl/judgments/313750
256337|2016-10-10|SO|III RC 236/16|Wyrok|https://www.saos.org.pl/judgments/256337
305337|2016-10-07|SO|II Ca 394/16|Postanowienie|https://www.saos.org.pl/judgments/305337
260257|2016-10-06|SO|VI U 1626/14|Wyrok|https://www.saos.org.pl/judgments/260257
307606|2016-10-05|SO|XXVII Ca 1385/16|Wyrok|https://www.saos.org.pl/judgments/307606
255742|2016-10-05|SO|I Ca 292/16|Wyrok|https://www.saos.org.pl/judgments/255742
258278|2016-10-04|SO|VI U 1072/16|Wyrok|https://www.saos.org.pl/judgments/258278
256522|2016-10-04|SO|I ACa 69/16|Wyrok|https://www.saos.org.pl/judgments/256522
251304|2016-10-04|SO|II Ns 869/13|Postanowienie|https://www.saos.org.pl/judgments/251304
310269|2016-10-03|SO|V Ca 1305/16|Wyrok|https://www.saos.org.pl/judgments/310269
249538|2016-10-03|SO|XIII Ga 390/16|Uzasadnienie|https://www.saos.org.pl/judgments/249538
288389|2016-09-30|SO|I Ns 83/13|Postanowienie|https://www.saos.org.pl/judgments/288389
256487|2016-09-30|SO|I ACa 361/16|Wyrok|https://www.saos.org.pl/judgments/256487
255187|2016-09-30|SO|III Ca 1012/16|Uzasadnienie|https://www.saos.org.pl/judgments/255187
252471|2016-09-30|SO|I Ca 281/16|Wyrok|https://www.saos.org.pl/judgments/252471
266160|2016-09-29|SO|VII Pa 84/16|Wyrok|https://www.saos.org.pl/judgments/266160
260261|2016-09-29|SO|VI U 944/16|Wyrok|https://www.saos.org.pl/judgments/260261
249646|2016-09-29|SO|I C 2268/15|Wyrok|https://www.saos.org.pl/judgments/249646
248762|2016-09-29|SO|VI Cz 1253/16|Postanowienie|https://www.saos.org.pl/judgments/248762
271069|2016-09-28|SO|I Ns 271/15|Postanowienie|https://www.saos.org.pl/judgments/271069
257748|2016-09-28|SO|VI U 1341/16|Wyrok|https://www.saos.org.pl/judgments/257748
248540|2016-09-28|SO|VI Gz 168/16|Postanowienie|https://www.saos.org.pl/judgments/248540
260133|2016-09-27|SO|II Ca 630/16|Wyrok|https://www.saos.org.pl/judgments/260133
390624|2016-09-26|SO|I Ns 1152/16|Postanowienie|https://www.saos.org.pl/judgments/390624
250923|2016-09-26|SO|IV U 1297/15|Wyrok|https://www.saos.org.pl/judgments/250923
262889|2016-09-23|SO|IX GC 229/16|Wyrok|https://www.saos.org.pl/judgments/262889
248533|2016-09-23|SO|VI Gz 153/16|Postanowienie|https://www.saos.org.pl/judgments/248533
253284|2016-09-22|SO|II Cz 622/16|Postanowienie|https://www.saos.org.pl/judgments/253284
279611|2016-09-21|SO|I C 529/16|Postanowienie|https://www.saos.org.pl/judgments/279611
276187|2016-09-21|SO|II Ca 2422/15|Wyrok|https://www.saos.org.pl/judgments/276187
266175|2016-09-20|SO|X GC 356/15|Wyrok|https://www.saos.org.pl/judgments/266175
258513|2016-09-20|SO|VI U 554/15|Wyrok|https://www.saos.org.pl/judgments/258513
253059|2016-09-20|SO|II Cz 577/16|Postanowienie|https://www.saos.org.pl/judgments/253059
250872|2016-09-20|SO|III AUa 628/16|Wyrok|https://www.saos.org.pl/judgments/250872
250713|2016-09-20|SO|I ACa 66/16|Wyrok|https://www.saos.org.pl/judgments/250713
290633|2016-09-16|SO|VI ACa 1551/15|Wyrok|https://www.saos.org.pl/judgments/290633
256451|2016-09-16|SO|I ACa 1701/15|Wyrok|https://www.saos.org.pl/judgments/256451
249362|2016-09-16|SO|IX Ga 221/16|Wyrok|https://www.saos.org.pl/judgments/249362
257764|2016-09-15|SO|VI U 844/16|Wyrok|https://www.saos.org.pl/judgments/257764
257751|2016-09-15|SO|VI U 1468/16|Wyrok|https://www.saos.org.pl/judgments/257751
248046|2016-09-15|SO|XII C 907/16|Wyrok|https://www.saos.org.pl/judgments/248046
252396|2016-09-14|SO|I C 1873/15|Wyrok|https://www.saos.org.pl/judgments/252396
254833|2016-09-13|SO|XII Ga 71/16|Wyrok|https://www.saos.org.pl/judgments/254833
253064|2016-09-13|SO|II Cz 638/16|Postanowienie|https://www.saos.org.pl/judgments/253064
249476|2016-09-12|SO|VIII Ns 217/14|Postanowienie|https://www.saos.org.pl/judgments/249476
251012|2016-09-09|SO|VIII Ga 236/16|Wyrok|https://www.saos.org.pl/judgments/251012
250699|2016-09-09|SO|I ACa 435/16|Wyrok|https://www.saos.org.pl/judgments/250699
247457|2016-09-09|SO|IV U 1238/15|Wyrok|https://www.saos.org.pl/judgments/247457
249620|2016-09-08|SO|II Ca 2308/15|Postanowienie|https://www.saos.org.pl/judgments/249620
246228|2016-09-07|SO|IV U 128/16|Wyrok|https://www.saos.org.pl/judgments/246228
281185|2016-09-06|SO|VIII C 122/16|Wyrok|https://www.saos.org.pl/judgments/281185
247450|2016-09-06|SO|III Ua 18/16|Wyrok|https://www.saos.org.pl/judgments/247450
247430|2016-09-06|SO|III Cz 778/16|Postanowienie|https://www.saos.org.pl/judgments/247430
241840|2016-09-06|SO|XIII Ga 155/16|Uzasadnienie|https://www.saos.org.pl/judgments/241840
247088|2016-09-05|SO|VIII C 1035/16|Wyrok|https://www.saos.org.pl/judgments/247088
242482|2016-09-05|SO|VIII U 2401/15|Zarządzenie|https://www.saos.org.pl/judgments/242482
330499|2016-09-01|SO|II Ca 454/16|Wyrok|https://www.saos.org.pl/judgments/330499
241074|2016-09-01|SO|X GC 893/15|Zarządzenie|https://www.saos.org.pl/judgments/241074
298496|2016-08-31|SO|II Ca 1039/16|Wyrok|https://www.saos.org.pl/judgments/298496
248941|2016-08-31|SO|I C 16/15|Wyrok|https://www.saos.org.pl/judgments/248941
242481|2016-08-31|SO|VIII U 2383/15|Zarządzenie|https://www.saos.org.pl/judgments/242481
420070|2016-08-30|SO|II C 1128/16|Zarządzenie|https://www.saos.org.pl/judgments/420070
241068|2016-08-30|SO|X GC 211/16|Zarządzenie|https://www.saos.org.pl/judgments/241068
253667|2016-08-29|SO|VI U 839/16|Wyrok|https://www.saos.org.pl/judgments/253667
250294|2016-08-29|SO|IX Ns 1587/15|Uzasadnienie|https://www.saos.org.pl/judgments/250294
241302|2016-08-29|SO|VIII U 2255/15|Zarządzenie|https://www.saos.org.pl/judgments/241302
286946|2016-08-25|SO|VI U 785/16|Wyrok|https://www.saos.org.pl/judgments/286946
249461|2016-08-24|SO|VIII C 394/16|Wyrok|https://www.saos.org.pl/judgments/249461
247046|2016-08-24|SO|V Pz 19/16|Postanowienie|https://www.saos.org.pl/judgments/247046
240592|2016-08-24|SO|X GC 200/16|Zarządzenie|https://www.saos.org.pl/judgments/240592
251998|2016-08-23|SO|VI U 664/15|Wyrok|https://www.saos.org.pl/judgments/251998
325898|2016-08-22|SO|II Ca 455/16|Wyrok|https://www.saos.org.pl/judgments/325898
247089|2016-08-22|SO|VIII C 665/16|Wyrok|https://www.saos.org.pl/judgments/247089
241236|2016-08-18|SO|IV U 1324/15|Wyrok|https://www.saos.org.pl/judgments/241236
299050|2016-08-17|SO|VI Gz 173/16|Postanowienie|https://www.saos.org.pl/judgments/299050
248915|2016-08-17|SO|VIII C 1034/16|Wyrok|https://www.saos.org.pl/judgments/248915
248173|2016-08-11|SO|I Ca 239/16|Postanowienie|https://www.saos.org.pl/judgments/248173
240550|2016-08-11|SO|VI Ga 147/16|Wyrok|https://www.saos.org.pl/judgments/240550
239607|2016-08-10|SO|I Ca 309/16|Postanowienie|https://www.saos.org.pl/judgments/239607
248511|2016-08-09|SO|V Pa 56/15|Wyrok|https://www.saos.org.pl/judgments/248511
240828|2016-08-09|SO|VIII U 2478/15|Zarządzenie|https://www.saos.org.pl/judgments/240828
247216|2016-08-05|SO|VIII Pz 49/16|Postanowienie|https://www.saos.org.pl/judgments/247216
245865|2016-08-05|SO|III U 359/16|Wyrok|https://www.saos.org.pl/judgments/245865
252430|2016-08-01|SO|I C 419/16|Wyrok|https://www.saos.org.pl/judgments/252430
242663|2016-07-29|SO|V ACa 448/16|Wyrok|https://www.saos.org.pl/judgments/242663
305213|2016-07-28|SO|II Ca 1637/15|Postanowienie|https://www.saos.org.pl/judgments/305213
252413|2016-07-28|SO|I C 311/16|Wyrok|https://www.saos.org.pl/judgments/252413
241562|2016-07-26|SO|I C 399/16|Zarządzenie|https://www.saos.org.pl/judgments/241562
248696|2016-07-25|SO|I Ns 284/14|Postanowienie|https://www.saos.org.pl/judgments/248696
439690|2016-07-21|SO|II Ca 511/15|Postanowienie|https://www.saos.org.pl/judgments/439690
305376|2016-07-21|SO|II Ca 88/16|Wyrok|https://www.saos.org.pl/judgments/305376
283801|2016-07-21|SO|I Co 205/06|Postanowienie|https://www.saos.org.pl/judgments/283801
252416|2016-07-21|SO|I C 321/16|Wyrok|https://www.saos.org.pl/judgments/252416
242687|2016-07-21|SO|VI U 1274/15|Wyrok|https://www.saos.org.pl/judgments/242687
241347|2016-07-21|SO|I ACa 222/16|Wyrok|https://www.saos.org.pl/judgments/241347
240881|2016-07-21|SO|V ACa 938/15|Wyrok|https://www.saos.org.pl/judgments/240881
254831|2016-07-20|SO|XII Ga 352/16|Wyrok|https://www.saos.org.pl/judgments/254831
239918|2016-07-20|SO|II Ca 272/16|Wyrok|https://www.saos.org.pl/judgments/239918
250219|2016-07-19|SO|I C 828/14|Wyrok|https://www.saos.org.pl/judgments/250219
242690|2016-07-19|SO|VI U 3089/15|Wyrok|https://www.saos.org.pl/judgments/242690
239063|2016-07-18|SO|VIII Pz 46/16|Postanowienie|https://www.saos.org.pl/judgments/239063
255991|2016-07-15|SO|I C 347/16|Wyrok|https://www.saos.org.pl/judgments/255991
248817|2016-07-15|SO|I ACa 412/16|Wyrok|https://www.saos.org.pl/judgments/248817
247002|2016-07-15|SO|III Ca 863/16|Wyrok|https://www.saos.org.pl/judgments/247002
241449|2016-07-15|SO|II Ca 141/16|Postanowienie|https://www.saos.org.pl/judgments/241449
266253|2016-07-14|SO|II Ca 1121/16|Postanowienie|https://www.saos.org.pl/judgments/266253
242692|2016-07-14|SO|VI U 458/16|Wyrok|https://www.saos.org.pl/judgments/242692
237819|2016-07-13|SO|I Ns 396/16|Postanowienie|https://www.saos.org.pl/judgments/237819
258561|2016-07-12|SO|XI Co 75/16|Postanowienie|https://www.saos.org.pl/judgments/258561
248561|2016-07-12|SO|VII U 1886/14|Wyrok|https://www.saos.org.pl/judgments/248561
242165|2016-07-12|SO|I ACa 57/16|Wyrok|https://www.saos.org.pl/judgments/242165
369832|2016-07-11|SO|VIII Pz 40/16|Postanowienie|https://www.saos.org.pl/judgments/369832
369830|2016-07-11|SO|VIII Pz 36/16|Postanowienie|https://www.saos.org.pl/judgments/369830
248769|2016-07-08|SO|VII Pa 45/16|Wyrok|https://www.saos.org.pl/judgments/248769
247756|2016-07-08|SO|III Ca 885/16|Uzasadnienie|https://www.saos.org.pl/judgments/247756
240207|2016-07-08|SO|VIII Pz 43/16|Postanowienie|https://www.saos.org.pl/judgments/240207
295697|2016-07-07|SO|V ACa 807/15|Wyrok|https://www.saos.org.pl/judgments/295697
242632|2016-07-07|SO|III Ca 266/16|Uzasadnienie|https://www.saos.org.pl/judgments/242632
250546|2016-07-06|SO|I ACa 302/16|Wyrok|https://www.saos.org.pl/judgments/250546
241058|2016-07-06|SO|VIII C 3622/15|Wyrok|https://www.saos.org.pl/judgments/241058
241057|2016-07-06|SO|VIII C 3533/15|Wyrok|https://www.saos.org.pl/judgments/241057
257274|2016-07-04|SO|II Ca 177/16|Postanowienie|https://www.saos.org.pl/judgments/257274
252425|2016-07-04|SO|I C 349/16|Wyrok|https://www.saos.org.pl/judgments/252425
240902|2016-07-04|SO|VII Pa 64/16|Wyrok|https://www.saos.org.pl/judgments/240902
233396|2016-07-04|SO|VIII Ga 156/16|Wyrok|https://www.saos.org.pl/judgments/233396
286142|2016-07-01|SO|XX GC 448/14|Wyrok|https://www.saos.org.pl/judgments/286142
239062|2016-07-01|SO|VIII Pz 39/16|Postanowienie|https://www.saos.org.pl/judgments/239062
239061|2016-07-01|SO|VIII Pz 38/16|Postanowienie|https://www.saos.org.pl/judgments/239061
247097|2016-06-30|SO|VIII Pz 35/16|Postanowienie|https://www.saos.org.pl/judgments/247097
241407|2016-06-30|SO|I C 89/15|Wyrok|https://www.saos.org.pl/judgments/241407
240565|2016-06-30|SO|VI U 508/16|Wyrok|https://www.saos.org.pl/judgments/240565
239059|2016-06-30|SO|VIII Pz 34/16|Postanowienie|https://www.saos.org.pl/judgments/239059
235301|2016-06-30|SO|VIII Gz 70/16|Postanowienie|https://www.saos.org.pl/judgments/235301
261147|2016-06-29|SO|V Ga 72/16|Uzasadnienie|https://www.saos.org.pl/judgments/261147
239060|2016-06-29|SO|VIII Pz 37/16|Postanowienie|https://www.saos.org.pl/judgments/239060
240567|2016-06-28|SO|VI U 95/15|Wyrok|https://www.saos.org.pl/judgments/240567
239485|2016-06-28|SO|VI U 3388/14|Wyrok|https://www.saos.org.pl/judgments/239485
283109|2016-06-27|SO|XX GC 543/15|Wyrok|https://www.saos.org.pl/judgments/283109
234095|2016-06-27|SO|VIII C 3496/15|Wyrok|https://www.saos.org.pl/judgments/234095
234928|2016-06-23|SO|VII Pa 320/15|Uzasadnienie|https://www.saos.org.pl/judgments/234928
241055|2016-06-22|SO|VIII C 322/16|Wyrok|https://www.saos.org.pl/judgments/241055
234612|2016-06-22|SO|IV Ca 311/16|Postanowienie|https://www.saos.org.pl/judgments/234612
281152|2016-06-21|SO|VI U 1797/15|Wyrok|https://www.saos.org.pl/judgments/281152
247867|2016-06-21|SO|XXI Pa 185/16|Wyrok|https://www.saos.org.pl/judgments/247867
242045|2016-06-21|SO|III Ca 408/16|Uzasadnienie|https://www.saos.org.pl/judgments/242045
240383|2016-06-21|SO|I C 908/15|Wyrok|https://www.saos.org.pl/judgments/240383
239496|2016-06-21|SO|VII Pa 108/16|Uzasadnienie|https://www.saos.org.pl/judgments/239496
238814|2016-06-21|SO|III AUa 1463/15|Wyrok|https://www.saos.org.pl/judgments/238814
233035|2016-06-20|SO|VIII U 2872/15|Zarządzenie|https://www.saos.org.pl/judgments/233035
288628|2016-06-17|SO|VIII Pa 21/16|Wyrok|https://www.saos.org.pl/judgments/288628
241707|2016-06-17|SO|IV Ca 274/16|Postanowienie|https://www.saos.org.pl/judgments/241707
234897|2016-06-17|SO|V GC 2133/15|Wyrok|https://www.saos.org.pl/judgments/234897
305225|2016-06-16|SO|II Ca 1683/15|Wyrok|https://www.saos.org.pl/judgments/305225
247593|2016-06-16|SO|I ACa 1082/15|Wyrok|https://www.saos.org.pl/judgments/247593
233717|2016-06-16|SO|II Ca 155/16|Postanowienie|https://www.saos.org.pl/judgments/233717
235255|2016-06-15|SO|III AUa 245/16|Wyrok|https://www.saos.org.pl/judgments/235255
232998|2016-06-15|SO|VIII C 22/16|Wyrok|https://www.saos.org.pl/judgments/232998
254835|2016-06-14|SO|XII Ga 769/15|Wyrok|https://www.saos.org.pl/judgments/254835
245980|2016-06-14|SO|III Cz 695/16|Postanowienie|https://www.saos.org.pl/judgments/245980
238423|2016-06-14|SO|VI U 2762/15|Wyrok|https://www.saos.org.pl/judgments/238423
228668|2016-06-13|SO|VIII Cz 432/16|Postanowienie|https://www.saos.org.pl/judgments/228668
228227|2016-06-13|SO|I ACz 397/16|Postanowienie|https://www.saos.org.pl/judgments/228227
239994|2016-06-10|SO|III AUa 174/16|Wyrok|https://www.saos.org.pl/judgments/239994
240321|2016-06-09|SO|XII Ga 779/15|Wyrok|https://www.saos.org.pl/judgments/240321
234446|2016-06-09|SO|VI Ca 314/16|Postanowienie|https://www.saos.org.pl/judgments/234446
231706|2016-06-09|SO|VIII C 1070/16|Wyrok|https://www.saos.org.pl/judgments/231706
465924|2016-06-08|SO|II Ns 2231/12|Postanowienie|https://www.saos.org.pl/judgments/465924
248290|2016-06-08|SO|III AUa 1953/15|Wyrok|https://www.saos.org.pl/judgments/248290
228667|2016-06-08|SO|VIII Cz 358/16|Postanowienie|https://www.saos.org.pl/judgments/228667
249108|2016-06-07|SO|I ACa 3/16|Wyrok|https://www.saos.org.pl/judgments/249108
229228|2016-06-07|SO|VI Ua 12/16|Wyrok|https://www.saos.org.pl/judgments/229228
326594|2016-06-06|SO|II Ca 161/16|Wyrok|https://www.saos.org.pl/judgments/326594
241090|2016-06-06|SO|I C 141/16|Zarządzenie|https://www.saos.org.pl/judgments/241090
233630|2016-06-06|SO|VIII Gz 46/16|Postanowienie|https://www.saos.org.pl/judgments/233630
231877|2016-06-06|SO|I C 2431/15|Wyrok|https://www.saos.org.pl/judgments/231877
231183|2016-06-06|SO|I C 2327/15|Wyrok|https://www.saos.org.pl/judgments/231183
241111|2016-06-03|SO|I C 400/15|Zarządzenie|https://www.saos.org.pl/judgments/241111
241695|2016-06-02|SO|III Ca 632/16|Uzasadnienie|https://www.saos.org.pl/judgments/241695
236585|2016-06-02|SO|XII C 1205/14|Wyrok|https://www.saos.org.pl/judgments/236585
233669|2016-06-02|SO|I ACa 1723/15|Wyrok|https://www.saos.org.pl/judgments/233669
232861|2016-06-02|SO|I Co 601/15|Postanowienie|https://www.saos.org.pl/judgments/232861
228560|2016-06-02|SO|I Co 168/15|Postanowienie|https://www.saos.org.pl/judgments/228560
261921|2016-06-01|SO|XVII AmC 1947/14|Wyrok|https://www.saos.org.pl/judgments/261921
236082|2016-06-01|SO|I C 516/14|Wyrok|https://www.saos.org.pl/judgments/236082
230883|2016-06-01|SO|III Ca 1780/15|Postanowienie|https://www.saos.org.pl/judgments/230883
254432|2016-05-31|SO|IV C 902/15|Wyrok|https://www.saos.org.pl/judgments/254432
237669|2016-05-31|SO|I Ns 1708/14|Postanowienie|https://www.saos.org.pl/judgments/237669
234889|2016-05-31|SO|IX GC 153/16|Wyrok|https://www.saos.org.pl/judgments/234889
231114|2016-05-31|SO|I ACa 63/16|Wyrok|https://www.saos.org.pl/judgments/231114
463168|2016-05-30|SO|II Cz 677/16|Postanowienie|https://www.saos.org.pl/judgments/463168
295567|2016-05-27|SO|I C 2870/15|Wyrok|https://www.saos.org.pl/judgments/295567
482558|2016-05-25|SO|V ACa 748/15|Wyrok|https://www.saos.org.pl/judgments/482558
258739|2016-05-25|SO|I C 447/15|Wyrok|https://www.saos.org.pl/judgments/258739
248205|2016-05-25|SO|II Ca 1618/15|Postanowienie|https://www.saos.org.pl/judgments/248205
245311|2016-05-25|SN|II PZ 7/16|Postanowienie|https://www.saos.org.pl/judgments/245311
233897|2016-05-25|SO|XVIII C 687/15|Wyrok|https://www.saos.org.pl/judgments/233897
233896|2016-05-25|SO|XVIII C 645/15|Wyrok|https://www.saos.org.pl/judgments/233896
289616|2016-05-24|SO|I ACa 1142/15|Wyrok|https://www.saos.org.pl/judgments/289616
242526|2016-05-24|SO|I ACa 956/14|Wyrok|https://www.saos.org.pl/judgments/242526
241093|2016-05-24|SO|I C 1600/15|Zarządzenie|https://www.saos.org.pl/judgments/241093
228850|2016-05-24|SO|IV P 162/15|Postanowienie|https://www.saos.org.pl/judgments/228850
228379|2016-05-24|SO|VII Pa 90/16|Uzasadnienie|https://www.saos.org.pl/judgments/228379
228179|2016-05-24|SO|VIII C 9/16|Wyrok|https://www.saos.org.pl/judgments/228179
305183|2016-05-23|SO|II Ca 1525/15|Wyrok|https://www.saos.org.pl/judgments/305183
296835|2016-05-23|SO|II Ca 759/12|Wyrok|https://www.saos.org.pl/judgments/296835
239434|2016-05-23|SO|III Ca 200/16|Uzasadnienie|https://www.saos.org.pl/judgments/239434
239680|2016-05-20|SO|III Ca 241/16|Uzasadnienie|https://www.saos.org.pl/judgments/239680
231613|2016-05-20|SO|V ACa 535/14|Wyrok|https://www.saos.org.pl/judgments/231613
236260|2016-05-19|SO|III AUa 959/15|Wyrok|https://www.saos.org.pl/judgments/236260
231299|2016-05-19|SO|II Ca 104/16|Wyrok|https://www.saos.org.pl/judgments/231299
226903|2016-05-19|SO|VIII C 28/16|Wyrok|https://www.saos.org.pl/judgments/226903
231708|2016-05-18|SO|VIII Ca 192/16|Wyrok|https://www.saos.org.pl/judgments/231708
303235|2016-05-17|SO|I Ns 39/16|Postanowienie|https://www.saos.org.pl/judgments/303235
236355|2016-05-17|SO|VI U 842/16|Wyrok|https://www.saos.org.pl/judgments/236355
236345|2016-05-17|SO|VI U 3468/15|Wyrok|https://www.saos.org.pl/judgments/236345
226901|2016-05-17|SO|VIII C 20/16|Wyrok|https://www.saos.org.pl/judgments/226901
226900|2016-05-17|SO|VIII C 19/16|Wyrok|https://www.saos.org.pl/judgments/226900
265441|2016-05-16|SO|II Ca 15/16|Wyrok|https://www.saos.org.pl/judgments/265441
226089|2016-05-16|SO|VII Pa 71/16|Uzasadnienie|https://www.saos.org.pl/judgments/226089
256167|2016-05-13|SO|I C 1392/15|Wyrok|https://www.saos.org.pl/judgments/256167
245761|2016-05-13|SO|III AUa 27/16|Wyrok|https://www.saos.org.pl/judgments/245761
236218|2016-05-13|SO|I ACa 1100/15|Wyrok|https://www.saos.org.pl/judgments/236218
228681|2016-05-13|SO|XIII Ca 65/16|Wyrok|https://www.saos.org.pl/judgments/228681
305165|2016-05-12|SO|II Ca 1446/15|Wyrok|https://www.saos.org.pl/judgments/305165
274792|2016-05-12|SO|VI U 924/15|Wyrok|https://www.saos.org.pl/judgments/274792
274776|2016-05-12|SO|VI U 1/15|Wyrok|https://www.saos.org.pl/judgments/274776
245261|2016-05-12|SN|I CSK 238/15|Postanowienie|https://www.saos.org.pl/judgments/245261
240885|2016-05-12|SO|V GC 376/15|Wyrok|https://www.saos.org.pl/judgments/240885
233825|2016-05-12|SO|VI U 3358/15|Wyrok|https://www.saos.org.pl/judgments/233825
228514|2016-05-12|SO|I C 1213/15|Uzasadnienie|https://www.saos.org.pl/judgments/228514
226974|2016-05-12|SO|XII C 2304/13|Wyrok|https://www.saos.org.pl/judgments/226974
242645|2016-05-10|SO|III Cz 663/16|Postanowienie|https://www.saos.org.pl/judgments/242645
233971|2016-05-10|SO|II Cz 241/16|Postanowienie|https://www.saos.org.pl/judgments/233971
232803|2016-05-10|SO|I ACa 1063/15|Wyrok|https://www.saos.org.pl/judgments/232803
240970|2016-05-09|SO|III AUz 35/16|Postanowienie|https://www.saos.org.pl/judgments/240970
236348|2016-05-09|SO|VI U 515/16|Wyrok|https://www.saos.org.pl/judgments/236348
235970|2016-05-09|SO|VIII U 372/16|Wyrok|https://www.saos.org.pl/judgments/235970
233823|2016-05-09|SO|VI U 1367/15|Wyrok|https://www.saos.org.pl/judgments/233823
225444|2016-05-09|SO|VIII C 3566/15|Wyrok|https://www.saos.org.pl/judgments/225444
234401|2016-05-06|SO|IX GC 570/15|Wyrok|https://www.saos.org.pl/judgments/234401
245233|2016-05-05|SN|II UK 202/15|Wyrok|https://www.saos.org.pl/judgments/245233
236351|2016-05-05|SO|VI U 575/16|Wyrok|https://www.saos.org.pl/judgments/236351
236350|2016-05-05|SO|VI U 572/16|Wyrok|https://www.saos.org.pl/judgments/236350
236347|2016-05-05|SO|VI U 3687/15|Wyrok|https://www.saos.org.pl/judgments/236347
232978|2016-05-05|SO|VI U 3362/15|Wyrok|https://www.saos.org.pl/judgments/232978
232464|2016-05-05|SO|VII U 2528/14|Wyrok|https://www.saos.org.pl/judgments/232464
226110|2016-05-05|SO|VIII Pa 254/15|Wyrok|https://www.saos.org.pl/judgments/226110
224500|2016-05-05|SO|II Ns 805/15|Postanowienie|https://www.saos.org.pl/judgments/224500
221084|2016-05-02|SO|VII Pz 34/16|Uzasadnienie|https://www.saos.org.pl/judgments/221084
371501|2016-04-29|SO|I C 1658/15|Wyrok|https://www.saos.org.pl/judgments/371501
238642|2016-04-29|SO|III Ca 330/16|Uzasadnienie|https://www.saos.org.pl/judgments/238642
220315|2016-04-29|SO|VIII U 2174/15|Zarządzenie|https://www.saos.org.pl/judgments/220315
240758|2016-04-28|SO|IV P 23/16|Wyrok|https://www.saos.org.pl/judgments/240758
232975|2016-04-28|SO|VI U 3090/15|Wyrok|https://www.saos.org.pl/judgments/232975
226000|2016-04-28|SO|III AUa 11/16|Wyrok|https://www.saos.org.pl/judgments/226000
224702|2016-04-28|SO|VIII C 3735/15|Wyrok|https://www.saos.org.pl/judgments/224702
241101|2016-04-27|SO|I C 1859/15|Zarządzenie|https://www.saos.org.pl/judgments/241101
236869|2016-04-27|SO|I Ns 953/15|Postanowienie|https://www.saos.org.pl/judgments/236869
232590|2016-04-27|SO|III AUa 1267/15|Wyrok|https://www.saos.org.pl/judgments/232590
222410|2016-04-27|SO|I C 46/15|Wyrok|https://www.saos.org.pl/judgments/222410
219131|2016-04-27|SO|I ACz 225/16|Postanowienie|https://www.saos.org.pl/judgments/219131
376273|2016-04-26|SO|XXVI GC 257/15|Wyrok|https://www.saos.org.pl/judgments/376273
245846|2016-04-26|SO|III Cz 506/16|Postanowienie|https://www.saos.org.pl/judgments/245846
232977|2016-04-26|SO|VI U 3200/14|Wyrok|https://www.saos.org.pl/judgments/232977
232443|2016-04-26|SO|VI U 321/15|Uzasadnienie|https://www.saos.org.pl/judgments/232443
223400|2016-04-26|SO|VIII C 3649/15|Wyrok|https://www.saos.org.pl/judgments/223400
223399|2016-04-26|SO|VIII C 3648/15|Wyrok|https://www.saos.org.pl/judgments/223399
222244|2016-04-26|SO|VIII Cz 313/16|Postanowienie|https://www.saos.org.pl/judgments/222244
501838|2016-04-25|SO|II Ca 230/16|Postanowienie|https://www.saos.org.pl/judgments/501838
227385|2016-04-25|SO|V Pa 90/15|Wyrok|https://www.saos.org.pl/judgments/227385
219734|2016-04-25|SO|III AUz 27/16|Postanowienie|https://www.saos.org.pl/judgments/219734
240723|2016-04-22|SO|II Ca 1036/13|Postanowienie|https://www.saos.org.pl/judgments/240723
219543|2016-04-22|SO|I C 199/15|Wyrok|https://www.saos.org.pl/judgments/219543
501792|2016-04-21|SO|II Ca 204/16|Postanowienie|https://www.saos.org.pl/judgments/501792
239284|2016-04-21|SO|IV Ua 48/15|Wyrok|https://www.saos.org.pl/judgments/239284
236221|2016-04-21|SO|I ACa 683/15|Wyrok|https://www.saos.org.pl/judgments/236221
224252|2016-04-21|SO|XII C 4/14|Wyrok|https://www.saos.org.pl/judgments/224252
222317|2016-04-21|SO|XI GC 700/15|Wyrok|https://www.saos.org.pl/judgments/222317
228558|2016-04-20|SO|I Ca 135/16|Wyrok|https://www.saos.org.pl/judgments/228558
224700|2016-04-20|SO|VIII C 3523/15|Wyrok|https://www.saos.org.pl/judgments/224700
222242|2016-04-20|SO|VIII Cz 291/16|Postanowienie|https://www.saos.org.pl/judgments/222242
217696|2016-04-20|SO|XIII Ga 92/16|Uzasadnienie|https://www.saos.org.pl/judgments/217696
360099|2016-04-19|SO|I Co 1840/15|Postanowienie|https://www.saos.org.pl/judgments/360099
223908|2016-04-19|SO|III AUa 1206/15|Wyrok|https://www.saos.org.pl/judgments/223908
222764|2016-04-19|SO|III U 782/15|Wyrok|https://www.saos.org.pl/judgments/222764
221518|2016-04-19|SO|III Ca 1740/15|Uzasadnienie|https://www.saos.org.pl/judgments/221518
501759|2016-04-18|SO|II Ca 187/16|Postanowienie|https://www.saos.org.pl/judgments/501759
222233|2016-04-18|SO|VIII C 3627/15|Wyrok|https://www.saos.org.pl/judgments/222233
221730|2016-04-18|SO|VII U 16/16|Wyrok|https://www.saos.org.pl/judgments/221730
245096|2016-04-15|SN|I CSK 278/15|Wyrok|https://www.saos.org.pl/judgments/245096
245092|2016-04-15|SN|I CSK 383/15|Wyrok|https://www.saos.org.pl/judgments/245092
227623|2016-04-15|SO|I C 1889/15|Wyrok|https://www.saos.org.pl/judgments/227623
279517|2016-04-14|SO|VI U 2761/15|Wyrok|https://www.saos.org.pl/judgments/279517
255519|2016-04-14|SO|IV RC 809/15|Wyrok|https://www.saos.org.pl/judgments/255519
245107|2016-04-14|SN|IV CNP 59/15|Postanowienie|https://www.saos.org.pl/judgments/245107
230995|2016-04-14|SO|VI U 1799/15|Wyrok|https://www.saos.org.pl/judgments/230995
230994|2016-04-14|SO|VI U 140/15|Wyrok|https://www.saos.org.pl/judgments/230994
225148|2016-04-14|SO|III Ca 1649/15|Wyrok|https://www.saos.org.pl/judgments/225148
223398|2016-04-14|SO|VIII C 3535/15|Wyrok|https://www.saos.org.pl/judgments/223398
222232|2016-04-14|SO|VIII C 3596/15|Wyrok|https://www.saos.org.pl/judgments/222232
222229|2016-04-14|SO|VIII C 3537/15|Wyrok|https://www.saos.org.pl/judgments/222229
220922|2016-04-14|SO|IV P 15/16|Wyrok|https://www.saos.org.pl/judgments/220922
220807|2016-04-14|SO|III AUa 1215/15|Wyrok|https://www.saos.org.pl/judgments/220807
217001|2016-04-14|SO|VI Cz 314/16|Postanowienie|https://www.saos.org.pl/judgments/217001
226456|2016-04-13|SO|II C 738/13|Uzasadnienie|https://www.saos.org.pl/judgments/226456
225244|2016-04-13|SO|III Ca 348/16|Uzasadnienie|https://www.saos.org.pl/judgments/225244
225242|2016-04-13|SO|III Ca 347/16|Uzasadnienie|https://www.saos.org.pl/judgments/225242
225240|2016-04-13|SO|III Ca 346/16|Uzasadnienie|https://www.saos.org.pl/judgments/225240
225238|2016-04-13|SO|III Ca 345/16|Uzasadnienie|https://www.saos.org.pl/judgments/225238
225236|2016-04-13|SO|III Ca 344/16|Uzasadnienie|https://www.saos.org.pl/judgments/225236
225234|2016-04-13|SO|III Ca 343/16|Uzasadnienie|https://www.saos.org.pl/judgments/225234
230869|2016-04-12|SO|III Ca 11/16|Wyrok|https://www.saos.org.pl/judgments/230869
219703|2016-04-12|SO|III AUa 1937/15|Wyrok|https://www.saos.org.pl/judgments/219703
215903|2016-04-12|SO|VIII C 2985/15|Wyrok|https://www.saos.org.pl/judgments/215903
245692|2016-04-11|SO|I C 1881/15|Wyrok|https://www.saos.org.pl/judgments/245692
234890|2016-04-08|SO|IX GC 561/14|Wyrok|https://www.saos.org.pl/judgments/234890
229546|2016-04-08|SO|III AUa 1821/15|Wyrok|https://www.saos.org.pl/judgments/229546
225251|2016-04-08|SO|III Ca 378/16|Uzasadnienie|https://www.saos.org.pl/judgments/225251
224042|2016-04-08|SO|I ACa 911/15|Wyrok|https://www.saos.org.pl/judgments/224042
257878|2016-04-07|SO|XI C 2205/15|Wyrok|https://www.saos.org.pl/judgments/257878
235543|2016-04-07|SO|XI C 1555/15|Wyrok|https://www.saos.org.pl/judgments/235543
222711|2016-04-07|SO|III Ca 1949/15|Uzasadnienie|https://www.saos.org.pl/judgments/222711
219693|2016-04-07|SO|III AUa 1787/15|Wyrok|https://www.saos.org.pl/judgments/219693
219112|2016-04-07|SO|XII C 1208/14|Wyrok|https://www.saos.org.pl/judgments/219112
285512|2016-04-06|SO|III Ca 1905/15|Uzasadnienie|https://www.saos.org.pl/judgments/285512
224529|2016-04-06|SO|III Ca 1552/15|Uzasadnienie|https://www.saos.org.pl/judgments/224529
223565|2016-04-06|SO|III AUa 1492/15|Wyrok|https://www.saos.org.pl/judgments/223565
221328|2016-04-06|SO|I Ca 109/16|Wyrok|https://www.saos.org.pl/judgments/221328
217157|2016-04-06|SO|XVI Ns 256/12|Uzasadnienie|https://www.saos.org.pl/judgments/217157
234598|2016-04-05|SO|III Cz 2118/15|Postanowienie|https://www.saos.org.pl/judgments/234598
222231|2016-04-05|SO|VIII C 3590/15|Wyrok|https://www.saos.org.pl/judgments/222231
220434|2016-04-05|SO|I ACa 1453/15|Wyrok|https://www.saos.org.pl/judgments/220434
236463|2016-04-04|SO|I Ns 111/16|Postanowienie|https://www.saos.org.pl/judgments/236463
227438|2016-04-04|SO|VI U 2539/15|Wyrok|https://www.saos.org.pl/judgments/227438
219451|2016-04-04|SO|VIII C 3265/15|Wyrok|https://www.saos.org.pl/judgments/219451
245015|2016-03-31|SN|IV CSK 372/15|Wyrok|https://www.saos.org.pl/judgments/245015
245009|2016-03-31|SN|IV CZ 107/15|Postanowienie|https://www.saos.org.pl/judgments/245009
237277|2016-03-31|SO|IV U 1100/15|Wyrok|https://www.saos.org.pl/judgments/237277
246082|2016-03-30|SO|I ACz 700/16|Postanowienie|https://www.saos.org.pl/judgments/246082
216368|2016-03-30|SO|VII Ua 63/15|Uzasadnienie|https://www.saos.org.pl/judgments/216368
227440|2016-03-29|SO|VI U 2593/15|Wyrok|https://www.saos.org.pl/judgments/227440
252397|2016-03-24|SO|I C 1889/14|Wyrok|https://www.saos.org.pl/judgments/252397
232278|2016-03-24|SO|V GC 85/16|Wyrok|https://www.saos.org.pl/judgments/232278
229190|2016-03-24|SO|V GC 742/15|Wyrok|https://www.saos.org.pl/judgments/229190
229189|2016-03-24|SO|V GC 543/15|Wyrok|https://www.saos.org.pl/judgments/229189
222354|2016-03-24|SO|I ACz 415/16|Postanowienie|https://www.saos.org.pl/judgments/222354
221726|2016-03-24|SO|VII U 1247/15|Wyrok|https://www.saos.org.pl/judgments/221726
218961|2016-03-24|SO|II Ca 1386/15|Wyrok|https://www.saos.org.pl/judgments/218961
213163|2016-03-23|SO|XIII Ga 1163/15|Uzasadnienie|https://www.saos.org.pl/judgments/213163
309432|2016-03-22|SO|XXVII Ca 16/16|Wyrok|https://www.saos.org.pl/judgments/309432
284831|2016-03-22|SO|VIII U 1083/15|Wyrok|https://www.saos.org.pl/judgments/284831
226083|2016-03-22|SO|VI U 2868/15|Wyrok|https://www.saos.org.pl/judgments/226083
219445|2016-03-22|SO|VII Ua 155/14|Uzasadnienie|https://www.saos.org.pl/judgments/219445
270242|2016-03-21|SO|I C 863/15|Wyrok|https://www.saos.org.pl/judgments/270242
226080|2016-03-21|SO|VI U 2356/14|Wyrok|https://www.saos.org.pl/judgments/226080
212443|2016-03-21|SO|XIII Ga 1166/15|Uzasadnienie|https://www.saos.org.pl/judgments/212443
222894|2016-03-17|SO|VI U 2536/15|Wyrok|https://www.saos.org.pl/judgments/222894
218848|2016-03-17|SO|I ACa 1366/15|Wyrok|https://www.saos.org.pl/judgments/218848
216988|2016-03-17|SO|V Pa 19/16|Wyrok|https://www.saos.org.pl/judgments/216988
215501|2016-03-17|SO|IX Ga 501/15|Wyrok|https://www.saos.org.pl/judgments/215501
244943|2016-03-16|SN|IV CZ 105/15|Postanowienie|https://www.saos.org.pl/judgments/244943
244942|2016-03-16|SN|IV CZ 104/15|Postanowienie|https://www.saos.org.pl/judgments/244942
219286|2016-03-16|SO|III AUa 1286/15|Wyrok|https://www.saos.org.pl/judgments/219286
219231|2016-03-16|SO|II Ca 6/16|Postanowienie|https://www.saos.org.pl/judgments/219231
215938|2016-03-16|SO|I ACa 1363/15|Wyrok|https://www.saos.org.pl/judgments/215938
212696|2016-03-16|SO|VII Pa 312/15|Uzasadnienie|https://www.saos.org.pl/judgments/212696
233746|2016-03-15|SO|III Cz 28/16|Postanowienie|https://www.saos.org.pl/judgments/233746
215606|2016-03-15|SO|VIII Gz 21/16|Uzasadnienie|https://www.saos.org.pl/judgments/215606
214363|2016-03-15|SO|III AUa 1852/15|Wyrok|https://www.saos.org.pl/judgments/214363
222892|2016-03-14|SO|VI U 1802/15|Wyrok|https://www.saos.org.pl/judgments/222892
219300|2016-03-14|SO|III AUa 309/15|Wyrok|https://www.saos.org.pl/judgments/219300
216486|2016-03-14|SO|XI GC 1219/15|Wyrok|https://www.saos.org.pl/judgments/216486
307616|2016-03-11|SO|XXVII Ca 413/16|Wyrok|https://www.saos.org.pl/judgments/307616
244820|2016-03-11|SN|I CSK 64/15|Postanowienie|https://www.saos.org.pl/judgments/244820
244813|2016-03-11|SN|I CSK 144/15|Wyrok|https://www.saos.org.pl/judgments/244813
215177|2016-03-11|SO|I Ns 10843/12|Postanowienie|https://www.saos.org.pl/judgments/215177
244827|2016-03-10|SN|III CSK 172/15|Wyrok|https://www.saos.org.pl/judgments/244827
213321|2016-03-10|SO|I Ca 32/16|Wyrok|https://www.saos.org.pl/judgments/213321
305041|2016-03-09|SO|II Ca 1006/15|Postanowienie|https://www.saos.org.pl/judgments/305041
221806|2016-03-09|SO|I C 1569/15|Zarządzenie|https://www.saos.org.pl/judgments/221806
221871|2016-03-08|SO|I Cz 45/16|Postanowienie|https://www.saos.org.pl/judgments/221871
217092|2016-03-08|SO|X Ga 3/16|Wyrok|https://www.saos.org.pl/judgments/217092
211237|2016-03-08|SO|XII C 2426/13|Wyrok|https://www.saos.org.pl/judgments/211237
223077|2016-03-07|SO|I C 1651/15|Wyrok|https://www.saos.org.pl/judgments/223077
221311|2016-03-07|SO|I C 516/14|Wyrok|https://www.saos.org.pl/judgments/221311
211218|2016-03-07|SO|VIII U 661/14|Zarządzenie|https://www.saos.org.pl/judgments/211218
244744|2016-03-04|SN|I CSK 519/15|Postanowienie|https://www.saos.org.pl/judgments/244744
222893|2016-03-04|SO|VI U 227/14|Uzasadnienie|https://www.saos.org.pl/judgments/222893
218774|2016-03-04|SO|VIII Ga 311/15|Uzasadnienie|https://www.saos.org.pl/judgments/218774
214864|2016-03-04|SO|IV U 562/15|Wyrok|https://www.saos.org.pl/judgments/214864
387283|2016-03-03|SO|I C 1454/15|Wyrok|https://www.saos.org.pl/judgments/387283
219801|2016-03-03|SO|III Ca 1683/15|Uzasadnienie|https://www.saos.org.pl/judgments/219801
216337|2016-03-03|SO|VI U 231/15|Wyrok|https://www.saos.org.pl/judgments/216337
212808|2016-03-02|SO|I Ns 477/14|Postanowienie|https://www.saos.org.pl/judgments/212808
216537|2016-02-26|SO|I ACa 1022/15|Postanowienie|https://www.saos.org.pl/judgments/216537
213989|2016-02-26|SO|IX Ga 496/15|Wyrok|https://www.saos.org.pl/judgments/213989
211927|2016-02-26|SO|I C 2640/15|Wyrok|https://www.saos.org.pl/judgments/211927
205152|2016-02-26|SO|XIII Ga 1007/15|Uzasadnienie|https://www.saos.org.pl/judgments/205152
365681|2016-02-25|SO|XVII AmC 1143/14|Wyrok|https://www.saos.org.pl/judgments/365681
244695|2016-02-25|SN|III CSK 137/15|Wyrok|https://www.saos.org.pl/judgments/244695
218401|2016-02-24|SO|I Ns 61/14|Zarządzenie|https://www.saos.org.pl/judgments/218401
214667|2016-02-24|SO|I C 37/14|Wyrok|https://www.saos.org.pl/judgments/214667
211285|2016-02-24|SO|I ACz 261/16|Postanowienie|https://www.saos.org.pl/judgments/211285
222891|2016-02-23|SO|VI U 1748/15|Wyrok|https://www.saos.org.pl/judgments/222891
217717|2016-02-23|SO|I ACa 763/15|Wyrok|https://www.saos.org.pl/judgments/217717
214779|2016-02-23|SO|III AUa 919/15|Wyrok|https://www.saos.org.pl/judgments/214779
232947|2016-02-19|SO|IV U 941/15|Wyrok|https://www.saos.org.pl/judgments/232947
219812|2016-02-19|SO|III Ca 1699/15|Uzasadnienie|https://www.saos.org.pl/judgments/219812
214727|2016-02-19|SO|II Ca 777/15|Wyrok|https://www.saos.org.pl/judgments/214727
231432|2016-02-18|SO|III AUa 940/15|Wyrok|https://www.saos.org.pl/judgments/231432
214932|2016-02-18|SO|VIII C 2466/15|Wyrok|https://www.saos.org.pl/judgments/214932
204153|2016-02-18|SO|VIII C 3346/15|Wyrok|https://www.saos.org.pl/judgments/204153
214946|2016-02-17|SO|VIII C 3891/14|Wyrok|https://www.saos.org.pl/judgments/214946
217556|2016-02-16|SO|VI ACa 21/15|Wyrok|https://www.saos.org.pl/judgments/217556
204247|2016-02-15|SO|XIII Ga 760/15|Uzasadnienie|https://www.saos.org.pl/judgments/204247
244533|2016-02-12|SN|II CSK 815/14|Wyrok|https://www.saos.org.pl/judgments/244533
235841|2016-02-12|SO|II Ca 24/16|Postanowienie|https://www.saos.org.pl/judgments/235841
219473|2016-02-12|SO|XII Ga 753/15|Uzasadnienie|https://www.saos.org.pl/judgments/219473
218389|2016-02-12|SO|I Ca 491/15|Postanowienie|https://www.saos.org.pl/judgments/218389
215178|2016-02-12|SO|I Ns 1311/15|Postanowienie|https://www.saos.org.pl/judgments/215178
214920|2016-02-12|SO|VIII C 1302/15|Wyrok|https://www.saos.org.pl/judgments/214920
211754|2016-02-12|SO|VIII C 3531/15|Wyrok|https://www.saos.org.pl/judgments/211754
210188|2016-02-12|SO|I Ca 533/15|Wyrok|https://www.saos.org.pl/judgments/210188
283706|2016-02-11|SO|XVI GC 872/15|Wyrok|https://www.saos.org.pl/judgments/283706
231570|2016-02-11|SO|IV U 386/15|Wyrok|https://www.saos.org.pl/judgments/231570
221272|2016-02-11|SO|I C 1321/15|Wyrok|https://www.saos.org.pl/judgments/221272
212054|2016-02-11|SO|III AUa 1648/15|Wyrok|https://www.saos.org.pl/judgments/212054
211755|2016-02-11|SO|VIII C 3631/15|Wyrok|https://www.saos.org.pl/judgments/211755
210600|2016-02-11|SO|VIII Gz 166/15|Postanowienie|https://www.saos.org.pl/judgments/210600
441829|2016-02-10|SO|V ACa 490/15|Wyrok|https://www.saos.org.pl/judgments/441829
244577|2016-02-10|SN|I UZ 32/15|Postanowienie|https://www.saos.org.pl/judgments/244577
214940|2016-02-10|SO|VIII C 2721/14|Wyrok|https://www.saos.org.pl/judgments/214940
217767|2016-02-09|SO|II Ca 2305/15|Wyrok|https://www.saos.org.pl/judgments/217767
213611|2016-02-09|SO|VII U 3004/15|Wyrok|https://www.saos.org.pl/judgments/213611
203976|2016-02-09|SO|II Cz 868/15|Postanowienie|https://www.saos.org.pl/judgments/203976
286143|2016-02-08|SO|XX GC 518/14|Wyrok|https://www.saos.org.pl/judgments/286143
285635|2016-02-05|SO|IV Ca 692/15|Postanowienie|https://www.saos.org.pl/judgments/285635
227181|2016-02-05|SO|II Ca 2559/15|Postanowienie|https://www.saos.org.pl/judgments/227181
219716|2016-02-05|SO|III AUa 556/15|Wyrok|https://www.saos.org.pl/judgments/219716
204251|2016-02-05|SO|XIII Ga 769/15|Uzasadnienie|https://www.saos.org.pl/judgments/204251
207295|2016-02-04|SO|I Ca 5/16|Postanowienie|https://www.saos.org.pl/judgments/207295
203605|2016-02-04|SO|VIII C 2856/15|Wyrok|https://www.saos.org.pl/judgments/203605
244490|2016-02-03|SN|I PK 45/15|Wyrok|https://www.saos.org.pl/judgments/244490
208072|2016-02-03|SO|VIII C 3021/15|Wyrok|https://www.saos.org.pl/judgments/208072
216197|2016-02-02|SO|III Ca 1813/15|Postanowienie|https://www.saos.org.pl/judgments/216197
222477|2016-01-29|SO|II Cz 764/15|Postanowienie|https://www.saos.org.pl/judgments/222477
213919|2016-01-29|SO|III Ca 1964/15|Uzasadnienie|https://www.saos.org.pl/judgments/213919
213228|2016-01-29|SO|I ACa 924/15|Wyrok|https://www.saos.org.pl/judgments/213228
204048|2016-01-29|SO|IX Ga 465/15|Wyrok|https://www.saos.org.pl/judgments/204048
202910|2016-01-29|SO|II Cz 47/16|Postanowienie|https://www.saos.org.pl/judgments/202910
210751|2016-01-28|SO|I ACa 567/15|Wyrok|https://www.saos.org.pl/judgments/210751
207744|2016-01-28|SO|III Ca 1607/15|Wyrok|https://www.saos.org.pl/judgments/207744
244449|2016-01-27|SN|III UK 76/15|Wyrok|https://www.saos.org.pl/judgments/244449
238367|2016-01-26|SO|III AUa 379/15|Wyrok|https://www.saos.org.pl/judgments/238367
227330|2016-01-26|SO|V ACa 729/15|Wyrok|https://www.saos.org.pl/judgments/227330
199558|2016-01-26|SO|V Ca 655/15|Postanowienie|https://www.saos.org.pl/judgments/199558
286144|2016-01-25|SO|XX GC 551/14|Wyrok|https://www.saos.org.pl/judgments/286144
199433|2016-01-25|SO|XI 1Cz 30/16|Postanowienie|https://www.saos.org.pl/judgments/199433
198904|2016-01-25|SO|VIII U 1699/15|Zarządzenie|https://www.saos.org.pl/judgments/198904
213627|2016-01-22|SO|VIII GC 48/15|Wyrok|https://www.saos.org.pl/judgments/213627
204723|2016-01-22|SO|IX GC 536/15|Uzasadnienie|https://www.saos.org.pl/judgments/204723
204721|2016-01-22|SO|IX GC 3/15|Uzasadnienie|https://www.saos.org.pl/judgments/204721
199907|2016-01-22|SO|I C 326/15|Wyrok|https://www.saos.org.pl/judgments/199907
244297|2016-01-21|SN|III CZ 57/15|Postanowienie|https://www.saos.org.pl/judgments/244297
226240|2016-01-21|SO|I ACa 1040/15|Wyrok|https://www.saos.org.pl/judgments/226240
217228|2016-01-21|SO|I C 1559/15|Wyrok|https://www.saos.org.pl/judgments/217228
211042|2016-01-21|SO|III Ca 1712/15|Uzasadnienie|https://www.saos.org.pl/judgments/211042
253603|2016-01-20|SO|III U 745/15|Wyrok|https://www.saos.org.pl/judgments/253603
223207|2016-01-20|SO|I ACa 1042/15|Wyrok|https://www.saos.org.pl/judgments/223207
213539|2016-01-20|SO|V U 1141/15|Wyrok|https://www.saos.org.pl/judgments/213539
211480|2016-01-20|SO|I ACz 2510/15|Postanowienie|https://www.saos.org.pl/judgments/211480
210748|2016-01-20|SO|I ACa 531/15|Wyrok|https://www.saos.org.pl/judgments/210748
226815|2016-01-19|SO|VI U 1456/14|Wyrok|https://www.saos.org.pl/judgments/226815
200035|2016-01-18|SO|XI 1Cz 8/16|Postanowienie|https://www.saos.org.pl/judgments/200035
197059|2016-01-18|SO|XII C 1755/13|Wyrok|https://www.saos.org.pl/judgments/197059
197043|2016-01-18|SO|VIII U 2755/14|Zarządzenie|https://www.saos.org.pl/judgments/197043
203408|2016-01-15|SO|V Ca 729/15|Wyrok|https://www.saos.org.pl/judgments/203408
250364|2016-01-14|SO|XVII AmC 33564/13|Wyrok|https://www.saos.org.pl/judgments/250364
238732|2016-01-14|SO|XVII AmC 1891/15|Wyrok|https://www.saos.org.pl/judgments/238732
213264|2016-01-14|SO|I C 1509/15|Wyrok|https://www.saos.org.pl/judgments/213264
204151|2016-01-14|SO|VIII C 2495/15|Wyrok|https://www.saos.org.pl/judgments/204151
203604|2016-01-14|SO|VIII C 2736/15|Wyrok|https://www.saos.org.pl/judgments/203604
219327|2016-01-13|SO|III AUz 396/15|Postanowienie|https://www.saos.org.pl/judgments/219327
304175|2016-01-12|SO|XV C 1096/13|Wyrok|https://www.saos.org.pl/judgments/304175
253670|2016-01-12|SO|VI U 97/15|Wyrok|https://www.saos.org.pl/judgments/253670
244276|2016-01-12|SN|II PK 299/14|Wyrok|https://www.saos.org.pl/judgments/244276
244271|2016-01-12|SN|I UZ 24/15|Postanowienie|https://www.saos.org.pl/judgments/244271
204875|2016-01-12|SO|VI U 1370/15|Wyrok|https://www.saos.org.pl/judgments/204875
253669|2016-01-07|SO|VI U 93/15|Wyrok|https://www.saos.org.pl/judgments/253669
204885|2016-01-07|SO|VI U 3000/14|Wyrok|https://www.saos.org.pl/judgments/204885
204876|2016-01-07|SO|VI U 1767/14|Wyrok|https://www.saos.org.pl/judgments/204876
198635|2016-01-05|SO|III Ca 1474/15|Uzasadnienie|https://www.saos.org.pl/judgments/198635
197570|2016-01-05|SO|XII 1Co 3431/15|Postanowienie|https://www.saos.org.pl/judgments/197570
213804|2016-01-04|SO|I Ns 2/15|Uzasadnienie|https://www.saos.org.pl/judgments/213804
207928|2015-12-31|SO|I Ca 463/15|Postanowienie|https://www.saos.org.pl/judgments/207928
502222|2015-12-30|SO|II Ca 803/15|Postanowienie|https://www.saos.org.pl/judgments/502222
329531|2015-12-30|SO|II Ca 806/15|Postanowienie|https://www.saos.org.pl/judgments/329531
325924|2015-12-30|SO|II Ca 810/15|Wyrok|https://www.saos.org.pl/judgments/325924
265926|2015-12-30|SO|I Ns 252/15|Postanowienie|https://www.saos.org.pl/judgments/265926
198271|2015-12-30|SO|III AUa 487/15|Wyrok|https://www.saos.org.pl/judgments/198271
275915|2015-12-29|SO|I C 1259/15|Wyrok|https://www.saos.org.pl/judgments/275915
217109|2015-12-29|SO|X Ga 530/15|Wyrok|https://www.saos.org.pl/judgments/217109
213158|2015-12-29|SO|XII Ga 679/15|Wyrok|https://www.saos.org.pl/judgments/213158
210347|2015-12-29|SO|III Cz 1656/15|Postanowienie|https://www.saos.org.pl/judgments/210347
202363|2015-12-29|SO|I ACa 1346/15|Wyrok|https://www.saos.org.pl/judgments/202363
197936|2015-12-29|SO|II Cz 880/15|Postanowienie|https://www.saos.org.pl/judgments/197936
196883|2015-12-29|SO|III Ca 1451/15|Uzasadnienie|https://www.saos.org.pl/judgments/196883
194801|2015-12-29|SO|III U 734/15|Wyrok|https://www.saos.org.pl/judgments/194801
203521|2015-12-28|SO|VI U 1026/15|Wyrok|https://www.saos.org.pl/judgments/203521
195499|2015-12-28|SO|VII U 2067/13|Wyrok|https://www.saos.org.pl/judgments/195499
194509|2015-12-28|SO|III Ca 1262/15|Uzasadnienie|https://www.saos.org.pl/judgments/194509
221833|2015-12-23|SO|I C 372/15|Zarządzenie|https://www.saos.org.pl/judgments/221833
211327|2015-12-23|SO|I Ca 273/15|Wyrok|https://www.saos.org.pl/judgments/211327
215400|2015-12-22|SO|III Cz 1873/15|Postanowienie|https://www.saos.org.pl/judgments/215400
203529|2015-12-22|SO|VI U 2599/14|Wyrok|https://www.saos.org.pl/judgments/203529
203525|2015-12-22|SO|VI U 1368/15|Wyrok|https://www.saos.org.pl/judgments/203525
198762|2015-12-22|SO|IV U 737/15|Wyrok|https://www.saos.org.pl/judgments/198762
198750|2015-12-22|SO|IV U 507/15|Wyrok|https://www.saos.org.pl/judgments/198750
221931|2015-12-21|SO|II Cz 802/15|Postanowienie|https://www.saos.org.pl/judgments/221931
304642|2015-12-18|SO|I C 298/13|Zarządzenie|https://www.saos.org.pl/judgments/304642
247855|2015-12-18|SO|XV Ca 1011/15|Wyrok|https://www.saos.org.pl/judgments/247855
213156|2015-12-18|SO|XII Ga 650/15|Wyrok|https://www.saos.org.pl/judgments/213156
197074|2015-12-18|SO|XII Ga 559/15|Wyrok|https://www.saos.org.pl/judgments/197074
244142|2015-12-17|SN|V CSK 508/15|Postanowienie|https://www.saos.org.pl/judgments/244142
238361|2015-12-17|SO|III AUa 266/15|Wyrok|https://www.saos.org.pl/judgments/238361
203524|2015-12-17|SO|VI U 1171/15|Wyrok|https://www.saos.org.pl/judgments/203524
199361|2015-12-17|SO|IV P 143/15|Wyrok|https://www.saos.org.pl/judgments/199361
198408|2015-12-17|SO|I ACz 2325/15|Postanowienie|https://www.saos.org.pl/judgments/198408
195523|2015-12-17|SO|XII C 2225/14|Wyrok|https://www.saos.org.pl/judgments/195523
193491|2015-12-17|SO|IX Ga 348/15|Wyrok|https://www.saos.org.pl/judgments/193491
511820|2015-12-16|SO|VII Pa 140/15|Wyrok|https://www.saos.org.pl/judgments/511820
244164|2015-12-16|SN|IV CZ 76/15|Postanowienie|https://www.saos.org.pl/judgments/244164
191728|2015-12-16|SO|VII Pz 156/15|Uzasadnienie|https://www.saos.org.pl/judgments/191728
221158|2015-12-15|SO|X Ga 491/15|Wyrok|https://www.saos.org.pl/judgments/221158
203232|2015-12-15|SO|III Cz 1719/15|Postanowienie|https://www.saos.org.pl/judgments/203232
202420|2015-12-15|SO|I ACa 849/15|Wyrok|https://www.saos.org.pl/judgments/202420
197507|2015-12-15|SO|VI U 977/15|Wyrok|https://www.saos.org.pl/judgments/197507
299248|2015-12-14|SO|II Ca 794/15|Postanowienie|https://www.saos.org.pl/judgments/299248
247390|2015-12-14|SO|II Ns 5265/14|Postanowienie|https://www.saos.org.pl/judgments/247390
214026|2015-12-14|SO|VI GC 162/14|Wyrok|https://www.saos.org.pl/judgments/214026
213697|2015-12-14|SO|XXII GWzt 53/15|Wyrok|https://www.saos.org.pl/judgments/213697
198971|2015-12-14|SO|XVII AmC 32011/13|Uzasadnienie|https://www.saos.org.pl/judgments/198971
197504|2015-12-14|SO|VI U 548/14|Wyrok|https://www.saos.org.pl/judgments/197504
196257|2015-12-14|SO|III AUa 1098/15|Wyrok|https://www.saos.org.pl/judgments/196257
249083|2015-12-11|SO|XVII AmE 3/15|Wyrok|https://www.saos.org.pl/judgments/249083
196097|2015-12-11|SO|II Ca 1703/15|Wyrok|https://www.saos.org.pl/judgments/196097
194580|2015-12-11|SO|III Ca 1351/15|Uzasadnienie|https://www.saos.org.pl/judgments/194580
191458|2015-12-11|SO|VII Pa 236/15|Uzasadnienie|https://www.saos.org.pl/judgments/191458
191066|2015-12-11|SO|XII C 1417/13|Wyrok|https://www.saos.org.pl/judgments/191066
211844|2015-12-10|SO|I ACa 1229/15|Wyrok|https://www.saos.org.pl/judgments/211844
204747|2015-12-10|SO|V GC 834/15|Wyrok|https://www.saos.org.pl/judgments/204747
204230|2015-12-10|SO|XII Ga 535/15|Wyrok|https://www.saos.org.pl/judgments/204230
197501|2015-12-10|SO|VI U 2649/14|Wyrok|https://www.saos.org.pl/judgments/197501
197499|2015-12-10|SO|VI U 1926/14|Wyrok|https://www.saos.org.pl/judgments/197499
199798|2015-12-09|SO|IV U 865/15|Wyrok|https://www.saos.org.pl/judgments/199798
216756|2015-12-08|SO|III AUa 194/15|Wyrok|https://www.saos.org.pl/judgments/216756
199275|2015-12-08|SO|I ACa 681/15|Wyrok|https://www.saos.org.pl/judgments/199275
191735|2015-12-08|SO|VII U 676/15|Wyrok|https://www.saos.org.pl/judgments/191735
252751|2015-12-07|SO|VI U 2626/15|Uzasadnienie|https://www.saos.org.pl/judgments/252751
190122|2015-12-07|SO|VII U 2294/14|Wyrok|https://www.saos.org.pl/judgments/190122
459422|2015-12-04|SO|XII Ga 587/15|Postanowienie|https://www.saos.org.pl/judgments/459422
197152|2015-12-04|SO|I ACz 740/15|Postanowienie|https://www.saos.org.pl/judgments/197152
194657|2015-12-04|SO|III Ca 1498/15|Wyrok|https://www.saos.org.pl/judgments/194657
218867|2015-12-03|SO|I ACa 627/15|Wyrok|https://www.saos.org.pl/judgments/218867
215762|2015-12-03|SO|III AUa 196/15|Wyrok|https://www.saos.org.pl/judgments/215762
212465|2015-12-03|SO|XVII AmC 32106/13|Wyrok|https://www.saos.org.pl/judgments/212465
197502|2015-12-03|SO|VI U 3058/14|Wyrok|https://www.saos.org.pl/judgments/197502
196557|2015-12-03|SO|VI U 3201/14|Wyrok|https://www.saos.org.pl/judgments/196557
192809|2015-12-03|SO|VI P 232/14|Wyrok|https://www.saos.org.pl/judgments/192809
244007|2015-12-02|SN|IV CSK 109/15|Postanowienie|https://www.saos.org.pl/judgments/244007
244006|2015-12-02|SN|IV CSK 107/15|Wyrok|https://www.saos.org.pl/judgments/244006
199274|2015-12-02|SO|I ACa 676/15|Wyrok|https://www.saos.org.pl/judgments/199274
194486|2015-12-02|SO|III Ca 1225/15|Wyrok|https://www.saos.org.pl/judgments/194486
191455|2015-12-02|SO|VII Pa 229/15|Uzasadnienie|https://www.saos.org.pl/judgments/191455
196556|2015-12-01|SO|VI U 2601/14|Wyrok|https://www.saos.org.pl/judgments/196556
192136|2015-12-01|SO|I C 665/15|Wyrok|https://www.saos.org.pl/judgments/192136
212330|2015-11-30|SO|VI ACa 1609/14|Wyrok|https://www.saos.org.pl/judgments/212330
210880|2015-11-27|SO|II C 21/15|Uzasadnienie|https://www.saos.org.pl/judgments/210880
251996|2015-11-26|SO|VI U 2101/13|Wyrok|https://www.saos.org.pl/judgments/251996
200103|2015-11-26|SO|I C 1581/15|Wyrok|https://www.saos.org.pl/judgments/200103
198294|2015-11-26|SO|V GC 616/15|Wyrok|https://www.saos.org.pl/judgments/198294
196552|2015-11-26|SO|VI U 1526/14|Wyrok|https://www.saos.org.pl/judgments/196552
195679|2015-11-26|SO|VI ACa 1724/14|Postanowienie|https://www.saos.org.pl/judgments/195679
181592|2015-11-26|SO|I ACz 2113/15|Postanowienie|https://www.saos.org.pl/judgments/181592
243935|2015-11-25|SN|II CZ 79/15|Postanowienie|https://www.saos.org.pl/judgments/243935
193751|2015-11-25|SO|III Ca 1031/15|Uzasadnienie|https://www.saos.org.pl/judgments/193751
272067|2015-11-24|SO|XVII AmC 32011/13|Wyrok|https://www.saos.org.pl/judgments/272067
192576|2015-11-24|SO|III AUa 603/15|Wyrok|https://www.saos.org.pl/judgments/192576
189938|2015-11-24|SO|II Cz 686/15|Postanowienie|https://www.saos.org.pl/judgments/189938
236948|2015-11-23|SO|IV U 206/15|Wyrok|https://www.saos.org.pl/judgments/236948
196558|2015-11-23|SO|VI U 770/15|Wyrok|https://www.saos.org.pl/judgments/196558
195490|2015-11-23|SO|VI U 1511/15|Uzasadnienie|https://www.saos.org.pl/judgments/195490
193860|2015-11-23|SO|III Ca 1226/15|Wyrok|https://www.saos.org.pl/judgments/193860
188469|2015-11-23|SO|VIII C 1897/15|Wyrok|https://www.saos.org.pl/judgments/188469
195846|2015-11-20|SO|I ACa 727/15|Wyrok|https://www.saos.org.pl/judgments/195846
193906|2015-11-20|SO|III Ca 1436/15|Wyrok|https://www.saos.org.pl/judgments/193906
329523|2015-11-19|SO|II Ca 719/15|Postanowienie|https://www.saos.org.pl/judgments/329523
243847|2015-11-19|SN|V CSK 130/15|Wyrok|https://www.saos.org.pl/judgments/243847
227675|2015-11-19|SO|II C 89/14|Wyrok|https://www.saos.org.pl/judgments/227675
196682|2015-11-19|SO|XII C 1413/15|Wyrok|https://www.saos.org.pl/judgments/196682
192075|2015-11-19|SO|I ACa 618/15|Wyrok|https://www.saos.org.pl/judgments/192075
194048|2015-11-17|SO|VIII Ga 188/15|Uzasadnienie|https://www.saos.org.pl/judgments/194048
188722|2015-11-17|SO|VIII Ns 123/13|Postanowienie|https://www.saos.org.pl/judgments/188722
196529|2015-11-13|SO|VI ACa 1645/14|Wyrok|https://www.saos.org.pl/judgments/196529
193773|2015-11-13|SO|III Ca 1084/15|Uzasadnienie|https://www.saos.org.pl/judgments/193773
193737|2015-11-13|SO|III Ca 1009/15|Uzasadnienie|https://www.saos.org.pl/judgments/193737
213805|2015-11-12|SO|I Ns 2/15|Postanowienie|https://www.saos.org.pl/judgments/213805
196554|2015-11-12|SO|VI U 229/15|Wyrok|https://www.saos.org.pl/judgments/196554
189718|2015-11-12|SO|XVIII C 558/15|Wyrok|https://www.saos.org.pl/judgments/189718
192815|2015-11-10|SO|VI U 1258/15|Uzasadnienie|https://www.saos.org.pl/judgments/192815
184624|2015-11-10|SO|III AUa 718/15|Wyrok|https://www.saos.org.pl/judgments/184624
257292|2015-11-09|SO|II Ca 492/15|Wyrok|https://www.saos.org.pl/judgments/257292
236186|2015-11-09|SO|XV Ca 1454/15|Wyrok|https://www.saos.org.pl/judgments/236186
193795|2015-11-06|SO|III Ca 1111/15|Uzasadnienie|https://www.saos.org.pl/judgments/193795
190998|2015-11-06|SO|II Ca 954/15|Postanowienie|https://www.saos.org.pl/judgments/190998
188557|2015-11-06|SO|VIII Ga 314/15|Postanowienie|https://www.saos.org.pl/judgments/188557
243757|2015-11-05|SN|V CSK 122/15|Wyrok|https://www.saos.org.pl/judgments/243757
243739|2015-11-05|SN|III PK 25/15|Wyrok|https://www.saos.org.pl/judgments/243739
189391|2015-11-05|SO|XVI Cz 1287/15|Postanowienie|https://www.saos.org.pl/judgments/189391
181579|2015-11-05|SO|I ACz 1894/15|Postanowienie|https://www.saos.org.pl/judgments/181579
203155|2015-11-04|SO|III Ca 1298/15|Postanowienie|https://www.saos.org.pl/judgments/203155
203137|2015-11-04|SO|III Ca 1121/15|Wyrok|https://www.saos.org.pl/judgments/203137
189993|2015-11-04|SO|III AUa 867/15|Wyrok|https://www.saos.org.pl/judgments/189993
181251|2015-11-04|SO|I ACa 310/15|Wyrok|https://www.saos.org.pl/judgments/181251
208253|2015-11-03|SO|III Cz 1247/15|Postanowienie|https://www.saos.org.pl/judgments/208253
190835|2015-11-03|SO|IV U 495/14|Wyrok|https://www.saos.org.pl/judgments/190835
189410|2015-11-03|SO|XVI GCo 304/15|Postanowienie|https://www.saos.org.pl/judgments/189410
430038|2015-11-02|SO|VI U 1113/15|Uzasadnienie|https://www.saos.org.pl/judgments/430038
286147|2015-10-30|SO|XX GC 758/13|Wyrok|https://www.saos.org.pl/judgments/286147
182078|2015-10-30|SO|I C 239/14|Wyrok|https://www.saos.org.pl/judgments/182078
181976|2015-10-30|SO|I C 201/12|Wyrok|https://www.saos.org.pl/judgments/181976
243669|2015-10-29|SN|I CSK 922/14|Wyrok|https://www.saos.org.pl/judgments/243669
231087|2015-10-29|SO|I ACa 126/15|Wyrok|https://www.saos.org.pl/judgments/231087
207195|2015-10-29|SO|I C 1259/15|Wyrok|https://www.saos.org.pl/judgments/207195
197756|2015-10-29|SO|V GC 472/15|Wyrok|https://www.saos.org.pl/judgments/197756
195086|2015-10-29|SO|VIII U 449/15|Wyrok|https://www.saos.org.pl/judgments/195086
184008|2015-10-29|SO|II Ns 1036/14|Postanowienie|https://www.saos.org.pl/judgments/184008
190291|2015-10-28|SO|II Ca 604/15|Wyrok|https://www.saos.org.pl/judgments/190291
186944|2015-10-28|SO|IX Ns 650/14|Postanowienie|https://www.saos.org.pl/judgments/186944
186943|2015-10-28|SO|IX Ns 41/14|Postanowienie|https://www.saos.org.pl/judgments/186943
206775|2015-10-27|TK|SK 9/13|Wyrok|https://www.saos.org.pl/judgments/206775
193522|2015-10-27|SO|VI U 1130/15|Wyrok|https://www.saos.org.pl/judgments/193522
193235|2015-10-27|SO|III Ca 1241/15|Uzasadnienie|https://www.saos.org.pl/judgments/193235
188424|2015-10-27|SO|VII Ua 94/15|Uzasadnienie|https://www.saos.org.pl/judgments/188424
184667|2015-10-27|SO|III AUa 793/15|Wyrok|https://www.saos.org.pl/judgments/184667
182522|2015-10-23|SO|I C 664/15|Wyrok|https://www.saos.org.pl/judgments/182522
181404|2015-10-23|SO|I ACa 527/15|Wyrok|https://www.saos.org.pl/judgments/181404
313170|2015-10-22|SO|II Ca 672/15|Wyrok|https://www.saos.org.pl/judgments/313170
204626|2015-10-22|SO|III AUa 613/14|Wyrok|https://www.saos.org.pl/judgments/204626
197150|2015-10-22|SO|I ACa 936/15|Wyrok|https://www.saos.org.pl/judgments/197150
193316|2015-10-22|SO|III Ca 794/15|Uzasadnienie|https://www.saos.org.pl/judgments/193316
188464|2015-10-22|SO|VIII C 1677/15|Wyrok|https://www.saos.org.pl/judgments/188464
181430|2015-10-22|SO|I ACa 568/15|Wyrok|https://www.saos.org.pl/judgments/181430
235479|2015-10-21|SO|VII U 630/15|Wyrok|https://www.saos.org.pl/judgments/235479
212547|2015-10-21|SO|I Ns 2035/14|Postanowienie|https://www.saos.org.pl/judgments/212547
194194|2015-10-21|SO|I ACa 52/15|Wyrok|https://www.saos.org.pl/judgments/194194
193399|2015-10-21|SO|III Ca 932/15|Uzasadnienie|https://www.saos.org.pl/judgments/193399
190427|2015-10-21|SO|I ACa 632/15|Wyrok|https://www.saos.org.pl/judgments/190427
203245|2015-10-20|SO|III Cz 890/15|Postanowienie|https://www.saos.org.pl/judgments/203245
184903|2015-10-20|SO|III Ca 1322/15|Wyrok|https://www.saos.org.pl/judgments/184903
184899|2015-10-20|SO|III Ca 1269/15|Wyrok|https://www.saos.org.pl/judgments/184899
184640|2015-10-20|SO|III AUa 758/15|Wyrok|https://www.saos.org.pl/judgments/184640
183341|2015-10-20|SO|II Ca 523/15|Wyrok|https://www.saos.org.pl/judgments/183341
187945|2015-10-19|SO|VI U 2258/14|Wyrok|https://www.saos.org.pl/judgments/187945
187931|2015-10-19|SO|VI U 1621/15|Uzasadnienie|https://www.saos.org.pl/judgments/187931
193126|2015-10-16|SO|III Ca 1005/15|Uzasadnienie|https://www.saos.org.pl/judgments/193126
183393|2015-10-16|SO|II Ca 642/15|Wyrok|https://www.saos.org.pl/judgments/183393
217555|2015-10-15|SO|VI ACa 1560/14|Wyrok|https://www.saos.org.pl/judgments/217555
184375|2015-10-15|SO|III AUa 282/15|Wyrok|https://www.saos.org.pl/judgments/184375
182707|2015-10-15|SO|I Ca 265/15|Postanowienie|https://www.saos.org.pl/judgments/182707
195812|2015-10-14|SO|I ACa 476/15|Wyrok|https://www.saos.org.pl/judgments/195812
182698|2015-10-14|SO|I Ca 227/15|Postanowienie|https://www.saos.org.pl/judgments/182698
194038|2015-10-13|SO|VI U 3005/14|Wyrok|https://www.saos.org.pl/judgments/194038
190644|2015-10-13|SO|IV U 6745/14|Wyrok|https://www.saos.org.pl/judgments/190644
188009|2015-10-13|SO|VI U 833/15|Wyrok|https://www.saos.org.pl/judgments/188009
187993|2015-10-13|SO|VI U 613/15|Wyrok|https://www.saos.org.pl/judgments/187993
187938|2015-10-13|SO|VI U 1972/14|Wyrok|https://www.saos.org.pl/judgments/187938
185552|2015-10-13|SO|III Cz 1132/15|Postanowienie|https://www.saos.org.pl/judgments/185552
185826|2015-10-09|SO|III RC 191/15|Postanowienie|https://www.saos.org.pl/judgments/185826
501981|2015-10-08|SO|II Ca 423/15|Postanowienie|https://www.saos.org.pl/judgments/501981
243469|2015-10-08|SN|III CSK 448/14|Wyrok|https://www.saos.org.pl/judgments/243469
243466|2015-10-08|SN|I UK 452/14|Wyrok|https://www.saos.org.pl/judgments/243466
243464|2015-10-08|SN|I UK 449/14|Wyrok|https://www.saos.org.pl/judgments/243464
227346|2015-10-08|SO|V GC 631/15|Wyrok|https://www.saos.org.pl/judgments/227346
187923|2015-10-08|SO|VI U 139/15|Wyrok|https://www.saos.org.pl/judgments/187923
182715|2015-10-08|SO|I Ca 281/15|Postanowienie|https://www.saos.org.pl/judgments/182715
180172|2015-10-08|SO|VII Pa 136/15|Uzasadnienie|https://www.saos.org.pl/judgments/180172
184632|2015-10-07|SO|III AUa 74/15|Wyrok|https://www.saos.org.pl/judgments/184632
187928|2015-10-06|SO|VI U 1576/14|Wyrok|https://www.saos.org.pl/judgments/187928
186975|2015-10-06|SO|IX U 843/15|Wyrok|https://www.saos.org.pl/judgments/186975
184599|2015-10-06|SO|III AUa 683/15|Wyrok|https://www.saos.org.pl/judgments/184599
183239|2015-10-06|SO|II Ca 170/15|Uzasadnienie|https://www.saos.org.pl/judgments/183239
181753|2015-10-06|SO|I C 1290/15|Wyrok|https://www.saos.org.pl/judgments/181753
274106|2015-10-05|SO|II Cz 1550/15|Postanowienie|https://www.saos.org.pl/judgments/274106
190436|2015-10-05|SO|I ACz 1658/15|Postanowienie|https://www.saos.org.pl/judgments/190436
182397|2015-10-05|SO|I C 467/15|Wyrok|https://www.saos.org.pl/judgments/182397
179044|2015-10-05|SO|II Cz 947/15|Postanowienie|https://www.saos.org.pl/judgments/179044
236710|2015-10-02|SO|IV U 1287/14|Wyrok|https://www.saos.org.pl/judgments/236710
188796|2015-10-02|SO|VIII Pz 24/15|Postanowienie|https://www.saos.org.pl/judgments/188796
181296|2015-10-02|SO|I ACa 396/15|Wyrok|https://www.saos.org.pl/judgments/181296
210747|2015-10-01|SO|I ACa 438/15|Wyrok|https://www.saos.org.pl/judgments/210747
189719|2015-10-01|SO|XVIII C 566/15|Wyrok|https://www.saos.org.pl/judgments/189719
304351|2015-09-30|SO|I ACa 354/15|Wyrok|https://www.saos.org.pl/judgments/304351
180726|2015-09-30|SO|III Ca 927/15|Wyrok|https://www.saos.org.pl/judgments/180726
179830|2015-09-30|SO|IV Cz 516/15|Postanowienie|https://www.saos.org.pl/judgments/179830
196379|2015-09-29|SO|III Cz 1386/15|Postanowienie|https://www.saos.org.pl/judgments/196379
235856|2015-09-28|SO|II Ca 568/15|Postanowienie|https://www.saos.org.pl/judgments/235856
195892|2015-09-28|SO|I C 119/15|Wyrok|https://www.saos.org.pl/judgments/195892
187947|2015-09-28|SO|VI U 2404/14|Wyrok|https://www.saos.org.pl/judgments/187947
180077|2015-09-25|SO|VI Gz 237/15|Postanowienie|https://www.saos.org.pl/judgments/180077
178821|2015-09-25|SO|VI Gz 239/15|Postanowienie|https://www.saos.org.pl/judgments/178821
542740|2015-09-24|SO|V Pa 116/15|Wyrok|https://www.saos.org.pl/judgments/542740
231661|2015-09-24|SO|VI U 1827/14|Wyrok|https://www.saos.org.pl/judgments/231661
194035|2015-09-24|SO|VI U 2463/14|Wyrok|https://www.saos.org.pl/judgments/194035
191045|2015-09-24|SO|VI U 1362/15|Uzasadnienie|https://www.saos.org.pl/judgments/191045
190379|2015-09-24|SO|V GC 273/14|Wyrok|https://www.saos.org.pl/judgments/190379
187980|2015-09-24|SO|VI U 505/15|Wyrok|https://www.saos.org.pl/judgments/187980
187929|2015-09-24|SO|VI U 1587/15|Wyrok|https://www.saos.org.pl/judgments/187929
187643|2015-09-24|SO|VI Gz 240/15|Postanowienie|https://www.saos.org.pl/judgments/187643
197131|2015-09-23|SO|I ACa 622/15|Wyrok|https://www.saos.org.pl/judgments/197131
180440|2015-09-23|SO|I C 1268/15|Wyrok|https://www.saos.org.pl/judgments/180440
232973|2015-09-22|SO|VI U 1623/14|Wyrok|https://www.saos.org.pl/judgments/232973
192816|2015-09-22|SO|VI U 2250/14|Uzasadnienie|https://www.saos.org.pl/judgments/192816
187960|2015-09-22|SO|VI U 333/15|Wyrok|https://www.saos.org.pl/judgments/187960
182118|2015-09-22|SO|I C 251/15|Wyrok|https://www.saos.org.pl/judgments/182118
274097|2015-09-21|SO|II Cz 1203/15|Postanowienie|https://www.saos.org.pl/judgments/274097
181564|2015-09-21|SO|I ACz 1531/15|Postanowienie|https://www.saos.org.pl/judgments/181564
212254|2015-09-18|SO|IV U 674/14|Wyrok|https://www.saos.org.pl/judgments/212254
186046|2015-09-17|SO|III U 630/14|Wyrok|https://www.saos.org.pl/judgments/186046
188471|2015-09-16|SO|VIII C 2051/15|Wyrok|https://www.saos.org.pl/judgments/188471
187642|2015-09-16|SO|VI Gz 238/15|Postanowienie|https://www.saos.org.pl/judgments/187642
181824|2015-09-16|SO|I C 1491/15|Wyrok|https://www.saos.org.pl/judgments/181824
181314|2015-09-16|SO|I ACa 421/15|Wyrok|https://www.saos.org.pl/judgments/181314
180074|2015-09-16|SO|VI Gz 227/15|Postanowienie|https://www.saos.org.pl/judgments/180074
243350|2015-09-15|SN|II UK 321/14|Wyrok|https://www.saos.org.pl/judgments/243350
184795|2015-09-11|SO|III C 1186/13|Wyrok|https://www.saos.org.pl/judgments/184795
180878|2015-09-11|SO|VIII Ga 241/15|Wyrok|https://www.saos.org.pl/judgments/180878
243267|2015-09-10|SN|II CZ 51/15|Postanowienie|https://www.saos.org.pl/judgments/243267
187932|2015-09-10|SO|VI U 1678/14|Wyrok|https://www.saos.org.pl/judgments/187932
184415|2015-09-10|SO|III AUa 399/15|Wyrok|https://www.saos.org.pl/judgments/184415
178827|2015-09-10|SO|VI Nsm 346/15|Postanowienie|https://www.saos.org.pl/judgments/178827
210194|2015-09-09|SO|I Ns 60/15|Postanowienie|https://www.saos.org.pl/judgments/210194
190575|2015-09-08|SO|III Cz 1576/14|Postanowienie|https://www.saos.org.pl/judgments/190575
189784|2015-09-08|SO|I ACa 205/15|Wyrok|https://www.saos.org.pl/judgments/189784
188488|2015-09-08|SO|VIII C 439/15|Wyrok|https://www.saos.org.pl/judgments/188488
180680|2015-09-08|SO|III AUa 480/14|Wyrok|https://www.saos.org.pl/judgments/180680
176258|2015-09-04|SO|VII Pz 92/15|Zarządzenie|https://www.saos.org.pl/judgments/176258
180565|2015-09-03|SO|II Ca 135/15|Postanowienie|https://www.saos.org.pl/judgments/180565
179003|2015-09-03|SO|VIII Pa 29/15|Wyrok|https://www.saos.org.pl/judgments/179003
196901|2015-09-02|SO|III Cz 948/15|Postanowienie|https://www.saos.org.pl/judgments/196901
179470|2015-09-02|SO|II Ca 724/15|Postanowienie|https://www.saos.org.pl/judgments/179470
178733|2015-09-02|SO|III AUz 51/15|Postanowienie|https://www.saos.org.pl/judgments/178733
191155|2015-08-31|SO|III Ca 642/15|Uzasadnienie|https://www.saos.org.pl/judgments/191155
177595|2015-08-31|SO|II Cz 534/15|Postanowienie|https://www.saos.org.pl/judgments/177595
176017|2015-08-31|SO|VIII Gz 132/15|Postanowienie|https://www.saos.org.pl/judgments/176017
243182|2015-08-27|SN|III CSK 434/14|Postanowienie|https://www.saos.org.pl/judgments/243182
187927|2015-08-25|SO|VI U 1533/14|Wyrok|https://www.saos.org.pl/judgments/187927
187918|2015-08-25|SO|VI U 1277/15|Wyrok|https://www.saos.org.pl/judgments/187918
178283|2015-08-25|SO|III Ca 1119/15|Wyrok|https://www.saos.org.pl/judgments/178283
177147|2015-08-25|SO|III Ca 1115/15|Wyrok|https://www.saos.org.pl/judgments/177147
177146|2015-08-25|SO|III Ca 1113/15|Wyrok|https://www.saos.org.pl/judgments/177146
176015|2015-08-25|SO|VIII Gz 105/15|Postanowienie|https://www.saos.org.pl/judgments/176015
539008|2015-08-24|SO|XXV C 14/15|Uzasadnienie|https://www.saos.org.pl/judgments/539008
184267|2015-08-20|SO|III AUa 1984/14|Wyrok|https://www.saos.org.pl/judgments/184267
179308|2015-08-19|SO|I C 455/15|Wyrok|https://www.saos.org.pl/judgments/179308
200192|2015-08-18|SO|III Cz 808/15|Postanowienie|https://www.saos.org.pl/judgments/200192
188861|2015-08-18|SO|VIII U 2468/14|Wyrok|https://www.saos.org.pl/judgments/188861
195469|2015-08-14|SO|VI ACa 760/15|Wyrok|https://www.saos.org.pl/judgments/195469
243116|2015-08-13|SN|I CSK 766/14|Postanowienie|https://www.saos.org.pl/judgments/243116
200286|2015-08-12|SO|XVII AmA 39/15|Postanowienie|https://www.saos.org.pl/judgments/200286
243141|2015-08-11|SN|III PK 152/14|Wyrok|https://www.saos.org.pl/judgments/243141
183406|2015-08-11|SO|II Ca 683/14|Postanowienie|https://www.saos.org.pl/judgments/183406
176970|2015-08-10|SO|I C 229/14|Wyrok|https://www.saos.org.pl/judgments/176970
539011|2015-08-07|SO|XXV C 212/15|Zarządzenie|https://www.saos.org.pl/judgments/539011
178804|2015-08-07|SO|VI ACa 313/14|Wyrok|https://www.saos.org.pl/judgments/178804
175958|2015-08-07|SO|IV Ca 346/15|Postanowienie|https://www.saos.org.pl/judgments/175958
296664|2015-08-06|SO|XVII AmC 1417/14|Postanowienie|https://www.saos.org.pl/judgments/296664
251090|2015-08-06|SO|XXIII Ga 254/15|Wyrok|https://www.saos.org.pl/judgments/251090
178626|2015-08-06|SO|III APa 6/15|Wyrok|https://www.saos.org.pl/judgments/178626
177055|2015-08-06|SO|II Ca 912/15|Wyrok|https://www.saos.org.pl/judgments/177055
177130|2015-08-05|SO|III AUz 392/15|Postanowienie|https://www.saos.org.pl/judgments/177130
173765|2015-08-05|SO|I ACa 1974/14|Wyrok|https://www.saos.org.pl/judgments/173765
172552|2015-08-05|SO|I ACz 576/15|Postanowienie|https://www.saos.org.pl/judgments/172552
178612|2015-08-04|SO|II Ns 1576/15|Postanowienie|https://www.saos.org.pl/judgments/178612
172518|2015-08-04|SO|VII Uz 11/15|Uzasadnienie|https://www.saos.org.pl/judgments/172518
358952|2015-08-03|SO|II C 1853/14|Zarządzenie|https://www.saos.org.pl/judgments/358952
189339|2015-08-03|SO|XV Ca 819/15|Wyrok|https://www.saos.org.pl/judgments/189339
190907|2015-07-30|SO|I ACa 265/15|Wyrok|https://www.saos.org.pl/judgments/190907
185350|2015-07-30|SO|III Ca 615/15|Uzasadnienie|https://www.saos.org.pl/judgments/185350
181474|2015-07-30|SO|I ACa 635/15|Wyrok|https://www.saos.org.pl/judgments/181474
174344|2015-07-29|SO|III AUz 383/15|Postanowienie|https://www.saos.org.pl/judgments/174344
215624|2015-07-28|SO|XVII AmA 46/15|Postanowienie|https://www.saos.org.pl/judgments/215624
184937|2015-07-28|SO|III Ca 1837/14|Uzasadnienie|https://www.saos.org.pl/judgments/184937
183244|2015-07-28|SO|II Ca 202/15|Wyrok|https://www.saos.org.pl/judgments/183244
185491|2015-07-27|SO|III Ca 867/15|Uzasadnienie|https://www.saos.org.pl/judgments/185491
172608|2015-07-24|SO|IX Ca 672/15|Wyrok|https://www.saos.org.pl/judgments/172608
243027|2015-07-23|SN|I CSK 654/14|Postanowienie|https://www.saos.org.pl/judgments/243027
173429|2015-07-23|SO|I Ca 185/15|Postanowienie|https://www.saos.org.pl/judgments/173429
173171|2015-07-22|SO|III AUa 262/15|Wyrok|https://www.saos.org.pl/judgments/173171
213803|2015-07-21|SO|I Ns 19/15|Uzasadnienie|https://www.saos.org.pl/judgments/213803
181383|2015-07-21|SO|I ACa 506/15|Wyrok|https://www.saos.org.pl/judgments/181383
175040|2015-07-21|SO|VIII U 169/15|Wyrok|https://www.saos.org.pl/judgments/175040
178409|2015-07-17|SO|VIII Ga 203/15|Wyrok|https://www.saos.org.pl/judgments/178409
174131|2015-07-17|SO|II Ca 489/15|Wyrok|https://www.saos.org.pl/judgments/174131
243002|2015-07-16|SN|II PK 172/14|Wyrok|https://www.saos.org.pl/judgments/243002
171409|2015-07-16|SO|III AUa 282/15|Wyrok|https://www.saos.org.pl/judgments/171409
261745|2015-07-14|SO|I Ca 260/15|Postanowienie|https://www.saos.org.pl/judgments/261745
243016|2015-07-14|SN|II UZ 10/15|Postanowienie|https://www.saos.org.pl/judgments/243016
200328|2015-07-14|SO|VI ACa 1300/14|Wyrok|https://www.saos.org.pl/judgments/200328
172607|2015-07-14|SO|IX Ca 636/15|Wyrok|https://www.saos.org.pl/judgments/172607
171626|2015-07-14|SO|IX Ca 617/15|Wyrok|https://www.saos.org.pl/judgments/171626
263991|2015-07-13|SO|VIII U 1852/14|Wyrok|https://www.saos.org.pl/judgments/263991
405755|2015-07-10|SO|XVI GC 562/15|Postanowienie|https://www.saos.org.pl/judgments/405755
242963|2015-07-10|SN|SNO 41/15|Wyrok|https://www.saos.org.pl/judgments/242963
296138|2015-07-09|SO|II Ca 1060/14|Uzasadnienie|https://www.saos.org.pl/judgments/296138
346250|2015-07-07|SO|II Cz 445/15|Postanowienie|https://www.saos.org.pl/judgments/346250
199325|2015-07-07|SO|II C 1768/14|Wyrok|https://www.saos.org.pl/judgments/199325
171711|2015-07-07|SO|II Cz 456/15|Postanowienie|https://www.saos.org.pl/judgments/171711
175137|2015-07-03|SO|XXIV C 514/15|Uzasadnienie|https://www.saos.org.pl/judgments/175137
181284|2015-07-02|SO|I ACa 381/15|Wyrok|https://www.saos.org.pl/judgments/181284
175939|2015-07-02|SO|II Ns 425/90|Postanowienie|https://www.saos.org.pl/judgments/175939
174298|2015-07-01|SO|III AUa 1868/14|Wyrok|https://www.saos.org.pl/judgments/174298
158507|2015-07-01|SO|I Ns 24/14|Postanowienie|https://www.saos.org.pl/judgments/158507
239848|2015-06-30|SO|I ACa 606/15|Wyrok|https://www.saos.org.pl/judgments/239848
236339|2015-06-30|SO|VI U 2213/14|Wyrok|https://www.saos.org.pl/judgments/236339
183344|2015-06-30|SO|II Ca 532/15|Postanowienie|https://www.saos.org.pl/judgments/183344
171294|2015-06-30|SO|VII Pa 205/14|Wyrok|https://www.saos.org.pl/judgments/171294
170293|2015-06-30|SO|I Ca 213/15|Postanowienie|https://www.saos.org.pl/judgments/170293
185052|2015-06-29|SO|III Ca 383/15|Uzasadnienie|https://www.saos.org.pl/judgments/185052
180465|2015-06-29|SO|I C 1725/14|Wyrok|https://www.saos.org.pl/judgments/180465
187483|2015-06-26|SO|VI ACa 1130/14|Wyrok|https://www.saos.org.pl/judgments/187483
242841|2015-06-25|SN|V CSK 561/14|Postanowienie|https://www.saos.org.pl/judgments/242841
242835|2015-06-25|SN|III CZP 39/15|Postanowienie|https://www.saos.org.pl/judgments/242835
172754|2015-06-25|SO|III AUa 918/14|Wyrok|https://www.saos.org.pl/judgments/172754
242877|2015-06-24|SN|II PK 200/14|Wyrok|https://www.saos.org.pl/judgments/242877
242875|2015-06-24|SN|II PK 189/14|Wyrok|https://www.saos.org.pl/judgments/242875
223655|2015-06-24|SO|V Ca 2849/14|Wyrok|https://www.saos.org.pl/judgments/223655
177049|2015-06-24|SO|II Ca 4/15|Wyrok|https://www.saos.org.pl/judgments/177049
172312|2015-06-24|SO|I ACz 1111/15|Postanowienie|https://www.saos.org.pl/judgments/172312
171536|2015-06-24|SO|VI ACa 1119/14|Wyrok|https://www.saos.org.pl/judgments/171536
185464|2015-06-23|SO|III Ca 834/15|Uzasadnienie|https://www.saos.org.pl/judgments/185464
178753|2015-06-23|SO|IV U 149/15|Wyrok|https://www.saos.org.pl/judgments/178753
172709|2015-06-23|SO|II C 922/14|Wyrok|https://www.saos.org.pl/judgments/172709
175922|2015-06-22|SO|II Cz 390/15|Postanowienie|https://www.saos.org.pl/judgments/175922
174960|2015-06-19|SO|VI Pa 47/15|Wyrok|https://www.saos.org.pl/judgments/174960
242743|2015-06-18|SN|III CZP 32/15|Postanowienie|https://www.saos.org.pl/judgments/242743
178148|2015-06-18|SO|I ACa 186/15|Wyrok|https://www.saos.org.pl/judgments/178148
170050|2015-06-18|SO|VIII Ga 106/15|Uzasadnienie|https://www.saos.org.pl/judgments/170050
157608|2015-06-18|SO|VII Ua 41/15|Uzasadnienie|https://www.saos.org.pl/judgments/157608
157604|2015-06-18|SO|VII Ua 35/15|Uzasadnienie|https://www.saos.org.pl/judgments/157604
159474|2015-06-17|SO|I Ca 118/15|Wyrok|https://www.saos.org.pl/judgments/159474
242792|2015-06-16|SN|III PK 30/15|Postanowienie|https://www.saos.org.pl/judgments/242792
238424|2015-06-16|SO|VI U 3004/14|Wyrok|https://www.saos.org.pl/judgments/238424
172589|2015-06-16|SO|II Cz 372/15|Postanowienie|https://www.saos.org.pl/judgments/172589
223386|2015-06-15|SO|VI U 1476/14|Wyrok|https://www.saos.org.pl/judgments/223386
180146|2015-06-15|SO|VI U 2794/14|Wyrok|https://www.saos.org.pl/judgments/180146
175533|2015-06-15|SO|VI U 188/15|Wyrok|https://www.saos.org.pl/judgments/175533
203461|2015-06-12|SO|VI ACa 879/15|Wyrok|https://www.saos.org.pl/judgments/203461
170959|2015-06-12|SO|V Pa 22/15|Wyrok|https://www.saos.org.pl/judgments/170959
420026|2015-06-10|SO|V Ca 1030/15|Uzasadnienie|https://www.saos.org.pl/judgments/420026
172123|2015-06-10|SO|X U 1508/14|Wyrok|https://www.saos.org.pl/judgments/172123
217154|2015-06-09|SO|XV Ca 629/15|Wyrok|https://www.saos.org.pl/judgments/217154
206824|2015-06-09|TK|Ts 12/14|Postanowienie|https://www.saos.org.pl/judgments/206824
175544|2015-06-09|SO|VI U 2849/14|Wyrok|https://www.saos.org.pl/judgments/175544
173732|2015-06-08|SO|XII C 2506/13|Wyrok|https://www.saos.org.pl/judgments/173732
157724|2015-06-08|SO|V Ca 1149/14|Uzasadnienie|https://www.saos.org.pl/judgments/157724
155049|2015-06-08|SO|I Ns 661/13|Uzasadnienie|https://www.saos.org.pl/judgments/155049
245557|2015-06-03|SN|V CSK 550/14|Wyrok|https://www.saos.org.pl/judgments/245557
169396|2015-06-03|SO|II Cz 415/15|Postanowienie|https://www.saos.org.pl/judgments/169396
156382|2015-06-03|SO|III AUa 458/15|Postanowienie|https://www.saos.org.pl/judgments/156382
196381|2015-06-02|SO|III Cz 602/15|Postanowienie|https://www.saos.org.pl/judgments/196381
180144|2015-06-02|SO|VI U 2458/14|Wyrok|https://www.saos.org.pl/judgments/180144
177571|2015-06-02|SO|II C 136/15|Wyrok|https://www.saos.org.pl/judgments/177571
175540|2015-06-02|SO|VI U 2598/14|Wyrok|https://www.saos.org.pl/judgments/175540
173849|2015-06-02|SO|I C 1181/14|Wyrok|https://www.saos.org.pl/judgments/173849
170957|2015-06-02|SO|V Pa 152/14|Wyrok|https://www.saos.org.pl/judgments/170957
170122|2015-06-02|SO|II Cz 218/15|Postanowienie|https://www.saos.org.pl/judgments/170122
169160|2015-06-02|SO|I ACa 385/15|Wyrok|https://www.saos.org.pl/judgments/169160
156037|2015-06-02|SO|III U 330/15|Wyrok|https://www.saos.org.pl/judgments/156037
245518|2015-05-29|SN|V CSK 448/14|Wyrok|https://www.saos.org.pl/judgments/245518
156793|2015-05-29|SO|XVII AmA 27/15|Postanowienie|https://www.saos.org.pl/judgments/156793
156787|2015-05-29|SO|XVII AmA 155/14|Postanowienie|https://www.saos.org.pl/judgments/156787
179459|2015-05-28|SO|II Ca 467/15|Wyrok|https://www.saos.org.pl/judgments/179459
175542|2015-05-28|SO|VI U 2648/14|Wyrok|https://www.saos.org.pl/judgments/175542
159394|2015-05-28|SO|VI Gz 145/15|Postanowienie|https://www.saos.org.pl/judgments/159394
158562|2015-05-28|SO|III Ca 318/15|Postanowienie|https://www.saos.org.pl/judgments/158562
154979|2015-05-28|SO|VII Uz 8/15|Uzasadnienie|https://www.saos.org.pl/judgments/154979
199349|2015-05-27|SO|III AUa 550/15|Wyrok|https://www.saos.org.pl/judgments/199349
177236|2015-05-27|SO|V ACa 18/15|Wyrok|https://www.saos.org.pl/judgments/177236
156325|2015-05-27|SO|I Co 3321/14|Postanowienie|https://www.saos.org.pl/judgments/156325
175539|2015-05-26|SO|VI U 2312/14|Wyrok|https://www.saos.org.pl/judgments/175539
175534|2015-05-26|SO|VI U 1925/14|Wyrok|https://www.saos.org.pl/judgments/175534
179461|2015-05-25|SO|II Ca 475/15|Postanowienie|https://www.saos.org.pl/judgments/179461
169887|2015-05-22|SO|VI ACa 1017/14|Wyrok|https://www.saos.org.pl/judgments/169887
157952|2015-05-22|SO|IV Cz 243/15|Postanowienie|https://www.saos.org.pl/judgments/157952
298112|2015-05-21|SO|II Ca 1353/14|Wyrok|https://www.saos.org.pl/judgments/298112
156226|2015-05-21|SO|I ACa 154/15|Wyrok|https://www.saos.org.pl/judgments/156226
153851|2015-05-21|SO|VII Pa 84/15|Uzasadnienie|https://www.saos.org.pl/judgments/153851
214626|2015-05-20|SO|I ACa 1226/14|Wyrok|https://www.saos.org.pl/judgments/214626
185042|2015-05-19|SO|III Ca 377/15|Wyrok|https://www.saos.org.pl/judgments/185042
175537|2015-05-19|SO|VI U 2261/14|Wyrok|https://www.saos.org.pl/judgments/175537
158297|2015-05-19|SO|VIII Ga 84/15|Uzasadnienie|https://www.saos.org.pl/judgments/158297
156994|2015-05-19|SO|V Pa 10/15|Postanowienie|https://www.saos.org.pl/judgments/156994
245485|2015-05-14|SN|I CSK 477/14|Wyrok|https://www.saos.org.pl/judgments/245485
156884|2015-05-14|SO|I ACa 38/15|Wyrok|https://www.saos.org.pl/judgments/156884
177053|2015-05-13|SO|II Ca 863/14|Uzasadnienie|https://www.saos.org.pl/judgments/177053
157800|2015-05-13|SO|I ACa 442/14|Wyrok|https://www.saos.org.pl/judgments/157800
222449|2015-05-12|SO|I Ns 977/14|Postanowienie|https://www.saos.org.pl/judgments/222449
187933|2015-05-12|SO|VI U 1769/14|Wyrok|https://www.saos.org.pl/judgments/187933
174627|2015-05-12|SO|III Ca 96/15|Uzasadnienie|https://www.saos.org.pl/judgments/174627
169996|2015-05-12|SO|II Cz 274/15|Postanowienie|https://www.saos.org.pl/judgments/169996
169994|2015-05-12|SO|II Cz 272/15|Postanowienie|https://www.saos.org.pl/judgments/169994
169993|2015-05-12|SO|II Cz 270/15|Postanowienie|https://www.saos.org.pl/judgments/169993
169990|2015-05-12|SO|II Cz 249/15|Postanowienie|https://www.saos.org.pl/judgments/169990
169988|2015-05-12|SO|II Cz 246/15|Postanowienie|https://www.saos.org.pl/judgments/169988
191072|2015-05-11|SO|XV Ca 281/15|Uzasadnienie|https://www.saos.org.pl/judgments/191072
176074|2015-05-11|SO|XVI GCo 51/15|Postanowienie|https://www.saos.org.pl/judgments/176074
159444|2015-05-11|SO|I ACa 201/15|Wyrok|https://www.saos.org.pl/judgments/159444
217574|2015-05-07|SO|VI U 1234/14|Wyrok|https://www.saos.org.pl/judgments/217574
175693|2015-05-07|SO|I ACa 703/14|Wyrok|https://www.saos.org.pl/judgments/175693
175029|2015-05-07|SO|VIII Pa 2/15|Wyrok|https://www.saos.org.pl/judgments/175029
159406|2015-05-07|SO|VI U 254/14|Wyrok|https://www.saos.org.pl/judgments/159406
157757|2015-05-07|SO|I ACa 1557/14|Wyrok|https://www.saos.org.pl/judgments/157757
156704|2015-05-07|SO|VIII Ga 58/15|Wyrok|https://www.saos.org.pl/judgments/156704
154275|2015-05-07|SO|IX Ua 2/15|Wyrok|https://www.saos.org.pl/judgments/154275
153466|2015-05-07|SO|IX Ca 949/14|Postanowienie|https://www.saos.org.pl/judgments/153466
297790|2015-05-06|SO|II Ca 1265/14|Wyrok|https://www.saos.org.pl/judgments/297790
158179|2015-05-06|SO|III AUa 910/14|Wyrok|https://www.saos.org.pl/judgments/158179
155033|2015-05-06|SO|I C 459/15|Wyrok|https://www.saos.org.pl/judgments/155033
153135|2015-05-06|SO|III AUa 157/15|Wyrok|https://www.saos.org.pl/judgments/153135
185206|2015-05-05|SO|III Ca 506/15|Wyrok|https://www.saos.org.pl/judgments/185206
346202|2015-05-04|SO|II Ca 296/15|Postanowienie|https://www.saos.org.pl/judgments/346202
298923|2015-04-30|SO|II Ca 463/15|Postanowienie|https://www.saos.org.pl/judgments/298923
224197|2015-04-30|SO|V GC 89/15|Wyrok|https://www.saos.org.pl/judgments/224197
197376|2015-04-30|SO|IV U 1235/13|Wyrok|https://www.saos.org.pl/judgments/197376
176753|2015-04-30|SO|IV U 733/14|Wyrok|https://www.saos.org.pl/judgments/176753
174760|2015-04-30|SO|IV Pa 8/15|Wyrok|https://www.saos.org.pl/judgments/174760
169890|2015-04-30|SO|VI ACa 904/14|Wyrok|https://www.saos.org.pl/judgments/169890
157226|2015-04-30|SO|I ACa 712/14|Wyrok|https://www.saos.org.pl/judgments/157226
156399|2015-04-30|SO|III Ca 110/12|Postanowienie|https://www.saos.org.pl/judgments/156399
152596|2015-04-30|SO|III AUa 1643/14|Wyrok|https://www.saos.org.pl/judgments/152596
156220|2015-04-29|SO|I ACa 1061/14|Wyrok|https://www.saos.org.pl/judgments/156220
154657|2015-04-29|SO|I ACa 1613/14|Wyrok|https://www.saos.org.pl/judgments/154657
153257|2015-04-29|SO|I Ca 109/15|Postanowienie|https://www.saos.org.pl/judgments/153257
152030|2015-04-29|SO|II Cz 224/15|Postanowienie|https://www.saos.org.pl/judgments/152030
171501|2015-04-28|SO|X Ga 153/15|Wyrok|https://www.saos.org.pl/judgments/171501
159407|2015-04-28|SO|VI U 3347/14|Wyrok|https://www.saos.org.pl/judgments/159407
157209|2015-04-28|SO|VIII U 175/15|Wyrok|https://www.saos.org.pl/judgments/157209
155239|2015-04-28|SO|VIII U 40/15|Wyrok|https://www.saos.org.pl/judgments/155239
150536|2015-04-28|SO|VII Pz 35/15|Uzasadnienie|https://www.saos.org.pl/judgments/150536
153754|2015-04-24|SO|II Ca 1423/14|Postanowienie|https://www.saos.org.pl/judgments/153754
173277|2015-04-23|SO|III Ca 1922/14|Wyrok|https://www.saos.org.pl/judgments/173277
157337|2015-04-23|SO|IV U 304/15|Wyrok|https://www.saos.org.pl/judgments/157337
157336|2015-04-23|SO|IV U 291/15|Wyrok|https://www.saos.org.pl/judgments/157336
156672|2015-04-23|SO|VI U 1672/14|Wyrok|https://www.saos.org.pl/judgments/156672
155559|2015-04-23|SO|I ACa 67/15|Wyrok|https://www.saos.org.pl/judgments/155559
152430|2015-04-23|SO|I Ca 230/14|Wyrok|https://www.saos.org.pl/judgments/152430
171357|2015-04-22|SO|II Ca 991/14|Postanowienie|https://www.saos.org.pl/judgments/171357
153258|2015-04-21|SO|I Ca 219/14|Postanowienie|https://www.saos.org.pl/judgments/153258
152175|2015-04-21|SO|I ACa 1199/14|Wyrok|https://www.saos.org.pl/judgments/152175
149803|2015-04-21|SO|II Cz 336/15|Postanowienie|https://www.saos.org.pl/judgments/149803
346198|2015-04-20|SO|II Ca 20/15|Postanowienie|https://www.saos.org.pl/judgments/346198
175132|2015-04-20|SO|XXIII Ga 285/15|Wyrok|https://www.saos.org.pl/judgments/175132
152195|2015-04-20|SO|I C 111/15|Zarządzenie|https://www.saos.org.pl/judgments/152195
221810|2015-04-17|SO|I C 1613/14|Wyrok|https://www.saos.org.pl/judgments/221810
152204|2015-04-17|SO|I Ns 531/14|Uzasadnienie|https://www.saos.org.pl/judgments/152204
175530|2015-04-16|SO|VI U 1528/14|Wyrok|https://www.saos.org.pl/judgments/175530
150756|2015-04-16|SO|XII C 2207/14|Wyrok|https://www.saos.org.pl/judgments/150756
245418|2015-04-15|SN|IV CSK 417/14|Wyrok|https://www.saos.org.pl/judgments/245418
180357|2015-04-15|SO|XVII AmC 1136/13|Uzasadnienie|https://www.saos.org.pl/judgments/180357
180355|2015-04-15|SO|XVII AmC 1135/13|Uzasadnienie|https://www.saos.org.pl/judgments/180355
168867|2015-04-15|SN|IV CZ 7/15|Postanowienie|https://www.saos.org.pl/judgments/168867
168866|2015-04-15|SN|IV CZ 6/15|Postanowienie|https://www.saos.org.pl/judgments/168866
155231|2015-04-15|SO|VIII U 2371/14|Wyrok|https://www.saos.org.pl/judgments/155231
154746|2015-04-15|SO|V GC 585/14|Wyrok|https://www.saos.org.pl/judgments/154746
153241|2015-04-15|SO|I C 409/14|Uzasadnienie|https://www.saos.org.pl/judgments/153241
176272|2015-04-14|SO|XVI GCo 69/15|Postanowienie|https://www.saos.org.pl/judgments/176272
175552|2015-04-14|SO|VI U 789/14|Wyrok|https://www.saos.org.pl/judgments/175552
169388|2015-04-14|SO|II Ca 87/15|Wyrok|https://www.saos.org.pl/judgments/169388
168879|2015-04-14|SN|II PK 146/14|Wyrok|https://www.saos.org.pl/judgments/168879
158899|2015-04-14|SO|I ACa 1464/14|Wyrok|https://www.saos.org.pl/judgments/158899
158632|2015-04-14|SO|I ACa 127/15|Wyrok|https://www.saos.org.pl/judgments/158632
155236|2015-04-14|SO|VIII U 326/15|Wyrok|https://www.saos.org.pl/judgments/155236
150661|2015-04-14|SO|II Ca 170/15|Wyrok|https://www.saos.org.pl/judgments/150661
154365|2015-04-13|SO|I ACz 27/15|Postanowienie|https://www.saos.org.pl/judgments/154365
152504|2015-04-13|SO|VIII Gz 25/15|Postanowienie|https://www.saos.org.pl/judgments/152504
152503|2015-04-13|SO|VIII Gz 24/15|Postanowienie|https://www.saos.org.pl/judgments/152503
176745|2015-04-10|SO|IV U 670/14|Wyrok|https://www.saos.org.pl/judgments/176745
172968|2015-04-10|SO|III Ca 781/12|Wyrok|https://www.saos.org.pl/judgments/172968
156702|2015-04-10|SO|VIII Ga 43/15|Wyrok|https://www.saos.org.pl/judgments/156702
171070|2015-04-09|SO|III AUa 602/14|Wyrok|https://www.saos.org.pl/judgments/171070
168805|2015-04-09|SN|V CZ 116/14|Postanowienie|https://www.saos.org.pl/judgments/168805
154758|2015-04-09|SO|VI U 1830/14|Wyrok|https://www.saos.org.pl/judgments/154758
184946|2015-04-08|SO|III Ca 189/15|Postanowienie|https://www.saos.org.pl/judgments/184946
176752|2015-04-08|SO|IV U 712/14|Wyrok|https://www.saos.org.pl/judgments/176752
176733|2015-04-08|SO|IV U 244/14|Wyrok|https://www.saos.org.pl/judgments/176733
171429|2015-04-08|SO|III AUz 169/15|Postanowienie|https://www.saos.org.pl/judgments/171429
154247|2015-04-08|SO|III AUz 168/15|Postanowienie|https://www.saos.org.pl/judgments/154247
153517|2015-04-08|SO|XII Ga 694/14|Wyrok|https://www.saos.org.pl/judgments/153517
152095|2015-04-08|SO|IV Pa 10/15|Wyrok|https://www.saos.org.pl/judgments/152095
199114|2015-04-02|SO|III AUz 12/15|Postanowienie|https://www.saos.org.pl/judgments/199114
184902|2015-04-02|SO|III Ca 130/15|Wyrok|https://www.saos.org.pl/judgments/184902
168734|2015-04-02|SN|I CSK 169/14|Wyrok|https://www.saos.org.pl/judgments/168734
156210|2015-04-02|SO|XVII AmC 33038/13|Uzasadnienie|https://www.saos.org.pl/judgments/156210
151882|2015-04-02|SO|II Ca 731/14|Uzasadnienie|https://www.saos.org.pl/judgments/151882
174804|2015-04-01|SO|IV U 678/14|Wyrok|https://www.saos.org.pl/judgments/174804
172378|2015-03-31|SO|III Ca 1553/14|Uzasadnienie|https://www.saos.org.pl/judgments/172378
157350|2015-03-31|SO|V Pa 212/13|Wyrok|https://www.saos.org.pl/judgments/157350
156673|2015-03-31|SO|VI U 450/14|Wyrok|https://www.saos.org.pl/judgments/156673
156671|2015-03-31|SO|VI U 1376/14|Wyrok|https://www.saos.org.pl/judgments/156671
155574|2015-03-31|SO|I ACa 958/14|Wyrok|https://www.saos.org.pl/judgments/155574
153331|2015-03-31|SO|VI U 693/14|Wyrok|https://www.saos.org.pl/judgments/153331
151887|2015-03-31|SO|II Cz 106/15|Postanowienie|https://www.saos.org.pl/judgments/151887
150625|2015-03-31|SO|I C 159/14|Wyrok|https://www.saos.org.pl/judgments/150625
183214|2015-03-30|SO|II Ca 118/15|Wyrok|https://www.saos.org.pl/judgments/183214
172810|2015-03-30|SO|III Ca 1686/14|Uzasadnienie|https://www.saos.org.pl/judgments/172810
187538|2015-03-27|SO|VI ACa 526/14|Wyrok|https://www.saos.org.pl/judgments/187538
174802|2015-03-27|SO|IV U 659/14|Wyrok|https://www.saos.org.pl/judgments/174802
174801|2015-03-27|SO|IV U 654/14|Wyrok|https://www.saos.org.pl/judgments/174801
174785|2015-03-27|SO|IV U 382/14|Wyrok|https://www.saos.org.pl/judgments/174785
174784|2015-03-27|SO|IV U 357/14|Wyrok|https://www.saos.org.pl/judgments/174784
176356|2015-03-26|SO|III Ca 1740/14|Wyrok|https://www.saos.org.pl/judgments/176356
168674|2015-03-26|SN|IV CSK 574/14|Postanowienie|https://www.saos.org.pl/judgments/168674
155827|2015-03-26|SO|II Cz 204/15|Postanowienie|https://www.saos.org.pl/judgments/155827
155719|2015-03-26|SO|II Ca 184/15|Postanowienie|https://www.saos.org.pl/judgments/155719
155712|2015-03-26|SO|II Ca 136/15|Postanowienie|https://www.saos.org.pl/judgments/155712
153755|2015-03-26|SO|II Ca 157/15|Wyrok|https://www.saos.org.pl/judgments/153755
152688|2015-03-26|SO|I ACa 62/15|Wyrok|https://www.saos.org.pl/judgments/152688
150820|2015-03-26|SO|I ACa 1399/14|Wyrok|https://www.saos.org.pl/judgments/150820
148256|2015-03-26|SO|II Cz 867/14|Postanowienie|https://www.saos.org.pl/judgments/148256
174811|2015-03-25|SO|IV U 84/14|Wyrok|https://www.saos.org.pl/judgments/174811
152231|2015-03-25|SO|III AUa 1812/14|Wyrok|https://www.saos.org.pl/judgments/152231
151226|2015-03-25|SO|VIII Ga 261/14|Uzasadnienie|https://www.saos.org.pl/judgments/151226
297394|2015-03-24|SO|II Ca 922/14|Postanowienie|https://www.saos.org.pl/judgments/297394
159678|2015-03-24|SO|III Ca 1202/14|Postanowienie|https://www.saos.org.pl/judgments/159678
153394|2015-03-24|SO|I Ns 144/13|Postanowienie|https://www.saos.org.pl/judgments/153394
272449|2015-03-23|SO|XVII AmC 1136/13|Wyrok|https://www.saos.org.pl/judgments/272449
272448|2015-03-23|SO|XVII AmC 1135/13|Wyrok|https://www.saos.org.pl/judgments/272448
174792|2015-03-20|SO|IV U 538/14|Wyrok|https://www.saos.org.pl/judgments/174792
174788|2015-03-20|SO|IV U 490/14|Wyrok|https://www.saos.org.pl/judgments/174788
174761|2015-03-20|SO|IV U 100/14|Wyrok|https://www.saos.org.pl/judgments/174761
169967|2015-03-20|SO|II Ca 193/15|Wyrok|https://www.saos.org.pl/judgments/169967
168589|2015-03-20|SN|II CSK 229/14|Postanowienie|https://www.saos.org.pl/judgments/168589
153552|2015-03-20|SO|I ACz 138/15|Postanowienie|https://www.saos.org.pl/judgments/153552
176072|2015-03-19|SO|XVI GCo 45/15|Postanowienie|https://www.saos.org.pl/judgments/176072
168600|2015-03-19|SN|IV CNP 58/14|Postanowienie|https://www.saos.org.pl/judgments/168600
151883|2015-03-19|SO|II Ca 87/15|Wyrok|https://www.saos.org.pl/judgments/151883
149672|2015-03-19|SO|X Ga 77/15|Postanowienie|https://www.saos.org.pl/judgments/149672
272786|2015-03-18|SO|XVII AmC 33038/13|Wyrok|https://www.saos.org.pl/judgments/272786
177482|2015-03-18|SO|VI ACa 137/14|Wyrok|https://www.saos.org.pl/judgments/177482
159242|2015-03-18|SO|III Ca 1817/14|Wyrok|https://www.saos.org.pl/judgments/159242
190535|2015-03-17|SO|II Cz 307/15|Postanowienie|https://www.saos.org.pl/judgments/190535
150514|2015-03-17|SO|VI ACa 1428/14|Wyrok|https://www.saos.org.pl/judgments/150514
148200|2015-03-17|SO|V ACa 641/14|Wyrok|https://www.saos.org.pl/judgments/148200
135439|2015-03-17|SO|IX GC 344/14|Wyrok|https://www.saos.org.pl/judgments/135439
135438|2015-03-17|SO|IX GC 19/15|Wyrok|https://www.saos.org.pl/judgments/135438
132686|2015-03-17|SO|II Ca 108/15|Wyrok|https://www.saos.org.pl/judgments/132686
172131|2015-03-16|SO|XVI Cz 232/15|Postanowienie|https://www.saos.org.pl/judgments/172131
157149|2015-03-13|SO|IV U 403/14|Wyrok|https://www.saos.org.pl/judgments/157149
157137|2015-03-13|SO|IV U 124/14|Wyrok|https://www.saos.org.pl/judgments/157137
297401|2015-03-12|SO|II Ca 936/14|Postanowienie|https://www.saos.org.pl/judgments/297401
207009|2015-03-12|TK|Ts 266/14|Postanowienie|https://www.saos.org.pl/judgments/207009
190534|2015-03-12|SO|II Cz 291/15|Postanowienie|https://www.saos.org.pl/judgments/190534
176913|2015-03-12|SO|I ACa 821/14|Wyrok|https://www.saos.org.pl/judgments/176913
297757|2015-03-11|SO|II Ca 1150/14|Wyrok|https://www.saos.org.pl/judgments/297757
174798|2015-03-11|SO|IV U 608/14|Wyrok|https://www.saos.org.pl/judgments/174798
157154|2015-03-11|SO|IV U 545/14|Wyrok|https://www.saos.org.pl/judgments/157154
185580|2015-03-10|SO|III Cz 1809/14|Postanowienie|https://www.saos.org.pl/judgments/185580
152678|2015-03-10|SO|I ACa 1218/14|Wyrok|https://www.saos.org.pl/judgments/152678
151803|2015-03-10|SO|VI U 300/14|Wyrok|https://www.saos.org.pl/judgments/151803
148277|2015-03-10|SO|VIII Ca 682/14|Postanowienie|https://www.saos.org.pl/judgments/148277
135179|2015-03-10|SO|VI Ga 413/14|Wyrok|https://www.saos.org.pl/judgments/135179
152987|2015-03-06|SO|IV U 537/14|Wyrok|https://www.saos.org.pl/judgments/152987
152983|2015-03-06|SO|IV U 514/14|Wyrok|https://www.saos.org.pl/judgments/152983
152981|2015-03-06|SO|IV U 504/14|Wyrok|https://www.saos.org.pl/judgments/152981
148255|2015-03-06|SO|II Cz 35/15|Postanowienie|https://www.saos.org.pl/judgments/148255
131138|2015-03-05|SO|VII Pz 137/14|Uzasadnienie|https://www.saos.org.pl/judgments/131138
130926|2015-03-05|SO|VII Pz 136/14|Uzasadnienie|https://www.saos.org.pl/judgments/130926
206860|2015-03-04|TK|Ts 50/14|Postanowienie|https://www.saos.org.pl/judgments/206860
153211|2015-03-04|SO|I ACa 1741/14|Wyrok|https://www.saos.org.pl/judgments/153211
152997|2015-03-04|SO|IV U 843/14|Wyrok|https://www.saos.org.pl/judgments/152997
152990|2015-03-04|SO|IV U 603/14|Wyrok|https://www.saos.org.pl/judgments/152990
152989|2015-03-04|SO|IV U 597/14|Wyrok|https://www.saos.org.pl/judgments/152989
152988|2015-03-04|SO|IV U 592/14|Wyrok|https://www.saos.org.pl/judgments/152988
152986|2015-03-04|SO|IV U 525/14|Wyrok|https://www.saos.org.pl/judgments/152986
152985|2015-03-04|SO|IV U 522/14|Wyrok|https://www.saos.org.pl/judgments/152985
152984|2015-03-04|SO|IV U 520/14|Wyrok|https://www.saos.org.pl/judgments/152984
135195|2015-03-04|SO|IV Pa 9/15|Wyrok|https://www.saos.org.pl/judgments/135195
130924|2015-03-04|SO|VII Pa 400/14|Uzasadnienie|https://www.saos.org.pl/judgments/130924
153330|2015-03-03|SO|VI U 2698/13|Wyrok|https://www.saos.org.pl/judgments/153330
151802|2015-03-03|SO|VI U 1472/14|Wyrok|https://www.saos.org.pl/judgments/151802
135505|2015-03-03|SO|I C 1586/14|Wyrok|https://www.saos.org.pl/judgments/135505
183460|2015-03-02|SO|II Cz 115/15|Postanowienie|https://www.saos.org.pl/judgments/183460
130204|2015-02-27|SO|VII Pa 8/15|Uzasadnienie|https://www.saos.org.pl/judgments/130204
211419|2015-02-26|SO|VI U 2162/14|Wyrok|https://www.saos.org.pl/judgments/211419
184572|2015-02-25|SO|III AUa 641/14|Wyrok|https://www.saos.org.pl/judgments/184572
168428|2015-02-25|SN|V CSK 450/14|Postanowienie|https://www.saos.org.pl/judgments/168428
153559|2015-02-25|SO|I C 1312/14|Wyrok|https://www.saos.org.pl/judgments/153559
174629|2015-02-24|SO|III Cz 113/15|Postanowienie|https://www.saos.org.pl/judgments/174629
168429|2015-02-24|SN|II PK 51/14|Wyrok|https://www.saos.org.pl/judgments/168429
152953|2015-02-24|SO|III U 35/15|Wyrok|https://www.saos.org.pl/judgments/152953
130781|2015-02-24|SO|VII Pa 388/14|Uzasadnienie|https://www.saos.org.pl/judgments/130781
169974|2015-02-23|SO|II Ca 97/15|Wyrok|https://www.saos.org.pl/judgments/169974
148287|2015-02-23|SO|I ACa 762/14|Wyrok|https://www.saos.org.pl/judgments/148287
168289|2015-02-20|SN|V CSK 239/14|Postanowienie|https://www.saos.org.pl/judgments/168289
152629|2015-02-20|SO|IV U 976/13|Wyrok|https://www.saos.org.pl/judgments/152629
150383|2015-02-20|SO|II AKa 326/14|Wyrok|https://www.saos.org.pl/judgments/150383
149040|2015-02-20|SO|I ACa 1251/14|Wyrok|https://www.saos.org.pl/judgments/149040
168310|2015-02-19|SN|III CZ 3/15|Postanowienie|https://www.saos.org.pl/judgments/168310
153673|2015-02-19|SO|IV U 994/14|Wyrok|https://www.saos.org.pl/judgments/153673
149172|2015-02-19|SO|VI U 974/14|Wyrok|https://www.saos.org.pl/judgments/149172
149039|2015-02-19|SO|I ACa 1163/14|Wyrok|https://www.saos.org.pl/judgments/149039
346395|2015-02-18|SO|II Cz 42/15|Postanowienie|https://www.saos.org.pl/judgments/346395
223227|2015-02-18|SO|I ACz 178/15|Postanowienie|https://www.saos.org.pl/judgments/223227
149861|2015-02-18|SO|VIII U 2350/14|Wyrok|https://www.saos.org.pl/judgments/149861
133508|2015-02-18|SO|IX GC 672/14|Wyrok|https://www.saos.org.pl/judgments/133508
133507|2015-02-18|SO|IX GC 593/14|Wyrok|https://www.saos.org.pl/judgments/133507
133506|2015-02-18|SO|IX GC 247/14|Wyrok|https://www.saos.org.pl/judgments/133506
174647|2015-02-17|SO|III Cz 44/15|Postanowienie|https://www.saos.org.pl/judgments/174647
153671|2015-02-17|SO|IV U 888/14|Wyrok|https://www.saos.org.pl/judgments/153671
153660|2015-02-17|SO|IV U 1252/13|Wyrok|https://www.saos.org.pl/judgments/153660
153659|2015-02-17|SO|IV U 1056/13|Wyrok|https://www.saos.org.pl/judgments/153659
133338|2015-02-17|SO|II Cz 2318/14|Postanowienie|https://www.saos.org.pl/judgments/133338
133337|2015-02-17|SO|II Cz 2316/14|Postanowienie|https://www.saos.org.pl/judgments/133337
152625|2015-02-13|SO|IV U 484/14|Wyrok|https://www.saos.org.pl/judgments/152625
297331|2015-02-12|SO|II Ca 565/14|Uzasadnienie|https://www.saos.org.pl/judgments/297331
168239|2015-02-12|SN|IV CSK 251/14|Postanowienie|https://www.saos.org.pl/judgments/168239
152810|2015-02-12|SO|IV U 394/14|Wyrok|https://www.saos.org.pl/judgments/152810
152806|2015-02-12|SO|IV U 233/14|Wyrok|https://www.saos.org.pl/judgments/152806
206864|2015-02-11|TK|Ts 55/14|Postanowienie|https://www.saos.org.pl/judgments/206864
135440|2015-02-11|SO|IX GC 621/14|Wyrok|https://www.saos.org.pl/judgments/135440
251052|2015-02-10|SO|XVII AmE 37/12|Wyrok|https://www.saos.org.pl/judgments/251052
173800|2015-02-10|SO|I ACa 680/14|Wyrok|https://www.saos.org.pl/judgments/173800
152811|2015-02-10|SO|IV U 408/14|Wyrok|https://www.saos.org.pl/judgments/152811
134560|2015-02-10|SO|I ACz 159/15|Postanowienie|https://www.saos.org.pl/judgments/134560
156506|2015-02-09|SO|III Ca 1877/14|Wyrok|https://www.saos.org.pl/judgments/156506
135149|2015-02-09|SO|I Ns 131/13|Uzasadnienie|https://www.saos.org.pl/judgments/135149
490575|2015-02-06|SO|I ACa 808/14|Wyrok|https://www.saos.org.pl/judgments/490575
168140|2015-02-06|SN|II CSK 327/14|Wyrok|https://www.saos.org.pl/judgments/168140
150075|2015-02-06|SO|I ACa 1622/14|Wyrok|https://www.saos.org.pl/judgments/150075
152797|2015-02-05|SO|IV U 116/14|Wyrok|https://www.saos.org.pl/judgments/152797
151720|2015-02-05|SO|II Ca 932/13|Uzasadnienie|https://www.saos.org.pl/judgments/151720
369942|2015-02-04|SO|XVII AmC 3478/13|Wyrok|https://www.saos.org.pl/judgments/369942
306228|2015-02-04|SO|V C 1161/14|Wyrok|https://www.saos.org.pl/judgments/306228
297758|2015-02-04|SO|II Ca 1152/14|Postanowienie|https://www.saos.org.pl/judgments/297758
133959|2015-02-04|SO|I Ca 6/15|Postanowienie|https://www.saos.org.pl/judgments/133959
131142|2015-02-04|SO|X Ga 729/14|Postanowienie|https://www.saos.org.pl/judgments/131142
130034|2015-02-04|SO|III Ca 41/15|Postanowienie|https://www.saos.org.pl/judgments/130034
297330|2015-02-03|SO|II Ca 29/14|Uzasadnienie|https://www.saos.org.pl/judgments/297330
150930|2015-02-03|SO|I C 1622/14|Wyrok|https://www.saos.org.pl/judgments/150930
132236|2015-02-03|SO|IV U 424/14|Wyrok|https://www.saos.org.pl/judgments/132236
132235|2015-02-03|SO|IV U 409/14|Wyrok|https://www.saos.org.pl/judgments/132235
131402|2015-02-03|SO|I ACa 914/13|Wyrok|https://www.saos.org.pl/judgments/131402
128853|2015-02-03|SO|II Ca 997/14|Postanowienie|https://www.saos.org.pl/judgments/128853
151173|2015-02-02|SO|IV U 961/14|Wyrok|https://www.saos.org.pl/judgments/151173
168054|2015-01-30|SN|III CSK 123/14|Postanowienie|https://www.saos.org.pl/judgments/168054
155704|2015-01-30|SO|II Ca 1212/14|Wyrok|https://www.saos.org.pl/judgments/155704
148431|2015-01-30|SO|II Cz 876/14|Postanowienie|https://www.saos.org.pl/judgments/148431
129908|2015-01-30|SO|III U 969/14|Wyrok|https://www.saos.org.pl/judgments/129908
149094|2015-01-29|SO|II Ca 990/14|Postanowienie|https://www.saos.org.pl/judgments/149094
133899|2015-01-29|SO|I ACa 680/14|Wyrok|https://www.saos.org.pl/judgments/133899
132184|2015-01-29|SO|I ACz 65/15|Postanowienie|https://www.saos.org.pl/judgments/132184
131628|2015-01-29|SO|IV U 971/14|Wyrok|https://www.saos.org.pl/judgments/131628
129130|2015-01-29|SO|VI Gz 25/15|Postanowienie|https://www.saos.org.pl/judgments/129130
181539|2015-01-28|SO|I ACa 894/14|Wyrok|https://www.saos.org.pl/judgments/181539
168102|2015-01-28|SN|II CZ 87/14|Postanowienie|https://www.saos.org.pl/judgments/168102
168082|2015-01-28|SN|I CSK 78/14|Wyrok|https://www.saos.org.pl/judgments/168082
132934|2015-01-28|SO|VI ACa 351/14|Wyrok|https://www.saos.org.pl/judgments/132934
155980|2015-01-27|SO|III Ca 446/13|Wyrok|https://www.saos.org.pl/judgments/155980
149559|2015-01-27|SO|I ACa 1490/14|Wyrok|https://www.saos.org.pl/judgments/149559
134109|2015-01-27|SO|VI U 4443/13|Wyrok|https://www.saos.org.pl/judgments/134109
167908|2015-01-23|SN|V CSK 217/14|Wyrok|https://www.saos.org.pl/judgments/167908
167905|2015-01-23|SN|V CSK 189/14|Wyrok|https://www.saos.org.pl/judgments/167905
153767|2015-01-22|SO|II Ca 802/14|Wyrok|https://www.saos.org.pl/judgments/153767
174771|2015-01-21|SO|IV U 170/14|Wyrok|https://www.saos.org.pl/judgments/174771
152621|2015-01-21|SO|IV U 208/14|Wyrok|https://www.saos.org.pl/judgments/152621
152618|2015-01-21|SO|IV U 1432/13|Wyrok|https://www.saos.org.pl/judgments/152618
152615|2015-01-21|SO|IV U 1298/13|Wyrok|https://www.saos.org.pl/judgments/152615
130794|2015-01-21|SO|X U 2136/14|Wyrok|https://www.saos.org.pl/judgments/130794
127623|2015-01-21|SO|II Ca 921/14|Postanowienie|https://www.saos.org.pl/judgments/127623
159762|2015-01-20|SO|III Cz 1463/13|Postanowienie|https://www.saos.org.pl/judgments/159762
150449|2015-01-20|SO|II Cz 1923/14|Postanowienie|https://www.saos.org.pl/judgments/150449
132360|2015-01-20|SO|IV U 371/14|Wyrok|https://www.saos.org.pl/judgments/132360
131855|2015-01-20|SO|VI U 589/14|Wyrok|https://www.saos.org.pl/judgments/131855
131853|2015-01-20|SO|VI U 2156/14|Wyrok|https://www.saos.org.pl/judgments/131853
131627|2015-01-20|SO|IV U 951/14|Wyrok|https://www.saos.org.pl/judgments/131627
131626|2015-01-20|SO|IV U 848/14|Wyrok|https://www.saos.org.pl/judgments/131626
131453|2015-01-20|SO|I C 1791/14|Wyrok|https://www.saos.org.pl/judgments/131453
167803|2015-01-16|SN|III CSK 79/14|Postanowienie|https://www.saos.org.pl/judgments/167803
167797|2015-01-16|SN|III CSK 147/14|Postanowienie|https://www.saos.org.pl/judgments/167797
152567|2015-01-15|SO|I C 1779/14|Wyrok|https://www.saos.org.pl/judgments/152567
130705|2015-01-15|SO|I ACz 2536/14|Postanowienie|https://www.saos.org.pl/judgments/130705
129505|2015-01-15|SO|IV U 703/14|Wyrok|https://www.saos.org.pl/judgments/129505
129503|2015-01-15|SO|IV U 653/13|Wyrok|https://www.saos.org.pl/judgments/129503
127931|2015-01-15|SO|VIII Ga 399/14|Wyrok|https://www.saos.org.pl/judgments/127931
167870|2015-01-14|SN|II UZ 59/14|Postanowienie|https://www.saos.org.pl/judgments/167870
167862|2015-01-14|SN|II CZ 81/14|Postanowienie|https://www.saos.org.pl/judgments/167862
167856|2015-01-14|SN|II CSK 290/14|Wyrok|https://www.saos.org.pl/judgments/167856
148498|2015-01-14|SO|VIII U 1553/14|Wyrok|https://www.saos.org.pl/judgments/148498
129594|2015-01-14|SO|I Ca 366/14|Postanowienie|https://www.saos.org.pl/judgments/129594
167882|2015-01-13|SN|I UZ 27/14|Postanowienie|https://www.saos.org.pl/judgments/167882
149591|2015-01-13|SO|I ACa 1428/14|Wyrok|https://www.saos.org.pl/judgments/149591
148514|2015-01-13|SO|VIII U 2440/14|Wyrok|https://www.saos.org.pl/judgments/148514
131896|2015-01-09|SO|VIII U 5260/13|Wyrok|https://www.saos.org.pl/judgments/131896
125071|2015-01-09|SO|I ACz 1091/14|Postanowienie|https://www.saos.org.pl/judgments/125071
153733|2015-01-08|SO|I ACa 711/14|Wyrok|https://www.saos.org.pl/judgments/153733
131852|2015-01-08|SO|VI U 1872/14|Wyrok|https://www.saos.org.pl/judgments/131852
131850|2015-01-08|SO|VI U 1136/14|Wyrok|https://www.saos.org.pl/judgments/131850
131849|2015-01-08|SO|VI U 1134/14|Wyrok|https://www.saos.org.pl/judgments/131849
126834|2015-01-07|SO|VII Ua 76/14|Uzasadnienie|https://www.saos.org.pl/judgments/126834
127219|2015-01-05|SO|VIII GC 316/11|Wyrok|https://www.saos.org.pl/judgments/127219
74846|2014-12-31|SO|VII Pz 149/14|Zarządzenie|https://www.saos.org.pl/judgments/74846
297376|2014-12-30|SO|II Ca 837/14|Postanowienie|https://www.saos.org.pl/judgments/297376
148422|2014-12-30|SO|II Ca 985/14|Postanowienie|https://www.saos.org.pl/judgments/148422
148421|2014-12-30|SO|II Ca 946/14|Uzasadnienie|https://www.saos.org.pl/judgments/148421
133988|2014-12-30|SO|II Ca 678/14|Postanowienie|https://www.saos.org.pl/judgments/133988
131816|2014-12-30|SO|II Ca 781/14|Postanowienie|https://www.saos.org.pl/judgments/131816
129507|2014-12-30|SO|IV U 862/13|Wyrok|https://www.saos.org.pl/judgments/129507
128494|2014-12-30|SO|II Cz 738/14|Postanowienie|https://www.saos.org.pl/judgments/128494
298099|2014-12-29|SO|II Ca 1306/14|Postanowienie|https://www.saos.org.pl/judgments/298099
153525|2014-12-29|SO|I ACa 168/14|Wyrok|https://www.saos.org.pl/judgments/153525
134688|2014-12-29|SO|III Ca 1767/14|Uzasadnienie|https://www.saos.org.pl/judgments/134688
133989|2014-12-29|SO|II Ca 866/14|Uzasadnienie|https://www.saos.org.pl/judgments/133989
124903|2014-12-29|SO|II Cz 720/14|Postanowienie|https://www.saos.org.pl/judgments/124903
134693|2014-12-24|SO|III Ca 956/14|Uzasadnienie|https://www.saos.org.pl/judgments/134693
132308|2014-12-22|SO|III Ca 1046/14|Uzasadnienie|https://www.saos.org.pl/judgments/132308
131321|2014-12-22|SO|I ACa 903/14|Wyrok|https://www.saos.org.pl/judgments/131321
131175|2014-12-22|SO|VIII U 2315/14|Wyrok|https://www.saos.org.pl/judgments/131175
131174|2014-12-22|SO|VIII U 2265/14|Wyrok|https://www.saos.org.pl/judgments/131174
131173|2014-12-22|SO|VIII U 2142/14|Wyrok|https://www.saos.org.pl/judgments/131173
153747|2014-12-19|SO|II Ca 1002/14|Postanowienie|https://www.saos.org.pl/judgments/153747
130724|2014-12-19|SO|I Ca 378/14|Postanowienie|https://www.saos.org.pl/judgments/130724
128978|2014-12-19|SO|I ACa 6/13|Wyrok|https://www.saos.org.pl/judgments/128978
128843|2014-12-19|SO|I Ca 363/14|Postanowienie|https://www.saos.org.pl/judgments/128843
76112|2014-12-19|SO|VIII Ga 227/14|Wyrok|https://www.saos.org.pl/judgments/76112
76007|2014-12-19|SO|VII Uz 9/14|Postanowienie|https://www.saos.org.pl/judgments/76007
297775|2014-12-18|SO|II Ca 1207/14|Wyrok|https://www.saos.org.pl/judgments/297775
172534|2014-12-18|SO|XXIII Ga 1129/14|Wyrok|https://www.saos.org.pl/judgments/172534
133105|2014-12-18|SO|III Ca 1671/14|Uzasadnienie|https://www.saos.org.pl/judgments/133105
132215|2014-12-18|SO|III Ca 945/14|Uzasadnienie|https://www.saos.org.pl/judgments/132215
129369|2014-12-18|SO|IV U 352/14|Wyrok|https://www.saos.org.pl/judgments/129369
167719|2014-12-17|SN|I BU 5/14|Wyrok|https://www.saos.org.pl/judgments/167719
134847|2014-12-17|SO|III Ca 1744/14|Wyrok|https://www.saos.org.pl/judgments/134847
131172|2014-12-17|SO|VIII U 1820/14|Wyrok|https://www.saos.org.pl/judgments/131172
128291|2014-12-17|SO|VIII U 2207/14|Wyrok|https://www.saos.org.pl/judgments/128291
125183|2014-12-17|SO|II Cz 829/14|Postanowienie|https://www.saos.org.pl/judgments/125183
167748|2014-12-16|SN|III CSK 42/14|Postanowienie|https://www.saos.org.pl/judgments/167748
131060|2014-12-16|SO|VIII U 1916/14|Wyrok|https://www.saos.org.pl/judgments/131060
128860|2014-12-16|SO|IV U 327/14|Wyrok|https://www.saos.org.pl/judgments/128860
76172|2014-12-16|SO|III AUa 434/14|Wyrok|https://www.saos.org.pl/judgments/76172
75201|2014-12-16|SO|I ACz 1042/14|Postanowienie|https://www.saos.org.pl/judgments/75201
131074|2014-12-15|SO|VI ACa 311/14|Wyrok|https://www.saos.org.pl/judgments/131074
154606|2014-12-12|SO|IX Ga 408/14|Postanowienie|https://www.saos.org.pl/judgments/154606
129364|2014-12-12|SO|IV U 185/14|Wyrok|https://www.saos.org.pl/judgments/129364
74848|2014-12-12|SO|VII Ua 85/14|Uzasadnienie|https://www.saos.org.pl/judgments/74848
73925|2014-12-12|SO|I ACz 892/14|Postanowienie|https://www.saos.org.pl/judgments/73925
73060|2014-12-12|SO|V Pz 32/14|Postanowienie|https://www.saos.org.pl/judgments/73060
167665|2014-12-11|SN|III CZP 94/14|Uchwała|https://www.saos.org.pl/judgments/167665
75801|2014-12-11|SO|II Ca 822/14|Postanowienie|https://www.saos.org.pl/judgments/75801
148011|2014-12-10|SO|I ACa 1282/14|Wyrok|https://www.saos.org.pl/judgments/148011
73184|2014-12-10|SO|I ACz 2110/14|Postanowienie|https://www.saos.org.pl/judgments/73184
73181|2014-12-10|SO|I ACz 2069/14|Postanowienie|https://www.saos.org.pl/judgments/73181
296181|2014-12-09|SO|II Cz 337/14|Postanowienie|https://www.saos.org.pl/judgments/296181
167697|2014-12-09|SN|III CZ 53/14|Postanowienie|https://www.saos.org.pl/judgments/167697
167692|2014-12-09|SN|III CSK 351/13|Postanowienie|https://www.saos.org.pl/judgments/167692
158779|2014-12-09|SO|III Cz 1610/14|Postanowienie|https://www.saos.org.pl/judgments/158779
155766|2014-12-09|SO|II Ca 696/14|Postanowienie|https://www.saos.org.pl/judgments/155766
155762|2014-12-09|SO|II Ca 674/14|Postanowienie|https://www.saos.org.pl/judgments/155762
132312|2014-12-09|SO|III Ca 1522/14|Uzasadnienie|https://www.saos.org.pl/judgments/132312
132201|2014-12-09|SO|III Ca 1523/14|Uzasadnienie|https://www.saos.org.pl/judgments/132201
132199|2014-12-09|SO|III Ca 1521/14|Uzasadnienie|https://www.saos.org.pl/judgments/132199
125917|2014-12-09|SO|VI U 302/14|Wyrok|https://www.saos.org.pl/judgments/125917
125812|2014-12-09|SO|IX U 1204/14|Wyrok|https://www.saos.org.pl/judgments/125812
75965|2014-12-09|SO|V Ua 20/14|Wyrok|https://www.saos.org.pl/judgments/75965
259375|2014-12-08|SO|XVII AmA 153/13|Wyrok|https://www.saos.org.pl/judgments/259375
167581|2014-12-05|SN|III CSK 87/14|Postanowienie|https://www.saos.org.pl/judgments/167581
167577|2014-12-05|SN|III CSK 332/13|Postanowienie|https://www.saos.org.pl/judgments/167577
156308|2014-12-05|SO|I C 979/14|Wyrok|https://www.saos.org.pl/judgments/156308
130687|2014-12-05|SO|I ACa 1090/14|Wyrok|https://www.saos.org.pl/judgments/130687
129239|2014-12-05|SO|IV U 571/14|Wyrok|https://www.saos.org.pl/judgments/129239
126590|2014-12-05|SO|VI GC 107/14|Wyrok|https://www.saos.org.pl/judgments/126590
73707|2014-12-05|SO|II Cz 1316/14|Postanowienie|https://www.saos.org.pl/judgments/73707
73179|2014-12-05|SO|I ACz 2034/14|Postanowienie|https://www.saos.org.pl/judgments/73179
150320|2014-12-04|SO|I ACa 631/14|Wyrok|https://www.saos.org.pl/judgments/150320
126529|2014-12-04|SO|III AUa 1429/14|Wyrok|https://www.saos.org.pl/judgments/126529
73442|2014-12-04|SO|III AUa 549/14|Wyrok|https://www.saos.org.pl/judgments/73442
71161|2014-12-04|SO|VIII U 986/14|Zarządzenie|https://www.saos.org.pl/judgments/71161
221759|2014-12-03|SO|X Ga 164/14|Postanowienie|https://www.saos.org.pl/judgments/221759
128287|2014-12-03|SO|VIII U 1913/14|Wyrok|https://www.saos.org.pl/judgments/128287
75840|2014-12-03|SO|I Ca 341/14|Wyrok|https://www.saos.org.pl/judgments/75840
75458|2014-12-03|SO|II Ns 4033/12|Postanowienie|https://www.saos.org.pl/judgments/75458
75207|2014-12-03|SO|I ACz 2056/14|Postanowienie|https://www.saos.org.pl/judgments/75207
73341|2014-12-03|SO|IV U 1038/13|Wyrok|https://www.saos.org.pl/judgments/73341
73176|2014-12-03|SO|I ACz 2012/14|Postanowienie|https://www.saos.org.pl/judgments/73176
72997|2014-12-03|SO|IV U 398/14|Wyrok|https://www.saos.org.pl/judgments/72997
167640|2014-12-02|SN|II PZ 22/14|Postanowienie|https://www.saos.org.pl/judgments/167640
127096|2014-12-02|SO|I ACa 1320/14|Wyrok|https://www.saos.org.pl/judgments/127096
76143|2014-12-02|SO|I Ns 807/12|Postanowienie|https://www.saos.org.pl/judgments/76143
72390|2014-12-02|SO|I C 44/14|Wyrok|https://www.saos.org.pl/judgments/72390
125912|2014-12-01|SO|VI U 1072/14|Wyrok|https://www.saos.org.pl/judgments/125912
167482|2014-11-28|SN|I CZ 78/14|Postanowienie|https://www.saos.org.pl/judgments/167482
148634|2014-11-28|SO|II Cz 827/14|Postanowienie|https://www.saos.org.pl/judgments/148634
126844|2014-11-28|SO|II Ca 1642/14|Wyrok|https://www.saos.org.pl/judgments/126844
73365|2014-11-28|SO|I C 345/14|Wyrok|https://www.saos.org.pl/judgments/73365
73180|2014-11-28|SO|I ACz 2062/14|Postanowienie|https://www.saos.org.pl/judgments/73180
72094|2014-11-28|SO|I C 287/13|Wyrok|https://www.saos.org.pl/judgments/72094
339773|2014-11-27|SO|XXV Ns 179/14|Postanowienie|https://www.saos.org.pl/judgments/339773
167510|2014-11-27|SN|IV CZ 72/14|Postanowienie|https://www.saos.org.pl/judgments/167510
167506|2014-11-27|SN|IV CSK 128/14|Postanowienie|https://www.saos.org.pl/judgments/167506
148628|2014-11-27|SO|II Cz 789/14|Postanowienie|https://www.saos.org.pl/judgments/148628
125914|2014-11-27|SO|VI U 2023/14|Wyrok|https://www.saos.org.pl/judgments/125914
74559|2014-11-27|SO|VIII Pa 138/14|Wyrok|https://www.saos.org.pl/judgments/74559
73175|2014-11-27|SO|I ACz 1970/14|Postanowienie|https://www.saos.org.pl/judgments/73175
73172|2014-11-27|SO|I ACz 1937/14|Postanowienie|https://www.saos.org.pl/judgments/73172
70561|2014-11-27|SO|VII Pa 251/14|Uzasadnienie|https://www.saos.org.pl/judgments/70561
315236|2014-11-26|SO|XX GC 743/10|Wyrok|https://www.saos.org.pl/judgments/315236
167542|2014-11-26|SN|III CZP 80/14|Uchwała|https://www.saos.org.pl/judgments/167542
158017|2014-11-26|SO|VI ACa 198/14|Wyrok|https://www.saos.org.pl/judgments/158017
74340|2014-11-26|SO|VIII Gz 156/14|Postanowienie|https://www.saos.org.pl/judgments/74340
296772|2014-11-25|SO|II Ca 395/14|Postanowienie|https://www.saos.org.pl/judgments/296772
167566|2014-11-25|SN|V CSK 249/14|Postanowienie|https://www.saos.org.pl/judgments/167566
129057|2014-11-25|SO|III AUa 210/14|Wyrok|https://www.saos.org.pl/judgments/129057
125510|2014-11-25|SO|VI U 3213/13|Wyrok|https://www.saos.org.pl/judgments/125510
69747|2014-11-25|SO|VII Pz 131/14|Uzasadnienie|https://www.saos.org.pl/judgments/69747
69745|2014-11-25|SO|VII Pa 323/14|Uzasadnienie|https://www.saos.org.pl/judgments/69745
72746|2014-11-24|SO|IV U 64/14|Wyrok|https://www.saos.org.pl/judgments/72746
197145|2014-11-21|SO|I ACa 853/14|Wyrok|https://www.saos.org.pl/judgments/197145
73000|2014-11-21|SO|IV U 530/14|Wyrok|https://www.saos.org.pl/judgments/73000
167388|2014-11-20|SN|I UK 127/14|Wyrok|https://www.saos.org.pl/judgments/167388
148958|2014-11-20|SO|I ACa 393/14|Wyrok|https://www.saos.org.pl/judgments/148958
73325|2014-11-20|SO|II Ca 672/14|Wyrok|https://www.saos.org.pl/judgments/73325
124936|2014-11-19|SO|III Ca 1504/14|Uzasadnienie|https://www.saos.org.pl/judgments/124936
76120|2014-11-19|SO|VIII U 1880/14|Wyrok|https://www.saos.org.pl/judgments/76120
69622|2014-11-19|SO|I ACz 1915/14|Postanowienie|https://www.saos.org.pl/judgments/69622
490444|2014-11-18|SO|I ACa 821/14|Wyrok|https://www.saos.org.pl/judgments/490444
296762|2014-11-18|SO|II Ca 374/14|Postanowienie|https://www.saos.org.pl/judgments/296762
131851|2014-11-18|SO|VI U 1181/14|Wyrok|https://www.saos.org.pl/judgments/131851
130368|2014-11-18|SO|V ACa 638/14|Wyrok|https://www.saos.org.pl/judgments/130368
127092|2014-11-18|SO|I ACa 1086/14|Wyrok|https://www.saos.org.pl/judgments/127092
76183|2014-11-18|SO|III Ca 185/14|Uzasadnienie|https://www.saos.org.pl/judgments/76183
72738|2014-11-18|SO|IV U 239/14|Wyrok|https://www.saos.org.pl/judgments/72738
72737|2014-11-18|SO|IV U 237/14|Wyrok|https://www.saos.org.pl/judgments/72737
71303|2014-11-18|SO|IV U 1345/13|Wyrok|https://www.saos.org.pl/judgments/71303
167304|2014-11-14|SN|I CSK 653/14|Postanowienie|https://www.saos.org.pl/judgments/167304
126531|2014-11-14|SO|III AUa 172/14|Wyrok|https://www.saos.org.pl/judgments/126531
71304|2014-11-14|SO|IV U 1368/13|Wyrok|https://www.saos.org.pl/judgments/71304
71302|2014-11-14|SO|IV U 1253/13|Wyrok|https://www.saos.org.pl/judgments/71302
167336|2014-11-13|SN|V CNP 8/14|Wyrok|https://www.saos.org.pl/judgments/167336
125513|2014-11-13|SO|VI U 495/14|Wyrok|https://www.saos.org.pl/judgments/125513
125512|2014-11-13|SO|VI U 494/14|Wyrok|https://www.saos.org.pl/judgments/125512
125506|2014-11-13|SO|VI U 1233/14|Wyrok|https://www.saos.org.pl/judgments/125506
70650|2014-11-13|SO|II Ca 681/14|Postanowienie|https://www.saos.org.pl/judgments/70650
69756|2014-11-13|SO|X Ga 517/14|Wyrok|https://www.saos.org.pl/judgments/69756
69510|2014-11-13|SO|X Ga 527/14|Wyrok|https://www.saos.org.pl/judgments/69510
127657|2014-11-12|SO|III Ca 896/14|Wyrok|https://www.saos.org.pl/judgments/127657
125507|2014-11-12|SO|VI U 1318/13|Wyrok|https://www.saos.org.pl/judgments/125507
124860|2014-11-12|SO|I ACz 1966/14|Postanowienie|https://www.saos.org.pl/judgments/124860
75487|2014-11-12|SO|IV U 317/14|Wyrok|https://www.saos.org.pl/judgments/75487
72749|2014-11-12|SO|IV U 949/13|Wyrok|https://www.saos.org.pl/judgments/72749
72739|2014-11-12|SO|IV U 249/13|Wyrok|https://www.saos.org.pl/judgments/72739
71342|2014-11-12|SO|IX GC 238/14|Wyrok|https://www.saos.org.pl/judgments/71342
71311|2014-11-12|SO|IV U 200/14|Wyrok|https://www.saos.org.pl/judgments/71311
71299|2014-11-12|SO|IV U 1122/12|Wyrok|https://www.saos.org.pl/judgments/71299
70081|2014-11-12|SO|III AUa 808/14|Wyrok|https://www.saos.org.pl/judgments/70081
76177|2014-11-10|SO|III Ca 1360/14|Uzasadnienie|https://www.saos.org.pl/judgments/76177
148620|2014-11-07|SO|II Cz 695/14|Postanowienie|https://www.saos.org.pl/judgments/148620
75824|2014-11-07|SO|I ACz 753/14|Postanowienie|https://www.saos.org.pl/judgments/75824
73220|2014-11-07|SO|I ACa 651/14|Wyrok|https://www.saos.org.pl/judgments/73220
233839|2014-11-06|SO|VII U 1829/13|Wyrok|https://www.saos.org.pl/judgments/233839
219396|2014-11-06|SO|IX C 939/14|Wyrok|https://www.saos.org.pl/judgments/219396
154448|2014-11-06|SO|IX Ga 382/14|Wyrok|https://www.saos.org.pl/judgments/154448
149264|2014-11-06|SO|II Ca 813/14|Wyrok|https://www.saos.org.pl/judgments/149264
149260|2014-11-06|SO|II Ca 758/14|Wyrok|https://www.saos.org.pl/judgments/149260
125505|2014-11-06|SO|VI U 109/14|Wyrok|https://www.saos.org.pl/judgments/125505
75879|2014-11-06|SO|III Ca 1294/14|Uzasadnienie|https://www.saos.org.pl/judgments/75879
75658|2014-11-06|SO|III Ca 730/14|Uzasadnienie|https://www.saos.org.pl/judgments/75658
74618|2014-11-06|SO|III Ca 711/14|Uzasadnienie|https://www.saos.org.pl/judgments/74618
71844|2014-11-06|SO|II Ca 701/14|Wyrok|https://www.saos.org.pl/judgments/71844
69483|2014-11-06|SO|IX Ua 18/14|Wyrok|https://www.saos.org.pl/judgments/69483
67551|2014-11-06|SO|VII Ua 113/14|Uzasadnienie|https://www.saos.org.pl/judgments/67551
266514|2014-11-05|SO|IX C 882/14|Wyrok|https://www.saos.org.pl/judgments/266514
72728|2014-11-05|SO|IV U 136/14|Wyrok|https://www.saos.org.pl/judgments/72728
71313|2014-11-05|SO|IV U 220/14|Wyrok|https://www.saos.org.pl/judgments/71313
68117|2014-11-05|SO|I C 66/13|Wyrok|https://www.saos.org.pl/judgments/68117
248226|2014-11-04|SO|II Ca 712/14|Postanowienie|https://www.saos.org.pl/judgments/248226
245913|2014-11-04|SO|XVII AmE 110/13|Wyrok|https://www.saos.org.pl/judgments/245913
167288|2014-11-04|SN|II PZ 15/14|Postanowienie|https://www.saos.org.pl/judgments/167288
74275|2014-11-04|SO|IV U 143/14|Wyrok|https://www.saos.org.pl/judgments/74275
127515|2014-10-31|SO|VIII U 1441/14|Wyrok|https://www.saos.org.pl/judgments/127515
75755|2014-10-31|SO|VIII U 1676/14|Wyrok|https://www.saos.org.pl/judgments/75755
167148|2014-10-30|SN|II CZ 60/14|Postanowienie|https://www.saos.org.pl/judgments/167148
125246|2014-10-30|SO|XII Ga 616/14|Wyrok|https://www.saos.org.pl/judgments/125246
75162|2014-10-30|SO|I ACa 161/13|Wyrok|https://www.saos.org.pl/judgments/75162
70264|2014-10-30|SO|VIII Gz 115/14|Postanowienie|https://www.saos.org.pl/judgments/70264
68635|2014-10-30|SO|I ACz 1745/14|Postanowienie|https://www.saos.org.pl/judgments/68635
74442|2014-10-29|SO|III Ca 487/14|Uzasadnienie|https://www.saos.org.pl/judgments/74442
346203|2014-10-28|SO|II Ca 316/14|Postanowienie|https://www.saos.org.pl/judgments/346203
128867|2014-10-28|SO|VII U 1698/14|Wyrok|https://www.saos.org.pl/judgments/128867
128123|2014-10-28|SO|VI ACa 368/13|Wyrok|https://www.saos.org.pl/judgments/128123
74157|2014-10-28|SO|VIII U 1600/14|Wyrok|https://www.saos.org.pl/judgments/74157
74590|2014-10-27|SO|III Ca 1251/13|Uzasadnienie|https://www.saos.org.pl/judgments/74590
133751|2014-10-23|SO|VIII Pa 113/14|Wyrok|https://www.saos.org.pl/judgments/133751
130786|2014-10-23|SO|VIII Pa 96/14|Wyrok|https://www.saos.org.pl/judgments/130786
128003|2014-10-23|SO|VIII Pa 175/14|Wyrok|https://www.saos.org.pl/judgments/128003
74567|2014-10-23|SO|VIII Pa 94/14|Wyrok|https://www.saos.org.pl/judgments/74567
74558|2014-10-23|SO|VIII Pa 110/14|Wyrok|https://www.saos.org.pl/judgments/74558
72803|2014-10-23|SO|VIII Pa 118/14|Wyrok|https://www.saos.org.pl/judgments/72803
71701|2014-10-23|SO|II Ca 585/14|Postanowienie|https://www.saos.org.pl/judgments/71701
69214|2014-10-23|SO|IV U 182/14|Wyrok|https://www.saos.org.pl/judgments/69214
69213|2014-10-23|SO|IV U 180/14|Wyrok|https://www.saos.org.pl/judgments/69213
69212|2014-10-23|SO|IV U 177/14|Wyrok|https://www.saos.org.pl/judgments/69212
69141|2014-10-23|SO|I Ca 290/14|Postanowienie|https://www.saos.org.pl/judgments/69141
128680|2014-10-22|SO|I ACa 181/14|Wyrok|https://www.saos.org.pl/judgments/128680
68775|2014-10-22|SO|V Pz 30/14|Postanowienie|https://www.saos.org.pl/judgments/68775
346252|2014-10-21|SO|II Cz 480/14|Postanowienie|https://www.saos.org.pl/judgments/346252
126676|2014-10-21|SO|VI ACa 1957/13|Wyrok|https://www.saos.org.pl/judgments/126676
69217|2014-10-21|SO|IV U 210/14|Wyrok|https://www.saos.org.pl/judgments/69217
67753|2014-10-21|SO|I C 211/14|Wyrok|https://www.saos.org.pl/judgments/67753
66551|2014-10-21|SO|III U 767/14|Wyrok|https://www.saos.org.pl/judgments/66551
187977|2014-10-20|SO|VI U 477/13|Uzasadnienie|https://www.saos.org.pl/judgments/187977
74007|2014-10-17|SO|III Ca 595/14|Uzasadnienie|https://www.saos.org.pl/judgments/74007
71946|2014-10-17|SO|X Ga 222/14|Wyrok|https://www.saos.org.pl/judgments/71946
73394|2014-10-16|SO|VIII Pa 112/14|Wyrok|https://www.saos.org.pl/judgments/73394
73195|2014-10-16|SO|IX U 1381/14|Wyrok|https://www.saos.org.pl/judgments/73195
72802|2014-10-16|SO|VIII Pa 111/14|Wyrok|https://www.saos.org.pl/judgments/72802
71457|2014-10-16|SO|II Ca 567/14|Wyrok|https://www.saos.org.pl/judgments/71457
70576|2014-10-16|SO|VIII Pa 125/14|Wyrok|https://www.saos.org.pl/judgments/70576
185495|2014-10-15|SO|III Ca 871/14|Postanowienie|https://www.saos.org.pl/judgments/185495
72701|2014-10-15|SO|III Cz 1272/14|Postanowienie|https://www.saos.org.pl/judgments/72701
66596|2014-10-15|SO|I Ca 309/14|Wyrok|https://www.saos.org.pl/judgments/66596
126893|2014-10-14|SO|I ACz 1752/14|Postanowienie|https://www.saos.org.pl/judgments/126893
64207|2014-10-14|SO|IV Cz 629/14|Postanowienie|https://www.saos.org.pl/judgments/64207
66255|2014-10-13|SO|II Cz 530/14|Postanowienie|https://www.saos.org.pl/judgments/66255
204715|2014-10-10|SO|IX C 1352/14|Wyrok|https://www.saos.org.pl/judgments/204715
169731|2014-10-10|SO|XV Ca 710/14|Postanowienie|https://www.saos.org.pl/judgments/169731
149113|2014-10-10|SO|II Cz 586/14|Postanowienie|https://www.saos.org.pl/judgments/149113
217903|2014-10-09|SO|VIII U 395/14|Wyrok|https://www.saos.org.pl/judgments/217903
166938|2014-10-09|SN|IV CSK 750/13|Postanowienie|https://www.saos.org.pl/judgments/166938
148015|2014-10-09|SO|I ACz 1723/14|Postanowienie|https://www.saos.org.pl/judgments/148015
71011|2014-10-09|SO|II Ca 1204/14|Postanowienie|https://www.saos.org.pl/judgments/71011
70265|2014-10-09|SO|X Ga 480/14|Wyrok|https://www.saos.org.pl/judgments/70265
65791|2014-10-09|SO|IV U 1043/13|Wyrok|https://www.saos.org.pl/judgments/65791
64876|2014-10-09|SO|IV U 1332/13|Wyrok|https://www.saos.org.pl/judgments/64876
64875|2014-10-09|SO|IV U 1164/13|Wyrok|https://www.saos.org.pl/judgments/64875
75956|2014-10-08|SO|V ACa 484/14|Wyrok|https://www.saos.org.pl/judgments/75956
66526|2014-10-08|SO|XIII Ca 238/14|Wyrok|https://www.saos.org.pl/judgments/66526
74409|2014-10-07|SO|I ACa 894/14|Wyrok|https://www.saos.org.pl/judgments/74409
74001|2014-10-07|SO|III Ca 591/14|Uzasadnienie|https://www.saos.org.pl/judgments/74001
68046|2014-10-07|SO|IV U 1049/13|Wyrok|https://www.saos.org.pl/judgments/68046
65070|2014-10-07|SO|IV U 1101/13|Wyrok|https://www.saos.org.pl/judgments/65070
64357|2014-10-07|SO|VII Pa 240/14|Uzasadnienie|https://www.saos.org.pl/judgments/64357
75528|2014-10-06|SO|XVII AmE 80/11|Uzasadnienie|https://www.saos.org.pl/judgments/75528
154784|2014-10-03|SO|XVII AmC 27427/13|Uzasadnienie|https://www.saos.org.pl/judgments/154784
125072|2014-10-03|SO|I ACz 656/14|Postanowienie|https://www.saos.org.pl/judgments/125072
166840|2014-10-02|SN|IV CSK 71/14|Postanowienie|https://www.saos.org.pl/judgments/166840
127528|2014-10-02|SO|XII C 965/13|Wyrok|https://www.saos.org.pl/judgments/127528
125777|2014-10-01|SO|III Ca 645/14|Wyrok|https://www.saos.org.pl/judgments/125777
265447|2014-09-30|SO|II Ca 660/14|Uzasadnienie|https://www.saos.org.pl/judgments/265447
166892|2014-09-30|SN|III SK 3/14|Postanowienie|https://www.saos.org.pl/judgments/166892
166873|2014-09-30|SN|I UZ 14/14|Postanowienie|https://www.saos.org.pl/judgments/166873
126008|2014-09-30|SO|III Ca 404/14|Postanowienie|https://www.saos.org.pl/judgments/126008
67359|2014-09-30|SO|III APa 11/14|Wyrok|https://www.saos.org.pl/judgments/67359
64318|2014-09-30|SO|II S 63/14|Postanowienie|https://www.saos.org.pl/judgments/64318
66486|2014-09-29|SO|VIII Pz 41/14|Postanowienie|https://www.saos.org.pl/judgments/66486
206539|2014-09-26|TK|Ts 55/14|Postanowienie|https://www.saos.org.pl/judgments/206539
153205|2014-09-26|SO|XV Ca 775/14|Wyrok|https://www.saos.org.pl/judgments/153205
69552|2014-09-26|SO|IV Pa 139/14|Wyrok|https://www.saos.org.pl/judgments/69552
69428|2014-09-26|SO|II Ca 583/14|Postanowienie|https://www.saos.org.pl/judgments/69428
166770|2014-09-25|SN|II CZ 37/14|Postanowienie|https://www.saos.org.pl/judgments/166770
126515|2014-09-25|SO|II Ca 847/14|Postanowienie|https://www.saos.org.pl/judgments/126515
71452|2014-09-25|SO|II Ca 497/14|Postanowienie|https://www.saos.org.pl/judgments/71452
73413|2014-09-24|SO|I ACa 567/14|Wyrok|https://www.saos.org.pl/judgments/73413
66857|2014-09-24|SO|I Ns 135/12|Postanowienie|https://www.saos.org.pl/judgments/66857
132398|2014-09-23|SO|I C 592/14|Wyrok|https://www.saos.org.pl/judgments/132398
73782|2014-09-23|SO|III AUa 28/14|Wyrok|https://www.saos.org.pl/judgments/73782
346205|2014-09-22|SO|II Ca 456/14|Postanowienie|https://www.saos.org.pl/judgments/346205
297350|2014-09-22|SO|II Ca 757/14|Postanowienie|https://www.saos.org.pl/judgments/297350
149251|2014-09-22|SO|II Ca 480/14|Postanowienie|https://www.saos.org.pl/judgments/149251
73272|2014-09-22|SO|I Ns 115/12|Uzasadnienie|https://www.saos.org.pl/judgments/73272
335750|2014-09-18|SO|XVII AmA 62/13|Wyrok|https://www.saos.org.pl/judgments/335750
128005|2014-09-18|SO|VIII Pa 88/14|Wyrok|https://www.saos.org.pl/judgments/128005
70474|2014-09-18|SO|VIII Pa 89/14|Wyrok|https://www.saos.org.pl/judgments/70474
64320|2014-09-18|SO|III AUa 13/14|Wyrok|https://www.saos.org.pl/judgments/64320
277114|2014-09-17|SO|XVII AmE 80/11|Wyrok|https://www.saos.org.pl/judgments/277114
73652|2014-09-17|SO|VI ACa 1839/13|Wyrok|https://www.saos.org.pl/judgments/73652
65665|2014-09-16|SO|I Ns 1329/13|Postanowienie|https://www.saos.org.pl/judgments/65665
64658|2014-09-16|SO|IV U 44/14|Wyrok|https://www.saos.org.pl/judgments/64658
62532|2014-09-16|SO|VIII Ca 271/14|Postanowienie|https://www.saos.org.pl/judgments/62532
60394|2014-09-15|SO|II Cz 1405/13|Postanowienie|https://www.saos.org.pl/judgments/60394
178762|2014-09-12|SO|IX C 676/14|Wyrok|https://www.saos.org.pl/judgments/178762
166663|2014-09-12|SN|I CZ 58/14|Postanowienie|https://www.saos.org.pl/judgments/166663
65395|2014-09-12|SO|IV U 1205/13|Wyrok|https://www.saos.org.pl/judgments/65395
64645|2014-09-12|SO|IV U 1279/13|Wyrok|https://www.saos.org.pl/judgments/64645
178761|2014-09-11|SO|IX C 612/14|Wyrok|https://www.saos.org.pl/judgments/178761
70276|2014-09-11|SO|III Ca 565/14|Wyrok|https://www.saos.org.pl/judgments/70276
69018|2014-09-11|SO|III Ca 592/14|Wyrok|https://www.saos.org.pl/judgments/69018
64102|2014-09-11|SO|I ACa 191/14|Wyrok|https://www.saos.org.pl/judgments/64102
62460|2014-09-11|SO|III AUa 347/14|Wyrok|https://www.saos.org.pl/judgments/62460
61761|2014-09-11|SO|V U 1152/14|Wyrok|https://www.saos.org.pl/judgments/61761
61709|2014-09-11|SO|III AUz 204/14|Postanowienie|https://www.saos.org.pl/judgments/61709
275263|2014-09-10|SO|XVII AmC 27427/13|Wyrok|https://www.saos.org.pl/judgments/275263
196934|2014-09-10|SO|IV U 585/14|Wyrok|https://www.saos.org.pl/judgments/196934
67415|2014-09-09|SO|II Cz 429/14|Postanowienie|https://www.saos.org.pl/judgments/67415
62260|2014-09-05|SO|IV U 57/14|Wyrok|https://www.saos.org.pl/judgments/62260
166631|2014-09-04|SN|II CSK 709/13|Wyrok|https://www.saos.org.pl/judgments/166631
67942|2014-09-04|SO|XVII AmC 34010/13|Postanowienie|https://www.saos.org.pl/judgments/67942
60709|2014-09-04|SO|XVI GCo 234/14|Postanowienie|https://www.saos.org.pl/judgments/60709
67826|2014-09-03|SO|III Ca 378/14|Uzasadnienie|https://www.saos.org.pl/judgments/67826
65813|2014-09-03|SO|IX U 1163/14|Wyrok|https://www.saos.org.pl/judgments/65813
60108|2014-09-03|SO|II Cz 1443/14|Postanowienie|https://www.saos.org.pl/judgments/60108
72459|2014-09-02|SO|III Ca 950/14|Wyrok|https://www.saos.org.pl/judgments/72459
239960|2014-08-29|SO|II Cz 536/14|Postanowienie|https://www.saos.org.pl/judgments/239960
149107|2014-08-27|SO|II Cz 491/14|Postanowienie|https://www.saos.org.pl/judgments/149107
67424|2014-08-27|SO|II Cz 440/14|Postanowienie|https://www.saos.org.pl/judgments/67424
60038|2014-08-27|SO|I C 1249/12|Wyrok|https://www.saos.org.pl/judgments/60038
58689|2014-08-27|SO|IV Cz 518/14|Postanowienie|https://www.saos.org.pl/judgments/58689
67941|2014-08-25|SO|XVII AmC 25801/13|Postanowienie|https://www.saos.org.pl/judgments/67941
170505|2014-08-21|SO|IX C 2138/13|Wyrok|https://www.saos.org.pl/judgments/170505
65056|2014-08-20|SO|III AUz 93/14|Postanowienie|https://www.saos.org.pl/judgments/65056
58623|2014-08-14|SO|II Cz 1276/14|Postanowienie|https://www.saos.org.pl/judgments/58623
323503|2014-08-13|SO|II Ca 21/14|Uzasadnienie|https://www.saos.org.pl/judgments/323503
61347|2014-08-12|SO|I Co 416/13|Uzasadnienie|https://www.saos.org.pl/judgments/61347
60059|2014-08-12|SO|I C 438/14|Wyrok|https://www.saos.org.pl/judgments/60059
60054|2014-08-12|SO|I C 345/14|Wyrok|https://www.saos.org.pl/judgments/60054
59125|2014-08-12|SO|II Cz 1275/14|Postanowienie|https://www.saos.org.pl/judgments/59125
67944|2014-08-11|SO|XVII AmC 5624/13|Postanowienie|https://www.saos.org.pl/judgments/67944
68506|2014-08-08|SO|XV Ca 674/13|Postanowienie|https://www.saos.org.pl/judgments/68506
58103|2014-08-08|SO|II Cz 1126/14|Postanowienie|https://www.saos.org.pl/judgments/58103
58102|2014-08-08|SO|II Cz 1112/14|Postanowienie|https://www.saos.org.pl/judgments/58102
323500|2014-08-07|SO|II Ca 16/14|Uzasadnienie|https://www.saos.org.pl/judgments/323500
166489|2014-08-06|SN|I CSK 598/13|Wyrok|https://www.saos.org.pl/judgments/166489
166487|2014-08-06|SN|I CSK 579/13|Postanowienie|https://www.saos.org.pl/judgments/166487
57592|2014-08-06|SO|II Cz 411/14|Uzasadnienie|https://www.saos.org.pl/judgments/57592
166522|2014-08-05|SN|IV CSK 126/14|Postanowienie|https://www.saos.org.pl/judgments/166522
61004|2014-08-01|SO|V ACz 955/13|Postanowienie|https://www.saos.org.pl/judgments/61004
55796|2014-07-31|SO|I ACz 1278/14|Postanowienie|https://www.saos.org.pl/judgments/55796
67599|2014-07-30|SO|VI ACa 1484/13|Wyrok|https://www.saos.org.pl/judgments/67599
297342|2014-07-28|SO|II Ca 732/14|Wyrok|https://www.saos.org.pl/judgments/297342
147893|2014-07-28|SO|I C 2222/13|Wyrok|https://www.saos.org.pl/judgments/147893
61557|2014-07-25|SO|VIII Gz 29/14|Postanowienie|https://www.saos.org.pl/judgments/61557
59706|2014-07-24|SO|V ACa 125/14|Wyrok|https://www.saos.org.pl/judgments/59706
134088|2014-07-22|SO|III Ca 889/14|Postanowienie|https://www.saos.org.pl/judgments/134088
61356|2014-07-18|SO|II Ca 280/14|Postanowienie|https://www.saos.org.pl/judgments/61356
61355|2014-07-18|SO|II Ca 279/14|Postanowienie|https://www.saos.org.pl/judgments/61355
57577|2014-07-18|SO|II Cz 140/14|Postanowienie|https://www.saos.org.pl/judgments/57577
61490|2014-07-17|SO|III Ca 256/14|Uzasadnienie|https://www.saos.org.pl/judgments/61490
57045|2014-07-17|SO|VI Gz 172/14|Postanowienie|https://www.saos.org.pl/judgments/57045
56117|2014-07-17|SO|II Cz 436/14|Postanowienie|https://www.saos.org.pl/judgments/56117
53841|2014-07-17|SO|XVII AmE 102/12|Uzasadnienie|https://www.saos.org.pl/judgments/53841
53398|2014-07-16|SO|V Cz 524/14|Postanowienie|https://www.saos.org.pl/judgments/53398
134438|2014-07-15|SO|III Cz 551/14|Postanowienie|https://www.saos.org.pl/judgments/134438
67407|2014-07-15|SO|II Cz 348/14|Postanowienie|https://www.saos.org.pl/judgments/67407
64663|2014-07-15|SO|IV U 702/13|Wyrok|https://www.saos.org.pl/judgments/64663
64647|2014-07-15|SO|IV U 1440/13|Wyrok|https://www.saos.org.pl/judgments/64647
57191|2014-07-15|SO|III AUz 127/14|Postanowienie|https://www.saos.org.pl/judgments/57191
67710|2014-07-14|SO|VI Ns 472/13|Zarządzenie|https://www.saos.org.pl/judgments/67710
54575|2014-07-14|SO|II Cz 866/14|Postanowienie|https://www.saos.org.pl/judgments/54575
198288|2014-07-11|SO|IX GC 464/13|Wyrok|https://www.saos.org.pl/judgments/198288
53303|2014-07-11|SO|VII Pa 153/14|Uzasadnienie|https://www.saos.org.pl/judgments/53303
166266|2014-07-10|SN|II PK 256/13|Wyrok|https://www.saos.org.pl/judgments/166266
134076|2014-07-10|SO|III Ca 1929/13|Postanowienie|https://www.saos.org.pl/judgments/134076
64656|2014-07-10|SO|IV U 296/14|Wyrok|https://www.saos.org.pl/judgments/64656
64644|2014-07-10|SO|IV U 1236/13|Wyrok|https://www.saos.org.pl/judgments/64644
62935|2014-07-10|SO|II Ca 361/14|Wyrok|https://www.saos.org.pl/judgments/62935
132368|2014-07-09|SO|VI C 208/13|Uzasadnienie|https://www.saos.org.pl/judgments/132368
61781|2014-07-09|SO|XII Ga 145/14|Wyrok|https://www.saos.org.pl/judgments/61781
61017|2014-07-09|SO|I ACa 2/14|Wyrok|https://www.saos.org.pl/judgments/61017
52843|2014-07-09|SO|V Cz 520/14|Postanowienie|https://www.saos.org.pl/judgments/52843
319599|2014-07-08|SO|XX GC 579/13|Wyrok|https://www.saos.org.pl/judgments/319599
64643|2014-07-08|SO|IV U 1226/13|Wyrok|https://www.saos.org.pl/judgments/64643
64625|2014-07-08|SO|III Cz 836/14|Postanowienie|https://www.saos.org.pl/judgments/64625
55644|2014-07-08|SO|III AUa 148/14|Wyrok|https://www.saos.org.pl/judgments/55644
65648|2014-07-07|SO|XV Ca 588/14|Wyrok|https://www.saos.org.pl/judgments/65648
59732|2014-07-07|SO|VI GC 95/14|Wyrok|https://www.saos.org.pl/judgments/59732
166227|2014-07-04|SN|II CSK 574/13|Postanowienie|https://www.saos.org.pl/judgments/166227
132374|2014-07-04|SO|VI C 535/13|Uzasadnienie|https://www.saos.org.pl/judgments/132374
70363|2014-07-04|SO|VI ACa 1622/13|Wyrok|https://www.saos.org.pl/judgments/70363
57478|2014-07-04|SO|VII U 2558/13|Wyrok|https://www.saos.org.pl/judgments/57478
58327|2014-07-02|SO|II Cz 331/14|Postanowienie|https://www.saos.org.pl/judgments/58327
133652|2014-07-01|SO|III Cz 829/14|Postanowienie|https://www.saos.org.pl/judgments/133652
53231|2014-07-01|SO|IV Ca 77/14|Postanowienie|https://www.saos.org.pl/judgments/53231
126254|2014-06-30|SO|VI ACa 944/13|Wyrok|https://www.saos.org.pl/judgments/126254
65042|2014-06-30|SO|III AUa 1062/13|Wyrok|https://www.saos.org.pl/judgments/65042
63919|2014-06-30|SO|IV Pa 20/14|Wyrok|https://www.saos.org.pl/judgments/63919
61876|2014-06-30|SO|I Ca 139/14|Wyrok|https://www.saos.org.pl/judgments/61876
58278|2014-06-30|SO|III Pa 14/14|Wyrok|https://www.saos.org.pl/judgments/58278
54574|2014-06-30|SO|II Cz 865/14|Postanowienie|https://www.saos.org.pl/judgments/54574
54154|2014-06-30|SO|I ACa 831/13|Wyrok|https://www.saos.org.pl/judgments/54154
53296|2014-06-30|SO|III U 370/14|Wyrok|https://www.saos.org.pl/judgments/53296
270776|2014-06-27|SO|XVII AmE 102/12|Wyrok|https://www.saos.org.pl/judgments/270776
64277|2014-06-27|SO|I C 1152/13|Wyrok|https://www.saos.org.pl/judgments/64277
60611|2014-06-27|SO|III Ca 675/13|Uzasadnienie|https://www.saos.org.pl/judgments/60611
59724|2014-06-27|SO|I ACa 201/14|Wyrok|https://www.saos.org.pl/judgments/59724
58868|2014-06-27|SO|III AUa 1072/13|Wyrok|https://www.saos.org.pl/judgments/58868
57222|2014-06-27|SO|IV U 860/13|Wyrok|https://www.saos.org.pl/judgments/57222
57214|2014-06-27|SO|IV U 1295/13|Wyrok|https://www.saos.org.pl/judgments/57214
57212|2014-06-27|SO|IV U 1198/13|Wyrok|https://www.saos.org.pl/judgments/57212
52316|2014-06-27|SO|XIII Ga 719/13|Uzasadnienie|https://www.saos.org.pl/judgments/52316
51611|2014-06-27|SO|VI Gz 160/14|Postanowienie|https://www.saos.org.pl/judgments/51611
183271|2014-06-26|SO|II Ca 322/14|Wyrok|https://www.saos.org.pl/judgments/183271
176918|2014-06-26|SO|I ACz 1117/14|Postanowienie|https://www.saos.org.pl/judgments/176918
132371|2014-06-26|SO|VI C 40/14|Zarządzenie|https://www.saos.org.pl/judgments/132371
65054|2014-06-26|SO|III AUa 987/13|Wyrok|https://www.saos.org.pl/judgments/65054
57853|2014-06-26|SO|XVII AmC 33470/13|Uzasadnienie|https://www.saos.org.pl/judgments/57853
56500|2014-06-26|SO|III AUa 1748/13|Wyrok|https://www.saos.org.pl/judgments/56500
55183|2014-06-26|SO|III U 895/13|Wyrok|https://www.saos.org.pl/judgments/55183
55400|2014-06-25|SO|I ACa 69/14|Wyrok|https://www.saos.org.pl/judgments/55400
51685|2014-06-25|SO|V Cz 474/14|Postanowienie|https://www.saos.org.pl/judgments/51685
245367|2014-06-24|SN|I CSK 532/13|Wyrok|https://www.saos.org.pl/judgments/245367
189516|2014-06-24|SO|XVII AmA 97/14|Postanowienie|https://www.saos.org.pl/judgments/189516
166219|2014-06-24|SN|I CSK 504/13|Wyrok|https://www.saos.org.pl/judgments/166219
166218|2014-06-24|SN|I CSK 484/13|Postanowienie|https://www.saos.org.pl/judgments/166218
166212|2014-06-24|SN|I CSK 392/13|Wyrok|https://www.saos.org.pl/judgments/166212
65095|2014-06-24|SO|V ACa 317/14|Wyrok|https://www.saos.org.pl/judgments/65095
147007|2014-06-23|SO|I ACz 921/14|Postanowienie|https://www.saos.org.pl/judgments/147007
51712|2014-06-23|SO|VII U 2362/13|Uzasadnienie|https://www.saos.org.pl/judgments/51712
166071|2014-06-18|SN|V CZ 37/14|Postanowienie|https://www.saos.org.pl/judgments/166071
166064|2014-06-18|SN|V CSK 412/13|Wyrok|https://www.saos.org.pl/judgments/166064
69373|2014-06-18|SO|I ACa 488/14|Wyrok|https://www.saos.org.pl/judgments/69373
52773|2014-06-18|SO|VI ACa 1322/13|Wyrok|https://www.saos.org.pl/judgments/52773
66618|2014-06-17|SO|III Cz 677/14|Postanowienie|https://www.saos.org.pl/judgments/66618
62953|2014-06-17|SO|III Ca 1759/13|Uzasadnienie|https://www.saos.org.pl/judgments/62953
57972|2014-06-17|SO|V U 121/14|Wyrok|https://www.saos.org.pl/judgments/57972
51372|2014-06-17|SO|V U 126/14|Wyrok|https://www.saos.org.pl/judgments/51372
65582|2014-06-16|SO|III AUa 3904/12|Wyrok|https://www.saos.org.pl/judgments/65582
57213|2014-06-16|SO|IV U 1276/13|Wyrok|https://www.saos.org.pl/judgments/57213
57209|2014-06-16|SO|IV U 1018/13|Wyrok|https://www.saos.org.pl/judgments/57209
52002|2014-06-16|SO|VI GC 273/14|Postanowienie|https://www.saos.org.pl/judgments/52002
176281|2014-06-13|SO|I ACa 546/14|Wyrok|https://www.saos.org.pl/judgments/176281
147224|2014-06-13|SO|I C 144/12|Wyrok|https://www.saos.org.pl/judgments/147224
57444|2014-06-13|SO|IV U 1284/13|Wyrok|https://www.saos.org.pl/judgments/57444
57440|2014-06-13|SO|IV U 1009/13|Wyrok|https://www.saos.org.pl/judgments/57440
51713|2014-06-13|SO|VII U 2386/13|Uzasadnienie|https://www.saos.org.pl/judgments/51713
50205|2014-06-13|SO|II Cz 781/14|Postanowienie|https://www.saos.org.pl/judgments/50205
62508|2014-06-12|SO|V ACa 324/14|Wyrok|https://www.saos.org.pl/judgments/62508
57936|2014-06-12|SO|IV U 270/14|Wyrok|https://www.saos.org.pl/judgments/57936
57445|2014-06-12|SO|IV U 1308/13|Wyrok|https://www.saos.org.pl/judgments/57445
55041|2014-06-12|SO|III AUa 1338/13|Wyrok|https://www.saos.org.pl/judgments/55041
53901|2014-06-12|SO|XVII AmE 51/12|Uzasadnienie|https://www.saos.org.pl/judgments/53901
50212|2014-06-12|SO|II Cz 889/14|Postanowienie|https://www.saos.org.pl/judgments/50212
275264|2014-06-11|SO|XVII AmC 33470/13|Wyrok|https://www.saos.org.pl/judgments/275264
166024|2014-06-10|SN|II PK 207/13|Wyrok|https://www.saos.org.pl/judgments/166024
147468|2014-06-10|SO|I Ca 168/14|Wyrok|https://www.saos.org.pl/judgments/147468
56627|2014-06-10|SO|XVII AmC 29159/13|Uzasadnienie|https://www.saos.org.pl/judgments/56627
49322|2014-06-09|SO|XIII Ga 696/13|Uzasadnienie|https://www.saos.org.pl/judgments/49322
146939|2014-06-06|SO|I C 827/13|Wyrok|https://www.saos.org.pl/judgments/146939
54207|2014-06-06|SO|VI Pa 32/14|Wyrok|https://www.saos.org.pl/judgments/54207
51549|2014-06-06|SO|I ACz 337/14|Postanowienie|https://www.saos.org.pl/judgments/51549
49862|2014-06-06|SO|IV U 1341/13|Wyrok|https://www.saos.org.pl/judgments/49862
49861|2014-06-06|SO|IV U 1289/13|Wyrok|https://www.saos.org.pl/judgments/49861
147955|2014-06-05|SO|I ACz 960/14|Postanowienie|https://www.saos.org.pl/judgments/147955
61828|2014-06-05|SO|IX C 1621/13|Wyrok|https://www.saos.org.pl/judgments/61828
55352|2014-06-05|SO|III Ca 1716/13|Uzasadnienie|https://www.saos.org.pl/judgments/55352
51944|2014-06-05|SO|II Ca 202/14|Postanowienie|https://www.saos.org.pl/judgments/51944
165970|2014-06-04|SN|II CZ 13/14|Postanowienie|https://www.saos.org.pl/judgments/165970
55595|2014-06-04|SO|VIII Ga 19/14|Uzasadnienie|https://www.saos.org.pl/judgments/55595
50024|2014-06-04|SO|IV U 323/14|Wyrok|https://www.saos.org.pl/judgments/50024
56310|2014-06-03|SO|III Cz 746/14|Postanowienie|https://www.saos.org.pl/judgments/56310
50913|2014-06-03|SO|VIII Ca 120/14|Wyrok|https://www.saos.org.pl/judgments/50913
50756|2014-06-03|SO|IV U 60/14|Wyrok|https://www.saos.org.pl/judgments/50756
73435|2014-06-02|SO|II Ca 984/14|Postanowienie|https://www.saos.org.pl/judgments/73435
55080|2014-06-02|SO|III Ca 1655/13|Uzasadnienie|https://www.saos.org.pl/judgments/55080
210902|2014-05-30|SO|II Ca 406/14|Postanowienie|https://www.saos.org.pl/judgments/210902
52076|2014-05-30|SO|II Cz 288/14|Postanowienie|https://www.saos.org.pl/judgments/52076
52075|2014-05-30|SO|II Cz 287/14|Postanowienie|https://www.saos.org.pl/judgments/52075
52074|2014-05-30|SO|II Cz 286/14|Postanowienie|https://www.saos.org.pl/judgments/52074
52073|2014-05-30|SO|II Cz 285/14|Postanowienie|https://www.saos.org.pl/judgments/52073
52072|2014-05-30|SO|II Cz 284/14|Postanowienie|https://www.saos.org.pl/judgments/52072
52071|2014-05-30|SO|II Cz 283/14|Postanowienie|https://www.saos.org.pl/judgments/52071
52070|2014-05-30|SO|II Cz 282/14|Postanowienie|https://www.saos.org.pl/judgments/52070
51930|2014-05-30|SO|VI Pa 20/14|Wyrok|https://www.saos.org.pl/judgments/51930
49864|2014-05-30|SO|IV U 977/13|Wyrok|https://www.saos.org.pl/judgments/49864
49863|2014-05-30|SO|IV U 656/13|Wyrok|https://www.saos.org.pl/judgments/49863
49337|2014-05-30|SO|IV U 1312/13|Wyrok|https://www.saos.org.pl/judgments/49337
48870|2014-05-30|SO|IV U 1307/13|Wyrok|https://www.saos.org.pl/judgments/48870
48869|2014-05-30|SO|IV U 1304/13|Wyrok|https://www.saos.org.pl/judgments/48869
48868|2014-05-30|SO|IV U 1277/13|Wyrok|https://www.saos.org.pl/judgments/48868
53411|2014-05-29|SO|II Ca 167/14|Postanowienie|https://www.saos.org.pl/judgments/53411
52121|2014-05-29|SO|IV U 56/14|Wyrok|https://www.saos.org.pl/judgments/52121
165897|2014-05-28|SN|I CSK 345/13|Wyrok|https://www.saos.org.pl/judgments/165897
67945|2014-05-28|SO|XVII AmC 687/14|Postanowienie|https://www.saos.org.pl/judgments/67945
67940|2014-05-28|SO|XVII AmC 1171/14|Postanowienie|https://www.saos.org.pl/judgments/67940
58915|2014-05-28|SO|I C 550/14|Wyrok|https://www.saos.org.pl/judgments/58915
52791|2014-05-28|SO|II Ca 165/14|Wyrok|https://www.saos.org.pl/judgments/52791
52038|2014-05-28|SO|I ACa 1768/13|Wyrok|https://www.saos.org.pl/judgments/52038
51827|2014-05-28|SO|VIII Gz 45/14|Postanowienie|https://www.saos.org.pl/judgments/51827
48501|2014-05-28|SO|II Cz 756/14|Postanowienie|https://www.saos.org.pl/judgments/48501
61902|2014-05-27|SO|II Cz 521/14|Postanowienie|https://www.saos.org.pl/judgments/61902
51275|2014-05-27|SO|III AUa 1486/13|Wyrok|https://www.saos.org.pl/judgments/51275
49885|2014-05-27|SO|III AUa 2012/13|Wyrok|https://www.saos.org.pl/judgments/49885
174114|2014-05-26|SO|II Ca 241/14|Wyrok|https://www.saos.org.pl/judgments/174114
55109|2014-05-26|SO|III Ca 270/14|Uzasadnienie|https://www.saos.org.pl/judgments/55109
51449|2014-05-26|SO|III AUz 83/14|Postanowienie|https://www.saos.org.pl/judgments/51449
51014|2014-05-23|SO|III AUa 85/13|Wyrok|https://www.saos.org.pl/judgments/51014
48875|2014-05-23|SO|IV U 633/13|Wyrok|https://www.saos.org.pl/judgments/48875
48860|2014-05-23|SO|IV U 1042/13|Wyrok|https://www.saos.org.pl/judgments/48860
48487|2014-05-23|SO|II Cz 641/14|Postanowienie|https://www.saos.org.pl/judgments/48487
273437|2014-05-22|SO|XVII AmC 29159/13|Wyrok|https://www.saos.org.pl/judgments/273437
202898|2014-05-22|SO|II Ca 928/13|Wyrok|https://www.saos.org.pl/judgments/202898
147497|2014-05-22|SO|I ACz 824/14|Postanowienie|https://www.saos.org.pl/judgments/147497
56132|2014-05-22|SO|III Ca 545/13|Wyrok|https://www.saos.org.pl/judgments/56132
48859|2014-05-22|SO|III AUa 316/14|Wyrok|https://www.saos.org.pl/judgments/48859
165861|2014-05-21|SN|II CSK 509/13|Wyrok|https://www.saos.org.pl/judgments/165861
51450|2014-05-21|SO|III AUz 91/14|Postanowienie|https://www.saos.org.pl/judgments/51450
49256|2014-05-21|SO|VI U 986/13|Wyrok|https://www.saos.org.pl/judgments/49256
56131|2014-05-20|SO|III Ca 48/14|Postanowienie|https://www.saos.org.pl/judgments/56131
55888|2014-05-20|SO|IX C 1798/13|Wyrok|https://www.saos.org.pl/judgments/55888
55886|2014-05-20|SO|IX C 1466/13|Wyrok|https://www.saos.org.pl/judgments/55886
55885|2014-05-20|SO|IX C 133/14|Wyrok|https://www.saos.org.pl/judgments/55885
53066|2014-05-20|SO|II Cz 266/14|Postanowienie|https://www.saos.org.pl/judgments/53066
52364|2014-05-20|SO|III AUa 1851/13|Wyrok|https://www.saos.org.pl/judgments/52364
52120|2014-05-20|SO|IV U 1735/13|Wyrok|https://www.saos.org.pl/judgments/52120
50919|2014-05-20|SO|VIII Ga 231/13|Uzasadnienie|https://www.saos.org.pl/judgments/50919
48876|2014-05-20|SO|IV U 659/13|Wyrok|https://www.saos.org.pl/judgments/48876
48871|2014-05-20|SO|IV U 152/13|Wyrok|https://www.saos.org.pl/judgments/48871
60377|2014-05-19|SO|I ACz 737/14|Postanowienie|https://www.saos.org.pl/judgments/60377
176884|2014-05-16|SO|I ACa 284/14|Wyrok|https://www.saos.org.pl/judgments/176884
158251|2014-05-16|SO|IX C 779/14|Postanowienie|https://www.saos.org.pl/judgments/158251
51352|2014-05-16|SO|I ACa 95/14|Wyrok|https://www.saos.org.pl/judgments/51352
49336|2014-05-16|SO|IV U 1244/13|Wyrok|https://www.saos.org.pl/judgments/49336
48874|2014-05-16|SO|IV U 538/13|Wyrok|https://www.saos.org.pl/judgments/48874
48864|2014-05-16|SO|IV U 1250/13|Wyrok|https://www.saos.org.pl/judgments/48864
48130|2014-05-16|SO|IV U 1471/13|Wyrok|https://www.saos.org.pl/judgments/48130
46248|2014-05-16|SO|II Cz 207/14|Postanowienie|https://www.saos.org.pl/judgments/46248
275557|2014-05-15|SO|II Ca 933/13|Wyrok|https://www.saos.org.pl/judgments/275557
75414|2014-05-15|SO|I ACa 159/14|Wyrok|https://www.saos.org.pl/judgments/75414
59885|2014-05-15|SO|II Ca 94/14|Postanowienie|https://www.saos.org.pl/judgments/59885
59884|2014-05-15|SO|II Ca 93/14|Postanowienie|https://www.saos.org.pl/judgments/59884
55053|2014-05-15|SO|III AUa 826/13|Wyrok|https://www.saos.org.pl/judgments/55053
48297|2014-05-15|SO|III U 1339/13|Wyrok|https://www.saos.org.pl/judgments/48297
294127|2014-05-14|SO|II Ca 949/13|Postanowienie|https://www.saos.org.pl/judgments/294127
165825|2014-05-14|SN|III CZP 18/14|Uchwała|https://www.saos.org.pl/judgments/165825
146970|2014-05-14|SO|I C 828/13|Wyrok|https://www.saos.org.pl/judgments/146970
146404|2014-05-14|SO|I C 915/13|Wyrok|https://www.saos.org.pl/judgments/146404
126550|2014-05-14|SO|III AUz 178/14|Postanowienie|https://www.saos.org.pl/judgments/126550
73969|2014-05-14|SO|III AUz 218/14|Postanowienie|https://www.saos.org.pl/judgments/73969
73968|2014-05-14|SO|III AUz 206/14|Postanowienie|https://www.saos.org.pl/judgments/73968
73967|2014-05-14|SO|III AUz 205/14|Postanowienie|https://www.saos.org.pl/judgments/73967
73966|2014-05-14|SO|III AUz 192/14|Postanowienie|https://www.saos.org.pl/judgments/73966
73965|2014-05-14|SO|III AUz 181/14|Postanowienie|https://www.saos.org.pl/judgments/73965
62550|2014-05-14|SO|VI ACa 564/13|Wyrok|https://www.saos.org.pl/judgments/62550
52835|2014-05-14|SO|IV U 55/14|Wyrok|https://www.saos.org.pl/judgments/52835
49659|2014-05-14|SO|VII U 2396/13|Wyrok|https://www.saos.org.pl/judgments/49659
45660|2014-05-14|SO|II Cz 742/14|Postanowienie|https://www.saos.org.pl/judgments/45660
67064|2014-05-13|SO|VI ACa 1478/13|Wyrok|https://www.saos.org.pl/judgments/67064
55887|2014-05-13|SO|IX C 1511/13|Wyrok|https://www.saos.org.pl/judgments/55887
45806|2014-05-13|SO|II Ca 1642/13|Postanowienie|https://www.saos.org.pl/judgments/45806
146261|2014-05-09|SO|I C 207/13|Wyrok|https://www.saos.org.pl/judgments/146261
64716|2014-05-09|SO|I C 820/13|Wyrok|https://www.saos.org.pl/judgments/64716
57023|2014-05-09|SO|V ACa 50/14|Wyrok|https://www.saos.org.pl/judgments/57023
251903|2014-05-08|SO|II Ca 926/13|Wyrok|https://www.saos.org.pl/judgments/251903
165785|2014-05-08|SN|V CSK 324/13|Postanowienie|https://www.saos.org.pl/judgments/165785
145927|2014-05-08|SO|I Ca 120/14|Wyrok|https://www.saos.org.pl/judgments/145927
105073|2014-05-08|SN|V CZ 31/14|Postanowienie|https://www.saos.org.pl/judgments/105073
52947|2014-05-08|SO|I ACa 99/14|Wyrok|https://www.saos.org.pl/judgments/52947
50887|2014-05-08|SO|IV U 928/13|Wyrok|https://www.saos.org.pl/judgments/50887
48714|2014-05-08|SO|IV U 810/13|Wyrok|https://www.saos.org.pl/judgments/48714
47940|2014-05-08|SO|VI Ga 77/14|Wyrok|https://www.saos.org.pl/judgments/47940
146415|2014-05-07|SO|I Ca 142/14|Postanowienie|https://www.saos.org.pl/judgments/146415
63869|2014-05-07|SO|II Ca 266/14|Postanowienie|https://www.saos.org.pl/judgments/63869
57713|2014-05-07|SO|I C 954/13|Wyrok|https://www.saos.org.pl/judgments/57713
50353|2014-05-07|SO|III Ca 1659/13|Uzasadnienie|https://www.saos.org.pl/judgments/50353
47099|2014-05-07|SO|II Ca 249/14|Postanowienie|https://www.saos.org.pl/judgments/47099
45134|2014-05-07|SO|VII Ua 42/14|Uzasadnienie|https://www.saos.org.pl/judgments/45134
188900|2014-05-06|SO|VIII U 510/14|Wyrok|https://www.saos.org.pl/judgments/188900
50716|2014-05-06|SO|II Cz 18/14|Postanowienie|https://www.saos.org.pl/judgments/50716
54518|2014-05-05|SO|IX C 2139/13|Wyrok|https://www.saos.org.pl/judgments/54518
50965|2014-04-30|SO|VIII U 420/14|Wyrok|https://www.saos.org.pl/judgments/50965
51526|2014-04-29|SO|VIII U 334/14|Wyrok|https://www.saos.org.pl/judgments/51526
48867|2014-04-29|SO|IV U 1275/13|Wyrok|https://www.saos.org.pl/judgments/48867
48716|2014-04-29|SO|IV U 88/14|Wyrok|https://www.saos.org.pl/judgments/48716
48706|2014-04-29|SO|IV U 1415/13|Wyrok|https://www.saos.org.pl/judgments/48706
48704|2014-04-29|SO|IV U 1274/13|Wyrok|https://www.saos.org.pl/judgments/48704
45650|2014-04-29|SO|II Cz 502/14|Postanowienie|https://www.saos.org.pl/judgments/45650
44554|2014-04-29|SO|II Cz 480/14|Postanowienie|https://www.saos.org.pl/judgments/44554
49291|2014-04-28|SO|III Ca 1658/13|Uzasadnienie|https://www.saos.org.pl/judgments/49291
48523|2014-04-28|SO|III Ca 1129/13|Uzasadnienie|https://www.saos.org.pl/judgments/48523
188884|2014-04-25|SO|VIII U 343/14|Wyrok|https://www.saos.org.pl/judgments/188884
146259|2014-04-25|SO|I C 1734/13|Wyrok|https://www.saos.org.pl/judgments/146259
146258|2014-04-25|SO|I C 1733/13|Wyrok|https://www.saos.org.pl/judgments/146258
146256|2014-04-25|SO|I C 1646/13|Wyrok|https://www.saos.org.pl/judgments/146256
146253|2014-04-25|SO|I C 1599/13|Wyrok|https://www.saos.org.pl/judgments/146253
53280|2014-04-25|SO|I ACa 1443/13|Wyrok|https://www.saos.org.pl/judgments/53280
49458|2014-04-25|SO|III Ca 1536/13|Uzasadnienie|https://www.saos.org.pl/judgments/49458
47184|2014-04-25|SO|VIII Ga 93/14|Postanowienie|https://www.saos.org.pl/judgments/47184
45457|2014-04-25|SO|IV U 749/13|Wyrok|https://www.saos.org.pl/judgments/45457
45302|2014-04-25|SO|IV U 800/13|Wyrok|https://www.saos.org.pl/judgments/45302
45300|2014-04-25|SO|IV U 760/13|Wyrok|https://www.saos.org.pl/judgments/45300
45272|2014-04-25|SO|IV U 1064/13|Wyrok|https://www.saos.org.pl/judgments/45272
71430|2014-04-24|SO|I ACa 341/14|Postanowienie|https://www.saos.org.pl/judgments/71430
46345|2014-04-24|SO|VI Ga 66/14|Postanowienie|https://www.saos.org.pl/judgments/46345
45332|2014-04-24|SO|VI Gz 83/14|Postanowienie|https://www.saos.org.pl/judgments/45332
50520|2014-04-23|SO|V U 1482/13|Wyrok|https://www.saos.org.pl/judgments/50520
45281|2014-04-23|SO|IV U 1216/13|Wyrok|https://www.saos.org.pl/judgments/45281
44570|2014-04-22|SO|II Cz 610/14|Postanowienie|https://www.saos.org.pl/judgments/44570
131573|2014-04-17|SO|XVII AmA 23/13|Uzasadnienie|https://www.saos.org.pl/judgments/131573
46903|2014-04-17|SO|IV U 1210/13|Wyrok|https://www.saos.org.pl/judgments/46903
45284|2014-04-17|SO|IV U 1245/13|Wyrok|https://www.saos.org.pl/judgments/45284
45283|2014-04-17|SO|IV U 1238/13|Wyrok|https://www.saos.org.pl/judgments/45283
294664|2014-04-16|SO|II Ca 1075/13|Wyrok|https://www.saos.org.pl/judgments/294664
70973|2014-04-16|SO|I ACa 220/14|Wyrok|https://www.saos.org.pl/judgments/70973
66639|2014-04-16|SO|VI ACa 1262/13|Wyrok|https://www.saos.org.pl/judgments/66639
59472|2014-04-16|SO|I Ns 783/11|Postanowienie|https://www.saos.org.pl/judgments/59472
57875|2014-04-16|SO|I ACa 1231/13|Wyrok|https://www.saos.org.pl/judgments/57875
55052|2014-04-16|SO|III AUa 821/13|Wyrok|https://www.saos.org.pl/judgments/55052
48893|2014-04-16|SO|IV Pa 11/14|Wyrok|https://www.saos.org.pl/judgments/48893
48605|2014-04-16|SO|II Ca 178/14|Wyrok|https://www.saos.org.pl/judgments/48605
45307|2014-04-15|SO|IV U 988/13|Wyrok|https://www.saos.org.pl/judgments/45307
45885|2014-04-14|SO|III AUa 1284/13|Wyrok|https://www.saos.org.pl/judgments/45885
42755|2014-04-14|SO|X GC 1077/13|Uzasadnienie|https://www.saos.org.pl/judgments/42755
58325|2014-04-11|SO|II Cz 192/14|Postanowienie|https://www.saos.org.pl/judgments/58325
61196|2014-04-10|SO|III Ca 190/14|Wyrok|https://www.saos.org.pl/judgments/61196
47827|2014-04-10|SO|I ACa 802/13|Wyrok|https://www.saos.org.pl/judgments/47827
46899|2014-04-10|SO|IV U 1000/13|Wyrok|https://www.saos.org.pl/judgments/46899
45280|2014-04-10|SO|IV U 1209/13|Wyrok|https://www.saos.org.pl/judgments/45280
45279|2014-04-10|SO|IV U 1131/13|Wyrok|https://www.saos.org.pl/judgments/45279
45035|2014-04-08|SO|II Cz 659/13|Postanowienie|https://www.saos.org.pl/judgments/45035
145211|2014-04-04|SO|I C 110/13|Wyrok|https://www.saos.org.pl/judgments/145211
104827|2014-04-04|SN|II CSK 374/13|Postanowienie|https://www.saos.org.pl/judgments/104827
46018|2014-04-04|SO|I ACz 38/14|Postanowienie|https://www.saos.org.pl/judgments/46018
44776|2014-04-04|SO|III U 30/14|Wyrok|https://www.saos.org.pl/judgments/44776
41492|2014-04-04|SO|XVII AmA 148/13|Uzasadnienie|https://www.saos.org.pl/judgments/41492
61630|2014-04-03|SO|I ACa 951/13|Wyrok|https://www.saos.org.pl/judgments/61630
150892|2014-04-02|SO|IX GC 2292/12|Zarządzenie|https://www.saos.org.pl/judgments/150892
149201|2014-04-02|SO|XII Ga 591/13|Wyrok|https://www.saos.org.pl/judgments/149201
75592|2014-04-02|SO|I ACz 447/14|Postanowienie|https://www.saos.org.pl/judgments/75592
45618|2014-04-02|SO|I ACa 1198/13|Wyrok|https://www.saos.org.pl/judgments/45618
43681|2014-04-02|SO|III AUa 1855/12|Wyrok|https://www.saos.org.pl/judgments/43681
51471|2014-04-01|SO|III Cz 313/14|Postanowienie|https://www.saos.org.pl/judgments/51471
145114|2014-03-31|SO|I C 327/12|Wyrok|https://www.saos.org.pl/judgments/145114
45228|2014-03-31|SO|III Ca 1212/13|Uzasadnienie|https://www.saos.org.pl/judgments/45228
43044|2014-03-31|SO|II Ca 720/13|Postanowienie|https://www.saos.org.pl/judgments/43044
145502|2014-03-28|SO|I C 641/13|Wyrok|https://www.saos.org.pl/judgments/145502
145132|2014-03-28|SO|I C 3/13|Postanowienie|https://www.saos.org.pl/judgments/145132
144986|2014-03-28|SO|I ACz 85/14|Postanowienie|https://www.saos.org.pl/judgments/144986
64096|2014-03-28|SO|VI ACa 847/13|Wyrok|https://www.saos.org.pl/judgments/64096
48574|2014-03-28|SO|IV Pa 6/14|Wyrok|https://www.saos.org.pl/judgments/48574
41767|2014-03-28|SO|I ACz 139/14|Postanowienie|https://www.saos.org.pl/judgments/41767
41582|2014-03-28|SO|IV U 3113/13|Wyrok|https://www.saos.org.pl/judgments/41582
278235|2014-03-27|SO|XVII AmE 51/12|Wyrok|https://www.saos.org.pl/judgments/278235
195356|2014-03-27|SO|XVII AmA 125/13|Postanowienie|https://www.saos.org.pl/judgments/195356
104797|2014-03-27|SN|III SK 69/13|Postanowienie|https://www.saos.org.pl/judgments/104797
104796|2014-03-27|SN|III SK 68/13|Postanowienie|https://www.saos.org.pl/judgments/104796
104795|2014-03-27|SN|III SK 67/13|Postanowienie|https://www.saos.org.pl/judgments/104795
104794|2014-03-27|SN|III SK 66/13|Postanowienie|https://www.saos.org.pl/judgments/104794
42031|2014-03-27|SO|IV U 941/12|Wyrok|https://www.saos.org.pl/judgments/42031
50787|2014-03-26|SO|XII Ga 588/13|Wyrok|https://www.saos.org.pl/judgments/50787
50784|2014-03-26|SO|XII Ga 579/13|Wyrok|https://www.saos.org.pl/judgments/50784
49130|2014-03-26|SO|II Cz 115/14|Postanowienie|https://www.saos.org.pl/judgments/49130
44804|2014-03-26|SO|V Pz 12/14|Postanowienie|https://www.saos.org.pl/judgments/44804
43087|2014-03-26|SO|II Cz 365/14|Postanowienie|https://www.saos.org.pl/judgments/43087
320147|2014-03-25|SO|XX GC 274/11|Wyrok|https://www.saos.org.pl/judgments/320147
181154|2014-03-25|SO|I ACa 152/14|Wyrok|https://www.saos.org.pl/judgments/181154
147090|2014-03-25|SO|I C 149/13|Uzasadnienie|https://www.saos.org.pl/judgments/147090
104773|2014-03-25|SN|I PK 291/13|Postanowienie|https://www.saos.org.pl/judgments/104773
47166|2014-03-25|SO|VI ACa 1210/13|Wyrok|https://www.saos.org.pl/judgments/47166
46082|2014-03-25|SO|III Ca 233/14|Uzasadnienie|https://www.saos.org.pl/judgments/46082
45798|2014-03-25|SO|I ACa 638/13|Wyrok|https://www.saos.org.pl/judgments/45798
224618|2014-03-24|SO|V Ca 585/14|Wyrok|https://www.saos.org.pl/judgments/224618
104755|2014-03-21|SN|IV CSK 407/13|Wyrok|https://www.saos.org.pl/judgments/104755
44427|2014-03-20|SO|IV U 2122/13|Wyrok|https://www.saos.org.pl/judgments/44427
44070|2014-03-20|SO|IV U 489/13|Wyrok|https://www.saos.org.pl/judgments/44070
43807|2014-03-19|SO|IV U 969/13|Wyrok|https://www.saos.org.pl/judgments/43807
293859|2014-03-18|SO|II Ca 607/13|Postanowienie|https://www.saos.org.pl/judgments/293859
147669|2014-03-18|SO|I Ns 887/13|Postanowienie|https://www.saos.org.pl/judgments/147669
133265|2014-03-18|SO|III Ca 1803/13|Postanowienie|https://www.saos.org.pl/judgments/133265
46440|2014-03-18|SO|II Ca 1533/13|Wyrok|https://www.saos.org.pl/judgments/46440
263753|2014-03-17|SO|XVII AmA 148/13|Wyrok|https://www.saos.org.pl/judgments/263753
42030|2014-03-17|SO|IV U 915/13|Wyrok|https://www.saos.org.pl/judgments/42030
42028|2014-03-17|SO|IV U 891/13|Wyrok|https://www.saos.org.pl/judgments/42028
40670|2014-03-17|SO|VI Gz 306/13|Postanowienie|https://www.saos.org.pl/judgments/40670
165659|2014-03-13|SN|I CSK 263/13|Wyrok|https://www.saos.org.pl/judgments/165659
145265|2014-03-13|SO|II Ca 106/14|Wyrok|https://www.saos.org.pl/judgments/145265
45644|2014-03-13|SO|I ACa 851/13|Wyrok|https://www.saos.org.pl/judgments/45644
42165|2014-03-13|SO|V Ca 2/14|Wyrok|https://www.saos.org.pl/judgments/42165
41184|2014-03-13|SO|II Ca 45/14|Wyrok|https://www.saos.org.pl/judgments/41184
176028|2014-03-12|SO|VIII U 9/14|Wyrok|https://www.saos.org.pl/judgments/176028
56887|2014-03-12|SO|III Ca 1667/13|Postanowienie|https://www.saos.org.pl/judgments/56887
48426|2014-03-12|SO|I ACa 27/14|Wyrok|https://www.saos.org.pl/judgments/48426
43591|2014-03-12|SO|VII U 2389/13|Wyrok|https://www.saos.org.pl/judgments/43591
229704|2014-03-11|SO|XVII AmA 7/13|Wyrok|https://www.saos.org.pl/judgments/229704
165671|2014-03-11|SN|III PK 78/13|Wyrok|https://www.saos.org.pl/judgments/165671
46650|2014-03-11|SO|VIII Gz 26/14|Uzasadnienie|https://www.saos.org.pl/judgments/46650
42207|2014-03-11|SO|IV U 879/13|Wyrok|https://www.saos.org.pl/judgments/42207
42206|2014-03-11|SO|IV U 843/13|Wyrok|https://www.saos.org.pl/judgments/42206
42205|2014-03-11|SO|IV U 831/13|Wyrok|https://www.saos.org.pl/judgments/42205
42204|2014-03-11|SO|IV U 826/13|Wyrok|https://www.saos.org.pl/judgments/42204
263749|2014-03-10|SO|XVII AmA 119/12|Wyrok|https://www.saos.org.pl/judgments/263749
70331|2014-03-10|SO|VIII Pa 112/13|Postanowienie|https://www.saos.org.pl/judgments/70331
46237|2014-03-07|SO|I ACa 1244/13|Wyrok|https://www.saos.org.pl/judgments/46237
133267|2014-03-06|SO|III Ca 1810/13|Postanowienie|https://www.saos.org.pl/judgments/133267
45835|2014-03-06|SO|II Cz 116/14|Postanowienie|https://www.saos.org.pl/judgments/45835
104620|2014-03-04|SN|III SK 35/13|Wyrok|https://www.saos.org.pl/judgments/104620
41853|2014-03-04|SO|V ACz 5/14|Postanowienie|https://www.saos.org.pl/judgments/41853
47158|2014-03-03|SO|IX U 1985/13|Wyrok|https://www.saos.org.pl/judgments/47158
42196|2014-03-03|SO|IV U 666/13|Wyrok|https://www.saos.org.pl/judgments/42196
350613|2014-02-28|SO|IX Ga 23/14|Wyrok|https://www.saos.org.pl/judgments/350613
104582|2014-02-28|SN|IV CZ 129/13|Postanowienie|https://www.saos.org.pl/judgments/104582
104576|2014-02-28|SN|IV CSK 319/13|Postanowienie|https://www.saos.org.pl/judgments/104576
104575|2014-02-28|SN|IV CSK 304/13|Postanowienie|https://www.saos.org.pl/judgments/104575
47906|2014-02-28|SO|VIII Gz 19/14|Postanowienie|https://www.saos.org.pl/judgments/47906
144225|2014-02-27|SO|I Ns 371/12|Postanowienie|https://www.saos.org.pl/judgments/144225
66022|2014-02-27|SO|I C 2856/13|Wyrok|https://www.saos.org.pl/judgments/66022
56885|2014-02-27|SO|III Ca 1488/13|Wyrok|https://www.saos.org.pl/judgments/56885
44983|2014-02-27|SO|II Cz 1028/13|Postanowienie|https://www.saos.org.pl/judgments/44983
42201|2014-02-27|SO|IV U 744/13|Wyrok|https://www.saos.org.pl/judgments/42201
42200|2014-02-27|SO|IV U 742/13|Wyrok|https://www.saos.org.pl/judgments/42200
42192|2014-02-27|SO|IV U 178/13|Wyrok|https://www.saos.org.pl/judgments/42192
39668|2014-02-27|SO|II Ca 49/14|Wyrok|https://www.saos.org.pl/judgments/39668
39526|2014-02-27|SO|IV U 210/13|Wyrok|https://www.saos.org.pl/judgments/39526
39525|2014-02-27|SO|IV U 197/13|Wyrok|https://www.saos.org.pl/judgments/39525
37804|2014-02-27|SO|IV U 338/13|Wyrok|https://www.saos.org.pl/judgments/37804
43522|2014-02-26|SO|III AUa 384/13|Wyrok|https://www.saos.org.pl/judgments/43522
40671|2014-02-26|SO|VI Gz 32/14|Postanowienie|https://www.saos.org.pl/judgments/40671
144947|2014-02-25|SO|II Ca 1237/13|Postanowienie|https://www.saos.org.pl/judgments/144947
42198|2014-02-25|SO|IV U 687/12|Wyrok|https://www.saos.org.pl/judgments/42198
41276|2014-02-25|SO|III AUa 1349/13|Wyrok|https://www.saos.org.pl/judgments/41276
41151|2014-02-25|SO|X Ga 349/13|Wyrok|https://www.saos.org.pl/judgments/41151
37341|2014-02-25|SO|VI Ca 42/14|Wyrok|https://www.saos.org.pl/judgments/37341
40098|2014-02-24|SO|II Ca 38/14|Wyrok|https://www.saos.org.pl/judgments/40098
165633|2014-02-20|SN|I CZ 125/13|Postanowienie|https://www.saos.org.pl/judgments/165633
47692|2014-02-20|SO|V ACa 891/13|Wyrok|https://www.saos.org.pl/judgments/47692
46471|2014-02-20|SO|III AUa 324/13|Wyrok|https://www.saos.org.pl/judgments/46471
41102|2014-02-20|SO|IV U 1361/13|Wyrok|https://www.saos.org.pl/judgments/41102
104507|2014-02-19|SN|IV CNP 52/13|Postanowienie|https://www.saos.org.pl/judgments/104507
50783|2014-02-19|SO|XII Ga 529/13|Wyrok|https://www.saos.org.pl/judgments/50783
43153|2014-02-19|SO|I ACa 725/13|Wyrok|https://www.saos.org.pl/judgments/43153
42960|2014-02-19|SO|IX U 1579/13|Wyrok|https://www.saos.org.pl/judgments/42960
41464|2014-02-19|SO|V Pa 184/13|Wyrok|https://www.saos.org.pl/judgments/41464
39536|2014-02-19|SO|IV U 713/13|Wyrok|https://www.saos.org.pl/judgments/39536
39535|2014-02-19|SO|IV U 687/13|Wyrok|https://www.saos.org.pl/judgments/39535
35614|2014-02-18|SO|II Co 8/14|Postanowienie|https://www.saos.org.pl/judgments/35614
39534|2014-02-17|SO|IV U 649/13|Wyrok|https://www.saos.org.pl/judgments/39534
37844|2014-02-17|SO|IV U 603/13|Wyrok|https://www.saos.org.pl/judgments/37844
37838|2014-02-17|SO|IV U 576/13|Wyrok|https://www.saos.org.pl/judgments/37838
104391|2014-02-14|SN|II CSK 216/13|Postanowienie|https://www.saos.org.pl/judgments/104391
49185|2014-02-14|SO|II Cz 993/13|Postanowienie|https://www.saos.org.pl/judgments/49185
36944|2014-02-14|SO|III Ca 1050/13|Uzasadnienie|https://www.saos.org.pl/judgments/36944
36052|2014-02-14|SO|II Cz 121/14|Postanowienie|https://www.saos.org.pl/judgments/36052
47984|2014-02-13|SO|III Ca 1372/13|Wyrok|https://www.saos.org.pl/judgments/47984
37654|2014-02-13|SO|I ACa 1057/13|Wyrok|https://www.saos.org.pl/judgments/37654
236409|2014-02-12|SO|XVII AmC 16694/13|Postanowienie|https://www.saos.org.pl/judgments/236409
45860|2014-02-12|SO|II Cz 858/13|Postanowienie|https://www.saos.org.pl/judgments/45860
44359|2014-02-12|SO|I ACa 783/13|Wyrok|https://www.saos.org.pl/judgments/44359
37863|2014-02-12|SO|IX GC 593/13|Wyrok|https://www.saos.org.pl/judgments/37863
36361|2014-02-12|SO|XII Ga 511/13|Wyrok|https://www.saos.org.pl/judgments/36361
36143|2014-02-12|SO|III Ca 943/13|Wyrok|https://www.saos.org.pl/judgments/36143
245917|2014-02-11|SO|XVII AmT 18/12|Wyrok|https://www.saos.org.pl/judgments/245917
49200|2014-02-11|SO|IV U 569/13|Wyrok|https://www.saos.org.pl/judgments/49200
46942|2014-02-11|SO|VI U 1625/13|Wyrok|https://www.saos.org.pl/judgments/46942
40728|2014-02-11|SO|VI U 180/13|Wyrok|https://www.saos.org.pl/judgments/40728
37828|2014-02-11|SO|IV U 516/13|Wyrok|https://www.saos.org.pl/judgments/37828
37827|2014-02-11|SO|IV U 510/13|Wyrok|https://www.saos.org.pl/judgments/37827
37826|2014-02-11|SO|IV U 506/13|Wyrok|https://www.saos.org.pl/judgments/37826
37817|2014-02-11|SO|IV U 422/13|Wyrok|https://www.saos.org.pl/judgments/37817
302731|2014-02-10|SO|II Ca 499/13|Postanowienie|https://www.saos.org.pl/judgments/302731
229711|2014-02-10|SO|XVII AmE 196/11|Wyrok|https://www.saos.org.pl/judgments/229711
37831|2014-02-07|SO|IV U 531/13|Wyrok|https://www.saos.org.pl/judgments/37831
390626|2014-02-06|SO|II C 1253/13|Wyrok|https://www.saos.org.pl/judgments/390626
165617|2014-02-06|SN|I CSK 219/13|Wyrok|https://www.saos.org.pl/judgments/165617
65666|2014-02-06|SO|II Ca 483/13|Postanowienie|https://www.saos.org.pl/judgments/65666
44009|2014-02-06|SO|I ACa 893/13|Wyrok|https://www.saos.org.pl/judgments/44009
37320|2014-02-06|SO|IX Ua 37/13|Wyrok|https://www.saos.org.pl/judgments/37320
36137|2014-02-06|SO|III AUa 754/13|Wyrok|https://www.saos.org.pl/judgments/36137
143770|2014-02-05|SO|I C 19/13|Wyrok|https://www.saos.org.pl/judgments/143770
42966|2014-02-05|SO|IX U 2109/13|Wyrok|https://www.saos.org.pl/judgments/42966
38383|2014-02-05|SO|I ACa 735/13|Wyrok|https://www.saos.org.pl/judgments/38383
37818|2014-02-05|SO|IV U 425/13|Wyrok|https://www.saos.org.pl/judgments/37818
37814|2014-02-05|SO|IV U 417/13|Wyrok|https://www.saos.org.pl/judgments/37814
37812|2014-02-05|SO|IV U 408/13|Wyrok|https://www.saos.org.pl/judgments/37812
61710|2014-02-04|SO|III Ca 1/14|Postanowienie|https://www.saos.org.pl/judgments/61710
46941|2014-02-04|SO|VI U 1581/13|Wyrok|https://www.saos.org.pl/judgments/46941
41100|2014-02-04|SO|IV U 1270/13|Wyrok|https://www.saos.org.pl/judgments/41100
37843|2014-02-04|SO|IV U 600/12|Wyrok|https://www.saos.org.pl/judgments/37843
37808|2014-02-04|SO|IV U 361/13|Wyrok|https://www.saos.org.pl/judgments/37808
37795|2014-02-04|SO|IV U 225/13|Wyrok|https://www.saos.org.pl/judgments/37795
203960|2014-01-31|SO|II Ca 1114/13|Postanowienie|https://www.saos.org.pl/judgments/203960
49193|2014-01-31|SO|IV U 168/13|Wyrok|https://www.saos.org.pl/judgments/49193
44880|2014-01-31|SO|II Ca 707/13|Uzasadnienie|https://www.saos.org.pl/judgments/44880
37854|2014-01-31|SO|IV U 82/13|Wyrok|https://www.saos.org.pl/judgments/37854
446829|2014-01-29|SO|I ACa 1123/13|Wyrok|https://www.saos.org.pl/judgments/446829
38867|2014-01-29|SO|II Cz 545/13|Postanowienie|https://www.saos.org.pl/judgments/38867
219160|2014-01-28|SO|I Ns 271/10|Postanowienie|https://www.saos.org.pl/judgments/219160
46937|2014-01-28|SO|VI U 1490/13|Wyrok|https://www.saos.org.pl/judgments/46937
36210|2014-01-28|SO|V ACa 655/13|Wyrok|https://www.saos.org.pl/judgments/36210
38883|2014-01-27|SO|II Cz 857/13|Postanowienie|https://www.saos.org.pl/judgments/38883
38876|2014-01-27|SO|II Cz 820/13|Postanowienie|https://www.saos.org.pl/judgments/38876
38875|2014-01-27|SO|II Cz 819/13|Postanowienie|https://www.saos.org.pl/judgments/38875
37794|2014-01-24|SO|IV U 214/13|Wyrok|https://www.saos.org.pl/judgments/37794
37791|2014-01-24|SO|IV U 189/13|Wyrok|https://www.saos.org.pl/judgments/37791
34876|2014-01-24|SO|VIII Ga 312/13|Wyrok|https://www.saos.org.pl/judgments/34876
296155|2014-01-23|SO|II Ca 5/14|Postanowienie|https://www.saos.org.pl/judgments/296155
104133|2014-01-23|SN|II CSK 264/13|Wyrok|https://www.saos.org.pl/judgments/104133
35748|2014-01-23|SO|III AUa 55/13|Wyrok|https://www.saos.org.pl/judgments/35748
287332|2014-01-22|SO|XX GC 849/12|Wyrok|https://www.saos.org.pl/judgments/287332
104150|2014-01-22|SN|III CZ 65/13|Postanowienie|https://www.saos.org.pl/judgments/104150
37558|2014-01-22|SO|IV U 574/13|Wyrok|https://www.saos.org.pl/judgments/37558
257388|2014-01-21|SO|III APa 13/13|Wyrok|https://www.saos.org.pl/judgments/257388
35082|2014-01-21|SO|IV U 993/12|Wyrok|https://www.saos.org.pl/judgments/35082
35072|2014-01-21|SO|IV U 215/13|Wyrok|https://www.saos.org.pl/judgments/35072
33908|2014-01-21|SO|III AUa 813/13|Wyrok|https://www.saos.org.pl/judgments/33908
37150|2014-01-20|SO|I ACa 920/13|Wyrok|https://www.saos.org.pl/judgments/37150
45861|2014-01-17|SO|II Cz 863/13|Postanowienie|https://www.saos.org.pl/judgments/45861
37798|2014-01-17|SO|IV U 276/13|Wyrok|https://www.saos.org.pl/judgments/37798
37664|2014-01-17|SO|I ACz 1029/13|Postanowienie|https://www.saos.org.pl/judgments/37664
33954|2014-01-17|SO|IV U 1088/12|Wyrok|https://www.saos.org.pl/judgments/33954
45433|2014-01-16|SO|III AUa 565/13|Wyrok|https://www.saos.org.pl/judgments/45433
43474|2014-01-16|SO|I ACa 656/13|Wyrok|https://www.saos.org.pl/judgments/43474
165600|2014-01-15|SN|I CSK 204/13|Postanowienie|https://www.saos.org.pl/judgments/165600
148407|2014-01-15|SO|II Ca 412/13|Uzasadnienie|https://www.saos.org.pl/judgments/148407
142799|2014-01-15|SO|I Ca 335/13|Wyrok|https://www.saos.org.pl/judgments/142799
104077|2014-01-15|SN|I CZ 120/13|Postanowienie|https://www.saos.org.pl/judgments/104077
56431|2014-01-15|SO|VI ACa 663/13|Wyrok|https://www.saos.org.pl/judgments/56431
31099|2014-01-15|SO|IV Cz 1/14|Postanowienie|https://www.saos.org.pl/judgments/31099
165603|2014-01-14|SN|III SK 29/13|Postanowienie|https://www.saos.org.pl/judgments/165603
104096|2014-01-14|SN|IV CNP 47/13|Postanowienie|https://www.saos.org.pl/judgments/104096
70586|2014-01-14|SO|I ACa 1385/13|Wyrok|https://www.saos.org.pl/judgments/70586
48556|2014-01-14|SO|III Cz 1557/13|Postanowienie|https://www.saos.org.pl/judgments/48556
48554|2014-01-14|SO|III Cz 1542/13|Postanowienie|https://www.saos.org.pl/judgments/48554
104005|2014-01-10|SN|I CSK 161/13|Wyrok|https://www.saos.org.pl/judgments/104005
37556|2014-01-10|SO|IV U 453/13|Wyrok|https://www.saos.org.pl/judgments/37556
35081|2014-01-10|SO|IV U 987/12|Wyrok|https://www.saos.org.pl/judgments/35081
34307|2014-01-10|SO|IV U 410/13|Wyrok|https://www.saos.org.pl/judgments/34307
30917|2014-01-10|SO|VI Gz 358/13|Postanowienie|https://www.saos.org.pl/judgments/30917
33528|2014-01-09|SO|VIII Gz 117/13|Postanowienie|https://www.saos.org.pl/judgments/33528
35447|2014-01-08|SO|IV U 542/13|Wyrok|https://www.saos.org.pl/judgments/35447
46868|2014-01-07|SO|III Cz 1379/13|Postanowienie|https://www.saos.org.pl/judgments/46868
45859|2014-01-07|SO|II Cz 855/13|Postanowienie|https://www.saos.org.pl/judgments/45859
239952|2014-01-03|SO|II Cz 447/13|Postanowienie|https://www.saos.org.pl/judgments/239952
34549|2014-01-03|SO|VI P 718/13|Postanowienie|https://www.saos.org.pl/judgments/34549
35135|2013-12-31|SO|I ACz 2541/13|Postanowienie|https://www.saos.org.pl/judgments/35135
294702|2013-12-30|SO|II Ca 1324/13|Postanowienie|https://www.saos.org.pl/judgments/294702
294701|2013-12-30|SO|II Ca 1323/13|Postanowienie|https://www.saos.org.pl/judgments/294701
294700|2013-12-30|SO|II Ca 1322/13|Postanowienie|https://www.saos.org.pl/judgments/294700
208176|2013-12-30|SO|II Ca 1321/13|Postanowienie|https://www.saos.org.pl/judgments/208176
144040|2013-12-30|SO|I Ca 229/13|Postanowienie|https://www.saos.org.pl/judgments/144040
44643|2013-12-30|SO|I ACa 1392/13|Wyrok|https://www.saos.org.pl/judgments/44643
34650|2013-12-30|SO|III AUa 396/13|Wyrok|https://www.saos.org.pl/judgments/34650
32097|2013-12-30|SO|II Ca 381/13|Uzasadnienie|https://www.saos.org.pl/judgments/32097
142283|2013-12-27|SO|I ACz 770/13|Postanowienie|https://www.saos.org.pl/judgments/142283
46377|2013-12-27|SO|I ACa 1334/13|Wyrok|https://www.saos.org.pl/judgments/46377
144935|2013-12-23|SO|I Cz 344/13|Postanowienie|https://www.saos.org.pl/judgments/144935
37842|2013-12-23|SO|IV U 596/12|Wyrok|https://www.saos.org.pl/judgments/37842
103982|2013-12-20|SN|IV CNP 68/13|Postanowienie|https://www.saos.org.pl/judgments/103982
40411|2013-12-20|SO|II Ca 2525/13|Postanowienie|https://www.saos.org.pl/judgments/40411
35784|2013-12-20|SO|IV U 488/13|Wyrok|https://www.saos.org.pl/judgments/35784
35245|2013-12-20|SO|V P 27/13|Postanowienie|https://www.saos.org.pl/judgments/35245
142308|2013-12-19|SO|II AKa 193/13|Wyrok|https://www.saos.org.pl/judgments/142308
49211|2013-12-19|SO|VI ACa 1170/13|Wyrok|https://www.saos.org.pl/judgments/49211
36140|2013-12-19|SO|III AUz 391/13|Postanowienie|https://www.saos.org.pl/judgments/36140
35977|2013-12-19|SO|V ACa 568/13|Wyrok|https://www.saos.org.pl/judgments/35977
35242|2013-12-19|SO|IV U 964/12|Wyrok|https://www.saos.org.pl/judgments/35242
35099|2013-12-19|SO|VIII Ga 249/13|Wyrok|https://www.saos.org.pl/judgments/35099
239944|2013-12-17|SO|II Cz 316/13|Postanowienie|https://www.saos.org.pl/judgments/239944
58907|2013-12-17|SO|I ACz 2109/13|Postanowienie|https://www.saos.org.pl/judgments/58907
37625|2013-12-17|SO|I ACa 1400/13|Wyrok|https://www.saos.org.pl/judgments/37625
35787|2013-12-17|SO|IV U 632/13|Wyrok|https://www.saos.org.pl/judgments/35787
35780|2013-12-17|SO|IV U 322/13|Wyrok|https://www.saos.org.pl/judgments/35780
35068|2013-12-17|SO|IV U 162/13|Wyrok|https://www.saos.org.pl/judgments/35068
35443|2013-12-16|SO|IV U 293/13|Wyrok|https://www.saos.org.pl/judgments/35443
29691|2013-12-16|SO|IV U 67/13|Wyrok|https://www.saos.org.pl/judgments/29691
127980|2013-12-13|SO|IV U 597/13|Wyrok|https://www.saos.org.pl/judgments/127980
103855|2013-12-13|SN|III CZP 89/13|Postanowienie|https://www.saos.org.pl/judgments/103855
46551|2013-12-13|SO|I ACa 1214/13|Wyrok|https://www.saos.org.pl/judgments/46551
29814|2013-12-13|SO|IV Ca 595/13|Postanowienie|https://www.saos.org.pl/judgments/29814
142881|2013-12-12|SO|I Ca 195/13|Postanowienie|https://www.saos.org.pl/judgments/142881
142798|2013-12-12|SO|I Ca 182/13|Postanowienie|https://www.saos.org.pl/judgments/142798
33118|2013-12-12|SO|II Ca 1437/13|Wyrok|https://www.saos.org.pl/judgments/33118
226723|2013-12-11|SO|V Ca 1807/13|Postanowienie|https://www.saos.org.pl/judgments/226723
103890|2013-12-11|SN|IV CZ 110/13|Postanowienie|https://www.saos.org.pl/judgments/103890
56802|2013-12-11|SO|VI ACa 670/13|Wyrok|https://www.saos.org.pl/judgments/56802
27683|2013-12-11|SO|IV Cz 751/13|Postanowienie|https://www.saos.org.pl/judgments/27683
27682|2013-12-11|SO|IV Cz 735/13|Postanowienie|https://www.saos.org.pl/judgments/27682
29952|2013-12-10|SO|II Cz 886/13|Postanowienie|https://www.saos.org.pl/judgments/29952
29682|2013-12-10|SO|IV U 1433/13|Wyrok|https://www.saos.org.pl/judgments/29682
35233|2013-12-06|SO|IV U 399/13|Wyrok|https://www.saos.org.pl/judgments/35233
33801|2013-12-06|SO|XVI Cz 1226/13|Postanowienie|https://www.saos.org.pl/judgments/33801
33663|2013-12-06|SO|VI ACa 322/13|Wyrok|https://www.saos.org.pl/judgments/33663
29706|2013-12-06|SO|VI Gz 327/13|Postanowienie|https://www.saos.org.pl/judgments/29706
29690|2013-12-06|SO|IV U 359/13|Wyrok|https://www.saos.org.pl/judgments/29690
29202|2013-12-06|SO|VI Gz 220/13|Postanowienie|https://www.saos.org.pl/judgments/29202
37799|2013-12-05|SO|IV U 281/13|Wyrok|https://www.saos.org.pl/judgments/37799
37445|2013-12-05|SO|VII Pa 227/13|Wyrok|https://www.saos.org.pl/judgments/37445
32844|2013-12-05|SO|III AUz 176/13|Postanowienie|https://www.saos.org.pl/judgments/32844
32843|2013-12-05|SO|III AUz 172/13|Postanowienie|https://www.saos.org.pl/judgments/32843
35719|2013-12-04|SO|II Cz 1480/13|Postanowienie|https://www.saos.org.pl/judgments/35719
33597|2013-12-04|SO|VIII Ga 54/13|Uzasadnienie|https://www.saos.org.pl/judgments/33597
33359|2013-12-04|SO|IV U 1156/13|Wyrok|https://www.saos.org.pl/judgments/33359
35436|2013-12-03|SO|IV U 1117/12|Wyrok|https://www.saos.org.pl/judgments/35436
35232|2013-12-03|SO|IV U 389/13|Wyrok|https://www.saos.org.pl/judgments/35232
33117|2013-12-02|SO|I ACa 583/13|Wyrok|https://www.saos.org.pl/judgments/33117
183537|2013-11-29|SO|II Cz 813/13|Postanowienie|https://www.saos.org.pl/judgments/183537
165562|2013-11-29|SN|I CSK 124/13|Wyrok|https://www.saos.org.pl/judgments/165562
36398|2013-11-29|SO|I ACa 1099/13|Wyrok|https://www.saos.org.pl/judgments/36398
35773|2013-11-29|SO|IV U 1200/13|Wyrok|https://www.saos.org.pl/judgments/35773
35230|2013-11-29|SO|IV U 3/13|Wyrok|https://www.saos.org.pl/judgments/35230
29812|2013-11-29|SO|IV Ca 519/13|Wyrok|https://www.saos.org.pl/judgments/29812
294568|2013-11-28|SO|XXIV C 1016/13|Postanowienie|https://www.saos.org.pl/judgments/294568
30207|2013-11-28|SO|VIII Ga 122/13|Wyrok|https://www.saos.org.pl/judgments/30207
28336|2013-11-28|SO|V Pa 106/13|Wyrok|https://www.saos.org.pl/judgments/28336
141641|2013-11-27|SO|I C 177/12|Wyrok|https://www.saos.org.pl/judgments/141641
63736|2013-11-27|SO|I C 366/13|Wyrok|https://www.saos.org.pl/judgments/63736
58600|2013-11-27|SO|I ACa 1149/13|Wyrok|https://www.saos.org.pl/judgments/58600
39900|2013-11-27|SO|III AUa 367/13|Wyrok|https://www.saos.org.pl/judgments/39900
35759|2013-11-27|SO|III Ca 793/13|Postanowienie|https://www.saos.org.pl/judgments/35759
31343|2013-11-27|SO|I ACa 711/13|Wyrok|https://www.saos.org.pl/judgments/31343
30291|2013-11-27|SO|I ACa 852/13|Wyrok|https://www.saos.org.pl/judgments/30291
27569|2013-11-27|SO|V U 1421/13|Postanowienie|https://www.saos.org.pl/judgments/27569
155666|2013-11-26|SO|I Ns 819/13|Postanowienie|https://www.saos.org.pl/judgments/155666
35790|2013-11-26|SO|IV U 794/13|Wyrok|https://www.saos.org.pl/judgments/35790
31202|2013-11-26|SO|II Ca 542/11|Postanowienie|https://www.saos.org.pl/judgments/31202
26611|2013-11-25|SO|VI Ga 139/13|Postanowienie|https://www.saos.org.pl/judgments/26611
29426|2013-11-22|SO|VIII Ga 304/13|Wyrok|https://www.saos.org.pl/judgments/29426
103603|2013-11-21|SN|III CZ 51/13|Postanowienie|https://www.saos.org.pl/judgments/103603
35205|2013-11-21|SO|III AUa 502/13|Wyrok|https://www.saos.org.pl/judgments/35205
29115|2013-11-21|SO|IV U 548/12|Wyrok|https://www.saos.org.pl/judgments/29115
28437|2013-11-21|SO|IV U 622/12|Wyrok|https://www.saos.org.pl/judgments/28437
27478|2013-11-21|SO|IV Pz 17/13|Postanowienie|https://www.saos.org.pl/judgments/27478
67429|2013-11-20|SO|II Cz 508/13|Postanowienie|https://www.saos.org.pl/judgments/67429
58380|2013-11-20|SO|II Cz 720/13|Postanowienie|https://www.saos.org.pl/judgments/58380
28187|2013-11-20|SO|IX GC 397/13|Wyrok|https://www.saos.org.pl/judgments/28187
27888|2013-11-20|SO|IX GC 533/13|Wyrok|https://www.saos.org.pl/judgments/27888
25823|2013-11-20|SO|III APz 13/13|Postanowienie|https://www.saos.org.pl/judgments/25823
537848|2013-11-19|SO|XX GC 978/12|Wyrok|https://www.saos.org.pl/judgments/537848
35779|2013-11-19|SO|IV U 319/13|Wyrok|https://www.saos.org.pl/judgments/35779
36700|2013-11-18|SO|VI U 652/13|Uzasadnienie|https://www.saos.org.pl/judgments/36700
26255|2013-11-18|SO|V ACz 1119/13|Postanowienie|https://www.saos.org.pl/judgments/26255
143541|2013-11-15|SO|I C 554/11|Wyrok|https://www.saos.org.pl/judgments/143541
33323|2013-11-15|SO|I ACa 803/13|Wyrok|https://www.saos.org.pl/judgments/33323
33130|2013-11-15|SO|II Ca 2042/12|Wyrok|https://www.saos.org.pl/judgments/33130
30679|2013-11-15|SO|III U 1208/13|Wyrok|https://www.saos.org.pl/judgments/30679
27274|2013-11-15|SO|VI Gz 304/13|Postanowienie|https://www.saos.org.pl/judgments/27274
103564|2013-11-14|SN|IV CZ 90/13|Postanowienie|https://www.saos.org.pl/judgments/103564
38215|2013-11-14|SO|I ACa 526/13|Wyrok|https://www.saos.org.pl/judgments/38215
35712|2013-11-14|SO|II Ca 660/13|Wyrok|https://www.saos.org.pl/judgments/35712
29117|2013-11-14|SO|IV U 981/13|Wyrok|https://www.saos.org.pl/judgments/29117
25978|2013-11-14|SO|III AUa 645/13|Wyrok|https://www.saos.org.pl/judgments/25978
67376|2013-11-12|SO|XVII AmC 29/13|Postanowienie|https://www.saos.org.pl/judgments/67376
26588|2013-11-12|SO|III AUa 528/13|Wyrok|https://www.saos.org.pl/judgments/26588
141241|2013-11-08|SO|I ACz 797/13|Postanowienie|https://www.saos.org.pl/judgments/141241
27299|2013-11-08|SO|I ACa 426/13|Wyrok|https://www.saos.org.pl/judgments/27299
51200|2013-11-07|SO|XXIII Ga 1274/13|Wyrok|https://www.saos.org.pl/judgments/51200
35788|2013-11-07|SO|IV U 637/13|Wyrok|https://www.saos.org.pl/judgments/35788
33535|2013-11-07|SO|I ACa 513/13|Wyrok|https://www.saos.org.pl/judgments/33535
33151|2013-11-07|SO|II Ca 988/13|Postanowienie|https://www.saos.org.pl/judgments/33151
292967|2013-11-06|SO|II Ca 253/13|Wyrok|https://www.saos.org.pl/judgments/292967
103447|2013-11-06|SN|IV CSK 100/13|Postanowienie|https://www.saos.org.pl/judgments/103447
36117|2013-11-06|SO|III AUa 1219/12|Wyrok|https://www.saos.org.pl/judgments/36117
30458|2013-11-06|SO|V U 341/13|Wyrok|https://www.saos.org.pl/judgments/30458
29866|2013-11-06|SO|VIII Gz 98/13|Postanowienie|https://www.saos.org.pl/judgments/29866
27408|2013-11-06|SO|III AUa 904/13|Wyrok|https://www.saos.org.pl/judgments/27408
26891|2013-11-06|SO|I ACa 718/13|Wyrok|https://www.saos.org.pl/judgments/26891
36801|2013-11-05|SO|III APa 18/13|Wyrok|https://www.saos.org.pl/judgments/36801
35785|2013-11-05|SO|IV U 530/12|Wyrok|https://www.saos.org.pl/judgments/35785
28158|2013-11-05|SO|III AUa 24/13|Wyrok|https://www.saos.org.pl/judgments/28158
26061|2013-11-05|SO|III AUa 192/13|Wyrok|https://www.saos.org.pl/judgments/26061
34572|2013-11-04|SO|I ACz 1893/13|Postanowienie|https://www.saos.org.pl/judgments/34572
38231|2013-10-31|SO|II Ca 585/13|Postanowienie|https://www.saos.org.pl/judgments/38231
30379|2013-10-31|SO|VI Gz 297/13|Postanowienie|https://www.saos.org.pl/judgments/30379
27869|2013-10-31|SO|VIII Ga 194/13|Postanowienie|https://www.saos.org.pl/judgments/27869
24128|2013-10-31|SO|VIII Cz 636/13|Postanowienie|https://www.saos.org.pl/judgments/24128
287328|2013-10-30|SO|XX GC 657/11|Wyrok|https://www.saos.org.pl/judgments/287328
141158|2013-10-30|SO|I Ca 389/13|Wyrok|https://www.saos.org.pl/judgments/141158
54347|2013-10-30|SO|I ACa 991/13|Wyrok|https://www.saos.org.pl/judgments/54347
38890|2013-10-29|SO|II Cz 963/13|Postanowienie|https://www.saos.org.pl/judgments/38890
38889|2013-10-29|SO|II Cz 961/13|Postanowienie|https://www.saos.org.pl/judgments/38889
29248|2013-10-29|SO|III AUa 703/13|Wyrok|https://www.saos.org.pl/judgments/29248
29203|2013-10-28|SO|VI Gz 289/13|Postanowienie|https://www.saos.org.pl/judgments/29203
141210|2013-10-25|SO|I C 214/13|Wyrok|https://www.saos.org.pl/judgments/141210
141095|2013-10-25|SO|I C 156/12|Wyrok|https://www.saos.org.pl/judgments/141095
67943|2013-10-25|SO|XVII AmC 3495/13|Postanowienie|https://www.saos.org.pl/judgments/67943
45181|2013-10-24|SO|II Ca 156/13|Uzasadnienie|https://www.saos.org.pl/judgments/45181
36081|2013-10-23|SO|II Ca 336/13|Postanowienie|https://www.saos.org.pl/judgments/36081
25276|2013-10-23|SO|IX GC 464/13|Wyrok|https://www.saos.org.pl/judgments/25276
25022|2013-10-23|SO|III AUa 470/13|Wyrok|https://www.saos.org.pl/judgments/25022
103226|2013-10-22|SN|III UK 162/12|Wyrok|https://www.saos.org.pl/judgments/103226
35439|2013-10-22|SO|IV U 177/13|Wyrok|https://www.saos.org.pl/judgments/35439
32075|2013-10-22|SO|I ACa 64/13|Wyrok|https://www.saos.org.pl/judgments/32075
27988|2013-10-22|SO|IV U 269/13|Wyrok|https://www.saos.org.pl/judgments/27988
34815|2013-10-21|SO|II Ca 593/13|Wyrok|https://www.saos.org.pl/judgments/34815
142554|2013-10-18|SO|I C 528/13|Wyrok|https://www.saos.org.pl/judgments/142554
31930|2013-10-17|SO|II Ca 454/13|Postanowienie|https://www.saos.org.pl/judgments/31930
26246|2013-10-17|SO|V ACa 349/13|Wyrok|https://www.saos.org.pl/judgments/26246
24907|2013-10-16|SO|III AUa 631/13|Wyrok|https://www.saos.org.pl/judgments/24907
381275|2013-10-15|SO|XVII AmA 94/11|Wyrok|https://www.saos.org.pl/judgments/381275
27785|2013-10-15|SO|III AUa 29/13|Wyrok|https://www.saos.org.pl/judgments/27785
26799|2013-10-15|SO|IV U 1559/12|Wyrok|https://www.saos.org.pl/judgments/26799
58116|2013-10-14|SO|II Cz 571/13|Postanowienie|https://www.saos.org.pl/judgments/58116
26869|2013-10-14|SO|I ACa 405/13|Wyrok|https://www.saos.org.pl/judgments/26869
23273|2013-10-14|SO|I ACz 1681/13|Postanowienie|https://www.saos.org.pl/judgments/23273
142079|2013-10-11|SO|I C 176/12|Wyrok|https://www.saos.org.pl/judgments/142079
103067|2013-10-11|SN|I CSK 451/12|Postanowienie|https://www.saos.org.pl/judgments/103067
23654|2013-10-11|SO|V S 2/13|Postanowienie|https://www.saos.org.pl/judgments/23654
103082|2013-10-10|SN|II UK 104/13|Wyrok|https://www.saos.org.pl/judgments/103082
67459|2013-10-10|SO|II Cz 725/13|Postanowienie|https://www.saos.org.pl/judgments/67459
59842|2013-10-10|SO|I ACa 846/13|Wyrok|https://www.saos.org.pl/judgments/59842
51900|2013-10-10|SO|I ACa 891/13|Wyrok|https://www.saos.org.pl/judgments/51900
30908|2013-10-10|SO|VI Ga 176/13|Wyrok|https://www.saos.org.pl/judgments/30908
24023|2013-10-10|SO|III AUa 16/13|Wyrok|https://www.saos.org.pl/judgments/24023
23142|2013-10-10|SO|III AUa 454/13|Wyrok|https://www.saos.org.pl/judgments/23142
22924|2013-10-10|SO|III AUa 453/13|Wyrok|https://www.saos.org.pl/judgments/22924
292942|2013-10-09|SO|II Ca 164/13|Postanowienie|https://www.saos.org.pl/judgments/292942
141151|2013-10-09|SO|I Ca 352/13|Postanowienie|https://www.saos.org.pl/judgments/141151
40010|2013-10-09|SO|II Cz 1515/13|Postanowienie|https://www.saos.org.pl/judgments/40010
38874|2013-10-09|SO|II Cz 805/13|Postanowienie|https://www.saos.org.pl/judgments/38874
34169|2013-10-09|SO|VI ACa 147/13|Wyrok|https://www.saos.org.pl/judgments/34169
414057|2013-10-07|SO|XXV Ns 151/13|Postanowienie|https://www.saos.org.pl/judgments/414057
36185|2013-10-07|SO|IV U 193/13|Wyrok|https://www.saos.org.pl/judgments/36185
140708|2013-10-04|SO|I C 17/13|Wyrok|https://www.saos.org.pl/judgments/140708
23696|2013-10-04|SO|VIII Gz 103/13|Postanowienie|https://www.saos.org.pl/judgments/23696
147543|2013-10-03|SO|II Ca 1278/12|Postanowienie|https://www.saos.org.pl/judgments/147543
52931|2013-10-03|SO|I ACa 569/13|Wyrok|https://www.saos.org.pl/judgments/52931
32507|2013-10-02|SO|IX C 580/13|Wyrok|https://www.saos.org.pl/judgments/32507
27725|2013-10-02|SO|X Ca 169/13|Wyrok|https://www.saos.org.pl/judgments/27725
26937|2013-10-02|SO|III Ca 599/13|Postanowienie|https://www.saos.org.pl/judgments/26937
22121|2013-10-02|SO|X Cz 222/13|Postanowienie|https://www.saos.org.pl/judgments/22121
24238|2013-10-01|SO|I ACa 526/12|Wyrok|https://www.saos.org.pl/judgments/24238
174700|2013-09-30|SO|IV Ca 1597/12|Wyrok|https://www.saos.org.pl/judgments/174700
27258|2013-09-30|SO|V U 754/13|Wyrok|https://www.saos.org.pl/judgments/27258
25350|2013-09-30|SO|II Cz 427/13|Postanowienie|https://www.saos.org.pl/judgments/25350
24062|2013-09-30|SO|V U 740/13|Wyrok|https://www.saos.org.pl/judgments/24062
25186|2013-09-27|SO|XII Ga 375/13|Postanowienie|https://www.saos.org.pl/judgments/25186
24419|2013-09-27|SO|VIII Ga 237/13|Wyrok|https://www.saos.org.pl/judgments/24419
21808|2013-09-27|SO|II Cz 245/13|Postanowienie|https://www.saos.org.pl/judgments/21808
21234|2013-09-27|SO|VIII Cz 559/13|Postanowienie|https://www.saos.org.pl/judgments/21234
36186|2013-09-26|SO|IV U 328/13|Wyrok|https://www.saos.org.pl/judgments/36186
35783|2013-09-26|SO|IV U 373/13|Wyrok|https://www.saos.org.pl/judgments/35783
35782|2013-09-26|SO|IV U 354/13|Wyrok|https://www.saos.org.pl/judgments/35782
24798|2013-09-26|SO|IV U 689/13|Wyrok|https://www.saos.org.pl/judgments/24798
24790|2013-09-26|SO|IV U 439/13|Wyrok|https://www.saos.org.pl/judgments/24790
23135|2013-09-26|SO|III AUa 430/13|Wyrok|https://www.saos.org.pl/judgments/23135
36620|2013-09-25|SO|I ACa 562/13|Wyrok|https://www.saos.org.pl/judgments/36620
30613|2013-09-25|SO|I ACa 686/13|Wyrok|https://www.saos.org.pl/judgments/30613
141109|2013-09-24|SO|I Ns 1198/12|Postanowienie|https://www.saos.org.pl/judgments/141109
35771|2013-09-24|SO|IV U 1101/12|Wyrok|https://www.saos.org.pl/judgments/35771
22477|2013-09-23|SO|V ACz 863/13|Postanowienie|https://www.saos.org.pl/judgments/22477
20864|2013-09-23|SO|II Cz 506/13|Postanowienie|https://www.saos.org.pl/judgments/20864
102899|2013-09-20|SN|II UK 34/13|Wyrok|https://www.saos.org.pl/judgments/102899
429047|2013-09-19|SO|XXV C 641/08|Postanowienie|https://www.saos.org.pl/judgments/429047
67748|2013-09-19|SO|I ACz 1414/13|Postanowienie|https://www.saos.org.pl/judgments/67748
23126|2013-09-19|SO|III AUa 364/13|Wyrok|https://www.saos.org.pl/judgments/23126
23125|2013-09-19|SO|III AUa 363/13|Wyrok|https://www.saos.org.pl/judgments/23125
23124|2013-09-19|SO|III AUa 362/13|Wyrok|https://www.saos.org.pl/judgments/23124
23121|2013-09-19|SO|III AUa 340/13|Wyrok|https://www.saos.org.pl/judgments/23121
21567|2013-09-19|SO|III AUa 389/13|Wyrok|https://www.saos.org.pl/judgments/21567
21566|2013-09-19|SO|III AUa 388/13|Wyrok|https://www.saos.org.pl/judgments/21566
21564|2013-09-19|SO|III AUa 353/13|Wyrok|https://www.saos.org.pl/judgments/21564
20600|2013-09-19|SO|I ACz 1528/13|Postanowienie|https://www.saos.org.pl/judgments/20600
20436|2013-09-19|SO|III AUz 116/13|Postanowienie|https://www.saos.org.pl/judgments/20436
140421|2013-09-18|SO|I C 165/13|Wyrok|https://www.saos.org.pl/judgments/140421
29547|2013-09-18|SO|VI ACa 1044/12|Wyrok|https://www.saos.org.pl/judgments/29547
28466|2013-09-18|SO|V U 1295/13|Wyrok|https://www.saos.org.pl/judgments/28466
28261|2013-09-18|SO|V U 1438/13|Wyrok|https://www.saos.org.pl/judgments/28261
27412|2013-09-18|SO|III Ca 394/13|Postanowienie|https://www.saos.org.pl/judgments/27412
25528|2013-09-18|SO|IV U 415/13|Wyrok|https://www.saos.org.pl/judgments/25528
23198|2013-09-18|SO|IX C 293/13|Wyrok|https://www.saos.org.pl/judgments/23198
140103|2013-09-16|SO|I C 491/10|Uzasadnienie|https://www.saos.org.pl/judgments/140103
155686|2013-09-13|SO|II Ca 1021/13|Postanowienie|https://www.saos.org.pl/judgments/155686
142007|2013-09-13|SO|I Ca 88/13|Postanowienie|https://www.saos.org.pl/judgments/142007
142006|2013-09-13|SO|I Ca 576/13|Postanowienie|https://www.saos.org.pl/judgments/142006
140551|2013-09-12|SO|I C 923/12|Wyrok|https://www.saos.org.pl/judgments/140551
140142|2013-09-12|SO|I Cz 219/13|Postanowienie|https://www.saos.org.pl/judgments/140142
125633|2013-09-12|SO|I Ns 581/12|Postanowienie|https://www.saos.org.pl/judgments/125633
102851|2013-09-12|SN|IV CZ 75/13|Postanowienie|https://www.saos.org.pl/judgments/102851
35442|2013-09-12|SO|IV U 272/13|Wyrok|https://www.saos.org.pl/judgments/35442
35441|2013-09-12|SO|IV U 261/13|Wyrok|https://www.saos.org.pl/judgments/35441
23928|2013-09-12|SO|IV U 276/13|Wyrok|https://www.saos.org.pl/judgments/23928
22816|2013-09-12|SO|IV U 483/13|Wyrok|https://www.saos.org.pl/judgments/22816
21855|2013-09-12|SO|IV U 79/13|Wyrok|https://www.saos.org.pl/judgments/21855
21307|2013-09-12|SO|II Ca 577/13|Postanowienie|https://www.saos.org.pl/judgments/21307
53392|2013-09-11|SO|IV U 602/13|Wyrok|https://www.saos.org.pl/judgments/53392
21919|2013-09-11|SO|V U 725/13|Wyrok|https://www.saos.org.pl/judgments/21919
224263|2013-09-10|SO|XXIII Ga 1321/13|Postanowienie|https://www.saos.org.pl/judgments/224263
140186|2013-09-10|SO|I C 1270/13|Postanowienie|https://www.saos.org.pl/judgments/140186
24418|2013-09-06|SO|VIII Ga 232/13|Wyrok|https://www.saos.org.pl/judgments/24418
20602|2013-09-06|SO|I ACz 545/13|Postanowienie|https://www.saos.org.pl/judgments/20602
19826|2013-09-06|SO|VIII Ca 484/13|Postanowienie|https://www.saos.org.pl/judgments/19826
140669|2013-09-02|SO|I C 978/13|Postanowienie|https://www.saos.org.pl/judgments/140669
22494|2013-08-29|SO|I ACa 239/13|Wyrok|https://www.saos.org.pl/judgments/22494
21004|2013-08-29|SO|IX Ga 108/13|Wyrok|https://www.saos.org.pl/judgments/21004
19140|2013-08-29|SO|VI Gz 221/13|Postanowienie|https://www.saos.org.pl/judgments/19140
140137|2013-08-28|SO|I C 836/12|Wyrok|https://www.saos.org.pl/judgments/140137
102742|2013-08-28|SN|V CSK 421/12|Postanowienie|https://www.saos.org.pl/judgments/102742
22297|2013-08-28|SO|IX GC 282/13|Wyrok|https://www.saos.org.pl/judgments/22297
49772|2013-08-21|SO|I ACz 1261/13|Postanowienie|https://www.saos.org.pl/judgments/49772
32473|2013-08-20|SO|VI ACa 39/13|Wyrok|https://www.saos.org.pl/judgments/32473
18387|2013-08-20|SO|V U 956/13|Wyrok|https://www.saos.org.pl/judgments/18387
39662|2013-08-14|SO|I ACa 647/12|Wyrok|https://www.saos.org.pl/judgments/39662
18476|2013-08-14|SO|VI Gz 215/13|Postanowienie|https://www.saos.org.pl/judgments/18476
102618|2013-08-13|SN|III SK 57/12|Wyrok|https://www.saos.org.pl/judgments/102618
18381|2013-08-13|SO|V U 851/13|Wyrok|https://www.saos.org.pl/judgments/18381
226986|2013-08-08|SO|XVI GC 184/13|Postanowienie|https://www.saos.org.pl/judgments/226986
20825|2013-08-08|SO|VII Pa 205/13|Wyrok|https://www.saos.org.pl/judgments/20825
18781|2013-08-08|SO|IV Cz 445/13|Postanowienie|https://www.saos.org.pl/judgments/18781
18775|2013-08-08|SO|IV Cz 416/13|Postanowienie|https://www.saos.org.pl/judgments/18775
19116|2013-08-07|SO|III AUz 242/13|Postanowienie|https://www.saos.org.pl/judgments/19116
18920|2013-08-07|SO|III AUz 243/13|Postanowienie|https://www.saos.org.pl/judgments/18920
287327|2013-08-06|SO|XX GC 517/11|Wyrok|https://www.saos.org.pl/judgments/287327
23543|2013-08-06|SO|II Cz 476/13|Postanowienie|https://www.saos.org.pl/judgments/23543
20770|2013-08-06|SO|V ACa 115/13|Wyrok|https://www.saos.org.pl/judgments/20770
19184|2013-08-06|SO|V U 795/13|Wyrok|https://www.saos.org.pl/judgments/19184
18510|2013-08-06|SO|I ACa 413/13|Wyrok|https://www.saos.org.pl/judgments/18510
55992|2013-08-01|SO|XVI GC 1016/12|Zarządzenie|https://www.saos.org.pl/judgments/55992
71837|2013-07-31|SO|XVII AmA 93/13|Postanowienie|https://www.saos.org.pl/judgments/71837
29051|2013-07-31|SO|VI ACa 359/12|Wyrok|https://www.saos.org.pl/judgments/29051
18409|2013-07-31|SO|I ACa 243/13|Wyrok|https://www.saos.org.pl/judgments/18409
155726|2013-07-30|SO|II Ca 290/13|Postanowienie|https://www.saos.org.pl/judgments/155726
43649|2013-07-30|SO|I ACa 362/13|Wyrok|https://www.saos.org.pl/judgments/43649
35331|2013-07-30|SO|I ACa 303/13|Wyrok|https://www.saos.org.pl/judgments/35331
19057|2013-07-30|SO|V U 1147/13|Wyrok|https://www.saos.org.pl/judgments/19057
141093|2013-07-29|SO|I C 1316/12|Wyrok|https://www.saos.org.pl/judgments/141093
37673|2013-07-25|SO|II Ca 272/13|Wyrok|https://www.saos.org.pl/judgments/37673
139633|2013-07-24|SO|I Ca 262/13|Postanowienie|https://www.saos.org.pl/judgments/139633
20810|2013-07-24|SO|II Ca 602/13|Wyrok|https://www.saos.org.pl/judgments/20810
23662|2013-07-23|SO|V U 432/13|Wyrok|https://www.saos.org.pl/judgments/23662
18386|2013-07-23|SO|V U 952/13|Wyrok|https://www.saos.org.pl/judgments/18386
139906|2013-07-18|SO|I C 635/13|Wyrok|https://www.saos.org.pl/judgments/139906
27942|2013-07-18|SO|VI ACa 1590/12|Wyrok|https://www.saos.org.pl/judgments/27942
20691|2013-07-18|SO|I ACa 359/13|Wyrok|https://www.saos.org.pl/judgments/20691
19983|2013-07-18|SO|III APz 8/13|Postanowienie|https://www.saos.org.pl/judgments/19983
18294|2013-07-18|SO|V U 459/13|Wyrok|https://www.saos.org.pl/judgments/18294
17305|2013-07-18|SO|V U 782/13|Wyrok|https://www.saos.org.pl/judgments/17305
16451|2013-07-17|SO|III AUz 90/13|Postanowienie|https://www.saos.org.pl/judgments/16451
27733|2013-07-16|SO|VI ACa 1683/12|Wyrok|https://www.saos.org.pl/judgments/27733
47823|2013-07-12|SO|I ACa 174/13|Wyrok|https://www.saos.org.pl/judgments/47823
18970|2013-07-12|SO|I ACa 226/13|Wyrok|https://www.saos.org.pl/judgments/18970
18056|2013-07-12|SO|I ACa 274/13|Wyrok|https://www.saos.org.pl/judgments/18056
17245|2013-07-12|SO|I ACa 201/13|Wyrok|https://www.saos.org.pl/judgments/17245
55860|2013-07-11|SO|X Cz 134/14|Postanowienie|https://www.saos.org.pl/judgments/55860
16121|2013-07-05|SO|IV Ca 312/13|Wyrok|https://www.saos.org.pl/judgments/16121
14961|2013-07-05|SO|VIII Ca 287/13|Postanowienie|https://www.saos.org.pl/judgments/14961
22692|2013-07-04|SO|VI U 85/13|Uzasadnienie|https://www.saos.org.pl/judgments/22692
16978|2013-07-02|SO|I ACa 246/13|Wyrok|https://www.saos.org.pl/judgments/16978
141727|2013-06-28|SO|II Ca 1321/12|Wyrok|https://www.saos.org.pl/judgments/141727
25096|2013-06-28|SO|XVII AmC 5574/12|Uzasadnienie|https://www.saos.org.pl/judgments/25096
24980|2013-06-28|SO|VI ACa 1544/12|Wyrok|https://www.saos.org.pl/judgments/24980
139504|2013-06-27|SO|I ACz 944/13|Postanowienie|https://www.saos.org.pl/judgments/139504
139503|2013-06-27|SO|I ACz 929/13|Postanowienie|https://www.saos.org.pl/judgments/139503
35146|2013-06-27|SO|VI C 138/13|Wyrok|https://www.saos.org.pl/judgments/35146
34058|2013-06-27|SO|I ACa 174/13|Wyrok|https://www.saos.org.pl/judgments/34058
18239|2013-06-27|SO|I ACa 181/13|Wyrok|https://www.saos.org.pl/judgments/18239
18238|2013-06-27|SO|I ACa 179/13|Uzasadnienie|https://www.saos.org.pl/judgments/18238
15497|2013-06-27|SO|V U 793/13|Wyrok|https://www.saos.org.pl/judgments/15497
14660|2013-06-27|SO|V U 799/13|Wyrok|https://www.saos.org.pl/judgments/14660
14659|2013-06-27|SO|V U 786/13|Wyrok|https://www.saos.org.pl/judgments/14659
24998|2013-06-25|SO|II Cz 464/13|Postanowienie|https://www.saos.org.pl/judgments/24998
14957|2013-06-24|SO|VIII Ca 217/13|Wyrok|https://www.saos.org.pl/judgments/14957
14416|2013-06-20|SO|VI Gz 119/13|Postanowienie|https://www.saos.org.pl/judgments/14416
14167|2013-06-20|SO|IV Cz 361/13|Postanowienie|https://www.saos.org.pl/judgments/14167
13537|2013-06-20|SO|IV Cz 336/13|Postanowienie|https://www.saos.org.pl/judgments/13537
17353|2013-06-19|SO|I ACa 1125/12|Wyrok|https://www.saos.org.pl/judgments/17353
22390|2013-06-18|SO|XVII AmC 12119/12|Uzasadnienie|https://www.saos.org.pl/judgments/22390
20503|2013-06-18|SO|II Ca 689/13|Postanowienie|https://www.saos.org.pl/judgments/20503
20100|2013-06-18|SO|XVII AmC 12120/12|Uzasadnienie|https://www.saos.org.pl/judgments/20100
15320|2013-06-18|SO|I ACa 252/13|Wyrok|https://www.saos.org.pl/judgments/15320
14314|2013-06-18|SO|V U 728/13|Wyrok|https://www.saos.org.pl/judgments/14314
14311|2013-06-18|SO|V U 721/13|Wyrok|https://www.saos.org.pl/judgments/14311
14309|2013-06-18|SO|V U 708/13|Wyrok|https://www.saos.org.pl/judgments/14309
14307|2013-06-18|SO|V U 689/13|Wyrok|https://www.saos.org.pl/judgments/14307
102144|2013-06-14|SN|V CZ 27/13|Postanowienie|https://www.saos.org.pl/judgments/102144
29049|2013-06-14|SO|VI ACa 1649/12|Wyrok|https://www.saos.org.pl/judgments/29049
22664|2013-06-14|SO|IV Pa 24/13|Wyrok|https://www.saos.org.pl/judgments/22664
15724|2013-06-14|SO|V U 750/13|Wyrok|https://www.saos.org.pl/judgments/15724
15723|2013-06-14|SO|V U 737/13|Wyrok|https://www.saos.org.pl/judgments/15723
15713|2013-06-14|SO|V U 464/13|Wyrok|https://www.saos.org.pl/judgments/15713
13167|2013-06-14|SO|VIII Cz 318/13|Postanowienie|https://www.saos.org.pl/judgments/13167
13160|2013-06-14|SO|V U 756/13|Wyrok|https://www.saos.org.pl/judgments/13160
141729|2013-06-13|SO|II Ca 1354/12|Wyrok|https://www.saos.org.pl/judgments/141729
102122|2013-06-13|SN|V CSK 328/12|Wyrok|https://www.saos.org.pl/judgments/102122
13163|2013-06-13|SO|V U 904/13|Wyrok|https://www.saos.org.pl/judgments/13163
13155|2013-06-13|SO|V U 663/13|Wyrok|https://www.saos.org.pl/judgments/13155
13153|2013-06-13|SO|V U 643/13|Wyrok|https://www.saos.org.pl/judgments/13153
14298|2013-06-12|SO|V U 587/13|Wyrok|https://www.saos.org.pl/judgments/14298
14297|2013-06-12|SO|V U 581/13|Wyrok|https://www.saos.org.pl/judgments/14297
13154|2013-06-12|SO|V U 646/13|Wyrok|https://www.saos.org.pl/judgments/13154
13152|2013-06-12|SO|V U 639/13|Wyrok|https://www.saos.org.pl/judgments/13152
13150|2013-06-12|SO|V U 613/13|Wyrok|https://www.saos.org.pl/judgments/13150
18247|2013-06-11|SO|II Ca 386/13|Wyrok|https://www.saos.org.pl/judgments/18247
13151|2013-06-11|SO|V U 624/13|Wyrok|https://www.saos.org.pl/judgments/13151
13149|2013-06-11|SO|V U 591/13|Wyrok|https://www.saos.org.pl/judgments/13149
12728|2013-06-11|SO|V U 617/13|Wyrok|https://www.saos.org.pl/judgments/12728
12722|2013-06-11|SO|V U 572/13|Wyrok|https://www.saos.org.pl/judgments/12722
102067|2013-06-10|SN|II UK 370/12|Wyrok|https://www.saos.org.pl/judgments/102067
50296|2013-06-10|SO|VII Co 463/13|Postanowienie|https://www.saos.org.pl/judgments/50296
24699|2013-06-10|SO|XVII AmC 3016/12|Uzasadnienie|https://www.saos.org.pl/judgments/24699
16353|2013-06-07|SO|XVII AmE 76/11|Uzasadnienie|https://www.saos.org.pl/judgments/16353
14313|2013-06-07|SO|V U 724/13|Wyrok|https://www.saos.org.pl/judgments/14313
14310|2013-06-07|SO|V U 711/13|Wyrok|https://www.saos.org.pl/judgments/14310
12502|2013-06-07|SO|V U 747/13|Wyrok|https://www.saos.org.pl/judgments/12502
12499|2013-06-07|SO|V U 630/13|Wyrok|https://www.saos.org.pl/judgments/12499
12498|2013-06-07|SO|V U 611/13|Wyrok|https://www.saos.org.pl/judgments/12498
31019|2013-06-06|SO|I ACa 234/13|Wyrok|https://www.saos.org.pl/judgments/31019
21568|2013-06-06|SO|III AUa 50/13|Wyrok|https://www.saos.org.pl/judgments/21568
17953|2013-06-06|SO|V U 41/12|Wyrok|https://www.saos.org.pl/judgments/17953
15987|2013-06-06|SO|III AUa 400/13|Wyrok|https://www.saos.org.pl/judgments/15987
15276|2013-06-06|SO|V U 363/13|Wyrok|https://www.saos.org.pl/judgments/15276
12715|2013-06-06|SO|V Pz 8/13|Postanowienie|https://www.saos.org.pl/judgments/12715
50437|2013-06-05|SO|I ACa 309/13|Wyrok|https://www.saos.org.pl/judgments/50437
15771|2013-06-05|SO|I ACa 116/13|Wyrok|https://www.saos.org.pl/judgments/15771
13161|2013-06-05|SO|V U 858/13|Wyrok|https://www.saos.org.pl/judgments/13161
13147|2013-06-05|SO|V U 565/13|Wyrok|https://www.saos.org.pl/judgments/13147
101982|2013-06-04|SN|II PK 297/12|Wyrok|https://www.saos.org.pl/judgments/101982
28196|2013-06-04|SO|V U 248/13|Wyrok|https://www.saos.org.pl/judgments/28196
27084|2013-06-04|SO|VII U 1863/12|Wyrok|https://www.saos.org.pl/judgments/27084
14294|2013-06-04|SO|V U 503/13|Wyrok|https://www.saos.org.pl/judgments/14294
13145|2013-06-04|SO|V U 496/13|Wyrok|https://www.saos.org.pl/judgments/13145
12477|2013-05-31|SO|I ACz 210/13|Postanowienie|https://www.saos.org.pl/judgments/12477
268863|2013-05-29|SO|XVII AmC 12120/12|Wyrok|https://www.saos.org.pl/judgments/268863
268441|2013-05-29|SO|XVII AmC 12119/12|Wyrok|https://www.saos.org.pl/judgments/268441
54109|2013-05-29|SO|XV GC 1093/11|Wyrok|https://www.saos.org.pl/judgments/54109
33460|2013-05-29|SO|III AUa 1003/12|Wyrok|https://www.saos.org.pl/judgments/33460
13884|2013-05-29|SO|IX C 271/13|Wyrok|https://www.saos.org.pl/judgments/13884
12879|2013-05-29|SO|I ACa 631/12|Wyrok|https://www.saos.org.pl/judgments/12879
140089|2013-05-28|SO|II Ca 1348/12|Wyrok|https://www.saos.org.pl/judgments/140089
139861|2013-05-28|SO|I Ns 994/11|Postanowienie|https://www.saos.org.pl/judgments/139861
101960|2013-05-28|SN|V CZ 8/13|Postanowienie|https://www.saos.org.pl/judgments/101960
101954|2013-05-28|SN|V CZ 2/13|Postanowienie|https://www.saos.org.pl/judgments/101954
101951|2013-05-28|SN|V CZ 17/13|Postanowienie|https://www.saos.org.pl/judgments/101951
101931|2013-05-28|SN|III PZ 2/13|Postanowienie|https://www.saos.org.pl/judgments/101931
14268|2013-05-28|SO|III AUa 1788/12|Wyrok|https://www.saos.org.pl/judgments/14268
14066|2013-05-28|SO|II Cz 386/13|Postanowienie|https://www.saos.org.pl/judgments/14066
12247|2013-05-28|SO|V U 526/13|Wyrok|https://www.saos.org.pl/judgments/12247
12246|2013-05-28|SO|V U 513/13|Wyrok|https://www.saos.org.pl/judgments/12246
39426|2013-05-24|SO|I ACa 427/13|Wyrok|https://www.saos.org.pl/judgments/39426
12543|2013-05-24|SO|III U 501/13|Wyrok|https://www.saos.org.pl/judgments/12543
12080|2013-05-24|SO|V Pa 25/13|Wyrok|https://www.saos.org.pl/judgments/12080
269092|2013-05-23|SO|XVII AmC 11522/12|Wyrok|https://www.saos.org.pl/judgments/269092
140026|2013-05-23|SO|II Ca 1296/12|Wyrok|https://www.saos.org.pl/judgments/140026
18507|2013-05-23|SO|I ACa 140/13|Wyrok|https://www.saos.org.pl/judgments/18507
11857|2013-05-23|SO|IV Cz 298/13|Postanowienie|https://www.saos.org.pl/judgments/11857
14070|2013-05-22|SO|II Cz 409/13|Postanowienie|https://www.saos.org.pl/judgments/14070
101792|2013-05-21|SN|I CSK 734/12|Postanowienie|https://www.saos.org.pl/judgments/101792
14083|2013-05-20|SO|II Cz 465/13|Postanowienie|https://www.saos.org.pl/judgments/14083
14065|2013-05-20|SO|II Cz 385/13|Postanowienie|https://www.saos.org.pl/judgments/14065
14064|2013-05-20|SO|II Cz 384/13|Postanowienie|https://www.saos.org.pl/judgments/14064
268270|2013-05-16|SO|XVII AmC 3016/12|Wyrok|https://www.saos.org.pl/judgments/268270
101766|2013-05-16|SN|IV CZ 38/13|Postanowienie|https://www.saos.org.pl/judgments/101766
22674|2013-05-16|SO|V ACa 239/13|Wyrok|https://www.saos.org.pl/judgments/22674
14232|2013-05-16|SO|I ACa 251/13|Wyrok|https://www.saos.org.pl/judgments/14232
14084|2013-05-16|SO|II Cz 466/13|Postanowienie|https://www.saos.org.pl/judgments/14084
14071|2013-05-16|SO|II Cz 410/13|Postanowienie|https://www.saos.org.pl/judgments/14071
14067|2013-05-16|SO|II Cz 388/13|Postanowienie|https://www.saos.org.pl/judgments/14067
11868|2013-05-16|SO|V U 494/13|Wyrok|https://www.saos.org.pl/judgments/11868
13890|2013-05-15|SO|IX C 48/13|Wyrok|https://www.saos.org.pl/judgments/13890
13889|2013-05-15|SO|IX C 47/13|Wyrok|https://www.saos.org.pl/judgments/13889
13887|2013-05-15|SO|IX C 45/13|Wyrok|https://www.saos.org.pl/judgments/13887
11997|2013-05-10|SO|IV Ca 172/13|Postanowienie|https://www.saos.org.pl/judgments/11997
227833|2013-05-08|SO|XVII AmC 5574/12|Wyrok|https://www.saos.org.pl/judgments/227833
143238|2013-05-08|SO|I Ns 496/12|Postanowienie|https://www.saos.org.pl/judgments/143238
28924|2013-05-08|SO|IV U 780/12|Wyrok|https://www.saos.org.pl/judgments/28924
13886|2013-05-08|SO|IX C 44/13|Wyrok|https://www.saos.org.pl/judgments/13886
13627|2013-05-07|SO|II Cz 382/13|Postanowienie|https://www.saos.org.pl/judgments/13627
138515|2013-05-06|SO|I Co 193/13|Postanowienie|https://www.saos.org.pl/judgments/138515
27840|2013-05-06|SO|XXVI GCo 62/13|Postanowienie|https://www.saos.org.pl/judgments/27840
10004|2013-04-30|SO|IV Cz 247/13|Postanowienie|https://www.saos.org.pl/judgments/10004
10001|2013-04-30|SO|IV Cz 137/13|Postanowienie|https://www.saos.org.pl/judgments/10001
10002|2013-04-29|SO|IV Cz 225/13|Postanowienie|https://www.saos.org.pl/judgments/10002
39837|2013-04-26|SO|I ACa 146/13|Wyrok|https://www.saos.org.pl/judgments/39837
11830|2013-04-25|SO|I ACa 1446/12|Wyrok|https://www.saos.org.pl/judgments/11830
138327|2013-04-24|SO|I ACz 748/13|Postanowienie|https://www.saos.org.pl/judgments/138327
11114|2013-04-24|SO|III AUa 243/13|Wyrok|https://www.saos.org.pl/judgments/11114
9694|2013-04-24|SO|IV Cz 202/13|Postanowienie|https://www.saos.org.pl/judgments/9694
41009|2013-04-23|SO|I ACa 278/13|Wyrok|https://www.saos.org.pl/judgments/41009
22022|2013-04-23|SO|I ACa 133/13|Wyrok|https://www.saos.org.pl/judgments/22022
138378|2013-04-22|SO|I Ns 570/12|Postanowienie|https://www.saos.org.pl/judgments/138378
40926|2013-04-22|SO|XVII AmC 4657/12|Uzasadnienie|https://www.saos.org.pl/judgments/40926
14638|2013-04-22|SO|I ACz 467/13|Postanowienie|https://www.saos.org.pl/judgments/14638
138312|2013-04-18|SO|II Ca 133/13|Postanowienie|https://www.saos.org.pl/judgments/138312
25506|2013-04-18|SO|III AUa 901/12|Wyrok|https://www.saos.org.pl/judgments/25506
11713|2013-04-18|SO|I ACa 874/12|Wyrok|https://www.saos.org.pl/judgments/11713
10512|2013-04-18|SO|I ACz 565/13|Postanowienie|https://www.saos.org.pl/judgments/10512
139816|2013-04-17|SO|I ACz 704/13|Postanowienie|https://www.saos.org.pl/judgments/139816
138482|2013-04-17|SO|I Ca 125/13|Postanowienie|https://www.saos.org.pl/judgments/138482
38515|2013-04-17|SO|I ACa 81/13|Wyrok|https://www.saos.org.pl/judgments/38515
10783|2013-04-17|SO|V U 1803/12|Wyrok|https://www.saos.org.pl/judgments/10783
27220|2013-04-16|SO|IV U 1377/11|Wyrok|https://www.saos.org.pl/judgments/27220
424789|2013-04-15|SO|I C 103/13|Zarządzenie|https://www.saos.org.pl/judgments/424789
10735|2013-04-12|SO|I ACz 208/13|Postanowienie|https://www.saos.org.pl/judgments/10735
11006|2013-04-11|SO|V U 183/13|Wyrok|https://www.saos.org.pl/judgments/11006
10904|2013-04-10|SO|V U 2010/12|Wyrok|https://www.saos.org.pl/judgments/10904
20689|2013-04-09|SO|I ACa 28/13|Wyrok|https://www.saos.org.pl/judgments/20689
20294|2013-04-09|SO|I ACa 25/13|Wyrok|https://www.saos.org.pl/judgments/20294
266059|2013-04-08|SO|XVII AmC 4657/12|Wyrok|https://www.saos.org.pl/judgments/266059
235750|2013-04-08|SO|XVII AmC 4660/12|Wyrok|https://www.saos.org.pl/judgments/235750
19009|2013-04-05|SO|XII Ga 42/13|Wyrok|https://www.saos.org.pl/judgments/19009
10641|2013-04-05|SO|V U 1644/12|Wyrok|https://www.saos.org.pl/judgments/10641
10751|2013-04-03|SO|V U 125/13|Wyrok|https://www.saos.org.pl/judgments/10751
10419|2013-04-03|SO|V U 195/13|Wyrok|https://www.saos.org.pl/judgments/10419
231814|2013-03-28|SO|XVII AmC 3926/12|Wyrok|https://www.saos.org.pl/judgments/231814
228715|2013-03-28|SO|XVII AmC 4786/12|Wyrok|https://www.saos.org.pl/judgments/228715
8995|2013-03-28|SO|III AUz 28/13|Postanowienie|https://www.saos.org.pl/judgments/8995
8498|2013-03-28|SO|II Cz 245/13|Postanowienie|https://www.saos.org.pl/judgments/8498
101240|2013-03-27|SN|V CSK 202/12|Postanowienie|https://www.saos.org.pl/judgments/101240
21704|2013-03-27|SO|III AUa 876/12|Wyrok|https://www.saos.org.pl/judgments/21704
11607|2013-03-27|SO|IV U 1976/12|Wyrok|https://www.saos.org.pl/judgments/11607
142226|2013-03-26|SO|II Ca 1132/12|Postanowienie|https://www.saos.org.pl/judgments/142226
101213|2013-03-26|SN|II UK 200/12|Wyrok|https://www.saos.org.pl/judgments/101213
40056|2013-03-26|SO|I ACa 172/13|Wyrok|https://www.saos.org.pl/judgments/40056
17033|2013-03-26|SO|I ACa 864/12|Wyrok|https://www.saos.org.pl/judgments/17033
11077|2013-03-26|SO|I ACa 19/13|Wyrok|https://www.saos.org.pl/judgments/11077
229494|2013-03-25|SO|XVII AmC 1263/12|Wyrok|https://www.saos.org.pl/judgments/229494
101144|2013-03-21|SN|III CZ 16/13|Postanowienie|https://www.saos.org.pl/judgments/101144
101140|2013-03-21|SN|III CSK 216/12|Wyrok|https://www.saos.org.pl/judgments/101140
101138|2013-03-21|SN|III CSK 205/12|Wyrok|https://www.saos.org.pl/judgments/101138
101123|2013-03-21|SN|II CSK 420/12|Wyrok|https://www.saos.org.pl/judgments/101123
17125|2013-03-21|SO|II Ca 169/12|Postanowienie|https://www.saos.org.pl/judgments/17125
16984|2013-03-21|SO|I ACa 855/12|Wyrok|https://www.saos.org.pl/judgments/16984
9968|2013-03-21|SO|III AUa 1308/12|Wyrok|https://www.saos.org.pl/judgments/9968
8251|2013-03-21|SO|III AUa 1314/12|Wyrok|https://www.saos.org.pl/judgments/8251
229039|2013-03-20|SO|XVII AmC 3869/12|Wyrok|https://www.saos.org.pl/judgments/229039
127542|2013-03-20|SO|I Ns 429/11|Postanowienie|https://www.saos.org.pl/judgments/127542
101178|2013-03-20|SN|III SK 39/12|Postanowienie|https://www.saos.org.pl/judgments/101178
15105|2013-03-20|SO|VI ACa 1315/12|Wyrok|https://www.saos.org.pl/judgments/15105
8854|2013-03-20|SO|I ACa 108/13|Wyrok|https://www.saos.org.pl/judgments/8854
229706|2013-03-19|SO|XVII AmC 5637/11|Wyrok|https://www.saos.org.pl/judgments/229706
101190|2013-03-19|SN|SNO 1/13|Wyrok|https://www.saos.org.pl/judgments/101190
8611|2013-03-19|SO|III AUa 1287/12|Wyrok|https://www.saos.org.pl/judgments/8611
7187|2013-03-19|SO|II Cz 178/13|Postanowienie|https://www.saos.org.pl/judgments/7187
9092|2013-03-18|SO|IX C 629/12|Wyrok|https://www.saos.org.pl/judgments/9092
20193|2013-03-15|SO|VI ACa 1214/12|Wyrok|https://www.saos.org.pl/judgments/20193
8722|2013-03-15|SO|IV Pa 2/13|Wyrok|https://www.saos.org.pl/judgments/8722
24452|2013-03-14|SO|I ACa 531/12|Wyrok|https://www.saos.org.pl/judgments/24452
8839|2013-03-14|SO|V Pa 38/13|Wyrok|https://www.saos.org.pl/judgments/8839
38744|2013-03-13|SO|I ACa 1164/12|Wyrok|https://www.saos.org.pl/judgments/38744
18227|2013-03-13|SO|I ACa 48/13|Wyrok|https://www.saos.org.pl/judgments/18227
14050|2013-03-13|SO|I ACa 98/13|Wyrok|https://www.saos.org.pl/judgments/14050
138418|2013-03-12|SO|I Ns 1417/11|Postanowienie|https://www.saos.org.pl/judgments/138418
14052|2013-03-12|SO|I ACz 296/13|Postanowienie|https://www.saos.org.pl/judgments/14052
14051|2013-03-12|SO|I ACz 295/13|Postanowienie|https://www.saos.org.pl/judgments/14051
13328|2013-03-12|SO|I ACa 895/12|Wyrok|https://www.saos.org.pl/judgments/13328
35912|2013-03-11|SO|I ACz 306/13|Postanowienie|https://www.saos.org.pl/judgments/35912
14554|2013-03-11|SO|XVII AmC 1626/12|Uzasadnienie|https://www.saos.org.pl/judgments/14554
14034|2013-03-11|SO|XVII AmC 1628/12|Uzasadnienie|https://www.saos.org.pl/judgments/14034
14033|2013-03-11|SO|XVII AmC 1625/12|Uzasadnienie|https://www.saos.org.pl/judgments/14033
14031|2013-03-11|SO|XVII AmC 1620/12|Uzasadnienie|https://www.saos.org.pl/judgments/14031
100982|2013-03-08|SN|III CZP 1/13|Uchwała|https://www.saos.org.pl/judgments/100982
8430|2013-03-08|SO|I ACz 113/13|Postanowienie|https://www.saos.org.pl/judgments/8430
7496|2013-03-08|SO|I ACz 109/13|Postanowienie|https://www.saos.org.pl/judgments/7496
100954|2013-03-07|SN|II CZ 193/12|Postanowienie|https://www.saos.org.pl/judgments/100954
100952|2013-03-07|SN|II CZ 177/12|Postanowienie|https://www.saos.org.pl/judgments/100952
100948|2013-03-07|SN|II CSK 476/12|Wyrok|https://www.saos.org.pl/judgments/100948
100947|2013-03-07|SN|II CSK 462/12|Postanowienie|https://www.saos.org.pl/judgments/100947
100943|2013-03-07|SN|II CSK 364/12|Wyrok|https://www.saos.org.pl/judgments/100943
67573|2013-03-07|SO|XVII AmC 538/12|Wyrok|https://www.saos.org.pl/judgments/67573
10395|2013-03-07|SO|V ACa 1007/12|Wyrok|https://www.saos.org.pl/judgments/10395
10195|2013-03-07|SO|I ACa 106/13|Wyrok|https://www.saos.org.pl/judgments/10195
7885|2013-03-07|SO|III AUa 64/13|Wyrok|https://www.saos.org.pl/judgments/7885
6559|2013-03-07|SO|III AUa 1274/12|Wyrok|https://www.saos.org.pl/judgments/6559
141883|2013-03-06|SO|II Ca 1344/12|Postanowienie|https://www.saos.org.pl/judgments/141883
18529|2013-03-06|SO|III AUa 740/12|Wyrok|https://www.saos.org.pl/judgments/18529
13063|2013-03-06|SO|XVII AmC 1921/12|Uzasadnienie|https://www.saos.org.pl/judgments/13063
12750|2013-03-06|SO|VI ACa 1241/12|Wyrok|https://www.saos.org.pl/judgments/12750
8123|2013-03-06|SO|V U 487/12|Wyrok|https://www.saos.org.pl/judgments/8123
7738|2013-03-04|SO|I ACa 490/12|Wyrok|https://www.saos.org.pl/judgments/7738
14879|2013-03-01|SO|I ACa 33/13|Wyrok|https://www.saos.org.pl/judgments/14879
6763|2013-02-28|SO|IV Uz 1/13|Postanowienie|https://www.saos.org.pl/judgments/6763
9654|2013-02-27|SO|I ACa 915/12|Wyrok|https://www.saos.org.pl/judgments/9654
8841|2013-02-27|SO|V U 1885/12|Wyrok|https://www.saos.org.pl/judgments/8841
137566|2013-02-26|SO|II Ca 1022/12|Postanowienie|https://www.saos.org.pl/judgments/137566
100864|2013-02-26|SN|I CSK 480/12|Wyrok|https://www.saos.org.pl/judgments/100864
15896|2013-02-26|SO|I ACz 198/13|Postanowienie|https://www.saos.org.pl/judgments/15896
6718|2013-02-25|SO|VIII Ga 405/12|Wyrok|https://www.saos.org.pl/judgments/6718
138176|2013-02-22|SO|II Ca 1376/12|Wyrok|https://www.saos.org.pl/judgments/138176
63705|2013-02-22|SO|XVII AmA 15/13|Postanowienie|https://www.saos.org.pl/judgments/63705
6021|2013-02-22|SO|I ACz 346/13|Postanowienie|https://www.saos.org.pl/judgments/6021
100825|2013-02-21|SN|IV CSK 463/12|Wyrok|https://www.saos.org.pl/judgments/100825
100822|2013-02-21|SN|IV CSK 354/12|Wyrok|https://www.saos.org.pl/judgments/100822
100821|2013-02-21|SN|IV CSK 347/12|Postanowienie|https://www.saos.org.pl/judgments/100821
31529|2013-02-21|SO|I ACa 35/13|Wyrok|https://www.saos.org.pl/judgments/31529
20314|2013-02-21|SO|III AUa 731/12|Wyrok|https://www.saos.org.pl/judgments/20314
18901|2013-02-21|SO|I ACa 61/13|Wyrok|https://www.saos.org.pl/judgments/18901
9008|2013-02-21|SO|VIII GC 264/12|Wyrok|https://www.saos.org.pl/judgments/9008
6490|2013-02-21|SO|V Pa 92/12|Wyrok|https://www.saos.org.pl/judgments/6490
6167|2013-02-21|SO|III AUa 1182/12|Wyrok|https://www.saos.org.pl/judgments/6167
8140|2013-02-20|SO|V U 1865/12|Wyrok|https://www.saos.org.pl/judgments/8140
7173|2013-02-20|SO|III AUz 9/13|Postanowienie|https://www.saos.org.pl/judgments/7173
7032|2013-02-19|SO|VII U 1334/11|Wyrok|https://www.saos.org.pl/judgments/7032
10372|2013-02-18|SO|I ACz 100/13|Postanowienie|https://www.saos.org.pl/judgments/10372
10371|2013-02-18|SO|I ACz 10/13|Postanowienie|https://www.saos.org.pl/judgments/10371
8681|2013-02-18|SO|I ACa 840/12|Postanowienie|https://www.saos.org.pl/judgments/8681
270508|2013-02-15|SO|XVII AmC 1626/12|Wyrok|https://www.saos.org.pl/judgments/270508
269094|2013-02-15|SO|XVII AmC 1628/12|Wyrok|https://www.saos.org.pl/judgments/269094
268266|2013-02-15|SO|XVII AmC 1625/12|Wyrok|https://www.saos.org.pl/judgments/268266
266961|2013-02-15|SO|XVII AmC 1620/12|Wyrok|https://www.saos.org.pl/judgments/266961
260342|2013-02-15|SO|XVII AmC 1618/12|Wyrok|https://www.saos.org.pl/judgments/260342
229495|2013-02-15|SO|XVII AmC 1617/12|Wyrok|https://www.saos.org.pl/judgments/229495
100688|2013-02-15|SN|I CSK 314/12|Wyrok|https://www.saos.org.pl/judgments/100688
15889|2013-02-15|SO|I ACa 813/12|Wyrok|https://www.saos.org.pl/judgments/15889
8905|2013-02-15|SO|VI ACa 1213/12|Wyrok|https://www.saos.org.pl/judgments/8905
100714|2013-02-14|SN|II CZ 185/12|Postanowienie|https://www.saos.org.pl/judgments/100714
19792|2013-02-14|SO|III AUa 727/12|Wyrok|https://www.saos.org.pl/judgments/19792
8728|2013-02-14|SO|I ACa 872/12|Wyrok|https://www.saos.org.pl/judgments/8728
8186|2013-02-14|SO|III AUa 1096/12|Wyrok|https://www.saos.org.pl/judgments/8186
6075|2013-02-14|SO|V GC 317/12|Wyrok|https://www.saos.org.pl/judgments/6075
5565|2013-02-14|SO|III AUa 1162/12|Wyrok|https://www.saos.org.pl/judgments/5565
5560|2013-02-14|SO|III AUa 1085/12|Wyrok|https://www.saos.org.pl/judgments/5560
5322|2013-02-14|SO|I ACa 1176/12|Wyrok|https://www.saos.org.pl/judgments/5322
5051|2013-02-14|SO|II Cz 130/13|Uzasadnienie|https://www.saos.org.pl/judgments/5051
13311|2013-02-13|SO|I ACa 827/12|Wyrok|https://www.saos.org.pl/judgments/13311
7913|2013-02-13|SO|V U 1646/12|Wyrok|https://www.saos.org.pl/judgments/7913
6505|2013-02-13|SO|V U 1226/12|Wyrok|https://www.saos.org.pl/judgments/6505
6584|2013-02-11|SO|III AUz 19/13|Postanowienie|https://www.saos.org.pl/judgments/6584
6228|2013-02-08|SO|I ACz 20/13|Postanowienie|https://www.saos.org.pl/judgments/6228
6071|2013-02-08|SO|I ACz 181/13|Postanowienie|https://www.saos.org.pl/judgments/6071
5488|2013-02-08|SO|I ACz 18/13|Postanowienie|https://www.saos.org.pl/judgments/5488
5435|2013-02-08|SO|II Cz 75/13|Postanowienie|https://www.saos.org.pl/judgments/5435
100594|2013-02-07|SN|II CSK 248/12|Wyrok|https://www.saos.org.pl/judgments/100594
100592|2013-02-07|SN|II CSK 230/12|Wyrok|https://www.saos.org.pl/judgments/100592
270509|2013-02-06|SO|XVII AmC 1921/12|Wyrok|https://www.saos.org.pl/judgments/270509
100658|2013-02-06|SN|V CSK 147/12|Wyrok|https://www.saos.org.pl/judgments/100658
4331|2013-02-06|SO|III AUz 24/13|Postanowienie|https://www.saos.org.pl/judgments/4331
6235|2013-02-05|SO|III AUa 1423/12|Wyrok|https://www.saos.org.pl/judgments/6235
35456|2013-02-04|SO|XVII AmC 1178/12|Uzasadnienie|https://www.saos.org.pl/judgments/35456
232712|2013-02-01|SO|XVII AmC 511/12|Wyrok|https://www.saos.org.pl/judgments/232712
229497|2013-02-01|SO|XVII AmC 1833/12|Wyrok|https://www.saos.org.pl/judgments/229497
229034|2013-02-01|SO|XVII AmC 1834/12|Wyrok|https://www.saos.org.pl/judgments/229034
137610|2013-01-30|SO|I Ca 413/12|Postanowienie|https://www.saos.org.pl/judgments/137610
20509|2013-01-30|SO|IV U 506/12|Wyrok|https://www.saos.org.pl/judgments/20509
15013|2013-01-30|SO|I ACz 2225/12|Postanowienie|https://www.saos.org.pl/judgments/15013
11492|2013-01-30|SO|VI ACa 899/12|Wyrok|https://www.saos.org.pl/judgments/11492
5289|2013-01-30|SO|V U 1297/12|Wyrok|https://www.saos.org.pl/judgments/5289
4501|2013-01-30|SO|I ACz 2206/12|Postanowienie|https://www.saos.org.pl/judgments/4501
4128|2013-01-30|SO|II Cz 65/13|Postanowienie|https://www.saos.org.pl/judgments/4128
5379|2013-01-29|SO|II Ca 818/12|Wyrok|https://www.saos.org.pl/judgments/5379
4708|2013-01-28|SO|II Cz 35/13|Postanowienie|https://www.saos.org.pl/judgments/4708
3993|2013-01-25|SO|III AUz 1/13|Postanowienie|https://www.saos.org.pl/judgments/3993
100439|2013-01-24|SN|II CSK 271/12|Wyrok|https://www.saos.org.pl/judgments/100439
14215|2013-01-24|SO|I ACa 1336/12|Wyrok|https://www.saos.org.pl/judgments/14215
11775|2013-01-24|SO|III AUa 450/12|Wyrok|https://www.saos.org.pl/judgments/11775
10174|2013-01-24|SO|I ACa 726/12|Wyrok|https://www.saos.org.pl/judgments/10174
9300|2013-01-24|SO|I ACa 760/12|Wyrok|https://www.saos.org.pl/judgments/9300
6389|2013-01-24|SO|III AUa 392/12|Wyrok|https://www.saos.org.pl/judgments/6389
10397|2013-01-23|SO|V ACa 1016/12|Wyrok|https://www.saos.org.pl/judgments/10397
139314|2013-01-22|SO|I S 182/12|Postanowienie|https://www.saos.org.pl/judgments/139314
111672|2013-01-22|TK|SK 18/11|Wyrok|https://www.saos.org.pl/judgments/111672
238740|2013-01-21|SO|XXVI GCo 89/12|Postanowienie|https://www.saos.org.pl/judgments/238740
138632|2013-01-21|SO|I C 1953/12|Wyrok|https://www.saos.org.pl/judgments/138632
34965|2013-01-21|SO|XXVI GCo 3/13|Postanowienie|https://www.saos.org.pl/judgments/34965
6431|2013-01-21|SO|II Cz 1227/12|Postanowienie|https://www.saos.org.pl/judgments/6431
136714|2013-01-18|SO|I ACz 824/12|Postanowienie|https://www.saos.org.pl/judgments/136714
136713|2013-01-18|SO|I ACz 823/12|Postanowienie|https://www.saos.org.pl/judgments/136713
136575|2013-01-18|SO|I ACz 893/12|Postanowienie|https://www.saos.org.pl/judgments/136575
14993|2013-01-18|SO|I ACa 1329/12|Wyrok|https://www.saos.org.pl/judgments/14993
137385|2013-01-17|SO|II Ca 1058/12|Wyrok|https://www.saos.org.pl/judgments/137385
5618|2013-01-17|SO|II Cz 31/13|Postanowienie|https://www.saos.org.pl/judgments/5618
4844|2013-01-17|SO|III AUz 373/12|Postanowienie|https://www.saos.org.pl/judgments/4844
275556|2013-01-16|SO|II Ca 913/12|Wyrok|https://www.saos.org.pl/judgments/275556
100337|2013-01-16|SN|II CSK 289/12|Postanowienie|https://www.saos.org.pl/judgments/100337
6276|2013-01-15|SO|III AUa 279/12|Wyrok|https://www.saos.org.pl/judgments/6276
5357|2013-01-15|SO|III AUa 84/12|Wyrok|https://www.saos.org.pl/judgments/5357
137276|2013-01-14|SO|I C 594/12|Postanowienie|https://www.saos.org.pl/judgments/137276
137445|2013-01-12|SO|I C 23/13|Postanowienie|https://www.saos.org.pl/judgments/137445
136576|2013-01-11|SO|I ACz 896/12|Postanowienie|https://www.saos.org.pl/judgments/136576
100239|2013-01-11|SN|I CSK 275/12|Wyrok|https://www.saos.org.pl/judgments/100239
11626|2013-01-10|SO|V ACa 970/12|Wyrok|https://www.saos.org.pl/judgments/11626
6417|2013-01-10|SO|VIII Ga 418/12|Wyrok|https://www.saos.org.pl/judgments/6417
266051|2013-01-09|SO|XVII AmC 1178/12|Wyrok|https://www.saos.org.pl/judgments/266051
233090|2013-01-09|SO|XVII AmC 1177/12|Wyrok|https://www.saos.org.pl/judgments/233090
229493|2013-01-09|SO|XVII AmC 1175/12|Wyrok|https://www.saos.org.pl/judgments/229493
4382|2013-01-08|SO|I ACa 1068/12|Wyrok|https://www.saos.org.pl/judgments/4382
6144|2012-12-31|SO|VII Pa 327/12|Wyrok|https://www.saos.org.pl/judgments/6144
3871|2012-12-21|SO|III APa 53/12|Wyrok|https://www.saos.org.pl/judgments/3871
100215|2012-12-20|SN|IV CSK 257/12|Wyrok|https://www.saos.org.pl/judgments/100215
100190|2012-12-20|SN|III CZ 94/12|Postanowienie|https://www.saos.org.pl/judgments/100190
100188|2012-12-20|SN|III CZ 92/12|Postanowienie|https://www.saos.org.pl/judgments/100188
3855|2012-12-20|SO|I ACa 402/12|Wyrok|https://www.saos.org.pl/judgments/3855
3441|2012-12-20|SO|III AUa 982/12|Wyrok|https://www.saos.org.pl/judgments/3441
100172|2012-12-19|SN|II CZ 141/12|Postanowienie|https://www.saos.org.pl/judgments/100172
4248|2012-12-19|SO|I ACa 956/12|Wyrok|https://www.saos.org.pl/judgments/4248
6579|2012-12-18|SO|III AUa 594/12|Wyrok|https://www.saos.org.pl/judgments/6579
100122|2012-12-14|SN|IV CZ 161/12|Postanowienie|https://www.saos.org.pl/judgments/100122
100106|2012-12-14|SN|III SK 27/12|Postanowienie|https://www.saos.org.pl/judgments/100106
43247|2012-12-14|SO|V Ca 2528/12|Wyrok|https://www.saos.org.pl/judgments/43247
472778|2012-12-13|SO|V ACa 566/12|Wyrok|https://www.saos.org.pl/judgments/472778
100102|2012-12-13|SN|III SK 20/12|Postanowienie|https://www.saos.org.pl/judgments/100102
8374|2012-12-12|SO|V ACa 889/12|Wyrok|https://www.saos.org.pl/judgments/8374
3464|2012-12-12|SO|III AUa 171/12|Wyrok|https://www.saos.org.pl/judgments/3464
3305|2012-12-11|SO|V ACa 620/12|Wyrok|https://www.saos.org.pl/judgments/3305
7865|2012-12-10|SO|I ACz 1877/12|Postanowienie|https://www.saos.org.pl/judgments/7865
136302|2012-12-07|SO|I ACz 816/12|Postanowienie|https://www.saos.org.pl/judgments/136302
6893|2012-12-07|SO|V ACa 560/12|Wyrok|https://www.saos.org.pl/judgments/6893
9764|2012-12-06|SO|VI ACa 624/12|Wyrok|https://www.saos.org.pl/judgments/9764
6729|2012-12-06|SO|I ACa 490/12|Wyrok|https://www.saos.org.pl/judgments/6729
3162|2012-12-06|SO|I ACa 867/12|Wyrok|https://www.saos.org.pl/judgments/3162
284513|2012-12-05|SO|III C 500/12|Wyrok|https://www.saos.org.pl/judgments/284513
99900|2012-12-05|SN|I CZ 172/12|Postanowienie|https://www.saos.org.pl/judgments/99900
22698|2012-12-05|SO|VI ACa 705/12|Wyrok|https://www.saos.org.pl/judgments/22698
5789|2012-12-04|SO|I ACa 1088/12|Wyrok|https://www.saos.org.pl/judgments/5789
3532|2012-12-04|SO|III AUa 867/12|Wyrok|https://www.saos.org.pl/judgments/3532
3122|2012-12-04|SO|III AUz 218/12|Postanowienie|https://www.saos.org.pl/judgments/3122
19866|2012-12-03|SO|VI ACa 934/12|Postanowienie|https://www.saos.org.pl/judgments/19866
4198|2012-11-30|SO|III APa 26/12|Wyrok|https://www.saos.org.pl/judgments/4198
4061|2012-11-30|SO|I ACa 475/12|Wyrok|https://www.saos.org.pl/judgments/4061
4391|2012-11-29|SO|I ACa 393/12|Wyrok|https://www.saos.org.pl/judgments/4391
3851|2012-11-29|SO|I ACa 355/12|Wyrok|https://www.saos.org.pl/judgments/3851
3648|2012-11-29|SO|I ACa 609/12|Wyrok|https://www.saos.org.pl/judgments/3648
2877|2012-11-29|SO|III AUz 265/12|Postanowienie|https://www.saos.org.pl/judgments/2877
99835|2012-11-28|SN|III CZP 75/12|Uchwała|https://www.saos.org.pl/judgments/99835
2680|2012-11-28|SO|I ACz 1501/12|Postanowienie|https://www.saos.org.pl/judgments/2680
99867|2012-11-26|SN|III SK 18/12|Postanowienie|https://www.saos.org.pl/judgments/99867
99736|2012-11-23|SN|IV CSK 150/12|Postanowienie|https://www.saos.org.pl/judgments/99736
99673|2012-11-23|SN|I CZ 111/12|Postanowienie|https://www.saos.org.pl/judgments/99673
2906|2012-11-21|SO|I ACa 632/12|Wyrok|https://www.saos.org.pl/judgments/2906
8219|2012-11-20|SO|I ACa 742/12|Wyrok|https://www.saos.org.pl/judgments/8219
2584|2012-11-19|SO|I ACz 1719/12|Postanowienie|https://www.saos.org.pl/judgments/2584
8160|2012-11-16|SO|I ACa 798/12|Wyrok|https://www.saos.org.pl/judgments/8160
2881|2012-11-16|SO|I ACa 683/12|Wyrok|https://www.saos.org.pl/judgments/2881
111069|2012-11-15|TK|Ts 32/12|Postanowienie|https://www.saos.org.pl/judgments/111069
99656|2012-11-15|SN|V CSK 541/11|Wyrok|https://www.saos.org.pl/judgments/99656
6722|2012-11-15|SO|VI ACa 368/12|Wyrok|https://www.saos.org.pl/judgments/6722
15951|2012-11-14|SO|VI ACa 1396/11|Wyrok|https://www.saos.org.pl/judgments/15951
4074|2012-11-14|SO|I ACz 2002/12|Postanowienie|https://www.saos.org.pl/judgments/4074
3089|2012-11-14|SO|III AUa 625/12|Wyrok|https://www.saos.org.pl/judgments/3089
2561|2012-11-14|SO|III AUa 922/12|Wyrok|https://www.saos.org.pl/judgments/2561
2864|2012-11-13|SO|III AUa 1773/11|Wyrok|https://www.saos.org.pl/judgments/2864
8183|2012-11-08|SO|III AUa 1179/11|Wyrok|https://www.saos.org.pl/judgments/8183
4572|2012-11-08|SO|I ACa 507/12|Wyrok|https://www.saos.org.pl/judgments/4572
2467|2012-11-08|SO|III AUa 602/12|Wyrok|https://www.saos.org.pl/judgments/2467
99574|2012-11-07|SN|IV CSK 139/12|Postanowienie|https://www.saos.org.pl/judgments/99574
2480|2012-11-07|SO|V ACz 893/12|Postanowienie|https://www.saos.org.pl/judgments/2480
1348|2012-11-07|SO|V ACz 758/12|Postanowienie|https://www.saos.org.pl/judgments/1348
47376|2012-10-30|SO|V Ca 1967/12|Wyrok|https://www.saos.org.pl/judgments/47376
294|2012-10-29|SO|III AUz 187/12|Postanowienie|https://www.saos.org.pl/judgments/294
3288|2012-10-26|SO|VI ACa 676/12|Wyrok|https://www.saos.org.pl/judgments/3288
229037|2012-10-25|SO|XVII AmC 3461/12|Wyrok|https://www.saos.org.pl/judgments/229037
99448|2012-10-25|SN|I CZ 153/12|Postanowienie|https://www.saos.org.pl/judgments/99448
99446|2012-10-25|SN|I CZ 143/12|Postanowienie|https://www.saos.org.pl/judgments/99446
43244|2012-10-25|SO|V Ca 2200/12|Wyrok|https://www.saos.org.pl/judgments/43244
27463|2012-10-25|SO|I ACa 249/12|Wyrok|https://www.saos.org.pl/judgments/27463
6860|2012-10-25|SO|I ACa 972/12|Wyrok|https://www.saos.org.pl/judgments/6860
2569|2012-10-25|SO|V ACa 434/12|Wyrok|https://www.saos.org.pl/judgments/2569
2494|2012-10-25|SO|I ACa 758/12|Wyrok|https://www.saos.org.pl/judgments/2494
5967|2012-10-23|SO|V ACa 772/12|Wyrok|https://www.saos.org.pl/judgments/5967
798|2012-10-22|SO|I ACz 1792/12|Postanowienie|https://www.saos.org.pl/judgments/798
284512|2012-10-19|SO|III C 472/11|Wyrok|https://www.saos.org.pl/judgments/284512
99386|2012-10-19|SN|III SK 3/12|Wyrok|https://www.saos.org.pl/judgments/99386
99384|2012-10-19|SN|III SK 14/12|Postanowienie|https://www.saos.org.pl/judgments/99384
99383|2012-10-19|SN|III SK 13/12|Postanowienie|https://www.saos.org.pl/judgments/99383
63489|2012-10-18|SO|XVI GNc 939/12|Postanowienie|https://www.saos.org.pl/judgments/63489
95|2012-10-18|SO|I ACa 938/12|Wyrok|https://www.saos.org.pl/judgments/95
2597|2012-10-17|SO|I ACz 1546/12|Postanowienie|https://www.saos.org.pl/judgments/2597
240896|2012-10-16|SO|VI Pa 43/12|Wyrok|https://www.saos.org.pl/judgments/240896
2417|2012-10-16|SO|I ACa 977/12|Wyrok|https://www.saos.org.pl/judgments/2417
4256|2012-10-12|SO|VI ACa 162/12|Wyrok|https://www.saos.org.pl/judgments/4256
2321|2012-10-12|SO|III APz 32/12|Postanowienie|https://www.saos.org.pl/judgments/2321
2492|2012-10-11|SO|I ACa 736/12|Wyrok|https://www.saos.org.pl/judgments/2492
1080|2012-10-11|SO|III AUa 408/12|Wyrok|https://www.saos.org.pl/judgments/1080
467|2012-10-11|SO|III AUz 193/12|Postanowienie|https://www.saos.org.pl/judgments/467
389022|2012-10-10|SO|I ACa 609/12|Wyrok|https://www.saos.org.pl/judgments/389022
2475|2012-10-10|SO|V ACa 426/12|Wyrok|https://www.saos.org.pl/judgments/2475
1219|2012-10-09|SO|VI ACa 492/12|Wyrok|https://www.saos.org.pl/judgments/1219
2444|2012-10-05|SO|I ACa 879/12|Wyrok|https://www.saos.org.pl/judgments/2444
99191|2012-10-04|SN|I CZ 127/12|Postanowienie|https://www.saos.org.pl/judgments/99191
99147|2012-09-27|SN|III SK 8/12|Postanowienie|https://www.saos.org.pl/judgments/99147
6662|2012-09-26|SO|III AUa 429/12|Wyrok|https://www.saos.org.pl/judgments/6662
99066|2012-09-20|SN|IV CZ 59/12|Postanowienie|https://www.saos.org.pl/judgments/99066
4854|2012-09-19|SO|VI ACa 425/12|Wyrok|https://www.saos.org.pl/judgments/4854
1002|2012-09-19|SO|I ACa 453/12|Wyrok|https://www.saos.org.pl/judgments/1002
135548|2012-09-18|SO|I ACz 853/12|Postanowienie|https://www.saos.org.pl/judgments/135548
5722|2012-09-18|SO|I ACa 463/12|Wyrok|https://www.saos.org.pl/judgments/5722
1311|2012-09-18|SO|III AUa 494/12|Wyrok|https://www.saos.org.pl/judgments/1311
865|2012-09-18|SO|I ACz 559/12|Postanowienie|https://www.saos.org.pl/judgments/865
999|2012-09-12|SO|I ACa 450/12|Wyrok|https://www.saos.org.pl/judgments/999
976|2012-09-12|SO|I ACa 299/12|Wyrok|https://www.saos.org.pl/judgments/976
282|2012-09-11|SO|III AUz 161/12|Postanowienie|https://www.saos.org.pl/judgments/282
9601|2012-09-06|SO|III AUa 827/12|Wyrok|https://www.saos.org.pl/judgments/9601
7051|2012-09-06|SO|I ACa 199/12|Wyrok|https://www.saos.org.pl/judgments/7051
3240|2012-09-06|SO|VI ACa 402/12|Wyrok|https://www.saos.org.pl/judgments/3240
108|2012-09-03|SO|I ACz 1198/12|Postanowienie|https://www.saos.org.pl/judgments/108
98907|2012-08-29|SN|IV CNP 30/12|Postanowienie|https://www.saos.org.pl/judgments/98907
145332|2012-08-28|SO|II C 319/12|Wyrok|https://www.saos.org.pl/judgments/145332
851|2012-08-24|SO|I ACz 522/12|Postanowienie|https://www.saos.org.pl/judgments/851
98840|2012-08-23|SN|II CSK 49/12|Postanowienie|https://www.saos.org.pl/judgments/98840
14707|2012-08-21|SO|XVII AmC 2966/12|Uzasadnienie|https://www.saos.org.pl/judgments/14707
850|2012-08-17|SO|I ACz 521/12|Postanowienie|https://www.saos.org.pl/judgments/850
1498|2012-08-14|SO|III AUa 525/12|Wyrok|https://www.saos.org.pl/judgments/1498
98818|2012-08-09|SN|V CSK 366/11|Wyrok|https://www.saos.org.pl/judgments/98818
98807|2012-08-09|SN|III SK 6/12|Postanowienie|https://www.saos.org.pl/judgments/98807
98784|2012-08-08|SN|III CZ 46/12|Postanowienie|https://www.saos.org.pl/judgments/98784
98771|2012-08-06|SN|II CNP 30/12|Postanowienie|https://www.saos.org.pl/judgments/98771
974|2012-07-25|SO|I ACa 276/12|Wyrok|https://www.saos.org.pl/judgments/974
98661|2012-07-20|SN|II CZ 50/12|Postanowienie|https://www.saos.org.pl/judgments/98661
52892|2012-07-19|SO|XXVI GC 516/12|Wyrok|https://www.saos.org.pl/judgments/52892
38407|2012-07-19|SO|V Ca 1282/12|Wyrok|https://www.saos.org.pl/judgments/38407
2311|2012-07-18|SO|I ACa 394/12|Wyrok|https://www.saos.org.pl/judgments/2311
2180|2012-07-12|SO|I ACz 1243/12|Postanowienie|https://www.saos.org.pl/judgments/2180
98612|2012-07-11|SN|II CSK 677/11|Wyrok|https://www.saos.org.pl/judgments/98612
98610|2012-07-11|SN|II CSK 621/11|Postanowienie|https://www.saos.org.pl/judgments/98610
1726|2012-07-11|SO|III AUa 1294/11|Postanowienie|https://www.saos.org.pl/judgments/1726
98541|2012-07-04|SN|I CZ 45/12|Postanowienie|https://www.saos.org.pl/judgments/98541
2071|2012-07-04|SO|I ACa 304/12|Wyrok|https://www.saos.org.pl/judgments/2071
1179|2012-07-04|SO|VI ACa 202/12|Wyrok|https://www.saos.org.pl/judgments/1179
20590|2012-06-29|SO|VI ACa 1009/11|Wyrok|https://www.saos.org.pl/judgments/20590
98490|2012-06-26|SN|II PK 277/11|Wyrok|https://www.saos.org.pl/judgments/98490
2178|2012-06-26|SO|I ACz 1169/12|Postanowienie|https://www.saos.org.pl/judgments/2178
98336|2012-06-14|SN|I PK 222/11|Wyrok|https://www.saos.org.pl/judgments/98336
9576|2012-06-13|SO|I ACa 75/12|Wyrok|https://www.saos.org.pl/judgments/9576
1854|2012-06-12|SO|III AUz 128/12|Postanowienie|https://www.saos.org.pl/judgments/1854
111492|2012-06-11|TK|Ts 328/10|Postanowienie|https://www.saos.org.pl/judgments/111492
98259|2012-06-01|SN|II PK 259/11|Wyrok|https://www.saos.org.pl/judgments/98259
110994|2012-05-30|TK|SK 17/10|Postanowienie|https://www.saos.org.pl/judgments/110994
1652|2012-05-24|SO|III AUa 1589/11|Wyrok|https://www.saos.org.pl/judgments/1652
98215|2012-05-23|SN|III CZP 16/12|Uchwała|https://www.saos.org.pl/judgments/98215
1851|2012-05-17|SO|III AUz 118/12|Postanowienie|https://www.saos.org.pl/judgments/1851
136029|2012-05-10|SO|I ACz 708/12|Postanowienie|https://www.saos.org.pl/judgments/136029
98044|2012-05-10|SN|V CNP 81/11|Postanowienie|https://www.saos.org.pl/judgments/98044
111431|2012-05-08|TK|Ts 286/11|Postanowienie|https://www.saos.org.pl/judgments/111431
1172|2012-04-26|SO|VI ACa 1385/11|Wyrok|https://www.saos.org.pl/judgments/1172
97856|2012-04-20|SN|III CZ 15/12|Postanowienie|https://www.saos.org.pl/judgments/97856
97888|2012-04-18|SN|V CSK 190/11|Postanowienie|https://www.saos.org.pl/judgments/97888
97809|2012-04-13|SN|III CSK 214/11|Wyrok|https://www.saos.org.pl/judgments/97809
2235|2012-03-30|SO|I ACz 548/12|Postanowienie|https://www.saos.org.pl/judgments/2235
2162|2012-03-30|SO|I ACz 582/12|Postanowienie|https://www.saos.org.pl/judgments/2162
1804|2012-03-29|SO|III AUa 1814/11|Wyrok|https://www.saos.org.pl/judgments/1804
97679|2012-03-27|SN|III UK 75/11|Wyrok|https://www.saos.org.pl/judgments/97679
97675|2012-03-27|SN|III PK 77/11|Postanowienie|https://www.saos.org.pl/judgments/97675
2232|2012-03-26|SO|I ACz 536/12|Postanowienie|https://www.saos.org.pl/judgments/2232
138013|2012-03-22|SO|I Ca 39/12|Wyrok|https://www.saos.org.pl/judgments/138013
97601|2012-03-22|SN|IV CSK 330/11|Wyrok|https://www.saos.org.pl/judgments/97601
97565|2012-03-22|SN|I PK 196/11|Postanowienie|https://www.saos.org.pl/judgments/97565
2062|2012-03-21|SO|I ACa 225/12|Wyrok|https://www.saos.org.pl/judgments/2062
97554|2012-03-16|SN|IV CSK 373/11|Postanowienie|https://www.saos.org.pl/judgments/97554
97512|2012-03-14|SN|I UK 332/11|Postanowienie|https://www.saos.org.pl/judgments/97512
110966|2012-03-13|TK|P 39/10|Wyrok|https://www.saos.org.pl/judgments/110966
20656|2012-03-13|SO|VI ACa 1213/11|Wyrok|https://www.saos.org.pl/judgments/20656
97470|2012-03-08|SN|III PK 59/11|Wyrok|https://www.saos.org.pl/judgments/97470
97456|2012-03-08|SN|III CSK 209/11|Wyrok|https://www.saos.org.pl/judgments/97456
2151|2012-03-08|SO|I ACz 412/12|Postanowienie|https://www.saos.org.pl/judgments/2151
97388|2012-03-02|SN|III PK 73/11|Postanowienie|https://www.saos.org.pl/judgments/97388
1794|2012-03-01|SO|III AUa 1769/11|Wyrok|https://www.saos.org.pl/judgments/1794
111267|2012-02-29|TK|Ts 166/11|Postanowienie|https://www.saos.org.pl/judgments/111267
2147|2012-02-29|SO|I ACz 382/12|Postanowienie|https://www.saos.org.pl/judgments/2147
1822|2012-02-27|SO|III APz 7/12|Postanowienie|https://www.saos.org.pl/judgments/1822
97267|2012-02-23|SN|II CSK 499/11|Postanowienie|https://www.saos.org.pl/judgments/97267
1976|2012-02-23|SO|I ACa 67/12|Wyrok|https://www.saos.org.pl/judgments/1976
1656|2012-02-23|SO|III AUa 1646/11|Wyrok|https://www.saos.org.pl/judgments/1656
97273|2012-02-22|SN|II UK 128/11|Wyrok|https://www.saos.org.pl/judgments/97273
97263|2012-02-21|SN|I UZ 53/11|Postanowienie|https://www.saos.org.pl/judgments/97263
74240|2012-02-16|SO|XX GC 534/11|Uzasadnienie|https://www.saos.org.pl/judgments/74240
2209|2012-02-13|SO|I ACz 270/12|Postanowienie|https://www.saos.org.pl/judgments/2209
97108|2012-02-10|SN|II CSK 357/11|Postanowienie|https://www.saos.org.pl/judgments/97108
97100|2012-02-10|SN|II CSK 204/11|Postanowienie|https://www.saos.org.pl/judgments/97100
286683|2012-02-09|SO|IV C 196/11|Wyrok|https://www.saos.org.pl/judgments/286683
1846|2012-02-06|SO|III AUa 1817/11|Postanowienie|https://www.saos.org.pl/judgments/1846
2118|2012-01-31|SO|I ACz 137/12|Postanowienie|https://www.saos.org.pl/judgments/2118
2197|2012-01-30|SO|I ACz 173/12|Postanowienie|https://www.saos.org.pl/judgments/2197
148014|2012-01-27|SO|I ACa 1508/11|Postanowienie|https://www.saos.org.pl/judgments/148014
96943|2012-01-26|SN|III CZP 83/11|Uchwała|https://www.saos.org.pl/judgments/96943
5669|2012-01-26|SO|I ACa 1334/11|Wyrok|https://www.saos.org.pl/judgments/5669
136037|2012-01-23|SO|I ACz 91/12|Postanowienie|https://www.saos.org.pl/judgments/136037
126851|2012-01-19|SO|II Co 36/12|Postanowienie|https://www.saos.org.pl/judgments/126851
96808|2012-01-17|SN|I UK 190/11|Wyrok|https://www.saos.org.pl/judgments/96808
96807|2012-01-17|SN|I UK 189/11|Wyrok|https://www.saos.org.pl/judgments/96807
96769|2012-01-12|SN|IV CZ 120/11|Postanowienie|https://www.saos.org.pl/judgments/96769
96719|2012-01-12|SN|II CSK 283/11|Wyrok|https://www.saos.org.pl/judgments/96719
96715|2012-01-12|SN|II CSK 221/11|Wyrok|https://www.saos.org.pl/judgments/96715
96750|2012-01-09|SN|III UK 223/10|Wyrok|https://www.saos.org.pl/judgments/96750
110777|2011-12-21|TK|Ts 286/11|Postanowienie|https://www.saos.org.pl/judgments/110777
96608|2011-12-15|SN|IV CNP 87/11|Postanowienie|https://www.saos.org.pl/judgments/96608
96537|2011-12-14|SN|I CSK 138/11|Postanowienie|https://www.saos.org.pl/judgments/96537
96536|2011-12-14|SN|I CSK 138/11|Postanowienie|https://www.saos.org.pl/judgments/96536
96534|2011-12-14|SN|I CSK 115/11|Postanowienie|https://www.saos.org.pl/judgments/96534
26517|2011-12-14|SO|I ACa 1229/11|Wyrok|https://www.saos.org.pl/judgments/26517
96434|2011-11-30|SN|III CSK 44/11|Postanowienie|https://www.saos.org.pl/judgments/96434
74234|2011-11-23|SO|XX GC 283/11|Wyrok|https://www.saos.org.pl/judgments/74234
74231|2011-11-23|SO|XX GC 279/11|Wyrok|https://www.saos.org.pl/judgments/74231
23411|2011-11-23|SO|I ACa 501/11|Wyrok|https://www.saos.org.pl/judgments/23411
110622|2011-11-22|TK|Ts 166/11|Postanowienie|https://www.saos.org.pl/judgments/110622
96245|2011-11-18|SN|II CSK 278/11|Postanowienie|https://www.saos.org.pl/judgments/96245
110370|2011-11-16|TK|SK 45/09|Wyrok|https://www.saos.org.pl/judgments/110370
96246|2011-11-16|SN|II CSK 538/10|Postanowienie|https://www.saos.org.pl/judgments/96246
96215|2011-11-09|SN|II CSK 70/11|Wyrok|https://www.saos.org.pl/judgments/96215
96211|2011-11-08|SN|II CSK 205/11|Postanowienie|https://www.saos.org.pl/judgments/96211
110463|2011-11-03|TK|Ts 65/11|Postanowienie|https://www.saos.org.pl/judgments/110463
96107|2011-10-26|SN|I CSK 771/10|Postanowienie|https://www.saos.org.pl/judgments/96107
96078|2011-10-20|SN|IV CSK 39/11|Wyrok|https://www.saos.org.pl/judgments/96078
95892|2011-10-07|SN|II CSK 51/11|Wyrok|https://www.saos.org.pl/judgments/95892
95891|2011-10-07|SN|II CSK 3/11|Wyrok|https://www.saos.org.pl/judgments/95891
95911|2011-10-05|SN|II UZP 9/11|Postanowienie|https://www.saos.org.pl/judgments/95911
95753|2011-09-16|SN|IV CZ 46/11|Postanowienie|https://www.saos.org.pl/judgments/95753
26547|2011-09-15|SO|I ACa 744/11|Wyrok|https://www.saos.org.pl/judgments/26547
95661|2011-09-06|SN|I PZ 15/11|Postanowienie|https://www.saos.org.pl/judgments/95661
95613|2011-08-25|SN|I CNP 12/11|Postanowienie|https://www.saos.org.pl/judgments/95613
95630|2011-08-24|SN|IV CSK 551/10|Wyrok|https://www.saos.org.pl/judgments/95630
95607|2011-08-18|SN|I CNP 11/11|Postanowienie|https://www.saos.org.pl/judgments/95607
95582|2011-08-12|SN|I CNP 85/10|Postanowienie|https://www.saos.org.pl/judgments/95582
95581|2011-08-09|SN|I BP 3/11|Wyrok|https://www.saos.org.pl/judgments/95581
95574|2011-08-05|SN|III UZ 17/11|Postanowienie|https://www.saos.org.pl/judgments/95574
95556|2011-08-02|SN|II BU 7/11|Postanowienie|https://www.saos.org.pl/judgments/95556
95532|2011-07-27|SN|II PK 23/11|Wyrok|https://www.saos.org.pl/judgments/95532
95498|2011-07-21|SN|V CZ 43/11|Postanowienie|https://www.saos.org.pl/judgments/95498
95388|2011-07-07|SN|III SK 16/09|Wyrok|https://www.saos.org.pl/judgments/95388
95305|2011-06-30|SN|III CSK 311/10|Wyrok|https://www.saos.org.pl/judgments/95305
215643|2011-06-29|SO|XXIII Ga 300/11|Wyrok|https://www.saos.org.pl/judgments/215643
43000|2011-06-29|SO|I ACa 666/11|Wyrok|https://www.saos.org.pl/judgments/43000
95287|2011-06-27|SN|I UK 401/10|Wyrok|https://www.saos.org.pl/judgments/95287
95251|2011-06-21|SN|I CSK 601/10|Wyrok|https://www.saos.org.pl/judgments/95251
95203|2011-06-17|SN|II CSK 346/11|Wyrok|https://www.saos.org.pl/judgments/95203
322|2011-06-16|SO|I ACa 371/11|Wyrok|https://www.saos.org.pl/judgments/322
146045|2011-05-25|SO|I ACz 832/11|Postanowienie|https://www.saos.org.pl/judgments/146045
95065|2011-05-25|SN|II CZ 23/11|Postanowienie|https://www.saos.org.pl/judgments/95065
94987|2011-05-19|SN|I PK 221/10|Wyrok|https://www.saos.org.pl/judgments/94987
94890|2011-05-06|SN|III UZ 11/11|Postanowienie|https://www.saos.org.pl/judgments/94890
94884|2011-05-06|SN|III BU 1/11|Postanowienie|https://www.saos.org.pl/judgments/94884
94863|2011-05-05|SN|I UK 395/10|Wyrok|https://www.saos.org.pl/judgments/94863
94826|2011-04-29|SN|I CSK 428/10|Wyrok|https://www.saos.org.pl/judgments/94826
94808|2011-04-18|SN|III PZ 1/11|Postanowienie|https://www.saos.org.pl/judgments/94808
94727|2011-04-15|SN|III CSK 256/10|Postanowienie|https://www.saos.org.pl/judgments/94727
94698|2011-04-13|SN|I CSK 655/10|Postanowienie|https://www.saos.org.pl/judgments/94698
94609|2011-04-06|SN|I CSK 367/10|Postanowienie|https://www.saos.org.pl/judgments/94609
94585|2011-04-01|SN|III CSK 229/10|Wyrok|https://www.saos.org.pl/judgments/94585
94590|2011-03-30|SN|III CZ 9/11|Postanowienie|https://www.saos.org.pl/judgments/94590
94566|2011-03-29|SN|I UK 316/10|Wyrok|https://www.saos.org.pl/judgments/94566
94530|2011-03-25|SN|IV CSK 504/10|Wyrok|https://www.saos.org.pl/judgments/94530
94439|2011-03-17|SN|I CNP 54/10|Postanowienie|https://www.saos.org.pl/judgments/94439
94415|2011-03-09|SN|III SO 20/10|Postanowienie|https://www.saos.org.pl/judgments/94415
94340|2011-03-02|SN|II PK 202/10|Wyrok|https://www.saos.org.pl/judgments/94340
94333|2011-02-28|SN|I UK 374/10|Postanowienie|https://www.saos.org.pl/judgments/94333
94240|2011-02-17|SN|III CNP 23/10|Wyrok|https://www.saos.org.pl/judgments/94240
94158|2011-02-11|SN|II UK 273/10|Wyrok|https://www.saos.org.pl/judgments/94158
94165|2011-02-09|SN|III SK 40/10|Postanowienie|https://www.saos.org.pl/judgments/94165
94101|2011-02-04|SN|II UK 225/10|Wyrok|https://www.saos.org.pl/judgments/94101
94084|2011-02-02|SN|II CSK 392/10|Wyrok|https://www.saos.org.pl/judgments/94084
93989|2011-01-28|SN|I CSK 205/10|Postanowienie|https://www.saos.org.pl/judgments/93989
93961|2011-01-20|SN|III SO 18/10|Postanowienie|https://www.saos.org.pl/judgments/93961
93980|2011-01-19|SN|V CZ 88/10|Postanowienie|https://www.saos.org.pl/judgments/93980
93861|2011-01-14|SN|I PK 176/10|Wyrok|https://www.saos.org.pl/judgments/93861
93894|2011-01-13|SN|III CSK 134/10|Wyrok|https://www.saos.org.pl/judgments/93894
136430|2011-01-12|SO|II AKa 189/10|Wyrok|https://www.saos.org.pl/judgments/136430
109843|2010-12-27|TK|Ts 51/10|Postanowienie|https://www.saos.org.pl/judgments/109843
93691|2010-12-08|SN|V CSK 171/10|Postanowienie|https://www.saos.org.pl/judgments/93691
93566|2010-12-03|SN|I CSK 163/10|Wyrok|https://www.saos.org.pl/judgments/93566
389778|2010-12-02|SO|V ACa 382/10|Wyrok|https://www.saos.org.pl/judgments/389778
165444|2010-12-02|SN|III UK 39/10|Wyrok|https://www.saos.org.pl/judgments/165444
93632|2010-12-02|SN|IV CSK 406/10|Postanowienie|https://www.saos.org.pl/judgments/93632
93561|2010-12-02|SN|I CSK 111/10|Wyrok|https://www.saos.org.pl/judgments/93561
93463|2010-11-24|SN|I CNP 23/10|Postanowienie|https://www.saos.org.pl/judgments/93463
93444|2010-11-19|SN|III CNP 44/10|Postanowienie|https://www.saos.org.pl/judgments/93444
93342|2010-11-04|SN|III UK 25/10|Wyrok|https://www.saos.org.pl/judgments/93342
93235|2010-10-29|SN|I CSK 698/09|Wyrok|https://www.saos.org.pl/judgments/93235
165432|2010-10-27|SN|III BPZ 1/10|Postanowienie|https://www.saos.org.pl/judgments/165432
93183|2010-10-22|SN|III CZ 44/10|Postanowienie|https://www.saos.org.pl/judgments/93183
93176|2010-10-20|SN|III CSK 323/09|Wyrok|https://www.saos.org.pl/judgments/93176
93163|2010-10-19|SN|II BU 4/10|Wyrok|https://www.saos.org.pl/judgments/93163
93067|2010-10-08|SN|II PZ 32/10|Postanowienie|https://www.saos.org.pl/judgments/93067
93066|2010-10-08|SN|II PZ 31/10|Postanowienie|https://www.saos.org.pl/judgments/93066
93056|2010-10-06|SN|II CZ 100/10|Postanowienie|https://www.saos.org.pl/judgments/93056
93049|2010-10-06|SN|II CSK 174/10|Wyrok|https://www.saos.org.pl/judgments/93049
92955|2010-09-23|SN|III CSK 310/09|Wyrok|https://www.saos.org.pl/judgments/92955
515024|2010-09-22|SO|XVII AmA 75/10|Postanowienie|https://www.saos.org.pl/judgments/515024
92966|2010-09-21|SN|III PO 4/10|Postanowienie|https://www.saos.org.pl/judgments/92966
92937|2010-09-17|SN|III CNP 29/10|Postanowienie|https://www.saos.org.pl/judgments/92937
92900|2010-09-08|SN|III PZ 6/10|Postanowienie|https://www.saos.org.pl/judgments/92900
92890|2010-09-08|SN|II CZ 90/10|Postanowienie|https://www.saos.org.pl/judgments/92890
267540|2010-09-02|SO|XVII AmC 1200/09|Wyrok|https://www.saos.org.pl/judgments/267540
17052|2010-09-02|SO|XVII AmC 1200/09|Uzasadnienie|https://www.saos.org.pl/judgments/17052
92852|2010-09-01|SN|III UK 15/10|Wyrok|https://www.saos.org.pl/judgments/92852
92807|2010-08-24|SN|I UK 41/10|Wyrok|https://www.saos.org.pl/judgments/92807
92805|2010-08-24|SN|I PK 43/10|Wyrok|https://www.saos.org.pl/judgments/92805
165409|2010-08-18|SN|II PK 228/09|Wyrok|https://www.saos.org.pl/judgments/165409
92719|2010-07-27|SN|II CSK 122/10|Postanowienie|https://www.saos.org.pl/judgments/92719
92717|2010-07-27|SN|II CSK 119/10|Wyrok|https://www.saos.org.pl/judgments/92717
15287|2010-07-20|SO|I ACa 216/10|Wyrok|https://www.saos.org.pl/judgments/15287
92626|2010-07-13|SN|III CZP 29/10|Uchwała|https://www.saos.org.pl/judgments/92626
92600|2010-07-08|SN|II CSK 74/10|Wyrok|https://www.saos.org.pl/judgments/92600
92598|2010-07-08|SN|II CSK 3/10|Wyrok|https://www.saos.org.pl/judgments/92598
92561|2010-06-29|SN|III CSK 325/09|Wyrok|https://www.saos.org.pl/judgments/92561
92459|2010-06-17|SN|III CSK 274/09|Postanowienie|https://www.saos.org.pl/judgments/92459
92448|2010-06-17|SN|II CSK 143/10|Postanowienie|https://www.saos.org.pl/judgments/92448
92415|2010-06-09|SN|II PZ 20/10|Postanowienie|https://www.saos.org.pl/judgments/92415
165362|2010-06-01|SN|II BP 3/10|Postanowienie|https://www.saos.org.pl/judgments/165362
165338|2010-05-27|SN|II PK 358/09|Wyrok|https://www.saos.org.pl/judgments/165338
165328|2010-05-21|SN|I UK 43/10|Wyrok|https://www.saos.org.pl/judgments/165328
92271|2010-05-18|SN|I PK 15/10|Wyrok|https://www.saos.org.pl/judgments/92271
92217|2010-05-11|SN|II PZ 11/10|Postanowienie|https://www.saos.org.pl/judgments/92217
92166|2010-05-07|SN|I CSK 652/09|Postanowienie|https://www.saos.org.pl/judgments/92166
165303|2010-04-27|SN|II PK 312/09|Wyrok|https://www.saos.org.pl/judgments/165303
165295|2010-04-19|SN|II PK 306/09|Wyrok|https://www.saos.org.pl/judgments/165295
76399|2010-04-16|SN|IV CZ 12/10|Postanowienie|https://www.saos.org.pl/judgments/76399
76397|2010-04-16|SN|IV CSK 470/09|Postanowienie|https://www.saos.org.pl/judgments/76397
92038|2010-03-11|SN|IV CSK 391/09|Wyrok|https://www.saos.org.pl/judgments/92038
92035|2010-03-11|SN|IV CSK 341/09|Postanowienie|https://www.saos.org.pl/judgments/92035
92005|2010-03-11|SN|I PK 191/09|Wyrok|https://www.saos.org.pl/judgments/92005
91976|2010-03-04|SN|I PK 189/09|Wyrok|https://www.saos.org.pl/judgments/91976
91974|2010-03-04|SN|I PK 177/09|Wyrok|https://www.saos.org.pl/judgments/91974
409286|2010-03-03|SO|XVII AmC 874/09|Wyrok|https://www.saos.org.pl/judgments/409286
165221|2010-02-25|SN|II BP 17/09|Postanowienie|https://www.saos.org.pl/judgments/165221
165233|2010-02-23|SN|II BP 25/09|Postanowienie|https://www.saos.org.pl/judgments/165233
165230|2010-02-23|SN|II BP 22/09|Postanowienie|https://www.saos.org.pl/judgments/165230
91914|2010-02-23|SN|II BP 29/09|Postanowienie|https://www.saos.org.pl/judgments/91914
91860|2010-02-18|SN|II CSK 406/09|Postanowienie|https://www.saos.org.pl/judgments/91860
91813|2010-02-12|SN|I CSK 315/09|Postanowienie|https://www.saos.org.pl/judgments/91813
91751|2010-02-05|SN|I CSK 660/09|Postanowienie|https://www.saos.org.pl/judgments/91751
165188|2010-02-03|SN|I UZ 100/09|Postanowienie|https://www.saos.org.pl/judgments/165188
91745|2010-01-28|SN|IV CSK 261/09|Wyrok|https://www.saos.org.pl/judgments/91745
110097|2010-01-22|TK|Ts 258/08|Postanowienie|https://www.saos.org.pl/judgments/110097
165154|2010-01-14|SN|III KRS 28/09|Wyrok|https://www.saos.org.pl/judgments/165154
165152|2010-01-14|SN|I UK 252/09|Wyrok|https://www.saos.org.pl/judgments/165152
91607|2010-01-13|SN|II CSK 372/09|Wyrok|https://www.saos.org.pl/judgments/91607
165161|2010-01-12|SN|I UZ 98/09|Postanowienie|https://www.saos.org.pl/judgments/165161
165142|2010-01-08|SN|III BP 3/09|Postanowienie|https://www.saos.org.pl/judgments/165142
91510|2009-12-18|SN|III CNP 46/09|Postanowienie|https://www.saos.org.pl/judgments/91510
91532|2009-12-17|SN|IV CZ 97/09|Postanowienie|https://www.saos.org.pl/judgments/91532
91406|2009-12-04|SN|III CSK 60/09|Postanowienie|https://www.saos.org.pl/judgments/91406
3186|2009-11-10|SO|VI ACa 297/09|Wyrok|https://www.saos.org.pl/judgments/3186
3185|2009-11-10|SO|VI ACa 294/09|Wyrok|https://www.saos.org.pl/judgments/3185
3184|2009-11-10|SO|VI ACa 292/09|Wyrok|https://www.saos.org.pl/judgments/3184
91183|2009-11-05|SN|I CZ 66/09|Postanowienie|https://www.saos.org.pl/judgments/91183
91190|2009-11-03|SN|II CSK 181/09|Wyrok|https://www.saos.org.pl/judgments/91190
91128|2009-10-27|SN|II UK 83/09|Wyrok|https://www.saos.org.pl/judgments/91128
91046|2009-10-13|SN|II UK 234/08|Postanowienie|https://www.saos.org.pl/judgments/91046
90975|2009-10-08|SN|II CSK 209/09|Postanowienie|https://www.saos.org.pl/judgments/90975
90971|2009-10-08|SN|II CSK 153/09|Wyrok|https://www.saos.org.pl/judgments/90971
90927|2009-09-24|SN|IV CZ 63/09|Postanowienie|https://www.saos.org.pl/judgments/90927
90886|2009-09-17|SN|IV CZ 57/09|Postanowienie|https://www.saos.org.pl/judgments/90886
275265|2009-09-16|SO|XVII AmC 340/09|Wyrok|https://www.saos.org.pl/judgments/275265
189529|2009-09-16|SO|XVII AmC 340/09|Uzasadnienie|https://www.saos.org.pl/judgments/189529
90768|2009-08-26|SN|I CSK 46/09|Wyrok|https://www.saos.org.pl/judgments/90768
90678|2009-08-04|SN|I UK 71/09|Wyrok|https://www.saos.org.pl/judgments/90678
90640|2009-07-22|SN|I UK 46/09|Wyrok|https://www.saos.org.pl/judgments/90640
90456|2009-06-24|SN|I CSK 538/08|Postanowienie|https://www.saos.org.pl/judgments/90456
90445|2009-06-19|SN|V CSK 485/08|Postanowienie|https://www.saos.org.pl/judgments/90445
90425|2009-06-17|SN|IV CSK 78/09|Postanowienie|https://www.saos.org.pl/judgments/90425
90371|2009-06-09|SN|II CSK 49/09|Wyrok|https://www.saos.org.pl/judgments/90371
90351|2009-06-05|SN|IV CNP 36/09|Postanowienie|https://www.saos.org.pl/judgments/90351
90306|2009-05-29|SN|I CNP 38/09|Postanowienie|https://www.saos.org.pl/judgments/90306
90299|2009-05-21|SN|V CSK 444/08|Wyrok|https://www.saos.org.pl/judgments/90299
90295|2009-05-21|SN|V CSK 432/08|Wyrok|https://www.saos.org.pl/judgments/90295
109383|2009-05-13|TK|Ts 203/08|Postanowienie|https://www.saos.org.pl/judgments/109383
90145|2009-04-29|SN|SNO 33/09|Wyrok|https://www.saos.org.pl/judgments/90145
90143|2009-04-29|SN|SNO 30/09|Wyrok|https://www.saos.org.pl/judgments/90143
90107|2009-04-23|SN|IV CZ 33/09|Postanowienie|https://www.saos.org.pl/judgments/90107
109353|2009-04-15|TK|Ts 185/08|Postanowienie|https://www.saos.org.pl/judgments/109353
89978|2009-04-02|SN|III SK 30/08|Wyrok|https://www.saos.org.pl/judgments/89978
109082|2009-03-31|TK|SK 19/08|Wyrok|https://www.saos.org.pl/judgments/109082
89740|2009-02-25|SN|II PK 187/08|Wyrok|https://www.saos.org.pl/judgments/89740
89689|2009-02-19|SN|II CZ 16/09|Postanowienie|https://www.saos.org.pl/judgments/89689
20528|2009-01-27|SO|I ACa 1316/08|Wyrok|https://www.saos.org.pl/judgments/20528
109382|2009-01-21|TK|Ts 203/08|Postanowienie|https://www.saos.org.pl/judgments/109382
109240|2009-01-15|TK|Ts 99/08|Postanowienie|https://www.saos.org.pl/judgments/109240
165078|2008-12-11|SN|II CSK 356/08|Postanowienie|https://www.saos.org.pl/judgments/165078
89272|2008-11-28|SN|IV CSK 394/08|Postanowienie|https://www.saos.org.pl/judgments/89272
89268|2008-11-27|SN|IV CSK 292/08|Wyrok|https://www.saos.org.pl/judgments/89268
108754|2008-11-25|TK|Ts 100/07|Postanowienie|https://www.saos.org.pl/judgments/108754
89207|2008-11-20|SN|III CZP 110/08|Uchwała|https://www.saos.org.pl/judgments/89207
89206|2008-11-20|SN|III CZP 109/08|Postanowienie|https://www.saos.org.pl/judgments/89206
89176|2008-11-14|SN|V CSK 174/08|Wyrok|https://www.saos.org.pl/judgments/89176
33827|2008-11-12|SO|XVII AmA 109/07|Uzasadnienie|https://www.saos.org.pl/judgments/33827
89101|2008-11-07|SN|III CZP 72/08|Uchwała|https://www.saos.org.pl/judgments/89101
89070|2008-11-07|SN|II CSK 289/08|Wyrok|https://www.saos.org.pl/judgments/89070
89093|2008-11-06|SN|III CSK 172/08|Wyrok|https://www.saos.org.pl/judgments/89093
89035|2008-10-29|SN|IV CZ 75/08|Postanowienie|https://www.saos.org.pl/judgments/89035
89025|2008-10-29|SN|IV CSK 237/08|Wyrok|https://www.saos.org.pl/judgments/89025
88993|2008-10-28|SN|I PZ 24/08|Postanowienie|https://www.saos.org.pl/judgments/88993
88822|2008-10-03|SN|II PK 53/08|Wyrok|https://www.saos.org.pl/judgments/88822
108815|2008-08-25|TK|Ts 189/08|Postanowienie|https://www.saos.org.pl/judgments/108815
88603|2008-08-21|SN|IV CSK 168/08|Wyrok|https://www.saos.org.pl/judgments/88603
88464|2008-07-09|SN|V CZ 43/08|Postanowienie|https://www.saos.org.pl/judgments/88464
88324|2008-06-24|SN|II CSK 160/08|Postanowienie|https://www.saos.org.pl/judgments/88324
88144|2008-05-30|SN|III CNP 22/08|Postanowienie|https://www.saos.org.pl/judgments/88144
87890|2008-04-17|SN|II PK 289/07|Wyrok|https://www.saos.org.pl/judgments/87890
87815|2008-04-10|SN|III SK 27/07|Wyrok|https://www.saos.org.pl/judgments/87815
87628|2008-03-19|SN|II CSK 17/08|Postanowienie|https://www.saos.org.pl/judgments/87628
87608|2008-03-14|SN|IV CZ 18/08|Postanowienie|https://www.saos.org.pl/judgments/87608
87540|2008-03-05|SN|V CSK 459/07|Wyrok|https://www.saos.org.pl/judgments/87540
87458|2008-02-27|SN|III CZP 131/07|Postanowienie|https://www.saos.org.pl/judgments/87458
87419|2008-02-22|SN|V CSK 432/07|Wyrok|https://www.saos.org.pl/judgments/87419
87417|2008-02-22|SN|V CSK 421/07|Wyrok|https://www.saos.org.pl/judgments/87417
87237|2008-02-08|SN|I CZ 141/07|Postanowienie|https://www.saos.org.pl/judgments/87237
87281|2008-02-07|SN|IV CSK 530/07|Postanowienie|https://www.saos.org.pl/judgments/87281
87056|2008-01-18|SN|III CSK 355/07|Postanowienie|https://www.saos.org.pl/judgments/87056
87055|2008-01-18|SN|III CSK 346/07|Postanowienie|https://www.saos.org.pl/judgments/87055
87013|2008-01-09|SN|III UK 84/07|Postanowienie|https://www.saos.org.pl/judgments/87013
87004|2008-01-08|SN|II UZ 41/07|Postanowienie|https://www.saos.org.pl/judgments/87004
86965|2008-01-04|SN|III CSK 199/07|Postanowienie|https://www.saos.org.pl/judgments/86965
165038|2007-12-18|SN|III CSK 308/07|Postanowienie|https://www.saos.org.pl/judgments/165038
86945|2007-12-12|SN|V CZ 74/07|Postanowienie|https://www.saos.org.pl/judgments/86945
86761|2007-10-24|SN|IV CSK 210/07|Wyrok|https://www.saos.org.pl/judgments/86761
86699|2007-10-11|SN|III PK 40/07|Wyrok|https://www.saos.org.pl/judgments/86699
164854|2007-10-03|SN|IV CZ 62/07|Postanowienie|https://www.saos.org.pl/judgments/164854
86588|2007-09-19|SN|II CSK 252/07|Wyrok|https://www.saos.org.pl/judgments/86588
86396|2007-08-02|SN|V CSK 155/07|Postanowienie|https://www.saos.org.pl/judgments/86396
86332|2007-07-18|SN|II CSK 278/07|Postanowienie|https://www.saos.org.pl/judgments/86332
155365|2007-07-12|SO|XVII AmA 72/05|Wyrok|https://www.saos.org.pl/judgments/155365
86238|2007-07-03|SN|I UK 40/07|Wyrok|https://www.saos.org.pl/judgments/86238
86194|2007-06-27|SN|II CSK 119/07|Wyrok|https://www.saos.org.pl/judgments/86194
85909|2007-05-25|SN|I CSK 6/07|Postanowienie|https://www.saos.org.pl/judgments/85909
85878|2007-05-16|SN|III CZP 34/07|Uchwała|https://www.saos.org.pl/judgments/85878
85804|2007-05-09|SN|II CSK 77/07|Wyrok|https://www.saos.org.pl/judgments/85804
85794|2007-05-09|SN|I PK 256/06|Wyrok|https://www.saos.org.pl/judgments/85794
85747|2007-04-26|SN|II CSK 22/07|Wyrok|https://www.saos.org.pl/judgments/85747
85707|2007-04-18|SN|V CSK 27/07|Postanowienie|https://www.saos.org.pl/judgments/85707
85642|2007-04-12|SN|I PZ 1/07|Postanowienie|https://www.saos.org.pl/judgments/85642
85598|2007-04-05|SN|II CZ 12/07|Postanowienie|https://www.saos.org.pl/judgments/85598
85285|2007-02-20|SN|II PK 165/06|Wyrok|https://www.saos.org.pl/judgments/85285
85141|2007-02-08|SN|I CO 17/06|Wyrok|https://www.saos.org.pl/judgments/85141
164814|2006-12-20|SN|IV CSK 299/06|Wyrok|https://www.saos.org.pl/judgments/164814
164780|2006-12-13|SN|II CSK 289/06|Wyrok|https://www.saos.org.pl/judgments/164780
164756|2006-12-06|SN|IV CSK 290/06|Wyrok|https://www.saos.org.pl/judgments/164756
164753|2006-12-06|SN|IV CSK 232/06|Wyrok|https://www.saos.org.pl/judgments/164753
164686|2006-11-24|SN|III CZ 69/06|Postanowienie|https://www.saos.org.pl/judgments/164686
164654|2006-11-16|SN|II CSK 157/06|Postanowienie|https://www.saos.org.pl/judgments/164654
84692|2006-10-25|SN|III CZP 63/06|Uchwała|https://www.saos.org.pl/judgments/84692
84691|2006-10-25|SN|III CZP 62/06|Uchwała|https://www.saos.org.pl/judgments/84691
84645|2006-10-09|SN|II UK 65/06|Wyrok|https://www.saos.org.pl/judgments/84645
164538|2006-10-05|SN|IV CSK 110/06|Postanowienie|https://www.saos.org.pl/judgments/164538
84545|2006-09-12|SN|I PK 87/06|Wyrok|https://www.saos.org.pl/judgments/84545
84526|2006-08-31|SN|I CZ 47/06|Postanowienie|https://www.saos.org.pl/judgments/84526
164430|2006-07-19|SN|I CSK 141/06|Postanowienie|https://www.saos.org.pl/judgments/164430
84461|2006-07-18|SN|I PK 40/06|Wyrok|https://www.saos.org.pl/judgments/84461
84462|2006-07-17|SN|I UK 28/06|Wyrok|https://www.saos.org.pl/judgments/84462
84450|2006-07-12|SN|II UK 255/05|Wyrok|https://www.saos.org.pl/judgments/84450
164381|2006-06-29|SN|IV CSK 24/06|Wyrok|https://www.saos.org.pl/judgments/164381
84404|2006-06-20|SN|III SK 7/06|Wyrok|https://www.saos.org.pl/judgments/84404
84370|2006-06-07|SN|III CZP 29/06|Postanowienie|https://www.saos.org.pl/judgments/84370
164278|2006-05-11|SN|I CSK 61/06|Wyrok|https://www.saos.org.pl/judgments/164278
164233|2006-04-28|SN|V CZ 23/06|Postanowienie|https://www.saos.org.pl/judgments/164233
164247|2006-04-26|SN|II CZ 27/06|Postanowienie|https://www.saos.org.pl/judgments/164247
84276|2006-04-20|SN|III CZP 17/06|Uchwała|https://www.saos.org.pl/judgments/84276
84266|2006-04-19|SN|II PK 245/05|Wyrok|https://www.saos.org.pl/judgments/84266
84264|2006-04-19|SN|I UZ 3/06|Postanowienie|https://www.saos.org.pl/judgments/84264
164146|2006-03-22|SN|III CSK 30/06|Wyrok|https://www.saos.org.pl/judgments/164146
84193|2006-03-21|SN|III SK 2/06|Wyrok|https://www.saos.org.pl/judgments/84193
84181|2006-03-16|SN|III CZP 4/06|Uchwała|https://www.saos.org.pl/judgments/84181
164117|2006-03-09|SN|I CSK 147/05|Wyrok|https://www.saos.org.pl/judgments/164117
164116|2006-03-09|SN|I CSK 143/05|Wyrok|https://www.saos.org.pl/judgments/164116
84138|2006-03-07|SN|I UK 195/05|Wyrok|https://www.saos.org.pl/judgments/84138
164090|2006-03-03|SN|II CZ 8/06|Postanowienie|https://www.saos.org.pl/judgments/164090
164061|2006-02-24|SN|II CZ 1/06|Postanowienie|https://www.saos.org.pl/judgments/164061
84111|2006-02-22|SN|III CK 341/05|Wyrok|https://www.saos.org.pl/judgments/84111
163921|2006-01-11|SN|II CZ 123/05|Postanowienie|https://www.saos.org.pl/judgments/163921
163898|2005-12-20|SN|V CSK 64/05|Wyrok|https://www.saos.org.pl/judgments/163898
83899|2005-12-07|SN|I CA 1/05|Postanowienie|https://www.saos.org.pl/judgments/83899
163786|2005-11-23|SN|II CK 253/05|Wyrok|https://www.saos.org.pl/judgments/163786
163783|2005-11-23|SN|II CK 237/05|Postanowienie|https://www.saos.org.pl/judgments/163783
83815|2005-10-21|SN|III CZP 75/05|Uchwała|https://www.saos.org.pl/judgments/83815
83785|2005-10-13|SN|II PZ 39/05|Postanowienie|https://www.saos.org.pl/judgments/83785
163623|2005-10-12|SN|III CK 48/05|Postanowienie|https://www.saos.org.pl/judgments/163623
83671|2005-08-10|SN|III PZ 11/05|Postanowienie|https://www.saos.org.pl/judgments/83671
83610|2005-07-12|SN|II UZP 6/05|Uchwała|https://www.saos.org.pl/judgments/83610
163338|2005-06-14|SN|V CK 691/04|Postanowienie|https://www.saos.org.pl/judgments/163338
83389|2005-05-05|SN|IV CK 4/05|Postanowienie|https://www.saos.org.pl/judgments/83389
171308|2005-04-18|SO|XVII AmE 21/04|Wyrok|https://www.saos.org.pl/judgments/171308
163166|2005-04-13|SN|IV CK 680/04|Wyrok|https://www.saos.org.pl/judgments/163166
162889|2005-01-12|SN|I CK 449/04|Postanowienie|https://www.saos.org.pl/judgments/162889
162823|2004-12-14|SN|II CK 263/04|Wyrok|https://www.saos.org.pl/judgments/162823
82897|2004-10-05|SN|III SZP 1/04|Postanowienie|https://www.saos.org.pl/judgments/82897
82842|2004-09-23|SN|I PK 526/03|Wyrok|https://www.saos.org.pl/judgments/82842
82725|2004-06-16|SN|I CZ 48/04|Postanowienie|https://www.saos.org.pl/judgments/82725
82707|2004-05-25|SN|III SK 50/04|Wyrok|https://www.saos.org.pl/judgments/82707
82584|2004-04-01|SN|III SK 21/04|Wyrok|https://www.saos.org.pl/judgments/82584
82498|2004-02-18|SN|I CZ 182/03|Postanowienie|https://www.saos.org.pl/judgments/82498
82507|2004-02-17|SN|III CZP 115/03|Uchwała|https://www.saos.org.pl/judgments/82507
82336|2003-11-21|SN|V CK 16/03|Wyrok|https://www.saos.org.pl/judgments/82336
126261|2003-08-04|SO|XVII AmA 97/02|Wyrok|https://www.saos.org.pl/judgments/126261
81975|2003-04-24|SN|I CKN 258/01|Wyrok|https://www.saos.org.pl/judgments/81975
81915|2003-03-19|SN|I CKN 152/01|Wyrok|https://www.saos.org.pl/judgments/81915
81882|2003-03-07|SN|I CKN 79/01|Wyrok|https://www.saos.org.pl/judgments/81882
81894|2003-03-06|SN|III PZP 2/03|Uchwała|https://www.saos.org.pl/judgments/81894
81874|2003-02-26|SN|II CZ 17/03|Postanowienie|https://www.saos.org.pl/judgments/81874
106362|2003-02-19|TK|P 11/02|Wyrok|https://www.saos.org.pl/judgments/106362
81868|2003-02-19|SN|V CK 80/02|Postanowienie|https://www.saos.org.pl/judgments/81868
81831|2003-01-31|SN|IV CKN 1765/00|Postanowienie|https://www.saos.org.pl/judgments/81831
81830|2003-01-29|SN|IV CK 399/02|Postanowienie|https://www.saos.org.pl/judgments/81830
81678|2002-11-06|SN|III CZ 98/02|Postanowienie|https://www.saos.org.pl/judgments/81678
81666|2002-10-25|SN|IV CKN 1446/00|Wyrok|https://www.saos.org.pl/judgments/81666
81658|2002-10-18|SN|V CKN 1867/00|Wyrok|https://www.saos.org.pl/judgments/81658
81657|2002-10-18|SN|V CKN 1830/00|Postanowienie|https://www.saos.org.pl/judgments/81657
81607|2002-10-02|SN|I PKN 549/01|Wyrok|https://www.saos.org.pl/judgments/81607
81536|2002-08-07|SN|III PZP 15/02|Uchwała|https://www.saos.org.pl/judgments/81536
81478|2002-06-27|SN|IV CZ 63/02|Postanowienie|https://www.saos.org.pl/judgments/81478
81458|2002-06-20|SN|I CKN 704/00|Wyrok|https://www.saos.org.pl/judgments/81458
81173|2002-01-30|SN|III CZP 84/01|Uchwała|https://www.saos.org.pl/judgments/81173
81099|2001-12-20|SN|III RN 165/00|Wyrok|https://www.saos.org.pl/judgments/81099
81038|2001-12-06|SN|I PKN 714/00|Wyrok|https://www.saos.org.pl/judgments/81038
80738|2001-07-19|SN|II UKN 477/00|Wyrok|https://www.saos.org.pl/judgments/80738
80625|2001-06-06|SN|I PKN 464/00|Wyrok|https://www.saos.org.pl/judgments/80625
80596|2001-05-25|SN|II UZ 30/01|Postanowienie|https://www.saos.org.pl/judgments/80596
80569|2001-05-16|SN|I PKN 402/00|Wyrok|https://www.saos.org.pl/judgments/80569
80492|2001-04-05|SN|IV CZ 134/00|Postanowienie|https://www.saos.org.pl/judgments/80492
80458|2001-03-28|SN|II UKN 283/00|Wyrok|https://www.saos.org.pl/judgments/80458
80200|2000-12-19|SN|II UKN 157/00|Wyrok|https://www.saos.org.pl/judgments/80200
80179|2000-12-15|SN|II UKN 149/00|Wyrok|https://www.saos.org.pl/judgments/80179
80149|2000-12-08|SN|II UKN 128/00|Wyrok|https://www.saos.org.pl/judgments/80149
80066|2000-11-16|SN|III CZ 91/00|Postanowienie|https://www.saos.org.pl/judgments/80066
79699|2000-05-10|SN|III CKN 1032/99|Wyrok|https://www.saos.org.pl/judgments/79699
105696|2000-03-29|TK|Ts 163/99|Postanowienie|https://www.saos.org.pl/judgments/105696
79520|2000-02-02|SN|II UKN 353/99|Wyrok|https://www.saos.org.pl/judgments/79520
79340|1999-10-29|SN|II UKN 596/99|Postanowienie|https://www.saos.org.pl/judgments/79340
79277|1999-09-23|SN|II UKN 121/99|Wyrok|https://www.saos.org.pl/judgments/79277
79248|1999-09-10|SN|II UKN 101/99|Wyrok|https://www.saos.org.pl/judgments/79248
79156|1999-07-15|SN|I PKN 219/99|Postanowienie|https://www.saos.org.pl/judgments/79156
78988|1999-04-23|SN|II UKN 590/98|Wyrok|https://www.saos.org.pl/judgments/78988
78951|1999-04-08|SN|II UKN 551/98|Wyrok|https://www.saos.org.pl/judgments/78951
78914|1999-03-24|SN|I PKN 631/98|Wyrok|https://www.saos.org.pl/judgments/78914
78793|1999-01-12|SN|I PKN 525/98|Wyrok|https://www.saos.org.pl/judgments/78793
78751|1998-12-08|SN|II UKN 357/98|Wyrok|https://www.saos.org.pl/judgments/78751
78332|1998-05-20|SN|I PKN 131/98|Wyrok|https://www.saos.org.pl/judgments/78332
78308|1998-05-14|SN|I PKN 111/98|Postanowienie|https://www.saos.org.pl/judgments/78308
78088|1998-01-20|SN|II UKN 454/97|Wyrok|https://www.saos.org.pl/judgments/78088
78004|1997-12-17|SN|I PKN 434/97|Wyrok|https://www.saos.org.pl/judgments/78004
77845|1997-10-01|SN|I PKN 314/97|Wyrok|https://www.saos.org.pl/judgments/77845
77816|1997-09-17|SN|II UKN 238/97|Postanowienie|https://www.saos.org.pl/judgments/77816
77403|1997-01-17|SN|I PKN 62/96|Wyrok|https://www.saos.org.pl/judgments/77403
77198|1996-07-05|SN|III ARN 17/96|Wyrok|https://www.saos.org.pl/judgments/77198
76717|1994-12-01|SN|III ARN 64/94|Wyrok|https://www.saos.org.pl/judgments/76717
