saos_id|date|court|case_number|type|score|saos_url
109753|2010-10-05|TK|SK 26/08|Wyrok|98|https://www.saos.org.pl/judgments/109753
106395|2003-07-07|TK|SK 38/01|Wyrok|98|https://www.saos.org.pl/judgments/106395
89536|2009-01-27|SN|I KZP 23/08|Uchwała|96|https://www.saos.org.pl/judgments/89536
244458|2016-01-26|SN|SNO 76/15|Uchwała|89|https://www.saos.org.pl/judgments/244458
89776|2009-03-03|SN|I KZP 30/08|Uchwała|89|https://www.saos.org.pl/judgments/89776
88098|2008-05-14|SN|SNO 25/08|Uchwała|89|https://www.saos.org.pl/judgments/88098
83936|2005-12-15|SN|I KZP 45/05|Uchwała|89|https://www.saos.org.pl/judgments/83936
81763|2002-12-12|SN|SNO 49/02|Uchwała|89|https://www.saos.org.pl/judgments/81763
81661|2002-10-23|SN|I KZP 33/02|Uchwała|89|https://www.saos.org.pl/judgments/81661
206812|2015-03-10|TK|SK 65/13|Postanowienie|80|https://www.saos.org.pl/judgments/206812
160432|2014-03-25|TK|Ts 301/11|Postanowienie|80|https://www.saos.org.pl/judgments/160432
159892|2014-01-27|TK|Ts 90/12|Postanowienie|80|https://www.saos.org.pl/judgments/159892
110939|2012-11-26|TK|P 10/12|Postanowienie|80|https://www.saos.org.pl/judgments/110939
110335|2011-07-05|TK|SK 3/10|Postanowienie|80|https://www.saos.org.pl/judgments/110335
110357|2011-07-04|TK|SK 27/10|Postanowienie|80|https://www.saos.org.pl/judgments/110357
244981|2016-03-22|SN|II KK 342/15|Wyrok|78|https://www.saos.org.pl/judgments/244981
244641|2016-02-17|SN|WA 16/15|Wyrok|78|https://www.saos.org.pl/judgments/244641
244291|2016-01-21|SN|II KK 7/16|Wyrok|78|https://www.saos.org.pl/judgments/244291
243434|2015-09-30|SN|II KK 59/15|Wyrok|78|https://www.saos.org.pl/judgments/243434
243014|2015-07-14|SN|II PK 86/14|Wyrok|78|https://www.saos.org.pl/judgments/243014
169013|2015-05-08|SN|III KK 367/14|Wyrok|78|https://www.saos.org.pl/judgments/169013
168811|2015-04-08|SN|IV KK 329/14|Wyrok|78|https://www.saos.org.pl/judgments/168811
167772|2015-01-09|SN|III KK 237/14|Wyrok|78|https://www.saos.org.pl/judgments/167772
167589|2014-12-04|SN|III KK 380/14|Wyrok|78|https://www.saos.org.pl/judgments/167589
167327|2014-11-13|SN|II KK 75/14|Wyrok|78|https://www.saos.org.pl/judgments/167327
167255|2014-11-06|SN|IV KK 157/14|Wyrok|78|https://www.saos.org.pl/judgments/167255
167185|2014-10-28|SN|III KK 303/14|Wyrok|78|https://www.saos.org.pl/judgments/167185
166852|2014-10-02|SN|V KK 77/14|Wyrok|78|https://www.saos.org.pl/judgments/166852
104649|2014-03-07|SN|V KK 276/13|Wyrok|78|https://www.saos.org.pl/judgments/104649
104325|2014-02-04|SN|II KK 262/13|Wyrok|78|https://www.saos.org.pl/judgments/104325
103775|2013-12-03|SN|IV KK 265/13|Wyrok|78|https://www.saos.org.pl/judgments/103775
103311|2013-10-30|SN|II KK 130/13|Wyrok|78|https://www.saos.org.pl/judgments/103311
103040|2013-10-02|SN|III KK 115/13|Wyrok|78|https://www.saos.org.pl/judgments/103040
103029|2013-10-02|SN|II UK 168/13|Wyrok|78|https://www.saos.org.pl/judgments/103029
102078|2013-06-10|SN|III KK 438/12|Wyrok|78|https://www.saos.org.pl/judgments/102078
101610|2013-04-25|SN|V KK 384/12|Wyrok|78|https://www.saos.org.pl/judgments/101610
101308|2013-04-04|SN|IV KK 343/12|Wyrok|78|https://www.saos.org.pl/judgments/101308
101193|2013-03-19|SN|WA 7/13|Wyrok|78|https://www.saos.org.pl/judgments/101193
100958|2013-03-05|SN|II KK 169/12|Wyrok|78|https://www.saos.org.pl/judgments/100958
100835|2013-02-21|SN|IV KK 382/12|Wyrok|78|https://www.saos.org.pl/judgments/100835
100731|2013-02-14|SN|III KK 196/12|Wyrok|78|https://www.saos.org.pl/judgments/100731
100719|2013-02-12|SN|II KK 124/12|Wyrok|78|https://www.saos.org.pl/judgments/100719
99781|2012-11-21|SN|V KK 271/12|Wyrok|78|https://www.saos.org.pl/judgments/99781
96650|2011-12-21|SN|III KK 208/11|Wyrok|78|https://www.saos.org.pl/judgments/96650
96080|2011-10-21|SN|IV CSK 46/11|Wyrok|78|https://www.saos.org.pl/judgments/96080
96028|2011-10-19|SN|II CSK 20/11|Wyrok|78|https://www.saos.org.pl/judgments/96028
94047|2011-01-26|SN|IV CSK 308/10|Wyrok|78|https://www.saos.org.pl/judgments/94047
94026|2011-01-26|SN|II KK 214/10|Wyrok|78|https://www.saos.org.pl/judgments/94026
93877|2011-01-13|SN|II KK 188/10|Wyrok|78|https://www.saos.org.pl/judgments/93877
93222|2010-10-21|SN|V KK 287/10|Wyrok|78|https://www.saos.org.pl/judgments/93222
91514|2009-12-16|SN|III KK 187/09|Wyrok|78|https://www.saos.org.pl/judgments/91514
90080|2009-04-16|SN|IV KK 418/08|Wyrok|78|https://www.saos.org.pl/judgments/90080
84712|2006-11-08|SN|IV KK 299/06|Wyrok|78|https://www.saos.org.pl/judgments/84712
84555|2006-09-13|SN|II PK 355/05|Wyrok|78|https://www.saos.org.pl/judgments/84555
84439|2006-07-06|SN|V KK 499/05|Wyrok|78|https://www.saos.org.pl/judgments/84439
84238|2006-04-06|SN|IV KK 12/06|Wyrok|78|https://www.saos.org.pl/judgments/84238
83696|2005-08-24|SN|WK 17/05|Wyrok|78|https://www.saos.org.pl/judgments/83696
83391|2005-05-05|SN|V KK 414/04|Wyrok|78|https://www.saos.org.pl/judgments/83391
82932|2004-10-19|SN|II KK 279/04|Wyrok|78|https://www.saos.org.pl/judgments/82932
245340|2016-05-31|SN|IV KK 12/16|Postanowienie|69|https://www.saos.org.pl/judgments/245340
245272|2016-05-11|SN|V KK 381/15|Postanowienie|69|https://www.saos.org.pl/judgments/245272
245175|2016-04-20|SN|III KK 489/15|Postanowienie|69|https://www.saos.org.pl/judgments/245175
245173|2016-04-20|SN|III KK 135/16|Postanowienie|69|https://www.saos.org.pl/judgments/245173
245109|2016-04-14|SN|V KK 391/15|Postanowienie|69|https://www.saos.org.pl/judgments/245109
245032|2016-04-08|SN|II KK 90/16|Postanowienie|69|https://www.saos.org.pl/judgments/245032
245005|2016-03-31|SN|III KZ 15/16|Postanowienie|69|https://www.saos.org.pl/judgments/245005
244702|2016-02-25|SN|V KK 418/15|Postanowienie|69|https://www.saos.org.pl/judgments/244702
244657|2016-02-16|SN|II KK 23/16|Postanowienie|69|https://www.saos.org.pl/judgments/244657
244594|2016-02-09|SN|IV KK 8/16|Postanowienie|69|https://www.saos.org.pl/judgments/244594
244383|2016-01-29|SN|IV KK 320/15|Postanowienie|69|https://www.saos.org.pl/judgments/244383
244148|2015-12-16|SN|II KK 347/15|Postanowienie|69|https://www.saos.org.pl/judgments/244148
244147|2015-12-16|SN|II KK 346/15|Postanowienie|69|https://www.saos.org.pl/judgments/244147
244043|2015-12-10|SN|III KO 103/15|Postanowienie|69|https://www.saos.org.pl/judgments/244043
243962|2015-11-24|SN|IV KK 340/15|Postanowienie|69|https://www.saos.org.pl/judgments/243962
243268|2015-09-10|SN|V KK 105/15|Postanowienie|69|https://www.saos.org.pl/judgments/243268
243203|2015-08-26|SN|IV KK 215/15|Postanowienie|69|https://www.saos.org.pl/judgments/243203
243081|2015-07-28|SN|II KK 175/15|Postanowienie|69|https://www.saos.org.pl/judgments/243081
169011|2015-05-08|SN|III KK 19/15|Postanowienie|69|https://www.saos.org.pl/judgments/169011
168916|2015-04-23|SN|II KK 95/15|Postanowienie|69|https://www.saos.org.pl/judgments/168916
168717|2015-03-24|SN|III KK 28/15|Postanowienie|69|https://www.saos.org.pl/judgments/168717
168596|2015-03-19|SN|II KK 68/15|Postanowienie|69|https://www.saos.org.pl/judgments/168596
168557|2015-03-11|SN|III KK 31/15|Postanowienie|69|https://www.saos.org.pl/judgments/168557
168232|2015-02-13|SN|II KK 276/14|Postanowienie|69|https://www.saos.org.pl/judgments/168232
168069|2015-01-29|SN|I KZP 25/14|Postanowienie|69|https://www.saos.org.pl/judgments/168069
167965|2015-01-22|SN|III KO 76/14|Postanowienie|69|https://www.saos.org.pl/judgments/167965
167728|2014-12-17|SN|II KK 328/14|Postanowienie|69|https://www.saos.org.pl/judgments/167728
167441|2014-11-19|SN|V KK 259/14|Postanowienie|69|https://www.saos.org.pl/judgments/167441
167311|2014-11-14|SN|III KK 177/14|Postanowienie|69|https://www.saos.org.pl/judgments/167311
166996|2014-10-07|SN|V KK 116/14|Postanowienie|69|https://www.saos.org.pl/judgments/166996
166608|2014-08-27|SN|IV KO 30/14|Postanowienie|69|https://www.saos.org.pl/judgments/166608
166578|2014-08-20|SN|II KK 204/14|Postanowienie|69|https://www.saos.org.pl/judgments/166578
166573|2014-08-20|SN|II KK 192/14|Postanowienie|69|https://www.saos.org.pl/judgments/166573
166288|2014-07-09|SN|II KK 135/14|Postanowienie|69|https://www.saos.org.pl/judgments/166288
166180|2014-06-25|SN|II KK 132/14|Postanowienie|69|https://www.saos.org.pl/judgments/166180
166171|2014-06-25|SN|II KK 105/14|Postanowienie|69|https://www.saos.org.pl/judgments/166171
166035|2014-06-10|SN|III KK 37/14|Postanowienie|69|https://www.saos.org.pl/judgments/166035
105017|2014-04-24|SN|V KK 59/14|Postanowienie|69|https://www.saos.org.pl/judgments/105017
104589|2014-02-25|SN|IV KK 6/14|Postanowienie|69|https://www.saos.org.pl/judgments/104589
104483|2014-02-18|SN|II KK 16/14|Postanowienie|69|https://www.saos.org.pl/judgments/104483
103929|2013-12-10|SN|V KK 280/13|Postanowienie|69|https://www.saos.org.pl/judgments/103929
103703|2013-11-27|SN|V KK 254/13|Postanowienie|69|https://www.saos.org.pl/judgments/103703
103481|2013-11-06|SN|V KK 295/13|Postanowienie|69|https://www.saos.org.pl/judgments/103481
103400|2013-10-29|SN|V KK 224/13|Postanowienie|69|https://www.saos.org.pl/judgments/103400
103369|2013-10-29|SN|IV KO 38/13|Postanowienie|69|https://www.saos.org.pl/judgments/103369
103355|2013-10-28|SN|III KK 375/13|Postanowienie|69|https://www.saos.org.pl/judgments/103355
102992|2013-09-27|SN|IV KK 181/13|Postanowienie|69|https://www.saos.org.pl/judgments/102992
102582|2013-08-08|SN|III KK 234/13|Postanowienie|69|https://www.saos.org.pl/judgments/102582
102400|2013-07-09|SN|II KK 161/13|Postanowienie|69|https://www.saos.org.pl/judgments/102400
102384|2013-07-04|SN|V KZ 50/13|Postanowienie|69|https://www.saos.org.pl/judgments/102384
102213|2013-06-18|SN|V KK 37/13|Postanowienie|69|https://www.saos.org.pl/judgments/102213
101619|2013-04-29|SN|IV KK 123/13|Postanowienie|69|https://www.saos.org.pl/judgments/101619
101562|2013-04-23|SN|III KK 278/12|Postanowienie|69|https://www.saos.org.pl/judgments/101562
101561|2013-04-23|SN|III KK 239/12|Postanowienie|69|https://www.saos.org.pl/judgments/101561
101336|2013-04-09|SN|II KK 174/12|Postanowienie|69|https://www.saos.org.pl/judgments/101336
101256|2013-03-27|SN|V KK 476/12|Postanowienie|69|https://www.saos.org.pl/judgments/101256
100869|2013-02-27|SN|II KK 98/12|Postanowienie|69|https://www.saos.org.pl/judgments/100869
100838|2013-02-19|SN|IV KK 404/12|Postanowienie|69|https://www.saos.org.pl/judgments/100838
100742|2013-02-12|SN|III KK 368/12|Postanowienie|69|https://www.saos.org.pl/judgments/100742
100671|2013-02-06|SN|V KK 272/12|Postanowienie|69|https://www.saos.org.pl/judgments/100671
100484|2013-01-22|SN|V KK 217/12|Postanowienie|69|https://www.saos.org.pl/judgments/100484
100313|2013-01-10|SN|IV KK 333/12|Postanowienie|69|https://www.saos.org.pl/judgments/100313
100066|2012-12-12|SN|II KO 50/12|Postanowienie|69|https://www.saos.org.pl/judgments/100066
100004|2012-12-04|SN|V KK 118/12|Postanowienie|69|https://www.saos.org.pl/judgments/100004
99841|2012-11-28|SN|III KK 219/12|Postanowienie|69|https://www.saos.org.pl/judgments/99841
99787|2012-11-22|SN|V KO 50/12|Postanowienie|69|https://www.saos.org.pl/judgments/99787
99491|2012-10-25|SN|IV KK 80/12|Postanowienie|69|https://www.saos.org.pl/judgments/99491
99390|2012-10-17|SN|IV KK 182/12|Postanowienie|69|https://www.saos.org.pl/judgments/99390
99319|2012-10-09|SN|III KO 51/12|Postanowienie|69|https://www.saos.org.pl/judgments/99319
97194|2012-02-15|SN|II KK 193/11|Postanowienie|69|https://www.saos.org.pl/judgments/97194
96421|2011-11-30|SN|I KZP 15/11|Postanowienie|69|https://www.saos.org.pl/judgments/96421
92732|2010-07-28|SN|II KK 27/10|Postanowienie|69|https://www.saos.org.pl/judgments/92732
92549|2010-06-29|SN|I KZP 7/10|Postanowienie|69|https://www.saos.org.pl/judgments/92549
91739|2010-01-27|SN|II KO 117/09|Postanowienie|69|https://www.saos.org.pl/judgments/91739
90905|2009-09-23|SN|I KZP 18/09|Postanowienie|69|https://www.saos.org.pl/judgments/90905
90903|2009-09-23|SN|I KZP 10/09|Postanowienie|69|https://www.saos.org.pl/judgments/90903
90489|2009-06-24|SN|IV CSK 191/09|Postanowienie|69|https://www.saos.org.pl/judgments/90489
86572|2007-09-20|SN|I KZP 30/07|Postanowienie|69|https://www.saos.org.pl/judgments/86572
84677|2006-10-26|SN|I KZP 24/06|Postanowienie|69|https://www.saos.org.pl/judgments/84677
83972|2006-01-03|SN|II KK 80/05|Postanowienie|69|https://www.saos.org.pl/judgments/83972
83674|2005-08-12|SN|IV KK 117/05|Postanowienie|69|https://www.saos.org.pl/judgments/83674
82676|2004-05-21|SN|I KZP 5/04|Postanowienie|69|https://www.saos.org.pl/judgments/82676
82065|2003-06-12|SN|SNO 29/03|Postanowienie|69|https://www.saos.org.pl/judgments/82065
81272|2002-03-06|SN|WZ 3/02|Postanowienie|69|https://www.saos.org.pl/judgments/81272
80508|2001-04-09|SN|II KKN 349/98|Postanowienie|69|https://www.saos.org.pl/judgments/80508
80405|2001-03-07|SN|IV KKN 617/00|Postanowienie|69|https://www.saos.org.pl/judgments/80405
544503|2026-02-10|SO|II AKa 3/26|Wyrok|56|https://www.saos.org.pl/judgments/544503
544496|2026-01-22|SO|II AKa 190/25|Wyrok|56|https://www.saos.org.pl/judgments/544496
543178|2025-12-30|SO|II AKa 70/23|Wyrok|56|https://www.saos.org.pl/judgments/543178
543173|2025-12-10|SO|II AKa 261/25|Wyrok|56|https://www.saos.org.pl/judgments/543173
538355|2025-12-04|SO|II AKa 243/24|Wyrok|56|https://www.saos.org.pl/judgments/538355
544368|2025-11-06|SO|II AKa 123/25|Wyrok|56|https://www.saos.org.pl/judgments/544368
538339|2025-10-09|SO|II AKa 141/25|Wyrok|56|https://www.saos.org.pl/judgments/538339
540003|2025-09-30|SO|II AKa 156/25|Wyrok|56|https://www.saos.org.pl/judgments/540003
542176|2025-09-19|SO|II AKa 279/25|Wyrok|56|https://www.saos.org.pl/judgments/542176
543180|2025-09-04|SO|II AKa 98/25|Wyrok|56|https://www.saos.org.pl/judgments/543180
533118|2025-07-30|SO|II AKa 355/24|Wyrok|56|https://www.saos.org.pl/judgments/533118
533112|2025-07-30|SO|II AKa 125/25|Wyrok|56|https://www.saos.org.pl/judgments/533112
535617|2025-07-09|SO|II AKa 201/25|Wyrok|56|https://www.saos.org.pl/judgments/535617
541967|2025-07-03|SO|I ACa 2462/23|Wyrok|56|https://www.saos.org.pl/judgments/541967
534983|2025-06-12|SO|II AKa 87/25|Wyrok|56|https://www.saos.org.pl/judgments/534983
543174|2025-05-30|SO|II AKa 33/25|Wyrok|56|https://www.saos.org.pl/judgments/543174
543176|2025-05-27|SO|II AKa 396/24|Wyrok|56|https://www.saos.org.pl/judgments/543176
528064|2025-05-13|SO|II AKa 90/25|Wyrok|56|https://www.saos.org.pl/judgments/528064
541701|2025-05-08|SO|II AKa 19/25|Wyrok|56|https://www.saos.org.pl/judgments/541701
538865|2025-04-07|SO|I ACa 1589/22|Wyrok|56|https://www.saos.org.pl/judgments/538865
528637|2025-03-06|SO|II AKa 5/25|Wyrok|56|https://www.saos.org.pl/judgments/528637
527327|2025-02-26|SO|II AKa 439/24|Wyrok|56|https://www.saos.org.pl/judgments/527327
527328|2025-02-19|SO|II AKa 448/24|Wyrok|56|https://www.saos.org.pl/judgments/527328
528632|2025-01-30|SO|II AKa 165/24|Wyrok|56|https://www.saos.org.pl/judgments/528632
523993|2025-01-09|SO|II AKa 309/24|Wyrok|56|https://www.saos.org.pl/judgments/523993
522279|2024-12-17|SO|II AKa 141/24|Wyrok|56|https://www.saos.org.pl/judgments/522279
522400|2024-12-13|SO|II AKa 523/24|Wyrok|56|https://www.saos.org.pl/judgments/522400
532647|2024-12-04|SO|II AKa 382/24|Wyrok|56|https://www.saos.org.pl/judgments/532647
528564|2024-12-04|SO|II AKa 256/24|Wyrok|56|https://www.saos.org.pl/judgments/528564
523362|2024-11-28|SO|II AKa 334/24|Wyrok|56|https://www.saos.org.pl/judgments/523362
523355|2024-11-27|SO|II AKa 202/24|Wyrok|56|https://www.saos.org.pl/judgments/523355
519674|2024-11-27|SO|II AKa 171/24|Wyrok|56|https://www.saos.org.pl/judgments/519674
519672|2024-11-27|SO|II AKa 122/24|Wyrok|56|https://www.saos.org.pl/judgments/519672
519173|2024-11-27|SO|II AKa 40/24|Wyrok|56|https://www.saos.org.pl/judgments/519173
528864|2024-11-21|SO|II AKa 335/24|Wyrok|56|https://www.saos.org.pl/judgments/528864
519171|2024-11-14|SO|II AKa 298/24|Wyrok|56|https://www.saos.org.pl/judgments/519171
519679|2024-11-13|SO|II AKa 351/24|Wyrok|56|https://www.saos.org.pl/judgments/519679
519675|2024-11-13|SO|II AKa 292/24|Wyrok|56|https://www.saos.org.pl/judgments/519675
533184|2024-11-07|SO|V ACa 741/22|Wyrok|56|https://www.saos.org.pl/judgments/533184
529041|2024-11-06|SO|II AKa 260/24|Wyrok|56|https://www.saos.org.pl/judgments/529041
523366|2024-10-23|SO|II AKa 47/24|Wyrok|56|https://www.saos.org.pl/judgments/523366
520699|2024-10-17|SO|II AKa 167/24|Wyrok|56|https://www.saos.org.pl/judgments/520699
520025|2024-10-16|SO|II AKa 285/23|Wyrok|56|https://www.saos.org.pl/judgments/520025
538187|2024-09-27|SO|II AKa 228/24|Wyrok|56|https://www.saos.org.pl/judgments/538187
519970|2024-09-24|SO|II AKa 53/23|Wyrok|56|https://www.saos.org.pl/judgments/519970
515810|2024-09-24|SO|II AKa 210/24|Wyrok|56|https://www.saos.org.pl/judgments/515810
537383|2024-09-19|SO|II AKa 52/24|Wyrok|56|https://www.saos.org.pl/judgments/537383
519967|2024-08-30|SO|II AKa 438/24|Wyrok|56|https://www.saos.org.pl/judgments/519967
530833|2024-08-29|SO|III APa 4/23|Wyrok|56|https://www.saos.org.pl/judgments/530833
517957|2024-08-27|SO|II AKa 89/24|Wyrok|56|https://www.saos.org.pl/judgments/517957
518939|2024-07-25|SO|II AKa 106/24|Wyrok|56|https://www.saos.org.pl/judgments/518939
500656|2024-07-25|SO|II AKa 208/24|Wyrok|56|https://www.saos.org.pl/judgments/500656
539159|2024-07-23|SO|I ACa 1555/21|Wyrok|56|https://www.saos.org.pl/judgments/539159
522280|2024-07-12|SO|II AKa 439/23|Wyrok|56|https://www.saos.org.pl/judgments/522280
537830|2024-07-11|SO|II AKa 126/24|Wyrok|56|https://www.saos.org.pl/judgments/537830
527110|2024-07-11|SO|II AKa 95/24|Wyrok|56|https://www.saos.org.pl/judgments/527110
500589|2024-07-10|SO|II AKa 184/24|Wyrok|56|https://www.saos.org.pl/judgments/500589
528037|2024-07-09|SO|I ACa 2180/22|Wyrok|56|https://www.saos.org.pl/judgments/528037
518259|2024-07-05|SO|II AKa 39/24|Wyrok|56|https://www.saos.org.pl/judgments/518259
517956|2024-06-27|SO|II AKa 80/24|Wyrok|56|https://www.saos.org.pl/judgments/517956
500488|2024-06-21|SO|II AKa 139/24|Wyrok|56|https://www.saos.org.pl/judgments/500488
500402|2024-06-21|SO|II AKa 10/24|Wyrok|56|https://www.saos.org.pl/judgments/500402
526735|2024-06-13|SO|II AKa 68/24|Wyrok|56|https://www.saos.org.pl/judgments/526735
541827|2024-06-12|SO|I ACa 99/22|Wyrok|56|https://www.saos.org.pl/judgments/541827
501284|2024-05-22|SO|II AKa 78/24|Wyrok|56|https://www.saos.org.pl/judgments/501284
501329|2024-05-09|SO|II AKa 95/24|Wyrok|56|https://www.saos.org.pl/judgments/501329
526725|2024-04-26|SO|II AKa 44/24|Wyrok|56|https://www.saos.org.pl/judgments/526725
501281|2024-04-26|SO|II AKa 76/24|Wyrok|56|https://www.saos.org.pl/judgments/501281
501086|2024-04-23|SO|II AKa 415/23|Wyrok|56|https://www.saos.org.pl/judgments/501086
522974|2024-04-19|SO|I ACa 2891/23|Wyrok|56|https://www.saos.org.pl/judgments/522974
501317|2024-04-19|SO|II AKa 9/24|Wyrok|56|https://www.saos.org.pl/judgments/501317
526731|2024-04-11|SO|II AKa 63/24|Wyrok|56|https://www.saos.org.pl/judgments/526731
526720|2024-04-04|SO|II AKa 308/23|Wyrok|56|https://www.saos.org.pl/judgments/526720
501002|2024-04-03|SO|II AKa 355/23|Wyrok|56|https://www.saos.org.pl/judgments/501002
500644|2024-04-02|SO|II AKa 201/23|Wyrok|56|https://www.saos.org.pl/judgments/500644
501128|2024-03-27|SO|II AKa 444/23|Wyrok|56|https://www.saos.org.pl/judgments/501128
493544|2024-03-22|SO|I ACa 1316/22|Wyrok|56|https://www.saos.org.pl/judgments/493544
500951|2024-03-07|SO|II AKa 321/23|Wyrok|56|https://www.saos.org.pl/judgments/500951
501109|2024-02-22|SO|II AKa 434/23|Wyrok|56|https://www.saos.org.pl/judgments/501109
501098|2024-02-22|SO|II AKa 423/23|Wyrok|56|https://www.saos.org.pl/judgments/501098
500845|2024-02-22|SO|II AKa 277/23|Wyrok|56|https://www.saos.org.pl/judgments/500845
523167|2024-02-15|SO|II AKa 453/23|Wyrok|56|https://www.saos.org.pl/judgments/523167
500725|2024-02-08|SO|II AKa 237/23|Wyrok|56|https://www.saos.org.pl/judgments/500725
517950|2024-02-05|SO|II AKa 241/23|Wyrok|56|https://www.saos.org.pl/judgments/517950
500993|2024-02-01|SO|II AKa 347/23|Wyrok|56|https://www.saos.org.pl/judgments/500993
500641|2024-02-01|SO|II AKa 201/23|Wyrok|56|https://www.saos.org.pl/judgments/500641
523171|2024-01-22|SO|II AKa 466/23|Wyrok|56|https://www.saos.org.pl/judgments/523171
523164|2024-01-22|SO|II AKa 423/23|Wyrok|56|https://www.saos.org.pl/judgments/523164
500830|2024-01-18|SO|II AKa 272/23|Wyrok|56|https://www.saos.org.pl/judgments/500830
500527|2024-01-12|SO|II AKa 157/22|Wyrok|56|https://www.saos.org.pl/judgments/500527
523168|2024-01-11|SO|II AKa 454/23|Wyrok|56|https://www.saos.org.pl/judgments/523168
500604|2024-01-04|SO|II AKa 190/23|Wyrok|56|https://www.saos.org.pl/judgments/500604
501071|2023-12-21|SO|II AKa 406/23|Wyrok|56|https://www.saos.org.pl/judgments/501071
504633|2023-12-19|SO|III APa 7/23|Wyrok|56|https://www.saos.org.pl/judgments/504633
500734|2023-12-14|SO|II AKa 240/23|Wyrok|56|https://www.saos.org.pl/judgments/500734
500583|2023-12-13|SO|II AKa 182/23|Wyrok|56|https://www.saos.org.pl/judgments/500583
501015|2023-11-29|SO|II AKa 365/23|Wyrok|56|https://www.saos.org.pl/judgments/501015
500738|2023-11-28|SO|II AKa 241/23|Wyrok|56|https://www.saos.org.pl/judgments/500738
501005|2023-11-16|SO|II AKa 357/23|Wyrok|56|https://www.saos.org.pl/judgments/501005
500930|2023-11-15|SO|II AKa 313/23|Wyrok|56|https://www.saos.org.pl/judgments/500930
517945|2023-11-14|SO|II AKa 160/23|Wyrok|56|https://www.saos.org.pl/judgments/517945
500809|2023-11-03|SO|II AKa 269/22|Wyrok|56|https://www.saos.org.pl/judgments/500809
501007|2023-10-31|SO|II AKa 359/23|Wyrok|56|https://www.saos.org.pl/judgments/501007
500895|2023-10-31|SO|II AKa 301/23|Wyrok|56|https://www.saos.org.pl/judgments/500895
500441|2023-10-30|SO|II AKa 117/23|Wyrok|56|https://www.saos.org.pl/judgments/500441
500822|2023-10-11|SO|II AKa 270/23|Wyrok|56|https://www.saos.org.pl/judgments/500822
500821|2023-10-05|SO|II AKa 270/23|Wyrok|56|https://www.saos.org.pl/judgments/500821
493681|2023-09-29|SO|I ACa 1527/23|Wyrok|56|https://www.saos.org.pl/judgments/493681
501059|2023-09-22|SO|II AKa 40/22|Wyrok|56|https://www.saos.org.pl/judgments/501059
516286|2023-09-21|SO|II AKa 240/23|Wyrok|56|https://www.saos.org.pl/judgments/516286
500967|2023-09-21|SO|II AKa 33/23|Wyrok|56|https://www.saos.org.pl/judgments/500967
500755|2023-09-21|SO|II AKa 247/23|Wyrok|56|https://www.saos.org.pl/judgments/500755
501099|2023-09-20|SO|II AKa 425/22|Wyrok|56|https://www.saos.org.pl/judgments/501099
500585|2023-09-20|SO|II AKa 183/23|Wyrok|56|https://www.saos.org.pl/judgments/500585
500618|2023-09-12|SO|II AKa 197/18|Wyrok|56|https://www.saos.org.pl/judgments/500618
500592|2023-08-22|SO|II AKa 185/23|Wyrok|56|https://www.saos.org.pl/judgments/500592
500568|2023-08-18|SO|II AKa 175/23|Wyrok|56|https://www.saos.org.pl/judgments/500568
501221|2023-08-07|SO|II AKa 59/22|Wyrok|56|https://www.saos.org.pl/judgments/501221
501282|2023-07-26|SO|II AKa 78/23|Wyrok|56|https://www.saos.org.pl/judgments/501282
500680|2023-07-26|SO|II AKa 220/22|Wyrok|56|https://www.saos.org.pl/judgments/500680
501137|2023-07-19|SO|II AKa 450/22|Wyrok|56|https://www.saos.org.pl/judgments/501137
500637|2023-07-13|SO|II AKa 200/23|Wyrok|56|https://www.saos.org.pl/judgments/500637
501140|2023-07-07|SO|II AKa 458/22|Wyrok|56|https://www.saos.org.pl/judgments/501140
516283|2023-07-06|SO|II AKa 111/21|Wyrok|56|https://www.saos.org.pl/judgments/516283
500698|2023-07-06|SO|II AKa 23/23|Wyrok|56|https://www.saos.org.pl/judgments/500698
494039|2023-07-03|SO|I ACa 306/22|Wyrok|56|https://www.saos.org.pl/judgments/494039
500459|2023-06-29|SO|II AKa 123/23|Wyrok|56|https://www.saos.org.pl/judgments/500459
500415|2023-06-29|SO|II AKa 105/23|Wyrok|56|https://www.saos.org.pl/judgments/500415
500558|2023-06-22|SO|II AKa 169/23|Wyrok|56|https://www.saos.org.pl/judgments/500558
491649|2023-06-22|SO|II AKa 33/23|Wyrok|56|https://www.saos.org.pl/judgments/491649
501184|2023-06-21|SO|II AKa 51/23|Wyrok|56|https://www.saos.org.pl/judgments/501184
501073|2023-06-12|SO|II AKa 408/22|Wyrok|56|https://www.saos.org.pl/judgments/501073
491077|2023-06-07|SO|II AKa 185/22|Wyrok|56|https://www.saos.org.pl/judgments/491077
500819|2023-06-01|SO|II AKa 270/22|Wyrok|56|https://www.saos.org.pl/judgments/500819
501172|2023-05-31|SO|II AKa 487/22|Wyrok|56|https://www.saos.org.pl/judgments/501172
491073|2023-05-29|SO|II AKa 112/23|Wyrok|56|https://www.saos.org.pl/judgments/491073
501156|2023-05-18|SO|II AKa 47/23|Wyrok|56|https://www.saos.org.pl/judgments/501156
491842|2023-05-17|SO|II AKa 411/22|Wyrok|56|https://www.saos.org.pl/judgments/491842
492200|2023-05-10|SO|I ACa 284/23|Wyrok|56|https://www.saos.org.pl/judgments/492200
516423|2023-04-26|SO|I ACa 425/22|Wyrok|56|https://www.saos.org.pl/judgments/516423
500888|2023-04-26|SO|II AKa 3/23|Wyrok|56|https://www.saos.org.pl/judgments/500888
523719|2023-04-25|SO|II AKa 85/23|Wyrok|56|https://www.saos.org.pl/judgments/523719
500670|2023-04-20|SO|II AKa 213/22|Wyrok|56|https://www.saos.org.pl/judgments/500670
501129|2023-04-19|SO|II AKa 445/22|Wyrok|56|https://www.saos.org.pl/judgments/501129
530742|2023-04-13|SO|II AKa 398/22|Wyrok|56|https://www.saos.org.pl/judgments/530742
491648|2023-04-06|SO|II AKa 323/22|Wyrok|56|https://www.saos.org.pl/judgments/491648
501115|2023-03-24|SO|II AKa 439/22|Wyrok|56|https://www.saos.org.pl/judgments/501115
500645|2023-03-23|SO|II AKa 202/22|Wyrok|56|https://www.saos.org.pl/judgments/500645
488891|2023-03-22|SO|II AKa 399/21|Wyrok|56|https://www.saos.org.pl/judgments/488891
491462|2023-03-17|SO|II AKa 9/23|Wyrok|56|https://www.saos.org.pl/judgments/491462
490762|2023-03-16|SO|II AKa 315/22|Wyrok|56|https://www.saos.org.pl/judgments/490762
491516|2023-03-08|SO|II AKa 453/22|Wyrok|56|https://www.saos.org.pl/judgments/491516
491456|2023-03-08|SO|II AKa 365/22|Wyrok|56|https://www.saos.org.pl/judgments/491456
500953|2023-03-02|SO|II AKa 322/22|Wyrok|56|https://www.saos.org.pl/judgments/500953
491508|2023-03-02|SO|II AKa 320/22|Wyrok|56|https://www.saos.org.pl/judgments/491508
486214|2023-03-02|SO|II AKa 552/22|Wyrok|56|https://www.saos.org.pl/judgments/486214
485235|2023-02-28|SO|II AKa 422/22|Wyrok|56|https://www.saos.org.pl/judgments/485235
491442|2023-02-13|SO|II AKa 154/22|Wyrok|56|https://www.saos.org.pl/judgments/491442
500956|2023-02-09|SO|II AKa 325/22|Wyrok|56|https://www.saos.org.pl/judgments/500956
485085|2023-02-09|SO|II AKa 417/22|Wyrok|56|https://www.saos.org.pl/judgments/485085
484084|2023-02-02|SO|II AKa 163/22|Wyrok|56|https://www.saos.org.pl/judgments/484084
485081|2023-01-20|SO|II AKa 374/22|Wyrok|56|https://www.saos.org.pl/judgments/485081
485078|2023-01-19|SO|II AKa 339/22|Wyrok|56|https://www.saos.org.pl/judgments/485078
484726|2023-01-10|SO|II AKa 407/22|Wyrok|56|https://www.saos.org.pl/judgments/484726
485212|2023-01-03|SO|II AKa 267/22|Wyrok|56|https://www.saos.org.pl/judgments/485212
485083|2022-12-30|SO|II AKa 392/22|Wyrok|56|https://www.saos.org.pl/judgments/485083
501147|2022-12-22|SO|II AKa 460/22|Wyrok|56|https://www.saos.org.pl/judgments/501147
487779|2022-12-20|SO|II AKa 207/22|Wyrok|56|https://www.saos.org.pl/judgments/487779
484717|2022-12-19|SO|II AKa 306/22|Wyrok|56|https://www.saos.org.pl/judgments/484717
484709|2022-12-19|SO|II AKa 158/22|Wyrok|56|https://www.saos.org.pl/judgments/484709
485814|2022-12-14|SO|II AKa 357/21|Wyrok|56|https://www.saos.org.pl/judgments/485814
487780|2022-12-08|SO|II AKa 303/22|Wyrok|56|https://www.saos.org.pl/judgments/487780
483338|2022-12-07|SO|II AKa 292/22|Wyrok|56|https://www.saos.org.pl/judgments/483338
482297|2022-12-06|SO|II AKa 173/22|Wyrok|56|https://www.saos.org.pl/judgments/482297
481341|2022-12-05|SO|II AKa 343/21|Wyrok|56|https://www.saos.org.pl/judgments/481341
487778|2022-11-29|SO|II AKa 144/22|Wyrok|56|https://www.saos.org.pl/judgments/487778
523161|2022-11-24|SO|II AKa 374/22|Wyrok|56|https://www.saos.org.pl/judgments/523161
481533|2022-11-24|SO|II AKa 164/22|Wyrok|56|https://www.saos.org.pl/judgments/481533
481022|2022-11-24|SO|II AKa 253/22|Wyrok|56|https://www.saos.org.pl/judgments/481022
481531|2022-11-17|SO|II AKa 136/22|Wyrok|56|https://www.saos.org.pl/judgments/481531
519465|2022-11-16|SO|II AKa 192/22|Wyrok|56|https://www.saos.org.pl/judgments/519465
483484|2022-11-16|SO|II AKa 42/21|Wyrok|56|https://www.saos.org.pl/judgments/483484
482295|2022-11-16|SO|II AKa 135/22|Wyrok|56|https://www.saos.org.pl/judgments/482295
481405|2022-11-16|SO|II AKa 101/22|Wyrok|56|https://www.saos.org.pl/judgments/481405
480073|2022-11-08|SO|II AKa 102/22|Wyrok|56|https://www.saos.org.pl/judgments/480073
479048|2022-11-08|SO|II AKa 143/22|Wyrok|56|https://www.saos.org.pl/judgments/479048
478488|2022-11-08|SO|II AKa 492/21|Wyrok|56|https://www.saos.org.pl/judgments/478488
478191|2022-11-08|SO|II AKa 284/22|Wyrok|56|https://www.saos.org.pl/judgments/478191
523149|2022-11-07|SO|II AKa 246/19|Wyrok|56|https://www.saos.org.pl/judgments/523149
478194|2022-11-07|SO|II AKa 416/22|Wyrok|56|https://www.saos.org.pl/judgments/478194
500851|2022-11-02|SO|II AKa 283/22|Wyrok|56|https://www.saos.org.pl/judgments/500851
481020|2022-10-27|SO|II AKa 238/22|Wyrok|56|https://www.saos.org.pl/judgments/481020
478374|2022-10-26|SO|II AKa 398/20|Wyrok|56|https://www.saos.org.pl/judgments/478374
478184|2022-10-25|SO|II AKa 168/22|Wyrok|56|https://www.saos.org.pl/judgments/478184
478592|2022-10-17|SO|II AKa 87/21|Wyrok|56|https://www.saos.org.pl/judgments/478592
490763|2022-10-13|SO|II AKa 319/22|Wyrok|56|https://www.saos.org.pl/judgments/490763
478190|2022-10-13|SO|II AKa 282/22|Wyrok|56|https://www.saos.org.pl/judgments/478190
478186|2022-10-12|SO|II AKa 211/22|Wyrok|56|https://www.saos.org.pl/judgments/478186
478185|2022-10-12|SO|II AKa 200/22|Wyrok|56|https://www.saos.org.pl/judgments/478185
481028|2022-10-11|SO|II AKa 318/22|Wyrok|56|https://www.saos.org.pl/judgments/481028
477661|2022-10-11|SO|II AKa 413/21|Wyrok|56|https://www.saos.org.pl/judgments/477661
500665|2022-10-10|SO|II AKa 211/22|Wyrok|56|https://www.saos.org.pl/judgments/500665
477660|2022-10-10|SO|II AKa 303/21|Wyrok|56|https://www.saos.org.pl/judgments/477660
481021|2022-10-06|SO|II AKa 251/22|Wyrok|56|https://www.saos.org.pl/judgments/481021
490465|2022-09-30|SO|II AKa 186/22|Wyrok|56|https://www.saos.org.pl/judgments/490465
481025|2022-09-28|SO|II AKa 280/22|Wyrok|56|https://www.saos.org.pl/judgments/481025
475961|2022-09-28|SO|II AKa 300/21|Wyrok|56|https://www.saos.org.pl/judgments/475961
501200|2022-09-26|SO|II AKa 549/21|Wyrok|56|https://www.saos.org.pl/judgments/501200
477231|2022-09-26|SO|II AKa 262/22|Wyrok|56|https://www.saos.org.pl/judgments/477231
492909|2022-09-15|SO|II AKa 87/22|Wyrok|56|https://www.saos.org.pl/judgments/492909
473783|2022-08-18|SO|II AKa 295/21|Wyrok|56|https://www.saos.org.pl/judgments/473783
490051|2022-08-04|SO|II AKa 225/22|Wyrok|56|https://www.saos.org.pl/judgments/490051
490048|2022-07-21|SO|II AKa 134/22|Wyrok|56|https://www.saos.org.pl/judgments/490048
485239|2022-07-21|SO|II AKa 68/22|Wyrok|56|https://www.saos.org.pl/judgments/485239
475963|2022-07-21|SO|II AKa 91/22|Wyrok|56|https://www.saos.org.pl/judgments/475963
477794|2022-07-20|SO|II AKa 160/22|Wyrok|56|https://www.saos.org.pl/judgments/477794
485249|2022-07-14|SO|II AKa 92/22|Wyrok|56|https://www.saos.org.pl/judgments/485249
478189|2022-07-08|SO|II AKa 275/21|Wyrok|56|https://www.saos.org.pl/judgments/478189
523144|2022-07-07|SO|II AKa 166/22|Wyrok|56|https://www.saos.org.pl/judgments/523144
492853|2022-07-04|SO|II AKa 105/22|Wyrok|56|https://www.saos.org.pl/judgments/492853
493501|2022-06-30|SO|I ACa 1273/20|Wyrok|56|https://www.saos.org.pl/judgments/493501
490277|2022-06-30|SO|II AKa 89/22|Wyrok|56|https://www.saos.org.pl/judgments/490277
489237|2022-06-30|SO|II AKa 34/22|Wyrok|56|https://www.saos.org.pl/judgments/489237
472003|2022-06-29|SO|II AKa 438/21|Wyrok|56|https://www.saos.org.pl/judgments/472003
471735|2022-06-23|SO|II AKa 197/22|Wyrok|56|https://www.saos.org.pl/judgments/471735
472175|2022-06-22|SO|II AKa 515/21|Wyrok|56|https://www.saos.org.pl/judgments/472175
485215|2022-06-21|SO|II AKa 278/21|Wyrok|56|https://www.saos.org.pl/judgments/485215
477098|2022-06-21|SO|II AKa 13/22|Wyrok|56|https://www.saos.org.pl/judgments/477098
485188|2022-06-15|SO|II AKa 16/22|Wyrok|56|https://www.saos.org.pl/judgments/485188
528388|2022-06-10|SO|II AKa 63/22|Wyrok|56|https://www.saos.org.pl/judgments/528388
477793|2022-06-08|SO|II AKa 150/22|Wyrok|56|https://www.saos.org.pl/judgments/477793
471936|2022-06-07|SO|II AKa 101/22|Wyrok|56|https://www.saos.org.pl/judgments/471936
471754|2022-06-06|SO|II AKa 98/22|Wyrok|56|https://www.saos.org.pl/judgments/471754
470423|2022-06-01|SO|II AKa 46/22|Wyrok|56|https://www.saos.org.pl/judgments/470423
490235|2022-05-31|SO|II AKa 228/21|Wyrok|56|https://www.saos.org.pl/judgments/490235
471948|2022-05-25|SO|II AKa 73/21|Wyrok|56|https://www.saos.org.pl/judgments/471948
500756|2022-05-19|SO|II AKa 248/21|Wyrok|56|https://www.saos.org.pl/judgments/500756
465268|2022-05-18|SO|II AKa 307/21|Wyrok|56|https://www.saos.org.pl/judgments/465268
468738|2022-05-11|SO|II AKa 10/22|Wyrok|56|https://www.saos.org.pl/judgments/468738
485220|2022-05-06|SO|II AKa 30/22|Wyrok|56|https://www.saos.org.pl/judgments/485220
469781|2022-05-06|SO|II AKa 213/21|Wyrok|56|https://www.saos.org.pl/judgments/469781
470416|2022-05-05|SO|II AKa 108/22|Wyrok|56|https://www.saos.org.pl/judgments/470416
466353|2022-05-05|SO|II AKa 22/22|Wyrok|56|https://www.saos.org.pl/judgments/466353
485203|2022-04-28|SO|II AKa 24/22|Wyrok|56|https://www.saos.org.pl/judgments/485203
473273|2022-04-27|SO|II AKa 17/22|Wyrok|56|https://www.saos.org.pl/judgments/473273
470422|2022-04-27|SO|II AKa 351/21|Wyrok|56|https://www.saos.org.pl/judgments/470422
471749|2022-04-21|SO|II AKa 4/22|Wyrok|56|https://www.saos.org.pl/judgments/471749
468370|2022-04-19|SO|II AKa 14/21|Wyrok|56|https://www.saos.org.pl/judgments/468370
488003|2022-04-13|SO|I ACa 1150/19|Wyrok|56|https://www.saos.org.pl/judgments/488003
470419|2022-04-07|SO|II AKa 22/22|Wyrok|56|https://www.saos.org.pl/judgments/470419
473271|2022-04-06|SO|II AKa 14/22|Wyrok|56|https://www.saos.org.pl/judgments/473271
481258|2022-03-31|SO|II AKa 10/22|Wyrok|56|https://www.saos.org.pl/judgments/481258
469240|2022-03-31|SO|II AKa 482/21|Wyrok|56|https://www.saos.org.pl/judgments/469240
480589|2022-03-24|SO|II AKa 423/21|Wyrok|56|https://www.saos.org.pl/judgments/480589
478369|2022-03-24|SO|II AKa 13/22|Wyrok|56|https://www.saos.org.pl/judgments/478369
490230|2022-03-17|SO|II AKa 224/21|Wyrok|56|https://www.saos.org.pl/judgments/490230
465467|2022-03-16|SO|II AKa 401/21|Wyrok|56|https://www.saos.org.pl/judgments/465467
469862|2022-03-03|SO|II AKa 416/21|Wyrok|56|https://www.saos.org.pl/judgments/469862
469605|2022-03-03|SO|II AKa 436/21|Wyrok|56|https://www.saos.org.pl/judgments/469605
465465|2022-02-25|SO|II AKa 382/21|Wyrok|56|https://www.saos.org.pl/judgments/465465
462182|2022-02-21|SO|II AKa 354/21|Wyrok|56|https://www.saos.org.pl/judgments/462182
471748|2022-02-17|SO|II AKa 359/21|Wyrok|56|https://www.saos.org.pl/judgments/471748
460444|2022-02-10|SO|II AKa 216/21|Wyrok|56|https://www.saos.org.pl/judgments/460444
460428|2022-02-10|SO|II AKa 122/21|Wyrok|56|https://www.saos.org.pl/judgments/460428
462140|2022-02-09|SO|V ACa 203/21|Wyrok|56|https://www.saos.org.pl/judgments/462140
458985|2022-01-31|SO|II AKa 245/21|Wyrok|56|https://www.saos.org.pl/judgments/458985
459666|2022-01-27|SO|II AKa 362/21|Wyrok|56|https://www.saos.org.pl/judgments/459666
459662|2022-01-25|SO|II AKa 244/21|Wyrok|56|https://www.saos.org.pl/judgments/459662
462700|2022-01-17|SO|I ACa 1223/19|Wyrok|56|https://www.saos.org.pl/judgments/462700
482900|2022-01-13|SO|II AKa 374/21|Wyrok|56|https://www.saos.org.pl/judgments/482900
460437|2022-01-13|SO|II AKa 197/21|Wyrok|56|https://www.saos.org.pl/judgments/460437
460468|2022-01-11|SO|II AKa 331/21|Wyrok|56|https://www.saos.org.pl/judgments/460468
465828|2021-12-29|SO|II AKa 345/21|Wyrok|56|https://www.saos.org.pl/judgments/465828
460436|2021-12-22|SO|II AKa 165/21|Wyrok|56|https://www.saos.org.pl/judgments/460436
458161|2021-12-21|SO|II AKa 223/21|Wyrok|56|https://www.saos.org.pl/judgments/458161
459833|2021-12-15|SO|II AKa 40/21|Wyrok|56|https://www.saos.org.pl/judgments/459833
455868|2021-12-15|SO|II AKa 242/21|Wyrok|56|https://www.saos.org.pl/judgments/455868
455624|2021-12-15|SO|II AKa 151/21|Wyrok|56|https://www.saos.org.pl/judgments/455624
460046|2021-12-14|SO|II AKa 140/21|Wyrok|56|https://www.saos.org.pl/judgments/460046
459465|2021-12-14|SO|II AKa 173/20|Wyrok|56|https://www.saos.org.pl/judgments/459465
459462|2021-12-13|SO|II AKa 130/21|Wyrok|56|https://www.saos.org.pl/judgments/459462
482896|2021-12-08|SO|II AKa 215/21|Wyrok|56|https://www.saos.org.pl/judgments/482896
455537|2021-12-08|SO|II AKa 296/21|Wyrok|56|https://www.saos.org.pl/judgments/455537
461985|2021-12-02|SO|II AKa 169/21|Wyrok|56|https://www.saos.org.pl/judgments/461985
455533|2021-11-30|SO|II AKa 233/20|Wyrok|56|https://www.saos.org.pl/judgments/455533
455539|2021-11-24|SO|II AKa 312/21|Wyrok|56|https://www.saos.org.pl/judgments/455539
455555|2021-11-10|SO|II AKa 95/21|Wyrok|56|https://www.saos.org.pl/judgments/455555
453904|2021-11-10|SO|II AKa 350/20|Wyrok|56|https://www.saos.org.pl/judgments/453904
481272|2021-11-09|SO|II AKa 94/21|Wyrok|56|https://www.saos.org.pl/judgments/481272
465827|2021-11-09|SO|II AKa 242/21|Wyrok|56|https://www.saos.org.pl/judgments/465827
451793|2021-11-09|SO|II AKa 249/21|Wyrok|56|https://www.saos.org.pl/judgments/451793
453501|2021-11-08|SO|II AKa 174/21|Wyrok|56|https://www.saos.org.pl/judgments/453501
516911|2021-11-05|SO|I ACa 380/20|Wyrok|56|https://www.saos.org.pl/judgments/516911
500963|2021-11-05|SO|II AKa 329/21|Wyrok|56|https://www.saos.org.pl/judgments/500963
449980|2021-10-28|SO|II AKa 198/21|Wyrok|56|https://www.saos.org.pl/judgments/449980
455622|2021-10-27|SO|II AKa 142/21|Wyrok|56|https://www.saos.org.pl/judgments/455622
455641|2021-10-14|SO|II AKa 251/21|Wyrok|56|https://www.saos.org.pl/judgments/455641
455637|2021-09-30|SO|II AKa 229/21|Wyrok|56|https://www.saos.org.pl/judgments/455637
455621|2021-09-30|SO|II AKa 136/21|Wyrok|56|https://www.saos.org.pl/judgments/455621
448947|2021-09-27|SO|II AKa 365/19|Wyrok|56|https://www.saos.org.pl/judgments/448947
500557|2021-09-24|SO|II AKa 169/21|Wyrok|56|https://www.saos.org.pl/judgments/500557
471852|2021-09-23|SO|II AKa 215/21|Wyrok|56|https://www.saos.org.pl/judgments/471852
447590|2021-09-20|SO|II AKa 126/21|Wyrok|56|https://www.saos.org.pl/judgments/447590
447589|2021-09-20|SO|II AKa 119/21|Wyrok|56|https://www.saos.org.pl/judgments/447589
452098|2021-09-08|SO|II AKa 127/21|Wyrok|56|https://www.saos.org.pl/judgments/452098
447492|2021-08-12|SO|II AKa 245/20|Wyrok|56|https://www.saos.org.pl/judgments/447492
449985|2021-07-29|SO|II AKa 338/20|Wyrok|56|https://www.saos.org.pl/judgments/449985
449875|2021-07-28|SO|II AKa 134/21|Wyrok|56|https://www.saos.org.pl/judgments/449875
449316|2021-07-23|SO|II AKa 92/21|Wyrok|56|https://www.saos.org.pl/judgments/449316
452597|2021-07-22|SO|II AKa 66/21|Wyrok|56|https://www.saos.org.pl/judgments/452597
446760|2021-07-22|SO|II AKa 81/21|Wyrok|56|https://www.saos.org.pl/judgments/446760
454704|2021-07-15|SO|II AKa 112/21|Wyrok|56|https://www.saos.org.pl/judgments/454704
444357|2021-07-14|SO|II AKa 334/20|Wyrok|56|https://www.saos.org.pl/judgments/444357
444736|2021-07-08|SO|II AKa 313/20|Wyrok|56|https://www.saos.org.pl/judgments/444736
493118|2021-07-01|SO|II AKa 108/21|Wyrok|56|https://www.saos.org.pl/judgments/493118
447597|2021-06-30|SO|II AKa 51/21|Wyrok|56|https://www.saos.org.pl/judgments/447597
461780|2021-06-24|SO|II AKa 150/21|Wyrok|56|https://www.saos.org.pl/judgments/461780
444065|2021-06-24|SO|II AKa 165/21|Wyrok|56|https://www.saos.org.pl/judgments/444065
451595|2021-06-09|SO|II AKa 16/21|Wyrok|56|https://www.saos.org.pl/judgments/451595
444740|2021-06-02|SO|II AKa 374/20|Wyrok|56|https://www.saos.org.pl/judgments/444740
441781|2021-05-27|SO|II AKa 22/21|Wyrok|56|https://www.saos.org.pl/judgments/441781
444084|2021-05-26|SO|II AKa 78/21|Wyrok|56|https://www.saos.org.pl/judgments/444084
443089|2021-05-26|SO|II AKa 115/21|Wyrok|56|https://www.saos.org.pl/judgments/443089
444066|2021-05-20|SO|II AKa 175/20|Wyrok|56|https://www.saos.org.pl/judgments/444066
439939|2021-05-13|SO|II AKa 318/20|Wyrok|56|https://www.saos.org.pl/judgments/439939
440126|2021-05-06|SO|II AKa 20/21|Wyrok|56|https://www.saos.org.pl/judgments/440126
440124|2021-05-06|SO|II AKa 19/21|Wyrok|56|https://www.saos.org.pl/judgments/440124
473489|2021-04-29|SO|II AKa 38/21|Wyrok|56|https://www.saos.org.pl/judgments/473489
460473|2021-04-26|SO|II AKa 499/20|Wyrok|56|https://www.saos.org.pl/judgments/460473
451996|2021-04-22|SO|II AKa 47/21|Wyrok|56|https://www.saos.org.pl/judgments/451996
442107|2021-04-22|SO|II AKa 220/20|Wyrok|56|https://www.saos.org.pl/judgments/442107
439545|2021-04-22|SO|II AKa 335/20|Wyrok|56|https://www.saos.org.pl/judgments/439545
438401|2021-04-21|SO|II AKa 50/21|Wyrok|56|https://www.saos.org.pl/judgments/438401
447593|2021-04-15|SO|II AKa 26/20|Wyrok|56|https://www.saos.org.pl/judgments/447593
442619|2021-04-15|SO|II AKa 62/21|Wyrok|56|https://www.saos.org.pl/judgments/442619
454903|2021-04-13|SO|VI ACa 687/20|Wyrok|56|https://www.saos.org.pl/judgments/454903
439551|2021-04-08|SO|II AKa 65/21|Wyrok|56|https://www.saos.org.pl/judgments/439551
439928|2021-04-07|SO|II AKa 17/21|Wyrok|56|https://www.saos.org.pl/judgments/439928
438388|2021-03-26|SO|II AKa 348/20|Wyrok|56|https://www.saos.org.pl/judgments/438388
438379|2021-03-23|SO|II AKa 287/20|Wyrok|56|https://www.saos.org.pl/judgments/438379
439537|2021-03-17|SO|II AKa 170/20|Wyrok|56|https://www.saos.org.pl/judgments/439537
438397|2021-03-16|SO|II AKa 42/20|Wyrok|56|https://www.saos.org.pl/judgments/438397
438354|2021-03-16|SO|II AKa 129/20|Wyrok|56|https://www.saos.org.pl/judgments/438354
438371|2021-03-12|SO|II AKa 225/20|Wyrok|56|https://www.saos.org.pl/judgments/438371
438362|2021-03-12|SO|II AKa 172/20|Wyrok|56|https://www.saos.org.pl/judgments/438362
438369|2021-03-08|SO|II AKa 210/20|Wyrok|56|https://www.saos.org.pl/judgments/438369
438372|2021-03-05|SO|II AKa 226/19|Wyrok|56|https://www.saos.org.pl/judgments/438372
438366|2021-03-04|SO|II AKa 20/21|Wyrok|56|https://www.saos.org.pl/judgments/438366
433714|2021-03-03|SO|II AKa 281/20|Wyrok|56|https://www.saos.org.pl/judgments/433714
438357|2021-02-25|SO|II AKa 133/20|Wyrok|56|https://www.saos.org.pl/judgments/438357
438356|2021-02-25|SO|II AKa 132/20|Wyrok|56|https://www.saos.org.pl/judgments/438356
433716|2021-02-24|SO|II AKa 309/20|Wyrok|56|https://www.saos.org.pl/judgments/433716
438389|2021-02-22|SO|II AKa 352/20|Wyrok|56|https://www.saos.org.pl/judgments/438389
434512|2021-02-16|SO|II AKa 399/19|Wyrok|56|https://www.saos.org.pl/judgments/434512
438376|2021-02-11|SO|II AKa 270/20|Wyrok|56|https://www.saos.org.pl/judgments/438376
488943|2021-01-21|SO|II AKa 313/20|Wyrok|56|https://www.saos.org.pl/judgments/488943
442027|2021-01-21|SO|II AKa 334/20|Wyrok|56|https://www.saos.org.pl/judgments/442027
440309|2021-01-21|SO|II AKa 307/20|Wyrok|56|https://www.saos.org.pl/judgments/440309
438361|2021-01-20|SO|II AKa 171/20|Wyrok|56|https://www.saos.org.pl/judgments/438361
465269|2021-01-14|SO|II AKa 329/20|Wyrok|56|https://www.saos.org.pl/judgments/465269
435883|2021-01-13|SO|I ACa 1002/20|Wyrok|56|https://www.saos.org.pl/judgments/435883
442029|2020-12-29|SO|II AKa 388/19|Wyrok|56|https://www.saos.org.pl/judgments/442029
493120|2020-12-17|SO|II AKa 118/20|Wyrok|56|https://www.saos.org.pl/judgments/493120
430519|2020-12-17|SO|II AKa 237/20|Wyrok|56|https://www.saos.org.pl/judgments/430519
430510|2020-12-17|SO|II AKa 11/20|Wyrok|56|https://www.saos.org.pl/judgments/430510
430922|2020-12-16|SO|II AKa 409/19|Wyrok|56|https://www.saos.org.pl/judgments/430922
430530|2020-12-16|SO|II AKa 65/20|Wyrok|56|https://www.saos.org.pl/judgments/430530
430521|2020-12-16|SO|II AKa 25/20|Wyrok|56|https://www.saos.org.pl/judgments/430521
431188|2020-12-14|SO|II AKa 106/20|Wyrok|56|https://www.saos.org.pl/judgments/431188
430517|2020-12-03|SO|II AKa 228/20|Wyrok|56|https://www.saos.org.pl/judgments/430517
427371|2020-12-02|SO|II AKa 105/20|Wyrok|56|https://www.saos.org.pl/judgments/427371
431339|2020-11-26|SO|I ACa 462/20|Wyrok|56|https://www.saos.org.pl/judgments/431339
435665|2020-11-19|SO|II AKa 444/18|Wyrok|56|https://www.saos.org.pl/judgments/435665
429909|2020-11-06|SO|II AKa 141/20|Wyrok|56|https://www.saos.org.pl/judgments/429909
426783|2020-11-05|SO|II AKa 89/20|Wyrok|56|https://www.saos.org.pl/judgments/426783
481260|2020-10-30|SO|II AKa 188/19|Wyrok|56|https://www.saos.org.pl/judgments/481260
460471|2020-10-29|SO|II AKa 38/20|Wyrok|56|https://www.saos.org.pl/judgments/460471
430512|2020-10-29|SO|II AKa 145/20|Wyrok|56|https://www.saos.org.pl/judgments/430512
425191|2020-10-29|SO|II AKa 145/20|Wyrok|56|https://www.saos.org.pl/judgments/425191
435807|2020-10-23|SO|I ACa 2/20|Wyrok|56|https://www.saos.org.pl/judgments/435807
461785|2020-10-22|SO|II AKa 258/20|Wyrok|56|https://www.saos.org.pl/judgments/461785
424284|2020-10-05|SO|II AKa 160/20|Wyrok|56|https://www.saos.org.pl/judgments/424284
452334|2020-10-02|SO|II AKa 171/20|Wyrok|56|https://www.saos.org.pl/judgments/452334
431183|2020-10-02|SO|I ACa 368/19|Wyrok|56|https://www.saos.org.pl/judgments/431183
425302|2020-10-01|SO|II AKa 349/19|Wyrok|56|https://www.saos.org.pl/judgments/425302
424144|2020-10-01|SO|II AKa 407/19|Wyrok|56|https://www.saos.org.pl/judgments/424144
433435|2020-09-29|SO|II AKa 632/19|Wyrok|56|https://www.saos.org.pl/judgments/433435
472093|2020-09-24|SO|II AKa 202/20|Wyrok|56|https://www.saos.org.pl/judgments/472093
452332|2020-09-24|SO|II AKa 128/20|Wyrok|56|https://www.saos.org.pl/judgments/452332
424137|2020-09-17|SO|II AKa 190/20|Wyrok|56|https://www.saos.org.pl/judgments/424137
419840|2020-09-17|SO|II AKa 237/19|Wyrok|56|https://www.saos.org.pl/judgments/419840
425481|2020-08-28|SO|II AKa 56/20|Wyrok|56|https://www.saos.org.pl/judgments/425481
425309|2020-08-27|SO|II AKa 74/19|Wyrok|56|https://www.saos.org.pl/judgments/425309
436782|2020-08-20|SO|II AKa 85/20|Wyrok|56|https://www.saos.org.pl/judgments/436782
425140|2020-08-13|SO|V ACa 754/19|Wyrok|56|https://www.saos.org.pl/judgments/425140
418327|2020-08-05|SO|II AKa 93/20|Wyrok|56|https://www.saos.org.pl/judgments/418327
418324|2020-08-05|SO|II AKa 415/19|Wyrok|56|https://www.saos.org.pl/judgments/418324
443204|2020-07-23|SO|II AKa 80/20|Wyrok|56|https://www.saos.org.pl/judgments/443204
442620|2020-07-09|SO|II AKa 79/20|Wyrok|56|https://www.saos.org.pl/judgments/442620
420612|2020-07-09|SO|II AKa 78/20|Wyrok|56|https://www.saos.org.pl/judgments/420612
417438|2020-07-09|SO|II AKa 92/20|Wyrok|56|https://www.saos.org.pl/judgments/417438
428498|2020-07-06|SO|II AKa 146/18|Wyrok|56|https://www.saos.org.pl/judgments/428498
419723|2020-07-06|SO|II AKa 388/19|Wyrok|56|https://www.saos.org.pl/judgments/419723
415755|2020-07-02|SO|II AKa 17/20|Wyrok|56|https://www.saos.org.pl/judgments/415755
427773|2020-06-30|SO|II AKa 406/19|Wyrok|56|https://www.saos.org.pl/judgments/427773
417424|2020-06-30|SO|II AKa 100/20|Wyrok|56|https://www.saos.org.pl/judgments/417424
419249|2020-06-29|SO|II AKa 72/20|Wyrok|56|https://www.saos.org.pl/judgments/419249
418163|2020-06-26|SO|II AKa 90/20|Wyrok|56|https://www.saos.org.pl/judgments/418163
419726|2020-06-17|SO|II AKa 64/20|Wyrok|56|https://www.saos.org.pl/judgments/419726
482684|2020-06-15|SO|II AKa 126/20|Wyrok|56|https://www.saos.org.pl/judgments/482684
436577|2020-06-15|SO|II AKa 1/20|Wyrok|56|https://www.saos.org.pl/judgments/436577
417437|2020-06-10|SO|II AKa 81/20|Wyrok|56|https://www.saos.org.pl/judgments/417437
417429|2020-06-10|SO|II AKa 18/20|Wyrok|56|https://www.saos.org.pl/judgments/417429
418159|2020-06-09|SO|II AKa 35/20|Wyrok|56|https://www.saos.org.pl/judgments/418159
415756|2020-06-09|SO|II AKa 443/19|Wyrok|56|https://www.saos.org.pl/judgments/415756
418158|2020-06-08|SO|II AKa 24/20|Wyrok|56|https://www.saos.org.pl/judgments/418158
428595|2020-05-20|SO|I ACa 68/20|Wyrok|56|https://www.saos.org.pl/judgments/428595
409050|2020-03-18|SO|I ACa 317/19|Wyrok|56|https://www.saos.org.pl/judgments/409050
419242|2020-03-09|SO|II AKa 234/19|Wyrok|56|https://www.saos.org.pl/judgments/419242
481262|2020-03-05|SO|II AKa 202/18|Wyrok|56|https://www.saos.org.pl/judgments/481262
410779|2020-03-05|SO|II AKa 410/19|Wyrok|56|https://www.saos.org.pl/judgments/410779
412461|2020-03-03|SO|II AKa 254/19|Wyrok|56|https://www.saos.org.pl/judgments/412461
407827|2020-02-27|SO|II AKa 627/19|Wyrok|56|https://www.saos.org.pl/judgments/407827
418318|2020-02-18|SO|II AKa 290/19|Wyrok|56|https://www.saos.org.pl/judgments/418318
419241|2020-02-11|SO|II AKa 221/19|Wyrok|56|https://www.saos.org.pl/judgments/419241
409354|2020-02-05|SO|II AKa 388/19|Wyrok|56|https://www.saos.org.pl/judgments/409354
406058|2020-01-31|SO|II AKa 469/19|Wyrok|56|https://www.saos.org.pl/judgments/406058
407791|2020-01-29|SO|I ACa 224/19|Wyrok|56|https://www.saos.org.pl/judgments/407791
412736|2020-01-24|SO|I ACa 149/19|Wyrok|56|https://www.saos.org.pl/judgments/412736
425479|2020-01-23|SO|II AKa 220/19|Wyrok|56|https://www.saos.org.pl/judgments/425479
403902|2020-01-22|SO|II AKa 404/19|Wyrok|56|https://www.saos.org.pl/judgments/403902
407545|2019-12-30|SO|I ACa 627/19|Wyrok|56|https://www.saos.org.pl/judgments/407545
405036|2019-12-16|SO|II AKa 179/19|Wyrok|56|https://www.saos.org.pl/judgments/405036
406061|2019-12-13|SO|II AKa 550/19|Wyrok|56|https://www.saos.org.pl/judgments/406061
407606|2019-12-12|SO|II AKa 151/19|Wyrok|56|https://www.saos.org.pl/judgments/407606
413281|2019-12-05|SO|II AKa 207/19|Wyrok|56|https://www.saos.org.pl/judgments/413281
407610|2019-12-05|SO|II AKa 235/19|Wyrok|56|https://www.saos.org.pl/judgments/407610
406711|2019-12-05|SO|II AKa 217/19|Wyrok|56|https://www.saos.org.pl/judgments/406711
400707|2019-12-05|SO|II AKa 316/19|Wyrok|56|https://www.saos.org.pl/judgments/400707
420938|2019-12-04|SO|II AKa 151/19|Wyrok|56|https://www.saos.org.pl/judgments/420938
414178|2019-12-04|SO|II AKa 369/19|Wyrok|56|https://www.saos.org.pl/judgments/414178
406059|2019-12-02|SO|II AKa 477/19|Wyrok|56|https://www.saos.org.pl/judgments/406059
398165|2019-11-25|SO|II AKa 102/19|Wyrok|56|https://www.saos.org.pl/judgments/398165
406707|2019-11-21|SO|II AKa 182/19|Wyrok|56|https://www.saos.org.pl/judgments/406707
402424|2019-11-20|SO|II AKa 277/19|Wyrok|56|https://www.saos.org.pl/judgments/402424
398575|2019-11-19|SO|II AKa 216/19|Wyrok|56|https://www.saos.org.pl/judgments/398575
440844|2019-11-13|SO|II AKa 2/19|Wyrok|56|https://www.saos.org.pl/judgments/440844
414395|2019-11-13|SO|I ACa 326/19|Wyrok|56|https://www.saos.org.pl/judgments/414395
397711|2019-11-13|SO|II AKa 160/19|Wyrok|56|https://www.saos.org.pl/judgments/397711
426846|2019-11-08|SO|V ACa 385/18|Wyrok|56|https://www.saos.org.pl/judgments/426846
427378|2019-11-07|SO|II AKa 135/19|Wyrok|56|https://www.saos.org.pl/judgments/427378
397715|2019-11-07|SO|II AKa 347/19|Wyrok|56|https://www.saos.org.pl/judgments/397715
397591|2019-11-07|SO|II AKa 338/19|Wyrok|56|https://www.saos.org.pl/judgments/397591
427376|2019-10-31|SO|II AKa 134/19|Wyrok|56|https://www.saos.org.pl/judgments/427376
399664|2019-10-31|SO|II AKa 327/19|Wyrok|56|https://www.saos.org.pl/judgments/399664
397584|2019-10-31|SO|II AKa 213/19|Wyrok|56|https://www.saos.org.pl/judgments/397584
484090|2019-10-25|SO|II AKa 455/19|Wyrok|56|https://www.saos.org.pl/judgments/484090
399314|2019-10-22|SO|II AKa 174/19|Wyrok|56|https://www.saos.org.pl/judgments/399314
527275|2019-10-03|SO|III APa 7/19|Wyrok|56|https://www.saos.org.pl/judgments/527275
428111|2019-10-03|SO|I ACa 110/19|Wyrok|56|https://www.saos.org.pl/judgments/428111
406713|2019-10-02|SO|II AKa 254/18|Wyrok|56|https://www.saos.org.pl/judgments/406713
397084|2019-09-27|SO|II AKa 262/19|Wyrok|56|https://www.saos.org.pl/judgments/397084
406693|2019-09-26|SO|II AKa 106/19|Wyrok|56|https://www.saos.org.pl/judgments/406693
396316|2019-09-25|SO|II AKa 232/19|Wyrok|56|https://www.saos.org.pl/judgments/396316
406705|2019-09-19|SO|II AKa 176/19|Wyrok|56|https://www.saos.org.pl/judgments/406705
401055|2019-09-19|SO|II AKa 142/19|Wyrok|56|https://www.saos.org.pl/judgments/401055
397088|2019-09-18|SO|II AKa 285/19|Wyrok|56|https://www.saos.org.pl/judgments/397088
407204|2019-09-11|SO|I ACa 1295/18|Wyrok|56|https://www.saos.org.pl/judgments/407204
397079|2019-09-11|SO|II AKa 236/19|Wyrok|56|https://www.saos.org.pl/judgments/397079
401565|2019-09-04|SO|II AKa 104/19|Wyrok|56|https://www.saos.org.pl/judgments/401565
406717|2019-08-29|SO|II AKa 78/19|Wyrok|56|https://www.saos.org.pl/judgments/406717
406701|2019-08-29|SO|II AKa 135/19|Wyrok|56|https://www.saos.org.pl/judgments/406701
406718|2019-08-22|SO|II AKa 92/19|Wyrok|56|https://www.saos.org.pl/judgments/406718
399423|2019-08-13|SO|V ACa 582/18|Wyrok|56|https://www.saos.org.pl/judgments/399423
423830|2019-07-30|SO|II AKa 238/19|Wyrok|56|https://www.saos.org.pl/judgments/423830
391127|2019-07-30|SO|II AKa 161/19|Wyrok|56|https://www.saos.org.pl/judgments/391127
397411|2019-07-17|SO|II AKa 128/19|Wyrok|56|https://www.saos.org.pl/judgments/397411
396525|2019-07-16|SO|II AKa 493/18|Wyrok|56|https://www.saos.org.pl/judgments/396525
393042|2019-07-12|SO|I ACa 290/19|Wyrok|56|https://www.saos.org.pl/judgments/393042
397410|2019-07-11|SO|II AKa 125/19|Wyrok|56|https://www.saos.org.pl/judgments/397410
393154|2019-07-10|SO|II AKa 94/18|Wyrok|56|https://www.saos.org.pl/judgments/393154
392806|2019-07-10|SO|II AKa 105/19|Wyrok|56|https://www.saos.org.pl/judgments/392806
392177|2019-07-10|SO|II AKa 205/19|Wyrok|56|https://www.saos.org.pl/judgments/392177
389096|2019-07-09|SO|II AKa 64/19|Wyrok|56|https://www.saos.org.pl/judgments/389096
481270|2019-07-05|SO|II AKa 92/19|Wyrok|56|https://www.saos.org.pl/judgments/481270
406262|2019-07-04|SO|I ACa 814/18|Wyrok|56|https://www.saos.org.pl/judgments/406262
398870|2019-07-04|SO|II AKa 107/19|Wyrok|56|https://www.saos.org.pl/judgments/398870
420934|2019-07-02|SO|II AKa 113/19|Wyrok|56|https://www.saos.org.pl/judgments/420934
413273|2019-07-02|SO|II AKa 111/19|Wyrok|56|https://www.saos.org.pl/judgments/413273
388522|2019-06-27|SO|II AKa 393/18|Wyrok|56|https://www.saos.org.pl/judgments/388522
392175|2019-06-26|SO|II AKa 173/19|Wyrok|56|https://www.saos.org.pl/judgments/392175
392176|2019-06-19|SO|II AKa 187/19|Wyrok|56|https://www.saos.org.pl/judgments/392176
391320|2019-06-19|SO|II AKa 135/19|Wyrok|56|https://www.saos.org.pl/judgments/391320
391852|2019-06-18|SO|II AKa 153/19|Wyrok|56|https://www.saos.org.pl/judgments/391852
416408|2019-06-17|SO|II AKa 61/19|Wyrok|56|https://www.saos.org.pl/judgments/416408
434182|2019-06-13|SO|II AKa 105/19|Wyrok|56|https://www.saos.org.pl/judgments/434182
397107|2019-06-06|SO|II AKa 49/19|Wyrok|56|https://www.saos.org.pl/judgments/397107
397055|2019-06-06|SO|II AKa 157/19|Wyrok|56|https://www.saos.org.pl/judgments/397055
391540|2019-06-06|SO|II AKa 61/19|Wyrok|56|https://www.saos.org.pl/judgments/391540
391536|2019-06-06|SO|II AKa 49/19|Wyrok|56|https://www.saos.org.pl/judgments/391536
391667|2019-06-05|SO|II AKa 159/19|Wyrok|56|https://www.saos.org.pl/judgments/391667
388527|2019-06-05|SO|II AKa 82/19|Wyrok|56|https://www.saos.org.pl/judgments/388527
411694|2019-06-04|SO|II AKa 19/19|Wyrok|56|https://www.saos.org.pl/judgments/411694
391338|2019-05-30|SO|II AKa 90/19|Wyrok|56|https://www.saos.org.pl/judgments/391338
391241|2019-05-30|SO|II AKa 119/19|Wyrok|56|https://www.saos.org.pl/judgments/391241
386243|2019-05-29|SO|II AKa 134/19|Wyrok|56|https://www.saos.org.pl/judgments/386243
391539|2019-05-16|SO|II AKa 59/19|Wyrok|56|https://www.saos.org.pl/judgments/391539
386240|2019-05-16|SO|II AKa 107/19|Wyrok|56|https://www.saos.org.pl/judgments/386240
388517|2019-05-15|SO|II AKa 131/19|Wyrok|56|https://www.saos.org.pl/judgments/388517
382136|2019-04-25|SO|II AKa 27/19|Wyrok|56|https://www.saos.org.pl/judgments/382136
384532|2019-04-24|SO|II AKa 423/18|Wyrok|56|https://www.saos.org.pl/judgments/384532
423905|2019-04-16|SO|II AKa 216/18|Wyrok|56|https://www.saos.org.pl/judgments/423905
424651|2019-04-11|SO|II AKa 67/19|Wyrok|56|https://www.saos.org.pl/judgments/424651
417680|2019-04-10|SO|I ACa 596/18|Wyrok|56|https://www.saos.org.pl/judgments/417680
383419|2019-04-08|SO|II AKa 119/18|Wyrok|56|https://www.saos.org.pl/judgments/383419
377702|2019-03-27|SO|II AKa 321/18|Wyrok|56|https://www.saos.org.pl/judgments/377702
387225|2019-03-26|SO|II AKa 38/19|Wyrok|56|https://www.saos.org.pl/judgments/387225
391672|2019-03-21|SO|II AKa 273/18|Wyrok|56|https://www.saos.org.pl/judgments/391672
397376|2019-03-13|SO|I ACa 961/18|Wyrok|56|https://www.saos.org.pl/judgments/397376
377753|2019-03-13|SO|II AKa 68/19|Wyrok|56|https://www.saos.org.pl/judgments/377753
377740|2019-03-13|SO|II AKa 467/18|Wyrok|56|https://www.saos.org.pl/judgments/377740
376580|2019-03-07|SO|I ACa 804/18|Wyrok|56|https://www.saos.org.pl/judgments/376580
489103|2019-03-01|SO|II AKa 544/18|Wyrok|56|https://www.saos.org.pl/judgments/489103
377742|2019-02-28|SO|II AKa 5/19|Wyrok|56|https://www.saos.org.pl/judgments/377742
377700|2019-02-20|SO|II AKa 314/18|Wyrok|56|https://www.saos.org.pl/judgments/377700
377727|2019-02-14|SO|II AKa 408/18|Wyrok|56|https://www.saos.org.pl/judgments/377727
374094|2019-02-14|SO|II AKa 424/18|Wyrok|56|https://www.saos.org.pl/judgments/374094
377664|2019-02-13|SO|II AKa 2/19|Wyrok|56|https://www.saos.org.pl/judgments/377664
374087|2019-02-13|SO|II AKa 10/19|Wyrok|56|https://www.saos.org.pl/judgments/374087
397114|2019-02-07|SO|II AKa 582/18|Wyrok|56|https://www.saos.org.pl/judgments/397114
377674|2019-01-31|SO|II AKa 215/18|Wyrok|56|https://www.saos.org.pl/judgments/377674
376503|2019-01-31|SO|I ACa 587/18|Wyrok|56|https://www.saos.org.pl/judgments/376503
392496|2019-01-28|SO|II AKa 262/18|Wyrok|56|https://www.saos.org.pl/judgments/392496
372885|2019-01-25|SO|II AKa 402/18|Wyrok|56|https://www.saos.org.pl/judgments/372885
398898|2019-01-24|SO|II AKa 234/18|Wyrok|56|https://www.saos.org.pl/judgments/398898
377726|2019-01-24|SO|II AKa 403/18|Wyrok|56|https://www.saos.org.pl/judgments/377726
372581|2019-01-22|SO|II AKa 368/18|Wyrok|56|https://www.saos.org.pl/judgments/372581
392266|2019-01-17|SO|II AKa 257/18|Wyrok|56|https://www.saos.org.pl/judgments/392266
377677|2019-01-17|SO|II AKa 220/18|Wyrok|56|https://www.saos.org.pl/judgments/377677
386661|2019-01-16|SO|II AKa 386/18|Wyrok|56|https://www.saos.org.pl/judgments/386661
376520|2019-01-16|SO|I ACa 619/18|Wyrok|56|https://www.saos.org.pl/judgments/376520
369493|2019-01-16|SO|II AKa 388/18|Wyrok|56|https://www.saos.org.pl/judgments/369493
411710|2019-01-09|SO|II AKa 238/18|Wyrok|56|https://www.saos.org.pl/judgments/411710
387423|2018-12-21|SO|II AKa 353/18|Wyrok|56|https://www.saos.org.pl/judgments/387423
377660|2018-12-21|SO|II AKa 186/18|Wyrok|56|https://www.saos.org.pl/judgments/377660
390083|2018-12-19|SO|II AKa 356/18|Wyrok|56|https://www.saos.org.pl/judgments/390083
374091|2018-12-19|SO|II AKa 299/18|Wyrok|56|https://www.saos.org.pl/judgments/374091
367867|2018-12-19|SO|II AKa 275/18|Wyrok|56|https://www.saos.org.pl/judgments/367867
397111|2018-12-14|SO|II AKa 526/18|Wyrok|56|https://www.saos.org.pl/judgments/397111
387044|2018-12-13|SO|II AKa 294/18|Wyrok|56|https://www.saos.org.pl/judgments/387044
377718|2018-12-11|SO|II AKa 373/18|Wyrok|56|https://www.saos.org.pl/judgments/377718
371707|2018-12-11|SO|II AKa 117/18|Wyrok|56|https://www.saos.org.pl/judgments/371707
367013|2018-12-11|SO|V ACa 1493/17|Wyrok|56|https://www.saos.org.pl/judgments/367013
376680|2018-12-03|SO|I AGa 42/18|Wyrok|56|https://www.saos.org.pl/judgments/376680
389532|2018-11-30|SO|I ACa 196/18|Wyrok|56|https://www.saos.org.pl/judgments/389532
421220|2018-11-28|SO|II AKa 147/18|Wyrok|56|https://www.saos.org.pl/judgments/421220
426638|2018-11-23|SO|II AKa 315/18|Wyrok|56|https://www.saos.org.pl/judgments/426638
386731|2018-11-23|SO|I ACa 699/18|Wyrok|56|https://www.saos.org.pl/judgments/386731
364397|2018-11-22|SO|I ACa 493/18|Wyrok|56|https://www.saos.org.pl/judgments/364397
367135|2018-11-15|SO|II AKa 317/18|Wyrok|56|https://www.saos.org.pl/judgments/367135
366732|2018-11-14|SO|II AKa 338/18|Wyrok|56|https://www.saos.org.pl/judgments/366732
397102|2018-11-13|SO|II AKa 444/18|Wyrok|56|https://www.saos.org.pl/judgments/397102
367324|2018-11-13|SO|I ACa 90/18|Wyrok|56|https://www.saos.org.pl/judgments/367324
365560|2018-11-07|SO|II AKa 329/18|Wyrok|56|https://www.saos.org.pl/judgments/365560
371218|2018-10-31|SO|II AKa 449/18|Wyrok|56|https://www.saos.org.pl/judgments/371218
363347|2018-10-31|SO|II AKa 258/18|Wyrok|56|https://www.saos.org.pl/judgments/363347
365178|2018-10-30|SO|II AKa 132/18|Wyrok|56|https://www.saos.org.pl/judgments/365178
363707|2018-10-29|SO|II AKa 384/18|Wyrok|56|https://www.saos.org.pl/judgments/363707
397096|2018-10-26|SO|II AKa 358/18|Wyrok|56|https://www.saos.org.pl/judgments/397096
377641|2018-10-25|SO|II AKa 149/18|Wyrok|56|https://www.saos.org.pl/judgments/377641
366767|2018-10-24|SO|III AUa 33/18|Wyrok|56|https://www.saos.org.pl/judgments/366767
373308|2018-10-19|SO|II AKa 446/18|Wyrok|56|https://www.saos.org.pl/judgments/373308
371214|2018-10-19|SO|II AKa 432/18|Wyrok|56|https://www.saos.org.pl/judgments/371214
368704|2018-10-18|SO|II AKa 259/18|Wyrok|56|https://www.saos.org.pl/judgments/368704
365925|2018-10-18|SO|II AKa 244/18|Wyrok|56|https://www.saos.org.pl/judgments/365925
361831|2018-10-18|SO|II AKa 402/17|Wyrok|56|https://www.saos.org.pl/judgments/361831
384169|2018-10-08|SO|II AKa 96/18|Wyrok|56|https://www.saos.org.pl/judgments/384169
371887|2018-10-08|SO|II AKa 182/18|Wyrok|56|https://www.saos.org.pl/judgments/371887
377650|2018-10-04|SO|II AKa 167/18|Wyrok|56|https://www.saos.org.pl/judgments/377650
362424|2018-10-04|SO|II AKa 106/18|Wyrok|56|https://www.saos.org.pl/judgments/362424
365727|2018-10-03|SO|II AKa 295/18|Wyrok|56|https://www.saos.org.pl/judgments/365727
363351|2018-10-03|SO|II AKa 303/18|Wyrok|56|https://www.saos.org.pl/judgments/363351
362620|2018-09-27|SO|II AKa 236/18|Wyrok|56|https://www.saos.org.pl/judgments/362620
411235|2018-09-25|SO|II AKa 131/18|Wyrok|56|https://www.saos.org.pl/judgments/411235
387781|2018-09-20|SO|II AKa 139/18|Wyrok|56|https://www.saos.org.pl/judgments/387781
372779|2018-09-20|SO|V ACa 620/17|Wyrok|56|https://www.saos.org.pl/judgments/372779
377656|2018-09-19|SO|II AKa 177/18|Wyrok|56|https://www.saos.org.pl/judgments/377656
359655|2018-09-11|SO|I ACa 1536/17|Wyrok|56|https://www.saos.org.pl/judgments/359655
372435|2018-09-05|SO|II AKa 252/18|Wyrok|56|https://www.saos.org.pl/judgments/372435
362441|2018-08-22|SO|II AKa 91/18|Wyrok|56|https://www.saos.org.pl/judgments/362441
356712|2018-08-22|SO|II AKa 232/18|Wyrok|56|https://www.saos.org.pl/judgments/356712
362442|2018-08-14|SO|II AKa 96/18|Wyrok|56|https://www.saos.org.pl/judgments/362442
418383|2018-08-10|SO|II AKa 217/18|Wyrok|56|https://www.saos.org.pl/judgments/418383
358381|2018-08-02|SO|II AKa 227/18|Wyrok|56|https://www.saos.org.pl/judgments/358381
356709|2018-08-02|SO|II AKa 219/18|Wyrok|56|https://www.saos.org.pl/judgments/356709
358380|2018-07-26|SO|II AKa 202/18|Wyrok|56|https://www.saos.org.pl/judgments/358380
364786|2018-07-19|SO|II AKa 84/18|Wyrok|56|https://www.saos.org.pl/judgments/364786
349469|2018-07-19|SO|II AKa 93/18|Wyrok|56|https://www.saos.org.pl/judgments/349469
358382|2018-07-18|SO|II AKa 234/18|Wyrok|56|https://www.saos.org.pl/judgments/358382
356586|2018-07-18|SO|II AKa 183/18|Wyrok|56|https://www.saos.org.pl/judgments/356586
367864|2018-07-13|SO|II AKa 234/18|Wyrok|56|https://www.saos.org.pl/judgments/367864
350588|2018-07-12|SO|II AKa 92/18|Wyrok|56|https://www.saos.org.pl/judgments/350588
377756|2018-07-05|SO|II AKa 96/18|Wyrok|56|https://www.saos.org.pl/judgments/377756
361598|2018-07-05|SO|I ACa 1435/17|Wyrok|56|https://www.saos.org.pl/judgments/361598
386660|2018-06-29|SO|II AKa 146/18|Wyrok|56|https://www.saos.org.pl/judgments/386660
364788|2018-06-27|SO|II AKa 89/18|Wyrok|56|https://www.saos.org.pl/judgments/364788
349465|2018-06-27|SO|II AKa 213/18|Wyrok|56|https://www.saos.org.pl/judgments/349465
347682|2018-06-27|SO|II AKa 187/18|Wyrok|56|https://www.saos.org.pl/judgments/347682
348904|2018-06-22|SO|V ACa 350/17|Wyrok|56|https://www.saos.org.pl/judgments/348904
348485|2018-06-21|SO|II AKa 129/18|Wyrok|56|https://www.saos.org.pl/judgments/348485
351948|2018-06-15|SO|I ACa 184/18|Wyrok|56|https://www.saos.org.pl/judgments/351948
348118|2018-06-15|SO|II AKa 89/18|Wyrok|56|https://www.saos.org.pl/judgments/348118
346103|2018-06-14|SO|II AKa 128/18|Wyrok|56|https://www.saos.org.pl/judgments/346103
349977|2018-06-13|SO|III APa 2/18|Wyrok|56|https://www.saos.org.pl/judgments/349977
417848|2018-06-08|SO|II AKa 113/18|Wyrok|56|https://www.saos.org.pl/judgments/417848
386150|2018-06-06|SO|III APa 10/17|Wyrok|56|https://www.saos.org.pl/judgments/386150
362575|2018-06-06|SO|I ACa 1419/17|Wyrok|56|https://www.saos.org.pl/judgments/362575
348937|2018-06-06|SO|II AKa 73/18|Wyrok|56|https://www.saos.org.pl/judgments/348937
348935|2018-06-06|SO|II AKa 60/18|Wyrok|56|https://www.saos.org.pl/judgments/348935
343185|2018-05-16|SO|II AKa 86/18|Wyrok|56|https://www.saos.org.pl/judgments/343185
362805|2018-05-10|SO|II AKa 158/18|Wyrok|56|https://www.saos.org.pl/judgments/362805
340977|2018-05-09|SO|V ACa 409/17|Wyrok|56|https://www.saos.org.pl/judgments/340977
350943|2018-04-27|SO|II AKa 81/18|Wyrok|56|https://www.saos.org.pl/judgments/350943
343051|2018-04-26|SO|III APa 12/18|Wyrok|56|https://www.saos.org.pl/judgments/343051
387294|2018-04-18|SO|II AKa 88/18|Wyrok|56|https://www.saos.org.pl/judgments/387294
362802|2018-04-12|SO|II AKa 106/18|Wyrok|56|https://www.saos.org.pl/judgments/362802
387790|2018-04-05|SO|II AKa 31/18|Wyrok|56|https://www.saos.org.pl/judgments/387790
345213|2018-04-05|SO|II AKa 112/18|Wyrok|56|https://www.saos.org.pl/judgments/345213
413315|2018-03-29|SO|III APa 66/17|Wyrok|56|https://www.saos.org.pl/judgments/413315
411260|2018-03-27|SO|II AKa 262/17|Wyrok|56|https://www.saos.org.pl/judgments/411260
350581|2018-03-26|SO|II AKa 190/17|Wyrok|56|https://www.saos.org.pl/judgments/350581
427399|2018-03-21|SO|II AKa 439/17|Wyrok|56|https://www.saos.org.pl/judgments/427399
337790|2018-03-15|SO|III APa 86/17|Wyrok|56|https://www.saos.org.pl/judgments/337790
340398|2018-03-14|SO|II AKa 37/18|Wyrok|56|https://www.saos.org.pl/judgments/340398
338218|2018-03-14|SO|I ACa 1004/17|Wyrok|56|https://www.saos.org.pl/judgments/338218
337713|2018-03-09|SO|I ACa 1166/17|Wyrok|56|https://www.saos.org.pl/judgments/337713
340396|2018-03-08|SO|II AKa 34/18|Wyrok|56|https://www.saos.org.pl/judgments/340396
355568|2018-03-01|SO|II AKa 17/18|Wyrok|56|https://www.saos.org.pl/judgments/355568
335026|2018-02-26|SO|II AKa 384/17|Wyrok|56|https://www.saos.org.pl/judgments/335026
413299|2018-02-22|SO|II AKa 540/17|Wyrok|56|https://www.saos.org.pl/judgments/413299
345616|2018-02-22|SO|I ACa 846/17|Wyrok|56|https://www.saos.org.pl/judgments/345616
332970|2018-02-14|SO|II AKa 463/17|Wyrok|56|https://www.saos.org.pl/judgments/332970
339437|2018-02-09|SO|I ACa 936/17|Wyrok|56|https://www.saos.org.pl/judgments/339437
411083|2018-02-08|SO|II AKa 256/17|Wyrok|56|https://www.saos.org.pl/judgments/411083
332626|2018-01-31|SO|II AKa 208/17|Wyrok|56|https://www.saos.org.pl/judgments/332626
332629|2018-01-30|SO|II AKa 218/17|Wyrok|56|https://www.saos.org.pl/judgments/332629
327218|2018-01-24|SO|III APa 25/17|Wyrok|56|https://www.saos.org.pl/judgments/327218
325673|2018-01-11|SO|II AKa 562/17|Wyrok|56|https://www.saos.org.pl/judgments/325673
439822|2017-12-29|SO|II AKa 506/17|Wyrok|56|https://www.saos.org.pl/judgments/439822
330268|2017-12-28|SO|II AKa 252/17|Wyrok|56|https://www.saos.org.pl/judgments/330268
327159|2017-12-22|SO|II AKa 377/17|Wyrok|56|https://www.saos.org.pl/judgments/327159
399520|2017-12-21|SO|II AKa 228/17|Wyrok|56|https://www.saos.org.pl/judgments/399520
425198|2017-12-14|SO|II AKa 246/17|Wyrok|56|https://www.saos.org.pl/judgments/425198
322834|2017-12-14|SO|II AKa 360/17|Wyrok|56|https://www.saos.org.pl/judgments/322834
322833|2017-12-14|SO|II AKa 355/17|Wyrok|56|https://www.saos.org.pl/judgments/322833
425818|2017-12-07|SO|II AKa 450/17|Wyrok|56|https://www.saos.org.pl/judgments/425818
318135|2017-11-24|SO|II AKa 291/17|Wyrok|56|https://www.saos.org.pl/judgments/318135
317338|2017-11-22|SO|II AKa 341/17|Wyrok|56|https://www.saos.org.pl/judgments/317338
327497|2017-11-20|SO|II AKa 60/17|Wyrok|56|https://www.saos.org.pl/judgments/327497
333627|2017-11-16|SO|II AKa 348/17|Wyrok|56|https://www.saos.org.pl/judgments/333627
319470|2017-11-16|SO|II AKa 302/17|Wyrok|56|https://www.saos.org.pl/judgments/319470
327154|2017-11-06|SO|II AKa 330/17|Wyrok|56|https://www.saos.org.pl/judgments/327154
316247|2017-11-06|SO|II AKa 270/17|Wyrok|56|https://www.saos.org.pl/judgments/316247
315970|2017-11-03|SO|I ACa 608/17|Wyrok|56|https://www.saos.org.pl/judgments/315970
323490|2017-10-26|SO|II AKa 442/17|Wyrok|56|https://www.saos.org.pl/judgments/323490
318603|2017-10-26|SO|II AKa 289/17|Wyrok|56|https://www.saos.org.pl/judgments/318603
317328|2017-10-25|SO|II AKa 298/17|Wyrok|56|https://www.saos.org.pl/judgments/317328
317124|2017-10-19|SO|I ACa 357/17|Wyrok|56|https://www.saos.org.pl/judgments/317124
317327|2017-10-18|SO|II AKa 279/17|Wyrok|56|https://www.saos.org.pl/judgments/317327
313845|2017-10-17|SO|II AKa 148/17|Wyrok|56|https://www.saos.org.pl/judgments/313845
312603|2017-10-12|SO|II AKa 123/17|Wyrok|56|https://www.saos.org.pl/judgments/312603
318352|2017-10-11|SO|II AKa 183/17|Wyrok|56|https://www.saos.org.pl/judgments/318352
313847|2017-10-11|SO|II AKa 231/17|Wyrok|56|https://www.saos.org.pl/judgments/313847
315694|2017-10-09|SO|II AKa 310/17|Wyrok|56|https://www.saos.org.pl/judgments/315694
331307|2017-09-26|SO|I ACa 342/17|Wyrok|56|https://www.saos.org.pl/judgments/331307
315966|2017-09-20|SO|I ACa 499/17|Wyrok|56|https://www.saos.org.pl/judgments/315966
304923|2017-09-20|SO|II AKa 154/17|Wyrok|56|https://www.saos.org.pl/judgments/304923
308049|2017-09-15|SO|II AKa 238/17|Wyrok|56|https://www.saos.org.pl/judgments/308049
310178|2017-09-14|SO|II AKa 231/17|Wyrok|56|https://www.saos.org.pl/judgments/310178
316251|2017-09-12|SO|II AKa 388/16|Wyrok|56|https://www.saos.org.pl/judgments/316251
310174|2017-09-12|SO|II AKa 223/17|Wyrok|56|https://www.saos.org.pl/judgments/310174
304927|2017-09-07|SO|II AKa 175/17|Wyrok|56|https://www.saos.org.pl/judgments/304927
308047|2017-09-04|SO|II AKa 172/17|Wyrok|56|https://www.saos.org.pl/judgments/308047
304931|2017-09-01|SO|II AKa 184/17|Wyrok|56|https://www.saos.org.pl/judgments/304931
314369|2017-08-31|SO|II AKa 22/17|Wyrok|56|https://www.saos.org.pl/judgments/314369
310170|2017-08-31|SO|II AKa 214/17|Wyrok|56|https://www.saos.org.pl/judgments/310170
304913|2017-08-31|SO|II AKa 100/17|Wyrok|56|https://www.saos.org.pl/judgments/304913
310993|2017-08-22|SO|II AKa 174/17|Wyrok|56|https://www.saos.org.pl/judgments/310993
304940|2017-08-17|SO|II AKa 215/17|Wyrok|56|https://www.saos.org.pl/judgments/304940
301074|2017-08-08|SO|II AKa 156/17|Wyrok|56|https://www.saos.org.pl/judgments/301074
333924|2017-07-13|SO|II AKa 415/16|Wyrok|56|https://www.saos.org.pl/judgments/333924
317489|2017-07-13|SO|III APa 7/17|Wyrok|56|https://www.saos.org.pl/judgments/317489
302642|2017-07-13|SO|I ACa 1058/16|Wyrok|56|https://www.saos.org.pl/judgments/302642
296107|2017-07-12|SO|II AKa 194/17|Wyrok|56|https://www.saos.org.pl/judgments/296107
397123|2017-07-07|SO|II AKa 97/17|Wyrok|56|https://www.saos.org.pl/judgments/397123
295032|2017-07-07|SO|II AKa 161/17|Wyrok|56|https://www.saos.org.pl/judgments/295032
399493|2017-07-04|SO|II AKa 130/17|Wyrok|56|https://www.saos.org.pl/judgments/399493
304924|2017-06-28|SO|II AKa 159/17|Wyrok|56|https://www.saos.org.pl/judgments/304924
369497|2017-06-22|SO|II AKa 89/17|Wyrok|56|https://www.saos.org.pl/judgments/369497
293105|2017-06-21|SO|II AKa 141/17|Wyrok|56|https://www.saos.org.pl/judgments/293105
292707|2017-06-14|SO|II AKa 81/17|Wyrok|56|https://www.saos.org.pl/judgments/292707
298900|2017-06-13|SO|II AKa 129/17|Wyrok|56|https://www.saos.org.pl/judgments/298900
298065|2017-06-12|SO|II AKa 404/16|Wyrok|56|https://www.saos.org.pl/judgments/298065
429005|2017-06-08|SO|V ACa 785/16|Wyrok|56|https://www.saos.org.pl/judgments/429005
304953|2017-06-08|SO|II AKa 91/17|Wyrok|56|https://www.saos.org.pl/judgments/304953
304244|2017-06-08|SO|I ACa 1213/16|Wyrok|56|https://www.saos.org.pl/judgments/304244
291911|2017-06-02|SO|I ACa 376/16|Wyrok|56|https://www.saos.org.pl/judgments/291911
292460|2017-05-31|SO|II AKa 62/17|Wyrok|56|https://www.saos.org.pl/judgments/292460
298451|2017-05-25|SO|II AKa 112/17|Wyrok|56|https://www.saos.org.pl/judgments/298451
296694|2017-05-12|SO|II AKa 47/17|Wyrok|56|https://www.saos.org.pl/judgments/296694
288402|2017-05-09|SO|II AKa 54/17|Wyrok|56|https://www.saos.org.pl/judgments/288402
288401|2017-04-28|SO|II AKa 41/17|Wyrok|56|https://www.saos.org.pl/judgments/288401
307402|2017-04-27|SO|II AKa 95/17|Wyrok|56|https://www.saos.org.pl/judgments/307402
289917|2017-04-13|SO|II AKa 61/17|Wyrok|56|https://www.saos.org.pl/judgments/289917
284411|2017-04-13|SO|II AKa 38/17|Wyrok|56|https://www.saos.org.pl/judgments/284411
289049|2017-04-12|SO|II AKa 18/17|Wyrok|56|https://www.saos.org.pl/judgments/289049
284412|2017-03-29|SO|II AKa 38/17|Wyrok|56|https://www.saos.org.pl/judgments/284412
284417|2017-03-24|SO|II AKa 45/17|Wyrok|56|https://www.saos.org.pl/judgments/284417
280676|2017-03-15|SO|II AKa 34/17|Wyrok|56|https://www.saos.org.pl/judgments/280676
283196|2017-03-09|SO|II AKa 13/17|Wyrok|56|https://www.saos.org.pl/judgments/283196
284403|2017-03-08|SO|II AKa 212/16|Wyrok|56|https://www.saos.org.pl/judgments/284403
281634|2017-03-08|SO|II AKa 14/17|Wyrok|56|https://www.saos.org.pl/judgments/281634
278324|2017-03-08|SO|II AKa 49/17|Wyrok|56|https://www.saos.org.pl/judgments/278324
282077|2017-03-02|SO|I ACa 1135/16|Wyrok|56|https://www.saos.org.pl/judgments/282077
273921|2017-03-01|SO|II AKa 2/17|Wyrok|56|https://www.saos.org.pl/judgments/273921
283468|2017-02-21|SO|II AKa 292/16|Wyrok|56|https://www.saos.org.pl/judgments/283468
429419|2017-02-09|SO|I ACa 868/16|Wyrok|56|https://www.saos.org.pl/judgments/429419
273897|2017-02-09|SO|II AKa 1/17|Wyrok|56|https://www.saos.org.pl/judgments/273897
269441|2017-01-18|SO|II AKa 466/16|Wyrok|56|https://www.saos.org.pl/judgments/269441
294287|2017-01-10|SO|II AKa 336/16|Wyrok|56|https://www.saos.org.pl/judgments/294287
269523|2016-12-30|SO|VI ACa 1529/15|Wyrok|56|https://www.saos.org.pl/judgments/269523
269175|2016-12-30|SO|II AKa 180/16|Wyrok|56|https://www.saos.org.pl/judgments/269175
280668|2016-12-29|SO|II AKa 260/16|Wyrok|56|https://www.saos.org.pl/judgments/280668
292703|2016-12-28|SO|II AKa 371/16|Wyrok|56|https://www.saos.org.pl/judgments/292703
273947|2016-12-28|SO|II AKa 395/16|Wyrok|56|https://www.saos.org.pl/judgments/273947
275509|2016-12-22|SO|II AKa 176/16|Wyrok|56|https://www.saos.org.pl/judgments/275509
271570|2016-12-16|SO|II AKa 325/16|Wyrok|56|https://www.saos.org.pl/judgments/271570
265394|2016-12-15|SO|II AKa 412/16|Wyrok|56|https://www.saos.org.pl/judgments/265394
269840|2016-12-14|SO|I ACa 618/16|Wyrok|56|https://www.saos.org.pl/judgments/269840
273916|2016-12-13|SO|II AKa 178/16|Wyrok|56|https://www.saos.org.pl/judgments/273916
269172|2016-12-08|SO|II AKa 134/16|Wyrok|56|https://www.saos.org.pl/judgments/269172
280663|2016-12-07|SO|II AKa 223/16|Wyrok|56|https://www.saos.org.pl/judgments/280663
275363|2016-11-30|SO|I ACa 515/16|Wyrok|56|https://www.saos.org.pl/judgments/275363
265259|2016-11-30|SO|I ACa 495/16|Wyrok|56|https://www.saos.org.pl/judgments/265259
263342|2016-11-30|SO|II AKa 242/16|Wyrok|56|https://www.saos.org.pl/judgments/263342
260047|2016-11-30|SO|I ACa 533/16|Wyrok|56|https://www.saos.org.pl/judgments/260047
267586|2016-11-29|SO|I ACa 599/16|Wyrok|56|https://www.saos.org.pl/judgments/267586
275508|2016-11-28|SO|II AKa 157/16|Wyrok|56|https://www.saos.org.pl/judgments/275508
270850|2016-11-24|SO|II AKa 148/16|Wyrok|56|https://www.saos.org.pl/judgments/270850
268507|2016-11-24|SO|II AKa 160/16|Wyrok|56|https://www.saos.org.pl/judgments/268507
260787|2016-11-14|SO|II AKa 343/16|Wyrok|56|https://www.saos.org.pl/judgments/260787
262392|2016-11-10|SO|II AKa 288/16|Wyrok|56|https://www.saos.org.pl/judgments/262392
268511|2016-11-08|SO|II AKa 224/15|Wyrok|56|https://www.saos.org.pl/judgments/268511
259457|2016-11-03|SO|II AKa 198/16|Wyrok|56|https://www.saos.org.pl/judgments/259457
261316|2016-10-27|SO|II AKa 153/16|Wyrok|56|https://www.saos.org.pl/judgments/261316
273907|2016-10-25|SO|II AKa 166/16|Wyrok|56|https://www.saos.org.pl/judgments/273907
267024|2016-10-25|SO|II AKa 252/16|Wyrok|56|https://www.saos.org.pl/judgments/267024
280661|2016-10-20|SO|II AKa 203/16|Wyrok|56|https://www.saos.org.pl/judgments/280661
258108|2016-10-14|SO|II AKa 301/16|Wyrok|56|https://www.saos.org.pl/judgments/258108
258854|2016-09-30|SO|II AKa 251/16|Wyrok|56|https://www.saos.org.pl/judgments/258854
472236|2016-09-26|SO|II AKa 121/16|Wyrok|56|https://www.saos.org.pl/judgments/472236
258363|2016-09-22|SO|I ACa 1895/15|Wyrok|56|https://www.saos.org.pl/judgments/258363
273914|2016-09-19|SO|II AKa 176/16|Wyrok|56|https://www.saos.org.pl/judgments/273914
273906|2016-09-19|SO|II AKa 165/16|Wyrok|56|https://www.saos.org.pl/judgments/273906
266461|2016-09-07|SO|II AKa 244/16|Wyrok|56|https://www.saos.org.pl/judgments/266461
251861|2016-09-07|SO|II AKa 216/16|Wyrok|56|https://www.saos.org.pl/judgments/251861
251858|2016-09-07|SO|II AKa 206/16|Wyrok|56|https://www.saos.org.pl/judgments/251858
252116|2016-09-01|SO|II AKa 286/16|Wyrok|56|https://www.saos.org.pl/judgments/252116
249617|2016-08-30|SO|II AKa 190/16|Wyrok|56|https://www.saos.org.pl/judgments/249617
258831|2016-08-23|SO|II AKa 191/16|Wyrok|56|https://www.saos.org.pl/judgments/258831
252112|2016-08-12|SO|II AKa 264/16|Wyrok|56|https://www.saos.org.pl/judgments/252112
248661|2016-08-04|SO|I ACa 1119/15|Wyrok|56|https://www.saos.org.pl/judgments/248661
259456|2016-07-21|SO|II AKa 157/16|Wyrok|56|https://www.saos.org.pl/judgments/259456
261312|2016-07-14|SO|II AKa 106/16|Wyrok|56|https://www.saos.org.pl/judgments/261312
248972|2016-07-14|SO|II AKa 73/16|Wyrok|56|https://www.saos.org.pl/judgments/248972
261329|2016-07-07|SO|II AKa 99/16|Wyrok|56|https://www.saos.org.pl/judgments/261329
286377|2016-06-30|SO|II AKa 118/16|Wyrok|56|https://www.saos.org.pl/judgments/286377
271577|2016-06-30|SO|II AKa 93/16|Wyrok|56|https://www.saos.org.pl/judgments/271577
246063|2016-06-30|SO|I ACa 287/16|Wyrok|56|https://www.saos.org.pl/judgments/246063
273957|2016-06-29|SO|II AKa 99/16|Wyrok|56|https://www.saos.org.pl/judgments/273957
258807|2016-06-29|SO|II AKa 129/16|Wyrok|56|https://www.saos.org.pl/judgments/258807
246889|2016-06-29|SO|II AKa 146/16|Wyrok|56|https://www.saos.org.pl/judgments/246889
250601|2016-06-23|SO|II AKa 88/16|Wyrok|56|https://www.saos.org.pl/judgments/250601
260442|2016-06-13|SO|II AKa 154/16|Wyrok|56|https://www.saos.org.pl/judgments/260442
258872|2016-06-08|SO|II AKa 75/16|Wyrok|56|https://www.saos.org.pl/judgments/258872
236627|2016-06-07|SO|II AKa 116/16|Wyrok|56|https://www.saos.org.pl/judgments/236627
258828|2016-06-03|SO|II AKa 182/16|Wyrok|56|https://www.saos.org.pl/judgments/258828
241597|2016-06-02|SO|II AKa 156/16|Wyrok|56|https://www.saos.org.pl/judgments/241597
250597|2016-05-31|SO|II AKa 76/16|Wyrok|56|https://www.saos.org.pl/judgments/250597
234996|2016-05-31|SO|II AKa 127/16|Wyrok|56|https://www.saos.org.pl/judgments/234996
233501|2016-05-31|SO|II AKa 126/16|Wyrok|56|https://www.saos.org.pl/judgments/233501
284419|2016-05-25|SO|II AKa 53/16|Wyrok|56|https://www.saos.org.pl/judgments/284419
259653|2016-05-25|SO|II AKa 143/16|Wyrok|56|https://www.saos.org.pl/judgments/259653
249168|2016-05-24|SO|II AKa 101/16|Wyrok|56|https://www.saos.org.pl/judgments/249168
260447|2016-05-23|SO|II AKa 91/16|Wyrok|56|https://www.saos.org.pl/judgments/260447
258813|2016-05-23|SO|II AKa 145/16|Wyrok|56|https://www.saos.org.pl/judgments/258813
258798|2016-05-23|SO|II AKa 113/16|Wyrok|56|https://www.saos.org.pl/judgments/258798
258808|2016-05-19|SO|II AKa 131/16|Wyrok|56|https://www.saos.org.pl/judgments/258808
230801|2016-05-19|SO|II AKa 65/16|Wyrok|56|https://www.saos.org.pl/judgments/230801
229397|2016-05-13|SO|II AKa 91/16|Wyrok|56|https://www.saos.org.pl/judgments/229397
227052|2016-05-10|SO|I ACa 87/16|Wyrok|56|https://www.saos.org.pl/judgments/227052
280685|2016-05-05|SO|II AKa 44/16|Wyrok|56|https://www.saos.org.pl/judgments/280685
235278|2016-04-26|SO|VI ACa 566/15|Wyrok|56|https://www.saos.org.pl/judgments/235278
231366|2016-04-21|SO|III APa 1/16|Wyrok|56|https://www.saos.org.pl/judgments/231366
225019|2016-04-21|SO|II AKa 85/16|Wyrok|56|https://www.saos.org.pl/judgments/225019
257242|2016-04-14|SO|II AKa 41/16|Wyrok|56|https://www.saos.org.pl/judgments/257242
235004|2016-04-12|SO|II AKa 48/16|Wyrok|56|https://www.saos.org.pl/judgments/235004
257243|2016-04-08|SO|II AKa 42/16|Wyrok|56|https://www.saos.org.pl/judgments/257243
231903|2016-03-31|SO|II AKa 176/15|Wyrok|56|https://www.saos.org.pl/judgments/231903
228218|2016-03-31|SO|I ACa 1721/15|Wyrok|56|https://www.saos.org.pl/judgments/228218
225004|2016-03-24|SO|II AKa 45/16|Wyrok|56|https://www.saos.org.pl/judgments/225004
221785|2016-03-22|SO|I ACa 860/15|Wyrok|56|https://www.saos.org.pl/judgments/221785
219207|2016-03-16|SO|II AKa 51/16|Wyrok|56|https://www.saos.org.pl/judgments/219207
218862|2016-03-16|SO|I ACa 1805/15|Wyrok|56|https://www.saos.org.pl/judgments/218862
246779|2016-03-15|SO|V ACa 794/15|Wyrok|56|https://www.saos.org.pl/judgments/246779
247616|2016-03-03|SO|II AKa 357/15|Wyrok|56|https://www.saos.org.pl/judgments/247616
223063|2016-03-03|SO|I ACa 756/15|Wyrok|56|https://www.saos.org.pl/judgments/223063
218424|2016-03-03|SO|II AKa 40/16|Wyrok|56|https://www.saos.org.pl/judgments/218424
233446|2016-03-02|SO|I ACa 1117/15|Wyrok|56|https://www.saos.org.pl/judgments/233446
224448|2016-03-01|SO|II AKa 202/15|Wyrok|56|https://www.saos.org.pl/judgments/224448
223110|2016-02-25|SO|II AKa 267/15|Wyrok|56|https://www.saos.org.pl/judgments/223110
263290|2016-02-24|SO|I ACa 874/15|Wyrok|56|https://www.saos.org.pl/judgments/263290
234865|2016-02-23|SO|II AKa 364/15|Wyrok|56|https://www.saos.org.pl/judgments/234865
224833|2016-02-23|SO|I ACa 860/15|Wyrok|56|https://www.saos.org.pl/judgments/224833
223872|2016-02-11|SO|II AKa 438/15|Wyrok|56|https://www.saos.org.pl/judgments/223872
212811|2016-02-11|SO|II AKa 10/16|Wyrok|56|https://www.saos.org.pl/judgments/212811
286380|2016-02-09|SO|II AKa 261/15|Wyrok|56|https://www.saos.org.pl/judgments/286380
211976|2016-02-04|SO|II AKa 1/16|Wyrok|56|https://www.saos.org.pl/judgments/211976
228777|2016-02-03|SO|II AKa 304/15|Wyrok|56|https://www.saos.org.pl/judgments/228777
223800|2016-01-28|SO|I ACa 863/15|Wyrok|56|https://www.saos.org.pl/judgments/223800
217977|2016-01-28|SO|II AKa 1/16|Wyrok|56|https://www.saos.org.pl/judgments/217977
207176|2016-01-26|SO|I ACa 173/15|Wyrok|56|https://www.saos.org.pl/judgments/207176
210867|2016-01-21|SO|II AKa 240/15|Wyrok|56|https://www.saos.org.pl/judgments/210867
204473|2016-01-20|SO|II AKa 338/15|Wyrok|56|https://www.saos.org.pl/judgments/204473
202804|2016-01-15|SO|II AKa 459/15|Wyrok|56|https://www.saos.org.pl/judgments/202804
204462|2016-01-14|SO|II AKa 280/15|Wyrok|56|https://www.saos.org.pl/judgments/204462
222348|2016-01-13|SO|I ACa 708/15|Wyrok|56|https://www.saos.org.pl/judgments/222348
216073|2015-12-30|SO|II AKa 397/15|Wyrok|56|https://www.saos.org.pl/judgments/216073
219192|2015-12-29|SO|II AKa 317/15|Wyrok|56|https://www.saos.org.pl/judgments/219192
220470|2015-12-17|SO|I ACa 713/15|Wyrok|56|https://www.saos.org.pl/judgments/220470
219191|2015-12-16|SO|II AKa 305/15|Wyrok|56|https://www.saos.org.pl/judgments/219191
202802|2015-12-15|SO|II AKa 435/15|Wyrok|56|https://www.saos.org.pl/judgments/202802
216071|2015-12-03|SO|II AKa 380/15|Wyrok|56|https://www.saos.org.pl/judgments/216071
218306|2015-12-01|SO|I ACa 517/15|Wyrok|56|https://www.saos.org.pl/judgments/218306
211532|2015-11-27|SO|II AKa 350/15|Wyrok|56|https://www.saos.org.pl/judgments/211532
192443|2015-11-19|SO|II AKa 184/15|Wyrok|56|https://www.saos.org.pl/judgments/192443
191545|2015-11-18|SO|II AKa 281/15|Wyrok|56|https://www.saos.org.pl/judgments/191545
196037|2015-11-12|SO|II AKa 249/15|Wyrok|56|https://www.saos.org.pl/judgments/196037
195783|2015-11-10|SO|I ACa 1007/15|Wyrok|56|https://www.saos.org.pl/judgments/195783
195826|2015-11-06|SO|I ACa 628/15|Wyrok|56|https://www.saos.org.pl/judgments/195826
204453|2015-11-05|SO|II AKa 175/15|Wyrok|56|https://www.saos.org.pl/judgments/204453
192072|2015-11-04|SO|I ACa 595/15|Wyrok|56|https://www.saos.org.pl/judgments/192072
195824|2015-10-29|SO|I ACa 594/15|Wyrok|56|https://www.saos.org.pl/judgments/195824
192440|2015-10-29|SO|II AKa 174/15|Wyrok|56|https://www.saos.org.pl/judgments/192440
190975|2015-10-29|SO|II AKa 185/15|Wyrok|56|https://www.saos.org.pl/judgments/190975
191286|2015-10-27|SO|II AKa 242/15|Wyrok|56|https://www.saos.org.pl/judgments/191286
212818|2015-10-20|SO|II AKa 326/15|Wyrok|56|https://www.saos.org.pl/judgments/212818
183004|2015-10-15|SO|II AKa 245/15|Wyrok|56|https://www.saos.org.pl/judgments/183004
182984|2015-10-15|SO|II AKa 224/15|Wyrok|56|https://www.saos.org.pl/judgments/182984
192451|2015-10-14|SO|II AKa 320/15|Wyrok|56|https://www.saos.org.pl/judgments/192451
191130|2015-10-12|SO|II AKa 236/15|Wyrok|56|https://www.saos.org.pl/judgments/191130
182998|2015-10-02|SO|II AKa 240/15|Wyrok|56|https://www.saos.org.pl/judgments/182998
195769|2015-09-30|SO|II AKa 238/15|Wyrok|56|https://www.saos.org.pl/judgments/195769
192449|2015-09-30|SO|II AKa 232/15|Wyrok|56|https://www.saos.org.pl/judgments/192449
216068|2015-09-24|SO|II AKa 200/15|Wyrok|56|https://www.saos.org.pl/judgments/216068
182980|2015-09-23|SO|II AKa 220/15|Wyrok|56|https://www.saos.org.pl/judgments/182980
182962|2015-09-23|SO|II AKa 201/15|Wyrok|56|https://www.saos.org.pl/judgments/182962
182953|2015-09-22|SO|II AKa 196/15|Wyrok|56|https://www.saos.org.pl/judgments/182953
219169|2015-09-16|SO|II AKa 143/15|Wyrok|56|https://www.saos.org.pl/judgments/219169
182989|2015-09-16|SO|II AKa 234/15|Wyrok|56|https://www.saos.org.pl/judgments/182989
181503|2015-09-15|SO|I ACa 723/15|Wyrok|56|https://www.saos.org.pl/judgments/181503
180548|2015-09-15|SO|II AKa 168/15|Wyrok|56|https://www.saos.org.pl/judgments/180548
198223|2015-09-11|SO|II AKa 127/15|Wyrok|56|https://www.saos.org.pl/judgments/198223
202787|2015-09-10|SO|II AKa 119/15|Wyrok|56|https://www.saos.org.pl/judgments/202787
179392|2015-09-10|SO|II AKa 162/15|Wyrok|56|https://www.saos.org.pl/judgments/179392
179155|2015-09-01|SO|I ACa 289/15|Wyrok|56|https://www.saos.org.pl/judgments/179155
182956|2015-08-27|SO|II AKa 197/15|Wyrok|56|https://www.saos.org.pl/judgments/182956
178574|2015-08-27|SO|II AKa 175/15|Wyrok|56|https://www.saos.org.pl/judgments/178574
178578|2015-08-26|SO|II AKa 195/15|Wyrok|56|https://www.saos.org.pl/judgments/178578
387222|2015-08-20|SO|II AKa 271/15|Wyrok|56|https://www.saos.org.pl/judgments/387222
177029|2015-08-20|SO|II AKa 174/15|Wyrok|56|https://www.saos.org.pl/judgments/177029
182942|2015-08-19|SO|II AKa 185/15|Wyrok|56|https://www.saos.org.pl/judgments/182942
182923|2015-08-19|SO|II AKa 162/15|Wyrok|56|https://www.saos.org.pl/judgments/182923
179385|2015-08-11|SO|II AKa 114/15|Wyrok|56|https://www.saos.org.pl/judgments/179385
182979|2015-07-29|SO|II AKa 22/15|Wyrok|56|https://www.saos.org.pl/judgments/182979
183057|2015-07-21|SO|II AKa 434/14|Wyrok|56|https://www.saos.org.pl/judgments/183057
182885|2015-07-09|SO|II AKa 114/15|Wyrok|56|https://www.saos.org.pl/judgments/182885
179387|2015-07-09|SO|II AKa 122/15|Wyrok|56|https://www.saos.org.pl/judgments/179387
221341|2015-07-08|SO|II AKa 220/15|Wyrok|56|https://www.saos.org.pl/judgments/221341
384151|2015-06-25|SO|II AKa 194/15|Wyrok|56|https://www.saos.org.pl/judgments/384151
183073|2015-06-25|SO|II AKa 72/15|Wyrok|56|https://www.saos.org.pl/judgments/183073
174044|2015-06-23|SO|II AKa 132/15|Wyrok|56|https://www.saos.org.pl/judgments/174044
177430|2015-06-22|SO|II AKa 70/15|Wyrok|56|https://www.saos.org.pl/judgments/177430
174047|2015-06-11|SO|II AKa 139/15|Wyrok|56|https://www.saos.org.pl/judgments/174047
170111|2015-06-11|SO|II AKa 137/15|Wyrok|56|https://www.saos.org.pl/judgments/170111
172303|2015-06-03|SO|I ACa 402/15|Wyrok|56|https://www.saos.org.pl/judgments/172303
216077|2015-06-01|SO|II AKa 451/14|Wyrok|56|https://www.saos.org.pl/judgments/216077
212812|2015-05-29|SO|II AKa 141/15|Wyrok|56|https://www.saos.org.pl/judgments/212812
170109|2015-05-27|SO|II AKa 125/15|Wyrok|56|https://www.saos.org.pl/judgments/170109
169334|2015-05-26|SO|II AKa 92/15|Wyrok|56|https://www.saos.org.pl/judgments/169334
219212|2015-05-21|SO|II AKa 68/15|Wyrok|56|https://www.saos.org.pl/judgments/219212
202811|2015-05-21|SO|II AKa 70/15|Wyrok|56|https://www.saos.org.pl/judgments/202811
169130|2015-05-21|SO|I ACa 104/15|Wyrok|56|https://www.saos.org.pl/judgments/169130
179030|2015-05-18|SO|II AKa 20/15|Wyrok|56|https://www.saos.org.pl/judgments/179030
179409|2015-05-14|SO|II AKa 73/15|Wyrok|56|https://www.saos.org.pl/judgments/179409
174070|2015-05-13|SO|II AKa 44/15|Wyrok|56|https://www.saos.org.pl/judgments/174070
169329|2015-05-13|SO|II AKa 80/15|Wyrok|56|https://www.saos.org.pl/judgments/169329
157081|2015-05-13|SO|II AKa 82/15|Wyrok|56|https://www.saos.org.pl/judgments/157081
155529|2015-05-13|SO|I ACa 16/15|Wyrok|56|https://www.saos.org.pl/judgments/155529
154150|2015-05-07|SO|II AKa 100/15|Wyrok|56|https://www.saos.org.pl/judgments/154150
153916|2015-05-06|SO|II AKa 100/15|Wyrok|56|https://www.saos.org.pl/judgments/153916
157080|2015-05-05|SO|II AKa 79/15|Wyrok|56|https://www.saos.org.pl/judgments/157080
153917|2015-04-24|SO|II AKa 76/15|Wyrok|56|https://www.saos.org.pl/judgments/153917
155437|2015-04-23|SO|II AKa 60/15|Wyrok|56|https://www.saos.org.pl/judgments/155437
151468|2015-04-21|SO|II AKa 52/15|Wyrok|56|https://www.saos.org.pl/judgments/151468
154180|2015-04-15|SO|II AKa 75/15|Wyrok|56|https://www.saos.org.pl/judgments/154180
152690|2015-04-15|SO|I ACa 76/15|Wyrok|56|https://www.saos.org.pl/judgments/152690
177429|2015-04-08|SO|II AKa 46/15|Wyrok|56|https://www.saos.org.pl/judgments/177429
154526|2015-04-02|SO|II AKa 446/14|Wyrok|56|https://www.saos.org.pl/judgments/154526
149873|2015-04-01|SO|II AKa 463/14|Wyrok|56|https://www.saos.org.pl/judgments/149873
154179|2015-03-31|SO|II AKa 73/14|Wyrok|56|https://www.saos.org.pl/judgments/154179
151619|2015-03-31|SO|I ACa 1327/14|Wyrok|56|https://www.saos.org.pl/judgments/151619
157891|2015-03-26|SO|II AKa 35/15|Wyrok|56|https://www.saos.org.pl/judgments/157891
183002|2015-03-25|SO|II AKa 244/14|Wyrok|56|https://www.saos.org.pl/judgments/183002
154152|2015-03-19|SO|II AKa 20/15|Wyrok|56|https://www.saos.org.pl/judgments/154152
150395|2015-03-18|SO|II AKa 53/15|Wyrok|56|https://www.saos.org.pl/judgments/150395
148137|2015-03-18|SO|II AKa 71/15|Wyrok|56|https://www.saos.org.pl/judgments/148137
148400|2015-03-17|SO|II AKa 22/15|Wyrok|56|https://www.saos.org.pl/judgments/148400
134654|2015-03-17|SO|II AKa 8/15|Wyrok|56|https://www.saos.org.pl/judgments/134654
153395|2015-03-13|SO|II AKa 147/14|Wyrok|56|https://www.saos.org.pl/judgments/153395
133598|2015-03-11|SO|II AKa 47/15|Wyrok|56|https://www.saos.org.pl/judgments/133598
155572|2015-03-06|SO|I ACa 938/14|Wyrok|56|https://www.saos.org.pl/judgments/155572
154525|2015-03-05|SO|II AKa 42/15|Wyrok|56|https://www.saos.org.pl/judgments/154525
135277|2015-03-05|SO|II AKa 37/15|Wyrok|56|https://www.saos.org.pl/judgments/135277
149066|2015-03-04|SO|II AKa 34/15|Wyrok|56|https://www.saos.org.pl/judgments/149066
154530|2015-02-27|SO|II AKa 6/15|Wyrok|56|https://www.saos.org.pl/judgments/154530
134513|2015-02-27|SO|II AKa 33/15|Wyrok|56|https://www.saos.org.pl/judgments/134513
150380|2015-02-26|SO|II AKa 275/14|Wyrok|56|https://www.saos.org.pl/judgments/150380
133402|2015-02-26|SO|II AKa 11/15|Wyrok|56|https://www.saos.org.pl/judgments/133402
133967|2015-02-25|SO|II AKa 28/15|Wyrok|56|https://www.saos.org.pl/judgments/133967
131990|2015-02-20|SO|II AKa 5/15|Wyrok|56|https://www.saos.org.pl/judgments/131990
149596|2015-02-19|SO|I ACa 1686/14|Wyrok|56|https://www.saos.org.pl/judgments/149596
135279|2015-02-19|SO|II AKa 489/14|Wyrok|56|https://www.saos.org.pl/judgments/135279
134239|2015-02-18|SO|II AKa 291/14|Wyrok|56|https://www.saos.org.pl/judgments/134239
130167|2015-02-17|SO|II AKa 263/14|Wyrok|56|https://www.saos.org.pl/judgments/130167
210207|2015-02-12|SO|II AKa 264/14|Wyrok|56|https://www.saos.org.pl/judgments/210207
132836|2015-02-12|SO|II AKa 322/14|Wyrok|56|https://www.saos.org.pl/judgments/132836
149851|2015-02-11|SO|II AKa 11/15|Wyrok|56|https://www.saos.org.pl/judgments/149851
133405|2015-02-11|SO|II AKa 242/14|Wyrok|56|https://www.saos.org.pl/judgments/133405
130840|2015-02-11|SO|II AKa 447/14|Wyrok|56|https://www.saos.org.pl/judgments/130840
133841|2015-02-10|SO|II AKa 9/15|Wyrok|56|https://www.saos.org.pl/judgments/133841
210205|2015-02-05|SO|II AKa 255/14|Wyrok|56|https://www.saos.org.pl/judgments/210205
157889|2015-02-05|SO|II AKa 319/14|Wyrok|56|https://www.saos.org.pl/judgments/157889
192452|2015-02-04|SO|II AKa 425/14|Wyrok|56|https://www.saos.org.pl/judgments/192452
169321|2015-02-04|SO|II AKa 229/14|Wyrok|56|https://www.saos.org.pl/judgments/169321
133833|2015-02-04|SO|II AKa 16/15|Wyrok|56|https://www.saos.org.pl/judgments/133833
157051|2015-01-29|SO|I ACa 747/14|Wyrok|56|https://www.saos.org.pl/judgments/157051
154161|2015-01-27|SO|II AKa 315/14|Wyrok|56|https://www.saos.org.pl/judgments/154161
183037|2015-01-22|SO|II AKa 302/14|Wyrok|56|https://www.saos.org.pl/judgments/183037
134817|2015-01-22|SO|II AKa 307/14|Wyrok|56|https://www.saos.org.pl/judgments/134817
133839|2015-01-22|SO|II AKa 424/14|Wyrok|56|https://www.saos.org.pl/judgments/133839
133377|2015-01-22|SO|I ACa 1505/14|Wyrok|56|https://www.saos.org.pl/judgments/133377
130094|2015-01-21|SO|II AKa 308/14|Wyrok|56|https://www.saos.org.pl/judgments/130094
134268|2015-01-08|SO|III APa 25/14|Wyrok|56|https://www.saos.org.pl/judgments/134268
183049|2014-12-30|SO|II AKa 397/14|Wyrok|56|https://www.saos.org.pl/judgments/183049
131330|2014-12-30|SO|II AKa 399/14|Wyrok|56|https://www.saos.org.pl/judgments/131330
236870|2014-12-23|SO|II AKa 393/14|Wyrok|56|https://www.saos.org.pl/judgments/236870
129004|2014-12-19|SO|II AKa 427/14|Wyrok|56|https://www.saos.org.pl/judgments/129004
150369|2014-12-18|SO|II AKa 241/14|Wyrok|56|https://www.saos.org.pl/judgments/150369
152738|2014-12-15|SO|II AKa 169/14|Wyrok|56|https://www.saos.org.pl/judgments/152738
223303|2014-12-11|SO|II AKa 226/14|Wyrok|56|https://www.saos.org.pl/judgments/223303
150322|2014-12-11|SO|I ACa 678/14|Wyrok|56|https://www.saos.org.pl/judgments/150322
150313|2014-12-11|SO|I ACa 473/14|Wyrok|56|https://www.saos.org.pl/judgments/150313
125260|2014-12-11|SO|II AKa 249/14|Wyrok|56|https://www.saos.org.pl/judgments/125260
154896|2014-12-10|SO|II AKa 383/14|Wyrok|56|https://www.saos.org.pl/judgments/154896
75813|2014-12-10|SO|II AKa 288/14|Wyrok|56|https://www.saos.org.pl/judgments/75813
128144|2014-12-09|SO|II AKa 365/14|Wyrok|56|https://www.saos.org.pl/judgments/128144
125167|2014-12-05|SO|II AKa 388/14|Wyrok|56|https://www.saos.org.pl/judgments/125167
128614|2014-11-26|SO|II AKa 287/14|Wyrok|56|https://www.saos.org.pl/judgments/128614
127468|2014-11-26|SO|II AKa 235/14|Wyrok|56|https://www.saos.org.pl/judgments/127468
73589|2014-11-24|SO|II AKa 375/14|Wyrok|56|https://www.saos.org.pl/judgments/73589
131229|2014-11-21|SO|I ACa 712/14|Wyrok|56|https://www.saos.org.pl/judgments/131229
128442|2014-11-21|SO|I ACa 1105/14|Wyrok|56|https://www.saos.org.pl/judgments/128442
125010|2014-11-20|SO|II AKa 383/14|Wyrok|56|https://www.saos.org.pl/judgments/125010
72527|2014-11-19|SO|II AKa 345/14|Wyrok|56|https://www.saos.org.pl/judgments/72527
384941|2014-11-14|SO|II AKa 360/14|Wyrok|56|https://www.saos.org.pl/judgments/384941
73578|2014-11-12|SO|II AKa 216/14|Wyrok|56|https://www.saos.org.pl/judgments/73578
71966|2014-11-07|SO|II AKa 285/14|Wyrok|56|https://www.saos.org.pl/judgments/71966
70382|2014-11-06|SO|II AKa 191/14|Wyrok|56|https://www.saos.org.pl/judgments/70382
177818|2014-11-05|SO|II AKa 309/14|Wyrok|56|https://www.saos.org.pl/judgments/177818
70189|2014-11-05|SO|II AKa 341/14|Wyrok|56|https://www.saos.org.pl/judgments/70189
152741|2014-10-30|SO|II AKa 233/14|Wyrok|56|https://www.saos.org.pl/judgments/152741
128370|2014-10-30|SO|II AKa 208/14|Wyrok|56|https://www.saos.org.pl/judgments/128370
150351|2014-10-29|SO|II AKa 173/14|Wyrok|56|https://www.saos.org.pl/judgments/150351
125048|2014-10-29|SO|II AKa 212/14|Wyrok|56|https://www.saos.org.pl/judgments/125048
74178|2014-10-28|SO|II AKa 312/14|Wyrok|56|https://www.saos.org.pl/judgments/74178
150353|2014-10-23|SO|II AKa 177/14|Wyrok|56|https://www.saos.org.pl/judgments/150353
125045|2014-10-23|SO|II AKa 175/14|Wyrok|56|https://www.saos.org.pl/judgments/125045
131404|2014-10-21|SO|II AKa 200/14|Wyrok|56|https://www.saos.org.pl/judgments/131404
69888|2014-10-21|SO|II AKa 304/14|Wyrok|56|https://www.saos.org.pl/judgments/69888
128371|2014-10-16|SO|II AKa 230/14|Wyrok|56|https://www.saos.org.pl/judgments/128371
69659|2014-10-16|SO|II AKa 170/14|Wyrok|56|https://www.saos.org.pl/judgments/69659
69658|2014-10-16|SO|II AKa 168/14|Wyrok|56|https://www.saos.org.pl/judgments/69658
69131|2014-10-14|SO|II AKa 192/14|Wyrok|56|https://www.saos.org.pl/judgments/69131
179396|2014-10-13|SO|II AKa 187/14|Wyrok|56|https://www.saos.org.pl/judgments/179396
65571|2014-10-08|SO|II AKa 297/14|Wyrok|56|https://www.saos.org.pl/judgments/65571
66684|2014-10-07|SO|II AKa 198/14|Wyrok|56|https://www.saos.org.pl/judgments/66684
68325|2014-09-30|SO|II AKa 261/14|Wyrok|56|https://www.saos.org.pl/judgments/68325
68324|2014-09-24|SO|II AKa 257/14|Wyrok|56|https://www.saos.org.pl/judgments/68324
65563|2014-09-19|SO|II AKa 164/14|Wyrok|56|https://www.saos.org.pl/judgments/65563
64465|2014-09-19|SO|II AKa 14/14|Wyrok|56|https://www.saos.org.pl/judgments/64465
64735|2014-09-18|SO|II AKa 143/14|Wyrok|56|https://www.saos.org.pl/judgments/64735
66025|2014-09-17|SO|II AKa 193/14|Wyrok|56|https://www.saos.org.pl/judgments/66025
65326|2014-09-17|SO|II AKa 140/14|Wyrok|56|https://www.saos.org.pl/judgments/65326
175720|2014-09-16|SO|II AKa 285/14|Wyrok|56|https://www.saos.org.pl/judgments/175720
149062|2014-09-11|SO|II AKa 241/14|Wyrok|56|https://www.saos.org.pl/judgments/149062
125163|2014-09-11|SO|II AKa 121/14|Wyrok|56|https://www.saos.org.pl/judgments/125163
63434|2014-09-11|SO|II AKa 184/14|Wyrok|56|https://www.saos.org.pl/judgments/63434
63433|2014-09-09|SO|II AKa 154/14|Wyrok|56|https://www.saos.org.pl/judgments/63433
133404|2014-09-04|SO|II AKa 170/14|Wyrok|56|https://www.saos.org.pl/judgments/133404
175719|2014-08-27|SO|II AKa 211/14|Wyrok|56|https://www.saos.org.pl/judgments/175719
61656|2014-08-27|SO|II AKa 178/14|Wyrok|56|https://www.saos.org.pl/judgments/61656
65327|2014-08-26|SO|II AKa 157/14|Wyrok|56|https://www.saos.org.pl/judgments/65327
64122|2014-08-26|SO|II AKa 166/14|Wyrok|56|https://www.saos.org.pl/judgments/64122
62042|2014-08-14|SO|II AKa 215/14|Wyrok|56|https://www.saos.org.pl/judgments/62042
147911|2014-07-31|SO|II AKa 147/14|Wyrok|56|https://www.saos.org.pl/judgments/147911
61588|2014-07-31|SO|II AKa 207/14|Wyrok|56|https://www.saos.org.pl/judgments/61588
57511|2014-07-31|SO|II AKa 211/14|Wyrok|56|https://www.saos.org.pl/judgments/57511
58037|2014-07-30|SO|II AKa 153/14|Wyrok|56|https://www.saos.org.pl/judgments/58037
58617|2014-07-17|SO|II AKa 190/14|Wyrok|56|https://www.saos.org.pl/judgments/58617
58313|2014-07-17|SO|II AKa 127/14|Wyrok|56|https://www.saos.org.pl/judgments/58313
70379|2014-07-16|SO|II AKa 135/14|Wyrok|56|https://www.saos.org.pl/judgments/70379
60072|2014-07-16|SO|II AKa 193/14|Wyrok|56|https://www.saos.org.pl/judgments/60072
147852|2014-07-08|SO|II AKa 126/14|Wyrok|56|https://www.saos.org.pl/judgments/147852
147761|2014-06-30|SO|II AKa 78/14|Wyrok|56|https://www.saos.org.pl/judgments/147761
67247|2014-06-30|SO|I ACa 591/14|Wyrok|56|https://www.saos.org.pl/judgments/67247
147963|2014-06-26|SO|II AKa 110/14|Wyrok|56|https://www.saos.org.pl/judgments/147963
147851|2014-06-26|SO|II AKa 125/14|Wyrok|56|https://www.saos.org.pl/judgments/147851
64103|2014-06-25|SO|I ACa 197/14|Wyrok|56|https://www.saos.org.pl/judgments/64103
59108|2014-06-25|SO|II AKa 118/14|Wyrok|56|https://www.saos.org.pl/judgments/59108
58990|2014-06-25|SO|II AKa 155/14|Wyrok|56|https://www.saos.org.pl/judgments/58990
147522|2014-06-23|SO|II AKa 157/14|Wyrok|56|https://www.saos.org.pl/judgments/147522
60097|2014-06-18|SO|II AKa 94/14|Wyrok|56|https://www.saos.org.pl/judgments/60097
58613|2014-06-18|SO|II AKa 157/14|Wyrok|56|https://www.saos.org.pl/judgments/58613
57992|2014-06-18|SO|II AKa 118/14|Wyrok|56|https://www.saos.org.pl/judgments/57992
147845|2014-06-17|SO|II AKa 102/14|Wyrok|56|https://www.saos.org.pl/judgments/147845
147430|2014-06-17|SO|II AKa 107/14|Wyrok|56|https://www.saos.org.pl/judgments/147430
147428|2014-06-17|SO|II AKa 104/14|Wyrok|56|https://www.saos.org.pl/judgments/147428
63431|2014-06-17|SO|II AKa 114/14|Wyrok|56|https://www.saos.org.pl/judgments/63431
147849|2014-06-13|SO|II AKa 120/14|Wyrok|56|https://www.saos.org.pl/judgments/147849
147972|2014-06-12|SO|II AKa 97/14|Wyrok|56|https://www.saos.org.pl/judgments/147972
147962|2014-06-12|SO|II AKa 100/14|Wyrok|56|https://www.saos.org.pl/judgments/147962
147883|2014-06-10|SO|II AKa 80/14|Wyrok|56|https://www.saos.org.pl/judgments/147883
146931|2014-06-05|SO|II AKa 136/14|Wyrok|56|https://www.saos.org.pl/judgments/146931
147880|2014-06-03|SO|II AKa 69/14|Wyrok|56|https://www.saos.org.pl/judgments/147880
147380|2014-06-03|SO|II AKa 102/14|Wyrok|56|https://www.saos.org.pl/judgments/147380
147400|2014-05-29|SO|II AKa 136/14|Wyrok|56|https://www.saos.org.pl/judgments/147400
146910|2014-05-29|SO|II AKa 76/14|Wyrok|56|https://www.saos.org.pl/judgments/146910
52469|2014-05-29|SO|V ACa 32/14|Wyrok|56|https://www.saos.org.pl/judgments/52469
147843|2014-05-28|SO|II AKa 368/13|Wyrok|56|https://www.saos.org.pl/judgments/147843
147419|2014-05-28|SO|II AKa 132/14|Wyrok|56|https://www.saos.org.pl/judgments/147419
381501|2014-05-23|SO|II AKa 116/14|Wyrok|56|https://www.saos.org.pl/judgments/381501
146818|2014-05-23|SO|II AKa 127/14|Wyrok|56|https://www.saos.org.pl/judgments/146818
146381|2014-05-20|SO|II AKa 91/14|Wyrok|56|https://www.saos.org.pl/judgments/146381
74264|2014-05-20|SO|I ACa 365/14|Wyrok|56|https://www.saos.org.pl/judgments/74264
146677|2014-05-19|SO|II AKa 96/14|Wyrok|56|https://www.saos.org.pl/judgments/146677
147004|2014-05-15|SO|II AKa 78/14|Wyrok|56|https://www.saos.org.pl/judgments/147004
66226|2014-05-15|SO|II AKa 101/13|Wyrok|56|https://www.saos.org.pl/judgments/66226
49442|2014-05-15|SO|I ACa 1487/13|Wyrok|56|https://www.saos.org.pl/judgments/49442
146471|2014-05-14|SO|II AKa 67/14|Wyrok|56|https://www.saos.org.pl/judgments/146471
147174|2014-05-13|SO|II AKa 77/14|Wyrok|56|https://www.saos.org.pl/judgments/147174
146338|2014-05-08|SO|II AKa 62/14|Wyrok|56|https://www.saos.org.pl/judgments/146338
146337|2014-04-30|SO|II AKa 58/14|Wyrok|56|https://www.saos.org.pl/judgments/146337
146046|2014-04-24|SO|II AKa 65/14|Wyrok|56|https://www.saos.org.pl/judgments/146046
146675|2014-04-16|SO|II AKa 61/14|Wyrok|56|https://www.saos.org.pl/judgments/146675
146086|2014-04-15|SO|II AKa 60/14|Wyrok|56|https://www.saos.org.pl/judgments/146086
146043|2014-04-10|SO|II AKa 83/14|Wyrok|56|https://www.saos.org.pl/judgments/146043
145891|2014-04-10|SO|II AKa 74/14|Wyrok|56|https://www.saos.org.pl/judgments/145891
145804|2014-04-09|SO|II AKa 70/14|Wyrok|56|https://www.saos.org.pl/judgments/145804
145390|2014-04-03|SO|II AKa 40/14|Wyrok|56|https://www.saos.org.pl/judgments/145390
147873|2014-04-02|SO|II AKa 277/13|Wyrok|56|https://www.saos.org.pl/judgments/147873
146335|2014-03-27|SO|II AKa 36/14|Wyrok|56|https://www.saos.org.pl/judgments/146335
145514|2014-03-26|SO|II AKa 466/13|Wyrok|56|https://www.saos.org.pl/judgments/145514
144906|2014-03-21|SO|II AKa 56/14|Wyrok|56|https://www.saos.org.pl/judgments/144906
383284|2014-03-20|SO|II AKa 25/14|Wyrok|56|https://www.saos.org.pl/judgments/383284
145154|2014-03-20|SO|II AKa 56/14|Wyrok|56|https://www.saos.org.pl/judgments/145154
43509|2014-03-20|SO|III APa 36/13|Wyrok|56|https://www.saos.org.pl/judgments/43509
145105|2014-03-19|SO|II AKa 35/14|Wyrok|56|https://www.saos.org.pl/judgments/145105
436959|2014-03-18|SO|II AKa 384/13|Wyrok|56|https://www.saos.org.pl/judgments/436959
145547|2014-03-13|SO|II AKa 16/14|Wyrok|56|https://www.saos.org.pl/judgments/145547
144491|2014-03-12|SO|II AKa 51/14|Wyrok|56|https://www.saos.org.pl/judgments/144491
144374|2014-03-11|SO|II AKa 2/14|Wyrok|56|https://www.saos.org.pl/judgments/144374
147875|2014-03-04|SO|II AKa 36/14|Wyrok|56|https://www.saos.org.pl/judgments/147875
144703|2014-03-04|SO|II AKa 34/14|Wyrok|56|https://www.saos.org.pl/judgments/144703
144050|2014-02-28|SO|II AKa 435/13|Wyrok|56|https://www.saos.org.pl/judgments/144050
146292|2014-02-27|SO|II AKa 14/14|Wyrok|56|https://www.saos.org.pl/judgments/146292
145548|2014-02-27|SO|II AKa 20/14|Wyrok|56|https://www.saos.org.pl/judgments/145548
145855|2014-02-25|SO|II AKa 15/14|Wyrok|56|https://www.saos.org.pl/judgments/145855
145521|2014-02-20|SO|II AKa 278/13|Wyrok|56|https://www.saos.org.pl/judgments/145521
39097|2014-02-20|SO|I ACa 1076/13|Wyrok|56|https://www.saos.org.pl/judgments/39097
144642|2014-02-19|SO|II AKa 20/14|Wyrok|56|https://www.saos.org.pl/judgments/144642
145857|2014-02-18|SO|II AKa 3/14|Wyrok|56|https://www.saos.org.pl/judgments/145857
145193|2014-02-18|SO|II AKa 19/14|Wyrok|56|https://www.saos.org.pl/judgments/145193
145584|2014-02-13|SO|II AKa 509/13|Wyrok|56|https://www.saos.org.pl/judgments/145584
144483|2014-02-11|SO|II AKa 254/13|Wyrok|56|https://www.saos.org.pl/judgments/144483
145786|2014-02-06|SO|II AKa 276/13|Wyrok|56|https://www.saos.org.pl/judgments/145786
144002|2014-02-06|SO|II AKa 503/13|Wyrok|56|https://www.saos.org.pl/judgments/144002
145818|2014-01-30|SO|II AKa 251/13|Wyrok|56|https://www.saos.org.pl/judgments/145818
42371|2014-01-30|SO|VI ACa 808/13|Wyrok|56|https://www.saos.org.pl/judgments/42371
143788|2014-01-29|SO|II AKa 436/13|Wyrok|56|https://www.saos.org.pl/judgments/143788
143272|2014-01-29|SO|II AKa 262/13|Wyrok|56|https://www.saos.org.pl/judgments/143272
144044|2014-01-28|SO|II AKa 272/13|Wyrok|56|https://www.saos.org.pl/judgments/144044
143358|2014-01-28|SO|II AKa 264/13|Wyrok|56|https://www.saos.org.pl/judgments/143358
142970|2014-01-23|SO|II AKa 256/13|Wyrok|56|https://www.saos.org.pl/judgments/142970
383283|2014-01-21|SO|II AKa 240/13|Wyrok|56|https://www.saos.org.pl/judgments/383283
147870|2014-01-21|SO|II AKa 259/13|Wyrok|56|https://www.saos.org.pl/judgments/147870
144730|2014-01-21|SO|II AKa 281/13|Wyrok|56|https://www.saos.org.pl/judgments/144730
143701|2014-01-09|SO|II AKa 459/13|Wyrok|56|https://www.saos.org.pl/judgments/143701
142887|2014-01-09|SO|II AKa 467/13|Wyrok|56|https://www.saos.org.pl/judgments/142887
38508|2014-01-09|SO|I ACa 476/13|Wyrok|56|https://www.saos.org.pl/judgments/38508
33537|2014-01-03|SO|I ACa 841/13|Wyrok|56|https://www.saos.org.pl/judgments/33537
143551|2013-12-30|SO|II AKa 419/13|Wyrok|56|https://www.saos.org.pl/judgments/143551
143549|2013-12-30|SO|II AKa 367/13|Wyrok|56|https://www.saos.org.pl/judgments/143549
142860|2013-12-30|SO|II AKa 416/13|Wyrok|56|https://www.saos.org.pl/judgments/142860
142789|2013-12-30|SO|II AKa 428/13|Wyrok|56|https://www.saos.org.pl/judgments/142789
145520|2013-12-27|SO|II AKa 215/13|Wyrok|56|https://www.saos.org.pl/judgments/145520
142824|2013-12-27|SO|II AKa 257/13|Wyrok|56|https://www.saos.org.pl/judgments/142824
143271|2013-12-23|SO|II AKa 251/13|Wyrok|56|https://www.saos.org.pl/judgments/143271
142582|2013-12-20|SO|II AKa 439/13|Wyrok|56|https://www.saos.org.pl/judgments/142582
142574|2013-12-19|SO|II AKa 248/13|Wyrok|56|https://www.saos.org.pl/judgments/142574
145669|2013-12-17|SO|II AKa 245/13|Wyrok|56|https://www.saos.org.pl/judgments/145669
142442|2013-12-13|SO|II AKa 410/13|Wyrok|56|https://www.saos.org.pl/judgments/142442
145856|2013-12-12|SO|II AKa 228/13|Wyrok|56|https://www.saos.org.pl/judgments/145856
143274|2013-12-12|SO|II AKa 409/13|Wyrok|56|https://www.saos.org.pl/judgments/143274
142454|2013-12-12|SO|II AKa 106/13|Wyrok|56|https://www.saos.org.pl/judgments/142454
142261|2013-12-12|SO|II AKa 244/13|Wyrok|56|https://www.saos.org.pl/judgments/142261
143273|2013-12-11|SO|II AKa 394/13|Wyrok|56|https://www.saos.org.pl/judgments/143273
142242|2013-12-04|SO|II AKa 387/13|Wyrok|56|https://www.saos.org.pl/judgments/142242
30628|2013-12-03|SO|I ACa 881/13|Wyrok|56|https://www.saos.org.pl/judgments/30628
30609|2013-12-03|SO|I ACa 637/13|Wyrok|56|https://www.saos.org.pl/judgments/30609
142541|2013-11-29|SO|II AKa 411/13|Wyrok|56|https://www.saos.org.pl/judgments/142541
141657|2013-11-29|SO|II AKa 388/13|Wyrok|56|https://www.saos.org.pl/judgments/141657
142012|2013-11-26|SO|II AKa 223/13|Wyrok|56|https://www.saos.org.pl/judgments/142012
35175|2013-11-21|SO|I ACa 524/13|Wyrok|56|https://www.saos.org.pl/judgments/35175
147859|2013-11-20|SO|II AKa 198/13|Wyrok|56|https://www.saos.org.pl/judgments/147859
142709|2013-11-20|SO|II AKa 353/13|Wyrok|56|https://www.saos.org.pl/judgments/142709
143357|2013-11-19|SO|II AKa 227/13|Wyrok|56|https://www.saos.org.pl/judgments/143357
141923|2013-11-19|SO|II AKa 317/13|Wyrok|56|https://www.saos.org.pl/judgments/141923
142398|2013-11-15|SO|II AKa 320/13|Wyrok|56|https://www.saos.org.pl/judgments/142398
142807|2013-11-14|SO|II AKa 203/13|Wyrok|56|https://www.saos.org.pl/judgments/142807
142806|2013-11-14|SO|II AKa 198/13|Wyrok|56|https://www.saos.org.pl/judgments/142806
142708|2013-11-14|SO|II AKa 344/13|Wyrok|56|https://www.saos.org.pl/judgments/142708
141507|2013-11-14|SO|II AKa 380/13|Wyrok|56|https://www.saos.org.pl/judgments/141507
142707|2013-11-13|SO|II AKa 334/13|Wyrok|56|https://www.saos.org.pl/judgments/142707
142214|2013-11-13|SO|II AKa 207/13|Wyrok|56|https://www.saos.org.pl/judgments/142214
141917|2013-11-13|SO|II AKa 197/13|Wyrok|56|https://www.saos.org.pl/judgments/141917
145668|2013-11-07|SO|II AKa 214/13|Wyrok|56|https://www.saos.org.pl/judgments/145668
144476|2013-11-05|SO|II AKa 198/13|Wyrok|56|https://www.saos.org.pl/judgments/144476
141306|2013-10-30|SO|II AKa 382/13|Wyrok|56|https://www.saos.org.pl/judgments/141306
142828|2013-10-28|SO|II AKa 331/13|Wyrok|56|https://www.saos.org.pl/judgments/142828
141018|2013-10-28|SO|II AKa 329/13|Wyrok|56|https://www.saos.org.pl/judgments/141018
141893|2013-10-23|SO|II AKa 318/13|Wyrok|56|https://www.saos.org.pl/judgments/141893
141187|2013-10-23|SO|II AKa 306/13|Wyrok|56|https://www.saos.org.pl/judgments/141187
143015|2013-10-22|SO|II AKa 304/13|Wyrok|56|https://www.saos.org.pl/judgments/143015
141622|2013-10-18|SO|II AKa 295/13|Wyrok|56|https://www.saos.org.pl/judgments/141622
141426|2013-10-17|SO|II AKa 163/13|Wyrok|56|https://www.saos.org.pl/judgments/141426
141183|2013-10-17|SO|II AKa 201/13|Wyrok|56|https://www.saos.org.pl/judgments/141183
141399|2013-10-16|SO|II AKa 304/13|Wyrok|56|https://www.saos.org.pl/judgments/141399
141207|2013-10-16|SO|II AKa 311/13|Wyrok|56|https://www.saos.org.pl/judgments/141207
141204|2013-10-16|SO|II AKa 300/13|Wyrok|56|https://www.saos.org.pl/judgments/141204
142141|2013-10-10|SO|II AKa 184/13|Wyrok|56|https://www.saos.org.pl/judgments/142141
140837|2013-10-04|SO|II AKa 287/13|Wyrok|56|https://www.saos.org.pl/judgments/140837
140916|2013-10-03|SO|II AKa 290/13|Wyrok|56|https://www.saos.org.pl/judgments/140916
141620|2013-09-30|SO|II AKa 250/13|Wyrok|56|https://www.saos.org.pl/judgments/141620
141733|2013-09-27|SO|II AKa 205/13|Wyrok|56|https://www.saos.org.pl/judgments/141733
141200|2013-09-27|SO|II AKa 282/13|Wyrok|56|https://www.saos.org.pl/judgments/141200
143192|2013-09-26|SO|II AKa 153/13|Wyrok|56|https://www.saos.org.pl/judgments/143192
140826|2013-09-25|SO|II AKa 131/13|Wyrok|56|https://www.saos.org.pl/judgments/140826
140734|2013-09-25|SO|II AKa 146/13|Wyrok|56|https://www.saos.org.pl/judgments/140734
140593|2013-09-25|SO|II AKa 154/13|Wyrok|56|https://www.saos.org.pl/judgments/140593
140918|2013-09-24|SO|II AKa 307/13|Wyrok|56|https://www.saos.org.pl/judgments/140918
140730|2013-09-19|SO|II AKa 106/13|Wyrok|56|https://www.saos.org.pl/judgments/140730
140683|2013-09-19|SO|II AKa 304/13|Wyrok|56|https://www.saos.org.pl/judgments/140683
21554|2013-09-19|SO|III APa 21/13|Wyrok|56|https://www.saos.org.pl/judgments/21554
140461|2013-09-18|SO|II AKa 254/13|Wyrok|56|https://www.saos.org.pl/judgments/140461
140340|2013-09-18|SO|II AKa 150/13|Wyrok|56|https://www.saos.org.pl/judgments/140340
141275|2013-09-17|SO|II AKa 142/13|Wyrok|56|https://www.saos.org.pl/judgments/141275
140764|2013-09-12|SO|II AKa 185/13|Wyrok|56|https://www.saos.org.pl/judgments/140764
140523|2013-09-12|SO|II AKa 257/13|Wyrok|56|https://www.saos.org.pl/judgments/140523
65190|2013-09-11|SO|II AKa 278/13|Wyrok|56|https://www.saos.org.pl/judgments/65190
140151|2013-09-10|SO|II AKa 121/13|Wyrok|56|https://www.saos.org.pl/judgments/140151
23499|2013-09-10|SO|I ACa 402/12|Wyrok|56|https://www.saos.org.pl/judgments/23499
387780|2013-09-05|SO|II AKa 137/13|Wyrok|56|https://www.saos.org.pl/judgments/387780
141250|2013-09-05|SO|II AKa 276/13|Wyrok|56|https://www.saos.org.pl/judgments/141250
140840|2013-09-04|SO|II AKa 246/13|Wyrok|56|https://www.saos.org.pl/judgments/140840
26567|2013-09-04|SO|III APa 4/13|Wyrok|56|https://www.saos.org.pl/judgments/26567
140479|2013-08-29|SO|II AKa 161/13|Wyrok|56|https://www.saos.org.pl/judgments/140479
24219|2013-08-29|SO|I ACa 270/13|Wyrok|56|https://www.saos.org.pl/judgments/24219
142263|2013-08-22|SO|II AKa 67/13|Wyrok|56|https://www.saos.org.pl/judgments/142263
140372|2013-08-21|SO|II AKa 188/13|Wyrok|56|https://www.saos.org.pl/judgments/140372
140297|2013-08-21|SO|II AKa 228/13|Wyrok|56|https://www.saos.org.pl/judgments/140297
140338|2013-08-20|SO|II AKa 147/13|Wyrok|56|https://www.saos.org.pl/judgments/140338
30238|2013-08-08|SO|I ACa 460/13|Wyrok|56|https://www.saos.org.pl/judgments/30238
140074|2013-08-06|SO|II AKa 135/13|Wyrok|56|https://www.saos.org.pl/judgments/140074
528196|2013-08-01|SO|II AKa 236/13|Wyrok|56|https://www.saos.org.pl/judgments/528196
143176|2013-07-24|SO|II AKa 64/13|Wyrok|56|https://www.saos.org.pl/judgments/143176
139868|2013-07-24|SO|II AKa 109/13|Wyrok|56|https://www.saos.org.pl/judgments/139868
140095|2013-07-17|SO|II AKa 161/13|Wyrok|56|https://www.saos.org.pl/judgments/140095
139674|2013-07-11|SO|II AKa 193/13|Wyrok|56|https://www.saos.org.pl/judgments/139674
142174|2013-07-10|SO|II AKa 119/13|Wyrok|56|https://www.saos.org.pl/judgments/142174
139922|2013-07-10|SO|II AKa 199/13|Wyrok|56|https://www.saos.org.pl/judgments/139922
139871|2013-07-10|SO|II AKa 131/13|Wyrok|56|https://www.saos.org.pl/judgments/139871
139743|2013-07-10|SO|II AKa 237/13|Wyrok|56|https://www.saos.org.pl/judgments/139743
139501|2013-07-10|SO|II AKa 110/13|Wyrok|56|https://www.saos.org.pl/judgments/139501
139915|2013-07-08|SO|II AKa 168/13|Wyrok|56|https://www.saos.org.pl/judgments/139915
142010|2013-07-04|SO|II AKa 151/13|Wyrok|56|https://www.saos.org.pl/judgments/142010
139636|2013-07-04|SO|II AKa 220/13|Wyrok|56|https://www.saos.org.pl/judgments/139636
18669|2013-07-03|SO|III APa 15/13|Wyrok|56|https://www.saos.org.pl/judgments/18669
140521|2013-06-27|SO|II AKa 184/13|Wyrok|56|https://www.saos.org.pl/judgments/140521
140171|2013-06-27|SO|II AKa 186/13|Wyrok|56|https://www.saos.org.pl/judgments/140171
139508|2013-06-27|SO|II AKa 109/13|Wyrok|56|https://www.saos.org.pl/judgments/139508
140343|2013-06-26|SO|II AKa 190/13|Wyrok|56|https://www.saos.org.pl/judgments/140343
139427|2013-06-26|SO|II AKa 97/13|Wyrok|56|https://www.saos.org.pl/judgments/139427
139080|2013-06-20|SO|II AKa 100/13|Wyrok|56|https://www.saos.org.pl/judgments/139080
140342|2013-06-19|SO|II AKa 178/13|Wyrok|56|https://www.saos.org.pl/judgments/140342
26566|2013-06-19|SO|III APa 2/13|Wyrok|56|https://www.saos.org.pl/judgments/26566
139560|2013-06-12|SO|II AKa 158/13|Wyrok|56|https://www.saos.org.pl/judgments/139560
141837|2013-06-06|SO|II AKa 84/13|Wyrok|56|https://www.saos.org.pl/judgments/141837
139692|2013-06-06|SO|II AKa 96/13|Wyrok|56|https://www.saos.org.pl/judgments/139692
33691|2013-06-06|SO|III APa 12/13|Wyrok|56|https://www.saos.org.pl/judgments/33691
139925|2013-06-05|SO|II AKa 54/13|Wyrok|56|https://www.saos.org.pl/judgments/139925
139236|2013-06-05|SO|II AKa 134/13|Wyrok|56|https://www.saos.org.pl/judgments/139236
142999|2013-06-04|SO|II AKa 97/12|Wyrok|56|https://www.saos.org.pl/judgments/142999
142996|2013-06-04|SO|II AKa 67/13|Wyrok|56|https://www.saos.org.pl/judgments/142996
139462|2013-06-04|SO|II AKa 48/13|Wyrok|56|https://www.saos.org.pl/judgments/139462
139243|2013-06-03|SO|II AKa 148/13|Wyrok|56|https://www.saos.org.pl/judgments/139243
19346|2013-06-03|SO|III APa 12/13|Wyrok|56|https://www.saos.org.pl/judgments/19346
139183|2013-05-29|SO|II AKa 149/13|Wyrok|56|https://www.saos.org.pl/judgments/139183
139406|2013-05-28|SO|II AKa 80/13|Wyrok|56|https://www.saos.org.pl/judgments/139406
14139|2013-05-24|SO|I ACa 9/13|Wyrok|56|https://www.saos.org.pl/judgments/14139
139379|2013-05-23|SO|II AKa 129/13|Wyrok|56|https://www.saos.org.pl/judgments/139379
139278|2013-05-22|SO|II AKa 151/13|Wyrok|56|https://www.saos.org.pl/judgments/139278
139888|2013-05-16|SO|II AKa 56/13|Wyrok|56|https://www.saos.org.pl/judgments/139888
139290|2013-05-15|SO|II AKa 98/13|Wyrok|56|https://www.saos.org.pl/judgments/139290
139194|2013-05-14|SO|II AKa 57/13|Wyrok|56|https://www.saos.org.pl/judgments/139194
141359|2013-05-09|SO|II AKa 284/12|Wyrok|56|https://www.saos.org.pl/judgments/141359
16359|2013-05-09|SO|VI ACa 1052/12|Wyrok|56|https://www.saos.org.pl/judgments/16359
18411|2013-05-08|SO|I ACa 499/12|Wyrok|56|https://www.saos.org.pl/judgments/18411
138868|2013-04-25|SO|II AKa 57/13|Wyrok|56|https://www.saos.org.pl/judgments/138868
138959|2013-04-24|SO|II AKa 54/13|Wyrok|56|https://www.saos.org.pl/judgments/138959
138937|2013-04-24|SO|II AKa 103/13|Wyrok|56|https://www.saos.org.pl/judgments/138937
138936|2013-04-24|SO|II AKa 100/13|Wyrok|56|https://www.saos.org.pl/judgments/138936
139159|2013-04-23|SO|II AKa 56/13|Wyrok|56|https://www.saos.org.pl/judgments/139159
138734|2013-04-19|SO|II AKa 12/13|Wyrok|56|https://www.saos.org.pl/judgments/138734
138952|2013-04-18|SO|II AKa 98/13|Wyrok|56|https://www.saos.org.pl/judgments/138952
138495|2013-04-18|SO|II AKa 92/13|Wyrok|56|https://www.saos.org.pl/judgments/138495
38497|2013-04-18|SO|I ACa 247/13|Wyrok|56|https://www.saos.org.pl/judgments/38497
138478|2013-04-16|SO|II AKa 50/13|Wyrok|56|https://www.saos.org.pl/judgments/138478
139507|2013-04-11|SO|II AKa 10/13|Wyrok|56|https://www.saos.org.pl/judgments/139507
138832|2013-04-11|SO|II AKa 40/13|Wyrok|56|https://www.saos.org.pl/judgments/138832
10730|2013-04-11|SO|I ACa 31/13|Wyrok|56|https://www.saos.org.pl/judgments/10730
139282|2013-04-10|SO|II AKa 87/13|Wyrok|56|https://www.saos.org.pl/judgments/139282
138201|2013-04-10|SO|II AKa 96/13|Wyrok|56|https://www.saos.org.pl/judgments/138201
138494|2013-04-09|SO|II AKa 81/13|Wyrok|56|https://www.saos.org.pl/judgments/138494
138197|2013-04-09|SO|II AKa 24/13|Wyrok|56|https://www.saos.org.pl/judgments/138197
138501|2013-04-05|SO|II AKa 91/13|Wyrok|56|https://www.saos.org.pl/judgments/138501
138105|2013-04-05|SO|II AKa 3/13|Wyrok|56|https://www.saos.org.pl/judgments/138105
138087|2013-04-03|SO|II AKa 37/13|Wyrok|56|https://www.saos.org.pl/judgments/138087
10821|2013-04-03|SO|I ACa 205/13|Wyrok|56|https://www.saos.org.pl/judgments/10821
141294|2013-04-02|SO|II AKa 399/12|Wyrok|56|https://www.saos.org.pl/judgments/141294
138359|2013-03-27|SO|II AKa 70/13|Wyrok|56|https://www.saos.org.pl/judgments/138359
17977|2013-03-27|SO|I ACa 850/12|Wyrok|56|https://www.saos.org.pl/judgments/17977
137919|2013-03-21|SO|II AKa 402/12|Wyrok|56|https://www.saos.org.pl/judgments/137919
137785|2013-03-19|SO|II AKa 47/13|Wyrok|56|https://www.saos.org.pl/judgments/137785
138802|2013-03-13|SO|II AKa 23/13|Wyrok|56|https://www.saos.org.pl/judgments/138802
138353|2013-03-13|SO|II AKa 45/13|Wyrok|56|https://www.saos.org.pl/judgments/138353
137744|2013-03-13|SO|II AKa 486/12|Wyrok|56|https://www.saos.org.pl/judgments/137744
137600|2013-03-13|SO|II AKa 33/13|Wyrok|56|https://www.saos.org.pl/judgments/137600
10475|2013-03-08|SO|I ACa 31/13|Wyrok|56|https://www.saos.org.pl/judgments/10475
137743|2013-03-07|SO|II AKa 470/12|Wyrok|56|https://www.saos.org.pl/judgments/137743
137489|2013-03-07|SO|II AKa 20/13|Wyrok|56|https://www.saos.org.pl/judgments/137489
137421|2013-03-07|SO|II AKa 27/13|Wyrok|56|https://www.saos.org.pl/judgments/137421
137521|2013-03-01|SO|II AKa 518/12|Wyrok|56|https://www.saos.org.pl/judgments/137521
142146|2013-02-27|SO|II AKa 477/12|Wyrok|56|https://www.saos.org.pl/judgments/142146
137938|2013-02-27|SO|II AKa 38/13|Wyrok|56|https://www.saos.org.pl/judgments/137938
137411|2013-02-19|SO|II AKa 13/13|Wyrok|56|https://www.saos.org.pl/judgments/137411
137082|2013-02-19|SO|II AKa 8/13|Wyrok|56|https://www.saos.org.pl/judgments/137082
137870|2013-02-14|SO|II AKa 15/13|Wyrok|56|https://www.saos.org.pl/judgments/137870
137337|2013-02-14|SO|II AKa 6/13|Wyrok|56|https://www.saos.org.pl/judgments/137337
136994|2013-02-14|SO|II AKa 299/12|Wyrok|56|https://www.saos.org.pl/judgments/136994
137161|2013-02-08|SO|II AKa 533/12|Wyrok|56|https://www.saos.org.pl/judgments/137161
142088|2013-02-07|SO|II AKa 302/12|Wyrok|56|https://www.saos.org.pl/judgments/142088
137990|2013-02-07|SO|II AKa 370/12|Wyrok|56|https://www.saos.org.pl/judgments/137990
5654|2013-02-06|SO|III APa 34/12|Wyrok|56|https://www.saos.org.pl/judgments/5654
137244|2013-01-30|SO|II AKa 387/12|Wyrok|56|https://www.saos.org.pl/judgments/137244
136911|2013-01-29|SO|II AKa 1/13|Wyrok|56|https://www.saos.org.pl/judgments/136911
137330|2013-01-25|SO|II AKa 397/12|Wyrok|56|https://www.saos.org.pl/judgments/137330
137246|2013-01-25|SO|II AKa 393/12|Wyrok|56|https://www.saos.org.pl/judgments/137246
138608|2013-01-23|SO|II AKa 2/13|Wyrok|56|https://www.saos.org.pl/judgments/138608
136950|2013-01-23|SO|II AKa 416/12|Wyrok|56|https://www.saos.org.pl/judgments/136950
136649|2013-01-23|SO|II AKa 237/12|Wyrok|56|https://www.saos.org.pl/judgments/136649
137089|2013-01-22|SO|II AKa 292/12|Wyrok|56|https://www.saos.org.pl/judgments/137089
136870|2013-01-16|SO|II AKa 469/12|Wyrok|56|https://www.saos.org.pl/judgments/136870
136860|2013-01-09|SO|II AKa 236/12|Wyrok|56|https://www.saos.org.pl/judgments/136860
136598|2012-12-28|SO|II AKa 383/12|Wyrok|56|https://www.saos.org.pl/judgments/136598
136547|2012-12-28|SO|II AKa 383/12|Wyrok|56|https://www.saos.org.pl/judgments/136547
136474|2012-12-28|SO|II AKa 248/12|Wyrok|56|https://www.saos.org.pl/judgments/136474
136572|2012-12-27|SO|II AKa 380/12|Wyrok|56|https://www.saos.org.pl/judgments/136572
137155|2012-12-20|SO|II AKa 373/12|Wyrok|56|https://www.saos.org.pl/judgments/137155
136624|2012-12-20|SO|II AKa 220/12|Wyrok|56|https://www.saos.org.pl/judgments/136624
136613|2012-12-20|SO|II AKa 288/12|Wyrok|56|https://www.saos.org.pl/judgments/136613
136517|2012-12-20|SO|II AKa 442/12|Wyrok|56|https://www.saos.org.pl/judgments/136517
136546|2012-12-17|SO|II AKa 332/12|Wyrok|56|https://www.saos.org.pl/judgments/136546
136369|2012-12-14|SO|II AKa 477/12|Wyrok|56|https://www.saos.org.pl/judgments/136369
136368|2012-12-14|SO|II AKa 432/12|Wyrok|56|https://www.saos.org.pl/judgments/136368
136502|2012-12-13|SO|II AKa 359/12|Wyrok|56|https://www.saos.org.pl/judgments/136502
136587|2012-12-12|SO|II AKa 220/12|Wyrok|56|https://www.saos.org.pl/judgments/136587
136500|2012-12-12|SO|II AKa 362/12|Wyrok|56|https://www.saos.org.pl/judgments/136500
136421|2012-12-10|SO|II AKa 363/12|Wyrok|56|https://www.saos.org.pl/judgments/136421
138824|2012-12-06|SO|II AKa 351/12|Wyrok|56|https://www.saos.org.pl/judgments/138824
136513|2012-12-06|SO|II AKa 277/12|Wyrok|56|https://www.saos.org.pl/judgments/136513
136341|2012-11-30|SO|II AKa 459/12|Wyrok|56|https://www.saos.org.pl/judgments/136341
136392|2012-11-29|SO|II AKa 239/12|Wyrok|56|https://www.saos.org.pl/judgments/136392
136275|2012-11-29|SO|II AKa 450/12|Wyrok|56|https://www.saos.org.pl/judgments/136275
136247|2012-11-28|SO|II AKa 255/12|Wyrok|56|https://www.saos.org.pl/judgments/136247
138555|2012-11-26|SO|II AKa 149/12|Wyrok|56|https://www.saos.org.pl/judgments/138555
136382|2012-11-22|SO|II AKa 343/12|Wyrok|56|https://www.saos.org.pl/judgments/136382
136276|2012-11-22|SO|II AKa 464/12|Wyrok|56|https://www.saos.org.pl/judgments/136276
136271|2012-11-22|SO|II AKa 417/12|Wyrok|56|https://www.saos.org.pl/judgments/136271
6648|2012-11-22|SO|III APa 25/12|Wyrok|56|https://www.saos.org.pl/judgments/6648
3243|2012-11-22|SO|V ACa 496/12|Wyrok|56|https://www.saos.org.pl/judgments/3243
137372|2012-11-21|SO|II AKa 334/12|Wyrok|56|https://www.saos.org.pl/judgments/137372
136622|2012-11-20|SO|II AKa 205/12|Wyrok|56|https://www.saos.org.pl/judgments/136622
136154|2012-11-19|SO|II AKa 195/12|Wyrok|56|https://www.saos.org.pl/judgments/136154
136256|2012-11-16|SO|II AKa 297/12|Wyrok|56|https://www.saos.org.pl/judgments/136256
29907|2012-11-14|SO|I ACa 543/12|Wyrok|56|https://www.saos.org.pl/judgments/29907
136251|2012-11-13|SO|II AKa 256/12|Wyrok|56|https://www.saos.org.pl/judgments/136251
138460|2012-11-09|SO|II AKa 283/12|Wyrok|56|https://www.saos.org.pl/judgments/138460
136124|2012-11-08|SO|II AKa 199/12|Wyrok|56|https://www.saos.org.pl/judgments/136124
136121|2012-11-08|SO|II AKa 156/12|Wyrok|56|https://www.saos.org.pl/judgments/136121
136270|2012-11-07|SO|II AKa 355/12|Wyrok|56|https://www.saos.org.pl/judgments/136270
136263|2012-11-06|SO|II AKo 129/12|Wyrok|56|https://www.saos.org.pl/judgments/136263
136226|2012-11-06|SO|II AKa 312/12|Wyrok|56|https://www.saos.org.pl/judgments/136226
136192|2012-11-06|SO|II AKa 323/12|Wyrok|56|https://www.saos.org.pl/judgments/136192
136158|2012-11-06|SO|II AKa 97/12|Wyrok|56|https://www.saos.org.pl/judgments/136158
136149|2012-11-06|SO|II AKa 311/12|Wyrok|56|https://www.saos.org.pl/judgments/136149
136095|2012-11-06|SO|II AKa 207/12|Wyrok|56|https://www.saos.org.pl/judgments/136095
136413|2012-10-31|SO|II AKa 121/12|Wyrok|56|https://www.saos.org.pl/judgments/136413
136171|2012-10-31|SO|II AKa 441/12|Wyrok|56|https://www.saos.org.pl/judgments/136171
136200|2012-10-26|SO|II AKa 307/12|Wyrok|56|https://www.saos.org.pl/judgments/136200
135765|2012-10-26|SO|II AKa 296/12|Wyrok|56|https://www.saos.org.pl/judgments/135765
135810|2012-10-25|SO|II AKa 394/12|Wyrok|56|https://www.saos.org.pl/judgments/135810
135718|2012-10-25|SO|II AKa 179/12|Wyrok|56|https://www.saos.org.pl/judgments/135718
135533|2012-10-25|SO|II AKa 161/12|Wyrok|56|https://www.saos.org.pl/judgments/135533
136373|2012-10-24|SO|II AKa 285/12|Wyrok|56|https://www.saos.org.pl/judgments/136373
136090|2012-10-18|SO|II AKa 243/12|Wyrok|56|https://www.saos.org.pl/judgments/136090
137406|2012-10-15|SO|II AKa 220/12|Wyrok|56|https://www.saos.org.pl/judgments/137406
377698|2012-10-11|SO|II AKa 313/12|Wyrok|56|https://www.saos.org.pl/judgments/377698
136156|2012-10-11|SO|II AKa 368/12|Wyrok|56|https://www.saos.org.pl/judgments/136156
135882|2012-10-10|SO|II AKa 275/12|Wyrok|56|https://www.saos.org.pl/judgments/135882
135795|2012-10-10|SO|II AKa 162/12|Wyrok|56|https://www.saos.org.pl/judgments/135795
136620|2012-10-09|SO|II AKa 329/12|Wyrok|56|https://www.saos.org.pl/judgments/136620
135805|2012-10-04|SO|II AKa 352/12|Wyrok|56|https://www.saos.org.pl/judgments/135805
135863|2012-09-26|SO|II AKa 218/12|Wyrok|56|https://www.saos.org.pl/judgments/135863
136122|2012-09-20|SO|II AKa 184/12|Wyrok|56|https://www.saos.org.pl/judgments/136122
135964|2012-09-20|SO|II AKa 254/12|Wyrok|56|https://www.saos.org.pl/judgments/135964
135874|2012-09-20|SO|II AKa 241/12|Wyrok|56|https://www.saos.org.pl/judgments/135874
135626|2012-09-20|SO|II AKa 194/12|Wyrok|56|https://www.saos.org.pl/judgments/135626
135736|2012-09-18|SO|II AKa 191/12|Wyrok|56|https://www.saos.org.pl/judgments/135736
135603|2012-09-18|SO|II AKa 183/12|Wyrok|56|https://www.saos.org.pl/judgments/135603
136935|2012-09-14|SO|II AKa 223/12|Wyrok|56|https://www.saos.org.pl/judgments/136935
135607|2012-09-13|SO|II AKa 192/12|Wyrok|56|https://www.saos.org.pl/judgments/135607
135565|2012-09-13|SO|II AKa 320/12|Wyrok|56|https://www.saos.org.pl/judgments/135565
136108|2012-09-12|SO|II AKa 275/12|Wyrok|56|https://www.saos.org.pl/judgments/136108
135676|2012-09-06|SO|II AKa 86/12|Wyrok|56|https://www.saos.org.pl/judgments/135676
135675|2012-09-06|SO|II AKa 83/12|Wyrok|56|https://www.saos.org.pl/judgments/135675
135875|2012-09-05|SO|II AKa 243/12|Wyrok|56|https://www.saos.org.pl/judgments/135875
135595|2012-08-30|SO|II AKa 165/12|Wyrok|56|https://www.saos.org.pl/judgments/135595
809|2012-08-30|SO|III APa 15/12|Wyrok|56|https://www.saos.org.pl/judgments/809
135868|2012-08-23|SO|II AKa 228/12|Wyrok|56|https://www.saos.org.pl/judgments/135868
135866|2012-08-23|SO|II AKa 222/12|Wyrok|56|https://www.saos.org.pl/judgments/135866
135707|2012-08-23|SO|II AKa 143/12|Wyrok|56|https://www.saos.org.pl/judgments/135707
135621|2012-08-21|SO|II AKa 95/12|Wyrok|56|https://www.saos.org.pl/judgments/135621
135601|2012-08-21|SO|II AKa 178/12|Wyrok|56|https://www.saos.org.pl/judgments/135601
135598|2012-08-21|SO|II AKa 173/12|Wyrok|56|https://www.saos.org.pl/judgments/135598
5145|2012-08-21|SO|III APa 22/12|Wyrok|56|https://www.saos.org.pl/judgments/5145
135859|2012-08-08|SO|II AKa 210/12|Wyrok|56|https://www.saos.org.pl/judgments/135859
135596|2012-08-07|SO|II AKa 167/12|Wyrok|56|https://www.saos.org.pl/judgments/135596
135952|2012-07-25|SO|II AKa 209/12|Wyrok|56|https://www.saos.org.pl/judgments/135952
136236|2012-07-19|SO|II AKa 221/12|Wyrok|56|https://www.saos.org.pl/judgments/136236
136315|2012-07-17|SO|II AKa 118/12|Wyrok|56|https://www.saos.org.pl/judgments/136315
136235|2012-07-12|SO|II AKa 215/12|Wyrok|56|https://www.saos.org.pl/judgments/136235
135946|2012-07-12|SO|II AKa 188/12|Wyrok|56|https://www.saos.org.pl/judgments/135946
135851|2012-07-12|SO|II AKa 194/12|Wyrok|56|https://www.saos.org.pl/judgments/135851
135850|2012-07-12|SO|II AKa 193/12|Wyrok|56|https://www.saos.org.pl/judgments/135850
135586|2012-06-26|SO|II AKa 136/12|Wyrok|56|https://www.saos.org.pl/judgments/135586
135828|2012-06-06|SO|II AKa 120/12|Wyrok|56|https://www.saos.org.pl/judgments/135828
136099|2012-06-05|SO|II AKa 175/12|Wyrok|56|https://www.saos.org.pl/judgments/136099
135923|2012-05-16|SO|II AKa 121/12|Wyrok|56|https://www.saos.org.pl/judgments/135923
135918|2012-05-09|SO|II AKa 113/12|Wyrok|56|https://www.saos.org.pl/judgments/135918
135826|2012-05-09|SO|II AKa 112/12|Wyrok|56|https://www.saos.org.pl/judgments/135826
135982|2012-04-25|SO|II AKa 405/11|Wyrok|56|https://www.saos.org.pl/judgments/135982
135910|2012-04-18|SO|II AKa 93/12|Wyrok|56|https://www.saos.org.pl/judgments/135910
2085|2012-04-11|SO|I ACa 552/11|Wyrok|56|https://www.saos.org.pl/judgments/2085
1922|2012-03-29|SO|I ACa 180/12|Wyrok|56|https://www.saos.org.pl/judgments/1922
135993|2012-03-15|SO|II AKa 55/12|Wyrok|56|https://www.saos.org.pl/judgments/135993
135978|2012-03-08|SO|II AKa 388/11|Wyrok|56|https://www.saos.org.pl/judgments/135978
135893|2012-02-29|SO|II AKa 31/12|Wyrok|56|https://www.saos.org.pl/judgments/135893
135881|2012-02-22|SO|II AKa 27/12|Wyrok|56|https://www.saos.org.pl/judgments/135881
135979|2012-01-31|SO|II AKa 400/11|Wyrok|56|https://www.saos.org.pl/judgments/135979
472560|2012-01-27|SO|II AKa 520/11|Wyrok|56|https://www.saos.org.pl/judgments/472560
246885|2011-04-28|SO|II AKa 113/11|Wyrok|56|https://www.saos.org.pl/judgments/246885
409310|2011-01-20|SO|II AKa 434/10|Wyrok|56|https://www.saos.org.pl/judgments/409310
409716|2010-12-08|SO|II AKa 192/10|Wyrok|56|https://www.saos.org.pl/judgments/409716
138395|2009-06-18|SO|II AKa 127/09|Wyrok|56|https://www.saos.org.pl/judgments/138395
53333|2008-12-04|SO|I ACa 388/08|Wyrok|56|https://www.saos.org.pl/judgments/53333
377704|2006-11-16|SO|II AKa 328/06|Wyrok|56|https://www.saos.org.pl/judgments/377704
407448|2006-11-09|SO|II AKa 323/06|Wyrok|56|https://www.saos.org.pl/judgments/407448
278891|2006-04-27|SO|II AKa 110/06|Wyrok|56|https://www.saos.org.pl/judgments/278891
417849|2006-02-16|SO|II AKa 15/06|Wyrok|56|https://www.saos.org.pl/judgments/417849
136339|2005-09-22|SO|II AKa 215/05|Wyrok|56|https://www.saos.org.pl/judgments/136339
139930|2005-07-07|SO|II AKa 213/05|Wyrok|56|https://www.saos.org.pl/judgments/139930
421465|2005-06-01|SO|II AKa 46/05|Wyrok|56|https://www.saos.org.pl/judgments/421465
540004|2005-03-10|SO|II AKa 404/04|Wyrok|56|https://www.saos.org.pl/judgments/540004
387228|2004-12-16|SO|II AKa 417/04|Wyrok|56|https://www.saos.org.pl/judgments/387228
150346|2004-07-08|SO|II AKa 139/04|Wyrok|56|https://www.saos.org.pl/judgments/150346
472559|2004-04-22|SO|II AKa 51/04|Wyrok|56|https://www.saos.org.pl/judgments/472559
135914|2004-03-19|SO|II AKa 1/04|Wyrok|56|https://www.saos.org.pl/judgments/135914
137520|2003-11-27|SO|II AKa 317/03|Wyrok|56|https://www.saos.org.pl/judgments/137520
407450|2003-11-20|SO|II AKa 391/03|Wyrok|56|https://www.saos.org.pl/judgments/407450
268973|2001-03-29|SO|II AKa 82/01|Wyrok|56|https://www.saos.org.pl/judgments/268973
525503|2023-09-06|SO|II AKz 1062/23|Postanowienie|47|https://www.saos.org.pl/judgments/525503
470484|2022-08-08|SO|II AKz 517/22|Postanowienie|47|https://www.saos.org.pl/judgments/470484
518984|2022-03-22|SO|II S 6/22|Postanowienie|47|https://www.saos.org.pl/judgments/518984
453602|2021-10-29|SO|II S 31/21|Postanowienie|47|https://www.saos.org.pl/judgments/453602
453601|2021-10-29|SO|II S 30/21|Postanowienie|47|https://www.saos.org.pl/judgments/453601
443949|2020-10-20|SO|II AKp 150/20|Postanowienie|47|https://www.saos.org.pl/judgments/443949
444216|2020-09-15|SO|II AKz 968/20|Postanowienie|47|https://www.saos.org.pl/judgments/444216
444190|2020-08-18|SO|II AKz 794/20|Postanowienie|47|https://www.saos.org.pl/judgments/444190
444197|2020-08-11|SO|II AKz 841/20|Postanowienie|47|https://www.saos.org.pl/judgments/444197
415760|2020-06-18|SO|II AKz 357/20|Postanowienie|47|https://www.saos.org.pl/judgments/415760
444206|2019-09-24|SO|II AKz 894/19|Postanowienie|47|https://www.saos.org.pl/judgments/444206
441246|2019-01-29|SO|II AKz 55/19|Postanowienie|47|https://www.saos.org.pl/judgments/441246
376614|2018-10-19|SO|I ACz 732/18|Postanowienie|47|https://www.saos.org.pl/judgments/376614
339494|2017-12-13|SO|II AKz 570/17|Postanowienie|47|https://www.saos.org.pl/judgments/339494
317322|2017-12-05|SO|II AKa 225/17|Postanowienie|47|https://www.saos.org.pl/judgments/317322
230804|2016-06-10|SO|II AKz 199/16|Postanowienie|47|https://www.saos.org.pl/judgments/230804
280805|2016-06-06|SO|II S 16/16|Postanowienie|47|https://www.saos.org.pl/judgments/280805
231363|2016-06-06|SO|II S 14/16|Postanowienie|47|https://www.saos.org.pl/judgments/231363
444402|2015-12-02|SO|II AKz 688/15|Postanowienie|47|https://www.saos.org.pl/judgments/444402
444129|2015-08-26|SO|II AKz 487/15|Postanowienie|47|https://www.saos.org.pl/judgments/444129
426060|2015-01-14|SO|II AKz 813/14|Postanowienie|47|https://www.saos.org.pl/judgments/426060
444171|2014-11-13|SO|II AKz 703/14|Postanowienie|47|https://www.saos.org.pl/judgments/444171
444169|2014-11-05|SO|II AKz 691/14|Postanowienie|47|https://www.saos.org.pl/judgments/444169
444385|2014-08-13|SO|II AKz 505/14|Postanowienie|47|https://www.saos.org.pl/judgments/444385
70702|2014-02-25|SO|II AKzw 46/14|Postanowienie|47|https://www.saos.org.pl/judgments/70702
32031|2013-12-18|SO|II S 37/13|Postanowienie|47|https://www.saos.org.pl/judgments/32031
141821|2013-11-28|SO|II AKz 422/13|Postanowienie|47|https://www.saos.org.pl/judgments/141821
138783|2013-04-05|SO|II AKz 106/13|Postanowienie|47|https://www.saos.org.pl/judgments/138783
135684|2012-10-11|SO|II AKz 138/12|Postanowienie|47|https://www.saos.org.pl/judgments/135684
544504|2026-02-27|SO|II AKa 3/26|Uzasadnienie|42|https://www.saos.org.pl/judgments/544504
544237|2026-01-29|SO|II AKa 287/25|Uzasadnienie|42|https://www.saos.org.pl/judgments/544237
543179|2026-01-29|SO|II AKa 70/23|Uzasadnienie|42|https://www.saos.org.pl/judgments/543179
540002|2025-12-05|SO|II AKa 156/25|Uzasadnienie|42|https://www.saos.org.pl/judgments/540002
538337|2025-10-10|SO|II AKa 117/25|Uzasadnienie|42|https://www.saos.org.pl/judgments/538337
536744|2025-09-15|SO|II AKa 206/24|Uzasadnienie|42|https://www.saos.org.pl/judgments/536744
536945|2025-08-04|SO|II AKa 87/25|Uzasadnienie|42|https://www.saos.org.pl/judgments/536945
534182|2025-04-11|SO|II AKa 90/25|Uzasadnienie|42|https://www.saos.org.pl/judgments/534182
516575|2024-11-21|SO|II AKa 131/24|Uzasadnienie|42|https://www.saos.org.pl/judgments/516575
520698|2024-11-20|SO|II AKa 167/24|Uzasadnienie|42|https://www.saos.org.pl/judgments/520698
519879|2024-11-13|SO|II AKa 338/24|Uzasadnienie|42|https://www.saos.org.pl/judgments/519879
516580|2024-11-03|SO|II AKa 190/24|Uzasadnienie|42|https://www.saos.org.pl/judgments/516580
537384|2024-10-23|SO|II AKa 52/24|Uzasadnienie|42|https://www.saos.org.pl/judgments/537384
537376|2024-10-03|SO|II AKa 149/24|Uzasadnienie|42|https://www.saos.org.pl/judgments/537376
518793|2024-09-23|SO|II AKa 209/22|Uzasadnienie|42|https://www.saos.org.pl/judgments/518793
527111|2024-08-21|SO|II AKa 95/24|Uzasadnienie|42|https://www.saos.org.pl/judgments/527111
521419|2024-07-10|SO|II AKa 43/24|Uzasadnienie|42|https://www.saos.org.pl/judgments/521419
501285|2024-07-02|SO|II AKa 78/24|Uzasadnienie|42|https://www.saos.org.pl/judgments/501285
526736|2024-06-27|SO|II AKa 68/24|Uzasadnienie|42|https://www.saos.org.pl/judgments/526736
523083|2024-06-14|SO|II AKa 47/23|Uzasadnienie|42|https://www.saos.org.pl/judgments/523083
500856|2024-05-24|SO|II AKa 285/23|Uzasadnienie|42|https://www.saos.org.pl/judgments/500856
526726|2024-05-21|SO|II AKa 44/24|Uzasadnienie|42|https://www.saos.org.pl/judgments/526726
501219|2024-04-30|SO|II AKa 58/24|Uzasadnienie|42|https://www.saos.org.pl/judgments/501219
500890|2024-04-29|SO|II AKa 3/24|Uzasadnienie|42|https://www.saos.org.pl/judgments/500890
526732|2024-04-26|SO|II AKa 63/24|Uzasadnienie|42|https://www.saos.org.pl/judgments/526732
500640|2024-04-25|SO|II AKa 201/23|Uzasadnienie|42|https://www.saos.org.pl/judgments/500640
500952|2024-03-21|SO|II AKa 321/23|Uzasadnienie|42|https://www.saos.org.pl/judgments/500952
500846|2024-03-18|SO|II AKa 277/23|Uzasadnienie|42|https://www.saos.org.pl/judgments/500846
500724|2024-02-26|SO|II AKa 237/23|Uzasadnienie|42|https://www.saos.org.pl/judgments/500724
500666|2024-02-10|SO|II AKa 212/22|Uzasadnienie|42|https://www.saos.org.pl/judgments/500666
500526|2024-02-10|SO|II AKa 157/22|Uzasadnienie|42|https://www.saos.org.pl/judgments/500526
500603|2024-02-06|SO|II AKa 190/23|Uzasadnienie|42|https://www.saos.org.pl/judgments/500603
500853|2024-01-26|SO|II AKa 285/23|Uzasadnienie|42|https://www.saos.org.pl/judgments/500853
500829|2024-01-24|SO|II AKa 272/23|Uzasadnienie|42|https://www.saos.org.pl/judgments/500829
500735|2024-01-04|SO|II AKa 240/23|Uzasadnienie|42|https://www.saos.org.pl/judgments/500735
500739|2023-12-14|SO|II AKa 241/23|Uzasadnienie|42|https://www.saos.org.pl/judgments/500739
500946|2023-12-07|SO|II AKa 320/23|Uzasadnienie|42|https://www.saos.org.pl/judgments/500946
500593|2023-10-04|SO|II AKa 185/23|Uzasadnienie|42|https://www.saos.org.pl/judgments/500593
500681|2023-08-10|SO|II AKa 220/22|Uzasadnienie|42|https://www.saos.org.pl/judgments/500681
500669|2023-07-26|SO|II AKa 213/22|Uzasadnienie|42|https://www.saos.org.pl/judgments/500669
500647|2023-07-24|SO|II AKa 203/22|Uzasadnienie|42|https://www.saos.org.pl/judgments/500647
500697|2023-07-06|SO|II AKa 23/23|Uzasadnienie|42|https://www.saos.org.pl/judgments/500697
500567|2023-07-06|SO|II AKa 175/22|Uzasadnienie|42|https://www.saos.org.pl/judgments/500567
501183|2023-07-05|SO|II AKa 51/23|Uzasadnienie|42|https://www.saos.org.pl/judgments/501183
500417|2023-06-29|SO|II AKa 105/23|Uzasadnienie|42|https://www.saos.org.pl/judgments/500417
500818|2023-06-15|SO|II AKa 270/22|Uzasadnienie|42|https://www.saos.org.pl/judgments/500818
500684|2023-06-15|SO|II AKa 220/22|Uzasadnienie|42|https://www.saos.org.pl/judgments/500684
491650|2023-06-07|SO|II AKa 36/23|Uzasadnienie|42|https://www.saos.org.pl/judgments/491650
501234|2023-06-06|SO|II AKa 62/23|Uzasadnienie|42|https://www.saos.org.pl/judgments/501234
491657|2023-05-11|SO|II AKa 90/23|Uzasadnienie|42|https://www.saos.org.pl/judgments/491657
519477|2023-04-17|SO|II AKa 316/22|Uzasadnienie|42|https://www.saos.org.pl/judgments/519477
491515|2023-03-08|SO|II AKa 451/22|Uzasadnienie|42|https://www.saos.org.pl/judgments/491515
500957|2023-03-02|SO|II AKa 325/22|Uzasadnienie|42|https://www.saos.org.pl/judgments/500957
484970|2023-03-02|SO|II AKa 259/21|Uzasadnienie|42|https://www.saos.org.pl/judgments/484970
500495|2023-01-02|SO|II AKa 144/22|Uzasadnienie|42|https://www.saos.org.pl/judgments/500495
481532|2022-12-31|SO|II AKa 136/22|Uzasadnienie|42|https://www.saos.org.pl/judgments/481532
481617|2022-12-21|SO|II AKa 164/22|Uzasadnienie|42|https://www.saos.org.pl/judgments/481617
519466|2022-12-12|SO|II AKa 192/22|Uzasadnienie|42|https://www.saos.org.pl/judgments/519466
484722|2022-12-08|SO|II AKa 363/22|Uzasadnienie|42|https://www.saos.org.pl/judgments/484722
479045|2022-12-07|SO|II AKa 102/22|Uzasadnienie|42|https://www.saos.org.pl/judgments/479045
500580|2022-12-02|SO|II AKa 181/22|Uzasadnienie|42|https://www.saos.org.pl/judgments/500580
483337|2022-11-23|SO|II AKa 278/22|Uzasadnienie|42|https://www.saos.org.pl/judgments/483337
478593|2022-11-07|SO|II AKa 87/21|Uzasadnienie|42|https://www.saos.org.pl/judgments/478593
492910|2022-10-19|SO|II AKa 87/22|Uzasadnienie|42|https://www.saos.org.pl/judgments/492910
481125|2022-10-12|SO|II AKa 276/22|Uzasadnienie|42|https://www.saos.org.pl/judgments/481125
485240|2022-08-11|SO|II AKa 68/22|Uzasadnienie|42|https://www.saos.org.pl/judgments/485240
480588|2022-07-27|SO|II AKa 377/21|Uzasadnienie|42|https://www.saos.org.pl/judgments/480588
485248|2022-07-20|SO|II AKa 92/22|Uzasadnienie|42|https://www.saos.org.pl/judgments/485248
490278|2022-07-13|SO|II AKa 89/22|Uzasadnienie|42|https://www.saos.org.pl/judgments/490278
485216|2022-07-12|SO|II AKa 278/21|Uzasadnienie|42|https://www.saos.org.pl/judgments/485216
485189|2022-07-04|SO|II AKa 16/22|Uzasadnienie|42|https://www.saos.org.pl/judgments/485189
471858|2022-06-30|SO|II AKa 73/22|Uzasadnienie|42|https://www.saos.org.pl/judgments/471858
471744|2022-06-29|SO|II AKa 322/21|Uzasadnienie|42|https://www.saos.org.pl/judgments/471744
490232|2022-06-20|SO|II AKa 225/21|Uzasadnienie|42|https://www.saos.org.pl/judgments/490232
490234|2022-06-14|SO|II AKa 228/21|Uzasadnienie|42|https://www.saos.org.pl/judgments/490234
500757|2022-06-06|SO|II AKa 248/21|Uzasadnienie|42|https://www.saos.org.pl/judgments/500757
485202|2022-06-06|SO|II AKa 24/22|Uzasadnienie|42|https://www.saos.org.pl/judgments/485202
485192|2022-06-03|SO|II AKa 17/22|Uzasadnienie|42|https://www.saos.org.pl/judgments/485192
466354|2022-05-30|SO|II AKa 22/22|Uzasadnienie|42|https://www.saos.org.pl/judgments/466354
472243|2022-05-26|SO|II AKa 284/21|Uzasadnienie|42|https://www.saos.org.pl/judgments/472243
485219|2022-05-24|SO|II AKa 30/22|Uzasadnienie|42|https://www.saos.org.pl/judgments/485219
471747|2022-05-11|SO|II AKa 354/21|Uzasadnienie|42|https://www.saos.org.pl/judgments/471747
470420|2022-04-27|SO|II AKa 291/21|Uzasadnienie|42|https://www.saos.org.pl/judgments/470420
471997|2022-04-26|SO|II AKa 197/21|Uzasadnienie|42|https://www.saos.org.pl/judgments/471997
490231|2022-04-06|SO|II AKa 224/21|Uzasadnienie|42|https://www.saos.org.pl/judgments/490231
460448|2022-03-25|SO|II AKa 221/21|Uzasadnienie|42|https://www.saos.org.pl/judgments/460448
471741|2022-03-23|SO|II AKa 3/22|Uzasadnienie|42|https://www.saos.org.pl/judgments/471741
469604|2022-03-02|SO|II AKa 404/21|Uzasadnienie|42|https://www.saos.org.pl/judgments/469604
460445|2022-02-28|SO|II AKa 216/21|Uzasadnienie|42|https://www.saos.org.pl/judgments/460445
469241|2022-02-14|SO|II AKa 494/21|Uzasadnienie|42|https://www.saos.org.pl/judgments/469241
485196|2022-01-14|SO|II AKa 174/21|Uzasadnienie|42|https://www.saos.org.pl/judgments/485196
469235|2022-01-14|SO|II AKa 337/21|Uzasadnienie|42|https://www.saos.org.pl/judgments/469235
458162|2022-01-11|SO|II AKa 223/21|Uzasadnienie|42|https://www.saos.org.pl/judgments/458162
460435|2022-01-04|SO|II AKa 165/21|Uzasadnienie|42|https://www.saos.org.pl/judgments/460435
458076|2021-12-23|SO|II AKa 192/21|Uzasadnienie|42|https://www.saos.org.pl/judgments/458076
456580|2021-10-27|SO|II AKa 275/21|Uzasadnienie|42|https://www.saos.org.pl/judgments/456580
455645|2021-10-27|SO|II AKa 304/21|Uzasadnienie|42|https://www.saos.org.pl/judgments/455645
461984|2021-10-20|SO|II AKa 107/21|Uzasadnienie|42|https://www.saos.org.pl/judgments/461984
457962|2021-09-23|SO|II AKa 279/21|Uzasadnienie|42|https://www.saos.org.pl/judgments/457962
457960|2021-09-20|SO|II AKa 268/21|Uzasadnienie|42|https://www.saos.org.pl/judgments/457960
457965|2021-09-09|SO|II AKa 288/21|Uzasadnienie|42|https://www.saos.org.pl/judgments/457965
446763|2021-07-22|SO|II AKa 96/21|Uzasadnienie|42|https://www.saos.org.pl/judgments/446763
473474|2021-07-21|SO|II AKa 108/21|Uzasadnienie|42|https://www.saos.org.pl/judgments/473474
442492|2021-07-12|SO|II AKa 84/21|Uzasadnienie|42|https://www.saos.org.pl/judgments/442492
441780|2021-06-16|SO|II AKa 22/21|Uzasadnienie|42|https://www.saos.org.pl/judgments/441780
500968|2021-06-15|SO|II AKa 330/20|Uzasadnienie|42|https://www.saos.org.pl/judgments/500968
500931|2021-06-02|SO|II AKa 314/20|Uzasadnienie|42|https://www.saos.org.pl/judgments/500931
440621|2021-06-02|SO|II AKa 93/21|Uzasadnienie|42|https://www.saos.org.pl/judgments/440621
440125|2021-06-01|SO|II AKa 19/21|Uzasadnienie|42|https://www.saos.org.pl/judgments/440125
440127|2021-05-31|SO|II AKa 20/21|Uzasadnienie|42|https://www.saos.org.pl/judgments/440127
440615|2021-05-27|SO|II AKa 35/21|Uzasadnienie|42|https://www.saos.org.pl/judgments/440615
438402|2021-05-10|SO|II AKa 50/21|Uzasadnienie|42|https://www.saos.org.pl/judgments/438402
452581|2021-05-06|SO|II AKa 270/20|Uzasadnienie|42|https://www.saos.org.pl/judgments/452581
452598|2021-04-29|SO|II AKa 7/21|Uzasadnienie|42|https://www.saos.org.pl/judgments/452598
440617|2021-04-29|SO|II AKa 44/21|Uzasadnienie|42|https://www.saos.org.pl/judgments/440617
440620|2021-04-22|SO|II AKa 54/21|Uzasadnienie|42|https://www.saos.org.pl/judgments/440620
440618|2021-04-22|SO|II AKa 50/21|Uzasadnienie|42|https://www.saos.org.pl/judgments/440618
440608|2021-04-01|SO|II AKa 184/20|Uzasadnienie|42|https://www.saos.org.pl/judgments/440608
452571|2021-03-30|SO|II AKa 235/20|Uzasadnienie|42|https://www.saos.org.pl/judgments/452571
452582|2021-03-18|SO|II AKa 275/20|Uzasadnienie|42|https://www.saos.org.pl/judgments/452582
452576|2021-03-09|SO|II AKa 255/20|Uzasadnienie|42|https://www.saos.org.pl/judgments/452576
493119|2021-02-09|SO|II AKa 118/20|Uzasadnienie|42|https://www.saos.org.pl/judgments/493119
452577|2021-01-28|SO|II AKa 258/20|Uzasadnienie|42|https://www.saos.org.pl/judgments/452577
434052|2021-01-28|SO|II AKa 263/20|Uzasadnienie|42|https://www.saos.org.pl/judgments/434052
434043|2021-01-21|SO|II AKa 208/20|Uzasadnienie|42|https://www.saos.org.pl/judgments/434043
464849|2021-01-11|SO|II AKa 193/20|Uzasadnienie|42|https://www.saos.org.pl/judgments/464849
434037|2020-12-10|SO|II AKa 109/20|Uzasadnienie|42|https://www.saos.org.pl/judgments/434037
427374|2020-11-27|SO|II AKa 115/20|Uzasadnienie|42|https://www.saos.org.pl/judgments/427374
426979|2020-11-26|SO|II AKa 174/20|Uzasadnienie|42|https://www.saos.org.pl/judgments/426979
460470|2020-11-23|SO|II AKa 38/20|Uzasadnienie|42|https://www.saos.org.pl/judgments/460470
432022|2020-11-16|SO|II AKa 132/20|Uzasadnienie|42|https://www.saos.org.pl/judgments/432022
426766|2020-11-04|SO|II AKa 150/20|Uzasadnienie|42|https://www.saos.org.pl/judgments/426766
424717|2020-10-22|SO|II AKa 89/20|Uzasadnienie|42|https://www.saos.org.pl/judgments/424717
426972|2020-10-07|SO|II AKa 121/20|Uzasadnienie|42|https://www.saos.org.pl/judgments/426972
426975|2020-09-24|SO|II AKa 127/20|Uzasadnienie|42|https://www.saos.org.pl/judgments/426975
426974|2020-09-24|SO|II AKa 125/20|Uzasadnienie|42|https://www.saos.org.pl/judgments/426974
426984|2020-09-17|SO|II AKa 90/20|Uzasadnienie|42|https://www.saos.org.pl/judgments/426984
420282|2020-08-06|SO|II AKa 126/20|Uzasadnienie|42|https://www.saos.org.pl/judgments/420282
420533|2020-07-03|SO|II AKa 46/20|Uzasadnienie|42|https://www.saos.org.pl/judgments/420533
420304|2020-06-25|SO|II AKa 76/20|Uzasadnienie|42|https://www.saos.org.pl/judgments/420304
420289|2020-06-25|SO|II AKa 36/20|Uzasadnienie|42|https://www.saos.org.pl/judgments/420289
452542|2020-06-18|SO|II AKa 13/20|Uzasadnienie|42|https://www.saos.org.pl/judgments/452542
420287|2020-06-18|SO|II AKa 34/20|Uzasadnienie|42|https://www.saos.org.pl/judgments/420287
452568|2020-06-17|SO|II AKa 21/20|Uzasadnienie|42|https://www.saos.org.pl/judgments/452568
420954|2019-12-31|SO|II AKa 208/19|Uzasadnienie|42|https://www.saos.org.pl/judgments/420954
420939|2019-12-30|SO|II AKa 151/19|Uzasadnienie|42|https://www.saos.org.pl/judgments/420939
426421|2019-12-02|SO|II AKa 144/19|Uzasadnienie|42|https://www.saos.org.pl/judgments/426421
427377|2019-11-25|SO|II AKa 135/19|Uzasadnienie|42|https://www.saos.org.pl/judgments/427377
421456|2019-11-19|SO|II AKa 153/19|Uzasadnienie|42|https://www.saos.org.pl/judgments/421456
426577|2019-11-14|SO|II AKa 134/19|Uzasadnienie|42|https://www.saos.org.pl/judgments/426577
420534|2019-10-04|SO|II AKa 59/19|Uzasadnienie|42|https://www.saos.org.pl/judgments/420534
420935|2019-07-19|SO|II AKa 113/19|Uzasadnienie|42|https://www.saos.org.pl/judgments/420935
411695|2019-06-19|SO|II AKa 19/19|Uzasadnienie|42|https://www.saos.org.pl/judgments/411695
464665|2019-04-18|SO|II AKa 246/18|Uzasadnienie|42|https://www.saos.org.pl/judgments/464665
426580|2019-02-11|SO|II AKa 61/18|Uzasadnienie|42|https://www.saos.org.pl/judgments/426580
411711|2019-02-01|SO|II AKa 238/18|Uzasadnienie|42|https://www.saos.org.pl/judgments/411711
421221|2019-01-21|SO|II AKa 147/18|Uzasadnienie|42|https://www.saos.org.pl/judgments/421221
411686|2018-11-28|SO|II AKa 148/18|Uzasadnienie|42|https://www.saos.org.pl/judgments/411686
387778|2018-11-05|SO|II AKa 134/17|Uzasadnienie|42|https://www.saos.org.pl/judgments/387778
411236|2018-10-24|SO|II AKa 131/18|Uzasadnienie|42|https://www.saos.org.pl/judgments/411236
387782|2018-10-19|SO|II AKa 139/18|Uzasadnienie|42|https://www.saos.org.pl/judgments/387782
411275|2018-10-10|SO|II AKa 62/18|Uzasadnienie|42|https://www.saos.org.pl/judgments/411275
344272|2018-05-08|SO|II AKa 95/18|Uzasadnienie|42|https://www.saos.org.pl/judgments/344272
387791|2018-04-25|SO|II AKa 31/18|Uzasadnienie|42|https://www.saos.org.pl/judgments/387791
411261|2018-04-10|SO|II AKa 262/17|Uzasadnienie|42|https://www.saos.org.pl/judgments/411261
399519|2018-03-13|SO|II AKa 228/17|Uzasadnienie|42|https://www.saos.org.pl/judgments/399519
411082|2018-03-05|SO|II AKa 256/17|Uzasadnienie|42|https://www.saos.org.pl/judgments/411082
402805|2018-01-15|SO|II AKa 244/17|Uzasadnienie|42|https://www.saos.org.pl/judgments/402805
411080|2018-01-04|SO|II AKa 193/17|Uzasadnienie|42|https://www.saos.org.pl/judgments/411080
399653|2017-12-29|SO|II AKa 218/17|Uzasadnienie|42|https://www.saos.org.pl/judgments/399653
364114|2017-10-25|SO|II AKa 123/17|Uzasadnienie|42|https://www.saos.org.pl/judgments/364114
314360|2017-10-13|SO|II AKa 142/17|Uzasadnienie|42|https://www.saos.org.pl/judgments/314360
397124|2017-07-13|SO|II AKa 97/17|Uzasadnienie|42|https://www.saos.org.pl/judgments/397124
369496|2017-07-11|SO|II AKa 89/17|Uzasadnienie|42|https://www.saos.org.pl/judgments/369496
313555|2017-06-07|SO|II AKa 78/17|Uzasadnienie|42|https://www.saos.org.pl/judgments/313555
313544|2017-05-01|SO|II AKa 18/17|Uzasadnienie|42|https://www.saos.org.pl/judgments/313544
313854|2017-04-24|SO|II AKa 58/17|Uzasadnienie|42|https://www.saos.org.pl/judgments/313854
314397|2017-03-03|SO|II AKa 6/17|Uzasadnienie|42|https://www.saos.org.pl/judgments/314397
399518|2017-01-18|SO|II AKa 218/16|Uzasadnienie|42|https://www.saos.org.pl/judgments/399518
472237|2016-10-27|SO|II AKa 121/16|Uzasadnienie|42|https://www.saos.org.pl/judgments/472237
253534|2016-09-27|SO|II AKa 28/16|Uzasadnienie|42|https://www.saos.org.pl/judgments/253534
500405|2016-08-23|SO|II AKa 101/16|Uzasadnienie|42|https://www.saos.org.pl/judgments/500405
233963|2016-05-10|SO|II AKa 18/16|Uzasadnienie|42|https://www.saos.org.pl/judgments/233963
313140|2016-02-01|SO|II AKa 181/15|Uzasadnienie|42|https://www.saos.org.pl/judgments/313140
202786|2015-09-10|SO|II AKa 119/15|Uzasadnienie|42|https://www.saos.org.pl/judgments/202786
172205|2015-06-25|SO|II AKa 45/15|Uzasadnienie|42|https://www.saos.org.pl/judgments/172205
310185|2015-04-22|SO|II AKa 35/15|Uzasadnienie|42|https://www.saos.org.pl/judgments/310185
310176|2015-03-23|SO|II AKa 229/14|Uzasadnienie|42|https://www.saos.org.pl/judgments/310176
62585|2014-06-10|SO|II AKa 42/14|Uzasadnienie|42|https://www.saos.org.pl/judgments/62585
140160|2013-09-17|SO|II AKa 137/13|Uzasadnienie|42|https://www.saos.org.pl/judgments/140160
139889|2013-06-07|SO|II AKa 56/13|Uzasadnienie|42|https://www.saos.org.pl/judgments/139889
136569|2013-01-08|SO|II AKa 110/12|Uzasadnienie|42|https://www.saos.org.pl/judgments/136569
539864|2025-12-08|SO|III K 285/25|Wyrok|40|https://www.saos.org.pl/judgments/539864
540005|2025-12-02|SO|II K 325/25|Wyrok|40|https://www.saos.org.pl/judgments/540005
538726|2025-11-17|SO|III K 363/25|Wyrok|40|https://www.saos.org.pl/judgments/538726
536133|2025-09-29|SO|IV K 216/23|Wyrok|40|https://www.saos.org.pl/judgments/536133
532663|2025-07-08|SO|III K 27/25|Wyrok|40|https://www.saos.org.pl/judgments/532663
530574|2025-05-23|SO|VII K 218/24|Wyrok|40|https://www.saos.org.pl/judgments/530574
524493|2025-03-31|SO|III K 64/24|Wyrok|40|https://www.saos.org.pl/judgments/524493
540582|2025-03-19|SO|II K 38/24|Wyrok|40|https://www.saos.org.pl/judgments/540582
540083|2025-03-17|SO|II K 71/24|Wyrok|40|https://www.saos.org.pl/judgments/540083
534694|2025-02-27|SO|II K 152/23|Wyrok|40|https://www.saos.org.pl/judgments/534694
524833|2025-02-21|SO|III K 323/24|Wyrok|40|https://www.saos.org.pl/judgments/524833
531366|2025-02-10|SO|II K 245/24|Wyrok|40|https://www.saos.org.pl/judgments/531366
532936|2025-01-09|SO|II K 170/24|Wyrok|40|https://www.saos.org.pl/judgments/532936
522588|2024-12-20|SO|XIV C 117/22|Wyrok|40|https://www.saos.org.pl/judgments/522588
522551|2024-12-17|SO|I C 1075/24|Wyrok|40|https://www.saos.org.pl/judgments/522551
540928|2024-12-13|SO|II K 11/24|Wyrok|40|https://www.saos.org.pl/judgments/540928
519490|2024-12-11|SO|IV K 166/24|Wyrok|40|https://www.saos.org.pl/judgments/519490
518705|2024-12-02|SO|IV K 23/24|Wyrok|40|https://www.saos.org.pl/judgments/518705
532592|2024-11-25|SO|II K 69/24|Wyrok|40|https://www.saos.org.pl/judgments/532592
531286|2024-11-25|SO|II K 111/23|Wyrok|40|https://www.saos.org.pl/judgments/531286
532938|2024-11-18|SO|II K 33/24|Wyrok|40|https://www.saos.org.pl/judgments/532938
516637|2024-10-29|SO|VI Ka 1480/23|Wyrok|40|https://www.saos.org.pl/judgments/516637
507777|2024-09-12|SO|IV K 92/24|Wyrok|40|https://www.saos.org.pl/judgments/507777
506906|2024-07-11|SO|III K 194/23|Wyrok|40|https://www.saos.org.pl/judgments/506906
503447|2024-07-01|SO|II K 686/23|Wyrok|40|https://www.saos.org.pl/judgments/503447
507746|2024-06-17|SO|IV K 40/24|Wyrok|40|https://www.saos.org.pl/judgments/507746
525662|2024-04-25|SO|II K 55/23|Wyrok|40|https://www.saos.org.pl/judgments/525662
503004|2024-04-15|SO|II K 331/23|Wyrok|40|https://www.saos.org.pl/judgments/503004
495339|2024-04-12|SO|I C 1086/15|Wyrok|40|https://www.saos.org.pl/judgments/495339
507722|2024-04-03|SO|IV K 214/23|Wyrok|40|https://www.saos.org.pl/judgments/507722
496210|2024-02-01|SO|I C 1625/22|Wyrok|40|https://www.saos.org.pl/judgments/496210
507734|2024-01-19|SO|IV K 248/22|Wyrok|40|https://www.saos.org.pl/judgments/507734
507671|2023-12-20|SO|IV K 103/23|Wyrok|40|https://www.saos.org.pl/judgments/507671
508229|2023-12-01|SO|IV Ka 462/23|Wyrok|40|https://www.saos.org.pl/judgments/508229
525525|2023-11-29|SO|II K 2990/21|Wyrok|40|https://www.saos.org.pl/judgments/525525
512407|2023-11-29|SO|VIII C 155/23|Wyrok|40|https://www.saos.org.pl/judgments/512407
507695|2023-11-27|SO|IV K 144/21|Wyrok|40|https://www.saos.org.pl/judgments/507695
503670|2023-11-06|SO|II K 92/23|Wyrok|40|https://www.saos.org.pl/judgments/503670
507775|2023-10-04|SO|IV K 9/22|Wyrok|40|https://www.saos.org.pl/judgments/507775
511001|2023-06-29|SO|VI Ka 151/23|Wyrok|40|https://www.saos.org.pl/judgments/511001
503093|2023-06-13|SO|II K 4/23|Wyrok|40|https://www.saos.org.pl/judgments/503093
490876|2023-06-02|SO|III K 150/23|Wyrok|40|https://www.saos.org.pl/judgments/490876
489432|2023-05-24|SO|III K 61/23|Wyrok|40|https://www.saos.org.pl/judgments/489432
489897|2023-05-23|SO|IV K 251/22|Wyrok|40|https://www.saos.org.pl/judgments/489897
510270|2023-04-25|SO|V K 246/22|Wyrok|40|https://www.saos.org.pl/judgments/510270
507951|2023-04-25|SO|IV Ka 227/23|Wyrok|40|https://www.saos.org.pl/judgments/507951
489973|2023-04-25|SO|IV K 273/22|Wyrok|40|https://www.saos.org.pl/judgments/489973
491748|2023-04-05|SO|VII K 188/22|Wyrok|40|https://www.saos.org.pl/judgments/491748
510271|2023-02-28|SO|V K 252/22|Wyrok|40|https://www.saos.org.pl/judgments/510271
510278|2022-12-29|SO|V K 46/22|Wyrok|40|https://www.saos.org.pl/judgments/510278
481135|2022-12-19|SO|III K 252/21|Wyrok|40|https://www.saos.org.pl/judgments/481135
507789|2022-11-29|SO|IV Ka 1008/22|Wyrok|40|https://www.saos.org.pl/judgments/507789
510266|2022-11-25|SO|V K 176/22|Wyrok|40|https://www.saos.org.pl/judgments/510266
483072|2022-11-07|SO|VI K 1096/21|Wyrok|40|https://www.saos.org.pl/judgments/483072
477693|2022-11-04|SO|III K 339/22|Wyrok|40|https://www.saos.org.pl/judgments/477693
478439|2022-10-28|SO|III K 383/22|Wyrok|40|https://www.saos.org.pl/judgments/478439
526146|2022-10-10|SO|IV Ka 1846/21|Wyrok|40|https://www.saos.org.pl/judgments/526146
485924|2022-10-07|SO|VI Ka 267/22|Wyrok|40|https://www.saos.org.pl/judgments/485924
476874|2022-09-07|SO|VII K 80/22|Wyrok|40|https://www.saos.org.pl/judgments/476874
502488|2022-06-28|SO|II K 126/21|Wyrok|40|https://www.saos.org.pl/judgments/502488
471397|2022-06-07|SO|II K 26/22|Wyrok|40|https://www.saos.org.pl/judgments/471397
469495|2022-05-23|SO|III Ko 129/22|Wyrok|40|https://www.saos.org.pl/judgments/469495
467794|2022-05-16|SO|VI K 836/21|Wyrok|40|https://www.saos.org.pl/judgments/467794
476005|2022-04-29|SO|III K 559/21|Wyrok|40|https://www.saos.org.pl/judgments/476005
480763|2022-04-12|SO|II K 204/21|Wyrok|40|https://www.saos.org.pl/judgments/480763
471037|2022-04-12|SO|IV K 113/21|Wyrok|40|https://www.saos.org.pl/judgments/471037
463038|2022-03-18|SO|III K 172/20|Wyrok|40|https://www.saos.org.pl/judgments/463038
461438|2022-03-09|SO|II C 265/22|Wyrok|40|https://www.saos.org.pl/judgments/461438
483063|2022-03-03|SO|V K 103/20|Wyrok|40|https://www.saos.org.pl/judgments/483063
481275|2022-02-03|SO|II K 114/21|Wyrok|40|https://www.saos.org.pl/judgments/481275
503218|2022-01-31|SO|II K 49/21|Wyrok|40|https://www.saos.org.pl/judgments/503218
480767|2022-01-25|SO|II K 84/21|Wyrok|40|https://www.saos.org.pl/judgments/480767
473996|2021-12-03|SO|VI Ka 475/21|Wyrok|40|https://www.saos.org.pl/judgments/473996
452354|2021-12-02|SO|III K 332/21|Wyrok|40|https://www.saos.org.pl/judgments/452354
452066|2021-12-01|SO|III K 102/21|Wyrok|40|https://www.saos.org.pl/judgments/452066
526151|2021-11-22|SO|IV Ka 827/21|Wyrok|40|https://www.saos.org.pl/judgments/526151
485352|2021-11-22|SO|II K 528/20|Wyrok|40|https://www.saos.org.pl/judgments/485352
486583|2021-11-18|SO|II K 168/19|Wyrok|40|https://www.saos.org.pl/judgments/486583
451164|2021-11-15|SO|IV K 139/21|Wyrok|40|https://www.saos.org.pl/judgments/451164
473705|2021-11-03|SO|VI Ka 437/21|Wyrok|40|https://www.saos.org.pl/judgments/473705
480547|2021-10-28|SO|V K 78/21|Wyrok|40|https://www.saos.org.pl/judgments/480547
448731|2021-10-26|SO|II K 107/19|Wyrok|40|https://www.saos.org.pl/judgments/448731
449501|2021-10-22|SO|IV K 24/21|Wyrok|40|https://www.saos.org.pl/judgments/449501
450060|2021-10-13|SO|IV K 65/21|Wyrok|40|https://www.saos.org.pl/judgments/450060
467750|2021-09-08|SO|II K 32/21|Wyrok|40|https://www.saos.org.pl/judgments/467750
446399|2021-07-26|SO|III K 199/21|Wyrok|40|https://www.saos.org.pl/judgments/446399
460186|2021-07-16|SO|V K 190/20|Wyrok|40|https://www.saos.org.pl/judgments/460186
445376|2021-07-13|SO|IV K 124/20|Wyrok|40|https://www.saos.org.pl/judgments/445376
479567|2021-05-13|SO|V K 296/18|Wyrok|40|https://www.saos.org.pl/judgments/479567
438702|2021-05-12|SO|VI K 211/21|Wyrok|40|https://www.saos.org.pl/judgments/438702
440055|2021-05-07|SO|IV K 259/20|Wyrok|40|https://www.saos.org.pl/judgments/440055
438592|2021-05-07|SO|III K 153/21|Wyrok|40|https://www.saos.org.pl/judgments/438592
502483|2021-04-14|SO|II K 125/20|Wyrok|40|https://www.saos.org.pl/judgments/502483
435043|2021-03-29|SO|II K 283/19|Wyrok|40|https://www.saos.org.pl/judgments/435043
457574|2021-03-16|SO|II K 142/19|Wyrok|40|https://www.saos.org.pl/judgments/457574
435587|2021-03-09|SO|IV K 155/14|Wyrok|40|https://www.saos.org.pl/judgments/435587
503627|2021-02-24|SO|II K 87/20|Wyrok|40|https://www.saos.org.pl/judgments/503627
432533|2021-02-22|SO|III K 104/20|Wyrok|40|https://www.saos.org.pl/judgments/432533
441575|2021-02-02|SO|II K 330/18|Wyrok|40|https://www.saos.org.pl/judgments/441575
446672|2021-02-01|SO|II K 78/20|Wyrok|40|https://www.saos.org.pl/judgments/446672
431288|2021-01-26|SO|IV K 192/20|Wyrok|40|https://www.saos.org.pl/judgments/431288
445829|2021-01-19|SO|II K 83/20|Wyrok|40|https://www.saos.org.pl/judgments/445829
433151|2021-01-11|SO|II K 68/20|Wyrok|40|https://www.saos.org.pl/judgments/433151
428650|2020-12-22|SO|III K 196/20|Wyrok|40|https://www.saos.org.pl/judgments/428650
427418|2020-12-02|SO|IV K 211/18|Wyrok|40|https://www.saos.org.pl/judgments/427418
431058|2020-11-25|SO|IV K 348/20|Wyrok|40|https://www.saos.org.pl/judgments/431058
475475|2020-11-17|SO|V K 262/19|Wyrok|40|https://www.saos.org.pl/judgments/475475
449680|2020-11-16|SO|I C 1364/17|Wyrok|40|https://www.saos.org.pl/judgments/449680
427419|2020-11-06|SO|IV K 65/20|Wyrok|40|https://www.saos.org.pl/judgments/427419
468286|2020-10-30|SO|II C 988/16|Wyrok|40|https://www.saos.org.pl/judgments/468286
444844|2020-10-30|SO|II K 824/17|Wyrok|40|https://www.saos.org.pl/judgments/444844
430125|2020-10-26|SO|II K 1322/19|Wyrok|40|https://www.saos.org.pl/judgments/430125
421998|2020-10-06|SO|III K 495/19|Wyrok|40|https://www.saos.org.pl/judgments/421998
433756|2020-10-05|SO|IV Ka 689/20|Wyrok|40|https://www.saos.org.pl/judgments/433756
425873|2020-09-30|SO|IV K 63/20|Wyrok|40|https://www.saos.org.pl/judgments/425873
438464|2020-09-24|SO|II K 150/19|Wyrok|40|https://www.saos.org.pl/judgments/438464
423517|2020-09-16|SO|III K 275/19|Wyrok|40|https://www.saos.org.pl/judgments/423517
418104|2020-08-03|SO|IV K 109/19|Wyrok|40|https://www.saos.org.pl/judgments/418104
420159|2020-07-31|SO|II K 291/19|Wyrok|40|https://www.saos.org.pl/judgments/420159
420616|2020-07-28|SO|IV K 18/19|Wyrok|40|https://www.saos.org.pl/judgments/420616
421634|2020-07-17|SO|III K 532/19|Wyrok|40|https://www.saos.org.pl/judgments/421634
487922|2020-07-02|SO|II K 623/17|Wyrok|40|https://www.saos.org.pl/judgments/487922
442548|2020-06-30|SO|II K 843/18|Wyrok|40|https://www.saos.org.pl/judgments/442548
433003|2020-06-19|SO|II K 160/19|Wyrok|40|https://www.saos.org.pl/judgments/433003
413963|2020-06-17|SO|IV K 229/19|Wyrok|40|https://www.saos.org.pl/judgments/413963
413928|2020-06-09|SO|III K 446/19|Wyrok|40|https://www.saos.org.pl/judgments/413928
426798|2020-06-01|SO|II K 30/19|Wyrok|40|https://www.saos.org.pl/judgments/426798
415551|2020-04-22|SO|III K 371/19|Wyrok|40|https://www.saos.org.pl/judgments/415551
408545|2020-04-07|SO|III K 417/19|Wyrok|40|https://www.saos.org.pl/judgments/408545
439692|2020-03-19|SO|II K 29/18|Wyrok|40|https://www.saos.org.pl/judgments/439692
408199|2020-03-16|SO|IV K 67/19|Wyrok|40|https://www.saos.org.pl/judgments/408199
412697|2020-03-10|SO|VI Ka 698/19|Wyrok|40|https://www.saos.org.pl/judgments/412697
406515|2020-02-17|SO|IV K 195/19|Wyrok|40|https://www.saos.org.pl/judgments/406515
410525|2020-02-12|SO|VI Ka 466/19|Wyrok|40|https://www.saos.org.pl/judgments/410525
433145|2020-02-06|SO|II K 156/18|Wyrok|40|https://www.saos.org.pl/judgments/433145
409837|2020-02-06|SO|II K 194/19|Wyrok|40|https://www.saos.org.pl/judgments/409837
437075|2020-02-05|SO|I C 970/19|Wyrok|40|https://www.saos.org.pl/judgments/437075
418812|2020-01-28|SO|IV Ka 1134/19|Wyrok|40|https://www.saos.org.pl/judgments/418812
423474|2020-01-03|SO|II K 132/19|Wyrok|40|https://www.saos.org.pl/judgments/423474
525850|2019-12-20|SO|IV Ka 731/18|Wyrok|40|https://www.saos.org.pl/judgments/525850
404996|2019-12-20|SO|II K 615/17|Wyrok|40|https://www.saos.org.pl/judgments/404996
412969|2019-12-16|SO|II K 13/19|Wyrok|40|https://www.saos.org.pl/judgments/412969
402081|2019-12-16|SO|IV K 240/18|Wyrok|40|https://www.saos.org.pl/judgments/402081
428314|2019-12-11|SO|I C 18/17|Wyrok|40|https://www.saos.org.pl/judgments/428314
403126|2019-12-11|SO|IV K 27/19|Wyrok|40|https://www.saos.org.pl/judgments/403126
405928|2019-12-10|SO|VII Ka 1040/19|Wyrok|40|https://www.saos.org.pl/judgments/405928
400205|2019-11-22|SO|II K 121/18|Wyrok|40|https://www.saos.org.pl/judgments/400205
404475|2019-11-20|SO|II K 114/19|Wyrok|40|https://www.saos.org.pl/judgments/404475
399094|2019-11-18|SO|VII Ka 841/19|Wyrok|40|https://www.saos.org.pl/judgments/399094
404749|2019-11-12|SO|IV Ka 895/19|Wyrok|40|https://www.saos.org.pl/judgments/404749
398286|2019-11-07|SO|III K 294/19|Wyrok|40|https://www.saos.org.pl/judgments/398286
427402|2019-11-04|SO|II K 102/19|Wyrok|40|https://www.saos.org.pl/judgments/427402
395545|2019-10-21|SO|IV K 146/18|Wyrok|40|https://www.saos.org.pl/judgments/395545
423478|2019-10-16|SO|II K 17/19|Wyrok|40|https://www.saos.org.pl/judgments/423478
407523|2019-10-04|SO|VI Ka 553/19|Wyrok|40|https://www.saos.org.pl/judgments/407523
407617|2019-10-02|SO|II K 95/19|Wyrok|40|https://www.saos.org.pl/judgments/407617
526450|2019-09-26|SO|IV Ka 319/19|Wyrok|40|https://www.saos.org.pl/judgments/526450
393982|2019-09-26|SO|III K 158/19|Wyrok|40|https://www.saos.org.pl/judgments/393982
391864|2019-09-06|SO|III K 257/19|Wyrok|40|https://www.saos.org.pl/judgments/391864
394440|2019-08-29|SO|VII Ka 719/19|Wyrok|40|https://www.saos.org.pl/judgments/394440
407161|2019-08-09|SO|VI Ka 1365/18|Wyrok|40|https://www.saos.org.pl/judgments/407161
394437|2019-08-09|SO|VII Ka 607/19|Wyrok|40|https://www.saos.org.pl/judgments/394437
397954|2019-08-02|SO|IV K 202/18|Wyrok|40|https://www.saos.org.pl/judgments/397954
388469|2019-07-10|SO|IV K 9/19|Wyrok|40|https://www.saos.org.pl/judgments/388469
434931|2019-07-05|SO|II K 306/19|Wyrok|40|https://www.saos.org.pl/judgments/434931
408694|2019-07-02|SO|II K 161/18|Wyrok|40|https://www.saos.org.pl/judgments/408694
386265|2019-06-27|SO|IV K 23/19|Wyrok|40|https://www.saos.org.pl/judgments/386265
400079|2019-06-25|SO|VII U 158/19|Wyrok|40|https://www.saos.org.pl/judgments/400079
390363|2019-06-24|SO|VI K 864/18|Wyrok|40|https://www.saos.org.pl/judgments/390363
388466|2019-06-18|SO|IV K 200/18|Wyrok|40|https://www.saos.org.pl/judgments/388466
390503|2019-06-14|SO|II K 665/16|Wyrok|40|https://www.saos.org.pl/judgments/390503
386626|2019-06-14|SO|VI Ka 898/18|Wyrok|40|https://www.saos.org.pl/judgments/386626
398934|2019-06-11|SO|II K 123/19|Wyrok|40|https://www.saos.org.pl/judgments/398934
385013|2019-06-11|SO|II K 54/19|Wyrok|40|https://www.saos.org.pl/judgments/385013
383476|2019-06-05|SO|IV K 139/18|Wyrok|40|https://www.saos.org.pl/judgments/383476
389225|2019-05-28|SO|IV Ka 320/19|Wyrok|40|https://www.saos.org.pl/judgments/389225
472135|2019-05-21|SO|III C 1724/13|Wyrok|40|https://www.saos.org.pl/judgments/472135
390359|2019-05-20|SO|VI K 1270/18|Wyrok|40|https://www.saos.org.pl/judgments/390359
401898|2019-05-16|SO|II K 721/16|Wyrok|40|https://www.saos.org.pl/judgments/401898
386539|2019-05-10|SO|VI Ka 7/19|Wyrok|40|https://www.saos.org.pl/judgments/386539
381787|2019-05-09|SO|II K 942/18|Wyrok|40|https://www.saos.org.pl/judgments/381787
423519|2019-04-30|SO|III K 41/19|Wyrok|40|https://www.saos.org.pl/judgments/423519
391587|2019-04-26|SO|IV K 711/18|Wyrok|40|https://www.saos.org.pl/judgments/391587
383676|2019-04-25|SO|II K 730/18|Wyrok|40|https://www.saos.org.pl/judgments/383676
386268|2019-04-24|SO|IV K 81/18|Wyrok|40|https://www.saos.org.pl/judgments/386268
424958|2019-04-16|SO|II K 198/16|Wyrok|40|https://www.saos.org.pl/judgments/424958
386351|2019-04-16|SO|VI Ka 813/18|Wyrok|40|https://www.saos.org.pl/judgments/386351
395423|2019-04-15|SO|II K 592/18|Wyrok|40|https://www.saos.org.pl/judgments/395423
379184|2019-04-02|SO|IV Ka 187/19|Wyrok|40|https://www.saos.org.pl/judgments/379184
381511|2019-04-01|SO|II K 103/19|Wyrok|40|https://www.saos.org.pl/judgments/381511
385660|2019-03-29|SO|II K 930/18|Wyrok|40|https://www.saos.org.pl/judgments/385660
378229|2019-03-29|SO|II K 422/18|Wyrok|40|https://www.saos.org.pl/judgments/378229
525854|2019-03-26|SO|IV Ka 856/18|Wyrok|40|https://www.saos.org.pl/judgments/525854
379137|2019-03-22|SO|IV K 121/18|Wyrok|40|https://www.saos.org.pl/judgments/379137
378979|2019-03-15|SO|III K 14/18|Wyrok|40|https://www.saos.org.pl/judgments/378979
387428|2019-03-14|SO|II K 181/18|Wyrok|40|https://www.saos.org.pl/judgments/387428
380228|2019-03-14|SO|VII Ka 87/19|Wyrok|40|https://www.saos.org.pl/judgments/380228
375682|2019-03-12|SO|VI Ka 749/18|Wyrok|40|https://www.saos.org.pl/judgments/375682
375364|2019-03-12|SO|II K 26/19|Wyrok|40|https://www.saos.org.pl/judgments/375364
379282|2019-03-07|SO|IV Ka 920/18|Wyrok|40|https://www.saos.org.pl/judgments/379282
378976|2019-02-28|SO|III K 111/18|Wyrok|40|https://www.saos.org.pl/judgments/378976
379209|2019-02-21|SO|IV Ka 41/19|Wyrok|40|https://www.saos.org.pl/judgments/379209
375401|2019-02-21|SO|II K 866/16|Wyrok|40|https://www.saos.org.pl/judgments/375401
374624|2019-02-21|SO|VI Ka 351/18|Wyrok|40|https://www.saos.org.pl/judgments/374624
372943|2019-02-20|SO|III K 150/18|Wyrok|40|https://www.saos.org.pl/judgments/372943
425028|2019-02-19|SO|II K 426/17|Wyrok|40|https://www.saos.org.pl/judgments/425028
411474|2019-02-18|SO|VI Ka 560/19|Wyrok|40|https://www.saos.org.pl/judgments/411474
417911|2019-02-13|SO|VIII K 200/16|Wyrok|40|https://www.saos.org.pl/judgments/417911
379261|2019-02-07|SO|IV Ka 8/19|Wyrok|40|https://www.saos.org.pl/judgments/379261
391250|2019-02-06|SO|II K 183/18|Wyrok|40|https://www.saos.org.pl/judgments/391250
394984|2019-02-05|SO|II K 128/18|Wyrok|40|https://www.saos.org.pl/judgments/394984
385949|2019-01-21|SO|II K 205/18|Wyrok|40|https://www.saos.org.pl/judgments/385949
373913|2019-01-14|SO|VI Ka 971/18|Wyrok|40|https://www.saos.org.pl/judgments/373913
387427|2019-01-11|SO|II K 151/18|Wyrok|40|https://www.saos.org.pl/judgments/387427
371126|2019-01-08|SO|VII Ka 1011/18|Wyrok|40|https://www.saos.org.pl/judgments/371126
395840|2018-12-21|SO|II K 29/18|Wyrok|40|https://www.saos.org.pl/judgments/395840
385819|2018-12-21|SO|II K 29/18|Wyrok|40|https://www.saos.org.pl/judgments/385819
367620|2018-12-21|SO|II K 366/16|Wyrok|40|https://www.saos.org.pl/judgments/367620
424889|2018-12-14|SO|II K 872/17|Wyrok|40|https://www.saos.org.pl/judgments/424889
365187|2018-12-12|SO|II K 265/18|Wyrok|40|https://www.saos.org.pl/judgments/365187
368573|2018-12-11|SO|II K 1058/18|Wyrok|40|https://www.saos.org.pl/judgments/368573
383665|2018-12-05|SO|II K 167/18|Wyrok|40|https://www.saos.org.pl/judgments/383665
406288|2018-11-22|SO|I C 732/15|Wyrok|40|https://www.saos.org.pl/judgments/406288
365142|2018-11-15|SO|VII Ka 809/18|Wyrok|40|https://www.saos.org.pl/judgments/365142
363925|2018-11-02|SO|II K 8/18|Wyrok|40|https://www.saos.org.pl/judgments/363925
363924|2018-10-31|SO|II K 496/16|Wyrok|40|https://www.saos.org.pl/judgments/363924
430127|2018-10-30|SO|II K 253/16|Wyrok|40|https://www.saos.org.pl/judgments/430127
368575|2018-10-30|SO|II K 179/18|Wyrok|40|https://www.saos.org.pl/judgments/368575
360149|2018-10-22|SO|II K 984/17|Wyrok|40|https://www.saos.org.pl/judgments/360149
381359|2018-10-19|SO|I C 1634/12|Wyrok|40|https://www.saos.org.pl/judgments/381359
360020|2018-10-15|SO|IV Ka 894/18|Wyrok|40|https://www.saos.org.pl/judgments/360020
359403|2018-10-12|SO|IV K 47/18|Wyrok|40|https://www.saos.org.pl/judgments/359403
360661|2018-10-11|SO|II K 162/17|Wyrok|40|https://www.saos.org.pl/judgments/360661
360514|2018-10-09|SO|IV K 3/18|Wyrok|40|https://www.saos.org.pl/judgments/360514
361552|2018-10-04|SO|VI K 417/18|Wyrok|40|https://www.saos.org.pl/judgments/361552
413880|2018-09-28|SO|II K 157/17|Wyrok|40|https://www.saos.org.pl/judgments/413880
410604|2018-09-27|SO|II K 1056/16|Wyrok|40|https://www.saos.org.pl/judgments/410604
357621|2018-09-24|SO|II K 201/18|Wyrok|40|https://www.saos.org.pl/judgments/357621
357650|2018-09-20|SO|IV Ka 685/18|Wyrok|40|https://www.saos.org.pl/judgments/357650
359159|2018-09-19|SO|VI K 968/17|Wyrok|40|https://www.saos.org.pl/judgments/359159
357443|2018-09-17|SO|II K 85/18|Wyrok|40|https://www.saos.org.pl/judgments/357443
360861|2018-09-14|SO|III K 152/18|Wyrok|40|https://www.saos.org.pl/judgments/360861
378140|2018-09-13|SO|II K 170/18|Wyrok|40|https://www.saos.org.pl/judgments/378140
359701|2018-09-05|SO|III K 113/18|Wyrok|40|https://www.saos.org.pl/judgments/359701
375369|2018-08-31|SO|II K 350/15|Wyrok|40|https://www.saos.org.pl/judgments/375369
355955|2018-08-27|SO|VI K 202/18|Wyrok|40|https://www.saos.org.pl/judgments/355955
355597|2018-08-27|SO|IV K 24/18|Wyrok|40|https://www.saos.org.pl/judgments/355597
360011|2018-08-21|SO|IV Ka 709/18|Wyrok|40|https://www.saos.org.pl/judgments/360011
355954|2018-08-13|SO|VI K 1318/17|Wyrok|40|https://www.saos.org.pl/judgments/355954
357994|2018-08-10|SO|II K 48/18|Wyrok|40|https://www.saos.org.pl/judgments/357994
352421|2018-08-07|SO|IV K 49/18|Wyrok|40|https://www.saos.org.pl/judgments/352421
358517|2018-07-27|SO|II K 444/17|Wyrok|40|https://www.saos.org.pl/judgments/358517
354935|2018-07-24|SO|II K 415/18|Wyrok|40|https://www.saos.org.pl/judgments/354935
358557|2018-07-23|SO|VI Ka 1410/17|Wyrok|40|https://www.saos.org.pl/judgments/358557
359995|2018-07-12|SO|IV Ka 602/18|Wyrok|40|https://www.saos.org.pl/judgments/359995
391251|2018-07-10|SO|II K 191/17|Wyrok|40|https://www.saos.org.pl/judgments/391251
356363|2018-07-06|SO|IV Ka 354/18|Wyrok|40|https://www.saos.org.pl/judgments/356363
350776|2018-07-04|SO|II K 149/17|Wyrok|40|https://www.saos.org.pl/judgments/350776
355305|2018-06-27|SO|IV K 90/15|Wyrok|40|https://www.saos.org.pl/judgments/355305
349917|2018-06-18|SO|II K 234/16|Wyrok|40|https://www.saos.org.pl/judgments/349917
345923|2018-06-18|SO|IV K 64/18|Wyrok|40|https://www.saos.org.pl/judgments/345923
404419|2018-06-12|SO|I C 202/14|Wyrok|40|https://www.saos.org.pl/judgments/404419
345086|2018-06-12|SO|II C 477/15|Wyrok|40|https://www.saos.org.pl/judgments/345086
349477|2018-06-11|SO|II K 358/18|Wyrok|40|https://www.saos.org.pl/judgments/349477
345495|2018-05-22|SO|II K 479/16|Wyrok|40|https://www.saos.org.pl/judgments/345495
356800|2018-05-21|SO|VI Ka 882/17|Wyrok|40|https://www.saos.org.pl/judgments/356800
356784|2018-05-14|SO|VI Ka 1286/17|Wyrok|40|https://www.saos.org.pl/judgments/356784
356619|2018-05-10|SO|VI Ka 1094/17|Wyrok|40|https://www.saos.org.pl/judgments/356619
341981|2018-05-08|SO|VII Ka 295/18|Wyrok|40|https://www.saos.org.pl/judgments/341981
389872|2018-05-07|SO|II K 583/16|Wyrok|40|https://www.saos.org.pl/judgments/389872
356614|2018-04-27|SO|VI Ka 1028/17|Wyrok|40|https://www.saos.org.pl/judgments/356614
386580|2018-04-26|SO|II K 529/17|Wyrok|40|https://www.saos.org.pl/judgments/386580
361785|2018-04-25|SO|I C 178/16|Wyrok|40|https://www.saos.org.pl/judgments/361785
340773|2018-04-19|SO|VI K 156/18|Wyrok|40|https://www.saos.org.pl/judgments/340773
339964|2018-04-19|SO|II K 921/15|Wyrok|40|https://www.saos.org.pl/judgments/339964
361500|2018-04-18|SO|II K 239/17|Wyrok|40|https://www.saos.org.pl/judgments/361500
344624|2018-04-13|SO|III K 213/17|Wyrok|40|https://www.saos.org.pl/judgments/344624
337645|2018-04-12|SO|IV K 6/18|Wyrok|40|https://www.saos.org.pl/judgments/337645
349120|2018-04-11|SO|I C 428/16|Wyrok|40|https://www.saos.org.pl/judgments/349120
338738|2018-04-11|SO|VII Ka 203/18|Wyrok|40|https://www.saos.org.pl/judgments/338738
338525|2018-04-10|SO|XVII Ka 232/18|Wyrok|40|https://www.saos.org.pl/judgments/338525
378201|2018-04-04|SO|II K 335/17|Wyrok|40|https://www.saos.org.pl/judgments/378201
355886|2018-04-04|SO|II K 260/17|Wyrok|40|https://www.saos.org.pl/judgments/355886
337702|2018-04-04|SO|XIII C 658/17|Wyrok|40|https://www.saos.org.pl/judgments/337702
334968|2018-03-28|SO|II K 989/15|Wyrok|40|https://www.saos.org.pl/judgments/334968
337515|2018-03-26|SO|II K 284/17|Wyrok|40|https://www.saos.org.pl/judgments/337515
395842|2018-03-22|SO|II K 5/18|Wyrok|40|https://www.saos.org.pl/judgments/395842
344839|2018-03-20|SO|VI K 963/17|Wyrok|40|https://www.saos.org.pl/judgments/344839
332225|2018-03-15|SO|VI Ka 972/17|Wyrok|40|https://www.saos.org.pl/judgments/332225
333424|2018-02-28|SO|IV Ka 104/18|Wyrok|40|https://www.saos.org.pl/judgments/333424
338455|2018-02-23|SO|II K 249/17|Wyrok|40|https://www.saos.org.pl/judgments/338455
351984|2018-02-13|SO|II K 224/17|Wyrok|40|https://www.saos.org.pl/judgments/351984
333080|2018-02-05|SO|VI K 823/16|Wyrok|40|https://www.saos.org.pl/judgments/333080
328425|2018-02-05|SO|VI Ka 689/17|Wyrok|40|https://www.saos.org.pl/judgments/328425
328387|2018-01-30|SO|VI Ka 1266/17|Wyrok|40|https://www.saos.org.pl/judgments/328387
328415|2018-01-25|SO|VI Ka 658/17|Wyrok|40|https://www.saos.org.pl/judgments/328415
349641|2018-01-24|SO|II K 431/16|Wyrok|40|https://www.saos.org.pl/judgments/349641
333441|2018-01-23|SO|IV Ka 1241/17|Wyrok|40|https://www.saos.org.pl/judgments/333441
337824|2018-01-19|SO|XVIII C 899/15|Wyrok|40|https://www.saos.org.pl/judgments/337824
333831|2018-01-17|SO|II K 174/17|Wyrok|40|https://www.saos.org.pl/judgments/333831
325165|2018-01-15|SO|II K 544/16|Wyrok|40|https://www.saos.org.pl/judgments/325165
329791|2018-01-12|SO|II K 124/16|Wyrok|40|https://www.saos.org.pl/judgments/329791
323167|2018-01-10|SO|XVI K 123/17|Wyrok|40|https://www.saos.org.pl/judgments/323167
330596|2017-12-21|SO|IV K 485/17|Wyrok|40|https://www.saos.org.pl/judgments/330596
342755|2017-12-20|SO|II K 26/17|Wyrok|40|https://www.saos.org.pl/judgments/342755
322859|2017-12-20|SO|III K 33/17|Wyrok|40|https://www.saos.org.pl/judgments/322859
322492|2017-12-19|SO|I C 214/14|Wyrok|40|https://www.saos.org.pl/judgments/322492
320993|2017-12-19|SO|II K 210/17|Wyrok|40|https://www.saos.org.pl/judgments/320993
320599|2017-12-19|SO|II K 621/14|Wyrok|40|https://www.saos.org.pl/judgments/320599
326782|2017-12-18|SO|VI Ka 506/17|Wyrok|40|https://www.saos.org.pl/judgments/326782
318627|2017-12-14|SO|III K 138/17|Wyrok|40|https://www.saos.org.pl/judgments/318627
324010|2017-12-07|SO|IV Ka 966/17|Wyrok|40|https://www.saos.org.pl/judgments/324010
320832|2017-11-30|SO|IV K 216/16|Wyrok|40|https://www.saos.org.pl/judgments/320832
318950|2017-11-27|SO|IV Ka 1080/17|Wyrok|40|https://www.saos.org.pl/judgments/318950
318191|2017-11-27|SO|II K 169/17|Wyrok|40|https://www.saos.org.pl/judgments/318191
323315|2017-11-22|SO|XVII Ka 1240/17|Wyrok|40|https://www.saos.org.pl/judgments/323315
319921|2017-11-22|SO|II K 928/15|Wyrok|40|https://www.saos.org.pl/judgments/319921
319476|2017-11-22|SO|II K 224/17|Wyrok|40|https://www.saos.org.pl/judgments/319476
347524|2017-11-21|SO|II K 16/17|Wyrok|40|https://www.saos.org.pl/judgments/347524
318944|2017-11-21|SO|IV Ka 1015/17|Wyrok|40|https://www.saos.org.pl/judgments/318944
318965|2017-11-16|SO|IV Ka 987/17|Wyrok|40|https://www.saos.org.pl/judgments/318965
318945|2017-11-16|SO|IV Ka 1024/17|Wyrok|40|https://www.saos.org.pl/judgments/318945
333830|2017-11-09|SO|II K 169/17|Wyrok|40|https://www.saos.org.pl/judgments/333830
316308|2017-11-09|SO|II K 171/17|Wyrok|40|https://www.saos.org.pl/judgments/316308
314492|2017-11-03|SO|II K 935/14|Wyrok|40|https://www.saos.org.pl/judgments/314492
316369|2017-10-30|SO|II K 800/17|Wyrok|40|https://www.saos.org.pl/judgments/316369
312661|2017-10-27|SO|III K 70/17|Wyrok|40|https://www.saos.org.pl/judgments/312661
322845|2017-10-25|SO|II K 117/17|Wyrok|40|https://www.saos.org.pl/judgments/322845
324863|2017-10-23|SO|VI Ka 556/17|Wyrok|40|https://www.saos.org.pl/judgments/324863
312005|2017-10-16|SO|IV K 166/16|Wyrok|40|https://www.saos.org.pl/judgments/312005
311173|2017-10-16|SO|I C 60/16|Wyrok|40|https://www.saos.org.pl/judgments/311173
371258|2017-10-12|SO|IV K 761/15|Wyrok|40|https://www.saos.org.pl/judgments/371258
311310|2017-10-12|SO|V Ka 798/17|Wyrok|40|https://www.saos.org.pl/judgments/311310
310454|2017-10-06|SO|II K 746/14|Wyrok|40|https://www.saos.org.pl/judgments/310454
316309|2017-10-02|SO|II K 186/17|Wyrok|40|https://www.saos.org.pl/judgments/316309
311765|2017-10-02|SO|II K 514/16|Wyrok|40|https://www.saos.org.pl/judgments/311765
310205|2017-09-11|SO|II K 413/15|Wyrok|40|https://www.saos.org.pl/judgments/310205
303994|2017-09-01|SO|IV K 80/16|Wyrok|40|https://www.saos.org.pl/judgments/303994
332997|2017-08-02|SO|II K 505/16|Wyrok|40|https://www.saos.org.pl/judgments/332997
321901|2017-07-25|SO|II K 210/16|Wyrok|40|https://www.saos.org.pl/judgments/321901
332434|2017-07-20|SO|V K 11/17|Wyrok|40|https://www.saos.org.pl/judgments/332434
313913|2017-07-20|SO|III K 990/16|Wyrok|40|https://www.saos.org.pl/judgments/313913
306451|2017-07-17|SO|VI Ka 1035/16|Wyrok|40|https://www.saos.org.pl/judgments/306451
306339|2017-07-14|SO|V P 24/14|Wyrok|40|https://www.saos.org.pl/judgments/306339
303986|2017-07-12|SO|IV K 108/16|Wyrok|40|https://www.saos.org.pl/judgments/303986
338059|2017-07-06|SO|II K 16/16|Wyrok|40|https://www.saos.org.pl/judgments/338059
307479|2017-07-04|SO|IV K 905/14|Wyrok|40|https://www.saos.org.pl/judgments/307479
299262|2017-06-29|SO|II K 233/17|Wyrok|40|https://www.saos.org.pl/judgments/299262
303015|2017-06-26|SO|XVII Ka 589/17|Wyrok|40|https://www.saos.org.pl/judgments/303015
526627|2017-06-22|SO|IV Ka 484/17|Wyrok|40|https://www.saos.org.pl/judgments/526627
297074|2017-06-22|SO|II K 210/17|Wyrok|40|https://www.saos.org.pl/judgments/297074
291197|2017-06-22|SO|III K 10/17|Wyrok|40|https://www.saos.org.pl/judgments/291197
297095|2017-06-19|SO|II K 387/17|Wyrok|40|https://www.saos.org.pl/judgments/297095
296843|2017-06-12|SO|II K 1008/15|Wyrok|40|https://www.saos.org.pl/judgments/296843
291200|2017-06-06|SO|III K 273/16|Wyrok|40|https://www.saos.org.pl/judgments/291200
305458|2017-06-01|SO|II K 201/16|Wyrok|40|https://www.saos.org.pl/judgments/305458
302993|2017-06-01|SO|XVII Ka 472/17|Wyrok|40|https://www.saos.org.pl/judgments/302993
297182|2017-05-26|SO|VI Ka 140/17|Wyrok|40|https://www.saos.org.pl/judgments/297182
290063|2017-05-24|SO|II K 558/15|Wyrok|40|https://www.saos.org.pl/judgments/290063
316323|2017-05-12|SO|II K 315/16|Wyrok|40|https://www.saos.org.pl/judgments/316323
331080|2017-05-09|SO|VII Ka 212/17|Wyrok|40|https://www.saos.org.pl/judgments/331080
324848|2017-05-09|SO|V K 130/16|Wyrok|40|https://www.saos.org.pl/judgments/324848
285300|2017-05-08|SO|II K 387/16|Wyrok|40|https://www.saos.org.pl/judgments/285300
293236|2017-05-04|SO|I C 341/15|Wyrok|40|https://www.saos.org.pl/judgments/293236
284656|2017-04-25|SO|IV Ka 250/17|Wyrok|40|https://www.saos.org.pl/judgments/284656
285304|2017-04-20|SO|II K 479/15|Wyrok|40|https://www.saos.org.pl/judgments/285304
284622|2017-04-12|SO|IV Ka 1054/16|Wyrok|40|https://www.saos.org.pl/judgments/284622
281144|2017-04-10|SO|VI Ka 985/16|Wyrok|40|https://www.saos.org.pl/judgments/281144
283874|2017-04-06|SO|IV K 191/16|Wyrok|40|https://www.saos.org.pl/judgments/283874
282539|2017-04-06|SO|II K 867/15|Wyrok|40|https://www.saos.org.pl/judgments/282539
431633|2017-04-04|SO|II K 975/15|Wyrok|40|https://www.saos.org.pl/judgments/431633
404053|2017-04-04|SO|VII P 23/15|Wyrok|40|https://www.saos.org.pl/judgments/404053
282224|2017-03-31|SO|II K 593/16|Wyrok|40|https://www.saos.org.pl/judgments/282224
280176|2017-03-29|SO|II K 14/16|Wyrok|40|https://www.saos.org.pl/judgments/280176
282214|2017-03-24|SO|II K 381/14|Wyrok|40|https://www.saos.org.pl/judgments/282214
283166|2017-03-23|SO|I C 2014/15|Wyrok|40|https://www.saos.org.pl/judgments/283166
280775|2017-03-22|SO|II K 354/16|Wyrok|40|https://www.saos.org.pl/judgments/280775
318056|2017-03-21|SO|XVIII C 30/15|Wyrok|40|https://www.saos.org.pl/judgments/318056
284165|2017-03-21|SO|XVIII C 896/15|Wyrok|40|https://www.saos.org.pl/judgments/284165
284637|2017-03-17|SO|IV Ka 184/17|Wyrok|40|https://www.saos.org.pl/judgments/284637
322853|2017-03-10|SO|II K 902/14|Wyrok|40|https://www.saos.org.pl/judgments/322853
280839|2017-03-10|SO|III K 283/16|Wyrok|40|https://www.saos.org.pl/judgments/280839
290382|2017-03-09|SO|IV K 43/17|Wyrok|40|https://www.saos.org.pl/judgments/290382
278641|2017-03-08|SO|XIII C 999/14|Wyrok|40|https://www.saos.org.pl/judgments/278641
278940|2017-03-02|SO|II K 168/16|Wyrok|40|https://www.saos.org.pl/judgments/278940
284623|2017-02-28|SO|IV Ka 1094/16|Wyrok|40|https://www.saos.org.pl/judgments/284623
352917|2017-02-15|SO|II K 425/16|Wyrok|40|https://www.saos.org.pl/judgments/352917
274256|2017-02-09|SO|II K 917/16|Wyrok|40|https://www.saos.org.pl/judgments/274256
271849|2017-02-09|SO|VIII K 530/16|Wyrok|40|https://www.saos.org.pl/judgments/271849
322852|2017-02-06|SO|II K 812/15|Wyrok|40|https://www.saos.org.pl/judgments/322852
272267|2017-01-31|SO|IV K 58/16|Wyrok|40|https://www.saos.org.pl/judgments/272267
274245|2017-01-27|SO|II K 788/14|Wyrok|40|https://www.saos.org.pl/judgments/274245
269953|2017-01-25|SO|II K 246/15|Wyrok|40|https://www.saos.org.pl/judgments/269953
272847|2017-01-20|SO|II K 110/15|Wyrok|40|https://www.saos.org.pl/judgments/272847
269948|2017-01-20|SO|II K 146/16|Wyrok|40|https://www.saos.org.pl/judgments/269948
269332|2017-01-16|SO|VI Ka 1106/16|Wyrok|40|https://www.saos.org.pl/judgments/269332
268157|2017-01-13|SO|VI Ka 795/16|Wyrok|40|https://www.saos.org.pl/judgments/268157
267259|2017-01-11|SO|XVI K 243/16|Wyrok|40|https://www.saos.org.pl/judgments/267259
271111|2017-01-03|SO|IV K 825/15|Wyrok|40|https://www.saos.org.pl/judgments/271111
266271|2017-01-03|SO|II K 442/15|Wyrok|40|https://www.saos.org.pl/judgments/266271
267151|2017-01-02|SO|III K 242/15|Wyrok|40|https://www.saos.org.pl/judgments/267151
292907|2016-12-28|SO|I C 498/14|Wyrok|40|https://www.saos.org.pl/judgments/292907
269215|2016-12-22|SO|II K 1150/13|Wyrok|40|https://www.saos.org.pl/judgments/269215
269992|2016-12-21|SO|IV K 47/14|Wyrok|40|https://www.saos.org.pl/judgments/269992
268409|2016-12-21|SO|VII Ka 979/16|Wyrok|40|https://www.saos.org.pl/judgments/268409
268756|2016-12-20|SO|II K 911/15|Wyrok|40|https://www.saos.org.pl/judgments/268756
322593|2016-12-12|SO|IV K 660/16|Wyrok|40|https://www.saos.org.pl/judgments/322593
262967|2016-12-07|SO|VI Ka 975/16|Wyrok|40|https://www.saos.org.pl/judgments/262967
286414|2016-12-05|SO|II K 130/16|Wyrok|40|https://www.saos.org.pl/judgments/286414
267414|2016-12-05|SO|V Ka 1138/16|Wyrok|40|https://www.saos.org.pl/judgments/267414
261369|2016-12-05|SO|II K 380/16|Wyrok|40|https://www.saos.org.pl/judgments/261369
260453|2016-12-05|SO|II K 228/16|Wyrok|40|https://www.saos.org.pl/judgments/260453
300200|2016-11-29|SO|IV K 471/16|Wyrok|40|https://www.saos.org.pl/judgments/300200
268754|2016-11-29|SO|II K 746/15|Wyrok|40|https://www.saos.org.pl/judgments/268754
260803|2016-11-28|SO|II K 391/16|Wyrok|40|https://www.saos.org.pl/judgments/260803
258237|2016-11-28|SO|IV K 36/16|Wyrok|40|https://www.saos.org.pl/judgments/258237
262567|2016-11-22|SO|VI Ka 785/16|Wyrok|40|https://www.saos.org.pl/judgments/262567
272292|2016-11-17|SO|IV Ka 893/16|Wyrok|40|https://www.saos.org.pl/judgments/272292
258964|2016-11-14|SO|II K 55/16|Wyrok|40|https://www.saos.org.pl/judgments/258964
471396|2016-11-09|SO|II K 104/16|Wyrok|40|https://www.saos.org.pl/judgments/471396
286412|2016-11-09|SO|II K 104/16|Wyrok|40|https://www.saos.org.pl/judgments/286412
256843|2016-11-08|SO|II K 566/15|Wyrok|40|https://www.saos.org.pl/judgments/256843
268636|2016-11-03|SO|V K 124/16|Wyrok|40|https://www.saos.org.pl/judgments/268636
281848|2016-10-26|SO|V K 205/15|Wyrok|40|https://www.saos.org.pl/judgments/281848
257737|2016-10-19|SO|VI Ka 371/16|Wyrok|40|https://www.saos.org.pl/judgments/257737
267411|2016-10-17|SO|V K 87/16|Wyrok|40|https://www.saos.org.pl/judgments/267411
253570|2016-10-14|SO|II K 952/13|Wyrok|40|https://www.saos.org.pl/judgments/253570
253108|2016-10-13|SO|III K 151/16|Wyrok|40|https://www.saos.org.pl/judgments/253108
258139|2016-10-12|SO|II K 214/15|Wyrok|40|https://www.saos.org.pl/judgments/258139
404048|2016-10-11|SO|VII P 15/15|Wyrok|40|https://www.saos.org.pl/judgments/404048
253807|2016-10-11|SO|XVII Ka 912/16|Wyrok|40|https://www.saos.org.pl/judgments/253807
255251|2016-10-10|SO|III K 47/16|Wyrok|40|https://www.saos.org.pl/judgments/255251
252612|2016-10-10|SO|IV K 28/15|Wyrok|40|https://www.saos.org.pl/judgments/252612
254502|2016-10-07|SO|VI Ka 462/16|Wyrok|40|https://www.saos.org.pl/judgments/254502
257772|2016-09-29|SO|VII P 51/13|Wyrok|40|https://www.saos.org.pl/judgments/257772
289086|2016-09-28|SO|II K 118/16|Wyrok|40|https://www.saos.org.pl/judgments/289086
255147|2016-09-23|SO|II K 199/16|Wyrok|40|https://www.saos.org.pl/judgments/255147
274182|2016-09-13|SO|II K 291/16|Wyrok|40|https://www.saos.org.pl/judgments/274182
254759|2016-09-09|SO|VI Ka 490/16|Wyrok|40|https://www.saos.org.pl/judgments/254759
246595|2016-09-06|SO|VII Ka 555/16|Wyrok|40|https://www.saos.org.pl/judgments/246595
254493|2016-09-05|SO|VI Ka 224/16|Wyrok|40|https://www.saos.org.pl/judgments/254493
246596|2016-08-31|SO|VII Ka 630/16|Wyrok|40|https://www.saos.org.pl/judgments/246596
279425|2016-08-24|SO|II K 197/16|Wyrok|40|https://www.saos.org.pl/judgments/279425
246912|2016-08-22|SO|II K 656/15|Wyrok|40|https://www.saos.org.pl/judgments/246912
245888|2016-08-18|SO|VIII K 866/15|Wyrok|40|https://www.saos.org.pl/judgments/245888
247007|2016-07-26|SO|III K 17/16|Wyrok|40|https://www.saos.org.pl/judgments/247007
240126|2016-07-18|SO|V K 168/15|Wyrok|40|https://www.saos.org.pl/judgments/240126
239124|2016-07-18|SO|II K 481/13|Wyrok|40|https://www.saos.org.pl/judgments/239124
237746|2016-07-18|SO|VI Ka 303/16|Wyrok|40|https://www.saos.org.pl/judgments/237746
257734|2016-07-14|SO|VI Ka 274/16|Wyrok|40|https://www.saos.org.pl/judgments/257734
303743|2016-06-28|SO|V K 58/12|Wyrok|40|https://www.saos.org.pl/judgments/303743
249194|2016-06-27|SO|II K 65/14|Wyrok|40|https://www.saos.org.pl/judgments/249194
234417|2016-06-27|SO|V Ka 1276/15|Wyrok|40|https://www.saos.org.pl/judgments/234417
237070|2016-06-22|SO|XVII Ka 221/16|Wyrok|40|https://www.saos.org.pl/judgments/237070
233756|2016-06-21|SO|IV K 80/15|Wyrok|40|https://www.saos.org.pl/judgments/233756
237855|2016-06-14|SO|V K 52/16|Wyrok|40|https://www.saos.org.pl/judgments/237855
234364|2016-06-13|SO|II K 341/15|Wyrok|40|https://www.saos.org.pl/judgments/234364
229232|2016-06-03|SO|VII Ka 312/16|Wyrok|40|https://www.saos.org.pl/judgments/229232
229234|2016-05-24|SO|VII Ka 340/16|Wyrok|40|https://www.saos.org.pl/judgments/229234
299065|2016-05-19|SO|VI Ka 191/16|Wyrok|40|https://www.saos.org.pl/judgments/299065
229529|2016-05-18|SO|II K 120/15|Wyrok|40|https://www.saos.org.pl/judgments/229529
225673|2016-05-12|SO|IV Ka 277/16|Wyrok|40|https://www.saos.org.pl/judgments/225673
224178|2016-04-26|SO|IV K 827/14|Wyrok|40|https://www.saos.org.pl/judgments/224178
219497|2016-04-26|SO|XVI K 17/16|Wyrok|40|https://www.saos.org.pl/judgments/219497
233323|2016-04-25|SO|III K 78/16|Wyrok|40|https://www.saos.org.pl/judgments/233323
224483|2016-04-21|SO|II K 23/15|Wyrok|40|https://www.saos.org.pl/judgments/224483
237829|2016-04-20|SO|II K 280/15|Wyrok|40|https://www.saos.org.pl/judgments/237829
225668|2016-04-18|SO|IV Ka 215/16|Wyrok|40|https://www.saos.org.pl/judgments/225668
221369|2016-04-13|SO|II K 148/16|Wyrok|40|https://www.saos.org.pl/judgments/221369
224298|2016-04-04|SO|II K 502/15|Wyrok|40|https://www.saos.org.pl/judgments/224298
228878|2016-03-31|SO|V Pa 30/16|Wyrok|40|https://www.saos.org.pl/judgments/228878
219471|2016-03-31|SO|XII C 1574/13|Wyrok|40|https://www.saos.org.pl/judgments/219471
238418|2016-03-30|SO|V K 115/15|Wyrok|40|https://www.saos.org.pl/judgments/238418
218596|2016-03-29|SO|IV K 141/15|Wyrok|40|https://www.saos.org.pl/judgments/218596
267097|2016-03-21|SO|II K 9/16|Wyrok|40|https://www.saos.org.pl/judgments/267097
533689|2016-03-16|SO|II K 46/16|Wyrok|40|https://www.saos.org.pl/judgments/533689
214451|2016-03-10|SO|IV Ka 119/16|Wyrok|40|https://www.saos.org.pl/judgments/214451
234875|2016-03-09|SO|III K 72/15|Wyrok|40|https://www.saos.org.pl/judgments/234875
212875|2016-03-08|SO|II K 888/14|Wyrok|40|https://www.saos.org.pl/judgments/212875
215410|2016-03-07|SO|III K 232/15|Wyrok|40|https://www.saos.org.pl/judgments/215410
215629|2016-03-04|SO|XVII Ka 1194/15|Wyrok|40|https://www.saos.org.pl/judgments/215629
229194|2016-02-24|SO|V K 61/15|Wyrok|40|https://www.saos.org.pl/judgments/229194
299846|2016-02-15|SO|II K 66/16|Wyrok|40|https://www.saos.org.pl/judgments/299846
228274|2016-02-15|SO|II K 330/15|Wyrok|40|https://www.saos.org.pl/judgments/228274
207437|2016-02-11|SO|IV Ka 1028/15|Wyrok|40|https://www.saos.org.pl/judgments/207437
204906|2016-01-29|SO|VII P 2/14|Wyrok|40|https://www.saos.org.pl/judgments/204906
204108|2016-01-27|SO|VI Ka 1328/15|Wyrok|40|https://www.saos.org.pl/judgments/204108
215543|2016-01-22|SO|VI Ka 1225/15|Wyrok|40|https://www.saos.org.pl/judgments/215543
199823|2016-01-20|SO|VI Ka 952/15|Wyrok|40|https://www.saos.org.pl/judgments/199823
229195|2016-01-18|SO|V K 81/15|Wyrok|40|https://www.saos.org.pl/judgments/229195
210259|2016-01-11|SO|II K 172/15|Wyrok|40|https://www.saos.org.pl/judgments/210259
200285|2016-01-11|SO|XVI K 173/15|Wyrok|40|https://www.saos.org.pl/judgments/200285
197990|2016-01-08|SO|IV K 247/14|Wyrok|40|https://www.saos.org.pl/judgments/197990
203029|2015-12-22|SO|II W 610/15|Wyrok|40|https://www.saos.org.pl/judgments/203029
218964|2015-12-21|SO|II K 1187/12|Wyrok|40|https://www.saos.org.pl/judgments/218964
212136|2015-12-16|SO|IV K 245/14|Wyrok|40|https://www.saos.org.pl/judgments/212136
197653|2015-12-16|SO|II K 819/14|Wyrok|40|https://www.saos.org.pl/judgments/197653
196229|2015-12-11|SO|II K 532/12|Wyrok|40|https://www.saos.org.pl/judgments/196229
219399|2015-12-08|SO|V K 170/14|Wyrok|40|https://www.saos.org.pl/judgments/219399
203986|2015-12-01|SO|II K 442/15|Wyrok|40|https://www.saos.org.pl/judgments/203986
210700|2015-11-30|SO|XVII Ka 866/15|Wyrok|40|https://www.saos.org.pl/judgments/210700
204570|2015-11-27|SO|II K 804/12|Wyrok|40|https://www.saos.org.pl/judgments/204570
196232|2015-11-27|SO|II K 615/14|Wyrok|40|https://www.saos.org.pl/judgments/196232
225357|2015-11-24|SO|V K 159/14|Wyrok|40|https://www.saos.org.pl/judgments/225357
198710|2015-11-19|SO|IV Ka 571/15|Wyrok|40|https://www.saos.org.pl/judgments/198710
198711|2015-11-17|SO|IV Ka 953/15|Wyrok|40|https://www.saos.org.pl/judgments/198711
225566|2015-11-12|SO|I C 342/13|Wyrok|40|https://www.saos.org.pl/judgments/225566
181794|2015-11-05|SO|I C 142/15|Wyrok|40|https://www.saos.org.pl/judgments/181794
234553|2015-10-30|SO|II K 20/15|Wyrok|40|https://www.saos.org.pl/judgments/234553
205195|2015-10-30|SO|XVI K 200/14|Wyrok|40|https://www.saos.org.pl/judgments/205195
183813|2015-10-29|SO|II K 63/15|Wyrok|40|https://www.saos.org.pl/judgments/183813
190286|2015-10-28|SO|II C 881/14|Wyrok|40|https://www.saos.org.pl/judgments/190286
183895|2015-10-28|SO|II K 951/14|Wyrok|40|https://www.saos.org.pl/judgments/183895
190324|2015-10-26|SO|III K 34/14|Wyrok|40|https://www.saos.org.pl/judgments/190324
196921|2015-10-21|SO|IV Ka 127/15|Wyrok|40|https://www.saos.org.pl/judgments/196921
406792|2015-10-19|SO|II K 58/15|Wyrok|40|https://www.saos.org.pl/judgments/406792
186425|2015-10-16|SO|IV Ka 641/15|Wyrok|40|https://www.saos.org.pl/judgments/186425
189224|2015-10-15|SO|XII C 691/13|Wyrok|40|https://www.saos.org.pl/judgments/189224
191297|2015-10-06|SO|II K 338/14|Wyrok|40|https://www.saos.org.pl/judgments/191297
212968|2015-09-25|SO|V K 110/15|Wyrok|40|https://www.saos.org.pl/judgments/212968
180619|2015-09-22|SO|II K 301/15|Wyrok|40|https://www.saos.org.pl/judgments/180619
234570|2015-09-18|SO|II K 78/15|Wyrok|40|https://www.saos.org.pl/judgments/234570
228803|2015-09-18|SO|II K 73/15|Wyrok|40|https://www.saos.org.pl/judgments/228803
189637|2015-09-16|SO|XVII Ka 467/15|Wyrok|40|https://www.saos.org.pl/judgments/189637
220155|2015-09-04|SO|II K 30/15|Wyrok|40|https://www.saos.org.pl/judgments/220155
176607|2015-08-20|SO|II Ka 238/15|Wyrok|40|https://www.saos.org.pl/judgments/176607
177774|2015-08-11|SO|VI Ka 615/15|Wyrok|40|https://www.saos.org.pl/judgments/177774
187680|2015-07-30|SO|VI K 665/15|Wyrok|40|https://www.saos.org.pl/judgments/187680
174164|2015-07-24|SO|II K 199/13|Wyrok|40|https://www.saos.org.pl/judgments/174164
175285|2015-06-23|SO|II Ka 244/15|Wyrok|40|https://www.saos.org.pl/judgments/175285
169894|2015-06-18|SO|VI Ka 207/15|Wyrok|40|https://www.saos.org.pl/judgments/169894
158210|2015-06-02|SO|IV Ka 296/15|Wyrok|40|https://www.saos.org.pl/judgments/158210
204542|2015-05-29|SO|II K 336/14|Wyrok|40|https://www.saos.org.pl/judgments/204542
180085|2015-05-22|SO|VI Ka 161/15|Wyrok|40|https://www.saos.org.pl/judgments/180085
155892|2015-05-21|SO|II Ka 164/15|Wyrok|40|https://www.saos.org.pl/judgments/155892
155400|2015-05-12|SO|XVII Ka 342/15|Wyrok|40|https://www.saos.org.pl/judgments/155400
156589|2015-05-07|SO|IV Ka 199/14|Wyrok|40|https://www.saos.org.pl/judgments/156589
153881|2015-04-28|SO|XII C 1344/13|Wyrok|40|https://www.saos.org.pl/judgments/153881
155371|2015-04-22|SO|XVII Ka 184/15|Wyrok|40|https://www.saos.org.pl/judgments/155371
152113|2015-04-16|SO|VI Ka 107/15|Wyrok|40|https://www.saos.org.pl/judgments/152113
150230|2015-04-08|SO|V Ka 137/15|Wyrok|40|https://www.saos.org.pl/judgments/150230
152370|2015-03-31|SO|XVII Ka 176/15|Wyrok|40|https://www.saos.org.pl/judgments/152370
277326|2015-03-30|SO|I C 167/14|Wyrok|40|https://www.saos.org.pl/judgments/277326
431569|2015-03-25|SO|II K 1165/13|Wyrok|40|https://www.saos.org.pl/judgments/431569
237850|2015-03-25|SO|V K 104/14|Wyrok|40|https://www.saos.org.pl/judgments/237850
170899|2015-03-20|SO|III K 232/14|Wyrok|40|https://www.saos.org.pl/judgments/170899
151736|2015-03-12|SO|II K 23/14|Wyrok|40|https://www.saos.org.pl/judgments/151736
150994|2015-03-11|SO|II K 90/11|Wyrok|40|https://www.saos.org.pl/judgments/150994
202537|2015-03-06|SO|I C 1717/14|Wyrok|40|https://www.saos.org.pl/judgments/202537
134583|2015-03-05|SO|II K 141/14|Wyrok|40|https://www.saos.org.pl/judgments/134583
202594|2015-02-26|SO|I C 2722/14|Wyrok|40|https://www.saos.org.pl/judgments/202594
148435|2015-02-23|SO|II K 471/13|Wyrok|40|https://www.saos.org.pl/judgments/148435
132052|2015-02-20|SO|IV Ka 57/15|Wyrok|40|https://www.saos.org.pl/judgments/132052
134321|2015-02-13|SO|IV Ka 1119/14|Wyrok|40|https://www.saos.org.pl/judgments/134321
130299|2015-02-06|SO|IV Ka 2/15|Wyrok|40|https://www.saos.org.pl/judgments/130299
133885|2015-02-04|SO|III K 167/14|Wyrok|40|https://www.saos.org.pl/judgments/133885
129097|2015-01-30|SO|IV Ka 1150/14|Wyrok|40|https://www.saos.org.pl/judgments/129097
131771|2015-01-29|SO|I C 201/14|Wyrok|40|https://www.saos.org.pl/judgments/131771
134234|2015-01-28|SO|I Ca 398/14|Wyrok|40|https://www.saos.org.pl/judgments/134234
129710|2015-01-22|SO|VI Ka 387/14|Wyrok|40|https://www.saos.org.pl/judgments/129710
128246|2015-01-22|SO|II K 811/13|Wyrok|40|https://www.saos.org.pl/judgments/128246
526630|2015-01-14|SO|IV Ka 744/14|Wyrok|40|https://www.saos.org.pl/judgments/526630
204544|2015-01-13|SO|II K 35/14|Wyrok|40|https://www.saos.org.pl/judgments/204544
129705|2015-01-09|SO|VI Ka 342/14|Wyrok|40|https://www.saos.org.pl/judgments/129705
129544|2014-12-09|SO|III K 62/14|Wyrok|40|https://www.saos.org.pl/judgments/129544
129345|2014-11-21|SO|III C 46/12|Wyrok|40|https://www.saos.org.pl/judgments/129345
74030|2014-11-20|SO|IV Ka 830/14|Wyrok|40|https://www.saos.org.pl/judgments/74030
75412|2014-11-19|SO|XVI K 43/14|Wyrok|40|https://www.saos.org.pl/judgments/75412
74525|2014-11-18|SO|VI Ka 636/14|Wyrok|40|https://www.saos.org.pl/judgments/74525
76080|2014-11-12|SO|VI K 28/14|Wyrok|40|https://www.saos.org.pl/judgments/76080
74020|2014-11-06|SO|IV Ka 452/14|Wyrok|40|https://www.saos.org.pl/judgments/74020
70715|2014-10-22|SO|VI Ka 302/14|Wyrok|40|https://www.saos.org.pl/judgments/70715
67532|2014-10-21|SO|V Ka 674/14|Wyrok|40|https://www.saos.org.pl/judgments/67532
130749|2014-10-13|SO|II K 55/14|Wyrok|40|https://www.saos.org.pl/judgments/130749
68405|2014-10-02|SO|II K 1252/12|Wyrok|40|https://www.saos.org.pl/judgments/68405
68043|2014-10-01|SO|IV Ka 629/14|Wyrok|40|https://www.saos.org.pl/judgments/68043
65390|2014-09-24|SO|IV Ka 711/14|Wyrok|40|https://www.saos.org.pl/judgments/65390
65388|2014-09-18|SO|IV Ka 689/14|Wyrok|40|https://www.saos.org.pl/judgments/65388
63317|2014-09-03|SO|IV Ka 119/14|Wyrok|40|https://www.saos.org.pl/judgments/63317
62246|2014-08-29|SO|IV Ka 633/14|Wyrok|40|https://www.saos.org.pl/judgments/62246
148088|2014-07-14|SO|II K 40/13|Wyrok|40|https://www.saos.org.pl/judgments/148088
58175|2014-07-10|SO|VI Ka 177/14|Wyrok|40|https://www.saos.org.pl/judgments/58175
65471|2014-06-27|SO|XVI K 20/14|Wyrok|40|https://www.saos.org.pl/judgments/65471
51919|2014-06-18|SO|IV Ka 462/14|Wyrok|40|https://www.saos.org.pl/judgments/51919
59401|2014-06-16|SO|XVI K 44/14|Wyrok|40|https://www.saos.org.pl/judgments/59401
147792|2014-06-12|SO|I C 1948/13|Wyrok|40|https://www.saos.org.pl/judgments/147792
50999|2014-06-12|SO|II Ka 508/13|Wyrok|40|https://www.saos.org.pl/judgments/50999
59860|2014-06-11|SO|II C 1559/11|Wyrok|40|https://www.saos.org.pl/judgments/59860
49822|2014-05-30|SO|IV Ka 298/14|Wyrok|40|https://www.saos.org.pl/judgments/49822
59368|2014-05-29|SO|II C 66/11|Wyrok|40|https://www.saos.org.pl/judgments/59368
58167|2014-05-28|SO|VI Ka 107/14|Wyrok|40|https://www.saos.org.pl/judgments/58167
49953|2014-05-16|SO|IV Ka 303/14|Wyrok|40|https://www.saos.org.pl/judgments/49953
66086|2014-04-30|SO|XVI K 137/13|Wyrok|40|https://www.saos.org.pl/judgments/66086
54107|2014-04-30|SO|VIII K 921/13|Wyrok|40|https://www.saos.org.pl/judgments/54107
54415|2014-04-22|SO|III K 30/13|Wyrok|40|https://www.saos.org.pl/judgments/54415
48158|2014-04-11|SO|VI Ka 31/14|Wyrok|40|https://www.saos.org.pl/judgments/48158
42979|2014-04-02|SO|VI Ka 852/13|Wyrok|40|https://www.saos.org.pl/judgments/42979
43830|2014-03-26|SO|VI Ka 774/13|Wyrok|40|https://www.saos.org.pl/judgments/43830
41335|2014-03-12|SO|II K 748/13|Wyrok|40|https://www.saos.org.pl/judgments/41335
45077|2014-02-28|SO|III K 213/13|Wyrok|40|https://www.saos.org.pl/judgments/45077
38274|2014-02-26|SO|V Ka 847/13|Wyrok|40|https://www.saos.org.pl/judgments/38274
41737|2014-02-21|SO|IV Ka 711/13|Wyrok|40|https://www.saos.org.pl/judgments/41737
49828|2014-02-19|SO|IV Ka 39/14|Wyrok|40|https://www.saos.org.pl/judgments/49828
41660|2014-02-14|SO|III C 209/11|Wyrok|40|https://www.saos.org.pl/judgments/41660
41512|2014-02-06|SO|III K 125/13|Wyrok|40|https://www.saos.org.pl/judgments/41512
45053|2014-01-28|SO|II K 62/13|Wyrok|40|https://www.saos.org.pl/judgments/45053
143088|2014-01-27|SO|I C 905/12|Wyrok|40|https://www.saos.org.pl/judgments/143088
35559|2014-01-23|SO|IV Ka 1293/12|Wyrok|40|https://www.saos.org.pl/judgments/35559
53539|2014-01-10|SO|II K 580/12|Wyrok|40|https://www.saos.org.pl/judgments/53539
144101|2013-12-17|SO|I C 1062/12|Wyrok|40|https://www.saos.org.pl/judgments/144101
30475|2013-12-13|SO|VI Ka 475/13|Wyrok|40|https://www.saos.org.pl/judgments/30475
526860|2013-12-12|SO|IV Ka 849/13|Wyrok|40|https://www.saos.org.pl/judgments/526860
29848|2013-12-12|SO|VI Ka 364/13|Wyrok|40|https://www.saos.org.pl/judgments/29848
32609|2013-12-03|SO|IV Ka 792/13|Wyrok|40|https://www.saos.org.pl/judgments/32609
33773|2013-11-29|SO|VI Ka 437/13|Wyrok|40|https://www.saos.org.pl/judgments/33773
37755|2013-10-24|SO|III K 53/13|Wyrok|40|https://www.saos.org.pl/judgments/37755
25617|2013-09-16|SO|II K 163/12|Wyrok|40|https://www.saos.org.pl/judgments/25617
527008|2013-07-25|SO|IV Ka 750/12|Wyrok|40|https://www.saos.org.pl/judgments/527008
26502|2013-07-22|SO|VI Ka 1512/12|Wyrok|40|https://www.saos.org.pl/judgments/26502
17155|2013-06-25|SO|IV Ka 301/13|Wyrok|40|https://www.saos.org.pl/judgments/17155
17200|2013-06-20|SO|VI Ka 214/13|Wyrok|40|https://www.saos.org.pl/judgments/17200
17109|2013-06-06|SO|VI Ka 193/13|Wyrok|40|https://www.saos.org.pl/judgments/17109
11150|2013-04-26|SO|VI Ka 141/13|Wyrok|40|https://www.saos.org.pl/judgments/11150
12916|2013-04-22|SO|V Ka 179/13|Wyrok|40|https://www.saos.org.pl/judgments/12916
10350|2013-03-19|SO|IV Ka 109/13|Wyrok|40|https://www.saos.org.pl/judgments/10350
7997|2013-03-14|SO|VI Ka 48/13|Wyrok|40|https://www.saos.org.pl/judgments/7997
3639|2012-12-18|SO|IV Ka 668/12|Wyrok|40|https://www.saos.org.pl/judgments/3639
140566|2012-12-04|SO|I C 278/11|Wyrok|40|https://www.saos.org.pl/judgments/140566
3398|2012-11-22|SO|IV Ka 607/12|Wyrok|40|https://www.saos.org.pl/judgments/3398
3395|2012-11-20|SO|IV Ka 595/12|Wyrok|40|https://www.saos.org.pl/judgments/3395
34171|2012-11-12|SO|VI Ka 285/12|Wyrok|40|https://www.saos.org.pl/judgments/34171
4310|2012-10-11|SO|II K 549/12|Wyrok|40|https://www.saos.org.pl/judgments/4310
5386|2012-10-04|SO|II K 927/12|Wyrok|40|https://www.saos.org.pl/judgments/5386
477393|2022-11-16|SO|III K 220/22|Postanowienie|31|https://www.saos.org.pl/judgments/477393
438593|2021-05-19|SO|III K 32/21|Postanowienie|31|https://www.saos.org.pl/judgments/438593
417362|2020-08-11|SO|III K 188/20|Postanowienie|31|https://www.saos.org.pl/judgments/417362
405929|2020-01-08|SO|VII Kz 634/19|Postanowienie|31|https://www.saos.org.pl/judgments/405929
399024|2019-12-18|SO|III K 448/19|Postanowienie|31|https://www.saos.org.pl/judgments/399024
358075|2018-09-21|SO|III K 190/18|Postanowienie|31|https://www.saos.org.pl/judgments/358075
336409|2018-03-19|SO|III K 4/18|Postanowienie|31|https://www.saos.org.pl/judgments/336409
318447|2017-12-20|SO|III K 221/17|Postanowienie|31|https://www.saos.org.pl/judgments/318447
325301|2017-12-15|SO|IV Kz 850/17|Postanowienie|31|https://www.saos.org.pl/judgments/325301
311277|2017-10-26|SO|IV Kz 878/17|Postanowienie|31|https://www.saos.org.pl/judgments/311277
316747|2017-10-20|SO|V Kz 883/17|Postanowienie|31|https://www.saos.org.pl/judgments/316747
306335|2017-09-15|SO|V Kz 769/17|Postanowienie|31|https://www.saos.org.pl/judgments/306335
286958|2017-05-11|SO|VII Kz 168/17|Postanowienie|31|https://www.saos.org.pl/judgments/286958
286956|2017-03-30|SO|VII Kz 129/17|Postanowienie|31|https://www.saos.org.pl/judgments/286956
278477|2017-03-10|SO|V Kz 157/17|Postanowienie|31|https://www.saos.org.pl/judgments/278477
272027|2017-02-09|SO|VII Ka 55/17|Postanowienie|31|https://www.saos.org.pl/judgments/272027
274429|2017-01-09|SO|III K 269/16|Postanowienie|31|https://www.saos.org.pl/judgments/274429
44925|2014-03-31|SO|III K 63/14|Postanowienie|31|https://www.saos.org.pl/judgments/44925
28799|2013-09-10|SO|II K 84/13|Postanowienie|31|https://www.saos.org.pl/judgments/28799
542760|2026-02-23|SO|VI Ka 644/24|Uzasadnienie|27|https://www.saos.org.pl/judgments/542760
543966|2025-10-23|SO|IV K 216/23|Uzasadnienie|27|https://www.saos.org.pl/judgments/543966
533905|2025-07-09|SO|III K 180/25|Uzasadnienie|27|https://www.saos.org.pl/judgments/533905
531953|2025-06-06|SO|VI Ka 815/22|Uzasadnienie|27|https://www.saos.org.pl/judgments/531953
531522|2025-04-28|SO|II C 1689/24|Uzasadnienie|27|https://www.saos.org.pl/judgments/531522
534693|2025-04-24|SO|II K 120/25|Uzasadnienie|27|https://www.saos.org.pl/judgments/534693
537092|2025-04-14|SO|II K 636/24|Uzasadnienie|27|https://www.saos.org.pl/judgments/537092
528115|2025-03-28|SO|II K 360/22|Uzasadnienie|27|https://www.saos.org.pl/judgments/528115
543071|2025-03-24|SO|II K 256/24|Uzasadnienie|27|https://www.saos.org.pl/judgments/543071
544692|2025-03-18|SO|II K 89/25|Uzasadnienie|27|https://www.saos.org.pl/judgments/544692
529550|2025-01-24|SO|VIII U 1698/23|Uzasadnienie|27|https://www.saos.org.pl/judgments/529550
519489|2025-01-10|SO|IV K 166/24|Uzasadnienie|27|https://www.saos.org.pl/judgments/519489
518704|2024-12-17|SO|IV K 23/24|Uzasadnienie|27|https://www.saos.org.pl/judgments/518704
544914|2024-12-16|SO|II K 658/23|Uzasadnienie|27|https://www.saos.org.pl/judgments/544914
507776|2024-09-27|SO|IV K 92/24|Uzasadnienie|27|https://www.saos.org.pl/judgments/507776
507715|2024-09-25|SO|IV K 186/23|Uzasadnienie|27|https://www.saos.org.pl/judgments/507715
503448|2024-07-01|SO|II K 686/23|Uzasadnienie|27|https://www.saos.org.pl/judgments/503448
507747|2024-06-25|SO|IV K 40/24|Uzasadnienie|27|https://www.saos.org.pl/judgments/507747
507723|2024-04-18|SO|IV K 214/23|Uzasadnienie|27|https://www.saos.org.pl/judgments/507723
507672|2024-01-19|SO|IV K 103/23|Uzasadnienie|27|https://www.saos.org.pl/judgments/507672
507696|2023-12-13|SO|IV K 144/21|Uzasadnienie|27|https://www.saos.org.pl/judgments/507696
525524|2023-11-29|SO|II K 2990/21|Uzasadnienie|27|https://www.saos.org.pl/judgments/525524
507712|2023-09-27|SO|IV K 181/22|Uzasadnienie|27|https://www.saos.org.pl/judgments/507712
489974|2023-06-14|SO|IV K 273/22|Uzasadnienie|27|https://www.saos.org.pl/judgments/489974
489433|2023-05-11|SO|III K 86/23|Zarządzenie|27|https://www.saos.org.pl/judgments/489433
491749|2023-04-05|SO|VII K 188/22|Uzasadnienie|27|https://www.saos.org.pl/judgments/491749
503380|2023-03-24|SO|II K 62/23|Uzasadnienie|27|https://www.saos.org.pl/judgments/503380
483519|2023-02-03|SO|VI Ka 753/22|Uzasadnienie|27|https://www.saos.org.pl/judgments/483519
476875|2022-09-07|SO|VII K 80/22|Uzasadnienie|27|https://www.saos.org.pl/judgments/476875
474715|2022-08-17|SO|III K 144/21|Zarządzenie|27|https://www.saos.org.pl/judgments/474715
474305|2022-06-28|SO|VI Ka 650/21|Uzasadnienie|27|https://www.saos.org.pl/judgments/474305
487402|2022-06-08|SO|V K 150/21|Uzasadnienie|27|https://www.saos.org.pl/judgments/487402
471038|2022-04-29|SO|IV K 113/21|Uzasadnienie|27|https://www.saos.org.pl/judgments/471038
466252|2022-04-20|SO|VI Ka 374/21|Uzasadnienie|27|https://www.saos.org.pl/judgments/466252
464787|2022-02-28|SO|VI Ka 5/21|Uzasadnienie|27|https://www.saos.org.pl/judgments/464787
459784|2022-01-21|SO|VIII P 26/20|Uzasadnienie|27|https://www.saos.org.pl/judgments/459784
454795|2022-01-19|SO|IV K 136/21|Uzasadnienie|27|https://www.saos.org.pl/judgments/454795
454794|2022-01-14|SO|IV K 136/21|Uzasadnienie|27|https://www.saos.org.pl/judgments/454794
526152|2021-12-06|SO|IV Ka 827/21|Uzasadnienie|27|https://www.saos.org.pl/judgments/526152
451163|2021-11-29|SO|IV K 139/21|Uzasadnienie|27|https://www.saos.org.pl/judgments/451163
450061|2021-11-17|SO|IV K 65/21|Uzasadnienie|27|https://www.saos.org.pl/judgments/450061
449500|2021-10-28|SO|IV K 24/21|Uzasadnienie|27|https://www.saos.org.pl/judgments/449500
449753|2021-10-12|SO|VI Ka 576/21|Uzasadnienie|27|https://www.saos.org.pl/judgments/449753
448753|2021-09-27|SO|VI K 93/19|Uzasadnienie|27|https://www.saos.org.pl/judgments/448753
449498|2021-09-15|SO|III K 404/20|Uzasadnienie|27|https://www.saos.org.pl/judgments/449498
445377|2021-09-03|SO|IV K 124/20|Uzasadnienie|27|https://www.saos.org.pl/judgments/445377
483064|2021-06-11|SO|V K 262/20|Uzasadnienie|27|https://www.saos.org.pl/judgments/483064
440054|2021-05-28|SO|IV K 259/20|Uzasadnienie|27|https://www.saos.org.pl/judgments/440054
437109|2021-04-28|SO|IV K 60/20|Uzasadnienie|27|https://www.saos.org.pl/judgments/437109
437980|2021-04-01|SO|II C 1026/18|Zarządzenie|27|https://www.saos.org.pl/judgments/437980
440513|2021-03-31|SO|VII K 181/20|Uzasadnienie|27|https://www.saos.org.pl/judgments/440513
435044|2021-03-29|SO|II K 283/19|Zarządzenie|27|https://www.saos.org.pl/judgments/435044
435588|2021-03-22|SO|IV K 155/14|Uzasadnienie|27|https://www.saos.org.pl/judgments/435588
442433|2021-02-25|SO|V Ka 578/20|Uzasadnienie|27|https://www.saos.org.pl/judgments/442433
441027|2021-02-23|SO|VIII P 33/17|Zarządzenie|27|https://www.saos.org.pl/judgments/441027
436658|2021-02-15|SO|I C 98/16|Zarządzenie|27|https://www.saos.org.pl/judgments/436658
441576|2021-02-11|SO|II K 330/18|Uzasadnienie|27|https://www.saos.org.pl/judgments/441576
431289|2021-02-11|SO|IV K 192/20|Uzasadnienie|27|https://www.saos.org.pl/judgments/431289
438987|2021-01-25|SO|II K 879/20|Uzasadnienie|27|https://www.saos.org.pl/judgments/438987
427420|2020-12-22|SO|IV K 65/20|Uzasadnienie|27|https://www.saos.org.pl/judgments/427420
427417|2020-12-22|SO|IV K 211/18|Uzasadnienie|27|https://www.saos.org.pl/judgments/427417
435958|2020-12-15|SO|II K 791/19|Uzasadnienie|27|https://www.saos.org.pl/judgments/435958
430126|2020-11-09|SO|II K 1322/19|Uzasadnienie|27|https://www.saos.org.pl/judgments/430126
424146|2020-09-24|SO|II K 1349/19|Uzasadnienie|27|https://www.saos.org.pl/judgments/424146
420615|2020-09-18|SO|IV K 18/19|Uzasadnienie|27|https://www.saos.org.pl/judgments/420615
418105|2020-08-28|SO|IV K 109/19|Uzasadnienie|27|https://www.saos.org.pl/judgments/418105
430847|2020-08-04|SO|IV Ka 490/20|Uzasadnienie|27|https://www.saos.org.pl/judgments/430847
426141|2020-06-30|SO|IV Ka 217/20|Uzasadnienie|27|https://www.saos.org.pl/judgments/426141
421971|2020-06-30|SO|II K 318/20|Uzasadnienie|27|https://www.saos.org.pl/judgments/421971
408198|2020-04-01|SO|IV K 67/19|Uzasadnienie|27|https://www.saos.org.pl/judgments/408198
419764|2020-03-12|SO|IV Ka 82/20|Uzasadnienie|27|https://www.saos.org.pl/judgments/419764
409174|2020-02-24|SO|II K 329/18|Uzasadnienie|27|https://www.saos.org.pl/judgments/409174
420018|2020-02-19|SO|IV Ka 1170/19|Uzasadnienie|27|https://www.saos.org.pl/judgments/420018
408372|2020-02-10|SO|II K 119/19|Uzasadnienie|27|https://www.saos.org.pl/judgments/408372
525851|2020-01-22|SO|IV Ka 731/18|Uzasadnienie|27|https://www.saos.org.pl/judgments/525851
402080|2020-01-21|SO|IV K 240/18|Uzasadnienie|27|https://www.saos.org.pl/judgments/402080
404995|2020-01-13|SO|II K 615/17|Uzasadnienie|27|https://www.saos.org.pl/judgments/404995
413156|2020-01-07|SO|II K 13/19|Uzasadnienie|27|https://www.saos.org.pl/judgments/413156
399697|2019-12-17|SO|V Ka 1055/19|Uzasadnienie|27|https://www.saos.org.pl/judgments/399697
404560|2019-12-16|SO|II K 863/18|Uzasadnienie|27|https://www.saos.org.pl/judgments/404560
397173|2019-11-18|SO|II K 1090/18|Uzasadnienie|27|https://www.saos.org.pl/judgments/397173
395546|2019-11-05|SO|IV K 146/18|Uzasadnienie|27|https://www.saos.org.pl/judgments/395546
526451|2019-10-16|SO|IV Ka 319/19|Uzasadnienie|27|https://www.saos.org.pl/judgments/526451
399590|2019-10-11|SO|V Ka 538/19|Uzasadnienie|27|https://www.saos.org.pl/judgments/399590
388467|2019-07-26|SO|IV K 200/18|Uzasadnienie|27|https://www.saos.org.pl/judgments/388467
388468|2019-07-23|SO|IV K 9/19|Uzasadnienie|27|https://www.saos.org.pl/judgments/388468
399586|2019-07-16|SO|V Ka 478/19|Uzasadnienie|27|https://www.saos.org.pl/judgments/399586
386266|2019-07-09|SO|IV K 23/19|Uzasadnienie|27|https://www.saos.org.pl/judgments/386266
399567|2019-07-08|SO|V Ka 1623/18|Uzasadnienie|27|https://www.saos.org.pl/judgments/399567
390504|2019-07-08|SO|II K 665/16|Uzasadnienie|27|https://www.saos.org.pl/judgments/390504
391578|2019-07-02|SO|III Ca 421/19|Uzasadnienie|27|https://www.saos.org.pl/judgments/391578
383477|2019-06-19|SO|IV K 139/18|Uzasadnienie|27|https://www.saos.org.pl/judgments/383477
398933|2019-06-11|SO|II K 123/19|Uzasadnienie|27|https://www.saos.org.pl/judgments/398933
423518|2019-05-21|SO|III K 41/19|Uzasadnienie|27|https://www.saos.org.pl/judgments/423518
394041|2019-05-02|SO|II K 592/18|Zarządzenie|27|https://www.saos.org.pl/judgments/394041
384121|2019-04-16|SO|I C 1651/15|Uzasadnienie|27|https://www.saos.org.pl/judgments/384121
394618|2019-04-08|SO|V Ka 1604/18|Uzasadnienie|27|https://www.saos.org.pl/judgments/394618
379136|2019-04-08|SO|IV K 121/18|Uzasadnienie|27|https://www.saos.org.pl/judgments/379136
381856|2019-04-03|SO|V Ka 184/19|Uzasadnienie|27|https://www.saos.org.pl/judgments/381856
379146|2019-04-02|SO|IV K 215/18|Uzasadnienie|27|https://www.saos.org.pl/judgments/379146
381855|2019-03-18|SO|V Ka 1757/18|Uzasadnienie|27|https://www.saos.org.pl/judgments/381855
372286|2019-03-04|SO|IV K 180/18|Uzasadnienie|27|https://www.saos.org.pl/judgments/372286
418046|2019-02-25|SO|VIII K 200/16|Uzasadnienie|27|https://www.saos.org.pl/judgments/418046
381844|2018-11-13|SO|V Ka 1593/17|Uzasadnienie|27|https://www.saos.org.pl/judgments/381844
360513|2018-10-30|SO|IV K 3/18|Uzasadnienie|27|https://www.saos.org.pl/judgments/360513
359402|2018-10-29|SO|IV K 47/18|Uzasadnienie|27|https://www.saos.org.pl/judgments/359402
378164|2018-10-23|SO|II K 225/18|Uzasadnienie|27|https://www.saos.org.pl/judgments/378164
362906|2018-10-12|SO|V Ka 866/18|Uzasadnienie|27|https://www.saos.org.pl/judgments/362906
366066|2018-10-08|SO|II C 1352/17|Zarządzenie|27|https://www.saos.org.pl/judgments/366066
355306|2018-09-21|SO|IV K 90/15|Uzasadnienie|27|https://www.saos.org.pl/judgments/355306
355598|2018-09-18|SO|IV K 24/18|Uzasadnienie|27|https://www.saos.org.pl/judgments/355598
352422|2018-09-05|SO|IV K 49/18|Uzasadnienie|27|https://www.saos.org.pl/judgments/352422
357414|2018-08-30|SO|II C 452/16|Uzasadnienie|27|https://www.saos.org.pl/judgments/357414
394625|2018-08-09|SO|V Ka 283/18|Uzasadnienie|27|https://www.saos.org.pl/judgments/394625
362887|2018-07-16|SO|V Ka 549/18|Uzasadnienie|27|https://www.saos.org.pl/judgments/362887
352063|2018-07-10|SO|III Ca 385/18|Uzasadnienie|27|https://www.saos.org.pl/judgments/352063
345922|2018-07-10|SO|IV K 64/18|Uzasadnienie|27|https://www.saos.org.pl/judgments/345922
386585|2018-07-05|SO|II K 882/17|Uzasadnienie|27|https://www.saos.org.pl/judgments/386585
362879|2018-06-14|SO|V Ka 279/18|Uzasadnienie|27|https://www.saos.org.pl/judgments/362879
362880|2018-06-12|SO|V Ka 369/18|Uzasadnienie|27|https://www.saos.org.pl/judgments/362880
337646|2018-04-27|SO|IV K 6/18|Uzasadnienie|27|https://www.saos.org.pl/judgments/337646
337931|2018-04-20|SO|V Ka 734/17|Uzasadnienie|27|https://www.saos.org.pl/judgments/337931
337914|2018-04-09|SO|V Ka 1158/17|Uzasadnienie|27|https://www.saos.org.pl/judgments/337914
362875|2018-03-21|SO|V Ka 1619/17|Uzasadnienie|27|https://www.saos.org.pl/judgments/362875
341384|2018-03-21|SO|V Ka 1503/17|Uzasadnienie|27|https://www.saos.org.pl/judgments/341384
338124|2018-02-27|SO|I C 1360/16|Uzasadnienie|27|https://www.saos.org.pl/judgments/338124
332465|2018-02-20|SO|V Ka 1378/17|Uzasadnienie|27|https://www.saos.org.pl/judgments/332465
332460|2018-02-02|SO|V Ka 1239/17|Uzasadnienie|27|https://www.saos.org.pl/judgments/332460
332436|2018-01-22|SO|V Ka 1008/17|Uzasadnienie|27|https://www.saos.org.pl/judgments/332436
332450|2018-01-15|SO|V Ka 1151/17|Uzasadnienie|27|https://www.saos.org.pl/judgments/332450
320831|2018-01-12|SO|IV K 216/16|Uzasadnienie|27|https://www.saos.org.pl/judgments/320831
327890|2017-12-05|SO|II C 666/13|Uzasadnienie|27|https://www.saos.org.pl/judgments/327890
332486|2017-11-16|SO|V Ka 722/17|Uzasadnienie|27|https://www.saos.org.pl/judgments/332486
312006|2017-11-06|SO|IV K 166/16|Uzasadnienie|27|https://www.saos.org.pl/judgments/312006
311464|2017-11-06|SO|IV K 33/17|Uzasadnienie|27|https://www.saos.org.pl/judgments/311464
317353|2017-10-30|SO|II C 1272/15|Uzasadnienie|27|https://www.saos.org.pl/judgments/317353
371259|2017-10-26|SO|IV K 761/15|Uzasadnienie|27|https://www.saos.org.pl/judgments/371259
321888|2017-10-23|SO|II C 768/16|Uzasadnienie|27|https://www.saos.org.pl/judgments/321888
311309|2017-10-12|SO|V Ka 798/17|Uzasadnienie|27|https://www.saos.org.pl/judgments/311309
310844|2017-10-02|SO|V Ka 1688/16|Uzasadnienie|27|https://www.saos.org.pl/judgments/310844
303993|2017-09-15|SO|IV K 80/16|Uzasadnienie|27|https://www.saos.org.pl/judgments/303993
310206|2017-09-11|SO|II K 413/15|Uzasadnienie|27|https://www.saos.org.pl/judgments/310206
303567|2017-09-07|SO|V Ka 649/17|Uzasadnienie|27|https://www.saos.org.pl/judgments/303567
526628|2017-08-04|SO|IV Ka 484/17|Uzasadnienie|27|https://www.saos.org.pl/judgments/526628
301117|2017-07-31|SO|III Ca 327/17|Uzasadnienie|27|https://www.saos.org.pl/judgments/301117
307457|2017-07-18|SO|III K 606/16|Uzasadnienie|27|https://www.saos.org.pl/judgments/307457
294474|2017-07-06|SO|V Ka 1166/16|Uzasadnienie|27|https://www.saos.org.pl/judgments/294474
294485|2017-07-05|SO|V Ka 74/17|Uzasadnienie|27|https://www.saos.org.pl/judgments/294485
297286|2017-05-31|SO|I C 1068/14|Uzasadnienie|27|https://www.saos.org.pl/judgments/297286
289115|2017-05-31|SO|II K 540/16|Uzasadnienie|27|https://www.saos.org.pl/judgments/289115
426371|2017-05-25|SO|I C 12/16|Uzasadnienie|27|https://www.saos.org.pl/judgments/426371
288183|2017-05-16|SO|V Ka 69/17|Uzasadnienie|27|https://www.saos.org.pl/judgments/288183
288182|2017-05-04|SO|V Ka 66/16|Uzasadnienie|27|https://www.saos.org.pl/judgments/288182
288155|2017-05-04|SO|V Ka 1521/16|Uzasadnienie|27|https://www.saos.org.pl/judgments/288155
288150|2017-05-04|SO|V Ka 135/17|Uzasadnienie|27|https://www.saos.org.pl/judgments/288150
283873|2017-04-26|SO|IV K 191/16|Uzasadnienie|27|https://www.saos.org.pl/judgments/283873
288167|2017-04-25|SO|V Ka 1725/16|Uzasadnienie|27|https://www.saos.org.pl/judgments/288167
280882|2017-04-19|SO|IV K 10/16|Uzasadnienie|27|https://www.saos.org.pl/judgments/280882
288163|2017-04-13|SO|V Ka 1616/16|Uzasadnienie|27|https://www.saos.org.pl/judgments/288163
281054|2017-04-04|SO|V Ka 1654/16|Uzasadnienie|27|https://www.saos.org.pl/judgments/281054
279725|2017-03-22|SO|II K 593/16|Uzasadnienie|27|https://www.saos.org.pl/judgments/279725
272266|2017-02-21|SO|IV K 58/16|Uzasadnienie|27|https://www.saos.org.pl/judgments/272266
269952|2017-02-13|SO|II K 246/15|Uzasadnienie|27|https://www.saos.org.pl/judgments/269952
269949|2017-02-13|SO|II K 146/16|Uzasadnienie|27|https://www.saos.org.pl/judgments/269949
281027|2017-02-02|SO|V Ka 1294/16|Uzasadnienie|27|https://www.saos.org.pl/judgments/281027
267692|2017-01-20|SO|II K 543/16|Uzasadnienie|27|https://www.saos.org.pl/judgments/267692
268977|2017-01-16|SO|II K 167/14|Uzasadnienie|27|https://www.saos.org.pl/judgments/268977
267415|2016-12-27|SO|V Ka 1138/16|Uzasadnienie|27|https://www.saos.org.pl/judgments/267415
302849|2016-12-19|SO|IV K 471/16|Uzasadnienie|27|https://www.saos.org.pl/judgments/302849
261804|2016-12-12|SO|V Ka 1035/16|Uzasadnienie|27|https://www.saos.org.pl/judgments/261804
258238|2016-12-09|SO|IV K 36/16|Uzasadnienie|27|https://www.saos.org.pl/judgments/258238
269190|2016-11-21|SO|II C 1506/14|Uzasadnienie|27|https://www.saos.org.pl/judgments/269190
248471|2016-08-03|SO|V Ka 356/16|Uzasadnienie|27|https://www.saos.org.pl/judgments/248471
248463|2016-07-29|SO|V Ka 320/16|Uzasadnienie|27|https://www.saos.org.pl/judgments/248463
248451|2016-07-08|SO|V Ka 113/16|Uzasadnienie|27|https://www.saos.org.pl/judgments/248451
233755|2016-07-07|SO|IV K 80/15|Uzasadnienie|27|https://www.saos.org.pl/judgments/233755
233340|2016-07-04|SO|IV K 220/15|Uzasadnienie|27|https://www.saos.org.pl/judgments/233340
248456|2016-07-01|SO|V Ka 170/16|Uzasadnienie|27|https://www.saos.org.pl/judgments/248456
237686|2016-06-13|SO|II C 418/13|Uzasadnienie|27|https://www.saos.org.pl/judgments/237686
227370|2016-05-30|SO|V Ka 171/16|Uzasadnienie|27|https://www.saos.org.pl/judgments/227370
224630|2016-05-18|SO|V Ka 18/16|Uzasadnienie|27|https://www.saos.org.pl/judgments/224630
224622|2016-05-18|SO|V Ka 108/16|Uzasadnienie|27|https://www.saos.org.pl/judgments/224622
222116|2016-05-09|SO|V Ka 120/16|Uzasadnienie|27|https://www.saos.org.pl/judgments/222116
222120|2016-05-05|SO|V Ka 1326/15|Uzasadnienie|27|https://www.saos.org.pl/judgments/222120
219987|2016-04-29|SO|VII Ka 230/16|Uzasadnienie|27|https://www.saos.org.pl/judgments/219987
220767|2016-04-20|SO|II K 5/16|Uzasadnienie|27|https://www.saos.org.pl/judgments/220767
221946|2016-04-04|SO|II K 771/14|Uzasadnienie|27|https://www.saos.org.pl/judgments/221946
222591|2016-03-30|SO|III Ca 1525/15|Uzasadnienie|27|https://www.saos.org.pl/judgments/222591
210448|2016-03-09|SO|V Ka 1527/15|Uzasadnienie|27|https://www.saos.org.pl/judgments/210448
210447|2016-03-03|SO|V Ka 1491/15|Uzasadnienie|27|https://www.saos.org.pl/judgments/210447
221453|2016-02-26|SO|III Ca 1426/15|Uzasadnienie|27|https://www.saos.org.pl/judgments/221453
204755|2016-02-19|SO|V Ka 1271/15|Uzasadnienie|27|https://www.saos.org.pl/judgments/204755
203324|2016-02-18|SO|IV K 53/14|Uzasadnienie|27|https://www.saos.org.pl/judgments/203324
203312|2016-02-08|SO|IV K 124/13|Uzasadnienie|27|https://www.saos.org.pl/judgments/203312
203987|2016-02-04|SO|II K 442/15|Uzasadnienie|27|https://www.saos.org.pl/judgments/203987
212135|2016-01-07|SO|IV K 245/14|Uzasadnienie|27|https://www.saos.org.pl/judgments/212135
197720|2015-12-21|SO|IV K 303/13|Uzasadnienie|27|https://www.saos.org.pl/judgments/197720
183779|2015-10-27|SO|II K 549/14|Uzasadnienie|27|https://www.saos.org.pl/judgments/183779
183848|2015-10-26|SO|II K 76/15|Uzasadnienie|27|https://www.saos.org.pl/judgments/183848
183114|2015-10-06|SO|II C 1414/10|Uzasadnienie|27|https://www.saos.org.pl/judgments/183114
180377|2015-08-28|SO|XVII Ka 575/15|Uzasadnienie|27|https://www.saos.org.pl/judgments/180377
170146|2015-07-08|SO|II K 103/15|Uzasadnienie|27|https://www.saos.org.pl/judgments/170146
215286|2015-06-29|SO|II K 76/15|Uzasadnienie|27|https://www.saos.org.pl/judgments/215286
215717|2015-06-26|SO|II K 326/15|Uzasadnienie|27|https://www.saos.org.pl/judgments/215717
179831|2015-06-26|SO|IV K 159/14|Uzasadnienie|27|https://www.saos.org.pl/judgments/179831
176369|2015-06-15|SO|III Ca 260/15|Uzasadnienie|27|https://www.saos.org.pl/judgments/176369
188696|2015-03-23|SO|VIII K 441/14|Uzasadnienie|27|https://www.saos.org.pl/judgments/188696
151735|2015-03-12|SO|II K 23/14|Uzasadnienie|27|https://www.saos.org.pl/judgments/151735
526629|2015-01-23|SO|IV Ka 744/14|Zarządzenie|27|https://www.saos.org.pl/judgments/526629
155879|2014-12-30|SO|II K 65/14|Uzasadnienie|27|https://www.saos.org.pl/judgments/155879
67531|2014-10-21|SO|V Ka 674/14|Uzasadnienie|27|https://www.saos.org.pl/judgments/67531
238019|2014-08-07|SO|VIII K 344/14|Uzasadnienie|27|https://www.saos.org.pl/judgments/238019
64831|2014-07-29|SO|II C 1297/12|Uzasadnienie|27|https://www.saos.org.pl/judgments/64831
150134|2014-07-14|SO|II K 40/13|Uzasadnienie|27|https://www.saos.org.pl/judgments/150134
51481|2014-06-13|SO|IV K 112/12|Uzasadnienie|27|https://www.saos.org.pl/judgments/51481
158131|2014-06-06|SO|II K 100/13|Uzasadnienie|27|https://www.saos.org.pl/judgments/158131
394620|2014-04-02|SO|V Ka 1639/13|Uzasadnienie|27|https://www.saos.org.pl/judgments/394620
40594|2014-03-10|SO|V Ka 1477/13|Uzasadnienie|27|https://www.saos.org.pl/judgments/40594
36589|2014-02-27|SO|VII Ka 1106/13|Uzasadnienie|27|https://www.saos.org.pl/judgments/36589
33787|2014-01-28|SO|VII Ka 1110/13|Uzasadnienie|27|https://www.saos.org.pl/judgments/33787
394604|2013-12-27|SO|V Ka 1008/13|Uzasadnienie|27|https://www.saos.org.pl/judgments/394604
527009|2013-09-05|SO|IV Ka 750/12|Uzasadnienie|27|https://www.saos.org.pl/judgments/527009
7993|2013-02-22|SO|VI Ka 21/13|Uzasadnienie|27|https://www.saos.org.pl/judgments/7993
389550|2013-01-29|SO|II K 12/12|Uzasadnienie|27|https://www.saos.org.pl/judgments/389550
