saos_id|date|court|case_number|type|score|saos_url
206508|2014-07-17|TK|SK 35/12|Wyrok|98|https://www.saos.org.pl/judgments/206508
109753|2010-10-05|TK|SK 26/08|Wyrok|98|https://www.saos.org.pl/judgments/109753
109019|2009-04-16|TK|P 11/08|Wyrok|98|https://www.saos.org.pl/judgments/109019
243570|2015-10-14|SN|I KZP 7/15|Uchwała|96|https://www.saos.org.pl/judgments/243570
100429|2013-01-24|SN|I KZP 19/12|Uchwała|96|https://www.saos.org.pl/judgments/100429
82255|2003-10-21|SN|I KZP 11/03|Uchwała|96|https://www.saos.org.pl/judgments/82255
105026|2014-04-30|SN|I KZP 4/14|Uchwała|89|https://www.saos.org.pl/judgments/105026
95093|2011-05-24|SN|SNO 21/11|Uchwała|89|https://www.saos.org.pl/judgments/95093
93482|2010-11-24|SN|I KZP 22/10|Uchwała|89|https://www.saos.org.pl/judgments/93482
82797|2004-08-26|SN|I KZP 16/04|Uchwała|89|https://www.saos.org.pl/judgments/82797
82568|2004-03-25|SN|I KZP 1/04|Uchwała|89|https://www.saos.org.pl/judgments/82568
80356|2001-02-27|SN|I KZP 48/00|Uchwała|89|https://www.saos.org.pl/judgments/80356
80161|2000-12-13|SN|I KZP 42/00|Uchwała|89|https://www.saos.org.pl/judgments/80161
80078|2000-11-20|SN|I KZP 36/00|Uchwała|89|https://www.saos.org.pl/judgments/80078
242815|2015-06-26|SN|WK 2/15|Wyrok|84|https://www.saos.org.pl/judgments/242815
81881|2003-02-25|SN|WK 45/02|Wyrok|84|https://www.saos.org.pl/judgments/81881
160393|2014-12-16|TK|Ts 275/13|Postanowienie|80|https://www.saos.org.pl/judgments/160393
160392|2014-09-25|TK|Ts 275/13|Postanowienie|80|https://www.saos.org.pl/judgments/160392
160425|2014-04-25|TK|Ts 298/12|Postanowienie|80|https://www.saos.org.pl/judgments/160425
111184|2012-05-25|TK|Ts 103/10|Postanowienie|80|https://www.saos.org.pl/judgments/111184
111182|2012-01-17|TK|Ts 103/10|Postanowienie|80|https://www.saos.org.pl/judgments/111182
110357|2011-07-04|TK|SK 27/10|Postanowienie|80|https://www.saos.org.pl/judgments/110357
108656|2008-06-11|TK|SK 48/07|Postanowienie|80|https://www.saos.org.pl/judgments/108656
107773|2006-09-12|TK|Ts 47/06|Postanowienie|80|https://www.saos.org.pl/judgments/107773
245323|2016-05-24|SN|V KK 115/16|Wyrok|78|https://www.saos.org.pl/judgments/245323
245239|2016-05-05|SN|II KK 14/16|Wyrok|78|https://www.saos.org.pl/judgments/245239
245245|2016-05-04|SN|V KK 65/16|Wyrok|78|https://www.saos.org.pl/judgments/245245
245243|2016-05-04|SN|III KK 478/15|Wyrok|78|https://www.saos.org.pl/judgments/245243
245242|2016-05-04|SN|IV KK 424/15|Wyrok|78|https://www.saos.org.pl/judgments/245242
245060|2016-04-06|SN|V KK 19/16|Wyrok|78|https://www.saos.org.pl/judgments/245060
245086|2016-04-05|SN|SDI 8/16|Wyrok|78|https://www.saos.org.pl/judgments/245086
244843|2016-03-10|SN|IV KK 26/16|Wyrok|78|https://www.saos.org.pl/judgments/244843
244836|2016-03-10|SN|III KK 350/15|Wyrok|78|https://www.saos.org.pl/judgments/244836
244877|2016-03-08|SN|IV KK 379/15|Wyrok|78|https://www.saos.org.pl/judgments/244877
244773|2016-03-03|SN|V KK 346/15|Wyrok|78|https://www.saos.org.pl/judgments/244773
244589|2016-02-09|SN|IV KK 412/15|Wyrok|78|https://www.saos.org.pl/judgments/244589
244522|2016-02-02|SN|V KK 402/14|Wyrok|78|https://www.saos.org.pl/judgments/244522
244461|2016-01-26|SN|V KK 298/15|Wyrok|78|https://www.saos.org.pl/judgments/244461
244329|2016-01-20|SN|III KK 187/15|Wyrok|78|https://www.saos.org.pl/judgments/244329
244360|2016-01-19|SN|V KK 427/15|Wyrok|78|https://www.saos.org.pl/judgments/244360
244359|2016-01-19|SN|V KK 420/15|Wyrok|78|https://www.saos.org.pl/judgments/244359
244081|2015-12-09|SN|IV KK 390/15|Wyrok|78|https://www.saos.org.pl/judgments/244081
243982|2015-12-03|SN|II KK 283/15|Wyrok|78|https://www.saos.org.pl/judgments/243982
244004|2015-12-02|SN|III KK 340/15|Wyrok|78|https://www.saos.org.pl/judgments/244004
243538|2015-10-15|SN|WA 14/15|Wyrok|78|https://www.saos.org.pl/judgments/243538
243481|2015-10-08|SN|V KK 158/15|Wyrok|78|https://www.saos.org.pl/judgments/243481
243411|2015-10-02|SN|III KK 132/15|Wyrok|78|https://www.saos.org.pl/judgments/243411
243434|2015-09-30|SN|II KK 59/15|Wyrok|78|https://www.saos.org.pl/judgments/243434
243433|2015-09-30|SN|II KK 115/15|Wyrok|78|https://www.saos.org.pl/judgments/243433
243233|2015-09-03|SN|V KK 200/15|Wyrok|78|https://www.saos.org.pl/judgments/243233
243257|2015-09-01|SN|V KK 52/15|Wyrok|78|https://www.saos.org.pl/judgments/243257
243072|2015-07-29|SN|II KK 35/15|Wyrok|78|https://www.saos.org.pl/judgments/243072
243051|2015-07-22|SN|IV KK 64/15|Wyrok|78|https://www.saos.org.pl/judgments/243051
243050|2015-07-22|SN|IV KK 126/15|Wyrok|78|https://www.saos.org.pl/judgments/243050
242773|2015-06-17|SN|V KK 177/15|Wyrok|78|https://www.saos.org.pl/judgments/242773
169051|2015-05-14|SN|II KK 49/15|Wyrok|78|https://www.saos.org.pl/judgments/169051
169067|2015-05-13|SN|III KK 57/15|Wyrok|78|https://www.saos.org.pl/judgments/169067
169061|2015-05-13|SN|V KK 107/15|Wyrok|78|https://www.saos.org.pl/judgments/169061
169054|2015-05-13|SN|II KK 9/15|Wyrok|78|https://www.saos.org.pl/judgments/169054
169021|2015-05-07|SN|V KK 446/14|Wyrok|78|https://www.saos.org.pl/judgments/169021
168970|2015-04-30|SN|V KK 395/14|Wyrok|78|https://www.saos.org.pl/judgments/168970
168936|2015-04-22|SN|II KK 6/15|Wyrok|78|https://www.saos.org.pl/judgments/168936
168850|2015-04-16|SN|V KK 4/15|Wyrok|78|https://www.saos.org.pl/judgments/168850
168849|2015-04-16|SN|V KK 407/14|Wyrok|78|https://www.saos.org.pl/judgments/168849
168844|2015-04-16|SN|II KK 321/14|Wyrok|78|https://www.saos.org.pl/judgments/168844
168868|2015-04-15|SN|IV KK 401/14|Wyrok|78|https://www.saos.org.pl/judgments/168868
168856|2015-04-15|SN|III KK 110/15|Wyrok|78|https://www.saos.org.pl/judgments/168856
168809|2015-04-09|SN|V KK 360/14|Wyrok|78|https://www.saos.org.pl/judgments/168809
168679|2015-03-26|SN|IV KK 438/14|Wyrok|78|https://www.saos.org.pl/judgments/168679
168662|2015-03-17|SN|V KK 337/14|Wyrok|78|https://www.saos.org.pl/judgments/168662
168546|2015-03-12|SN|IV KK 393/14|Wyrok|78|https://www.saos.org.pl/judgments/168546
168544|2015-03-12|SN|IV KK 381/14|Wyrok|78|https://www.saos.org.pl/judgments/168544
168569|2015-03-11|SN|V KK 33/15|Wyrok|78|https://www.saos.org.pl/judgments/168569
168517|2015-03-02|SN|IV KK 388/14|Wyrok|78|https://www.saos.org.pl/judgments/168517
168376|2015-02-27|SN|IV KK 349/14|Wyrok|78|https://www.saos.org.pl/judgments/168376
168319|2015-02-19|SN|V KK 250/14|Wyrok|78|https://www.saos.org.pl/judgments/168319
168369|2015-02-17|SN|V KK 422/14|Wyrok|78|https://www.saos.org.pl/judgments/168369
168231|2015-02-13|SN|II KK 259/14|Wyrok|78|https://www.saos.org.pl/judgments/168231
168166|2015-02-05|SN|IV KK 318/14|Wyrok|78|https://www.saos.org.pl/judgments/168166
168217|2015-02-03|SN|IV KK 294/14|Wyrok|78|https://www.saos.org.pl/judgments/168217
168071|2015-01-29|SN|II KK 183/14|Wyrok|78|https://www.saos.org.pl/judgments/168071
167960|2015-01-22|SN|III KK 409/14|Wyrok|78|https://www.saos.org.pl/judgments/167960
167933|2015-01-22|SN|II KK 342/14|Wyrok|78|https://www.saos.org.pl/judgments/167933
167827|2015-01-15|SN|IV KK 279/14|Wyrok|78|https://www.saos.org.pl/judgments/167827
167775|2015-01-09|SN|IV KK 224/14|Wyrok|78|https://www.saos.org.pl/judgments/167775
167393|2014-11-20|SN|IV KK 246/14|Wyrok|78|https://www.saos.org.pl/judgments/167393
167427|2014-11-19|SN|III KK 219/14|Wyrok|78|https://www.saos.org.pl/judgments/167427
167469|2014-11-17|SN|III KK 236/14|Wyrok|78|https://www.saos.org.pl/judgments/167469
167253|2014-11-06|SN|IV KK 145/14|Wyrok|78|https://www.saos.org.pl/judgments/167253
167192|2014-10-28|SN|IV KK 323/14|Wyrok|78|https://www.saos.org.pl/judgments/167192
167185|2014-10-28|SN|III KK 303/14|Wyrok|78|https://www.saos.org.pl/judgments/167185
167093|2014-10-23|SN|IV KK 171/14|Wyrok|78|https://www.saos.org.pl/judgments/167093
167014|2014-10-16|SN|II KK 270/14|Wyrok|78|https://www.saos.org.pl/judgments/167014
166851|2014-10-02|SN|V KK 240/14|Wyrok|78|https://www.saos.org.pl/judgments/166851
166854|2014-10-01|SN|II KK 142/14|Wyrok|78|https://www.saos.org.pl/judgments/166854
166853|2014-10-01|SN|II KK 129/14|Wyrok|78|https://www.saos.org.pl/judgments/166853
166652|2014-09-02|SN|WA 24/14|Wyrok|78|https://www.saos.org.pl/judgments/166652
166536|2014-08-13|SN|V KK 216/14|Wyrok|78|https://www.saos.org.pl/judgments/166536
166372|2014-07-17|SN|V KK 211/14|Wyrok|78|https://www.saos.org.pl/judgments/166372
166385|2014-07-16|SN|II KK 50/14|Wyrok|78|https://www.saos.org.pl/judgments/166385
166239|2014-07-02|SN|V KK 27/14|Wyrok|78|https://www.saos.org.pl/judgments/166239
166126|2014-06-27|SN|IV KK 444/13|Wyrok|78|https://www.saos.org.pl/judgments/166126
166124|2014-06-27|SN|IV KK 105/14|Wyrok|78|https://www.saos.org.pl/judgments/166124
166021|2014-06-11|SN|III KK 38/14|Wyrok|78|https://www.saos.org.pl/judgments/166021
166031|2014-06-10|SN|III KK 145/14|Wyrok|78|https://www.saos.org.pl/judgments/166031
165909|2014-05-26|SN|SNO 20/14|Wyrok|78|https://www.saos.org.pl/judgments/165909
105141|2014-05-23|SN|III KK 488/13|Wyrok|78|https://www.saos.org.pl/judgments/105141
105139|2014-05-23|SN|III KK 16/14|Wyrok|78|https://www.saos.org.pl/judgments/105139
105128|2014-05-22|SN|II KK 340/13|Wyrok|78|https://www.saos.org.pl/judgments/105128
105127|2014-05-20|SN|II KK 3/14|Wyrok|78|https://www.saos.org.pl/judgments/105127
104814|2014-03-27|SN|V KK 332/13|Wyrok|78|https://www.saos.org.pl/judgments/104814
104700|2014-03-13|SN|WA 5/14|Wyrok|78|https://www.saos.org.pl/judgments/104700
104695|2014-03-11|SN|V KK 426/13|Wyrok|78|https://www.saos.org.pl/judgments/104695
104638|2014-03-06|SN|IV KK 397/13|Wyrok|78|https://www.saos.org.pl/judgments/104638
104355|2014-02-06|SN|III KK 470/13|Wyrok|78|https://www.saos.org.pl/judgments/104355
165622|2014-02-04|SN|V KK 197/13|Wyrok|78|https://www.saos.org.pl/judgments/165622
104198|2014-01-22|SN|V KK 369/13|Wyrok|78|https://www.saos.org.pl/judgments/104198
104159|2014-01-22|SN|III KK 453/13|Wyrok|78|https://www.saos.org.pl/judgments/104159
104112|2014-01-17|SN|IV KK 309/13|Wyrok|78|https://www.saos.org.pl/judgments/104112
104017|2014-01-09|SN|II KK 289/13|Wyrok|78|https://www.saos.org.pl/judgments/104017
103775|2013-12-03|SN|IV KK 265/13|Wyrok|78|https://www.saos.org.pl/judgments/103775
103671|2013-11-27|SN|IV KK 373/13|Wyrok|78|https://www.saos.org.pl/judgments/103671
103544|2013-11-15|SN|III KK 227/13|Wyrok|78|https://www.saos.org.pl/judgments/103544
103524|2013-11-15|SN|II KK 309/13|Wyrok|78|https://www.saos.org.pl/judgments/103524
103366|2013-10-29|SN|IV KK 329/13|Wyrok|78|https://www.saos.org.pl/judgments/103366
103364|2013-10-29|SN|IV KK 305/13|Wyrok|78|https://www.saos.org.pl/judgments/103364
103286|2013-10-22|SN|V KK 310/13|Wyrok|78|https://www.saos.org.pl/judgments/103286
102909|2013-09-18|SN|V KK 188/13|Wyrok|78|https://www.saos.org.pl/judgments/102909
102787|2013-09-04|SN|III KO 58/13|Wyrok|78|https://www.saos.org.pl/judgments/102787
165529|2013-08-29|SN|IV KK 168/13|Wyrok|78|https://www.saos.org.pl/judgments/165529
102662|2013-08-22|SN|II KK 199/13|Wyrok|78|https://www.saos.org.pl/judgments/102662
102480|2013-07-18|SN|III KK 92/13|Wyrok|78|https://www.saos.org.pl/judgments/102480
102478|2013-07-18|SN|III KK 78/13|Wyrok|78|https://www.saos.org.pl/judgments/102478
102432|2013-07-11|SN|IV KK 185/13|Wyrok|78|https://www.saos.org.pl/judgments/102432
102363|2013-07-04|SN|V KK 146/13|Wyrok|78|https://www.saos.org.pl/judgments/102363
102286|2013-06-25|SN|V KK 152/13|Wyrok|78|https://www.saos.org.pl/judgments/102286
102247|2013-06-25|SN|II KK 90/12|Wyrok|78|https://www.saos.org.pl/judgments/102247
102246|2013-06-25|SN|II KK 319/12|Wyrok|78|https://www.saos.org.pl/judgments/102246
102173|2013-06-20|SN|III KK 12/13|Wyrok|78|https://www.saos.org.pl/judgments/102173
102078|2013-06-10|SN|III KK 438/12|Wyrok|78|https://www.saos.org.pl/judgments/102078
102077|2013-06-10|SN|III KK 22/13|Wyrok|78|https://www.saos.org.pl/judgments/102077
101976|2013-06-04|SN|II KK 89/13|Wyrok|78|https://www.saos.org.pl/judgments/101976
101925|2013-05-28|SN|II KK 339/12|Wyrok|78|https://www.saos.org.pl/judgments/101925
101924|2013-05-28|SN|II KK 333/12|Wyrok|78|https://www.saos.org.pl/judgments/101924
101808|2013-05-24|SN|II KK 107/13|Wyrok|78|https://www.saos.org.pl/judgments/101808
101839|2013-05-23|SN|III KK 101/13|Wyrok|78|https://www.saos.org.pl/judgments/101839
101692|2013-05-09|SN|V KK 58/13|Wyrok|78|https://www.saos.org.pl/judgments/101692
101691|2013-05-08|SN|V KK 39/13|Wyrok|78|https://www.saos.org.pl/judgments/101691
101613|2013-04-23|SN|WA 8/13|Wyrok|78|https://www.saos.org.pl/judgments/101613
101611|2013-04-23|SN|V KK 405/12|Wyrok|78|https://www.saos.org.pl/judgments/101611
101606|2013-04-23|SN|V KK 280/12|Wyrok|78|https://www.saos.org.pl/judgments/101606
101501|2013-04-17|SN|IV KK 351/12|Wyrok|78|https://www.saos.org.pl/judgments/101501
101339|2013-04-09|SN|II KK 207/12|Wyrok|78|https://www.saos.org.pl/judgments/101339
101301|2013-04-05|SN|III KK 382/12|Wyrok|78|https://www.saos.org.pl/judgments/101301
101233|2013-03-27|SN|IV KK 288/12|Wyrok|78|https://www.saos.org.pl/judgments/101233
101204|2013-03-27|SN|II KK 41/13|Wyrok|78|https://www.saos.org.pl/judgments/101204
101153|2013-03-21|SN|III KK 256/12|Wyrok|78|https://www.saos.org.pl/judgments/101153
101165|2013-03-20|SN|III KK 50/13|Wyrok|78|https://www.saos.org.pl/judgments/101165
101011|2013-03-07|SN|V KK 351/12|Wyrok|78|https://www.saos.org.pl/judgments/101011
100848|2013-02-21|SN|V KK 458/12|Wyrok|78|https://www.saos.org.pl/judgments/100848
100734|2013-02-14|SN|III KK 261/12|Wyrok|78|https://www.saos.org.pl/judgments/100734
100732|2013-02-14|SN|III KK 202/12|Wyrok|78|https://www.saos.org.pl/judgments/100732
100731|2013-02-14|SN|III KK 196/12|Wyrok|78|https://www.saos.org.pl/judgments/100731
100624|2013-02-07|SN|III KK 445/12|Wyrok|78|https://www.saos.org.pl/judgments/100624
100622|2013-02-07|SN|III KK 442/12|Wyrok|78|https://www.saos.org.pl/judgments/100622
100524|2013-01-30|SN|IV KK 419/12|Wyrok|78|https://www.saos.org.pl/judgments/100524
100516|2013-01-30|SN|III KK 130/12|Wyrok|78|https://www.saos.org.pl/judgments/100516
100355|2013-01-17|SN|II KK 63/12|Wyrok|78|https://www.saos.org.pl/judgments/100355
100320|2013-01-09|SN|V KK 382/12|Wyrok|78|https://www.saos.org.pl/judgments/100320
100236|2013-01-03|SN|WK 11/12|Wyrok|78|https://www.saos.org.pl/judgments/100236
100014|2012-12-06|SN|V KK 317/12|Wyrok|78|https://www.saos.org.pl/judgments/100014
99782|2012-11-22|SN|V KK 290/12|Wyrok|78|https://www.saos.org.pl/judgments/99782
99778|2012-11-22|SN|V KK 252/12|Wyrok|78|https://www.saos.org.pl/judgments/99778
99745|2012-11-21|SN|IV KK 317/12|Wyrok|78|https://www.saos.org.pl/judgments/99745
99743|2012-11-21|SN|IV KK 289/12|Wyrok|78|https://www.saos.org.pl/judgments/99743
99712|2012-11-20|SN|II KK 282/12|Wyrok|78|https://www.saos.org.pl/judgments/99712
99378|2012-10-17|SN|III KK 435/11|Wyrok|78|https://www.saos.org.pl/judgments/99378
99428|2012-10-16|SN|V KK 262/12|Wyrok|78|https://www.saos.org.pl/judgments/99428
99427|2012-10-16|SN|V KK 133/12|Wyrok|78|https://www.saos.org.pl/judgments/99427
99297|2012-10-11|SN|III CSK 12/12|Wyrok|78|https://www.saos.org.pl/judgments/99297
99044|2012-09-12|SN|V KK 85/12|Wyrok|78|https://www.saos.org.pl/judgments/99044
98962|2012-09-04|SN|WA 19/12|Wyrok|78|https://www.saos.org.pl/judgments/98962
98918|2012-08-29|SN|V KO 9/12|Wyrok|78|https://www.saos.org.pl/judgments/98918
98390|2012-06-12|SN|IV KO 10/12|Wyrok|78|https://www.saos.org.pl/judgments/98390
97656|2012-03-28|SN|II KK 211/11|Wyrok|78|https://www.saos.org.pl/judgments/97656
96902|2012-01-25|SN|II KK 206/11|Wyrok|78|https://www.saos.org.pl/judgments/96902
96650|2011-12-21|SN|III KK 208/11|Wyrok|78|https://www.saos.org.pl/judgments/96650
96590|2011-12-15|SN|II KK 183/11|Wyrok|78|https://www.saos.org.pl/judgments/96590
96636|2011-12-14|SN|V KK 111/11|Wyrok|78|https://www.saos.org.pl/judgments/96636
96424|2011-11-30|SN|II KK 149/11|Wyrok|78|https://www.saos.org.pl/judgments/96424
96059|2011-10-20|SN|III KK 159/11|Wyrok|78|https://www.saos.org.pl/judgments/96059
94779|2011-04-12|SN|V KK 74/11|Wyrok|78|https://www.saos.org.pl/judgments/94779
94520|2011-03-22|SN|II KO 66/10|Wyrok|78|https://www.saos.org.pl/judgments/94520
93838|2011-01-05|SN|V KK 64/10|Wyrok|78|https://www.saos.org.pl/judgments/93838
91514|2009-12-16|SN|III KK 187/09|Wyrok|78|https://www.saos.org.pl/judgments/91514
90555|2009-07-08|SN|II KO 22/09|Wyrok|78|https://www.saos.org.pl/judgments/90555
89735|2009-02-25|SN|II KK 249/08|Wyrok|78|https://www.saos.org.pl/judgments/89735
89321|2008-12-03|SN|V KK 195/08|Wyrok|78|https://www.saos.org.pl/judgments/89321
88829|2008-10-03|SN|III KK 121/08|Wyrok|78|https://www.saos.org.pl/judgments/88829
88626|2008-08-27|SN|II KK 56/08|Wyrok|78|https://www.saos.org.pl/judgments/88626
88359|2008-06-26|SN|IV KK 42/08|Wyrok|78|https://www.saos.org.pl/judgments/88359
88357|2008-06-25|SN|IV KK 39/08|Wyrok|78|https://www.saos.org.pl/judgments/88357
87965|2008-04-23|SN|V KK 5/08|Wyrok|78|https://www.saos.org.pl/judgments/87965
87094|2008-01-15|SN|V KK 190/07|Wyrok|78|https://www.saos.org.pl/judgments/87094
86830|2007-11-16|SN|III KK 217/07|Wyrok|78|https://www.saos.org.pl/judgments/86830
86465|2007-08-21|SN|II KK 96/07|Wyrok|78|https://www.saos.org.pl/judgments/86465
85353|2007-03-01|SN|V KK 4/07|Wyrok|78|https://www.saos.org.pl/judgments/85353
84907|2007-01-05|SN|WK 28/06|Wyrok|78|https://www.saos.org.pl/judgments/84907
84815|2006-12-06|SN|III KK 181/06|Wyrok|78|https://www.saos.org.pl/judgments/84815
84816|2006-12-05|SN|III KK 273/06|Wyrok|78|https://www.saos.org.pl/judgments/84816
84716|2006-11-06|SN|V KK 40/06|Wyrok|78|https://www.saos.org.pl/judgments/84716
84424|2006-06-29|SN|WK 8/06|Wyrok|78|https://www.saos.org.pl/judgments/84424
84408|2006-06-22|SN|WA 20/06|Wyrok|78|https://www.saos.org.pl/judgments/84408
164359|2006-06-14|SN|WA 19/06|Wyrok|78|https://www.saos.org.pl/judgments/164359
84358|2006-06-02|SN|IV KO 22/05|Wyrok|78|https://www.saos.org.pl/judgments/84358
83859|2005-11-17|SN|II KK 216/05|Wyrok|78|https://www.saos.org.pl/judgments/83859
83434|2005-05-18|SN|WK 5/05|Wyrok|78|https://www.saos.org.pl/judgments/83434
83064|2004-12-08|SN|V KK 282/04|Wyrok|78|https://www.saos.org.pl/judgments/83064
82095|2003-06-26|SN|WA 18/03|Wyrok|78|https://www.saos.org.pl/judgments/82095
81556|2002-09-11|SN|V KKN 9/01|Wyrok|78|https://www.saos.org.pl/judgments/81556
81334|2002-04-03|SN|V KKN 223/00|Wyrok|78|https://www.saos.org.pl/judgments/81334
79705|2000-05-11|SN|III SZ 2/00|Wyrok|78|https://www.saos.org.pl/judgments/79705
245241|2016-05-05|SN|WK 2/16|Postanowienie|76|https://www.saos.org.pl/judgments/245241
245364|2016-06-21|SN|V KK 58/16|Postanowienie|69|https://www.saos.org.pl/judgments/245364
245342|2016-06-08|SN|III KK 369/15|Postanowienie|69|https://www.saos.org.pl/judgments/245342
245345|2016-06-07|SN|V KK 30/16|Postanowienie|69|https://www.saos.org.pl/judgments/245345
245277|2016-05-11|SN|V KK 43/16|Postanowienie|69|https://www.saos.org.pl/judgments/245277
245272|2016-05-11|SN|V KK 381/15|Postanowienie|69|https://www.saos.org.pl/judgments/245272
245218|2016-04-26|SN|III KK 413/15|Postanowienie|69|https://www.saos.org.pl/judgments/245218
245173|2016-04-20|SN|III KK 135/16|Postanowienie|69|https://www.saos.org.pl/judgments/245173
245109|2016-04-14|SN|V KK 391/15|Postanowienie|69|https://www.saos.org.pl/judgments/245109
245135|2016-04-12|SN|V KK 29/16|Postanowienie|69|https://www.saos.org.pl/judgments/245135
245017|2016-03-31|SN|III KK 15/16|Postanowienie|69|https://www.saos.org.pl/judgments/245017
244968|2016-03-23|SN|IV KK 70/16|Postanowienie|69|https://www.saos.org.pl/judgments/244968
244952|2016-03-23|SN|IV KK 52/16|Postanowienie|69|https://www.saos.org.pl/judgments/244952
244932|2016-03-16|SN|III KO 113/15|Postanowienie|69|https://www.saos.org.pl/judgments/244932
244794|2016-03-02|SN|V KK 451/15|Postanowienie|69|https://www.saos.org.pl/judgments/244794
244620|2016-02-18|SN|IV KK 321/15|Postanowienie|69|https://www.saos.org.pl/judgments/244620
244656|2016-02-16|SN|II KK 22/16|Postanowienie|69|https://www.saos.org.pl/judgments/244656
244538|2016-02-12|SN|III KK 29/16|Postanowienie|69|https://www.saos.org.pl/judgments/244538
244537|2016-02-12|SN|III KK 20/16|Postanowienie|69|https://www.saos.org.pl/judgments/244537
244594|2016-02-09|SN|IV KK 8/16|Postanowienie|69|https://www.saos.org.pl/judgments/244594
244383|2016-01-29|SN|IV KK 320/15|Postanowienie|69|https://www.saos.org.pl/judgments/244383
244441|2016-01-27|SN|III KZ 87/15|Postanowienie|69|https://www.saos.org.pl/judgments/244441
244288|2016-01-21|SN|II KK 374/15|Postanowienie|69|https://www.saos.org.pl/judgments/244288
244264|2016-01-13|SN|V CSK 455/15|Postanowienie|69|https://www.saos.org.pl/judgments/244264
244244|2016-01-13|SN|III KK 461/15|Postanowienie|69|https://www.saos.org.pl/judgments/244244
244187|2016-01-08|SN|II KK 267/15|Postanowienie|69|https://www.saos.org.pl/judgments/244187
244147|2015-12-16|SN|II KK 346/15|Postanowienie|69|https://www.saos.org.pl/judgments/244147
244043|2015-12-10|SN|III KO 103/15|Postanowienie|69|https://www.saos.org.pl/judgments/244043
244040|2015-12-10|SN|II KK 233/15|Postanowienie|69|https://www.saos.org.pl/judgments/244040
244079|2015-12-09|SN|IV KK 370/15|Postanowienie|69|https://www.saos.org.pl/judgments/244079
243957|2015-11-25|SN|V KK 245/15|Postanowienie|69|https://www.saos.org.pl/judgments/243957
243962|2015-11-24|SN|IV KK 340/15|Postanowienie|69|https://www.saos.org.pl/judgments/243962
243961|2015-11-24|SN|IV KK 307/15|Postanowienie|69|https://www.saos.org.pl/judgments/243961
243845|2015-11-19|SN|IV KK 343/15|Postanowienie|69|https://www.saos.org.pl/judgments/243845
243791|2015-11-13|SN|III KK 367/15|Postanowienie|69|https://www.saos.org.pl/judgments/243791
243801|2015-11-12|SN|V KK 315/15|Postanowienie|69|https://www.saos.org.pl/judgments/243801
243657|2015-10-30|SN|IV KK 235/15|Postanowienie|69|https://www.saos.org.pl/judgments/243657
243683|2015-10-29|SN|IV KK 253/15|Postanowienie|69|https://www.saos.org.pl/judgments/243683
243569|2015-10-14|SN|I KZP 11/15|Postanowienie|69|https://www.saos.org.pl/judgments/243569
243523|2015-10-05|SN|V KK 246/15|Postanowienie|69|https://www.saos.org.pl/judgments/243523
243519|2015-10-05|SN|V KK 179/15|Postanowienie|69|https://www.saos.org.pl/judgments/243519
243518|2015-10-05|SN|V KK 171/15|Postanowienie|69|https://www.saos.org.pl/judgments/243518
243401|2015-09-21|SN|IV KZ 56/15|Postanowienie|69|https://www.saos.org.pl/judgments/243401
243322|2015-09-17|SN|III KK 288/15|Postanowienie|69|https://www.saos.org.pl/judgments/243322
243270|2015-09-10|SN|V KK 119/15|Postanowienie|69|https://www.saos.org.pl/judgments/243270
243242|2015-09-03|SN|V KO 34/15|Postanowienie|69|https://www.saos.org.pl/judgments/243242
243205|2015-08-26|SN|IV KK 245/15|Postanowienie|69|https://www.saos.org.pl/judgments/243205
243081|2015-07-28|SN|II KK 175/15|Postanowienie|69|https://www.saos.org.pl/judgments/243081
243034|2015-07-23|SN|II KK 194/15|Postanowienie|69|https://www.saos.org.pl/judgments/243034
242985|2015-07-09|SN|III KK 39/15|Postanowienie|69|https://www.saos.org.pl/judgments/242985
242777|2015-06-17|SN|V KK 67/15|Postanowienie|69|https://www.saos.org.pl/judgments/242777
242789|2015-06-16|SN|III KO 26/15|Postanowienie|69|https://www.saos.org.pl/judgments/242789
245619|2015-06-11|SN|IV KK 55/15|Postanowienie|69|https://www.saos.org.pl/judgments/245619
245583|2015-06-02|SN|V KK 27/15|Postanowienie|69|https://www.saos.org.pl/judgments/245583
245572|2015-06-02|SN|IV KK 131/15|Postanowienie|69|https://www.saos.org.pl/judgments/245572
169095|2015-05-28|SN|II KK 137/15|Postanowienie|69|https://www.saos.org.pl/judgments/169095
169094|2015-05-28|SN|II KK 135/15|Postanowienie|69|https://www.saos.org.pl/judgments/169094
169093|2015-05-28|SN|II KK 131/15|Postanowienie|69|https://www.saos.org.pl/judgments/169093
169091|2015-05-28|SN|II KK 126/15|Postanowienie|69|https://www.saos.org.pl/judgments/169091
245546|2015-05-27|SN|III KK 121/15|Postanowienie|69|https://www.saos.org.pl/judgments/245546
245470|2015-05-06|SN|II KK 109/15|Postanowienie|69|https://www.saos.org.pl/judgments/245470
168848|2015-04-16|SN|V KK 386/14|Postanowienie|69|https://www.saos.org.pl/judgments/168848
168810|2015-04-09|SN|V KK 425/14|Postanowienie|69|https://www.saos.org.pl/judgments/168810
168764|2015-03-31|SN|IV KK 69/15|Postanowienie|69|https://www.saos.org.pl/judgments/168764
168761|2015-03-31|SN|IV KK 50/15|Postanowienie|69|https://www.saos.org.pl/judgments/168761
168758|2015-03-31|SN|IV KK 21/15|Postanowienie|69|https://www.saos.org.pl/judgments/168758
168585|2015-03-20|SN|III KK 276/14|Postanowienie|69|https://www.saos.org.pl/judgments/168585
168440|2015-02-24|SN|V KK 453/14|Postanowienie|69|https://www.saos.org.pl/judgments/168440
168338|2015-02-18|SN|II KK 11/15|Postanowienie|69|https://www.saos.org.pl/judgments/168338
168153|2015-02-06|SN|V KK 396/14|Postanowienie|69|https://www.saos.org.pl/judgments/168153
168216|2015-02-04|SN|V KK 429/14|Postanowienie|69|https://www.saos.org.pl/judgments/168216
168213|2015-02-04|SN|V KK 342/14|Postanowienie|69|https://www.saos.org.pl/judgments/168213
168207|2015-02-04|SN|V KK 326/14|Postanowienie|69|https://www.saos.org.pl/judgments/168207
168069|2015-01-29|SN|I KZP 25/14|Postanowienie|69|https://www.saos.org.pl/judgments/168069
168134|2015-01-26|SN|II KK 80/14|Postanowienie|69|https://www.saos.org.pl/judgments/168134
167965|2015-01-22|SN|III KO 76/14|Postanowienie|69|https://www.saos.org.pl/judgments/167965
167959|2015-01-22|SN|III KK 401/14|Postanowienie|69|https://www.saos.org.pl/judgments/167959
168021|2015-01-21|SN|V KK 371/14|Postanowienie|69|https://www.saos.org.pl/judgments/168021
168019|2015-01-21|SN|V KK 311/14|Postanowienie|69|https://www.saos.org.pl/judgments/168019
168018|2015-01-21|SN|V KK 307/14|Postanowienie|69|https://www.saos.org.pl/judgments/168018
168013|2015-01-21|SN|V KK 285/14|Postanowienie|69|https://www.saos.org.pl/judgments/168013
168012|2015-01-21|SN|V KK 277/14|Postanowienie|69|https://www.saos.org.pl/judgments/168012
167792|2015-01-08|SN|V KK 165/14|Postanowienie|69|https://www.saos.org.pl/judgments/167792
167755|2014-12-16|SN|V KK 319/14|Postanowienie|69|https://www.saos.org.pl/judgments/167755
167525|2014-11-27|SN|IV KO 49/14|Postanowienie|69|https://www.saos.org.pl/judgments/167525
167441|2014-11-19|SN|V KK 259/14|Postanowienie|69|https://www.saos.org.pl/judgments/167441
167440|2014-11-19|SN|V KK 253/14|Postanowienie|69|https://www.saos.org.pl/judgments/167440
167421|2014-11-19|SN|II KK 108/14|Postanowienie|69|https://www.saos.org.pl/judgments/167421
167317|2014-11-14|SN|III KK 346/14|Postanowienie|69|https://www.saos.org.pl/judgments/167317
167311|2014-11-14|SN|III KK 177/14|Postanowienie|69|https://www.saos.org.pl/judgments/167311
167274|2014-11-05|SN|V KK 145/14|Postanowienie|69|https://www.saos.org.pl/judgments/167274
167168|2014-10-29|SN|KSP 8/14|Postanowienie|69|https://www.saos.org.pl/judgments/167168
167195|2014-10-27|SN|V KK 263/14|Postanowienie|69|https://www.saos.org.pl/judgments/167195
167085|2014-10-23|SN|III KK 154/14|Postanowienie|69|https://www.saos.org.pl/judgments/167085
167129|2014-10-22|SN|V KK 284/14|Postanowienie|69|https://www.saos.org.pl/judgments/167129
167018|2014-10-16|SN|II KK 281/14|Postanowienie|69|https://www.saos.org.pl/judgments/167018
166968|2014-10-08|SN|III KK 275/14|Postanowienie|69|https://www.saos.org.pl/judgments/166968
166963|2014-10-08|SN|III KK 160/14|Postanowienie|69|https://www.saos.org.pl/judgments/166963
166855|2014-10-01|SN|II KK 144/14|Postanowienie|69|https://www.saos.org.pl/judgments/166855
166879|2014-09-30|SN|II KK 251/14|Postanowienie|69|https://www.saos.org.pl/judgments/166879
166799|2014-09-24|SN|IV KK 271/14|Postanowienie|69|https://www.saos.org.pl/judgments/166799
166735|2014-09-17|SN|V KK 179/14|Postanowienie|69|https://www.saos.org.pl/judgments/166735
166734|2014-09-17|SN|V KK 139/14|Postanowienie|69|https://www.saos.org.pl/judgments/166734
166540|2014-08-13|SN|V KZ 29/14|Postanowienie|69|https://www.saos.org.pl/judgments/166540
166503|2014-08-06|SN|II KZ 30/14|Postanowienie|69|https://www.saos.org.pl/judgments/166503
166497|2014-08-06|SN|II KK 191/14|Postanowienie|69|https://www.saos.org.pl/judgments/166497
166461|2014-07-30|SN|IV KK 90/14|Postanowienie|69|https://www.saos.org.pl/judgments/166461
166459|2014-07-30|SN|IV KK 213/14|Postanowienie|69|https://www.saos.org.pl/judgments/166459
166394|2014-07-16|SN|III KK 205/14|Postanowienie|69|https://www.saos.org.pl/judgments/166394
166298|2014-07-09|SN|II KK 157/14|Postanowienie|69|https://www.saos.org.pl/judgments/166298
166286|2014-07-09|SN|II KK 128/14|Postanowienie|69|https://www.saos.org.pl/judgments/166286
166137|2014-06-27|SN|V KK 103/14|Postanowienie|69|https://www.saos.org.pl/judgments/166137
166184|2014-06-25|SN|II KK 92/14|Postanowienie|69|https://www.saos.org.pl/judgments/166184
166173|2014-06-25|SN|II KK 108/14|Postanowienie|69|https://www.saos.org.pl/judgments/166173
166171|2014-06-25|SN|II KK 105/14|Postanowienie|69|https://www.saos.org.pl/judgments/166171
166170|2014-06-25|SN|II KK 101/14|Postanowienie|69|https://www.saos.org.pl/judgments/166170
166060|2014-06-18|SN|III KK 2/14|Postanowienie|69|https://www.saos.org.pl/judgments/166060
166011|2014-06-13|SN|III KK 56/14|Postanowienie|69|https://www.saos.org.pl/judgments/166011
166009|2014-06-13|SN|III KK 51/14|Postanowienie|69|https://www.saos.org.pl/judgments/166009
166016|2014-06-12|SN|V KK 19/14|Postanowienie|69|https://www.saos.org.pl/judgments/166016
166035|2014-06-10|SN|III KK 37/14|Postanowienie|69|https://www.saos.org.pl/judgments/166035
165987|2014-06-04|SN|V KK 67/14|Postanowienie|69|https://www.saos.org.pl/judgments/165987
105151|2014-05-21|SN|V KK 418/13|Postanowienie|69|https://www.saos.org.pl/judgments/105151
165819|2014-05-15|SN|IV KK 8/14|Postanowienie|69|https://www.saos.org.pl/judgments/165819
105111|2014-05-13|SN|IV KK 125/14|Postanowienie|69|https://www.saos.org.pl/judgments/105111
105054|2014-05-07|SN|II KK 85/14|Postanowienie|69|https://www.saos.org.pl/judgments/105054
105051|2014-05-07|SN|II KK 80/14|Postanowienie|69|https://www.saos.org.pl/judgments/105051
105029|2014-04-29|SN|III KK 444/13|Postanowienie|69|https://www.saos.org.pl/judgments/105029
105017|2014-04-24|SN|V KK 59/14|Postanowienie|69|https://www.saos.org.pl/judgments/105017
105011|2014-04-24|SN|V KK 37/14|Postanowienie|69|https://www.saos.org.pl/judgments/105011
105008|2014-04-24|SN|V KK 26/14|Postanowienie|69|https://www.saos.org.pl/judgments/105008
104958|2014-04-17|SN|II KO 46/13|Postanowienie|69|https://www.saos.org.pl/judgments/104958
104953|2014-04-17|SN|II KK 56/14|Postanowienie|69|https://www.saos.org.pl/judgments/104953
165730|2014-04-11|SN|V KK 408/13|Postanowienie|69|https://www.saos.org.pl/judgments/165730
165736|2014-04-10|SN|IV KK 71/14|Postanowienie|69|https://www.saos.org.pl/judgments/165736
104811|2014-03-27|SN|V KK 307/13|Postanowienie|69|https://www.saos.org.pl/judgments/104811
104746|2014-03-18|SN|III KK 418/13|Postanowienie|69|https://www.saos.org.pl/judgments/104746
104744|2014-03-18|SN|III KK 411/13|Postanowienie|69|https://www.saos.org.pl/judgments/104744
104741|2014-03-18|SN|III KK 404/13|Postanowienie|69|https://www.saos.org.pl/judgments/104741
104664|2014-03-12|SN|II KK 33/14|Postanowienie|69|https://www.saos.org.pl/judgments/104664
104660|2014-03-12|SN|II KK 28/14|Postanowienie|69|https://www.saos.org.pl/judgments/104660
104650|2014-03-07|SN|V KK 318/13|Postanowienie|69|https://www.saos.org.pl/judgments/104650
104589|2014-02-25|SN|IV KK 6/14|Postanowienie|69|https://www.saos.org.pl/judgments/104589
104454|2014-02-13|SN|V KK 281/13|Postanowienie|69|https://www.saos.org.pl/judgments/104454
104166|2014-01-22|SN|III KO 85/13|Postanowienie|69|https://www.saos.org.pl/judgments/104166
104164|2014-01-22|SN|III KK 472/13|Postanowienie|69|https://www.saos.org.pl/judgments/104164
104090|2014-01-17|SN|III KK 334/13|Postanowienie|69|https://www.saos.org.pl/judgments/104090
104014|2014-01-10|SN|II KK 10/13|Postanowienie|69|https://www.saos.org.pl/judgments/104014
165592|2014-01-09|SN|V KK 305/13|Postanowienie|69|https://www.saos.org.pl/judgments/165592
104061|2014-01-09|SN|V KK 340/13|Postanowienie|69|https://www.saos.org.pl/judgments/104061
104057|2014-01-09|SN|V KK 319/13|Postanowienie|69|https://www.saos.org.pl/judgments/104057
104054|2014-01-09|SN|V KK 251/13|Postanowienie|69|https://www.saos.org.pl/judgments/104054
103959|2013-12-18|SN|II KK 351/13|Postanowienie|69|https://www.saos.org.pl/judgments/103959
103858|2013-12-12|SN|III KK 295/13|Postanowienie|69|https://www.saos.org.pl/judgments/103858
103929|2013-12-10|SN|V KK 280/13|Postanowienie|69|https://www.saos.org.pl/judgments/103929
103804|2013-12-05|SN|V KO 76/13|Postanowienie|69|https://www.saos.org.pl/judgments/103804
103747|2013-12-05|SN|II KK 212/13|Postanowienie|69|https://www.saos.org.pl/judgments/103747
103705|2013-11-27|SN|V KK 262/13|Postanowienie|69|https://www.saos.org.pl/judgments/103705
103622|2013-11-20|SN|III KO 64/13|Postanowienie|69|https://www.saos.org.pl/judgments/103622
103593|2013-11-20|SN|II KK 184/13|Postanowienie|69|https://www.saos.org.pl/judgments/103593
103518|2013-11-15|SN|II KK 291/13|Postanowienie|69|https://www.saos.org.pl/judgments/103518
103438|2013-11-05|SN|III KK 235/13|Postanowienie|69|https://www.saos.org.pl/judgments/103438
103394|2013-10-29|SN|V KK 193/13|Postanowienie|69|https://www.saos.org.pl/judgments/103394
103350|2013-10-28|SN|III KK 150/13|Postanowienie|69|https://www.saos.org.pl/judgments/103350
103344|2013-10-28|SN|III KK 127/13|Postanowienie|69|https://www.saos.org.pl/judgments/103344
103341|2013-10-28|SN|III KK 120/13|Postanowienie|69|https://www.saos.org.pl/judgments/103341
103340|2013-10-28|SN|III KK 113/13|Postanowienie|69|https://www.saos.org.pl/judgments/103340
103208|2013-10-24|SN|III KK 346/13|Postanowienie|69|https://www.saos.org.pl/judgments/103208
103207|2013-10-24|SN|III KK 343/13|Postanowienie|69|https://www.saos.org.pl/judgments/103207
103131|2013-10-10|SN|V KK 129/13|Postanowienie|69|https://www.saos.org.pl/judgments/103131
103129|2013-10-10|SN|V KK 120/13|Postanowienie|69|https://www.saos.org.pl/judgments/103129
102996|2013-09-27|SN|IV KK 205/13|Postanowienie|69|https://www.saos.org.pl/judgments/102996
102972|2013-09-27|SN|II KO 24/13|Postanowienie|69|https://www.saos.org.pl/judgments/102972
102967|2013-09-27|SN|II KK 246/13|Postanowienie|69|https://www.saos.org.pl/judgments/102967
102964|2013-09-27|SN|II KK 242/13|Postanowienie|69|https://www.saos.org.pl/judgments/102964
102963|2013-09-27|SN|II KK 235/13|Postanowienie|69|https://www.saos.org.pl/judgments/102963
102959|2013-09-27|SN|II KK 226/13|Postanowienie|69|https://www.saos.org.pl/judgments/102959
102957|2013-09-27|SN|II KK 223/13|Postanowienie|69|https://www.saos.org.pl/judgments/102957
102786|2013-09-04|SN|III KO 115/12|Postanowienie|69|https://www.saos.org.pl/judgments/102786
102660|2013-08-22|SN|II KK 191/13|Postanowienie|69|https://www.saos.org.pl/judgments/102660
102564|2013-08-07|SN|II KK 15/13|Postanowienie|69|https://www.saos.org.pl/judgments/102564
102479|2013-07-18|SN|III KK 87/13|Postanowienie|69|https://www.saos.org.pl/judgments/102479
102426|2013-07-11|SN|IV KK 134/13|Postanowienie|69|https://www.saos.org.pl/judgments/102426
102406|2013-07-10|SN|II KK 20/13|Postanowienie|69|https://www.saos.org.pl/judgments/102406
102392|2013-07-10|SN|II KK 14/13|Postanowienie|69|https://www.saos.org.pl/judgments/102392
102341|2013-07-04|SN|III KK 371/12|Postanowienie|69|https://www.saos.org.pl/judgments/102341
102223|2013-06-20|SN|V KK 79/13|Postanowienie|69|https://www.saos.org.pl/judgments/102223
102202|2013-06-18|SN|V KK 100/13|Postanowienie|69|https://www.saos.org.pl/judgments/102202
102175|2013-06-17|SN|III KK 26/13|Postanowienie|69|https://www.saos.org.pl/judgments/102175
102057|2013-06-14|SN|II KK 147/13|Postanowienie|69|https://www.saos.org.pl/judgments/102057
102055|2013-06-14|SN|II KK 140/13|Postanowienie|69|https://www.saos.org.pl/judgments/102055
102053|2013-06-14|SN|II KK 136/13|Postanowienie|69|https://www.saos.org.pl/judgments/102053
101819|2013-05-24|SN|II KO 30/13|Postanowienie|69|https://www.saos.org.pl/judgments/101819
101596|2013-04-24|SN|IV KZ 20/13|Postanowienie|69|https://www.saos.org.pl/judgments/101596
101568|2013-04-23|SN|III KK 418/12|Postanowienie|69|https://www.saos.org.pl/judgments/101568
101567|2013-04-23|SN|III KK 417/12|Postanowienie|69|https://www.saos.org.pl/judgments/101567
101562|2013-04-23|SN|III KK 278/12|Postanowienie|69|https://www.saos.org.pl/judgments/101562
101432|2013-04-11|SN|V KZ 22/13|Postanowienie|69|https://www.saos.org.pl/judgments/101432
101373|2013-04-11|SN|III KO 7/13|Postanowienie|69|https://www.saos.org.pl/judgments/101373
101353|2013-04-10|SN|III KK 334/12|Postanowienie|69|https://www.saos.org.pl/judgments/101353
101313|2013-04-05|SN|IV KK 91/13|Postanowienie|69|https://www.saos.org.pl/judgments/101313
101299|2013-04-05|SN|III KK 327/12|Postanowienie|69|https://www.saos.org.pl/judgments/101299
101317|2013-04-04|SN|V KK 22/13|Postanowienie|69|https://www.saos.org.pl/judgments/101317
101316|2013-04-04|SN|V KK 20/13|Postanowienie|69|https://www.saos.org.pl/judgments/101316
101314|2013-04-04|SN|V KK 13/13|Postanowienie|69|https://www.saos.org.pl/judgments/101314
101282|2013-04-04|SN|II KK 75/13|Postanowienie|69|https://www.saos.org.pl/judgments/101282
101279|2013-04-04|SN|II KK 66/13|Postanowienie|69|https://www.saos.org.pl/judgments/101279
101252|2013-03-27|SN|V KK 28/13|Postanowienie|69|https://www.saos.org.pl/judgments/101252
101249|2013-03-27|SN|V KK 1/13|Postanowienie|69|https://www.saos.org.pl/judgments/101249
101229|2013-03-26|SN|III KK 449/12|Postanowienie|69|https://www.saos.org.pl/judgments/101229
101154|2013-03-21|SN|III KK 267/12|Postanowienie|69|https://www.saos.org.pl/judgments/101154
101102|2013-03-15|SN|V KK 368/12|Postanowienie|69|https://www.saos.org.pl/judgments/101102
101057|2013-03-14|SN|III KO 9/13|Postanowienie|69|https://www.saos.org.pl/judgments/101057
100869|2013-02-27|SN|II KK 98/12|Postanowienie|69|https://www.saos.org.pl/judgments/100869
100786|2013-02-21|SN|II KK 28/13|Postanowienie|69|https://www.saos.org.pl/judgments/100786
100779|2013-02-21|SN|II KK 20/13|Postanowienie|69|https://www.saos.org.pl/judgments/100779
100790|2013-02-19|SN|II KK 63/12|Postanowienie|69|https://www.saos.org.pl/judgments/100790
100721|2013-02-14|SN|II KK 141/12|Postanowienie|69|https://www.saos.org.pl/judgments/100721
100742|2013-02-12|SN|III KK 368/12|Postanowienie|69|https://www.saos.org.pl/judgments/100742
100607|2013-02-07|SN|II KK 144/12|Postanowienie|69|https://www.saos.org.pl/judgments/100607
100676|2013-02-06|SN|V KK 300/12|Postanowienie|69|https://www.saos.org.pl/judgments/100676
100672|2013-02-06|SN|V KK 281/12|Postanowienie|69|https://www.saos.org.pl/judgments/100672
100671|2013-02-06|SN|V KK 272/12|Postanowienie|69|https://www.saos.org.pl/judgments/100671
100614|2013-02-04|SN|III KK 206/12|Postanowienie|69|https://www.saos.org.pl/judgments/100614
100528|2013-01-30|SN|IV KO 103/12|Postanowienie|69|https://www.saos.org.pl/judgments/100528
100491|2013-01-22|SN|V KK 424/12|Postanowienie|69|https://www.saos.org.pl/judgments/100491
100484|2013-01-22|SN|V KK 217/12|Postanowienie|69|https://www.saos.org.pl/judgments/100484
100357|2013-01-17|SN|II KK 69/12|Postanowienie|69|https://www.saos.org.pl/judgments/100357
100368|2013-01-15|SN|II KZ 56/12|Postanowienie|69|https://www.saos.org.pl/judgments/100368
100313|2013-01-10|SN|IV KK 333/12|Postanowienie|69|https://www.saos.org.pl/judgments/100313
100272|2013-01-10|SN|III KK 287/12|Postanowienie|69|https://www.saos.org.pl/judgments/100272
100288|2013-01-09|SN|III KK 433/12|Postanowienie|69|https://www.saos.org.pl/judgments/100288
100285|2013-01-09|SN|III KK 421/12|Postanowienie|69|https://www.saos.org.pl/judgments/100285
99978|2012-12-06|SN|IV KK 199/12|Postanowienie|69|https://www.saos.org.pl/judgments/99978
100001|2012-12-05|SN|IV KZ 71/12|Postanowienie|69|https://www.saos.org.pl/judgments/100001
99999|2012-12-05|SN|IV KZ 69/12|Postanowienie|69|https://www.saos.org.pl/judgments/99999
99986|2012-12-05|SN|IV KK 283/12|Postanowienie|69|https://www.saos.org.pl/judgments/99986
99959|2012-12-05|SN|III KO 28/12|Postanowienie|69|https://www.saos.org.pl/judgments/99959
100005|2012-12-04|SN|V KK 122/12|Postanowienie|69|https://www.saos.org.pl/judgments/100005
99845|2012-11-28|SN|III KK 334/12|Postanowienie|69|https://www.saos.org.pl/judgments/99845
99841|2012-11-28|SN|III KK 219/12|Postanowienie|69|https://www.saos.org.pl/judgments/99841
99802|2012-11-22|SN|V KZ 77/12|Postanowienie|69|https://www.saos.org.pl/judgments/99802
99787|2012-11-22|SN|V KO 50/12|Postanowienie|69|https://www.saos.org.pl/judgments/99787
99741|2012-11-21|SN|IV KK 255/12|Postanowienie|69|https://www.saos.org.pl/judgments/99741
99562|2012-11-08|SN|III KK 204/12|Postanowienie|69|https://www.saos.org.pl/judgments/99562
99492|2012-10-25|SN|IV KK 87/12|Postanowienie|69|https://www.saos.org.pl/judgments/99492
99289|2012-10-10|SN|II KK 336/11|Postanowienie|69|https://www.saos.org.pl/judgments/99289
99319|2012-10-09|SN|III KO 51/12|Postanowienie|69|https://www.saos.org.pl/judgments/99319
99317|2012-10-09|SN|III KO 38/12|Postanowienie|69|https://www.saos.org.pl/judgments/99317
99105|2012-09-26|SN|II KO 17/12|Postanowienie|69|https://www.saos.org.pl/judgments/99105
98999|2012-09-13|SN|III KZ 59/12|Postanowienie|69|https://www.saos.org.pl/judgments/98999
98971|2012-09-12|SN|II KK 314/11|Postanowienie|69|https://www.saos.org.pl/judgments/98971
99026|2012-09-11|SN|IV KZ 48/12|Postanowienie|69|https://www.saos.org.pl/judgments/99026
99018|2012-09-11|SN|IV KO 42/12|Postanowienie|69|https://www.saos.org.pl/judgments/99018
99010|2012-09-11|SN|IV KK 210/12|Postanowienie|69|https://www.saos.org.pl/judgments/99010
98865|2012-08-24|SN|III KK 64/12|Postanowienie|69|https://www.saos.org.pl/judgments/98865
98576|2012-07-05|SN|IV KK 132/12|Postanowienie|69|https://www.saos.org.pl/judgments/98576
98062|2012-05-10|SN|V KK 356/11|Postanowienie|69|https://www.saos.org.pl/judgments/98062
97289|2012-02-23|SN|III KO 97/11|Postanowienie|69|https://www.saos.org.pl/judgments/97289
96879|2012-01-19|SN|V KK 396/11|Postanowienie|69|https://www.saos.org.pl/judgments/96879
96227|2011-11-10|SN|III KK 230/11|Postanowienie|69|https://www.saos.org.pl/judgments/96227
95646|2011-09-01|SN|V KK 43/11|Postanowienie|69|https://www.saos.org.pl/judgments/95646
94885|2011-05-05|SN|III KK 42/11|Postanowienie|69|https://www.saos.org.pl/judgments/94885
94570|2011-03-31|SN|II KK 265/10|Postanowienie|69|https://www.saos.org.pl/judgments/94570
92853|2010-09-01|SN|IV KK 73/10|Postanowienie|69|https://www.saos.org.pl/judgments/92853
92546|2010-06-24|SN|V KK 388/09|Postanowienie|69|https://www.saos.org.pl/judgments/92546
91431|2009-12-10|SN|I KZP 25/09|Postanowienie|69|https://www.saos.org.pl/judgments/91431
91286|2009-11-16|SN|IV KK 101/09|Postanowienie|69|https://www.saos.org.pl/judgments/91286
91208|2009-11-10|SN|II KK 116/09|Postanowienie|69|https://www.saos.org.pl/judgments/91208
91111|2009-10-28|SN|I KZP 21/09|Postanowienie|69|https://www.saos.org.pl/judgments/91111
90931|2009-09-30|SN|I KZP 12/09|Postanowienie|69|https://www.saos.org.pl/judgments/90931
90915|2009-09-22|SN|III KK 58/09|Postanowienie|69|https://www.saos.org.pl/judgments/90915
90851|2009-09-09|SN|V KZ 55/09|Postanowienie|69|https://www.saos.org.pl/judgments/90851
90117|2009-04-29|SN|I KZP 6/09|Postanowienie|69|https://www.saos.org.pl/judgments/90117
89339|2008-12-10|SN|II KK 259/08|Postanowienie|69|https://www.saos.org.pl/judgments/89339
89013|2008-10-31|SN|II KK 76/08|Postanowienie|69|https://www.saos.org.pl/judgments/89013
87514|2008-03-06|SN|III KK 421/07|Postanowienie|69|https://www.saos.org.pl/judgments/87514
86510|2007-08-31|SN|V KK 179/07|Postanowienie|69|https://www.saos.org.pl/judgments/86510
86274|2007-07-04|SN|V KK 419/06|Postanowienie|69|https://www.saos.org.pl/judgments/86274
86094|2007-06-12|SN|V KK 179/07|Postanowienie|69|https://www.saos.org.pl/judgments/86094
85953|2007-05-23|SN|V KK 265/06|Postanowienie|69|https://www.saos.org.pl/judgments/85953
85734|2007-04-26|SN|I KZP 5/07|Postanowienie|69|https://www.saos.org.pl/judgments/85734
85226|2007-02-14|SN|II KK 381/06|Postanowienie|69|https://www.saos.org.pl/judgments/85226
84251|2006-04-12|SN|II KK 335/05|Postanowienie|69|https://www.saos.org.pl/judgments/84251
83806|2005-10-20|SN|II KK 184/05|Postanowienie|69|https://www.saos.org.pl/judgments/83806
83774|2005-10-03|SN|V KK 128/05|Postanowienie|69|https://www.saos.org.pl/judgments/83774
83663|2005-08-02|SN|IV KK 91/05|Postanowienie|69|https://www.saos.org.pl/judgments/83663
83490|2005-06-15|SN|II KO 25/05|Postanowienie|69|https://www.saos.org.pl/judgments/83490
83376|2005-05-06|SN|II KK 127/04|Postanowienie|69|https://www.saos.org.pl/judgments/83376
83306|2005-04-01|SN|IV KK 309/04|Postanowienie|69|https://www.saos.org.pl/judgments/83306
83063|2004-12-09|SN|SDI 59/04|Postanowienie|69|https://www.saos.org.pl/judgments/83063
82753|2004-07-01|SN|III KK 34/04|Postanowienie|69|https://www.saos.org.pl/judgments/82753
82742|2004-06-24|SN|III KZ 15/04|Postanowienie|69|https://www.saos.org.pl/judgments/82742
82709|2004-05-26|SN|V KK 22/04|Postanowienie|69|https://www.saos.org.pl/judgments/82709
82676|2004-05-21|SN|I KZP 5/04|Postanowienie|69|https://www.saos.org.pl/judgments/82676
82395|2003-12-09|SN|III KK 65/03|Postanowienie|69|https://www.saos.org.pl/judgments/82395
82313|2003-11-04|SN|V KK 233/03|Postanowienie|69|https://www.saos.org.pl/judgments/82313
82307|2003-11-03|SN|IV KK 295/02|Postanowienie|69|https://www.saos.org.pl/judgments/82307
82069|2003-06-17|SN|II KK 90/03|Postanowienie|69|https://www.saos.org.pl/judgments/82069
81838|2003-02-04|SN|III KKN 506/00|Postanowienie|69|https://www.saos.org.pl/judgments/81838
81050|2001-12-03|SN|V KKN 67/01|Postanowienie|69|https://www.saos.org.pl/judgments/81050
80482|2001-04-06|SN|III KKN 13/01|Postanowienie|69|https://www.saos.org.pl/judgments/80482
80405|2001-03-07|SN|IV KKN 617/00|Postanowienie|69|https://www.saos.org.pl/judgments/80405
546520|2026-04-17|SO|II AKa 31/26|Wyrok|56|https://www.saos.org.pl/judgments/546520
546842|2026-04-16|SO|II AKa 129/25|Wyrok|56|https://www.saos.org.pl/judgments/546842
546819|2026-04-01|SO|II AKa 403/24|Wyrok|56|https://www.saos.org.pl/judgments/546819
544503|2026-02-10|SO|II AKa 3/26|Wyrok|56|https://www.saos.org.pl/judgments/544503
544496|2026-01-22|SO|II AKa 190/25|Wyrok|56|https://www.saos.org.pl/judgments/544496
544502|2026-01-13|SO|II AKa 283/25|Wyrok|56|https://www.saos.org.pl/judgments/544502
543178|2025-12-30|SO|II AKa 70/23|Wyrok|56|https://www.saos.org.pl/judgments/543178
544368|2025-11-06|SO|II AKa 123/25|Wyrok|56|https://www.saos.org.pl/judgments/544368
542174|2025-10-28|SO|II AKa 218/25|Wyrok|56|https://www.saos.org.pl/judgments/542174
545836|2025-10-15|SO|II AKa 259/25|Wyrok|56|https://www.saos.org.pl/judgments/545836
542176|2025-09-19|SO|II AKa 279/25|Wyrok|56|https://www.saos.org.pl/judgments/542176
537652|2025-09-18|SO|II AKa 99/25|Wyrok|56|https://www.saos.org.pl/judgments/537652
536937|2025-09-17|SO|II AKa 142/25|Wyrok|56|https://www.saos.org.pl/judgments/536937
538336|2025-09-11|SO|II AKa 117/25|Wyrok|56|https://www.saos.org.pl/judgments/538336
543180|2025-09-04|SO|II AKa 98/25|Wyrok|56|https://www.saos.org.pl/judgments/543180
533118|2025-07-30|SO|II AKa 355/24|Wyrok|56|https://www.saos.org.pl/judgments/533118
533126|2025-07-17|SO|II AKa 91/25|Wyrok|56|https://www.saos.org.pl/judgments/533126
533109|2025-07-16|SO|II AKa 112/23|Wyrok|56|https://www.saos.org.pl/judgments/533109
534171|2025-06-26|SO|II AKa 19/25|Wyrok|56|https://www.saos.org.pl/judgments/534171
531099|2025-06-26|SO|II AKa 12/25|Wyrok|56|https://www.saos.org.pl/judgments/531099
534983|2025-06-12|SO|II AKa 87/25|Wyrok|56|https://www.saos.org.pl/judgments/534983
534982|2025-06-09|SO|II AKa 206/24|Wyrok|56|https://www.saos.org.pl/judgments/534982
544371|2025-06-06|SO|II AKa 22/25|Wyrok|56|https://www.saos.org.pl/judgments/544371
543174|2025-05-30|SO|II AKa 33/25|Wyrok|56|https://www.saos.org.pl/judgments/543174
531101|2025-05-27|SO|II AKa 256/24|Wyrok|56|https://www.saos.org.pl/judgments/531101
534181|2025-04-23|SO|II AKa 68/25|Wyrok|56|https://www.saos.org.pl/judgments/534181
534174|2025-04-10|SO|II AKa 422/24|Wyrok|56|https://www.saos.org.pl/judgments/534174
526400|2025-04-08|SO|II AKa 22/25|Wyrok|56|https://www.saos.org.pl/judgments/526400
527315|2025-04-03|SO|II AKa 2/25|Wyrok|56|https://www.saos.org.pl/judgments/527315
545277|2025-03-26|SO|II AKa 508/24|Wyrok|56|https://www.saos.org.pl/judgments/545277
533117|2025-03-18|SO|II AKa 28/25|Wyrok|56|https://www.saos.org.pl/judgments/533117
533119|2025-03-13|SO|II AKa 36/25|Wyrok|56|https://www.saos.org.pl/judgments/533119
534180|2025-03-12|SO|II AKa 51/25|Wyrok|56|https://www.saos.org.pl/judgments/534180
528637|2025-03-06|SO|II AKa 5/25|Wyrok|56|https://www.saos.org.pl/judgments/528637
524682|2025-03-05|SO|II AKa 231/24|Wyrok|56|https://www.saos.org.pl/judgments/524682
541700|2025-02-27|SO|II AKa 17/25|Wyrok|56|https://www.saos.org.pl/judgments/541700
527327|2025-02-26|SO|II AKa 439/24|Wyrok|56|https://www.saos.org.pl/judgments/527327
527328|2025-02-19|SO|II AKa 448/24|Wyrok|56|https://www.saos.org.pl/judgments/527328
530741|2025-02-13|SO|II AKa 394/24|Wyrok|56|https://www.saos.org.pl/judgments/530741
524559|2025-02-06|SO|II AKa 255/24|Wyrok|56|https://www.saos.org.pl/judgments/524559
528632|2025-01-30|SO|II AKa 165/24|Wyrok|56|https://www.saos.org.pl/judgments/528632
533111|2025-01-29|SO|II AKa 12/23|Wyrok|56|https://www.saos.org.pl/judgments/533111
527317|2025-01-29|SO|II AKa 260/24|Wyrok|56|https://www.saos.org.pl/judgments/527317
521877|2025-01-29|SO|II AKa 220/24|Wyrok|56|https://www.saos.org.pl/judgments/521877
531982|2025-01-24|SO|II AKa 402/24|Wyrok|56|https://www.saos.org.pl/judgments/531982
531936|2025-01-22|SO|II AKa 432/23|Wyrok|56|https://www.saos.org.pl/judgments/531936
531979|2025-01-21|SO|II AKa 158/24|Wyrok|56|https://www.saos.org.pl/judgments/531979
531984|2024-12-23|SO|II AKa 423/24|Wyrok|56|https://www.saos.org.pl/judgments/531984
531937|2024-12-19|SO|II AKa 444/24|Wyrok|56|https://www.saos.org.pl/judgments/531937
522279|2024-12-17|SO|II AKa 141/24|Wyrok|56|https://www.saos.org.pl/judgments/522279
522278|2024-12-16|SO|II AKa 117/23|Wyrok|56|https://www.saos.org.pl/judgments/522278
522400|2024-12-13|SO|II AKa 523/24|Wyrok|56|https://www.saos.org.pl/judgments/522400
532647|2024-12-04|SO|II AKa 382/24|Wyrok|56|https://www.saos.org.pl/judgments/532647
528564|2024-12-04|SO|II AKa 256/24|Wyrok|56|https://www.saos.org.pl/judgments/528564
522396|2024-11-29|SO|II AKa 41/24|Wyrok|56|https://www.saos.org.pl/judgments/522396
530897|2024-11-28|SO|II AKa 215/23|Wyrok|56|https://www.saos.org.pl/judgments/530897
527318|2024-11-28|SO|II AKa 288/23|Wyrok|56|https://www.saos.org.pl/judgments/527318
523362|2024-11-28|SO|II AKa 334/24|Wyrok|56|https://www.saos.org.pl/judgments/523362
519050|2024-11-28|SO|II AKa 299/24|Wyrok|56|https://www.saos.org.pl/judgments/519050
519672|2024-11-27|SO|II AKa 122/24|Wyrok|56|https://www.saos.org.pl/judgments/519672
519173|2024-11-27|SO|II AKa 40/24|Wyrok|56|https://www.saos.org.pl/judgments/519173
528864|2024-11-21|SO|II AKa 335/24|Wyrok|56|https://www.saos.org.pl/judgments/528864
520703|2024-11-21|SO|II AKa 200/24|Wyrok|56|https://www.saos.org.pl/judgments/520703
520289|2024-11-21|SO|II AKa 167/23|Wyrok|56|https://www.saos.org.pl/judgments/520289
520966|2024-11-19|SO|II AKa 180/24|Wyrok|56|https://www.saos.org.pl/judgments/520966
519675|2024-11-13|SO|II AKa 292/24|Wyrok|56|https://www.saos.org.pl/judgments/519675
532716|2024-11-07|SO|I AGa 77/24|Wyrok|56|https://www.saos.org.pl/judgments/532716
529041|2024-11-06|SO|II AKa 260/24|Wyrok|56|https://www.saos.org.pl/judgments/529041
520291|2024-10-31|SO|II AKa 205/20|Wyrok|56|https://www.saos.org.pl/judgments/520291
531769|2024-10-25|SO|II AKa 15/24|Wyrok|56|https://www.saos.org.pl/judgments/531769
528639|2024-10-23|SO|II AKa 78/24|Wyrok|56|https://www.saos.org.pl/judgments/528639
520699|2024-10-17|SO|II AKa 167/24|Wyrok|56|https://www.saos.org.pl/judgments/520699
518946|2024-10-17|SO|II AKa 285/24|Wyrok|56|https://www.saos.org.pl/judgments/518946
520025|2024-10-16|SO|II AKa 285/23|Wyrok|56|https://www.saos.org.pl/judgments/520025
519878|2024-10-16|SO|II AKa 310/23|Wyrok|56|https://www.saos.org.pl/judgments/519878
526407|2024-10-09|SO|II AKa 350/23|Wyrok|56|https://www.saos.org.pl/judgments/526407
517285|2024-10-03|SO|II AKa 143/23|Wyrok|56|https://www.saos.org.pl/judgments/517285
519970|2024-09-24|SO|II AKa 53/23|Wyrok|56|https://www.saos.org.pl/judgments/519970
515810|2024-09-24|SO|II AKa 210/24|Wyrok|56|https://www.saos.org.pl/judgments/515810
537375|2024-09-19|SO|II AKa 149/24|Wyrok|56|https://www.saos.org.pl/judgments/537375
500688|2024-09-12|SO|II AKa 223/24|Wyrok|56|https://www.saos.org.pl/judgments/500688
518577|2024-09-05|SO|II AKa 277/21|Wyrok|56|https://www.saos.org.pl/judgments/518577
519968|2024-08-29|SO|II AKa 455/23|Wyrok|56|https://www.saos.org.pl/judgments/519968
517957|2024-08-27|SO|II AKa 89/24|Wyrok|56|https://www.saos.org.pl/judgments/517957
519969|2024-08-13|SO|II AKa 457/23|Wyrok|56|https://www.saos.org.pl/judgments/519969
537831|2024-08-08|SO|II AKa 393/23|Wyrok|56|https://www.saos.org.pl/judgments/537831
520710|2024-07-31|SO|II AKa 90/24|Wyrok|56|https://www.saos.org.pl/judgments/520710
518939|2024-07-25|SO|II AKa 106/24|Wyrok|56|https://www.saos.org.pl/judgments/518939
500610|2024-07-24|SO|II AKa 192/24|Wyrok|56|https://www.saos.org.pl/judgments/500610
522280|2024-07-12|SO|II AKa 439/23|Wyrok|56|https://www.saos.org.pl/judgments/522280
537830|2024-07-11|SO|II AKa 126/24|Wyrok|56|https://www.saos.org.pl/judgments/537830
518257|2024-07-11|SO|II AKa 138/24|Wyrok|56|https://www.saos.org.pl/judgments/518257
500589|2024-07-10|SO|II AKa 184/24|Wyrok|56|https://www.saos.org.pl/judgments/500589
518027|2024-07-05|SO|II AKa 172/24|Wyrok|56|https://www.saos.org.pl/judgments/518027
536269|2024-06-28|SO|II AKa 158/21|Wyrok|56|https://www.saos.org.pl/judgments/536269
526965|2024-06-27|SO|II AKa 91/24|Wyrok|56|https://www.saos.org.pl/judgments/526965
518942|2024-06-27|SO|II AKa 16/24|Wyrok|56|https://www.saos.org.pl/judgments/518942
518256|2024-06-21|SO|II AKa 132/24|Wyrok|56|https://www.saos.org.pl/judgments/518256
500488|2024-06-21|SO|II AKa 139/24|Wyrok|56|https://www.saos.org.pl/judgments/500488
500542|2024-06-19|SO|II AKa 162/24|Wyrok|56|https://www.saos.org.pl/judgments/500542
526735|2024-06-13|SO|II AKa 68/24|Wyrok|56|https://www.saos.org.pl/judgments/526735
517955|2024-06-13|SO|II AKa 76/24|Wyrok|56|https://www.saos.org.pl/judgments/517955
520027|2024-05-28|SO|II AKa 82/24|Wyrok|56|https://www.saos.org.pl/judgments/520027
501284|2024-05-22|SO|II AKa 78/24|Wyrok|56|https://www.saos.org.pl/judgments/501284
531938|2024-05-20|SO|II AKa 74/24|Wyrok|56|https://www.saos.org.pl/judgments/531938
493605|2024-05-20|SO|I ACa 1418/22|Wyrok|56|https://www.saos.org.pl/judgments/493605
518578|2024-05-17|SO|II AKa 327/21|Wyrok|56|https://www.saos.org.pl/judgments/518578
501203|2024-05-16|SO|II AKa 56/24|Wyrok|56|https://www.saos.org.pl/judgments/501203
501329|2024-05-09|SO|II AKa 95/24|Wyrok|56|https://www.saos.org.pl/judgments/501329
501011|2024-05-08|SO|II AKa 362/23|Wyrok|56|https://www.saos.org.pl/judgments/501011
501122|2024-05-06|SO|II AKa 441/23|Wyrok|56|https://www.saos.org.pl/judgments/501122
500799|2024-05-06|SO|II AKa 264/22|Wyrok|56|https://www.saos.org.pl/judgments/500799
526725|2024-04-26|SO|II AKa 44/24|Wyrok|56|https://www.saos.org.pl/judgments/526725
501281|2024-04-26|SO|II AKa 76/24|Wyrok|56|https://www.saos.org.pl/judgments/501281
500769|2024-04-26|SO|II AKa 250/23|Wyrok|56|https://www.saos.org.pl/judgments/500769
501086|2024-04-23|SO|II AKa 415/23|Wyrok|56|https://www.saos.org.pl/judgments/501086
501317|2024-04-19|SO|II AKa 9/24|Wyrok|56|https://www.saos.org.pl/judgments/501317
500428|2024-04-18|SO|II AKa 108/24|Wyrok|56|https://www.saos.org.pl/judgments/500428
501031|2024-04-16|SO|II AKa 38/24|Wyrok|56|https://www.saos.org.pl/judgments/501031
500855|2024-04-16|SO|II AKa 285/23|Wyrok|56|https://www.saos.org.pl/judgments/500855
501325|2024-04-12|SO|II AKa 93/24|Wyrok|56|https://www.saos.org.pl/judgments/501325
526720|2024-04-04|SO|II AKa 308/23|Wyrok|56|https://www.saos.org.pl/judgments/526720
517949|2024-04-04|SO|II AKa 224/23|Wyrok|56|https://www.saos.org.pl/judgments/517949
521106|2024-03-26|SO|I ACa 568/22|Wyrok|56|https://www.saos.org.pl/judgments/521106
517943|2024-03-21|SO|II AKa 14/24|Wyrok|56|https://www.saos.org.pl/judgments/517943
501081|2024-03-21|SO|II AKa 412/21|Wyrok|56|https://www.saos.org.pl/judgments/501081
500690|2024-03-20|SO|II AKa 225/22|Wyrok|56|https://www.saos.org.pl/judgments/500690
501206|2024-03-19|SO|II AKa 57/23|Wyrok|56|https://www.saos.org.pl/judgments/501206
517668|2024-03-14|SO|II AKa 251/21|Wyrok|56|https://www.saos.org.pl/judgments/517668
501037|2024-03-14|SO|II AKa 383/23|Wyrok|56|https://www.saos.org.pl/judgments/501037
500954|2024-03-08|SO|II AKa 324/22|Wyrok|56|https://www.saos.org.pl/judgments/500954
501057|2024-03-07|SO|II AKa 398/23|Wyrok|56|https://www.saos.org.pl/judgments/501057
500951|2024-03-07|SO|II AKa 321/23|Wyrok|56|https://www.saos.org.pl/judgments/500951
501109|2024-02-22|SO|II AKa 434/23|Wyrok|56|https://www.saos.org.pl/judgments/501109
501098|2024-02-22|SO|II AKa 423/23|Wyrok|56|https://www.saos.org.pl/judgments/501098
501023|2024-02-22|SO|II AKa 37/24|Wyrok|56|https://www.saos.org.pl/judgments/501023
500710|2024-02-21|SO|II AKa 232/23|Wyrok|56|https://www.saos.org.pl/judgments/500710
500842|2024-02-15|SO|II AKa 276/23|Wyrok|56|https://www.saos.org.pl/judgments/500842
500411|2024-02-15|SO|II AKa 102/23|Wyrok|56|https://www.saos.org.pl/judgments/500411
501068|2024-02-13|SO|II AKa 406/21|Wyrok|56|https://www.saos.org.pl/judgments/501068
501008|2024-02-08|SO|II AKa 36/23|Wyrok|56|https://www.saos.org.pl/judgments/501008
500777|2024-02-08|SO|II AKa 253/23|Wyrok|56|https://www.saos.org.pl/judgments/500777
500898|2024-02-07|SO|II AKa 303/23|Wyrok|56|https://www.saos.org.pl/judgments/500898
523153|2024-02-05|SO|II AKa 282/22|Wyrok|56|https://www.saos.org.pl/judgments/523153
519091|2024-02-05|SO|I ACa 344/22|Wyrok|56|https://www.saos.org.pl/judgments/519091
501003|2024-02-02|SO|II AKa 356/21|Wyrok|56|https://www.saos.org.pl/judgments/501003
500993|2024-02-01|SO|II AKa 347/23|Wyrok|56|https://www.saos.org.pl/judgments/500993
500518|2024-01-31|SO|II AKa 154/23|Wyrok|56|https://www.saos.org.pl/judgments/500518
523164|2024-01-22|SO|II AKa 423/23|Wyrok|56|https://www.saos.org.pl/judgments/523164
523168|2024-01-11|SO|II AKa 454/23|Wyrok|56|https://www.saos.org.pl/judgments/523168
500854|2024-01-11|SO|II AKa 285/23|Wyrok|56|https://www.saos.org.pl/judgments/500854
518025|2023-12-21|SO|II AKa 127/23|Wyrok|56|https://www.saos.org.pl/judgments/518025
501071|2023-12-21|SO|II AKa 406/23|Wyrok|56|https://www.saos.org.pl/judgments/501071
501051|2023-12-14|SO|II AKa 394/23|Wyrok|56|https://www.saos.org.pl/judgments/501051
501006|2023-12-11|SO|II AKa 359/22|Wyrok|56|https://www.saos.org.pl/judgments/501006
500994|2023-12-08|SO|II AKa 348/23|Wyrok|56|https://www.saos.org.pl/judgments/500994
500531|2023-12-05|SO|II AKa 16/22|Wyrok|56|https://www.saos.org.pl/judgments/500531
500738|2023-11-28|SO|II AKa 241/23|Wyrok|56|https://www.saos.org.pl/judgments/500738
494462|2023-11-24|SO|I ACa 677/21|Wyrok|56|https://www.saos.org.pl/judgments/494462
500876|2023-11-20|SO|II AKa 296/23|Wyrok|56|https://www.saos.org.pl/judgments/500876
501005|2023-11-16|SO|II AKa 357/23|Wyrok|56|https://www.saos.org.pl/judgments/501005
501216|2023-11-15|SO|II AKa 58/23|Wyrok|56|https://www.saos.org.pl/judgments/501216
517945|2023-11-14|SO|II AKa 160/23|Wyrok|56|https://www.saos.org.pl/judgments/517945
501000|2023-11-14|SO|II AKa 352/23|Wyrok|56|https://www.saos.org.pl/judgments/501000
500809|2023-11-03|SO|II AKa 269/22|Wyrok|56|https://www.saos.org.pl/judgments/500809
517941|2023-10-31|SO|II AKa 125/23|Wyrok|56|https://www.saos.org.pl/judgments/517941
500895|2023-10-31|SO|II AKa 301/23|Wyrok|56|https://www.saos.org.pl/judgments/500895
500441|2023-10-30|SO|II AKa 117/23|Wyrok|56|https://www.saos.org.pl/judgments/500441
500848|2023-10-23|SO|II AKa 280/23|Wyrok|56|https://www.saos.org.pl/judgments/500848
500570|2023-10-19|SO|II AKa 177/19|Wyrok|56|https://www.saos.org.pl/judgments/500570
500864|2023-10-18|SO|II AKa 288/22|Wyrok|56|https://www.saos.org.pl/judgments/500864
500742|2023-10-18|SO|II AKa 242/22|Wyrok|56|https://www.saos.org.pl/judgments/500742
500866|2023-10-11|SO|II AKa 289/23|Wyrok|56|https://www.saos.org.pl/judgments/500866
500822|2023-10-11|SO|II AKa 270/23|Wyrok|56|https://www.saos.org.pl/judgments/500822
500872|2023-10-09|SO|II AKa 292/23|Wyrok|56|https://www.saos.org.pl/judgments/500872
500852|2023-09-28|SO|II AKa 285/22|Wyrok|56|https://www.saos.org.pl/judgments/500852
500696|2023-09-28|SO|II AKa 229/23|Wyrok|56|https://www.saos.org.pl/judgments/500696
500425|2023-09-28|SO|II AKa 108/23|Wyrok|56|https://www.saos.org.pl/judgments/500425
500418|2023-09-28|SO|II AKa 106/23|Wyrok|56|https://www.saos.org.pl/judgments/500418
501059|2023-09-22|SO|II AKa 40/22|Wyrok|56|https://www.saos.org.pl/judgments/501059
501052|2023-09-22|SO|II AKa 395/21|Wyrok|56|https://www.saos.org.pl/judgments/501052
516286|2023-09-21|SO|II AKa 240/23|Wyrok|56|https://www.saos.org.pl/judgments/516286
500967|2023-09-21|SO|II AKa 33/23|Wyrok|56|https://www.saos.org.pl/judgments/500967
500618|2023-09-12|SO|II AKa 197/18|Wyrok|56|https://www.saos.org.pl/judgments/500618
500599|2023-08-24|SO|II AKa 188/22|Wyrok|56|https://www.saos.org.pl/judgments/500599
500568|2023-08-18|SO|II AKa 175/23|Wyrok|56|https://www.saos.org.pl/judgments/500568
500442|2023-08-10|SO|II AKa 118/22|Wyrok|56|https://www.saos.org.pl/judgments/500442
501121|2023-08-08|SO|II AKa 441/22|Wyrok|56|https://www.saos.org.pl/judgments/501121
501221|2023-08-07|SO|II AKa 59/22|Wyrok|56|https://www.saos.org.pl/judgments/501221
500588|2023-07-20|SO|II AKa 184/23|Wyrok|56|https://www.saos.org.pl/judgments/500588
500935|2023-07-13|SO|II AKa 317/21|Wyrok|56|https://www.saos.org.pl/judgments/500935
494233|2023-07-13|SO|I ACa 484/22|Wyrok|56|https://www.saos.org.pl/judgments/494233
516283|2023-07-06|SO|II AKa 111/21|Wyrok|56|https://www.saos.org.pl/judgments/516283
500698|2023-07-06|SO|II AKa 23/23|Wyrok|56|https://www.saos.org.pl/judgments/500698
500459|2023-06-29|SO|II AKa 123/23|Wyrok|56|https://www.saos.org.pl/judgments/500459
500415|2023-06-29|SO|II AKa 105/23|Wyrok|56|https://www.saos.org.pl/judgments/500415
500622|2023-06-27|SO|II AKa 198/22|Wyrok|56|https://www.saos.org.pl/judgments/500622
501046|2023-06-22|SO|II AKa 39/23|Wyrok|56|https://www.saos.org.pl/judgments/501046
500839|2023-06-22|SO|II AKa 276/22|Wyrok|56|https://www.saos.org.pl/judgments/500839
500558|2023-06-22|SO|II AKa 169/23|Wyrok|56|https://www.saos.org.pl/judgments/500558
500470|2023-06-22|SO|II AKa 132/23|Wyrok|56|https://www.saos.org.pl/judgments/500470
494549|2023-06-22|SO|I ACa 76/22|Wyrok|56|https://www.saos.org.pl/judgments/494549
500814|2023-06-20|SO|II AKa 27/22|Wyrok|56|https://www.saos.org.pl/judgments/500814
500566|2023-06-20|SO|II AKa 175/22|Wyrok|56|https://www.saos.org.pl/judgments/500566
491077|2023-06-07|SO|II AKa 185/22|Wyrok|56|https://www.saos.org.pl/judgments/491077
501228|2023-06-01|SO|II AKa 6/23|Wyrok|56|https://www.saos.org.pl/judgments/501228
500819|2023-06-01|SO|II AKa 270/22|Wyrok|56|https://www.saos.org.pl/judgments/500819
490765|2023-05-31|SO|II AKa 47/20|Wyrok|56|https://www.saos.org.pl/judgments/490765
491656|2023-05-30|SO|II AKa 80/23|Wyrok|56|https://www.saos.org.pl/judgments/491656
491073|2023-05-29|SO|II AKa 112/23|Wyrok|56|https://www.saos.org.pl/judgments/491073
500857|2023-05-25|SO|II AKa 286/22|Wyrok|56|https://www.saos.org.pl/judgments/500857
491842|2023-05-17|SO|II AKa 411/22|Wyrok|56|https://www.saos.org.pl/judgments/491842
491837|2023-05-17|SO|II AKa 25/22|Wyrok|56|https://www.saos.org.pl/judgments/491837
491246|2023-05-10|SO|II AKa 42/23|Wyrok|56|https://www.saos.org.pl/judgments/491246
489231|2023-05-10|SO|II AKa 115/21|Wyrok|56|https://www.saos.org.pl/judgments/489231
491651|2023-05-04|SO|II AKa 36/23|Wyrok|56|https://www.saos.org.pl/judgments/491651
501080|2023-04-27|SO|II AKa 411/22|Wyrok|56|https://www.saos.org.pl/judgments/501080
523719|2023-04-25|SO|II AKa 85/23|Wyrok|56|https://www.saos.org.pl/judgments/523719
491839|2023-04-25|SO|II AKa 281/22|Wyrok|56|https://www.saos.org.pl/judgments/491839
491655|2023-04-20|SO|II AKa 75/23|Wyrok|56|https://www.saos.org.pl/judgments/491655
491513|2023-04-20|SO|II AKa 437/22|Wyrok|56|https://www.saos.org.pl/judgments/491513
501129|2023-04-19|SO|II AKa 445/22|Wyrok|56|https://www.saos.org.pl/judgments/501129
490260|2023-04-19|SO|II AKa 334/22|Wyrok|56|https://www.saos.org.pl/judgments/490260
491840|2023-04-18|SO|II AKa 283/22|Wyrok|56|https://www.saos.org.pl/judgments/491840
530742|2023-04-13|SO|II AKa 398/22|Wyrok|56|https://www.saos.org.pl/judgments/530742
489239|2023-04-13|SO|II AKa 483/21|Wyrok|56|https://www.saos.org.pl/judgments/489239
491654|2023-04-06|SO|II AKa 60/23|Wyrok|56|https://www.saos.org.pl/judgments/491654
490274|2023-03-29|SO|II AKa 528/22|Wyrok|56|https://www.saos.org.pl/judgments/490274
501115|2023-03-24|SO|II AKa 439/22|Wyrok|56|https://www.saos.org.pl/judgments/501115
500645|2023-03-23|SO|II AKa 202/22|Wyrok|56|https://www.saos.org.pl/judgments/500645
491503|2023-03-22|SO|II AKa 180/22|Wyrok|56|https://www.saos.org.pl/judgments/491503
500790|2023-03-21|SO|II AKa 26/23|Wyrok|56|https://www.saos.org.pl/judgments/500790
490762|2023-03-16|SO|II AKa 315/22|Wyrok|56|https://www.saos.org.pl/judgments/490762
500828|2023-03-09|SO|II AKa 272/22|Wyrok|56|https://www.saos.org.pl/judgments/500828
491516|2023-03-08|SO|II AKa 453/22|Wyrok|56|https://www.saos.org.pl/judgments/491516
500655|2023-03-02|SO|II AKa 208/22|Wyrok|56|https://www.saos.org.pl/judgments/500655
491508|2023-03-02|SO|II AKa 320/22|Wyrok|56|https://www.saos.org.pl/judgments/491508
486214|2023-03-02|SO|II AKa 552/22|Wyrok|56|https://www.saos.org.pl/judgments/486214
501316|2023-03-01|SO|II AKa 9/23|Wyrok|56|https://www.saos.org.pl/judgments/501316
492287|2023-03-01|SO|II AKa 282/21|Wyrok|56|https://www.saos.org.pl/judgments/492287
489626|2023-02-28|SO|II AKa 347/20|Wyrok|56|https://www.saos.org.pl/judgments/489626
485235|2023-02-28|SO|II AKa 422/22|Wyrok|56|https://www.saos.org.pl/judgments/485235
501189|2023-02-23|SO|II AKa 528/22|Wyrok|56|https://www.saos.org.pl/judgments/501189
501066|2023-02-23|SO|II AKa 403/22|Wyrok|56|https://www.saos.org.pl/judgments/501066
485744|2023-02-23|SO|II AKa 207/22|Wyrok|56|https://www.saos.org.pl/judgments/485744
501194|2023-02-22|SO|II AKa 538/22|Wyrok|56|https://www.saos.org.pl/judgments/501194
487210|2023-02-22|SO|II AKa 493/22|Wyrok|56|https://www.saos.org.pl/judgments/487210
501253|2023-02-16|SO|II AKa 67/22|Wyrok|56|https://www.saos.org.pl/judgments/501253
491442|2023-02-13|SO|II AKa 154/22|Wyrok|56|https://www.saos.org.pl/judgments/491442
501035|2023-02-10|SO|II AKa 383/21|Wyrok|56|https://www.saos.org.pl/judgments/501035
484868|2023-02-10|SO|II AKa 499/22|Wyrok|56|https://www.saos.org.pl/judgments/484868
500956|2023-02-09|SO|II AKa 325/22|Wyrok|56|https://www.saos.org.pl/judgments/500956
485085|2023-02-09|SO|II AKa 417/22|Wyrok|56|https://www.saos.org.pl/judgments/485085
489620|2023-02-08|SO|II AKa 259/20|Wyrok|56|https://www.saos.org.pl/judgments/489620
485074|2023-02-08|SO|II AKa 26/22|Wyrok|56|https://www.saos.org.pl/judgments/485074
484867|2023-02-08|SO|II AKa 444/22|Wyrok|56|https://www.saos.org.pl/judgments/484867
491458|2023-02-06|SO|II AKa 382/21|Wyrok|56|https://www.saos.org.pl/judgments/491458
491444|2023-02-06|SO|II AKa 190/22|Wyrok|56|https://www.saos.org.pl/judgments/491444
484425|2023-02-03|SO|II AKa 169/21|Wyrok|56|https://www.saos.org.pl/judgments/484425
484084|2023-02-02|SO|II AKa 163/22|Wyrok|56|https://www.saos.org.pl/judgments/484084
484713|2023-02-01|SO|II AKa 206/22|Wyrok|56|https://www.saos.org.pl/judgments/484713
500926|2023-01-26|SO|II AKa 311/22|Wyrok|56|https://www.saos.org.pl/judgments/500926
491549|2023-01-26|SO|II AKa 287/22|Wyrok|56|https://www.saos.org.pl/judgments/491549
484968|2023-01-25|SO|II AKa 159/20|Wyrok|56|https://www.saos.org.pl/judgments/484968
485813|2023-01-18|SO|II AKa 203/22|Wyrok|56|https://www.saos.org.pl/judgments/485813
485212|2023-01-03|SO|II AKa 267/22|Wyrok|56|https://www.saos.org.pl/judgments/485212
516463|2022-12-22|SO|I ACa 81/22|Wyrok|56|https://www.saos.org.pl/judgments/516463
484724|2022-12-22|SO|II AKa 389/22|Wyrok|56|https://www.saos.org.pl/judgments/484724
484709|2022-12-19|SO|II AKa 158/22|Wyrok|56|https://www.saos.org.pl/judgments/484709
500773|2022-12-15|SO|II AKa 252/22|Wyrok|56|https://www.saos.org.pl/judgments/500773
481342|2022-12-14|SO|II AKa 64/21|Wyrok|56|https://www.saos.org.pl/judgments/481342
483486|2022-12-09|SO|II AKa 72/21|Wyrok|56|https://www.saos.org.pl/judgments/483486
483485|2022-12-09|SO|II AKa 66/21|Wyrok|56|https://www.saos.org.pl/judgments/483485
500716|2022-12-08|SO|II AKa 236/22|Wyrok|56|https://www.saos.org.pl/judgments/500716
487780|2022-12-08|SO|II AKa 303/22|Wyrok|56|https://www.saos.org.pl/judgments/487780
483339|2022-12-08|SO|II AKa 294/21|Wyrok|56|https://www.saos.org.pl/judgments/483339
501229|2022-12-07|SO|II AKa 606/21|Wyrok|56|https://www.saos.org.pl/judgments/501229
481415|2022-12-07|SO|II AKa 58/22|Wyrok|56|https://www.saos.org.pl/judgments/481415
481409|2022-12-07|SO|II AKa 296/21|Wyrok|56|https://www.saos.org.pl/judgments/481409
483341|2022-12-06|SO|II AKa 396/21|Wyrok|56|https://www.saos.org.pl/judgments/483341
481341|2022-12-05|SO|II AKa 343/21|Wyrok|56|https://www.saos.org.pl/judgments/481341
523142|2022-12-01|SO|II AKa 129/22|Wyrok|56|https://www.saos.org.pl/judgments/523142
501312|2022-12-01|SO|II AKa 89/22|Wyrok|56|https://www.saos.org.pl/judgments/501312
481413|2022-11-30|SO|II AKa 457/22|Wyrok|56|https://www.saos.org.pl/judgments/481413
479623|2022-11-30|SO|II AKa 108/22|Wyrok|56|https://www.saos.org.pl/judgments/479623
483345|2022-11-25|SO|II AKa 67/20|Wyrok|56|https://www.saos.org.pl/judgments/483345
523161|2022-11-24|SO|II AKa 374/22|Wyrok|56|https://www.saos.org.pl/judgments/523161
490058|2022-11-24|SO|II AKa 402/22|Wyrok|56|https://www.saos.org.pl/judgments/490058
480572|2022-11-23|SO|II AKa 179/22|Wyrok|56|https://www.saos.org.pl/judgments/480572
481014|2022-11-22|SO|II AKa 168/22|Wyrok|56|https://www.saos.org.pl/judgments/481014
481531|2022-11-17|SO|II AKa 136/22|Wyrok|56|https://www.saos.org.pl/judgments/481531
479797|2022-11-17|SO|II AKa 212/22|Wyrok|56|https://www.saos.org.pl/judgments/479797
519465|2022-11-16|SO|II AKa 192/22|Wyrok|56|https://www.saos.org.pl/judgments/519465
485095|2022-11-16|SO|II AKa 99/20|Wyrok|56|https://www.saos.org.pl/judgments/485095
481405|2022-11-16|SO|II AKa 101/22|Wyrok|56|https://www.saos.org.pl/judgments/481405
480596|2022-11-16|SO|II AKa 79/22|Wyrok|56|https://www.saos.org.pl/judgments/480596
481126|2022-11-09|SO|II AKa 49/22|Wyrok|56|https://www.saos.org.pl/judgments/481126
478191|2022-11-08|SO|II AKa 284/22|Wyrok|56|https://www.saos.org.pl/judgments/478191
523149|2022-11-07|SO|II AKa 246/19|Wyrok|56|https://www.saos.org.pl/judgments/523149
500535|2022-11-03|SO|II AKa 161/22|Wyrok|56|https://www.saos.org.pl/judgments/500535
492893|2022-11-03|SO|II AKa 34/22|Wyrok|56|https://www.saos.org.pl/judgments/492893
479046|2022-11-03|SO|II AKa 102/22|Wyrok|56|https://www.saos.org.pl/judgments/479046
500851|2022-11-02|SO|II AKa 283/22|Wyrok|56|https://www.saos.org.pl/judgments/500851
523155|2022-10-27|SO|II AKa 294/22|Wyrok|56|https://www.saos.org.pl/judgments/523155
481020|2022-10-27|SO|II AKa 238/22|Wyrok|56|https://www.saos.org.pl/judgments/481020
479049|2022-10-27|SO|II AKa 244/18|Wyrok|56|https://www.saos.org.pl/judgments/479049
500797|2022-10-26|SO|II AKa 264/22|Wyrok|56|https://www.saos.org.pl/judgments/500797
480569|2022-10-26|SO|II AKa 109/22|Wyrok|56|https://www.saos.org.pl/judgments/480569
478184|2022-10-25|SO|II AKa 168/22|Wyrok|56|https://www.saos.org.pl/judgments/478184
482296|2022-10-17|SO|II AKa 144/22|Wyrok|56|https://www.saos.org.pl/judgments/482296
492854|2022-10-13|SO|II AKa 11/22|Wyrok|56|https://www.saos.org.pl/judgments/492854
490763|2022-10-13|SO|II AKa 319/22|Wyrok|56|https://www.saos.org.pl/judgments/490763
478190|2022-10-13|SO|II AKa 282/22|Wyrok|56|https://www.saos.org.pl/judgments/478190
478186|2022-10-12|SO|II AKa 211/22|Wyrok|56|https://www.saos.org.pl/judgments/478186
478185|2022-10-12|SO|II AKa 200/22|Wyrok|56|https://www.saos.org.pl/judgments/478185
481028|2022-10-11|SO|II AKa 318/22|Wyrok|56|https://www.saos.org.pl/judgments/481028
477660|2022-10-10|SO|II AKa 303/21|Wyrok|56|https://www.saos.org.pl/judgments/477660
521536|2022-10-07|SO|II AKa 63/21|Wyrok|56|https://www.saos.org.pl/judgments/521536
481021|2022-10-06|SO|II AKa 251/22|Wyrok|56|https://www.saos.org.pl/judgments/481021
480078|2022-10-05|SO|II AKa 76/22|Wyrok|56|https://www.saos.org.pl/judgments/480078
475515|2022-09-29|SO|II AKa 336/21|Wyrok|56|https://www.saos.org.pl/judgments/475515
475961|2022-09-28|SO|II AKa 300/21|Wyrok|56|https://www.saos.org.pl/judgments/475961
501200|2022-09-26|SO|II AKa 549/21|Wyrok|56|https://www.saos.org.pl/judgments/501200
477231|2022-09-26|SO|II AKa 262/22|Wyrok|56|https://www.saos.org.pl/judgments/477231
482306|2022-09-22|SO|II AKa 78/22|Wyrok|56|https://www.saos.org.pl/judgments/482306
481122|2022-09-22|SO|II AKa 137/22|Wyrok|56|https://www.saos.org.pl/judgments/481122
492909|2022-09-15|SO|II AKa 87/22|Wyrok|56|https://www.saos.org.pl/judgments/492909
475641|2022-09-08|SO|II AKa 82/22|Wyrok|56|https://www.saos.org.pl/judgments/475641
486206|2022-08-10|SO|II AKa 155/22|Wyrok|56|https://www.saos.org.pl/judgments/486206
480575|2022-07-28|SO|II AKa 223/21|Wyrok|56|https://www.saos.org.pl/judgments/480575
484733|2022-07-27|SO|II AKa 67/22|Wyrok|56|https://www.saos.org.pl/judgments/484733
482309|2022-07-27|SO|II AKa 94/21|Wyrok|56|https://www.saos.org.pl/judgments/482309
485239|2022-07-21|SO|II AKa 68/22|Wyrok|56|https://www.saos.org.pl/judgments/485239
477794|2022-07-20|SO|II AKa 160/22|Wyrok|56|https://www.saos.org.pl/judgments/477794
485249|2022-07-14|SO|II AKa 92/22|Wyrok|56|https://www.saos.org.pl/judgments/485249
472173|2022-07-08|SO|II AKa 19/22|Wyrok|56|https://www.saos.org.pl/judgments/472173
472172|2022-07-06|SO|II AKa 187/22|Wyrok|56|https://www.saos.org.pl/judgments/472172
492853|2022-07-04|SO|II AKa 105/22|Wyrok|56|https://www.saos.org.pl/judgments/492853
501199|2022-06-30|SO|II AKa 541/21|Wyrok|56|https://www.saos.org.pl/judgments/501199
493501|2022-06-30|SO|I ACa 1273/20|Wyrok|56|https://www.saos.org.pl/judgments/493501
490200|2022-06-30|SO|II AKa 10/22|Wyrok|56|https://www.saos.org.pl/judgments/490200
477809|2022-06-30|SO|II AKa 58/22|Wyrok|56|https://www.saos.org.pl/judgments/477809
523181|2022-06-23|SO|II AKa 64/22|Wyrok|56|https://www.saos.org.pl/judgments/523181
490224|2022-06-23|SO|II AKa 205/19|Wyrok|56|https://www.saos.org.pl/judgments/490224
471857|2022-06-23|SO|II AKa 73/22|Wyrok|56|https://www.saos.org.pl/judgments/471857
471735|2022-06-23|SO|II AKa 197/22|Wyrok|56|https://www.saos.org.pl/judgments/471735
485215|2022-06-21|SO|II AKa 278/21|Wyrok|56|https://www.saos.org.pl/judgments/485215
477098|2022-06-21|SO|II AKa 13/22|Wyrok|56|https://www.saos.org.pl/judgments/477098
489568|2022-06-15|SO|II AKa 38/22|Wyrok|56|https://www.saos.org.pl/judgments/489568
485188|2022-06-15|SO|II AKa 16/22|Wyrok|56|https://www.saos.org.pl/judgments/485188
485237|2022-06-09|SO|II AKa 60/22|Wyrok|56|https://www.saos.org.pl/judgments/485237
490270|2022-06-07|SO|II AKa 47/21|Wyrok|56|https://www.saos.org.pl/judgments/490270
471936|2022-06-07|SO|II AKa 101/22|Wyrok|56|https://www.saos.org.pl/judgments/471936
485222|2022-06-02|SO|II AKa 302/21|Wyrok|56|https://www.saos.org.pl/judgments/485222
471944|2022-06-02|SO|II AKa 45/22|Wyrok|56|https://www.saos.org.pl/judgments/471944
470423|2022-06-01|SO|II AKa 46/22|Wyrok|56|https://www.saos.org.pl/judgments/470423
468373|2022-06-01|SO|II AKa 392/21|Wyrok|56|https://www.saos.org.pl/judgments/468373
479275|2022-05-31|SO|II AKa 98/22|Wyrok|56|https://www.saos.org.pl/judgments/479275
501111|2022-05-27|SO|II AKa 436/21|Wyrok|56|https://www.saos.org.pl/judgments/501111
468484|2022-05-27|SO|I AGa 60/21|Wyrok|56|https://www.saos.org.pl/judgments/468484
501270|2022-05-26|SO|II AKa 73/22|Wyrok|56|https://www.saos.org.pl/judgments/501270
471948|2022-05-25|SO|II AKa 73/21|Wyrok|56|https://www.saos.org.pl/judgments/471948
488944|2022-05-24|SO|II AKa 358/21|Wyrok|56|https://www.saos.org.pl/judgments/488944
473274|2022-05-24|SO|II AKa 29/22|Wyrok|56|https://www.saos.org.pl/judgments/473274
485226|2022-05-19|SO|II AKa 318/21|Wyrok|56|https://www.saos.org.pl/judgments/485226
485210|2022-05-19|SO|II AKa 266/21|Wyrok|56|https://www.saos.org.pl/judgments/485210
485208|2022-05-19|SO|II AKa 256/21|Wyrok|56|https://www.saos.org.pl/judgments/485208
492905|2022-05-18|SO|II AKa 64/22|Wyrok|56|https://www.saos.org.pl/judgments/492905
465268|2022-05-18|SO|II AKa 307/21|Wyrok|56|https://www.saos.org.pl/judgments/465268
468740|2022-05-13|SO|II AKa 35/22|Wyrok|56|https://www.saos.org.pl/judgments/468740
527274|2022-05-06|SO|II AKa 130/22|Wyrok|56|https://www.saos.org.pl/judgments/527274
485220|2022-05-06|SO|II AKa 30/22|Wyrok|56|https://www.saos.org.pl/judgments/485220
469781|2022-05-06|SO|II AKa 213/21|Wyrok|56|https://www.saos.org.pl/judgments/469781
472242|2022-05-05|SO|II AKa 284/21|Wyrok|56|https://www.saos.org.pl/judgments/472242
470416|2022-05-05|SO|II AKa 108/22|Wyrok|56|https://www.saos.org.pl/judgments/470416
466353|2022-05-05|SO|II AKa 22/22|Wyrok|56|https://www.saos.org.pl/judgments/466353
490057|2022-04-28|SO|II AKa 4/22|Wyrok|56|https://www.saos.org.pl/judgments/490057
485203|2022-04-28|SO|II AKa 24/22|Wyrok|56|https://www.saos.org.pl/judgments/485203
472738|2022-04-26|SO|II AKa 269/20|Wyrok|56|https://www.saos.org.pl/judgments/472738
490059|2022-04-22|SO|II AKa 404/21|Wyrok|56|https://www.saos.org.pl/judgments/490059
471749|2022-04-21|SO|II AKa 4/22|Wyrok|56|https://www.saos.org.pl/judgments/471749
468370|2022-04-19|SO|II AKa 14/21|Wyrok|56|https://www.saos.org.pl/judgments/468370
466075|2022-04-14|SO|II AKa 144/21|Wyrok|56|https://www.saos.org.pl/judgments/466075
465721|2022-04-12|SO|II AKa 323/21|Wyrok|56|https://www.saos.org.pl/judgments/465721
468374|2022-04-08|SO|II AKa 84/21|Wyrok|56|https://www.saos.org.pl/judgments/468374
465464|2022-04-08|SO|II AKa 341/21|Wyrok|56|https://www.saos.org.pl/judgments/465464
473271|2022-04-06|SO|II AKa 14/22|Wyrok|56|https://www.saos.org.pl/judgments/473271
465077|2022-04-05|SO|II AKa 79/21|Wyrok|56|https://www.saos.org.pl/judgments/465077
463002|2022-04-05|SO|II AKa 257/20|Wyrok|56|https://www.saos.org.pl/judgments/463002
490255|2022-03-31|SO|II AKa 308/21|Wyrok|56|https://www.saos.org.pl/judgments/490255
490222|2022-03-31|SO|II AKa 2/22|Wyrok|56|https://www.saos.org.pl/judgments/490222
489566|2022-03-31|SO|II AKa 313/21|Wyrok|56|https://www.saos.org.pl/judgments/489566
481258|2022-03-31|SO|II AKa 10/22|Wyrok|56|https://www.saos.org.pl/judgments/481258
471751|2022-03-31|SO|II AKa 42/22|Wyrok|56|https://www.saos.org.pl/judgments/471751
469240|2022-03-31|SO|II AKa 482/21|Wyrok|56|https://www.saos.org.pl/judgments/469240
477075|2022-03-30|SO|I ACa 983/21|Wyrok|56|https://www.saos.org.pl/judgments/477075
471737|2022-03-25|SO|II AKa 232/20|Wyrok|56|https://www.saos.org.pl/judgments/471737
466087|2022-03-24|SO|II AKa 314/21|Wyrok|56|https://www.saos.org.pl/judgments/466087
490259|2022-03-23|SO|II AKa 334/21|Wyrok|56|https://www.saos.org.pl/judgments/490259
464579|2022-03-21|SO|II AKa 263/21|Wyrok|56|https://www.saos.org.pl/judgments/464579
490230|2022-03-17|SO|II AKa 224/21|Wyrok|56|https://www.saos.org.pl/judgments/490230
465467|2022-03-16|SO|II AKa 401/21|Wyrok|56|https://www.saos.org.pl/judgments/465467
463983|2022-03-16|SO|II AKa 447/21|Wyrok|56|https://www.saos.org.pl/judgments/463983
487206|2022-03-03|SO|II AKa 37/21|Wyrok|56|https://www.saos.org.pl/judgments/487206
481267|2022-03-03|SO|II AKa 292/21|Wyrok|56|https://www.saos.org.pl/judgments/481267
469605|2022-03-03|SO|II AKa 436/21|Wyrok|56|https://www.saos.org.pl/judgments/469605
465452|2022-03-03|SO|II AKa 15/21|Wyrok|56|https://www.saos.org.pl/judgments/465452
500401|2022-03-02|SO|II AKa 1/22|Wyrok|56|https://www.saos.org.pl/judgments/500401
462059|2022-03-02|SO|II AKa 391/20|Wyrok|56|https://www.saos.org.pl/judgments/462059
465465|2022-02-25|SO|II AKa 382/21|Wyrok|56|https://www.saos.org.pl/judgments/465465
463855|2022-02-25|SO|II AKa 52/21|Wyrok|56|https://www.saos.org.pl/judgments/463855
494960|2022-02-24|SO|I AGa 221/18|Wyrok|56|https://www.saos.org.pl/judgments/494960
464578|2022-02-24|SO|II AKa 253/21|Wyrok|56|https://www.saos.org.pl/judgments/464578
463969|2022-02-22|SO|II AKa 155/21|Wyrok|56|https://www.saos.org.pl/judgments/463969
459657|2022-02-21|SO|II AKa 188/21|Wyrok|56|https://www.saos.org.pl/judgments/459657
490263|2022-02-17|SO|II AKa 338/21|Wyrok|56|https://www.saos.org.pl/judgments/490263
481012|2022-02-16|SO|II AKa 152/21|Wyrok|56|https://www.saos.org.pl/judgments/481012
465646|2022-02-14|SO|II AKa 323/20|Wyrok|56|https://www.saos.org.pl/judgments/465646
460444|2022-02-10|SO|II AKa 216/21|Wyrok|56|https://www.saos.org.pl/judgments/460444
523160|2022-02-03|SO|II AKa 351/21|Wyrok|56|https://www.saos.org.pl/judgments/523160
489102|2022-01-27|SO|II AKa 475/21|Wyrok|56|https://www.saos.org.pl/judgments/489102
460464|2022-01-27|SO|II AKa 324/21|Wyrok|56|https://www.saos.org.pl/judgments/460464
460442|2022-01-27|SO|II AKa 207/21|Wyrok|56|https://www.saos.org.pl/judgments/460442
459666|2022-01-27|SO|II AKa 362/21|Wyrok|56|https://www.saos.org.pl/judgments/459666
492912|2022-01-20|SO|II AKa 91/21|Wyrok|56|https://www.saos.org.pl/judgments/492912
490061|2022-01-20|SO|II AKa 462/21|Wyrok|56|https://www.saos.org.pl/judgments/490061
482900|2022-01-13|SO|II AKa 374/21|Wyrok|56|https://www.saos.org.pl/judgments/482900
460437|2022-01-13|SO|II AKa 197/21|Wyrok|56|https://www.saos.org.pl/judgments/460437
458990|2022-01-13|SO|II AKa 92/21|Wyrok|56|https://www.saos.org.pl/judgments/458990
460468|2022-01-11|SO|II AKa 331/21|Wyrok|56|https://www.saos.org.pl/judgments/460468
455633|2022-01-10|SO|II AKa 212/21|Wyrok|56|https://www.saos.org.pl/judgments/455633
465828|2021-12-29|SO|II AKa 345/21|Wyrok|56|https://www.saos.org.pl/judgments/465828
457359|2021-12-23|SO|II AKa 137/21|Wyrok|56|https://www.saos.org.pl/judgments/457359
460476|2021-12-22|SO|II AKa 77/21|Wyrok|56|https://www.saos.org.pl/judgments/460476
460454|2021-12-22|SO|II AKa 284/21|Wyrok|56|https://www.saos.org.pl/judgments/460454
460436|2021-12-22|SO|II AKa 165/21|Wyrok|56|https://www.saos.org.pl/judgments/460436
460233|2021-12-22|SO|II AKa 160/21|Wyrok|56|https://www.saos.org.pl/judgments/460233
482898|2021-12-16|SO|II AKa 275/21|Wyrok|56|https://www.saos.org.pl/judgments/482898
459655|2021-12-16|SO|II AKa 18/21|Wyrok|56|https://www.saos.org.pl/judgments/459655
455868|2021-12-15|SO|II AKa 242/21|Wyrok|56|https://www.saos.org.pl/judgments/455868
500863|2021-12-08|SO|II AKa 288/20|Wyrok|56|https://www.saos.org.pl/judgments/500863
455537|2021-12-08|SO|II AKa 296/21|Wyrok|56|https://www.saos.org.pl/judgments/455537
459654|2021-12-07|SO|II AKa 15/21|Wyrok|56|https://www.saos.org.pl/judgments/459654
461985|2021-12-02|SO|II AKa 169/21|Wyrok|56|https://www.saos.org.pl/judgments/461985
487196|2021-11-29|SO|II AKa 168/21|Wyrok|56|https://www.saos.org.pl/judgments/487196
455542|2021-11-25|SO|II AKa 365/21|Wyrok|56|https://www.saos.org.pl/judgments/455542
455539|2021-11-24|SO|II AKa 312/21|Wyrok|56|https://www.saos.org.pl/judgments/455539
455866|2021-11-17|SO|II AKa 230/21|Wyrok|56|https://www.saos.org.pl/judgments/455866
455555|2021-11-10|SO|II AKa 95/21|Wyrok|56|https://www.saos.org.pl/judgments/455555
451793|2021-11-09|SO|II AKa 249/21|Wyrok|56|https://www.saos.org.pl/judgments/451793
500963|2021-11-05|SO|II AKa 329/21|Wyrok|56|https://www.saos.org.pl/judgments/500963
467854|2021-11-05|SO|II AKa 219/21|Wyrok|56|https://www.saos.org.pl/judgments/467854
454683|2021-11-05|SO|I ACa 618/20|Wyrok|56|https://www.saos.org.pl/judgments/454683
449980|2021-10-28|SO|II AKa 198/21|Wyrok|56|https://www.saos.org.pl/judgments/449980
455617|2021-10-27|SO|II AKa 105/21|Wyrok|56|https://www.saos.org.pl/judgments/455617
453514|2021-10-26|SO|II AKa 342/20|Wyrok|56|https://www.saos.org.pl/judgments/453514
455641|2021-10-14|SO|II AKa 251/21|Wyrok|56|https://www.saos.org.pl/judgments/455641
491370|2021-10-13|SO|II AKa 216/20|Wyrok|56|https://www.saos.org.pl/judgments/491370
453254|2021-10-12|SO|II AKa 136/20|Wyrok|56|https://www.saos.org.pl/judgments/453254
542215|2021-10-11|SO|II AKa 150/21|Wyrok|56|https://www.saos.org.pl/judgments/542215
457564|2021-10-11|SO|II AKa 148/20|Wyrok|56|https://www.saos.org.pl/judgments/457564
449713|2021-10-11|SO|II AKa 23/21|Wyrok|56|https://www.saos.org.pl/judgments/449713
464572|2021-09-30|SO|II AKa 113/21|Wyrok|56|https://www.saos.org.pl/judgments/464572
455637|2021-09-30|SO|II AKa 229/21|Wyrok|56|https://www.saos.org.pl/judgments/455637
489860|2021-09-28|SO|II AKa 146/21|Wyrok|56|https://www.saos.org.pl/judgments/489860
453515|2021-09-28|SO|II AKa 390/20|Wyrok|56|https://www.saos.org.pl/judgments/453515
453004|2021-09-27|SO|II AKa 234/20|Wyrok|56|https://www.saos.org.pl/judgments/453004
449979|2021-09-27|SO|II AKa 179/21|Wyrok|56|https://www.saos.org.pl/judgments/449979
448947|2021-09-27|SO|II AKa 365/19|Wyrok|56|https://www.saos.org.pl/judgments/448947
500557|2021-09-24|SO|II AKa 169/21|Wyrok|56|https://www.saos.org.pl/judgments/500557
470208|2021-09-24|SO|II AKa 317/21|Wyrok|56|https://www.saos.org.pl/judgments/470208
481259|2021-09-23|SO|II AKa 168/21|Wyrok|56|https://www.saos.org.pl/judgments/481259
472084|2021-09-23|SO|II AKa 156/21|Wyrok|56|https://www.saos.org.pl/judgments/472084
454923|2021-09-13|SO|II AKa 164/21|Wyrok|56|https://www.saos.org.pl/judgments/454923
455636|2021-09-02|SO|II AKa 222/21|Wyrok|56|https://www.saos.org.pl/judgments/455636
449065|2021-08-12|SO|II AKa 258/20|Wyrok|56|https://www.saos.org.pl/judgments/449065
447492|2021-08-12|SO|II AKa 245/20|Wyrok|56|https://www.saos.org.pl/judgments/447492
462178|2021-08-03|SO|II AKa 111/21|Wyrok|56|https://www.saos.org.pl/judgments/462178
455549|2021-07-29|SO|II AKa 63/20|Wyrok|56|https://www.saos.org.pl/judgments/455549
455548|2021-07-29|SO|II AKa 63/20|Wyrok|56|https://www.saos.org.pl/judgments/455548
449985|2021-07-29|SO|II AKa 338/20|Wyrok|56|https://www.saos.org.pl/judgments/449985
453258|2021-07-22|SO|II AKa 193/20|Wyrok|56|https://www.saos.org.pl/judgments/453258
452597|2021-07-22|SO|II AKa 66/21|Wyrok|56|https://www.saos.org.pl/judgments/452597
446760|2021-07-22|SO|II AKa 81/21|Wyrok|56|https://www.saos.org.pl/judgments/446760
477806|2021-07-15|SO|II AKa 49/21|Wyrok|56|https://www.saos.org.pl/judgments/477806
444736|2021-07-08|SO|II AKa 313/20|Wyrok|56|https://www.saos.org.pl/judgments/444736
470215|2021-07-07|SO|II AKa 91/21|Wyrok|56|https://www.saos.org.pl/judgments/470215
449983|2021-07-01|SO|II AKa 243/20|Wyrok|56|https://www.saos.org.pl/judgments/449983
449978|2021-07-01|SO|II AKa 161/20|Wyrok|56|https://www.saos.org.pl/judgments/449978
444363|2021-07-01|SO|II AKa 69/20|Wyrok|56|https://www.saos.org.pl/judgments/444363
447599|2021-06-29|SO|II AKa 81/21|Wyrok|56|https://www.saos.org.pl/judgments/447599
442487|2021-06-25|SO|II AKa 113/21|Wyrok|56|https://www.saos.org.pl/judgments/442487
461780|2021-06-24|SO|II AKa 150/21|Wyrok|56|https://www.saos.org.pl/judgments/461780
444702|2021-06-24|SO|II AKa 27/21|Wyrok|56|https://www.saos.org.pl/judgments/444702
444065|2021-06-24|SO|II AKa 165/21|Wyrok|56|https://www.saos.org.pl/judgments/444065
449876|2021-06-23|SO|II AKa 316/20|Wyrok|56|https://www.saos.org.pl/judgments/449876
449315|2021-06-23|SO|II AKa 87/21|Wyrok|56|https://www.saos.org.pl/judgments/449315
443868|2021-06-23|SO|II AKa 400/19|Wyrok|56|https://www.saos.org.pl/judgments/443868
444819|2021-06-16|SO|II AKa 119/21|Wyrok|56|https://www.saos.org.pl/judgments/444819
473492|2021-06-15|SO|II AKa 98/21|Wyrok|56|https://www.saos.org.pl/judgments/473492
445202|2021-06-09|SO|II AKa 253/20|Wyrok|56|https://www.saos.org.pl/judgments/445202
446864|2021-06-08|SO|II AKa 94/21|Wyrok|56|https://www.saos.org.pl/judgments/446864
444350|2021-06-02|SO|II AKa 114/21|Wyrok|56|https://www.saos.org.pl/judgments/444350
444085|2021-06-02|SO|II AKa 87/21|Wyrok|56|https://www.saos.org.pl/judgments/444085
441784|2021-05-27|SO|II AKa 34/21|Wyrok|56|https://www.saos.org.pl/judgments/441784
441781|2021-05-27|SO|II AKa 22/21|Wyrok|56|https://www.saos.org.pl/judgments/441781
444084|2021-05-26|SO|II AKa 78/21|Wyrok|56|https://www.saos.org.pl/judgments/444084
444075|2021-05-26|SO|II AKa 37/20|Wyrok|56|https://www.saos.org.pl/judgments/444075
443089|2021-05-26|SO|II AKa 115/21|Wyrok|56|https://www.saos.org.pl/judgments/443089
444066|2021-05-20|SO|II AKa 175/20|Wyrok|56|https://www.saos.org.pl/judgments/444066
442026|2021-05-20|SO|II AKa 319/20|Wyrok|56|https://www.saos.org.pl/judgments/442026
444829|2021-05-19|SO|II AKa 8/21|Wyrok|56|https://www.saos.org.pl/judgments/444829
492864|2021-05-13|SO|II AKa 164/20|Wyrok|56|https://www.saos.org.pl/judgments/492864
452328|2021-05-13|SO|II AKa 114/20|Wyrok|56|https://www.saos.org.pl/judgments/452328
447598|2021-05-13|SO|II AKa 67/21|Wyrok|56|https://www.saos.org.pl/judgments/447598
442491|2021-05-13|SO|II AKa 59/21|Wyrok|56|https://www.saos.org.pl/judgments/442491
442017|2021-05-13|SO|II AKa 125/20|Wyrok|56|https://www.saos.org.pl/judgments/442017
439939|2021-05-13|SO|II AKa 318/20|Wyrok|56|https://www.saos.org.pl/judgments/439939
473489|2021-04-29|SO|II AKa 38/21|Wyrok|56|https://www.saos.org.pl/judgments/473489
443090|2021-04-27|SO|II AKa 174/20|Wyrok|56|https://www.saos.org.pl/judgments/443090
445492|2021-04-22|SO|II AKa 416/20|Wyrok|56|https://www.saos.org.pl/judgments/445492
444821|2021-04-22|SO|II AKa 16/21|Wyrok|56|https://www.saos.org.pl/judgments/444821
438401|2021-04-21|SO|II AKa 50/21|Wyrok|56|https://www.saos.org.pl/judgments/438401
447495|2021-04-20|SO|II AKa 385/20|Wyrok|56|https://www.saos.org.pl/judgments/447495
442613|2021-04-16|SO|II AKa 19/21|Wyrok|56|https://www.saos.org.pl/judgments/442613
447593|2021-04-15|SO|II AKa 26/20|Wyrok|56|https://www.saos.org.pl/judgments/447593
442619|2021-04-15|SO|II AKa 62/21|Wyrok|56|https://www.saos.org.pl/judgments/442619
444824|2021-04-08|SO|II AKa 265/20|Wyrok|56|https://www.saos.org.pl/judgments/444824
440847|2021-04-08|SO|II AKa 322/19|Wyrok|56|https://www.saos.org.pl/judgments/440847
439551|2021-04-08|SO|II AKa 65/21|Wyrok|56|https://www.saos.org.pl/judgments/439551
439547|2021-04-08|SO|II AKa 41/21|Wyrok|56|https://www.saos.org.pl/judgments/439547
439928|2021-04-07|SO|II AKa 17/21|Wyrok|56|https://www.saos.org.pl/judgments/439928
439548|2021-04-07|SO|II AKa 51/21|Wyrok|56|https://www.saos.org.pl/judgments/439548
438367|2021-03-29|SO|II AKa 206/19|Wyrok|56|https://www.saos.org.pl/judgments/438367
438388|2021-03-26|SO|II AKa 348/20|Wyrok|56|https://www.saos.org.pl/judgments/438388
438395|2021-03-25|SO|II AKa 403/20|Wyrok|56|https://www.saos.org.pl/judgments/438395
445097|2021-03-23|SO|II AKa 185/20|Wyrok|56|https://www.saos.org.pl/judgments/445097
442109|2021-03-23|SO|II AKa 238/20|Wyrok|56|https://www.saos.org.pl/judgments/442109
439943|2021-03-23|SO|II AKa 389/20|Wyrok|56|https://www.saos.org.pl/judgments/439943
440311|2021-03-16|SO|II AKa 397/19|Wyrok|56|https://www.saos.org.pl/judgments/440311
438365|2021-03-11|SO|II AKa 189/19|Wyrok|56|https://www.saos.org.pl/judgments/438365
438369|2021-03-08|SO|II AKa 210/20|Wyrok|56|https://www.saos.org.pl/judgments/438369
438372|2021-03-05|SO|II AKa 226/19|Wyrok|56|https://www.saos.org.pl/judgments/438372
438377|2021-03-04|SO|II AKa 284/20|Wyrok|56|https://www.saos.org.pl/judgments/438377
438366|2021-03-04|SO|II AKa 20/21|Wyrok|56|https://www.saos.org.pl/judgments/438366
492869|2021-03-03|SO|II AKa 185/20|Wyrok|56|https://www.saos.org.pl/judgments/492869
433714|2021-03-03|SO|II AKa 281/20|Wyrok|56|https://www.saos.org.pl/judgments/433714
444967|2021-02-24|SO|II AKa 92/19|Wyrok|56|https://www.saos.org.pl/judgments/444967
435828|2021-02-24|SO|II AKa 278/19|Wyrok|56|https://www.saos.org.pl/judgments/435828
433716|2021-02-24|SO|II AKa 309/20|Wyrok|56|https://www.saos.org.pl/judgments/433716
433713|2021-02-24|SO|II AKa 255/20|Wyrok|56|https://www.saos.org.pl/judgments/433713
436411|2021-02-23|SO|II AKa 238/20|Wyrok|56|https://www.saos.org.pl/judgments/436411
438389|2021-02-22|SO|II AKa 352/20|Wyrok|56|https://www.saos.org.pl/judgments/438389
452543|2021-02-18|SO|II AKa 130/20|Wyrok|56|https://www.saos.org.pl/judgments/452543
438353|2021-02-17|SO|II AKa 12/21|Wyrok|56|https://www.saos.org.pl/judgments/438353
433719|2021-02-17|SO|II AKa 70/20|Wyrok|56|https://www.saos.org.pl/judgments/433719
434512|2021-02-16|SO|II AKa 399/19|Wyrok|56|https://www.saos.org.pl/judgments/434512
432309|2021-02-11|SO|II AKa 82/20|Wyrok|56|https://www.saos.org.pl/judgments/432309
432711|2021-02-09|SO|II AKa 26/20|Wyrok|56|https://www.saos.org.pl/judgments/432711
438673|2021-02-04|SO|V ACa 609/20|Wyrok|56|https://www.saos.org.pl/judgments/438673
433711|2021-02-03|SO|II AKa 209/20|Wyrok|56|https://www.saos.org.pl/judgments/433711
449103|2021-01-27|SO|II AKa 274/20|Wyrok|56|https://www.saos.org.pl/judgments/449103
433206|2021-01-27|SO|II AKa 341/19|Wyrok|56|https://www.saos.org.pl/judgments/433206
431504|2021-01-25|SO|II AKa 109/20|Wyrok|56|https://www.saos.org.pl/judgments/431504
472555|2021-01-21|SO|II AKa 170/20|Wyrok|56|https://www.saos.org.pl/judgments/472555
442027|2021-01-21|SO|II AKa 334/20|Wyrok|56|https://www.saos.org.pl/judgments/442027
440309|2021-01-21|SO|II AKa 307/20|Wyrok|56|https://www.saos.org.pl/judgments/440309
433709|2021-01-21|SO|II AKa 174/19|Wyrok|56|https://www.saos.org.pl/judgments/433709
439929|2021-01-20|SO|II AKa 182/20|Wyrok|56|https://www.saos.org.pl/judgments/439929
432304|2021-01-18|SO|II AKa 139/20|Wyrok|56|https://www.saos.org.pl/judgments/432304
465269|2021-01-14|SO|II AKa 329/20|Wyrok|56|https://www.saos.org.pl/judgments/465269
431514|2021-01-12|SO|II AKa 314/20|Wyrok|56|https://www.saos.org.pl/judgments/431514
430994|2021-01-12|SO|I ACa 830/19|Wyrok|56|https://www.saos.org.pl/judgments/430994
429499|2020-12-18|SO|II AKa 277/20|Wyrok|56|https://www.saos.org.pl/judgments/429499
433205|2020-12-17|SO|II AKa 277/20|Wyrok|56|https://www.saos.org.pl/judgments/433205
431522|2020-12-17|SO|II AKa 80/20|Wyrok|56|https://www.saos.org.pl/judgments/431522
430523|2020-12-17|SO|II AKa 273/20|Wyrok|56|https://www.saos.org.pl/judgments/430523
431509|2020-12-16|SO|II AKa 230/20|Wyrok|56|https://www.saos.org.pl/judgments/431509
430922|2020-12-16|SO|II AKa 409/19|Wyrok|56|https://www.saos.org.pl/judgments/430922
430530|2020-12-16|SO|II AKa 65/20|Wyrok|56|https://www.saos.org.pl/judgments/430530
430515|2020-12-16|SO|II AKa 172/20|Wyrok|56|https://www.saos.org.pl/judgments/430515
448519|2020-12-14|SO|I ACa 10/20|Wyrok|56|https://www.saos.org.pl/judgments/448519
431188|2020-12-14|SO|II AKa 106/20|Wyrok|56|https://www.saos.org.pl/judgments/431188
429117|2020-12-14|SO|II AKa 167/20|Wyrok|56|https://www.saos.org.pl/judgments/429117
460452|2020-12-10|SO|II AKa 262/20|Wyrok|56|https://www.saos.org.pl/judgments/460452
430528|2020-12-09|SO|II AKa 47/20|Wyrok|56|https://www.saos.org.pl/judgments/430528
432014|2020-12-08|SO|II AKa 107/20|Wyrok|56|https://www.saos.org.pl/judgments/432014
430531|2020-12-03|SO|II AKa 74/20|Wyrok|56|https://www.saos.org.pl/judgments/430531
428322|2020-12-03|SO|II AKa 161/20|Wyrok|56|https://www.saos.org.pl/judgments/428322
485093|2020-11-30|SO|II AKa 65/19|Wyrok|56|https://www.saos.org.pl/judgments/485093
467402|2020-11-26|SO|II AKa 302/20|Wyrok|56|https://www.saos.org.pl/judgments/467402
433876|2020-11-24|SO|II AKa 103/20|Wyrok|56|https://www.saos.org.pl/judgments/433876
434513|2020-11-19|SO|II AKa 496/18|Wyrok|56|https://www.saos.org.pl/judgments/434513
430525|2020-11-19|SO|II AKa 416/19|Wyrok|56|https://www.saos.org.pl/judgments/430525
426772|2020-11-19|SO|II AKa 227/20|Wyrok|56|https://www.saos.org.pl/judgments/426772
430513|2020-11-18|SO|II AKa 154/20|Wyrok|56|https://www.saos.org.pl/judgments/430513
427774|2020-11-17|SO|II AKa 42/20|Wyrok|56|https://www.saos.org.pl/judgments/427774
492898|2020-11-12|SO|II AKa 39/20|Wyrok|56|https://www.saos.org.pl/judgments/492898
432645|2020-11-12|SO|I ACa 181/20|Wyrok|56|https://www.saos.org.pl/judgments/432645
427379|2020-11-12|SO|II AKa 217/18|Wyrok|56|https://www.saos.org.pl/judgments/427379
457394|2020-11-09|SO|II AKa 66/20|Wyrok|56|https://www.saos.org.pl/judgments/457394
429909|2020-11-06|SO|II AKa 141/20|Wyrok|56|https://www.saos.org.pl/judgments/429909
452333|2020-11-05|SO|II AKa 149/20|Wyrok|56|https://www.saos.org.pl/judgments/452333
427160|2020-11-05|SO|II AKa 8/20|Wyrok|56|https://www.saos.org.pl/judgments/427160
425306|2020-11-05|SO|II AKa 61/20|Wyrok|56|https://www.saos.org.pl/judgments/425306
428324|2020-11-03|SO|II AKa 371/18|Wyrok|56|https://www.saos.org.pl/judgments/428324
427157|2020-11-03|SO|II AKa 124/20|Wyrok|56|https://www.saos.org.pl/judgments/427157
425298|2020-11-03|SO|II AKa 119/20|Wyrok|56|https://www.saos.org.pl/judgments/425298
426781|2020-11-02|SO|II AKa 70/20|Wyrok|56|https://www.saos.org.pl/judgments/426781
460471|2020-10-29|SO|II AKa 38/20|Wyrok|56|https://www.saos.org.pl/judgments/460471
425194|2020-10-29|SO|II AKa 181/20|Wyrok|56|https://www.saos.org.pl/judgments/425194
425189|2020-10-28|SO|II AKa 101/20|Wyrok|56|https://www.saos.org.pl/judgments/425189
431343|2020-10-27|SO|I ACa 585/19|Wyrok|56|https://www.saos.org.pl/judgments/431343
436578|2020-10-26|SO|II AKa 167/20|Wyrok|56|https://www.saos.org.pl/judgments/436578
500699|2020-10-23|SO|II AKa 230/20|Wyrok|56|https://www.saos.org.pl/judgments/500699
425124|2020-10-23|SO|II AKa 175/20|Wyrok|56|https://www.saos.org.pl/judgments/425124
461785|2020-10-22|SO|II AKa 258/20|Wyrok|56|https://www.saos.org.pl/judgments/461785
425305|2020-10-21|SO|II AKa 439/19|Wyrok|56|https://www.saos.org.pl/judgments/425305
500981|2020-10-16|SO|II AKa 34/20|Wyrok|56|https://www.saos.org.pl/judgments/500981
425203|2020-10-14|SO|II AKa 379/19|Wyrok|56|https://www.saos.org.pl/judgments/425203
425199|2020-10-14|SO|II AKa 27/20|Wyrok|56|https://www.saos.org.pl/judgments/425199
425299|2020-10-12|SO|II AKa 20/20|Wyrok|56|https://www.saos.org.pl/judgments/425299
434511|2020-10-08|SO|II AKa 271/18|Wyrok|56|https://www.saos.org.pl/judgments/434511
424284|2020-10-05|SO|II AKa 160/20|Wyrok|56|https://www.saos.org.pl/judgments/424284
425123|2020-10-01|SO|II AKa 126/20|Wyrok|56|https://www.saos.org.pl/judgments/425123
424144|2020-10-01|SO|II AKa 407/19|Wyrok|56|https://www.saos.org.pl/judgments/424144
438396|2020-09-30|SO|II AKa 404/19|Wyrok|56|https://www.saos.org.pl/judgments/438396
426973|2020-09-30|SO|II AKa 124/20|Wyrok|56|https://www.saos.org.pl/judgments/426973
433435|2020-09-29|SO|II AKa 632/19|Wyrok|56|https://www.saos.org.pl/judgments/433435
465279|2020-09-25|SO|II AKa 76/20|Wyrok|56|https://www.saos.org.pl/judgments/465279
465278|2020-09-25|SO|II AKa 76/20|Wyrok|56|https://www.saos.org.pl/judgments/465278
465277|2020-09-25|SO|II AKa 76/20|Wyrok|56|https://www.saos.org.pl/judgments/465277
465276|2020-09-25|SO|II AKa 76/20|Wyrok|56|https://www.saos.org.pl/judgments/465276
465275|2020-09-25|SO|II AKa 76/20|Wyrok|56|https://www.saos.org.pl/judgments/465275
465274|2020-09-25|SO|II AKa 76/20|Wyrok|56|https://www.saos.org.pl/judgments/465274
465273|2020-09-25|SO|II AKa 76/20|Wyrok|56|https://www.saos.org.pl/judgments/465273
452332|2020-09-24|SO|II AKa 128/20|Wyrok|56|https://www.saos.org.pl/judgments/452332
425304|2020-09-24|SO|II AKa 425/19|Wyrok|56|https://www.saos.org.pl/judgments/425304
424291|2020-09-22|SO|II AKa 362/19|Wyrok|56|https://www.saos.org.pl/judgments/424291
465719|2020-09-17|SO|II AKa 280/20|Wyrok|56|https://www.saos.org.pl/judgments/465719
461792|2020-09-17|SO|II AKa 92/20|Wyrok|56|https://www.saos.org.pl/judgments/461792
457963|2020-09-17|SO|II AKa 280/20|Wyrok|56|https://www.saos.org.pl/judgments/457963
433421|2020-09-17|SO|II AKa 141/20|Wyrok|56|https://www.saos.org.pl/judgments/433421
424137|2020-09-17|SO|II AKa 190/20|Wyrok|56|https://www.saos.org.pl/judgments/424137
424716|2020-09-16|SO|II AKa 89/20|Wyrok|56|https://www.saos.org.pl/judgments/424716
453013|2020-09-15|SO|II AKa 94/20|Wyrok|56|https://www.saos.org.pl/judgments/453013
536547|2020-09-10|SO|II AKa 173/20|Wyrok|56|https://www.saos.org.pl/judgments/536547
423838|2020-08-31|SO|II AKa 394/19|Wyrok|56|https://www.saos.org.pl/judgments/423838
423005|2020-08-27|SO|II AKa 193/19|Wyrok|56|https://www.saos.org.pl/judgments/423005
472554|2020-08-20|SO|II AKa 145/20|Wyrok|56|https://www.saos.org.pl/judgments/472554
425478|2020-08-20|SO|II AKa 113/20|Wyrok|56|https://www.saos.org.pl/judgments/425478
492883|2020-08-12|SO|II AKa 249/19|Wyrok|56|https://www.saos.org.pl/judgments/492883
418887|2020-08-12|SO|II AKa 129/20|Wyrok|56|https://www.saos.org.pl/judgments/418887
418327|2020-08-05|SO|II AKa 93/20|Wyrok|56|https://www.saos.org.pl/judgments/418327
425308|2020-08-04|SO|II AKa 67/20|Wyrok|56|https://www.saos.org.pl/judgments/425308
419722|2020-08-04|SO|II AKa 296/19|Wyrok|56|https://www.saos.org.pl/judgments/419722
420529|2020-07-24|SO|II AKa 338/19|Wyrok|56|https://www.saos.org.pl/judgments/420529
420609|2020-07-23|SO|II AKa 159/20|Wyrok|56|https://www.saos.org.pl/judgments/420609
417428|2020-07-23|SO|II AKa 157/20|Wyrok|56|https://www.saos.org.pl/judgments/417428
422695|2020-07-20|SO|II AKa 83/20|Wyrok|56|https://www.saos.org.pl/judgments/422695
426027|2020-07-15|SO|I ACa 1219/18|Wyrok|56|https://www.saos.org.pl/judgments/426027
433434|2020-07-14|SO|II AKa 61/20|Wyrok|56|https://www.saos.org.pl/judgments/433434
442620|2020-07-09|SO|II AKa 79/20|Wyrok|56|https://www.saos.org.pl/judgments/442620
417438|2020-07-09|SO|II AKa 92/20|Wyrok|56|https://www.saos.org.pl/judgments/417438
421463|2020-07-07|SO|II AKa 35/20|Wyrok|56|https://www.saos.org.pl/judgments/421463
419719|2020-07-07|SO|II AKa 183/19|Wyrok|56|https://www.saos.org.pl/judgments/419719
427773|2020-06-30|SO|II AKa 406/19|Wyrok|56|https://www.saos.org.pl/judgments/427773
417424|2020-06-30|SO|II AKa 100/20|Wyrok|56|https://www.saos.org.pl/judgments/417424
465041|2020-06-26|SO|I ACa 736/19|Wyrok|56|https://www.saos.org.pl/judgments/465041
418163|2020-06-26|SO|II AKa 90/20|Wyrok|56|https://www.saos.org.pl/judgments/418163
418162|2020-06-26|SO|II AKa 76/20|Wyrok|56|https://www.saos.org.pl/judgments/418162
417425|2020-06-25|SO|II AKa 109/20|Wyrok|56|https://www.saos.org.pl/judgments/417425
443865|2020-06-24|SO|II AKa 24/20|Wyrok|56|https://www.saos.org.pl/judgments/443865
421461|2020-06-24|SO|II AKa 30/20|Wyrok|56|https://www.saos.org.pl/judgments/421461
419247|2020-06-19|SO|II AKa 44/20|Wyrok|56|https://www.saos.org.pl/judgments/419247
419726|2020-06-17|SO|II AKa 64/20|Wyrok|56|https://www.saos.org.pl/judgments/419726
424253|2020-06-10|SO|II AKa 243/19|Wyrok|56|https://www.saos.org.pl/judgments/424253
417435|2020-06-10|SO|II AKa 55/20|Wyrok|56|https://www.saos.org.pl/judgments/417435
418160|2020-06-09|SO|II AKa 6/20|Wyrok|56|https://www.saos.org.pl/judgments/418160
414173|2020-06-09|SO|II AKa 103/20|Wyrok|56|https://www.saos.org.pl/judgments/414173
442616|2020-06-08|SO|II AKa 242/19|Wyrok|56|https://www.saos.org.pl/judgments/442616
421457|2020-06-04|SO|II AKa 25/20|Wyrok|56|https://www.saos.org.pl/judgments/421457
419244|2020-06-04|SO|II AKa 30/20|Wyrok|56|https://www.saos.org.pl/judgments/419244
417433|2020-06-02|SO|II AKa 45/20|Wyrok|56|https://www.saos.org.pl/judgments/417433
427384|2020-05-21|SO|II AKa 6/20|Wyrok|56|https://www.saos.org.pl/judgments/427384
421228|2020-05-21|SO|II AKa 253/18|Wyrok|56|https://www.saos.org.pl/judgments/421228
413666|2020-03-16|SO|II AKa 376/19|Wyrok|56|https://www.saos.org.pl/judgments/413666
420611|2020-03-12|SO|II AKa 421/19|Wyrok|56|https://www.saos.org.pl/judgments/420611
419243|2020-03-12|SO|II AKa 249/19|Wyrok|56|https://www.saos.org.pl/judgments/419243
411268|2020-03-12|SO|II AKa 441/19|Wyrok|56|https://www.saos.org.pl/judgments/411268
416609|2020-03-11|SO|II AKa 461/19|Wyrok|56|https://www.saos.org.pl/judgments/416609
411257|2020-03-11|SO|II AKa 203/19|Wyrok|56|https://www.saos.org.pl/judgments/411257
434339|2020-03-09|SO|II AKa 424/18|Wyrok|56|https://www.saos.org.pl/judgments/434339
413659|2020-03-06|SO|II AKa 191/19|Wyrok|56|https://www.saos.org.pl/judgments/413659
419248|2020-03-05|SO|II AKa 7/20|Wyrok|56|https://www.saos.org.pl/judgments/419248
412199|2020-03-05|SO|II AKa 239/18|Wyrok|56|https://www.saos.org.pl/judgments/412199
410779|2020-03-05|SO|II AKa 410/19|Wyrok|56|https://www.saos.org.pl/judgments/410779
437674|2020-03-04|SO|I ACa 329/19|Wyrok|56|https://www.saos.org.pl/judgments/437674
412461|2020-03-03|SO|II AKa 254/19|Wyrok|56|https://www.saos.org.pl/judgments/412461
412365|2020-03-03|SO|II AKa 29/18|Wyrok|56|https://www.saos.org.pl/judgments/412365
525307|2020-03-02|SO|II AKa 474/19|Wyrok|56|https://www.saos.org.pl/judgments/525307
407827|2020-02-27|SO|II AKa 627/19|Wyrok|56|https://www.saos.org.pl/judgments/407827
414177|2020-02-26|SO|II AKa 243/19|Wyrok|56|https://www.saos.org.pl/judgments/414177
409166|2020-02-26|SO|II AKa 251/19|Wyrok|56|https://www.saos.org.pl/judgments/409166
415725|2020-02-20|SO|II AKa 475/18|Wyrok|56|https://www.saos.org.pl/judgments/415725
412462|2020-02-19|SO|II AKa 325/19|Wyrok|56|https://www.saos.org.pl/judgments/412462
501242|2020-02-14|SO|II AKa 641/19|Wyrok|56|https://www.saos.org.pl/judgments/501242
425819|2020-02-12|SO|II AKa 50/19|Wyrok|56|https://www.saos.org.pl/judgments/425819
409354|2020-02-05|SO|II AKa 388/19|Wyrok|56|https://www.saos.org.pl/judgments/409354
472108|2020-01-31|SO|II AKa 596/19|Wyrok|56|https://www.saos.org.pl/judgments/472108
409162|2020-01-29|SO|II AKa 178/19|Wyrok|56|https://www.saos.org.pl/judgments/409162
408753|2020-01-27|SO|I ACa 701/17|Wyrok|56|https://www.saos.org.pl/judgments/408753
413289|2020-01-23|SO|II AKa 251/19|Wyrok|56|https://www.saos.org.pl/judgments/413289
405209|2020-01-23|SO|II AKa 405/19|Wyrok|56|https://www.saos.org.pl/judgments/405209
403903|2020-01-23|SO|II AKa 412/19|Wyrok|56|https://www.saos.org.pl/judgments/403903
403902|2020-01-22|SO|II AKa 404/19|Wyrok|56|https://www.saos.org.pl/judgments/403902
411085|2020-01-20|SO|II AKa 416/18|Wyrok|56|https://www.saos.org.pl/judgments/411085
457971|2020-01-08|SO|II AKo 247/19|Wyrok|56|https://www.saos.org.pl/judgments/457971
405208|2019-12-19|SO|II AKa 386/18|Wyrok|56|https://www.saos.org.pl/judgments/405208
411089|2019-12-18|SO|II AKa 90/18|Wyrok|56|https://www.saos.org.pl/judgments/411089
402062|2019-12-18|SO|II AKa 357/19|Wyrok|56|https://www.saos.org.pl/judgments/402062
457375|2019-12-17|SO|II AKa 200/19|Wyrok|56|https://www.saos.org.pl/judgments/457375
409163|2019-12-16|SO|II AKa 208/19|Wyrok|56|https://www.saos.org.pl/judgments/409163
406061|2019-12-13|SO|II AKa 550/19|Wyrok|56|https://www.saos.org.pl/judgments/406061
407606|2019-12-12|SO|II AKa 151/19|Wyrok|56|https://www.saos.org.pl/judgments/407606
457401|2019-12-11|SO|II AKa 91/19|Wyrok|56|https://www.saos.org.pl/judgments/457401
420953|2019-12-11|SO|II AKa 208/19|Wyrok|56|https://www.saos.org.pl/judgments/420953
409161|2019-12-11|SO|II AKa 126/19|Wyrok|56|https://www.saos.org.pl/judgments/409161
405861|2019-12-11|SO|II AKa 218/19|Wyrok|56|https://www.saos.org.pl/judgments/405861
416730|2019-12-10|SO|II AKa 161/19|Wyrok|56|https://www.saos.org.pl/judgments/416730
406988|2019-12-09|SO|II AKa 207/19|Wyrok|56|https://www.saos.org.pl/judgments/406988
413281|2019-12-05|SO|II AKa 207/19|Wyrok|56|https://www.saos.org.pl/judgments/413281
406711|2019-12-05|SO|II AKa 217/19|Wyrok|56|https://www.saos.org.pl/judgments/406711
405035|2019-12-05|SO|II AKa 124/19|Wyrok|56|https://www.saos.org.pl/judgments/405035
400707|2019-12-05|SO|II AKa 316/19|Wyrok|56|https://www.saos.org.pl/judgments/400707
421234|2019-12-04|SO|II AKa 54/19|Wyrok|56|https://www.saos.org.pl/judgments/421234
420938|2019-12-04|SO|II AKa 151/19|Wyrok|56|https://www.saos.org.pl/judgments/420938
408115|2019-12-03|SO|V ACa 336/19|Wyrok|56|https://www.saos.org.pl/judgments/408115
405038|2019-12-02|SO|II AKa 210/19|Wyrok|56|https://www.saos.org.pl/judgments/405038
400703|2019-11-27|SO|II AKa 152/19|Wyrok|56|https://www.saos.org.pl/judgments/400703
398165|2019-11-25|SO|II AKa 102/19|Wyrok|56|https://www.saos.org.pl/judgments/398165
399522|2019-11-22|SO|II AKa 280/18|Wyrok|56|https://www.saos.org.pl/judgments/399522
451517|2019-11-20|SO|II AKa 291/18|Wyrok|56|https://www.saos.org.pl/judgments/451517
400708|2019-11-20|SO|II AKa 324/19|Wyrok|56|https://www.saos.org.pl/judgments/400708
400704|2019-11-20|SO|II AKa 295/19|Wyrok|56|https://www.saos.org.pl/judgments/400704
399400|2019-11-20|SO|II AKa 223/19|Wyrok|56|https://www.saos.org.pl/judgments/399400
457113|2019-11-15|SO|II AKa 244/18|Wyrok|56|https://www.saos.org.pl/judgments/457113
406709|2019-11-14|SO|II AKa 188/19|Wyrok|56|https://www.saos.org.pl/judgments/406709
406706|2019-11-14|SO|II AKa 177/19|Wyrok|56|https://www.saos.org.pl/judgments/406706
397715|2019-11-07|SO|II AKa 347/19|Wyrok|56|https://www.saos.org.pl/judgments/397715
397591|2019-11-07|SO|II AKa 338/19|Wyrok|56|https://www.saos.org.pl/judgments/397591
399828|2019-11-06|SO|II AKa 265/19|Wyrok|56|https://www.saos.org.pl/judgments/399828
426422|2019-10-31|SO|II AKa 164/19|Wyrok|56|https://www.saos.org.pl/judgments/426422
421455|2019-10-31|SO|II AKa 153/19|Wyrok|56|https://www.saos.org.pl/judgments/421455
400705|2019-10-31|SO|II AKa 297/19|Wyrok|56|https://www.saos.org.pl/judgments/400705
399664|2019-10-31|SO|II AKa 327/19|Wyrok|56|https://www.saos.org.pl/judgments/399664
397584|2019-10-31|SO|II AKa 213/19|Wyrok|56|https://www.saos.org.pl/judgments/397584
399831|2019-10-30|SO|II AKa 343/19|Wyrok|56|https://www.saos.org.pl/judgments/399831
398169|2019-10-28|SO|II AKa 9/19|Wyrok|56|https://www.saos.org.pl/judgments/398169
484090|2019-10-25|SO|II AKa 455/19|Wyrok|56|https://www.saos.org.pl/judgments/484090
447697|2019-10-24|SO|II AKa 222/19|Wyrok|56|https://www.saos.org.pl/judgments/447697
406714|2019-10-24|SO|II AKa 32/19|Wyrok|56|https://www.saos.org.pl/judgments/406714
413275|2019-10-23|SO|II AKa 159/19|Wyrok|56|https://www.saos.org.pl/judgments/413275
399402|2019-10-23|SO|II AKa 382/18|Wyrok|56|https://www.saos.org.pl/judgments/399402
397108|2019-10-23|SO|II AKa 494/18|Wyrok|56|https://www.saos.org.pl/judgments/397108
436779|2019-10-22|SO|II AKa 182/19|Wyrok|56|https://www.saos.org.pl/judgments/436779
465724|2019-10-17|SO|II AKa 439/19|Wyrok|56|https://www.saos.org.pl/judgments/465724
399663|2019-10-17|SO|II AKa 325/19|Wyrok|56|https://www.saos.org.pl/judgments/399663
410748|2019-10-16|SO|I ACa 300/19|Wyrok|56|https://www.saos.org.pl/judgments/410748
397709|2019-10-16|SO|II AKa 145/19|Wyrok|56|https://www.saos.org.pl/judgments/397709
399317|2019-10-14|SO|II AKa 323/18|Wyrok|56|https://www.saos.org.pl/judgments/399317
397708|2019-10-11|SO|II AKa 139/19|Wyrok|56|https://www.saos.org.pl/judgments/397708
399643|2019-10-09|SO|II AKa 143/19|Wyrok|56|https://www.saos.org.pl/judgments/399643
397716|2019-10-08|SO|II AKa 52/19|Wyrok|56|https://www.saos.org.pl/judgments/397716
397106|2019-10-04|SO|II AKa 485/19|Wyrok|56|https://www.saos.org.pl/judgments/397106
406695|2019-10-03|SO|II AKa 114/19|Wyrok|56|https://www.saos.org.pl/judgments/406695
406713|2019-10-02|SO|II AKa 254/18|Wyrok|56|https://www.saos.org.pl/judgments/406713
452330|2019-09-27|SO|II AKa 116/19|Wyrok|56|https://www.saos.org.pl/judgments/452330
397084|2019-09-27|SO|II AKa 262/19|Wyrok|56|https://www.saos.org.pl/judgments/397084
398874|2019-09-26|SO|II AKa 121/19|Wyrok|56|https://www.saos.org.pl/judgments/398874
399658|2019-09-25|SO|II AKa 259/19|Wyrok|56|https://www.saos.org.pl/judgments/399658
396316|2019-09-25|SO|II AKa 232/19|Wyrok|56|https://www.saos.org.pl/judgments/396316
420538|2019-09-20|SO|II AKa 99/19|Wyrok|56|https://www.saos.org.pl/judgments/420538
407826|2019-09-20|SO|II AKa 361/19|Wyrok|56|https://www.saos.org.pl/judgments/407826
406705|2019-09-19|SO|II AKa 176/19|Wyrok|56|https://www.saos.org.pl/judgments/406705
406700|2019-09-19|SO|II AKa 134/19|Wyrok|56|https://www.saos.org.pl/judgments/406700
401055|2019-09-19|SO|II AKa 142/19|Wyrok|56|https://www.saos.org.pl/judgments/401055
398878|2019-09-19|SO|II AKa 142/19|Wyrok|56|https://www.saos.org.pl/judgments/398878
397088|2019-09-18|SO|II AKa 285/19|Wyrok|56|https://www.saos.org.pl/judgments/397088
442605|2019-09-12|SO|II AKa 138/19|Wyrok|56|https://www.saos.org.pl/judgments/442605
406699|2019-09-12|SO|II AKa 127/19|Wyrok|56|https://www.saos.org.pl/judgments/406699
396319|2019-09-12|SO|II AKa 269/19|Wyrok|56|https://www.saos.org.pl/judgments/396319
402059|2019-09-11|SO|II AKa 275/19|Wyrok|56|https://www.saos.org.pl/judgments/402059
393536|2019-09-11|SO|II AKa 140/19|Wyrok|56|https://www.saos.org.pl/judgments/393536
457357|2019-09-05|SO|II AKa 137/19|Wyrok|56|https://www.saos.org.pl/judgments/457357
457115|2019-09-05|SO|II AKa 337/19|Wyrok|56|https://www.saos.org.pl/judgments/457115
393364|2019-09-04|SO|II AKa 341/18|Wyrok|56|https://www.saos.org.pl/judgments/393364
406701|2019-08-29|SO|II AKa 135/19|Wyrok|56|https://www.saos.org.pl/judgments/406701
398915|2019-08-29|SO|II AKa 93/19|Wyrok|56|https://www.saos.org.pl/judgments/398915
424649|2019-08-28|SO|II AKa 197/19|Wyrok|56|https://www.saos.org.pl/judgments/424649
416606|2019-08-26|SO|II AKa 193/19|Wyrok|56|https://www.saos.org.pl/judgments/416606
392495|2019-08-21|SO|II AKa 218/19|Wyrok|56|https://www.saos.org.pl/judgments/392495
460433|2019-08-08|SO|II AKa 141/19|Wyrok|56|https://www.saos.org.pl/judgments/460433
391524|2019-08-08|SO|II AKa 133/19|Wyrok|56|https://www.saos.org.pl/judgments/391524
392881|2019-07-26|SO|I ACa 274/19|Wyrok|56|https://www.saos.org.pl/judgments/392881
402014|2019-07-25|SO|I ACa 517/18|Wyrok|56|https://www.saos.org.pl/judgments/402014
391855|2019-07-25|SO|II AKa 89/19|Wyrok|56|https://www.saos.org.pl/judgments/391855
392497|2019-07-24|SO|II AKa 79/19|Wyrok|56|https://www.saos.org.pl/judgments/392497
493124|2019-07-18|SO|II AKa 89/18|Wyrok|56|https://www.saos.org.pl/judgments/493124
406694|2019-07-18|SO|II AKa 109/19|Wyrok|56|https://www.saos.org.pl/judgments/406694
397407|2019-07-16|SO|II AKa 109/19|Wyrok|56|https://www.saos.org.pl/judgments/397407
396525|2019-07-16|SO|II AKa 493/18|Wyrok|56|https://www.saos.org.pl/judgments/396525
389624|2019-07-16|SO|II AKa 23/19|Wyrok|56|https://www.saos.org.pl/judgments/389624
444737|2019-07-10|SO|II AKa 33/19|Wyrok|56|https://www.saos.org.pl/judgments/444737
416842|2019-07-10|SO|I ACa 738/18|Wyrok|56|https://www.saos.org.pl/judgments/416842
392488|2019-07-10|SO|II AKa 184/19|Wyrok|56|https://www.saos.org.pl/judgments/392488
391240|2019-07-10|SO|II AKa 114/19|Wyrok|56|https://www.saos.org.pl/judgments/391240
389096|2019-07-09|SO|II AKa 64/19|Wyrok|56|https://www.saos.org.pl/judgments/389096
413300|2019-07-04|SO|II AKa 56/19|Wyrok|56|https://www.saos.org.pl/judgments/413300
398870|2019-07-04|SO|II AKa 107/19|Wyrok|56|https://www.saos.org.pl/judgments/398870
413273|2019-07-02|SO|II AKa 111/19|Wyrok|56|https://www.saos.org.pl/judgments/413273
398912|2019-07-02|SO|II AKa 79/19|Wyrok|56|https://www.saos.org.pl/judgments/398912
397085|2019-07-02|SO|II AKa 264/18|Wyrok|56|https://www.saos.org.pl/judgments/397085
388408|2019-06-25|SO|II AKa 133/19|Wyrok|56|https://www.saos.org.pl/judgments/388408
457398|2019-06-19|SO|II AKa 87/19|Wyrok|56|https://www.saos.org.pl/judgments/457398
410660|2019-06-19|SO|II AKa 254/19|Wyrok|56|https://www.saos.org.pl/judgments/410660
391320|2019-06-19|SO|II AKa 135/19|Wyrok|56|https://www.saos.org.pl/judgments/391320
406629|2019-06-18|SO|II AKa 244/18|Wyrok|56|https://www.saos.org.pl/judgments/406629
391322|2019-06-18|SO|II AKa 92/19|Wyrok|56|https://www.saos.org.pl/judgments/391322
452331|2019-06-13|SO|II AKa 117/19|Wyrok|56|https://www.saos.org.pl/judgments/452331
434182|2019-06-13|SO|II AKa 105/19|Wyrok|56|https://www.saos.org.pl/judgments/434182
398903|2019-06-13|SO|II AKa 26/19|Wyrok|56|https://www.saos.org.pl/judgments/398903
391246|2019-06-12|SO|II AKa 83/19|Wyrok|56|https://www.saos.org.pl/judgments/391246
420528|2019-06-11|SO|II AKa 239/18|Wyrok|56|https://www.saos.org.pl/judgments/420528
397107|2019-06-06|SO|II AKa 49/19|Wyrok|56|https://www.saos.org.pl/judgments/397107
386599|2019-06-06|SO|V ACa 503/18|Wyrok|56|https://www.saos.org.pl/judgments/386599
384164|2019-06-06|SO|II AKa 64/19|Wyrok|56|https://www.saos.org.pl/judgments/384164
388527|2019-06-05|SO|II AKa 82/19|Wyrok|56|https://www.saos.org.pl/judgments/388527
411694|2019-06-04|SO|II AKa 19/19|Wyrok|56|https://www.saos.org.pl/judgments/411694
397094|2019-05-30|SO|II AKa 325/18|Wyrok|56|https://www.saos.org.pl/judgments/397094
391338|2019-05-30|SO|II AKa 90/19|Wyrok|56|https://www.saos.org.pl/judgments/391338
391243|2019-05-30|SO|II AKa 136/19|Wyrok|56|https://www.saos.org.pl/judgments/391243
391241|2019-05-30|SO|II AKa 119/19|Wyrok|56|https://www.saos.org.pl/judgments/391241
456578|2019-05-29|SO|II AKa 221/18|Wyrok|56|https://www.saos.org.pl/judgments/456578
455065|2019-05-29|SO|II AKa 361/18|Wyrok|56|https://www.saos.org.pl/judgments/455065
386243|2019-05-29|SO|II AKa 134/19|Wyrok|56|https://www.saos.org.pl/judgments/386243
500454|2019-05-24|SO|II AKa 121/19|Wyrok|56|https://www.saos.org.pl/judgments/500454
384936|2019-05-22|SO|II AKa 111/19|Wyrok|56|https://www.saos.org.pl/judgments/384936
388351|2019-05-21|SO|I AGa 27/19|Wyrok|56|https://www.saos.org.pl/judgments/388351
391539|2019-05-16|SO|II AKa 59/19|Wyrok|56|https://www.saos.org.pl/judgments/391539
386240|2019-05-16|SO|II AKa 107/19|Wyrok|56|https://www.saos.org.pl/judgments/386240
388516|2019-05-15|SO|II AKa 124/19|Wyrok|56|https://www.saos.org.pl/judgments/388516
388515|2019-05-15|SO|II AKa 100/19|Wyrok|56|https://www.saos.org.pl/judgments/388515
455723|2019-05-13|SO|II AKa 20/19|Wyrok|56|https://www.saos.org.pl/judgments/455723
421238|2019-05-09|SO|II AKa 83/19|Wyrok|56|https://www.saos.org.pl/judgments/421238
391673|2019-05-09|SO|II AKa 45/19|Wyrok|56|https://www.saos.org.pl/judgments/391673
391535|2019-05-09|SO|II AKa 46/19|Wyrok|56|https://www.saos.org.pl/judgments/391535
390082|2019-05-08|SO|II AKa 301/18|Wyrok|56|https://www.saos.org.pl/judgments/390082
393055|2019-04-25|SO|II AKa 415/17|Wyrok|56|https://www.saos.org.pl/judgments/393055
391245|2019-04-25|SO|II AKa 346/18|Wyrok|56|https://www.saos.org.pl/judgments/391245
382136|2019-04-25|SO|II AKa 27/19|Wyrok|56|https://www.saos.org.pl/judgments/382136
384944|2019-04-24|SO|II AKa 93/19|Wyrok|56|https://www.saos.org.pl/judgments/384944
381373|2019-04-24|SO|II AKa 352/18|Wyrok|56|https://www.saos.org.pl/judgments/381373
406055|2019-04-18|SO|II AKa 19/19|Wyrok|56|https://www.saos.org.pl/judgments/406055
425013|2019-04-11|SO|II AKa 70/19|Wyrok|56|https://www.saos.org.pl/judgments/425013
424651|2019-04-11|SO|II AKa 67/19|Wyrok|56|https://www.saos.org.pl/judgments/424651
397119|2019-04-11|SO|II AKa 81/19|Wyrok|56|https://www.saos.org.pl/judgments/397119
397075|2019-04-11|SO|II AKa 23/19|Wyrok|56|https://www.saos.org.pl/judgments/397075
398905|2019-04-04|SO|II AKa 274/18|Wyrok|56|https://www.saos.org.pl/judgments/398905
391666|2019-04-04|SO|II AKa 10/19|Wyrok|56|https://www.saos.org.pl/judgments/391666
387223|2019-04-04|SO|II AKa 34/19|Wyrok|56|https://www.saos.org.pl/judgments/387223
391670|2019-04-03|SO|II AKa 247/18|Wyrok|56|https://www.saos.org.pl/judgments/391670
388520|2019-04-03|SO|II AKa 257/18|Wyrok|56|https://www.saos.org.pl/judgments/388520
425765|2019-04-02|SO|II AKa 226/18|Wyrok|56|https://www.saos.org.pl/judgments/425765
425011|2019-03-28|SO|II AKa 40/19|Wyrok|56|https://www.saos.org.pl/judgments/425011
391525|2019-03-28|SO|II AKa 14/19|Wyrok|56|https://www.saos.org.pl/judgments/391525
377702|2019-03-27|SO|II AKa 321/18|Wyrok|56|https://www.saos.org.pl/judgments/377702
391671|2019-03-20|SO|II AKa 263/18|Wyrok|56|https://www.saos.org.pl/judgments/391671
381372|2019-03-15|SO|II AKa 17/18|Wyrok|56|https://www.saos.org.pl/judgments/381372
377751|2019-03-14|SO|II AKa 62/19|Wyrok|56|https://www.saos.org.pl/judgments/377751
377688|2019-03-14|SO|II AKa 263/18|Wyrok|56|https://www.saos.org.pl/judgments/377688
377753|2019-03-13|SO|II AKa 68/19|Wyrok|56|https://www.saos.org.pl/judgments/377753
377689|2019-03-06|SO|II AKa 269/18|Wyrok|56|https://www.saos.org.pl/judgments/377689
377646|2019-03-04|SO|II AKa 159/18|Wyrok|56|https://www.saos.org.pl/judgments/377646
489103|2019-03-01|SO|II AKa 544/18|Wyrok|56|https://www.saos.org.pl/judgments/489103
384943|2019-02-28|SO|II AKa 5/19|Wyrok|56|https://www.saos.org.pl/judgments/384943
377742|2019-02-28|SO|II AKa 5/19|Wyrok|56|https://www.saos.org.pl/judgments/377742
378539|2019-02-26|SO|III AUa 378/18|Wyrok|56|https://www.saos.org.pl/judgments/378539
387219|2019-02-19|SO|II AKa 223/18|Wyrok|56|https://www.saos.org.pl/judgments/387219
434701|2019-02-14|SO|I ACa 330/18|Wyrok|56|https://www.saos.org.pl/judgments/434701
377727|2019-02-14|SO|II AKa 408/18|Wyrok|56|https://www.saos.org.pl/judgments/377727
377664|2019-02-13|SO|II AKa 2/19|Wyrok|56|https://www.saos.org.pl/judgments/377664
373299|2019-02-12|SO|II AKa 191/18|Wyrok|56|https://www.saos.org.pl/judgments/373299
433429|2019-01-31|SO|II AKa 505/18|Wyrok|56|https://www.saos.org.pl/judgments/433429
374088|2019-01-31|SO|II AKa 184/18|Wyrok|56|https://www.saos.org.pl/judgments/374088
385121|2019-01-30|SO|VI ACa 842/18|Wyrok|56|https://www.saos.org.pl/judgments/385121
397109|2019-01-25|SO|II AKa 5/19|Wyrok|56|https://www.saos.org.pl/judgments/397109
372884|2019-01-25|SO|II AKa 274/18|Wyrok|56|https://www.saos.org.pl/judgments/372884
411081|2019-01-24|SO|II AKa 23/18|Wyrok|56|https://www.saos.org.pl/judgments/411081
398900|2019-01-24|SO|II AKa 240/18|Wyrok|56|https://www.saos.org.pl/judgments/398900
398898|2019-01-24|SO|II AKa 234/18|Wyrok|56|https://www.saos.org.pl/judgments/398898
398896|2019-01-24|SO|II AKa 221/18|Wyrok|56|https://www.saos.org.pl/judgments/398896
372119|2019-01-23|SO|II AKa 293/18|Wyrok|56|https://www.saos.org.pl/judgments/372119
398872|2019-01-17|SO|II AKa 115/18|Wyrok|56|https://www.saos.org.pl/judgments/398872
392266|2019-01-17|SO|II AKa 257/18|Wyrok|56|https://www.saos.org.pl/judgments/392266
373107|2019-01-17|SO|II AKa 316/18|Wyrok|56|https://www.saos.org.pl/judgments/373107
369493|2019-01-16|SO|II AKa 388/18|Wyrok|56|https://www.saos.org.pl/judgments/369493
371709|2019-01-14|SO|II AKa 282/18|Wyrok|56|https://www.saos.org.pl/judgments/371709
426581|2019-01-09|SO|II AKa 61/18|Wyrok|56|https://www.saos.org.pl/judgments/426581
411710|2019-01-09|SO|II AKa 238/18|Wyrok|56|https://www.saos.org.pl/judgments/411710
453000|2018-12-28|SO|II AKa 191/18|Wyrok|56|https://www.saos.org.pl/judgments/453000
402528|2018-12-20|SO|II AKa 459/18|Wyrok|56|https://www.saos.org.pl/judgments/402528
398893|2018-12-20|SO|II AKa 212/18|Wyrok|56|https://www.saos.org.pl/judgments/398893
398887|2018-12-20|SO|II AKa 193/18|Wyrok|56|https://www.saos.org.pl/judgments/398887
392330|2018-12-20|SO|II AKa 189/18|Wyrok|56|https://www.saos.org.pl/judgments/392330
377697|2018-12-19|SO|II AKa 298/18|Wyrok|56|https://www.saos.org.pl/judgments/377697
374091|2018-12-19|SO|II AKa 299/18|Wyrok|56|https://www.saos.org.pl/judgments/374091
371708|2018-12-19|SO|II AKa 262/18|Wyrok|56|https://www.saos.org.pl/judgments/371708
367867|2018-12-19|SO|II AKa 275/18|Wyrok|56|https://www.saos.org.pl/judgments/367867
402530|2018-12-14|SO|II AKa 523/18|Wyrok|56|https://www.saos.org.pl/judgments/402530
397111|2018-12-14|SO|II AKa 526/18|Wyrok|56|https://www.saos.org.pl/judgments/397111
397104|2018-12-14|SO|II AKa 469/18|Wyrok|56|https://www.saos.org.pl/judgments/397104
371713|2018-12-14|SO|II AKa 411/18|Wyrok|56|https://www.saos.org.pl/judgments/371713
426055|2018-12-13|SO|II AKa 528/18|Wyrok|56|https://www.saos.org.pl/judgments/426055
377661|2018-12-13|SO|II AKa 188/18|Wyrok|56|https://www.saos.org.pl/judgments/377661
377657|2018-12-13|SO|II AKa 179/18|Wyrok|56|https://www.saos.org.pl/judgments/377657
368162|2018-12-12|SO|II AKa 344/18|Wyrok|56|https://www.saos.org.pl/judgments/368162
366960|2018-12-12|SO|II AKa 198/18|Wyrok|56|https://www.saos.org.pl/judgments/366960
374093|2018-12-11|SO|II AKa 409/18|Wyrok|56|https://www.saos.org.pl/judgments/374093
377673|2018-12-10|SO|II AKa 215/18|Wyrok|56|https://www.saos.org.pl/judgments/377673
369152|2018-12-10|SO|II AKa 313/18|Wyrok|56|https://www.saos.org.pl/judgments/369152
370355|2018-12-07|SO|II AKa 156/18|Wyrok|56|https://www.saos.org.pl/judgments/370355
411700|2018-11-29|SO|II AKa 196/18|Wyrok|56|https://www.saos.org.pl/judgments/411700
367139|2018-11-29|SO|II AKa 343/18|Wyrok|56|https://www.saos.org.pl/judgments/367139
419680|2018-11-28|SO|I ACa 418/18|Wyrok|56|https://www.saos.org.pl/judgments/419680
411696|2018-11-28|SO|II AKa 194/18|Wyrok|56|https://www.saos.org.pl/judgments/411696
368164|2018-11-28|SO|II AKa 377/17|Wyrok|56|https://www.saos.org.pl/judgments/368164
365922|2018-11-27|SO|II AKa 228/18|Wyrok|56|https://www.saos.org.pl/judgments/365922
391527|2018-11-26|SO|II AKa 237/18|Wyrok|56|https://www.saos.org.pl/judgments/391527
367866|2018-11-26|SO|II AKa 255/18|Wyrok|56|https://www.saos.org.pl/judgments/367866
429630|2018-11-23|SO|II AKa 325/18|Wyrok|56|https://www.saos.org.pl/judgments/429630
377667|2018-11-22|SO|II AKa 201/18|Wyrok|56|https://www.saos.org.pl/judgments/377667
377655|2018-11-22|SO|II AKa 176/18|Wyrok|56|https://www.saos.org.pl/judgments/377655
371219|2018-11-22|SO|II AKa 450/18|Wyrok|56|https://www.saos.org.pl/judgments/371219
366731|2018-11-21|SO|II AKa 332/18|Wyrok|56|https://www.saos.org.pl/judgments/366731
402527|2018-11-16|SO|II AKa 402/18|Wyrok|56|https://www.saos.org.pl/judgments/402527
377693|2018-11-15|SO|II AKa 284/18|Wyrok|56|https://www.saos.org.pl/judgments/377693
367135|2018-11-15|SO|II AKa 317/18|Wyrok|56|https://www.saos.org.pl/judgments/367135
377651|2018-11-14|SO|II AKa 170/18|Wyrok|56|https://www.saos.org.pl/judgments/377651
366732|2018-11-14|SO|II AKa 338/18|Wyrok|56|https://www.saos.org.pl/judgments/366732
397102|2018-11-13|SO|II AKa 444/18|Wyrok|56|https://www.saos.org.pl/judgments/397102
411687|2018-11-07|SO|II AKa 148/18|Wyrok|56|https://www.saos.org.pl/judgments/411687
461787|2018-10-31|SO|II AKa 393/18|Wyrok|56|https://www.saos.org.pl/judgments/461787
451596|2018-10-31|SO|II AKa 269/18|Wyrok|56|https://www.saos.org.pl/judgments/451596
377690|2018-10-31|SO|II AKa 279/18|Wyrok|56|https://www.saos.org.pl/judgments/377690
371218|2018-10-31|SO|II AKa 449/18|Wyrok|56|https://www.saos.org.pl/judgments/371218
363347|2018-10-31|SO|II AKa 258/18|Wyrok|56|https://www.saos.org.pl/judgments/363347
366363|2018-10-30|SO|II AKa 205/18|Wyrok|56|https://www.saos.org.pl/judgments/366363
365178|2018-10-30|SO|II AKa 132/18|Wyrok|56|https://www.saos.org.pl/judgments/365178
381400|2018-10-29|SO|III AUa 404/17|Wyrok|56|https://www.saos.org.pl/judgments/381400
364224|2018-10-29|SO|II AKa 324/18|Wyrok|56|https://www.saos.org.pl/judgments/364224
363707|2018-10-29|SO|II AKa 384/18|Wyrok|56|https://www.saos.org.pl/judgments/363707
413294|2018-10-26|SO|II AKa 295/18|Wyrok|56|https://www.saos.org.pl/judgments/413294
397096|2018-10-26|SO|II AKa 358/18|Wyrok|56|https://www.saos.org.pl/judgments/397096
397095|2018-10-26|SO|II AKa 352/18|Wyrok|56|https://www.saos.org.pl/judgments/397095
366729|2018-10-25|SO|II AKa 271/18|Wyrok|56|https://www.saos.org.pl/judgments/366729
447592|2018-10-24|SO|II AKa 228/18|Wyrok|56|https://www.saos.org.pl/judgments/447592
365179|2018-10-24|SO|II AKa 286/18|Wyrok|56|https://www.saos.org.pl/judgments/365179
364216|2018-10-24|SO|II AKa 148/18|Wyrok|56|https://www.saos.org.pl/judgments/364216
373308|2018-10-19|SO|II AKa 446/18|Wyrok|56|https://www.saos.org.pl/judgments/373308
371886|2018-10-19|SO|II AKa 179/18|Wyrok|56|https://www.saos.org.pl/judgments/371886
371214|2018-10-19|SO|II AKa 432/18|Wyrok|56|https://www.saos.org.pl/judgments/371214
397101|2018-10-18|SO|II AKa 438/18|Wyrok|56|https://www.saos.org.pl/judgments/397101
369489|2018-10-18|SO|II AKa 260/18|Wyrok|56|https://www.saos.org.pl/judgments/369489
368704|2018-10-18|SO|II AKa 259/18|Wyrok|56|https://www.saos.org.pl/judgments/368704
361831|2018-10-18|SO|II AKa 402/17|Wyrok|56|https://www.saos.org.pl/judgments/361831
360438|2018-10-16|SO|II AKa 229/18|Wyrok|56|https://www.saos.org.pl/judgments/360438
377642|2018-10-11|SO|II AKa 152/18|Wyrok|56|https://www.saos.org.pl/judgments/377642
365556|2018-10-11|SO|II AKa 145/18|Wyrok|56|https://www.saos.org.pl/judgments/365556
363342|2018-10-11|SO|II AKa 110/18|Wyrok|56|https://www.saos.org.pl/judgments/363342
426635|2018-10-10|SO|II AKa 182/18|Wyrok|56|https://www.saos.org.pl/judgments/426635
406710|2018-10-10|SO|II AKa 194/17|Wyrok|56|https://www.saos.org.pl/judgments/406710
387043|2018-10-10|SO|II AKa 170/18|Wyrok|56|https://www.saos.org.pl/judgments/387043
377625|2018-10-10|SO|II AKa 113/18|Wyrok|56|https://www.saos.org.pl/judgments/377625
374491|2018-10-09|SO|II AKa 431/17|Wyrok|56|https://www.saos.org.pl/judgments/374491
371887|2018-10-08|SO|II AKa 182/18|Wyrok|56|https://www.saos.org.pl/judgments/371887
387779|2018-10-04|SO|II AKa 134/17|Wyrok|56|https://www.saos.org.pl/judgments/387779
377650|2018-10-04|SO|II AKa 167/18|Wyrok|56|https://www.saos.org.pl/judgments/377650
362437|2018-10-04|SO|II AKa 321/18|Wyrok|56|https://www.saos.org.pl/judgments/362437
362424|2018-10-04|SO|II AKa 106/18|Wyrok|56|https://www.saos.org.pl/judgments/362424
365727|2018-10-03|SO|II AKa 295/18|Wyrok|56|https://www.saos.org.pl/judgments/365727
363351|2018-10-03|SO|II AKa 303/18|Wyrok|56|https://www.saos.org.pl/judgments/363351
420960|2018-09-28|SO|II AKa 279/18|Wyrok|56|https://www.saos.org.pl/judgments/420960
362430|2018-09-28|SO|II AKa 188/18|Wyrok|56|https://www.saos.org.pl/judgments/362430
377748|2018-09-27|SO|II AKa 57/18|Wyrok|56|https://www.saos.org.pl/judgments/377748
362620|2018-09-27|SO|II AKa 236/18|Wyrok|56|https://www.saos.org.pl/judgments/362620
362431|2018-09-27|SO|II AKa 224/18|Wyrok|56|https://www.saos.org.pl/judgments/362431
359764|2018-09-26|SO|II AKa 91/18|Wyrok|56|https://www.saos.org.pl/judgments/359764
363346|2018-09-19|SO|II AKa 197/18|Wyrok|56|https://www.saos.org.pl/judgments/363346
369490|2018-09-17|SO|II AKa 29/18|Wyrok|56|https://www.saos.org.pl/judgments/369490
426636|2018-09-13|SO|II AKa 247/18|Wyrok|56|https://www.saos.org.pl/judgments/426636
373301|2018-09-13|SO|II AKa 236/18|Wyrok|56|https://www.saos.org.pl/judgments/373301
359249|2018-09-12|SO|II AKa 280/18|Wyrok|56|https://www.saos.org.pl/judgments/359249
357188|2018-09-12|SO|II AKa 326/18|Wyrok|56|https://www.saos.org.pl/judgments/357188
356328|2018-09-12|SO|II AKa 213/18|Wyrok|56|https://www.saos.org.pl/judgments/356328
357027|2018-09-11|SO|II AKa 185/18|Wyrok|56|https://www.saos.org.pl/judgments/357027
362438|2018-09-07|SO|II AKa 65/18|Wyrok|56|https://www.saos.org.pl/judgments/362438
362426|2018-09-06|SO|II AKa 144/18|Wyrok|56|https://www.saos.org.pl/judgments/362426
359248|2018-09-06|SO|II AKa 276/18|Wyrok|56|https://www.saos.org.pl/judgments/359248
372435|2018-09-05|SO|II AKa 252/18|Wyrok|56|https://www.saos.org.pl/judgments/372435
359885|2018-09-05|SO|II AKa 142/18|Wyrok|56|https://www.saos.org.pl/judgments/359885
366056|2018-09-04|SO|II AKa 160/18|Wyrok|56|https://www.saos.org.pl/judgments/366056
427396|2018-08-30|SO|II AKa 147/18|Wyrok|56|https://www.saos.org.pl/judgments/427396
364221|2018-08-30|SO|II AKa 309/18|Wyrok|56|https://www.saos.org.pl/judgments/364221
359807|2018-08-28|SO|V ACa 597/17|Wyrok|56|https://www.saos.org.pl/judgments/359807
377636|2018-08-23|SO|II AKa 134/18|Wyrok|56|https://www.saos.org.pl/judgments/377636
356705|2018-08-23|SO|II AKa 182/18|Wyrok|56|https://www.saos.org.pl/judgments/356705
358714|2018-08-22|SO|I ACa 173/18|Wyrok|56|https://www.saos.org.pl/judgments/358714
356712|2018-08-22|SO|II AKa 232/18|Wyrok|56|https://www.saos.org.pl/judgments/356712
352895|2018-08-16|SO|II AKa 181/18|Wyrok|56|https://www.saos.org.pl/judgments/352895
362442|2018-08-14|SO|II AKa 96/18|Wyrok|56|https://www.saos.org.pl/judgments/362442
429307|2018-08-09|SO|I ACa 92/18|Wyrok|56|https://www.saos.org.pl/judgments/429307
386389|2018-08-09|SO|II AKa 211/18|Wyrok|56|https://www.saos.org.pl/judgments/386389
361459|2018-08-09|SO|II AKa 314/18|Wyrok|56|https://www.saos.org.pl/judgments/361459
358379|2018-08-09|SO|II AKa 195/18|Wyrok|56|https://www.saos.org.pl/judgments/358379
358381|2018-08-02|SO|II AKa 227/18|Wyrok|56|https://www.saos.org.pl/judgments/358381
349030|2018-08-02|SO|II AKa 205/18|Wyrok|56|https://www.saos.org.pl/judgments/349030
377628|2018-07-26|SO|II AKa 117/18|Wyrok|56|https://www.saos.org.pl/judgments/377628
358378|2018-07-25|SO|II AKa 194/18|Wyrok|56|https://www.saos.org.pl/judgments/358378
414088|2018-07-19|SO|II AKa 536/17|Wyrok|56|https://www.saos.org.pl/judgments/414088
364786|2018-07-19|SO|II AKa 84/18|Wyrok|56|https://www.saos.org.pl/judgments/364786
358382|2018-07-18|SO|II AKa 234/18|Wyrok|56|https://www.saos.org.pl/judgments/358382
356586|2018-07-18|SO|II AKa 183/18|Wyrok|56|https://www.saos.org.pl/judgments/356586
355099|2018-07-18|SO|II AKa 122/18|Wyrok|56|https://www.saos.org.pl/judgments/355099
413282|2018-07-13|SO|II AKa 215/18|Wyrok|56|https://www.saos.org.pl/judgments/413282
413291|2018-07-12|SO|II AKa 261/18|Wyrok|56|https://www.saos.org.pl/judgments/413291
364772|2018-07-12|SO|II AKa 108/18|Wyrok|56|https://www.saos.org.pl/judgments/364772
359242|2018-07-12|SO|II AKa 136/18|Wyrok|56|https://www.saos.org.pl/judgments/359242
354932|2018-07-12|SO|II AKa 134/18|Wyrok|56|https://www.saos.org.pl/judgments/354932
350588|2018-07-12|SO|II AKa 92/18|Wyrok|56|https://www.saos.org.pl/judgments/350588
349467|2018-07-12|SO|II AKa 269/18|Wyrok|56|https://www.saos.org.pl/judgments/349467
359250|2018-07-10|SO|II AKa 9/18|Wyrok|56|https://www.saos.org.pl/judgments/359250
470204|2018-07-05|SO|II AKa 193/18|Wyrok|56|https://www.saos.org.pl/judgments/470204
377756|2018-07-05|SO|II AKa 96/18|Wyrok|56|https://www.saos.org.pl/judgments/377756
352897|2018-07-05|SO|II AKa 85/18|Wyrok|56|https://www.saos.org.pl/judgments/352897
350586|2018-07-05|SO|II AKa 80/18|Wyrok|56|https://www.saos.org.pl/judgments/350586
352896|2018-07-03|SO|II AKa 84/18|Wyrok|56|https://www.saos.org.pl/judgments/352896
348486|2018-07-03|SO|II AKa 63/18|Wyrok|56|https://www.saos.org.pl/judgments/348486
411253|2018-06-29|SO|II AKa 198/17|Wyrok|56|https://www.saos.org.pl/judgments/411253
386660|2018-06-29|SO|II AKa 146/18|Wyrok|56|https://www.saos.org.pl/judgments/386660
362436|2018-06-29|SO|II AKa 28/18|Wyrok|56|https://www.saos.org.pl/judgments/362436
436416|2018-06-28|SO|II AKa 71/17|Wyrok|56|https://www.saos.org.pl/judgments/436416
361455|2018-06-28|SO|II AKa 135/18|Wyrok|56|https://www.saos.org.pl/judgments/361455
349027|2018-06-28|SO|II AKa 169/18|Wyrok|56|https://www.saos.org.pl/judgments/349027
349465|2018-06-27|SO|II AKa 213/18|Wyrok|56|https://www.saos.org.pl/judgments/349465
347682|2018-06-27|SO|II AKa 187/18|Wyrok|56|https://www.saos.org.pl/judgments/347682
377652|2018-06-21|SO|II AKa 173/18|Wyrok|56|https://www.saos.org.pl/judgments/377652
348485|2018-06-21|SO|II AKa 129/18|Wyrok|56|https://www.saos.org.pl/judgments/348485
429628|2018-06-20|SO|II AKa 100/18|Wyrok|56|https://www.saos.org.pl/judgments/429628
348936|2018-06-19|SO|II AKa 64/18|Wyrok|56|https://www.saos.org.pl/judgments/348936
348118|2018-06-15|SO|II AKa 89/18|Wyrok|56|https://www.saos.org.pl/judgments/348118
364784|2018-06-14|SO|II AKa 71/18|Wyrok|56|https://www.saos.org.pl/judgments/364784
348934|2018-06-07|SO|II AKa 53/18|Wyrok|56|https://www.saos.org.pl/judgments/348934
392893|2018-06-06|SO|II AKa 115/18|Wyrok|56|https://www.saos.org.pl/judgments/392893
348937|2018-06-06|SO|II AKa 73/18|Wyrok|56|https://www.saos.org.pl/judgments/348937
411269|2018-06-05|SO|II AKa 50/18|Wyrok|56|https://www.saos.org.pl/judgments/411269
349032|2018-06-04|SO|II AKa 41/18|Wyrok|56|https://www.saos.org.pl/judgments/349032
347094|2018-05-30|SO|II AKa 60/18|Wyrok|56|https://www.saos.org.pl/judgments/347094
350585|2018-05-24|SO|II AKa 75/18|Wyrok|56|https://www.saos.org.pl/judgments/350585
348933|2018-05-24|SO|II AKa 49/18|Wyrok|56|https://www.saos.org.pl/judgments/348933
427394|2018-05-23|SO|II AKa 106/18|Wyrok|56|https://www.saos.org.pl/judgments/427394
362803|2018-05-23|SO|II AKa 110/18|Wyrok|56|https://www.saos.org.pl/judgments/362803
348460|2018-05-23|SO|I ACa 20/18|Wyrok|56|https://www.saos.org.pl/judgments/348460
344493|2018-05-18|SO|II AKa 113/18|Wyrok|56|https://www.saos.org.pl/judgments/344493
343185|2018-05-16|SO|II AKa 86/18|Wyrok|56|https://www.saos.org.pl/judgments/343185
415757|2018-05-10|SO|II AKa 80/18|Wyrok|56|https://www.saos.org.pl/judgments/415757
362805|2018-05-10|SO|II AKa 158/18|Wyrok|56|https://www.saos.org.pl/judgments/362805
348932|2018-05-10|SO|II AKa 48/18|Wyrok|56|https://www.saos.org.pl/judgments/348932
343296|2018-05-10|SO|II AKa 99/18|Wyrok|56|https://www.saos.org.pl/judgments/343296
347097|2018-05-09|SO|II AKa 91/18|Wyrok|56|https://www.saos.org.pl/judgments/347097
349033|2018-05-08|SO|II AKa 440/17|Wyrok|56|https://www.saos.org.pl/judgments/349033
344502|2018-05-08|SO|II AKa 38/18|Wyrok|56|https://www.saos.org.pl/judgments/344502
358119|2018-05-04|SO|VI ACa 1450/16|Wyrok|56|https://www.saos.org.pl/judgments/358119
377741|2018-04-26|SO|II AKa 48/18|Wyrok|56|https://www.saos.org.pl/judgments/377741
340952|2018-04-26|SO|II AKa 74/18|Wyrok|56|https://www.saos.org.pl/judgments/340952
500626|2018-04-25|SO|II AKa 2/18|Wyrok|56|https://www.saos.org.pl/judgments/500626
477106|2018-04-25|SO|II AKa 364/16|Wyrok|56|https://www.saos.org.pl/judgments/477106
348930|2018-04-25|SO|II AKa 30/18|Wyrok|56|https://www.saos.org.pl/judgments/348930
346488|2018-04-24|SO|II AKa 8/18|Wyrok|56|https://www.saos.org.pl/judgments/346488
339493|2018-04-24|SO|II AKa 89/18|Wyrok|56|https://www.saos.org.pl/judgments/339493
436665|2018-04-20|SO|II AKa 283/17|Wyrok|56|https://www.saos.org.pl/judgments/436665
390286|2018-04-19|SO|II AKa 47/18|Wyrok|56|https://www.saos.org.pl/judgments/390286
387294|2018-04-18|SO|II AKa 88/18|Wyrok|56|https://www.saos.org.pl/judgments/387294
340401|2018-04-18|SO|II AKa 51/18|Wyrok|56|https://www.saos.org.pl/judgments/340401
419669|2018-04-13|SO|I ACa 1060/17|Wyrok|56|https://www.saos.org.pl/judgments/419669
350583|2018-04-12|SO|II AKa 43/18|Wyrok|56|https://www.saos.org.pl/judgments/350583
347683|2018-04-11|SO|II AKa 53/18|Wyrok|56|https://www.saos.org.pl/judgments/347683
427400|2018-04-10|SO|II AKa 73/18|Wyrok|56|https://www.saos.org.pl/judgments/427400
341837|2018-04-10|SO|II AKa 59/18|Wyrok|56|https://www.saos.org.pl/judgments/341837
340892|2018-04-10|SO|II AKa 68/18|Wyrok|56|https://www.saos.org.pl/judgments/340892
341835|2018-04-06|SO|II AKa 48/18|Wyrok|56|https://www.saos.org.pl/judgments/341835
339799|2018-04-06|SO|II AKa 1/18|Wyrok|56|https://www.saos.org.pl/judgments/339799
387790|2018-04-05|SO|II AKa 31/18|Wyrok|56|https://www.saos.org.pl/judgments/387790
355566|2018-04-05|SO|II AKa 130/18|Wyrok|56|https://www.saos.org.pl/judgments/355566
345213|2018-04-05|SO|II AKa 112/18|Wyrok|56|https://www.saos.org.pl/judgments/345213
352321|2018-04-04|SO|II AKa 393/17|Wyrok|56|https://www.saos.org.pl/judgments/352321
339492|2018-04-03|SO|II AKa 73/18|Wyrok|56|https://www.saos.org.pl/judgments/339492
355567|2018-03-28|SO|II AKa 143/17|Wyrok|56|https://www.saos.org.pl/judgments/355567
337331|2018-03-28|SO|II AKa 40/18|Wyrok|56|https://www.saos.org.pl/judgments/337331
411260|2018-03-27|SO|II AKa 262/17|Wyrok|56|https://www.saos.org.pl/judgments/411260
350581|2018-03-26|SO|II AKa 190/17|Wyrok|56|https://www.saos.org.pl/judgments/350581
337763|2018-03-26|SO|II AKa 333/17|Wyrok|56|https://www.saos.org.pl/judgments/337763
533120|2018-03-23|SO|II AKa 387/17|Wyrok|56|https://www.saos.org.pl/judgments/533120
345220|2018-03-22|SO|II AKa 573/17|Wyrok|56|https://www.saos.org.pl/judgments/345220
427399|2018-03-21|SO|II AKa 439/17|Wyrok|56|https://www.saos.org.pl/judgments/427399
341738|2018-03-21|SO|II AKa 13/18|Wyrok|56|https://www.saos.org.pl/judgments/341738
356587|2018-03-19|SO|II AKa 19/18|Wyrok|56|https://www.saos.org.pl/judgments/356587
349396|2018-03-19|SO|V ACa 75/17|Wyrok|56|https://www.saos.org.pl/judgments/349396
339306|2018-03-15|SO|II AKa 47/18|Wyrok|56|https://www.saos.org.pl/judgments/339306
337016|2018-03-15|SO|II AKa 374/17|Wyrok|56|https://www.saos.org.pl/judgments/337016
340400|2018-03-14|SO|II AKa 44/18|Wyrok|56|https://www.saos.org.pl/judgments/340400
340398|2018-03-14|SO|II AKa 37/18|Wyrok|56|https://www.saos.org.pl/judgments/340398
337020|2018-03-14|SO|II AKa 9/18|Wyrok|56|https://www.saos.org.pl/judgments/337020
334235|2018-03-14|SO|II AKa 57/18|Wyrok|56|https://www.saos.org.pl/judgments/334235
349082|2018-03-13|SO|III AUa 68/17|Wyrok|56|https://www.saos.org.pl/judgments/349082
411255|2018-03-08|SO|II AKa 200/17|Wyrok|56|https://www.saos.org.pl/judgments/411255
348426|2018-03-08|SO|V ACa 545/16|Wyrok|56|https://www.saos.org.pl/judgments/348426
340396|2018-03-08|SO|II AKa 34/18|Wyrok|56|https://www.saos.org.pl/judgments/340396
336389|2018-03-07|SO|II AKa 29/18|Wyrok|56|https://www.saos.org.pl/judgments/336389
407650|2018-03-01|SO|I ACa 962/17|Wyrok|56|https://www.saos.org.pl/judgments/407650
333184|2018-02-27|SO|II AKa 26/18|Wyrok|56|https://www.saos.org.pl/judgments/333184
335026|2018-02-26|SO|II AKa 384/17|Wyrok|56|https://www.saos.org.pl/judgments/335026
357186|2018-02-20|SO|II AKa 19/18|Wyrok|56|https://www.saos.org.pl/judgments/357186
335968|2018-02-20|SO|II AKa 25/18|Wyrok|56|https://www.saos.org.pl/judgments/335968
332965|2018-02-20|SO|II AKa 323/17|Wyrok|56|https://www.saos.org.pl/judgments/332965
347501|2018-02-19|SO|II AKa 8/18|Wyrok|56|https://www.saos.org.pl/judgments/347501
345217|2018-02-19|SO|II AKa 386/17|Wyrok|56|https://www.saos.org.pl/judgments/345217
447311|2018-02-15|SO|II AKa 216/17|Wyrok|56|https://www.saos.org.pl/judgments/447311
332963|2018-02-15|SO|II AKa 115/17|Wyrok|56|https://www.saos.org.pl/judgments/332963
331359|2018-02-14|SO|II AKa 2/18|Wyrok|56|https://www.saos.org.pl/judgments/331359
439823|2018-02-12|SO|II AKa 507/17|Wyrok|56|https://www.saos.org.pl/judgments/439823
340681|2018-02-12|SO|II AKa 126/17|Wyrok|56|https://www.saos.org.pl/judgments/340681
411083|2018-02-08|SO|II AKa 256/17|Wyrok|56|https://www.saos.org.pl/judgments/411083
341556|2018-02-08|SO|II AKa 453/17|Wyrok|56|https://www.saos.org.pl/judgments/341556
337550|2018-02-07|SO|VI ACa 1535/16|Wyrok|56|https://www.saos.org.pl/judgments/337550
436412|2018-02-05|SO|II AKa 255/17|Wyrok|56|https://www.saos.org.pl/judgments/436412
336717|2018-02-05|SO|II AKa 447/17|Wyrok|56|https://www.saos.org.pl/judgments/336717
477101|2018-02-02|SO|II AKa 254/17|Wyrok|56|https://www.saos.org.pl/judgments/477101
439824|2018-02-01|SO|II AKa 551/17|Wyrok|56|https://www.saos.org.pl/judgments/439824
364776|2018-01-31|SO|II AKa 157/17|Wyrok|56|https://www.saos.org.pl/judgments/364776
332626|2018-01-31|SO|II AKa 208/17|Wyrok|56|https://www.saos.org.pl/judgments/332626
333189|2018-01-30|SO|II AKa 392/17|Wyrok|56|https://www.saos.org.pl/judgments/333189
332629|2018-01-30|SO|II AKa 218/17|Wyrok|56|https://www.saos.org.pl/judgments/332629
334233|2018-01-29|SO|II AKa 147/17|Wyrok|56|https://www.saos.org.pl/judgments/334233
345222|2018-01-25|SO|II AKa 593/17|Wyrok|56|https://www.saos.org.pl/judgments/345222
332630|2018-01-25|SO|II AKa 227/17|Wyrok|56|https://www.saos.org.pl/judgments/332630
390279|2018-01-23|SO|II AKa 135/17|Wyrok|56|https://www.saos.org.pl/judgments/390279
326167|2018-01-18|SO|I ACa 761/17|Wyrok|56|https://www.saos.org.pl/judgments/326167
471856|2018-01-15|SO|II AKa 61/17|Wyrok|56|https://www.saos.org.pl/judgments/471856
420955|2018-01-12|SO|II AKa 225/17|Wyrok|56|https://www.saos.org.pl/judgments/420955
349132|2018-01-11|SO|II AKa 180/17|Wyrok|56|https://www.saos.org.pl/judgments/349132
339812|2018-01-11|SO|II AKa 537/17|Wyrok|56|https://www.saos.org.pl/judgments/339812
325673|2018-01-11|SO|II AKa 562/17|Wyrok|56|https://www.saos.org.pl/judgments/325673
327162|2018-01-03|SO|II AKa 398/17|Wyrok|56|https://www.saos.org.pl/judgments/327162
349129|2017-12-28|SO|II AKa 154/17|Wyrok|56|https://www.saos.org.pl/judgments/349129
333622|2017-12-28|SO|II AKa 203/17|Wyrok|56|https://www.saos.org.pl/judgments/333622
325662|2017-12-28|SO|II AKa 250/17|Wyrok|56|https://www.saos.org.pl/judgments/325662
333186|2017-12-27|SO|II AKa 324/17|Wyrok|56|https://www.saos.org.pl/judgments/333186
327159|2017-12-22|SO|II AKa 377/17|Wyrok|56|https://www.saos.org.pl/judgments/327159
340685|2017-12-21|SO|II AKa 165/17|Wyrok|56|https://www.saos.org.pl/judgments/340685
328160|2017-12-21|SO|II AKa 241/17|Wyrok|56|https://www.saos.org.pl/judgments/328160
323484|2017-12-21|SO|II AKa 401/17|Wyrok|56|https://www.saos.org.pl/judgments/323484
377675|2017-12-19|SO|II AKa 219/17|Wyrok|56|https://www.saos.org.pl/judgments/377675
349127|2017-12-19|SO|II AKa 149/17|Wyrok|56|https://www.saos.org.pl/judgments/349127
320537|2017-12-15|SO|I ACa 609/17|Wyrok|56|https://www.saos.org.pl/judgments/320537
332724|2017-12-14|SO|II AKa 234/17|Wyrok|56|https://www.saos.org.pl/judgments/332724
322833|2017-12-14|SO|II AKa 355/17|Wyrok|56|https://www.saos.org.pl/judgments/322833
339224|2017-12-13|SO|II AKa 242/17|Wyrok|56|https://www.saos.org.pl/judgments/339224
327157|2017-12-12|SO|II AKa 363/17|Wyrok|56|https://www.saos.org.pl/judgments/327157
325518|2017-12-07|SO|II AKa 384/17|Wyrok|56|https://www.saos.org.pl/judgments/325518
336391|2017-12-06|SO|II AKa 39/17|Wyrok|56|https://www.saos.org.pl/judgments/336391
319471|2017-12-04|SO|II AKa 348/17|Wyrok|56|https://www.saos.org.pl/judgments/319471
425201|2017-11-30|SO|II AKa 336/17|Wyrok|56|https://www.saos.org.pl/judgments/425201
323482|2017-11-29|SO|II AKa 369/17|Wyrok|56|https://www.saos.org.pl/judgments/323482
318135|2017-11-24|SO|II AKa 291/17|Wyrok|56|https://www.saos.org.pl/judgments/318135
364774|2017-11-23|SO|II AKa 135/17|Wyrok|56|https://www.saos.org.pl/judgments/364774
332053|2017-11-23|SO|II AKa 484/17|Wyrok|56|https://www.saos.org.pl/judgments/332053
332052|2017-11-23|SO|II AKa 466/17|Wyrok|56|https://www.saos.org.pl/judgments/332052
326591|2017-11-23|SO|II AKa 287/17|Wyrok|56|https://www.saos.org.pl/judgments/326591
325667|2017-11-23|SO|II AKa 427/17|Wyrok|56|https://www.saos.org.pl/judgments/325667
324624|2017-11-23|SO|II AKa 180/17|Wyrok|56|https://www.saos.org.pl/judgments/324624
317145|2017-11-23|SO|I ACa 493/17|Wyrok|56|https://www.saos.org.pl/judgments/317145
333183|2017-11-22|SO|II AKa 224/17|Wyrok|56|https://www.saos.org.pl/judgments/333183
322829|2017-11-22|SO|II AKa 321/17|Wyrok|56|https://www.saos.org.pl/judgments/322829
328166|2017-11-21|SO|II AKa 340/17|Wyrok|56|https://www.saos.org.pl/judgments/328166
325666|2017-11-21|SO|II AKa 419/17|Wyrok|56|https://www.saos.org.pl/judgments/325666
327497|2017-11-20|SO|II AKa 60/17|Wyrok|56|https://www.saos.org.pl/judgments/327497
324623|2017-11-16|SO|II AKa 178/17|Wyrok|56|https://www.saos.org.pl/judgments/324623
319470|2017-11-16|SO|II AKa 302/17|Wyrok|56|https://www.saos.org.pl/judgments/319470
321103|2017-11-13|SO|II AKa 208/17|Wyrok|56|https://www.saos.org.pl/judgments/321103
315476|2017-11-09|SO|II AKa 346/17|Wyrok|56|https://www.saos.org.pl/judgments/315476
333626|2017-11-08|SO|II AKa 346/17|Wyrok|56|https://www.saos.org.pl/judgments/333626
319065|2017-11-08|SO|II AKa 298/17|Wyrok|56|https://www.saos.org.pl/judgments/319065
327491|2017-11-07|SO|II AKa 262/17|Wyrok|56|https://www.saos.org.pl/judgments/327491
324621|2017-11-07|SO|II AKa 175/17|Wyrok|56|https://www.saos.org.pl/judgments/324621
327154|2017-11-06|SO|II AKa 330/17|Wyrok|56|https://www.saos.org.pl/judgments/327154
318133|2017-11-03|SO|II AKa 138/17|Wyrok|56|https://www.saos.org.pl/judgments/318133
328162|2017-10-30|SO|II AKa 249/17|Wyrok|56|https://www.saos.org.pl/judgments/328162
323491|2017-10-26|SO|II AKa 464/17|Wyrok|56|https://www.saos.org.pl/judgments/323491
323490|2017-10-26|SO|II AKa 442/17|Wyrok|56|https://www.saos.org.pl/judgments/323490
315888|2017-10-26|SO|II AKa 419/15|Wyrok|56|https://www.saos.org.pl/judgments/315888
315309|2017-10-26|SO|II AKa 165/17|Wyrok|56|https://www.saos.org.pl/judgments/315309
314391|2017-10-26|SO|II AKa 295/17|Wyrok|56|https://www.saos.org.pl/judgments/314391
317328|2017-10-25|SO|II AKa 298/17|Wyrok|56|https://www.saos.org.pl/judgments/317328
427397|2017-10-24|SO|II AKa 261/17|Wyrok|56|https://www.saos.org.pl/judgments/427397
377665|2017-10-24|SO|II AKa 200/17|Wyrok|56|https://www.saos.org.pl/judgments/377665
399646|2017-10-19|SO|II AKa 186/17|Wyrok|56|https://www.saos.org.pl/judgments/399646
397056|2017-10-19|SO|II AKa 173/17|Wyrok|56|https://www.saos.org.pl/judgments/397056
325663|2017-10-19|SO|II AKa 303/17|Wyrok|56|https://www.saos.org.pl/judgments/325663
317327|2017-10-18|SO|II AKa 279/17|Wyrok|56|https://www.saos.org.pl/judgments/317327
314389|2017-10-18|SO|II AKa 278/17|Wyrok|56|https://www.saos.org.pl/judgments/314389
500553|2017-10-17|SO|II AKa 168/17|Wyrok|56|https://www.saos.org.pl/judgments/500553
313845|2017-10-17|SO|II AKa 148/17|Wyrok|56|https://www.saos.org.pl/judgments/313845
323483|2017-10-12|SO|II AKa 384/17|Wyrok|56|https://www.saos.org.pl/judgments/323483
312603|2017-10-12|SO|II AKa 123/17|Wyrok|56|https://www.saos.org.pl/judgments/312603
317326|2017-10-11|SO|II AKa 264/17|Wyrok|56|https://www.saos.org.pl/judgments/317326
314384|2017-10-11|SO|II AKa 263/17|Wyrok|56|https://www.saos.org.pl/judgments/314384
411715|2017-10-05|SO|II AKa 35/17|Wyrok|56|https://www.saos.org.pl/judgments/411715
364115|2017-10-05|SO|II AKa 123/17|Wyrok|56|https://www.saos.org.pl/judgments/364115
323477|2017-10-05|SO|II AKa 356/17|Wyrok|56|https://www.saos.org.pl/judgments/323477
318349|2017-10-05|SO|II AKa 115/17|Wyrok|56|https://www.saos.org.pl/judgments/318349
308722|2017-10-04|SO|II AKa 193/17|Wyrok|56|https://www.saos.org.pl/judgments/308722
323472|2017-09-29|SO|II AKa 285/17|Wyrok|56|https://www.saos.org.pl/judgments/323472
320795|2017-09-27|SO|II AKa 341/16|Wyrok|56|https://www.saos.org.pl/judgments/320795
310163|2017-09-27|SO|II AKa 122/17|Wyrok|56|https://www.saos.org.pl/judgments/310163
314361|2017-09-26|SO|II AKa 142/17|Wyrok|56|https://www.saos.org.pl/judgments/314361
311903|2017-09-25|SO|I ACa 271/17|Wyrok|56|https://www.saos.org.pl/judgments/311903
447360|2017-09-22|SO|II AKa 324/17|Wyrok|56|https://www.saos.org.pl/judgments/447360
323214|2017-09-21|SO|II AKa 293/17|Wyrok|56|https://www.saos.org.pl/judgments/323214
304923|2017-09-20|SO|II AKa 154/17|Wyrok|56|https://www.saos.org.pl/judgments/304923
307691|2017-09-19|SO|II AKa 182/17|Wyrok|56|https://www.saos.org.pl/judgments/307691
318941|2017-09-13|SO|III APa 11/17|Wyrok|56|https://www.saos.org.pl/judgments/318941
316251|2017-09-12|SO|II AKa 388/16|Wyrok|56|https://www.saos.org.pl/judgments/316251
313846|2017-09-12|SO|II AKa 178/17|Wyrok|56|https://www.saos.org.pl/judgments/313846
310174|2017-09-12|SO|II AKa 223/17|Wyrok|56|https://www.saos.org.pl/judgments/310174
320530|2017-09-07|SO|I ACa 1071/16|Wyrok|56|https://www.saos.org.pl/judgments/320530
312698|2017-08-31|SO|VI ACa 893/16|Wyrok|56|https://www.saos.org.pl/judgments/312698
310170|2017-08-31|SO|II AKa 214/17|Wyrok|56|https://www.saos.org.pl/judgments/310170
304913|2017-08-31|SO|II AKa 100/17|Wyrok|56|https://www.saos.org.pl/judgments/304913
314362|2017-08-30|SO|II AKa 155/17|Wyrok|56|https://www.saos.org.pl/judgments/314362
310992|2017-08-30|SO|II AKa 164/17|Wyrok|56|https://www.saos.org.pl/judgments/310992
322336|2017-08-17|SO|III AUa 755/16|Wyrok|56|https://www.saos.org.pl/judgments/322336
309284|2017-08-17|SO|II AKa 73/17|Wyrok|56|https://www.saos.org.pl/judgments/309284
304940|2017-08-17|SO|II AKa 215/17|Wyrok|56|https://www.saos.org.pl/judgments/304940
344495|2017-08-11|SO|II AKa 173/17|Wyrok|56|https://www.saos.org.pl/judgments/344495
318354|2017-08-10|SO|II AKa 287/17|Wyrok|56|https://www.saos.org.pl/judgments/318354
304956|2017-08-09|SO|II AKa 96/17|Wyrok|56|https://www.saos.org.pl/judgments/304956
304935|2017-08-09|SO|II AKa 198/17|Wyrok|56|https://www.saos.org.pl/judgments/304935
304934|2017-08-09|SO|II AKa 193/17|Wyrok|56|https://www.saos.org.pl/judgments/304934
301074|2017-08-08|SO|II AKa 156/17|Wyrok|56|https://www.saos.org.pl/judgments/301074
300143|2017-08-04|SO|II AKa 187/17|Wyrok|56|https://www.saos.org.pl/judgments/300143
308730|2017-07-28|SO|II AKa 75/17|Wyrok|56|https://www.saos.org.pl/judgments/308730
319873|2017-07-27|SO|II AKa 269/17|Wyrok|56|https://www.saos.org.pl/judgments/319873
298911|2017-07-27|SO|II AKa 191/17|Wyrok|56|https://www.saos.org.pl/judgments/298911
304933|2017-07-25|SO|II AKa 189/17|Wyrok|56|https://www.saos.org.pl/judgments/304933
301073|2017-07-21|SO|II AKa 128/17|Wyrok|56|https://www.saos.org.pl/judgments/301073
310423|2017-07-20|SO|II AKa 290/17|Wyrok|56|https://www.saos.org.pl/judgments/310423
314398|2017-07-19|SO|II AKa 75/17|Wyrok|56|https://www.saos.org.pl/judgments/314398
304945|2017-07-19|SO|II AKa 30/17|Wyrok|56|https://www.saos.org.pl/judgments/304945
302721|2017-07-19|SO|II AKa 192/17|Wyrok|56|https://www.saos.org.pl/judgments/302721
299776|2017-07-19|SO|II AKa 84/17|Wyrok|56|https://www.saos.org.pl/judgments/299776
298909|2017-07-19|SO|II AKa 171/17|Wyrok|56|https://www.saos.org.pl/judgments/298909
319870|2017-07-13|SO|II AKa 227/17|Wyrok|56|https://www.saos.org.pl/judgments/319870
307692|2017-07-13|SO|II AKa 186/17|Wyrok|56|https://www.saos.org.pl/judgments/307692
296107|2017-07-12|SO|II AKa 194/17|Wyrok|56|https://www.saos.org.pl/judgments/296107
397123|2017-07-07|SO|II AKa 97/17|Wyrok|56|https://www.saos.org.pl/judgments/397123
315312|2017-07-07|SO|II AKa 63/17|Wyrok|56|https://www.saos.org.pl/judgments/315312
304951|2017-07-07|SO|II AKa 69/17|Wyrok|56|https://www.saos.org.pl/judgments/304951
304950|2017-07-07|SO|II AKa 50/17|Wyrok|56|https://www.saos.org.pl/judgments/304950
295032|2017-07-07|SO|II AKa 161/17|Wyrok|56|https://www.saos.org.pl/judgments/295032
308361|2017-07-06|SO|II AKa 84/17|Wyrok|56|https://www.saos.org.pl/judgments/308361
303683|2017-07-05|SO|II AKa 116/17|Wyrok|56|https://www.saos.org.pl/judgments/303683
298907|2017-07-05|SO|II AKa 154/17|Wyrok|56|https://www.saos.org.pl/judgments/298907
319869|2017-06-30|SO|II AKa 211/17|Wyrok|56|https://www.saos.org.pl/judgments/319869
319868|2017-06-30|SO|II AKa 211/17|Wyrok|56|https://www.saos.org.pl/judgments/319868
364214|2017-06-29|SO|II AKa 112/17|Wyrok|56|https://www.saos.org.pl/judgments/364214
320790|2017-06-29|SO|II AKa 124/17|Wyrok|56|https://www.saos.org.pl/judgments/320790
312824|2017-06-29|SO|II AKa 104/17|Wyrok|56|https://www.saos.org.pl/judgments/312824
308362|2017-06-29|SO|II AKa 89/17|Wyrok|56|https://www.saos.org.pl/judgments/308362
310994|2017-06-28|SO|II AKa 440/16|Wyrok|56|https://www.saos.org.pl/judgments/310994
304924|2017-06-28|SO|II AKa 159/17|Wyrok|56|https://www.saos.org.pl/judgments/304924
308729|2017-06-21|SO|II AKa 62/17|Wyrok|56|https://www.saos.org.pl/judgments/308729
308522|2017-06-21|SO|II AKa 126/17|Wyrok|56|https://www.saos.org.pl/judgments/308522
293105|2017-06-21|SO|II AKa 141/17|Wyrok|56|https://www.saos.org.pl/judgments/293105
298489|2017-06-19|SO|II AKa 76/17|Wyrok|56|https://www.saos.org.pl/judgments/298489
298488|2017-06-19|SO|II AKa 76/17|Wyrok|56|https://www.saos.org.pl/judgments/298488
298899|2017-06-12|SO|II AKa 117/17|Wyrok|56|https://www.saos.org.pl/judgments/298899
298065|2017-06-12|SO|II AKa 404/16|Wyrok|56|https://www.saos.org.pl/judgments/298065
304953|2017-06-08|SO|II AKa 91/17|Wyrok|56|https://www.saos.org.pl/judgments/304953
291934|2017-06-06|SO|II AKa 364/16|Wyrok|56|https://www.saos.org.pl/judgments/291934
289909|2017-06-02|SO|II AKa 137/17|Wyrok|56|https://www.saos.org.pl/judgments/289909
397062|2017-06-01|SO|II AKa 192/16|Wyrok|56|https://www.saos.org.pl/judgments/397062
298483|2017-05-31|SO|II AKa 457/16|Wyrok|56|https://www.saos.org.pl/judgments/298483
293110|2017-05-29|SO|II AKa 46/17|Wyrok|56|https://www.saos.org.pl/judgments/293110
436664|2017-05-25|SO|II AKa 246/16|Wyrok|56|https://www.saos.org.pl/judgments/436664
320796|2017-05-25|SO|II AKa 40/16|Wyrok|56|https://www.saos.org.pl/judgments/320796
308999|2017-05-25|SO|II AKa 46/17|Wyrok|56|https://www.saos.org.pl/judgments/308999
298487|2017-05-25|SO|II AKa 72/17|Wyrok|56|https://www.saos.org.pl/judgments/298487
289900|2017-05-22|SO|II AKa 100/17|Wyrok|56|https://www.saos.org.pl/judgments/289900
292706|2017-05-18|SO|II AKa 75/17|Wyrok|56|https://www.saos.org.pl/judgments/292706
289923|2017-05-17|SO|II AKa 76/17|Wyrok|56|https://www.saos.org.pl/judgments/289923
293108|2017-05-16|SO|II AKa 35/17|Wyrok|56|https://www.saos.org.pl/judgments/293108
296694|2017-05-12|SO|II AKa 47/17|Wyrok|56|https://www.saos.org.pl/judgments/296694
319875|2017-05-11|SO|II AKa 293/16|Wyrok|56|https://www.saos.org.pl/judgments/319875
313556|2017-05-11|SO|II AKa 78/17|Wyrok|56|https://www.saos.org.pl/judgments/313556
304955|2017-05-10|SO|II AKa 92/17|Wyrok|56|https://www.saos.org.pl/judgments/304955
295782|2017-05-10|SO|II AKa 105/17|Wyrok|56|https://www.saos.org.pl/judgments/295782
291078|2017-05-10|SO|II AKa 70/17|Wyrok|56|https://www.saos.org.pl/judgments/291078
310183|2017-05-09|SO|II AKa 302/16|Wyrok|56|https://www.saos.org.pl/judgments/310183
288402|2017-05-09|SO|II AKa 54/17|Wyrok|56|https://www.saos.org.pl/judgments/288402
293107|2017-04-28|SO|II AKa 257/16|Wyrok|56|https://www.saos.org.pl/judgments/293107
288401|2017-04-28|SO|II AKa 41/17|Wyrok|56|https://www.saos.org.pl/judgments/288401
285219|2017-04-28|SO|II AKa 62/17|Wyrok|56|https://www.saos.org.pl/judgments/285219
340397|2017-04-27|SO|II AKa 37/17|Wyrok|56|https://www.saos.org.pl/judgments/340397
307402|2017-04-27|SO|II AKa 95/17|Wyrok|56|https://www.saos.org.pl/judgments/307402
284404|2017-04-27|SO|II AKa 213/16|Wyrok|56|https://www.saos.org.pl/judgments/284404
285205|2017-04-26|SO|II AKa 191/16|Wyrok|56|https://www.saos.org.pl/judgments/285205
298166|2017-04-25|SO|III AUa 2023/16|Wyrok|56|https://www.saos.org.pl/judgments/298166
291077|2017-04-24|SO|II AKa 63/17|Wyrok|56|https://www.saos.org.pl/judgments/291077
283197|2017-04-21|SO|II AKa 456/16|Wyrok|56|https://www.saos.org.pl/judgments/283197
312843|2017-04-20|SO|II AKa 54/17|Wyrok|56|https://www.saos.org.pl/judgments/312843
292925|2017-04-13|SO|II AKa 31/17|Wyrok|56|https://www.saos.org.pl/judgments/292925
284411|2017-04-13|SO|II AKa 38/17|Wyrok|56|https://www.saos.org.pl/judgments/284411
298466|2017-04-06|SO|II AKa 17/17|Wyrok|56|https://www.saos.org.pl/judgments/298466
286224|2017-04-06|SO|I ACa 922/16|Wyrok|56|https://www.saos.org.pl/judgments/286224
313545|2017-04-05|SO|II AKa 18/17|Wyrok|56|https://www.saos.org.pl/judgments/313545
310182|2017-04-05|SO|II AKa 274/16|Wyrok|56|https://www.saos.org.pl/judgments/310182
285218|2017-03-31|SO|II AKa 450/16|Wyrok|56|https://www.saos.org.pl/judgments/285218
337860|2017-03-30|SO|II AKa 322/16|Wyrok|56|https://www.saos.org.pl/judgments/337860
290115|2017-03-30|SO|III APo 11/16|Wyrok|56|https://www.saos.org.pl/judgments/290115
295788|2017-03-24|SO|II AKa 3/17|Wyrok|56|https://www.saos.org.pl/judgments/295788
287969|2017-03-24|SO|II AKa 473/16|Wyrok|56|https://www.saos.org.pl/judgments/287969
281635|2017-03-21|SO|II AKa 17/17|Wyrok|56|https://www.saos.org.pl/judgments/281635
284406|2017-03-16|SO|II AKa 25/17|Wyrok|56|https://www.saos.org.pl/judgments/284406
280689|2017-03-15|SO|II AKa 463/16|Wyrok|56|https://www.saos.org.pl/judgments/280689
279685|2017-03-15|SO|II AKa 12/17|Wyrok|56|https://www.saos.org.pl/judgments/279685
429500|2017-03-09|SO|II AKa 521/16|Wyrok|56|https://www.saos.org.pl/judgments/429500
280692|2017-03-09|SO|II AKa 496/16|Wyrok|56|https://www.saos.org.pl/judgments/280692
280670|2017-03-09|SO|II AKa 28/17|Wyrok|56|https://www.saos.org.pl/judgments/280670
285211|2017-03-08|SO|II AKa 216/16|Wyrok|56|https://www.saos.org.pl/judgments/285211
281634|2017-03-08|SO|II AKa 14/17|Wyrok|56|https://www.saos.org.pl/judgments/281634
280669|2017-03-08|SO|II AKa 272/15|Wyrok|56|https://www.saos.org.pl/judgments/280669
281633|2017-03-07|SO|II AKa 14/17|Wyrok|56|https://www.saos.org.pl/judgments/281633
289054|2017-03-06|SO|II AKa 323/16|Wyrok|56|https://www.saos.org.pl/judgments/289054
282726|2017-03-02|SO|II AKa 279/16|Wyrok|56|https://www.saos.org.pl/judgments/282726
273921|2017-03-01|SO|II AKa 2/17|Wyrok|56|https://www.saos.org.pl/judgments/273921
276130|2017-02-28|SO|II AKa 426/16|Wyrok|56|https://www.saos.org.pl/judgments/276130
279688|2017-02-24|SO|II AKa 414/16|Wyrok|56|https://www.saos.org.pl/judgments/279688
280697|2017-02-16|SO|II AKa 526/16|Wyrok|56|https://www.saos.org.pl/judgments/280697
280696|2017-02-16|SO|II AKa 525/16|Wyrok|56|https://www.saos.org.pl/judgments/280696
313857|2017-02-15|SO|II AKa 69/16|Wyrok|56|https://www.saos.org.pl/judgments/313857
278892|2017-02-15|SO|II AKa 9/17|Wyrok|56|https://www.saos.org.pl/judgments/278892
364219|2017-02-14|SO|II AKa 245/16|Wyrok|56|https://www.saos.org.pl/judgments/364219
273924|2017-02-09|SO|II AKa 210/16|Wyrok|56|https://www.saos.org.pl/judgments/273924
273897|2017-02-09|SO|II AKa 1/17|Wyrok|56|https://www.saos.org.pl/judgments/273897
273454|2017-02-08|SO|I ACa 1016/16|Wyrok|56|https://www.saos.org.pl/judgments/273454
285207|2017-02-02|SO|II AKa 197/16|Wyrok|56|https://www.saos.org.pl/judgments/285207
273909|2017-02-01|SO|II AKa 168/16|Wyrok|56|https://www.saos.org.pl/judgments/273909
436580|2017-01-31|SO|II AKa 435/16|Wyrok|56|https://www.saos.org.pl/judgments/436580
285214|2017-01-31|SO|II AKa 307/16|Wyrok|56|https://www.saos.org.pl/judgments/285214
283465|2017-01-31|SO|II AKa 204/16|Wyrok|56|https://www.saos.org.pl/judgments/283465
277498|2017-01-27|SO|II AKa 391/16|Wyrok|56|https://www.saos.org.pl/judgments/277498
273912|2017-01-27|SO|II AKa 173/16|Wyrok|56|https://www.saos.org.pl/judgments/273912
273903|2017-01-26|SO|II AKa 155/16|Wyrok|56|https://www.saos.org.pl/judgments/273903
277499|2017-01-20|SO|II AKa 441/16|Wyrok|56|https://www.saos.org.pl/judgments/277499
294289|2017-01-18|SO|II AKa 418/16|Wyrok|56|https://www.saos.org.pl/judgments/294289
294288|2017-01-18|SO|II AKa 409/16|Wyrok|56|https://www.saos.org.pl/judgments/294288
270258|2017-01-18|SO|II AKa 434/16|Wyrok|56|https://www.saos.org.pl/judgments/270258
307757|2017-01-12|SO|II AKa 394/15|Wyrok|56|https://www.saos.org.pl/judgments/307757
273908|2016-12-30|SO|II AKa 167/16|Wyrok|56|https://www.saos.org.pl/judgments/273908
269175|2016-12-30|SO|II AKa 180/16|Wyrok|56|https://www.saos.org.pl/judgments/269175
294285|2016-12-29|SO|II AKa 224/16|Wyrok|56|https://www.saos.org.pl/judgments/294285
284396|2016-12-29|SO|II AKa 145/16|Wyrok|56|https://www.saos.org.pl/judgments/284396
280668|2016-12-29|SO|II AKa 260/16|Wyrok|56|https://www.saos.org.pl/judgments/280668
399517|2016-12-28|SO|II AKa 218/16|Wyrok|56|https://www.saos.org.pl/judgments/399517
273947|2016-12-28|SO|II AKa 395/16|Wyrok|56|https://www.saos.org.pl/judgments/273947
273918|2016-12-28|SO|II AKa 185/16|Wyrok|56|https://www.saos.org.pl/judgments/273918
268510|2016-12-22|SO|II AKa 188/16|Wyrok|56|https://www.saos.org.pl/judgments/268510
267034|2016-12-22|SO|II AKa 337/16|Wyrok|56|https://www.saos.org.pl/judgments/267034
277494|2016-12-20|SO|II AKa 304/16|Wyrok|56|https://www.saos.org.pl/judgments/277494
270168|2016-12-20|SO|I ACa 692/16|Wyrok|56|https://www.saos.org.pl/judgments/270168
285206|2016-12-19|SO|II AKa 194/16|Wyrok|56|https://www.saos.org.pl/judgments/285206
265930|2016-12-19|SO|II AKa 390/16|Wyrok|56|https://www.saos.org.pl/judgments/265930
271570|2016-12-16|SO|II AKa 325/16|Wyrok|56|https://www.saos.org.pl/judgments/271570
265385|2016-12-16|SO|II AKa 313/16|Wyrok|56|https://www.saos.org.pl/judgments/265385
271575|2016-12-15|SO|II AKa 361/16|Wyrok|56|https://www.saos.org.pl/judgments/271575
269840|2016-12-14|SO|I ACa 618/16|Wyrok|56|https://www.saos.org.pl/judgments/269840
273916|2016-12-13|SO|II AKa 178/16|Wyrok|56|https://www.saos.org.pl/judgments/273916
484787|2016-12-08|SO|II AKa 77/16|Wyrok|56|https://www.saos.org.pl/judgments/484787
271074|2016-12-08|SO|II AKa 177/16|Wyrok|56|https://www.saos.org.pl/judgments/271074
261319|2016-12-08|SO|II AKa 180/16|Wyrok|56|https://www.saos.org.pl/judgments/261319
280663|2016-12-07|SO|II AKa 223/16|Wyrok|56|https://www.saos.org.pl/judgments/280663
493121|2016-12-06|SO|II AKa 155/16|Wyrok|56|https://www.saos.org.pl/judgments/493121
260783|2016-12-06|SO|II AKa 319/16|Wyrok|56|https://www.saos.org.pl/judgments/260783
267674|2016-12-05|SO|II AKa 171/16|Wyrok|56|https://www.saos.org.pl/judgments/267674
525305|2016-12-02|SO|II AKa 440/16|Wyrok|56|https://www.saos.org.pl/judgments/525305
268514|2016-12-01|SO|II AKa 446/16|Wyrok|56|https://www.saos.org.pl/judgments/268514
268332|2016-12-01|SO|II AKa 302/16|Wyrok|56|https://www.saos.org.pl/judgments/268332
260789|2016-12-01|SO|II AKa 359/16|Wyrok|56|https://www.saos.org.pl/judgments/260789
267028|2016-11-30|SO|II AKa 301/16|Wyrok|56|https://www.saos.org.pl/judgments/267028
263342|2016-11-30|SO|II AKa 242/16|Wyrok|56|https://www.saos.org.pl/judgments/263342
260780|2016-11-29|SO|II AKa 303/16|Wyrok|56|https://www.saos.org.pl/judgments/260780
275508|2016-11-28|SO|II AKa 157/16|Wyrok|56|https://www.saos.org.pl/judgments/275508
270850|2016-11-24|SO|II AKa 148/16|Wyrok|56|https://www.saos.org.pl/judgments/270850
268507|2016-11-24|SO|II AKa 160/16|Wyrok|56|https://www.saos.org.pl/judgments/268507
273933|2016-11-22|SO|II AKa 255/16|Wyrok|56|https://www.saos.org.pl/judgments/273933
268506|2016-11-17|SO|II AKa 159/16|Wyrok|56|https://www.saos.org.pl/judgments/268506
267330|2016-11-17|SO|II AKa 455/16|Wyrok|56|https://www.saos.org.pl/judgments/267330
265388|2016-11-16|SO|II AKa 345/16|Wyrok|56|https://www.saos.org.pl/judgments/265388
261035|2016-11-16|SO|II AKa 367/16|Wyrok|56|https://www.saos.org.pl/judgments/261035
261325|2016-11-14|SO|II AKa 335/16|Wyrok|56|https://www.saos.org.pl/judgments/261325
260787|2016-11-14|SO|II AKa 343/16|Wyrok|56|https://www.saos.org.pl/judgments/260787
377725|2016-11-10|SO|II AKa 400/16|Wyrok|56|https://www.saos.org.pl/judgments/377725
268342|2016-11-10|SO|II AKa 420/16|Wyrok|56|https://www.saos.org.pl/judgments/268342
262392|2016-11-10|SO|II AKa 288/16|Wyrok|56|https://www.saos.org.pl/judgments/262392
526311|2016-11-09|SO|II AKa 431/16|Wyrok|56|https://www.saos.org.pl/judgments/526311
407449|2016-11-09|SO|II AKa 369/16|Wyrok|56|https://www.saos.org.pl/judgments/407449
268511|2016-11-08|SO|II AKa 224/15|Wyrok|56|https://www.saos.org.pl/judgments/268511
258846|2016-11-08|SO|II AKa 226/16|Wyrok|56|https://www.saos.org.pl/judgments/258846
269442|2016-11-04|SO|II AKa 89/16|Wyrok|56|https://www.saos.org.pl/judgments/269442
263098|2016-11-04|SO|II AKa 256/16|Wyrok|56|https://www.saos.org.pl/judgments/263098
260117|2016-11-04|SO|II AKa 269/16|Wyrok|56|https://www.saos.org.pl/judgments/260117
269173|2016-11-03|SO|II AKa 148/16|Wyrok|56|https://www.saos.org.pl/judgments/269173
262739|2016-11-03|SO|II AKa 318/16|Wyrok|56|https://www.saos.org.pl/judgments/262739
262736|2016-11-03|SO|II AKa 249/16|Wyrok|56|https://www.saos.org.pl/judgments/262736
259457|2016-11-03|SO|II AKa 198/16|Wyrok|56|https://www.saos.org.pl/judgments/259457
262738|2016-10-28|SO|II AKa 267/16|Wyrok|56|https://www.saos.org.pl/judgments/262738
285200|2016-10-27|SO|II AKa 162/16|Wyrok|56|https://www.saos.org.pl/judgments/285200
276127|2016-10-27|SO|II AKa 123/16|Wyrok|56|https://www.saos.org.pl/judgments/276127
261316|2016-10-27|SO|II AKa 153/16|Wyrok|56|https://www.saos.org.pl/judgments/261316
261315|2016-10-27|SO|II AKa 142/16|Wyrok|56|https://www.saos.org.pl/judgments/261315
259463|2016-10-27|SO|II AKa 323/16|Wyrok|56|https://www.saos.org.pl/judgments/259463
273940|2016-10-25|SO|II AKa 326/16|Wyrok|56|https://www.saos.org.pl/judgments/273940
268062|2016-10-25|SO|II AKa 140/16|Wyrok|56|https://www.saos.org.pl/judgments/268062
267024|2016-10-25|SO|II AKa 252/16|Wyrok|56|https://www.saos.org.pl/judgments/267024
258039|2016-10-25|SO|I ACa 769/16|Wyrok|56|https://www.saos.org.pl/judgments/258039
269439|2016-10-24|SO|II AKa 40/16|Wyrok|56|https://www.saos.org.pl/judgments/269439
265381|2016-10-24|SO|II AKa 197/16|Wyrok|56|https://www.saos.org.pl/judgments/265381
280661|2016-10-20|SO|II AKa 203/16|Wyrok|56|https://www.saos.org.pl/judgments/280661
415733|2016-10-17|SO|I ACa 610/16|Wyrok|56|https://www.saos.org.pl/judgments/415733
258108|2016-10-14|SO|II AKa 301/16|Wyrok|56|https://www.saos.org.pl/judgments/258108
260115|2016-10-12|SO|II AKa 211/16|Wyrok|56|https://www.saos.org.pl/judgments/260115
258815|2016-10-12|SO|II AKa 149/16|Wyrok|56|https://www.saos.org.pl/judgments/258815
269443|2016-09-29|SO|II AKa 97/16|Wyrok|56|https://www.saos.org.pl/judgments/269443
265379|2016-09-28|SO|II AKa 111/16|Wyrok|56|https://www.saos.org.pl/judgments/265379
258801|2016-09-28|SO|II AKa 117/16|Wyrok|56|https://www.saos.org.pl/judgments/258801
472236|2016-09-26|SO|II AKa 121/16|Wyrok|56|https://www.saos.org.pl/judgments/472236
260116|2016-09-23|SO|II AKa 260/16|Wyrok|56|https://www.saos.org.pl/judgments/260116
273906|2016-09-19|SO|II AKa 165/16|Wyrok|56|https://www.saos.org.pl/judgments/273906
308996|2016-09-15|SO|II AKa 116/16|Wyrok|56|https://www.saos.org.pl/judgments/308996
359658|2016-09-08|SO|II AKa 123/16|Wyrok|56|https://www.saos.org.pl/judgments/359658
266461|2016-09-07|SO|II AKa 244/16|Wyrok|56|https://www.saos.org.pl/judgments/266461
258106|2016-09-07|SO|II AKa 203/16|Wyrok|56|https://www.saos.org.pl/judgments/258106
251861|2016-09-07|SO|II AKa 216/16|Wyrok|56|https://www.saos.org.pl/judgments/251861
251858|2016-09-07|SO|II AKa 206/16|Wyrok|56|https://www.saos.org.pl/judgments/251858
252113|2016-09-01|SO|II AKa 267/16|Wyrok|56|https://www.saos.org.pl/judgments/252113
252107|2016-08-30|SO|II AKa 154/16|Wyrok|56|https://www.saos.org.pl/judgments/252107
249617|2016-08-30|SO|II AKa 190/16|Wyrok|56|https://www.saos.org.pl/judgments/249617
249616|2016-08-30|SO|II AKa 172/16|Wyrok|56|https://www.saos.org.pl/judgments/249616
258842|2016-08-10|SO|II AKa 219/16|Wyrok|56|https://www.saos.org.pl/judgments/258842
246675|2016-08-04|SO|II AKa 254/16|Wyrok|56|https://www.saos.org.pl/judgments/246675
252999|2016-07-28|SO|II AKa 104/16|Wyrok|56|https://www.saos.org.pl/judgments/252999
258824|2016-07-27|SO|II AKa 170/16|Wyrok|56|https://www.saos.org.pl/judgments/258824
258876|2016-07-22|SO|II AKa 81/16|Wyrok|56|https://www.saos.org.pl/judgments/258876
241429|2016-07-20|SO|II AKa 177/16|Wyrok|56|https://www.saos.org.pl/judgments/241429
241428|2016-07-20|SO|II AKa 174/16|Wyrok|56|https://www.saos.org.pl/judgments/241428
261320|2016-07-15|SO|II AKa 180/16|Wyrok|56|https://www.saos.org.pl/judgments/261320
248188|2016-07-15|SO|II AKa 245/16|Wyrok|56|https://www.saos.org.pl/judgments/248188
246893|2016-07-15|SO|II AKa 172/16|Wyrok|56|https://www.saos.org.pl/judgments/246893
261312|2016-07-14|SO|II AKa 106/16|Wyrok|56|https://www.saos.org.pl/judgments/261312
248972|2016-07-14|SO|II AKa 73/16|Wyrok|56|https://www.saos.org.pl/judgments/248972
241131|2016-07-14|SO|II AKa 155/16|Wyrok|56|https://www.saos.org.pl/judgments/241131
258838|2016-07-08|SO|II AKa 212/16|Wyrok|56|https://www.saos.org.pl/judgments/258838
261329|2016-07-07|SO|II AKa 99/16|Wyrok|56|https://www.saos.org.pl/judgments/261329
239620|2016-07-07|SO|II AKa 91/16|Wyrok|56|https://www.saos.org.pl/judgments/239620
272471|2016-07-06|SO|VI ACa 318/15|Wyrok|56|https://www.saos.org.pl/judgments/272471
447353|2016-06-30|SO|II AKa 123/16|Wyrok|56|https://www.saos.org.pl/judgments/447353
447352|2016-06-30|SO|II AKa 123/16|Wyrok|56|https://www.saos.org.pl/judgments/447352
271577|2016-06-30|SO|II AKa 93/16|Wyrok|56|https://www.saos.org.pl/judgments/271577
246889|2016-06-29|SO|II AKa 146/16|Wyrok|56|https://www.saos.org.pl/judgments/246889
241420|2016-06-29|SO|II AKa 137/16|Wyrok|56|https://www.saos.org.pl/judgments/241420
280665|2016-06-27|SO|II AKa 24/16|Wyrok|56|https://www.saos.org.pl/judgments/280665
250601|2016-06-23|SO|II AKa 88/16|Wyrok|56|https://www.saos.org.pl/judgments/250601
250600|2016-06-23|SO|II AKa 87/16|Wyrok|56|https://www.saos.org.pl/judgments/250600
241595|2016-06-23|SO|II AKa 143/16|Wyrok|56|https://www.saos.org.pl/judgments/241595
255133|2016-06-22|SO|II AKa 52/16|Wyrok|56|https://www.saos.org.pl/judgments/255133
247267|2016-06-21|SO|I ACa 372/16|Wyrok|56|https://www.saos.org.pl/judgments/247267
250596|2016-06-20|SO|II AKa 65/16|Wyrok|56|https://www.saos.org.pl/judgments/250596
241599|2016-06-16|SO|II AKa 200/16|Wyrok|56|https://www.saos.org.pl/judgments/241599
234998|2016-06-16|SO|II AKa 138/16|Wyrok|56|https://www.saos.org.pl/judgments/234998
239899|2016-06-14|SO|II AKa 62/16|Wyrok|56|https://www.saos.org.pl/judgments/239899
236630|2016-06-14|SO|II AKa 97/16|Wyrok|56|https://www.saos.org.pl/judgments/236630
260442|2016-06-13|SO|II AKa 154/16|Wyrok|56|https://www.saos.org.pl/judgments/260442
253922|2016-06-09|SO|II AKa 77/16|Wyrok|56|https://www.saos.org.pl/judgments/253922
258872|2016-06-08|SO|II AKa 75/16|Wyrok|56|https://www.saos.org.pl/judgments/258872
236627|2016-06-07|SO|II AKa 116/16|Wyrok|56|https://www.saos.org.pl/judgments/236627
241594|2016-06-02|SO|II AKa 141/16|Wyrok|56|https://www.saos.org.pl/judgments/241594
250597|2016-05-31|SO|II AKa 76/16|Wyrok|56|https://www.saos.org.pl/judgments/250597
259653|2016-05-25|SO|II AKa 143/16|Wyrok|56|https://www.saos.org.pl/judgments/259653
258867|2016-05-25|SO|II AKa 51/16|Wyrok|56|https://www.saos.org.pl/judgments/258867
241593|2016-05-25|SO|II AKa 115/16|Wyrok|56|https://www.saos.org.pl/judgments/241593
234995|2016-05-25|SO|II AKa 116/16|Wyrok|56|https://www.saos.org.pl/judgments/234995
402806|2016-05-24|SO|II AKa 67/16|Wyrok|56|https://www.saos.org.pl/judgments/402806
249168|2016-05-24|SO|II AKa 101/16|Wyrok|56|https://www.saos.org.pl/judgments/249168
260447|2016-05-23|SO|II AKa 91/16|Wyrok|56|https://www.saos.org.pl/judgments/260447
258813|2016-05-23|SO|II AKa 145/16|Wyrok|56|https://www.saos.org.pl/judgments/258813
257232|2016-05-23|SO|II AKa 27/16|Wyrok|56|https://www.saos.org.pl/judgments/257232
417661|2016-05-19|SO|I ACa 1467/15|Wyrok|56|https://www.saos.org.pl/judgments/417661
249174|2016-05-19|SO|II AKa 67/16|Wyrok|56|https://www.saos.org.pl/judgments/249174
230801|2016-05-19|SO|II AKa 65/16|Wyrok|56|https://www.saos.org.pl/judgments/230801
223879|2016-05-19|SO|II AKa 68/16|Wyrok|56|https://www.saos.org.pl/judgments/223879
236628|2016-05-18|SO|II AKa 37/16|Wyrok|56|https://www.saos.org.pl/judgments/236628
231261|2016-05-18|SO|II AKa 110/16|Wyrok|56|https://www.saos.org.pl/judgments/231261
258802|2016-05-17|SO|II AKa 118/16|Wyrok|56|https://www.saos.org.pl/judgments/258802
229397|2016-05-13|SO|II AKa 91/16|Wyrok|56|https://www.saos.org.pl/judgments/229397
253918|2016-05-12|SO|II AKa 41/16|Wyrok|56|https://www.saos.org.pl/judgments/253918
238770|2016-05-12|SO|II AKa 100/16|Wyrok|56|https://www.saos.org.pl/judgments/238770
230802|2016-05-11|SO|II AKa 98/16|Wyrok|56|https://www.saos.org.pl/judgments/230802
257244|2016-05-10|SO|II AKa 422/15|Wyrok|56|https://www.saos.org.pl/judgments/257244
227052|2016-05-10|SO|I ACa 87/16|Wyrok|56|https://www.saos.org.pl/judgments/227052
253920|2016-05-05|SO|II AKa 53/16|Wyrok|56|https://www.saos.org.pl/judgments/253920
258875|2016-04-29|SO|II AKa 79/16|Wyrok|56|https://www.saos.org.pl/judgments/258875
253258|2016-04-28|SO|II AKa 33/16|Wyrok|56|https://www.saos.org.pl/judgments/253258
257224|2016-04-27|SO|II AKa 121/16|Wyrok|56|https://www.saos.org.pl/judgments/257224
225020|2016-04-27|SO|II AKa 89/16|Wyrok|56|https://www.saos.org.pl/judgments/225020
226440|2016-04-22|SO|II AKa 81/16|Wyrok|56|https://www.saos.org.pl/judgments/226440
231422|2016-04-21|SO|III AUa 625/15|Wyrok|56|https://www.saos.org.pl/judgments/231422
231267|2016-04-21|SO|II AKa 60/16|Wyrok|56|https://www.saos.org.pl/judgments/231267
225019|2016-04-21|SO|II AKa 85/16|Wyrok|56|https://www.saos.org.pl/judgments/225019
224998|2016-04-21|SO|II AKa 24/16|Wyrok|56|https://www.saos.org.pl/judgments/224998
228779|2016-04-20|SO|II AKa 86/16|Wyrok|56|https://www.saos.org.pl/judgments/228779
257242|2016-04-14|SO|II AKa 41/16|Wyrok|56|https://www.saos.org.pl/judgments/257242
246433|2016-04-14|SO|II AKa 194/15|Wyrok|56|https://www.saos.org.pl/judgments/246433
225016|2016-04-14|SO|II AKa 78/16|Wyrok|56|https://www.saos.org.pl/judgments/225016
323348|2016-04-13|SO|I ACa 283/16|Wyrok|56|https://www.saos.org.pl/judgments/323348
294653|2016-04-13|SO|II AKa 383/15|Wyrok|56|https://www.saos.org.pl/judgments/294653
257222|2016-04-13|SO|II AKa 102/16|Wyrok|56|https://www.saos.org.pl/judgments/257222
222452|2016-04-12|SO|II AKa 25/16|Wyrok|56|https://www.saos.org.pl/judgments/222452
257253|2016-04-11|SO|II AKa 70/16|Wyrok|56|https://www.saos.org.pl/judgments/257253
256811|2016-04-11|SO|II AKa 33/16|Wyrok|56|https://www.saos.org.pl/judgments/256811
257243|2016-04-08|SO|II AKa 42/16|Wyrok|56|https://www.saos.org.pl/judgments/257243
227662|2016-04-07|SO|II AKa 288/15|Wyrok|56|https://www.saos.org.pl/judgments/227662
427741|2016-04-06|SO|I ACa 964/15|Wyrok|56|https://www.saos.org.pl/judgments/427741
283471|2016-04-06|SO|II AKa 67/16|Wyrok|56|https://www.saos.org.pl/judgments/283471
227665|2016-04-06|SO|II AKa 58/16|Wyrok|56|https://www.saos.org.pl/judgments/227665
312835|2016-03-31|SO|II AKa 36/16|Wyrok|56|https://www.saos.org.pl/judgments/312835
241132|2016-03-30|SO|II AKa 35/16|Wyrok|56|https://www.saos.org.pl/judgments/241132
221888|2016-03-30|SO|II AKa 69/16|Wyrok|56|https://www.saos.org.pl/judgments/221888
273937|2016-03-29|SO|II AKa 27/16|Wyrok|56|https://www.saos.org.pl/judgments/273937
251863|2016-03-24|SO|II AKa 27/16|Wyrok|56|https://www.saos.org.pl/judgments/251863
239615|2016-03-24|SO|II AKa 29/16|Wyrok|56|https://www.saos.org.pl/judgments/239615
226434|2016-03-22|SO|II AKa 112/15|Wyrok|56|https://www.saos.org.pl/judgments/226434
226438|2016-03-21|SO|II AKa 403/15|Wyrok|56|https://www.saos.org.pl/judgments/226438
364116|2016-03-17|SO|II AKa 180/15|Wyrok|56|https://www.saos.org.pl/judgments/364116
253911|2016-03-17|SO|II AKa 16/16|Wyrok|56|https://www.saos.org.pl/judgments/253911
257237|2016-03-16|SO|II AKa 34/16|Wyrok|56|https://www.saos.org.pl/judgments/257237
219209|2016-03-16|SO|II AKa 54/16|Wyrok|56|https://www.saos.org.pl/judgments/219209
219207|2016-03-16|SO|II AKa 51/16|Wyrok|56|https://www.saos.org.pl/judgments/219207
219206|2016-03-11|SO|II AKa 49/16|Wyrok|56|https://www.saos.org.pl/judgments/219206
218429|2016-03-11|SO|II AKa 46/16|Wyrok|56|https://www.saos.org.pl/judgments/218429
225007|2016-03-10|SO|II AKa 519/15|Wyrok|56|https://www.saos.org.pl/judgments/225007
223523|2016-03-10|SO|II AKa 33/16|Wyrok|56|https://www.saos.org.pl/judgments/223523
251714|2016-03-09|SO|II AKa 202/15|Wyrok|56|https://www.saos.org.pl/judgments/251714
219200|2016-03-09|SO|II AKa 39/16|Wyrok|56|https://www.saos.org.pl/judgments/219200
257235|2016-03-07|SO|II AKa 3/16|Wyrok|56|https://www.saos.org.pl/judgments/257235
218415|2016-03-07|SO|II AKa 292/15|Wyrok|56|https://www.saos.org.pl/judgments/218415
224996|2016-03-04|SO|II AKa 14/16|Wyrok|56|https://www.saos.org.pl/judgments/224996
223867|2016-03-03|SO|II AKa 15/16|Wyrok|56|https://www.saos.org.pl/judgments/223867
222450|2016-03-03|SO|II AKa 13/16|Wyrok|56|https://www.saos.org.pl/judgments/222450
218424|2016-03-03|SO|II AKa 40/16|Wyrok|56|https://www.saos.org.pl/judgments/218424
219184|2016-03-02|SO|II AKa 29/16|Wyrok|56|https://www.saos.org.pl/judgments/219184
218417|2016-03-02|SO|II AKa 33/16|Wyrok|56|https://www.saos.org.pl/judgments/218417
218408|2016-03-02|SO|II AKa 17/16|Wyrok|56|https://www.saos.org.pl/judgments/218408
224448|2016-03-01|SO|II AKa 202/15|Wyrok|56|https://www.saos.org.pl/judgments/224448
213339|2016-02-26|SO|II AKa 3/16|Wyrok|56|https://www.saos.org.pl/judgments/213339
223110|2016-02-25|SO|II AKa 267/15|Wyrok|56|https://www.saos.org.pl/judgments/223110
227595|2016-02-24|SO|I ACa 1629/15|Wyrok|56|https://www.saos.org.pl/judgments/227595
234865|2016-02-23|SO|II AKa 364/15|Wyrok|56|https://www.saos.org.pl/judgments/234865
229396|2016-02-23|SO|II AKa 6/16|Wyrok|56|https://www.saos.org.pl/judgments/229396
280694|2016-02-19|SO|II AKa 498/15|Wyrok|56|https://www.saos.org.pl/judgments/280694
280693|2016-02-19|SO|II AKa 498/15|Wyrok|56|https://www.saos.org.pl/judgments/280693
252342|2016-02-18|SO|II AKa 237/15|Wyrok|56|https://www.saos.org.pl/judgments/252342
219166|2016-02-17|SO|II AKa 11/16|Wyrok|56|https://www.saos.org.pl/judgments/219166
234695|2016-02-16|SO|II AKa 367/15|Wyrok|56|https://www.saos.org.pl/judgments/234695
288719|2016-02-11|SO|II AKa 228/15|Wyrok|56|https://www.saos.org.pl/judgments/288719
223308|2016-02-11|SO|II AKa 8/16|Wyrok|56|https://www.saos.org.pl/judgments/223308
219182|2016-02-10|SO|II AKa 263/15|Wyrok|56|https://www.saos.org.pl/judgments/219182
228777|2016-02-03|SO|II AKa 304/15|Wyrok|56|https://www.saos.org.pl/judgments/228777
211339|2016-02-03|SO|II AKa 303/15|Wyrok|56|https://www.saos.org.pl/judgments/211339
222451|2016-02-02|SO|II AKa 190/15|Wyrok|56|https://www.saos.org.pl/judgments/222451
217760|2016-01-29|SO|II AKa 424/15|Wyrok|56|https://www.saos.org.pl/judgments/217760
219185|2016-01-26|SO|II AKa 292/15|Wyrok|56|https://www.saos.org.pl/judgments/219185
207929|2016-01-22|SO|II AKa 200/15|Wyrok|56|https://www.saos.org.pl/judgments/207929
263849|2016-01-21|SO|II AKa 434/15|Wyrok|56|https://www.saos.org.pl/judgments/263849
253913|2016-01-21|SO|II AKa 215/15|Wyrok|56|https://www.saos.org.pl/judgments/253913
253912|2016-01-21|SO|II AKa 209/15|Wyrok|56|https://www.saos.org.pl/judgments/253912
204473|2016-01-20|SO|II AKa 338/15|Wyrok|56|https://www.saos.org.pl/judgments/204473
210868|2016-01-19|SO|II AKa 253/15|Wyrok|56|https://www.saos.org.pl/judgments/210868
251860|2016-01-14|SO|II AKa 213/15|Wyrok|56|https://www.saos.org.pl/judgments/251860
216075|2016-01-14|SO|II AKa 423/15|Wyrok|56|https://www.saos.org.pl/judgments/216075
253910|2016-01-12|SO|II AKa 151/15|Wyrok|56|https://www.saos.org.pl/judgments/253910
203923|2016-01-12|SO|II AKa 288/15|Wyrok|56|https://www.saos.org.pl/judgments/203923
253533|2015-12-30|SO|II AKa 205/15|Wyrok|56|https://www.saos.org.pl/judgments/253533
253256|2015-12-30|SO|II AKa 216/15|Wyrok|56|https://www.saos.org.pl/judgments/253256
216073|2015-12-30|SO|II AKa 397/15|Wyrok|56|https://www.saos.org.pl/judgments/216073
219192|2015-12-29|SO|II AKa 317/15|Wyrok|56|https://www.saos.org.pl/judgments/219192
219183|2015-12-29|SO|II AKa 278/15|Wyrok|56|https://www.saos.org.pl/judgments/219183
204471|2015-12-29|SO|II AKa 314/15|Wyrok|56|https://www.saos.org.pl/judgments/204471
204454|2015-12-29|SO|II AKa 184/15|Wyrok|56|https://www.saos.org.pl/judgments/204454
199485|2015-12-29|SO|II AKa 179/15|Wyrok|56|https://www.saos.org.pl/judgments/199485
377720|2015-12-23|SO|II AKa 386/15|Wyrok|56|https://www.saos.org.pl/judgments/377720
265386|2015-12-22|SO|II AKa 338/15|Wyrok|56|https://www.saos.org.pl/judgments/265386
197237|2015-12-21|SO|II AKa 206/15|Wyrok|56|https://www.saos.org.pl/judgments/197237
199486|2015-12-17|SO|II AKa 248/15|Wyrok|56|https://www.saos.org.pl/judgments/199486
219191|2015-12-16|SO|II AKa 305/15|Wyrok|56|https://www.saos.org.pl/judgments/219191
219190|2015-12-16|SO|II AKa 303/15|Wyrok|56|https://www.saos.org.pl/judgments/219190
213816|2015-12-16|SO|II AKa 370/15|Wyrok|56|https://www.saos.org.pl/judgments/213816
314364|2015-12-15|SO|II AKa 156/15|Wyrok|56|https://www.saos.org.pl/judgments/314364
204480|2015-12-10|SO|II AKa 462/15|Wyrok|56|https://www.saos.org.pl/judgments/204480
203928|2015-12-09|SO|II AKa 358/15|Wyrok|56|https://www.saos.org.pl/judgments/203928
221345|2015-12-08|SO|II AKa 332/15|Wyrok|56|https://www.saos.org.pl/judgments/221345
216069|2015-12-04|SO|II AKa 269/15|Wyrok|56|https://www.saos.org.pl/judgments/216069
216071|2015-12-03|SO|II AKa 380/15|Wyrok|56|https://www.saos.org.pl/judgments/216071
220693|2015-12-02|SO|II AKa 373/15|Wyrok|56|https://www.saos.org.pl/judgments/220693
220692|2015-12-02|SO|II AKa 372/15|Wyrok|56|https://www.saos.org.pl/judgments/220692
211336|2015-11-24|SO|II AKa 222/15|Wyrok|56|https://www.saos.org.pl/judgments/211336
202798|2015-11-20|SO|II AKa 328/15|Wyrok|56|https://www.saos.org.pl/judgments/202798
195776|2015-11-19|SO|II AKa 286/15|Wyrok|56|https://www.saos.org.pl/judgments/195776
192445|2015-11-19|SO|II AKa 189/15|Wyrok|56|https://www.saos.org.pl/judgments/192445
191546|2015-11-19|SO|II AKa 285/15|Wyrok|56|https://www.saos.org.pl/judgments/191546
217321|2015-11-18|SO|II AKa 208/15|Wyrok|56|https://www.saos.org.pl/judgments/217321
213340|2015-11-18|SO|II AKa 315/15|Wyrok|56|https://www.saos.org.pl/judgments/213340
197642|2015-11-17|SO|II AKa 282/15|Wyrok|56|https://www.saos.org.pl/judgments/197642
202797|2015-11-16|SO|II AKa 310/15|Wyrok|56|https://www.saos.org.pl/judgments/202797
192454|2015-11-12|SO|II AKa 58/15|Wyrok|56|https://www.saos.org.pl/judgments/192454
192439|2015-11-12|SO|II AKa 171/15|Wyrok|56|https://www.saos.org.pl/judgments/192439
198499|2015-11-10|SO|II AKa 163/15|Wyrok|56|https://www.saos.org.pl/judgments/198499
197241|2015-11-06|SO|II AKa 413/15|Wyrok|56|https://www.saos.org.pl/judgments/197241
293617|2015-11-05|SO|II AKa 172/15|Wyrok|56|https://www.saos.org.pl/judgments/293617
220689|2015-11-05|SO|II AKa 344/15|Wyrok|56|https://www.saos.org.pl/judgments/220689
204453|2015-11-05|SO|II AKa 175/15|Wyrok|56|https://www.saos.org.pl/judgments/204453
197647|2015-11-04|SO|II AKa 322/15|Wyrok|56|https://www.saos.org.pl/judgments/197647
195773|2015-11-04|SO|II AKa 270/15|Wyrok|56|https://www.saos.org.pl/judgments/195773
198226|2015-11-03|SO|II AKa 215/15|Wyrok|56|https://www.saos.org.pl/judgments/198226
195389|2015-10-29|SO|II AKa 62/15|Wyrok|56|https://www.saos.org.pl/judgments/195389
192440|2015-10-29|SO|II AKa 174/15|Wyrok|56|https://www.saos.org.pl/judgments/192440
191286|2015-10-27|SO|II AKa 242/15|Wyrok|56|https://www.saos.org.pl/judgments/191286
525302|2015-10-22|SO|II AKa 306/15|Wyrok|56|https://www.saos.org.pl/judgments/525302
212818|2015-10-20|SO|II AKa 326/15|Wyrok|56|https://www.saos.org.pl/judgments/212818
190275|2015-10-20|SO|II AKa 237/15|Wyrok|56|https://www.saos.org.pl/judgments/190275
183004|2015-10-15|SO|II AKa 245/15|Wyrok|56|https://www.saos.org.pl/judgments/183004
182996|2015-10-15|SO|II AKa 239/15|Wyrok|56|https://www.saos.org.pl/judgments/182996
182990|2015-10-15|SO|II AKa 235/15|Wyrok|56|https://www.saos.org.pl/judgments/182990
220688|2015-10-12|SO|II AKa 276/15|Wyrok|56|https://www.saos.org.pl/judgments/220688
202796|2015-10-12|SO|II AKa 280/15|Wyrok|56|https://www.saos.org.pl/judgments/202796
191130|2015-10-12|SO|II AKa 236/15|Wyrok|56|https://www.saos.org.pl/judgments/191130
183021|2015-10-12|SO|II AKa 260/15|Wyrok|56|https://www.saos.org.pl/judgments/183021
182913|2015-10-12|SO|II AKa 148/15|Wyrok|56|https://www.saos.org.pl/judgments/182913
190976|2015-10-06|SO|II AKa 202/15|Wyrok|56|https://www.saos.org.pl/judgments/190976
182957|2015-10-06|SO|II AKa 199/15|Wyrok|56|https://www.saos.org.pl/judgments/182957
182899|2015-10-05|SO|II AKa 134/15|Wyrok|56|https://www.saos.org.pl/judgments/182899
223302|2015-10-02|SO|II AKa 163/14|Wyrok|56|https://www.saos.org.pl/judgments/223302
381506|2015-09-30|SO|II AKa 81/15|Wyrok|56|https://www.saos.org.pl/judgments/381506
195769|2015-09-30|SO|II AKa 238/15|Wyrok|56|https://www.saos.org.pl/judgments/195769
182985|2015-09-30|SO|II AKa 225/15|Wyrok|56|https://www.saos.org.pl/judgments/182985
182975|2015-09-30|SO|II AKa 214/15|Wyrok|56|https://www.saos.org.pl/judgments/182975
197240|2015-09-25|SO|II AKa 323/15|Wyrok|56|https://www.saos.org.pl/judgments/197240
182946|2015-09-24|SO|II AKa 188/15|Wyrok|56|https://www.saos.org.pl/judgments/182946
182980|2015-09-23|SO|II AKa 220/15|Wyrok|56|https://www.saos.org.pl/judgments/182980
322730|2015-09-22|SO|I ACa 651/15|Wyrok|56|https://www.saos.org.pl/judgments/322730
323353|2015-09-18|SO|I ACa 55/15|Wyrok|56|https://www.saos.org.pl/judgments/323353
197239|2015-09-18|SO|II AKa 268/15|Wyrok|56|https://www.saos.org.pl/judgments/197239
197238|2015-09-18|SO|II AKa 268/15|Wyrok|56|https://www.saos.org.pl/judgments/197238
212816|2015-09-17|SO|II AKa 294/15|Wyrok|56|https://www.saos.org.pl/judgments/212816
204451|2015-09-17|SO|II AKa 136/15|Wyrok|56|https://www.saos.org.pl/judgments/204451
202790|2015-09-16|SO|II AKa 168/14|Wyrok|56|https://www.saos.org.pl/judgments/202790
182977|2015-09-16|SO|II AKa 216/15|Wyrok|56|https://www.saos.org.pl/judgments/182977
181056|2015-09-16|SO|II AKa 233/15|Wyrok|56|https://www.saos.org.pl/judgments/181056
182939|2015-09-15|SO|II AKa 183/15|Wyrok|56|https://www.saos.org.pl/judgments/182939
198223|2015-09-11|SO|II AKa 127/15|Wyrok|56|https://www.saos.org.pl/judgments/198223
202787|2015-09-10|SO|II AKa 119/15|Wyrok|56|https://www.saos.org.pl/judgments/202787
182918|2015-09-10|SO|II AKa 154/15|Wyrok|56|https://www.saos.org.pl/judgments/182918
179392|2015-09-10|SO|II AKa 162/15|Wyrok|56|https://www.saos.org.pl/judgments/179392
204301|2015-09-08|SO|I ACa 612/13|Wyrok|56|https://www.saos.org.pl/judgments/204301
182983|2015-09-02|SO|II AKa 223/15|Wyrok|56|https://www.saos.org.pl/judgments/182983
182889|2015-09-01|SO|II AKa 120/15|Wyrok|56|https://www.saos.org.pl/judgments/182889
183034|2015-08-27|SO|II AKa 289/15|Wyrok|56|https://www.saos.org.pl/judgments/183034
182956|2015-08-27|SO|II AKa 197/15|Wyrok|56|https://www.saos.org.pl/judgments/182956
182905|2015-08-27|SO|II AKa 138/15|Wyrok|56|https://www.saos.org.pl/judgments/182905
178579|2015-08-26|SO|II AKa 196/15|Wyrok|56|https://www.saos.org.pl/judgments/178579
387222|2015-08-20|SO|II AKa 271/15|Wyrok|56|https://www.saos.org.pl/judgments/387222
183013|2015-08-20|SO|II AKa 254/15|Wyrok|56|https://www.saos.org.pl/judgments/183013
183003|2015-08-20|SO|II AKa 244/15|Wyrok|56|https://www.saos.org.pl/judgments/183003
177029|2015-08-20|SO|II AKa 174/15|Wyrok|56|https://www.saos.org.pl/judgments/177029
183011|2015-08-19|SO|II AKa 253/15|Wyrok|56|https://www.saos.org.pl/judgments/183011
182937|2015-08-19|SO|II AKa 181/15|Wyrok|56|https://www.saos.org.pl/judgments/182937
178572|2015-08-13|SO|II AKa 171/15|Wyrok|56|https://www.saos.org.pl/judgments/178572
178562|2015-08-13|SO|II AKa 141/15|Wyrok|56|https://www.saos.org.pl/judgments/178562
178560|2015-08-11|SO|II AKa 107/15|Wyrok|56|https://www.saos.org.pl/judgments/178560
177566|2015-08-07|SO|II AKa 177/15|Wyrok|56|https://www.saos.org.pl/judgments/177566
182940|2015-07-29|SO|II AKa 184/15|Wyrok|56|https://www.saos.org.pl/judgments/182940
178563|2015-07-23|SO|II AKa 142/15|Wyrok|56|https://www.saos.org.pl/judgments/178563
182904|2015-07-14|SO|II AKa 138/15|Wyrok|56|https://www.saos.org.pl/judgments/182904
176304|2015-07-10|SO|II AKa 169/15|Wyrok|56|https://www.saos.org.pl/judgments/176304
182885|2015-07-09|SO|II AKa 114/15|Wyrok|56|https://www.saos.org.pl/judgments/182885
182884|2015-07-09|SO|II AKa 112/15|Wyrok|56|https://www.saos.org.pl/judgments/182884
175892|2015-07-09|SO|II AKa 120/15|Wyrok|56|https://www.saos.org.pl/judgments/175892
174058|2015-07-08|SO|II AKa 160/15|Wyrok|56|https://www.saos.org.pl/judgments/174058
173666|2015-07-08|SO|II AKa 150/15|Wyrok|56|https://www.saos.org.pl/judgments/173666
183068|2015-07-07|SO|II AKa 57/15|Wyrok|56|https://www.saos.org.pl/judgments/183068
178557|2015-07-02|SO|II AKa 100/15|Wyrok|56|https://www.saos.org.pl/judgments/178557
174054|2015-07-02|SO|II AKa 152/15|Wyrok|56|https://www.saos.org.pl/judgments/174054
182955|2015-06-30|SO|II AKa 197/15|Wyrok|56|https://www.saos.org.pl/judgments/182955
170458|2015-06-30|SO|II AKa 99/15|Wyrok|56|https://www.saos.org.pl/judgments/170458
175901|2015-06-26|SO|II AKa 215/15|Wyrok|56|https://www.saos.org.pl/judgments/175901
173663|2015-06-26|SO|II AKa 140/15|Wyrok|56|https://www.saos.org.pl/judgments/173663
262191|2015-06-25|SO|II AKa 211/15|Wyrok|56|https://www.saos.org.pl/judgments/262191
219165|2015-06-25|SO|II AKa 102/15|Wyrok|56|https://www.saos.org.pl/judgments/219165
183073|2015-06-25|SO|II AKa 72/15|Wyrok|56|https://www.saos.org.pl/judgments/183073
178564|2015-06-25|SO|II AKa 151/15|Wyrok|56|https://www.saos.org.pl/judgments/178564
174051|2015-06-25|SO|II AKa 150/15|Wyrok|56|https://www.saos.org.pl/judgments/174051
177026|2015-06-24|SO|II AKa 114/15|Wyrok|56|https://www.saos.org.pl/judgments/177026
174069|2015-06-24|SO|II AKa 39/15|Wyrok|56|https://www.saos.org.pl/judgments/174069
174040|2015-06-24|SO|II AKa 110/15|Wyrok|56|https://www.saos.org.pl/judgments/174040
173662|2015-06-24|SO|II AKa 136/15|Wyrok|56|https://www.saos.org.pl/judgments/173662
174044|2015-06-23|SO|II AKa 132/15|Wyrok|56|https://www.saos.org.pl/judgments/174044
171570|2015-06-23|SO|II AKa 111/15|Wyrok|56|https://www.saos.org.pl/judgments/171570
171345|2015-06-19|SO|II AKa 157/15|Wyrok|56|https://www.saos.org.pl/judgments/171345
171172|2015-06-19|SO|II AKa 138/15|Wyrok|56|https://www.saos.org.pl/judgments/171172
179406|2015-06-18|SO|II AKa 59/15|Wyrok|56|https://www.saos.org.pl/judgments/179406
177435|2015-06-18|SO|II AKa 95/15|Wyrok|56|https://www.saos.org.pl/judgments/177435
177434|2015-06-18|SO|II AKa 94/15|Wyrok|56|https://www.saos.org.pl/judgments/177434
177433|2015-06-18|SO|II AKa 92/15|Wyrok|56|https://www.saos.org.pl/judgments/177433
177431|2015-06-18|SO|II AKa 73/15|Wyrok|56|https://www.saos.org.pl/judgments/177431
175156|2015-06-18|SO|I ACa 97/15|Wyrok|56|https://www.saos.org.pl/judgments/175156
169331|2015-06-18|SO|II AKa 84/15|Wyrok|56|https://www.saos.org.pl/judgments/169331
170112|2015-06-17|SO|II AKa 140/15|Wyrok|56|https://www.saos.org.pl/judgments/170112
182882|2015-06-16|SO|II AKa 105/15|Wyrok|56|https://www.saos.org.pl/judgments/182882
223307|2015-06-11|SO|II AKa 79/15|Wyrok|56|https://www.saos.org.pl/judgments/223307
174046|2015-06-10|SO|II AKa 136/15|Wyrok|56|https://www.saos.org.pl/judgments/174046
216077|2015-06-01|SO|II AKa 451/14|Wyrok|56|https://www.saos.org.pl/judgments/216077
172694|2015-06-01|SO|II AKa 77/15|Wyrok|56|https://www.saos.org.pl/judgments/172694
157257|2015-05-29|SO|II AKa 127/15|Wyrok|56|https://www.saos.org.pl/judgments/157257
183072|2015-05-28|SO|II AKa 67/15|Wyrok|56|https://www.saos.org.pl/judgments/183072
223880|2015-05-27|SO|II AKa 90/15|Wyrok|56|https://www.saos.org.pl/judgments/223880
170109|2015-05-27|SO|II AKa 125/15|Wyrok|56|https://www.saos.org.pl/judgments/170109
169335|2015-05-26|SO|II AKa 99/15|Wyrok|56|https://www.saos.org.pl/judgments/169335
169334|2015-05-26|SO|II AKa 92/15|Wyrok|56|https://www.saos.org.pl/judgments/169334
204481|2015-05-21|SO|II AKa 61/15|Wyrok|56|https://www.saos.org.pl/judgments/204481
202811|2015-05-21|SO|II AKa 70/15|Wyrok|56|https://www.saos.org.pl/judgments/202811
173629|2015-05-21|SO|II AKa 109/15|Wyrok|56|https://www.saos.org.pl/judgments/173629
178581|2015-05-20|SO|II AKa 56/15|Wyrok|56|https://www.saos.org.pl/judgments/178581
179030|2015-05-18|SO|II AKa 20/15|Wyrok|56|https://www.saos.org.pl/judgments/179030
171346|2015-05-15|SO|II AKa 448/14|Wyrok|56|https://www.saos.org.pl/judgments/171346
178582|2015-05-14|SO|II AKa 58/15|Wyrok|56|https://www.saos.org.pl/judgments/178582
178558|2015-05-13|SO|II AKa 102/15|Wyrok|56|https://www.saos.org.pl/judgments/178558
169329|2015-05-13|SO|II AKa 80/15|Wyrok|56|https://www.saos.org.pl/judgments/169329
158113|2015-05-13|SO|II AKa 104/15|Wyrok|56|https://www.saos.org.pl/judgments/158113
157081|2015-05-13|SO|II AKa 82/15|Wyrok|56|https://www.saos.org.pl/judgments/157081
179408|2015-05-12|SO|II AKa 60/15|Wyrok|56|https://www.saos.org.pl/judgments/179408
155271|2015-05-12|SO|II AKa 81/15|Wyrok|56|https://www.saos.org.pl/judgments/155271
310187|2015-05-07|SO|II AKa 65/15|Wyrok|56|https://www.saos.org.pl/judgments/310187
154181|2015-05-07|SO|II AKa 77/15|Wyrok|56|https://www.saos.org.pl/judgments/154181
154176|2015-05-07|SO|II AKa 69/15|Wyrok|56|https://www.saos.org.pl/judgments/154176
158125|2015-05-06|SO|II AKa 95/15|Wyrok|56|https://www.saos.org.pl/judgments/158125
153916|2015-05-06|SO|II AKa 100/15|Wyrok|56|https://www.saos.org.pl/judgments/153916
157080|2015-05-05|SO|II AKa 79/15|Wyrok|56|https://www.saos.org.pl/judgments/157080
155434|2015-05-04|SO|II AKa 50/15|Wyrok|56|https://www.saos.org.pl/judgments/155434
173739|2015-04-29|SO|I ACa 11/15|Wyrok|56|https://www.saos.org.pl/judgments/173739
492902|2015-04-28|SO|II AKa 57/15|Wyrok|56|https://www.saos.org.pl/judgments/492902
172692|2015-04-27|SO|II AKa 461/14|Wyrok|56|https://www.saos.org.pl/judgments/172692
158119|2015-04-27|SO|II AKa 334/14|Wyrok|56|https://www.saos.org.pl/judgments/158119
154276|2015-04-24|SO|V ACa 234/14|Wyrok|56|https://www.saos.org.pl/judgments/154276
180799|2015-04-23|SO|VI ACa 506/14|Wyrok|56|https://www.saos.org.pl/judgments/180799
179402|2015-04-23|SO|II AKa 41/15|Wyrok|56|https://www.saos.org.pl/judgments/179402
154529|2015-04-23|SO|II AKa 54/15|Wyrok|56|https://www.saos.org.pl/judgments/154529
154524|2015-04-23|SO|II AKa 39/15|Wyrok|56|https://www.saos.org.pl/judgments/154524
155435|2015-04-21|SO|II AKa 53/15|Wyrok|56|https://www.saos.org.pl/judgments/155435
154522|2015-04-16|SO|II AKa 20/15|Wyrok|56|https://www.saos.org.pl/judgments/154522
174076|2015-04-15|SO|II AKa 80/15|Wyrok|56|https://www.saos.org.pl/judgments/174076
154386|2015-04-15|SO|II AKa 80/15|Wyrok|56|https://www.saos.org.pl/judgments/154386
154180|2015-04-15|SO|II AKa 75/15|Wyrok|56|https://www.saos.org.pl/judgments/154180
154173|2015-04-08|SO|II AKa 63/15|Wyrok|56|https://www.saos.org.pl/judgments/154173
154162|2015-04-08|SO|II AKa 33/15|Wyrok|56|https://www.saos.org.pl/judgments/154162
152209|2015-04-08|SO|II AKa 49/15|Wyrok|56|https://www.saos.org.pl/judgments/152209
154526|2015-04-02|SO|II AKa 446/14|Wyrok|56|https://www.saos.org.pl/judgments/154526
153119|2015-04-01|SO|II AKa 58/15|Wyrok|56|https://www.saos.org.pl/judgments/153119
151619|2015-03-31|SO|I ACa 1327/14|Wyrok|56|https://www.saos.org.pl/judgments/151619
192997|2015-03-26|SO|II AKa 382/14|Wyrok|56|https://www.saos.org.pl/judgments/192997
183079|2015-03-26|SO|II AKa 85/15|Wyrok|56|https://www.saos.org.pl/judgments/183079
183002|2015-03-25|SO|II AKa 244/14|Wyrok|56|https://www.saos.org.pl/judgments/183002
158122|2015-03-25|SO|II AKa 48/15|Wyrok|56|https://www.saos.org.pl/judgments/158122
154167|2015-03-25|SO|II AKa 46/15|Wyrok|56|https://www.saos.org.pl/judgments/154167
313144|2015-03-24|SO|II AKa 216/14|Wyrok|56|https://www.saos.org.pl/judgments/313144
179399|2015-03-24|SO|II AKa 286/14|Wyrok|56|https://www.saos.org.pl/judgments/179399
154170|2015-03-24|SO|II AKa 52/15|Wyrok|56|https://www.saos.org.pl/judgments/154170
150396|2015-03-24|SO|II AKa 55/15|Wyrok|56|https://www.saos.org.pl/judgments/150396
183070|2015-03-19|SO|II AKa 63/15|Wyrok|56|https://www.saos.org.pl/judgments/183070
150398|2015-03-19|SO|II AKa 9/15|Wyrok|56|https://www.saos.org.pl/judgments/150398
150381|2015-03-19|SO|II AKa 281/14|Wyrok|56|https://www.saos.org.pl/judgments/150381
204452|2015-03-18|SO|II AKa 14/15|Wyrok|56|https://www.saos.org.pl/judgments/204452
150395|2015-03-18|SO|II AKa 53/15|Wyrok|56|https://www.saos.org.pl/judgments/150395
135401|2015-03-18|SO|II AKa 34/15|Wyrok|56|https://www.saos.org.pl/judgments/135401
183018|2015-03-17|SO|II AKa 259/14|Wyrok|56|https://www.saos.org.pl/judgments/183018
182930|2015-03-17|SO|II AKa 17/15|Wyrok|56|https://www.saos.org.pl/judgments/182930
179031|2015-03-17|SO|II AKa 29/15|Wyrok|56|https://www.saos.org.pl/judgments/179031
154160|2015-03-17|SO|II AKa 311/14|Wyrok|56|https://www.saos.org.pl/judgments/154160
153395|2015-03-13|SO|II AKa 147/14|Wyrok|56|https://www.saos.org.pl/judgments/153395
210201|2015-03-12|SO|II AKa 21/15|Wyrok|56|https://www.saos.org.pl/judgments/210201
150372|2015-03-12|SO|II AKa 25/15|Wyrok|56|https://www.saos.org.pl/judgments/150372
183064|2015-03-11|SO|II AKa 51/15|Wyrok|56|https://www.saos.org.pl/judgments/183064
134514|2015-03-10|SO|II AKa 43/15|Wyrok|56|https://www.saos.org.pl/judgments/134514
169169|2015-03-05|SO|I ACa 747/14|Wyrok|56|https://www.saos.org.pl/judgments/169169
154525|2015-03-05|SO|II AKa 42/15|Wyrok|56|https://www.saos.org.pl/judgments/154525
150112|2015-03-05|SO|II AKa 17/15|Wyrok|56|https://www.saos.org.pl/judgments/150112
135277|2015-03-05|SO|II AKa 37/15|Wyrok|56|https://www.saos.org.pl/judgments/135277
149066|2015-03-04|SO|II AKa 34/15|Wyrok|56|https://www.saos.org.pl/judgments/149066
135241|2015-03-03|SO|II AKa 17/15|Wyrok|56|https://www.saos.org.pl/judgments/135241
154530|2015-02-27|SO|II AKa 6/15|Wyrok|56|https://www.saos.org.pl/judgments/154530
150380|2015-02-26|SO|II AKa 275/14|Wyrok|56|https://www.saos.org.pl/judgments/150380
150378|2015-02-26|SO|II AKa 273/14|Wyrok|56|https://www.saos.org.pl/judgments/150378
150375|2015-02-26|SO|II AKa 260/14|Wyrok|56|https://www.saos.org.pl/judgments/150375
132837|2015-02-20|SO|II AKa 328/14|Wyrok|56|https://www.saos.org.pl/judgments/132837
157651|2015-02-19|SO|II AKa 197/14|Wyrok|56|https://www.saos.org.pl/judgments/157651
157649|2015-02-19|SO|II AKa 130/14|Wyrok|56|https://www.saos.org.pl/judgments/157649
148984|2015-02-18|SO|II AKa 8/15|Wyrok|56|https://www.saos.org.pl/judgments/148984
132838|2015-02-18|SO|II AKa 487/14|Wyrok|56|https://www.saos.org.pl/judgments/132838
130338|2015-02-18|SO|II AKa 8/15|Wyrok|56|https://www.saos.org.pl/judgments/130338
171348|2015-02-13|SO|II AKa 493/14|Wyrok|56|https://www.saos.org.pl/judgments/171348
149069|2015-02-13|SO|II AKa 473/14|Wyrok|56|https://www.saos.org.pl/judgments/149069
210207|2015-02-12|SO|II AKa 264/14|Wyrok|56|https://www.saos.org.pl/judgments/210207
182947|2015-02-12|SO|II AKa 19/15|Wyrok|56|https://www.saos.org.pl/judgments/182947
170114|2015-02-12|SO|II AKa 264/14|Wyrok|56|https://www.saos.org.pl/judgments/170114
149851|2015-02-11|SO|II AKa 11/15|Wyrok|56|https://www.saos.org.pl/judgments/149851
133405|2015-02-11|SO|II AKa 242/14|Wyrok|56|https://www.saos.org.pl/judgments/133405
133841|2015-02-10|SO|II AKa 9/15|Wyrok|56|https://www.saos.org.pl/judgments/133841
130839|2015-02-10|SO|II AKa 266/14|Wyrok|56|https://www.saos.org.pl/judgments/130839
210205|2015-02-05|SO|II AKa 255/14|Wyrok|56|https://www.saos.org.pl/judgments/210205
157889|2015-02-05|SO|II AKa 319/14|Wyrok|56|https://www.saos.org.pl/judgments/157889
148767|2015-02-05|SO|II AKa 266/14|Wyrok|56|https://www.saos.org.pl/judgments/148767
133833|2015-02-04|SO|II AKa 16/15|Wyrok|56|https://www.saos.org.pl/judgments/133833
130833|2015-02-03|SO|II AKa 2/15|Wyrok|56|https://www.saos.org.pl/judgments/130833
223305|2015-01-29|SO|II AKa 246/14|Wyrok|56|https://www.saos.org.pl/judgments/223305
223304|2015-01-29|SO|II AKa 245/14|Wyrok|56|https://www.saos.org.pl/judgments/223304
150374|2015-01-29|SO|II AKa 259/14|Wyrok|56|https://www.saos.org.pl/judgments/150374
130729|2015-01-29|SO|II AKa 481/14|Wyrok|56|https://www.saos.org.pl/judgments/130729
212820|2015-01-28|SO|II AKa 435/14|Wyrok|56|https://www.saos.org.pl/judgments/212820
129774|2015-01-28|SO|II AKa 485/14|Wyrok|56|https://www.saos.org.pl/judgments/129774
134238|2015-01-23|SO|II AKa 248/14|Wyrok|56|https://www.saos.org.pl/judgments/134238
183037|2015-01-22|SO|II AKa 302/14|Wyrok|56|https://www.saos.org.pl/judgments/183037
133839|2015-01-22|SO|II AKa 424/14|Wyrok|56|https://www.saos.org.pl/judgments/133839
192998|2015-01-21|SO|II AKa 446/14|Wyrok|56|https://www.saos.org.pl/judgments/192998
183062|2015-01-21|SO|II AKa 455/14|Wyrok|56|https://www.saos.org.pl/judgments/183062
183060|2015-01-21|SO|II AKa 448/14|Wyrok|56|https://www.saos.org.pl/judgments/183060
130727|2015-01-21|SO|II AKa 287/14|Wyrok|56|https://www.saos.org.pl/judgments/130727
127898|2015-01-21|SO|II AKa 438/14|Wyrok|56|https://www.saos.org.pl/judgments/127898
129942|2015-01-19|SO|II AKa 146/14|Wyrok|56|https://www.saos.org.pl/judgments/129942
204456|2015-01-16|SO|II AKa 221/14|Wyrok|56|https://www.saos.org.pl/judgments/204456
128898|2015-01-16|SO|II AKa 413/14|Wyrok|56|https://www.saos.org.pl/judgments/128898
133837|2015-01-15|SO|II AKa 418/14|Wyrok|56|https://www.saos.org.pl/judgments/133837
130835|2015-01-15|SO|II AKa 256/14|Wyrok|56|https://www.saos.org.pl/judgments/130835
130837|2015-01-14|SO|II AKa 262/14|Wyrok|56|https://www.saos.org.pl/judgments/130837
154157|2015-01-13|SO|II AKa 299/14|Wyrok|56|https://www.saos.org.pl/judgments/154157
156238|2015-01-12|SO|I ACa 650/14|Wyrok|56|https://www.saos.org.pl/judgments/156238
283467|2014-12-30|SO|II AKa 289/14|Wyrok|56|https://www.saos.org.pl/judgments/283467
183049|2014-12-30|SO|II AKa 397/14|Wyrok|56|https://www.saos.org.pl/judgments/183049
131330|2014-12-30|SO|II AKa 399/14|Wyrok|56|https://www.saos.org.pl/judgments/131330
129613|2014-12-30|SO|II AKa 403/14|Wyrok|56|https://www.saos.org.pl/judgments/129613
129612|2014-12-30|SO|II AKa 356/14|Wyrok|56|https://www.saos.org.pl/judgments/129612
129198|2014-12-30|SO|II AKa 471/14|Wyrok|56|https://www.saos.org.pl/judgments/129198
128620|2014-12-30|SO|II AKa 386/14|Wyrok|56|https://www.saos.org.pl/judgments/128620
125757|2014-12-29|SO|II AKa 273/14|Wyrok|56|https://www.saos.org.pl/judgments/125757
128900|2014-12-23|SO|II AKa 436/14|Wyrok|56|https://www.saos.org.pl/judgments/128900
133863|2014-12-22|SO|II AKa 354/14|Wyrok|56|https://www.saos.org.pl/judgments/133863
129197|2014-12-22|SO|II AKa 456/14|Wyrok|56|https://www.saos.org.pl/judgments/129197
129004|2014-12-19|SO|II AKa 427/14|Wyrok|56|https://www.saos.org.pl/judgments/129004
128765|2014-12-19|SO|II AKa 433/14|Wyrok|56|https://www.saos.org.pl/judgments/128765
128108|2014-12-19|SO|II AKa 445/14|Wyrok|56|https://www.saos.org.pl/judgments/128108
152742|2014-12-18|SO|II AKa 288/14|Wyrok|56|https://www.saos.org.pl/judgments/152742
150369|2014-12-18|SO|II AKa 241/14|Wyrok|56|https://www.saos.org.pl/judgments/150369
178580|2014-12-17|SO|II AKa 274/14|Wyrok|56|https://www.saos.org.pl/judgments/178580
128146|2014-12-16|SO|II AKa 380/14|Wyrok|56|https://www.saos.org.pl/judgments/128146
127146|2014-12-16|SO|I ACa 867/14|Wyrok|56|https://www.saos.org.pl/judgments/127146
223303|2014-12-11|SO|II AKa 226/14|Wyrok|56|https://www.saos.org.pl/judgments/223303
169320|2014-12-11|SO|II AKa 156/14|Wyrok|56|https://www.saos.org.pl/judgments/169320
125260|2014-12-11|SO|II AKa 249/14|Wyrok|56|https://www.saos.org.pl/judgments/125260
183054|2014-12-09|SO|II AKa 413/14|Wyrok|56|https://www.saos.org.pl/judgments/183054
128144|2014-12-09|SO|II AKa 365/14|Wyrok|56|https://www.saos.org.pl/judgments/128144
125924|2014-12-09|SO|II AKa 238/14|Wyrok|56|https://www.saos.org.pl/judgments/125924
125054|2014-12-09|SO|II AKa 240/14|Wyrok|56|https://www.saos.org.pl/judgments/125054
134934|2014-12-05|SO|VI ACa 230/14|Wyrok|56|https://www.saos.org.pl/judgments/134934
125679|2014-12-05|SO|II AKa 391/14|Wyrok|56|https://www.saos.org.pl/judgments/125679
125167|2014-12-05|SO|II AKa 388/14|Wyrok|56|https://www.saos.org.pl/judgments/125167
128375|2014-12-04|SO|II AKa 273/14|Wyrok|56|https://www.saos.org.pl/judgments/128375
154153|2014-12-03|SO|II AKa 271/14|Wyrok|56|https://www.saos.org.pl/judgments/154153
129001|2014-12-02|SO|II AKa 213/14|Wyrok|56|https://www.saos.org.pl/judgments/129001
129005|2014-12-01|SO|II AKa 79/14|Wyrok|56|https://www.saos.org.pl/judgments/129005
125678|2014-11-28|SO|II AKa 390/14|Wyrok|56|https://www.saos.org.pl/judgments/125678
183047|2014-11-27|SO|II AKa 394/14|Wyrok|56|https://www.saos.org.pl/judgments/183047
155270|2014-11-27|SO|II AKa 169/14|Wyrok|56|https://www.saos.org.pl/judgments/155270
150364|2014-11-27|SO|II AKa 217/14|Wyrok|56|https://www.saos.org.pl/judgments/150364
150363|2014-11-27|SO|II AKa 208/14|Wyrok|56|https://www.saos.org.pl/judgments/150363
128366|2014-11-27|SO|II AKa 112/14|Wyrok|56|https://www.saos.org.pl/judgments/128366
126503|2014-11-27|SO|II AKa 258/14|Wyrok|56|https://www.saos.org.pl/judgments/126503
125677|2014-11-26|SO|II AKa 374/14|Wyrok|56|https://www.saos.org.pl/judgments/125677
73577|2014-11-26|SO|II AKa 363/14|Wyrok|56|https://www.saos.org.pl/judgments/73577
221338|2014-11-25|SO|II AKa 108/14|Wyrok|56|https://www.saos.org.pl/judgments/221338
125672|2014-11-25|SO|II AKa 221/14|Wyrok|56|https://www.saos.org.pl/judgments/125672
125256|2014-11-25|SO|II AKa 198/14|Wyrok|56|https://www.saos.org.pl/judgments/125256
124881|2014-11-24|SO|II AKa 250/14|Wyrok|56|https://www.saos.org.pl/judgments/124881
73589|2014-11-24|SO|II AKa 375/14|Wyrok|56|https://www.saos.org.pl/judgments/73589
127896|2014-11-21|SO|II AKa 377/14|Wyrok|56|https://www.saos.org.pl/judgments/127896
127895|2014-11-21|SO|II AKa 360/14|Wyrok|56|https://www.saos.org.pl/judgments/127895
73612|2014-11-21|SO|II AKa 307/14|Wyrok|56|https://www.saos.org.pl/judgments/73612
407447|2014-11-20|SO|II AKa 313/14|Wyrok|56|https://www.saos.org.pl/judgments/407447
125257|2014-11-20|SO|II AKa 210/14|Wyrok|56|https://www.saos.org.pl/judgments/125257
125010|2014-11-20|SO|II AKa 383/14|Wyrok|56|https://www.saos.org.pl/judgments/125010
125009|2014-11-20|SO|II AKa 377/14|Wyrok|56|https://www.saos.org.pl/judgments/125009
72527|2014-11-19|SO|II AKa 345/14|Wyrok|56|https://www.saos.org.pl/judgments/72527
384941|2014-11-14|SO|II AKa 360/14|Wyrok|56|https://www.saos.org.pl/judgments/384941
125261|2014-11-13|SO|II AKa 28/14|Wyrok|56|https://www.saos.org.pl/judgments/125261
125254|2014-11-13|SO|II AKa 190/14|Wyrok|56|https://www.saos.org.pl/judgments/125254
74179|2014-11-12|SO|II AKa 335/14|Wyrok|56|https://www.saos.org.pl/judgments/74179
71966|2014-11-07|SO|II AKa 285/14|Wyrok|56|https://www.saos.org.pl/judgments/71966
125877|2014-11-06|SO|II AKa 321/14|Wyrok|56|https://www.saos.org.pl/judgments/125877
70382|2014-11-06|SO|II AKa 191/14|Wyrok|56|https://www.saos.org.pl/judgments/70382
70177|2014-11-06|SO|II AKa 192/14|Wyrok|56|https://www.saos.org.pl/judgments/70177
176305|2014-11-05|SO|II AKa 363/14|Wyrok|56|https://www.saos.org.pl/judgments/176305
125675|2014-11-05|SO|II AKa 337/14|Wyrok|56|https://www.saos.org.pl/judgments/125675
71253|2014-11-05|SO|II AKa 156/14|Wyrok|56|https://www.saos.org.pl/judgments/71253
70189|2014-11-05|SO|II AKa 341/14|Wyrok|56|https://www.saos.org.pl/judgments/70189
127466|2014-11-04|SO|II AKa 199/14|Wyrok|56|https://www.saos.org.pl/judgments/127466
125049|2014-10-30|SO|II AKa 214/14|Wyrok|56|https://www.saos.org.pl/judgments/125049
70386|2014-10-30|SO|II AKa 307/14|Wyrok|56|https://www.saos.org.pl/judgments/70386
207931|2014-10-29|SO|II AKa 73/14|Wyrok|56|https://www.saos.org.pl/judgments/207931
154894|2014-10-29|SO|II AKa 365/14|Wyrok|56|https://www.saos.org.pl/judgments/154894
126682|2014-10-29|SO|II AKa 103/14|Wyrok|56|https://www.saos.org.pl/judgments/126682
73581|2014-10-29|SO|II AKa 323/14|Wyrok|56|https://www.saos.org.pl/judgments/73581
69662|2014-10-29|SO|II AKa 274/14|Wyrok|56|https://www.saos.org.pl/judgments/69662
68184|2014-10-27|SO|II AKa 320/14|Wyrok|56|https://www.saos.org.pl/judgments/68184
150353|2014-10-23|SO|II AKa 177/14|Wyrok|56|https://www.saos.org.pl/judgments/150353
150350|2014-10-23|SO|II AKa 172/14|Wyrok|56|https://www.saos.org.pl/judgments/150350
125045|2014-10-23|SO|II AKa 175/14|Wyrok|56|https://www.saos.org.pl/judgments/125045
73274|2014-10-22|SO|II AKa 206/14|Wyrok|56|https://www.saos.org.pl/judgments/73274
69132|2014-10-22|SO|II AKa 196/14|Wyrok|56|https://www.saos.org.pl/judgments/69132
127861|2014-10-21|SO|II AKa 303/14|Wyrok|56|https://www.saos.org.pl/judgments/127861
125881|2014-10-21|SO|II AKa 412/13|Wyrok|56|https://www.saos.org.pl/judgments/125881
69888|2014-10-21|SO|II AKa 304/14|Wyrok|56|https://www.saos.org.pl/judgments/69888
70614|2014-10-20|SO|II AKa 309/14|Wyrok|56|https://www.saos.org.pl/judgments/70614
500817|2014-10-16|SO|II AKa 270/14|Wyrok|56|https://www.saos.org.pl/judgments/500817
128371|2014-10-16|SO|II AKa 230/14|Wyrok|56|https://www.saos.org.pl/judgments/128371
70389|2014-10-16|SO|II AKa 341/14|Wyrok|56|https://www.saos.org.pl/judgments/70389
69887|2014-10-16|SO|II AKa 299/14|Wyrok|56|https://www.saos.org.pl/judgments/69887
69659|2014-10-16|SO|II AKa 170/14|Wyrok|56|https://www.saos.org.pl/judgments/69659
69658|2014-10-16|SO|II AKa 168/14|Wyrok|56|https://www.saos.org.pl/judgments/69658
65565|2014-10-16|SO|II AKa 169/14|Wyrok|56|https://www.saos.org.pl/judgments/65565
70183|2014-10-15|SO|II AKa 280/14|Wyrok|56|https://www.saos.org.pl/judgments/70183
69882|2014-10-15|SO|II AKa 252/14|Wyrok|56|https://www.saos.org.pl/judgments/69882
152206|2014-10-14|SO|II AKa 323/14|Wyrok|56|https://www.saos.org.pl/judgments/152206
67906|2014-10-13|SO|II AKa 262/14|Wyrok|56|https://www.saos.org.pl/judgments/67906
67587|2014-10-10|SO|II AKa 231/14|Wyrok|56|https://www.saos.org.pl/judgments/67587
133973|2014-10-09|SO|II AKa 330/14|Wyrok|56|https://www.saos.org.pl/judgments/133973
69655|2014-10-09|SO|II AKa 139/14|Wyrok|56|https://www.saos.org.pl/judgments/69655
68329|2014-10-09|SO|II AKa 277/14|Wyrok|56|https://www.saos.org.pl/judgments/68329
69300|2014-10-08|SO|II AKa 282/14|Wyrok|56|https://www.saos.org.pl/judgments/69300
179395|2014-10-07|SO|II AKa 177/14|Wyrok|56|https://www.saos.org.pl/judgments/179395
128491|2014-10-07|SO|II AKa 203/14|Wyrok|56|https://www.saos.org.pl/judgments/128491
69296|2014-10-06|SO|II AKa 235/14|Wyrok|56|https://www.saos.org.pl/judgments/69296
68323|2014-10-01|SO|II AKa 251/14|Wyrok|56|https://www.saos.org.pl/judgments/68323
68320|2014-10-01|SO|II AKa 144/14|Wyrok|56|https://www.saos.org.pl/judgments/68320
67387|2014-10-01|SO|II AKa 206/14|Wyrok|56|https://www.saos.org.pl/judgments/67387
68325|2014-09-30|SO|II AKa 261/14|Wyrok|56|https://www.saos.org.pl/judgments/68325
176134|2014-09-29|SO|II AKa 253/14|Wyrok|56|https://www.saos.org.pl/judgments/176134
65567|2014-09-29|SO|II AKa 222/14|Wyrok|56|https://www.saos.org.pl/judgments/65567
66682|2014-09-26|SO|II AKa 139/14|Wyrok|56|https://www.saos.org.pl/judgments/66682
129610|2014-09-25|SO|II AKa 325/14|Wyrok|56|https://www.saos.org.pl/judgments/129610
64829|2014-09-25|SO|II AKa 74/14|Wyrok|56|https://www.saos.org.pl/judgments/64829
68324|2014-09-24|SO|II AKa 257/14|Wyrok|56|https://www.saos.org.pl/judgments/68324
128376|2014-09-23|SO|II AKa 43/14|Wyrok|56|https://www.saos.org.pl/judgments/128376
70697|2014-09-23|SO|II AKa 159/14|Wyrok|56|https://www.saos.org.pl/judgments/70697
74902|2014-09-22|SO|II AKa 88/14|Wyrok|56|https://www.saos.org.pl/judgments/74902
174065|2014-09-17|SO|II AKa 210/14|Wyrok|56|https://www.saos.org.pl/judgments/174065
66025|2014-09-17|SO|II AKa 193/14|Wyrok|56|https://www.saos.org.pl/judgments/66025
65326|2014-09-17|SO|II AKa 140/14|Wyrok|56|https://www.saos.org.pl/judgments/65326
128368|2014-09-16|SO|II AKa 176/14|Wyrok|56|https://www.saos.org.pl/judgments/128368
64018|2014-09-12|SO|II AKa 217/14|Wyrok|56|https://www.saos.org.pl/judgments/64018
149064|2014-09-11|SO|II AKa 263/14|Wyrok|56|https://www.saos.org.pl/judgments/149064
149062|2014-09-11|SO|II AKa 241/14|Wyrok|56|https://www.saos.org.pl/judgments/149062
125163|2014-09-11|SO|II AKa 121/14|Wyrok|56|https://www.saos.org.pl/judgments/125163
65899|2014-09-11|SO|II AKa 242/14|Wyrok|56|https://www.saos.org.pl/judgments/65899
64734|2014-09-11|SO|II AKa 135/14|Wyrok|56|https://www.saos.org.pl/judgments/64734
64733|2014-09-11|SO|II AKa 134/14|Wyrok|56|https://www.saos.org.pl/judgments/64733
66893|2014-09-10|SO|II AKa 215/14|Wyrok|56|https://www.saos.org.pl/judgments/66893
64019|2014-09-10|SO|II AKa 229/14|Wyrok|56|https://www.saos.org.pl/judgments/64019
133404|2014-09-04|SO|II AKa 170/14|Wyrok|56|https://www.saos.org.pl/judgments/133404
61449|2014-09-03|SO|II AKa 144/14|Wyrok|56|https://www.saos.org.pl/judgments/61449
65898|2014-09-02|SO|II AKa 227/14|Wyrok|56|https://www.saos.org.pl/judgments/65898
129604|2014-08-28|SO|II AKa 245/14|Wyrok|56|https://www.saos.org.pl/judgments/129604
61655|2014-08-28|SO|II AKa 170/14|Wyrok|56|https://www.saos.org.pl/judgments/61655
214712|2014-08-27|SO|II AKa 166/13|Wyrok|56|https://www.saos.org.pl/judgments/214712
61656|2014-08-27|SO|II AKa 178/14|Wyrok|56|https://www.saos.org.pl/judgments/61656
64122|2014-08-26|SO|II AKa 166/14|Wyrok|56|https://www.saos.org.pl/judgments/64122
69148|2014-08-21|SO|II AKa 48/14|Wyrok|56|https://www.saos.org.pl/judgments/69148
127064|2014-08-18|SO|VI ACa 1591/13|Wyrok|56|https://www.saos.org.pl/judgments/127064
179390|2014-08-14|SO|II AKa 157/14|Wyrok|56|https://www.saos.org.pl/judgments/179390
62042|2014-08-14|SO|II AKa 215/14|Wyrok|56|https://www.saos.org.pl/judgments/62042
147911|2014-07-31|SO|II AKa 147/14|Wyrok|56|https://www.saos.org.pl/judgments/147911
69144|2014-07-31|SO|II AKa 18/14|Wyrok|56|https://www.saos.org.pl/judgments/69144
61588|2014-07-31|SO|II AKa 207/14|Wyrok|56|https://www.saos.org.pl/judgments/61588
57511|2014-07-31|SO|II AKa 211/14|Wyrok|56|https://www.saos.org.pl/judgments/57511
58037|2014-07-30|SO|II AKa 153/14|Wyrok|56|https://www.saos.org.pl/judgments/58037
147788|2014-07-24|SO|II AKa 181/14|Wyrok|56|https://www.saos.org.pl/judgments/147788
59109|2014-07-24|SO|II AKa 142/14|Wyrok|56|https://www.saos.org.pl/judgments/59109
59007|2014-07-24|SO|II AKa 138/14|Wyrok|56|https://www.saos.org.pl/judgments/59007
57509|2014-07-24|SO|II AKa 204/14|Wyrok|56|https://www.saos.org.pl/judgments/57509
63432|2014-07-23|SO|II AKa 136/14|Wyrok|56|https://www.saos.org.pl/judgments/63432
62927|2014-07-22|SO|II AKa 76/14|Wyrok|56|https://www.saos.org.pl/judgments/62927
64911|2014-07-17|SO|II AKa 133/14|Wyrok|56|https://www.saos.org.pl/judgments/64911
58617|2014-07-17|SO|II AKa 190/14|Wyrok|56|https://www.saos.org.pl/judgments/58617
57510|2014-07-17|SO|II AKa 210/14|Wyrok|56|https://www.saos.org.pl/judgments/57510
133401|2014-07-16|SO|II AKa 109/14|Wyrok|56|https://www.saos.org.pl/judgments/133401
71446|2014-07-16|SO|II AKa 97/14|Wyrok|56|https://www.saos.org.pl/judgments/71446
57818|2014-07-16|SO|II AKa 204/14|Wyrok|56|https://www.saos.org.pl/judgments/57818
57506|2014-07-16|SO|II AKa 190/14|Wyrok|56|https://www.saos.org.pl/judgments/57506
147968|2014-07-10|SO|II AKa 134/14|Wyrok|56|https://www.saos.org.pl/judgments/147968
147672|2014-07-10|SO|II AKa 177/14|Wyrok|56|https://www.saos.org.pl/judgments/147672
147570|2014-07-09|SO|II AKa 194/14|Wyrok|56|https://www.saos.org.pl/judgments/147570
61586|2014-07-09|SO|II AKa 180/14|Wyrok|56|https://www.saos.org.pl/judgments/61586
147276|2014-07-08|SO|II AKa 108/14|Wyrok|56|https://www.saos.org.pl/judgments/147276
62638|2014-07-08|SO|II AKa 133/14|Wyrok|56|https://www.saos.org.pl/judgments/62638
58035|2014-07-08|SO|II AKa 135/14|Wyrok|56|https://www.saos.org.pl/judgments/58035
60007|2014-07-03|SO|II AKa 125/14|Wyrok|56|https://www.saos.org.pl/judgments/60007
147432|2014-07-02|SO|II AKa 195/14|Wyrok|56|https://www.saos.org.pl/judgments/147432
60328|2014-07-02|SO|II AKa 171/14|Wyrok|56|https://www.saos.org.pl/judgments/60328
57501|2014-07-02|SO|II AKa 177/14|Wyrok|56|https://www.saos.org.pl/judgments/57501
147823|2014-07-01|SO|II AKa 161/14|Wyrok|56|https://www.saos.org.pl/judgments/147823
147761|2014-06-30|SO|II AKa 78/14|Wyrok|56|https://www.saos.org.pl/judgments/147761
68182|2014-06-30|SO|II AKa 244/13|Wyrok|56|https://www.saos.org.pl/judgments/68182
147964|2014-06-26|SO|II AKa 111/14|Wyrok|56|https://www.saos.org.pl/judgments/147964
147963|2014-06-26|SO|II AKa 110/14|Wyrok|56|https://www.saos.org.pl/judgments/147963
147851|2014-06-26|SO|II AKa 125/14|Wyrok|56|https://www.saos.org.pl/judgments/147851
147825|2014-06-26|SO|II AKa 183/14|Wyrok|56|https://www.saos.org.pl/judgments/147825
147728|2014-06-26|SO|II AKa 175/14|Wyrok|56|https://www.saos.org.pl/judgments/147728
147538|2014-06-26|SO|II AKa 187/14|Wyrok|56|https://www.saos.org.pl/judgments/147538
59110|2014-06-26|SO|II AKa 176/14|Wyrok|56|https://www.saos.org.pl/judgments/59110
147484|2014-06-25|SO|II AKa 160/14|Wyrok|56|https://www.saos.org.pl/judgments/147484
59006|2014-06-25|SO|II AKa 115/14|Wyrok|56|https://www.saos.org.pl/judgments/59006
58034|2014-06-25|SO|II AKa 124/14|Wyrok|56|https://www.saos.org.pl/judgments/58034
60097|2014-06-18|SO|II AKa 94/14|Wyrok|56|https://www.saos.org.pl/judgments/60097
60006|2014-06-18|SO|II AKa 104/14|Wyrok|56|https://www.saos.org.pl/judgments/60006
58614|2014-06-18|SO|II AKa 160/14|Wyrok|56|https://www.saos.org.pl/judgments/58614
58613|2014-06-18|SO|II AKa 157/14|Wyrok|56|https://www.saos.org.pl/judgments/58613
57992|2014-06-18|SO|II AKa 118/14|Wyrok|56|https://www.saos.org.pl/judgments/57992
147842|2014-06-17|SO|II AKa 164/14|Wyrok|56|https://www.saos.org.pl/judgments/147842
147428|2014-06-17|SO|II AKa 104/14|Wyrok|56|https://www.saos.org.pl/judgments/147428
147210|2014-06-13|SO|II AKa 141/14|Wyrok|56|https://www.saos.org.pl/judgments/147210
147975|2014-06-12|SO|II AKa 112/14|Wyrok|56|https://www.saos.org.pl/judgments/147975
147972|2014-06-12|SO|II AKa 97/14|Wyrok|56|https://www.saos.org.pl/judgments/147972
147971|2014-06-12|SO|II AKa 96/14|Wyrok|56|https://www.saos.org.pl/judgments/147971
147962|2014-06-12|SO|II AKa 100/14|Wyrok|56|https://www.saos.org.pl/judgments/147962
147745|2014-06-12|SO|II AKa 141/14|Wyrok|56|https://www.saos.org.pl/judgments/147745
147478|2014-06-12|SO|II AKa 148/14|Wyrok|56|https://www.saos.org.pl/judgments/147478
147342|2014-06-12|SO|II AKa 170/14|Wyrok|56|https://www.saos.org.pl/judgments/147342
147196|2014-06-12|SO|II AKa 114/14|Wyrok|56|https://www.saos.org.pl/judgments/147196
147006|2014-06-12|SO|II AKa 99/14|Wyrok|56|https://www.saos.org.pl/judgments/147006
146908|2014-06-12|SO|II AKa 1/14|Wyrok|56|https://www.saos.org.pl/judgments/146908
61451|2014-06-12|SO|II AKa 26/14|Wyrok|56|https://www.saos.org.pl/judgments/61451
58316|2014-06-10|SO|II AKa 80/14|Wyrok|56|https://www.saos.org.pl/judgments/58316
146820|2014-06-06|SO|II AKa 161/14|Wyrok|56|https://www.saos.org.pl/judgments/146820
147627|2014-06-04|SO|II AKa 72/14|Wyrok|56|https://www.saos.org.pl/judgments/147627
147387|2014-06-04|SO|II AKa 80/14|Wyrok|56|https://www.saos.org.pl/judgments/147387
58038|2014-06-04|SO|II AKa 16/14|Wyrok|56|https://www.saos.org.pl/judgments/58038
147880|2014-06-03|SO|II AKa 69/14|Wyrok|56|https://www.saos.org.pl/judgments/147880
60331|2014-05-30|SO|II AKa 50/14|Wyrok|56|https://www.saos.org.pl/judgments/60331
147400|2014-05-29|SO|II AKa 136/14|Wyrok|56|https://www.saos.org.pl/judgments/147400
146909|2014-05-29|SO|II AKa 34/14|Wyrok|56|https://www.saos.org.pl/judgments/146909
146543|2014-05-29|SO|II AKa 141/14|Wyrok|56|https://www.saos.org.pl/judgments/146543
147843|2014-05-28|SO|II AKa 368/13|Wyrok|56|https://www.saos.org.pl/judgments/147843
146714|2014-05-28|SO|II AKa 91/14|Wyrok|56|https://www.saos.org.pl/judgments/146714
381501|2014-05-23|SO|II AKa 116/14|Wyrok|56|https://www.saos.org.pl/judgments/381501
146818|2014-05-23|SO|II AKa 127/14|Wyrok|56|https://www.saos.org.pl/judgments/146818
146763|2014-05-22|SO|II AKa 130/14|Wyrok|56|https://www.saos.org.pl/judgments/146763
146645|2014-05-22|SO|II AKa 82/14|Wyrok|56|https://www.saos.org.pl/judgments/146645
63752|2014-05-22|SO|II AKa 339/13|Wyrok|56|https://www.saos.org.pl/judgments/63752
155053|2014-05-21|SO|II AKa 140/14|Wyrok|56|https://www.saos.org.pl/judgments/155053
147389|2014-05-21|SO|II AKa 90/14|Wyrok|56|https://www.saos.org.pl/judgments/147389
146803|2014-05-21|SO|II AKa 121/14|Wyrok|56|https://www.saos.org.pl/judgments/146803
146381|2014-05-20|SO|II AKa 91/14|Wyrok|56|https://www.saos.org.pl/judgments/146381
147520|2014-05-16|SO|II AKa 116/14|Wyrok|56|https://www.saos.org.pl/judgments/147520
147996|2014-05-15|SO|II AKa 59/14|Wyrok|56|https://www.saos.org.pl/judgments/147996
147385|2014-05-15|SO|II AKa 74/14|Wyrok|56|https://www.saos.org.pl/judgments/147385
66226|2014-05-15|SO|II AKa 101/13|Wyrok|56|https://www.saos.org.pl/judgments/66226
58315|2014-05-15|SO|II AKa 61/14|Wyrok|56|https://www.saos.org.pl/judgments/58315
146815|2014-05-14|SO|II AKa 109/14|Wyrok|56|https://www.saos.org.pl/judgments/146815
58040|2014-05-13|SO|II AKa 67/14|Wyrok|56|https://www.saos.org.pl/judgments/58040
146812|2014-05-12|SO|II AKa 105/14|Wyrok|56|https://www.saos.org.pl/judgments/146812
310186|2014-05-08|SO|II AKa 58/14|Wyrok|56|https://www.saos.org.pl/judgments/310186
146338|2014-05-08|SO|II AKa 62/14|Wyrok|56|https://www.saos.org.pl/judgments/146338
146000|2014-05-08|SO|II AKa 101/14|Wyrok|56|https://www.saos.org.pl/judgments/146000
63751|2014-05-08|SO|II AKa 22/14|Wyrok|56|https://www.saos.org.pl/judgments/63751
58922|2014-05-08|SO|II AKa 106/14|Wyrok|56|https://www.saos.org.pl/judgments/58922
57513|2014-05-08|SO|II AKa 93/14|Wyrok|56|https://www.saos.org.pl/judgments/57513
59111|2014-05-05|SO|II AKa 254/13|Wyrok|56|https://www.saos.org.pl/judgments/59111
147760|2014-04-30|SO|II AKa 75/14|Wyrok|56|https://www.saos.org.pl/judgments/147760
146822|2014-04-30|SO|II AKa 90/14|Wyrok|56|https://www.saos.org.pl/judgments/146822
146627|2014-04-30|SO|II AKa 108/14|Wyrok|56|https://www.saos.org.pl/judgments/146627
146422|2014-04-30|SO|II AKa 52/14|Wyrok|56|https://www.saos.org.pl/judgments/146422
146337|2014-04-30|SO|II AKa 58/14|Wyrok|56|https://www.saos.org.pl/judgments/146337
145867|2014-04-30|SO|II AKa 55/14|Wyrok|56|https://www.saos.org.pl/judgments/145867
49438|2014-04-29|SO|I ACa 1468/13|Wyrok|56|https://www.saos.org.pl/judgments/49438
49431|2014-04-29|SO|I ACa 1417/13|Wyrok|56|https://www.saos.org.pl/judgments/49431
47821|2014-04-29|SO|I ACa 1435/13|Wyrok|56|https://www.saos.org.pl/judgments/47821
146678|2014-04-24|SO|II AKa 98/14|Wyrok|56|https://www.saos.org.pl/judgments/146678
146041|2014-04-24|SO|II AKa 103/14|Wyrok|56|https://www.saos.org.pl/judgments/146041
145762|2014-04-24|SO|II AKa 44/14|Wyrok|56|https://www.saos.org.pl/judgments/145762
146206|2014-04-23|SO|II AKa 92/14|Wyrok|56|https://www.saos.org.pl/judgments/146206
145580|2014-04-17|SO|II AKa 37/14|Wyrok|56|https://www.saos.org.pl/judgments/145580
146675|2014-04-16|SO|II AKa 61/14|Wyrok|56|https://www.saos.org.pl/judgments/146675
145759|2014-04-16|SO|II AKa 104/14|Wyrok|56|https://www.saos.org.pl/judgments/145759
145941|2014-04-15|SO|II AKa 60/14|Wyrok|56|https://www.saos.org.pl/judgments/145941
146043|2014-04-10|SO|II AKa 83/14|Wyrok|56|https://www.saos.org.pl/judgments/146043
145891|2014-04-10|SO|II AKa 74/14|Wyrok|56|https://www.saos.org.pl/judgments/145891
145803|2014-04-10|SO|II AKa 66/14|Wyrok|56|https://www.saos.org.pl/judgments/145803
146674|2014-04-09|SO|II AKa 48/14|Wyrok|56|https://www.saos.org.pl/judgments/146674
145805|2014-04-09|SO|II AKa 73/14|Wyrok|56|https://www.saos.org.pl/judgments/145805
145804|2014-04-09|SO|II AKa 70/14|Wyrok|56|https://www.saos.org.pl/judgments/145804
145588|2014-04-09|SO|II AKa 81/14|Wyrok|56|https://www.saos.org.pl/judgments/145588
145579|2014-04-07|SO|II AKa 15/14|Wyrok|56|https://www.saos.org.pl/judgments/145579
146002|2014-04-03|SO|II AKa 479/13|Wyrok|56|https://www.saos.org.pl/judgments/146002
145390|2014-04-03|SO|II AKa 40/14|Wyrok|56|https://www.saos.org.pl/judgments/145390
144833|2014-04-03|SO|II AKa 38/14|Wyrok|56|https://www.saos.org.pl/judgments/144833
146669|2014-04-02|SO|II AKa 122/13|Wyrok|56|https://www.saos.org.pl/judgments/146669
147940|2014-04-01|SO|II AKa 432/13|Wyrok|56|https://www.saos.org.pl/judgments/147940
145166|2014-03-28|SO|II AKa 61/14|Wyrok|56|https://www.saos.org.pl/judgments/145166
145225|2014-03-27|SO|II AKa 67/14|Wyrok|56|https://www.saos.org.pl/judgments/145225
59295|2014-03-27|SO|II AKa 48/14|Wyrok|56|https://www.saos.org.pl/judgments/59295
145224|2014-03-26|SO|II AKa 63/14|Wyrok|56|https://www.saos.org.pl/judgments/145224
66227|2014-03-26|SO|II AKa 250/13|Wyrok|56|https://www.saos.org.pl/judgments/66227
145174|2014-03-20|SO|II AKa 54/14|Wyrok|56|https://www.saos.org.pl/judgments/145174
436959|2014-03-18|SO|II AKa 384/13|Wyrok|56|https://www.saos.org.pl/judgments/436959
144167|2014-03-13|SO|II AKa 26/14|Wyrok|56|https://www.saos.org.pl/judgments/144167
145865|2014-03-11|SO|II AKa 25/14|Wyrok|56|https://www.saos.org.pl/judgments/145865
145383|2014-03-06|SO|II AKa 31/14|Wyrok|56|https://www.saos.org.pl/judgments/145383
145195|2014-03-06|SO|II AKa 27/14|Wyrok|56|https://www.saos.org.pl/judgments/145195
144655|2014-03-06|SO|II AKa 6/14|Wyrok|56|https://www.saos.org.pl/judgments/144655
45383|2014-03-06|SO|I ACa 842/13|Wyrok|56|https://www.saos.org.pl/judgments/45383
145092|2014-03-05|SO|II AKa 25/14|Wyrok|56|https://www.saos.org.pl/judgments/145092
144607|2014-03-05|SO|II AKa 47/14|Wyrok|56|https://www.saos.org.pl/judgments/144607
145140|2014-02-28|SO|II AKa 13/14|Wyrok|56|https://www.saos.org.pl/judgments/145140
144606|2014-02-28|SO|II AKa 400/13|Wyrok|56|https://www.saos.org.pl/judgments/144606
544910|2014-02-27|SO|II AKa 10/14|Wyrok|56|https://www.saos.org.pl/judgments/544910
145221|2014-02-26|SO|II AKa 22/14|Wyrok|56|https://www.saos.org.pl/judgments/145221
145172|2014-02-26|SO|II AKa 384/13|Wyrok|56|https://www.saos.org.pl/judgments/145172
144165|2014-02-25|SO|II AKa 12/14|Wyrok|56|https://www.saos.org.pl/judgments/144165
59292|2014-02-25|SO|II AKa 16/14|Wyrok|56|https://www.saos.org.pl/judgments/59292
144166|2014-02-20|SO|II AKa 12/14|Wyrok|56|https://www.saos.org.pl/judgments/144166
144642|2014-02-19|SO|II AKa 20/14|Wyrok|56|https://www.saos.org.pl/judgments/144642
144487|2014-02-19|SO|II AKa 30/14|Wyrok|56|https://www.saos.org.pl/judgments/144487
144450|2014-02-19|SO|II AKa 19/14|Wyrok|56|https://www.saos.org.pl/judgments/144450
144449|2014-02-19|SO|II AKa 18/14|Wyrok|56|https://www.saos.org.pl/judgments/144449
145193|2014-02-18|SO|II AKa 19/14|Wyrok|56|https://www.saos.org.pl/judgments/145193
144603|2014-02-18|SO|II AKa 13/14|Wyrok|56|https://www.saos.org.pl/judgments/144603
143741|2014-02-18|SO|II AKa 15/14|Wyrok|56|https://www.saos.org.pl/judgments/143741
147854|2014-02-13|SO|II AKa 14/14|Wyrok|56|https://www.saos.org.pl/judgments/147854
144902|2014-02-13|SO|II AKa 269/13|Wyrok|56|https://www.saos.org.pl/judgments/144902
144656|2014-02-13|SO|II AKa 8/14|Wyrok|56|https://www.saos.org.pl/judgments/144656
145083|2014-02-12|SO|II AKa 16/14|Wyrok|56|https://www.saos.org.pl/judgments/145083
144998|2014-02-12|SO|II AKa 9/14|Wyrok|56|https://www.saos.org.pl/judgments/144998
143743|2014-02-12|SO|II AKa 9/14|Wyrok|56|https://www.saos.org.pl/judgments/143743
144483|2014-02-11|SO|II AKa 254/13|Wyrok|56|https://www.saos.org.pl/judgments/144483
143706|2014-02-07|SO|II AKa 427/13|Wyrok|56|https://www.saos.org.pl/judgments/143706
144430|2014-02-06|SO|II AKa 131/13|Wyrok|56|https://www.saos.org.pl/judgments/144430
144002|2014-02-06|SO|II AKa 503/13|Wyrok|56|https://www.saos.org.pl/judgments/144002
144188|2014-02-05|SO|II AKa 415/13|Wyrok|56|https://www.saos.org.pl/judgments/144188
143789|2014-02-05|SO|II AKa 7/14|Wyrok|56|https://www.saos.org.pl/judgments/143789
145519|2014-02-04|SO|II AKa 148/13|Wyrok|56|https://www.saos.org.pl/judgments/145519
144048|2014-02-03|SO|II AKa 416/13|Wyrok|56|https://www.saos.org.pl/judgments/144048
145818|2014-01-30|SO|II AKa 251/13|Wyrok|56|https://www.saos.org.pl/judgments/145818
143702|2014-01-30|SO|II AKa 488/13|Wyrok|56|https://www.saos.org.pl/judgments/143702
143425|2014-01-29|SO|II AKa 271/13|Wyrok|56|https://www.saos.org.pl/judgments/143425
143272|2014-01-29|SO|II AKa 262/13|Wyrok|56|https://www.saos.org.pl/judgments/143272
58924|2014-01-29|SO|II AKa 88/13|Wyrok|56|https://www.saos.org.pl/judgments/58924
144051|2014-01-28|SO|II AKa 457/13|Wyrok|56|https://www.saos.org.pl/judgments/144051
144044|2014-01-28|SO|II AKa 272/13|Wyrok|56|https://www.saos.org.pl/judgments/144044
143554|2014-01-28|SO|II AKa 431/13|Wyrok|56|https://www.saos.org.pl/judgments/143554
143358|2014-01-28|SO|II AKa 264/13|Wyrok|56|https://www.saos.org.pl/judgments/143358
145051|2014-01-27|SO|II AKa 354/13|Wyrok|56|https://www.saos.org.pl/judgments/145051
143588|2014-01-27|SO|II AKa 391/13|Wyrok|56|https://www.saos.org.pl/judgments/143588
143782|2014-01-23|SO|II AKa 209/13|Wyrok|56|https://www.saos.org.pl/judgments/143782
143576|2014-01-23|SO|II AKa 490/13|Wyrok|56|https://www.saos.org.pl/judgments/143576
142970|2014-01-23|SO|II AKa 256/13|Wyrok|56|https://www.saos.org.pl/judgments/142970
383283|2014-01-21|SO|II AKa 240/13|Wyrok|56|https://www.saos.org.pl/judgments/383283
147870|2014-01-21|SO|II AKa 259/13|Wyrok|56|https://www.saos.org.pl/judgments/147870
143266|2014-01-21|SO|II AKa 200/13|Wyrok|56|https://www.saos.org.pl/judgments/143266
142891|2014-01-21|SO|II AKa 255/13|Wyrok|56|https://www.saos.org.pl/judgments/142891
144047|2014-01-20|SO|II AKa 400/13|Wyrok|56|https://www.saos.org.pl/judgments/144047
143183|2014-01-17|SO|II AKa 431/13|Wyrok|56|https://www.saos.org.pl/judgments/143183
143140|2014-01-16|SO|II AKa 195/13|Wyrok|56|https://www.saos.org.pl/judgments/143140
142943|2014-01-16|SO|II AKa 215/13|Wyrok|56|https://www.saos.org.pl/judgments/142943
143479|2014-01-15|SO|II AKa 450/13|Wyrok|56|https://www.saos.org.pl/judgments/143479
147871|2014-01-14|SO|II AKa 262/13|Wyrok|56|https://www.saos.org.pl/judgments/147871
142890|2014-01-14|SO|II AKa 236/13|Wyrok|56|https://www.saos.org.pl/judgments/142890
142995|2014-01-09|SO|II AKa 477/13|Wyrok|56|https://www.saos.org.pl/judgments/142995
143547|2013-12-30|SO|II AKa 336/13|Wyrok|56|https://www.saos.org.pl/judgments/143547
142860|2013-12-30|SO|II AKa 416/13|Wyrok|56|https://www.saos.org.pl/judgments/142860
142789|2013-12-30|SO|II AKa 428/13|Wyrok|56|https://www.saos.org.pl/judgments/142789
142578|2013-12-20|SO|II AKa 392/13|Wyrok|56|https://www.saos.org.pl/judgments/142578
142542|2013-12-20|SO|II AKa 423/13|Wyrok|56|https://www.saos.org.pl/judgments/142542
142945|2013-12-19|SO|II AKa 436/13|Wyrok|56|https://www.saos.org.pl/judgments/142945
142858|2013-12-19|SO|II AKa 368/13|Wyrok|56|https://www.saos.org.pl/judgments/142858
142654|2013-12-19|SO|II AKa 432/13|Wyrok|56|https://www.saos.org.pl/judgments/142654
142310|2013-12-19|SO|II AKa 247/13|Wyrok|56|https://www.saos.org.pl/judgments/142310
142590|2013-12-18|SO|II AKa 337/13|Wyrok|56|https://www.saos.org.pl/judgments/142590
147867|2013-12-17|SO|II AKa 245/13|Wyrok|56|https://www.saos.org.pl/judgments/147867
144350|2013-12-17|SO|II AKa 197/13|Wyrok|56|https://www.saos.org.pl/judgments/144350
142617|2013-12-17|SO|II AKa 389/13|Wyrok|56|https://www.saos.org.pl/judgments/142617
142944|2013-12-16|SO|II AKa 279/13|Wyrok|56|https://www.saos.org.pl/judgments/142944
142442|2013-12-13|SO|II AKa 410/13|Wyrok|56|https://www.saos.org.pl/judgments/142442
144481|2013-12-12|SO|II AKa 240/13|Wyrok|56|https://www.saos.org.pl/judgments/144481
143274|2013-12-12|SO|II AKa 409/13|Wyrok|56|https://www.saos.org.pl/judgments/143274
142814|2013-12-12|SO|II AKa 227/13|Wyrok|56|https://www.saos.org.pl/judgments/142814
142599|2013-12-12|SO|II AKa 308/13|Wyrok|56|https://www.saos.org.pl/judgments/142599
142593|2013-12-12|SO|II AKa 406/13|Wyrok|56|https://www.saos.org.pl/judgments/142593
142454|2013-12-12|SO|II AKa 106/13|Wyrok|56|https://www.saos.org.pl/judgments/142454
142055|2013-12-12|SO|II AKa 405/13|Wyrok|56|https://www.saos.org.pl/judgments/142055
144593|2013-12-11|SO|II AKa 212/13|Wyrok|56|https://www.saos.org.pl/judgments/144593
143172|2013-12-10|SO|II AKa 243/13|Wyrok|56|https://www.saos.org.pl/judgments/143172
142244|2013-12-09|SO|II AKa 397/13|Wyrok|56|https://www.saos.org.pl/judgments/142244
142809|2013-12-05|SO|II AKa 209/13|Wyrok|56|https://www.saos.org.pl/judgments/142809
142242|2013-12-04|SO|II AKa 387/13|Wyrok|56|https://www.saos.org.pl/judgments/142242
142608|2013-11-28|SO|II AKa 376/13|Wyrok|56|https://www.saos.org.pl/judgments/142608
142128|2013-11-28|SO|II AKa 194/13|Wyrok|56|https://www.saos.org.pl/judgments/142128
142988|2013-11-27|SO|II AKa 291/13|Wyrok|56|https://www.saos.org.pl/judgments/142988
142781|2013-11-27|SO|II AKa 386/13|Wyrok|56|https://www.saos.org.pl/judgments/142781
142607|2013-11-27|SO|II AKa 375/13|Wyrok|56|https://www.saos.org.pl/judgments/142607
142160|2013-11-27|SO|II AKa 284/13|Wyrok|56|https://www.saos.org.pl/judgments/142160
142090|2013-11-27|SO|II AKa 384/13|Wyrok|56|https://www.saos.org.pl/judgments/142090
30616|2013-11-27|SO|I ACa 725/13|Wyrok|56|https://www.saos.org.pl/judgments/30616
143610|2013-11-26|SO|II AKa 289/13|Wyrok|56|https://www.saos.org.pl/judgments/143610
142648|2013-11-26|SO|II AKa 381/13|Wyrok|56|https://www.saos.org.pl/judgments/142648
142605|2013-11-26|SO|II AKa 370/13|Wyrok|56|https://www.saos.org.pl/judgments/142605
143424|2013-11-25|SO|II AKa 143/13|Wyrok|56|https://www.saos.org.pl/judgments/143424
142783|2013-11-25|SO|II AKa 369/13|Wyrok|56|https://www.saos.org.pl/judgments/142783
147861|2013-11-21|SO|II AKa 209/13|Wyrok|56|https://www.saos.org.pl/judgments/147861
143390|2013-11-21|SO|II AKa 205/13|Wyrok|56|https://www.saos.org.pl/judgments/143390
141977|2013-11-21|SO|II AKa 365/13|Wyrok|56|https://www.saos.org.pl/judgments/141977
141778|2013-11-21|SO|II AKa 188/13|Wyrok|56|https://www.saos.org.pl/judgments/141778
142706|2013-11-20|SO|II AKa 281/13|Wyrok|56|https://www.saos.org.pl/judgments/142706
142400|2013-11-20|SO|II AKa 375/13|Wyrok|56|https://www.saos.org.pl/judgments/142400
144997|2013-11-19|SO|II AKa 327/13|Wyrok|56|https://www.saos.org.pl/judgments/144997
142811|2013-11-19|SO|II AKa 215/13|Wyrok|56|https://www.saos.org.pl/judgments/142811
142258|2013-11-19|SO|II AKa 195/13|Wyrok|56|https://www.saos.org.pl/judgments/142258
142145|2013-11-19|SO|II AKa 212/13|Wyrok|56|https://www.saos.org.pl/judgments/142145
34589|2013-11-18|SO|I ACa 816/13|Wyrok|56|https://www.saos.org.pl/judgments/34589
142807|2013-11-14|SO|II AKa 203/13|Wyrok|56|https://www.saos.org.pl/judgments/142807
142708|2013-11-14|SO|II AKa 344/13|Wyrok|56|https://www.saos.org.pl/judgments/142708
142639|2013-11-14|SO|II AKa 109/13|Wyrok|56|https://www.saos.org.pl/judgments/142639
142707|2013-11-13|SO|II AKa 334/13|Wyrok|56|https://www.saos.org.pl/judgments/142707
142214|2013-11-13|SO|II AKa 207/13|Wyrok|56|https://www.saos.org.pl/judgments/142214
141917|2013-11-13|SO|II AKa 197/13|Wyrok|56|https://www.saos.org.pl/judgments/141917
143998|2013-11-12|SO|II AKa 204/13|Wyrok|56|https://www.saos.org.pl/judgments/143998
141621|2013-11-08|SO|II AKa 270/13|Wyrok|56|https://www.saos.org.pl/judgments/141621
145668|2013-11-07|SO|II AKa 214/13|Wyrok|56|https://www.saos.org.pl/judgments/145668
142144|2013-11-07|SO|II AKa 208/13|Wyrok|56|https://www.saos.org.pl/judgments/142144
141965|2013-11-07|SO|II AKa 349/13|Wyrok|56|https://www.saos.org.pl/judgments/141965
141924|2013-11-06|SO|II AKa 328/13|Wyrok|56|https://www.saos.org.pl/judgments/141924
144476|2013-11-05|SO|II AKa 198/13|Wyrok|56|https://www.saos.org.pl/judgments/144476
141237|2013-11-05|SO|II AKa 212/13|Wyrok|56|https://www.saos.org.pl/judgments/141237
37466|2013-11-05|SO|I ACa 495/13|Wyrok|56|https://www.saos.org.pl/judgments/37466
142803|2013-10-31|SO|II AKa 175/13|Wyrok|56|https://www.saos.org.pl/judgments/142803
141836|2013-10-31|SO|II AKa 381/13|Wyrok|56|https://www.saos.org.pl/judgments/141836
141427|2013-10-30|SO|II AKa 181/13|Wyrok|56|https://www.saos.org.pl/judgments/141427
141306|2013-10-30|SO|II AKa 382/13|Wyrok|56|https://www.saos.org.pl/judgments/141306
143574|2013-10-29|SO|II AKa 178/13|Wyrok|56|https://www.saos.org.pl/judgments/143574
143355|2013-10-29|SO|II AKa 129/13|Wyrok|56|https://www.saos.org.pl/judgments/143355
142828|2013-10-28|SO|II AKa 331/13|Wyrok|56|https://www.saos.org.pl/judgments/142828
142645|2013-10-24|SO|II AKa 330/13|Wyrok|56|https://www.saos.org.pl/judgments/142645
141952|2013-10-24|SO|II AKa 143/13|Wyrok|56|https://www.saos.org.pl/judgments/141952
141255|2013-10-24|SO|II AKa 334/13|Wyrok|56|https://www.saos.org.pl/judgments/141255
141801|2013-10-23|SO|II AKa 325/13|Wyrok|56|https://www.saos.org.pl/judgments/141801
141689|2013-10-23|SO|II AKa 294/13|Wyrok|56|https://www.saos.org.pl/judgments/141689
142587|2013-10-22|SO|II AKa 301/13|Wyrok|56|https://www.saos.org.pl/judgments/142587
142588|2013-10-18|SO|II AKa 305/13|Wyrok|56|https://www.saos.org.pl/judgments/142588
141622|2013-10-18|SO|II AKa 295/13|Wyrok|56|https://www.saos.org.pl/judgments/141622
142176|2013-10-17|SO|II AKa 165/13|Wyrok|56|https://www.saos.org.pl/judgments/142176
141426|2013-10-17|SO|II AKa 163/13|Wyrok|56|https://www.saos.org.pl/judgments/141426
141254|2013-10-17|SO|II AKa 326/13|Wyrok|56|https://www.saos.org.pl/judgments/141254
142175|2013-10-16|SO|II AKa 157/13|Wyrok|56|https://www.saos.org.pl/judgments/142175
141399|2013-10-16|SO|II AKa 304/13|Wyrok|56|https://www.saos.org.pl/judgments/141399
141397|2013-10-16|SO|II AKa 239/13|Wyrok|56|https://www.saos.org.pl/judgments/141397
141204|2013-10-16|SO|II AKa 300/13|Wyrok|56|https://www.saos.org.pl/judgments/141204
140829|2013-10-15|SO|II AKa 187/13|Wyrok|56|https://www.saos.org.pl/judgments/140829
141234|2013-10-11|SO|II AKa 152/13|Wyrok|56|https://www.saos.org.pl/judgments/141234
140838|2013-10-11|SO|II AKa 308/13|Wyrok|56|https://www.saos.org.pl/judgments/140838
142141|2013-10-10|SO|II AKa 184/13|Wyrok|56|https://www.saos.org.pl/judgments/142141
140913|2013-10-10|SO|II AKa 161/13|Wyrok|56|https://www.saos.org.pl/judgments/140913
140912|2013-10-10|SO|II AKa 160/13|Wyrok|56|https://www.saos.org.pl/judgments/140912
141799|2013-10-09|SO|II AKa 286/13|Wyrok|56|https://www.saos.org.pl/judgments/141799
24226|2013-10-09|SO|I ACa 394/13|Wyrok|56|https://www.saos.org.pl/judgments/24226
140977|2013-10-08|SO|II AKa 147/13|Wyrok|56|https://www.saos.org.pl/judgments/140977
140684|2013-10-03|SO|II AKa 310/13|Wyrok|56|https://www.saos.org.pl/judgments/140684
140899|2013-10-02|SO|II AKa 289/13|Wyrok|56|https://www.saos.org.pl/judgments/140899
141620|2013-09-30|SO|II AKa 250/13|Wyrok|56|https://www.saos.org.pl/judgments/141620
141235|2013-09-30|SO|II AKa 95/13|Wyrok|56|https://www.saos.org.pl/judgments/141235
141733|2013-09-27|SO|II AKa 205/13|Wyrok|56|https://www.saos.org.pl/judgments/141733
141200|2013-09-27|SO|II AKa 282/13|Wyrok|56|https://www.saos.org.pl/judgments/141200
399507|2013-09-26|SO|II AKa 164/13|Wyrok|56|https://www.saos.org.pl/judgments/399507
145570|2013-09-26|SO|II AKa 273/13|Wyrok|56|https://www.saos.org.pl/judgments/145570
143192|2013-09-26|SO|II AKa 153/13|Wyrok|56|https://www.saos.org.pl/judgments/143192
142821|2013-09-26|SO|II AKa 168/13|Wyrok|56|https://www.saos.org.pl/judgments/142821
141879|2013-09-26|SO|II AKa 189/13|Wyrok|56|https://www.saos.org.pl/judgments/141879
141440|2013-09-26|SO|II AKa 95/13|Wyrok|56|https://www.saos.org.pl/judgments/141440
140826|2013-09-25|SO|II AKa 131/13|Wyrok|56|https://www.saos.org.pl/judgments/140826
140593|2013-09-25|SO|II AKa 154/13|Wyrok|56|https://www.saos.org.pl/judgments/140593
140772|2013-09-23|SO|II AKa 278/13|Wyrok|56|https://www.saos.org.pl/judgments/140772
141035|2013-09-19|SO|II AKa 168/13|Wyrok|56|https://www.saos.org.pl/judgments/141035
140730|2013-09-19|SO|II AKa 106/13|Wyrok|56|https://www.saos.org.pl/judgments/140730
140683|2013-09-19|SO|II AKa 304/13|Wyrok|56|https://www.saos.org.pl/judgments/140683
140636|2013-09-19|SO|II AKa 266/13|Wyrok|56|https://www.saos.org.pl/judgments/140636
141336|2013-09-18|SO|II AKa 243/13|Wyrok|56|https://www.saos.org.pl/judgments/141336
140461|2013-09-18|SO|II AKa 254/13|Wyrok|56|https://www.saos.org.pl/judgments/140461
140460|2013-09-18|SO|II AKa 249/13|Wyrok|56|https://www.saos.org.pl/judgments/140460
140340|2013-09-18|SO|II AKa 150/13|Wyrok|56|https://www.saos.org.pl/judgments/140340
141275|2013-09-17|SO|II AKa 142/13|Wyrok|56|https://www.saos.org.pl/judgments/141275
142822|2013-09-16|SO|II AKa 239/13|Wyrok|56|https://www.saos.org.pl/judgments/142822
141082|2013-09-16|SO|II AKa 102/13|Wyrok|56|https://www.saos.org.pl/judgments/141082
387783|2013-09-12|SO|II AKa 142/13|Wyrok|56|https://www.saos.org.pl/judgments/387783
143198|2013-09-12|SO|II AKa 91/13|Wyrok|56|https://www.saos.org.pl/judgments/143198
142137|2013-09-12|SO|II AKa 130/13|Wyrok|56|https://www.saos.org.pl/judgments/142137
141830|2013-09-12|SO|II AKa 192/13|Wyrok|56|https://www.saos.org.pl/judgments/141830
140764|2013-09-12|SO|II AKa 185/13|Wyrok|56|https://www.saos.org.pl/judgments/140764
140737|2013-09-12|SO|II AKa 157/13|Wyrok|56|https://www.saos.org.pl/judgments/140737
140523|2013-09-12|SO|II AKa 257/13|Wyrok|56|https://www.saos.org.pl/judgments/140523
140453|2013-09-12|SO|II AKa 284/13|Wyrok|56|https://www.saos.org.pl/judgments/140453
140769|2013-09-11|SO|II AKa 249/13|Wyrok|56|https://www.saos.org.pl/judgments/140769
140380|2013-09-11|SO|II AKa 256/13|Wyrok|56|https://www.saos.org.pl/judgments/140380
65190|2013-09-11|SO|II AKa 278/13|Wyrok|56|https://www.saos.org.pl/judgments/65190
141433|2013-09-05|SO|II AKa 220/13|Wyrok|56|https://www.saos.org.pl/judgments/141433
140840|2013-09-04|SO|II AKa 246/13|Wyrok|56|https://www.saos.org.pl/judgments/140840
140445|2013-09-04|SO|II AKa 251/13|Wyrok|56|https://www.saos.org.pl/judgments/140445
383300|2013-08-29|SO|II AKa 92/13|Wyrok|56|https://www.saos.org.pl/judgments/383300
140522|2013-08-28|SO|II AKa 240/13|Wyrok|56|https://www.saos.org.pl/judgments/140522
140377|2013-08-28|SO|II AKa 237/13|Wyrok|56|https://www.saos.org.pl/judgments/140377
140175|2013-08-23|SO|II AKa 262/13|Wyrok|56|https://www.saos.org.pl/judgments/140175
142263|2013-08-22|SO|II AKa 67/13|Wyrok|56|https://www.saos.org.pl/judgments/142263
141519|2013-08-22|SO|II AKa 212/13|Wyrok|56|https://www.saos.org.pl/judgments/141519
140372|2013-08-21|SO|II AKa 188/13|Wyrok|56|https://www.saos.org.pl/judgments/140372
140299|2013-08-21|SO|II AKa 233/13|Wyrok|56|https://www.saos.org.pl/judgments/140299
140297|2013-08-21|SO|II AKa 228/13|Wyrok|56|https://www.saos.org.pl/judgments/140297
140338|2013-08-20|SO|II AKa 147/13|Wyrok|56|https://www.saos.org.pl/judgments/140338
141031|2013-08-14|SO|II AKa 113/13|Wyrok|56|https://www.saos.org.pl/judgments/141031
140375|2013-08-13|SO|II AKa 219/13|Wyrok|56|https://www.saos.org.pl/judgments/140375
140374|2013-08-13|SO|II AKa 211/13|Wyrok|56|https://www.saos.org.pl/judgments/140374
140110|2013-08-07|SO|II AKa 216/13|Wyrok|56|https://www.saos.org.pl/judgments/140110
140333|2013-08-06|SO|II AKa 119/13|Wyrok|56|https://www.saos.org.pl/judgments/140333
142895|2013-08-02|SO|II AKa 243/13|Wyrok|56|https://www.saos.org.pl/judgments/142895
140437|2013-08-01|SO|II AKa 226/13|Wyrok|56|https://www.saos.org.pl/judgments/140437
140172|2013-08-01|SO|II AKa 222/13|Wyrok|56|https://www.saos.org.pl/judgments/140172
139757|2013-07-31|SO|II AKa 129/13|Wyrok|56|https://www.saos.org.pl/judgments/139757
140150|2013-07-30|SO|II AKa 120/13|Wyrok|56|https://www.saos.org.pl/judgments/140150
140147|2013-07-30|SO|II AKa 117/13|Wyrok|56|https://www.saos.org.pl/judgments/140147
140046|2013-07-26|SO|II AKa 136/13|Wyrok|56|https://www.saos.org.pl/judgments/140046
143195|2013-07-25|SO|II AKa 275/13|Wyrok|56|https://www.saos.org.pl/judgments/143195
143179|2013-07-25|SO|II AKa 167/13|Wyrok|56|https://www.saos.org.pl/judgments/143179
142643|2013-07-25|SO|II AKa 242/13|Wyrok|56|https://www.saos.org.pl/judgments/142643
140013|2013-07-25|SO|II AKa 151/13|Wyrok|56|https://www.saos.org.pl/judgments/140013
140149|2013-07-24|SO|II AKa 119/13|Wyrok|56|https://www.saos.org.pl/judgments/140149
139868|2013-07-24|SO|II AKa 109/13|Wyrok|56|https://www.saos.org.pl/judgments/139868
143181|2013-07-18|SO|II AKa 214/13|Wyrok|56|https://www.saos.org.pl/judgments/143181
142901|2013-07-18|SO|II AKa 228/13|Wyrok|56|https://www.saos.org.pl/judgments/142901
140346|2013-07-18|SO|II AKa 226/13|Wyrok|56|https://www.saos.org.pl/judgments/140346
428928|2013-07-17|SO|II AKa 223/13|Wyrok|56|https://www.saos.org.pl/judgments/428928
142894|2013-07-17|SO|II AKa 223/13|Wyrok|56|https://www.saos.org.pl/judgments/142894
140139|2013-07-17|SO|II AKa 203/13|Wyrok|56|https://www.saos.org.pl/judgments/140139
142163|2013-07-16|SO|II AKa 57/13|Wyrok|56|https://www.saos.org.pl/judgments/142163
140475|2013-07-12|SO|II AKa 126/13|Wyrok|56|https://www.saos.org.pl/judgments/140475
139943|2013-07-12|SO|II AKa 229/13|Wyrok|56|https://www.saos.org.pl/judgments/139943
62980|2013-07-12|SO|II AKa 116/13|Wyrok|56|https://www.saos.org.pl/judgments/62980
147437|2013-07-11|SO|II AKa 61/13|Wyrok|56|https://www.saos.org.pl/judgments/147437
140163|2013-07-11|SO|II AKa 81/13|Wyrok|56|https://www.saos.org.pl/judgments/140163
139663|2013-07-11|SO|II AKa 112/13|Wyrok|56|https://www.saos.org.pl/judgments/139663
412198|2013-07-10|SO|II AKa 189/13|Wyrok|56|https://www.saos.org.pl/judgments/412198
139871|2013-07-10|SO|II AKa 131/13|Wyrok|56|https://www.saos.org.pl/judgments/139871
139864|2013-07-10|SO|II AKa 189/13|Wyrok|56|https://www.saos.org.pl/judgments/139864
139743|2013-07-10|SO|II AKa 237/13|Wyrok|56|https://www.saos.org.pl/judgments/139743
139501|2013-07-10|SO|II AKa 110/13|Wyrok|56|https://www.saos.org.pl/judgments/139501
140939|2013-07-09|SO|II AKa 97/13|Wyrok|56|https://www.saos.org.pl/judgments/140939
142896|2013-07-08|SO|II AKa 98/13|Wyrok|56|https://www.saos.org.pl/judgments/142896
139911|2013-07-08|SO|II AKa 155/13|Wyrok|56|https://www.saos.org.pl/judgments/139911
383295|2013-07-04|SO|II AKa 53/13|Wyrok|56|https://www.saos.org.pl/judgments/383295
142010|2013-07-04|SO|II AKa 151/13|Wyrok|56|https://www.saos.org.pl/judgments/142010
141184|2013-07-04|SO|II AKa 207/13|Wyrok|56|https://www.saos.org.pl/judgments/141184
139928|2013-07-04|SO|II AKa 161/13|Wyrok|56|https://www.saos.org.pl/judgments/139928
139636|2013-07-04|SO|II AKa 220/13|Wyrok|56|https://www.saos.org.pl/judgments/139636
139597|2013-07-04|SO|II AKa 210/13|Wyrok|56|https://www.saos.org.pl/judgments/139597
141198|2013-07-03|SO|II AKa 128/13|Wyrok|56|https://www.saos.org.pl/judgments/141198
139568|2013-07-03|SO|II AKa 204/13|Wyrok|56|https://www.saos.org.pl/judgments/139568
141292|2013-06-28|SO|II AKa 210/13|Wyrok|56|https://www.saos.org.pl/judgments/141292
142170|2013-06-27|SO|II AKa 108/13|Wyrok|56|https://www.saos.org.pl/judgments/142170
140521|2013-06-27|SO|II AKa 184/13|Wyrok|56|https://www.saos.org.pl/judgments/140521
139921|2013-06-27|SO|II AKa 192/13|Wyrok|56|https://www.saos.org.pl/judgments/139921
139737|2013-06-27|SO|II AKa 80/13|Wyrok|56|https://www.saos.org.pl/judgments/139737
139669|2013-06-27|SO|II AKa 161/13|Wyrok|56|https://www.saos.org.pl/judgments/139669
139665|2013-06-27|SO|II AKa 147/13|Wyrok|56|https://www.saos.org.pl/judgments/139665
139508|2013-06-27|SO|II AKa 109/13|Wyrok|56|https://www.saos.org.pl/judgments/139508
141829|2013-06-26|SO|II AKa 188/13|Wyrok|56|https://www.saos.org.pl/judgments/141829
140343|2013-06-26|SO|II AKa 190/13|Wyrok|56|https://www.saos.org.pl/judgments/140343
139426|2013-06-26|SO|II AKa 101/13|Wyrok|56|https://www.saos.org.pl/judgments/139426
142900|2013-06-20|SO|II AKa 191/13|Wyrok|56|https://www.saos.org.pl/judgments/142900
141347|2013-06-20|SO|II AKa 119/13|Wyrok|56|https://www.saos.org.pl/judgments/141347
139805|2013-06-20|SO|II AKa 93/13|Wyrok|56|https://www.saos.org.pl/judgments/139805
139416|2013-06-20|SO|II AKa 75/13|Wyrok|56|https://www.saos.org.pl/judgments/139416
143180|2013-06-19|SO|II AKa 169/13|Wyrok|56|https://www.saos.org.pl/judgments/143180
141340|2013-06-19|SO|II AKa 473/12|Wyrok|56|https://www.saos.org.pl/judgments/141340
140096|2013-06-14|SO|II AKa 162/13|Wyrok|56|https://www.saos.org.pl/judgments/140096
140094|2013-06-14|SO|II AKa 160/13|Wyrok|56|https://www.saos.org.pl/judgments/140094
139592|2013-06-14|SO|II AKa 171/13|Wyrok|56|https://www.saos.org.pl/judgments/139592
139553|2013-06-13|SO|II AKa 154/13|Wyrok|56|https://www.saos.org.pl/judgments/139553
139112|2013-06-13|SO|II AKa 66/13|Wyrok|56|https://www.saos.org.pl/judgments/139112
139134|2013-06-12|SO|II AKa 87/13|Wyrok|56|https://www.saos.org.pl/judgments/139134
139259|2013-06-07|SO|II AKa 156/13|Wyrok|56|https://www.saos.org.pl/judgments/139259
139692|2013-06-06|SO|II AKa 96/13|Wyrok|56|https://www.saos.org.pl/judgments/139692
139415|2013-06-06|SO|II AKa 61/13|Wyrok|56|https://www.saos.org.pl/judgments/139415
139384|2013-06-06|SO|II AKa 159/13|Wyrok|56|https://www.saos.org.pl/judgments/139384
139357|2013-06-06|SO|II AKa 18/13|Wyrok|56|https://www.saos.org.pl/judgments/139357
139181|2013-06-06|SO|II AKa 135/13|Wyrok|56|https://www.saos.org.pl/judgments/139181
139133|2013-06-06|SO|II AKa 81/13|Wyrok|56|https://www.saos.org.pl/judgments/139133
143374|2013-06-05|SO|II AKa 107/13|Wyrok|56|https://www.saos.org.pl/judgments/143374
139925|2013-06-05|SO|II AKa 54/13|Wyrok|56|https://www.saos.org.pl/judgments/139925
139260|2013-06-05|SO|II AKa 159/13|Wyrok|56|https://www.saos.org.pl/judgments/139260
142999|2013-06-04|SO|II AKa 97/12|Wyrok|56|https://www.saos.org.pl/judgments/142999
142996|2013-06-04|SO|II AKa 67/13|Wyrok|56|https://www.saos.org.pl/judgments/142996
139462|2013-06-04|SO|II AKa 48/13|Wyrok|56|https://www.saos.org.pl/judgments/139462
150389|2013-05-29|SO|II AKa 46/13|Wyrok|56|https://www.saos.org.pl/judgments/150389
139287|2013-05-29|SO|II AKa 62/13|Wyrok|56|https://www.saos.org.pl/judgments/139287
139050|2013-05-29|SO|II AKa 93/13|Wyrok|56|https://www.saos.org.pl/judgments/139050
30838|2013-05-29|SO|I ACa 343/08|Wyrok|56|https://www.saos.org.pl/judgments/30838
140071|2013-05-28|SO|II AKa 112/13|Wyrok|56|https://www.saos.org.pl/judgments/140071
139406|2013-05-28|SO|II AKa 80/13|Wyrok|56|https://www.saos.org.pl/judgments/139406
143294|2013-05-24|SO|II AKa 102/13|Wyrok|56|https://www.saos.org.pl/judgments/143294
139193|2013-05-24|SO|II AKa 122/13|Wyrok|56|https://www.saos.org.pl/judgments/139193
139180|2013-05-24|SO|II AKa 120/13|Wyrok|56|https://www.saos.org.pl/judgments/139180
399528|2013-05-23|SO|II AKa 50/13|Wyrok|56|https://www.saos.org.pl/judgments/399528
144235|2013-05-23|SO|II AKa 79/13|Wyrok|56|https://www.saos.org.pl/judgments/144235
139926|2013-05-23|SO|II AKa 63/13|Wyrok|56|https://www.saos.org.pl/judgments/139926
139833|2013-05-23|SO|II AKa 81/13|Wyrok|56|https://www.saos.org.pl/judgments/139833
139379|2013-05-23|SO|II AKa 129/13|Wyrok|56|https://www.saos.org.pl/judgments/139379
139275|2013-05-23|SO|II AKa 126/13|Wyrok|56|https://www.saos.org.pl/judgments/139275
144569|2013-05-22|SO|II AKa 91/13|Wyrok|56|https://www.saos.org.pl/judgments/144569
139405|2013-05-22|SO|II AKa 77/13|Wyrok|56|https://www.saos.org.pl/judgments/139405
139380|2013-05-22|SO|II AKa 133/13|Wyrok|56|https://www.saos.org.pl/judgments/139380
139278|2013-05-22|SO|II AKa 151/13|Wyrok|56|https://www.saos.org.pl/judgments/139278
139276|2013-05-22|SO|II AKa 130/13|Wyrok|56|https://www.saos.org.pl/judgments/139276
67390|2013-05-21|SO|II AKa 53/13|Wyrok|56|https://www.saos.org.pl/judgments/67390
139257|2013-05-20|SO|II AKa 131/13|Wyrok|56|https://www.saos.org.pl/judgments/139257
139518|2013-05-17|SO|II AKa 117/13|Wyrok|56|https://www.saos.org.pl/judgments/139518
139888|2013-05-16|SO|II AKa 56/13|Wyrok|56|https://www.saos.org.pl/judgments/139888
139103|2013-05-16|SO|II AKa 298/12|Wyrok|56|https://www.saos.org.pl/judgments/139103
138870|2013-05-16|SO|II AKa 68/13|Wyrok|56|https://www.saos.org.pl/judgments/138870
138768|2013-05-16|SO|II AKa 85/13|Wyrok|56|https://www.saos.org.pl/judgments/138768
140731|2013-05-15|SO|II AKa 127/13|Wyrok|56|https://www.saos.org.pl/judgments/140731
139290|2013-05-15|SO|II AKa 98/13|Wyrok|56|https://www.saos.org.pl/judgments/139290
65742|2013-05-15|SO|II AKa 128/13|Wyrok|56|https://www.saos.org.pl/judgments/65742
139194|2013-05-14|SO|II AKa 57/13|Wyrok|56|https://www.saos.org.pl/judgments/139194
139589|2013-05-10|SO|II AKa 141/13|Wyrok|56|https://www.saos.org.pl/judgments/139589
141359|2013-05-09|SO|II AKa 284/12|Wyrok|56|https://www.saos.org.pl/judgments/141359
139029|2013-05-09|SO|II AKa 108/13|Wyrok|56|https://www.saos.org.pl/judgments/139029
138805|2013-05-09|SO|II AKa 90/13|Wyrok|56|https://www.saos.org.pl/judgments/138805
138737|2013-05-09|SO|II AKa 34/13|Wyrok|56|https://www.saos.org.pl/judgments/138737
12621|2013-05-08|SO|I ACa 101/13|Wyrok|56|https://www.saos.org.pl/judgments/12621
139130|2013-05-07|SO|II AKa 38/13|Wyrok|56|https://www.saos.org.pl/judgments/139130
138602|2013-05-07|SO|II AKa 42/13|Wyrok|56|https://www.saos.org.pl/judgments/138602
138558|2013-04-30|SO|II AKa 71/13|Wyrok|56|https://www.saos.org.pl/judgments/138558
139033|2013-04-26|SO|II AKa 67/13|Wyrok|56|https://www.saos.org.pl/judgments/139033
139028|2013-04-26|SO|II AKa 107/13|Wyrok|56|https://www.saos.org.pl/judgments/139028
139131|2013-04-25|SO|II AKa 41/13|Wyrok|56|https://www.saos.org.pl/judgments/139131
14622|2013-04-25|SO|I ACa 286/13|Wyrok|56|https://www.saos.org.pl/judgments/14622
138960|2013-04-24|SO|II AKa 56/13|Wyrok|56|https://www.saos.org.pl/judgments/138960
138938|2013-04-24|SO|II AKa 108/13|Wyrok|56|https://www.saos.org.pl/judgments/138938
138937|2013-04-24|SO|II AKa 103/13|Wyrok|56|https://www.saos.org.pl/judgments/138937
138778|2013-04-24|SO|II AKa 517/12|Wyrok|56|https://www.saos.org.pl/judgments/138778
138656|2013-04-24|SO|II AKa 113/13|Wyrok|56|https://www.saos.org.pl/judgments/138656
138604|2013-04-24|SO|II AKa 52/13|Wyrok|56|https://www.saos.org.pl/judgments/138604
139159|2013-04-23|SO|II AKa 56/13|Wyrok|56|https://www.saos.org.pl/judgments/139159
139113|2013-04-23|SO|II AKa 67/13|Wyrok|56|https://www.saos.org.pl/judgments/139113
138764|2013-04-23|SO|II AKa 58/13|Wyrok|56|https://www.saos.org.pl/judgments/138764
138762|2013-04-23|SO|II AKa 40/13|Wyrok|56|https://www.saos.org.pl/judgments/138762
138734|2013-04-19|SO|II AKa 12/13|Wyrok|56|https://www.saos.org.pl/judgments/138734
138952|2013-04-18|SO|II AKa 98/13|Wyrok|56|https://www.saos.org.pl/judgments/138952
138495|2013-04-18|SO|II AKa 92/13|Wyrok|56|https://www.saos.org.pl/judgments/138495
142939|2013-04-17|SO|II AKa 103/13|Wyrok|56|https://www.saos.org.pl/judgments/142939
138978|2013-04-17|SO|II AKa 109/13|Wyrok|56|https://www.saos.org.pl/judgments/138978
138777|2013-04-17|SO|II AKa 46/13|Wyrok|56|https://www.saos.org.pl/judgments/138777
138833|2013-04-16|SO|II AKa 46/13|Wyrok|56|https://www.saos.org.pl/judgments/138833
138766|2013-04-16|SO|II AKa 65/13|Wyrok|56|https://www.saos.org.pl/judgments/138766
138379|2013-04-15|SO|II AKa 36/13|Wyrok|56|https://www.saos.org.pl/judgments/138379
138697|2013-04-10|SO|II AKa 83/13|Wyrok|56|https://www.saos.org.pl/judgments/138697
138201|2013-04-10|SO|II AKa 96/13|Wyrok|56|https://www.saos.org.pl/judgments/138201
138197|2013-04-09|SO|II AKa 24/13|Wyrok|56|https://www.saos.org.pl/judgments/138197
137996|2013-04-09|SO|II AKa 27/13|Wyrok|56|https://www.saos.org.pl/judgments/137996
138501|2013-04-05|SO|II AKa 91/13|Wyrok|56|https://www.saos.org.pl/judgments/138501
143367|2013-04-04|SO|II AKa 86/13|Wyrok|56|https://www.saos.org.pl/judgments/143367
138384|2013-04-04|SO|II AKa 83/13|Wyrok|56|https://www.saos.org.pl/judgments/138384
138130|2013-04-04|SO|II AKa 53/13|Wyrok|56|https://www.saos.org.pl/judgments/138130
138946|2013-04-03|SO|II AKa 80/13|Wyrok|56|https://www.saos.org.pl/judgments/138946
138087|2013-04-03|SO|II AKa 37/13|Wyrok|56|https://www.saos.org.pl/judgments/138087
138291|2013-04-02|SO|II AKa 32/13|Wyrok|56|https://www.saos.org.pl/judgments/138291
137880|2013-04-02|SO|II AKa 30/13|Wyrok|56|https://www.saos.org.pl/judgments/137880
138359|2013-03-27|SO|II AKa 70/13|Wyrok|56|https://www.saos.org.pl/judgments/138359
138044|2013-03-27|SO|II AKa 26/13|Wyrok|56|https://www.saos.org.pl/judgments/138044
19857|2013-03-27|SO|I ACa 1177/12|Wyrok|56|https://www.saos.org.pl/judgments/19857
399523|2013-03-26|SO|II AKa 34/13|Wyrok|56|https://www.saos.org.pl/judgments/399523
137805|2013-03-25|SO|II AKa 76/13|Wyrok|56|https://www.saos.org.pl/judgments/137805
138128|2013-03-21|SO|II AKa 28/13|Wyrok|56|https://www.saos.org.pl/judgments/138128
138103|2013-03-21|SO|II AKa 28/13|Wyrok|56|https://www.saos.org.pl/judgments/138103
137919|2013-03-21|SO|II AKa 402/12|Wyrok|56|https://www.saos.org.pl/judgments/137919
137542|2013-03-21|SO|II AKa 37/13|Wyrok|56|https://www.saos.org.pl/judgments/137542
137541|2013-03-21|SO|II AKa 29/13|Wyrok|56|https://www.saos.org.pl/judgments/137541
137524|2013-03-21|SO|II AKa 30/13|Wyrok|56|https://www.saos.org.pl/judgments/137524
138351|2013-03-20|SO|II AKa 25/13|Wyrok|56|https://www.saos.org.pl/judgments/138351
138016|2013-03-20|SO|II AKa 63/13|Wyrok|56|https://www.saos.org.pl/judgments/138016
10814|2013-03-15|SO|I ACa 135/13|Wyrok|56|https://www.saos.org.pl/judgments/10814
137540|2013-03-14|SO|II AKa 16/13|Wyrok|56|https://www.saos.org.pl/judgments/137540
138802|2013-03-13|SO|II AKa 23/13|Wyrok|56|https://www.saos.org.pl/judgments/138802
137744|2013-03-13|SO|II AKa 486/12|Wyrok|56|https://www.saos.org.pl/judgments/137744
137600|2013-03-13|SO|II AKa 33/13|Wyrok|56|https://www.saos.org.pl/judgments/137600
137336|2013-03-13|SO|II AKa 53/13|Wyrok|56|https://www.saos.org.pl/judgments/137336
137335|2013-03-13|SO|II AKa 52/13|Wyrok|56|https://www.saos.org.pl/judgments/137335
137763|2013-03-12|SO|II AKa 25/13|Wyrok|56|https://www.saos.org.pl/judgments/137763
138129|2013-03-08|SO|II AKa 503/12|Wyrok|56|https://www.saos.org.pl/judgments/138129
139388|2013-03-07|SO|II AKa 7/13|Wyrok|56|https://www.saos.org.pl/judgments/139388
138492|2013-03-07|SO|II AKa 55/13|Wyrok|56|https://www.saos.org.pl/judgments/138492
137519|2013-03-07|SO|II AKa 21/13|Wyrok|56|https://www.saos.org.pl/judgments/137519
137489|2013-03-07|SO|II AKa 20/13|Wyrok|56|https://www.saos.org.pl/judgments/137489
137421|2013-03-07|SO|II AKa 27/13|Wyrok|56|https://www.saos.org.pl/judgments/137421
142903|2013-03-06|SO|II AKa 47/13|Wyrok|56|https://www.saos.org.pl/judgments/142903
138043|2013-03-05|SO|II AKa 22/13|Wyrok|56|https://www.saos.org.pl/judgments/138043
137991|2013-03-05|SO|II AKa 385/12|Wyrok|56|https://www.saos.org.pl/judgments/137991
138463|2013-03-01|SO|II AKa 47/13|Wyrok|56|https://www.saos.org.pl/judgments/138463
137947|2013-03-01|SO|II AKa 37/13|Wyrok|56|https://www.saos.org.pl/judgments/137947
137915|2013-03-01|SO|II AKa 395/12|Wyrok|56|https://www.saos.org.pl/judgments/137915
137797|2013-03-01|SO|II AKa 42/13|Wyrok|56|https://www.saos.org.pl/judgments/137797
137521|2013-03-01|SO|II AKa 518/12|Wyrok|56|https://www.saos.org.pl/judgments/137521
139097|2013-02-28|SO|II AKa 22/13|Wyrok|56|https://www.saos.org.pl/judgments/139097
137745|2013-02-28|SO|II AKa 550/12|Wyrok|56|https://www.saos.org.pl/judgments/137745
137938|2013-02-27|SO|II AKa 38/13|Wyrok|56|https://www.saos.org.pl/judgments/137938
137803|2013-02-27|SO|II AKa 8/13|Wyrok|56|https://www.saos.org.pl/judgments/137803
137552|2013-02-27|SO|II AKa 263/12|Wyrok|56|https://www.saos.org.pl/judgments/137552
138096|2013-02-26|SO|II AKa 278/12|Wyrok|56|https://www.saos.org.pl/judgments/138096
137414|2013-02-26|SO|II AKa 18/13|Wyrok|56|https://www.saos.org.pl/judgments/137414
138509|2013-02-21|SO|II AKa 18/13|Wyrok|56|https://www.saos.org.pl/judgments/138509
137936|2013-02-21|SO|II AKa 20/13|Wyrok|56|https://www.saos.org.pl/judgments/137936
137429|2013-02-21|SO|II AKa 7/13|Wyrok|56|https://www.saos.org.pl/judgments/137429
137287|2013-02-21|SO|II AKa 489/12|Wyrok|56|https://www.saos.org.pl/judgments/137287
137238|2013-02-21|SO|II AKa 9/13|Wyrok|56|https://www.saos.org.pl/judgments/137238
138285|2013-02-19|SO|II AKa 244/12|Wyrok|56|https://www.saos.org.pl/judgments/138285
137411|2013-02-19|SO|II AKa 13/13|Wyrok|56|https://www.saos.org.pl/judgments/137411
137409|2013-02-19|SO|II AKa 12/13|Wyrok|56|https://www.saos.org.pl/judgments/137409
137272|2013-02-18|SO|II AKa 397/12|Wyrok|56|https://www.saos.org.pl/judgments/137272
137137|2013-02-18|SO|II AKa 384/12|Wyrok|56|https://www.saos.org.pl/judgments/137137
500625|2013-02-14|SO|II AKa 2/13|Wyrok|56|https://www.saos.org.pl/judgments/500625
139107|2013-02-14|SO|II AKa 4/13|Wyrok|56|https://www.saos.org.pl/judgments/139107
138086|2013-02-14|SO|II AKa 3/13|Wyrok|56|https://www.saos.org.pl/judgments/138086
137870|2013-02-14|SO|II AKa 15/13|Wyrok|56|https://www.saos.org.pl/judgments/137870
137404|2013-02-14|SO|II AKa 6/13|Wyrok|56|https://www.saos.org.pl/judgments/137404
137340|2013-02-14|SO|II AKa 11/13|Wyrok|56|https://www.saos.org.pl/judgments/137340
137331|2013-02-14|SO|II AKa 4/13|Wyrok|56|https://www.saos.org.pl/judgments/137331
137318|2013-02-14|SO|II AKa 1/13|Wyrok|56|https://www.saos.org.pl/judgments/137318
137234|2013-02-14|SO|II AKa 115/12|Wyrok|56|https://www.saos.org.pl/judgments/137234
137722|2013-02-13|SO|II AKa 166/12|Wyrok|56|https://www.saos.org.pl/judgments/137722
137281|2013-02-12|SO|II AKa 265/12|Wyrok|56|https://www.saos.org.pl/judgments/137281
141833|2013-02-11|SO|II AKa 268/12|Wyrok|56|https://www.saos.org.pl/judgments/141833
139129|2013-02-11|SO|II AKa 330/12|Wyrok|56|https://www.saos.org.pl/judgments/139129
137077|2013-02-11|SO|II AKa 25/13|Wyrok|56|https://www.saos.org.pl/judgments/137077
377747|2013-02-08|SO|II AKa 542/12|Wyrok|56|https://www.saos.org.pl/judgments/377747
138458|2013-02-08|SO|II AKa 356/12|Wyrok|56|https://www.saos.org.pl/judgments/138458
137742|2013-02-08|SO|II AKa 399/12|Wyrok|56|https://www.saos.org.pl/judgments/137742
137161|2013-02-08|SO|II AKa 533/12|Wyrok|56|https://www.saos.org.pl/judgments/137161
138085|2013-02-07|SO|II AKa 292/12|Wyrok|56|https://www.saos.org.pl/judgments/138085
137990|2013-02-07|SO|II AKa 370/12|Wyrok|56|https://www.saos.org.pl/judgments/137990
137325|2013-02-06|SO|II AKa 339/12|Wyrok|56|https://www.saos.org.pl/judgments/137325
137876|2013-01-31|SO|II AKa 256/12|Wyrok|56|https://www.saos.org.pl/judgments/137876
137875|2013-01-31|SO|II AKa 254/12|Wyrok|56|https://www.saos.org.pl/judgments/137875
137150|2013-01-31|SO|II AKa 214/12|Wyrok|56|https://www.saos.org.pl/judgments/137150
137328|2013-01-30|SO|II AKa 394/12|Wyrok|56|https://www.saos.org.pl/judgments/137328
137244|2013-01-30|SO|II AKa 387/12|Wyrok|56|https://www.saos.org.pl/judgments/137244
137136|2013-01-30|SO|II AKa 263/12|Wyrok|56|https://www.saos.org.pl/judgments/137136
136858|2013-01-29|SO|II AKa 230/12|Wyrok|56|https://www.saos.org.pl/judgments/136858
137332|2013-01-25|SO|II AKa 400/12|Wyrok|56|https://www.saos.org.pl/judgments/137332
137246|2013-01-25|SO|II AKa 393/12|Wyrok|56|https://www.saos.org.pl/judgments/137246
137159|2013-01-25|SO|II AKa 405/12|Wyrok|56|https://www.saos.org.pl/judgments/137159
136799|2013-01-25|SO|II AKa 5/13|Wyrok|56|https://www.saos.org.pl/judgments/136799
136777|2013-01-25|SO|II AKa 8/13|Wyrok|56|https://www.saos.org.pl/judgments/136777
137049|2013-01-24|SO|II AKa 249/12|Wyrok|56|https://www.saos.org.pl/judgments/137049
138083|2013-01-22|SO|II AKa 281/12|Wyrok|56|https://www.saos.org.pl/judgments/138083
137088|2013-01-21|SO|II AKa 285/12|Wyrok|56|https://www.saos.org.pl/judgments/137088
136734|2013-01-17|SO|II AKa 471/12|Wyrok|56|https://www.saos.org.pl/judgments/136734
136671|2013-01-17|SO|II AKa 117/12|Wyrok|56|https://www.saos.org.pl/judgments/136671
136859|2013-01-16|SO|II AKa 230/12|Wyrok|56|https://www.saos.org.pl/judgments/136859
137051|2013-01-15|SO|II AKa 252/12|Wyrok|56|https://www.saos.org.pl/judgments/137051
136864|2013-01-15|SO|II AKa 272/12|Wyrok|56|https://www.saos.org.pl/judgments/136864
136662|2013-01-15|SO|II AKa 276/12|Wyrok|56|https://www.saos.org.pl/judgments/136662
136741|2013-01-11|SO|II AKa 399/12|Wyrok|56|https://www.saos.org.pl/judgments/136741
136683|2013-01-10|SO|II AKa 164/12|Wyrok|56|https://www.saos.org.pl/judgments/136683
137285|2013-01-09|SO|II AKa 380/12|Wyrok|56|https://www.saos.org.pl/judgments/137285
136860|2013-01-09|SO|II AKa 236/12|Wyrok|56|https://www.saos.org.pl/judgments/136860
136658|2013-01-09|SO|II AKa 228/12|Wyrok|56|https://www.saos.org.pl/judgments/136658
136657|2013-01-09|SO|II AKa 220/12|Wyrok|56|https://www.saos.org.pl/judgments/136657
136702|2012-12-28|SO|II AKa 306/12|Wyrok|56|https://www.saos.org.pl/judgments/136702
136598|2012-12-28|SO|II AKa 383/12|Wyrok|56|https://www.saos.org.pl/judgments/136598
136547|2012-12-28|SO|II AKa 383/12|Wyrok|56|https://www.saos.org.pl/judgments/136547
136525|2012-12-28|SO|II AKa 385/12|Wyrok|56|https://www.saos.org.pl/judgments/136525
136471|2012-12-28|SO|II AKa 235/12|Wyrok|56|https://www.saos.org.pl/judgments/136471
136709|2012-12-27|SO|II AKa 387/12|Wyrok|56|https://www.saos.org.pl/judgments/136709
136572|2012-12-27|SO|II AKa 380/12|Wyrok|56|https://www.saos.org.pl/judgments/136572
137327|2012-12-21|SO|II AKa 376/12|Wyrok|56|https://www.saos.org.pl/judgments/137327
137155|2012-12-20|SO|II AKa 373/12|Wyrok|56|https://www.saos.org.pl/judgments/137155
136517|2012-12-20|SO|II AKa 442/12|Wyrok|56|https://www.saos.org.pl/judgments/136517
136516|2012-12-20|SO|II AKa 425/12|Wyrok|56|https://www.saos.org.pl/judgments/136516
136418|2012-12-20|SO|II AKa 213/12|Wyrok|56|https://www.saos.org.pl/judgments/136418
136324|2012-12-20|SO|II AKa 215/12|Wyrok|56|https://www.saos.org.pl/judgments/136324
138462|2012-12-19|SO|II AKa 372/12|Wyrok|56|https://www.saos.org.pl/judgments/138462
137271|2012-12-19|SO|II AKa 375/12|Wyrok|56|https://www.saos.org.pl/judgments/137271
136900|2012-12-19|SO|II AKa 320/12|Wyrok|56|https://www.saos.org.pl/judgments/136900
136766|2012-12-19|SO|II AKa 242/12|Wyrok|56|https://www.saos.org.pl/judgments/136766
138759|2012-12-18|SO|II AKa 159/12|Wyrok|56|https://www.saos.org.pl/judgments/138759
136422|2012-12-17|SO|II AKa 369/12|Wyrok|56|https://www.saos.org.pl/judgments/136422
136377|2012-12-14|SO|II AKa 324/12|Wyrok|56|https://www.saos.org.pl/judgments/136377
136369|2012-12-14|SO|II AKa 477/12|Wyrok|56|https://www.saos.org.pl/judgments/136369
136368|2012-12-14|SO|II AKa 432/12|Wyrok|56|https://www.saos.org.pl/judgments/136368
136566|2012-12-13|SO|II AKa 431/12|Wyrok|56|https://www.saos.org.pl/judgments/136566
136445|2012-12-13|SO|II AKa 355/12|Wyrok|56|https://www.saos.org.pl/judgments/136445
136442|2012-12-13|SO|II AKa 286/12|Wyrok|56|https://www.saos.org.pl/judgments/136442
136421|2012-12-10|SO|II AKa 363/12|Wyrok|56|https://www.saos.org.pl/judgments/136421
377732|2012-12-06|SO|II AKa 426/12|Wyrok|56|https://www.saos.org.pl/judgments/377732
138824|2012-12-06|SO|II AKa 351/12|Wyrok|56|https://www.saos.org.pl/judgments/138824
138184|2012-12-06|SO|II AKa 219/12|Wyrok|56|https://www.saos.org.pl/judgments/138184
137419|2012-12-06|SO|II AKa 253/12|Wyrok|56|https://www.saos.org.pl/judgments/137419
136611|2012-12-06|SO|II AKa 246/12|Wyrok|56|https://www.saos.org.pl/judgments/136611
136544|2012-12-06|SO|II AKa 298/12|Wyrok|56|https://www.saos.org.pl/judgments/136544
136521|2012-12-06|SO|II AKa 471/12|Wyrok|56|https://www.saos.org.pl/judgments/136521
136499|2012-12-06|SO|II AKa 352/12|Wyrok|56|https://www.saos.org.pl/judgments/136499
136470|2012-12-06|SO|II AKa 215/12|Wyrok|56|https://www.saos.org.pl/judgments/136470
136325|2012-12-05|SO|II AKa 219/12|Wyrok|56|https://www.saos.org.pl/judgments/136325
136975|2012-12-04|SO|II AKa 266/12|Wyrok|56|https://www.saos.org.pl/judgments/136975
136689|2012-12-04|SO|II AKa 374/12|Wyrok|56|https://www.saos.org.pl/judgments/136689
136341|2012-11-30|SO|II AKa 459/12|Wyrok|56|https://www.saos.org.pl/judgments/136341
141356|2012-11-29|SO|II AKa 243/12|Wyrok|56|https://www.saos.org.pl/judgments/141356
138078|2012-11-29|SO|II AKa 245/12|Wyrok|56|https://www.saos.org.pl/judgments/138078
136505|2012-11-29|SO|II AKa 345/12|Wyrok|56|https://www.saos.org.pl/judgments/136505
136414|2012-11-29|SO|II AKa 131/12|Wyrok|56|https://www.saos.org.pl/judgments/136414
136323|2012-11-29|SO|II AKa 211/12|Wyrok|56|https://www.saos.org.pl/judgments/136323
136275|2012-11-29|SO|II AKa 450/12|Wyrok|56|https://www.saos.org.pl/judgments/136275
136176|2012-11-29|SO|II AKa 155/12|Wyrok|56|https://www.saos.org.pl/judgments/136176
136281|2012-11-28|SO|II AKa 156/12|Wyrok|56|https://www.saos.org.pl/judgments/136281
136292|2012-11-27|SO|II AKa 379/12|Wyrok|56|https://www.saos.org.pl/judgments/136292
138555|2012-11-26|SO|II AKa 149/12|Wyrok|56|https://www.saos.org.pl/judgments/138555
136366|2012-11-23|SO|II AKa 327/12|Wyrok|56|https://www.saos.org.pl/judgments/136366
136583|2012-11-22|SO|II AKa 177/12|Wyrok|56|https://www.saos.org.pl/judgments/136583
136382|2012-11-22|SO|II AKa 343/12|Wyrok|56|https://www.saos.org.pl/judgments/136382
136276|2012-11-22|SO|II AKa 464/12|Wyrok|56|https://www.saos.org.pl/judgments/136276
136271|2012-11-22|SO|II AKa 417/12|Wyrok|56|https://www.saos.org.pl/judgments/136271
136187|2012-11-22|SO|II AKa 205/12|Wyrok|56|https://www.saos.org.pl/judgments/136187
137372|2012-11-21|SO|II AKa 334/12|Wyrok|56|https://www.saos.org.pl/judgments/137372
136349|2012-11-21|SO|II AKa 244/12|Wyrok|56|https://www.saos.org.pl/judgments/136349
137149|2012-11-20|SO|II AKa 162/12|Wyrok|56|https://www.saos.org.pl/judgments/137149
136622|2012-11-20|SO|II AKa 205/12|Wyrok|56|https://www.saos.org.pl/judgments/136622
5406|2012-11-20|SO|I ACa 1183/12|Wyrok|56|https://www.saos.org.pl/judgments/5406
136435|2012-11-19|SO|II AKa 186/12|Wyrok|56|https://www.saos.org.pl/judgments/136435
136256|2012-11-16|SO|II AKa 297/12|Wyrok|56|https://www.saos.org.pl/judgments/136256
3410|2012-11-16|SO|I ACa 742/12|Wyrok|56|https://www.saos.org.pl/judgments/3410
137782|2012-11-15|SO|II AKa 196/12|Wyrok|56|https://www.saos.org.pl/judgments/137782
136273|2012-11-15|SO|II AKa 434/12|Wyrok|56|https://www.saos.org.pl/judgments/136273
136169|2012-11-15|SO|II AKa 211/12|Wyrok|56|https://www.saos.org.pl/judgments/136169
135719|2012-11-15|SO|II AKa 210/12|Wyrok|56|https://www.saos.org.pl/judgments/135719
137494|2012-11-14|SO|II AKa 329/12|Wyrok|56|https://www.saos.org.pl/judgments/137494
137492|2012-11-14|SO|II AKa 308/12|Wyrok|56|https://www.saos.org.pl/judgments/137492
136198|2012-11-14|SO|II AKa 270/12|Wyrok|56|https://www.saos.org.pl/judgments/136198
136362|2012-11-13|SO|II AKa 306/12|Wyrok|56|https://www.saos.org.pl/judgments/136362
136239|2012-11-13|SO|II AKa 317/12|Wyrok|56|https://www.saos.org.pl/judgments/136239
136223|2012-11-09|SO|II AKa 315/12|Wyrok|56|https://www.saos.org.pl/judgments/136223
136121|2012-11-08|SO|II AKa 156/12|Wyrok|56|https://www.saos.org.pl/judgments/136121
136584|2012-11-06|SO|II AKa 193/12|Wyrok|56|https://www.saos.org.pl/judgments/136584
136567|2012-11-06|SO|II AKa 358/12|Wyrok|56|https://www.saos.org.pl/judgments/136567
136226|2012-11-06|SO|II AKa 312/12|Wyrok|56|https://www.saos.org.pl/judgments/136226
136219|2012-11-06|SO|II AKa 309/12|Wyrok|56|https://www.saos.org.pl/judgments/136219
136149|2012-11-06|SO|II AKa 311/12|Wyrok|56|https://www.saos.org.pl/judgments/136149
136129|2012-11-06|SO|II AKa 280/12|Wyrok|56|https://www.saos.org.pl/judgments/136129
136095|2012-11-06|SO|II AKa 207/12|Wyrok|56|https://www.saos.org.pl/judgments/136095
136413|2012-10-31|SO|II AKa 121/12|Wyrok|56|https://www.saos.org.pl/judgments/136413
136286|2012-10-31|SO|II AKa 166/12|Wyrok|56|https://www.saos.org.pl/judgments/136286
135799|2012-10-31|SO|II AKa 215/12|Wyrok|56|https://www.saos.org.pl/judgments/135799
135796|2012-10-31|SO|II AKa 174/12|Wyrok|56|https://www.saos.org.pl/judgments/135796
136434|2012-10-30|SO|II AKa 282/12|Wyrok|56|https://www.saos.org.pl/judgments/136434
136185|2012-10-30|SO|II AKa 139/12|Wyrok|56|https://www.saos.org.pl/judgments/136185
135680|2012-10-30|SO|II AKa 98/12|Wyrok|56|https://www.saos.org.pl/judgments/135680
136361|2012-10-29|SO|II AKa 270/12|Wyrok|56|https://www.saos.org.pl/judgments/136361
136196|2012-10-29|SO|II AKa 115/12|Wyrok|56|https://www.saos.org.pl/judgments/136196
137728|2012-10-26|SO|II AKa 72/12|Wyrok|56|https://www.saos.org.pl/judgments/137728
136200|2012-10-26|SO|II AKa 307/12|Wyrok|56|https://www.saos.org.pl/judgments/136200
136144|2012-10-26|SO|II AKa 347/12|Wyrok|56|https://www.saos.org.pl/judgments/136144
135765|2012-10-26|SO|II AKa 296/12|Wyrok|56|https://www.saos.org.pl/judgments/135765
136479|2012-10-25|SO|II AKa 210/12|Wyrok|56|https://www.saos.org.pl/judgments/136479
136245|2012-10-25|SO|II AKa 238/12|Wyrok|56|https://www.saos.org.pl/judgments/136245
136137|2012-10-25|SO|II AKa 169/12|Wyrok|56|https://www.saos.org.pl/judgments/136137
135810|2012-10-25|SO|II AKa 394/12|Wyrok|56|https://www.saos.org.pl/judgments/135810
136320|2012-10-24|SO|II AKa 290/12|Wyrok|56|https://www.saos.org.pl/judgments/136320
136228|2012-10-24|SO|II AKa 297/12|Wyrok|56|https://www.saos.org.pl/judgments/136228
135889|2012-10-23|SO|II AKa 293/12|Wyrok|56|https://www.saos.org.pl/judgments/135889
136146|2012-10-22|SO|II AKa 245/12|Wyrok|56|https://www.saos.org.pl/judgments/136146
141355|2012-10-18|SO|II AKa 207/12|Wyrok|56|https://www.saos.org.pl/judgments/141355
136188|2012-10-18|SO|II AKa 206/12|Wyrok|56|https://www.saos.org.pl/judgments/136188
135535|2012-10-18|SO|II AKa 175/12|Wyrok|56|https://www.saos.org.pl/judgments/135535
135608|2012-10-17|SO|II AKa 199/12|Wyrok|56|https://www.saos.org.pl/judgments/135608
137406|2012-10-15|SO|II AKa 220/12|Wyrok|56|https://www.saos.org.pl/judgments/137406
135801|2012-10-11|SO|II AKa 228/12|Wyrok|56|https://www.saos.org.pl/judgments/135801
135715|2012-10-11|SO|II AKa 164/12|Wyrok|56|https://www.saos.org.pl/judgments/135715
135609|2012-10-11|SO|II AKa 204/12|Wyrok|56|https://www.saos.org.pl/judgments/135609
135882|2012-10-10|SO|II AKa 275/12|Wyrok|56|https://www.saos.org.pl/judgments/135882
135797|2012-10-10|SO|II AKa 186/12|Wyrok|56|https://www.saos.org.pl/judgments/135797
136620|2012-10-09|SO|II AKa 329/12|Wyrok|56|https://www.saos.org.pl/judgments/136620
135892|2012-10-09|SO|II AKa 303/12|Wyrok|56|https://www.saos.org.pl/judgments/135892
135627|2012-10-09|SO|II AKa 195/12|Wyrok|56|https://www.saos.org.pl/judgments/135627
2588|2012-10-09|SO|I ACa 484/12|Wyrok|56|https://www.saos.org.pl/judgments/2588
135762|2012-10-08|SO|II AKa 274/12|Wyrok|56|https://www.saos.org.pl/judgments/135762
136433|2012-10-04|SO|II AKa 134/12|Wyrok|56|https://www.saos.org.pl/judgments/136433
135805|2012-10-04|SO|II AKa 352/12|Wyrok|56|https://www.saos.org.pl/judgments/135805
135737|2012-10-03|SO|II AKa 204/12|Wyrok|56|https://www.saos.org.pl/judgments/135737
136288|2012-09-28|SO|II AKa 214/12|Wyrok|56|https://www.saos.org.pl/judgments/136288
135855|2012-09-27|SO|II AKa 203/12|Wyrok|56|https://www.saos.org.pl/judgments/135855
135711|2012-09-27|SO|II AKa 152/12|Wyrok|56|https://www.saos.org.pl/judgments/135711
135703|2012-09-27|SO|II AKa 134/12|Wyrok|56|https://www.saos.org.pl/judgments/135703
136283|2012-09-26|SO|II AKa 312/12|Wyrok|56|https://www.saos.org.pl/judgments/136283
136267|2012-09-26|SO|II AKa 259/12|Wyrok|56|https://www.saos.org.pl/judgments/136267
136119|2012-09-26|SO|II AKa 247/12|Wyrok|56|https://www.saos.org.pl/judgments/136119
135966|2012-09-26|SO|II AKa 262/12|Wyrok|56|https://www.saos.org.pl/judgments/135966
135878|2012-09-26|SO|II AKa 259/12|Wyrok|56|https://www.saos.org.pl/judgments/135878
135728|2012-09-26|SO|II AKa 147/12|Wyrok|56|https://www.saos.org.pl/judgments/135728
138297|2012-09-25|SO|II AKa 69/12|Wyrok|56|https://www.saos.org.pl/judgments/138297
136318|2012-09-25|SO|II AKa 157/12|Wyrok|56|https://www.saos.org.pl/judgments/136318
135536|2012-09-25|SO|II AKa 93/12|Wyrok|56|https://www.saos.org.pl/judgments/135536
137086|2012-09-20|SO|II AKa 240/11|Wyrok|56|https://www.saos.org.pl/judgments/137086
136400|2012-09-20|SO|II AKa 288/12|Wyrok|56|https://www.saos.org.pl/judgments/136400
136122|2012-09-20|SO|II AKa 184/12|Wyrok|56|https://www.saos.org.pl/judgments/136122
136113|2012-09-20|SO|II AKa 301/12|Wyrok|56|https://www.saos.org.pl/judgments/136113
135964|2012-09-20|SO|II AKa 254/12|Wyrok|56|https://www.saos.org.pl/judgments/135964
135710|2012-09-20|SO|II AKa 148/12|Wyrok|56|https://www.saos.org.pl/judgments/135710
135626|2012-09-20|SO|II AKa 194/12|Wyrok|56|https://www.saos.org.pl/judgments/135626
6938|2012-09-20|SO|I ACa 201/12|Wyrok|56|https://www.saos.org.pl/judgments/6938
409352|2012-09-19|SO|II AKa 233/12|Wyrok|56|https://www.saos.org.pl/judgments/409352
409351|2012-09-19|SO|II AKa 218/12|Wyrok|56|https://www.saos.org.pl/judgments/409351
135746|2012-09-19|SO|II AKa 233/12|Wyrok|56|https://www.saos.org.pl/judgments/135746
135740|2012-09-19|SO|II AKa 218/12|Wyrok|56|https://www.saos.org.pl/judgments/135740
135736|2012-09-18|SO|II AKa 191/12|Wyrok|56|https://www.saos.org.pl/judgments/135736
136109|2012-09-13|SO|II AKa 283/12|Wyrok|56|https://www.saos.org.pl/judgments/136109
135637|2012-09-13|SO|II AKa 170/12|Wyrok|56|https://www.saos.org.pl/judgments/135637
135567|2012-09-13|SO|II AKa 326/12|Wyrok|56|https://www.saos.org.pl/judgments/135567
135565|2012-09-13|SO|II AKa 320/12|Wyrok|56|https://www.saos.org.pl/judgments/135565
136246|2012-09-12|SO|II AKa 247/12|Wyrok|56|https://www.saos.org.pl/judgments/136246
135959|2012-09-12|SO|II AKa 244/12|Wyrok|56|https://www.saos.org.pl/judgments/135959
136779|2012-09-06|SO|II AKa 189/12|Wyrok|56|https://www.saos.org.pl/judgments/136779
136105|2012-09-06|SO|II AKa 256/12|Wyrok|56|https://www.saos.org.pl/judgments/136105
135857|2012-09-06|SO|II AKa 206/12|Wyrok|56|https://www.saos.org.pl/judgments/135857
135675|2012-09-06|SO|II AKa 83/12|Wyrok|56|https://www.saos.org.pl/judgments/135675
135673|2012-09-06|SO|II AKa 77/12|Wyrok|56|https://www.saos.org.pl/judgments/135673
135958|2012-09-05|SO|II AKa 238/12|Wyrok|56|https://www.saos.org.pl/judgments/135958
135875|2012-09-05|SO|II AKa 243/12|Wyrok|56|https://www.saos.org.pl/judgments/135875
135733|2012-09-05|SO|II AKa 179/12|Wyrok|56|https://www.saos.org.pl/judgments/135733
136406|2012-09-04|SO|II AKa 299/12|Wyrok|56|https://www.saos.org.pl/judgments/136406
136381|2012-09-04|SO|II AKa 280/12|Wyrok|56|https://www.saos.org.pl/judgments/136381
137147|2012-08-30|SO|II AKa 140/12|Wyrok|56|https://www.saos.org.pl/judgments/137147
136111|2012-08-30|SO|II AKa 293/12|Wyrok|56|https://www.saos.org.pl/judgments/136111
135848|2012-08-24|SO|II AKa 189/12|Wyrok|56|https://www.saos.org.pl/judgments/135848
135869|2012-08-23|SO|II AKa 229/12|Wyrok|56|https://www.saos.org.pl/judgments/135869
135867|2012-08-23|SO|II AKa 227/12|Wyrok|56|https://www.saos.org.pl/judgments/135867
135712|2012-08-23|SO|II AKa 154/12|Wyrok|56|https://www.saos.org.pl/judgments/135712
135707|2012-08-23|SO|II AKa 143/12|Wyrok|56|https://www.saos.org.pl/judgments/135707
136103|2012-08-22|SO|II AKa 249/12|Wyrok|56|https://www.saos.org.pl/judgments/136103
136102|2012-08-22|SO|II AKa 246/12|Wyrok|56|https://www.saos.org.pl/judgments/136102
136232|2012-08-21|SO|II AKa 211/12|Wyrok|56|https://www.saos.org.pl/judgments/136232
135621|2012-08-21|SO|II AKa 95/12|Wyrok|56|https://www.saos.org.pl/judgments/135621
135776|2012-08-09|SO|II AKa 137/12|Wyrok|56|https://www.saos.org.pl/judgments/135776
135860|2012-08-08|SO|II AKa 211/12|Wyrok|56|https://www.saos.org.pl/judgments/135860
135859|2012-08-08|SO|II AKa 210/12|Wyrok|56|https://www.saos.org.pl/judgments/135859
135592|2012-07-26|SO|II AKa 158/12|Wyrok|56|https://www.saos.org.pl/judgments/135592
135861|2012-07-25|SO|II AKa 213/12|Wyrok|56|https://www.saos.org.pl/judgments/135861
135777|2012-07-24|SO|II AKa 141/12|Wyrok|56|https://www.saos.org.pl/judgments/135777
136236|2012-07-19|SO|II AKa 221/12|Wyrok|56|https://www.saos.org.pl/judgments/136236
135559|2012-07-19|SO|II AKa 256/12|Wyrok|56|https://www.saos.org.pl/judgments/135559
136235|2012-07-12|SO|II AKa 215/12|Wyrok|56|https://www.saos.org.pl/judgments/136235
135946|2012-07-12|SO|II AKa 188/12|Wyrok|56|https://www.saos.org.pl/judgments/135946
135850|2012-07-12|SO|II AKa 193/12|Wyrok|56|https://www.saos.org.pl/judgments/135850
135589|2012-07-12|SO|II AKa 145/12|Wyrok|56|https://www.saos.org.pl/judgments/135589
136329|2012-07-05|SO|II AKa 100/12|Wyrok|56|https://www.saos.org.pl/judgments/136329
135773|2012-06-29|SO|II AKa 116/12|Wyrok|56|https://www.saos.org.pl/judgments/135773
136006|2012-06-28|SO|II AKa 98/12|Wyrok|56|https://www.saos.org.pl/judgments/136006
135833|2012-06-28|SO|II AKa 137/12|Wyrok|56|https://www.saos.org.pl/judgments/135833
135944|2012-06-27|SO|II AKa 182/12|Wyrok|56|https://www.saos.org.pl/judgments/135944
135847|2012-06-27|SO|II AKa 184/12|Wyrok|56|https://www.saos.org.pl/judgments/135847
135586|2012-06-26|SO|II AKa 136/12|Wyrok|56|https://www.saos.org.pl/judgments/135586
136778|2012-06-25|SO|II AKa 126/12|Wyrok|56|https://www.saos.org.pl/judgments/136778
135841|2012-06-13|SO|II AKa 159/12|Wyrok|56|https://www.saos.org.pl/judgments/135841
135930|2012-06-06|SO|II AKa 134/12|Wyrok|56|https://www.saos.org.pl/judgments/135930
135829|2012-06-06|SO|II AKa 128/12|Wyrok|56|https://www.saos.org.pl/judgments/135829
136099|2012-06-05|SO|II AKa 175/12|Wyrok|56|https://www.saos.org.pl/judgments/136099
135727|2012-05-28|SO|II AKa 122/12|Wyrok|56|https://www.saos.org.pl/judgments/135727
135831|2012-05-24|SO|II AKa 130/12|Wyrok|56|https://www.saos.org.pl/judgments/135831
409348|2012-05-18|SO|II AKa 122/12|Wyrok|56|https://www.saos.org.pl/judgments/409348
135923|2012-05-16|SO|II AKa 121/12|Wyrok|56|https://www.saos.org.pl/judgments/135923
135918|2012-05-09|SO|II AKa 113/12|Wyrok|56|https://www.saos.org.pl/judgments/135918
135916|2012-04-26|SO|II AKa 106/12|Wyrok|56|https://www.saos.org.pl/judgments/135916
136002|2012-04-25|SO|II AKa 84/12|Wyrok|56|https://www.saos.org.pl/judgments/136002
135917|2012-04-25|SO|II AKa 107/12|Wyrok|56|https://www.saos.org.pl/judgments/135917
135821|2012-04-25|SO|II AKa 108/12|Wyrok|56|https://www.saos.org.pl/judgments/135821
135819|2012-04-19|SO|II AKa 104/12|Wyrok|56|https://www.saos.org.pl/judgments/135819
135732|2012-04-19|SO|II AKa 17/12|Wyrok|56|https://www.saos.org.pl/judgments/135732
135997|2012-03-29|SO|II AKa 77/12|Wyrok|56|https://www.saos.org.pl/judgments/135997
268972|2012-03-21|SO|II AKa 38/12|Wyrok|56|https://www.saos.org.pl/judgments/268972
135993|2012-03-15|SO|II AKa 55/12|Wyrok|56|https://www.saos.org.pl/judgments/135993
135992|2012-03-14|SO|II AKa 53/12|Wyrok|56|https://www.saos.org.pl/judgments/135992
135898|2012-03-14|SO|II AKa 52/12|Wyrok|56|https://www.saos.org.pl/judgments/135898
135989|2012-03-08|SO|II AKa 46/12|Wyrok|56|https://www.saos.org.pl/judgments/135989
135988|2012-03-08|SO|II AKa 45/12|Wyrok|56|https://www.saos.org.pl/judgments/135988
135978|2012-03-08|SO|II AKa 388/11|Wyrok|56|https://www.saos.org.pl/judgments/135978
417855|2012-02-24|SO|II AKa 521/11|Wyrok|56|https://www.saos.org.pl/judgments/417855
135870|2012-02-22|SO|II AKa 23/12|Wyrok|56|https://www.saos.org.pl/judgments/135870
136964|2012-02-21|SO|II AKa 338/11|Wyrok|56|https://www.saos.org.pl/judgments/136964
136904|2012-02-02|SO|II AKa 401/11|Wyrok|56|https://www.saos.org.pl/judgments/136904
136905|2012-01-31|SO|II AKa 403/11|Wyrok|56|https://www.saos.org.pl/judgments/136905
472560|2012-01-27|SO|II AKa 520/11|Wyrok|56|https://www.saos.org.pl/judgments/472560
135977|2011-12-28|SO|II AKa 385/11|Wyrok|56|https://www.saos.org.pl/judgments/135977
384937|2011-06-13|SO|II AKa 146/11|Wyrok|56|https://www.saos.org.pl/judgments/384937
246883|2011-04-21|SO|II AKa 111/11|Wyrok|56|https://www.saos.org.pl/judgments/246883
246879|2011-04-21|SO|II AKa 103/11|Wyrok|56|https://www.saos.org.pl/judgments/246879
410662|2011-02-25|SO|II AKa 438/10|Wyrok|56|https://www.saos.org.pl/judgments/410662
246881|2011-02-03|SO|II AKa 11/11|Wyrok|56|https://www.saos.org.pl/judgments/246881
142540|2011-01-05|SO|II AKa 382/10|Wyrok|56|https://www.saos.org.pl/judgments/142540
488939|2010-12-09|SO|II AKa 170/10|Wyrok|56|https://www.saos.org.pl/judgments/488939
409716|2010-12-08|SO|II AKa 192/10|Wyrok|56|https://www.saos.org.pl/judgments/409716
407445|2010-10-27|SO|II AKa 223/10|Wyrok|56|https://www.saos.org.pl/judgments/407445
182881|2010-05-20|SO|II AKa 105/10|Wyrok|56|https://www.saos.org.pl/judgments/182881
466205|2009-07-16|SO|II AKa 150/09|Wyrok|56|https://www.saos.org.pl/judgments/466205
138395|2009-06-18|SO|II AKa 127/09|Wyrok|56|https://www.saos.org.pl/judgments/138395
416970|2009-03-26|SO|II AKa 49/09|Wyrok|56|https://www.saos.org.pl/judgments/416970
444076|2009-01-22|SO|II AKa 389/08|Wyrok|56|https://www.saos.org.pl/judgments/444076
377699|2008-11-21|SO|II AKa 314/08|Wyrok|56|https://www.saos.org.pl/judgments/377699
138735|2008-05-20|SO|II AKa 129/08|Wyrok|56|https://www.saos.org.pl/judgments/138735
382943|2008-05-15|SO|II AKa 13/08|Wyrok|56|https://www.saos.org.pl/judgments/382943
488948|2008-04-17|SO|II AKa 78/08|Wyrok|56|https://www.saos.org.pl/judgments/488948
407448|2006-11-09|SO|II AKa 323/06|Wyrok|56|https://www.saos.org.pl/judgments/407448
139931|2006-11-09|SO|II AKa 339/06|Wyrok|56|https://www.saos.org.pl/judgments/139931
500597|2006-10-31|SO|II AKa 188/06|Wyrok|56|https://www.saos.org.pl/judgments/500597
150399|2006-09-27|SO|II AKa 91/06|Wyrok|56|https://www.saos.org.pl/judgments/150399
465990|2006-06-22|SO|II AKa 199/06|Wyrok|56|https://www.saos.org.pl/judgments/465990
278891|2006-04-27|SO|II AKa 110/06|Wyrok|56|https://www.saos.org.pl/judgments/278891
417849|2006-02-16|SO|II AKa 15/06|Wyrok|56|https://www.saos.org.pl/judgments/417849
382948|2005-12-08|SO|II AKa 68/05|Wyrok|56|https://www.saos.org.pl/judgments/382948
136339|2005-09-22|SO|II AKa 215/05|Wyrok|56|https://www.saos.org.pl/judgments/136339
539566|2005-07-21|SO|II AKa 147/05|Wyrok|56|https://www.saos.org.pl/judgments/539566
139930|2005-07-07|SO|II AKa 213/05|Wyrok|56|https://www.saos.org.pl/judgments/139930
421465|2005-06-01|SO|II AKa 46/05|Wyrok|56|https://www.saos.org.pl/judgments/421465
540004|2005-03-10|SO|II AKa 404/04|Wyrok|56|https://www.saos.org.pl/judgments/540004
132299|2005-02-17|SO|II AKa 411/04|Wyrok|56|https://www.saos.org.pl/judgments/132299
150346|2004-07-08|SO|II AKa 139/04|Wyrok|56|https://www.saos.org.pl/judgments/150346
472561|2004-06-24|SO|II AKa 91/04|Wyrok|56|https://www.saos.org.pl/judgments/472561
472559|2004-04-22|SO|II AKa 51/04|Wyrok|56|https://www.saos.org.pl/judgments/472559
135914|2004-03-19|SO|II AKa 1/04|Wyrok|56|https://www.saos.org.pl/judgments/135914
137520|2003-11-27|SO|II AKa 317/03|Wyrok|56|https://www.saos.org.pl/judgments/137520
527376|2025-05-14|SO|II AKzw 778/25|Postanowienie|47|https://www.saos.org.pl/judgments/527376
525653|2024-11-26|SO|II AKz 687/24|Postanowienie|47|https://www.saos.org.pl/judgments/525653
519353|2024-11-19|SO|II S 26/24|Postanowienie|47|https://www.saos.org.pl/judgments/519353
525650|2024-11-12|SO|II AKz 593/24|Postanowienie|47|https://www.saos.org.pl/judgments/525650
531020|2024-10-14|SO|I ACa 2327/23|Postanowienie|47|https://www.saos.org.pl/judgments/531020
516584|2024-07-24|SO|II AKz 405/24|Postanowienie|47|https://www.saos.org.pl/judgments/516584
501347|2024-02-27|SO|II AKp 13/24|Postanowienie|47|https://www.saos.org.pl/judgments/501347
525591|2023-11-15|SO|II AKz 677/23|Postanowienie|47|https://www.saos.org.pl/judgments/525591
491248|2023-06-26|SO|II AKzw 573/23|Postanowienie|47|https://www.saos.org.pl/judgments/491248
470485|2022-08-08|SO|II AKz 533/22|Postanowienie|47|https://www.saos.org.pl/judgments/470485
470482|2022-07-15|SO|II AKz 465/22|Postanowienie|47|https://www.saos.org.pl/judgments/470482
470488|2022-06-30|SO|II AKzw 668/22|Postanowienie|47|https://www.saos.org.pl/judgments/470488
470701|2022-06-07|SO|II AKz 389/22|Postanowienie|47|https://www.saos.org.pl/judgments/470701
469870|2022-03-24|SO|II S 15/22|Postanowienie|47|https://www.saos.org.pl/judgments/469870
463279|2022-03-17|SO|II S 6/22|Postanowienie|47|https://www.saos.org.pl/judgments/463279
453602|2021-10-29|SO|II S 31/21|Postanowienie|47|https://www.saos.org.pl/judgments/453602
453601|2021-10-29|SO|II S 30/21|Postanowienie|47|https://www.saos.org.pl/judgments/453601
444121|2020-12-15|SO|II AKz 1344/20|Postanowienie|47|https://www.saos.org.pl/judgments/444121
444112|2020-11-17|SO|II AKz 1201/20|Postanowienie|47|https://www.saos.org.pl/judgments/444112
444103|2020-10-13|SO|II AKz 1085/20|Postanowienie|47|https://www.saos.org.pl/judgments/444103
444098|2020-10-09|SO|II AKz 1043/20|Postanowienie|47|https://www.saos.org.pl/judgments/444098
443940|2020-09-08|SO|II AKp 123/20|Postanowienie|47|https://www.saos.org.pl/judgments/443940
444203|2020-08-25|SO|II AKz 871/20|Postanowienie|47|https://www.saos.org.pl/judgments/444203
444190|2020-08-18|SO|II AKz 794/20|Postanowienie|47|https://www.saos.org.pl/judgments/444190
444197|2020-08-11|SO|II AKz 841/20|Postanowienie|47|https://www.saos.org.pl/judgments/444197
444196|2020-08-11|SO|II AKz 830/20|Postanowienie|47|https://www.saos.org.pl/judgments/444196
444088|2020-08-11|SO|II AKp 111/20|Postanowienie|47|https://www.saos.org.pl/judgments/444088
415760|2020-06-18|SO|II AKz 357/20|Postanowienie|47|https://www.saos.org.pl/judgments/415760
414089|2020-01-29|SO|II AKz 613/19|Postanowienie|47|https://www.saos.org.pl/judgments/414089
444213|2019-10-15|SO|II AKz 954/19|Postanowienie|47|https://www.saos.org.pl/judgments/444213
444206|2019-09-24|SO|II AKz 894/19|Postanowienie|47|https://www.saos.org.pl/judgments/444206
393717|2019-09-18|SO|II S 44/19|Postanowienie|47|https://www.saos.org.pl/judgments/393717
444194|2019-09-10|SO|II AKz 810/19|Postanowienie|47|https://www.saos.org.pl/judgments/444194
444407|2019-08-13|SO|II AKz 716/19|Postanowienie|47|https://www.saos.org.pl/judgments/444407
444406|2019-08-06|SO|II AKz 701/19|Postanowienie|47|https://www.saos.org.pl/judgments/444406
441246|2019-01-29|SO|II AKz 55/19|Postanowienie|47|https://www.saos.org.pl/judgments/441246
349036|2018-07-20|SO|II S 32/18|Postanowienie|47|https://www.saos.org.pl/judgments/349036
307499|2017-09-21|SO|V ACz 893/17|Postanowienie|47|https://www.saos.org.pl/judgments/307499
283756|2017-01-26|SO|I ACa 968/16|Postanowienie|47|https://www.saos.org.pl/judgments/283756
258883|2016-11-29|SO|II AKz 232/16|Postanowienie|47|https://www.saos.org.pl/judgments/258883
252488|2016-10-12|SO|II AKz 337/16|Postanowienie|47|https://www.saos.org.pl/judgments/252488
230804|2016-06-10|SO|II AKz 199/16|Postanowienie|47|https://www.saos.org.pl/judgments/230804
220697|2016-05-05|SO|II AKz 151/16|Postanowienie|47|https://www.saos.org.pl/judgments/220697
223112|2016-04-27|SO|II AKz 131/16|Postanowienie|47|https://www.saos.org.pl/judgments/223112
212822|2016-03-17|SO|II AKz 64/16|Postanowienie|47|https://www.saos.org.pl/judgments/212822
444402|2015-12-02|SO|II AKz 688/15|Postanowienie|47|https://www.saos.org.pl/judgments/444402
183095|2015-11-18|SO|II AKz 427/15|Postanowienie|47|https://www.saos.org.pl/judgments/183095
444151|2015-10-28|SO|II AKz 602/15|Postanowienie|47|https://www.saos.org.pl/judgments/444151
426058|2015-10-21|SO|II AKz 575/15|Postanowienie|47|https://www.saos.org.pl/judgments/426058
444171|2014-11-13|SO|II AKz 703/14|Postanowienie|47|https://www.saos.org.pl/judgments/444171
444167|2014-10-29|SO|II AKz 673/14|Postanowienie|47|https://www.saos.org.pl/judgments/444167
444139|2014-09-17|SO|II AKz 571/14|Postanowienie|47|https://www.saos.org.pl/judgments/444139
444386|2014-08-13|SO|II AKz 514/14|Postanowienie|47|https://www.saos.org.pl/judgments/444386
444385|2014-08-13|SO|II AKz 505/14|Postanowienie|47|https://www.saos.org.pl/judgments/444385
57516|2014-08-08|SO|II S 26/14|Postanowienie|47|https://www.saos.org.pl/judgments/57516
444378|2014-07-30|SO|II AKz 445/14|Postanowienie|47|https://www.saos.org.pl/judgments/444378
391546|2014-06-04|SO|II AKz 329/14|Postanowienie|47|https://www.saos.org.pl/judgments/391546
32031|2013-12-18|SO|II S 37/13|Postanowienie|47|https://www.saos.org.pl/judgments/32031
140743|2013-10-09|SO|II AKz 336/13|Postanowienie|47|https://www.saos.org.pl/judgments/140743
138131|2013-04-29|SO|II AKz 129/13|Postanowienie|47|https://www.saos.org.pl/judgments/138131
14881|2013-04-17|SO|II S 13/13|Postanowienie|47|https://www.saos.org.pl/judgments/14881
138769|2013-03-27|SO|II AKz 97/13|Postanowienie|47|https://www.saos.org.pl/judgments/138769
138562|2013-03-27|SO|II AKz 96/13|Postanowienie|47|https://www.saos.org.pl/judgments/138562
138561|2013-03-27|SO|II AKz 95/13|Postanowienie|47|https://www.saos.org.pl/judgments/138561
138560|2013-03-27|SO|II AKz 102/13|Postanowienie|47|https://www.saos.org.pl/judgments/138560
389634|2013-03-26|SO|II AKzw 314/13|Postanowienie|47|https://www.saos.org.pl/judgments/389634
137545|2013-03-21|SO|II AKz 6/13|Postanowienie|47|https://www.saos.org.pl/judgments/137545
137430|2013-02-28|SO|II AKz 67/13|Postanowienie|47|https://www.saos.org.pl/judgments/137430
137059|2013-02-21|SO|II AKo 15/13|Postanowienie|47|https://www.saos.org.pl/judgments/137059
136494|2012-12-13|SO|II AKz 861/12|Postanowienie|47|https://www.saos.org.pl/judgments/136494
136238|2012-12-12|SO|II AKz 469/12|Postanowienie|47|https://www.saos.org.pl/judgments/136238
136182|2012-12-06|SO|II AKz 500/12|Postanowienie|47|https://www.saos.org.pl/judgments/136182
137696|2012-11-15|SO|II AKzw 1193/12|Postanowienie|47|https://www.saos.org.pl/judgments/137696
3677|2012-11-06|SO|II S 21/12|Postanowienie|47|https://www.saos.org.pl/judgments/3677
135539|2012-10-30|SO|II AKz 438/12|Postanowienie|47|https://www.saos.org.pl/judgments/135539
135788|2012-08-20|SO|II AKz 225/12|Postanowienie|47|https://www.saos.org.pl/judgments/135788
135770|2012-04-10|SO|II AKz 194/12|Postanowienie|47|https://www.saos.org.pl/judgments/135770
129816|2012-01-11|SO|II AKzw 1725/11|Postanowienie|47|https://www.saos.org.pl/judgments/129816
129835|2011-07-19|SO|II AKzw 825/11|Postanowienie|47|https://www.saos.org.pl/judgments/129835
129832|2011-05-24|SO|II AKzw 603/11|Postanowienie|47|https://www.saos.org.pl/judgments/129832
436583|2006-09-27|SO|II AKz 605/06|Postanowienie|47|https://www.saos.org.pl/judgments/436583
301276|2016-12-21|KIO|KIO 2322/16|Wyrok|44|https://www.saos.org.pl/judgments/301276
544501|2026-03-09|SO|II AKa 283/25|Uzasadnienie|42|https://www.saos.org.pl/judgments/544501
544504|2026-02-27|SO|II AKa 3/26|Uzasadnienie|42|https://www.saos.org.pl/judgments/544504
546521|2026-02-19|SO|II AKa 324/24|Uzasadnienie|42|https://www.saos.org.pl/judgments/546521
544240|2026-02-16|SO|II AKa 303/25|Uzasadnienie|42|https://www.saos.org.pl/judgments/544240
544237|2026-01-29|SO|II AKa 287/25|Uzasadnienie|42|https://www.saos.org.pl/judgments/544237
543179|2026-01-29|SO|II AKa 70/23|Uzasadnienie|42|https://www.saos.org.pl/judgments/543179
542173|2025-12-30|SO|II AKa 218/25|Uzasadnienie|42|https://www.saos.org.pl/judgments/542173
538348|2025-11-24|SO|II AKa 184/25|Uzasadnienie|42|https://www.saos.org.pl/judgments/538348
539324|2025-11-19|SO|II AKa 227/25|Uzasadnienie|42|https://www.saos.org.pl/judgments/539324
536938|2025-10-13|SO|II AKa 142/25|Uzasadnienie|42|https://www.saos.org.pl/judgments/536938
538337|2025-10-10|SO|II AKa 117/25|Uzasadnienie|42|https://www.saos.org.pl/judgments/538337
536744|2025-09-15|SO|II AKa 206/24|Uzasadnienie|42|https://www.saos.org.pl/judgments/536744
533125|2025-08-05|SO|II AKa 91/25|Uzasadnienie|42|https://www.saos.org.pl/judgments/533125
536945|2025-08-04|SO|II AKa 87/25|Uzasadnienie|42|https://www.saos.org.pl/judgments/536945
531200|2025-07-14|SO|II AKa 256/24|Uzasadnienie|42|https://www.saos.org.pl/judgments/531200
531100|2025-07-02|SO|II AKa 12/25|Uzasadnienie|42|https://www.saos.org.pl/judgments/531100
545757|2025-05-28|SO|II AKa 279/24|Uzasadnienie|42|https://www.saos.org.pl/judgments/545757
526408|2025-05-12|SO|II AKa 54/25|Uzasadnienie|42|https://www.saos.org.pl/judgments/526408
527316|2025-04-28|SO|II AKa 2/25|Uzasadnienie|42|https://www.saos.org.pl/judgments/527316
524681|2025-04-07|SO|II AKa 231/24|Uzasadnienie|42|https://www.saos.org.pl/judgments/524681
531031|2025-03-24|SO|II AKa 215/23|Uzasadnienie|42|https://www.saos.org.pl/judgments/531031
524560|2025-03-10|SO|II AKa 255/24|Uzasadnienie|42|https://www.saos.org.pl/judgments/524560
521878|2025-02-07|SO|II AKa 220/24|Uzasadnienie|42|https://www.saos.org.pl/judgments/521878
520967|2025-01-24|SO|II AKa 180/24|Uzasadnienie|42|https://www.saos.org.pl/judgments/520967
520968|2025-01-23|SO|II AKa 186/23|Uzasadnienie|42|https://www.saos.org.pl/judgments/520968
520292|2025-01-17|SO|II AKa 205/20|Uzasadnienie|42|https://www.saos.org.pl/judgments/520292
539177|2025-01-03|SO|II AKa 222/24|Uzasadnienie|42|https://www.saos.org.pl/judgments/539177
520702|2024-12-16|SO|II AKa 200/24|Uzasadnienie|42|https://www.saos.org.pl/judgments/520702
520295|2024-12-16|SO|II AKa 315/22|Uzasadnienie|42|https://www.saos.org.pl/judgments/520295
520290|2024-12-16|SO|II AKa 167/23|Uzasadnienie|42|https://www.saos.org.pl/judgments/520290
516575|2024-11-21|SO|II AKa 131/24|Uzasadnienie|42|https://www.saos.org.pl/judgments/516575
520698|2024-11-20|SO|II AKa 167/24|Uzasadnienie|42|https://www.saos.org.pl/judgments/520698
519879|2024-11-13|SO|II AKa 338/24|Uzasadnienie|42|https://www.saos.org.pl/judgments/519879
517286|2024-11-11|SO|II AKa 143/23|Uzasadnienie|42|https://www.saos.org.pl/judgments/517286
537377|2024-10-04|SO|II AKa 150/23|Uzasadnienie|42|https://www.saos.org.pl/judgments/537377
537376|2024-10-03|SO|II AKa 149/24|Uzasadnienie|42|https://www.saos.org.pl/judgments/537376
518953|2024-07-10|SO|II AKa 55/22|Uzasadnienie|42|https://www.saos.org.pl/judgments/518953
501285|2024-07-02|SO|II AKa 78/24|Uzasadnienie|42|https://www.saos.org.pl/judgments/501285
526736|2024-06-27|SO|II AKa 68/24|Uzasadnienie|42|https://www.saos.org.pl/judgments/526736
500798|2024-06-19|SO|II AKa 264/22|Uzasadnienie|42|https://www.saos.org.pl/judgments/500798
517306|2024-06-17|SO|II AKa 267/22|Uzasadnienie|42|https://www.saos.org.pl/judgments/517306
500538|2024-06-12|SO|II AKa 162/19|Uzasadnienie|42|https://www.saos.org.pl/judgments/500538
501236|2024-06-06|SO|II AKa 62/24|Uzasadnienie|42|https://www.saos.org.pl/judgments/501236
500856|2024-05-24|SO|II AKa 285/23|Uzasadnienie|42|https://www.saos.org.pl/judgments/500856
526726|2024-05-21|SO|II AKa 44/24|Uzasadnienie|42|https://www.saos.org.pl/judgments/526726
500628|2024-05-09|SO|II AKa 2/24|Uzasadnienie|42|https://www.saos.org.pl/judgments/500628
500708|2024-04-29|SO|II AKa 232/21|Uzasadnienie|42|https://www.saos.org.pl/judgments/500708
500897|2024-03-11|SO|II AKa 303/23|Uzasadnienie|42|https://www.saos.org.pl/judgments/500897
500992|2024-02-28|SO|II AKa 345/22|Uzasadnienie|42|https://www.saos.org.pl/judgments/500992
500784|2024-02-22|SO|II AKa 257/23|Uzasadnienie|42|https://www.saos.org.pl/judgments/500784
500776|2024-02-22|SO|II AKa 253/23|Uzasadnienie|42|https://www.saos.org.pl/judgments/500776
500556|2024-02-09|SO|II AKa 168/23|Uzasadnienie|42|https://www.saos.org.pl/judgments/500556
500835|2024-02-01|SO|II AKa 274/22|Uzasadnienie|42|https://www.saos.org.pl/judgments/500835
500853|2024-01-26|SO|II AKa 285/23|Uzasadnienie|42|https://www.saos.org.pl/judgments/500853
518623|2024-01-25|SO|II AKa 406/23|Uzasadnienie|42|https://www.saos.org.pl/judgments/518623
500736|2024-01-23|SO|II AKa 241/23|Uzasadnienie|42|https://www.saos.org.pl/judgments/500736
500571|2024-01-02|SO|II AKa 177/19|Uzasadnienie|42|https://www.saos.org.pl/judgments/500571
500913|2023-12-21|SO|II AKa 307/22|Uzasadnienie|42|https://www.saos.org.pl/judgments/500913
500739|2023-12-14|SO|II AKa 241/23|Uzasadnienie|42|https://www.saos.org.pl/judgments/500739
500576|2023-12-13|SO|II AKa 179/22|Uzasadnienie|42|https://www.saos.org.pl/judgments/500576
518950|2023-12-07|SO|II AKa 477/22|Uzasadnienie|42|https://www.saos.org.pl/judgments/518950
500946|2023-12-07|SO|II AKa 320/23|Uzasadnienie|42|https://www.saos.org.pl/judgments/500946
500619|2023-11-30|SO|II AKa 197/18|Uzasadnienie|42|https://www.saos.org.pl/judgments/500619
500471|2023-08-28|SO|II AKa 132/23|Uzasadnienie|42|https://www.saos.org.pl/judgments/500471
500812|2023-08-11|SO|II AKa 27/22|Uzasadnienie|42|https://www.saos.org.pl/judgments/500812
500595|2023-07-31|SO|II AKa 187/22|Uzasadnienie|42|https://www.saos.org.pl/judgments/500595
500647|2023-07-24|SO|II AKa 203/22|Uzasadnienie|42|https://www.saos.org.pl/judgments/500647
500936|2023-07-13|SO|II AKa 317/21|Uzasadnienie|42|https://www.saos.org.pl/judgments/500936
500697|2023-07-06|SO|II AKa 23/23|Uzasadnienie|42|https://www.saos.org.pl/judgments/500697
500567|2023-07-06|SO|II AKa 175/22|Uzasadnienie|42|https://www.saos.org.pl/judgments/500567
500714|2023-06-29|SO|II AKa 235/21|Uzasadnienie|42|https://www.saos.org.pl/judgments/500714
500417|2023-06-29|SO|II AKa 105/23|Uzasadnienie|42|https://www.saos.org.pl/judgments/500417
501045|2023-06-22|SO|II AKa 39/23|Uzasadnienie|42|https://www.saos.org.pl/judgments/501045
500818|2023-06-15|SO|II AKa 270/22|Uzasadnienie|42|https://www.saos.org.pl/judgments/500818
500858|2023-06-13|SO|II AKa 286/22|Uzasadnienie|42|https://www.saos.org.pl/judgments/500858
501143|2023-06-07|SO|II AKa 46/23|Uzasadnienie|42|https://www.saos.org.pl/judgments/501143
491650|2023-06-07|SO|II AKa 36/23|Uzasadnienie|42|https://www.saos.org.pl/judgments/491650
491653|2023-06-02|SO|II AKa 60/23|Uzasadnienie|42|https://www.saos.org.pl/judgments/491653
491657|2023-05-11|SO|II AKa 90/23|Uzasadnienie|42|https://www.saos.org.pl/judgments/491657
500791|2023-04-29|SO|II AKa 26/23|Uzasadnienie|42|https://www.saos.org.pl/judgments/500791
501158|2023-04-26|SO|II AKa 471/21|Uzasadnienie|42|https://www.saos.org.pl/judgments/501158
491504|2023-03-29|SO|II AKa 184/21|Uzasadnienie|42|https://www.saos.org.pl/judgments/491504
484969|2023-03-13|SO|II AKa 159/20|Uzasadnienie|42|https://www.saos.org.pl/judgments/484969
500957|2023-03-02|SO|II AKa 325/22|Uzasadnienie|42|https://www.saos.org.pl/judgments/500957
500927|2023-02-22|SO|II AKa 311/22|Uzasadnienie|42|https://www.saos.org.pl/judgments/500927
519467|2023-02-19|SO|II AKa 25/21|Uzasadnienie|42|https://www.saos.org.pl/judgments/519467
500774|2023-01-12|SO|II AKa 252/22|Uzasadnienie|42|https://www.saos.org.pl/judgments/500774
481532|2022-12-31|SO|II AKa 136/22|Uzasadnienie|42|https://www.saos.org.pl/judgments/481532
519466|2022-12-12|SO|II AKa 192/22|Uzasadnienie|42|https://www.saos.org.pl/judgments/519466
479624|2022-12-12|SO|II AKa 108/22|Uzasadnienie|42|https://www.saos.org.pl/judgments/479624
479045|2022-12-07|SO|II AKa 102/22|Uzasadnienie|42|https://www.saos.org.pl/judgments/479045
479798|2022-11-30|SO|II AKa 212/22|Uzasadnienie|42|https://www.saos.org.pl/judgments/479798
483337|2022-11-23|SO|II AKa 278/22|Uzasadnienie|42|https://www.saos.org.pl/judgments/483337
480579|2022-11-16|SO|II AKa 293/22|Uzasadnienie|42|https://www.saos.org.pl/judgments/480579
479810|2022-11-04|SO|II AKa 37/22|Uzasadnienie|42|https://www.saos.org.pl/judgments/479810
481018|2022-11-02|SO|II AKa 220/22|Uzasadnienie|42|https://www.saos.org.pl/judgments/481018
492910|2022-10-19|SO|II AKa 87/22|Uzasadnienie|42|https://www.saos.org.pl/judgments/492910
475642|2022-10-17|SO|II AKa 82/22|Uzasadnienie|42|https://www.saos.org.pl/judgments/475642
481125|2022-10-12|SO|II AKa 276/22|Uzasadnienie|42|https://www.saos.org.pl/judgments/481125
478591|2022-09-27|SO|II AKa 49/22|Uzasadnienie|42|https://www.saos.org.pl/judgments/478591
490261|2022-08-16|SO|II AKa 336/21|Uzasadnienie|42|https://www.saos.org.pl/judgments/490261
485247|2022-08-11|SO|II AKa 90/21|Uzasadnienie|42|https://www.saos.org.pl/judgments/485247
485240|2022-08-11|SO|II AKa 68/22|Uzasadnienie|42|https://www.saos.org.pl/judgments/485240
485248|2022-07-20|SO|II AKa 92/22|Uzasadnienie|42|https://www.saos.org.pl/judgments/485248
485216|2022-07-12|SO|II AKa 278/21|Uzasadnienie|42|https://www.saos.org.pl/judgments/485216
490199|2022-07-06|SO|II AKa 10/22|Uzasadnienie|42|https://www.saos.org.pl/judgments/490199
490271|2022-07-01|SO|II AKa 47/21|Uzasadnienie|42|https://www.saos.org.pl/judgments/490271
471858|2022-06-30|SO|II AKa 73/22|Uzasadnienie|42|https://www.saos.org.pl/judgments/471858
471744|2022-06-29|SO|II AKa 322/21|Uzasadnienie|42|https://www.saos.org.pl/judgments/471744
485238|2022-06-20|SO|II AKa 60/22|Uzasadnienie|42|https://www.saos.org.pl/judgments/485238
485221|2022-06-20|SO|II AKa 302/21|Uzasadnienie|42|https://www.saos.org.pl/judgments/485221
485209|2022-06-09|SO|II AKa 256/21|Uzasadnienie|42|https://www.saos.org.pl/judgments/485209
485227|2022-06-07|SO|II AKa 318/21|Uzasadnienie|42|https://www.saos.org.pl/judgments/485227
485202|2022-06-06|SO|II AKa 24/22|Uzasadnienie|42|https://www.saos.org.pl/judgments/485202
466354|2022-05-30|SO|II AKa 22/22|Uzasadnienie|42|https://www.saos.org.pl/judgments/466354
472243|2022-05-26|SO|II AKa 284/21|Uzasadnienie|42|https://www.saos.org.pl/judgments/472243
485219|2022-05-24|SO|II AKa 30/22|Uzasadnienie|42|https://www.saos.org.pl/judgments/485219
472737|2022-05-20|SO|II AKa 269/20|Uzasadnienie|42|https://www.saos.org.pl/judgments/472737
471747|2022-05-11|SO|II AKa 354/21|Uzasadnienie|42|https://www.saos.org.pl/judgments/471747
465722|2022-05-04|SO|II AKa 323/21|Uzasadnienie|42|https://www.saos.org.pl/judgments/465722
465078|2022-04-27|SO|II AKa 79/21|Uzasadnienie|42|https://www.saos.org.pl/judgments/465078
471997|2022-04-26|SO|II AKa 197/21|Uzasadnienie|42|https://www.saos.org.pl/judgments/471997
490256|2022-04-21|SO|II AKa 308/21|Uzasadnienie|42|https://www.saos.org.pl/judgments/490256
490223|2022-04-21|SO|II AKa 2/22|Uzasadnienie|42|https://www.saos.org.pl/judgments/490223
489567|2022-04-19|SO|II AKa 313/21|Uzasadnienie|42|https://www.saos.org.pl/judgments/489567
465523|2022-04-19|SO|II AKa 15/21|Uzasadnienie|42|https://www.saos.org.pl/judgments/465523
476379|2022-04-15|SO|II AKa 236/21|Uzasadnienie|42|https://www.saos.org.pl/judgments/476379
490258|2022-04-14|SO|II AKa 334/21|Uzasadnienie|42|https://www.saos.org.pl/judgments/490258
463976|2022-04-06|SO|II AKa 266/21|Uzasadnienie|42|https://www.saos.org.pl/judgments/463976
490276|2022-03-24|SO|II AKa 67/21|Uzasadnienie|42|https://www.saos.org.pl/judgments/490276
471741|2022-03-23|SO|II AKa 3/22|Uzasadnienie|42|https://www.saos.org.pl/judgments/471741
470417|2022-03-16|SO|II AKa 17/22|Uzasadnienie|42|https://www.saos.org.pl/judgments/470417
490264|2022-03-02|SO|II AKa 338/21|Uzasadnienie|42|https://www.saos.org.pl/judgments/490264
460445|2022-02-28|SO|II AKa 216/21|Uzasadnienie|42|https://www.saos.org.pl/judgments/460445
469241|2022-02-14|SO|II AKa 494/21|Uzasadnienie|42|https://www.saos.org.pl/judgments/469241
492913|2022-02-07|SO|II AKa 91/21|Uzasadnienie|42|https://www.saos.org.pl/judgments/492913
490227|2022-02-07|SO|II AKa 21/21|Uzasadnienie|42|https://www.saos.org.pl/judgments/490227
460465|2022-02-04|SO|II AKa 324/21|Uzasadnienie|42|https://www.saos.org.pl/judgments/460465
457565|2022-02-04|SO|II AKa 148/20|Uzasadnienie|42|https://www.saos.org.pl/judgments/457565
485205|2022-02-01|SO|II AKa 244/21|Uzasadnienie|42|https://www.saos.org.pl/judgments/485205
490240|2022-01-26|SO|II AKa 255/21|Uzasadnienie|42|https://www.saos.org.pl/judgments/490240
458989|2022-01-26|SO|II AKa 92/21|Uzasadnienie|42|https://www.saos.org.pl/judgments/458989
485196|2022-01-14|SO|II AKa 174/21|Uzasadnienie|42|https://www.saos.org.pl/judgments/485196
460475|2022-01-05|SO|II AKa 77/21|Uzasadnienie|42|https://www.saos.org.pl/judgments/460475
460435|2022-01-04|SO|II AKa 165/21|Uzasadnienie|42|https://www.saos.org.pl/judgments/460435
453867|2021-12-08|SO|II AKa 172/20|Uzasadnienie|42|https://www.saos.org.pl/judgments/453867
472085|2021-11-30|SO|II AKa 156/21|Uzasadnienie|42|https://www.saos.org.pl/judgments/472085
455550|2021-11-24|SO|II AKa 68/21|Uzasadnienie|42|https://www.saos.org.pl/judgments/455550
462547|2021-11-10|SO|II AKa 320/20|Uzasadnienie|42|https://www.saos.org.pl/judgments/462547
542214|2021-11-03|SO|II AKa 150/21|Uzasadnienie|42|https://www.saos.org.pl/judgments/542214
456580|2021-10-27|SO|II AKa 275/21|Uzasadnienie|42|https://www.saos.org.pl/judgments/456580
449714|2021-10-25|SO|II AKa 23/21|Uzasadnienie|42|https://www.saos.org.pl/judgments/449714
489692|2021-10-21|SO|II AKa 146/21|Uzasadnienie|42|https://www.saos.org.pl/judgments/489692
455630|2021-10-21|SO|II AKa 179/21|Uzasadnienie|42|https://www.saos.org.pl/judgments/455630
461984|2021-10-20|SO|II AKa 107/21|Uzasadnienie|42|https://www.saos.org.pl/judgments/461984
456583|2021-10-13|SO|II AKa 313/20|Uzasadnienie|42|https://www.saos.org.pl/judgments/456583
452588|2021-10-13|SO|II AKa 290/20|Uzasadnienie|42|https://www.saos.org.pl/judgments/452588
457962|2021-09-23|SO|II AKa 279/21|Uzasadnienie|42|https://www.saos.org.pl/judgments/457962
457960|2021-09-20|SO|II AKa 268/21|Uzasadnienie|42|https://www.saos.org.pl/judgments/457960
457965|2021-09-09|SO|II AKa 288/21|Uzasadnienie|42|https://www.saos.org.pl/judgments/457965
444701|2021-07-22|SO|II AKa 27/21|Uzasadnienie|42|https://www.saos.org.pl/judgments/444701
446755|2021-07-01|SO|II AKa 325/20|Uzasadnienie|42|https://www.saos.org.pl/judgments/446755
441785|2021-06-28|SO|II AKa 34/21|Uzasadnienie|42|https://www.saos.org.pl/judgments/441785
452591|2021-06-24|SO|II AKa 317/20|Uzasadnienie|42|https://www.saos.org.pl/judgments/452591
441780|2021-06-16|SO|II AKa 22/21|Uzasadnienie|42|https://www.saos.org.pl/judgments/441780
500968|2021-06-15|SO|II AKa 330/20|Uzasadnienie|42|https://www.saos.org.pl/judgments/500968
500931|2021-06-02|SO|II AKa 314/20|Uzasadnienie|42|https://www.saos.org.pl/judgments/500931
440621|2021-06-02|SO|II AKa 93/21|Uzasadnienie|42|https://www.saos.org.pl/judgments/440621
438402|2021-05-10|SO|II AKa 50/21|Uzasadnienie|42|https://www.saos.org.pl/judgments/438402
452581|2021-05-06|SO|II AKa 270/20|Uzasadnienie|42|https://www.saos.org.pl/judgments/452581
492868|2021-04-30|SO|II AKa 185/20|Uzasadnienie|42|https://www.saos.org.pl/judgments/492868
440617|2021-04-29|SO|II AKa 44/21|Uzasadnienie|42|https://www.saos.org.pl/judgments/440617
440620|2021-04-22|SO|II AKa 54/21|Uzasadnienie|42|https://www.saos.org.pl/judgments/440620
440619|2021-04-22|SO|II AKa 53/21|Uzasadnienie|42|https://www.saos.org.pl/judgments/440619
440608|2021-04-01|SO|II AKa 184/20|Uzasadnienie|42|https://www.saos.org.pl/judgments/440608
440610|2021-03-18|SO|II AKa 249/20|Uzasadnienie|42|https://www.saos.org.pl/judgments/440610
500620|2021-03-12|SO|II AKa 197/20|Uzasadnienie|42|https://www.saos.org.pl/judgments/500620
452576|2021-03-09|SO|II AKa 255/20|Uzasadnienie|42|https://www.saos.org.pl/judgments/452576
452544|2021-02-18|SO|II AKa 130/20|Uzasadnienie|42|https://www.saos.org.pl/judgments/452544
434048|2021-02-18|SO|II AKa 221/20|Uzasadnienie|42|https://www.saos.org.pl/judgments/434048
493171|2021-02-15|SO|II AKa 156/18|Uzasadnienie|42|https://www.saos.org.pl/judgments/493171
452567|2021-01-28|SO|II AKa 209/20|Uzasadnienie|42|https://www.saos.org.pl/judgments/452567
434052|2021-01-28|SO|II AKa 263/20|Uzasadnienie|42|https://www.saos.org.pl/judgments/434052
434043|2021-01-21|SO|II AKa 208/20|Uzasadnienie|42|https://www.saos.org.pl/judgments/434043
457395|2021-01-20|SO|II AKa 66/20|Uzasadnienie|42|https://www.saos.org.pl/judgments/457395
432015|2020-12-31|SO|II AKa 107/20|Uzasadnienie|42|https://www.saos.org.pl/judgments/432015
452550|2020-12-30|SO|II AKa 136/20|Uzasadnienie|42|https://www.saos.org.pl/judgments/452550
434047|2020-12-17|SO|II AKa 218/20|Uzasadnienie|42|https://www.saos.org.pl/judgments/434047
427380|2020-12-03|SO|II AKa 217/18|Uzasadnienie|42|https://www.saos.org.pl/judgments/427380
492897|2020-11-30|SO|II AKa 39/20|Uzasadnienie|42|https://www.saos.org.pl/judgments/492897
427372|2020-11-29|SO|II AKa 111/20|Uzasadnienie|42|https://www.saos.org.pl/judgments/427372
426980|2020-11-26|SO|II AKa 179/20|Uzasadnienie|42|https://www.saos.org.pl/judgments/426980
426979|2020-11-26|SO|II AKa 174/20|Uzasadnienie|42|https://www.saos.org.pl/judgments/426979
460470|2020-11-23|SO|II AKa 38/20|Uzasadnienie|42|https://www.saos.org.pl/judgments/460470
453012|2020-11-18|SO|II AKa 7/20|Uzasadnienie|42|https://www.saos.org.pl/judgments/453012
432022|2020-11-16|SO|II AKa 132/20|Uzasadnienie|42|https://www.saos.org.pl/judgments/432022
426771|2020-11-05|SO|II AKa 224/20|Uzasadnienie|42|https://www.saos.org.pl/judgments/426771
453014|2020-10-30|SO|II AKa 94/20|Uzasadnienie|42|https://www.saos.org.pl/judgments/453014
424717|2020-10-22|SO|II AKa 89/20|Uzasadnienie|42|https://www.saos.org.pl/judgments/424717
426971|2020-10-08|SO|II AKa 120/20|Uzasadnienie|42|https://www.saos.org.pl/judgments/426971
426975|2020-09-24|SO|II AKa 127/20|Uzasadnienie|42|https://www.saos.org.pl/judgments/426975
426974|2020-09-24|SO|II AKa 125/20|Uzasadnienie|42|https://www.saos.org.pl/judgments/426974
426984|2020-09-17|SO|II AKa 90/20|Uzasadnienie|42|https://www.saos.org.pl/judgments/426984
426983|2020-09-17|SO|II AKa 87/20|Uzasadnienie|42|https://www.saos.org.pl/judgments/426983
420302|2020-08-06|SO|II AKa 74/20|Uzasadnienie|42|https://www.saos.org.pl/judgments/420302
420282|2020-08-06|SO|II AKa 126/20|Uzasadnienie|42|https://www.saos.org.pl/judgments/420282
421462|2020-07-22|SO|II AKa 35/20|Uzasadnienie|42|https://www.saos.org.pl/judgments/421462
421460|2020-07-22|SO|II AKa 30/20|Uzasadnienie|42|https://www.saos.org.pl/judgments/421460
420305|2020-07-09|SO|II AKa 88/20|Uzasadnienie|42|https://www.saos.org.pl/judgments/420305
420284|2020-07-08|SO|II AKa 147/19|Uzasadnienie|42|https://www.saos.org.pl/judgments/420284
420288|2020-07-07|SO|II AKa 35/20|Uzasadnienie|42|https://www.saos.org.pl/judgments/420288
427383|2020-06-30|SO|II AKa 6/20|Uzasadnienie|42|https://www.saos.org.pl/judgments/427383
420299|2020-06-29|SO|II AKa 66/20|Uzasadnienie|42|https://www.saos.org.pl/judgments/420299
420290|2020-06-29|SO|II AKa 38/20|Uzasadnienie|42|https://www.saos.org.pl/judgments/420290
420286|2020-06-29|SO|II AKa 20/20|Uzasadnienie|42|https://www.saos.org.pl/judgments/420286
442615|2020-06-25|SO|II AKa 242/19|Uzasadnienie|42|https://www.saos.org.pl/judgments/442615
420289|2020-06-25|SO|II AKa 36/20|Uzasadnienie|42|https://www.saos.org.pl/judgments/420289
452592|2020-06-18|SO|II AKa 32/20|Uzasadnienie|42|https://www.saos.org.pl/judgments/452592
452542|2020-06-18|SO|II AKa 13/20|Uzasadnienie|42|https://www.saos.org.pl/judgments/452542
420303|2020-06-18|SO|II AKa 75/20|Uzasadnienie|42|https://www.saos.org.pl/judgments/420303
420293|2020-06-18|SO|II AKa 44/20|Uzasadnienie|42|https://www.saos.org.pl/judgments/420293
420287|2020-06-18|SO|II AKa 34/20|Uzasadnienie|42|https://www.saos.org.pl/judgments/420287
452568|2020-06-17|SO|II AKa 21/20|Uzasadnienie|42|https://www.saos.org.pl/judgments/452568
457400|2020-04-29|SO|II AKa 91/19|Uzasadnienie|42|https://www.saos.org.pl/judgments/457400
411090|2020-01-31|SO|II AKa 90/18|Uzasadnienie|42|https://www.saos.org.pl/judgments/411090
413288|2020-01-22|SO|II AKa 244/19|Uzasadnienie|42|https://www.saos.org.pl/judgments/413288
421235|2020-01-07|SO|II AKa 54/19|Uzasadnienie|42|https://www.saos.org.pl/judgments/421235
420954|2019-12-31|SO|II AKa 208/19|Uzasadnienie|42|https://www.saos.org.pl/judgments/420954
420939|2019-12-30|SO|II AKa 151/19|Uzasadnienie|42|https://www.saos.org.pl/judgments/420939
413276|2019-12-09|SO|II AKa 169/19|Uzasadnienie|42|https://www.saos.org.pl/judgments/413276
426423|2019-11-28|SO|II AKa 164/19|Uzasadnienie|42|https://www.saos.org.pl/judgments/426423
421456|2019-11-19|SO|II AKa 153/19|Uzasadnienie|42|https://www.saos.org.pl/judgments/421456
421222|2019-11-14|SO|II AKa 152/18|Uzasadnienie|42|https://www.saos.org.pl/judgments/421222
442604|2019-10-28|SO|II AKa 138/19|Uzasadnienie|42|https://www.saos.org.pl/judgments/442604
421453|2019-10-01|SO|II AKa 129/19|Uzasadnienie|42|https://www.saos.org.pl/judgments/421453
457358|2019-09-23|SO|II AKa 137/19|Uzasadnienie|42|https://www.saos.org.pl/judgments/457358
420539|2019-09-20|SO|II AKa 99/19|Uzasadnienie|42|https://www.saos.org.pl/judgments/420539
457399|2019-07-08|SO|II AKa 87/19|Uzasadnienie|42|https://www.saos.org.pl/judgments/457399
420527|2019-06-26|SO|II AKa 239/18|Uzasadnienie|42|https://www.saos.org.pl/judgments/420527
411695|2019-06-19|SO|II AKa 19/19|Uzasadnienie|42|https://www.saos.org.pl/judgments/411695
421239|2019-06-17|SO|II AKa 83/19|Uzasadnienie|42|https://www.saos.org.pl/judgments/421239
383290|2019-06-12|SO|II AKa 41/19|Uzasadnienie|42|https://www.saos.org.pl/judgments/383290
442607|2019-05-31|SO|II AKa 14/19|Uzasadnienie|42|https://www.saos.org.pl/judgments/442607
397074|2019-04-30|SO|II AKa 23/19|Uzasadnienie|42|https://www.saos.org.pl/judgments/397074
447309|2019-04-01|SO|II AKa 201/18|Uzasadnienie|42|https://www.saos.org.pl/judgments/447309
403177|2019-03-26|SO|II AKa 213/18|Uzasadnienie|42|https://www.saos.org.pl/judgments/403177
383277|2019-03-04|SO|II AKa 179/17|Uzasadnienie|42|https://www.saos.org.pl/judgments/383277
426580|2019-02-11|SO|II AKa 61/18|Uzasadnienie|42|https://www.saos.org.pl/judgments/426580
457384|2019-02-04|SO|II AKa 250/18|Uzasadnienie|42|https://www.saos.org.pl/judgments/457384
411711|2019-02-01|SO|II AKa 238/18|Uzasadnienie|42|https://www.saos.org.pl/judgments/411711
399533|2019-01-24|SO|II AKa 91/18|Uzasadnienie|42|https://www.saos.org.pl/judgments/399533
419835|2018-12-27|SO|II AKa 198/18|Uzasadnienie|42|https://www.saos.org.pl/judgments/419835
411701|2018-12-27|SO|II AKa 196/18|Uzasadnienie|42|https://www.saos.org.pl/judgments/411701
397091|2018-12-24|SO|II AKa 30/18|Uzasadnienie|42|https://www.saos.org.pl/judgments/397091
411697|2018-12-18|SO|II AKa 194/18|Uzasadnienie|42|https://www.saos.org.pl/judgments/411697
411689|2018-12-17|SO|II AKa 176/18|Uzasadnienie|42|https://www.saos.org.pl/judgments/411689
411685|2018-12-04|SO|II AKa 144/17|Uzasadnienie|42|https://www.saos.org.pl/judgments/411685
411686|2018-11-28|SO|II AKa 148/18|Uzasadnienie|42|https://www.saos.org.pl/judgments/411686
387778|2018-11-05|SO|II AKa 134/17|Uzasadnienie|42|https://www.saos.org.pl/judgments/387778
411254|2018-10-15|SO|II AKa 198/17|Uzasadnienie|42|https://www.saos.org.pl/judgments/411254
411234|2018-09-26|SO|II AKa 128/18|Uzasadnienie|42|https://www.saos.org.pl/judgments/411234
447312|2018-09-19|SO|II AKa 216/17|Uzasadnienie|42|https://www.saos.org.pl/judgments/447312
411239|2018-09-18|SO|II AKa 136/18|Uzasadnienie|42|https://www.saos.org.pl/judgments/411239
411270|2018-07-26|SO|II AKa 50/18|Uzasadnienie|42|https://www.saos.org.pl/judgments/411270
442625|2018-07-25|SO|II AKa 97/18|Uzasadnienie|42|https://www.saos.org.pl/judgments/442625
387788|2018-07-10|SO|II AKa 211/17|Uzasadnienie|42|https://www.saos.org.pl/judgments/387788
411280|2018-06-08|SO|II AKa 75/18|Uzasadnienie|42|https://www.saos.org.pl/judgments/411280
411284|2018-06-06|SO|II AKa 80/18|Uzasadnienie|42|https://www.saos.org.pl/judgments/411284
344272|2018-05-08|SO|II AKa 95/18|Uzasadnienie|42|https://www.saos.org.pl/judgments/344272
383275|2018-05-07|SO|II AKa 157/17|Uzasadnienie|42|https://www.saos.org.pl/judgments/383275
387791|2018-04-25|SO|II AKa 31/18|Uzasadnienie|42|https://www.saos.org.pl/judgments/387791
411261|2018-04-10|SO|II AKa 262/17|Uzasadnienie|42|https://www.saos.org.pl/judgments/411261
411256|2018-03-29|SO|II AKa 200/17|Uzasadnienie|42|https://www.saos.org.pl/judgments/411256
416344|2018-03-22|SO|II AKa 81/17|Uzasadnienie|42|https://www.saos.org.pl/judgments/416344
436413|2018-03-19|SO|II AKa 255/17|Uzasadnienie|42|https://www.saos.org.pl/judgments/436413
411076|2018-03-14|SO|II AKa 120/17|Uzasadnienie|42|https://www.saos.org.pl/judgments/411076
411082|2018-03-05|SO|II AKa 256/17|Uzasadnienie|42|https://www.saos.org.pl/judgments/411082
334232|2018-03-02|SO|II AKa 147/17|Uzasadnienie|42|https://www.saos.org.pl/judgments/334232
377676|2018-01-17|SO|II AKa 219/17|Uzasadnienie|42|https://www.saos.org.pl/judgments/377676
411080|2018-01-04|SO|II AKa 193/17|Uzasadnienie|42|https://www.saos.org.pl/judgments/411080
411714|2017-12-11|SO|II AKa 35/17|Uzasadnienie|42|https://www.saos.org.pl/judgments/411714
411683|2017-12-04|SO|II AKa 111/17|Uzasadnienie|42|https://www.saos.org.pl/judgments/411683
399649|2017-12-04|SO|II AKa 206/17|Uzasadnienie|42|https://www.saos.org.pl/judgments/399649
399647|2017-11-13|SO|II AKa 186/17|Uzasadnienie|42|https://www.saos.org.pl/judgments/399647
500554|2017-10-30|SO|II AKa 168/17|Uzasadnienie|42|https://www.saos.org.pl/judgments/500554
397057|2017-10-30|SO|II AKa 173/17|Uzasadnienie|42|https://www.saos.org.pl/judgments/397057
364114|2017-10-25|SO|II AKa 123/17|Uzasadnienie|42|https://www.saos.org.pl/judgments/364114
416333|2017-10-23|SO|II AKa 113/17|Uzasadnienie|42|https://www.saos.org.pl/judgments/416333
314360|2017-10-13|SO|II AKa 142/17|Uzasadnienie|42|https://www.saos.org.pl/judgments/314360
314901|2017-09-13|SO|VI ACa 943/16|Uzasadnienie|42|https://www.saos.org.pl/judgments/314901
315311|2017-09-04|SO|II AKa 63/17|Uzasadnienie|42|https://www.saos.org.pl/judgments/315311
399492|2017-07-18|SO|II AKa 124/17|Uzasadnienie|42|https://www.saos.org.pl/judgments/399492
364215|2017-07-18|SO|II AKa 112/17|Uzasadnienie|42|https://www.saos.org.pl/judgments/364215
397124|2017-07-13|SO|II AKa 97/17|Uzasadnienie|42|https://www.saos.org.pl/judgments/397124
310162|2017-07-10|SO|II AKa 104/17|Uzasadnienie|42|https://www.saos.org.pl/judgments/310162
314400|2017-06-27|SO|II AKa 83/17|Uzasadnienie|42|https://www.saos.org.pl/judgments/314400
397061|2017-06-16|SO|II AKa 192/16|Uzasadnienie|42|https://www.saos.org.pl/judgments/397061
436663|2017-06-13|SO|II AKa 246/16|Uzasadnienie|42|https://www.saos.org.pl/judgments/436663
313555|2017-06-07|SO|II AKa 78/17|Uzasadnienie|42|https://www.saos.org.pl/judgments/313555
313546|2017-05-30|SO|II AKa 24/17|Uzasadnienie|42|https://www.saos.org.pl/judgments/313546
293623|2017-05-10|SO|II AKa 54/17|Uzasadnienie|42|https://www.saos.org.pl/judgments/293623
313551|2017-05-08|SO|II AKa 32/17|Uzasadnienie|42|https://www.saos.org.pl/judgments/313551
313544|2017-05-01|SO|II AKa 18/17|Uzasadnienie|42|https://www.saos.org.pl/judgments/313544
364220|2017-03-09|SO|II AKa 245/16|Uzasadnienie|42|https://www.saos.org.pl/judgments/364220
313856|2017-02-27|SO|II AKa 69/16|Uzasadnienie|42|https://www.saos.org.pl/judgments/313856
314376|2017-02-15|SO|II AKa 242/16|Uzasadnienie|42|https://www.saos.org.pl/judgments/314376
399518|2017-01-18|SO|II AKa 218/16|Uzasadnienie|42|https://www.saos.org.pl/judgments/399518
500519|2017-01-09|SO|II AKa 155/16|Uzasadnienie|42|https://www.saos.org.pl/judgments/500519
484972|2017-01-09|SO|II AKa 77/16|Uzasadnienie|42|https://www.saos.org.pl/judgments/484972
399538|2017-01-03|SO|II AKa 97/16|Uzasadnienie|42|https://www.saos.org.pl/judgments/399538
359660|2016-12-27|SO|II AKa 206/16|Uzasadnienie|42|https://www.saos.org.pl/judgments/359660
472237|2016-10-27|SO|II AKa 121/16|Uzasadnienie|42|https://www.saos.org.pl/judgments/472237
359659|2016-10-17|SO|II AKa 123/16|Uzasadnienie|42|https://www.saos.org.pl/judgments/359659
359656|2016-10-04|SO|II AKa 113/16|Uzasadnienie|42|https://www.saos.org.pl/judgments/359656
500405|2016-08-23|SO|II AKa 101/16|Uzasadnienie|42|https://www.saos.org.pl/judgments/500405
492848|2016-07-14|SO|II AKa 100/16|Uzasadnienie|42|https://www.saos.org.pl/judgments/492848
312610|2016-06-28|SO|II AKa 75/16|Uzasadnienie|42|https://www.saos.org.pl/judgments/312610
233964|2016-06-07|SO|II AKa 22/16|Uzasadnienie|42|https://www.saos.org.pl/judgments/233964
402807|2016-06-03|SO|II AKa 67/16|Uzasadnienie|42|https://www.saos.org.pl/judgments/402807
312607|2016-06-02|SO|II AKa 61/16|Uzasadnienie|42|https://www.saos.org.pl/judgments/312607
233963|2016-05-10|SO|II AKa 18/16|Uzasadnienie|42|https://www.saos.org.pl/judgments/233963
312836|2016-04-18|SO|II AKa 36/16|Uzasadnienie|42|https://www.saos.org.pl/judgments/312836
364117|2016-04-13|SO|II AKa 180/15|Uzasadnienie|42|https://www.saos.org.pl/judgments/364117
217982|2016-03-24|SO|II AKa 47/16|Uzasadnienie|42|https://www.saos.org.pl/judgments/217982
293622|2016-03-03|SO|II AKa 5/16|Uzasadnienie|42|https://www.saos.org.pl/judgments/293622
314363|2016-01-18|SO|II AKa 156/15|Uzasadnienie|42|https://www.saos.org.pl/judgments/314363
313139|2015-11-20|SO|II AKa 174/15|Uzasadnienie|42|https://www.saos.org.pl/judgments/313139
293616|2015-11-05|SO|II AKa 172/15|Uzasadnienie|42|https://www.saos.org.pl/judgments/293616
202791|2015-10-12|SO|II AKa 168/14|Uzasadnienie|42|https://www.saos.org.pl/judgments/202791
202786|2015-09-10|SO|II AKa 119/15|Uzasadnienie|42|https://www.saos.org.pl/judgments/202786
313145|2015-07-10|SO|II AKa 216/14|Uzasadnienie|42|https://www.saos.org.pl/judgments/313145
172205|2015-06-25|SO|II AKa 45/15|Uzasadnienie|42|https://www.saos.org.pl/judgments/172205
169330|2015-06-24|SO|II AKa 84/15|Uzasadnienie|42|https://www.saos.org.pl/judgments/169330
492903|2015-05-11|SO|II AKa 57/15|Uzasadnienie|42|https://www.saos.org.pl/judgments/492903
169327|2015-05-07|SO|II AKa 65/15|Uzasadnienie|42|https://www.saos.org.pl/judgments/169327
169324|2015-04-28|SO|II AKa 43/15|Uzasadnienie|42|https://www.saos.org.pl/judgments/169324
310185|2015-04-22|SO|II AKa 35/15|Uzasadnienie|42|https://www.saos.org.pl/judgments/310185
148398|2015-03-26|SO|II AKa 16/15|Uzasadnienie|42|https://www.saos.org.pl/judgments/148398
157652|2015-02-19|SO|II AKa 197/14|Uzasadnienie|42|https://www.saos.org.pl/judgments/157652
157650|2015-02-19|SO|II AKa 130/14|Uzasadnienie|42|https://www.saos.org.pl/judgments/157650
65027|2014-09-23|SO|II AKa 83/14|Uzasadnienie|42|https://www.saos.org.pl/judgments/65027
62585|2014-06-10|SO|II AKa 42/14|Uzasadnienie|42|https://www.saos.org.pl/judgments/62585
142166|2013-10-25|SO|II AKa 70/13|Uzasadnienie|42|https://www.saos.org.pl/judgments/142166
140160|2013-09-17|SO|II AKa 137/13|Uzasadnienie|42|https://www.saos.org.pl/judgments/140160
140155|2013-09-03|SO|II AKa 129/13|Uzasadnienie|42|https://www.saos.org.pl/judgments/140155
142172|2013-08-21|SO|II AKa 111/13|Uzasadnienie|42|https://www.saos.org.pl/judgments/142172
142164|2013-07-16|SO|II AKa 58/13|Uzasadnienie|42|https://www.saos.org.pl/judgments/142164
139889|2013-06-07|SO|II AKa 56/13|Uzasadnienie|42|https://www.saos.org.pl/judgments/139889
547116|2026-06-08|SO|VI Ka 1518/25|Wyrok|40|https://www.saos.org.pl/judgments/547116
543181|2025-11-21|SO|II K 637/25|Wyrok|40|https://www.saos.org.pl/judgments/543181
538726|2025-11-17|SO|III K 363/25|Wyrok|40|https://www.saos.org.pl/judgments/538726
538157|2025-11-12|SO|III K 592/24|Wyrok|40|https://www.saos.org.pl/judgments/538157
543198|2025-11-05|SO|IV K 221/24|Wyrok|40|https://www.saos.org.pl/judgments/543198
543194|2025-10-31|SO|IV K 148/25|Wyrok|40|https://www.saos.org.pl/judgments/543194
534270|2025-09-15|SO|V K 48/22|Wyrok|40|https://www.saos.org.pl/judgments/534270
542346|2025-07-03|SO|II K 1128/24|Wyrok|40|https://www.saos.org.pl/judgments/542346
540435|2025-07-03|SO|VI K 207/24|Wyrok|40|https://www.saos.org.pl/judgments/540435
527861|2025-05-15|SO|VI Ka 1117/24|Wyrok|40|https://www.saos.org.pl/judgments/527861
538929|2025-05-09|SO|II K 897/24|Wyrok|40|https://www.saos.org.pl/judgments/538929
526868|2025-05-08|SO|VI Ka 593/24|Wyrok|40|https://www.saos.org.pl/judgments/526868
540433|2025-04-29|SO|VI K 170/23|Wyrok|40|https://www.saos.org.pl/judgments/540433
538898|2025-04-28|SO|II K 1037/24|Wyrok|40|https://www.saos.org.pl/judgments/538898
526223|2025-04-04|SO|IV K 249/24|Wyrok|40|https://www.saos.org.pl/judgments/526223
524848|2025-04-02|SO|IV K 187/24|Wyrok|40|https://www.saos.org.pl/judgments/524848
525595|2025-03-31|SO|II K 143/24|Wyrok|40|https://www.saos.org.pl/judgments/525595
540582|2025-03-19|SO|II K 38/24|Wyrok|40|https://www.saos.org.pl/judgments/540582
532733|2025-03-11|SO|II K 1168/24|Wyrok|40|https://www.saos.org.pl/judgments/532733
545101|2025-02-19|SO|II K 50/24|Wyrok|40|https://www.saos.org.pl/judgments/545101
532739|2025-02-18|SO|II K 453/24|Wyrok|40|https://www.saos.org.pl/judgments/532739
540434|2025-01-13|SO|VI K 202/24|Wyrok|40|https://www.saos.org.pl/judgments/540434
532936|2025-01-09|SO|II K 170/24|Wyrok|40|https://www.saos.org.pl/judgments/532936
518892|2024-12-16|SO|IV K 125/24|Wyrok|40|https://www.saos.org.pl/judgments/518892
540928|2024-12-13|SO|II K 11/24|Wyrok|40|https://www.saos.org.pl/judgments/540928
518705|2024-12-02|SO|IV K 23/24|Wyrok|40|https://www.saos.org.pl/judgments/518705
519608|2024-11-28|SO|II K 353/23|Wyrok|40|https://www.saos.org.pl/judgments/519608
532938|2024-11-18|SO|II K 33/24|Wyrok|40|https://www.saos.org.pl/judgments/532938
532588|2024-11-18|SO|II K 107/24|Wyrok|40|https://www.saos.org.pl/judgments/532588
510986|2024-09-17|SO|VI Ka 1345/23|Wyrok|40|https://www.saos.org.pl/judgments/510986
518118|2024-09-13|SO|III K 196/23|Wyrok|40|https://www.saos.org.pl/judgments/518118
507777|2024-09-12|SO|IV K 92/24|Wyrok|40|https://www.saos.org.pl/judgments/507777
524320|2024-08-22|SO|II K 66/24|Wyrok|40|https://www.saos.org.pl/judgments/524320
511259|2024-07-30|SO|VI Ka 730/24|Wyrok|40|https://www.saos.org.pl/judgments/511259
507746|2024-06-17|SO|IV K 40/24|Wyrok|40|https://www.saos.org.pl/judgments/507746
519900|2024-06-07|SO|IV Ka 298/24|Wyrok|40|https://www.saos.org.pl/judgments/519900
510995|2024-05-23|SO|VI Ka 146/24|Wyrok|40|https://www.saos.org.pl/judgments/510995
507137|2024-03-28|SO|III Ko 922/23|Wyrok|40|https://www.saos.org.pl/judgments/507137
502765|2024-03-20|SO|II K 21/24|Wyrok|40|https://www.saos.org.pl/judgments/502765
506926|2024-02-29|SO|III K 250/22|Wyrok|40|https://www.saos.org.pl/judgments/506926
517373|2024-02-28|SO|IV K 152/21|Wyrok|40|https://www.saos.org.pl/judgments/517373
502417|2024-02-20|SO|II K 1124/23|Wyrok|40|https://www.saos.org.pl/judgments/502417
507014|2024-02-16|SO|III K 531/23|Wyrok|40|https://www.saos.org.pl/judgments/507014
507019|2024-02-08|SO|III K 546/23|Wyrok|40|https://www.saos.org.pl/judgments/507019
507718|2024-01-31|SO|IV K 203/23|Wyrok|40|https://www.saos.org.pl/judgments/507718
503497|2024-01-31|SO|II K 740/23|Wyrok|40|https://www.saos.org.pl/judgments/503497
507808|2024-01-10|SO|IV Ka 1045/23|Wyrok|40|https://www.saos.org.pl/judgments/507808
497226|2023-12-28|SO|I C 270/22|Wyrok|40|https://www.saos.org.pl/judgments/497226
523999|2023-12-21|SO|II K 65/22|Wyrok|40|https://www.saos.org.pl/judgments/523999
507671|2023-12-20|SO|IV K 103/23|Wyrok|40|https://www.saos.org.pl/judgments/507671
507674|2023-12-13|SO|IV K 1059/22|Wyrok|40|https://www.saos.org.pl/judgments/507674
507702|2023-12-11|SO|IV K 159/22|Wyrok|40|https://www.saos.org.pl/judgments/507702
507706|2023-12-01|SO|IV K 164/23|Wyrok|40|https://www.saos.org.pl/judgments/507706
507695|2023-11-27|SO|IV K 144/21|Wyrok|40|https://www.saos.org.pl/judgments/507695
510923|2023-11-09|SO|VI K 1326/22|Wyrok|40|https://www.saos.org.pl/judgments/510923
502388|2023-10-13|SO|II K 107/21|Wyrok|40|https://www.saos.org.pl/judgments/502388
508449|2023-10-12|SO|IV Ka 674/23|Wyrok|40|https://www.saos.org.pl/judgments/508449
510954|2023-09-22|SO|VI Ka 1112/22|Wyrok|40|https://www.saos.org.pl/judgments/510954
507713|2023-09-12|SO|IV K 181/22|Wyrok|40|https://www.saos.org.pl/judgments/507713
503405|2023-08-29|SO|II K 643/22|Wyrok|40|https://www.saos.org.pl/judgments/503405
511018|2023-08-04|SO|VI Ka 172/23|Wyrok|40|https://www.saos.org.pl/judgments/511018
511078|2023-07-21|SO|VI Ka 276/23|Wyrok|40|https://www.saos.org.pl/judgments/511078
502500|2023-07-11|SO|II K 128/22|Wyrok|40|https://www.saos.org.pl/judgments/502500
506952|2023-06-19|SO|III K 328/20|Wyrok|40|https://www.saos.org.pl/judgments/506952
523531|2023-06-07|SO|II K 24/23|Wyrok|40|https://www.saos.org.pl/judgments/523531
489592|2023-06-01|SO|III K 115/23|Wyrok|40|https://www.saos.org.pl/judgments/489592
489432|2023-05-24|SO|III K 61/23|Wyrok|40|https://www.saos.org.pl/judgments/489432
489897|2023-05-23|SO|IV K 251/22|Wyrok|40|https://www.saos.org.pl/judgments/489897
523199|2023-04-28|SO|II K 72/21|Wyrok|40|https://www.saos.org.pl/judgments/523199
489973|2023-04-25|SO|IV K 273/22|Wyrok|40|https://www.saos.org.pl/judgments/489973
502669|2023-03-29|SO|II K 168/21|Wyrok|40|https://www.saos.org.pl/judgments/502669
487333|2023-03-28|SO|IV K 115/21|Wyrok|40|https://www.saos.org.pl/judgments/487333
492633|2023-03-23|SO|VI Ka 40/23|Wyrok|40|https://www.saos.org.pl/judgments/492633
486057|2023-03-16|SO|IV K 29/23|Wyrok|40|https://www.saos.org.pl/judgments/486057
492180|2023-03-14|SO|VII K 10/23|Wyrok|40|https://www.saos.org.pl/judgments/492180
510271|2023-02-28|SO|V K 252/22|Wyrok|40|https://www.saos.org.pl/judgments/510271
484642|2023-02-28|SO|IV K 19/22|Wyrok|40|https://www.saos.org.pl/judgments/484642
491750|2023-02-16|SO|VII K 210/22|Wyrok|40|https://www.saos.org.pl/judgments/491750
483989|2023-02-09|SO|IV K 103/21|Wyrok|40|https://www.saos.org.pl/judgments/483989
490959|2023-02-02|SO|VI Ka 362/22|Wyrok|40|https://www.saos.org.pl/judgments/490959
481708|2022-12-30|SO|III K 450/22|Wyrok|40|https://www.saos.org.pl/judgments/481708
510278|2022-12-29|SO|V K 46/22|Wyrok|40|https://www.saos.org.pl/judgments/510278
481135|2022-12-19|SO|III K 252/21|Wyrok|40|https://www.saos.org.pl/judgments/481135
488854|2022-12-15|SO|VI Ka 456/22|Wyrok|40|https://www.saos.org.pl/judgments/488854
502787|2022-12-14|SO|II K 223/21|Wyrok|40|https://www.saos.org.pl/judgments/502787
502689|2022-12-12|SO|II K 172/21|Wyrok|40|https://www.saos.org.pl/judgments/502689
482234|2022-11-17|SO|IV Ka 1000/22|Wyrok|40|https://www.saos.org.pl/judgments/482234
490718|2022-11-15|SO|II K 513/22|Wyrok|40|https://www.saos.org.pl/judgments/490718
485603|2022-11-09|SO|III K 363/22|Wyrok|40|https://www.saos.org.pl/judgments/485603
477693|2022-11-04|SO|III K 339/22|Wyrok|40|https://www.saos.org.pl/judgments/477693
478439|2022-10-28|SO|III K 383/22|Wyrok|40|https://www.saos.org.pl/judgments/478439
480459|2022-10-27|SO|II K 50/22|Wyrok|40|https://www.saos.org.pl/judgments/480459
477271|2022-10-26|SO|IV K 255/21|Wyrok|40|https://www.saos.org.pl/judgments/477271
479733|2022-09-29|SO|II K 986/21|Wyrok|40|https://www.saos.org.pl/judgments/479733
479727|2022-09-27|SO|II K 622/22|Wyrok|40|https://www.saos.org.pl/judgments/479727
476444|2022-09-19|SO|IV K 91/21|Wyrok|40|https://www.saos.org.pl/judgments/476444
507697|2022-09-13|SO|IV K 145/21|Wyrok|40|https://www.saos.org.pl/judgments/507697
475727|2022-09-12|SO|III K 334/21|Wyrok|40|https://www.saos.org.pl/judgments/475727
502674|2022-09-02|SO|II K 169/21|Wyrok|40|https://www.saos.org.pl/judgments/502674
473412|2022-09-02|SO|IV K 139/22|Wyrok|40|https://www.saos.org.pl/judgments/473412
486241|2022-08-12|SO|V K 243/21|Wyrok|40|https://www.saos.org.pl/judgments/486241
472457|2022-07-25|SO|II K 72/22|Wyrok|40|https://www.saos.org.pl/judgments/472457
475730|2022-07-19|SO|IV Ka 430/22|Wyrok|40|https://www.saos.org.pl/judgments/475730
502488|2022-06-28|SO|II K 126/21|Wyrok|40|https://www.saos.org.pl/judgments/502488
482316|2022-06-21|SO|II K 21/22|Wyrok|40|https://www.saos.org.pl/judgments/482316
489043|2022-06-14|SO|VI Ka 147/22|Wyrok|40|https://www.saos.org.pl/judgments/489043
502971|2022-06-09|SO|II K 312/21|Wyrok|40|https://www.saos.org.pl/judgments/502971
471044|2022-06-02|SO|IV K 153/21|Wyrok|40|https://www.saos.org.pl/judgments/471044
467263|2022-05-17|SO|III K 35/22|Wyrok|40|https://www.saos.org.pl/judgments/467263
503657|2022-04-29|SO|II K 9/20|Wyrok|40|https://www.saos.org.pl/judgments/503657
476005|2022-04-29|SO|III K 559/21|Wyrok|40|https://www.saos.org.pl/judgments/476005
472763|2022-04-28|SO|IV Ka 229/22|Wyrok|40|https://www.saos.org.pl/judgments/472763
484196|2022-04-22|SO|VI Ka 304/21|Wyrok|40|https://www.saos.org.pl/judgments/484196
503716|2022-04-12|SO|II K 98/20|Wyrok|40|https://www.saos.org.pl/judgments/503716
474530|2022-04-12|SO|IV Ka 1199/21|Wyrok|40|https://www.saos.org.pl/judgments/474530
530549|2022-04-05|SO|II K 15/22|Wyrok|40|https://www.saos.org.pl/judgments/530549
487404|2022-04-04|SO|V K 237/21|Wyrok|40|https://www.saos.org.pl/judgments/487404
480761|2022-03-29|SO|II K 180/21|Wyrok|40|https://www.saos.org.pl/judgments/480761
502614|2022-03-18|SO|II K 155/20|Wyrok|40|https://www.saos.org.pl/judgments/502614
463038|2022-03-18|SO|III K 172/20|Wyrok|40|https://www.saos.org.pl/judgments/463038
462372|2022-03-15|SO|IV K 6/20|Wyrok|40|https://www.saos.org.pl/judgments/462372
493141|2022-03-04|SO|V K 305/20|Wyrok|40|https://www.saos.org.pl/judgments/493141
483063|2022-03-03|SO|V K 103/20|Wyrok|40|https://www.saos.org.pl/judgments/483063
480901|2022-03-02|SO|II K 184/21|Wyrok|40|https://www.saos.org.pl/judgments/480901
479302|2022-02-25|SO|VI Ka 20/22|Wyrok|40|https://www.saos.org.pl/judgments/479302
490735|2022-02-09|SO|V K 123/20|Wyrok|40|https://www.saos.org.pl/judgments/490735
481275|2022-02-03|SO|II K 114/21|Wyrok|40|https://www.saos.org.pl/judgments/481275
503218|2022-01-31|SO|II K 49/21|Wyrok|40|https://www.saos.org.pl/judgments/503218
480767|2022-01-25|SO|II K 84/21|Wyrok|40|https://www.saos.org.pl/judgments/480767
507726|2022-01-18|SO|IV K 226/21|Wyrok|40|https://www.saos.org.pl/judgments/507726
454743|2022-01-18|SO|III K 311/20|Wyrok|40|https://www.saos.org.pl/judgments/454743
480455|2022-01-14|SO|II K 124/21|Wyrok|40|https://www.saos.org.pl/judgments/480455
457265|2021-12-22|SO|IV K 982/21|Wyrok|40|https://www.saos.org.pl/judgments/457265
471042|2021-12-14|SO|IV K 142/20|Wyrok|40|https://www.saos.org.pl/judgments/471042
473103|2021-12-09|SO|II K 126/20|Wyrok|40|https://www.saos.org.pl/judgments/473103
452066|2021-12-01|SO|III K 102/21|Wyrok|40|https://www.saos.org.pl/judgments/452066
451164|2021-11-15|SO|IV K 139/21|Wyrok|40|https://www.saos.org.pl/judgments/451164
473705|2021-11-03|SO|VI Ka 437/21|Wyrok|40|https://www.saos.org.pl/judgments/473705
463039|2021-10-29|SO|III K 307/21|Wyrok|40|https://www.saos.org.pl/judgments/463039
480547|2021-10-28|SO|V K 78/21|Wyrok|40|https://www.saos.org.pl/judgments/480547
502963|2021-10-27|SO|II K 31/20|Wyrok|40|https://www.saos.org.pl/judgments/502963
448731|2021-10-26|SO|II K 107/19|Wyrok|40|https://www.saos.org.pl/judgments/448731
464721|2021-10-22|SO|VI Ka 421/21|Wyrok|40|https://www.saos.org.pl/judgments/464721
449501|2021-10-22|SO|IV K 24/21|Wyrok|40|https://www.saos.org.pl/judgments/449501
450060|2021-10-13|SO|IV K 65/21|Wyrok|40|https://www.saos.org.pl/judgments/450060
453610|2021-10-12|SO|IV K 180/20|Wyrok|40|https://www.saos.org.pl/judgments/453610
448751|2021-10-04|SO|VI K 122/20|Wyrok|40|https://www.saos.org.pl/judgments/448751
477909|2021-09-28|SO|V K 154/20|Wyrok|40|https://www.saos.org.pl/judgments/477909
457523|2021-09-21|SO|IV Ka 839/21|Wyrok|40|https://www.saos.org.pl/judgments/457523
455955|2021-09-10|SO|IV Ka 750/21|Wyrok|40|https://www.saos.org.pl/judgments/455955
467750|2021-09-08|SO|II K 32/21|Wyrok|40|https://www.saos.org.pl/judgments/467750
463170|2021-09-03|SO|II K 423/20|Wyrok|40|https://www.saos.org.pl/judgments/463170
447803|2021-09-03|SO|VI Ka 435/20|Wyrok|40|https://www.saos.org.pl/judgments/447803
448332|2021-08-13|SO|II K 218/21|Wyrok|40|https://www.saos.org.pl/judgments/448332
477910|2021-07-27|SO|V K 29/21|Wyrok|40|https://www.saos.org.pl/judgments/477910
446399|2021-07-26|SO|III K 199/21|Wyrok|40|https://www.saos.org.pl/judgments/446399
464100|2021-07-22|SO|II K 70/21|Wyrok|40|https://www.saos.org.pl/judgments/464100
460186|2021-07-16|SO|V K 190/20|Wyrok|40|https://www.saos.org.pl/judgments/460186
448460|2021-07-13|SO|III K 275/20|Wyrok|40|https://www.saos.org.pl/judgments/448460
445381|2021-07-05|SO|IV K 176/19|Wyrok|40|https://www.saos.org.pl/judgments/445381
445379|2021-07-02|SO|IV K 15/21|Wyrok|40|https://www.saos.org.pl/judgments/445379
510265|2021-07-01|SO|V K 129/19|Wyrok|40|https://www.saos.org.pl/judgments/510265
446799|2021-06-30|SO|VI K 1049/19|Wyrok|40|https://www.saos.org.pl/judgments/446799
442831|2021-06-17|SO|IV Ka 518/21|Wyrok|40|https://www.saos.org.pl/judgments/442831
444226|2021-06-02|SO|II K 739/20|Wyrok|40|https://www.saos.org.pl/judgments/444226
440056|2021-06-02|SO|IV K 90/21|Wyrok|40|https://www.saos.org.pl/judgments/440056
441698|2021-05-31|SO|IV K 243/20|Wyrok|40|https://www.saos.org.pl/judgments/441698
465368|2021-05-28|SO|II K 402/19|Wyrok|40|https://www.saos.org.pl/judgments/465368
438702|2021-05-12|SO|VI K 211/21|Wyrok|40|https://www.saos.org.pl/judgments/438702
441764|2021-05-07|SO|III K 94/21|Wyrok|40|https://www.saos.org.pl/judgments/441764
438592|2021-05-07|SO|III K 153/21|Wyrok|40|https://www.saos.org.pl/judgments/438592
441474|2021-05-06|SO|II K 886/20|Wyrok|40|https://www.saos.org.pl/judgments/441474
441569|2021-04-13|SO|II K 156/21|Wyrok|40|https://www.saos.org.pl/judgments/441569
446666|2021-04-07|SO|II K 146/19|Wyrok|40|https://www.saos.org.pl/judgments/446666
444838|2021-04-07|SO|II K 177/15|Wyrok|40|https://www.saos.org.pl/judgments/444838
440051|2021-03-30|SO|IV K 119/16|Wyrok|40|https://www.saos.org.pl/judgments/440051
452737|2021-03-22|SO|III K 223/20|Wyrok|40|https://www.saos.org.pl/judgments/452737
459669|2021-03-15|SO|II K 131/18|Wyrok|40|https://www.saos.org.pl/judgments/459669
434276|2021-03-15|SO|IV K 154/20|Wyrok|40|https://www.saos.org.pl/judgments/434276
434747|2021-03-12|SO|III K 18/21|Wyrok|40|https://www.saos.org.pl/judgments/434747
503627|2021-02-24|SO|II K 87/20|Wyrok|40|https://www.saos.org.pl/judgments/503627
432284|2021-02-23|SO|III Ko 49/20|Wyrok|40|https://www.saos.org.pl/judgments/432284
432777|2021-02-22|SO|IV K 152/20|Wyrok|40|https://www.saos.org.pl/judgments/432777
502762|2021-02-18|SO|II K 209/20|Wyrok|40|https://www.saos.org.pl/judgments/502762
431684|2021-02-17|SO|III K 439/19|Wyrok|40|https://www.saos.org.pl/judgments/431684
432333|2021-02-05|SO|III K 87/20|Wyrok|40|https://www.saos.org.pl/judgments/432333
435061|2021-01-29|SO|III K 14/21|Wyrok|40|https://www.saos.org.pl/judgments/435061
432775|2021-01-27|SO|IV K 113/20|Wyrok|40|https://www.saos.org.pl/judgments/432775
430412|2021-01-27|SO|III K 260/20|Wyrok|40|https://www.saos.org.pl/judgments/430412
462395|2021-01-20|SO|V K 18/20|Wyrok|40|https://www.saos.org.pl/judgments/462395
445826|2021-01-19|SO|II K 165/20|Wyrok|40|https://www.saos.org.pl/judgments/445826
446103|2021-01-18|SO|II K 86/20|Wyrok|40|https://www.saos.org.pl/judgments/446103
428650|2020-12-22|SO|III K 196/20|Wyrok|40|https://www.saos.org.pl/judgments/428650
451430|2020-12-21|SO|V K 37/20|Wyrok|40|https://www.saos.org.pl/judgments/451430
435943|2020-12-17|SO|II K 507/20|Wyrok|40|https://www.saos.org.pl/judgments/435943
428961|2020-12-17|SO|IV K 86/20|Wyrok|40|https://www.saos.org.pl/judgments/428961
435960|2020-12-16|SO|II K 81/20|Wyrok|40|https://www.saos.org.pl/judgments/435960
439157|2020-12-03|SO|VI Ka 375/20|Wyrok|40|https://www.saos.org.pl/judgments/439157
503310|2020-11-26|SO|II K 56/12|Wyrok|40|https://www.saos.org.pl/judgments/503310
426708|2020-11-25|SO|III K 39/20|Wyrok|40|https://www.saos.org.pl/judgments/426708
430717|2020-11-24|SO|II K 958/20|Wyrok|40|https://www.saos.org.pl/judgments/430717
475475|2020-11-17|SO|V K 262/19|Wyrok|40|https://www.saos.org.pl/judgments/475475
430146|2020-11-13|SO|II K 485/19|Wyrok|40|https://www.saos.org.pl/judgments/430146
457729|2020-11-12|SO|VI P 135/18|Wyrok|40|https://www.saos.org.pl/judgments/457729
445825|2020-10-23|SO|II K 153/19|Wyrok|40|https://www.saos.org.pl/judgments/445825
436243|2020-10-21|SO|IV Ka 775/20|Wyrok|40|https://www.saos.org.pl/judgments/436243
428524|2020-10-12|SO|IV K 250/20|Wyrok|40|https://www.saos.org.pl/judgments/428524
433756|2020-10-05|SO|IV Ka 689/20|Wyrok|40|https://www.saos.org.pl/judgments/433756
461991|2020-09-29|SO|II K 80/14|Wyrok|40|https://www.saos.org.pl/judgments/461991
429278|2020-09-28|SO|VI K 970/19|Wyrok|40|https://www.saos.org.pl/judgments/429278
438464|2020-09-24|SO|II K 150/19|Wyrok|40|https://www.saos.org.pl/judgments/438464
422749|2020-09-24|SO|IV K 40/20|Wyrok|40|https://www.saos.org.pl/judgments/422749
423924|2020-09-17|SO|III K 28/20|Wyrok|40|https://www.saos.org.pl/judgments/423924
423517|2020-09-16|SO|III K 275/19|Wyrok|40|https://www.saos.org.pl/judgments/423517
433212|2020-09-09|SO|II K 43/20|Wyrok|40|https://www.saos.org.pl/judgments/433212
421631|2020-09-09|SO|III K 184/20|Wyrok|40|https://www.saos.org.pl/judgments/421631
420167|2020-09-02|SO|III K 68/20|Wyrok|40|https://www.saos.org.pl/judgments/420167
418753|2020-08-12|SO|III K 100/20|Wyrok|40|https://www.saos.org.pl/judgments/418753
462559|2020-07-31|SO|III C 633/17|Wyrok|40|https://www.saos.org.pl/judgments/462559
420158|2020-07-31|SO|II K 1/20|Wyrok|40|https://www.saos.org.pl/judgments/420158
419371|2020-07-31|SO|XIV C 578/18|Wyrok|40|https://www.saos.org.pl/judgments/419371
419028|2020-07-24|SO|III K 278/19|Wyrok|40|https://www.saos.org.pl/judgments/419028
431615|2020-07-20|SO|II K 6/20|Wyrok|40|https://www.saos.org.pl/judgments/431615
417370|2020-07-09|SO|VIII K 30/20|Wyrok|40|https://www.saos.org.pl/judgments/417370
421970|2020-06-23|SO|II K 318/20|Wyrok|40|https://www.saos.org.pl/judgments/421970
433003|2020-06-19|SO|II K 160/19|Wyrok|40|https://www.saos.org.pl/judgments/433003
421982|2020-06-19|SO|II K 579/19|Wyrok|40|https://www.saos.org.pl/judgments/421982
415552|2020-06-18|SO|III K 67/20|Wyrok|40|https://www.saos.org.pl/judgments/415552
415275|2020-06-09|SO|III K 145/20|Wyrok|40|https://www.saos.org.pl/judgments/415275
414220|2020-06-03|SO|II K 777/19|Wyrok|40|https://www.saos.org.pl/judgments/414220
418610|2020-05-28|SO|IV K 893/18|Wyrok|40|https://www.saos.org.pl/judgments/418610
413305|2020-05-20|SO|II K 1201/19|Wyrok|40|https://www.saos.org.pl/judgments/413305
414213|2020-05-19|SO|II K 166/20|Wyrok|40|https://www.saos.org.pl/judgments/414213
414927|2020-04-23|SO|VI Ka 1188/19|Wyrok|40|https://www.saos.org.pl/judgments/414927
415551|2020-04-22|SO|III K 371/19|Wyrok|40|https://www.saos.org.pl/judgments/415551
408545|2020-04-07|SO|III K 417/19|Wyrok|40|https://www.saos.org.pl/judgments/408545
420392|2020-03-20|SO|IV Ka 68/20|Wyrok|40|https://www.saos.org.pl/judgments/420392
408199|2020-03-16|SO|IV K 67/19|Wyrok|40|https://www.saos.org.pl/judgments/408199
412845|2020-03-09|SO|II K 1103/19|Wyrok|40|https://www.saos.org.pl/judgments/412845
411458|2020-03-09|SO|VI Ka 327/19|Wyrok|40|https://www.saos.org.pl/judgments/411458
407920|2020-03-09|SO|III K 506/19|Wyrok|40|https://www.saos.org.pl/judgments/407920
412778|2020-03-06|SO|IV K 108/14|Wyrok|40|https://www.saos.org.pl/judgments/412778
411494|2020-02-28|SO|VI Ka 714/19|Wyrok|40|https://www.saos.org.pl/judgments/411494
430555|2020-02-27|SO|II K 42/18|Wyrok|40|https://www.saos.org.pl/judgments/430555
414014|2020-02-27|SO|VII K 191/19|Wyrok|40|https://www.saos.org.pl/judgments/414014
411465|2020-02-27|SO|VI Ka 514/19|Wyrok|40|https://www.saos.org.pl/judgments/411465
411955|2020-02-24|SO|II K 1163/19|Wyrok|40|https://www.saos.org.pl/judgments/411955
412866|2020-02-20|SO|II K 500/14|Wyrok|40|https://www.saos.org.pl/judgments/412866
410740|2020-02-17|SO|VI Ka 867/18|Wyrok|40|https://www.saos.org.pl/judgments/410740
406515|2020-02-17|SO|IV K 195/19|Wyrok|40|https://www.saos.org.pl/judgments/406515
406728|2020-02-13|SO|II K 550/19|Wyrok|40|https://www.saos.org.pl/judgments/406728
407078|2020-02-12|SO|V U 206/18|Wyrok|40|https://www.saos.org.pl/judgments/407078
406730|2020-02-07|SO|II K 614/19|Wyrok|40|https://www.saos.org.pl/judgments/406730
433145|2020-02-06|SO|II K 156/18|Wyrok|40|https://www.saos.org.pl/judgments/433145
409837|2020-02-06|SO|II K 194/19|Wyrok|40|https://www.saos.org.pl/judgments/409837
435690|2020-02-05|SO|IV K 585/19|Wyrok|40|https://www.saos.org.pl/judgments/435690
412857|2020-02-04|SO|II K 325/19|Wyrok|40|https://www.saos.org.pl/judgments/412857
410094|2020-01-27|SO|VI Ka 906/18|Wyrok|40|https://www.saos.org.pl/judgments/410094
410202|2020-01-23|SO|VI Ka 226/19|Wyrok|40|https://www.saos.org.pl/judgments/410202
404994|2020-01-16|SO|II K 385/18|Wyrok|40|https://www.saos.org.pl/judgments/404994
423475|2020-01-13|SO|II K 154/19|Wyrok|40|https://www.saos.org.pl/judgments/423475
404991|2019-12-20|SO|II K 308/18|Wyrok|40|https://www.saos.org.pl/judgments/404991
401892|2019-12-16|SO|II K 311/19|Wyrok|40|https://www.saos.org.pl/judgments/401892
423421|2019-12-09|SO|VII Pa 90/19|Wyrok|40|https://www.saos.org.pl/judgments/423421
433742|2019-12-06|SO|II K 79/19|Wyrok|40|https://www.saos.org.pl/judgments/433742
397951|2019-12-03|SO|IV K 192/18|Wyrok|40|https://www.saos.org.pl/judgments/397951
404527|2019-12-02|SO|II K 601/19|Wyrok|40|https://www.saos.org.pl/judgments/404527
398198|2019-11-28|SO|IV K 121/19|Wyrok|40|https://www.saos.org.pl/judgments/398198
409404|2019-11-27|SO|II K 167/19|Wyrok|40|https://www.saos.org.pl/judgments/409404
407857|2019-11-26|SO|VI Ka 53/19|Wyrok|40|https://www.saos.org.pl/judgments/407857
404504|2019-11-25|SO|II K 212/19|Wyrok|40|https://www.saos.org.pl/judgments/404504
446084|2019-11-20|SO|II C 137/16|Wyrok|40|https://www.saos.org.pl/judgments/446084
404538|2019-11-20|SO|II K 712/17|Wyrok|40|https://www.saos.org.pl/judgments/404538
404475|2019-11-20|SO|II K 114/19|Wyrok|40|https://www.saos.org.pl/judgments/404475
419262|2019-11-18|SO|III K 161/18|Wyrok|40|https://www.saos.org.pl/judgments/419262
395543|2019-10-31|SO|IV K 120/19|Wyrok|40|https://www.saos.org.pl/judgments/395543
397199|2019-10-28|SO|II K 304/19|Wyrok|40|https://www.saos.org.pl/judgments/397199
396238|2019-10-25|SO|VII Ka 916/19|Wyrok|40|https://www.saos.org.pl/judgments/396238
395545|2019-10-21|SO|IV K 146/18|Wyrok|40|https://www.saos.org.pl/judgments/395545
407257|2019-10-18|SO|III K 388/19|Wyrok|40|https://www.saos.org.pl/judgments/407257
401304|2019-10-18|SO|IV Ka 781/19|Wyrok|40|https://www.saos.org.pl/judgments/401304
407525|2019-10-11|SO|VI Ka 619/19|Wyrok|40|https://www.saos.org.pl/judgments/407525
407617|2019-10-02|SO|II K 95/19|Wyrok|40|https://www.saos.org.pl/judgments/407617
393983|2019-09-27|SO|III K 376/19|Wyrok|40|https://www.saos.org.pl/judgments/393983
396237|2019-09-26|SO|VII Ka 797/19|Wyrok|40|https://www.saos.org.pl/judgments/396237
393982|2019-09-26|SO|III K 158/19|Wyrok|40|https://www.saos.org.pl/judgments/393982
394434|2019-09-25|SO|VI K 282/19|Wyrok|40|https://www.saos.org.pl/judgments/394434
393262|2019-09-25|SO|II K 1346/18|Wyrok|40|https://www.saos.org.pl/judgments/393262
395640|2019-09-19|SO|II K 757/17|Wyrok|40|https://www.saos.org.pl/judgments/395640
397460|2019-09-17|SO|IV K 433/19|Wyrok|40|https://www.saos.org.pl/judgments/397460
397462|2019-09-16|SO|IV Ka 604/19|Wyrok|40|https://www.saos.org.pl/judgments/397462
407472|2019-09-06|SO|VI Ka 1287/18|Wyrok|40|https://www.saos.org.pl/judgments/407472
393271|2019-09-06|SO|II K 213/19|Wyrok|40|https://www.saos.org.pl/judgments/393271
391864|2019-09-06|SO|III K 257/19|Wyrok|40|https://www.saos.org.pl/judgments/391864
402733|2019-09-03|SO|III K 281/15|Wyrok|40|https://www.saos.org.pl/judgments/402733
392834|2019-08-21|SO|III K 228/19|Wyrok|40|https://www.saos.org.pl/judgments/392834
394437|2019-08-09|SO|VII Ka 607/19|Wyrok|40|https://www.saos.org.pl/judgments/394437
424956|2019-07-18|SO|II K 186/19|Wyrok|40|https://www.saos.org.pl/judgments/424956
390496|2019-07-16|SO|II K 23/19|Wyrok|40|https://www.saos.org.pl/judgments/390496
409405|2019-07-12|SO|II K 442/18|Wyrok|40|https://www.saos.org.pl/judgments/409405
390181|2019-07-11|SO|III K 238/19|Wyrok|40|https://www.saos.org.pl/judgments/390181
388469|2019-07-10|SO|IV K 9/19|Wyrok|40|https://www.saos.org.pl/judgments/388469
435691|2019-07-05|SO|IV K 783/14|Wyrok|40|https://www.saos.org.pl/judgments/435691
390002|2019-07-03|SO|VI Ka 398/19|Wyrok|40|https://www.saos.org.pl/judgments/390002
389991|2019-07-03|SO|VI Ka 1325/18|Wyrok|40|https://www.saos.org.pl/judgments/389991
390207|2019-06-28|SO|VI Ka 462/19|Wyrok|40|https://www.saos.org.pl/judgments/390207
390363|2019-06-24|SO|VI K 864/18|Wyrok|40|https://www.saos.org.pl/judgments/390363
390010|2019-06-24|SO|VI Ka 956/18|Wyrok|40|https://www.saos.org.pl/judgments/390010
402720|2019-06-18|SO|II K 136/17|Wyrok|40|https://www.saos.org.pl/judgments/402720
389528|2019-06-18|SO|II K 883/18|Wyrok|40|https://www.saos.org.pl/judgments/389528
391449|2019-06-17|SO|III K 194/19|Wyrok|40|https://www.saos.org.pl/judgments/391449
389990|2019-06-12|SO|VI Ka 1267/18|Wyrok|40|https://www.saos.org.pl/judgments/389990
390006|2019-06-10|SO|VI Ka 756/18|Wyrok|40|https://www.saos.org.pl/judgments/390006
383592|2019-06-03|SO|III K 68/19|Wyrok|40|https://www.saos.org.pl/judgments/383592
383586|2019-05-27|SO|II K 121/19|Wyrok|40|https://www.saos.org.pl/judgments/383586
386483|2019-05-24|SO|II K 1206/18|Wyrok|40|https://www.saos.org.pl/judgments/386483
387909|2019-05-22|SO|II K 187/15|Wyrok|40|https://www.saos.org.pl/judgments/387909
386619|2019-05-17|SO|VI Ka 1515/18|Wyrok|40|https://www.saos.org.pl/judgments/386619
387433|2019-05-16|SO|II K 657/18|Wyrok|40|https://www.saos.org.pl/judgments/387433
375556|2019-05-15|SO|V Ka 64/19|Wyrok|40|https://www.saos.org.pl/judgments/375556
396323|2019-05-14|SO|II K 191/18|Wyrok|40|https://www.saos.org.pl/judgments/396323
387803|2019-05-09|SO|II K 572/18|Wyrok|40|https://www.saos.org.pl/judgments/387803
390008|2019-05-08|SO|VI Ka 914/18|Wyrok|40|https://www.saos.org.pl/judgments/390008
386348|2019-04-29|SO|VI Ka 1326/18|Wyrok|40|https://www.saos.org.pl/judgments/386348
437878|2019-04-26|SO|II K 549/17|Wyrok|40|https://www.saos.org.pl/judgments/437878
386625|2019-04-26|SO|VI Ka 891/18|Wyrok|40|https://www.saos.org.pl/judgments/386625
386352|2019-04-26|SO|VI Ka 858/18|Wyrok|40|https://www.saos.org.pl/judgments/386352
386268|2019-04-24|SO|IV K 81/18|Wyrok|40|https://www.saos.org.pl/judgments/386268
382957|2019-04-24|SO|IV K 305/18|Wyrok|40|https://www.saos.org.pl/judgments/382957
375397|2019-04-11|SO|II K 799/18|Wyrok|40|https://www.saos.org.pl/judgments/375397
378981|2019-04-08|SO|III K 147/19|Wyrok|40|https://www.saos.org.pl/judgments/378981
381523|2019-04-05|SO|II K 410/16|Wyrok|40|https://www.saos.org.pl/judgments/381523
375680|2019-04-01|SO|VI Ka 731/18|Wyrok|40|https://www.saos.org.pl/judgments/375680
375633|2019-04-01|SO|VI Ka 1454/18|Wyrok|40|https://www.saos.org.pl/judgments/375633
427803|2019-03-22|SO|II K 864/13|Wyrok|40|https://www.saos.org.pl/judgments/427803
375377|2019-03-21|SO|II K 469/18|Wyrok|40|https://www.saos.org.pl/judgments/375377
379210|2019-03-18|SO|IV Ka 467/18|Wyrok|40|https://www.saos.org.pl/judgments/379210
436346|2019-03-14|SO|V K 158/18|Wyrok|40|https://www.saos.org.pl/judgments/436346
387428|2019-03-14|SO|II K 181/18|Wyrok|40|https://www.saos.org.pl/judgments/387428
381190|2019-03-14|SO|XIV C 1033/15|Wyrok|40|https://www.saos.org.pl/judgments/381190
380228|2019-03-14|SO|VII Ka 87/19|Wyrok|40|https://www.saos.org.pl/judgments/380228
375354|2019-03-12|SO|II K 161/18|Wyrok|40|https://www.saos.org.pl/judgments/375354
378247|2019-03-08|SO|II K 496/18|Wyrok|40|https://www.saos.org.pl/judgments/378247
375642|2019-03-08|SO|VI Ka 210/18|Wyrok|40|https://www.saos.org.pl/judgments/375642
375640|2019-03-06|SO|VI Ka 168/18|Wyrok|40|https://www.saos.org.pl/judgments/375640
375674|2019-03-04|SO|VI Ka 638/18|Wyrok|40|https://www.saos.org.pl/judgments/375674
374799|2019-03-01|SO|II K 487/18|Wyrok|40|https://www.saos.org.pl/judgments/374799
373974|2019-02-27|SO|II K 137/18|Wyrok|40|https://www.saos.org.pl/judgments/373974
374638|2019-02-26|SO|VI Ka 760/18|Wyrok|40|https://www.saos.org.pl/judgments/374638
378988|2019-02-25|SO|III K 279/18|Wyrok|40|https://www.saos.org.pl/judgments/378988
375668|2019-02-25|SO|VI Ka 584/18|Wyrok|40|https://www.saos.org.pl/judgments/375668
375384|2019-02-25|SO|II K 555/16|Wyrok|40|https://www.saos.org.pl/judgments/375384
371435|2019-02-25|SO|IV Ka 1204/18|Wyrok|40|https://www.saos.org.pl/judgments/371435
392512|2019-02-22|SO|II K 811/18|Wyrok|40|https://www.saos.org.pl/judgments/392512
373718|2019-02-18|SO|XVI K 226/18|Wyrok|40|https://www.saos.org.pl/judgments/373718
391250|2019-02-06|SO|II K 183/18|Wyrok|40|https://www.saos.org.pl/judgments/391250
393124|2019-02-05|SO|IV Ka 998/18|Wyrok|40|https://www.saos.org.pl/judgments/393124
379871|2019-02-05|SO|V U 318/18|Wyrok|40|https://www.saos.org.pl/judgments/379871
374096|2019-01-25|SO|II K 1019/16|Wyrok|40|https://www.saos.org.pl/judgments/374096
373811|2019-01-24|SO|VI Ka 316/18|Wyrok|40|https://www.saos.org.pl/judgments/373811
373816|2019-01-22|SO|VI Ka 371/18|Wyrok|40|https://www.saos.org.pl/judgments/373816
400352|2019-01-21|SO|II K 496/18|Wyrok|40|https://www.saos.org.pl/judgments/400352
374260|2019-01-21|SO|VI Ka 322/18|Wyrok|40|https://www.saos.org.pl/judgments/374260
373823|2019-01-21|SO|VI Ka 46/18|Wyrok|40|https://www.saos.org.pl/judgments/373823
371300|2019-01-15|SO|VII Ka 1090/18|Wyrok|40|https://www.saos.org.pl/judgments/371300
370388|2019-01-15|SO|II K 794/17|Wyrok|40|https://www.saos.org.pl/judgments/370388
387427|2019-01-11|SO|II K 151/18|Wyrok|40|https://www.saos.org.pl/judgments/387427
373804|2019-01-10|SO|VI Ka 159/18|Wyrok|40|https://www.saos.org.pl/judgments/373804
372034|2019-01-08|SO|II K 512/18|Wyrok|40|https://www.saos.org.pl/judgments/372034
371126|2019-01-08|SO|VII Ka 1011/18|Wyrok|40|https://www.saos.org.pl/judgments/371126
373051|2019-01-07|SO|II K 704/18|Wyrok|40|https://www.saos.org.pl/judgments/373051
371441|2018-12-21|SO|IV Ka 934/18|Wyrok|40|https://www.saos.org.pl/judgments/371441
367659|2018-12-19|SO|II K 884/17|Wyrok|40|https://www.saos.org.pl/judgments/367659
369040|2018-12-12|SO|III K 253/18|Wyrok|40|https://www.saos.org.pl/judgments/369040
368042|2018-12-06|SO|IV Ka 1014/18|Wyrok|40|https://www.saos.org.pl/judgments/368042
392508|2018-12-04|SO|II K 296/16|Wyrok|40|https://www.saos.org.pl/judgments/392508
374948|2018-11-29|SO|II K 329/18|Wyrok|40|https://www.saos.org.pl/judgments/374948
367548|2018-11-29|SO|VII Ka 936/18|Wyrok|40|https://www.saos.org.pl/judgments/367548
364671|2018-11-29|SO|II K 782/17|Wyrok|40|https://www.saos.org.pl/judgments/364671
375632|2018-11-27|SO|VI Ka 1453/17|Wyrok|40|https://www.saos.org.pl/judgments/375632
379249|2018-11-23|SO|IV Ka 751/18|Wyrok|40|https://www.saos.org.pl/judgments/379249
406288|2018-11-22|SO|I C 732/15|Wyrok|40|https://www.saos.org.pl/judgments/406288
385809|2018-11-20|SO|II K 106/18|Wyrok|40|https://www.saos.org.pl/judgments/385809
372791|2018-11-20|SO|VI Ka 1567/17|Wyrok|40|https://www.saos.org.pl/judgments/372791
372810|2018-11-19|SO|VI Ka 643/18|Wyrok|40|https://www.saos.org.pl/judgments/372810
400335|2018-11-16|SO|II K 1047/16|Wyrok|40|https://www.saos.org.pl/judgments/400335
372668|2018-11-15|SO|VI Ka 27/18|Wyrok|40|https://www.saos.org.pl/judgments/372668
386899|2018-11-09|SO|II K 99/17|Wyrok|40|https://www.saos.org.pl/judgments/386899
374963|2018-11-07|SO|II K 873/17|Wyrok|40|https://www.saos.org.pl/judgments/374963
373071|2018-11-05|SO|VI Ka 3/18|Wyrok|40|https://www.saos.org.pl/judgments/373071
366617|2018-10-26|SO|II K 711/18|Wyrok|40|https://www.saos.org.pl/judgments/366617
362234|2018-10-22|SO|IV K 82/17|Wyrok|40|https://www.saos.org.pl/judgments/362234
360128|2018-10-19|SO|II K 130/17|Wyrok|40|https://www.saos.org.pl/judgments/360128
360140|2018-10-18|SO|II K 561/18|Wyrok|40|https://www.saos.org.pl/judgments/360140
372661|2018-10-15|SO|VI Ka 1435/17|Wyrok|40|https://www.saos.org.pl/judgments/372661
361550|2018-10-11|SO|VI K 190/18|Wyrok|40|https://www.saos.org.pl/judgments/361550
360514|2018-10-09|SO|IV K 3/18|Wyrok|40|https://www.saos.org.pl/judgments/360514
372660|2018-10-04|SO|VI Ka 1368/17|Wyrok|40|https://www.saos.org.pl/judgments/372660
400342|2018-10-02|SO|II K 254/18|Wyrok|40|https://www.saos.org.pl/judgments/400342
365107|2018-09-28|SO|III K 160/17|Wyrok|40|https://www.saos.org.pl/judgments/365107
358674|2018-09-28|SO|II K 505/17|Wyrok|40|https://www.saos.org.pl/judgments/358674
361567|2018-09-27|SO|VII K 115/18|Wyrok|40|https://www.saos.org.pl/judgments/361567
361931|2018-09-24|SO|IV K 550/18|Wyrok|40|https://www.saos.org.pl/judgments/361931
357940|2018-09-20|SO|IV K 2/18|Wyrok|40|https://www.saos.org.pl/judgments/357940
359159|2018-09-19|SO|VI K 968/17|Wyrok|40|https://www.saos.org.pl/judgments/359159
359020|2018-09-19|SO|II K 145/17|Wyrok|40|https://www.saos.org.pl/judgments/359020
357439|2018-09-07|SO|II K 568/18|Wyrok|40|https://www.saos.org.pl/judgments/357439
357430|2018-09-04|SO|II K 1003/16|Wyrok|40|https://www.saos.org.pl/judgments/357430
361928|2018-08-31|SO|IV K 1122/16|Wyrok|40|https://www.saos.org.pl/judgments/361928
397813|2018-08-23|SO|II K 327/17|Wyrok|40|https://www.saos.org.pl/judgments/397813
381453|2018-08-20|SO|V K 81/18|Wyrok|40|https://www.saos.org.pl/judgments/381453
352716|2018-08-20|SO|II K 496/17|Wyrok|40|https://www.saos.org.pl/judgments/352716
352421|2018-08-07|SO|IV K 49/18|Wyrok|40|https://www.saos.org.pl/judgments/352421
349643|2018-07-24|SO|II K 64/18|Wyrok|40|https://www.saos.org.pl/judgments/349643
357690|2018-07-18|SO|VI Ka 837/17|Wyrok|40|https://www.saos.org.pl/judgments/357690
367776|2018-07-16|SO|III K 70/14|Wyrok|40|https://www.saos.org.pl/judgments/367776
352958|2018-07-16|SO|IV K 99/18|Wyrok|40|https://www.saos.org.pl/judgments/352958
438472|2018-07-12|SO|II K 2/14|Wyrok|40|https://www.saos.org.pl/judgments/438472
356368|2018-07-10|SO|IV Ka 517/18|Wyrok|40|https://www.saos.org.pl/judgments/356368
357244|2018-07-09|SO|VI Ka 1525/17|Wyrok|40|https://www.saos.org.pl/judgments/357244
397815|2018-07-06|SO|II K 88/17|Wyrok|40|https://www.saos.org.pl/judgments/397815
348948|2018-07-04|SO|III K 104/16|Wyrok|40|https://www.saos.org.pl/judgments/348948
351350|2018-07-02|SO|II K 214/18|Wyrok|40|https://www.saos.org.pl/judgments/351350
359980|2018-06-29|SO|III K 266/14|Wyrok|40|https://www.saos.org.pl/judgments/359980
348411|2018-06-22|SO|IV Ka 506/18|Wyrok|40|https://www.saos.org.pl/judgments/348411
349490|2018-06-21|SO|II K 848/16|Wyrok|40|https://www.saos.org.pl/judgments/349490
349769|2018-06-20|SO|III K 97/18|Wyrok|40|https://www.saos.org.pl/judgments/349769
349385|2018-06-20|SO|IV K 1/13|Wyrok|40|https://www.saos.org.pl/judgments/349385
349998|2018-06-18|SO|III K 53/16|Wyrok|40|https://www.saos.org.pl/judgments/349998
356785|2018-06-14|SO|VI Ka 1310/17|Wyrok|40|https://www.saos.org.pl/judgments/356785
347181|2018-06-07|SO|II K 789/16|Wyrok|40|https://www.saos.org.pl/judgments/347181
348692|2018-06-05|SO|VII Ka 344/18|Wyrok|40|https://www.saos.org.pl/judgments/348692
356782|2018-05-28|SO|VI Ka 1281/17|Wyrok|40|https://www.saos.org.pl/judgments/356782
349489|2018-05-28|SO|II K 750/17|Wyrok|40|https://www.saos.org.pl/judgments/349489
359988|2018-05-24|SO|IV Ka 488/18|Wyrok|40|https://www.saos.org.pl/judgments/359988
341984|2018-05-23|SO|VII Ka 320/18|Wyrok|40|https://www.saos.org.pl/judgments/341984
345383|2018-05-18|SO|IV K 171/18|Wyrok|40|https://www.saos.org.pl/judgments/345383
342424|2018-05-18|SO|XVI K 250/17|Wyrok|40|https://www.saos.org.pl/judgments/342424
345384|2018-05-17|SO|IV K 209/18|Wyrok|40|https://www.saos.org.pl/judgments/345384
342263|2018-05-16|SO|II K 846/17|Wyrok|40|https://www.saos.org.pl/judgments/342263
341477|2018-05-15|SO|II K 1168/17|Wyrok|40|https://www.saos.org.pl/judgments/341477
534018|2018-05-09|SO|II K 67/18|Wyrok|40|https://www.saos.org.pl/judgments/534018
344647|2018-05-02|SO|IV Ka 197/18|Wyrok|40|https://www.saos.org.pl/judgments/344647
341766|2018-04-30|SO|IV K 27/15|Wyrok|40|https://www.saos.org.pl/judgments/341766
342906|2018-04-16|SO|IV K 24/14|Wyrok|40|https://www.saos.org.pl/judgments/342906
344624|2018-04-13|SO|III K 213/17|Wyrok|40|https://www.saos.org.pl/judgments/344624
339390|2018-04-13|SO|VII Ka 237/18|Wyrok|40|https://www.saos.org.pl/judgments/339390
381449|2018-04-09|SO|V K 139/16|Wyrok|40|https://www.saos.org.pl/judgments/381449
356239|2018-04-09|SO|VI Ka 5/18|Wyrok|40|https://www.saos.org.pl/judgments/356239
347186|2018-04-09|SO|III K 53/17|Wyrok|40|https://www.saos.org.pl/judgments/347186
356618|2018-04-06|SO|VI Ka 1093/17|Wyrok|40|https://www.saos.org.pl/judgments/356618
342321|2018-04-06|SO|IV Ka 293/18|Wyrok|40|https://www.saos.org.pl/judgments/342321
341655|2018-04-06|SO|VI Ka 2/18|Wyrok|40|https://www.saos.org.pl/judgments/341655
336843|2018-04-05|SO|VI K 799/16|Wyrok|40|https://www.saos.org.pl/judgments/336843
342304|2018-03-28|SO|IV Ka 168/18|Wyrok|40|https://www.saos.org.pl/judgments/342304
341672|2018-03-27|SO|VI Ka 621/17|Wyrok|40|https://www.saos.org.pl/judgments/341672
342303|2018-03-26|SO|IV Ka 164/18|Wyrok|40|https://www.saos.org.pl/judgments/342303
335791|2018-03-23|SO|II K 204/15|Wyrok|40|https://www.saos.org.pl/judgments/335791
382013|2018-03-22|SO|IV K 859/17|Wyrok|40|https://www.saos.org.pl/judgments/382013
332222|2018-03-15|SO|VI Ka 883/17|Wyrok|40|https://www.saos.org.pl/judgments/332222
336234|2018-03-13|SO|VII Ka 107/18|Wyrok|40|https://www.saos.org.pl/judgments/336234
333461|2018-03-13|SO|IV Ka 162/18|Wyrok|40|https://www.saos.org.pl/judgments/333461
332211|2018-03-09|SO|VI Ka 639/17|Wyrok|40|https://www.saos.org.pl/judgments/332211
335650|2018-03-08|SO|II K 53/18|Wyrok|40|https://www.saos.org.pl/judgments/335650
332213|2018-03-08|SO|VI Ka 701/17|Wyrok|40|https://www.saos.org.pl/judgments/332213
335828|2018-03-07|SO|IV K 47/16|Wyrok|40|https://www.saos.org.pl/judgments/335828
342344|2018-03-06|SO|IV Ka 65/18|Wyrok|40|https://www.saos.org.pl/judgments/342344
335551|2018-03-06|SO|XVII Ka 100/18|Wyrok|40|https://www.saos.org.pl/judgments/335551
335266|2018-03-01|SO|VI Ka 616/17|Wyrok|40|https://www.saos.org.pl/judgments/335266
335570|2018-02-28|SO|XVII Ka 64/18|Wyrok|40|https://www.saos.org.pl/judgments/335570
335046|2018-02-28|SO|II Ka 335/17|Wyrok|40|https://www.saos.org.pl/judgments/335046
328455|2018-02-22|SO|VI Ka 881/17|Wyrok|40|https://www.saos.org.pl/judgments/328455
334845|2018-02-21|SO|II K 244/17|Wyrok|40|https://www.saos.org.pl/judgments/334845
328437|2018-02-21|SO|VI Ka 752/17|Wyrok|40|https://www.saos.org.pl/judgments/328437
328389|2018-02-20|SO|VI Ka 1296/17|Wyrok|40|https://www.saos.org.pl/judgments/328389
333460|2018-02-14|SO|IV Ka 16/18|Wyrok|40|https://www.saos.org.pl/judgments/333460
374958|2018-02-13|SO|II K 577/17|Wyrok|40|https://www.saos.org.pl/judgments/374958
342901|2018-02-12|SO|III K 818/16|Wyrok|40|https://www.saos.org.pl/judgments/342901
332106|2018-02-09|SO|II K 532/17|Wyrok|40|https://www.saos.org.pl/judgments/332106
343275|2018-02-08|SO|I C 574/17|Wyrok|40|https://www.saos.org.pl/judgments/343275
334901|2018-02-08|SO|IV K 365/16|Wyrok|40|https://www.saos.org.pl/judgments/334901
328390|2018-02-08|SO|VI Ka 1311/17|Wyrok|40|https://www.saos.org.pl/judgments/328390
386140|2018-02-06|SO|II K 400/17|Wyrok|40|https://www.saos.org.pl/judgments/386140
335571|2018-02-06|SO|XVII Ka 724/17|Wyrok|40|https://www.saos.org.pl/judgments/335571
331024|2018-02-06|SO|IV K 442/16|Wyrok|40|https://www.saos.org.pl/judgments/331024
375658|2018-02-02|SO|VI Ka 481/18|Wyrok|40|https://www.saos.org.pl/judgments/375658
332411|2018-02-01|SO|II K 513/17|Wyrok|40|https://www.saos.org.pl/judgments/332411
333451|2018-01-31|SO|IV Ka 1293/17|Wyrok|40|https://www.saos.org.pl/judgments/333451
330845|2018-01-31|SO|VI Ka 542/17|Wyrok|40|https://www.saos.org.pl/judgments/330845
330211|2018-01-31|SO|XVII Ka 1552/17|Wyrok|40|https://www.saos.org.pl/judgments/330211
356628|2018-01-26|SO|VI Ka 1271/17|Wyrok|40|https://www.saos.org.pl/judgments/356628
330285|2018-01-26|SO|III K 230/17|Wyrok|40|https://www.saos.org.pl/judgments/330285
327079|2018-01-23|SO|XVI K 213/17|Wyrok|40|https://www.saos.org.pl/judgments/327079
328401|2018-01-22|SO|VI Ka 570/17|Wyrok|40|https://www.saos.org.pl/judgments/328401
534016|2018-01-19|SO|II K 453/17|Wyrok|40|https://www.saos.org.pl/judgments/534016
351348|2018-01-19|SO|II K 206/17|Wyrok|40|https://www.saos.org.pl/judgments/351348
330206|2018-01-17|SO|XVII Ka 1447/17|Wyrok|40|https://www.saos.org.pl/judgments/330206
328433|2018-01-16|SO|VI Ka 732/17|Wyrok|40|https://www.saos.org.pl/judgments/328433
325793|2018-01-15|SO|III K 23/16|Wyrok|40|https://www.saos.org.pl/judgments/325793
323167|2018-01-10|SO|XVI K 123/17|Wyrok|40|https://www.saos.org.pl/judgments/323167
330215|2017-12-29|SO|XVII Ka 711/17|Wyrok|40|https://www.saos.org.pl/judgments/330215
320996|2017-12-29|SO|II K 554/16|Wyrok|40|https://www.saos.org.pl/judgments/320996
334248|2017-12-22|SO|II K 58/17|Wyrok|40|https://www.saos.org.pl/judgments/334248
327627|2017-12-22|SO|VI K 829/17|Wyrok|40|https://www.saos.org.pl/judgments/327627
326772|2017-12-21|SO|VI Ka 427/17|Wyrok|40|https://www.saos.org.pl/judgments/326772
323996|2017-12-21|SO|IV Ka 1148/17|Wyrok|40|https://www.saos.org.pl/judgments/323996
322854|2017-12-20|SO|II K 97/17|Wyrok|40|https://www.saos.org.pl/judgments/322854
322573|2017-12-20|SO|III K 200/17|Wyrok|40|https://www.saos.org.pl/judgments/322573
321274|2017-12-20|SO|II K 64/17|Wyrok|40|https://www.saos.org.pl/judgments/321274
339524|2017-12-19|SO|II K 413/17|Wyrok|40|https://www.saos.org.pl/judgments/339524
327078|2017-12-19|SO|XVI K 158/17|Wyrok|40|https://www.saos.org.pl/judgments/327078
319692|2017-12-19|SO|IV K 67/17|Wyrok|40|https://www.saos.org.pl/judgments/319692
356925|2017-12-14|SO|II K 119/16|Wyrok|40|https://www.saos.org.pl/judgments/356925
330286|2017-12-14|SO|III K 93/17|Wyrok|40|https://www.saos.org.pl/judgments/330286
324005|2017-12-14|SO|IV Ka 180/17|Wyrok|40|https://www.saos.org.pl/judgments/324005
318627|2017-12-14|SO|III K 138/17|Wyrok|40|https://www.saos.org.pl/judgments/318627
326763|2017-12-13|SO|VI Ka 1525/16|Wyrok|40|https://www.saos.org.pl/judgments/326763
323627|2017-12-12|SO|II K 95/17|Wyrok|40|https://www.saos.org.pl/judgments/323627
326981|2017-12-11|SO|IV K 173/16|Wyrok|40|https://www.saos.org.pl/judgments/326981
339520|2017-12-07|SO|II K 226/17|Wyrok|40|https://www.saos.org.pl/judgments/339520
336551|2017-12-07|SO|II K 122/17|Wyrok|40|https://www.saos.org.pl/judgments/336551
326229|2017-12-05|SO|II K 91/17|Wyrok|40|https://www.saos.org.pl/judgments/326229
317892|2017-12-05|SO|XII C 2046/15|Wyrok|40|https://www.saos.org.pl/judgments/317892
317469|2017-12-05|SO|II K 961/17|Wyrok|40|https://www.saos.org.pl/judgments/317469
317468|2017-12-05|SO|II K 961/17|Wyrok|40|https://www.saos.org.pl/judgments/317468
335948|2017-12-01|SO|I C 499/14|Wyrok|40|https://www.saos.org.pl/judgments/335948
331414|2017-12-01|SO|IV K 1145/16|Wyrok|40|https://www.saos.org.pl/judgments/331414
326481|2017-11-29|SO|VI Ka 594/17|Wyrok|40|https://www.saos.org.pl/judgments/326481
317450|2017-11-29|SO|II K 591/16|Wyrok|40|https://www.saos.org.pl/judgments/317450
326497|2017-11-27|SO|VI Ka 924/17|Wyrok|40|https://www.saos.org.pl/judgments/326497
320659|2017-11-24|SO|V Ka 976/17|Wyrok|40|https://www.saos.org.pl/judgments/320659
340734|2017-11-23|SO|IV K 130/17|Wyrok|40|https://www.saos.org.pl/judgments/340734
321620|2017-11-23|SO|II K 441/17|Wyrok|40|https://www.saos.org.pl/judgments/321620
347524|2017-11-21|SO|II K 16/17|Wyrok|40|https://www.saos.org.pl/judgments/347524
326491|2017-11-20|SO|VI Ka 81/17|Wyrok|40|https://www.saos.org.pl/judgments/326491
318966|2017-11-16|SO|IV Ka 992/17|Wyrok|40|https://www.saos.org.pl/judgments/318966
335230|2017-11-13|SO|IV K 947/13|Wyrok|40|https://www.saos.org.pl/judgments/335230
322353|2017-11-07|SO|III K 195/17|Wyrok|40|https://www.saos.org.pl/judgments/322353
319387|2017-11-07|SO|VIII K 661/16|Wyrok|40|https://www.saos.org.pl/judgments/319387
315766|2017-11-07|SO|VI Ka 250/17|Wyrok|40|https://www.saos.org.pl/judgments/315766
324879|2017-11-06|SO|VII Ka 663/17|Wyrok|40|https://www.saos.org.pl/judgments/324879
316380|2017-11-03|SO|II K 984/16|Wyrok|40|https://www.saos.org.pl/judgments/316380
314463|2017-11-02|SO|II K 149/17|Wyrok|40|https://www.saos.org.pl/judgments/314463
326071|2017-10-31|SO|VI Ka 557/17|Wyrok|40|https://www.saos.org.pl/judgments/326071
312661|2017-10-27|SO|III K 70/17|Wyrok|40|https://www.saos.org.pl/judgments/312661
314560|2017-10-24|SO|III K 181/16|Wyrok|40|https://www.saos.org.pl/judgments/314560
314031|2017-10-23|SO|XVI K 156/17|Wyrok|40|https://www.saos.org.pl/judgments/314031
312659|2017-10-23|SO|III K 189/17|Wyrok|40|https://www.saos.org.pl/judgments/312659
316370|2017-10-20|SO|II K 824/16|Wyrok|40|https://www.saos.org.pl/judgments/316370
371417|2017-10-17|SO|IV K 821/16|Wyrok|40|https://www.saos.org.pl/judgments/371417
316353|2017-10-17|SO|II K 59/16|Wyrok|40|https://www.saos.org.pl/judgments/316353
312005|2017-10-16|SO|IV K 166/16|Wyrok|40|https://www.saos.org.pl/judgments/312005
311993|2017-10-16|SO|III K 119/17|Wyrok|40|https://www.saos.org.pl/judgments/311993
308880|2017-10-16|SO|VI Ka 749/17|Wyrok|40|https://www.saos.org.pl/judgments/308880
314984|2017-10-10|SO|VII Ka 655/17|Wyrok|40|https://www.saos.org.pl/judgments/314984
316309|2017-10-02|SO|II K 186/17|Wyrok|40|https://www.saos.org.pl/judgments/316309
316520|2017-09-29|SO|IV K 131/16|Wyrok|40|https://www.saos.org.pl/judgments/316520
311793|2017-09-27|SO|IV Ka 514/17|Wyrok|40|https://www.saos.org.pl/judgments/311793
310035|2017-09-27|SO|II K 93/17|Wyrok|40|https://www.saos.org.pl/judgments/310035
308874|2017-09-25|SO|VI Ka 1608/16|Wyrok|40|https://www.saos.org.pl/judgments/308874
374960|2017-09-22|SO|II K 674/16|Wyrok|40|https://www.saos.org.pl/judgments/374960
311818|2017-09-19|SO|IV Ka 880/17|Wyrok|40|https://www.saos.org.pl/judgments/311818
308840|2017-09-12|SO|IV K 287/17|Wyrok|40|https://www.saos.org.pl/judgments/308840
318638|2017-09-11|SO|IV K 190/11|Wyrok|40|https://www.saos.org.pl/judgments/318638
309043|2017-09-08|SO|II K 1212/13|Wyrok|40|https://www.saos.org.pl/judgments/309043
308650|2017-09-08|SO|XVII Ka 910/17|Wyrok|40|https://www.saos.org.pl/judgments/308650
307476|2017-08-31|SO|IV K 120/17|Wyrok|40|https://www.saos.org.pl/judgments/307476
306570|2017-08-28|SO|VI Ka 747/16|Wyrok|40|https://www.saos.org.pl/judgments/306570
308641|2017-08-23|SO|XVII Ka 837/17|Wyrok|40|https://www.saos.org.pl/judgments/308641
303992|2017-08-22|SO|IV K 373/17|Wyrok|40|https://www.saos.org.pl/judgments/303992
334249|2017-08-18|SO|II K 7/16|Wyrok|40|https://www.saos.org.pl/judgments/334249
300942|2017-08-08|SO|IV K 659/16|Wyrok|40|https://www.saos.org.pl/judgments/300942
306545|2017-08-07|SO|VI Ka 451/17|Wyrok|40|https://www.saos.org.pl/judgments/306545
306472|2017-08-01|SO|VI Ka 1513/16|Wyrok|40|https://www.saos.org.pl/judgments/306472
321901|2017-07-25|SO|II K 210/16|Wyrok|40|https://www.saos.org.pl/judgments/321901
315935|2017-07-20|SO|VI K 21/17|Wyrok|40|https://www.saos.org.pl/judgments/315935
306475|2017-07-18|SO|VI Ka 1530/16|Wyrok|40|https://www.saos.org.pl/judgments/306475
306466|2017-07-18|SO|VI Ka 1493/16|Wyrok|40|https://www.saos.org.pl/judgments/306466
297809|2017-07-13|SO|II K 298/16|Wyrok|40|https://www.saos.org.pl/judgments/297809
297808|2017-07-13|SO|II K 264/17|Wyrok|40|https://www.saos.org.pl/judgments/297808
297195|2017-07-13|SO|VI Ka 241/17|Wyrok|40|https://www.saos.org.pl/judgments/297195
347101|2017-07-11|SO|II K 36/15|Wyrok|40|https://www.saos.org.pl/judgments/347101
341882|2017-07-11|SO|II K 3/15|Wyrok|40|https://www.saos.org.pl/judgments/341882
306464|2017-07-10|SO|VI Ka 1491/16|Wyrok|40|https://www.saos.org.pl/judgments/306464
303018|2017-07-04|SO|XVII Ka 605/17|Wyrok|40|https://www.saos.org.pl/judgments/303018
304097|2017-06-29|SO|VI Ka 1340/16|Wyrok|40|https://www.saos.org.pl/judgments/304097
338293|2017-06-28|SO|II K 185/15|Wyrok|40|https://www.saos.org.pl/judgments/338293
330802|2017-06-23|SO|II K 388/16|Wyrok|40|https://www.saos.org.pl/judgments/330802
293690|2017-06-22|SO|IV Ka 495/17|Wyrok|40|https://www.saos.org.pl/judgments/293690
291197|2017-06-22|SO|III K 10/17|Wyrok|40|https://www.saos.org.pl/judgments/291197
302753|2017-06-21|SO|II K 71/17|Wyrok|40|https://www.saos.org.pl/judgments/302753
293666|2017-06-21|SO|IV Ka 285/17|Wyrok|40|https://www.saos.org.pl/judgments/293666
292120|2017-06-20|SO|III K 105/17|Wyrok|40|https://www.saos.org.pl/judgments/292120
303582|2017-06-12|SO|VI Ka 1251/16|Wyrok|40|https://www.saos.org.pl/judgments/303582
297564|2017-06-12|SO|VI Ka 1574/16|Wyrok|40|https://www.saos.org.pl/judgments/297564
293574|2017-06-12|SO|XVI K 65/17|Wyrok|40|https://www.saos.org.pl/judgments/293574
296638|2017-06-07|SO|VI Ka 1549/16|Wyrok|40|https://www.saos.org.pl/judgments/296638
322322|2017-06-06|SO|II K 160/14|Wyrok|40|https://www.saos.org.pl/judgments/322322
291200|2017-06-06|SO|III K 273/16|Wyrok|40|https://www.saos.org.pl/judgments/291200
296627|2017-05-31|SO|VI Ka 1234/16|Wyrok|40|https://www.saos.org.pl/judgments/296627
291374|2017-05-31|SO|XII C 2378/15|Wyrok|40|https://www.saos.org.pl/judgments/291374
296847|2017-05-29|SO|II K 179/17|Wyrok|40|https://www.saos.org.pl/judgments/296847
289597|2017-05-29|SO|XVI K 132/16|Wyrok|40|https://www.saos.org.pl/judgments/289597
288749|2017-05-29|SO|II K 227/17|Wyrok|40|https://www.saos.org.pl/judgments/288749
293677|2017-05-25|SO|IV Ka 408/17|Wyrok|40|https://www.saos.org.pl/judgments/293677
286859|2017-05-24|SO|VI Ka 1148/16|Wyrok|40|https://www.saos.org.pl/judgments/286859
309092|2017-05-23|SO|IV K 90/17|Wyrok|40|https://www.saos.org.pl/judgments/309092
286889|2017-05-23|SO|VI Ka 1548/16|Wyrok|40|https://www.saos.org.pl/judgments/286889
288481|2017-05-22|SO|III K 66/17|Wyrok|40|https://www.saos.org.pl/judgments/288481
315478|2017-05-17|SO|II K 123/16|Wyrok|40|https://www.saos.org.pl/judgments/315478
299163|2017-05-17|SO|XVI K 53/17|Wyrok|40|https://www.saos.org.pl/judgments/299163
288680|2017-05-16|SO|XVII Ka 394/17|Wyrok|40|https://www.saos.org.pl/judgments/288680
287379|2017-05-16|SO|II K 157/16|Wyrok|40|https://www.saos.org.pl/judgments/287379
296635|2017-05-15|SO|VI Ka 1486/16|Wyrok|40|https://www.saos.org.pl/judgments/296635
286878|2017-05-15|SO|VI Ka 1425/16|Wyrok|40|https://www.saos.org.pl/judgments/286878
296335|2017-05-12|SO|VII Ka 240/17|Wyrok|40|https://www.saos.org.pl/judgments/296335
287635|2017-05-10|SO|III K 62/17|Wyrok|40|https://www.saos.org.pl/judgments/287635
324848|2017-05-09|SO|V K 130/16|Wyrok|40|https://www.saos.org.pl/judgments/324848
288014|2017-04-28|SO|II K 606/16|Wyrok|40|https://www.saos.org.pl/judgments/288014
286891|2017-04-28|SO|VI Ka 1554/16|Wyrok|40|https://www.saos.org.pl/judgments/286891
286421|2017-04-28|SO|II K 225/17|Wyrok|40|https://www.saos.org.pl/judgments/286421
284657|2017-04-26|SO|IV Ka 260/17|Wyrok|40|https://www.saos.org.pl/judgments/284657
286895|2017-04-24|SO|VI Ka 177/17|Wyrok|40|https://www.saos.org.pl/judgments/286895
284655|2017-04-19|SO|IV Ka 249/17|Wyrok|40|https://www.saos.org.pl/judgments/284655
286855|2017-04-18|SO|VI Ka 109/17|Wyrok|40|https://www.saos.org.pl/judgments/286855
285848|2017-04-14|SO|VI Ka 1217/16|Wyrok|40|https://www.saos.org.pl/judgments/285848
282209|2017-04-12|SO|II K 277/15|Wyrok|40|https://www.saos.org.pl/judgments/282209
281117|2017-04-12|SO|VI Ka 1256/16|Wyrok|40|https://www.saos.org.pl/judgments/281117
291498|2017-04-10|SO|II K 18/17|Wyrok|40|https://www.saos.org.pl/judgments/291498
282482|2017-04-10|SO|XVI K 266/16|Wyrok|40|https://www.saos.org.pl/judgments/282482
282481|2017-04-10|SO|XVI K 186/16|Wyrok|40|https://www.saos.org.pl/judgments/282481
281144|2017-04-10|SO|VI Ka 985/16|Wyrok|40|https://www.saos.org.pl/judgments/281144
285609|2017-04-07|SO|III K 1109/16|Wyrok|40|https://www.saos.org.pl/judgments/285609
283874|2017-04-06|SO|IV K 191/16|Wyrok|40|https://www.saos.org.pl/judgments/283874
282653|2017-04-06|SO|XVII Ka 266/17|Wyrok|40|https://www.saos.org.pl/judgments/282653
282539|2017-04-06|SO|II K 867/15|Wyrok|40|https://www.saos.org.pl/judgments/282539
281130|2017-04-06|SO|VI Ka 1629/16|Wyrok|40|https://www.saos.org.pl/judgments/281130
286698|2017-04-04|SO|IV K 504/16|Wyrok|40|https://www.saos.org.pl/judgments/286698
282526|2017-04-04|SO|II K 374/15|Wyrok|40|https://www.saos.org.pl/judgments/282526
282948|2017-03-31|SO|IV K 788/16|Wyrok|40|https://www.saos.org.pl/judgments/282948
282216|2017-03-31|SO|II K 42/17|Wyrok|40|https://www.saos.org.pl/judgments/282216
284636|2017-03-30|SO|IV Ka 183/17|Wyrok|40|https://www.saos.org.pl/judgments/284636
280842|2017-03-30|SO|III K 41/17|Wyrok|40|https://www.saos.org.pl/judgments/280842
426388|2017-03-28|SO|I C 535/16|Wyrok|40|https://www.saos.org.pl/judgments/426388
288661|2017-03-28|SO|XVII Ka 162/17|Wyrok|40|https://www.saos.org.pl/judgments/288661
286418|2017-03-28|SO|II K 177/16|Wyrok|40|https://www.saos.org.pl/judgments/286418
282942|2017-03-27|SO|IV K 1075/16|Wyrok|40|https://www.saos.org.pl/judgments/282942
279734|2017-03-24|SO|II K 816/16|Wyrok|40|https://www.saos.org.pl/judgments/279734
311001|2017-03-23|SO|II K 129/16|Wyrok|40|https://www.saos.org.pl/judgments/311001
287762|2017-03-23|SO|VI Ka 81/17|Wyrok|40|https://www.saos.org.pl/judgments/287762
280851|2017-03-23|SO|III Ko 586/16|Wyrok|40|https://www.saos.org.pl/judgments/280851
280852|2017-03-20|SO|III Ko 587/16|Wyrok|40|https://www.saos.org.pl/judgments/280852
284637|2017-03-17|SO|IV Ka 184/17|Wyrok|40|https://www.saos.org.pl/judgments/284637
281105|2017-03-13|SO|VI Ka 1029/16|Wyrok|40|https://www.saos.org.pl/judgments/281105
278056|2017-03-13|SO|VI Ka 459/16|Wyrok|40|https://www.saos.org.pl/judgments/278056
280839|2017-03-10|SO|III K 283/16|Wyrok|40|https://www.saos.org.pl/judgments/280839
290379|2017-03-09|SO|IV K 353/16|Wyrok|40|https://www.saos.org.pl/judgments/290379
277792|2017-03-08|SO|III K 221/15|Wyrok|40|https://www.saos.org.pl/judgments/277792
315921|2017-03-07|SO|IV K 283/10|Wyrok|40|https://www.saos.org.pl/judgments/315921
371549|2017-03-06|SO|IV K 334/16|Wyrok|40|https://www.saos.org.pl/judgments/371549
278693|2017-03-06|SO|XVII Ka 922/16|Wyrok|40|https://www.saos.org.pl/judgments/278693
276517|2017-03-06|SO|IV K 51/15|Wyrok|40|https://www.saos.org.pl/judgments/276517
296858|2017-03-02|SO|II K 531/16|Wyrok|40|https://www.saos.org.pl/judgments/296858
276512|2017-03-02|SO|IV K 130/16|Wyrok|40|https://www.saos.org.pl/judgments/276512
281813|2017-03-01|SO|IV Ka 87/17|Wyrok|40|https://www.saos.org.pl/judgments/281813
279461|2017-03-01|SO|IV K 966/16|Wyrok|40|https://www.saos.org.pl/judgments/279461
277790|2017-03-01|SO|III K 1020/16|Wyrok|40|https://www.saos.org.pl/judgments/277790
277818|2017-02-28|SO|IV K 264/15|Wyrok|40|https://www.saos.org.pl/judgments/277818
274468|2017-02-28|SO|IV K 172/16|Wyrok|40|https://www.saos.org.pl/judgments/274468
275673|2017-02-23|SO|IV K 111/16|Wyrok|40|https://www.saos.org.pl/judgments/275673
315703|2017-02-21|SO|II K 72/16|Wyrok|40|https://www.saos.org.pl/judgments/315703
278935|2017-02-16|SO|II K 1225/10|Wyrok|40|https://www.saos.org.pl/judgments/278935
275319|2017-02-14|SO|XVII Ka 1371/16|Wyrok|40|https://www.saos.org.pl/judgments/275319
274256|2017-02-09|SO|II K 917/16|Wyrok|40|https://www.saos.org.pl/judgments/274256
281143|2017-02-08|SO|VI Ka 983/16|Wyrok|40|https://www.saos.org.pl/judgments/281143
296859|2017-02-06|SO|II K 536/15|Wyrok|40|https://www.saos.org.pl/judgments/296859
272717|2017-02-03|SO|VI Ka 907/16|Wyrok|40|https://www.saos.org.pl/judgments/272717
270340|2017-02-03|SO|II K 759/15|Wyrok|40|https://www.saos.org.pl/judgments/270340
281801|2017-02-02|SO|IV Ka 1169/16|Wyrok|40|https://www.saos.org.pl/judgments/281801
343911|2017-01-31|SO|II K 147/14|Wyrok|40|https://www.saos.org.pl/judgments/343911
301203|2017-01-30|SO|V K 154/16|Wyrok|40|https://www.saos.org.pl/judgments/301203
270354|2017-01-30|SO|III K 280/16|Wyrok|40|https://www.saos.org.pl/judgments/270354
275306|2017-01-27|SO|XVII Ka 1194/16|Wyrok|40|https://www.saos.org.pl/judgments/275306
269072|2017-01-24|SO|VI Ka 1474/16|Wyrok|40|https://www.saos.org.pl/judgments/269072
271748|2017-01-19|SO|VI K 789/14|Wyrok|40|https://www.saos.org.pl/judgments/271748
269719|2017-01-17|SO|IV K 182/16|Wyrok|40|https://www.saos.org.pl/judgments/269719
273281|2017-01-13|SO|VII Ka 895/16|Wyrok|40|https://www.saos.org.pl/judgments/273281
271285|2017-01-13|SO|II K 68/17|Wyrok|40|https://www.saos.org.pl/judgments/271285
269500|2017-01-13|SO|IV K 790/15|Wyrok|40|https://www.saos.org.pl/judgments/269500
268070|2017-01-13|SO|II K 334/14|Wyrok|40|https://www.saos.org.pl/judgments/268070
267907|2017-01-13|SO|VI Ka 1258/16|Wyrok|40|https://www.saos.org.pl/judgments/267907
267259|2017-01-11|SO|XVI K 243/16|Wyrok|40|https://www.saos.org.pl/judgments/267259
269725|2017-01-10|SO|IV K 890/16|Wyrok|40|https://www.saos.org.pl/judgments/269725
268159|2017-01-09|SO|VI Ka 936/16|Wyrok|40|https://www.saos.org.pl/judgments/268159
272272|2016-12-30|SO|IV Ka 1079/16|Wyrok|40|https://www.saos.org.pl/judgments/272272
292907|2016-12-28|SO|I C 498/14|Wyrok|40|https://www.saos.org.pl/judgments/292907
280840|2016-12-27|SO|III K 298/15|Wyrok|40|https://www.saos.org.pl/judgments/280840
283872|2016-12-22|SO|IV K 159/10|Wyrok|40|https://www.saos.org.pl/judgments/283872
270665|2016-12-20|SO|IV K 33/16|Wyrok|40|https://www.saos.org.pl/judgments/270665
263852|2016-12-19|SO|II K 1034/15|Wyrok|40|https://www.saos.org.pl/judgments/263852
262490|2016-12-19|SO|IV K 161/14|Wyrok|40|https://www.saos.org.pl/judgments/262490
262341|2016-12-19|SO|XVI K 220/16|Wyrok|40|https://www.saos.org.pl/judgments/262341
280089|2016-12-15|SO|XVI K 102/14|Wyrok|40|https://www.saos.org.pl/judgments/280089
272959|2016-12-15|SO|VI Ka 481/16|Wyrok|40|https://www.saos.org.pl/judgments/272959
272271|2016-12-15|SO|IV Ka 1044/16|Wyrok|40|https://www.saos.org.pl/judgments/272271
261982|2016-12-15|SO|II K 338/16|Wyrok|40|https://www.saos.org.pl/judgments/261982
272308|2016-12-14|SO|IV Ka 999/16|Wyrok|40|https://www.saos.org.pl/judgments/272308
263190|2016-12-14|SO|VI Ka 527/16|Wyrok|40|https://www.saos.org.pl/judgments/263190
263685|2016-12-13|SO|VI Ka 1367/16|Wyrok|40|https://www.saos.org.pl/judgments/263685
297441|2016-12-09|SO|II K 647/16|Wyrok|40|https://www.saos.org.pl/judgments/297441
286414|2016-12-05|SO|II K 130/16|Wyrok|40|https://www.saos.org.pl/judgments/286414
300200|2016-11-29|SO|IV K 471/16|Wyrok|40|https://www.saos.org.pl/judgments/300200
270133|2016-11-24|SO|XVIII C 320/15|Wyrok|40|https://www.saos.org.pl/judgments/270133
261849|2016-11-24|SO|V Ka 947/16|Wyrok|40|https://www.saos.org.pl/judgments/261849
262672|2016-11-23|SO|XVII Ka 819/16|Wyrok|40|https://www.saos.org.pl/judgments/262672
263188|2016-11-22|SO|VI Ka 1355/16|Wyrok|40|https://www.saos.org.pl/judgments/263188
262939|2016-11-22|SO|VI Ka 404/16|Wyrok|40|https://www.saos.org.pl/judgments/262939
258002|2016-11-09|SO|XVII Ka 990/16|Wyrok|40|https://www.saos.org.pl/judgments/258002
261846|2016-11-08|SO|V Ka 904/16|Wyrok|40|https://www.saos.org.pl/judgments/261846
262303|2016-11-07|SO|VI Ka 1041/16|Wyrok|40|https://www.saos.org.pl/judgments/262303
256444|2016-10-31|SO|XVI K 182/15|Wyrok|40|https://www.saos.org.pl/judgments/256444
257344|2016-10-27|SO|II K 411/14|Wyrok|40|https://www.saos.org.pl/judgments/257344
281848|2016-10-26|SO|V K 205/15|Wyrok|40|https://www.saos.org.pl/judgments/281848
257966|2016-10-26|SO|XVII Ka 567/16|Wyrok|40|https://www.saos.org.pl/judgments/257966
285295|2016-10-25|SO|II K 27/15|Wyrok|40|https://www.saos.org.pl/judgments/285295
269762|2016-10-24|SO|V K 91/16|Wyrok|40|https://www.saos.org.pl/judgments/269762
281847|2016-10-20|SO|V K 111/16|Wyrok|40|https://www.saos.org.pl/judgments/281847
282822|2016-10-19|SO|II K 45/16|Wyrok|40|https://www.saos.org.pl/judgments/282822
257996|2016-10-19|SO|XVII Ka 960/16|Wyrok|40|https://www.saos.org.pl/judgments/257996
267411|2016-10-17|SO|V K 87/16|Wyrok|40|https://www.saos.org.pl/judgments/267411
265654|2016-10-17|SO|V K 126/16|Wyrok|40|https://www.saos.org.pl/judgments/265654
253108|2016-10-13|SO|III K 151/16|Wyrok|40|https://www.saos.org.pl/judgments/253108
281851|2016-10-12|SO|V K 96/16|Wyrok|40|https://www.saos.org.pl/judgments/281851
262045|2016-10-12|SO|VI Ka 839/16|Wyrok|40|https://www.saos.org.pl/judgments/262045
253119|2016-10-12|SO|IV P 170/15|Wyrok|40|https://www.saos.org.pl/judgments/253119
255251|2016-10-10|SO|III K 47/16|Wyrok|40|https://www.saos.org.pl/judgments/255251
271110|2016-10-05|SO|IV K 166/11|Wyrok|40|https://www.saos.org.pl/judgments/271110
302751|2016-10-04|SO|II K 561/14|Wyrok|40|https://www.saos.org.pl/judgments/302751
276203|2016-10-04|SO|II K 149/16|Wyrok|40|https://www.saos.org.pl/judgments/276203
261334|2016-09-30|SO|II C 817/11|Wyrok|40|https://www.saos.org.pl/judgments/261334
547625|2016-09-29|SO|VII Ka 601/16|Wyrok|40|https://www.saos.org.pl/judgments/547625
301099|2016-09-26|SO|II K 803/15|Wyrok|40|https://www.saos.org.pl/judgments/301099
254777|2016-09-26|SO|VI Ka 973/16|Wyrok|40|https://www.saos.org.pl/judgments/254777
253557|2016-09-23|SO|II K 1058/13|Wyrok|40|https://www.saos.org.pl/judgments/253557
274255|2016-09-21|SO|II K 91/15|Wyrok|40|https://www.saos.org.pl/judgments/274255
253107|2016-09-20|SO|III K 150/16|Wyrok|40|https://www.saos.org.pl/judgments/253107
254769|2016-09-19|SO|VI Ka 744/16|Wyrok|40|https://www.saos.org.pl/judgments/254769
249938|2016-09-15|SO|IV K 941/15|Wyrok|40|https://www.saos.org.pl/judgments/249938
250843|2016-09-13|SO|II Ka 319/16|Wyrok|40|https://www.saos.org.pl/judgments/250843
249745|2016-09-13|SO|VII Ka 631/16|Wyrok|40|https://www.saos.org.pl/judgments/249745
247383|2016-09-13|SO|II K 589/16|Wyrok|40|https://www.saos.org.pl/judgments/247383
265657|2016-09-12|SO|V K 28/16|Wyrok|40|https://www.saos.org.pl/judgments/265657
253077|2016-09-12|SO|II K 15/15|Wyrok|40|https://www.saos.org.pl/judgments/253077
260880|2016-09-08|SO|V K 88/16|Wyrok|40|https://www.saos.org.pl/judgments/260880
248921|2016-09-08|SO|XIV C 918/15|Wyrok|40|https://www.saos.org.pl/judgments/248921
246594|2016-09-06|SO|VII Ka 550/16|Wyrok|40|https://www.saos.org.pl/judgments/246594
248018|2016-09-05|SO|VI Ka 274/16|Wyrok|40|https://www.saos.org.pl/judgments/248018
248425|2016-09-01|SO|IX K 302/16|Wyrok|40|https://www.saos.org.pl/judgments/248425
254077|2016-08-23|SO|VI Ka 587/16|Wyrok|40|https://www.saos.org.pl/judgments/254077
249778|2016-08-23|SO|XVII Ka 652/16|Wyrok|40|https://www.saos.org.pl/judgments/249778
248024|2016-08-08|SO|VI Ka 392/16|Wyrok|40|https://www.saos.org.pl/judgments/248024
242609|2016-07-26|SO|II K 915/15|Wyrok|40|https://www.saos.org.pl/judgments/242609
236583|2016-07-22|SO|VIII K 701/15|Wyrok|40|https://www.saos.org.pl/judgments/236583
267874|2016-07-21|SO|V K 71/16|Wyrok|40|https://www.saos.org.pl/judgments/267874
238161|2016-07-21|SO|V K 37/16|Wyrok|40|https://www.saos.org.pl/judgments/238161
253571|2016-07-15|SO|II K 988/15|Wyrok|40|https://www.saos.org.pl/judgments/253571
249414|2016-07-14|SO|VI Ka 190/16|Wyrok|40|https://www.saos.org.pl/judgments/249414
248462|2016-07-07|SO|V Ka 300/16|Wyrok|40|https://www.saos.org.pl/judgments/248462
234879|2016-07-07|SO|IV K 223/15|Wyrok|40|https://www.saos.org.pl/judgments/234879
240494|2016-07-06|SO|III K 129/16|Wyrok|40|https://www.saos.org.pl/judgments/240494
237099|2016-07-06|SO|XVII Ka 586/16|Wyrok|40|https://www.saos.org.pl/judgments/237099
237097|2016-07-06|SO|XVII Ka 570/16|Wyrok|40|https://www.saos.org.pl/judgments/237097
303743|2016-06-28|SO|V K 58/12|Wyrok|40|https://www.saos.org.pl/judgments/303743
237092|2016-06-27|SO|XVII Ka 539/16|Wyrok|40|https://www.saos.org.pl/judgments/237092
240173|2016-06-23|SO|VI Ka 548/16|Wyrok|40|https://www.saos.org.pl/judgments/240173
237835|2016-06-23|SO|II K 57/16|Wyrok|40|https://www.saos.org.pl/judgments/237835
235638|2016-06-22|SO|IV Ka 405/16|Wyrok|40|https://www.saos.org.pl/judgments/235638
235634|2016-06-16|SO|IV Ka 383/16|Wyrok|40|https://www.saos.org.pl/judgments/235634
233341|2016-06-16|SO|IV K 220/15|Wyrok|40|https://www.saos.org.pl/judgments/233341
232795|2016-06-15|SO|II K 410/15|Wyrok|40|https://www.saos.org.pl/judgments/232795
265653|2016-06-10|SO|V K 10/16|Wyrok|40|https://www.saos.org.pl/judgments/265653
272955|2016-06-09|SO|VI Ka 216/16|Wyrok|40|https://www.saos.org.pl/judgments/272955
257326|2016-06-09|SO|II K 11/16|Wyrok|40|https://www.saos.org.pl/judgments/257326
238731|2016-06-06|SO|XVI K 102/15|Wyrok|40|https://www.saos.org.pl/judgments/238731
234874|2016-06-03|SO|III K 122/14|Wyrok|40|https://www.saos.org.pl/judgments/234874
229232|2016-06-03|SO|VII Ka 312/16|Wyrok|40|https://www.saos.org.pl/judgments/229232
534010|2016-06-02|SO|II K 185/16|Wyrok|40|https://www.saos.org.pl/judgments/534010
234170|2016-06-01|SO|II K 182/16|Wyrok|40|https://www.saos.org.pl/judgments/234170
267406|2016-05-31|SO|V K 214/15|Wyrok|40|https://www.saos.org.pl/judgments/267406
229233|2016-05-31|SO|VII Ka 326/16|Wyrok|40|https://www.saos.org.pl/judgments/229233
227201|2016-05-24|SO|II K 17/16|Wyrok|40|https://www.saos.org.pl/judgments/227201
267405|2016-05-23|SO|V K 178/15|Wyrok|40|https://www.saos.org.pl/judgments/267405
240495|2016-05-23|SO|III K 133/15|Wyrok|40|https://www.saos.org.pl/judgments/240495
233343|2016-05-23|SO|IV K 253/14|Wyrok|40|https://www.saos.org.pl/judgments/233343
229610|2016-05-23|SO|VI Ka 248/16|Wyrok|40|https://www.saos.org.pl/judgments/229610
233528|2016-05-20|SO|II K 655/14|Wyrok|40|https://www.saos.org.pl/judgments/233528
224215|2016-05-20|SO|VII Ka 324/16|Wyrok|40|https://www.saos.org.pl/judgments/224215
238419|2016-05-17|SO|V K 20/16|Wyrok|40|https://www.saos.org.pl/judgments/238419
227208|2016-05-17|SO|II K 317/15|Wyrok|40|https://www.saos.org.pl/judgments/227208
230984|2016-05-16|SO|VI Ka 277/16|Wyrok|40|https://www.saos.org.pl/judgments/230984
229214|2016-05-13|SO|VI Ka 144/16|Wyrok|40|https://www.saos.org.pl/judgments/229214
225674|2016-05-13|SO|IV Ka 301/16|Wyrok|40|https://www.saos.org.pl/judgments/225674
249932|2016-05-12|SO|IV K 147/16|Wyrok|40|https://www.saos.org.pl/judgments/249932
237851|2016-05-11|SO|V K 145/15|Wyrok|40|https://www.saos.org.pl/judgments/237851
233298|2016-05-11|SO|II K 913/15|Wyrok|40|https://www.saos.org.pl/judgments/233298
227583|2016-05-11|SO|XVII Ka 353/16|Wyrok|40|https://www.saos.org.pl/judgments/227583
231928|2016-05-10|SO|II K 105/16|Wyrok|40|https://www.saos.org.pl/judgments/231928
230981|2016-05-09|SO|VI Ka 204/16|Wyrok|40|https://www.saos.org.pl/judgments/230981
228840|2016-05-06|SO|III K 278/15|Wyrok|40|https://www.saos.org.pl/judgments/228840
225315|2016-05-06|SO|III Ko 1018/14|Wyrok|40|https://www.saos.org.pl/judgments/225315
225996|2016-05-05|SO|II K 911/15|Wyrok|40|https://www.saos.org.pl/judgments/225996
225326|2016-05-05|SO|IV K 214/15|Wyrok|40|https://www.saos.org.pl/judgments/225326
227590|2016-04-29|SO|XVII Ka 999/15|Wyrok|40|https://www.saos.org.pl/judgments/227590
227577|2016-04-27|SO|XVII Ka 272/16|Wyrok|40|https://www.saos.org.pl/judgments/227577
221147|2016-04-26|SO|VIII U 1983/14|Wyrok|40|https://www.saos.org.pl/judgments/221147
219497|2016-04-26|SO|XVI K 17/16|Wyrok|40|https://www.saos.org.pl/judgments/219497
268637|2016-04-22|SO|V K 153/14|Wyrok|40|https://www.saos.org.pl/judgments/268637
222058|2016-04-22|SO|IV K 409/15|Wyrok|40|https://www.saos.org.pl/judgments/222058
223025|2016-04-19|SO|XVII Ka 226/16|Wyrok|40|https://www.saos.org.pl/judgments/223025
220779|2016-04-15|SO|II K 903/15|Wyrok|40|https://www.saos.org.pl/judgments/220779
222181|2016-04-14|SO|VI Ka 201/16|Wyrok|40|https://www.saos.org.pl/judgments/222181
221045|2016-04-14|SO|VI Ka 1284/15|Wyrok|40|https://www.saos.org.pl/judgments/221045
219868|2016-04-14|SO|IV Ka 244/16|Wyrok|40|https://www.saos.org.pl/judgments/219868
223017|2016-04-13|SO|XVII Ka 172/16|Wyrok|40|https://www.saos.org.pl/judgments/223017
275636|2016-04-08|SO|II K 415/14|Wyrok|40|https://www.saos.org.pl/judgments/275636
233522|2016-04-07|SO|II K 503/14|Wyrok|40|https://www.saos.org.pl/judgments/233522
237852|2016-04-06|SO|V K 171/15|Wyrok|40|https://www.saos.org.pl/judgments/237852
228569|2016-03-31|SO|II K 47/15|Wyrok|40|https://www.saos.org.pl/judgments/228569
217801|2016-03-31|SO|III K 41/16|Wyrok|40|https://www.saos.org.pl/judgments/217801
217423|2016-03-30|SO|III K 9/16|Wyrok|40|https://www.saos.org.pl/judgments/217423
225826|2016-03-29|SO|II K 38/16|Wyrok|40|https://www.saos.org.pl/judgments/225826
218596|2016-03-29|SO|IV K 141/15|Wyrok|40|https://www.saos.org.pl/judgments/218596
233348|2016-03-24|SO|IV K 846/14|Wyrok|40|https://www.saos.org.pl/judgments/233348
258429|2016-03-23|SO|II K 494/15|Wyrok|40|https://www.saos.org.pl/judgments/258429
215552|2016-03-22|SO|VI Ka 1517/15|Wyrok|40|https://www.saos.org.pl/judgments/215552
215553|2016-03-18|SO|VI Ka 1549/15|Wyrok|40|https://www.saos.org.pl/judgments/215553
215639|2016-03-16|SO|XVII Ka 811/15|Wyrok|40|https://www.saos.org.pl/judgments/215639
222059|2016-03-15|SO|IV K 911/13|Wyrok|40|https://www.saos.org.pl/judgments/222059
217455|2016-03-15|SO|IV K 244/15|Wyrok|40|https://www.saos.org.pl/judgments/217455
215551|2016-03-15|SO|VI Ka 1502/15|Wyrok|40|https://www.saos.org.pl/judgments/215551
448562|2016-03-11|SO|II K 531/15|Wyrok|40|https://www.saos.org.pl/judgments/448562
216323|2016-03-10|SO|VI Ka 1382/15|Wyrok|40|https://www.saos.org.pl/judgments/216323
234875|2016-03-09|SO|III K 72/15|Wyrok|40|https://www.saos.org.pl/judgments/234875
219038|2016-03-09|SO|V K 182/15|Wyrok|40|https://www.saos.org.pl/judgments/219038
217003|2016-03-09|SO|VI Ka 1308/15|Wyrok|40|https://www.saos.org.pl/judgments/217003
213405|2016-03-08|SO|II Ka 568/15|Wyrok|40|https://www.saos.org.pl/judgments/213405
218820|2016-03-07|SO|XVI K 95/14|Wyrok|40|https://www.saos.org.pl/judgments/218820
215410|2016-03-07|SO|III K 232/15|Wyrok|40|https://www.saos.org.pl/judgments/215410
226497|2016-03-02|SO|II K 316/15|Wyrok|40|https://www.saos.org.pl/judgments/226497
214460|2016-03-02|SO|IV Ka 26/16|Wyrok|40|https://www.saos.org.pl/judgments/214460
215291|2016-03-01|SO|II K 93/15|Wyrok|40|https://www.saos.org.pl/judgments/215291
217798|2016-02-29|SO|III K 152/14|Wyrok|40|https://www.saos.org.pl/judgments/217798
217006|2016-02-26|SO|VI Ka 791/13|Wyrok|40|https://www.saos.org.pl/judgments/217006
215632|2016-02-26|SO|XVII Ka 287/15|Wyrok|40|https://www.saos.org.pl/judgments/215632
216118|2016-02-25|SO|II K 391/14|Wyrok|40|https://www.saos.org.pl/judgments/216118
242446|2016-02-23|SO|V K 105/14|Wyrok|40|https://www.saos.org.pl/judgments/242446
275715|2016-02-19|SO|V K 13/10|Wyrok|40|https://www.saos.org.pl/judgments/275715
215633|2016-02-19|SO|XVII Ka 29/16|Wyrok|40|https://www.saos.org.pl/judgments/215633
212853|2016-02-17|SO|II K 299/15|Wyrok|40|https://www.saos.org.pl/judgments/212853
216690|2016-02-12|SO|II K 363/15|Wyrok|40|https://www.saos.org.pl/judgments/216690
210701|2016-02-11|SO|XVII Ka 9/16|Wyrok|40|https://www.saos.org.pl/judgments/210701
212932|2016-02-10|SO|IV K 547/15|Wyrok|40|https://www.saos.org.pl/judgments/212932
208208|2016-02-10|SO|II K 822/15|Wyrok|40|https://www.saos.org.pl/judgments/208208
207818|2016-02-09|SO|VI Ka 1260/15|Wyrok|40|https://www.saos.org.pl/judgments/207818
234567|2016-02-08|SO|II K 628/15|Wyrok|40|https://www.saos.org.pl/judgments/234567
272957|2016-02-07|SO|VI Ka 420/16|Wyrok|40|https://www.saos.org.pl/judgments/272957
207438|2016-02-04|SO|IV Ka 1061/15|Wyrok|40|https://www.saos.org.pl/judgments/207438
224294|2016-02-02|SO|II K 193/15|Wyrok|40|https://www.saos.org.pl/judgments/224294
239985|2016-01-29|SO|II K 98/15|Wyrok|40|https://www.saos.org.pl/judgments/239985
210505|2016-01-29|SO|VI Ka 491/15|Wyrok|40|https://www.saos.org.pl/judgments/210505
210504|2016-01-29|SO|VI Ka 488/15|Wyrok|40|https://www.saos.org.pl/judgments/210504
207419|2016-01-29|SO|III K 269/15|Wyrok|40|https://www.saos.org.pl/judgments/207419
210690|2016-01-28|SO|XVII Ka 1206/15|Wyrok|40|https://www.saos.org.pl/judgments/210690
217419|2016-01-27|SO|III K 270/15|Wyrok|40|https://www.saos.org.pl/judgments/217419
208355|2016-01-27|SO|VI Ka 273/15|Wyrok|40|https://www.saos.org.pl/judgments/208355
203497|2016-01-27|SO|VI Ka 660/15|Wyrok|40|https://www.saos.org.pl/judgments/203497
225086|2016-01-26|SO|II K 315/15|Wyrok|40|https://www.saos.org.pl/judgments/225086
214880|2016-01-22|SO|V K 191/15|Wyrok|40|https://www.saos.org.pl/judgments/214880
203321|2016-01-22|SO|IV K 44/15|Wyrok|40|https://www.saos.org.pl/judgments/203321
200060|2016-01-22|SO|XVII Ka 1186/15|Wyrok|40|https://www.saos.org.pl/judgments/200060
210696|2016-01-20|SO|XVII Ka 1427/14|Wyrok|40|https://www.saos.org.pl/judgments/210696
229195|2016-01-18|SO|V K 81/15|Wyrok|40|https://www.saos.org.pl/judgments/229195
204565|2016-01-18|SO|II K 701/12|Wyrok|40|https://www.saos.org.pl/judgments/204565
203488|2016-01-15|SO|VI Ka 1066/14|Wyrok|40|https://www.saos.org.pl/judgments/203488
200052|2016-01-15|SO|XVII Ka 1122/15|Wyrok|40|https://www.saos.org.pl/judgments/200052
203498|2016-01-14|SO|VI Ka 950/15|Wyrok|40|https://www.saos.org.pl/judgments/203498
200054|2016-01-14|SO|XVII Ka 1127/15|Wyrok|40|https://www.saos.org.pl/judgments/200054
199343|2016-01-14|SO|II Ka 567/15|Wyrok|40|https://www.saos.org.pl/judgments/199343
200285|2016-01-11|SO|XVI K 173/15|Wyrok|40|https://www.saos.org.pl/judgments/200285
210263|2016-01-08|SO|II K 38/15|Wyrok|40|https://www.saos.org.pl/judgments/210263
203323|2015-12-22|SO|IV K 497/15|Wyrok|40|https://www.saos.org.pl/judgments/203323
196412|2015-12-21|SO|III K 87/15|Wyrok|40|https://www.saos.org.pl/judgments/196412
194377|2015-12-21|SO|II K 1182/14|Wyrok|40|https://www.saos.org.pl/judgments/194377
215281|2015-12-18|SO|II K 516/15|Wyrok|40|https://www.saos.org.pl/judgments/215281
195628|2015-12-18|SO|II K 92/15|Wyrok|40|https://www.saos.org.pl/judgments/195628
200067|2015-12-17|SO|XVII Ka 567/15|Wyrok|40|https://www.saos.org.pl/judgments/200067
200196|2015-12-16|SO|III K 482/14|Wyrok|40|https://www.saos.org.pl/judgments/200196
197992|2015-12-16|SO|IV K 598/14|Wyrok|40|https://www.saos.org.pl/judgments/197992
237856|2015-12-15|SO|V K 79/15|Wyrok|40|https://www.saos.org.pl/judgments/237856
225358|2015-12-10|SO|V K 88/15|Wyrok|40|https://www.saos.org.pl/judgments/225358
195154|2015-12-10|SO|XVII Ka 1073/15|Wyrok|40|https://www.saos.org.pl/judgments/195154
194948|2015-12-09|SO|V Ka 1157/15|Wyrok|40|https://www.saos.org.pl/judgments/194948
219399|2015-12-08|SO|V K 170/14|Wyrok|40|https://www.saos.org.pl/judgments/219399
195169|2015-12-07|SO|XVII Ka 967/15|Wyrok|40|https://www.saos.org.pl/judgments/195169
196917|2015-12-04|SO|IV K 865/13|Wyrok|40|https://www.saos.org.pl/judgments/196917
195481|2015-12-03|SO|VI Ka 412/15|Wyrok|40|https://www.saos.org.pl/judgments/195481
200066|2015-12-02|SO|XVII Ka 501/15|Wyrok|40|https://www.saos.org.pl/judgments/200066
198696|2015-12-02|SO|IV Ka 1060/15|Wyrok|40|https://www.saos.org.pl/judgments/198696
234871|2015-12-01|SO|II K 531/14|Wyrok|40|https://www.saos.org.pl/judgments/234871
211086|2015-12-01|SO|IV K 923/14|Wyrok|40|https://www.saos.org.pl/judgments/211086
203986|2015-12-01|SO|II K 442/15|Wyrok|40|https://www.saos.org.pl/judgments/203986
213996|2015-11-30|SO|V K 131/15|Wyrok|40|https://www.saos.org.pl/judgments/213996
192501|2015-11-27|SO|II Ka 439/15|Wyrok|40|https://www.saos.org.pl/judgments/192501
237827|2015-11-26|SO|II K 246/15|Wyrok|40|https://www.saos.org.pl/judgments/237827
225357|2015-11-24|SO|V K 159/14|Wyrok|40|https://www.saos.org.pl/judgments/225357
212969|2015-11-23|SO|V K 141/15|Wyrok|40|https://www.saos.org.pl/judgments/212969
196916|2015-11-23|SO|IV K 562/12|Wyrok|40|https://www.saos.org.pl/judgments/196916
189966|2015-11-23|SO|II K 679/14|Wyrok|40|https://www.saos.org.pl/judgments/189966
195477|2015-11-19|SO|VI Ka 401/15|Wyrok|40|https://www.saos.org.pl/judgments/195477
195472|2015-11-19|SO|VI Ka 381/15|Wyrok|40|https://www.saos.org.pl/judgments/195472
189688|2015-11-19|SO|XVII Ka 881/15|Wyrok|40|https://www.saos.org.pl/judgments/189688
192736|2015-11-18|SO|IV Ka 917/15|Wyrok|40|https://www.saos.org.pl/judgments/192736
189713|2015-11-18|SO|XVII Ka 998/15|Wyrok|40|https://www.saos.org.pl/judgments/189713
198711|2015-11-17|SO|IV Ka 953/15|Wyrok|40|https://www.saos.org.pl/judgments/198711
195168|2015-11-16|SO|XVII Ka 949/15|Wyrok|40|https://www.saos.org.pl/judgments/195168
274959|2015-11-06|SO|VIII K 392/15|Wyrok|40|https://www.saos.org.pl/judgments/274959
192710|2015-11-04|SO|IV K 101/13|Wyrok|40|https://www.saos.org.pl/judgments/192710
205195|2015-10-30|SO|XVI K 200/14|Wyrok|40|https://www.saos.org.pl/judgments/205195
189697|2015-10-30|SO|XVII Ka 918/15|Wyrok|40|https://www.saos.org.pl/judgments/189697
286977|2015-10-27|SO|VIII K 448/15|Wyrok|40|https://www.saos.org.pl/judgments/286977
219404|2015-10-27|SO|V K 92/12|Wyrok|40|https://www.saos.org.pl/judgments/219404
192787|2015-10-26|SO|VI GC 139/15|Wyrok|40|https://www.saos.org.pl/judgments/192787
190324|2015-10-26|SO|III K 34/14|Wyrok|40|https://www.saos.org.pl/judgments/190324
183744|2015-10-23|SO|II K 436/13|Wyrok|40|https://www.saos.org.pl/judgments/183744
198546|2015-10-20|SO|II K 668/15|Wyrok|40|https://www.saos.org.pl/judgments/198546
211115|2015-10-19|SO|V K 37/15|Wyrok|40|https://www.saos.org.pl/judgments/211115
186229|2015-10-19|SO|IV K 221/14|Wyrok|40|https://www.saos.org.pl/judgments/186229
187826|2015-10-16|SO|VI Ka 875/15|Wyrok|40|https://www.saos.org.pl/judgments/187826
192727|2015-10-15|SO|IV Ka 452/15|Wyrok|40|https://www.saos.org.pl/judgments/192727
203423|2015-10-13|SO|V K 58/15|Wyrok|40|https://www.saos.org.pl/judgments/203423
183760|2015-10-13|SO|II K 470/15|Wyrok|40|https://www.saos.org.pl/judgments/183760
192735|2015-10-09|SO|IV Ka 890/15|Wyrok|40|https://www.saos.org.pl/judgments/192735
194389|2015-09-24|SO|II K 39/15|Wyrok|40|https://www.saos.org.pl/judgments/194389
183721|2015-09-24|SO|II K 39/15|Wyrok|40|https://www.saos.org.pl/judgments/183721
239291|2015-09-22|SO|V K 67/12|Wyrok|40|https://www.saos.org.pl/judgments/239291
183790|2015-09-15|SO|II K 576/15|Wyrok|40|https://www.saos.org.pl/judgments/183790
186451|2015-09-11|SO|IV Ka 824/15|Wyrok|40|https://www.saos.org.pl/judgments/186451
179777|2015-08-31|SO|III K 130/15|Wyrok|40|https://www.saos.org.pl/judgments/179777
179547|2015-08-19|SO|II K 112/14|Wyrok|40|https://www.saos.org.pl/judgments/179547
180374|2015-08-12|SO|XVII Ka 547/15|Wyrok|40|https://www.saos.org.pl/judgments/180374
177604|2015-08-11|SO|II K 649/14|Wyrok|40|https://www.saos.org.pl/judgments/177604
198251|2015-07-24|SO|II K 83/14|Wyrok|40|https://www.saos.org.pl/judgments/198251
226061|2015-07-23|SO|V K 85/14|Wyrok|40|https://www.saos.org.pl/judgments/226061
172267|2015-07-22|SO|XVII Ka 220/13|Wyrok|40|https://www.saos.org.pl/judgments/172267
182626|2015-07-20|SO|I C 886/14|Wyrok|40|https://www.saos.org.pl/judgments/182626
174169|2015-07-17|SO|II K 262/15|Wyrok|40|https://www.saos.org.pl/judgments/174169
180093|2015-07-09|SO|VI Ka 247/15|Wyrok|40|https://www.saos.org.pl/judgments/180093
211552|2015-07-03|SO|II K 41/14|Wyrok|40|https://www.saos.org.pl/judgments/211552
176455|2015-07-03|SO|XVII Ka 481/15|Wyrok|40|https://www.saos.org.pl/judgments/176455
185752|2015-06-30|SO|III K 9/15|Wyrok|40|https://www.saos.org.pl/judgments/185752
176163|2015-06-29|SO|II K 26/15|Wyrok|40|https://www.saos.org.pl/judgments/176163
178099|2015-06-26|SO|XVI K 76/15|Wyrok|40|https://www.saos.org.pl/judgments/178099
177176|2015-06-18|SO|III K 233/15|Wyrok|40|https://www.saos.org.pl/judgments/177176
171232|2015-06-17|SO|IV Ka 501/15|Wyrok|40|https://www.saos.org.pl/judgments/171232
171433|2015-06-11|SO|III K 91/15|Wyrok|40|https://www.saos.org.pl/judgments/171433
158205|2015-06-09|SO|IV Ka 1112/14|Wyrok|40|https://www.saos.org.pl/judgments/158205
158821|2015-06-08|SO|VI Ka 308/15|Wyrok|40|https://www.saos.org.pl/judgments/158821
180086|2015-05-28|SO|VI Ka 167/15|Wyrok|40|https://www.saos.org.pl/judgments/180086
196202|2015-05-27|SO|II K 21/15|Wyrok|40|https://www.saos.org.pl/judgments/196202
157669|2015-05-26|SO|II K 686/14|Wyrok|40|https://www.saos.org.pl/judgments/157669
180084|2015-05-21|SO|VI Ka 157/15|Wyrok|40|https://www.saos.org.pl/judgments/180084
169419|2015-05-20|SO|II K 574/14|Wyrok|40|https://www.saos.org.pl/judgments/169419
159131|2015-05-20|SO|XVII Ka 234/15|Wyrok|40|https://www.saos.org.pl/judgments/159131
154923|2015-05-19|SO|II Ka 115/15|Wyrok|40|https://www.saos.org.pl/judgments/154923
157125|2015-05-15|SO|III K 67/15|Wyrok|40|https://www.saos.org.pl/judgments/157125
155395|2015-05-13|SO|XVII Ka 329/15|Wyrok|40|https://www.saos.org.pl/judgments/155395
156061|2015-05-12|SO|IV P 9/15|Wyrok|40|https://www.saos.org.pl/judgments/156061
154708|2015-05-12|SO|II Ka 743/14|Wyrok|40|https://www.saos.org.pl/judgments/154708
159135|2015-05-07|SO|XVII Ka 282/15|Wyrok|40|https://www.saos.org.pl/judgments/159135
153618|2015-05-07|SO|II K 11/15|Wyrok|40|https://www.saos.org.pl/judgments/153618
158214|2015-05-06|SO|IV Ka 360/15|Wyrok|40|https://www.saos.org.pl/judgments/158214
154938|2015-05-06|SO|IV Ka 258/15|Wyrok|40|https://www.saos.org.pl/judgments/154938
156561|2015-05-05|SO|III K 42/15|Wyrok|40|https://www.saos.org.pl/judgments/156561
180106|2015-04-30|SO|VI Ka 382/14|Wyrok|40|https://www.saos.org.pl/judgments/180106
152929|2015-04-30|SO|II K 581/14|Wyrok|40|https://www.saos.org.pl/judgments/152929
152048|2015-04-24|SO|II Ka 709/14|Wyrok|40|https://www.saos.org.pl/judgments/152048
152382|2015-04-21|SO|XVII Ka 226/15|Wyrok|40|https://www.saos.org.pl/judgments/152382
221939|2015-04-19|SO|II K 33/15|Wyrok|40|https://www.saos.org.pl/judgments/221939
152114|2015-04-16|SO|VI Ka 111/15|Wyrok|40|https://www.saos.org.pl/judgments/152114
150756|2015-04-16|SO|XII C 2207/14|Wyrok|40|https://www.saos.org.pl/judgments/150756
154918|2015-04-14|SO|II K 374/14|Wyrok|40|https://www.saos.org.pl/judgments/154918
154571|2015-04-14|SO|IV Ka 270/15|Wyrok|40|https://www.saos.org.pl/judgments/154571
153884|2015-04-14|SO|XII C 2679/13|Wyrok|40|https://www.saos.org.pl/judgments/153884
150494|2015-04-14|SO|IV Ka 253/15|Wyrok|40|https://www.saos.org.pl/judgments/150494
159879|2015-04-09|SO|XVI K 31/15|Wyrok|40|https://www.saos.org.pl/judgments/159879
152367|2015-04-08|SO|XVII Ka 1461/14|Wyrok|40|https://www.saos.org.pl/judgments/152367
150493|2015-03-31|SO|IV Ka 222/15|Wyrok|40|https://www.saos.org.pl/judgments/150493
277326|2015-03-30|SO|I C 167/14|Wyrok|40|https://www.saos.org.pl/judgments/277326
148367|2015-03-30|SO|XII C 2255/14|Wyrok|40|https://www.saos.org.pl/judgments/148367
151825|2015-03-26|SO|XVI K 7/15|Wyrok|40|https://www.saos.org.pl/judgments/151825
237850|2015-03-25|SO|V K 104/14|Wyrok|40|https://www.saos.org.pl/judgments/237850
170899|2015-03-20|SO|III K 232/14|Wyrok|40|https://www.saos.org.pl/judgments/170899
153801|2015-03-20|SO|IV Ka 1058/14|Wyrok|40|https://www.saos.org.pl/judgments/153801
150491|2015-03-20|SO|IV Ka 166/15|Wyrok|40|https://www.saos.org.pl/judgments/150491
150184|2015-03-20|SO|IV Ka 170/15|Wyrok|40|https://www.saos.org.pl/judgments/150184
150175|2015-03-13|SO|IV Ka 131/15|Wyrok|40|https://www.saos.org.pl/judgments/150175
135481|2015-03-13|SO|XVII Ka 134/15|Wyrok|40|https://www.saos.org.pl/judgments/135481
152360|2015-03-12|SO|XVII Ka 1074/14|Wyrok|40|https://www.saos.org.pl/judgments/152360
148646|2015-03-12|SO|IV K 120/13|Wyrok|40|https://www.saos.org.pl/judgments/148646
135484|2015-03-12|SO|XVII Ka 1445/14|Wyrok|40|https://www.saos.org.pl/judgments/135484
134174|2015-03-11|SO|VI Ka 1207/14|Wyrok|40|https://www.saos.org.pl/judgments/134174
148111|2015-03-09|SO|XVI K 18/15|Wyrok|40|https://www.saos.org.pl/judgments/148111
134320|2015-03-06|SO|IV Ka 108/15|Wyrok|40|https://www.saos.org.pl/judgments/134320
150871|2015-03-05|SO|IV Ka 44/15|Wyrok|40|https://www.saos.org.pl/judgments/150871
148694|2015-03-05|SO|VI Ka 51/15|Wyrok|40|https://www.saos.org.pl/judgments/148694
134790|2015-03-05|SO|III K 341/14|Wyrok|40|https://www.saos.org.pl/judgments/134790
460543|2015-02-26|SO|II K 389/14|Wyrok|40|https://www.saos.org.pl/judgments/460543
129702|2015-02-12|SO|VI Ka 19/15|Wyrok|40|https://www.saos.org.pl/judgments/129702
131845|2015-02-11|SO|VI Ka 1243/14|Wyrok|40|https://www.saos.org.pl/judgments/131845
133885|2015-02-04|SO|III K 167/14|Wyrok|40|https://www.saos.org.pl/judgments/133885
130297|2015-01-30|SO|IV Ka 1149/14|Wyrok|40|https://www.saos.org.pl/judgments/130297
132228|2015-01-27|SO|IV Ka 1043/14|Wyrok|40|https://www.saos.org.pl/judgments/132228
130799|2015-01-23|SO|XVII Ka 1186/14|Wyrok|40|https://www.saos.org.pl/judgments/130799
126825|2015-01-23|SO|IV Ka 1123/14|Wyrok|40|https://www.saos.org.pl/judgments/126825
405804|2015-01-21|SO|II K 148/13|Wyrok|40|https://www.saos.org.pl/judgments/405804
127335|2015-01-20|SO|VI Ka 1366/14|Wyrok|40|https://www.saos.org.pl/judgments/127335
127337|2015-01-19|SO|VI Ka 694/14|Wyrok|40|https://www.saos.org.pl/judgments/127337
127744|2015-01-16|SO|II Ka 623/14|Wyrok|40|https://www.saos.org.pl/judgments/127744
129705|2015-01-09|SO|VI Ka 342/14|Wyrok|40|https://www.saos.org.pl/judgments/129705
127661|2015-01-07|SO|IV K 550/14|Wyrok|40|https://www.saos.org.pl/judgments/127661
126901|2014-12-31|SO|III K 250/14|Wyrok|40|https://www.saos.org.pl/judgments/126901
126324|2014-12-31|SO|XVI K 181/14|Wyrok|40|https://www.saos.org.pl/judgments/126324
127492|2014-12-23|SO|IV Ka 881/14|Wyrok|40|https://www.saos.org.pl/judgments/127492
130417|2014-12-22|SO|II Ko 120/14|Wyrok|40|https://www.saos.org.pl/judgments/130417
130800|2014-12-19|SO|XVII Ka 1205/14|Wyrok|40|https://www.saos.org.pl/judgments/130800
126323|2014-12-19|SO|XVI K 115/14|Wyrok|40|https://www.saos.org.pl/judgments/126323
125700|2014-12-12|SO|III K 240/14|Wyrok|40|https://www.saos.org.pl/judgments/125700
74625|2014-12-11|SO|V K 158/13|Wyrok|40|https://www.saos.org.pl/judgments/74625
125706|2014-12-04|SO|IV Ka 871/14|Wyrok|40|https://www.saos.org.pl/judgments/125706
75537|2014-12-04|SO|II Ka 408/14|Wyrok|40|https://www.saos.org.pl/judgments/75537
72686|2014-12-03|SO|II Ka 548/14|Wyrok|40|https://www.saos.org.pl/judgments/72686
130931|2014-11-28|SO|XVI K 83/14|Wyrok|40|https://www.saos.org.pl/judgments/130931
73822|2014-11-28|SO|III K 97/14|Wyrok|40|https://www.saos.org.pl/judgments/73822
76123|2014-11-27|SO|XVI K 166/14|Wyrok|40|https://www.saos.org.pl/judgments/76123
74057|2014-11-26|SO|IV Ka 946/14|Wyrok|40|https://www.saos.org.pl/judgments/74057
75412|2014-11-19|SO|XVI K 43/14|Wyrok|40|https://www.saos.org.pl/judgments/75412
72293|2014-11-14|SO|II K 89/14|Wyrok|40|https://www.saos.org.pl/judgments/72293
72260|2014-11-12|SO|XVII Ka 1109/14|Wyrok|40|https://www.saos.org.pl/judgments/72260
70220|2014-11-12|SO|II Ka 506/14|Wyrok|40|https://www.saos.org.pl/judgments/70220
69440|2014-11-12|SO|II Ka 505/14|Wyrok|40|https://www.saos.org.pl/judgments/69440
71556|2014-11-04|SO|V Ka 735/14|Wyrok|40|https://www.saos.org.pl/judgments/71556
68446|2014-10-31|SO|IV Ka 850/14|Wyrok|40|https://www.saos.org.pl/judgments/68446
342858|2014-10-30|SO|II K 411/14|Wyrok|40|https://www.saos.org.pl/judgments/342858
131591|2014-10-29|SO|II K 75/14|Wyrok|40|https://www.saos.org.pl/judgments/131591
70710|2014-10-16|SO|VI Ka 237/14|Wyrok|40|https://www.saos.org.pl/judgments/70710
69706|2014-10-16|SO|III K 172/14|Wyrok|40|https://www.saos.org.pl/judgments/69706
67353|2014-10-15|SO|XVII Ka 961/14|Wyrok|40|https://www.saos.org.pl/judgments/67353
68429|2014-10-07|SO|IV Ka 736/14|Wyrok|40|https://www.saos.org.pl/judgments/68429
189415|2014-09-30|SO|XVI K 258/13|Wyrok|40|https://www.saos.org.pl/judgments/189415
73634|2014-09-29|SO|III K 119/14|Wyrok|40|https://www.saos.org.pl/judgments/73634
253993|2014-09-28|SO|III K 124/16|Wyrok|40|https://www.saos.org.pl/judgments/253993
67935|2014-09-24|SO|VI Ka 88/14|Wyrok|40|https://www.saos.org.pl/judgments/67935
66967|2014-09-23|SO|III K 65/14|Wyrok|40|https://www.saos.org.pl/judgments/66967
74968|2014-09-17|SO|IV Ka 573/14|Wyrok|40|https://www.saos.org.pl/judgments/74968
65384|2014-09-12|SO|IV Ka 651/14|Wyrok|40|https://www.saos.org.pl/judgments/65384
70709|2014-09-11|SO|VI Ka 202/14|Wyrok|40|https://www.saos.org.pl/judgments/70709
64337|2014-09-09|SO|III K 90/14|Wyrok|40|https://www.saos.org.pl/judgments/64337
59823|2014-09-03|SO|VI Ka 1427/13|Wyrok|40|https://www.saos.org.pl/judgments/59823
61719|2014-08-29|SO|III K 113/13|Wyrok|40|https://www.saos.org.pl/judgments/61719
62971|2014-08-08|SO|VI Ka 1513/13|Wyrok|40|https://www.saos.org.pl/judgments/62971
62243|2014-08-06|SO|IV Ka 613/14|Wyrok|40|https://www.saos.org.pl/judgments/62243
57415|2014-08-06|SO|II K 1011/11|Wyrok|40|https://www.saos.org.pl/judgments/57415
58867|2014-07-31|SO|II Ka 191/14|Wyrok|40|https://www.saos.org.pl/judgments/58867
56961|2014-07-29|SO|IV Ka 576/14|Wyrok|40|https://www.saos.org.pl/judgments/56961
57642|2014-07-25|SO|VI Ka 1488/13|Wyrok|40|https://www.saos.org.pl/judgments/57642
54443|2014-07-15|SO|IV Ka 542/14|Wyrok|40|https://www.saos.org.pl/judgments/54443
234151|2014-07-10|SO|I C 772/11|Wyrok|40|https://www.saos.org.pl/judgments/234151
58175|2014-07-10|SO|VI Ka 177/14|Wyrok|40|https://www.saos.org.pl/judgments/58175
52976|2014-07-04|SO|V Ka 323/14|Wyrok|40|https://www.saos.org.pl/judgments/52976
68508|2014-06-30|SO|XVI K 19/13|Wyrok|40|https://www.saos.org.pl/judgments/68508
66058|2014-06-30|SO|III K 71/13|Wyrok|40|https://www.saos.org.pl/judgments/66058
65471|2014-06-27|SO|XVI K 20/14|Wyrok|40|https://www.saos.org.pl/judgments/65471
57286|2014-06-25|SO|IV Ka 1006/13|Wyrok|40|https://www.saos.org.pl/judgments/57286
61720|2014-06-23|SO|III K 274/13|Wyrok|40|https://www.saos.org.pl/judgments/61720
54423|2014-06-18|SO|IV Ka 269/14|Wyrok|40|https://www.saos.org.pl/judgments/54423
56464|2014-06-17|SO|IV Ka 281/14|Wyrok|40|https://www.saos.org.pl/judgments/56464
59401|2014-06-16|SO|XVI K 44/14|Wyrok|40|https://www.saos.org.pl/judgments/59401
52091|2014-06-12|SO|II Ka 149/14|Wyrok|40|https://www.saos.org.pl/judgments/52091
53431|2014-06-11|SO|II K 3/14|Wyrok|40|https://www.saos.org.pl/judgments/53431
54584|2014-06-06|SO|II K 100/13|Wyrok|40|https://www.saos.org.pl/judgments/54584
56317|2014-06-04|SO|IV Ka 151/14|Wyrok|40|https://www.saos.org.pl/judgments/56317
54416|2014-06-04|SO|III K 55/14|Wyrok|40|https://www.saos.org.pl/judgments/54416
71287|2014-05-26|SO|III K 52/14|Wyrok|40|https://www.saos.org.pl/judgments/71287
52662|2014-05-23|SO|II K 169/14|Wyrok|40|https://www.saos.org.pl/judgments/52662
50370|2014-05-23|SO|IV K 3/14|Wyrok|40|https://www.saos.org.pl/judgments/50370
49027|2014-05-22|SO|IV Ka 316/14|Wyrok|40|https://www.saos.org.pl/judgments/49027
52466|2014-05-14|SO|IV Ka 86/14|Wyrok|40|https://www.saos.org.pl/judgments/52466
134305|2014-05-09|SO|III K 1067/10|Wyrok|40|https://www.saos.org.pl/judgments/134305
48648|2014-05-09|SO|V K 148/13|Wyrok|40|https://www.saos.org.pl/judgments/48648
48820|2014-05-08|SO|XVI K 32/13|Wyrok|40|https://www.saos.org.pl/judgments/48820
47450|2014-05-08|SO|II Ka 693/13|Wyrok|40|https://www.saos.org.pl/judgments/47450
47626|2014-05-07|SO|III K 42/14|Wyrok|40|https://www.saos.org.pl/judgments/47626
48160|2014-04-25|SO|VI Ka 52/14|Wyrok|40|https://www.saos.org.pl/judgments/48160
50247|2014-04-24|SO|VI Ka 1025/13|Wyrok|40|https://www.saos.org.pl/judgments/50247
48161|2014-04-17|SO|VI Ka 79/14|Wyrok|40|https://www.saos.org.pl/judgments/48161
43832|2014-04-16|SO|VI Ka 898/13|Wyrok|40|https://www.saos.org.pl/judgments/43832
45335|2014-04-14|SO|VI Ka 48/14|Wyrok|40|https://www.saos.org.pl/judgments/45335
49936|2014-04-10|SO|IV Ka 34/14|Wyrok|40|https://www.saos.org.pl/judgments/49936
49938|2014-04-09|SO|IV Ka 978/13|Wyrok|40|https://www.saos.org.pl/judgments/49938
152446|2014-04-08|SO|III K 1196/09|Wyrok|40|https://www.saos.org.pl/judgments/152446
47289|2014-04-08|SO|IV Ka 1251/13|Wyrok|40|https://www.saos.org.pl/judgments/47289
43809|2014-04-07|SO|V K 114/13|Wyrok|40|https://www.saos.org.pl/judgments/43809
49800|2014-04-04|SO|IV Ka 127/14|Wyrok|40|https://www.saos.org.pl/judgments/49800
44205|2014-04-03|SO|II Ka 582/13|Wyrok|40|https://www.saos.org.pl/judgments/44205
54105|2014-04-02|SO|VIII K 686/13|Wyrok|40|https://www.saos.org.pl/judgments/54105
49019|2014-04-02|SO|IV Ka 165/14|Wyrok|40|https://www.saos.org.pl/judgments/49019
47144|2014-03-27|SO|IV Ka 1288/13|Wyrok|40|https://www.saos.org.pl/judgments/47144
44504|2014-03-27|SO|II Ka 4/14|Wyrok|40|https://www.saos.org.pl/judgments/44504
42769|2014-03-27|SO|VI Ka 1324/13|Wyrok|40|https://www.saos.org.pl/judgments/42769
54106|2014-03-26|SO|VIII K 702/13|Wyrok|40|https://www.saos.org.pl/judgments/54106
41514|2014-03-19|SO|III Ko 802/13|Wyrok|40|https://www.saos.org.pl/judgments/41514
42950|2014-03-18|SO|IV K 28/14|Wyrok|40|https://www.saos.org.pl/judgments/42950
40880|2014-03-13|SO|VI Ka 42/14|Wyrok|40|https://www.saos.org.pl/judgments/40880
305135|2014-03-07|SO|II Ca 1366/13|Wyrok|40|https://www.saos.org.pl/judgments/305135
44042|2014-03-04|SO|II K 608/13|Wyrok|40|https://www.saos.org.pl/judgments/44042
189334|2014-02-27|SO|XV Ca 1745/13|Wyrok|40|https://www.saos.org.pl/judgments/189334
47625|2014-02-27|SO|III K 257/13|Wyrok|40|https://www.saos.org.pl/judgments/47625
54103|2014-02-25|SO|VIII K 266/13|Wyrok|40|https://www.saos.org.pl/judgments/54103
41737|2014-02-21|SO|IV Ka 711/13|Wyrok|40|https://www.saos.org.pl/judgments/41737
37304|2014-02-21|SO|IV K 205/13|Wyrok|40|https://www.saos.org.pl/judgments/37304
40860|2014-02-20|SO|IV Ka 1049/13|Wyrok|40|https://www.saos.org.pl/judgments/40860
41165|2014-02-11|SO|II K 429/13|Wyrok|40|https://www.saos.org.pl/judgments/41165
38352|2014-02-10|SO|V Ka 1596/13|Wyrok|40|https://www.saos.org.pl/judgments/38352
36590|2014-02-10|SO|VII Ka 1106/13|Wyrok|40|https://www.saos.org.pl/judgments/36590
38972|2014-02-03|SO|IV Ka 443/13|Wyrok|40|https://www.saos.org.pl/judgments/38972
37303|2014-02-03|SO|IV K 2/13|Wyrok|40|https://www.saos.org.pl/judgments/37303
49829|2014-01-28|SO|IV Ka 4/14|Wyrok|40|https://www.saos.org.pl/judgments/49829
45053|2014-01-28|SO|II K 62/13|Wyrok|40|https://www.saos.org.pl/judgments/45053
47624|2014-01-24|SO|III K 120/13|Wyrok|40|https://www.saos.org.pl/judgments/47624
44751|2014-01-24|SO|II Ko 114/13|Wyrok|40|https://www.saos.org.pl/judgments/44751
43132|2014-01-23|SO|XVI K 240/13|Wyrok|40|https://www.saos.org.pl/judgments/43132
33826|2014-01-23|SO|VI Ka 582/13|Wyrok|40|https://www.saos.org.pl/judgments/33826
35558|2014-01-21|SO|IV Ka 1261/13|Wyrok|40|https://www.saos.org.pl/judgments/35558
35195|2014-01-21|SO|II Ka 575/13|Wyrok|40|https://www.saos.org.pl/judgments/35195
34298|2014-01-10|SO|IV Ka 52/13|Wyrok|40|https://www.saos.org.pl/judgments/34298
33802|2014-01-10|SO|XVI K 233/13|Wyrok|40|https://www.saos.org.pl/judgments/33802
36498|2014-01-09|SO|II Ka 567/13|Wyrok|40|https://www.saos.org.pl/judgments/36498
394535|2013-12-30|SO|II Ka 266/13|Wyrok|40|https://www.saos.org.pl/judgments/394535
34497|2013-12-18|SO|IV Ka 704/13|Wyrok|40|https://www.saos.org.pl/judgments/34497
37754|2013-12-09|SO|III K 250/13|Wyrok|40|https://www.saos.org.pl/judgments/37754
28774|2013-12-05|SO|IV Ka 719/13|Wyrok|40|https://www.saos.org.pl/judgments/28774
28824|2013-11-28|SO|VI Ka 423/13|Wyrok|40|https://www.saos.org.pl/judgments/28824
28377|2013-11-25|SO|VI Ka 650/13|Wyrok|40|https://www.saos.org.pl/judgments/28377
28816|2013-11-15|SO|V Ka 704/13|Wyrok|40|https://www.saos.org.pl/judgments/28816
26793|2013-11-15|SO|IV Ka 734/13|Wyrok|40|https://www.saos.org.pl/judgments/26793
28821|2013-10-31|SO|VI Ka 386/13|Wyrok|40|https://www.saos.org.pl/judgments/28821
29070|2013-10-24|SO|II K 85/13|Wyrok|40|https://www.saos.org.pl/judgments/29070
24389|2013-10-17|SO|VI Ka 356/13|Wyrok|40|https://www.saos.org.pl/judgments/24389
25282|2013-10-15|SO|V Ka 605/13|Wyrok|40|https://www.saos.org.pl/judgments/25282
24388|2013-10-10|SO|VI Ka 349/13|Wyrok|40|https://www.saos.org.pl/judgments/24388
23180|2013-10-10|SO|VI Ka 381/13|Wyrok|40|https://www.saos.org.pl/judgments/23180
22277|2013-09-27|SO|II Ka 459/13|Wyrok|40|https://www.saos.org.pl/judgments/22277
27439|2013-09-24|SO|IV Ka 437/13|Wyrok|40|https://www.saos.org.pl/judgments/27439
25095|2013-09-24|SO|VI Ka 180/13|Wyrok|40|https://www.saos.org.pl/judgments/25095
24107|2013-09-24|SO|V Ka 456/13|Wyrok|40|https://www.saos.org.pl/judgments/24107
29069|2013-09-23|SO|II K 36/13|Wyrok|40|https://www.saos.org.pl/judgments/29069
24648|2013-09-17|SO|II Ka 309/13|Wyrok|40|https://www.saos.org.pl/judgments/24648
180620|2013-08-19|SO|II K 32/13|Wyrok|40|https://www.saos.org.pl/judgments/180620
179565|2013-08-19|SO|II K 32/13|Wyrok|40|https://www.saos.org.pl/judgments/179565
21121|2013-07-12|SO|VI Ka 162/13|Wyrok|40|https://www.saos.org.pl/judgments/21121
17202|2013-07-04|SO|VI Ka 231/13|Wyrok|40|https://www.saos.org.pl/judgments/17202
21060|2013-06-24|SO|VI Ka 413/13|Wyrok|40|https://www.saos.org.pl/judgments/21060
17200|2013-06-20|SO|VI Ka 214/13|Wyrok|40|https://www.saos.org.pl/judgments/17200
17199|2013-06-20|SO|VI Ka 209/13|Wyrok|40|https://www.saos.org.pl/judgments/17199
15188|2013-06-18|SO|V Ka 176/13|Wyrok|40|https://www.saos.org.pl/judgments/15188
17856|2013-06-11|SO|VIII K 211/13|Wyrok|40|https://www.saos.org.pl/judgments/17856
17107|2013-05-29|SO|VI Ka 181/13|Wyrok|40|https://www.saos.org.pl/judgments/17107
14369|2013-05-16|SO|IV Ka 193/13|Wyrok|40|https://www.saos.org.pl/judgments/14369
45423|2013-05-14|SO|II K 8/13|Wyrok|40|https://www.saos.org.pl/judgments/45423
12261|2013-04-24|SO|II K 336/12|Wyrok|40|https://www.saos.org.pl/judgments/12261
15512|2013-04-08|SO|VIII K 1094/12|Wyrok|40|https://www.saos.org.pl/judgments/15512
31479|2013-03-28|SO|II K 1057/12|Wyrok|40|https://www.saos.org.pl/judgments/31479
10351|2013-03-28|SO|IV Ka 123/13|Wyrok|40|https://www.saos.org.pl/judgments/10351
6330|2013-02-19|SO|IV Ka 28/13|Wyrok|40|https://www.saos.org.pl/judgments/6330
5868|2013-01-31|SO|II K 61/12|Wyrok|40|https://www.saos.org.pl/judgments/5868
7814|2012-12-19|SO|VIII K 859/12|Wyrok|40|https://www.saos.org.pl/judgments/7814
4223|2012-12-18|SO|IV Ka 667/12|Wyrok|40|https://www.saos.org.pl/judgments/4223
8657|2012-12-03|SO|II K 1039/12|Wyrok|40|https://www.saos.org.pl/judgments/8657
3488|2012-11-29|SO|IV Ka 621/12|Wyrok|40|https://www.saos.org.pl/judgments/3488
3337|2012-11-20|SO|IV Ka 598/12|Wyrok|40|https://www.saos.org.pl/judgments/3337
8738|2012-10-29|SO|VIII K 209/12|Wyrok|40|https://www.saos.org.pl/judgments/8738
282807|2012-10-03|SO|II K 186/08|Wyrok|40|https://www.saos.org.pl/judgments/282807
409772|2009-08-14|SO|V Ka 752/09|Wyrok|40|https://www.saos.org.pl/judgments/409772
506962|2024-09-16|SO|III K 354/24|Postanowienie|31|https://www.saos.org.pl/judgments/506962
507006|2023-11-07|SO|III K 495/23|Postanowienie|31|https://www.saos.org.pl/judgments/507006
506972|2023-09-20|SO|III K 390/23|Postanowienie|31|https://www.saos.org.pl/judgments/506972
481924|2023-01-26|SO|III K 486/22|Postanowienie|31|https://www.saos.org.pl/judgments/481924
477393|2022-11-16|SO|III K 220/22|Postanowienie|31|https://www.saos.org.pl/judgments/477393
452273|2021-11-29|SO|III K 476/21|Postanowienie|31|https://www.saos.org.pl/judgments/452273
445392|2021-08-13|SO|V Kz 742/21|Postanowienie|31|https://www.saos.org.pl/judgments/445392
442381|2021-05-25|SO|III K 181/21|Postanowienie|31|https://www.saos.org.pl/judgments/442381
441601|2021-05-25|SO|III K 133/21|Postanowienie|31|https://www.saos.org.pl/judgments/441601
458468|2021-03-29|SO|II Kp 29/21|Postanowienie|31|https://www.saos.org.pl/judgments/458468
434638|2021-03-15|SO|III K 77/21|Postanowienie|31|https://www.saos.org.pl/judgments/434638
425033|2020-11-25|SO|III K 239/20|Postanowienie|31|https://www.saos.org.pl/judgments/425033
424806|2020-09-28|SO|III K 257/20|Postanowienie|31|https://www.saos.org.pl/judgments/424806
421091|2020-09-17|SO|III K 278/20|Postanowienie|31|https://www.saos.org.pl/judgments/421091
417362|2020-08-11|SO|III K 188/20|Postanowienie|31|https://www.saos.org.pl/judgments/417362
414838|2020-07-01|SO|V Kz 428/20|Postanowienie|31|https://www.saos.org.pl/judgments/414838
399024|2019-12-18|SO|III K 448/19|Postanowienie|31|https://www.saos.org.pl/judgments/399024
398420|2019-11-06|SO|III K 406/19|Postanowienie|31|https://www.saos.org.pl/judgments/398420
381673|2019-05-22|SO|III K 180/19|Postanowienie|31|https://www.saos.org.pl/judgments/381673
525831|2019-04-16|SO|II Kp 35/19|Postanowienie|31|https://www.saos.org.pl/judgments/525831
371442|2019-01-16|SO|IV Kz 15/19|Postanowienie|31|https://www.saos.org.pl/judgments/371442
367546|2018-12-17|SO|VII Ka 1107/18|Postanowienie|31|https://www.saos.org.pl/judgments/367546
371377|2018-10-24|SO|II Ca 441/18|Postanowienie|31|https://www.saos.org.pl/judgments/371377
344622|2018-06-18|SO|III K 126/18|Postanowienie|31|https://www.saos.org.pl/judgments/344622
339967|2018-05-17|SO|III K 82/18|Postanowienie|31|https://www.saos.org.pl/judgments/339967
335214|2018-01-18|SO|II Kop 117/17|Postanowienie|31|https://www.saos.org.pl/judgments/335214
326074|2017-12-14|SO|VII Kz 552/17|Postanowienie|31|https://www.saos.org.pl/judgments/326074
322128|2017-12-05|SO|II Kp 552/17|Postanowienie|31|https://www.saos.org.pl/judgments/322128
319578|2017-11-27|SO|XIII Ns 90/17|Postanowienie|31|https://www.saos.org.pl/judgments/319578
311502|2017-09-22|SO|VII Kzw 516/17|Postanowienie|31|https://www.saos.org.pl/judgments/311502
306335|2017-09-15|SO|V Kz 769/17|Postanowienie|31|https://www.saos.org.pl/judgments/306335
306332|2017-09-15|SO|V Kz 687/17|Postanowienie|31|https://www.saos.org.pl/judgments/306332
306668|2017-08-24|SO|VII Kz 379/17|Postanowienie|31|https://www.saos.org.pl/judgments/306668
306664|2017-07-06|SO|VII Kz 299/17|Postanowienie|31|https://www.saos.org.pl/judgments/306664
288082|2017-06-12|SO|III K 100/17|Postanowienie|31|https://www.saos.org.pl/judgments/288082
288091|2017-05-25|SO|III K 78/17|Postanowienie|31|https://www.saos.org.pl/judgments/288091
288089|2017-05-18|SO|III K 52/17|Postanowienie|31|https://www.saos.org.pl/judgments/288089
278478|2017-04-05|SO|V Kz 275/17|Postanowienie|31|https://www.saos.org.pl/judgments/278478
282326|2017-03-24|SO|III Nsm 173/15|Postanowienie|31|https://www.saos.org.pl/judgments/282326
268385|2017-01-18|SO|V Kz 28/17|Postanowienie|31|https://www.saos.org.pl/judgments/268385
262532|2016-12-22|SO|V Kz 991/16|Postanowienie|31|https://www.saos.org.pl/judgments/262532
262531|2016-12-22|SO|V Kz 990/16|Postanowienie|31|https://www.saos.org.pl/judgments/262531
260495|2016-11-28|SO|III K 230/16|Postanowienie|31|https://www.saos.org.pl/judgments/260495
260491|2016-11-28|SO|III K 134/16|Postanowienie|31|https://www.saos.org.pl/judgments/260491
255250|2016-11-14|SO|III K 222/16|Postanowienie|31|https://www.saos.org.pl/judgments/255250
253994|2016-10-17|SO|III K 216/16|Postanowienie|31|https://www.saos.org.pl/judgments/253994
249717|2016-10-10|SO|III K 220/16|Postanowienie|31|https://www.saos.org.pl/judgments/249717
233378|2016-06-30|SO|VII Kz 264/16|Postanowienie|31|https://www.saos.org.pl/judgments/233378
240493|2016-05-30|SO|III K 114/16|Postanowienie|31|https://www.saos.org.pl/judgments/240493
225655|2016-05-30|SO|III K 122/16|Postanowienie|31|https://www.saos.org.pl/judgments/225655
247018|2016-05-12|SO|IV Kz 266/16|Postanowienie|31|https://www.saos.org.pl/judgments/247018
220866|2016-04-28|SO|III K 93/16|Postanowienie|31|https://www.saos.org.pl/judgments/220866
219359|2016-04-25|SO|III K 70/16|Postanowienie|31|https://www.saos.org.pl/judgments/219359
219358|2016-04-25|SO|III K 103/16|Postanowienie|31|https://www.saos.org.pl/judgments/219358
204778|2016-02-12|SO|V Kz 13/16|Postanowienie|31|https://www.saos.org.pl/judgments/204778
217799|2016-01-25|SO|III K 296/15|Postanowienie|31|https://www.saos.org.pl/judgments/217799
185722|2015-11-16|SO|III K 249/15|Postanowienie|31|https://www.saos.org.pl/judgments/185722
197696|2015-10-26|SO|III K 234/15|Postanowienie|31|https://www.saos.org.pl/judgments/197696
175002|2015-07-30|SO|VII Kz 258/15|Postanowienie|31|https://www.saos.org.pl/judgments/175002
169428|2015-06-26|SO|II Kop 12/15|Postanowienie|31|https://www.saos.org.pl/judgments/169428
133886|2015-03-09|SO|III K 257/14|Postanowienie|31|https://www.saos.org.pl/judgments/133886
65470|2014-10-13|SO|XVI K 143/14|Postanowienie|31|https://www.saos.org.pl/judgments/65470
48434|2014-04-25|SO|IV Kz 87/14|Postanowienie|31|https://www.saos.org.pl/judgments/48434
47627|2014-04-14|SO|III K 67/14|Postanowienie|31|https://www.saos.org.pl/judgments/47627
44863|2014-03-17|SO|XVI K 26/14|Postanowienie|31|https://www.saos.org.pl/judgments/44863
50583|2014-02-28|SO|II Ko 179/13|Postanowienie|31|https://www.saos.org.pl/judgments/50583
44923|2014-02-19|SO|III K 31/14|Postanowienie|31|https://www.saos.org.pl/judgments/44923
43793|2014-02-17|SO|III K 21/14|Postanowienie|31|https://www.saos.org.pl/judgments/43793
54413|2014-02-10|SO|III K 20/14|Postanowienie|31|https://www.saos.org.pl/judgments/54413
33719|2014-01-27|SO|III K 241/13|Postanowienie|31|https://www.saos.org.pl/judgments/33719
44922|2014-01-20|SO|III K 11/14|Postanowienie|31|https://www.saos.org.pl/judgments/44922
43131|2014-01-13|SO|XVI K 239/13|Postanowienie|31|https://www.saos.org.pl/judgments/43131
12255|2013-05-13|SO|VI Ga 38/13|Postanowienie|31|https://www.saos.org.pl/judgments/12255
9952|2013-04-16|SO|II K 31/13|Postanowienie|31|https://www.saos.org.pl/judgments/9952
9797|2013-02-12|SO|II K 119/12|Postanowienie|31|https://www.saos.org.pl/judgments/9797
546594|2026-05-11|SO|VI Ka 859/24|Uzasadnienie|27|https://www.saos.org.pl/judgments/546594
547590|2026-04-24|SO|VI Ka 1314/25|Uzasadnienie|27|https://www.saos.org.pl/judgments/547590
543984|2026-03-06|SO|VI Ka 660/24|Uzasadnienie|27|https://www.saos.org.pl/judgments/543984
543199|2025-11-26|SO|IV K 221/24|Uzasadnienie|27|https://www.saos.org.pl/judgments/543199
543182|2025-11-21|SO|II K 637/25|Uzasadnienie|27|https://www.saos.org.pl/judgments/543182
539748|2025-11-20|SO|VI Ka 1188/25|Uzasadnienie|27|https://www.saos.org.pl/judgments/539748
543195|2025-11-17|SO|IV K 148/25|Uzasadnienie|27|https://www.saos.org.pl/judgments/543195
537510|2025-11-13|SO|VI Ka 928/24|Uzasadnienie|27|https://www.saos.org.pl/judgments/537510
543966|2025-10-23|SO|IV K 216/23|Uzasadnienie|27|https://www.saos.org.pl/judgments/543966
537961|2025-10-20|SO|VI Ka 1024/24|Uzasadnienie|27|https://www.saos.org.pl/judgments/537961
535963|2025-09-12|SO|VI Ka 627/25|Uzasadnienie|27|https://www.saos.org.pl/judgments/535963
533905|2025-07-09|SO|III K 180/25|Uzasadnienie|27|https://www.saos.org.pl/judgments/533905
526222|2025-05-12|SO|IV K 249/24|Uzasadnienie|27|https://www.saos.org.pl/judgments/526222
538930|2025-05-09|SO|II K 897/24|Zarządzenie|27|https://www.saos.org.pl/judgments/538930
534288|2025-05-07|SO|VI Ka 415/24|Uzasadnienie|27|https://www.saos.org.pl/judgments/534288
538899|2025-04-28|SO|II K 1037/24|Uzasadnienie|27|https://www.saos.org.pl/judgments/538899
525239|2025-04-15|SO|VI Ka 320/24|Uzasadnienie|27|https://www.saos.org.pl/judgments/525239
524849|2025-04-10|SO|IV K 187/24|Uzasadnienie|27|https://www.saos.org.pl/judgments/524849
537863|2025-03-28|SO|II K 1030/24|Zarządzenie|27|https://www.saos.org.pl/judgments/537863
523558|2025-03-20|SO|VI Ka 1172/24|Uzasadnienie|27|https://www.saos.org.pl/judgments/523558
532734|2025-03-11|SO|II K 1168/24|Zarządzenie|27|https://www.saos.org.pl/judgments/532734
518893|2025-01-02|SO|IV K 125/24|Uzasadnienie|27|https://www.saos.org.pl/judgments/518893
519609|2024-12-27|SO|II K 353/23|Uzasadnienie|27|https://www.saos.org.pl/judgments/519609
518704|2024-12-17|SO|IV K 23/24|Uzasadnienie|27|https://www.saos.org.pl/judgments/518704
524079|2024-12-11|SO|III K 418/23|Uzasadnienie|27|https://www.saos.org.pl/judgments/524079
517680|2024-12-06|SO|IV K 152/21|Uzasadnienie|27|https://www.saos.org.pl/judgments/517680
507776|2024-09-27|SO|IV K 92/24|Uzasadnienie|27|https://www.saos.org.pl/judgments/507776
510959|2024-07-18|SO|VI Ka 1177/23|Uzasadnienie|27|https://www.saos.org.pl/judgments/510959
507747|2024-06-25|SO|IV K 40/24|Uzasadnienie|27|https://www.saos.org.pl/judgments/507747
508412|2024-04-30|SO|IV Ka 63/24|Uzasadnienie|27|https://www.saos.org.pl/judgments/508412
507120|2024-04-10|SO|III K 98/24|Zarządzenie|27|https://www.saos.org.pl/judgments/507120
511013|2024-03-21|SO|VI Ka 161/23|Uzasadnienie|27|https://www.saos.org.pl/judgments/511013
503608|2024-02-22|SO|II K 843/23|Uzasadnienie|27|https://www.saos.org.pl/judgments/503608
502418|2024-02-20|SO|II K 1124/23|Uzasadnienie|27|https://www.saos.org.pl/judgments/502418
507719|2024-02-19|SO|IV K 203/23|Uzasadnienie|27|https://www.saos.org.pl/judgments/507719
503461|2024-02-07|SO|II K 709/23|Uzasadnienie|27|https://www.saos.org.pl/judgments/503461
507705|2024-02-05|SO|IV K 164/23|Uzasadnienie|27|https://www.saos.org.pl/judgments/507705
503496|2024-01-31|SO|II K 740/23|Uzasadnienie|27|https://www.saos.org.pl/judgments/503496
507672|2024-01-19|SO|IV K 103/23|Uzasadnienie|27|https://www.saos.org.pl/judgments/507672
513997|2024-01-15|SO|VIII U 627/20|Uzasadnienie|27|https://www.saos.org.pl/judgments/513997
507696|2023-12-13|SO|IV K 144/21|Uzasadnienie|27|https://www.saos.org.pl/judgments/507696
507698|2023-11-13|SO|IV K 147/23|Uzasadnienie|27|https://www.saos.org.pl/judgments/507698
507709|2023-10-05|SO|IV K 17/23|Uzasadnienie|27|https://www.saos.org.pl/judgments/507709
507712|2023-09-27|SO|IV K 181/22|Uzasadnienie|27|https://www.saos.org.pl/judgments/507712
503406|2023-09-07|SO|II K 643/22|Uzasadnienie|27|https://www.saos.org.pl/judgments/503406
491924|2023-07-04|SO|II K 107/23|Uzasadnienie|27|https://www.saos.org.pl/judgments/491924
492476|2023-06-20|SO|IV Ka 277/23|Uzasadnienie|27|https://www.saos.org.pl/judgments/492476
492601|2023-06-15|SO|VI Ka 1357/22|Uzasadnienie|27|https://www.saos.org.pl/judgments/492601
489974|2023-06-14|SO|IV K 273/22|Uzasadnienie|27|https://www.saos.org.pl/judgments/489974
489972|2023-06-09|SO|IV K 251/22|Uzasadnienie|27|https://www.saos.org.pl/judgments/489972
510272|2023-05-26|SO|V K 283/21|Uzasadnienie|27|https://www.saos.org.pl/judgments/510272
489433|2023-05-11|SO|III K 86/23|Zarządzenie|27|https://www.saos.org.pl/judgments/489433
489318|2023-05-08|SO|III K 50/23|Zarządzenie|27|https://www.saos.org.pl/judgments/489318
487334|2023-04-24|SO|IV K 115/21|Uzasadnienie|27|https://www.saos.org.pl/judgments/487334
486058|2023-04-03|SO|IV K 29/23|Uzasadnienie|27|https://www.saos.org.pl/judgments/486058
492181|2023-03-14|SO|VII K 10/23|Uzasadnienie|27|https://www.saos.org.pl/judgments/492181
492645|2023-03-13|SO|VI Ka 956/22|Uzasadnienie|27|https://www.saos.org.pl/judgments/492645
484641|2023-03-13|SO|IV K 19/22|Uzasadnienie|27|https://www.saos.org.pl/judgments/484641
483988|2023-03-07|SO|IV K 103/21|Uzasadnienie|27|https://www.saos.org.pl/judgments/483988
483696|2023-03-02|SO|VI Ka 1073/22|Uzasadnienie|27|https://www.saos.org.pl/judgments/483696
491751|2023-02-16|SO|VII K 210/22|Uzasadnienie|27|https://www.saos.org.pl/judgments/491751
487422|2023-02-08|SO|VI Ka 1064/22|Uzasadnienie|27|https://www.saos.org.pl/judgments/487422
547016|2023-01-26|SO|III K 47/12|Uzasadnienie|27|https://www.saos.org.pl/judgments/547016
481707|2023-01-04|SO|III K 295/22|Uzasadnienie|27|https://www.saos.org.pl/judgments/481707
483090|2022-12-19|SO|VI Ka 775/22|Uzasadnienie|27|https://www.saos.org.pl/judgments/483090
490717|2022-11-15|SO|II K 513/22|Uzasadnienie|27|https://www.saos.org.pl/judgments/490717
481082|2022-11-02|SO|IV Ka 805/22|Uzasadnienie|27|https://www.saos.org.pl/judgments/481082
476445|2022-10-27|SO|IV K 91/21|Uzasadnienie|27|https://www.saos.org.pl/judgments/476445
490729|2022-10-24|SO|III K 288/22|Zarządzenie|27|https://www.saos.org.pl/judgments/490729
475664|2022-10-10|SO|VIII Pa 170/21|Zarządzenie|27|https://www.saos.org.pl/judgments/475664
476398|2022-10-04|SO|VI Ka 1138/21|Uzasadnienie|27|https://www.saos.org.pl/judgments/476398
475770|2022-09-29|SO|VI Ka 442/22|Uzasadnienie|27|https://www.saos.org.pl/judgments/475770
474311|2022-08-30|SO|VI Ka 820/21|Uzasadnienie|27|https://www.saos.org.pl/judgments/474311
471043|2022-07-19|SO|IV K 153/21|Uzasadnienie|27|https://www.saos.org.pl/judgments/471043
474472|2022-06-17|SO|III K 23/22|Zarządzenie|27|https://www.saos.org.pl/judgments/474472
475041|2022-06-09|SO|IV Ka 1270/21|Uzasadnienie|27|https://www.saos.org.pl/judgments/475041
471041|2022-06-03|SO|IV K 142/20|Uzasadnienie|27|https://www.saos.org.pl/judgments/471041
467623|2022-06-03|SO|VI Ka 53/22|Uzasadnienie|27|https://www.saos.org.pl/judgments/467623
470944|2022-05-31|SO|VI Ka 1249/21|Uzasadnienie|27|https://www.saos.org.pl/judgments/470944
466253|2022-05-10|SO|VI Ka 424/21|Uzasadnienie|27|https://www.saos.org.pl/judgments/466253
473290|2022-04-26|SO|IV Ka 23/22|Uzasadnienie|27|https://www.saos.org.pl/judgments/473290
530548|2022-04-21|SO|II K 15/22|Zarządzenie|27|https://www.saos.org.pl/judgments/530548
462373|2022-04-04|SO|IV K 6/20|Uzasadnienie|27|https://www.saos.org.pl/judgments/462373
457885|2022-01-24|SO|VI Ka 762/21|Uzasadnienie|27|https://www.saos.org.pl/judgments/457885
457266|2021-12-22|SO|IV K 982/21|Uzasadnienie|27|https://www.saos.org.pl/judgments/457266
454659|2021-12-22|SO|VI Ka 461/20|Uzasadnienie|27|https://www.saos.org.pl/judgments/454659
465422|2021-12-03|SO|VI Ka 894/20|Uzasadnienie|27|https://www.saos.org.pl/judgments/465422
466562|2021-12-02|SO|IV Ka 992/21|Uzasadnienie|27|https://www.saos.org.pl/judgments/466562
451322|2021-11-30|SO|VI Ka 1544/19|Uzasadnienie|27|https://www.saos.org.pl/judgments/451322
451163|2021-11-29|SO|IV K 139/21|Uzasadnienie|27|https://www.saos.org.pl/judgments/451163
450061|2021-11-17|SO|IV K 65/21|Uzasadnienie|27|https://www.saos.org.pl/judgments/450061
452207|2021-11-05|SO|III K 233/21|Uzasadnienie|27|https://www.saos.org.pl/judgments/452207
449748|2021-11-02|SO|VI Ka 127/21|Uzasadnienie|27|https://www.saos.org.pl/judgments/449748
449500|2021-10-28|SO|IV K 24/21|Uzasadnienie|27|https://www.saos.org.pl/judgments/449500
449752|2021-10-15|SO|VI Ka 534/21|Uzasadnienie|27|https://www.saos.org.pl/judgments/449752
449759|2021-10-14|SO|VI Ka 729/21|Uzasadnienie|27|https://www.saos.org.pl/judgments/449759
449751|2021-10-06|SO|VI Ka 310/21|Uzasadnienie|27|https://www.saos.org.pl/judgments/449751
449747|2021-09-30|SO|VI Ka 1095/19|Uzasadnienie|27|https://www.saos.org.pl/judgments/449747
448496|2021-09-27|SO|VI Ka 603/20|Uzasadnienie|27|https://www.saos.org.pl/judgments/448496
447805|2021-07-27|SO|VI Ka 454/21|Uzasadnienie|27|https://www.saos.org.pl/judgments/447805
441697|2021-06-25|SO|IV K 243/20|Uzasadnienie|27|https://www.saos.org.pl/judgments/441697
440057|2021-06-15|SO|IV K 90/21|Uzasadnienie|27|https://www.saos.org.pl/judgments/440057
440052|2021-05-31|SO|IV K 119/16|Uzasadnienie|27|https://www.saos.org.pl/judgments/440052
437109|2021-04-28|SO|IV K 60/20|Uzasadnienie|27|https://www.saos.org.pl/judgments/437109
448163|2021-03-30|SO|II K 717/20|Uzasadnienie|27|https://www.saos.org.pl/judgments/448163
432776|2021-03-09|SO|IV K 113/20|Uzasadnienie|27|https://www.saos.org.pl/judgments/432776
432778|2021-03-02|SO|IV K 152/20|Uzasadnienie|27|https://www.saos.org.pl/judgments/432778
443021|2021-01-20|SO|IV Ka 712/20|Uzasadnienie|27|https://www.saos.org.pl/judgments/443021
428962|2021-01-19|SO|IV K 86/20|Uzasadnienie|27|https://www.saos.org.pl/judgments/428962
435040|2021-01-13|SO|II C 901/18|Uzasadnienie|27|https://www.saos.org.pl/judgments/435040
439361|2020-12-10|SO|X GC 399/20|Zarządzenie|27|https://www.saos.org.pl/judgments/439361
430718|2020-12-07|SO|II K 958/20|Uzasadnienie|27|https://www.saos.org.pl/judgments/430718
430147|2020-11-25|SO|II K 485/19|Uzasadnienie|27|https://www.saos.org.pl/judgments/430147
430107|2020-11-19|SO|II K 1099/19|Uzasadnienie|27|https://www.saos.org.pl/judgments/430107
430116|2020-11-02|SO|II K 121/20|Uzasadnienie|27|https://www.saos.org.pl/judgments/430116
422643|2020-09-25|SO|III Ko 177/20|Zarządzenie|27|https://www.saos.org.pl/judgments/422643
483503|2020-08-26|SO|II K 799/19|Uzasadnienie|27|https://www.saos.org.pl/judgments/483503
433755|2020-07-29|SO|IV Ka 1132/18|Uzasadnienie|27|https://www.saos.org.pl/judgments/433755
431200|2020-07-23|SO|IV Ka 482/20|Uzasadnienie|27|https://www.saos.org.pl/judgments/431200
421981|2020-07-02|SO|II K 579/19|Uzasadnienie|27|https://www.saos.org.pl/judgments/421981
421971|2020-06-30|SO|II K 318/20|Uzasadnienie|27|https://www.saos.org.pl/judgments/421971
412777|2020-06-16|SO|IV K 108/14|Uzasadnienie|27|https://www.saos.org.pl/judgments/412777
413306|2020-05-28|SO|II K 1201/19|Uzasadnienie|27|https://www.saos.org.pl/judgments/413306
408198|2020-04-01|SO|IV K 67/19|Uzasadnienie|27|https://www.saos.org.pl/judgments/408198
412867|2020-03-16|SO|II K 500/14|Uzasadnienie|27|https://www.saos.org.pl/judgments/412867
412856|2020-03-09|SO|II K 325/19|Uzasadnienie|27|https://www.saos.org.pl/judgments/412856
411954|2020-02-27|SO|II K 1163/19|Uzasadnienie|27|https://www.saos.org.pl/judgments/411954
404993|2020-01-22|SO|II K 385/18|Uzasadnienie|27|https://www.saos.org.pl/judgments/404993
404992|2020-01-07|SO|II K 308/18|Uzasadnienie|27|https://www.saos.org.pl/judgments/404992
401155|2020-01-03|SO|VIII P 41/16|Uzasadnienie|27|https://www.saos.org.pl/judgments/401155
398199|2019-12-12|SO|IV K 121/19|Uzasadnienie|27|https://www.saos.org.pl/judgments/398199
404526|2019-12-11|SO|II K 601/19|Uzasadnienie|27|https://www.saos.org.pl/judgments/404526
404503|2019-12-02|SO|II K 212/19|Uzasadnienie|27|https://www.saos.org.pl/judgments/404503
397949|2019-12-02|SO|IV K 191/12|Uzasadnienie|27|https://www.saos.org.pl/judgments/397949
419261|2019-11-27|SO|III K 161/18|Uzasadnienie|27|https://www.saos.org.pl/judgments/419261
395544|2019-11-06|SO|IV K 120/19|Uzasadnienie|27|https://www.saos.org.pl/judgments/395544
395546|2019-11-05|SO|IV K 146/18|Uzasadnienie|27|https://www.saos.org.pl/judgments/395546
393272|2019-10-02|SO|II K 213/19|Uzasadnienie|27|https://www.saos.org.pl/judgments/393272
393263|2019-09-30|SO|II K 1346/18|Uzasadnienie|27|https://www.saos.org.pl/judgments/393263
392208|2019-09-13|SO|IV K 219/18|Uzasadnienie|27|https://www.saos.org.pl/judgments/392208
399600|2019-08-22|SO|V Ka 749/19|Uzasadnienie|27|https://www.saos.org.pl/judgments/399600
390495|2019-07-30|SO|II K 23/19|Uzasadnienie|27|https://www.saos.org.pl/judgments/390495
399592|2019-07-23|SO|V Ka 59/19|Uzasadnienie|27|https://www.saos.org.pl/judgments/399592
394436|2019-07-17|SO|VII K 57/19|Uzasadnienie|27|https://www.saos.org.pl/judgments/394436
399582|2019-07-15|SO|V Ka 384/19|Uzasadnienie|27|https://www.saos.org.pl/judgments/399582
390148|2019-06-25|SO|III Ca 2032/18|Uzasadnienie|27|https://www.saos.org.pl/judgments/390148
383854|2019-06-19|SO|IV K 232/17|Uzasadnienie|27|https://www.saos.org.pl/judgments/383854
381860|2019-05-23|SO|V Ka 258/19|Uzasadnienie|27|https://www.saos.org.pl/judgments/381860
381859|2019-05-17|SO|V Ka 247/19|Uzasadnienie|27|https://www.saos.org.pl/judgments/381859
381857|2019-05-17|SO|V Ka 194/19|Uzasadnienie|27|https://www.saos.org.pl/judgments/381857
379849|2019-05-15|SO|V Ka 64/19|Uzasadnienie|27|https://www.saos.org.pl/judgments/379849
439104|2019-03-28|SO|V Ka 1603/18|Uzasadnienie|27|https://www.saos.org.pl/judgments/439104
381835|2019-03-26|SO|V Ka 1497/18|Uzasadnienie|27|https://www.saos.org.pl/judgments/381835
373542|2018-12-18|SO|III Ca 303/18|Uzasadnienie|27|https://www.saos.org.pl/judgments/373542
381864|2018-12-12|SO|V Ka 953/18|Uzasadnienie|27|https://www.saos.org.pl/judgments/381864
362233|2018-11-16|SO|IV K 82/17|Uzasadnienie|27|https://www.saos.org.pl/judgments/362233
360513|2018-10-30|SO|IV K 3/18|Uzasadnienie|27|https://www.saos.org.pl/judgments/360513
357939|2018-10-16|SO|IV K 2/18|Uzasadnienie|27|https://www.saos.org.pl/judgments/357939
359019|2018-10-12|SO|II K 145/17|Uzasadnienie|27|https://www.saos.org.pl/judgments/359019
362886|2018-10-09|SO|V Ka 543/18|Uzasadnienie|27|https://www.saos.org.pl/judgments/362886
362871|2018-10-05|SO|V Ka 105/18|Uzasadnienie|27|https://www.saos.org.pl/judgments/362871
361568|2018-09-27|SO|VII K 115/18|Uzasadnienie|27|https://www.saos.org.pl/judgments/361568
355324|2018-09-14|SO|IV Ko 20/18|Uzasadnienie|27|https://www.saos.org.pl/judgments/355324
357652|2018-09-13|SO|IV Ka 748/18|Uzasadnienie|27|https://www.saos.org.pl/judgments/357652
352957|2018-09-07|SO|IV K 99/18|Uzasadnienie|27|https://www.saos.org.pl/judgments/352957
352422|2018-09-05|SO|IV K 49/18|Uzasadnienie|27|https://www.saos.org.pl/judgments/352422
362907|2018-08-16|SO|V Ka 903/18|Uzasadnienie|27|https://www.saos.org.pl/judgments/362907
394518|2018-08-14|SO|II Ka 142/18|Uzasadnienie|27|https://www.saos.org.pl/judgments/394518
362890|2018-08-03|SO|V Ka 585/18|Uzasadnienie|27|https://www.saos.org.pl/judgments/362890
362889|2018-07-31|SO|V Ka 584/18|Uzasadnienie|27|https://www.saos.org.pl/judgments/362889
349384|2018-07-31|SO|IV K 1/13|Uzasadnienie|27|https://www.saos.org.pl/judgments/349384
346285|2018-07-12|SO|IV K 42/17|Uzasadnienie|27|https://www.saos.org.pl/judgments/346285
341765|2018-05-30|SO|IV K 27/15|Uzasadnienie|27|https://www.saos.org.pl/judgments/341765
337926|2018-05-09|SO|V Ka 340/18|Uzasadnienie|27|https://www.saos.org.pl/judgments/337926
335829|2018-04-16|SO|IV K 47/16|Uzasadnienie|27|https://www.saos.org.pl/judgments/335829
382014|2018-04-09|SO|IV K 859/17|Uzasadnienie|27|https://www.saos.org.pl/judgments/382014
331260|2018-03-15|SO|IV Ko 14/17|Uzasadnienie|27|https://www.saos.org.pl/judgments/331260
534017|2018-02-20|SO|II K 453/17|Uzasadnienie|27|https://www.saos.org.pl/judgments/534017
326982|2018-02-09|SO|IV K 173/16|Uzasadnienie|27|https://www.saos.org.pl/judgments/326982
332488|2018-01-30|SO|V Ka 772/17|Uzasadnienie|27|https://www.saos.org.pl/judgments/332488
330208|2018-01-26|SO|XVII Ka 1464/17|Uzasadnienie|27|https://www.saos.org.pl/judgments/330208
332448|2018-01-17|SO|V Ka 1130/17|Uzasadnienie|27|https://www.saos.org.pl/judgments/332448
319693|2018-01-04|SO|IV K 67/17|Uzasadnienie|27|https://www.saos.org.pl/judgments/319693
337777|2018-01-03|SO|II K 562/17|Zarządzenie|27|https://www.saos.org.pl/judgments/337777
323602|2017-12-20|SO|II K 64/17|Uzasadnienie|27|https://www.saos.org.pl/judgments/323602
318637|2017-12-12|SO|IV K 190/11|Uzasadnienie|27|https://www.saos.org.pl/judgments/318637
315922|2017-12-07|SO|IV K 283/10|Uzasadnienie|27|https://www.saos.org.pl/judgments/315922
372056|2017-11-24|SO|IV K 821/16|Uzasadnienie|27|https://www.saos.org.pl/judgments/372056
332473|2017-11-09|SO|V Ka 188/17|Uzasadnienie|27|https://www.saos.org.pl/judgments/332473
312006|2017-11-06|SO|IV K 166/16|Uzasadnienie|27|https://www.saos.org.pl/judgments/312006
310862|2017-10-17|SO|V Ka 850/17|Uzasadnienie|27|https://www.saos.org.pl/judgments/310862
319515|2017-10-16|SO|III Ca 821/17|Uzasadnienie|27|https://www.saos.org.pl/judgments/319515
310840|2017-10-12|SO|V Ka 1006/17|Uzasadnienie|27|https://www.saos.org.pl/judgments/310840
345016|2017-10-11|SO|II K 572/16|Uzasadnienie|27|https://www.saos.org.pl/judgments/345016
317400|2017-10-03|SO|II C 934/15|Uzasadnienie|27|https://www.saos.org.pl/judgments/317400
310855|2017-10-02|SO|V Ka 595/17|Uzasadnienie|27|https://www.saos.org.pl/judgments/310855
303562|2017-08-21|SO|V Ka 504/17|Uzasadnienie|27|https://www.saos.org.pl/judgments/303562
318623|2017-07-04|SO|II K 751/16|Uzasadnienie|27|https://www.saos.org.pl/judgments/318623
315477|2017-06-06|SO|II K 123/16|Uzasadnienie|27|https://www.saos.org.pl/judgments/315477
314487|2017-05-26|SO|II K 8/17|Uzasadnienie|27|https://www.saos.org.pl/judgments/314487
288183|2017-05-16|SO|V Ka 69/17|Uzasadnienie|27|https://www.saos.org.pl/judgments/288183
288181|2017-05-16|SO|V Ka 64/17|Uzasadnienie|27|https://www.saos.org.pl/judgments/288181
288420|2017-05-15|SO|II K 165/17|Uzasadnienie|27|https://www.saos.org.pl/judgments/288420
283871|2017-05-12|SO|IV K 159/10|Uzasadnienie|27|https://www.saos.org.pl/judgments/283871
288161|2017-05-08|SO|V Ka 1592/16|Uzasadnienie|27|https://www.saos.org.pl/judgments/288161
283873|2017-04-26|SO|IV K 191/16|Uzasadnienie|27|https://www.saos.org.pl/judgments/283873
311008|2017-04-24|SO|II K 43/17|Zarządzenie|27|https://www.saos.org.pl/judgments/311008
291499|2017-04-21|SO|II K 18/17|Uzasadnienie|27|https://www.saos.org.pl/judgments/291499
280882|2017-04-19|SO|IV K 10/16|Uzasadnienie|27|https://www.saos.org.pl/judgments/280882
276516|2017-03-23|SO|IV K 51/15|Uzasadnienie|27|https://www.saos.org.pl/judgments/276516
276511|2017-03-20|SO|IV K 130/16|Uzasadnienie|27|https://www.saos.org.pl/judgments/276511
371550|2017-03-17|SO|IV K 334/16|Uzasadnienie|27|https://www.saos.org.pl/judgments/371550
275674|2017-03-16|SO|IV K 111/16|Uzasadnienie|27|https://www.saos.org.pl/judgments/275674
281038|2017-02-22|SO|V Ka 1377/16|Uzasadnienie|27|https://www.saos.org.pl/judgments/281038
271109|2017-02-17|SO|IV K 166/11|Uzasadnienie|27|https://www.saos.org.pl/judgments/271109
299938|2017-02-06|SO|IV K 1135/16|Uzasadnienie|27|https://www.saos.org.pl/judgments/299938
281020|2017-01-31|SO|V Ka 1194/16|Uzasadnienie|27|https://www.saos.org.pl/judgments/281020
281043|2017-01-30|SO|V Ka 1434/16|Uzasadnienie|27|https://www.saos.org.pl/judgments/281043
267692|2017-01-20|SO|II K 543/16|Uzasadnienie|27|https://www.saos.org.pl/judgments/267692
268894|2017-01-12|SO|XVII Ka 1274/16|Uzasadnienie|27|https://www.saos.org.pl/judgments/268894
285245|2016-12-20|SO|II C 438/15|Uzasadnienie|27|https://www.saos.org.pl/judgments/285245
302849|2016-12-19|SO|IV K 471/16|Uzasadnienie|27|https://www.saos.org.pl/judgments/302849
261848|2016-12-13|SO|V Ka 947/16|Uzasadnienie|27|https://www.saos.org.pl/judgments/261848
261822|2016-12-13|SO|V Ka 1300/16|Uzasadnienie|27|https://www.saos.org.pl/judgments/261822
261847|2016-12-07|SO|V Ka 904/16|Uzasadnienie|27|https://www.saos.org.pl/judgments/261847
272288|2016-11-03|SO|IV Ka 858/16|Uzasadnienie|27|https://www.saos.org.pl/judgments/272288
297527|2016-10-12|SO|V Ka 410/16|Uzasadnienie|27|https://www.saos.org.pl/judgments/297527
249683|2016-10-11|SO|II K 213/15|Uzasadnienie|27|https://www.saos.org.pl/judgments/249683
248756|2016-09-22|SO|IX K 302/16|Uzasadnienie|27|https://www.saos.org.pl/judgments/248756
234878|2016-07-20|SO|IV K 223/15|Uzasadnienie|27|https://www.saos.org.pl/judgments/234878
248461|2016-07-12|SO|V Ka 300/16|Uzasadnienie|27|https://www.saos.org.pl/judgments/248461
233340|2016-07-04|SO|IV K 220/15|Uzasadnienie|27|https://www.saos.org.pl/judgments/233340
233342|2016-07-01|SO|IV K 253/14|Uzasadnienie|27|https://www.saos.org.pl/judgments/233342
232794|2016-07-01|SO|II K 410/15|Uzasadnienie|27|https://www.saos.org.pl/judgments/232794
229410|2016-06-20|SO|II K 543/15|Uzasadnienie|27|https://www.saos.org.pl/judgments/229410
231927|2016-06-17|SO|II K 105/16|Uzasadnienie|27|https://www.saos.org.pl/judgments/231927
227209|2016-06-08|SO|II K 317/15|Uzasadnienie|27|https://www.saos.org.pl/judgments/227209
237491|2016-06-01|SO|II C 1378/14|Uzasadnienie|27|https://www.saos.org.pl/judgments/237491
224214|2016-05-23|SO|VII Ka 324/16|Uzasadnienie|27|https://www.saos.org.pl/judgments/224214
225325|2016-05-20|SO|IV K 214/15|Uzasadnienie|27|https://www.saos.org.pl/judgments/225325
224629|2016-05-10|SO|V Ka 1409/15|Uzasadnienie|27|https://www.saos.org.pl/judgments/224629
222112|2016-05-06|SO|V Ka 107/16|Uzasadnienie|27|https://www.saos.org.pl/judgments/222112
218597|2016-04-22|SO|IV K 141/15|Uzasadnienie|27|https://www.saos.org.pl/judgments/218597
218477|2016-04-22|SO|II K 934/15|Uzasadnienie|27|https://www.saos.org.pl/judgments/218477
222114|2016-04-21|SO|V Ka 12/16|Uzasadnienie|27|https://www.saos.org.pl/judgments/222114
218478|2016-04-07|SO|II K 934/15|Uzasadnienie|27|https://www.saos.org.pl/judgments/218478
216137|2016-04-07|SO|II K 691/14|Uzasadnienie|27|https://www.saos.org.pl/judgments/216137
301013|2016-03-24|SO|VIII K 242/14|Uzasadnienie|27|https://www.saos.org.pl/judgments/301013
218120|2016-03-16|SO|V Ka 1426/15|Uzasadnienie|27|https://www.saos.org.pl/judgments/218120
218101|2016-03-09|SO|V Ka 1140/15|Uzasadnienie|27|https://www.saos.org.pl/judgments/218101
218110|2016-03-07|SO|V Ka 1255/15|Uzasadnienie|27|https://www.saos.org.pl/judgments/218110
211672|2016-03-07|SO|V Ka 1234/15|Uzasadnienie|27|https://www.saos.org.pl/judgments/211672
301012|2016-02-18|SO|VIII K 242/14|Uzasadnienie|27|https://www.saos.org.pl/judgments/301012
203317|2016-02-16|SO|IV K 203/11|Uzasadnienie|27|https://www.saos.org.pl/judgments/203317
203320|2016-02-11|SO|IV K 44/15|Uzasadnienie|27|https://www.saos.org.pl/judgments/203320
208209|2016-02-10|SO|II K 822/15|Uzasadnienie|27|https://www.saos.org.pl/judgments/208209
203312|2016-02-08|SO|IV K 124/13|Uzasadnienie|27|https://www.saos.org.pl/judgments/203312
199395|2016-02-05|SO|V Ka 1494/15|Uzasadnienie|27|https://www.saos.org.pl/judgments/199395
203987|2016-02-04|SO|II K 442/15|Uzasadnienie|27|https://www.saos.org.pl/judgments/203987
196507|2016-01-12|SO|V Ka 1310/15|Uzasadnienie|27|https://www.saos.org.pl/judgments/196507
194376|2016-01-11|SO|II K 1182/14|Uzasadnienie|27|https://www.saos.org.pl/judgments/194376
204769|2016-01-08|SO|V Ka 809/15|Uzasadnienie|27|https://www.saos.org.pl/judgments/204769
194961|2016-01-07|SO|V Ka 1231/15|Uzasadnienie|27|https://www.saos.org.pl/judgments/194961
194395|2016-01-05|SO|II K 577/15|Uzasadnienie|27|https://www.saos.org.pl/judgments/194395
198295|2015-12-22|SO|V Ka 1178/15|Uzasadnienie|27|https://www.saos.org.pl/judgments/198295
194971|2015-12-17|SO|V Ka 747/15|Uzasadnienie|27|https://www.saos.org.pl/judgments/194971
191431|2015-12-17|SO|IV K 537/15|Uzasadnienie|27|https://www.saos.org.pl/judgments/191431
228108|2015-12-16|SO|III K 482/14|Uzasadnienie|27|https://www.saos.org.pl/judgments/228108
274960|2015-12-01|SO|VIII K 392/15|Uzasadnienie|27|https://www.saos.org.pl/judgments/274960
192714|2015-11-18|SO|IV Ka 1012/15|Uzasadnienie|27|https://www.saos.org.pl/judgments/192714
183848|2015-10-26|SO|II K 76/15|Uzasadnienie|27|https://www.saos.org.pl/judgments/183848
186230|2015-10-19|SO|IV K 221/14|Uzasadnienie|27|https://www.saos.org.pl/judgments/186230
183722|2015-09-24|SO|II K 39/15|Uzasadnienie|27|https://www.saos.org.pl/judgments/183722
178240|2015-08-21|SO|II K 249/15|Uzasadnienie|27|https://www.saos.org.pl/judgments/178240
191866|2015-06-30|SO|II K 156/15|Zarządzenie|27|https://www.saos.org.pl/judgments/191866
171244|2015-06-23|SO|IV Ka 557/15|Uzasadnienie|27|https://www.saos.org.pl/judgments/171244
177175|2015-06-18|SO|III K 233/15|Uzasadnienie|27|https://www.saos.org.pl/judgments/177175
176409|2015-05-27|SO|III Ca 674/15|Uzasadnienie|27|https://www.saos.org.pl/judgments/176409
155380|2015-04-24|SO|XVII Ka 246/15|Uzasadnienie|27|https://www.saos.org.pl/judgments/155380
148645|2015-03-31|SO|IV K 120/13|Uzasadnienie|27|https://www.saos.org.pl/judgments/148645
134791|2015-03-23|SO|III K 341/14|Uzasadnienie|27|https://www.saos.org.pl/judgments/134791
131067|2015-03-03|SO|III K 357/10|Uzasadnienie|27|https://www.saos.org.pl/judgments/131067
135495|2015-02-18|SO|XVII Ka 34/15|Uzasadnienie|27|https://www.saos.org.pl/judgments/135495
130801|2015-01-21|SO|XVII Ka 1230/14|Uzasadnienie|27|https://www.saos.org.pl/judgments/130801
71555|2014-11-04|SO|V Ka 735/14|Uzasadnienie|27|https://www.saos.org.pl/judgments/71555
64043|2014-09-11|SO|V Ka 438/14|Uzasadnienie|27|https://www.saos.org.pl/judgments/64043
64210|2014-08-18|SO|IV K 3/10|Uzasadnienie|27|https://www.saos.org.pl/judgments/64210
64831|2014-07-29|SO|II C 1297/12|Uzasadnienie|27|https://www.saos.org.pl/judgments/64831
50369|2014-06-13|SO|IV K 3/14|Uzasadnienie|27|https://www.saos.org.pl/judgments/50369
394617|2014-06-10|SO|V Ka 1583/13|Uzasadnienie|27|https://www.saos.org.pl/judgments/394617
158131|2014-06-06|SO|II K 100/13|Uzasadnienie|27|https://www.saos.org.pl/judgments/158131
59993|2014-06-06|SO|XVI K 27/14|Uzasadnienie|27|https://www.saos.org.pl/judgments/59993
47307|2014-05-26|SO|V Kz 312/14|Uzasadnienie|27|https://www.saos.org.pl/judgments/47307
44294|2014-04-03|SO|V Ka 1668/13|Uzasadnienie|27|https://www.saos.org.pl/judgments/44294
37515|2014-03-06|SO|IV K 205/13|Uzasadnienie|27|https://www.saos.org.pl/judgments/37515
36589|2014-02-27|SO|VII Ka 1106/13|Uzasadnienie|27|https://www.saos.org.pl/judgments/36589
37514|2014-02-18|SO|IV K 2/13|Uzasadnienie|27|https://www.saos.org.pl/judgments/37514
38351|2014-02-12|SO|V Ka 1596/13|Uzasadnienie|27|https://www.saos.org.pl/judgments/38351
394536|2014-01-08|SO|II Ka 266/13|Uzasadnienie|27|https://www.saos.org.pl/judgments/394536
20179|2013-06-26|SO|VIII K 156/13|Uzasadnienie|27|https://www.saos.org.pl/judgments/20179
15515|2013-05-20|SO|VIII K 986/12|Uzasadnienie|27|https://www.saos.org.pl/judgments/15515
282808|2013-04-02|SO|II K 186/08|Uzasadnienie|27|https://www.saos.org.pl/judgments/282808
18601|2013-02-28|SO|VIII K 943/12|Uzasadnienie|27|https://www.saos.org.pl/judgments/18601
17965|2012-11-27|SO|VIII K 831/12|Uzasadnienie|27|https://www.saos.org.pl/judgments/17965
8137|2012-10-09|SO|VIII K 473/12|Uzasadnienie|27|https://www.saos.org.pl/judgments/8137
