saos_id|date|court|case_number|type|saos_url
544286|2026-03-06|SO|IV Ka 50/26|Uzasadnienie|https://www.saos.org.pl/judgments/544286
543606|2026-02-20|SO|VI Ka 1332/25|Uzasadnienie|https://www.saos.org.pl/judgments/543606
541704|2026-01-14|SO|II K 1058/25|Wyrok|https://www.saos.org.pl/judgments/541704
541101|2026-01-09|SO|II Ka 707/25|Wyrok|https://www.saos.org.pl/judgments/541101
540518|2025-12-19|SO|XII K 335/25|Wyrok|https://www.saos.org.pl/judgments/540518
540973|2025-11-12|SO|VII Ka 666/25|Wyrok|https://www.saos.org.pl/judgments/540973
536955|2025-10-22|SO|II Ka 610/25|Wyrok|https://www.saos.org.pl/judgments/536955
536305|2025-10-02|SO|II K 599/23|Zarządzenie|https://www.saos.org.pl/judgments/536305
535494|2025-09-30|SO|II K 191/25|Wyrok|https://www.saos.org.pl/judgments/535494
535493|2025-09-30|SO|II K 191/25|Uzasadnienie|https://www.saos.org.pl/judgments/535493
536304|2025-09-17|SO|II K 308/25|Wyrok|https://www.saos.org.pl/judgments/536304
544084|2025-07-31|SO|VI Ka 120/25|Wyrok|https://www.saos.org.pl/judgments/544084
534451|2025-07-10|SO|IV Ka 543/25|Wyrok|https://www.saos.org.pl/judgments/534451
533034|2025-07-09|SO|II K 213/25|Wyrok|https://www.saos.org.pl/judgments/533034
536024|2025-07-08|SO|IV Ka 316/25|Uzasadnienie|https://www.saos.org.pl/judgments/536024
536030|2025-07-04|SO|IV Ka 333/25|Wyrok|https://www.saos.org.pl/judgments/536030
530566|2025-07-02|SO|II Ka 68/25|Wyrok|https://www.saos.org.pl/judgments/530566
534386|2025-06-10|SO|IV Ka 335/25|Wyrok|https://www.saos.org.pl/judgments/534386
541566|2025-05-13|SO|II K 323/24|Wyrok|https://www.saos.org.pl/judgments/541566
538899|2025-04-28|SO|II K 1037/24|Uzasadnienie|https://www.saos.org.pl/judgments/538899
538898|2025-04-28|SO|II K 1037/24|Wyrok|https://www.saos.org.pl/judgments/538898
538092|2025-04-17|SO|II K 321/23|Uzasadnienie|https://www.saos.org.pl/judgments/538092
526644|2025-04-16|SO|VII Ka 169/25|Wyrok|https://www.saos.org.pl/judgments/526644
540578|2025-04-15|SO|II K 225/23|Wyrok|https://www.saos.org.pl/judgments/540578
527833|2025-04-04|SO|III K 24/24|Wyrok|https://www.saos.org.pl/judgments/527833
543071|2025-03-24|SO|II K 256/24|Uzasadnienie|https://www.saos.org.pl/judgments/543071
544098|2025-03-21|SO|VI Ka 806/24|Wyrok|https://www.saos.org.pl/judgments/544098
538091|2025-03-17|SO|II K 321/23|Wyrok|https://www.saos.org.pl/judgments/538091
533051|2025-03-13|SO|IV Ka 624/24|Uzasadnienie|https://www.saos.org.pl/judgments/533051
532734|2025-03-11|SO|II K 1168/24|Zarządzenie|https://www.saos.org.pl/judgments/532734
532733|2025-03-11|SO|II K 1168/24|Wyrok|https://www.saos.org.pl/judgments/532733
543070|2025-03-04|SO|II K 256/24|Wyrok|https://www.saos.org.pl/judgments/543070
525326|2025-03-03|SO|III K 356/24|Wyrok|https://www.saos.org.pl/judgments/525326
525997|2025-02-21|SO|IV Ka 69/25|Wyrok|https://www.saos.org.pl/judgments/525997
525996|2025-02-21|SO|IV Ka 69/25|Uzasadnienie|https://www.saos.org.pl/judgments/525996
533399|2025-02-04|SO|XII K 326/24|Uzasadnienie|https://www.saos.org.pl/judgments/533399
523749|2025-01-30|SO|III K 157/21|Wyrok|https://www.saos.org.pl/judgments/523749
527784|2025-01-22|SO|VI Ka 709/24|Wyrok|https://www.saos.org.pl/judgments/527784
519999|2024-12-19|SO|V K 203/22|Uzasadnienie|https://www.saos.org.pl/judgments/519999
520702|2024-12-16|SO|II AKa 200/24|Uzasadnienie|https://www.saos.org.pl/judgments/520702
517407|2024-11-29|SO|V K 203/22|Wyrok|https://www.saos.org.pl/judgments/517407
519672|2024-11-27|SO|II AKa 122/24|Wyrok|https://www.saos.org.pl/judgments/519672
520703|2024-11-21|SO|II AKa 200/24|Wyrok|https://www.saos.org.pl/judgments/520703
520835|2024-11-14|SO|II AKa 359/24|Wyrok|https://www.saos.org.pl/judgments/520835
533184|2024-11-07|SO|V ACa 741/22|Wyrok|https://www.saos.org.pl/judgments/533184
526600|2024-10-29|SO|II K 543/23|Wyrok|https://www.saos.org.pl/judgments/526600
526599|2024-10-29|SO|II K 543/23|Uzasadnienie|https://www.saos.org.pl/judgments/526599
527678|2024-10-28|SO|V K 2191/23|Zarządzenie|https://www.saos.org.pl/judgments/527678
516073|2024-10-11|SO|IV Ka 535/24|Wyrok|https://www.saos.org.pl/judgments/516073
507093|2024-10-08|SO|III K 84/24|Wyrok|https://www.saos.org.pl/judgments/507093
516044|2024-10-07|SO|II K 336/23|Wyrok|https://www.saos.org.pl/judgments/516044
502912|2024-10-03|SO|II K 29/24|Uzasadnienie|https://www.saos.org.pl/judgments/502912
527679|2024-09-27|SO|V K 2191/23|Wyrok|https://www.saos.org.pl/judgments/527679
503089|2024-09-23|SO|II K 395/23|Zarządzenie|https://www.saos.org.pl/judgments/503089
511036|2024-09-05|SO|VI Ka 205/24|Wyrok|https://www.saos.org.pl/judgments/511036
524851|2024-09-03|SO|IV Ka 313/24|Uzasadnienie|https://www.saos.org.pl/judgments/524851
503090|2024-08-29|SO|II K 395/23|Wyrok|https://www.saos.org.pl/judgments/503090
531538|2024-08-20|SO|II Ka 265/24|Wyrok|https://www.saos.org.pl/judgments/531538
502893|2024-07-16|SO|II K 279/24|Wyrok|https://www.saos.org.pl/judgments/502893
502475|2024-07-11|SO|II K 123/24|Wyrok|https://www.saos.org.pl/judgments/502475
500565|2024-07-10|SO|II AKa 174/24|Wyrok|https://www.saos.org.pl/judgments/500565
518259|2024-07-05|SO|II AKa 39/24|Wyrok|https://www.saos.org.pl/judgments/518259
510964|2024-06-27|SO|VI Ka 1194/23|Uzasadnienie|https://www.saos.org.pl/judgments/510964
521369|2024-06-25|SO|III K 25/24|Uzasadnienie|https://www.saos.org.pl/judgments/521369
508068|2024-06-25|SO|IV Ka 327/24|Uzasadnienie|https://www.saos.org.pl/judgments/508068
503096|2024-06-19|SO|II K 4/24|Wyrok|https://www.saos.org.pl/judgments/503096
514430|2024-05-29|SO|X Ka 1108/23|Uzasadnienie|https://www.saos.org.pl/judgments/514430
516722|2024-05-06|SO|II K 9/24|Wyrok|https://www.saos.org.pl/judgments/516722
504146|2024-04-15|SO|II Ka 71/24|Wyrok|https://www.saos.org.pl/judgments/504146
506963|2024-03-22|SO|III K 358/23|Wyrok|https://www.saos.org.pl/judgments/506963
506969|2024-03-15|SO|III K 378/22|Wyrok|https://www.saos.org.pl/judgments/506969
511148|2024-03-04|SO|VI Ka 43/24|Wyrok|https://www.saos.org.pl/judgments/511148
504169|2024-02-29|SO|II Ka 784/23|Wyrok|https://www.saos.org.pl/judgments/504169
514627|2024-02-21|SO|XII K 61/23|Wyrok|https://www.saos.org.pl/judgments/514627
504222|2024-02-19|SO|II Ka 921/23|Wyrok|https://www.saos.org.pl/judgments/504222
507786|2024-02-16|SO|IV Ka 1/24|Uzasadnienie|https://www.saos.org.pl/judgments/507786
507785|2024-02-16|SO|IV Ka 1/24|Wyrok|https://www.saos.org.pl/judgments/507785
500842|2024-02-15|SO|II AKa 276/23|Wyrok|https://www.saos.org.pl/judgments/500842
504198|2024-02-12|SO|II Ka 864/23|Wyrok|https://www.saos.org.pl/judgments/504198
507116|2024-01-31|SO|III K 958/23|Wyrok|https://www.saos.org.pl/judgments/507116
503723|2024-01-31|SO|II K 989/23|Uzasadnienie|https://www.saos.org.pl/judgments/503723
517513|2024-01-18|SO|I C 1058/22|Wyrok|https://www.saos.org.pl/judgments/517513
508550|2024-01-09|SO|IV Ka 798/23|Uzasadnienie|https://www.saos.org.pl/judgments/508550
502798|2023-12-15|SO|II K 226/23|Wyrok|https://www.saos.org.pl/judgments/502798
508486|2023-12-07|SO|IV Ka 715/23|Wyrok|https://www.saos.org.pl/judgments/508486
503604|2023-12-07|SO|II K 841/23|Wyrok|https://www.saos.org.pl/judgments/503604
514417|2023-12-05|SO|X K 170/23|Wyrok|https://www.saos.org.pl/judgments/514417
502770|2023-11-24|SO|II K 212/23|Wyrok|https://www.saos.org.pl/judgments/502770
511264|2023-11-20|SO|VI Ka 736/23|Wyrok|https://www.saos.org.pl/judgments/511264
524492|2023-10-31|SO|II K 784/21|Wyrok|https://www.saos.org.pl/judgments/524492
502438|2023-10-27|SO|II K 116/23|Wyrok|https://www.saos.org.pl/judgments/502438
501364|2023-10-27|SO|II AKzw 1142/23|Postanowienie|https://www.saos.org.pl/judgments/501364
517878|2023-10-24|SO|II K 1056/22|Wyrok|https://www.saos.org.pl/judgments/517878
511757|2023-10-18|SO|VII Ka 707/23|Wyrok|https://www.saos.org.pl/judgments/511757
508306|2023-10-18|SO|IV Ka 530/23|Uzasadnienie|https://www.saos.org.pl/judgments/508306
508305|2023-10-18|SO|IV Ka 530/23|Wyrok|https://www.saos.org.pl/judgments/508305
499877|2023-10-18|SO|I Ca 238/23|Wyrok|https://www.saos.org.pl/judgments/499877
502513|2023-10-11|SO|II K 13/23|Wyrok|https://www.saos.org.pl/judgments/502513
523929|2023-09-26|SO|II K 116/21|Wyrok|https://www.saos.org.pl/judgments/523929
506916|2023-09-12|SO|III K 221/23|Uzasadnienie|https://www.saos.org.pl/judgments/506916
503633|2023-09-11|SO|II K 872/22|Wyrok|https://www.saos.org.pl/judgments/503633
503632|2023-09-11|SO|II K 872/22|Uzasadnienie|https://www.saos.org.pl/judgments/503632
510971|2023-09-01|SO|VI Ka 124/23|Wyrok|https://www.saos.org.pl/judgments/510971
508217|2023-08-29|SO|IV Ka 452/23|Wyrok|https://www.saos.org.pl/judgments/508217
508216|2023-08-29|SO|IV Ka 452/23|Uzasadnienie|https://www.saos.org.pl/judgments/508216
533691|2023-08-28|SO|II K 474/23|Wyrok|https://www.saos.org.pl/judgments/533691
506917|2023-08-18|SO|III K 221/23|Wyrok|https://www.saos.org.pl/judgments/506917
493240|2023-08-17|SO|IV Ka 677/23|Wyrok|https://www.saos.org.pl/judgments/493240
502717|2023-08-08|SO|II K 184/23|Wyrok|https://www.saos.org.pl/judgments/502717
511078|2023-07-21|SO|VI Ka 276/23|Wyrok|https://www.saos.org.pl/judgments/511078
507699|2023-07-13|SO|IV K 151/23|Wyrok|https://www.saos.org.pl/judgments/507699
503205|2023-07-13|SO|II K 474/23|Wyrok|https://www.saos.org.pl/judgments/503205
501149|2023-07-05|SO|II AKa 464/22|Wyrok|https://www.saos.org.pl/judgments/501149
507937|2023-07-04|SO|IV Ka 213/23|Wyrok|https://www.saos.org.pl/judgments/507937
491852|2023-06-23|SO|II K 217/23|Wyrok|https://www.saos.org.pl/judgments/491852
528401|2023-06-15|SO|VIII Kop 107/23|Uzasadnienie|https://www.saos.org.pl/judgments/528401
528400|2023-06-13|SO|VIII Kop 107/23|Postanowienie|https://www.saos.org.pl/judgments/528400
492396|2023-06-05|SO|III K 110/22|Wyrok|https://www.saos.org.pl/judgments/492396
503410|2023-06-02|SO|II K 65/23|Uzasadnienie|https://www.saos.org.pl/judgments/503410
490773|2023-05-30|SO|II Ka 222/23|Wyrok|https://www.saos.org.pl/judgments/490773
492360|2023-05-17|SO|II K 522/22|Wyrok|https://www.saos.org.pl/judgments/492360
503412|2023-05-16|SO|II K 65/23|Wyrok|https://www.saos.org.pl/judgments/503412
532207|2023-05-15|SO|II K 164/21|Uzasadnienie|https://www.saos.org.pl/judgments/532207
490036|2023-04-28|SO|XII Ko 37/22|Wyrok|https://www.saos.org.pl/judgments/490036
487335|2023-04-26|SO|IV K 55/22|Uzasadnienie|https://www.saos.org.pl/judgments/487335
532208|2023-03-31|SO|II K 164/21|Wyrok|https://www.saos.org.pl/judgments/532208
503139|2023-03-31|SO|II K 426/22|Wyrok|https://www.saos.org.pl/judgments/503139
517159|2023-03-24|SO|V K 203/22|Wyrok|https://www.saos.org.pl/judgments/517159
503380|2023-03-24|SO|II K 62/23|Uzasadnienie|https://www.saos.org.pl/judgments/503380
486434|2023-03-20|SO|I C 1047/20|Zarządzenie|https://www.saos.org.pl/judgments/486434
486047|2023-03-17|SO|II Ka 43/23|Wyrok|https://www.saos.org.pl/judgments/486047
503381|2023-03-14|SO|II K 62/23|Wyrok|https://www.saos.org.pl/judgments/503381
491447|2023-03-14|SO|II AKa 216/22|Wyrok|https://www.saos.org.pl/judgments/491447
491515|2023-03-08|SO|II AKa 451/22|Uzasadnienie|https://www.saos.org.pl/judgments/491515
486281|2023-03-06|SO|II K 627/19|Uzasadnienie|https://www.saos.org.pl/judgments/486281
500957|2023-03-02|SO|II AKa 325/22|Uzasadnienie|https://www.saos.org.pl/judgments/500957
484534|2023-03-02|SO|II Ka 863/22|Wyrok|https://www.saos.org.pl/judgments/484534
503330|2023-02-21|SO|II K 570/21|Wyrok|https://www.saos.org.pl/judgments/503330
491789|2023-02-17|SO|II K 249/22|Uzasadnienie|https://www.saos.org.pl/judgments/491789
503621|2023-02-01|SO|II K 86/23|Wyrok|https://www.saos.org.pl/judgments/503621
483970|2023-01-23|SO|II Ka 645/22|Wyrok|https://www.saos.org.pl/judgments/483970
481705|2023-01-20|SO|II K 412/22|Wyrok|https://www.saos.org.pl/judgments/481705
502514|2022-12-16|SO|II K 130/22|Wyrok|https://www.saos.org.pl/judgments/502514
482332|2022-12-12|SO|V K 3436/19|Uzasadnienie|https://www.saos.org.pl/judgments/482332
482331|2022-11-21|SO|V K 3436/19|Wyrok|https://www.saos.org.pl/judgments/482331
477893|2022-11-08|SO|II Ka 321/22|Uzasadnienie|https://www.saos.org.pl/judgments/477893
481465|2022-11-04|SO|IV Ka 634/22|Wyrok|https://www.saos.org.pl/judgments/481465
482342|2022-10-31|SO|VI Ka 572/22|Wyrok|https://www.saos.org.pl/judgments/482342
477894|2022-10-18|SO|II Ka 321/22|Wyrok|https://www.saos.org.pl/judgments/477894
476906|2022-10-14|SO|II Ka 251/22|Wyrok|https://www.saos.org.pl/judgments/476906
519780|2022-10-10|SO|II K 541/22|Uzasadnienie|https://www.saos.org.pl/judgments/519780
519779|2022-10-04|SO|II K 541/22|Wyrok|https://www.saos.org.pl/judgments/519779
481025|2022-09-28|SO|II AKa 280/22|Wyrok|https://www.saos.org.pl/judgments/481025
479727|2022-09-27|SO|II K 622/22|Wyrok|https://www.saos.org.pl/judgments/479727
480334|2022-09-15|SO|II K 654/22|Wyrok|https://www.saos.org.pl/judgments/480334
472598|2022-09-01|SO|II Ka 348/22|Wyrok|https://www.saos.org.pl/judgments/472598
493432|2022-08-26|SO|I ACa 1186/22|Wyrok|https://www.saos.org.pl/judgments/493432
475569|2022-07-22|SO|III K 100/22|Wyrok|https://www.saos.org.pl/judgments/475569
472744|2022-07-22|SO|II K 1001/20|Wyrok|https://www.saos.org.pl/judgments/472744
470371|2022-07-12|SO|II K 719/21|Uzasadnienie|https://www.saos.org.pl/judgments/470371
470370|2022-07-12|SO|II K 719/21|Wyrok|https://www.saos.org.pl/judgments/470370
486616|2022-07-06|SO|II K 626/21|Wyrok|https://www.saos.org.pl/judgments/486616
482753|2022-07-04|SO|II K 1355/20|Wyrok|https://www.saos.org.pl/judgments/482753
507034|2022-06-30|SO|III K 583/21|Wyrok|https://www.saos.org.pl/judgments/507034
486609|2022-06-22|SO|II K 457/21|Wyrok|https://www.saos.org.pl/judgments/486609
469929|2022-06-06|SO|IV Ka 411/22|Uzasadnienie|https://www.saos.org.pl/judgments/469929
528340|2022-05-31|SO|VIII Kop 89/22|Postanowienie|https://www.saos.org.pl/judgments/528340
506965|2022-05-27|SO|III K 37/21|Wyrok|https://www.saos.org.pl/judgments/506965
470705|2022-05-18|SO|III K 430/22|Wyrok|https://www.saos.org.pl/judgments/470705
471254|2022-05-16|SO|II K 41/22|Wyrok|https://www.saos.org.pl/judgments/471254
471038|2022-04-29|SO|IV K 113/21|Uzasadnienie|https://www.saos.org.pl/judgments/471038
470420|2022-04-27|SO|II AKa 291/21|Uzasadnienie|https://www.saos.org.pl/judgments/470420
530548|2022-04-21|SO|II K 15/22|Zarządzenie|https://www.saos.org.pl/judgments/530548
471574|2022-04-21|SO|III K 1716/19|Wyrok|https://www.saos.org.pl/judgments/471574
471037|2022-04-12|SO|IV K 113/21|Wyrok|https://www.saos.org.pl/judgments/471037
462498|2022-04-01|SO|IV Ka 160/22|Wyrok|https://www.saos.org.pl/judgments/462498
464123|2022-03-22|SO|IV Ka 125/22|Wyrok|https://www.saos.org.pl/judgments/464123
466985|2022-03-17|SO|II K 1213/20|Wyrok|https://www.saos.org.pl/judgments/466985
463690|2022-02-15|SO|IV Ka 1288/21|Wyrok|https://www.saos.org.pl/judgments/463690
461951|2022-02-14|SO|III K 108/21|Uzasadnienie|https://www.saos.org.pl/judgments/461951
469793|2022-02-11|SO|II K 1266/20|Wyrok|https://www.saos.org.pl/judgments/469793
462437|2022-02-08|SO|II K 570/21|Uzasadnienie|https://www.saos.org.pl/judgments/462437
459658|2022-01-31|SO|II AKa 19/21|Wyrok|https://www.saos.org.pl/judgments/459658
463066|2022-01-28|SO|VII K 226/21|Wyrok|https://www.saos.org.pl/judgments/463066
463065|2022-01-28|SO|VII K 226/21|Uzasadnienie|https://www.saos.org.pl/judgments/463065
479744|2022-01-26|SO|IX K 857/21|Uzasadnienie|https://www.saos.org.pl/judgments/479744
462436|2022-01-18|SO|II K 570/21|Wyrok|https://www.saos.org.pl/judgments/462436
460453|2022-01-10|SO|II AKa 284/21|Uzasadnienie|https://www.saos.org.pl/judgments/460453
460435|2022-01-04|SO|II AKa 165/21|Uzasadnienie|https://www.saos.org.pl/judgments/460435
460454|2021-12-22|SO|II AKa 284/21|Wyrok|https://www.saos.org.pl/judgments/460454
460436|2021-12-22|SO|II AKa 165/21|Wyrok|https://www.saos.org.pl/judgments/460436
460508|2021-12-21|SO|II K 1156/19|Wyrok|https://www.saos.org.pl/judgments/460508
455537|2021-12-08|SO|II AKa 296/21|Wyrok|https://www.saos.org.pl/judgments/455537
461804|2021-11-30|SO|II K 251/21|Uzasadnienie|https://www.saos.org.pl/judgments/461804
464591|2021-11-24|SO|II Ka 316/21|Wyrok|https://www.saos.org.pl/judgments/464591
453280|2021-11-23|SO|II K 591/20|Wyrok|https://www.saos.org.pl/judgments/453280
460982|2021-11-18|SO|IV Ka 954/21|Uzasadnienie|https://www.saos.org.pl/judgments/460982
466561|2021-11-17|SO|IV Ka 847/21|Wyrok|https://www.saos.org.pl/judgments/466561
461803|2021-11-15|SO|II K 251/21|Wyrok|https://www.saos.org.pl/judgments/461803
455834|2021-11-09|SO|XII K 226/20|Wyrok|https://www.saos.org.pl/judgments/455834
450989|2021-11-08|SO|II K 426/21|Wyrok|https://www.saos.org.pl/judgments/450989
450988|2021-11-08|SO|II K 426/21|Uzasadnienie|https://www.saos.org.pl/judgments/450988
463039|2021-10-29|SO|III K 307/21|Wyrok|https://www.saos.org.pl/judgments/463039
453602|2021-10-29|SO|II S 31/21|Postanowienie|https://www.saos.org.pl/judgments/453602
453601|2021-10-29|SO|II S 30/21|Postanowienie|https://www.saos.org.pl/judgments/453601
451003|2021-10-29|SO|II Ka 363/21|Wyrok|https://www.saos.org.pl/judgments/451003
449495|2021-10-28|SO|II Ka 583/21|Wyrok|https://www.saos.org.pl/judgments/449495
455645|2021-10-27|SO|II AKa 304/21|Uzasadnienie|https://www.saos.org.pl/judgments/455645
451904|2021-10-26|SO|IV Ka 663/21|Uzasadnienie|https://www.saos.org.pl/judgments/451904
451903|2021-10-26|SO|IV Ka 663/21|Wyrok|https://www.saos.org.pl/judgments/451903
455641|2021-10-14|SO|II AKa 251/21|Wyrok|https://www.saos.org.pl/judgments/455641
452822|2021-10-12|SO|IV Ka 954/21|Wyrok|https://www.saos.org.pl/judgments/452822
464711|2021-09-21|SO|VI Ka 307/21|Wyrok|https://www.saos.org.pl/judgments/464711
446880|2021-09-20|SO|II K 69/21|Uzasadnienie|https://www.saos.org.pl/judgments/446880
449840|2021-09-16|SO|IV Ka 860/21|Uzasadnienie|https://www.saos.org.pl/judgments/449840
446879|2021-09-10|SO|II K 69/21|Wyrok|https://www.saos.org.pl/judgments/446879
447739|2021-09-07|SO|XII K 113/21|Wyrok|https://www.saos.org.pl/judgments/447739
455532|2021-09-02|SO|II AKa 207/21|Wyrok|https://www.saos.org.pl/judgments/455532
449839|2021-08-25|SO|IV Ka 860/21|Wyrok|https://www.saos.org.pl/judgments/449839
467261|2021-08-17|SO|III K 1503/20|Wyrok|https://www.saos.org.pl/judgments/467261
447204|2021-08-13|SO|III K 140/20|Wyrok|https://www.saos.org.pl/judgments/447204
445227|2021-08-11|SO|II K 138/21|Wyrok|https://www.saos.org.pl/judgments/445227
464094|2021-08-10|SO|II K 265/21|Wyrok|https://www.saos.org.pl/judgments/464094
450018|2021-08-10|SO|II K 444/21|Wyrok|https://www.saos.org.pl/judgments/450018
443877|2021-07-26|SO|IV K 168/20|Uzasadnienie|https://www.saos.org.pl/judgments/443877
502806|2021-07-12|SO|II K 23/21|Wyrok|https://www.saos.org.pl/judgments/502806
476808|2021-07-07|SO|VII K 378/20|Uzasadnienie|https://www.saos.org.pl/judgments/476808
476807|2021-07-07|SO|VII K 378/20|Wyrok|https://www.saos.org.pl/judgments/476807
443878|2021-07-06|SO|IV K 168/20|Wyrok|https://www.saos.org.pl/judgments/443878
443392|2021-06-28|SO|IV Ka 257/21|Uzasadnienie|https://www.saos.org.pl/judgments/443392
445605|2021-06-10|SO|IV Ka 243/21|Wyrok|https://www.saos.org.pl/judgments/445605
444085|2021-06-02|SO|II AKa 87/21|Wyrok|https://www.saos.org.pl/judgments/444085
446243|2021-05-25|SO|VI Ka 97/21|Wyrok|https://www.saos.org.pl/judgments/446243
442951|2021-05-25|SO|V K 94/20|Wyrok|https://www.saos.org.pl/judgments/442951
454525|2021-05-20|SO|II Ko 2/21|Uzasadnienie|https://www.saos.org.pl/judgments/454525
442840|2021-05-20|SO|VI Ka 133/21|Wyrok|https://www.saos.org.pl/judgments/442840
542628|2021-05-17|SO|I C 542/20|Wyrok|https://www.saos.org.pl/judgments/542628
437295|2021-04-23|SO|II K 64/21|Wyrok|https://www.saos.org.pl/judgments/437295
447593|2021-04-15|SO|II AKa 26/20|Wyrok|https://www.saos.org.pl/judgments/447593
438754|2021-03-31|SO|XII C 950/20|Wyrok|https://www.saos.org.pl/judgments/438754
442618|2021-03-26|SO|II AKa 3/21|Wyrok|https://www.saos.org.pl/judgments/442618
434634|2021-03-26|SO|II K 915/20|Wyrok|https://www.saos.org.pl/judgments/434634
442884|2021-03-22|SO|II K 359/20|Wyrok|https://www.saos.org.pl/judgments/442884
443958|2021-03-17|SO|II AKzw 311/21|Postanowienie|https://www.saos.org.pl/judgments/443958
439742|2021-03-17|SO|VII K 239/20|Wyrok|https://www.saos.org.pl/judgments/439742
459963|2021-03-12|SO|VI Ka 43/21|Wyrok|https://www.saos.org.pl/judgments/459963
435049|2021-03-05|SO|II K 666/19|Uzasadnienie|https://www.saos.org.pl/judgments/435049
434422|2021-02-26|SO|II K 632/20|Wyrok|https://www.saos.org.pl/judgments/434422
511198|2021-02-24|SO|VI Ka 536/20|Wyrok|https://www.saos.org.pl/judgments/511198
452544|2021-02-18|SO|II AKa 130/20|Uzasadnienie|https://www.saos.org.pl/judgments/452544
435999|2021-02-16|SO|IV Ka 57/21|Uzasadnienie|https://www.saos.org.pl/judgments/435999
435998|2021-02-16|SO|IV Ka 57/21|Wyrok|https://www.saos.org.pl/judgments/435998
435048|2021-02-15|SO|II K 666/19|Wyrok|https://www.saos.org.pl/judgments/435048
433729|2021-02-11|SO|II K 1394/19|Wyrok|https://www.saos.org.pl/judgments/433729
441586|2021-02-05|SO|II K 631/19|Uzasadnienie|https://www.saos.org.pl/judgments/441586
433202|2021-02-03|SO|II AKa 219/20|Wyrok|https://www.saos.org.pl/judgments/433202
436114|2021-01-28|SO|II K 1469/19|Wyrok|https://www.saos.org.pl/judgments/436114
432190|2021-01-28|SO|II K 51/19|Wyrok|https://www.saos.org.pl/judgments/432190
441587|2021-01-21|SO|II K 631/19|Wyrok|https://www.saos.org.pl/judgments/441587
433305|2021-01-04|SO|III K 213/20|Wyrok|https://www.saos.org.pl/judgments/433305
466180|2020-12-11|SO|VII K 178/20|Wyrok|https://www.saos.org.pl/judgments/466180
426537|2020-12-07|SO|II Ka 650/20|Wyrok|https://www.saos.org.pl/judgments/426537
429133|2020-11-27|SO|II K 422/20|Wyrok|https://www.saos.org.pl/judgments/429133
432347|2020-11-25|SO|IV Ka 925/20|Wyrok|https://www.saos.org.pl/judgments/432347
430128|2020-11-25|SO|II K 310/20|Uzasadnienie|https://www.saos.org.pl/judgments/430128
430513|2020-11-18|SO|II AKa 154/20|Wyrok|https://www.saos.org.pl/judgments/430513
430170|2020-11-17|SO|II K 914/20|Uzasadnienie|https://www.saos.org.pl/judgments/430170
430129|2020-11-10|SO|II K 310/20|Wyrok|https://www.saos.org.pl/judgments/430129
425019|2020-11-10|SO|II K 111/20|Wyrok|https://www.saos.org.pl/judgments/425019
423281|2020-11-04|SO|II Ka 158/20|Wyrok|https://www.saos.org.pl/judgments/423281
428782|2020-11-02|SO|VIII K 692/20|Wyrok|https://www.saos.org.pl/judgments/428782
432835|2020-10-26|SO|I ACa 1016/19|Wyrok|https://www.saos.org.pl/judgments/432835
424722|2020-10-26|SO|II K 631/19|Wyrok|https://www.saos.org.pl/judgments/424722
423483|2020-10-22|SO|II K 521/19|Wyrok|https://www.saos.org.pl/judgments/423483
421918|2020-10-16|SO|II K 104/20|Wyrok|https://www.saos.org.pl/judgments/421918
424375|2020-10-06|SO|IV Ka 466/20|Wyrok|https://www.saos.org.pl/judgments/424375
427244|2020-09-29|SO|II K 688/20|Wyrok|https://www.saos.org.pl/judgments/427244
432906|2020-09-23|SO|II Ka 108/20|Wyrok|https://www.saos.org.pl/judgments/432906
457963|2020-09-17|SO|II AKa 280/20|Wyrok|https://www.saos.org.pl/judgments/457963
457576|2020-09-15|SO|II K 258/19|Wyrok|https://www.saos.org.pl/judgments/457576
425496|2020-09-15|SO|II K 593/19|Wyrok|https://www.saos.org.pl/judgments/425496
430655|2020-09-09|SO|II K 525/19|Wyrok|https://www.saos.org.pl/judgments/430655
442114|2020-09-02|SO|II K 1402/19|Wyrok|https://www.saos.org.pl/judgments/442114
425220|2020-08-21|SO|II K 326/19|Uzasadnienie|https://www.saos.org.pl/judgments/425220
434670|2020-08-20|SO|III K 1476/19|Wyrok|https://www.saos.org.pl/judgments/434670
422857|2020-08-20|SO|IV Ka 1664/19|Wyrok|https://www.saos.org.pl/judgments/422857
433301|2020-08-18|SO|III K 121/20|Wyrok|https://www.saos.org.pl/judgments/433301
419131|2020-08-06|SO|II Ka 181/20|Wyrok|https://www.saos.org.pl/judgments/419131
417185|2020-07-29|SO|II K 569/19|Uzasadnienie|https://www.saos.org.pl/judgments/417185
416611|2020-07-28|SO|II K 170/20|Wyrok|https://www.saos.org.pl/judgments/416611
425221|2020-07-24|SO|II K 326/19|Wyrok|https://www.saos.org.pl/judgments/425221
419737|2020-07-06|SO|II K 46/20|Wyrok|https://www.saos.org.pl/judgments/419737
418625|2020-07-03|SO|VI Ka 25/20|Wyrok|https://www.saos.org.pl/judgments/418625
422019|2020-07-02|SO|VI Ka 206/20|Wyrok|https://www.saos.org.pl/judgments/422019
416978|2020-07-02|SO|II K 36/20|Wyrok|https://www.saos.org.pl/judgments/416978
465041|2020-06-26|SO|I ACa 736/19|Wyrok|https://www.saos.org.pl/judgments/465041
425029|2020-06-25|SO|II K 45/19|Wyrok|https://www.saos.org.pl/judgments/425029
437768|2020-06-22|SO|III K 138/19|Wyrok|https://www.saos.org.pl/judgments/437768
415798|2020-06-22|SO|II K 928/19|Wyrok|https://www.saos.org.pl/judgments/415798
415552|2020-06-18|SO|III K 67/20|Wyrok|https://www.saos.org.pl/judgments/415552
430576|2020-06-16|SO|III K 130/19|Wyrok|https://www.saos.org.pl/judgments/430576
434878|2020-06-15|SO|V K 117/19|Wyrok|https://www.saos.org.pl/judgments/434878
413313|2020-06-10|SO|II Ka 20/20|Uzasadnienie|https://www.saos.org.pl/judgments/413313
415929|2020-06-03|SO|II Kow 374/20|Postanowienie|https://www.saos.org.pl/judgments/415929
413306|2020-05-28|SO|II K 1201/19|Uzasadnienie|https://www.saos.org.pl/judgments/413306
413305|2020-05-20|SO|II K 1201/19|Wyrok|https://www.saos.org.pl/judgments/413305
412221|2020-04-15|SO|IV Ka 69/20|Uzasadnienie|https://www.saos.org.pl/judgments/412221
412220|2020-04-15|SO|IV Ka 69/20|Wyrok|https://www.saos.org.pl/judgments/412220
420390|2020-03-17|SO|IV Ka 103/20|Uzasadnienie|https://www.saos.org.pl/judgments/420390
412875|2020-03-09|SO|II K 733/19|Uzasadnienie|https://www.saos.org.pl/judgments/412875
411960|2020-02-27|SO|II K 184/19|Uzasadnienie|https://www.saos.org.pl/judgments/411960
412922|2020-02-24|SO|VI Ka 72/19|Wyrok|https://www.saos.org.pl/judgments/412922
411959|2020-02-19|SO|II K 184/19|Wyrok|https://www.saos.org.pl/judgments/411959
405221|2020-02-11|SO|II K 209/19|Wyrok|https://www.saos.org.pl/judgments/405221
408372|2020-02-10|SO|II K 119/19|Uzasadnienie|https://www.saos.org.pl/judgments/408372
410034|2020-02-07|SO|II K 1376/19|Uzasadnienie|https://www.saos.org.pl/judgments/410034
405480|2020-01-30|SO|II K 328/19|Wyrok|https://www.saos.org.pl/judgments/405480
408371|2020-01-29|SO|II K 119/19|Wyrok|https://www.saos.org.pl/judgments/408371
404190|2020-01-28|SO|III K 79/19|Wyrok|https://www.saos.org.pl/judgments/404190
431198|2020-01-24|SO|II K 831/19|Wyrok|https://www.saos.org.pl/judgments/431198
425820|2020-01-23|SO|II AKa 519/19|Wyrok|https://www.saos.org.pl/judgments/425820
425479|2020-01-23|SO|II AKa 220/19|Wyrok|https://www.saos.org.pl/judgments/425479
402818|2020-01-14|SO|II K 1358/19|Wyrok|https://www.saos.org.pl/judgments/402818
415869|2020-01-13|SO|II Kow 1435/19|Postanowienie|https://www.saos.org.pl/judgments/415869
415848|2020-01-08|SO|II Kow 1246/19|Postanowienie|https://www.saos.org.pl/judgments/415848
409615|2019-12-19|SO|IV Ka 1024/19|Wyrok|https://www.saos.org.pl/judgments/409615
453590|2019-12-18|SO|II AKa 367/19|Uzasadnienie|https://www.saos.org.pl/judgments/453590
404530|2019-12-13|SO|II K 634/19|Uzasadnienie|https://www.saos.org.pl/judgments/404530
403101|2019-12-13|SO|II K 1151/18|Wyrok|https://www.saos.org.pl/judgments/403101
453003|2019-12-12|SO|II AKa 195/19|Uzasadnienie|https://www.saos.org.pl/judgments/453003
425017|2019-12-03|SO|II K 1007/16|Wyrok|https://www.saos.org.pl/judgments/425017
397464|2019-12-03|SO|IV Ka 942/19|Wyrok|https://www.saos.org.pl/judgments/397464
404529|2019-11-29|SO|II K 634/19|Wyrok|https://www.saos.org.pl/judgments/404529
406246|2019-11-28|SO|XI Ka 951/19|Wyrok|https://www.saos.org.pl/judgments/406246
398331|2019-11-27|SO|IV Ka 815/19|Uzasadnienie|https://www.saos.org.pl/judgments/398331
453002|2019-11-26|SO|II AKa 195/19|Wyrok|https://www.saos.org.pl/judgments/453002
440375|2019-11-25|SO|I Ns 370/19|Postanowienie|https://www.saos.org.pl/judgments/440375
409003|2019-11-22|SO|II K 106/19|Uzasadnienie|https://www.saos.org.pl/judgments/409003
401485|2019-11-22|SO|II K 338/19|Wyrok|https://www.saos.org.pl/judgments/401485
400532|2019-11-21|SO|III K 409/18|Wyrok|https://www.saos.org.pl/judgments/400532
426577|2019-11-14|SO|II AKa 134/19|Uzasadnienie|https://www.saos.org.pl/judgments/426577
398948|2019-11-14|SO|II K 213/19|Wyrok|https://www.saos.org.pl/judgments/398948
398218|2019-11-12|SO|VII Ka 952/19|Wyrok|https://www.saos.org.pl/judgments/398218
401478|2019-11-08|SO|II K 181/19|Wyrok|https://www.saos.org.pl/judgments/401478
407235|2019-11-07|SO|II K 110/19|Uzasadnienie|https://www.saos.org.pl/judgments/407235
398414|2019-11-07|SO|II K 755/19|Wyrok|https://www.saos.org.pl/judgments/398414
427376|2019-10-31|SO|II AKa 134/19|Wyrok|https://www.saos.org.pl/judgments/427376
400705|2019-10-31|SO|II AKa 297/19|Wyrok|https://www.saos.org.pl/judgments/400705
399664|2019-10-31|SO|II AKa 327/19|Wyrok|https://www.saos.org.pl/judgments/399664
409002|2019-10-30|SO|II K 106/19|Wyrok|https://www.saos.org.pl/judgments/409002
398881|2019-10-30|SO|II AKa 154/19|Wyrok|https://www.saos.org.pl/judgments/398881
437360|2019-10-28|SO|V K 2615/19|Uzasadnienie|https://www.saos.org.pl/judgments/437360
407234|2019-10-24|SO|II K 110/19|Wyrok|https://www.saos.org.pl/judgments/407234
396711|2019-10-21|SO|II K 76/19|Wyrok|https://www.saos.org.pl/judgments/396711
397217|2019-10-18|SO|II K 638/18|Wyrok|https://www.saos.org.pl/judgments/397217
440846|2019-10-09|SO|II AKa 271/19|Wyrok|https://www.saos.org.pl/judgments/440846
437359|2019-10-03|SO|V K 2615/19|Wyrok|https://www.saos.org.pl/judgments/437359
406413|2019-10-02|SO|II K 130/19|Wyrok|https://www.saos.org.pl/judgments/406413
406990|2019-10-01|SO|II K 332/19|Wyrok|https://www.saos.org.pl/judgments/406990
397931|2019-10-01|SO|II K 226/19|Wyrok|https://www.saos.org.pl/judgments/397931
396237|2019-09-26|SO|VII Ka 797/19|Wyrok|https://www.saos.org.pl/judgments/396237
394951|2019-09-23|SO|I C 116/17|Wyrok|https://www.saos.org.pl/judgments/394951
395540|2019-09-17|SO|III K 41/19|Wyrok|https://www.saos.org.pl/judgments/395540
401522|2019-09-13|SO|VI Ka 124/19|Wyrok|https://www.saos.org.pl/judgments/401522
407532|2019-09-12|SO|VI Ka 939/19|Wyrok|https://www.saos.org.pl/judgments/407532
404186|2019-09-12|SO|III K 243/18|Uzasadnienie|https://www.saos.org.pl/judgments/404186
399377|2019-09-12|SO|V K 315/19|Wyrok|https://www.saos.org.pl/judgments/399377
415499|2019-09-06|SO|II Kow 1044/19|Postanowienie|https://www.saos.org.pl/judgments/415499
401521|2019-09-06|SO|VI Ka 1005/18|Wyrok|https://www.saos.org.pl/judgments/401521
410151|2019-09-03|SO|II K 78/19|Wyrok|https://www.saos.org.pl/judgments/410151
393562|2019-08-28|SO|II K 70/19|Wyrok|https://www.saos.org.pl/judgments/393562
391556|2019-08-16|SO|II K 658/18|Wyrok|https://www.saos.org.pl/judgments/391556
400027|2019-08-14|SO|II Ka 295/19|Wyrok|https://www.saos.org.pl/judgments/400027
391380|2019-08-13|SO|II K 149/19|Wyrok|https://www.saos.org.pl/judgments/391380
483972|2019-07-25|SO|II Ka 757/18|Wyrok|https://www.saos.org.pl/judgments/483972
415812|2019-07-25|SO|II Kow 102/19|Postanowienie|https://www.saos.org.pl/judgments/415812
392494|2019-07-24|SO|II AKa 214/19|Wyrok|https://www.saos.org.pl/judgments/392494
442209|2019-07-22|SO|III K 931/16|Uzasadnienie|https://www.saos.org.pl/judgments/442209
415976|2019-07-15|SO|II Kow 594/19|Postanowienie|https://www.saos.org.pl/judgments/415976
407043|2019-07-15|SO|II K 313/18|Wyrok|https://www.saos.org.pl/judgments/407043
392383|2019-07-12|SO|II K 358/19|Wyrok|https://www.saos.org.pl/judgments/392383
390644|2019-07-11|SO|II K 1013/18|Wyrok|https://www.saos.org.pl/judgments/390644
390181|2019-07-11|SO|III K 238/19|Wyrok|https://www.saos.org.pl/judgments/390181
389234|2019-07-09|SO|IV Ka 479/19|Wyrok|https://www.saos.org.pl/judgments/389234
398912|2019-07-02|SO|II AKa 79/19|Wyrok|https://www.saos.org.pl/judgments/398912
410338|2019-06-27|SO|II K 118/18|Wyrok|https://www.saos.org.pl/judgments/410338
385647|2019-06-27|SO|II K 184/19|Wyrok|https://www.saos.org.pl/judgments/385647
404185|2019-06-26|SO|III K 243/18|Wyrok|https://www.saos.org.pl/judgments/404185
393339|2019-06-26|SO|XII K 199/18|Wyrok|https://www.saos.org.pl/judgments/393339
395306|2019-06-25|SO|IV Ka 298/19|Wyrok|https://www.saos.org.pl/judgments/395306
411358|2019-06-24|SO|II W 298/18|Wyrok|https://www.saos.org.pl/judgments/411358
423260|2019-06-18|SO|II K 293/16|Wyrok|https://www.saos.org.pl/judgments/423260
389462|2019-06-18|SO|III K 50/19|Wyrok|https://www.saos.org.pl/judgments/389462
392837|2019-06-17|SO|IV Ka 394/19|Wyrok|https://www.saos.org.pl/judgments/392837
398934|2019-06-11|SO|II K 123/19|Wyrok|https://www.saos.org.pl/judgments/398934
398933|2019-06-11|SO|II K 123/19|Uzasadnienie|https://www.saos.org.pl/judgments/398933
394268|2019-06-11|SO|VI Ka 347/19|Wyrok|https://www.saos.org.pl/judgments/394268
391451|2019-06-10|SO|III K 82/18|Wyrok|https://www.saos.org.pl/judgments/391451
408719|2019-06-07|SO|VI Ka 339/19|Wyrok|https://www.saos.org.pl/judgments/408719
511272|2019-05-30|SO|VI Ka 76/19|Wyrok|https://www.saos.org.pl/judgments/511272
393205|2019-05-29|SO|IV Ka 290/19|Wyrok|https://www.saos.org.pl/judgments/393205
477024|2019-05-24|SO|II K 694/18|Wyrok|https://www.saos.org.pl/judgments/477024
402383|2019-05-24|SO|VI Ka 252/19|Wyrok|https://www.saos.org.pl/judgments/402383
384711|2019-05-23|SO|II K 51/18|Wyrok|https://www.saos.org.pl/judgments/384711
400254|2019-05-16|SO|IX K 1202/16|Wyrok|https://www.saos.org.pl/judgments/400254
383829|2019-05-14|SO|II K 20/19|Wyrok|https://www.saos.org.pl/judgments/383829
386328|2019-05-13|SO|II K 1177/18|Wyrok|https://www.saos.org.pl/judgments/386328
378263|2019-05-13|SO|II K 539/18|Wyrok|https://www.saos.org.pl/judgments/378263
511261|2019-04-26|SO|VI Ka 733/18|Wyrok|https://www.saos.org.pl/judgments/511261
379189|2019-04-25|SO|IV Ka 203/19|Wyrok|https://www.saos.org.pl/judgments/379189
393198|2019-04-23|SO|IV Ka 207/19|Wyrok|https://www.saos.org.pl/judgments/393198
375355|2019-04-18|SO|II K 164/14|Wyrok|https://www.saos.org.pl/judgments/375355
378223|2019-04-15|SO|II K 410/18|Wyrok|https://www.saos.org.pl/judgments/378223
378231|2019-04-12|SO|II K 43/19|Wyrok|https://www.saos.org.pl/judgments/378231
381552|2019-04-08|SO|VI K 130/17|Wyrok|https://www.saos.org.pl/judgments/381552
379136|2019-04-08|SO|IV K 121/18|Uzasadnienie|https://www.saos.org.pl/judgments/379136
382416|2019-04-05|SO|II K 29/19|Wyrok|https://www.saos.org.pl/judgments/382416
378221|2019-03-29|SO|II K 41/19|Wyrok|https://www.saos.org.pl/judgments/378221
385705|2019-03-28|SO|VII Ka 179/19|Wyrok|https://www.saos.org.pl/judgments/385705
391249|2019-03-26|SO|II K 1433/18|Wyrok|https://www.saos.org.pl/judgments/391249
381835|2019-03-26|SO|V Ka 1497/18|Uzasadnienie|https://www.saos.org.pl/judgments/381835
381394|2019-03-22|SO|II K 803/18|Wyrok|https://www.saos.org.pl/judgments/381394
379858|2019-03-21|SO|V Ka 765/18|Wyrok|https://www.saos.org.pl/judgments/379858
415824|2019-03-18|SO|II Kow 110/19|Postanowienie|https://www.saos.org.pl/judgments/415824
378979|2019-03-15|SO|III K 14/18|Wyrok|https://www.saos.org.pl/judgments/378979
379829|2019-03-12|SO|V K 1338/18|Wyrok|https://www.saos.org.pl/judgments/379829
379588|2019-03-12|SO|IX Ka 22/19|Uzasadnienie|https://www.saos.org.pl/judgments/379588
464279|2019-03-11|SO|II K 562/18|Wyrok|https://www.saos.org.pl/judgments/464279
411541|2019-03-11|SO|VII K 774/18|Uzasadnienie|https://www.saos.org.pl/judgments/411541
374511|2019-03-05|SO|II K 450/18|Wyrok|https://www.saos.org.pl/judgments/374511
379158|2019-03-04|SO|IV Ka 1167/18|Wyrok|https://www.saos.org.pl/judgments/379158
406924|2019-02-28|SO|II K 447/17|Wyrok|https://www.saos.org.pl/judgments/406924
375662|2019-02-26|SO|VI Ka 514/18|Wyrok|https://www.saos.org.pl/judgments/375662
374630|2019-02-25|SO|VI Ka 508/18|Wyrok|https://www.saos.org.pl/judgments/374630
386087|2019-02-22|SO|VI Ka 88/19|Wyrok|https://www.saos.org.pl/judgments/386087
382206|2019-02-22|SO|IV Ka 24/19|Wyrok|https://www.saos.org.pl/judgments/382206
375407|2019-02-22|SO|II K 963/16|Wyrok|https://www.saos.org.pl/judgments/375407
380337|2019-02-18|SO|VIII Ka 779/18|Wyrok|https://www.saos.org.pl/judgments/380337
371890|2019-02-15|SO|II K 442/17|Wyrok|https://www.saos.org.pl/judgments/371890
373653|2019-02-11|SO|V Ka 714/18|Wyrok|https://www.saos.org.pl/judgments/373653
399237|2019-02-06|SO|X K 684/18|Wyrok|https://www.saos.org.pl/judgments/399237
370927|2019-01-31|SO|IV Ka 1142/18|Wyrok|https://www.saos.org.pl/judgments/370927
372885|2019-01-25|SO|II AKa 402/18|Wyrok|https://www.saos.org.pl/judgments/372885
373816|2019-01-22|SO|VI Ka 371/18|Wyrok|https://www.saos.org.pl/judgments/373816
382018|2019-01-21|SO|IV Ka 800/18|Wyrok|https://www.saos.org.pl/judgments/382018
373052|2019-01-15|SO|II K 820/16|Wyrok|https://www.saos.org.pl/judgments/373052
373800|2019-01-10|SO|VI Ka 143/18|Wyrok|https://www.saos.org.pl/judgments/373800
378121|2019-01-09|SO|II K 1320/17|Uzasadnienie|https://www.saos.org.pl/judgments/378121
390901|2019-01-08|SO|VI Ka 1072/18|Wyrok|https://www.saos.org.pl/judgments/390901
379256|2019-01-08|SO|IV Ka 775/18|Wyrok|https://www.saos.org.pl/judgments/379256
381677|2018-12-27|SO|III K 722/16|Uzasadnienie|https://www.saos.org.pl/judgments/381677
395840|2018-12-21|SO|II K 29/18|Wyrok|https://www.saos.org.pl/judgments/395840
385819|2018-12-21|SO|II K 29/18|Wyrok|https://www.saos.org.pl/judgments/385819
415512|2018-12-19|SO|II Kow 64/18|Postanowienie|https://www.saos.org.pl/judgments/415512
371050|2018-12-19|SO|II Ka 139/18|Wyrok|https://www.saos.org.pl/judgments/371050
413264|2018-12-17|SO|I C 96/18|Wyrok|https://www.saos.org.pl/judgments/413264
369979|2018-12-13|SO|II K 1028/17|Wyrok|https://www.saos.org.pl/judgments/369979
365672|2018-12-13|SO|XII K 194/18|Wyrok|https://www.saos.org.pl/judgments/365672
369040|2018-12-12|SO|III K 253/18|Wyrok|https://www.saos.org.pl/judgments/369040
365333|2018-12-03|SO|V Ka 624/18|Wyrok|https://www.saos.org.pl/judgments/365333
390341|2018-11-30|SO|IV K 36/18|Wyrok|https://www.saos.org.pl/judgments/390341
381678|2018-11-30|SO|III K 722/16|Wyrok|https://www.saos.org.pl/judgments/381678
372253|2018-11-30|SO|II AKa 188/18|Wyrok|https://www.saos.org.pl/judgments/372253
426069|2018-11-29|SO|II K 80/18|Wyrok|https://www.saos.org.pl/judgments/426069
365064|2018-11-29|SO|II K 129/18|Wyrok|https://www.saos.org.pl/judgments/365064
416132|2018-11-28|SO|III Kow 1322/18|Postanowienie|https://www.saos.org.pl/judgments/416132
372810|2018-11-19|SO|VI Ka 643/18|Wyrok|https://www.saos.org.pl/judgments/372810
365142|2018-11-15|SO|VII Ka 809/18|Wyrok|https://www.saos.org.pl/judgments/365142
363803|2018-11-07|SO|III K 81/18|Wyrok|https://www.saos.org.pl/judgments/363803
417591|2018-11-05|SO|III Kow 975/18|Postanowienie|https://www.saos.org.pl/judgments/417591
366363|2018-10-30|SO|II AKa 205/18|Wyrok|https://www.saos.org.pl/judgments/366363
365066|2018-10-30|SO|II K 170/18|Wyrok|https://www.saos.org.pl/judgments/365066
416044|2018-10-25|SO|III Kow 1288/18|Postanowienie|https://www.saos.org.pl/judgments/416044
376766|2018-10-25|SO|I C 1172/16|Wyrok|https://www.saos.org.pl/judgments/376766
370692|2018-10-24|SO|X K 629/17|Wyrok|https://www.saos.org.pl/judgments/370692
362069|2018-10-19|SO|XIV K 727/17|Wyrok|https://www.saos.org.pl/judgments/362069
363975|2018-10-18|SO|V Ka 319/18|Wyrok|https://www.saos.org.pl/judgments/363975
360152|2018-10-17|SO|II Ka 237/18|Wyrok|https://www.saos.org.pl/judgments/360152
372677|2018-10-16|SO|VI Ka 84/18|Wyrok|https://www.saos.org.pl/judgments/372677
377642|2018-10-11|SO|II AKa 152/18|Wyrok|https://www.saos.org.pl/judgments/377642
360230|2018-10-10|SO|I C 748/16|Wyrok|https://www.saos.org.pl/judgments/360230
362191|2018-10-09|SO|II K 232/18|Wyrok|https://www.saos.org.pl/judgments/362191
362871|2018-10-05|SO|V Ka 105/18|Uzasadnienie|https://www.saos.org.pl/judgments/362871
386485|2018-10-03|SO|II K 182/18|Uzasadnienie|https://www.saos.org.pl/judgments/386485
386484|2018-10-03|SO|II K 182/18|Wyrok|https://www.saos.org.pl/judgments/386484
357995|2018-10-03|SO|II K 526/17|Wyrok|https://www.saos.org.pl/judgments/357995
361313|2018-09-28|SO|III K 141/17|Wyrok|https://www.saos.org.pl/judgments/361313
440000|2018-09-27|SO|II AKa 303/18|Wyrok|https://www.saos.org.pl/judgments/440000
362620|2018-09-27|SO|II AKa 236/18|Wyrok|https://www.saos.org.pl/judgments/362620
370276|2018-09-25|SO|VI Ka 295/18|Wyrok|https://www.saos.org.pl/judgments/370276
361933|2018-09-25|SO|IV K 659/17|Wyrok|https://www.saos.org.pl/judgments/361933
361512|2018-09-24|SO|III Ca 1062/18|Uzasadnienie|https://www.saos.org.pl/judgments/361512
356203|2018-09-20|SO|II K 185/18|Uzasadnienie|https://www.saos.org.pl/judgments/356203
366510|2018-09-18|SO|VI Ka 667/18|Wyrok|https://www.saos.org.pl/judgments/366510
357993|2018-09-18|SO|II K 426/17|Wyrok|https://www.saos.org.pl/judgments/357993
356932|2018-09-18|SO|II K 83/17|Wyrok|https://www.saos.org.pl/judgments/356932
363747|2018-09-17|SO|V K 331/18|Wyrok|https://www.saos.org.pl/judgments/363747
359024|2018-09-12|SO|II K 179/17|Wyrok|https://www.saos.org.pl/judgments/359024
356202|2018-09-07|SO|II K 185/18|Uzasadnienie|https://www.saos.org.pl/judgments/356202
362426|2018-09-06|SO|II AKa 144/18|Wyrok|https://www.saos.org.pl/judgments/362426
359437|2018-09-06|SO|VI Ka 328/18|Wyrok|https://www.saos.org.pl/judgments/359437
357036|2018-09-06|SO|II K 772/17|Wyrok|https://www.saos.org.pl/judgments/357036
355896|2018-08-24|SO|III K 168/18|Wyrok|https://www.saos.org.pl/judgments/355896
355186|2018-08-24|SO|II Ka 176/18|Wyrok|https://www.saos.org.pl/judgments/355186
417558|2018-08-22|SO|III Kow 736/18|Postanowienie|https://www.saos.org.pl/judgments/417558
360004|2018-08-14|SO|IV Ka 658/18|Wyrok|https://www.saos.org.pl/judgments/360004
358296|2018-08-06|SO|VI Ka 1343/17|Wyrok|https://www.saos.org.pl/judgments/358296
352719|2018-07-31|SO|II K 570/18|Wyrok|https://www.saos.org.pl/judgments/352719
416057|2018-07-30|SO|III Kow 916/18|Postanowienie|https://www.saos.org.pl/judgments/416057
359148|2018-07-25|SO|VI K 332/18|Wyrok|https://www.saos.org.pl/judgments/359148
350849|2018-07-20|SO|III K 974/17|Wyrok|https://www.saos.org.pl/judgments/350849
367776|2018-07-16|SO|III K 70/14|Wyrok|https://www.saos.org.pl/judgments/367776
356988|2018-07-13|SO|VI Ka 530/18|Wyrok|https://www.saos.org.pl/judgments/356988
391251|2018-07-10|SO|II K 191/17|Wyrok|https://www.saos.org.pl/judgments/391251
381502|2018-07-10|SO|II AKa 143/18|Wyrok|https://www.saos.org.pl/judgments/381502
360887|2018-07-10|SO|VI Ka 528/18|Wyrok|https://www.saos.org.pl/judgments/360887
355957|2018-07-09|SO|VI K 385/18|Wyrok|https://www.saos.org.pl/judgments/355957
355785|2018-07-06|SO|VI Ka 524/18|Wyrok|https://www.saos.org.pl/judgments/355785
349919|2018-07-03|SO|II K 566/17|Uzasadnienie|https://www.saos.org.pl/judgments/349919
347612|2018-07-02|SO|V Ka 291/18|Wyrok|https://www.saos.org.pl/judgments/347612
350118|2018-06-29|SO|II K 142/18|Wyrok|https://www.saos.org.pl/judgments/350118
388772|2018-06-27|SO|II K 526/17|Zarządzenie|https://www.saos.org.pl/judgments/388772
347121|2018-06-27|SO|IV Ka 377/18|Wyrok|https://www.saos.org.pl/judgments/347121
361558|2018-06-22|SO|VI Ka 387/18|Wyrok|https://www.saos.org.pl/judgments/361558
355163|2018-06-22|SO|II K 575/17|Wyrok|https://www.saos.org.pl/judgments/355163
344276|2018-06-22|SO|II K 20/18|Zarządzenie|https://www.saos.org.pl/judgments/344276
365184|2018-06-21|SO|II K 176/18|Wyrok|https://www.saos.org.pl/judgments/365184
388130|2018-06-20|SO|VII K 340/17|Wyrok|https://www.saos.org.pl/judgments/388130
345869|2018-06-18|SO|II K 1110/17|Wyrok|https://www.saos.org.pl/judgments/345869
350403|2018-06-15|SO|IV Ka 320/18|Wyrok|https://www.saos.org.pl/judgments/350403
417489|2018-06-13|SO|III Kow 471/18|Postanowienie|https://www.saos.org.pl/judgments/417489
360321|2018-06-12|SO|VI Ka 405/18|Wyrok|https://www.saos.org.pl/judgments/360321
362289|2018-06-11|SO|VII K 289/17|Wyrok|https://www.saos.org.pl/judgments/362289
344275|2018-06-08|SO|II K 20/18|Wyrok|https://www.saos.org.pl/judgments/344275
346629|2018-06-07|SO|IV K 680/15|Wyrok|https://www.saos.org.pl/judgments/346629
346111|2018-06-07|SO|II K 42/18|Wyrok|https://www.saos.org.pl/judgments/346111
344832|2018-05-30|SO|VI K 1184/17|Wyrok|https://www.saos.org.pl/judgments/344832
402400|2018-05-29|SO|XVIII Ko 56/17|Wyrok|https://www.saos.org.pl/judgments/402400
364937|2018-05-29|SO|II K 330/17|Wyrok|https://www.saos.org.pl/judgments/364937
344141|2018-05-28|SO|V Ka 97/18|Wyrok|https://www.saos.org.pl/judgments/344141
355180|2018-05-22|SO|II K 824/17|Wyrok|https://www.saos.org.pl/judgments/355180
343191|2018-05-21|SO|II K 286/17|Wyrok|https://www.saos.org.pl/judgments/343191
343190|2018-05-21|SO|II K 286/17|Uzasadnienie|https://www.saos.org.pl/judgments/343190
405551|2018-05-17|SO|X K 100/18|Wyrok|https://www.saos.org.pl/judgments/405551
344649|2018-05-16|SO|IV Ka 315/18|Wyrok|https://www.saos.org.pl/judgments/344649
340422|2018-05-10|SO|II K 645/17|Wyrok|https://www.saos.org.pl/judgments/340422
337926|2018-05-09|SO|V Ka 340/18|Uzasadnienie|https://www.saos.org.pl/judgments/337926
367898|2018-04-26|SO|II K 369/17|Uzasadnienie|https://www.saos.org.pl/judgments/367898
367645|2018-04-26|SO|I C 502/17|Wyrok|https://www.saos.org.pl/judgments/367645
343044|2018-04-26|SO|II K 1447/15|Wyrok|https://www.saos.org.pl/judgments/343044
362740|2018-04-25|SO|XI K 700/17|Wyrok|https://www.saos.org.pl/judgments/362740
344037|2018-04-25|SO|I ACa 959/17|Wyrok|https://www.saos.org.pl/judgments/344037
340159|2018-04-25|SO|II K 921/17|Wyrok|https://www.saos.org.pl/judgments/340159
362348|2018-04-24|SO|I ACa 1424/17|Wyrok|https://www.saos.org.pl/judgments/362348
340876|2018-04-24|SO|XII K 288/17|Wyrok|https://www.saos.org.pl/judgments/340876
416226|2018-04-23|SO|III Kow 386/18|Postanowienie|https://www.saos.org.pl/judgments/416226
340469|2018-04-23|SO|III K 85/18|Wyrok|https://www.saos.org.pl/judgments/340469
528198|2018-04-20|SO|II AKa 42/18|Wyrok|https://www.saos.org.pl/judgments/528198
352834|2018-04-20|SO|VII K 40/18|Wyrok|https://www.saos.org.pl/judgments/352834
341663|2018-04-20|SO|VI Ka 36/18|Wyrok|https://www.saos.org.pl/judgments/341663
338453|2018-04-18|SO|II K 112/18|Wyrok|https://www.saos.org.pl/judgments/338453
419659|2018-04-17|SO|XI Ka 204/18|Wyrok|https://www.saos.org.pl/judgments/419659
358556|2018-04-17|SO|VI Ka 139/18|Wyrok|https://www.saos.org.pl/judgments/358556
342504|2018-04-17|SO|V K 208/16|Wyrok|https://www.saos.org.pl/judgments/342504
338903|2018-04-17|SO|II Ka 650/17|Wyrok|https://www.saos.org.pl/judgments/338903
338465|2018-04-17|SO|II Ka 136/18|Wyrok|https://www.saos.org.pl/judgments/338465
351258|2018-04-13|SO|VI Ka 245/18|Wyrok|https://www.saos.org.pl/judgments/351258
339898|2018-04-13|SO|VI Ka 249/18|Wyrok|https://www.saos.org.pl/judgments/339898
416049|2018-04-12|SO|III Kow 253/18|Postanowienie|https://www.saos.org.pl/judgments/416049
338738|2018-04-11|SO|VII Ka 203/18|Wyrok|https://www.saos.org.pl/judgments/338738
405723|2018-04-10|SO|X K 88/17|Wyrok|https://www.saos.org.pl/judgments/405723
347960|2018-04-10|SO|VI Ka 252/18|Wyrok|https://www.saos.org.pl/judgments/347960
338531|2018-04-10|SO|XVII Ka 265/18|Wyrok|https://www.saos.org.pl/judgments/338531
382014|2018-04-09|SO|IV K 859/17|Uzasadnienie|https://www.saos.org.pl/judgments/382014
367897|2018-04-06|SO|II K 369/17|Wyrok|https://www.saos.org.pl/judgments/367897
340702|2018-04-06|SO|II K 404/17|Wyrok|https://www.saos.org.pl/judgments/340702
336405|2018-04-06|SO|II Ka 63/18|Wyrok|https://www.saos.org.pl/judgments/336405
342299|2018-04-05|SO|IV Ka 142/18|Wyrok|https://www.saos.org.pl/judgments/342299
341839|2018-04-05|SO|II AKa 75/18|Wyrok|https://www.saos.org.pl/judgments/341839
340532|2018-03-30|SO|V K 73/16|Wyrok|https://www.saos.org.pl/judgments/340532
355123|2018-03-29|SO|II K 1011/16|Wyrok|https://www.saos.org.pl/judgments/355123
349635|2018-03-26|SO|II K 24/18|Wyrok|https://www.saos.org.pl/judgments/349635
344623|2018-03-23|SO|III K 145/17|Wyrok|https://www.saos.org.pl/judgments/344623
382013|2018-03-22|SO|IV K 859/17|Wyrok|https://www.saos.org.pl/judgments/382013
361499|2018-03-20|SO|II K 195/17|Zarządzenie|https://www.saos.org.pl/judgments/361499
357763|2018-03-20|SO|II K 195/17|Wyrok|https://www.saos.org.pl/judgments/357763
344839|2018-03-20|SO|VI K 963/17|Wyrok|https://www.saos.org.pl/judgments/344839
341666|2018-03-20|SO|VI Ka 426/17|Wyrok|https://www.saos.org.pl/judgments/341666
416193|2018-03-19|SO|III Kow 238/18|Postanowienie|https://www.saos.org.pl/judgments/416193
343883|2018-03-19|SO|VI Ka 900/17|Wyrok|https://www.saos.org.pl/judgments/343883
333007|2018-03-19|SO|II Ka 33/18|Wyrok|https://www.saos.org.pl/judgments/333007
370383|2018-03-15|SO|II K 562/17|Wyrok|https://www.saos.org.pl/judgments/370383
490143|2018-03-13|SO|III K 122/17|Wyrok|https://www.saos.org.pl/judgments/490143
351588|2018-03-13|SO|II K 894/17|Wyrok|https://www.saos.org.pl/judgments/351588
374804|2018-03-12|SO|II K 741/17|Wyrok|https://www.saos.org.pl/judgments/374804
335413|2018-03-12|SO|III K 62/17|Wyrok|https://www.saos.org.pl/judgments/335413
347958|2018-03-09|SO|VI Ka 1011/17|Wyrok|https://www.saos.org.pl/judgments/347958
335642|2018-03-09|SO|II K 1152/17|Wyrok|https://www.saos.org.pl/judgments/335642
342295|2018-03-08|SO|IV Ka 115/18|Wyrok|https://www.saos.org.pl/judgments/342295
338166|2018-03-07|SO|II AKa 40/18|Wyrok|https://www.saos.org.pl/judgments/338166
337518|2018-03-07|SO|II K 315/17|Wyrok|https://www.saos.org.pl/judgments/337518
416194|2018-03-05|SO|III Kow 24/18|Postanowienie|https://www.saos.org.pl/judgments/416194
335644|2018-03-05|SO|II K 285/15|Wyrok|https://www.saos.org.pl/judgments/335644
334243|2018-03-01|SO|II K 226/17|Wyrok|https://www.saos.org.pl/judgments/334243
416101|2018-02-28|SO|XVIII K 246/17|Wyrok|https://www.saos.org.pl/judgments/416101
352843|2018-02-28|SO|VII K 701/17|Wyrok|https://www.saos.org.pl/judgments/352843
343081|2018-02-28|SO|IV Ka 62/18|Wyrok|https://www.saos.org.pl/judgments/343081
339534|2018-02-27|SO|II K 585/16|Wyrok|https://www.saos.org.pl/judgments/339534
336532|2018-02-22|SO|I C 722/16|Wyrok|https://www.saos.org.pl/judgments/336532
347416|2018-02-14|SO|II K 408/18|Wyrok|https://www.saos.org.pl/judgments/347416
336983|2018-02-14|SO|III K 170/17|Wyrok|https://www.saos.org.pl/judgments/336983
374958|2018-02-13|SO|II K 577/17|Wyrok|https://www.saos.org.pl/judgments/374958
332984|2018-02-12|SO|II K 214/15|Wyrok|https://www.saos.org.pl/judgments/332984
329293|2018-02-07|SO|II K 41/18|Uzasadnienie|https://www.saos.org.pl/judgments/329293
329376|2018-02-06|SO|VI Ka 514/17|Wyrok|https://www.saos.org.pl/judgments/329376
416245|2018-02-05|SO|III Kow 6/18|Postanowienie|https://www.saos.org.pl/judgments/416245
369684|2018-02-02|SO|IV K 428/17|Uzasadnienie|https://www.saos.org.pl/judgments/369684
334615|2018-02-02|SO|IV Ka 493/17|Uzasadnienie|https://www.saos.org.pl/judgments/334615
340157|2018-02-01|SO|II K 389/17|Wyrok|https://www.saos.org.pl/judgments/340157
333449|2018-02-01|SO|IV Ka 1286/17|Wyrok|https://www.saos.org.pl/judgments/333449
416046|2018-01-31|SO|III Kow 1354/17|Postanowienie|https://www.saos.org.pl/judgments/416046
332488|2018-01-30|SO|V Ka 772/17|Uzasadnienie|https://www.saos.org.pl/judgments/332488
330006|2018-01-26|SO|III K 89/17|Wyrok|https://www.saos.org.pl/judgments/330006
345222|2018-01-25|SO|II AKa 593/17|Wyrok|https://www.saos.org.pl/judgments/345222
327587|2018-01-24|SO|III K 99/17|Wyrok|https://www.saos.org.pl/judgments/327587
405601|2018-01-23|SO|X K 193/17|Wyrok|https://www.saos.org.pl/judgments/405601
327918|2018-01-23|SO|II K 622/17|Wyrok|https://www.saos.org.pl/judgments/327918
416159|2018-01-22|SO|III Kow 1629/17|Postanowienie|https://www.saos.org.pl/judgments/416159
325529|2018-01-22|SO|II K 245/17|Wyrok|https://www.saos.org.pl/judgments/325529
329546|2018-01-19|SO|II K 349/17|Wyrok|https://www.saos.org.pl/judgments/329546
329290|2018-01-19|SO|II K 322/16|Wyrok|https://www.saos.org.pl/judgments/329290
334444|2018-01-16|SO|IV K 144/15|Wyrok|https://www.saos.org.pl/judgments/334444
329291|2018-01-15|SO|II K 335/17|Wyrok|https://www.saos.org.pl/judgments/329291
339704|2018-01-12|SO|VI Ka 1019/17|Wyrok|https://www.saos.org.pl/judgments/339704
335433|2018-01-12|SO|IV Ka 747/17|Wyrok|https://www.saos.org.pl/judgments/335433
330817|2018-01-12|SO|IV Ka 821/17|Uzasadnienie|https://www.saos.org.pl/judgments/330817
349132|2018-01-11|SO|II AKa 180/17|Wyrok|https://www.saos.org.pl/judgments/349132
342680|2018-01-11|SO|II K 673/17|Wyrok|https://www.saos.org.pl/judgments/342680
326045|2018-01-11|SO|V K 671/17|Wyrok|https://www.saos.org.pl/judgments/326045
369683|2018-01-10|SO|IV K 428/17|Wyrok|https://www.saos.org.pl/judgments/369683
369644|2018-01-09|SO|IV K 220/17|Uzasadnienie|https://www.saos.org.pl/judgments/369644
363568|2018-01-09|SO|II AKa 404/17|Wyrok|https://www.saos.org.pl/judgments/363568
320588|2018-01-02|SO|II K 385/17|Zarządzenie|https://www.saos.org.pl/judgments/320588
327496|2017-12-29|SO|II AKa 388/17|Wyrok|https://www.saos.org.pl/judgments/327496
327331|2017-12-29|SO|VI Ka 335/17|Wyrok|https://www.saos.org.pl/judgments/327331
328244|2017-12-22|SO|II K 391/14|Wyrok|https://www.saos.org.pl/judgments/328244
327151|2017-12-22|SO|II AKa 256/17|Wyrok|https://www.saos.org.pl/judgments/327151
326758|2017-12-21|SO|VI Ka 1033/15|Wyrok|https://www.saos.org.pl/judgments/326758
346326|2017-12-20|SO|I ACa 504/17|Wyrok|https://www.saos.org.pl/judgments/346326
369645|2017-12-19|SO|IV K 220/17|Wyrok|https://www.saos.org.pl/judgments/369645
326771|2017-12-18|SO|VI Ka 420/17|Wyrok|https://www.saos.org.pl/judgments/326771
326635|2017-12-18|SO|II K 313/17|Wyrok|https://www.saos.org.pl/judgments/326635
322644|2017-12-18|SO|VI K 657/17|Wyrok|https://www.saos.org.pl/judgments/322644
328046|2017-12-15|SO|VI Ka 512/17|Wyrok|https://www.saos.org.pl/judgments/328046
341884|2017-12-14|SO|II K 344/16|Wyrok|https://www.saos.org.pl/judgments/341884
330286|2017-12-14|SO|III K 93/17|Wyrok|https://www.saos.org.pl/judgments/330286
324627|2017-12-14|SO|II AKa 200/17|Wyrok|https://www.saos.org.pl/judgments/324627
356068|2017-12-13|SO|II K 153/16|Wyrok|https://www.saos.org.pl/judgments/356068
405748|2017-12-12|SO|X K 994/16|Wyrok|https://www.saos.org.pl/judgments/405748
326776|2017-12-12|SO|VI Ka 468/17|Wyrok|https://www.saos.org.pl/judgments/326776
340269|2017-12-11|SO|VII Ka 1079/17|Wyrok|https://www.saos.org.pl/judgments/340269
342714|2017-12-08|SO|XIV K 385/17|Wyrok|https://www.saos.org.pl/judgments/342714
327019|2017-12-08|SO|VI Ka 531/17|Wyrok|https://www.saos.org.pl/judgments/327019
336551|2017-12-07|SO|II K 122/17|Wyrok|https://www.saos.org.pl/judgments/336551
321494|2017-12-07|SO|XII K 197/17|Wyrok|https://www.saos.org.pl/judgments/321494
325295|2017-12-05|SO|IV K 927/16|Uzasadnienie|https://www.saos.org.pl/judgments/325295
321656|2017-12-05|SO|IV Ka 746/17|Uzasadnienie|https://www.saos.org.pl/judgments/321656
321655|2017-12-05|SO|IV Ka 746/17|Wyrok|https://www.saos.org.pl/judgments/321655
425201|2017-11-30|SO|II AKa 336/17|Wyrok|https://www.saos.org.pl/judgments/425201
356986|2017-11-30|SO|VI Ka 485/17|Wyrok|https://www.saos.org.pl/judgments/356986
322993|2017-11-29|SO|I C 2032/15|Wyrok|https://www.saos.org.pl/judgments/322993
324008|2017-11-28|SO|IV Ka 915/17|Wyrok|https://www.saos.org.pl/judgments/324008
326456|2017-11-27|SO|VI Ka 248/17|Wyrok|https://www.saos.org.pl/judgments/326456
330658|2017-11-24|SO|VII K 116/17|Wyrok|https://www.saos.org.pl/judgments/330658
338057|2017-11-22|SO|II K 124/17|Uzasadnienie|https://www.saos.org.pl/judgments/338057
316534|2017-11-22|SO|IV K 89/17|Wyrok|https://www.saos.org.pl/judgments/316534
316354|2017-11-20|SO|II K 621/17|Wyrok|https://www.saos.org.pl/judgments/316354
340898|2017-11-16|SO|II K 682/16|Wyrok|https://www.saos.org.pl/judgments/340898
341325|2017-11-15|SO|II K 219/17|Wyrok|https://www.saos.org.pl/judgments/341325
325294|2017-11-13|SO|IV K 927/16|Wyrok|https://www.saos.org.pl/judgments/325294
317570|2017-11-13|SO|IV K 1154/16|Wyrok|https://www.saos.org.pl/judgments/317570
316367|2017-11-13|SO|II K 76/17|Uzasadnienie|https://www.saos.org.pl/judgments/316367
315379|2017-11-13|SO|IV Kow 1199/17|Postanowienie|https://www.saos.org.pl/judgments/315379
315377|2017-11-13|SO|IV Kow 1164/17|Postanowienie|https://www.saos.org.pl/judgments/315377
332474|2017-11-06|SO|V Ka 236/17|Uzasadnienie|https://www.saos.org.pl/judgments/332474
317739|2017-11-06|SO|VII Ka 687/17|Wyrok|https://www.saos.org.pl/judgments/317739
375537|2017-11-03|SO|IX Ka 415/17|Wyrok|https://www.saos.org.pl/judgments/375537
338058|2017-11-03|SO|II K 124/17|Wyrok|https://www.saos.org.pl/judgments/338058
316359|2017-11-03|SO|II K 663/16|Wyrok|https://www.saos.org.pl/judgments/316359
314858|2017-10-30|SO|V Ka 506/17|Wyrok|https://www.saos.org.pl/judgments/314858
314555|2017-10-30|SO|III K 135/17|Wyrok|https://www.saos.org.pl/judgments/314555
322912|2017-10-27|SO|VI Ka 687/17|Uzasadnienie|https://www.saos.org.pl/judgments/322912
322911|2017-10-27|SO|VI Ka 687/17|Wyrok|https://www.saos.org.pl/judgments/322911
323491|2017-10-26|SO|II AKa 464/17|Wyrok|https://www.saos.org.pl/judgments/323491
314693|2017-10-25|SO|IV Ka 771/17|Wyrok|https://www.saos.org.pl/judgments/314693
318374|2017-10-24|SO|II K 182/17|Wyrok|https://www.saos.org.pl/judgments/318374
316820|2017-10-24|SO|VI Ka 423/17|Wyrok|https://www.saos.org.pl/judgments/316820
314983|2017-10-24|SO|VII K 83/17|Wyrok|https://www.saos.org.pl/judgments/314983
314694|2017-10-24|SO|IV Ka 789/17|Wyrok|https://www.saos.org.pl/judgments/314694
314561|2017-10-24|SO|III K 19/17|Wyrok|https://www.saos.org.pl/judgments/314561
329013|2017-10-20|SO|VI Ka 726/17|Wyrok|https://www.saos.org.pl/judgments/329013
310858|2017-10-19|SO|V Ka 618/17|Uzasadnienie|https://www.saos.org.pl/judgments/310858
320586|2017-10-17|SO|II K 362/17|Wyrok|https://www.saos.org.pl/judgments/320586
310770|2017-10-17|SO|II K 64/17|Wyrok|https://www.saos.org.pl/judgments/310770
310209|2017-10-12|SO|II K 55/17|Wyrok|https://www.saos.org.pl/judgments/310209
337350|2017-10-11|SO|II K 334/16|Wyrok|https://www.saos.org.pl/judgments/337350
321021|2017-10-10|SO|VI Ka 614/17|Wyrok|https://www.saos.org.pl/judgments/321021
316816|2017-10-10|SO|VI Ka 394/17|Wyrok|https://www.saos.org.pl/judgments/316816
362649|2017-10-05|SO|II K 124/16|Wyrok|https://www.saos.org.pl/judgments/362649
305515|2017-10-04|SO|II K 428/17|Uzasadnienie|https://www.saos.org.pl/judgments/305515
311019|2017-10-02|SO|III K 162/17|Postanowienie|https://www.saos.org.pl/judgments/311019
310235|2017-10-02|SO|IV K 1130/16|Wyrok|https://www.saos.org.pl/judgments/310235
311802|2017-09-28|SO|IV Ka 747/17|Wyrok|https://www.saos.org.pl/judgments/311802
308211|2017-09-25|SO|IV K 421/16|Uzasadnienie|https://www.saos.org.pl/judgments/308211
374960|2017-09-22|SO|II K 674/16|Wyrok|https://www.saos.org.pl/judgments/374960
338060|2017-09-21|SO|II K 169/17|Wyrok|https://www.saos.org.pl/judgments/338060
312448|2017-09-21|SO|II K 230/17|Wyrok|https://www.saos.org.pl/judgments/312448
311819|2017-09-21|SO|IV Ka 892/17|Wyrok|https://www.saos.org.pl/judgments/311819
399211|2017-09-15|SO|X K 423/16|Wyrok|https://www.saos.org.pl/judgments/399211
308541|2017-09-15|SO|II K 184/17|Wyrok|https://www.saos.org.pl/judgments/308541
312244|2017-09-13|SO|VIII K 66/17|Wyrok|https://www.saos.org.pl/judgments/312244
333984|2017-09-11|SO|VI K 5/17|Wyrok|https://www.saos.org.pl/judgments/333984
308210|2017-09-11|SO|IV K 421/16|Wyrok|https://www.saos.org.pl/judgments/308210
313183|2017-09-08|SO|II K 240/17|Wyrok|https://www.saos.org.pl/judgments/313183
345497|2017-09-06|SO|II K 70/17|Zarządzenie|https://www.saos.org.pl/judgments/345497
399161|2017-09-05|SO|X K 1035/16|Wyrok|https://www.saos.org.pl/judgments/399161
308891|2017-09-01|SO|VII Kzw 461/17|Postanowienie|https://www.saos.org.pl/judgments/308891
330536|2017-08-31|SO|II K 868/16|Wyrok|https://www.saos.org.pl/judgments/330536
310245|2017-08-30|SO|IV Ka 481/17|Wyrok|https://www.saos.org.pl/judgments/310245
345496|2017-08-29|SO|II K 70/17|Wyrok|https://www.saos.org.pl/judgments/345496
307223|2017-08-28|SO|XIV K 314/17|Wyrok|https://www.saos.org.pl/judgments/307223
308641|2017-08-23|SO|XVII Ka 837/17|Wyrok|https://www.saos.org.pl/judgments/308641
320353|2017-08-22|SO|VI Ka 512/17|Uzasadnienie|https://www.saos.org.pl/judgments/320353
320352|2017-08-22|SO|VI Ka 512/17|Wyrok|https://www.saos.org.pl/judgments/320352
346567|2017-08-21|SO|VII K 14/17|Wyrok|https://www.saos.org.pl/judgments/346567
305505|2017-08-17|SO|II K 351/16|Wyrok|https://www.saos.org.pl/judgments/305505
303078|2017-08-17|SO|II K 183/17|Wyrok|https://www.saos.org.pl/judgments/303078
305509|2017-08-09|SO|II K 362/17|Wyrok|https://www.saos.org.pl/judgments/305509
303076|2017-08-09|SO|II K 1238/15|Wyrok|https://www.saos.org.pl/judgments/303076
311212|2017-08-04|SO|II Ca 580/17|Wyrok|https://www.saos.org.pl/judgments/311212
308888|2017-08-03|SO|VII Kz 312/17|Postanowienie|https://www.saos.org.pl/judgments/308888
305417|2017-08-02|SO|II K 104/17|Wyrok|https://www.saos.org.pl/judgments/305417
326634|2017-08-01|SO|II K 274/17|Zarządzenie|https://www.saos.org.pl/judgments/326634
306455|2017-08-01|SO|VI Ka 109/17|Wyrok|https://www.saos.org.pl/judgments/306455
327014|2017-07-28|SO|VI Ka 235/17|Wyrok|https://www.saos.org.pl/judgments/327014
298326|2017-07-28|SO|VI Ka 240/17|Wyrok|https://www.saos.org.pl/judgments/298326
306453|2017-07-25|SO|VI Ka 104/17|Wyrok|https://www.saos.org.pl/judgments/306453
300004|2017-07-21|SO|VI Ka 440/17|Wyrok|https://www.saos.org.pl/judgments/300004
300561|2017-07-19|SO|V K 72/17|Wyrok|https://www.saos.org.pl/judgments/300561
298146|2017-07-18|SO|II K 1221/16|Wyrok|https://www.saos.org.pl/judgments/298146
294152|2017-07-14|SO|III Kow 701/17|Postanowienie|https://www.saos.org.pl/judgments/294152
294149|2017-07-14|SO|III Kow 610/17|Postanowienie|https://www.saos.org.pl/judgments/294149
306508|2017-07-13|SO|VI Ka 27/17|Wyrok|https://www.saos.org.pl/judgments/306508
303158|2017-07-13|SO|VII K 716/16|Wyrok|https://www.saos.org.pl/judgments/303158
524257|2017-07-11|SO|II K 101/17|Wyrok|https://www.saos.org.pl/judgments/524257
413895|2017-07-06|SO|II K 53/17|Wyrok|https://www.saos.org.pl/judgments/413895
399162|2017-07-06|SO|X K 1057/15|Wyrok|https://www.saos.org.pl/judgments/399162
298472|2017-07-06|SO|II AKa 186/17|Wyrok|https://www.saos.org.pl/judgments/298472
297066|2017-07-05|SO|II K 118/17|Wyrok|https://www.saos.org.pl/judgments/297066
294482|2017-07-04|SO|V Ka 361/17|Uzasadnienie|https://www.saos.org.pl/judgments/294482
315923|2017-07-03|SO|IV K 42/17|Wyrok|https://www.saos.org.pl/judgments/315923
308428|2017-06-29|SO|IV Ka 211/17|Wyrok|https://www.saos.org.pl/judgments/308428
304073|2017-06-29|SO|V Ka 221/17|Wyrok|https://www.saos.org.pl/judgments/304073
300008|2017-06-27|SO|VII K 4/17|Wyrok|https://www.saos.org.pl/judgments/300008
295962|2017-06-23|SO|II K 123/17|Wyrok|https://www.saos.org.pl/judgments/295962
334112|2017-06-22|SO|IX K 771/15|Wyrok|https://www.saos.org.pl/judgments/334112
291123|2017-06-22|SO|II K 846/16|Wyrok|https://www.saos.org.pl/judgments/291123
297181|2017-06-21|SO|VI Ka 1261/16|Wyrok|https://www.saos.org.pl/judgments/297181
292552|2017-06-21|SO|VII Ka 566/17|Wyrok|https://www.saos.org.pl/judgments/292552
290094|2017-06-20|SO|II Kz 103/17|Postanowienie|https://www.saos.org.pl/judgments/290094
316307|2017-06-19|SO|II K 171/16|Wyrok|https://www.saos.org.pl/judgments/316307
297095|2017-06-19|SO|II K 387/17|Wyrok|https://www.saos.org.pl/judgments/297095
302747|2017-06-14|SO|II K 374/16|Wyrok|https://www.saos.org.pl/judgments/302747
323929|2017-06-13|SO|III K 1118/13|Uzasadnienie|https://www.saos.org.pl/judgments/323929
288154|2017-06-12|SO|V Ka 1504/16|Uzasadnienie|https://www.saos.org.pl/judgments/288154
296630|2017-06-08|SO|VI Ka 1339/16|Wyrok|https://www.saos.org.pl/judgments/296630
292290|2017-06-08|SO|II K 62/17|Zarządzenie|https://www.saos.org.pl/judgments/292290
296642|2017-06-06|SO|VI Ka 1635/16|Wyrok|https://www.saos.org.pl/judgments/296642
305525|2017-06-05|SO|II K 481/15|Uzasadnienie|https://www.saos.org.pl/judgments/305525
296628|2017-06-05|SO|VI Ka 1305/16|Wyrok|https://www.saos.org.pl/judgments/296628
305458|2017-06-01|SO|II K 201/16|Wyrok|https://www.saos.org.pl/judgments/305458
292286|2017-05-31|SO|II K 467/16|Wyrok|https://www.saos.org.pl/judgments/292286
300971|2017-05-25|SO|IV Ka 97/17|Uzasadnienie|https://www.saos.org.pl/judgments/300971
300970|2017-05-25|SO|IV Ka 97/17|Wyrok|https://www.saos.org.pl/judgments/300970
296848|2017-05-24|SO|II K 20/17|Wyrok|https://www.saos.org.pl/judgments/296848
287554|2017-05-24|SO|II K 19/17|Wyrok|https://www.saos.org.pl/judgments/287554
287993|2017-05-22|SO|II K 1297/15|Wyrok|https://www.saos.org.pl/judgments/287993
286411|2017-05-22|SO|II K 102/17|Wyrok|https://www.saos.org.pl/judgments/286411
321447|2017-05-17|SO|VIII K 88/17|Wyrok|https://www.saos.org.pl/judgments/321447
291977|2017-05-15|SO|VII K 185/17|Wyrok|https://www.saos.org.pl/judgments/291977
296694|2017-05-12|SO|II AKa 47/17|Wyrok|https://www.saos.org.pl/judgments/296694
289091|2017-05-11|SO|II K 143/16|Wyrok|https://www.saos.org.pl/judgments/289091
286917|2017-05-10|SO|VI Ka 901/16|Wyrok|https://www.saos.org.pl/judgments/286917
305857|2017-05-09|SO|III K 879/16|Wyrok|https://www.saos.org.pl/judgments/305857
286694|2017-05-09|SO|IV K 1104/16|Wyrok|https://www.saos.org.pl/judgments/286694
286879|2017-05-05|SO|VI Ka 1450/16|Wyrok|https://www.saos.org.pl/judgments/286879
282534|2017-05-04|SO|II K 69/16|Zarządzenie|https://www.saos.org.pl/judgments/282534
314496|2017-04-28|SO|II K 971/16|Wyrok|https://www.saos.org.pl/judgments/314496
310328|2017-04-28|SO|VII K 378/16|Wyrok|https://www.saos.org.pl/judgments/310328
297513|2017-04-28|SO|IX Ka 6/17|Wyrok|https://www.saos.org.pl/judgments/297513
286860|2017-04-28|SO|VI Ka 1150/16|Wyrok|https://www.saos.org.pl/judgments/286860
293714|2017-04-21|SO|VII K 751/16|Wyrok|https://www.saos.org.pl/judgments/293714
329308|2017-04-20|SO|II K 958/16|Wyrok|https://www.saos.org.pl/judgments/329308
323930|2017-04-20|SO|III K 1118/13|Wyrok|https://www.saos.org.pl/judgments/323930
289917|2017-04-13|SO|II AKa 61/17|Wyrok|https://www.saos.org.pl/judgments/289917
286445|2017-04-11|SO|II Ka 80/17|Wyrok|https://www.saos.org.pl/judgments/286445
284772|2017-04-07|SO|VI Ka 3/17|Wyrok|https://www.saos.org.pl/judgments/284772
282954|2017-04-07|SO|IV Ka 1457/16|Wyrok|https://www.saos.org.pl/judgments/282954
282353|2017-04-06|SO|IV K 524/15|Wyrok|https://www.saos.org.pl/judgments/282353
288443|2017-04-05|SO|II K 542/15|Wyrok|https://www.saos.org.pl/judgments/288443
288723|2017-03-31|SO|II K 104/17|Wyrok|https://www.saos.org.pl/judgments/288723
286953|2017-03-31|SO|VII K 672/16|Wyrok|https://www.saos.org.pl/judgments/286953
284779|2017-03-24|SO|VI Ka 594/16|Wyrok|https://www.saos.org.pl/judgments/284779
279734|2017-03-24|SO|II K 816/16|Wyrok|https://www.saos.org.pl/judgments/279734
292373|2017-03-23|SO|VII K 615/16|Wyrok|https://www.saos.org.pl/judgments/292373
278958|2017-03-21|SO|II K 554/15|Wyrok|https://www.saos.org.pl/judgments/278958
278057|2017-03-21|SO|VI Ka 703/16|Wyrok|https://www.saos.org.pl/judgments/278057
284630|2017-03-16|SO|IV Ka 153/17|Wyrok|https://www.saos.org.pl/judgments/284630
279717|2017-03-14|SO|II K 363/16|Wyrok|https://www.saos.org.pl/judgments/279717
284473|2017-03-08|SO|II K 415/15|Wyrok|https://www.saos.org.pl/judgments/284473
278967|2017-03-07|SO|II K 755/16|Wyrok|https://www.saos.org.pl/judgments/278967
277542|2017-03-07|SO|II K 10/17|Wyrok|https://www.saos.org.pl/judgments/277542
282535|2017-03-03|SO|II K 69/16|Wyrok|https://www.saos.org.pl/judgments/282535
281871|2017-03-03|SO|VI Ka 1324/16|Wyrok|https://www.saos.org.pl/judgments/281871
279168|2017-03-03|SO|VI Ka 465/16|Wyrok|https://www.saos.org.pl/judgments/279168
276200|2017-03-02|SO|II K 10/16|Wyrok|https://www.saos.org.pl/judgments/276200
305833|2017-02-24|SO|III K 1058/15|Wyrok|https://www.saos.org.pl/judgments/305833
284013|2017-02-23|SO|II K 1060/16|Wyrok|https://www.saos.org.pl/judgments/284013
276825|2017-02-23|SO|VIII K 1012/16|Wyrok|https://www.saos.org.pl/judgments/276825
281798|2017-02-21|SO|IV Ka 103/17|Wyrok|https://www.saos.org.pl/judgments/281798
274232|2017-02-21|SO|II K 652/16|Wyrok|https://www.saos.org.pl/judgments/274232
288725|2017-02-20|SO|II K 1069/16|Wyrok|https://www.saos.org.pl/judgments/288725
370754|2017-02-17|SO|IV K 80/15|Uzasadnienie|https://www.saos.org.pl/judgments/370754
276730|2017-02-17|SO|VI Ka 569/16|Wyrok|https://www.saos.org.pl/judgments/276730
274748|2017-02-17|SO|VI Ka 1325/16|Wyrok|https://www.saos.org.pl/judgments/274748
352917|2017-02-15|SO|II K 425/16|Wyrok|https://www.saos.org.pl/judgments/352917
314376|2017-02-15|SO|II AKa 242/16|Uzasadnienie|https://www.saos.org.pl/judgments/314376
284709|2017-02-14|SO|IX K 387/16|Wyrok|https://www.saos.org.pl/judgments/284709
278035|2017-02-10|SO|VI Ka 1289/16|Wyrok|https://www.saos.org.pl/judgments/278035
272024|2017-02-10|SO|VII Ka 42/17|Wyrok|https://www.saos.org.pl/judgments/272024
274227|2017-02-09|SO|II K 623/16|Wyrok|https://www.saos.org.pl/judgments/274227
274231|2017-02-08|SO|II K 646/16|Wyrok|https://www.saos.org.pl/judgments/274231
281033|2017-02-07|SO|V Ka 1330/16|Uzasadnienie|https://www.saos.org.pl/judgments/281033
269945|2017-02-06|SO|II K 1007/15|Uzasadnienie|https://www.saos.org.pl/judgments/269945
336997|2017-02-02|SO|IX Ka 702/16|Wyrok|https://www.saos.org.pl/judgments/336997
290668|2017-01-31|SO|VI Ka 1229/16|Wyrok|https://www.saos.org.pl/judgments/290668
283465|2017-01-31|SO|II AKa 204/16|Wyrok|https://www.saos.org.pl/judgments/283465
284460|2017-01-30|SO|II K 1281/14|Wyrok|https://www.saos.org.pl/judgments/284460
281043|2017-01-30|SO|V Ka 1434/16|Uzasadnienie|https://www.saos.org.pl/judgments/281043
270354|2017-01-30|SO|III K 280/16|Wyrok|https://www.saos.org.pl/judgments/270354
269959|2017-01-25|SO|II K 69/16|Wyrok|https://www.saos.org.pl/judgments/269959
409538|2017-01-24|SO|I ACa 809/16|Wyrok|https://www.saos.org.pl/judgments/409538
269340|2017-01-19|SO|VI Ka 597/16|Wyrok|https://www.saos.org.pl/judgments/269340
272846|2017-01-13|SO|II K 1038/16|Wyrok|https://www.saos.org.pl/judgments/272846
271285|2017-01-13|SO|II K 68/17|Wyrok|https://www.saos.org.pl/judgments/271285
287559|2017-01-11|SO|II K 374/16|Wyrok|https://www.saos.org.pl/judgments/287559
269944|2017-01-10|SO|II K 1007/15|Wyrok|https://www.saos.org.pl/judgments/269944
268639|2017-01-09|SO|V Ka 608/16|Wyrok|https://www.saos.org.pl/judgments/268639
272272|2016-12-30|SO|IV Ka 1079/16|Wyrok|https://www.saos.org.pl/judgments/272272
303518|2016-12-29|SO|III K 114/16|Wyrok|https://www.saos.org.pl/judgments/303518
278426|2016-12-28|SO|IV Ka 874/16|Wyrok|https://www.saos.org.pl/judgments/278426
267101|2016-12-28|SO|II Ka 685/16|Wyrok|https://www.saos.org.pl/judgments/267101
265371|2016-12-28|SO|I Ca 482/16|Postanowienie|https://www.saos.org.pl/judgments/265371
307798|2016-12-27|SO|IV K 298/16|Uzasadnienie|https://www.saos.org.pl/judgments/307798
267969|2016-12-27|SO|XIV K 176/16|Wyrok|https://www.saos.org.pl/judgments/267969
370753|2016-12-23|SO|IV K 80/15|Wyrok|https://www.saos.org.pl/judgments/370753
263917|2016-12-22|SO|V Ka 605/16|Wyrok|https://www.saos.org.pl/judgments/263917
283204|2016-12-21|SO|II K 1051/14|Wyrok|https://www.saos.org.pl/judgments/283204
282206|2016-12-21|SO|II K 24/15|Wyrok|https://www.saos.org.pl/judgments/282206
282811|2016-12-20|SO|II K 238/15|Wyrok|https://www.saos.org.pl/judgments/282811
265659|2016-12-12|SO|V Ka 573/16|Wyrok|https://www.saos.org.pl/judgments/265659
277440|2016-12-08|SO|I C 798/16|Uzasadnienie|https://www.saos.org.pl/judgments/277440
263219|2016-12-08|SO|VII Ka 835/16|Wyrok|https://www.saos.org.pl/judgments/263219
261319|2016-12-08|SO|II AKa 180/16|Wyrok|https://www.saos.org.pl/judgments/261319
261082|2016-12-08|SO|II K 857/16|Wyrok|https://www.saos.org.pl/judgments/261082
258426|2016-12-08|SO|II K 449/16|Zarządzenie|https://www.saos.org.pl/judgments/258426
263869|2016-12-07|SO|III Ca 1154/16|Wyrok|https://www.saos.org.pl/judgments/263869
262871|2016-12-07|SO|IV Ka 680/16|Wyrok|https://www.saos.org.pl/judgments/262871
307797|2016-12-01|SO|IV K 298/16|Wyrok|https://www.saos.org.pl/judgments/307797
288459|2016-12-01|SO|II K 888/14|Wyrok|https://www.saos.org.pl/judgments/288459
274767|2016-11-30|SO|VI Ka 896/16|Wyrok|https://www.saos.org.pl/judgments/274767
272015|2016-11-30|SO|VII Ka 1013/16|Wyrok|https://www.saos.org.pl/judgments/272015
262833|2016-11-30|SO|IV Ka 585/16|Uzasadnienie|https://www.saos.org.pl/judgments/262833
295057|2016-11-28|SO|II K 281/16|Wyrok|https://www.saos.org.pl/judgments/295057
262554|2016-11-28|SO|VI Ka 1153/16|Wyrok|https://www.saos.org.pl/judgments/262554
268508|2016-11-24|SO|II AKa 167/16|Wyrok|https://www.saos.org.pl/judgments/268508
277832|2016-11-23|SO|IV Ka 770/16|Wyrok|https://www.saos.org.pl/judgments/277832
256624|2016-11-17|SO|II Ka 528/16|Wyrok|https://www.saos.org.pl/judgments/256624
260337|2016-11-16|SO|XVI K 195/16|Wyrok|https://www.saos.org.pl/judgments/260337
268556|2016-11-15|SO|II K 459/15|Wyrok|https://www.saos.org.pl/judgments/268556
272296|2016-11-08|SO|IV Ka 908/16|Wyrok|https://www.saos.org.pl/judgments/272296
272291|2016-11-08|SO|IV Ka 889/16|Wyrok|https://www.saos.org.pl/judgments/272291
270040|2016-11-08|SO|VI Ka 906/16|Wyrok|https://www.saos.org.pl/judgments/270040
267434|2016-11-07|SO|V Ka 510/16|Uzasadnienie|https://www.saos.org.pl/judgments/267434
262303|2016-11-07|SO|VI Ka 1041/16|Wyrok|https://www.saos.org.pl/judgments/262303
261533|2016-11-07|SO|V Ka 498/16|Wyrok|https://www.saos.org.pl/judgments/261533
270353|2016-11-03|SO|III K 1248/14|Wyrok|https://www.saos.org.pl/judgments/270353
257973|2016-11-02|SO|XVII Ka 786/16|Wyrok|https://www.saos.org.pl/judgments/257973
282529|2016-10-28|SO|II K 495/16|Wyrok|https://www.saos.org.pl/judgments/282529
267910|2016-10-28|SO|VI Ka 389/16|Wyrok|https://www.saos.org.pl/judgments/267910
262820|2016-10-28|SO|IV Ka 45/16|Uzasadnienie|https://www.saos.org.pl/judgments/262820
290533|2016-10-27|SO|IX Ka 542/16|Wyrok|https://www.saos.org.pl/judgments/290533
262447|2016-10-27|SO|II K 210/14|Wyrok|https://www.saos.org.pl/judgments/262447
261315|2016-10-27|SO|II AKa 142/16|Wyrok|https://www.saos.org.pl/judgments/261315
256209|2016-10-27|SO|II K 119/16|Wyrok|https://www.saos.org.pl/judgments/256209
277826|2016-10-26|SO|IV Ka 663/16|Wyrok|https://www.saos.org.pl/judgments/277826
270490|2016-10-26|SO|X K 743/14|Wyrok|https://www.saos.org.pl/judgments/270490
254634|2016-10-26|SO|III K 268/16|Wyrok|https://www.saos.org.pl/judgments/254634
271989|2016-10-25|SO|II K 170/16|Wyrok|https://www.saos.org.pl/judgments/271989
263402|2016-10-21|SO|III K 175/16|Wyrok|https://www.saos.org.pl/judgments/263402
256218|2016-10-21|SO|II Ka 244/16|Wyrok|https://www.saos.org.pl/judgments/256218
276226|2016-10-20|SO|II K 594/14|Wyrok|https://www.saos.org.pl/judgments/276226
255531|2016-10-20|SO|V Ka 443/16|Wyrok|https://www.saos.org.pl/judgments/255531
253295|2016-10-20|SO|II K 433/16|Wyrok|https://www.saos.org.pl/judgments/253295
256844|2016-10-19|SO|II K 566/16|Wyrok|https://www.saos.org.pl/judgments/256844
267470|2016-10-18|SO|VI Ka 379/16|Wyrok|https://www.saos.org.pl/judgments/267470
253939|2016-10-18|SO|II K 955/16|Wyrok|https://www.saos.org.pl/judgments/253939
279997|2016-10-14|SO|VI Ka 911/16|Wyrok|https://www.saos.org.pl/judgments/279997
253108|2016-10-13|SO|III K 151/16|Wyrok|https://www.saos.org.pl/judgments/253108
259009|2016-10-11|SO|II Ka 296/16|Wyrok|https://www.saos.org.pl/judgments/259009
267908|2016-10-07|SO|VI Ka 349/16|Wyrok|https://www.saos.org.pl/judgments/267908
252267|2016-10-07|SO|II Ka 386/16|Wyrok|https://www.saos.org.pl/judgments/252267
253606|2016-10-05|SO|IV K 109/16|Wyrok|https://www.saos.org.pl/judgments/253606
267914|2016-10-04|SO|VI Ka 638/16|Wyrok|https://www.saos.org.pl/judgments/267914
263945|2016-10-04|SO|VI Ka 869/16|Wyrok|https://www.saos.org.pl/judgments/263945
255150|2016-10-03|SO|II K 402/13|Wyrok|https://www.saos.org.pl/judgments/255150
250906|2016-09-30|SO|IV K 342/16|Wyrok|https://www.saos.org.pl/judgments/250906
250986|2016-09-29|SO|VII K 197/16|Wyrok|https://www.saos.org.pl/judgments/250986
524444|2016-09-26|SO|XVIII K 58/16|Wyrok|https://www.saos.org.pl/judgments/524444
254469|2016-09-26|SO|V Ka 177/16|Wyrok|https://www.saos.org.pl/judgments/254469
315542|2016-09-23|SO|IV K 350/16|Wyrok|https://www.saos.org.pl/judgments/315542
252652|2016-09-20|SO|IV Ka 516/16|Wyrok|https://www.saos.org.pl/judgments/252652
250656|2016-09-16|SO|XIV K 320/16|Wyrok|https://www.saos.org.pl/judgments/250656
286435|2016-09-15|SO|II K 781/15|Wyrok|https://www.saos.org.pl/judgments/286435
253109|2016-09-15|SO|III K 438/15|Wyrok|https://www.saos.org.pl/judgments/253109
253995|2016-09-14|SO|III K 301/16|Wyrok|https://www.saos.org.pl/judgments/253995
253117|2016-09-14|SO|IV K 325/16|Wyrok|https://www.saos.org.pl/judgments/253117
250251|2016-09-14|SO|II Ka 174/16|Wyrok|https://www.saos.org.pl/judgments/250251
262564|2016-09-13|SO|VI Ka 713/16|Wyrok|https://www.saos.org.pl/judgments/262564
265657|2016-09-12|SO|V K 28/16|Wyrok|https://www.saos.org.pl/judgments/265657
280177|2016-09-09|SO|II K 159/16|Wyrok|https://www.saos.org.pl/judgments/280177
253087|2016-09-09|SO|II K 599/15|Wyrok|https://www.saos.org.pl/judgments/253087
266906|2016-09-08|SO|VIII Ka 58/16|Wyrok|https://www.saos.org.pl/judgments/266906
251135|2016-09-07|SO|VI Ka 633/16|Wyrok|https://www.saos.org.pl/judgments/251135
258972|2016-09-06|SO|II K 629/16|Wyrok|https://www.saos.org.pl/judgments/258972
248057|2016-08-31|SO|XIV K 571/15|Wyrok|https://www.saos.org.pl/judgments/248057
249617|2016-08-30|SO|II AKa 190/16|Wyrok|https://www.saos.org.pl/judgments/249617
245945|2016-08-29|SO|II K 104/15|Wyrok|https://www.saos.org.pl/judgments/245945
420106|2016-08-22|SO|XIV K 29/16|Uzasadnienie|https://www.saos.org.pl/judgments/420106
524406|2016-08-17|SO|VIII K 83/16|Wyrok|https://www.saos.org.pl/judgments/524406
284458|2016-08-08|SO|II K 104/16|Wyrok|https://www.saos.org.pl/judgments/284458
305137|2016-08-05|SO|II Ca 137/16|Wyrok|https://www.saos.org.pl/judgments/305137
247377|2016-08-05|SO|II K 42/16|Wyrok|https://www.saos.org.pl/judgments/247377
288425|2016-08-04|SO|II K 208/15|Wyrok|https://www.saos.org.pl/judgments/288425
288424|2016-08-04|SO|II K 208/15|Uzasadnienie|https://www.saos.org.pl/judgments/288424
255387|2016-08-03|SO|II K 300/16|Wyrok|https://www.saos.org.pl/judgments/255387
240496|2016-07-29|SO|III K 168/16|Wyrok|https://www.saos.org.pl/judgments/240496
236883|2016-07-27|SO|II Ka 403/16|Wyrok|https://www.saos.org.pl/judgments/236883
299517|2016-07-26|SO|II K 232/15|Wyrok|https://www.saos.org.pl/judgments/299517
273214|2016-07-22|SO|IV Ka 456/16|Wyrok|https://www.saos.org.pl/judgments/273214
283978|2016-07-20|SO|I C 367/16|Wyrok|https://www.saos.org.pl/judgments/283978
249323|2016-07-19|SO|IV Ka 254/16|Wyrok|https://www.saos.org.pl/judgments/249323
249322|2016-07-19|SO|IV Ka 254/16|Uzasadnienie|https://www.saos.org.pl/judgments/249322
246451|2016-07-19|SO|II K 504/15|Wyrok|https://www.saos.org.pl/judgments/246451
239124|2016-07-18|SO|II K 481/13|Wyrok|https://www.saos.org.pl/judgments/239124
236683|2016-07-15|SO|IV Ka 493/16|Wyrok|https://www.saos.org.pl/judgments/236683
235876|2016-07-08|SO|II Ka 342/16|Wyrok|https://www.saos.org.pl/judgments/235876
283969|2016-07-06|SO|I C 167/16|Wyrok|https://www.saos.org.pl/judgments/283969
260909|2016-07-06|SO|VII K 69/16|Wyrok|https://www.saos.org.pl/judgments/260909
271577|2016-06-30|SO|II AKa 93/16|Wyrok|https://www.saos.org.pl/judgments/271577
284805|2016-06-29|SO|VII K 237/15|Wyrok|https://www.saos.org.pl/judgments/284805
420107|2016-06-27|SO|XIV K 29/16|Wyrok|https://www.saos.org.pl/judgments/420107
253081|2016-06-24|SO|II K 218/16|Wyrok|https://www.saos.org.pl/judgments/253081
233517|2016-06-24|SO|II K 281/16|Wyrok|https://www.saos.org.pl/judgments/233517
267801|2016-06-23|SO|III Kow 520/16|Postanowienie|https://www.saos.org.pl/judgments/267801
234110|2016-06-23|SO|VIII K 646/16|Uzasadnienie|https://www.saos.org.pl/judgments/234110
238152|2016-06-22|SO|IV Ka 353/16|Wyrok|https://www.saos.org.pl/judgments/238152
233169|2016-06-22|SO|I C 541/16|Wyrok|https://www.saos.org.pl/judgments/233169
238153|2016-06-21|SO|IV Ka 391/16|Wyrok|https://www.saos.org.pl/judgments/238153
237866|2016-06-21|SO|VI Ka 454/16|Wyrok|https://www.saos.org.pl/judgments/237866
235448|2016-06-20|SO|V Ka 258/16|Wyrok|https://www.saos.org.pl/judgments/235448
235447|2016-06-20|SO|V Ka 258/16|Uzasadnienie|https://www.saos.org.pl/judgments/235447
237873|2016-06-17|SO|VI Ka 510/16|Wyrok|https://www.saos.org.pl/judgments/237873
236098|2016-06-17|SO|III K 136/15|Wyrok|https://www.saos.org.pl/judgments/236098
233576|2016-06-17|SO|IV Ka 421/16|Wyrok|https://www.saos.org.pl/judgments/233576
250827|2016-06-16|SO|II K 572/14|Wyrok|https://www.saos.org.pl/judgments/250827
237837|2016-06-16|SO|II K 683/15|Wyrok|https://www.saos.org.pl/judgments/237837
235050|2016-06-16|SO|IV Ka 218/16|Wyrok|https://www.saos.org.pl/judgments/235050
239023|2016-06-14|SO|VI Ka 335/16|Wyrok|https://www.saos.org.pl/judgments/239023
234450|2016-06-14|SO|VI Nsm 1467/15|Postanowienie|https://www.saos.org.pl/judgments/234450
235639|2016-06-10|SO|IV Ka 407/16|Wyrok|https://www.saos.org.pl/judgments/235639
235241|2016-06-10|SO|II Ka 287/16|Wyrok|https://www.saos.org.pl/judgments/235241
270482|2016-06-09|SO|X K 648/14|Wyrok|https://www.saos.org.pl/judgments/270482
235271|2016-06-09|SO|IV K 19/16|Wyrok|https://www.saos.org.pl/judgments/235271
230834|2016-06-09|SO|II K 492/15|Wyrok|https://www.saos.org.pl/judgments/230834
231533|2016-06-07|SO|IV Ka 273/16|Wyrok|https://www.saos.org.pl/judgments/231533
231532|2016-06-07|SO|IV Ka 273/16|Uzasadnienie|https://www.saos.org.pl/judgments/231532
262775|2016-06-03|SO|III K 579/15|Wyrok|https://www.saos.org.pl/judgments/262775
236526|2016-06-03|SO|IV Ka 265/16|Uzasadnienie|https://www.saos.org.pl/judgments/236526
272644|2016-06-01|SO|IV Ka 198/16|Wyrok|https://www.saos.org.pl/judgments/272644
237067|2016-05-31|SO|XVII Ka 153/16|Wyrok|https://www.saos.org.pl/judgments/237067
239618|2016-05-25|SO|II AKa 75/16|Wyrok|https://www.saos.org.pl/judgments/239618
233531|2016-05-25|SO|II K 900/15|Wyrok|https://www.saos.org.pl/judgments/233531
228964|2016-05-24|SO|X K 449/15|Wyrok|https://www.saos.org.pl/judgments/228964
226479|2016-05-24|SO|II K 127/16|Wyrok|https://www.saos.org.pl/judgments/226479
247651|2016-05-20|SO|II K 763/15|Wyrok|https://www.saos.org.pl/judgments/247651
226219|2016-05-20|SO|XIV K 810/14|Wyrok|https://www.saos.org.pl/judgments/226219
228806|2016-05-19|SO|II K 989/15|Wyrok|https://www.saos.org.pl/judgments/228806
227895|2016-05-18|SO|II K 345/15|Wyrok|https://www.saos.org.pl/judgments/227895
250594|2016-05-17|SO|II AKa 57/16|Wyrok|https://www.saos.org.pl/judgments/250594
235925|2016-05-17|SO|VI Ka 324/16|Wyrok|https://www.saos.org.pl/judgments/235925
258941|2016-05-13|SO|II K 211/15|Wyrok|https://www.saos.org.pl/judgments/258941
224498|2016-05-12|SO|II Ka 698/15|Wyrok|https://www.saos.org.pl/judgments/224498
222896|2016-05-12|SO|VII Ka 275/16|Uzasadnienie|https://www.saos.org.pl/judgments/222896
224620|2016-05-11|SO|V Ka 106/16|Uzasadnienie|https://www.saos.org.pl/judgments/224620
225996|2016-05-05|SO|II K 911/15|Wyrok|https://www.saos.org.pl/judgments/225996
227455|2016-04-29|SO|VII K 642/15|Wyrok|https://www.saos.org.pl/judgments/227455
222520|2016-04-29|SO|II Ka 80/16|Wyrok|https://www.saos.org.pl/judgments/222520
225115|2016-04-28|SO|II K 97/15|Wyrok|https://www.saos.org.pl/judgments/225115
225088|2016-04-28|SO|II K 322/15|Wyrok|https://www.saos.org.pl/judgments/225088
219653|2016-04-28|SO|II K 739/15|Uzasadnienie|https://www.saos.org.pl/judgments/219653
233328|2016-04-27|SO|III K 961/15|Wyrok|https://www.saos.org.pl/judgments/233328
232371|2016-04-27|SO|I ACa 1024/15|Wyrok|https://www.saos.org.pl/judgments/232371
315364|2016-04-21|SO|IV K 1056/13|Wyrok|https://www.saos.org.pl/judgments/315364
239724|2016-04-21|SO|IV Kow 379/16|Postanowienie|https://www.saos.org.pl/judgments/239724
237829|2016-04-20|SO|II K 280/15|Wyrok|https://www.saos.org.pl/judgments/237829
233356|2016-04-20|SO|IX Ka 203/16|Wyrok|https://www.saos.org.pl/judgments/233356
236518|2016-04-19|SO|IV Ka 152/16|Wyrok|https://www.saos.org.pl/judgments/236518
236517|2016-04-19|SO|IV Ka 152/16|Uzasadnienie|https://www.saos.org.pl/judgments/236517
233437|2016-04-19|SO|XVII Ka 290/16|Wyrok|https://www.saos.org.pl/judgments/233437
262492|2016-04-15|SO|IV Ka 191/16|Wyrok|https://www.saos.org.pl/judgments/262492
278011|2016-04-14|SO|VI K 249/14|Wyrok|https://www.saos.org.pl/judgments/278011
219654|2016-04-14|SO|II K 739/15|Wyrok|https://www.saos.org.pl/judgments/219654
270588|2016-04-11|SO|II K 1039/15|Wyrok|https://www.saos.org.pl/judgments/270588
227458|2016-04-11|SO|VII K 711/15|Wyrok|https://www.saos.org.pl/judgments/227458
291426|2016-04-08|SO|I C 1101/15|Wyrok|https://www.saos.org.pl/judgments/291426
219379|2016-04-08|SO|IV Ka 121/16|Wyrok|https://www.saos.org.pl/judgments/219379
219378|2016-04-08|SO|IV Ka 121/16|Uzasadnienie|https://www.saos.org.pl/judgments/219378
221940|2016-04-07|SO|II K 334/15|Wyrok|https://www.saos.org.pl/judgments/221940
218600|2016-04-07|SO|IV Ka 202/16|Wyrok|https://www.saos.org.pl/judgments/218600
237852|2016-04-06|SO|V K 171/15|Wyrok|https://www.saos.org.pl/judgments/237852
234558|2016-03-31|SO|II K 291/15|Wyrok|https://www.saos.org.pl/judgments/234558
260879|2016-03-30|SO|V K 185/15|Wyrok|https://www.saos.org.pl/judgments/260879
249694|2016-03-30|SO|II K 857/15|Wyrok|https://www.saos.org.pl/judgments/249694
218998|2016-03-30|SO|IV Ka 83/16|Wyrok|https://www.saos.org.pl/judgments/218998
218997|2016-03-30|SO|IV Ka 83/16|Uzasadnienie|https://www.saos.org.pl/judgments/218997
250823|2016-03-29|SO|II K 48/16|Wyrok|https://www.saos.org.pl/judgments/250823
239292|2016-03-29|SO|VI Ka 151/16|Wyrok|https://www.saos.org.pl/judgments/239292
220248|2016-03-22|SO|IX Ka 110/16|Wyrok|https://www.saos.org.pl/judgments/220248
235924|2016-03-18|SO|VI Ka 31/16|Wyrok|https://www.saos.org.pl/judgments/235924
218011|2016-03-18|SO|II K 884/14|Wyrok|https://www.saos.org.pl/judgments/218011
268557|2016-03-17|SO|II K 459/15|Wyrok|https://www.saos.org.pl/judgments/268557
215639|2016-03-16|SO|XVII Ka 811/15|Wyrok|https://www.saos.org.pl/judgments/215639
257553|2016-03-15|SO|IV Ka 15/16|Wyrok|https://www.saos.org.pl/judgments/257553
229534|2016-03-15|SO|II K 680/15|Wyrok|https://www.saos.org.pl/judgments/229534
227278|2016-03-15|SO|III K 358/15|Wyrok|https://www.saos.org.pl/judgments/227278
218776|2016-03-15|SO|VIII K 803/15|Wyrok|https://www.saos.org.pl/judgments/218776
217455|2016-03-15|SO|IV K 244/15|Wyrok|https://www.saos.org.pl/judgments/217455
257548|2016-03-14|SO|IV Ka 130/16|Wyrok|https://www.saos.org.pl/judgments/257548
217470|2016-03-11|SO|IV K 632/15|Wyrok|https://www.saos.org.pl/judgments/217470
213854|2016-03-11|SO|II Ka 35/16|Wyrok|https://www.saos.org.pl/judgments/213854
222126|2016-03-07|SO|V Ka 1479/15|Wyrok|https://www.saos.org.pl/judgments/222126
215629|2016-03-04|SO|XVII Ka 1194/15|Wyrok|https://www.saos.org.pl/judgments/215629
237550|2016-03-02|SO|II K 956/15|Wyrok|https://www.saos.org.pl/judgments/237550
244662|2016-02-26|SN|III KK 354/15|Wyrok|https://www.saos.org.pl/judgments/244662
211710|2016-02-26|SO|VI Ka 73/16|Wyrok|https://www.saos.org.pl/judgments/211710
235621|2016-02-19|SO|III Ko 139/13|Wyrok|https://www.saos.org.pl/judgments/235621
204755|2016-02-19|SO|V Ka 1271/15|Uzasadnienie|https://www.saos.org.pl/judgments/204755
244620|2016-02-18|SN|IV KK 321/15|Postanowienie|https://www.saos.org.pl/judgments/244620
254022|2016-02-17|SO|IV Ka 789/15|Wyrok|https://www.saos.org.pl/judgments/254022
212847|2016-02-16|SO|II K 1392/13|Wyrok|https://www.saos.org.pl/judgments/212847
234204|2016-02-15|SO|III K 494/13|Wyrok|https://www.saos.org.pl/judgments/234204
217445|2016-02-12|SO|IV K 1123/15|Wyrok|https://www.saos.org.pl/judgments/217445
215567|2016-02-12|SO|VII K 760/14|Wyrok|https://www.saos.org.pl/judgments/215567
211358|2016-02-12|SO|II Ka 338/15|Wyrok|https://www.saos.org.pl/judgments/211358
204854|2016-02-12|SO|VI Ka 1185/15|Wyrok|https://www.saos.org.pl/judgments/204854
288719|2016-02-11|SO|II AKa 228/15|Wyrok|https://www.saos.org.pl/judgments/288719
207573|2016-02-10|SO|VIII K 345/15|Wyrok|https://www.saos.org.pl/judgments/207573
208313|2016-02-04|SO|III Kow 2040/15|Postanowienie|https://www.saos.org.pl/judgments/208313
208292|2016-02-04|SO|III Kow 19/16|Postanowienie|https://www.saos.org.pl/judgments/208292
203987|2016-02-04|SO|II K 442/15|Uzasadnienie|https://www.saos.org.pl/judgments/203987
203992|2016-02-03|SO|II Ka 266/15|Wyrok|https://www.saos.org.pl/judgments/203992
237205|2016-01-29|SO|II K 28/14|Wyrok|https://www.saos.org.pl/judgments/237205
203264|2016-01-28|SO|III Kow 2011/15|Postanowienie|https://www.saos.org.pl/judgments/203264
234544|2016-01-27|SO|II K 1/15|Wyrok|https://www.saos.org.pl/judgments/234544
218967|2016-01-27|SO|II K 245/15|Wyrok|https://www.saos.org.pl/judgments/218967
249690|2016-01-26|SO|II K 491/15|Wyrok|https://www.saos.org.pl/judgments/249690
228110|2016-01-25|SO|III K 521/14|Uzasadnienie|https://www.saos.org.pl/judgments/228110
226827|2016-01-25|SO|VII K 301/15|Wyrok|https://www.saos.org.pl/judgments/226827
218606|2016-01-21|SO|IV Kow 1719/15|Postanowienie|https://www.saos.org.pl/judgments/218606
212344|2016-01-20|SO|VI Ka 1239/15|Wyrok|https://www.saos.org.pl/judgments/212344
208293|2016-01-20|SO|III Kow 1914/15|Postanowienie|https://www.saos.org.pl/judgments/208293
244359|2016-01-19|SN|V KK 420/15|Wyrok|https://www.saos.org.pl/judgments/244359
203662|2016-01-18|SO|VIII Ka 840/15|Wyrok|https://www.saos.org.pl/judgments/203662
207442|2016-01-15|SO|IV Ka 1148/15|Wyrok|https://www.saos.org.pl/judgments/207442
251425|2016-01-14|SO|IV Ka 898/15|Wyrok|https://www.saos.org.pl/judgments/251425
316531|2016-01-13|SO|IV K 698/13|Wyrok|https://www.saos.org.pl/judgments/316531
252487|2016-01-13|SO|II AKa 417/15|Wyrok|https://www.saos.org.pl/judgments/252487
219884|2016-01-13|SO|IV Kow 1316/15|Postanowienie|https://www.saos.org.pl/judgments/219884
213823|2016-01-13|SO|II AKa 429/15|Wyrok|https://www.saos.org.pl/judgments/213823
205249|2016-01-13|SO|II K 4/15|Wyrok|https://www.saos.org.pl/judgments/205249
226492|2016-01-12|SO|II K 286/14|Uzasadnienie|https://www.saos.org.pl/judgments/226492
196507|2016-01-12|SO|V Ka 1310/15|Uzasadnienie|https://www.saos.org.pl/judgments/196507
203429|2016-01-11|SO|V Ka 595/15|Wyrok|https://www.saos.org.pl/judgments/203429
194807|2016-01-11|SO|IV K 294/11|Uzasadnienie|https://www.saos.org.pl/judgments/194807
204769|2016-01-08|SO|V Ka 809/15|Uzasadnienie|https://www.saos.org.pl/judgments/204769
195432|2016-01-08|SO|III Kow 1587/15|Postanowienie|https://www.saos.org.pl/judgments/195432
237216|2016-01-05|SO|II K 551/15|Wyrok|https://www.saos.org.pl/judgments/237216
227349|2016-01-05|SO|V K 576/15|Wyrok|https://www.saos.org.pl/judgments/227349
194395|2016-01-05|SO|II K 577/15|Uzasadnienie|https://www.saos.org.pl/judgments/194395
234215|2015-12-30|SO|IV K 932/14|Wyrok|https://www.saos.org.pl/judgments/234215
229584|2015-12-30|SO|IV K 201/15|Wyrok|https://www.saos.org.pl/judgments/229584
224291|2015-12-30|SO|II K 138/15|Wyrok|https://www.saos.org.pl/judgments/224291
212844|2015-12-29|SO|II K 1018/14|Wyrok|https://www.saos.org.pl/judgments/212844
210506|2015-12-29|SO|VI Ka 839/15|Wyrok|https://www.saos.org.pl/judgments/210506
207624|2015-12-29|SO|X K 459/15|Wyrok|https://www.saos.org.pl/judgments/207624
199485|2015-12-29|SO|II AKa 179/15|Wyrok|https://www.saos.org.pl/judgments/199485
210569|2015-12-28|SO|VII K 859/15|Wyrok|https://www.saos.org.pl/judgments/210569
207441|2015-12-23|SO|IV Ka 1091/15|Wyrok|https://www.saos.org.pl/judgments/207441
255065|2015-12-22|SO|XIV K 92/15|Uzasadnienie|https://www.saos.org.pl/judgments/255065
196502|2015-12-22|SO|V Ka 1192/15|Uzasadnienie|https://www.saos.org.pl/judgments/196502
194757|2015-12-22|SO|III K 619/15|Wyrok|https://www.saos.org.pl/judgments/194757
212022|2015-12-21|SO|II K 751/15|Wyrok|https://www.saos.org.pl/judgments/212022
224488|2015-12-18|SO|II K 319/13|Wyrok|https://www.saos.org.pl/judgments/224488
213954|2015-12-18|SO|IV K 657/15|Wyrok|https://www.saos.org.pl/judgments/213954
199143|2015-12-18|SO|IV Ka 676/15|Wyrok|https://www.saos.org.pl/judgments/199143
199142|2015-12-18|SO|IV Ka 676/15|Uzasadnienie|https://www.saos.org.pl/judgments/199142
233511|2015-12-17|SO|II K 1068/14|Wyrok|https://www.saos.org.pl/judgments/233511
197282|2015-12-17|SO|II K 248/15|Wyrok|https://www.saos.org.pl/judgments/197282
191873|2015-12-17|SO|II K 645/13|Wyrok|https://www.saos.org.pl/judgments/191873
315544|2015-12-16|SO|IV K 774/13|Wyrok|https://www.saos.org.pl/judgments/315544
244147|2015-12-16|SN|II KK 346/15|Postanowienie|https://www.saos.org.pl/judgments/244147
242414|2015-12-16|SO|IV Ka 854/15|Wyrok|https://www.saos.org.pl/judgments/242414
241027|2015-12-16|SO|IV Ka 861/15|Wyrok|https://www.saos.org.pl/judgments/241027
208385|2015-12-16|SO|XVI K 15/15|Wyrok|https://www.saos.org.pl/judgments/208385
202977|2015-12-16|SO|II K 517/15|Wyrok|https://www.saos.org.pl/judgments/202977
226525|2015-12-15|SO|II K 815/14|Wyrok|https://www.saos.org.pl/judgments/226525
223895|2015-12-15|SO|II K 286/14|Wyrok|https://www.saos.org.pl/judgments/223895
191650|2015-12-14|SO|IV Ka 1507/15|Wyrok|https://www.saos.org.pl/judgments/191650
199281|2015-12-11|SO|I ACa 741/15|Wyrok|https://www.saos.org.pl/judgments/199281
207629|2015-12-04|SO|X K 989/15|Wyrok|https://www.saos.org.pl/judgments/207629
234385|2015-12-02|SO|IV Ka 816/15|Wyrok|https://www.saos.org.pl/judgments/234385
228159|2015-12-02|SO|VII K 206/15|Uzasadnienie|https://www.saos.org.pl/judgments/228159
255064|2015-12-01|SO|XIV K 92/15|Wyrok|https://www.saos.org.pl/judgments/255064
228581|2015-11-27|SO|III K 582/14|Uzasadnienie|https://www.saos.org.pl/judgments/228581
203002|2015-11-26|SO|II K 97/15|Uzasadnienie|https://www.saos.org.pl/judgments/203002
200216|2015-11-26|SO|III Kow 1710/15|Postanowienie|https://www.saos.org.pl/judgments/200216
199724|2015-11-24|SO|III Kow 1555/15|Postanowienie|https://www.saos.org.pl/judgments/199724
187816|2015-11-24|SO|VI Ka 846/15|Wyrok|https://www.saos.org.pl/judgments/187816
183587|2015-11-20|SO|II K 125/15|Uzasadnienie|https://www.saos.org.pl/judgments/183587
270617|2015-11-19|SO|II K 489/15|Wyrok|https://www.saos.org.pl/judgments/270617
217823|2015-11-19|SO|IV K 230/15|Wyrok|https://www.saos.org.pl/judgments/217823
217477|2015-11-19|SO|IV K 741/15|Wyrok|https://www.saos.org.pl/judgments/217477
195776|2015-11-19|SO|II AKa 286/15|Wyrok|https://www.saos.org.pl/judgments/195776
195477|2015-11-19|SO|VI Ka 401/15|Wyrok|https://www.saos.org.pl/judgments/195477
192445|2015-11-19|SO|II AKa 189/15|Wyrok|https://www.saos.org.pl/judgments/192445
230999|2015-11-17|SO|VII K 723/14|Wyrok|https://www.saos.org.pl/judgments/230999
198711|2015-11-17|SO|IV Ka 953/15|Wyrok|https://www.saos.org.pl/judgments/198711
243886|2015-11-16|SN|II KK 320/15|Postanowienie|https://www.saos.org.pl/judgments/243886
234383|2015-11-13|SO|IV Ka 774/15|Wyrok|https://www.saos.org.pl/judgments/234383
192439|2015-11-12|SO|II AKa 171/15|Wyrok|https://www.saos.org.pl/judgments/192439
183954|2015-11-12|SO|II Ka 382/15|Wyrok|https://www.saos.org.pl/judgments/183954
220732|2015-11-10|SO|II K 121/15|Wyrok|https://www.saos.org.pl/judgments/220732
215413|2015-11-10|SO|III K 859/14|Wyrok|https://www.saos.org.pl/judgments/215413
194831|2015-11-10|SO|IV Ka 526/15|Uzasadnienie|https://www.saos.org.pl/judgments/194831
188679|2015-11-06|SO|VIII K 1216/15|Zarządzenie|https://www.saos.org.pl/judgments/188679
183586|2015-11-06|SO|II K 125/15|Wyrok|https://www.saos.org.pl/judgments/183586
199715|2015-11-05|SO|III Kow 1372/15|Postanowienie|https://www.saos.org.pl/judgments/199715
194378|2015-11-05|SO|II K 135/15|Wyrok|https://www.saos.org.pl/judgments/194378
183097|2015-11-05|SO|II AKzw 635/15|Postanowienie|https://www.saos.org.pl/judgments/183097
224312|2015-11-04|SO|III K 582/14|Wyrok|https://www.saos.org.pl/judgments/224312
199695|2015-10-30|SO|II K 772/14|Wyrok|https://www.saos.org.pl/judgments/199695
188136|2015-10-29|SO|VII K 273/15|Wyrok|https://www.saos.org.pl/judgments/188136
196418|2015-10-27|SO|III Kow 1186/15|Postanowienie|https://www.saos.org.pl/judgments/196418
199065|2015-10-22|SO|II K 62/15|Wyrok|https://www.saos.org.pl/judgments/199065
186419|2015-10-22|SO|IV Ka 601/15|Wyrok|https://www.saos.org.pl/judgments/186419
187676|2015-10-21|SO|VI K 386/15|Wyrok|https://www.saos.org.pl/judgments/187676
198546|2015-10-20|SO|II K 668/15|Wyrok|https://www.saos.org.pl/judgments/198546
190542|2015-10-16|SO|II K 24/15|Wyrok|https://www.saos.org.pl/judgments/190542
183001|2015-10-16|SO|II AKa 243/15|Wyrok|https://www.saos.org.pl/judgments/183001
212574|2015-10-13|SO|II K 329/15|Wyrok|https://www.saos.org.pl/judgments/212574
183759|2015-10-13|SO|II K 470/15|Wyrok|https://www.saos.org.pl/judgments/183759
187205|2015-10-12|SO|V Ka 255/15|Wyrok|https://www.saos.org.pl/judgments/187205
186477|2015-10-12|SO|IV Ka 925/15|Wyrok|https://www.saos.org.pl/judgments/186477
183743|2015-10-12|SO|II K 432/15|Wyrok|https://www.saos.org.pl/judgments/183743
187194|2015-10-09|SO|V K 92/15|Wyrok|https://www.saos.org.pl/judgments/187194
183909|2015-10-09|SO|II Ka 106/15|Wyrok|https://www.saos.org.pl/judgments/183909
195431|2015-10-08|SO|III Kow 1561/15|Postanowienie|https://www.saos.org.pl/judgments/195431
195430|2015-10-08|SO|III Kow 1424/15|Postanowienie|https://www.saos.org.pl/judgments/195430
187216|2015-10-08|SO|V Ka 412/15|Wyrok|https://www.saos.org.pl/judgments/187216
199342|2015-10-07|SO|II K 712/14|Wyrok|https://www.saos.org.pl/judgments/199342
234020|2015-10-06|SO|IV K 1356/13|Wyrok|https://www.saos.org.pl/judgments/234020
179587|2015-10-05|SO|II K 571/15|Wyrok|https://www.saos.org.pl/judgments/179587
243417|2015-10-01|SN|II KK 181/15|Wyrok|https://www.saos.org.pl/judgments/243417
187215|2015-10-01|SO|V Ka 406/15|Wyrok|https://www.saos.org.pl/judgments/187215
187199|2015-10-01|SO|V Ka 146/15|Wyrok|https://www.saos.org.pl/judgments/187199
183906|2015-10-01|SO|II K 992/14|Wyrok|https://www.saos.org.pl/judgments/183906
183905|2015-10-01|SO|II K 992/14|Uzasadnienie|https://www.saos.org.pl/judgments/183905
183750|2015-10-01|SO|II K 450/15|Wyrok|https://www.saos.org.pl/judgments/183750
179579|2015-10-01|SO|II K 446/15|Wyrok|https://www.saos.org.pl/judgments/179579
305847|2015-09-30|SO|III K 5/15|Wyrok|https://www.saos.org.pl/judgments/305847
183710|2015-09-30|SO|II K 359/15|Wyrok|https://www.saos.org.pl/judgments/183710
182993|2015-09-30|SO|II AKa 237/15|Wyrok|https://www.saos.org.pl/judgments/182993
270491|2015-09-29|SO|X K 76/15|Wyrok|https://www.saos.org.pl/judgments/270491
218464|2015-09-28|SO|II K 221/15|Wyrok|https://www.saos.org.pl/judgments/218464
187201|2015-09-28|SO|V Ka 188/15|Wyrok|https://www.saos.org.pl/judgments/187201
194758|2015-09-24|SO|III Kow 1010/15|Postanowienie|https://www.saos.org.pl/judgments/194758
188152|2015-09-23|SO|VII K 724/15|Wyrok|https://www.saos.org.pl/judgments/188152
179618|2015-09-22|SO|II Ka 297/15|Wyrok|https://www.saos.org.pl/judgments/179618
228803|2015-09-18|SO|II K 73/15|Wyrok|https://www.saos.org.pl/judgments/228803
212843|2015-09-18|SO|II K 1018/14|Wyrok|https://www.saos.org.pl/judgments/212843
183822|2015-09-17|SO|II K 66/15|Wyrok|https://www.saos.org.pl/judgments/183822
271782|2015-09-16|SO|VII K 1197/14|Wyrok|https://www.saos.org.pl/judgments/271782
271781|2015-09-16|SO|VII K 1197/14|Uzasadnienie|https://www.saos.org.pl/judgments/271781
179891|2015-09-16|SO|IV Ka 790/15|Uzasadnienie|https://www.saos.org.pl/judgments/179891
207617|2015-09-15|SO|X K 331/15|Wyrok|https://www.saos.org.pl/judgments/207617
234548|2015-09-14|SO|II K 100/15|Wyrok|https://www.saos.org.pl/judgments/234548
221635|2015-09-10|SO|IV Ka 253/15|Wyrok|https://www.saos.org.pl/judgments/221635
189634|2015-09-02|SO|XVII Ka 267/15|Wyrok|https://www.saos.org.pl/judgments/189634
179843|2015-08-28|SO|IV Ka 377/15|Uzasadnienie|https://www.saos.org.pl/judgments/179843
179842|2015-08-28|SO|IV Ka 377/15|Wyrok|https://www.saos.org.pl/judgments/179842
179621|2015-08-28|SO|II Ka 350/15|Wyrok|https://www.saos.org.pl/judgments/179621
182905|2015-08-27|SO|II AKa 138/15|Wyrok|https://www.saos.org.pl/judgments/182905
179882|2015-08-21|SO|IV Ka 760/15|Wyrok|https://www.saos.org.pl/judgments/179882
183011|2015-08-19|SO|II AKa 253/15|Wyrok|https://www.saos.org.pl/judgments/183011
183645|2015-08-12|SO|II K 218/15|Wyrok|https://www.saos.org.pl/judgments/183645
177864|2015-08-12|SO|II Ka 140/15|Wyrok|https://www.saos.org.pl/judgments/177864
173433|2015-08-12|SO|II Ka 345/15|Wyrok|https://www.saos.org.pl/judgments/173433
177720|2015-08-11|SO|IV Ka 389/15|Uzasadnienie|https://www.saos.org.pl/judgments/177720
172719|2015-08-10|SO|II K 330/15|Zarządzenie|https://www.saos.org.pl/judgments/172719
173076|2015-08-07|SO|VI Ka 423/15|Wyrok|https://www.saos.org.pl/judgments/173076
176354|2015-08-04|SO|II K 72/15|Wyrok|https://www.saos.org.pl/judgments/176354
175002|2015-07-30|SO|VII Kz 258/15|Postanowienie|https://www.saos.org.pl/judgments/175002
175517|2015-07-28|SO|VI Ka 339/15|Wyrok|https://www.saos.org.pl/judgments/175517
282198|2015-07-27|SO|II K 134/14|Wyrok|https://www.saos.org.pl/judgments/282198
176164|2015-07-21|SO|II K 370/15|Wyrok|https://www.saos.org.pl/judgments/176164
182626|2015-07-20|SO|I C 886/14|Wyrok|https://www.saos.org.pl/judgments/182626
176543|2015-07-15|SO|I C 334/15|Wyrok|https://www.saos.org.pl/judgments/176543
190781|2015-07-13|SO|II K 337/15|Wyrok|https://www.saos.org.pl/judgments/190781
177847|2015-07-06|SO|II K 298/15|Wyrok|https://www.saos.org.pl/judgments/177847
172010|2015-07-03|SO|VI Ka 296/15|Wyrok|https://www.saos.org.pl/judgments/172010
171364|2015-06-30|SO|II K 1455/14|Wyrok|https://www.saos.org.pl/judgments/171364
176163|2015-06-29|SO|II K 26/15|Wyrok|https://www.saos.org.pl/judgments/176163
189283|2015-06-26|SO|XIV K 47/15|Uzasadnienie|https://www.saos.org.pl/judgments/189283
159319|2015-06-24|SO|IV Ka 299/15|Wyrok|https://www.saos.org.pl/judgments/159319
159318|2015-06-24|SO|IV Ka 299/15|Uzasadnienie|https://www.saos.org.pl/judgments/159318
171594|2015-06-23|SO|II Ka 33/15|Wyrok|https://www.saos.org.pl/judgments/171594
169418|2015-06-22|SO|II K 523/14|Wyrok|https://www.saos.org.pl/judgments/169418
197348|2015-06-19|SO|IV K 1188/13|Wyrok|https://www.saos.org.pl/judgments/197348
172212|2015-06-18|SO|II K 174/15|Wyrok|https://www.saos.org.pl/judgments/172212
217356|2015-06-17|SO|II K 209/15|Wyrok|https://www.saos.org.pl/judgments/217356
195656|2015-06-17|SO|IV Ka 363/15|Wyrok|https://www.saos.org.pl/judgments/195656
171238|2015-06-17|SO|IV Ka 520/15|Wyrok|https://www.saos.org.pl/judgments/171238
173025|2015-06-16|SO|IV Ka 435/15|Wyrok|https://www.saos.org.pl/judgments/173025
170216|2015-06-16|SO|IX Ka 575/15|Wyrok|https://www.saos.org.pl/judgments/170216
169581|2015-06-16|SO|VI Ka 253/15|Wyrok|https://www.saos.org.pl/judgments/169581
236594|2015-06-15|SO|XIV K 644/15|Wyrok|https://www.saos.org.pl/judgments/236594
171199|2015-06-15|SO|II K 679/14|Wyrok|https://www.saos.org.pl/judgments/171199
158812|2015-06-15|SO|IV Kz 351/15|Postanowienie|https://www.saos.org.pl/judgments/158812
189284|2015-06-11|SO|XIV K 47/15|Wyrok|https://www.saos.org.pl/judgments/189284
158001|2015-06-11|SO|V Ka 54/15|Wyrok|https://www.saos.org.pl/judgments/158001
157547|2015-06-09|SO|III Kow 736/15|Postanowienie|https://www.saos.org.pl/judgments/157547
185702|2015-06-08|SO|III K 120/15|Uzasadnienie|https://www.saos.org.pl/judgments/185702
157617|2015-06-02|SO|VIII Ka 311/15|Wyrok|https://www.saos.org.pl/judgments/157617
158606|2015-06-01|SO|IV K 89/15|Wyrok|https://www.saos.org.pl/judgments/158606
156957|2015-05-29|SO|II Ka 205/15|Wyrok|https://www.saos.org.pl/judgments/156957
170912|2015-05-28|SO|III Kow 678/15|Postanowienie|https://www.saos.org.pl/judgments/170912
156120|2015-05-28|SO|VI Ka 93/15|Wyrok|https://www.saos.org.pl/judgments/156120
196202|2015-05-27|SO|II K 21/15|Wyrok|https://www.saos.org.pl/judgments/196202
186301|2015-05-26|SO|IV Ka 263/15|Wyrok|https://www.saos.org.pl/judgments/186301
170830|2015-05-26|SO|VI Ka 183/15|Wyrok|https://www.saos.org.pl/judgments/170830
158203|2015-05-26|SO|IV K 694/14|Wyrok|https://www.saos.org.pl/judgments/158203
179779|2015-05-22|SO|III K 205/15|Wyrok|https://www.saos.org.pl/judgments/179779
154721|2015-05-22|SO|IV Ka 341/15|Wyrok|https://www.saos.org.pl/judgments/154721
189137|2015-05-21|SO|XI Ka 174/15|Wyrok|https://www.saos.org.pl/judgments/189137
155892|2015-05-21|SO|II Ka 164/15|Wyrok|https://www.saos.org.pl/judgments/155892
179035|2015-05-19|SO|II AKa 81/15|Wyrok|https://www.saos.org.pl/judgments/179035
185703|2015-05-18|SO|III K 120/15|Wyrok|https://www.saos.org.pl/judgments/185703
155871|2015-05-18|SO|II K 1155/13|Wyrok|https://www.saos.org.pl/judgments/155871
157734|2015-05-15|SO|VI Ka 175/15|Wyrok|https://www.saos.org.pl/judgments/157734
155283|2015-05-13|SO|II K 941/14|Wyrok|https://www.saos.org.pl/judgments/155283
214501|2015-05-12|SO|VI K 70/15|Wyrok|https://www.saos.org.pl/judgments/214501
153999|2015-05-12|SO|VI Ka 261/15|Wyrok|https://www.saos.org.pl/judgments/153999
170247|2015-05-08|SO|VI Ka 626/14|Wyrok|https://www.saos.org.pl/judgments/170247
154716|2015-05-07|SO|III K 38/15|Wyrok|https://www.saos.org.pl/judgments/154716
182891|2015-04-28|SO|II AKa 120/15|Wyrok|https://www.saos.org.pl/judgments/182891
168916|2015-04-23|SN|II KK 95/15|Postanowienie|https://www.saos.org.pl/judgments/168916
263100|2015-04-22|SO|II AKa 94/15|Wyrok|https://www.saos.org.pl/judgments/263100
182887|2015-04-22|SO|II AKa 119/15|Wyrok|https://www.saos.org.pl/judgments/182887
168946|2015-04-22|SN|III KK 419/14|Wyrok|https://www.saos.org.pl/judgments/168946
152040|2015-04-17|SO|II K 20/15|Wyrok|https://www.saos.org.pl/judgments/152040
179973|2015-04-16|SO|IX Ka 88/15|Wyrok|https://www.saos.org.pl/judgments/179973
152114|2015-04-16|SO|VI Ka 111/15|Wyrok|https://www.saos.org.pl/judgments/152114
151148|2015-04-16|SO|IV Ka 216/15|Wyrok|https://www.saos.org.pl/judgments/151148
174076|2015-04-15|SO|II AKa 80/15|Wyrok|https://www.saos.org.pl/judgments/174076
168868|2015-04-15|SN|IV KK 401/14|Wyrok|https://www.saos.org.pl/judgments/168868
153793|2015-04-15|SO|III K 11/15|Wyrok|https://www.saos.org.pl/judgments/153793
156100|2015-04-14|SO|VI Ka 115/15|Wyrok|https://www.saos.org.pl/judgments/156100
154571|2015-04-14|SO|IV Ka 270/15|Wyrok|https://www.saos.org.pl/judgments/154571
152213|2015-04-14|SO|II K 441/13|Wyrok|https://www.saos.org.pl/judgments/152213
150494|2015-04-14|SO|IV Ka 253/15|Wyrok|https://www.saos.org.pl/judgments/150494
154003|2015-04-10|SO|VI Ka 600/14|Wyrok|https://www.saos.org.pl/judgments/154003
148706|2015-04-10|SO|VIII Ka 126/15|Wyrok|https://www.saos.org.pl/judgments/148706
270597|2015-04-09|SO|II K 180/15|Wyrok|https://www.saos.org.pl/judgments/270597
156588|2015-04-08|SO|IV Ka 189/15|Wyrok|https://www.saos.org.pl/judgments/156588
148813|2015-03-27|SO|III K 23/15|Wyrok|https://www.saos.org.pl/judgments/148813
169403|2015-03-26|SO|II K 1276/14|Wyrok|https://www.saos.org.pl/judgments/169403
178242|2015-03-24|SO|II K 28/15|Wyrok|https://www.saos.org.pl/judgments/178242
148880|2015-03-23|SO|VI Ka 1229/14|Wyrok|https://www.saos.org.pl/judgments/148880
168663|2015-03-17|SN|V KK 417/14|Wyrok|https://www.saos.org.pl/judgments/168663
150682|2015-03-16|SO|III K 27/15|Postanowienie|https://www.saos.org.pl/judgments/150682
135175|2015-03-13|SO|II Ka 53/15|Wyrok|https://www.saos.org.pl/judgments/135175
134626|2015-03-13|SO|IV Ka 1126/14|Wyrok|https://www.saos.org.pl/judgments/134626
133474|2015-03-13|SO|II Ka 25/15|Wyrok|https://www.saos.org.pl/judgments/133474
149981|2015-03-12|SO|I ACa 996/14|Wyrok|https://www.saos.org.pl/judgments/149981
134825|2015-03-12|SO|II Ka 82/15|Wyrok|https://www.saos.org.pl/judgments/134825
133736|2015-03-06|SO|VI Ka 987/14|Wyrok|https://www.saos.org.pl/judgments/133736
204463|2015-03-05|SO|II AKa 285/14|Wyrok|https://www.saos.org.pl/judgments/204463
152666|2015-03-04|SO|VII Ka 85/15|Wyrok|https://www.saos.org.pl/judgments/152666
152449|2015-02-26|SO|III K 27/14|Wyrok|https://www.saos.org.pl/judgments/152449
150380|2015-02-26|SO|II AKa 275/14|Wyrok|https://www.saos.org.pl/judgments/150380
168435|2015-02-24|SN|V KK 2/15|Postanowienie|https://www.saos.org.pl/judgments/168435
158573|2015-02-24|SO|IV K 101/11|Uzasadnienie|https://www.saos.org.pl/judgments/158573
134480|2015-02-23|SO|V Ka 626/14|Wyrok|https://www.saos.org.pl/judgments/134480
170148|2015-02-17|SO|II K 1062/12|Wyrok|https://www.saos.org.pl/judgments/170148
168374|2015-02-17|SN|V KO 7/15|Postanowienie|https://www.saos.org.pl/judgments/168374
130389|2015-02-16|SO|XIV K 695/14|Uzasadnienie|https://www.saos.org.pl/judgments/130389
129539|2015-02-16|SO|III K 12/15|Postanowienie|https://www.saos.org.pl/judgments/129539
130434|2015-02-13|SO|IV Ka 40/15|Wyrok|https://www.saos.org.pl/judgments/130434
149851|2015-02-11|SO|II AKa 11/15|Wyrok|https://www.saos.org.pl/judgments/149851
129895|2015-02-06|SO|III K 1081/11|Wyrok|https://www.saos.org.pl/judgments/129895
128990|2015-02-05|SO|I C 328/13|Wyrok|https://www.saos.org.pl/judgments/128990
168211|2015-02-04|SN|V KK 334/14|Postanowienie|https://www.saos.org.pl/judgments/168211
152439|2015-01-30|SO|II K 69/14|Wyrok|https://www.saos.org.pl/judgments/152439
154909|2015-01-29|SO|II K 1435/14|Wyrok|https://www.saos.org.pl/judgments/154909
134490|2015-01-29|SO|V Ka 697/14|Wyrok|https://www.saos.org.pl/judgments/134490
132701|2015-01-28|SO|II K 960/13|Wyrok|https://www.saos.org.pl/judgments/132701
167960|2015-01-22|SN|III KK 409/14|Wyrok|https://www.saos.org.pl/judgments/167960
167956|2015-01-22|SN|III KK 394/14|Postanowienie|https://www.saos.org.pl/judgments/167956
167954|2015-01-22|SN|III KK 263/14|Postanowienie|https://www.saos.org.pl/judgments/167954
183062|2015-01-21|SO|II AKa 455/14|Wyrok|https://www.saos.org.pl/judgments/183062
149702|2015-01-21|SO|IV Ka 927/14|Wyrok|https://www.saos.org.pl/judgments/149702
148061|2015-01-20|SO|I ACa 1511/14|Wyrok|https://www.saos.org.pl/judgments/148061
132718|2015-01-20|SO|III AUa 1190/14|Wyrok|https://www.saos.org.pl/judgments/132718
126821|2015-01-20|SO|IV Ka 1082/14|Wyrok|https://www.saos.org.pl/judgments/126821
149704|2015-01-16|SO|IV Ka 932/14|Wyrok|https://www.saos.org.pl/judgments/149704
167828|2015-01-15|SN|V KK 361/14|Wyrok|https://www.saos.org.pl/judgments/167828
129232|2015-01-15|SO|IV K 228/12|Wyrok|https://www.saos.org.pl/judgments/129232
130388|2015-01-13|SO|XIV K 695/14|Wyrok|https://www.saos.org.pl/judgments/130388
127396|2015-01-13|SO|II Ka 633/14|Wyrok|https://www.saos.org.pl/judgments/127396
153313|2015-01-12|SO|IV K 210/14|Wyrok|https://www.saos.org.pl/judgments/153313
129542|2014-12-30|SO|III K 223/14|Wyrok|https://www.saos.org.pl/judgments/129542
126411|2014-12-30|SO|IX Ka 1516/14|Wyrok|https://www.saos.org.pl/judgments/126411
126182|2014-12-30|SO|IV Ka 684/14|Wyrok|https://www.saos.org.pl/judgments/126182
191299|2014-12-23|SO|II K 82/14|Wyrok|https://www.saos.org.pl/judgments/191299
153939|2014-12-22|SO|IV K 172/14|Wyrok|https://www.saos.org.pl/judgments/153939
153780|2014-12-19|SO|II K 526/14|Wyrok|https://www.saos.org.pl/judgments/153780
132832|2014-12-18|SO|II AKa 152/14|Wyrok|https://www.saos.org.pl/judgments/132832
134586|2014-12-15|SO|II K 597/14|Wyrok|https://www.saos.org.pl/judgments/134586
125525|2014-12-12|SO|VIII Ka 726/14|Wyrok|https://www.saos.org.pl/judgments/125525
150024|2014-12-09|SO|III K 889/13|Wyrok|https://www.saos.org.pl/judgments/150024
129544|2014-12-09|SO|III K 62/14|Wyrok|https://www.saos.org.pl/judgments/129544
125359|2014-12-09|SO|VI Ka 864/14|Wyrok|https://www.saos.org.pl/judgments/125359
74807|2014-12-08|SO|V Ka 490/14|Wyrok|https://www.saos.org.pl/judgments/74807
75028|2014-12-04|SO|XVII Ka 1151/14|Wyrok|https://www.saos.org.pl/judgments/75028
75026|2014-12-02|SO|XVII Ka 1138/14|Wyrok|https://www.saos.org.pl/judgments/75026
73249|2014-12-02|SO|IV Ka 639/14|Wyrok|https://www.saos.org.pl/judgments/73249
72285|2014-11-27|SO|II K 385/14|Wyrok|https://www.saos.org.pl/judgments/72285
154400|2014-11-26|SO|II K 299/14|Wyrok|https://www.saos.org.pl/judgments/154400
74875|2014-11-21|SO|II K 975/14|Wyrok|https://www.saos.org.pl/judgments/74875
73386|2014-11-20|SO|IV P 307/14|Wyrok|https://www.saos.org.pl/judgments/73386
167441|2014-11-19|SN|V KK 259/14|Postanowienie|https://www.saos.org.pl/judgments/167441
72849|2014-11-19|SO|VIII K 302/14|Wyrok|https://www.saos.org.pl/judgments/72849
75991|2014-11-12|SO|III K 358/13|Wyrok|https://www.saos.org.pl/judgments/75991
128675|2014-11-07|SO|I ACa 1063/14|Wyrok|https://www.saos.org.pl/judgments/128675
70665|2014-11-04|SO|VII K 773/13|Wyrok|https://www.saos.org.pl/judgments/70665
74029|2014-10-28|SO|IV Ka 820/14|Wyrok|https://www.saos.org.pl/judgments/74029
73721|2014-10-28|SO|II K 1905/13|Wyrok|https://www.saos.org.pl/judgments/73721
68437|2014-10-28|SO|IV Ka 795/14|Wyrok|https://www.saos.org.pl/judgments/68437
71177|2014-10-23|SO|II K 362/14|Wyrok|https://www.saos.org.pl/judgments/71177
71611|2014-10-21|SO|VII Ka 756/14|Wyrok|https://www.saos.org.pl/judgments/71611
67797|2014-10-15|SO|II Ka 312/14|Wyrok|https://www.saos.org.pl/judgments/67797
67715|2014-10-14|SO|VIII Ka 569/14|Wyrok|https://www.saos.org.pl/judgments/67715
68034|2014-10-09|SO|III K 411/12|Wyrok|https://www.saos.org.pl/judgments/68034
67930|2014-10-08|SO|IV Ka 634/14|Wyrok|https://www.saos.org.pl/judgments/67930
73379|2014-10-07|SO|III K 592/14|Wyrok|https://www.saos.org.pl/judgments/73379
67884|2014-10-07|SO|VI Ka 249/14|Wyrok|https://www.saos.org.pl/judgments/67884
64863|2014-10-07|SO|IV Ka 462/14|Wyrok|https://www.saos.org.pl/judgments/64863
71509|2014-10-06|SO|V Ka 286/14|Wyrok|https://www.saos.org.pl/judgments/71509
296163|2014-10-03|SO|II Ca 77/14|Wyrok|https://www.saos.org.pl/judgments/296163
126922|2014-10-03|SO|III K 305/14|Wyrok|https://www.saos.org.pl/judgments/126922
68428|2014-10-01|SO|IV Ka 724/14|Wyrok|https://www.saos.org.pl/judgments/68428
71420|2014-09-30|SO|VI Ka 328/14|Wyrok|https://www.saos.org.pl/judgments/71420
67009|2014-09-30|SO|VIII Ka 504/14|Wyrok|https://www.saos.org.pl/judgments/67009
67005|2014-09-29|SO|VIII Ka 485/14|Wyrok|https://www.saos.org.pl/judgments/67005
270607|2014-09-25|SO|II K 345/14|Wyrok|https://www.saos.org.pl/judgments/270607
66003|2014-09-25|SO|VII K 702/14|Wyrok|https://www.saos.org.pl/judgments/66003
66519|2014-09-24|SO|VI K 51/14|Wyrok|https://www.saos.org.pl/judgments/66519
65523|2014-09-23|SO|VII K 159/14|Wyrok|https://www.saos.org.pl/judgments/65523
65246|2014-09-23|SO|VI Ka 380/14|Wyrok|https://www.saos.org.pl/judgments/65246
65501|2014-09-22|SO|V K 502/14|Wyrok|https://www.saos.org.pl/judgments/65501
74996|2014-09-19|SO|VI Ka 651/14|Wyrok|https://www.saos.org.pl/judgments/74996
303321|2014-09-18|SO|IV K 432/14|Wyrok|https://www.saos.org.pl/judgments/303321
125704|2014-09-18|SO|IV Ka 691/14|Wyrok|https://www.saos.org.pl/judgments/125704
65262|2014-09-16|SO|VII Ka 628/14|Wyrok|https://www.saos.org.pl/judgments/65262
65504|2014-09-10|SO|V K 812/14|Wyrok|https://www.saos.org.pl/judgments/65504
62546|2014-09-09|SO|IV K 1180/10|Wyrok|https://www.saos.org.pl/judgments/62546
131041|2014-09-05|SO|V K 6/14|Uzasadnienie|https://www.saos.org.pl/judgments/131041
62552|2014-09-04|SO|VI Ka 204/14|Wyrok|https://www.saos.org.pl/judgments/62552
65260|2014-09-03|SO|VII Ka 602/14|Wyrok|https://www.saos.org.pl/judgments/65260
60666|2014-09-03|SO|VII Ka 591/14|Wyrok|https://www.saos.org.pl/judgments/60666
166606|2014-08-27|SN|IV KK 253/14|Wyrok|https://www.saos.org.pl/judgments/166606
65217|2014-08-26|SO|IV Ka 124/14|Wyrok|https://www.saos.org.pl/judgments/65217
127868|2014-08-25|SO|II K 698/13|Wyrok|https://www.saos.org.pl/judgments/127868
64091|2014-08-21|SO|I C 978/12|Wyrok|https://www.saos.org.pl/judgments/64091
69572|2014-08-14|SO|I ACa 321/14|Wyrok|https://www.saos.org.pl/judgments/69572
58969|2014-08-14|SO|IV Ka 233/14|Wyrok|https://www.saos.org.pl/judgments/58969
72085|2014-08-12|SO|I ACa 678/14|Wyrok|https://www.saos.org.pl/judgments/72085
63127|2014-08-08|SO|IX Ka 214/13|Wyrok|https://www.saos.org.pl/judgments/63127
58881|2014-08-05|SO|IV Ka 401/14|Wyrok|https://www.saos.org.pl/judgments/58881
58398|2014-07-31|SO|II Ka 215/14|Wyrok|https://www.saos.org.pl/judgments/58398
55848|2014-07-25|SO|VI Ka 250/14|Wyrok|https://www.saos.org.pl/judgments/55848
57510|2014-07-17|SO|II AKa 210/14|Wyrok|https://www.saos.org.pl/judgments/57510
55404|2014-07-16|SO|II Ka 94/14|Wyrok|https://www.saos.org.pl/judgments/55404
270609|2014-07-15|SO|II K 373/14|Wyrok|https://www.saos.org.pl/judgments/270609
166276|2014-07-10|SN|IV KK 13/14|Wyrok|https://www.saos.org.pl/judgments/166276
63142|2014-07-10|SO|V K 1416/13|Wyrok|https://www.saos.org.pl/judgments/63142
57994|2014-07-09|SO|II AKa 187/14|Wyrok|https://www.saos.org.pl/judgments/57994
259316|2014-07-07|SO|X Ka 426/14|Wyrok|https://www.saos.org.pl/judgments/259316
57275|2014-07-07|SO|II K 1061/13|Wyrok|https://www.saos.org.pl/judgments/57275
55324|2014-07-07|SO|V Ka 611/13|Wyrok|https://www.saos.org.pl/judgments/55324
55294|2014-07-07|SO|V Ka 148/14|Wyrok|https://www.saos.org.pl/judgments/55294
234261|2014-07-04|SO|X Ka 527/14|Wyrok|https://www.saos.org.pl/judgments/234261
58423|2014-07-03|SO|IX Ka 660/14|Wyrok|https://www.saos.org.pl/judgments/58423
58422|2014-06-30|SO|IX Ka 565/14|Wyrok|https://www.saos.org.pl/judgments/58422
56432|2014-06-27|SO|VI Ka 1274/13|Wyrok|https://www.saos.org.pl/judgments/56432
147964|2014-06-26|SO|II AKa 111/14|Wyrok|https://www.saos.org.pl/judgments/147964
64906|2014-06-26|SO|XI Ka 395/14|Wyrok|https://www.saos.org.pl/judgments/64906
56153|2014-06-26|SO|VI Ka 1300/13|Wyrok|https://www.saos.org.pl/judgments/56153
52093|2014-06-26|SO|II Ka 246/14|Wyrok|https://www.saos.org.pl/judgments/52093
51979|2014-06-25|SO|V Ka 375/14|Uzasadnienie|https://www.saos.org.pl/judgments/51979
58483|2014-06-18|SO|III K 19/14|Wyrok|https://www.saos.org.pl/judgments/58483
55593|2014-06-17|SO|VI Ka 186/14|Wyrok|https://www.saos.org.pl/judgments/55593
61620|2014-06-16|SO|III K 1445/13|Wyrok|https://www.saos.org.pl/judgments/61620
52522|2014-06-16|SO|VIII Ka 305/14|Wyrok|https://www.saos.org.pl/judgments/52522
51975|2014-06-16|SO|V Ka 292/14|Uzasadnienie|https://www.saos.org.pl/judgments/51975
55826|2014-06-13|SO|IV Ka 181/14|Wyrok|https://www.saos.org.pl/judgments/55826
53982|2014-06-13|SO|II K 717/13|Wyrok|https://www.saos.org.pl/judgments/53982
51800|2014-06-13|SO|VI Ka 286/14|Wyrok|https://www.saos.org.pl/judgments/51800
147971|2014-06-12|SO|II AKa 96/14|Wyrok|https://www.saos.org.pl/judgments/147971
147478|2014-06-12|SO|II AKa 148/14|Wyrok|https://www.saos.org.pl/judgments/147478
57136|2014-06-11|SO|IV Ka 332/14|Wyrok|https://www.saos.org.pl/judgments/57136
166028|2014-06-10|SN|III KK 129/14|Wyrok|https://www.saos.org.pl/judgments/166028
55293|2014-06-09|SO|V Ka 137/14|Wyrok|https://www.saos.org.pl/judgments/55293
51477|2014-06-09|SO|III Ko 143/14|Wyrok|https://www.saos.org.pl/judgments/51477
147433|2014-06-06|SO|II AKa 35/14|Wyrok|https://www.saos.org.pl/judgments/147433
56928|2014-06-06|SO|IV Ka 187/14|Wyrok|https://www.saos.org.pl/judgments/56928
55184|2014-06-06|SO|IV Ka 170/14|Wyrok|https://www.saos.org.pl/judgments/55184
59208|2014-06-03|SO|IV K 335/12|Wyrok|https://www.saos.org.pl/judgments/59208
51019|2014-06-03|SO|IV Ka 168/14|Wyrok|https://www.saos.org.pl/judgments/51019
52617|2014-06-02|SO|IX Ka 260/14|Wyrok|https://www.saos.org.pl/judgments/52617
124985|2014-05-29|SO|IX Ka 151/14|Wyrok|https://www.saos.org.pl/judgments/124985
146714|2014-05-28|SO|II AKa 91/14|Wyrok|https://www.saos.org.pl/judgments/146714
54688|2014-05-28|SO|II K 546/13|Wyrok|https://www.saos.org.pl/judgments/54688
54193|2014-05-28|SO|III K 6/14|Wyrok|https://www.saos.org.pl/judgments/54193
48852|2014-05-27|SO|II K 372/14|Wyrok|https://www.saos.org.pl/judgments/48852
61621|2014-05-26|SO|III K 314/13|Wyrok|https://www.saos.org.pl/judgments/61621
51772|2014-05-23|SO|VI Ka 121/14|Wyrok|https://www.saos.org.pl/judgments/51772
47701|2014-05-23|SO|III K 50/14|Wyrok|https://www.saos.org.pl/judgments/47701
146763|2014-05-22|SO|II AKa 130/14|Wyrok|https://www.saos.org.pl/judgments/146763
48152|2014-05-22|SO|VI Ka 117/14|Wyrok|https://www.saos.org.pl/judgments/48152
46924|2014-05-22|SO|V Ka 194/14|Wyrok|https://www.saos.org.pl/judgments/46924
51794|2014-05-20|SO|VI Ka 26/14|Wyrok|https://www.saos.org.pl/judgments/51794
52526|2014-05-19|SO|VIII Ka 40/14|Wyrok|https://www.saos.org.pl/judgments/52526
46203|2014-05-16|SO|XIV K 179/13|Uzasadnienie|https://www.saos.org.pl/judgments/46203
54043|2014-05-15|SO|VII Ka 229/14|Wyrok|https://www.saos.org.pl/judgments/54043
56468|2014-05-13|SO|IV Ka 913/13|Wyrok|https://www.saos.org.pl/judgments/56468
146320|2014-05-09|SO|II AKa 100/14|Wyrok|https://www.saos.org.pl/judgments/146320
56545|2014-05-09|SO|IV Ka 235/14|Wyrok|https://www.saos.org.pl/judgments/56545
46698|2014-05-09|SO|VI Ka 152/14|Wyrok|https://www.saos.org.pl/judgments/46698
310186|2014-05-08|SO|II AKa 58/14|Wyrok|https://www.saos.org.pl/judgments/310186
60098|2014-05-08|SO|II Ca 749/13|Uzasadnienie|https://www.saos.org.pl/judgments/60098
105075|2014-05-06|SN|V KK 393/13|Wyrok|https://www.saos.org.pl/judgments/105075
46813|2014-05-05|SO|II K 1275/13|Wyrok|https://www.saos.org.pl/judgments/46813
45543|2014-05-05|SO|VIII Ka 194/14|Wyrok|https://www.saos.org.pl/judgments/45543
48391|2014-04-25|SO|IV K 182/14|Wyrok|https://www.saos.org.pl/judgments/48391
48115|2014-04-25|SO|IV Ka 167/14|Wyrok|https://www.saos.org.pl/judgments/48115
46550|2014-04-23|SO|XV K 144/14|Wyrok|https://www.saos.org.pl/judgments/46550
128245|2014-04-18|SO|II K 39/14|Wyrok|https://www.saos.org.pl/judgments/128245
49506|2014-04-17|SO|VII Ka 165/14|Wyrok|https://www.saos.org.pl/judgments/49506
146675|2014-04-16|SO|II AKa 61/14|Wyrok|https://www.saos.org.pl/judgments/146675
45268|2014-04-16|SO|IV K 145/14|Wyrok|https://www.saos.org.pl/judgments/45268
43878|2014-04-16|SO|II Ka 77/14|Wyrok|https://www.saos.org.pl/judgments/43878
49409|2014-04-15|SO|VI Ka 1135/13|Wyrok|https://www.saos.org.pl/judgments/49409
46150|2014-04-15|SO|VI Ka 17/14|Wyrok|https://www.saos.org.pl/judgments/46150
46114|2014-04-15|SO|IX Ka 210/14|Wyrok|https://www.saos.org.pl/judgments/46114
59231|2014-04-10|SO|IV K 420/12|Uzasadnienie|https://www.saos.org.pl/judgments/59231
49936|2014-04-10|SO|IV Ka 34/14|Wyrok|https://www.saos.org.pl/judgments/49936
43877|2014-04-10|SO|II Ka 64/14|Wyrok|https://www.saos.org.pl/judgments/43877
104900|2014-04-08|SN|III KK 63/14|Postanowienie|https://www.saos.org.pl/judgments/104900
145390|2014-04-03|SO|II AKa 40/14|Wyrok|https://www.saos.org.pl/judgments/145390
144833|2014-04-03|SO|II AKa 38/14|Wyrok|https://www.saos.org.pl/judgments/144833
104866|2014-04-03|SN|V KK 76/14|Wyrok|https://www.saos.org.pl/judgments/104866
42979|2014-04-02|SO|VI Ka 852/13|Wyrok|https://www.saos.org.pl/judgments/42979
44725|2014-04-01|SO|VIII Ka 46/14|Wyrok|https://www.saos.org.pl/judgments/44725
45478|2014-03-28|SO|II K 219/13|Wyrok|https://www.saos.org.pl/judgments/45478
104770|2014-03-27|SN|I KZP 2/14|Postanowienie|https://www.saos.org.pl/judgments/104770
53522|2014-03-26|SO|VI Ka 937/13|Wyrok|https://www.saos.org.pl/judgments/53522
43398|2014-03-26|SO|III K 1129/13|Wyrok|https://www.saos.org.pl/judgments/43398
43437|2014-03-19|SO|VII K 126/13|Wyrok|https://www.saos.org.pl/judgments/43437
104739|2014-03-18|SN|III KK 398/13|Postanowienie|https://www.saos.org.pl/judgments/104739
72478|2014-03-13|SO|IX Ka 725/13|Wyrok|https://www.saos.org.pl/judgments/72478
47056|2014-03-13|SO|IV Ka 74/14|Wyrok|https://www.saos.org.pl/judgments/47056
40640|2014-03-13|SO|XV K 1820/13|Wyrok|https://www.saos.org.pl/judgments/40640
49050|2014-03-12|SO|II K 1005/13|Zarządzenie|https://www.saos.org.pl/judgments/49050
331360|2014-03-06|SO|II AKa 200/13|Wyrok|https://www.saos.org.pl/judgments/331360
144900|2014-03-06|SO|II AKa 23/14|Wyrok|https://www.saos.org.pl/judgments/144900
144655|2014-03-06|SO|II AKa 6/14|Wyrok|https://www.saos.org.pl/judgments/144655
37874|2014-03-05|SO|V Kz 71/14|Postanowienie|https://www.saos.org.pl/judgments/37874
37504|2014-02-28|SO|III K 192/13|Wyrok|https://www.saos.org.pl/judgments/37504
133253|2014-02-27|SO|III Ca 1608/13|Wyrok|https://www.saos.org.pl/judgments/133253
42052|2014-02-26|SO|II K 345/13|Wyrok|https://www.saos.org.pl/judgments/42052
58214|2014-02-25|SO|II K 1770/13|Wyrok|https://www.saos.org.pl/judgments/58214
42976|2014-02-25|SO|VI Ka 1111/13|Wyrok|https://www.saos.org.pl/judgments/42976
38629|2014-02-25|SO|VI Ka 1021/13|Wyrok|https://www.saos.org.pl/judgments/38629
48306|2014-02-24|SO|IV Ka 55/14|Wyrok|https://www.saos.org.pl/judgments/48306
42160|2014-02-21|SO|IV Ka 1185/13|Wyrok|https://www.saos.org.pl/judgments/42160
147853|2014-02-20|SO|II AKa 13/14|Wyrok|https://www.saos.org.pl/judgments/147853
60859|2014-02-20|SO|IX Ka 671/13|Wyrok|https://www.saos.org.pl/judgments/60859
49706|2014-02-20|SO|VI Ka 660/13|Wyrok|https://www.saos.org.pl/judgments/49706
41171|2014-02-20|SO|III K 459/13|Wyrok|https://www.saos.org.pl/judgments/41171
37763|2014-02-20|SO|IV Ka 1018/13|Wyrok|https://www.saos.org.pl/judgments/37763
144110|2014-02-19|SO|I C 762/12|Wyrok|https://www.saos.org.pl/judgments/144110
40115|2014-02-18|SO|II K 217/13|Wyrok|https://www.saos.org.pl/judgments/40115
37345|2014-02-18|SO|VI Ka 1221/13|Wyrok|https://www.saos.org.pl/judgments/37345
40330|2014-02-14|SO|VI Ka 1098/13|Wyrok|https://www.saos.org.pl/judgments/40330
104459|2014-02-12|SN|V KK 392/13|Wyrok|https://www.saos.org.pl/judgments/104459
104453|2014-02-11|SN|V KK 272/13|Wyrok|https://www.saos.org.pl/judgments/104453
38172|2014-02-06|SO|II K 752/13|Wyrok|https://www.saos.org.pl/judgments/38172
49049|2014-02-05|SO|II K 1005/13|Wyrok|https://www.saos.org.pl/judgments/49049
40127|2014-02-05|SO|II K 700/13|Wyrok|https://www.saos.org.pl/judgments/40127
39628|2014-02-05|SO|IV Ka 1376/13|Wyrok|https://www.saos.org.pl/judgments/39628
45212|2014-02-04|SO|II K 1098/13|Wyrok|https://www.saos.org.pl/judgments/45212
38585|2014-01-31|SO|IV Ka 712/13|Wyrok|https://www.saos.org.pl/judgments/38585
143702|2014-01-30|SO|II AKa 488/13|Wyrok|https://www.saos.org.pl/judgments/143702
36998|2014-01-29|SO|IX Ka 1545/13|Wyrok|https://www.saos.org.pl/judgments/36998
46204|2014-01-28|SO|XIV K 179/13|Wyrok|https://www.saos.org.pl/judgments/46204
33445|2014-01-28|SO|II K 1236/13|Wyrok|https://www.saos.org.pl/judgments/33445
32802|2014-01-28|SO|II Kz 4/14|Postanowienie|https://www.saos.org.pl/judgments/32802
33719|2014-01-27|SO|III K 241/13|Postanowienie|https://www.saos.org.pl/judgments/33719
33417|2014-01-27|SO|II K 865/13|Wyrok|https://www.saos.org.pl/judgments/33417
42350|2014-01-24|SO|IV Ka 491/13|Wyrok|https://www.saos.org.pl/judgments/42350
36985|2014-01-24|SO|IV Ka 491/13|Wyrok|https://www.saos.org.pl/judgments/36985
35337|2014-01-24|SO|II Ka 378/13|Wyrok|https://www.saos.org.pl/judgments/35337
33447|2014-01-24|SO|II K 947/13|Wyrok|https://www.saos.org.pl/judgments/33447
33294|2014-01-24|SO|II K 1201/13|Wyrok|https://www.saos.org.pl/judgments/33294
153472|2014-01-23|SO|IX Ka 641/13|Wyrok|https://www.saos.org.pl/judgments/153472
104156|2014-01-22|SN|III KK 450/13|Postanowienie|https://www.saos.org.pl/judgments/104156
33263|2014-01-22|SO|VII K 825/13|Wyrok|https://www.saos.org.pl/judgments/33263
35639|2014-01-15|SO|II K 345/13|Wyrok|https://www.saos.org.pl/judgments/35639
147871|2014-01-14|SO|II AKa 262/13|Wyrok|https://www.saos.org.pl/judgments/147871
56321|2014-01-14|SO|VI Ka 1047/13|Wyrok|https://www.saos.org.pl/judgments/56321
31831|2014-01-14|SO|II K 465/13|Wyrok|https://www.saos.org.pl/judgments/31831
31825|2014-01-14|SO|II K 1193/13|Wyrok|https://www.saos.org.pl/judgments/31825
31824|2014-01-14|SO|II K 1167/13|Wyrok|https://www.saos.org.pl/judgments/31824
31671|2014-01-14|SO|II Ka 251/13|Wyrok|https://www.saos.org.pl/judgments/31671
36194|2014-01-13|SO|IX Ka 1701/13|Wyrok|https://www.saos.org.pl/judgments/36194
45052|2014-01-09|SO|II K 52/13|Wyrok|https://www.saos.org.pl/judgments/45052
35642|2014-01-09|SO|II K 954/13|Wyrok|https://www.saos.org.pl/judgments/35642
34671|2014-01-09|SO|IV Ka 714/13|Wyrok|https://www.saos.org.pl/judgments/34671
30864|2013-12-30|SO|II Ka 598/13|Wyrok|https://www.saos.org.pl/judgments/30864
36416|2013-12-23|SO|III K 198/13|Wyrok|https://www.saos.org.pl/judgments/36416
32604|2013-12-20|SO|IV Ka 465/13|Wyrok|https://www.saos.org.pl/judgments/32604
29966|2013-12-20|SO|II Ka 346/13|Wyrok|https://www.saos.org.pl/judgments/29966
28902|2013-12-19|SO|VI Kz 867/13|Postanowienie|https://www.saos.org.pl/judgments/28902
32610|2013-12-18|SO|IV Ka 891/13|Wyrok|https://www.saos.org.pl/judgments/32610
32913|2013-12-17|SO|IV Ka 656/13|Wyrok|https://www.saos.org.pl/judgments/32913
31621|2013-12-16|SO|VII K 422/13|Wyrok|https://www.saos.org.pl/judgments/31621
31008|2013-12-13|SO|IX Ka 1570/13|Wyrok|https://www.saos.org.pl/judgments/31008
29848|2013-12-12|SO|VI Ka 364/13|Wyrok|https://www.saos.org.pl/judgments/29848
38120|2013-12-11|SO|VII Ka 1067/13|Wyrok|https://www.saos.org.pl/judgments/38120
33303|2013-12-11|SO|VI K 410/13|Wyrok|https://www.saos.org.pl/judgments/33303
29461|2013-12-06|SO|II Ka 542/13|Wyrok|https://www.saos.org.pl/judgments/29461
28185|2013-12-04|SO|IV Ka 961/13|Wyrok|https://www.saos.org.pl/judgments/28185
103776|2013-12-03|SN|IV KK 342/13|Wyrok|https://www.saos.org.pl/judgments/103776
30325|2013-11-28|SO|II Ka 418/13|Wyrok|https://www.saos.org.pl/judgments/30325
45462|2013-11-27|SO|IX Ka 490/13|Wyrok|https://www.saos.org.pl/judgments/45462
31118|2013-11-26|SO|IV Ka 595/13|Wyrok|https://www.saos.org.pl/judgments/31118
33449|2013-11-22|SO|II Ka 450/13|Wyrok|https://www.saos.org.pl/judgments/33449
30076|2013-11-22|SO|IV Ka 704/13|Wyrok|https://www.saos.org.pl/judgments/30076
36411|2013-11-20|SO|II K 830/13|Wyrok|https://www.saos.org.pl/judgments/36411
30959|2013-11-18|SO|II K 642/13|Wyrok|https://www.saos.org.pl/judgments/30959
27045|2013-11-14|SO|IV Ka 691/13|Wyrok|https://www.saos.org.pl/judgments/27045
27139|2013-11-12|SO|V K 1032/13|Wyrok|https://www.saos.org.pl/judgments/27139
27117|2013-11-12|SO|VIII Ka 651/13|Wyrok|https://www.saos.org.pl/judgments/27117
26745|2013-11-07|SO|IV Ka 915/13|Wyrok|https://www.saos.org.pl/judgments/26745
103485|2013-11-06|SN|V KK 326/13|Postanowienie|https://www.saos.org.pl/judgments/103485
25715|2013-10-30|SO|IX Ka 1243/13|Wyrok|https://www.saos.org.pl/judgments/25715
103401|2013-10-29|SN|V KK 230/13|Postanowienie|https://www.saos.org.pl/judgments/103401
141808|2013-10-24|SO|II AKa 352/13|Wyrok|https://www.saos.org.pl/judgments/141808
103208|2013-10-24|SN|III KK 346/13|Postanowienie|https://www.saos.org.pl/judgments/103208
24098|2013-10-16|SO|IV Ka 818/13|Wyrok|https://www.saos.org.pl/judgments/24098
34582|2013-10-15|SO|VI Ka 469/13|Wyrok|https://www.saos.org.pl/judgments/34582
27629|2013-10-11|SO|II K 299/13|Wyrok|https://www.saos.org.pl/judgments/27629
142644|2013-10-09|SO|II AKa 326/13|Wyrok|https://www.saos.org.pl/judgments/142644
28379|2013-10-09|SO|IV Ka 803/13|Wyrok|https://www.saos.org.pl/judgments/28379
25199|2013-10-04|SO|VII Ka 792/13|Wyrok|https://www.saos.org.pl/judgments/25199
22445|2013-10-03|SO|II Ka 665/13|Wyrok|https://www.saos.org.pl/judgments/22445
25200|2013-10-02|SO|VII Ka 822/13|Wyrok|https://www.saos.org.pl/judgments/25200
23318|2013-10-02|SO|III K 98/11|Wyrok|https://www.saos.org.pl/judgments/23318
24037|2013-10-01|SO|IV Ka 503/13|Wyrok|https://www.saos.org.pl/judgments/24037
23292|2013-09-30|SO|II Ka 372/13|Wyrok|https://www.saos.org.pl/judgments/23292
102996|2013-09-27|SN|IV KK 205/13|Postanowienie|https://www.saos.org.pl/judgments/102996
33432|2013-09-27|SO|VI Ka 389/13|Wyrok|https://www.saos.org.pl/judgments/33432
31487|2013-09-24|SO|VI Ka 407/13|Wyrok|https://www.saos.org.pl/judgments/31487
36983|2013-09-23|SO|IV K 108/13|Wyrok|https://www.saos.org.pl/judgments/36983
22657|2013-09-20|SO|IV Ka 463/13|Wyrok|https://www.saos.org.pl/judgments/22657
140340|2013-09-18|SO|II AKa 150/13|Wyrok|https://www.saos.org.pl/judgments/140340
21978|2013-09-18|SO|VIII Ka 582/13|Wyrok|https://www.saos.org.pl/judgments/21978
21392|2013-09-17|SO|VIII Ka 545/13|Wyrok|https://www.saos.org.pl/judgments/21392
27921|2013-09-13|SO|II K 1648/12|Wyrok|https://www.saos.org.pl/judgments/27921
141830|2013-09-12|SO|II AKa 192/13|Wyrok|https://www.saos.org.pl/judgments/141830
140243|2013-09-12|SO|II AKa 142/13|Wyrok|https://www.saos.org.pl/judgments/140243
102864|2013-09-12|SN|V KK 205/13|Wyrok|https://www.saos.org.pl/judgments/102864
20420|2013-09-12|SO|II Ka 318/13|Wyrok|https://www.saos.org.pl/judgments/20420
35733|2013-09-06|SO|II Ka 379/13|Wyrok|https://www.saos.org.pl/judgments/35733
102782|2013-09-04|SN|III KK 299/13|Postanowienie|https://www.saos.org.pl/judgments/102782
23345|2013-09-02|SO|VIII Ka 500/13|Wyrok|https://www.saos.org.pl/judgments/23345
29284|2013-08-29|SO|II K 337/13|Wyrok|https://www.saos.org.pl/judgments/29284
26441|2013-08-28|SO|II K 767/12|Wyrok|https://www.saos.org.pl/judgments/26441
22073|2013-08-27|SO|IX Ka 101/13|Wyrok|https://www.saos.org.pl/judgments/22073
20010|2013-08-26|SO|IV Ka 615/13|Wyrok|https://www.saos.org.pl/judgments/20010
20624|2013-08-22|SO|IV Ka 377/13|Wyrok|https://www.saos.org.pl/judgments/20624
20674|2013-08-14|SO|IV Ka 536/13|Wyrok|https://www.saos.org.pl/judgments/20674
102584|2013-08-08|SN|III KK 244/13|Postanowienie|https://www.saos.org.pl/judgments/102584
24264|2013-08-06|SO|XI Ka 625/13|Wyrok|https://www.saos.org.pl/judgments/24264
24262|2013-08-06|SO|XI Ka 503/13|Wyrok|https://www.saos.org.pl/judgments/24262
17711|2013-07-30|SO|V Ka 601/13|Wyrok|https://www.saos.org.pl/judgments/17711
20671|2013-07-19|SO|IV Ka 478/13|Wyrok|https://www.saos.org.pl/judgments/20671
142642|2013-07-18|SO|II AKa 238/13|Wyrok|https://www.saos.org.pl/judgments/142642
140680|2013-07-18|SO|II AKa 206/13|Wyrok|https://www.saos.org.pl/judgments/140680
28628|2013-07-18|SO|III K 40/13|Wyrok|https://www.saos.org.pl/judgments/28628
20270|2013-07-17|SO|VII K 36/13|Wyrok|https://www.saos.org.pl/judgments/20270
102432|2013-07-11|SN|IV KK 185/13|Wyrok|https://www.saos.org.pl/judgments/102432
20643|2013-07-11|SO|XI Ka 528/13|Wyrok|https://www.saos.org.pl/judgments/20643
141184|2013-07-04|SO|II AKa 207/13|Wyrok|https://www.saos.org.pl/judgments/141184
18254|2013-07-04|SO|II Ka 247/13|Wyrok|https://www.saos.org.pl/judgments/18254
25255|2013-06-27|SO|II K 35/13|Wyrok|https://www.saos.org.pl/judgments/25255
19748|2013-06-26|SO|IV Ka 428/13|Wyrok|https://www.saos.org.pl/judgments/19748
19735|2013-06-21|SO|IV Ka 353/13|Wyrok|https://www.saos.org.pl/judgments/19735
17199|2013-06-20|SO|VI Ka 209/13|Wyrok|https://www.saos.org.pl/judgments/17199
16859|2013-06-18|SO|VII K 503/12|Wyrok|https://www.saos.org.pl/judgments/16859
140094|2013-06-14|SO|II AKa 160/13|Wyrok|https://www.saos.org.pl/judgments/140094
139112|2013-06-13|SO|II AKa 66/13|Wyrok|https://www.saos.org.pl/judgments/139112
20642|2013-06-11|SO|XI Ka 399/13|Wyrok|https://www.saos.org.pl/judgments/20642
16708|2013-06-07|SO|II K 6/13|Wyrok|https://www.saos.org.pl/judgments/16708
35872|2013-06-04|SO|IV Ka 82/13|Wyrok|https://www.saos.org.pl/judgments/35872
43066|2013-05-29|SO|VI K 20/13|Wyrok|https://www.saos.org.pl/judgments/43066
17922|2013-05-29|SO|III Kow 112/13|Postanowienie|https://www.saos.org.pl/judgments/17922
21793|2013-05-20|SO|V K 1941/12|Wyrok|https://www.saos.org.pl/judgments/21793
12898|2013-05-20|SO|III Kow 677/13|Postanowienie|https://www.saos.org.pl/judgments/12898
12894|2013-05-20|SO|III Kow 633/13|Postanowienie|https://www.saos.org.pl/judgments/12894
138901|2013-05-17|SO|I C 607/09|Wyrok|https://www.saos.org.pl/judgments/138901
16486|2013-05-17|SO|II K 512/13|Wyrok|https://www.saos.org.pl/judgments/16486
12353|2013-05-17|SO|V K 1197/12|Wyrok|https://www.saos.org.pl/judgments/12353
41011|2013-05-16|SO|I ACa 378/13|Wyrok|https://www.saos.org.pl/judgments/41011
12799|2013-05-14|SO|II K 1018/12|Wyrok|https://www.saos.org.pl/judgments/12799
135223|2013-05-13|SO|X Ka 273/13|Uzasadnienie|https://www.saos.org.pl/judgments/135223
273378|2013-05-10|SO|X Ka 273/13|Wyrok|https://www.saos.org.pl/judgments/273378
139029|2013-05-09|SO|II AKa 108/13|Wyrok|https://www.saos.org.pl/judgments/139029
12170|2013-05-09|SO|IV Ka 275/13|Wyrok|https://www.saos.org.pl/judgments/12170
10576|2013-05-09|SO|III Kow 735/13|Postanowienie|https://www.saos.org.pl/judgments/10576
139028|2013-04-26|SO|II AKa 107/13|Wyrok|https://www.saos.org.pl/judgments/139028
17402|2013-04-26|SO|IV Ka 123/13|Wyrok|https://www.saos.org.pl/judgments/17402
17091|2013-04-26|SO|II K 122/13|Uzasadnienie|https://www.saos.org.pl/judgments/17091
22975|2013-04-25|SO|III K 319/12|Uzasadnienie|https://www.saos.org.pl/judgments/22975
101609|2013-04-24|SN|V KK 367/12|Postanowienie|https://www.saos.org.pl/judgments/101609
101566|2013-04-23|SN|III KK 414/12|Postanowienie|https://www.saos.org.pl/judgments/101566
26283|2013-04-23|SO|II K 1208/11|Wyrok|https://www.saos.org.pl/judgments/26283
17748|2013-04-23|SO|III K 70/13|Postanowienie|https://www.saos.org.pl/judgments/17748
101480|2013-04-18|SN|II KZ 12/13|Postanowienie|https://www.saos.org.pl/judgments/101480
142939|2013-04-17|SO|II AKa 103/13|Wyrok|https://www.saos.org.pl/judgments/142939
19918|2013-04-11|SO|IX Ka 99/13|Wyrok|https://www.saos.org.pl/judgments/19918
10378|2013-04-11|SO|II K 84/12|Wyrok|https://www.saos.org.pl/judgments/10378
8921|2013-04-11|SO|III Kop 67/13|Postanowienie|https://www.saos.org.pl/judgments/8921
165515|2013-04-10|SN|IV KK 10/13|Postanowienie|https://www.saos.org.pl/judgments/165515
10284|2013-04-09|SO|VIII Ka 173/13|Wyrok|https://www.saos.org.pl/judgments/10284
101301|2013-04-05|SN|III KK 382/12|Wyrok|https://www.saos.org.pl/judgments/101301
11322|2013-04-04|SO|VI K 292/12|Wyrok|https://www.saos.org.pl/judgments/11322
15068|2013-04-03|SO|IV Ka 169/13|Wyrok|https://www.saos.org.pl/judgments/15068
12571|2013-04-03|SO|VI K 761/12|Wyrok|https://www.saos.org.pl/judgments/12571
8772|2013-04-03|SO|VII Ka 63/13|Wyrok|https://www.saos.org.pl/judgments/8772
9313|2013-03-27|SO|III K 9/13|Uzasadnienie|https://www.saos.org.pl/judgments/9313
30587|2013-03-26|SO|IV Ka 1019/12|Wyrok|https://www.saos.org.pl/judgments/30587
8567|2013-03-26|SO|VI Ka 110/13|Wyrok|https://www.saos.org.pl/judgments/8567
8475|2013-03-25|SO|VIII Ka 1089/12|Wyrok|https://www.saos.org.pl/judgments/8475
387787|2013-03-21|SO|II AKa 19/13|Wyrok|https://www.saos.org.pl/judgments/387787
137425|2013-03-21|SO|II AKa 40/13|Wyrok|https://www.saos.org.pl/judgments/137425
8935|2013-03-21|SO|IV Ka 28/13|Wyrok|https://www.saos.org.pl/judgments/8935
10900|2013-03-20|SO|V K 1387/12|Wyrok|https://www.saos.org.pl/judgments/10900
7366|2013-03-19|SO|VI Ka 81/13|Wyrok|https://www.saos.org.pl/judgments/7366
9326|2013-03-18|SO|IV Ka 1811/12|Wyrok|https://www.saos.org.pl/judgments/9326
9234|2013-03-18|SO|IV Ka 10/13|Wyrok|https://www.saos.org.pl/judgments/9234
101052|2013-03-14|SN|III KK 7/13|Postanowienie|https://www.saos.org.pl/judgments/101052
138353|2013-03-13|SO|II AKa 45/13|Wyrok|https://www.saos.org.pl/judgments/138353
8902|2013-03-12|SO|IV Ka 1260/12|Wyrok|https://www.saos.org.pl/judgments/8902
8642|2013-03-11|SO|VIII Ka 47/13|Wyrok|https://www.saos.org.pl/judgments/8642
14368|2013-03-08|SO|IV Ka 123/13|Wyrok|https://www.saos.org.pl/judgments/14368
139101|2013-03-07|SO|II AKa 29/13|Wyrok|https://www.saos.org.pl/judgments/139101
111970|2013-03-06|TK|Ts 227/10|Postanowienie|https://www.saos.org.pl/judgments/111970
11804|2013-03-05|SO|IV Ka 1382/12|Wyrok|https://www.saos.org.pl/judgments/11804
8559|2013-02-28|SO|VIII Ka 21/13|Wyrok|https://www.saos.org.pl/judgments/8559
14379|2013-02-27|SO|IV Ka 75/13|Wyrok|https://www.saos.org.pl/judgments/14379
6639|2013-02-27|SO|II K 1258/12|Uzasadnienie|https://www.saos.org.pl/judgments/6639
6916|2013-02-26|SO|V K 1714/12|Uzasadnienie|https://www.saos.org.pl/judgments/6916
100851|2013-02-21|SN|V KO 12/13|Postanowienie|https://www.saos.org.pl/judgments/100851
14361|2013-02-21|SO|IV Ka 1047/12|Wyrok|https://www.saos.org.pl/judgments/14361
137879|2013-02-19|SO|II AKa 291/12|Wyrok|https://www.saos.org.pl/judgments/137879
22984|2013-02-18|SO|III K 327/12|Uzasadnienie|https://www.saos.org.pl/judgments/22984
8259|2013-02-15|SO|IV Ka 1733/12|Wyrok|https://www.saos.org.pl/judgments/8259
137404|2013-02-14|SO|II AKa 6/13|Wyrok|https://www.saos.org.pl/judgments/137404
100718|2013-02-14|SN|II KK 120/12|Postanowienie|https://www.saos.org.pl/judgments/100718
7304|2013-02-14|SO|VIII Ka 1051/12|Wyrok|https://www.saos.org.pl/judgments/7304
100736|2013-02-13|SN|III KK 335/12|Wyrok|https://www.saos.org.pl/judgments/100736
6638|2013-02-13|SO|II K 1258/12|Wyrok|https://www.saos.org.pl/judgments/6638
5978|2013-02-12|SO|VI Ka 840/12|Wyrok|https://www.saos.org.pl/judgments/5978
5285|2013-02-08|SO|III Kop 27/13|Postanowienie|https://www.saos.org.pl/judgments/5285
137422|2013-02-06|SO|II AKa 273/12|Wyrok|https://www.saos.org.pl/judgments/137422
7311|2013-01-31|SO|VIII Ka 1097/12|Wyrok|https://www.saos.org.pl/judgments/7311
7297|2013-01-31|SO|VIII Ka 1037/12|Wyrok|https://www.saos.org.pl/judgments/7297
136956|2013-01-30|SO|II AKz 16/13|Postanowienie|https://www.saos.org.pl/judgments/136956
8199|2013-01-29|SO|IV Ka 1543/12|Wyrok|https://www.saos.org.pl/judgments/8199
7368|2013-01-29|SO|XII K 230/10|Wyrok|https://www.saos.org.pl/judgments/7368
6072|2013-01-28|SO|II K 1329/12|Wyrok|https://www.saos.org.pl/judgments/6072
9024|2013-01-24|SO|III K 383/12|Postanowienie|https://www.saos.org.pl/judgments/9024
100455|2013-01-23|SN|III KK 147/12|Postanowienie|https://www.saos.org.pl/judgments/100455
8197|2013-01-23|SO|IV Ka 1506/12|Wyrok|https://www.saos.org.pl/judgments/8197
6700|2013-01-23|SO|IV Ka 1269/12|Wyrok|https://www.saos.org.pl/judgments/6700
8293|2013-01-22|SO|V K 1808/12|Wyrok|https://www.saos.org.pl/judgments/8293
7321|2013-01-21|SO|VIII Ka 903/12|Wyrok|https://www.saos.org.pl/judgments/7321
25618|2013-01-09|SO|II K 234/12|Wyrok|https://www.saos.org.pl/judgments/25618
10320|2013-01-09|SO|XII K 1014/11|Wyrok|https://www.saos.org.pl/judgments/10320
9893|2013-01-07|SO|II K 601/12|Wyrok|https://www.saos.org.pl/judgments/9893
18131|2013-01-04|SO|XII K 289/12|Wyrok|https://www.saos.org.pl/judgments/18131
100233|2012-12-28|SN|IV KZ 84/12|Postanowienie|https://www.saos.org.pl/judgments/100233
4302|2012-12-21|SO|III Kop 252/12|Postanowienie|https://www.saos.org.pl/judgments/4302
4220|2012-12-12|SO|II K 430/12|Wyrok|https://www.saos.org.pl/judgments/4220
99978|2012-12-06|SN|IV KK 199/12|Postanowienie|https://www.saos.org.pl/judgments/99978
99943|2012-12-05|SN|III KK 137/12|Wyrok|https://www.saos.org.pl/judgments/99943
16237|2012-11-30|SO|II K 18/12|Wyrok|https://www.saos.org.pl/judgments/16237
136417|2012-11-29|SO|II AKa 199/12|Wyrok|https://www.saos.org.pl/judgments/136417
99715|2012-11-20|SN|II KK 287/12|Wyrok|https://www.saos.org.pl/judgments/99715
99566|2012-11-08|SN|III KK 329/12|Postanowienie|https://www.saos.org.pl/judgments/99566
72898|2012-10-30|SO|VIII K 2/12|Wyrok|https://www.saos.org.pl/judgments/72898
8738|2012-10-29|SO|VIII K 209/12|Wyrok|https://www.saos.org.pl/judgments/8738
99226|2012-10-04|SN|III KZ 72/12|Postanowienie|https://www.saos.org.pl/judgments/99226
136685|2012-09-26|SO|II AKa 232/11|Wyrok|https://www.saos.org.pl/judgments/136685
135782|2012-09-11|SO|II AKa 162/12|Wyrok|https://www.saos.org.pl/judgments/135782
99015|2012-09-11|SN|IV KK 250/12|Wyrok|https://www.saos.org.pl/judgments/99015
136779|2012-09-06|SO|II AKa 189/12|Wyrok|https://www.saos.org.pl/judgments/136779
98912|2012-08-29|SN|V KK 203/12|Wyrok|https://www.saos.org.pl/judgments/98912
21783|2012-06-26|SO|III Kop 107/12|Postanowienie|https://www.saos.org.pl/judgments/21783
98143|2012-05-17|SN|V KK 37/12|Postanowienie|https://www.saos.org.pl/judgments/98143
96484|2011-12-08|SN|II KK 177/11|Wyrok|https://www.saos.org.pl/judgments/96484
110508|2011-11-30|TK|Ts 92/08|Postanowienie|https://www.saos.org.pl/judgments/110508
22716|2011-11-10|SO|III K 228/11|Postanowienie|https://www.saos.org.pl/judgments/22716
19047|2011-06-16|SO|III K 49/11|Postanowienie|https://www.saos.org.pl/judgments/19047
23399|2011-05-10|SO|I ACa 200/11|Wyrok|https://www.saos.org.pl/judgments/23399
109900|2010-09-27|TK|Ts 92/08|Postanowienie|https://www.saos.org.pl/judgments/109900
17742|2010-04-07|SO|III K 63/10|Postanowienie|https://www.saos.org.pl/judgments/17742
91875|2010-02-17|SN|III KK 333/09|Postanowienie|https://www.saos.org.pl/judgments/91875
91432|2009-12-10|SN|I KZP 26/09|Postanowienie|https://www.saos.org.pl/judgments/91432
19295|2009-12-08|SO|III K 371/09|Postanowienie|https://www.saos.org.pl/judgments/19295
109394|2009-10-07|TK|Ts 211/07|Postanowienie|https://www.saos.org.pl/judgments/109394
90043|2009-04-09|SN|WZ 18/09|Postanowienie|https://www.saos.org.pl/judgments/90043
109392|2009-02-04|TK|Ts 211/07|Postanowienie|https://www.saos.org.pl/judgments/109392
488948|2008-04-17|SO|II AKa 78/08|Wyrok|https://www.saos.org.pl/judgments/488948
417849|2006-02-16|SO|II AKa 15/06|Wyrok|https://www.saos.org.pl/judgments/417849
82308|2003-11-06|SN|IV KK 456/02|Postanowienie|https://www.saos.org.pl/judgments/82308
82284|2003-10-24|SN|SNO 66/03|Uchwała|https://www.saos.org.pl/judgments/82284
82034|2003-05-29|SN|I KZP 13/03|Postanowienie|https://www.saos.org.pl/judgments/82034
81760|2002-12-13|SN|SNO 46/02|Uchwała|https://www.saos.org.pl/judgments/81760
79891|2000-09-07|SN|I KZP 26/00|Postanowienie|https://www.saos.org.pl/judgments/79891
