saos_id|date|court|case_number|type|saos_url
544918|2026-04-17|SO|IV GC 1307/25|Uzasadnienie|https://www.saos.org.pl/judgments/544918
543420|2026-03-12|SO|IV GC 132/25|Uzasadnienie|https://www.saos.org.pl/judgments/543420
543104|2026-03-12|SO|IV GC 1110/25|Uzasadnienie|https://www.saos.org.pl/judgments/543104
543148|2026-03-10|SO|I ACa 752/25|Wyrok|https://www.saos.org.pl/judgments/543148
544526|2026-03-06|SO|IV P 1271/24|Wyrok|https://www.saos.org.pl/judgments/544526
543445|2026-03-03|SO|I ACa 2664/23|Wyrok|https://www.saos.org.pl/judgments/543445
542390|2026-02-26|SO|IV GC 975/25|Uzasadnienie|https://www.saos.org.pl/judgments/542390
543840|2026-02-20|SO|I C 835/25|Wyrok|https://www.saos.org.pl/judgments/543840
542890|2026-02-20|SO|III C 690/24|Wyrok|https://www.saos.org.pl/judgments/542890
543836|2026-02-18|SO|I C 487/25|Wyrok|https://www.saos.org.pl/judgments/543836
542525|2026-02-12|SO|I C 63/23|Wyrok|https://www.saos.org.pl/judgments/542525
542604|2026-02-06|SO|XI GC 342/24|Zarządzenie|https://www.saos.org.pl/judgments/542604
543158|2026-02-04|SO|I C 410/22|Wyrok|https://www.saos.org.pl/judgments/543158
544899|2026-01-29|SO|I C 333/25|Wyrok|https://www.saos.org.pl/judgments/544899
542679|2026-01-22|SO|XXV C 406/22|Wyrok|https://www.saos.org.pl/judgments/542679
542449|2026-01-21|SO|I C 4187/23|Wyrok|https://www.saos.org.pl/judgments/542449
541278|2026-01-20|SO|I ACa 2738/23|Wyrok|https://www.saos.org.pl/judgments/541278
541007|2026-01-19|SO|I C 1256/20|Wyrok|https://www.saos.org.pl/judgments/541007
543147|2026-01-13|SO|I ACa 74/25|Wyrok|https://www.saos.org.pl/judgments/543147
543586|2025-12-22|SO|II C 721/13|Wyrok|https://www.saos.org.pl/judgments/543586
540661|2025-12-22|SO|I ACa 2399/23|Wyrok|https://www.saos.org.pl/judgments/540661
540562|2025-12-19|SO|I C 881/22|Wyrok|https://www.saos.org.pl/judgments/540562
540626|2025-12-18|SO|I C 168/20|Wyrok|https://www.saos.org.pl/judgments/540626
541090|2025-12-09|SO|I C 715/25|Wyrok|https://www.saos.org.pl/judgments/541090
540142|2025-12-05|SO|I C 184/25|Wyrok|https://www.saos.org.pl/judgments/540142
539727|2025-12-02|SO|I C 325/24|Wyrok|https://www.saos.org.pl/judgments/539727
544847|2025-12-01|SO|III Ca 953/24|Uzasadnienie|https://www.saos.org.pl/judgments/544847
539165|2025-11-28|SO|I ACa 2401/23|Wyrok|https://www.saos.org.pl/judgments/539165
542315|2025-11-27|SO|I C 542/23|Wyrok|https://www.saos.org.pl/judgments/542315
540256|2025-11-26|SO|I Ns 597/22|Postanowienie|https://www.saos.org.pl/judgments/540256
541951|2025-11-25|SO|VIII GC 1264/25|Wyrok|https://www.saos.org.pl/judgments/541951
537509|2025-11-21|SO|IX P 527/24|Zarządzenie|https://www.saos.org.pl/judgments/537509
544448|2025-11-20|SO|I ACa 951/25|Wyrok|https://www.saos.org.pl/judgments/544448
542934|2025-11-19|SO|I C 479/25|Wyrok|https://www.saos.org.pl/judgments/542934
540046|2025-11-19|SO|V AGa 530/24|Wyrok|https://www.saos.org.pl/judgments/540046
544875|2025-11-18|SO|I ACa 203/23|Wyrok|https://www.saos.org.pl/judgments/544875
539894|2025-11-17|SO|I C 1451/24|Wyrok|https://www.saos.org.pl/judgments/539894
542975|2025-11-14|SO|XXVI GC 338/25|Wyrok|https://www.saos.org.pl/judgments/542975
543582|2025-11-13|SO|I C 924/24|Wyrok|https://www.saos.org.pl/judgments/543582
538035|2025-11-07|SO|I ACa 1964/23|Wyrok|https://www.saos.org.pl/judgments/538035
538175|2025-11-05|SO|I ACa 1351/23|Wyrok|https://www.saos.org.pl/judgments/538175
536622|2025-10-22|SO|I C 6/21|Wyrok|https://www.saos.org.pl/judgments/536622
538816|2025-10-20|SO|I C 2301/24|Wyrok|https://www.saos.org.pl/judgments/538816
538080|2025-10-15|SO|I C 572/22|Uzasadnienie|https://www.saos.org.pl/judgments/538080
539717|2025-10-13|SO|I C 1462/24|Wyrok|https://www.saos.org.pl/judgments/539717
543636|2025-10-09|SO|I AGa 57/23|Wyrok|https://www.saos.org.pl/judgments/543636
536860|2025-10-08|SO|VIII Pa 162/25|Uzasadnienie|https://www.saos.org.pl/judgments/536860
538494|2025-10-07|SO|VIII GC 493/25|Wyrok|https://www.saos.org.pl/judgments/538494
538342|2025-10-07|SO|II AKa 158/25|Uzasadnienie|https://www.saos.org.pl/judgments/538342
536298|2025-10-01|SO|I C 605/25|Wyrok|https://www.saos.org.pl/judgments/536298
536905|2025-09-29|SO|I ACa 3839/23|Wyrok|https://www.saos.org.pl/judgments/536905
538628|2025-09-24|SO|II C 1143/25|Wyrok|https://www.saos.org.pl/judgments/538628
537359|2025-09-19|SO|I C 1787/21|Wyrok|https://www.saos.org.pl/judgments/537359
541221|2025-09-18|SO|III C 271/25|Wyrok|https://www.saos.org.pl/judgments/541221
539547|2025-09-18|SO|I C 3/17|Wyrok|https://www.saos.org.pl/judgments/539547
540053|2025-09-04|SO|XIII Ga 304/25|Zarządzenie|https://www.saos.org.pl/judgments/540053
536204|2025-08-29|SO|III Ko 349/24|Wyrok|https://www.saos.org.pl/judgments/536204
533439|2025-08-26|SO|I C 229/25|Wyrok|https://www.saos.org.pl/judgments/533439
537101|2025-08-18|SO|III C 23/25|Wyrok|https://www.saos.org.pl/judgments/537101
536924|2025-08-08|SO|V GC 329/25|Wyrok|https://www.saos.org.pl/judgments/536924
533524|2025-08-08|SO|I ACa 2082/23|Wyrok|https://www.saos.org.pl/judgments/533524
533089|2025-08-08|SO|I ACa 2112/23|Wyrok|https://www.saos.org.pl/judgments/533089
536929|2025-08-07|SO|I C 216/25|Wyrok|https://www.saos.org.pl/judgments/536929
537297|2025-08-05|SO|I C 334/24|Wyrok|https://www.saos.org.pl/judgments/537297
533551|2025-07-30|SO|II C 423/25|Uzasadnienie|https://www.saos.org.pl/judgments/533551
533088|2025-07-29|SO|I ACa 1973/23|Wyrok|https://www.saos.org.pl/judgments/533088
532919|2025-07-29|SO|I ACa 2991/23|Wyrok|https://www.saos.org.pl/judgments/532919
532702|2025-07-29|SO|I ACa 1956/23|Wyrok|https://www.saos.org.pl/judgments/532702
532722|2025-07-22|SO|I C 315/23|Wyrok|https://www.saos.org.pl/judgments/532722
533058|2025-07-17|SO|VI C 1401/24|Uzasadnienie|https://www.saos.org.pl/judgments/533058
531748|2025-07-17|SO|XIV C 676/24|Wyrok|https://www.saos.org.pl/judgments/531748
539765|2025-07-07|SO|I C 105/25|Uzasadnienie|https://www.saos.org.pl/judgments/539765
541967|2025-07-03|SO|I ACa 2462/23|Wyrok|https://www.saos.org.pl/judgments/541967
536723|2025-07-03|SO|I C 467/25|Wyrok|https://www.saos.org.pl/judgments/536723
534940|2025-07-01|SO|VIII C 197/25|Wyrok|https://www.saos.org.pl/judgments/534940
541896|2025-06-26|SO|IV GC 504/24|Wyrok|https://www.saos.org.pl/judgments/541896
531197|2025-06-26|SO|I C 895/23|Wyrok|https://www.saos.org.pl/judgments/531197
542516|2025-06-24|SO|I AGa 25/23|Wyrok|https://www.saos.org.pl/judgments/542516
538881|2025-06-24|SO|I C 360/24|Wyrok|https://www.saos.org.pl/judgments/538881
538624|2025-06-17|SO|I C 824/24|Wyrok|https://www.saos.org.pl/judgments/538624
542729|2025-06-13|SO|IV P 2137/24|Wyrok|https://www.saos.org.pl/judgments/542729
528422|2025-06-13|SO|XVI Ca 619/24|Uzasadnienie|https://www.saos.org.pl/judgments/528422
532341|2025-06-12|SO|I C 342/25|Wyrok|https://www.saos.org.pl/judgments/532341
528239|2025-06-11|SO|IX P 467/24|Zarządzenie|https://www.saos.org.pl/judgments/528239
542424|2025-06-10|SO|I ACa 647/20|Wyrok|https://www.saos.org.pl/judgments/542424
535552|2025-06-10|SO|I C 615/24|Wyrok|https://www.saos.org.pl/judgments/535552
541888|2025-06-06|SO|I AGa 26/23|Wyrok|https://www.saos.org.pl/judgments/541888
534780|2025-05-30|SO|V Pa 1/25|Wyrok|https://www.saos.org.pl/judgments/534780
530028|2025-05-30|SO|XXVI GC 753/17|Uzasadnienie|https://www.saos.org.pl/judgments/530028
542577|2025-05-28|SO|VI GC 959/24|Wyrok|https://www.saos.org.pl/judgments/542577
527703|2025-05-23|SO|I C 1347/24|Wyrok|https://www.saos.org.pl/judgments/527703
540999|2025-05-22|SO|I ACa 3251/24|Wyrok|https://www.saos.org.pl/judgments/540999
529379|2025-05-16|SO|III C 925/24|Wyrok|https://www.saos.org.pl/judgments/529379
535789|2025-05-15|SO|I C 308/24|Wyrok|https://www.saos.org.pl/judgments/535789
532369|2025-05-13|SO|I C 680/23|Wyrok|https://www.saos.org.pl/judgments/532369
530532|2025-05-13|SO|II Ca 529/25|Wyrok|https://www.saos.org.pl/judgments/530532
542034|2025-05-12|SO|VIII GC 32/25|Wyrok|https://www.saos.org.pl/judgments/542034
526323|2025-05-09|SO|IX P 476/24|Zarządzenie|https://www.saos.org.pl/judgments/526323
528464|2025-05-08|SO|I C 2020/21|Wyrok|https://www.saos.org.pl/judgments/528464
525922|2025-05-06|SO|IX P 455/24|Zarządzenie|https://www.saos.org.pl/judgments/525922
526002|2025-05-05|SO|IX P 28/23|Zarządzenie|https://www.saos.org.pl/judgments/526002
528762|2025-04-30|SO|XXV C 1143/22|Wyrok|https://www.saos.org.pl/judgments/528762
538294|2025-04-29|SO|I C 890/24|Wyrok|https://www.saos.org.pl/judgments/538294
532332|2025-04-25|SO|I C 2511/24|Wyrok|https://www.saos.org.pl/judgments/532332
526283|2025-04-23|SO|I C 118/24|Wyrok|https://www.saos.org.pl/judgments/526283
525329|2025-04-22|SO|IX P 492/24|Zarządzenie|https://www.saos.org.pl/judgments/525329
525388|2025-04-18|SO|IX P 437/24|Zarządzenie|https://www.saos.org.pl/judgments/525388
536379|2025-04-17|SO|II C 2260/22|Uzasadnienie|https://www.saos.org.pl/judgments/536379
525254|2025-04-15|SO|I C 460/24|Wyrok|https://www.saos.org.pl/judgments/525254
525183|2025-04-15|SO|IX P 435/24|Zarządzenie|https://www.saos.org.pl/judgments/525183
533405|2025-04-09|SO|XXV C 220/20|Wyrok|https://www.saos.org.pl/judgments/533405
526944|2025-04-09|SO|I C 1786/23|Wyrok|https://www.saos.org.pl/judgments/526944
524979|2025-04-09|SO|IX P 449/24|Zarządzenie|https://www.saos.org.pl/judgments/524979
538865|2025-04-07|SO|I ACa 1589/22|Wyrok|https://www.saos.org.pl/judgments/538865
526070|2025-04-07|SO|II C 2550/21|Uzasadnienie|https://www.saos.org.pl/judgments/526070
540723|2025-04-03|SO|II Ca 353/24|Wyrok|https://www.saos.org.pl/judgments/540723
532165|2025-04-02|SO|XXV C 399/23|Wyrok|https://www.saos.org.pl/judgments/532165
538869|2025-03-31|SO|I ACa 734/23|Wyrok|https://www.saos.org.pl/judgments/538869
524398|2025-03-31|SO|IX P 478/24|Zarządzenie|https://www.saos.org.pl/judgments/524398
540128|2025-03-28|SO|I ACa 1588/22|Wyrok|https://www.saos.org.pl/judgments/540128
532431|2025-03-25|SO|XX GC 759/24|Zarządzenie|https://www.saos.org.pl/judgments/532431
531524|2025-03-25|SO|II C 1873/24|Uzasadnienie|https://www.saos.org.pl/judgments/531524
524085|2025-03-24|SO|IX P 458/24|Zarządzenie|https://www.saos.org.pl/judgments/524085
523819|2025-03-24|SO|IX P 466/24|Zarządzenie|https://www.saos.org.pl/judgments/523819
523817|2025-03-24|SO|IX P 464/24|Zarządzenie|https://www.saos.org.pl/judgments/523817
528755|2025-03-20|SO|XX GC 1225/24|Zarządzenie|https://www.saos.org.pl/judgments/528755
532484|2025-03-18|SO|I C 2662/24|Wyrok|https://www.saos.org.pl/judgments/532484
529623|2025-03-17|SO|I Ns 728/24|Uzasadnienie|https://www.saos.org.pl/judgments/529623
525490|2025-03-11|SO|I AGa 213/24|Wyrok|https://www.saos.org.pl/judgments/525490
529423|2025-03-07|SO|II Ca 2385/24|Postanowienie|https://www.saos.org.pl/judgments/529423
526273|2025-03-07|SO|XIII Ga 232/24|Uzasadnienie|https://www.saos.org.pl/judgments/526273
522970|2025-03-06|SO|XI Pa 116/25|Wyrok|https://www.saos.org.pl/judgments/522970
529096|2025-03-05|SO|VI GC 512/24|Wyrok|https://www.saos.org.pl/judgments/529096
524471|2025-02-27|SO|I C 581/23|Wyrok|https://www.saos.org.pl/judgments/524471
523450|2025-02-25|SO|XII C 774/24|Zarządzenie|https://www.saos.org.pl/judgments/523450
522725|2025-02-21|SO|II C 470/24|Zarządzenie|https://www.saos.org.pl/judgments/522725
536703|2025-02-19|SO|I AGa 105/23|Wyrok|https://www.saos.org.pl/judgments/536703
542329|2025-02-18|SO|I C 785/24|Wyrok|https://www.saos.org.pl/judgments/542329
536876|2025-02-17|SO|I ACa 245/23|Wyrok|https://www.saos.org.pl/judgments/536876
524163|2025-02-17|SO|I C 1428/24|Wyrok|https://www.saos.org.pl/judgments/524163
523014|2025-02-14|SO|II Ca 2167/23|Wyrok|https://www.saos.org.pl/judgments/523014
521034|2025-02-03|SO|IX P 63/23|Zarządzenie|https://www.saos.org.pl/judgments/521034
534879|2025-01-29|SO|I C 1087/23|Zarządzenie|https://www.saos.org.pl/judgments/534879
522531|2025-01-28|SO|VI C 1850/24|Uzasadnienie|https://www.saos.org.pl/judgments/522531
521941|2025-01-22|SO|IX P 456/24|Zarządzenie|https://www.saos.org.pl/judgments/521941
522807|2025-01-13|SO|I C 618/24|Uzasadnienie|https://www.saos.org.pl/judgments/522807
522443|2025-01-13|SO|VI C 928/21|Uzasadnienie|https://www.saos.org.pl/judgments/522443
522158|2025-01-10|SO|I C 65/17|Wyrok|https://www.saos.org.pl/judgments/522158
519735|2024-12-30|SO|I C 64/24|Wyrok|https://www.saos.org.pl/judgments/519735
523073|2024-12-18|SO|I C 23/24|Wyrok|https://www.saos.org.pl/judgments/523073
520815|2024-12-18|SO|VI GC 238/24|Wyrok|https://www.saos.org.pl/judgments/520815
520183|2024-12-18|SO|I C 300/24|Wyrok|https://www.saos.org.pl/judgments/520183
519373|2024-12-18|SO|XIV C 241/23|Wyrok|https://www.saos.org.pl/judgments/519373
523261|2024-12-16|SO|I ACa 398/23|Wyrok|https://www.saos.org.pl/judgments/523261
519663|2024-12-13|SO|I C 321/21|Wyrok|https://www.saos.org.pl/judgments/519663
521341|2024-12-09|SO|I C 823/24|Uzasadnienie|https://www.saos.org.pl/judgments/521341
521204|2024-12-09|SO|II Ca 2429/23|Wyrok|https://www.saos.org.pl/judgments/521204
539308|2024-12-05|SO|I C 448/22|Wyrok|https://www.saos.org.pl/judgments/539308
526179|2024-12-04|SO|I C 957/24|Wyrok|https://www.saos.org.pl/judgments/526179
520884|2024-12-04|SO|XXV C 1554/18|Wyrok|https://www.saos.org.pl/judgments/520884
529284|2024-11-29|SO|V GC 345/23|Wyrok|https://www.saos.org.pl/judgments/529284
535818|2024-11-22|SO|V GC 250/24|Wyrok|https://www.saos.org.pl/judgments/535818
535708|2024-11-22|SO|II Ca 1282/23|Postanowienie|https://www.saos.org.pl/judgments/535708
523682|2024-11-22|SO|IV GC 117/24|Wyrok|https://www.saos.org.pl/judgments/523682
524091|2024-11-21|SO|VI C 1514/23|Zarządzenie|https://www.saos.org.pl/judgments/524091
532714|2024-11-18|SO|I AGa 273/22|Wyrok|https://www.saos.org.pl/judgments/532714
522075|2024-11-14|SO|I C 26/22|Wyrok|https://www.saos.org.pl/judgments/522075
516969|2024-11-14|SO|II Ca 1557/24|Postanowienie|https://www.saos.org.pl/judgments/516969
533521|2024-11-12|SO|I ACa 1099/22|Wyrok|https://www.saos.org.pl/judgments/533521
523973|2024-11-06|SO|I C 1139/23|Wyrok|https://www.saos.org.pl/judgments/523973
517012|2024-11-04|SO|I C 196/23|Wyrok|https://www.saos.org.pl/judgments/517012
525186|2024-10-31|SO|VI GC 1048/23|Wyrok|https://www.saos.org.pl/judgments/525186
523229|2024-10-30|SO|V ACa 322/22|Wyrok|https://www.saos.org.pl/judgments/523229
525095|2024-10-25|SO|I C 1442/22|Wyrok|https://www.saos.org.pl/judgments/525095
540898|2024-10-23|SO|V AGa 513/22|Wyrok|https://www.saos.org.pl/judgments/540898
497509|2024-10-21|SO|I C 312/23|Wyrok|https://www.saos.org.pl/judgments/497509
519914|2024-10-17|SO|VI Pa 39/24|Wyrok|https://www.saos.org.pl/judgments/519914
524060|2024-10-16|SO|I C 670/22|Wyrok|https://www.saos.org.pl/judgments/524060
522352|2024-10-16|SO|VIII Pa 55/24|Uzasadnienie|https://www.saos.org.pl/judgments/522352
519583|2024-10-15|SO|I C 2386/21|Uzasadnienie|https://www.saos.org.pl/judgments/519583
542482|2024-10-14|SO|V ACa 736/22|Wyrok|https://www.saos.org.pl/judgments/542482
538598|2024-10-10|SO|V GC 163/24|Wyrok|https://www.saos.org.pl/judgments/538598
528617|2024-10-09|SO|I C 1547/24|Wyrok|https://www.saos.org.pl/judgments/528617
518535|2024-10-08|SO|XIV C 1140/16|Wyrok|https://www.saos.org.pl/judgments/518535
518100|2024-10-03|SO|I C 458/21|Wyrok|https://www.saos.org.pl/judgments/518100
531262|2024-10-01|SO|I ACa 195/23|Wyrok|https://www.saos.org.pl/judgments/531262
532707|2024-09-30|SO|I ACa 560/22|Wyrok|https://www.saos.org.pl/judgments/532707
517503|2024-09-30|SO|XXVII Ca 3303/23|Wyrok|https://www.saos.org.pl/judgments/517503
517736|2024-09-26|SO|I C 617/24|Wyrok|https://www.saos.org.pl/judgments/517736
516222|2024-09-26|SO|I Ns 111/22|Postanowienie|https://www.saos.org.pl/judgments/516222
497073|2024-09-26|SO|I C 249/24|Wyrok|https://www.saos.org.pl/judgments/497073
520254|2024-09-25|SO|I C 1176/24|Wyrok|https://www.saos.org.pl/judgments/520254
540802|2024-09-23|SO|V Ca 425/24|Postanowienie|https://www.saos.org.pl/judgments/540802
532666|2024-09-20|SO|V AGa 476/22|Wyrok|https://www.saos.org.pl/judgments/532666
517347|2024-09-18|SO|II1 C 19/24|Wyrok|https://www.saos.org.pl/judgments/517347
519652|2024-09-13|SO|I ACa 724/23|Wyrok|https://www.saos.org.pl/judgments/519652
537683|2024-09-10|SO|I C 1089/24|Wyrok|https://www.saos.org.pl/judgments/537683
544274|2024-09-09|SO|III Ca 392/22|Uzasadnienie|https://www.saos.org.pl/judgments/544274
514764|2024-09-03|SO|XIV C 1316/22|Wyrok|https://www.saos.org.pl/judgments/514764
531491|2024-08-30|SO|I ACa 2296/23|Wyrok|https://www.saos.org.pl/judgments/531491
523087|2024-08-30|SO|II AKz 520/24|Postanowienie|https://www.saos.org.pl/judgments/523087
511838|2024-08-29|SO|VII Pa 36/24|Wyrok|https://www.saos.org.pl/judgments/511838
517732|2024-08-28|SO|I C 435/24|Wyrok|https://www.saos.org.pl/judgments/517732
544400|2024-08-26|SO|III Ca 724/23|Uzasadnienie|https://www.saos.org.pl/judgments/544400
528877|2024-08-22|SO|V Ca 1507/23|Wyrok|https://www.saos.org.pl/judgments/528877
534685|2024-08-19|SO|I C 22/24|Wyrok|https://www.saos.org.pl/judgments/534685
532317|2024-08-09|SO|I C 2214/23|Wyrok|https://www.saos.org.pl/judgments/532317
527805|2024-08-05|SO|I C 1/23|Wyrok|https://www.saos.org.pl/judgments/527805
493311|2024-07-31|SO|I ACa 1062/21|Uzasadnienie|https://www.saos.org.pl/judgments/493311
520072|2024-07-30|SO|I C 166/23|Wyrok|https://www.saos.org.pl/judgments/520072
499513|2024-07-30|SO|I C 854/24|Wyrok|https://www.saos.org.pl/judgments/499513
495929|2024-07-25|SO|I C 1428/22|Wyrok|https://www.saos.org.pl/judgments/495929
520455|2024-07-18|SO|XV Ca 5/24|Wyrok|https://www.saos.org.pl/judgments/520455
536429|2024-07-17|SO|III Ca 1127/23|Uzasadnienie|https://www.saos.org.pl/judgments/536429
516782|2024-07-16|SO|VIII P 27/22|Uzasadnienie|https://www.saos.org.pl/judgments/516782
519259|2024-07-12|SO|XXV C 1513/16|Wyrok|https://www.saos.org.pl/judgments/519259
500124|2024-07-09|SO|I Ns 223/21|Postanowienie|https://www.saos.org.pl/judgments/500124
504579|2024-07-08|SO|II1 C 63/23|Wyrok|https://www.saos.org.pl/judgments/504579
521640|2024-07-05|SO|I C 3/23|Wyrok|https://www.saos.org.pl/judgments/521640
516184|2024-07-05|SO|V AGa 553/21|Wyrok|https://www.saos.org.pl/judgments/516184
509386|2024-07-05|SO|IX P 24/23|Zarządzenie|https://www.saos.org.pl/judgments/509386
530520|2024-07-03|SO|I C 583/22|Uzasadnienie|https://www.saos.org.pl/judgments/530520
522980|2024-07-03|SO|I C 1296/21|Wyrok|https://www.saos.org.pl/judgments/522980
541800|2024-06-27|SO|I ACa 1625/23|Wyrok|https://www.saos.org.pl/judgments/541800
521093|2024-06-27|SO|I ACa 1669/23|Wyrok|https://www.saos.org.pl/judgments/521093
536436|2024-06-24|SO|III Ca 1453/23|Uzasadnienie|https://www.saos.org.pl/judgments/536436
528526|2024-06-21|SO|I ACa 1479/22|Wyrok|https://www.saos.org.pl/judgments/528526
544192|2024-06-18|SO|I ACa 2044/22|Wyrok|https://www.saos.org.pl/judgments/544192
494942|2024-06-18|SO|I AGa 199/23|Wyrok|https://www.saos.org.pl/judgments/494942
542680|2024-06-14|SO|I C 1676/23|Wyrok|https://www.saos.org.pl/judgments/542680
528450|2024-06-13|SO|X C 1477/23|Wyrok|https://www.saos.org.pl/judgments/528450
516908|2024-06-13|SO|XVI GC 949/20|Wyrok|https://www.saos.org.pl/judgments/516908
495193|2024-06-11|SO|I C 101/22|Wyrok|https://www.saos.org.pl/judgments/495193
496966|2024-06-10|SO|I C 237/24|Wyrok|https://www.saos.org.pl/judgments/496966
523001|2024-06-05|SO|I C 775/22|Wyrok|https://www.saos.org.pl/judgments/523001
509462|2024-06-05|SO|IX P 57/23|Zarządzenie|https://www.saos.org.pl/judgments/509462
497228|2024-05-29|SO|I C 270/23|Wyrok|https://www.saos.org.pl/judgments/497228
519649|2024-05-24|SO|I ACa 358/23|Wyrok|https://www.saos.org.pl/judgments/519649
534206|2024-05-22|SO|III Ca 1584/22|Uzasadnienie|https://www.saos.org.pl/judgments/534206
496335|2024-05-22|SO|I C 1712/23|Wyrok|https://www.saos.org.pl/judgments/496335
534219|2024-05-20|SO|III Ca 1808/23|Uzasadnienie|https://www.saos.org.pl/judgments/534219
509470|2024-05-20|SO|IX P 64/23|Zarządzenie|https://www.saos.org.pl/judgments/509470
533754|2024-05-16|SO|III Ca 2325/22|Uzasadnienie|https://www.saos.org.pl/judgments/533754
498627|2024-05-16|SO|I C 551/23|Wyrok|https://www.saos.org.pl/judgments/498627
495180|2024-05-16|SO|I C 1003/20|Wyrok|https://www.saos.org.pl/judgments/495180
522378|2024-05-15|SO|I AGa 176/23|Wyrok|https://www.saos.org.pl/judgments/522378
496541|2024-05-15|SO|I C 1928/23|Wyrok|https://www.saos.org.pl/judgments/496541
523596|2024-05-14|SO|I C 55/24|Wyrok|https://www.saos.org.pl/judgments/523596
519401|2024-05-13|SO|I C 1014/23|Wyrok|https://www.saos.org.pl/judgments/519401
525214|2024-05-09|SO|I C 194/24|Wyrok|https://www.saos.org.pl/judgments/525214
533777|2024-05-07|SO|III Ca 408/24|Uzasadnienie|https://www.saos.org.pl/judgments/533777
494909|2024-04-30|SO|I AGa 156/23|Wyrok|https://www.saos.org.pl/judgments/494909
534256|2024-04-25|SO|III Ca 821/23|Uzasadnienie|https://www.saos.org.pl/judgments/534256
510843|2024-04-24|SO|VI GC 1156/23|Wyrok|https://www.saos.org.pl/judgments/510843
500923|2024-04-24|SO|II AKa 309/23|Uzasadnienie|https://www.saos.org.pl/judgments/500923
496505|2024-04-24|SO|I C 189/21|Wyrok|https://www.saos.org.pl/judgments/496505
532096|2024-04-22|SO|III Ca 2123/22|Uzasadnienie|https://www.saos.org.pl/judgments/532096
532113|2024-04-19|SO|III Ca 2427/22|Uzasadnienie|https://www.saos.org.pl/judgments/532113
532083|2024-04-19|SO|III Ca 1441/23|Uzasadnienie|https://www.saos.org.pl/judgments/532083
500039|2024-04-17|SO|I Cgg 97/23|Wyrok|https://www.saos.org.pl/judgments/500039
494985|2024-04-12|SO|I AGa 254/23|Wyrok|https://www.saos.org.pl/judgments/494985
537411|2024-04-10|SO|I C 463/23|Wyrok|https://www.saos.org.pl/judgments/537411
500147|2024-04-10|SO|I Ns 289/23|Postanowienie|https://www.saos.org.pl/judgments/500147
506068|2024-04-09|SO|III Ca 207/23|Wyrok|https://www.saos.org.pl/judgments/506068
499027|2024-04-08|SO|I C 672/23|Wyrok|https://www.saos.org.pl/judgments/499027
521110|2024-04-05|SO|I AGa 129/23|Wyrok|https://www.saos.org.pl/judgments/521110
497578|2024-04-04|SO|I C 3203/20|Wyrok|https://www.saos.org.pl/judgments/497578
525075|2024-04-03|SO|I ACa 1568/23|Wyrok|https://www.saos.org.pl/judgments/525075
538497|2024-03-28|SO|XV Ca 1649/23|Wyrok|https://www.saos.org.pl/judgments/538497
509422|2024-03-28|SO|IX P 36/23|Zarządzenie|https://www.saos.org.pl/judgments/509422
509357|2024-03-28|SO|IX P 15/23|Zarządzenie|https://www.saos.org.pl/judgments/509357
498725|2024-03-28|SO|I C 58/24|Wyrok|https://www.saos.org.pl/judgments/498725
514965|2024-03-27|SO|XVI C 518/21|Zarządzenie|https://www.saos.org.pl/judgments/514965
504634|2024-03-27|SO|III APa 79/21|Wyrok|https://www.saos.org.pl/judgments/504634
524448|2024-03-25|SO|I ACa 1125/21|Wyrok|https://www.saos.org.pl/judgments/524448
498758|2024-03-25|SO|I C 588/23|Uzasadnienie|https://www.saos.org.pl/judgments/498758
531855|2024-03-21|SO|III Ca 1861/22|Uzasadnienie|https://www.saos.org.pl/judgments/531855
510018|2024-03-18|SO|V Ca 2159/22|Wyrok|https://www.saos.org.pl/judgments/510018
505337|2024-03-14|SO|III C 34/23|Wyrok|https://www.saos.org.pl/judgments/505337
531877|2024-03-07|SO|III Ca 254/22|Uzasadnienie|https://www.saos.org.pl/judgments/531877
496333|2024-03-06|SO|I C 1711/23|Wyrok|https://www.saos.org.pl/judgments/496333
494922|2024-03-05|SO|I AGa 174/22|Wyrok|https://www.saos.org.pl/judgments/494922
531703|2024-03-04|SO|III Ca 232/22|Uzasadnienie|https://www.saos.org.pl/judgments/531703
519653|2024-03-01|SO|I ACa 866/23|Wyrok|https://www.saos.org.pl/judgments/519653
533359|2024-02-27|SO|I ACa 213/23|Wyrok|https://www.saos.org.pl/judgments/533359
496832|2024-02-26|SO|I C 222/22|Wyrok|https://www.saos.org.pl/judgments/496832
504570|2024-02-23|SO|II1 C 21/23|Wyrok|https://www.saos.org.pl/judgments/504570
498880|2024-02-23|SO|I C 621/23|Uzasadnienie|https://www.saos.org.pl/judgments/498880
544411|2024-02-21|SO|V ACa 496/22|Wyrok|https://www.saos.org.pl/judgments/544411
518200|2024-02-21|SO|I AGa 15/23|Wyrok|https://www.saos.org.pl/judgments/518200
511361|2024-02-21|SO|VI P 218/23|Wyrok|https://www.saos.org.pl/judgments/511361
510606|2024-02-21|SO|VI C 1321/23|Zarządzenie|https://www.saos.org.pl/judgments/510606
497435|2024-02-20|SO|I C 30/24|Wyrok|https://www.saos.org.pl/judgments/497435
496093|2024-02-16|SO|I C 1549/22|Wyrok|https://www.saos.org.pl/judgments/496093
544169|2024-02-15|SO|V ACa 437/22|Wyrok|https://www.saos.org.pl/judgments/544169
531401|2024-02-15|SO|I C 177/20|Wyrok|https://www.saos.org.pl/judgments/531401
529950|2024-02-15|SO|III Ca 2651/22|Uzasadnienie|https://www.saos.org.pl/judgments/529950
495410|2024-02-15|SO|I C 1114/21|Wyrok|https://www.saos.org.pl/judgments/495410
529933|2024-02-14|SO|III Ca 1999/22|Uzasadnienie|https://www.saos.org.pl/judgments/529933
529929|2024-02-14|SO|III Ca 1835/22|Uzasadnienie|https://www.saos.org.pl/judgments/529929
504576|2024-02-14|SO|II1 C 48/23|Wyrok|https://www.saos.org.pl/judgments/504576
531320|2024-02-13|SO|III Ca 400/22|Uzasadnienie|https://www.saos.org.pl/judgments/531320
518167|2024-02-09|SO|I ACa 1257/23|Wyrok|https://www.saos.org.pl/judgments/518167
505269|2024-02-09|SO|III C 119/22|Wyrok|https://www.saos.org.pl/judgments/505269
499573|2024-02-09|SO|I C 880/22|Wyrok|https://www.saos.org.pl/judgments/499573
509984|2024-02-07|SO|V Ca 1144/22|Wyrok|https://www.saos.org.pl/judgments/509984
496999|2024-02-02|SO|I C 2403/21|Wyrok|https://www.saos.org.pl/judgments/496999
525402|2024-02-01|SO|X Ns 326/18|Postanowienie|https://www.saos.org.pl/judgments/525402
518188|2024-02-01|SO|I ACa 246/23|Wyrok|https://www.saos.org.pl/judgments/518188
518205|2024-01-31|SO|I AGa 73/23|Wyrok|https://www.saos.org.pl/judgments/518205
509710|2024-01-31|SO|V ACa 1242/22|Postanowienie|https://www.saos.org.pl/judgments/509710
518775|2024-01-30|SO|I ACa 1898/23|Wyrok|https://www.saos.org.pl/judgments/518775
505394|2024-01-30|SO|III C 635/22|Wyrok|https://www.saos.org.pl/judgments/505394
494901|2024-01-29|SO|I AGa 150/23|Wyrok|https://www.saos.org.pl/judgments/494901
517934|2024-01-25|SO|I AGa 128/22|Wyrok|https://www.saos.org.pl/judgments/517934
498575|2024-01-25|SO|I C 54/23|Wyrok|https://www.saos.org.pl/judgments/498575
524453|2024-01-22|SO|I C 1296/22|Wyrok|https://www.saos.org.pl/judgments/524453
527927|2024-01-18|SO|III Ca 1918/22|Uzasadnienie|https://www.saos.org.pl/judgments/527927
514790|2024-01-15|SO|XIV C 249/18|Wyrok|https://www.saos.org.pl/judgments/514790
529757|2024-01-10|SO|III Ca 1587/22|Uzasadnienie|https://www.saos.org.pl/judgments/529757
522620|2024-01-09|SO|I C 2434/20|Wyrok|https://www.saos.org.pl/judgments/522620
504578|2024-01-09|SO|II1 C 58/23|Wyrok|https://www.saos.org.pl/judgments/504578
493885|2024-01-04|SO|I ACa 208/22|Wyrok|https://www.saos.org.pl/judgments/493885
529798|2024-01-03|SO|III Ca 420/22|Uzasadnienie|https://www.saos.org.pl/judgments/529798
525460|2023-12-29|SO|V GC 135/22|Wyrok|https://www.saos.org.pl/judgments/525460
522710|2023-12-27|SO|I Ns 1296/22|Postanowienie|https://www.saos.org.pl/judgments/522710
495346|2023-12-27|SO|I C 1088/23|Wyrok|https://www.saos.org.pl/judgments/495346
517928|2023-12-21|SO|I ACa 1328/21|Wyrok|https://www.saos.org.pl/judgments/517928
519098|2023-12-20|SO|I AGa 224/19|Wyrok|https://www.saos.org.pl/judgments/519098
499730|2023-12-20|SO|I C 956/21|Wyrok|https://www.saos.org.pl/judgments/499730
544074|2023-12-19|SO|V ACa 278/22|Wyrok|https://www.saos.org.pl/judgments/544074
505336|2023-12-19|SO|III C 34/22|Wyrok|https://www.saos.org.pl/judgments/505336
495268|2023-12-19|SO|I C 1043/18|Wyrok|https://www.saos.org.pl/judgments/495268
527945|2023-12-18|SO|III Ca 826/23|Uzasadnienie|https://www.saos.org.pl/judgments/527945
515540|2023-12-18|SO|XXV C 250/21|Wyrok|https://www.saos.org.pl/judgments/515540
505303|2023-12-15|SO|III C 1996/19|Wyrok|https://www.saos.org.pl/judgments/505303
499148|2023-12-14|SO|I C 71/23|Wyrok|https://www.saos.org.pl/judgments/499148
515734|2023-12-13|SO|XXVII Ca 3315/22|Wyrok|https://www.saos.org.pl/judgments/515734
501968|2023-12-12|SO|II Ca 394/23|Zarządzenie|https://www.saos.org.pl/judgments/501968
543904|2023-12-11|SO|V AGa 51/22|Wyrok|https://www.saos.org.pl/judgments/543904
515719|2023-12-11|SO|XXVII Ca 3004/23|Wyrok|https://www.saos.org.pl/judgments/515719
509951|2023-12-11|SO|V C 1186/19|Wyrok|https://www.saos.org.pl/judgments/509951
544039|2023-12-07|SO|V ACa 699/23|Wyrok|https://www.saos.org.pl/judgments/544039
511816|2023-12-07|SO|VII Pa 13/23|Wyrok|https://www.saos.org.pl/judgments/511816
505513|2023-12-07|SO|III Ca 1151/22|Wyrok|https://www.saos.org.pl/judgments/505513
494867|2023-12-07|SO|I AGa 115/23|Wyrok|https://www.saos.org.pl/judgments/494867
543978|2023-12-06|SO|V ACa 434/22|Wyrok|https://www.saos.org.pl/judgments/543978
509455|2023-12-06|SO|IX P 503/18|Zarządzenie|https://www.saos.org.pl/judgments/509455
499240|2023-12-05|SO|I C 748/21|Wyrok|https://www.saos.org.pl/judgments/499240
495136|2023-12-04|SO|I AGa 86/22|Wyrok|https://www.saos.org.pl/judgments/495136
495057|2023-12-01|SO|I AGa 33/23|Wyrok|https://www.saos.org.pl/judgments/495057
499943|2023-11-30|SO|I Ca 481/22|Wyrok|https://www.saos.org.pl/judgments/499943
498073|2023-11-30|SO|I C 419/23|Zarządzenie|https://www.saos.org.pl/judgments/498073
494796|2023-11-29|SO|I ACa 964/23|Wyrok|https://www.saos.org.pl/judgments/494796
522915|2023-11-28|SO|II Ca 2116/22|Wyrok|https://www.saos.org.pl/judgments/522915
522897|2023-11-28|SO|II Ca 1423/22|Postanowienie|https://www.saos.org.pl/judgments/522897
506607|2023-11-28|SO|III Ca 556/23|Uzasadnienie|https://www.saos.org.pl/judgments/506607
512391|2023-11-24|SO|VIII C 134/22|Wyrok|https://www.saos.org.pl/judgments/512391
493692|2023-11-22|SO|I ACa 1538/23|Wyrok|https://www.saos.org.pl/judgments/493692
517553|2023-11-21|SO|I C 141/22|Wyrok|https://www.saos.org.pl/judgments/517553
517227|2023-11-21|SO|I C 228/22|Wyrok|https://www.saos.org.pl/judgments/517227
494930|2023-11-16|SO|I AGa 184/22|Wyrok|https://www.saos.org.pl/judgments/494930
494468|2023-11-16|SO|I ACa 684/21|Wyrok|https://www.saos.org.pl/judgments/494468
501907|2023-11-15|SO|II Ca 3161/22|Postanowienie|https://www.saos.org.pl/judgments/501907
540695|2023-11-14|SO|I C 521/23|Wyrok|https://www.saos.org.pl/judgments/540695
496835|2023-11-14|SO|I C 222/23|Wyrok|https://www.saos.org.pl/judgments/496835
518096|2023-11-13|SO|I C 322/23|Wyrok|https://www.saos.org.pl/judgments/518096
497410|2023-11-13|SO|I C 298/14|Wyrok|https://www.saos.org.pl/judgments/497410
499808|2023-11-09|SO|I C 992/21|Wyrok|https://www.saos.org.pl/judgments/499808
504569|2023-11-08|SO|II1 C 16/23|Wyrok|https://www.saos.org.pl/judgments/504569
498030|2023-11-07|SO|I C 406/20|Wyrok|https://www.saos.org.pl/judgments/498030
523512|2023-11-03|SO|I C 550/22|Wyrok|https://www.saos.org.pl/judgments/523512
518308|2023-10-30|SO|III Ca 1042/23|Uzasadnienie|https://www.saos.org.pl/judgments/518308
516230|2023-10-27|SO|II Ca 47/23|Postanowienie|https://www.saos.org.pl/judgments/516230
514506|2023-10-27|SO|XI GC 703/22|Zarządzenie|https://www.saos.org.pl/judgments/514506
539904|2023-10-26|SO|I C 241/19|Wyrok|https://www.saos.org.pl/judgments/539904
516036|2023-10-26|SO|II Ca 695/23|Wyrok|https://www.saos.org.pl/judgments/516036
495144|2023-10-26|SO|I AGa 91/22|Wyrok|https://www.saos.org.pl/judgments/495144
493485|2023-10-26|SO|I ACa 1256/22|Wyrok|https://www.saos.org.pl/judgments/493485
515566|2023-10-23|SO|XXV C 339/23|Wyrok|https://www.saos.org.pl/judgments/515566
518440|2023-10-20|SO|III Ca 757/22|Uzasadnienie|https://www.saos.org.pl/judgments/518440
511338|2023-10-19|SO|VI Ns 97/23|Uzasadnienie|https://www.saos.org.pl/judgments/511338
514777|2023-10-16|SO|XIV C 175/23|Wyrok|https://www.saos.org.pl/judgments/514777
498790|2023-10-13|SO|I C 596/23|Wyrok|https://www.saos.org.pl/judgments/498790
506689|2023-10-12|SO|III Ca 727/22|Wyrok|https://www.saos.org.pl/judgments/506689
495024|2023-10-12|SO|I AGa 299/22|Wyrok|https://www.saos.org.pl/judgments/495024
520166|2023-10-11|SO|XXVII Ca 2302/22|Wyrok|https://www.saos.org.pl/judgments/520166
497864|2023-10-11|SO|I C 372/22|Uzasadnienie|https://www.saos.org.pl/judgments/497864
505369|2023-10-10|SO|III C 500/19|Wyrok|https://www.saos.org.pl/judgments/505369
495818|2023-10-04|SO|I C 134/21|Wyrok|https://www.saos.org.pl/judgments/495818
497031|2023-10-03|SO|I C 2432/21|Wyrok|https://www.saos.org.pl/judgments/497031
496095|2023-10-03|SO|I C 155/21|Wyrok|https://www.saos.org.pl/judgments/496095
507169|2023-09-29|SO|III P 8/20|Wyrok|https://www.saos.org.pl/judgments/507169
505711|2023-09-29|SO|III Ca 1525/22|Uzasadnienie|https://www.saos.org.pl/judgments/505711
510159|2023-09-28|SO|V GC 296/23|Wyrok|https://www.saos.org.pl/judgments/510159
506711|2023-09-25|SO|III Ca 756/22|Uzasadnienie|https://www.saos.org.pl/judgments/506711
500010|2023-09-25|SO|I Cgg 44/20|Wyrok|https://www.saos.org.pl/judgments/500010
510749|2023-09-22|SO|VI C 312/23|Uzasadnienie|https://www.saos.org.pl/judgments/510749
494193|2023-09-20|SO|I ACa 447/22|Wyrok|https://www.saos.org.pl/judgments/494193
512794|2023-09-18|SO|VIII GC 582/23|Wyrok|https://www.saos.org.pl/judgments/512794
495307|2023-09-13|SO|I C 1067/23|Wyrok|https://www.saos.org.pl/judgments/495307
538700|2023-09-12|SO|I C 496/19|Wyrok|https://www.saos.org.pl/judgments/538700
528609|2023-09-07|SO|I ACa 1300/21|Wyrok|https://www.saos.org.pl/judgments/528609
505299|2023-09-06|SO|III C 1903/19|Wyrok|https://www.saos.org.pl/judgments/505299
505791|2023-09-05|SO|III Ca 1656/22|Uzasadnienie|https://www.saos.org.pl/judgments/505791
506267|2023-09-04|SO|III Ca 24/22|Uzasadnienie|https://www.saos.org.pl/judgments/506267
510193|2023-08-28|SO|V GC 494/22|Wyrok|https://www.saos.org.pl/judgments/510193
499910|2023-08-28|SO|I Ca 377/23|Wyrok|https://www.saos.org.pl/judgments/499910
530386|2023-08-21|SO|III Ca 1779/21|Uzasadnienie|https://www.saos.org.pl/judgments/530386
506714|2023-08-16|SO|III Ca 763/22|Wyrok|https://www.saos.org.pl/judgments/506714
506544|2023-08-11|SO|III Ca 368/23|Uzasadnienie|https://www.saos.org.pl/judgments/506544
510209|2023-08-10|SO|V GC 613/23|Wyrok|https://www.saos.org.pl/judgments/510209
506587|2023-08-02|SO|III Ca 466/22|Uzasadnienie|https://www.saos.org.pl/judgments/506587
493817|2023-07-31|SO|I ACa 184/22|Wyrok|https://www.saos.org.pl/judgments/493817
535071|2023-07-25|SO|V AGa 49/22|Wyrok|https://www.saos.org.pl/judgments/535071
512866|2023-07-24|SO|VIII Ns 452/22|Postanowienie|https://www.saos.org.pl/judgments/512866
512523|2023-07-21|SO|VIII C 44/23|Wyrok|https://www.saos.org.pl/judgments/512523
494162|2023-07-20|SO|I ACa 412/22|Wyrok|https://www.saos.org.pl/judgments/494162
518870|2023-07-18|SO|I C 114/22|Wyrok|https://www.saos.org.pl/judgments/518870
514509|2023-07-17|SO|XI GC 810/22|Zarządzenie|https://www.saos.org.pl/judgments/514509
495052|2023-07-17|SO|I AGa 327/21|Wyrok|https://www.saos.org.pl/judgments/495052
495064|2023-07-14|SO|I AGa 35/23|Wyrok|https://www.saos.org.pl/judgments/495064
494712|2023-07-12|SO|I ACa 9/23|Wyrok|https://www.saos.org.pl/judgments/494712
491196|2023-07-12|SO|IX P 542/18|Zarządzenie|https://www.saos.org.pl/judgments/491196
491807|2023-07-11|SO|III C 683/22|Wyrok|https://www.saos.org.pl/judgments/491807
531171|2023-07-10|SO|I ACa 1113/22|Wyrok|https://www.saos.org.pl/judgments/531171
506812|2023-07-10|SO|III Ca 952/22|Uzasadnienie|https://www.saos.org.pl/judgments/506812
491785|2023-07-05|SO|II Ca 816/23|Postanowienie|https://www.saos.org.pl/judgments/491785
491007|2023-07-05|SO|X GC 566/21|Zarządzenie|https://www.saos.org.pl/judgments/491007
500137|2023-06-30|SO|I Ns 259/22|Postanowienie|https://www.saos.org.pl/judgments/500137
493676|2023-06-29|SO|I ACa 1515/21|Wyrok|https://www.saos.org.pl/judgments/493676
493148|2023-06-29|SO|VI Ns 455/22|Uzasadnienie|https://www.saos.org.pl/judgments/493148
518659|2023-06-28|SO|I Ns 620/22|Postanowienie|https://www.saos.org.pl/judgments/518659
496632|2023-06-27|SO|I C 2006/22|Wyrok|https://www.saos.org.pl/judgments/496632
496069|2023-06-27|SO|I C 154/23|Wyrok|https://www.saos.org.pl/judgments/496069
501846|2023-06-26|SO|II Ca 239/23|Wyrok|https://www.saos.org.pl/judgments/501846
492166|2023-06-26|SO|III C 366/23|Wyrok|https://www.saos.org.pl/judgments/492166
490530|2023-06-26|SO|VIII GC 12/21|Uzasadnienie|https://www.saos.org.pl/judgments/490530
491185|2023-06-23|SO|I C 899/22|Wyrok|https://www.saos.org.pl/judgments/491185
520577|2023-06-22|SO|XXIII Ga 261/23|Wyrok|https://www.saos.org.pl/judgments/520577
501877|2023-06-22|SO|II Ca 2716/22|Wyrok|https://www.saos.org.pl/judgments/501877
517002|2023-06-20|SO|I ACa 353/23|Wyrok|https://www.saos.org.pl/judgments/517002
493406|2023-06-20|SO|I ACa 1151/22|Wyrok|https://www.saos.org.pl/judgments/493406
496006|2023-06-16|SO|I C 1494/22|Wyrok|https://www.saos.org.pl/judgments/496006
514986|2023-06-15|SO|XVI GC 516/21|Wyrok|https://www.saos.org.pl/judgments/514986
496789|2023-06-14|SO|I C 218/22|Wyrok|https://www.saos.org.pl/judgments/496789
491223|2023-06-14|SO|I AGa 36/22|Wyrok|https://www.saos.org.pl/judgments/491223
531917|2023-06-13|SO|V C 44/21|Wyrok|https://www.saos.org.pl/judgments/531917
516177|2023-06-13|SO|IX GC 3566/19|Uzasadnienie|https://www.saos.org.pl/judgments/516177
506194|2023-06-09|SO|III Ca 2297/21|Uzasadnienie|https://www.saos.org.pl/judgments/506194
512409|2023-06-05|SO|VIII C 162/21|Wyrok|https://www.saos.org.pl/judgments/512409
505571|2023-06-05|SO|III Ca 128/22|Uzasadnienie|https://www.saos.org.pl/judgments/505571
495124|2023-06-05|SO|I AGa 71/22|Wyrok|https://www.saos.org.pl/judgments/495124
495037|2023-06-05|SO|I AGa 312/21|Wyrok|https://www.saos.org.pl/judgments/495037
499862|2023-05-31|SO|I Ca 201/23|Wyrok|https://www.saos.org.pl/judgments/499862
501801|2023-05-30|SO|II Ca 2076/22|Postanowienie|https://www.saos.org.pl/judgments/501801
492995|2023-05-29|SO|VIII Ga 21/23|Wyrok|https://www.saos.org.pl/judgments/492995
488930|2023-05-29|SO|I Ns 214/22|Uzasadnienie|https://www.saos.org.pl/judgments/488930
493310|2023-05-26|SO|I ACa 106/22|Wyrok|https://www.saos.org.pl/judgments/493310
489090|2023-05-26|SO|I C 407/22|Uzasadnienie|https://www.saos.org.pl/judgments/489090
489094|2023-05-25|SO|I C 517/22|Uzasadnienie|https://www.saos.org.pl/judgments/489094
489089|2023-05-24|SO|I C 403/22|Uzasadnienie|https://www.saos.org.pl/judgments/489089
490332|2023-05-22|SO|I C 1170/22|Wyrok|https://www.saos.org.pl/judgments/490332
494448|2023-05-19|SO|I ACa 668/21|Wyrok|https://www.saos.org.pl/judgments/494448
496796|2023-05-18|SO|I C 219/20|Wyrok|https://www.saos.org.pl/judgments/496796
492267|2023-05-17|SO|I C 373/19|Wyrok|https://www.saos.org.pl/judgments/492267
492105|2023-05-17|SO|I C 363/20|Wyrok|https://www.saos.org.pl/judgments/492105
532200|2023-05-16|SO|XV Ca 591/22|Wyrok|https://www.saos.org.pl/judgments/532200
498739|2023-05-15|SO|I C 584/22|Wyrok|https://www.saos.org.pl/judgments/498739
495582|2023-05-15|SO|I C 1219/22|Wyrok|https://www.saos.org.pl/judgments/495582
538325|2023-05-12|SO|XV Ca 1404/22|Wyrok|https://www.saos.org.pl/judgments/538325
499822|2023-05-10|SO|I Ca 109/23|Wyrok|https://www.saos.org.pl/judgments/499822
493313|2023-05-09|SO|I ACa 1065/21|Wyrok|https://www.saos.org.pl/judgments/493313
506317|2023-05-08|SO|III Ca 2472/21|Uzasadnienie|https://www.saos.org.pl/judgments/506317
496127|2023-05-08|SO|I C 157/23|Wyrok|https://www.saos.org.pl/judgments/496127
494232|2023-05-08|SO|I ACa 482/21|Wyrok|https://www.saos.org.pl/judgments/494232
515487|2023-04-28|SO|XXV C 1039/21|Wyrok|https://www.saos.org.pl/judgments/515487
491757|2023-04-28|SO|VIII GC 133/21|Wyrok|https://www.saos.org.pl/judgments/491757
491675|2023-04-28|SO|III C 153/21|Wyrok|https://www.saos.org.pl/judgments/491675
491157|2023-04-28|SO|IV GC 1334/22|Uzasadnienie|https://www.saos.org.pl/judgments/491157
506487|2023-04-27|SO|III Ca 276/23|Uzasadnienie|https://www.saos.org.pl/judgments/506487
506411|2023-04-26|SO|III Ca 2604/21|Uzasadnienie|https://www.saos.org.pl/judgments/506411
505532|2023-04-26|SO|III Ca 1194/22|Uzasadnienie|https://www.saos.org.pl/judgments/505532
489604|2023-04-26|SO|VII P 5/23|Wyrok|https://www.saos.org.pl/judgments/489604
506174|2023-04-25|SO|III Ca 2252/21|Uzasadnienie|https://www.saos.org.pl/judgments/506174
491686|2023-04-25|SO|III C 448/19|Wyrok|https://www.saos.org.pl/judgments/491686
490414|2023-04-25|SO|XI GC 23/23|Uzasadnienie|https://www.saos.org.pl/judgments/490414
526086|2023-04-20|SO|V ACa 59/22|Wyrok|https://www.saos.org.pl/judgments/526086
514464|2023-04-20|SO|X Ns 746/21|Postanowienie|https://www.saos.org.pl/judgments/514464
506028|2023-04-17|SO|III Ca 2007/21|Uzasadnienie|https://www.saos.org.pl/judgments/506028
505492|2023-04-17|SO|III Ca 1077/22|Uzasadnienie|https://www.saos.org.pl/judgments/505492
491678|2023-04-17|SO|III C 1676/16|Wyrok|https://www.saos.org.pl/judgments/491678
515567|2023-04-13|SO|XXV C 3502/20|Wyrok|https://www.saos.org.pl/judgments/515567
492099|2023-04-13|SO|I C 168/22|Wyrok|https://www.saos.org.pl/judgments/492099
506276|2023-04-12|SO|III Ca 2413/21|Uzasadnienie|https://www.saos.org.pl/judgments/506276
488596|2023-04-12|SO|X GC 847/22|Zarządzenie|https://www.saos.org.pl/judgments/488596
491425|2023-04-06|SO|XIV C 15/22|Wyrok|https://www.saos.org.pl/judgments/491425
489110|2023-04-04|SO|II1 C 41/22|Wyrok|https://www.saos.org.pl/judgments/489110
489008|2023-04-03|SO|III Ca 689/22|Uzasadnienie|https://www.saos.org.pl/judgments/489008
509882|2023-03-31|SO|V AGa 119/22|Wyrok|https://www.saos.org.pl/judgments/509882
496207|2023-03-28|SO|I C 1623/22|Wyrok|https://www.saos.org.pl/judgments/496207
495018|2023-03-28|SO|I AGa 293/22|Wyrok|https://www.saos.org.pl/judgments/495018
491679|2023-03-28|SO|III C 1678/19|Wyrok|https://www.saos.org.pl/judgments/491679
487485|2023-03-28|SO|VII U 632/22|Wyrok|https://www.saos.org.pl/judgments/487485
500384|2023-03-27|SO|I1 C 800/22|Wyrok|https://www.saos.org.pl/judgments/500384
487560|2023-03-27|SO|XI GC 796/21|Zarządzenie|https://www.saos.org.pl/judgments/487560
485378|2023-03-27|SO|IX P 323/21|Zarządzenie|https://www.saos.org.pl/judgments/485378
486773|2023-03-24|SO|XIV C 1308/22|Wyrok|https://www.saos.org.pl/judgments/486773
491710|2023-03-22|SO|III Ca 1349/21|Uzasadnienie|https://www.saos.org.pl/judgments/491710
496385|2023-03-17|SO|I C 176/22|Wyrok|https://www.saos.org.pl/judgments/496385
514923|2023-03-14|SO|XV Ca 1327/22|Postanowienie|https://www.saos.org.pl/judgments/514923
489681|2023-03-14|SO|I AGa 14/23|Wyrok|https://www.saos.org.pl/judgments/489681
487759|2023-03-14|SO|I C 538/22|Wyrok|https://www.saos.org.pl/judgments/487759
543383|2023-03-13|SO|I C 150/21|Zarządzenie|https://www.saos.org.pl/judgments/543383
500200|2023-03-10|SO|I Ns 43/17|Postanowienie|https://www.saos.org.pl/judgments/500200
492564|2023-03-08|SO|V AGa 6/21|Wyrok|https://www.saos.org.pl/judgments/492564
486526|2023-03-08|SO|I C 527/22|Wyrok|https://www.saos.org.pl/judgments/486526
485058|2023-03-08|SO|XI Pa 17/23|Wyrok|https://www.saos.org.pl/judgments/485058
512399|2023-03-07|SO|VIII C 1466/19|Wyrok|https://www.saos.org.pl/judgments/512399
488042|2023-03-07|SO|I ACa 854/21|Wyrok|https://www.saos.org.pl/judgments/488042
494321|2023-03-06|SO|I ACa 558/22|Wyrok|https://www.saos.org.pl/judgments/494321
485282|2023-03-03|SO|IX Ca 1382/22|Postanowienie|https://www.saos.org.pl/judgments/485282
506073|2023-02-28|SO|III Ca 2089/21|Uzasadnienie|https://www.saos.org.pl/judgments/506073
501585|2023-02-28|SO|II Ca 1084/22|Postanowienie|https://www.saos.org.pl/judgments/501585
491844|2023-02-28|SO|II AKa 74/22|Wyrok|https://www.saos.org.pl/judgments/491844
485153|2023-02-27|SO|XI GC 99/22|Zarządzenie|https://www.saos.org.pl/judgments/485153
505624|2023-02-24|SO|III Ca 1392/21|Uzasadnienie|https://www.saos.org.pl/judgments/505624
493998|2023-02-24|SO|I ACa 277/21|Wyrok|https://www.saos.org.pl/judgments/493998
486550|2023-02-24|SO|I C 941/22|Wyrok|https://www.saos.org.pl/judgments/486550
483714|2023-02-23|SO|I ACa 139/22|Wyrok|https://www.saos.org.pl/judgments/483714
494974|2023-02-21|SO|I AGa 246/22|Wyrok|https://www.saos.org.pl/judgments/494974
485142|2023-02-20|SO|V ACa 1/23|Wyrok|https://www.saos.org.pl/judgments/485142
494954|2023-02-17|SO|I AGa 207/22|Wyrok|https://www.saos.org.pl/judgments/494954
488919|2023-02-17|SO|I C 452/22|Wyrok|https://www.saos.org.pl/judgments/488919
535070|2023-02-16|SO|V AGa 385/20|Wyrok|https://www.saos.org.pl/judgments/535070
490117|2023-02-16|SO|II Ca 890/22|Zarządzenie|https://www.saos.org.pl/judgments/490117
485631|2023-02-16|SO|VIII GC 221/22|Uzasadnienie|https://www.saos.org.pl/judgments/485631
500102|2023-02-15|SO|I Ns 173/20|Postanowienie|https://www.saos.org.pl/judgments/500102
494993|2023-02-15|SO|I AGa 267/22|Wyrok|https://www.saos.org.pl/judgments/494993
491053|2023-02-15|SO|I C 639/22|Wyrok|https://www.saos.org.pl/judgments/491053
488604|2023-02-15|SO|X GC 910/22|Uzasadnienie|https://www.saos.org.pl/judgments/488604
490756|2023-02-14|SO|I C 1782/22|Uzasadnienie|https://www.saos.org.pl/judgments/490756
485444|2023-02-13|SO|I C 430/22|Wyrok|https://www.saos.org.pl/judgments/485444
484704|2023-02-13|SO|I Ca 424/22|Uzasadnienie|https://www.saos.org.pl/judgments/484704
493805|2023-02-10|SO|I ACa 1812/21|Wyrok|https://www.saos.org.pl/judgments/493805
484823|2023-02-10|SO|XI GC 436/22|Zarządzenie|https://www.saos.org.pl/judgments/484823
484824|2023-02-08|SO|XI GC 635/22|Zarządzenie|https://www.saos.org.pl/judgments/484824
483936|2023-02-08|SO|XIV C 414/22|Wyrok|https://www.saos.org.pl/judgments/483936
519448|2023-02-02|SO|I C 74/22|Wyrok|https://www.saos.org.pl/judgments/519448
482738|2023-02-01|SO|XIV C 1151/21|Wyrok|https://www.saos.org.pl/judgments/482738
484553|2023-01-31|SO|IV GC 1531/21|Uzasadnienie|https://www.saos.org.pl/judgments/484553
489799|2023-01-30|SO|I ACa 626/22|Wyrok|https://www.saos.org.pl/judgments/489799
488899|2023-01-30|SO|I ACa 1531/22|Wyrok|https://www.saos.org.pl/judgments/488899
536102|2023-01-27|SO|I Ns 1/15|Postanowienie|https://www.saos.org.pl/judgments/536102
484631|2023-01-27|SO|II Ca 1133/22|Postanowienie|https://www.saos.org.pl/judgments/484631
484442|2023-01-27|SO|II Ca 923/22|Wyrok|https://www.saos.org.pl/judgments/484442
505558|2023-01-26|SO|III Ca 1248/21|Uzasadnienie|https://www.saos.org.pl/judgments/505558
493521|2023-01-26|SO|I ACa 1297/21|Wyrok|https://www.saos.org.pl/judgments/493521
482663|2023-01-25|SO|XI GC 485/22|Zarządzenie|https://www.saos.org.pl/judgments/482663
482510|2023-01-25|SO|I AGa 157/22|Wyrok|https://www.saos.org.pl/judgments/482510
482668|2023-01-24|SO|XI GC 953/21|Zarządzenie|https://www.saos.org.pl/judgments/482668
506075|2023-01-23|SO|III Ca 2091/21|Uzasadnienie|https://www.saos.org.pl/judgments/506075
506070|2023-01-23|SO|III Ca 2088/19|Uzasadnienie|https://www.saos.org.pl/judgments/506070
488034|2023-01-23|SO|I ACa 718/19|Wyrok|https://www.saos.org.pl/judgments/488034
486427|2023-01-23|SO|I AGa 236/22|Wyrok|https://www.saos.org.pl/judgments/486427
506387|2023-01-19|SO|III Ca 2568/21|Uzasadnienie|https://www.saos.org.pl/judgments/506387
493602|2023-01-19|SO|I ACa 1413/21|Wyrok|https://www.saos.org.pl/judgments/493602
488904|2023-01-19|SO|I ACa 729/22|Wyrok|https://www.saos.org.pl/judgments/488904
488745|2023-01-19|SO|II C 535/22|Wyrok|https://www.saos.org.pl/judgments/488745
488594|2023-01-19|SO|X GC 846/22|Zarządzenie|https://www.saos.org.pl/judgments/488594
485681|2023-01-19|SO|I1 C 171/22|Wyrok|https://www.saos.org.pl/judgments/485681
484736|2023-01-19|SO|II Ca 501/22|Zarządzenie|https://www.saos.org.pl/judgments/484736
494973|2023-01-18|SO|I AGa 246/21|Wyrok|https://www.saos.org.pl/judgments/494973
485620|2023-01-18|SO|VIII Ga 190/22|Wyrok|https://www.saos.org.pl/judgments/485620
482116|2023-01-18|SO|XIV C 319/22|Wyrok|https://www.saos.org.pl/judgments/482116
495633|2023-01-16|SO|I C 1245/22|Wyrok|https://www.saos.org.pl/judgments/495633
494474|2023-01-11|SO|I ACa 688/22|Wyrok|https://www.saos.org.pl/judgments/494474
482061|2023-01-11|SO|XIV C 629/21|Wyrok|https://www.saos.org.pl/judgments/482061
485437|2023-01-10|SO|I ACa 1240/22|Wyrok|https://www.saos.org.pl/judgments/485437
494445|2023-01-09|SO|I ACa 665/20|Wyrok|https://www.saos.org.pl/judgments/494445
488508|2023-01-09|SO|X GC 539/22|Zarządzenie|https://www.saos.org.pl/judgments/488508
487690|2023-01-09|SO|VI C 2684/20|Zarządzenie|https://www.saos.org.pl/judgments/487690
481969|2023-01-09|SO|IX Ca 1289/22|Wyrok|https://www.saos.org.pl/judgments/481969
506208|2023-01-04|SO|III Ca 2320/21|Uzasadnienie|https://www.saos.org.pl/judgments/506208
481386|2023-01-04|SO|XIV C 979/21|Wyrok|https://www.saos.org.pl/judgments/481386
480862|2023-01-04|SO|XIV C 663/21|Wyrok|https://www.saos.org.pl/judgments/480862
488837|2023-01-03|SO|III Ca 465/22|Uzasadnienie|https://www.saos.org.pl/judgments/488837
483422|2023-01-02|SO|I C 394/20|Wyrok|https://www.saos.org.pl/judgments/483422
512351|2022-12-30|SO|VIII C 1100/20|Wyrok|https://www.saos.org.pl/judgments/512351
495046|2022-12-30|SO|I AGa 32/22|Wyrok|https://www.saos.org.pl/judgments/495046
481118|2022-12-30|SO|I C 289/21|Wyrok|https://www.saos.org.pl/judgments/481118
512451|2022-12-29|SO|VIII C 255/22|Wyrok|https://www.saos.org.pl/judgments/512451
486431|2022-12-29|SO|I AGa 94/22|Wyrok|https://www.saos.org.pl/judgments/486431
484981|2022-12-29|SO|II Ca 792/22|Wyrok|https://www.saos.org.pl/judgments/484981
540001|2022-12-27|SO|I Ns 95/20|Postanowienie|https://www.saos.org.pl/judgments/540001
487091|2022-12-23|SO|I Ca 458/22|Wyrok|https://www.saos.org.pl/judgments/487091
484774|2022-12-22|SO|V GC 9/21|Wyrok|https://www.saos.org.pl/judgments/484774
518572|2022-12-21|SO|I Ns 223/22|Postanowienie|https://www.saos.org.pl/judgments/518572
489341|2022-12-20|SO|VI ACa 1074/21|Wyrok|https://www.saos.org.pl/judgments/489341
487503|2022-12-20|SO|VIII Ga 221/22|Uzasadnienie|https://www.saos.org.pl/judgments/487503
511383|2022-12-19|SO|VI P 29/21|Wyrok|https://www.saos.org.pl/judgments/511383
479565|2022-12-19|SO|IX P 372/20|Zarządzenie|https://www.saos.org.pl/judgments/479565
505545|2022-12-16|SO|III Ca 1211/21|Uzasadnienie|https://www.saos.org.pl/judgments/505545
482844|2022-12-16|SO|I AGa 22/21|Wyrok|https://www.saos.org.pl/judgments/482844
505892|2022-12-15|SO|III Ca 1822/21|Uzasadnienie|https://www.saos.org.pl/judgments/505892
499400|2022-12-15|SO|I C 803/22|Uzasadnienie|https://www.saos.org.pl/judgments/499400
489559|2022-12-14|SO|I C 655/21|Wyrok|https://www.saos.org.pl/judgments/489559
495368|2022-12-12|SO|I C 1099/20|Wyrok|https://www.saos.org.pl/judgments/495368
479373|2022-12-12|SO|XVI C 1415/21|Uzasadnienie|https://www.saos.org.pl/judgments/479373
506118|2022-12-08|SO|III Ca 2166/21|Uzasadnienie|https://www.saos.org.pl/judgments/506118
485440|2022-12-08|SO|I ACa 709/22|Wyrok|https://www.saos.org.pl/judgments/485440
532698|2022-12-06|SO|I ACa 1494/21|Wyrok|https://www.saos.org.pl/judgments/532698
494929|2022-12-06|SO|I AGa 184/21|Wyrok|https://www.saos.org.pl/judgments/494929
488039|2022-12-06|SO|I ACa 799/22|Wyrok|https://www.saos.org.pl/judgments/488039
509957|2022-12-05|SO|V C 1431/22|Wyrok|https://www.saos.org.pl/judgments/509957
488486|2022-12-05|SO|X GC 464/18|Uzasadnienie|https://www.saos.org.pl/judgments/488486
509886|2022-12-01|SO|V AGa 149/21|Wyrok|https://www.saos.org.pl/judgments/509886
482520|2022-12-01|SO|I C 372/21|Wyrok|https://www.saos.org.pl/judgments/482520
516488|2022-11-30|SO|I AGa 99/22|Wyrok|https://www.saos.org.pl/judgments/516488
496517|2022-11-30|SO|I C 190/19|Wyrok|https://www.saos.org.pl/judgments/496517
489193|2022-11-29|SO|I C 425/21|Wyrok|https://www.saos.org.pl/judgments/489193
506010|2022-11-28|SO|III Ca 1985/21|Uzasadnienie|https://www.saos.org.pl/judgments/506010
501690|2022-11-24|SO|II Ca 1497/22|Wyrok|https://www.saos.org.pl/judgments/501690
480772|2022-11-24|SO|III Ca 45/22|Wyrok|https://www.saos.org.pl/judgments/480772
510892|2022-11-23|SO|VI GC 781/21|Wyrok|https://www.saos.org.pl/judgments/510892
501720|2022-11-23|SO|II Ca 1602/22|Postanowienie|https://www.saos.org.pl/judgments/501720
494080|2022-11-22|SO|I ACa 34/21|Wyrok|https://www.saos.org.pl/judgments/494080
488533|2022-11-21|SO|X GC 667/22|Zarządzenie|https://www.saos.org.pl/judgments/488533
493680|2022-11-18|SO|I ACa 1525/21|Wyrok|https://www.saos.org.pl/judgments/493680
483311|2022-11-18|SO|XV Ca 292/22|Postanowienie|https://www.saos.org.pl/judgments/483311
479104|2022-11-18|SO|XVI C 2358/21|Uzasadnienie|https://www.saos.org.pl/judgments/479104
494055|2022-11-17|SO|I ACa 317/21|Wyrok|https://www.saos.org.pl/judgments/494055
493439|2022-11-17|SO|I ACa 1192/22|Wyrok|https://www.saos.org.pl/judgments/493439
493197|2022-11-17|SO|V AGa 268/21|Wyrok|https://www.saos.org.pl/judgments/493197
485411|2022-11-15|SO|VI C 588/22|Zarządzenie|https://www.saos.org.pl/judgments/485411
492800|2022-11-10|SO|I C 1620/20|Zarządzenie|https://www.saos.org.pl/judgments/492800
481720|2022-11-10|SO|I C 1117/19|Wyrok|https://www.saos.org.pl/judgments/481720
487605|2022-11-09|SO|XXV C 707/19|Wyrok|https://www.saos.org.pl/judgments/487605
483457|2022-11-09|SO|I C 740/22|Wyrok|https://www.saos.org.pl/judgments/483457
486296|2022-11-07|SO|IV P 17/21|Uzasadnienie|https://www.saos.org.pl/judgments/486296
482197|2022-11-07|SO|VII AGa 196/19|Wyrok|https://www.saos.org.pl/judgments/482197
482063|2022-11-04|SO|XV Ca 268/22|Wyrok|https://www.saos.org.pl/judgments/482063
508714|2022-10-31|SO|IV P 24/22|Wyrok|https://www.saos.org.pl/judgments/508714
480869|2022-10-28|SO|XX GC 74/19|Wyrok|https://www.saos.org.pl/judgments/480869
478611|2022-10-27|SO|III Ca 989/20|Postanowienie|https://www.saos.org.pl/judgments/478611
476637|2022-10-27|SO|I Ca 328/22|Uzasadnienie|https://www.saos.org.pl/judgments/476637
517667|2022-10-26|SO|I Ns 370/18|Postanowienie|https://www.saos.org.pl/judgments/517667
475956|2022-10-26|SO|I Ns 240/22|Zarządzenie|https://www.saos.org.pl/judgments/475956
491300|2022-10-24|SO|III Ca 2725/21|Uzasadnienie|https://www.saos.org.pl/judgments/491300
491293|2022-10-24|SO|III Ca 2051/21|Uzasadnienie|https://www.saos.org.pl/judgments/491293
476008|2022-10-20|SO|IX P 326/21|Zarządzenie|https://www.saos.org.pl/judgments/476008
478100|2022-10-19|SO|I ACa 1199/21|Wyrok|https://www.saos.org.pl/judgments/478100
519742|2022-10-13|SO|I Ca 220/22|Wyrok|https://www.saos.org.pl/judgments/519742
481222|2022-10-13|SO|I Ca 404/22|Wyrok|https://www.saos.org.pl/judgments/481222
509924|2022-10-11|SO|V AGa 391/21|Wyrok|https://www.saos.org.pl/judgments/509924
499329|2022-10-11|SO|I C 778/20|Wyrok|https://www.saos.org.pl/judgments/499329
477533|2022-10-10|SO|XII Ko 91/21|Wyrok|https://www.saos.org.pl/judgments/477533
490674|2022-10-07|SO|III Ca 522/22|Uzasadnienie|https://www.saos.org.pl/judgments/490674
480742|2022-10-06|SO|I C 424/22|Wyrok|https://www.saos.org.pl/judgments/480742
494529|2022-10-05|SO|I ACa 745/22|Wyrok|https://www.saos.org.pl/judgments/494529
482856|2022-10-05|SO|I C 200/22|Uzasadnienie|https://www.saos.org.pl/judgments/482856
477202|2022-10-05|SO|XI GC 174/22|Zarządzenie|https://www.saos.org.pl/judgments/477202
476616|2022-10-03|SO|I Ca 195/22|Uzasadnienie|https://www.saos.org.pl/judgments/476616
477952|2022-09-29|SO|I C 953/22|Wyrok|https://www.saos.org.pl/judgments/477952
484062|2022-09-28|SO|I C 4/22|Wyrok|https://www.saos.org.pl/judgments/484062
493623|2022-09-27|SO|I ACa 1440/21|Wyrok|https://www.saos.org.pl/judgments/493623
477843|2022-09-27|SO|I ACa 1084/21|Wyrok|https://www.saos.org.pl/judgments/477843
478772|2022-09-26|SO|XXV C 1662/19|Wyrok|https://www.saos.org.pl/judgments/478772
477538|2022-09-26|SO|I ACa 533/21|Wyrok|https://www.saos.org.pl/judgments/477538
477317|2022-09-23|SO|I Ns 802/21|Postanowienie|https://www.saos.org.pl/judgments/477317
475265|2022-09-21|SO|XIV C 848/21|Wyrok|https://www.saos.org.pl/judgments/475265
516342|2022-09-20|SO|I ACa 105/22|Wyrok|https://www.saos.org.pl/judgments/516342
488988|2022-09-19|SO|III Ca 1308/21|Uzasadnienie|https://www.saos.org.pl/judgments/488988
476307|2022-09-15|SO|VI C 1168/22|Uzasadnienie|https://www.saos.org.pl/judgments/476307
477359|2022-09-14|SO|VIII Ga 158/22|Uzasadnienie|https://www.saos.org.pl/judgments/477359
477475|2022-09-12|SO|V ACa 821/22|Wyrok|https://www.saos.org.pl/judgments/477475
472729|2022-09-08|SO|I Ca 430/21|Uzasadnienie|https://www.saos.org.pl/judgments/472729
477768|2022-09-05|SO|I C 285/18|Wyrok|https://www.saos.org.pl/judgments/477768
488140|2022-09-01|SO|II C 1227/21|Wyrok|https://www.saos.org.pl/judgments/488140
476372|2022-08-30|SO|I ACa 911/21|Wyrok|https://www.saos.org.pl/judgments/476372
480134|2022-08-26|SO|III Ca 2207/21|Uzasadnienie|https://www.saos.org.pl/judgments/480134
473174|2022-08-25|SO|V ACa 95/20|Wyrok|https://www.saos.org.pl/judgments/473174
472549|2022-08-24|SO|I C 71/21|Wyrok|https://www.saos.org.pl/judgments/472549
478664|2022-08-23|SO|II1 C 8/22|Wyrok|https://www.saos.org.pl/judgments/478664
473038|2022-08-22|SO|I ACa 1318/21|Wyrok|https://www.saos.org.pl/judgments/473038
471962|2022-08-17|SO|XIV C 1043/20|Wyrok|https://www.saos.org.pl/judgments/471962
495063|2022-08-10|SO|I AGa 35/22|Wyrok|https://www.saos.org.pl/judgments/495063
471963|2022-08-05|SO|XIV C 356/20|Wyrok|https://www.saos.org.pl/judgments/471963
479694|2022-07-29|SO|I ACa 270/21|Wyrok|https://www.saos.org.pl/judgments/479694
474325|2022-07-29|SO|VII Pa 59/22|Wyrok|https://www.saos.org.pl/judgments/474325
488411|2022-07-22|SO|X GC 180/22|Zarządzenie|https://www.saos.org.pl/judgments/488411
493866|2022-07-19|SO|I ACa 20/21|Wyrok|https://www.saos.org.pl/judgments/493866
471337|2022-07-19|SO|II C 1359/21|Zarządzenie|https://www.saos.org.pl/judgments/471337
489075|2022-07-18|SO|I C 2079/21|Wyrok|https://www.saos.org.pl/judgments/489075
476765|2022-07-18|SO|I C 494/22|Wyrok|https://www.saos.org.pl/judgments/476765
476197|2022-07-18|SO|III Ca 2032/21|Uzasadnienie|https://www.saos.org.pl/judgments/476197
470628|2022-07-18|SO|VIII P 11/19|Zarządzenie|https://www.saos.org.pl/judgments/470628
477714|2022-07-14|SO|I C 1057/20|Wyrok|https://www.saos.org.pl/judgments/477714
473089|2022-07-14|SO|II C 740/21|Zarządzenie|https://www.saos.org.pl/judgments/473089
474917|2022-07-13|SO|I ACa 653/21|Wyrok|https://www.saos.org.pl/judgments/474917
470342|2022-07-13|SO|XIV C 206/21|Wyrok|https://www.saos.org.pl/judgments/470342
470116|2022-07-13|SO|XIV C 199/21|Wyrok|https://www.saos.org.pl/judgments/470116
473634|2022-07-12|SO|III C 195/22|Wyrok|https://www.saos.org.pl/judgments/473634
473061|2022-07-11|SO|I ACa 747/21|Wyrok|https://www.saos.org.pl/judgments/473061
494855|2022-07-07|SO|I AGa 101/22|Wyrok|https://www.saos.org.pl/judgments/494855
471685|2022-07-06|SO|V ACa 16/22|Wyrok|https://www.saos.org.pl/judgments/471685
471917|2022-07-04|SO|XVI GC 903/21|Zarządzenie|https://www.saos.org.pl/judgments/471917
475142|2022-06-29|SO|XXV C 3357/19|Wyrok|https://www.saos.org.pl/judgments/475142
476217|2022-06-28|SO|III Ca 580/21|Uzasadnienie|https://www.saos.org.pl/judgments/476217
473816|2022-06-28|SO|III C 1291/19|Wyrok|https://www.saos.org.pl/judgments/473816
469530|2022-06-28|SO|I ACa 70/22|Wyrok|https://www.saos.org.pl/judgments/469530
477034|2022-06-27|SO|III Ca 2111/21|Uzasadnienie|https://www.saos.org.pl/judgments/477034
468099|2022-06-24|SO|II Ca 1273/21|Zarządzenie|https://www.saos.org.pl/judgments/468099
475390|2022-06-23|SO|I ACa 224/22|Wyrok|https://www.saos.org.pl/judgments/475390
519738|2022-06-22|SO|I Ca 147/22|Postanowienie|https://www.saos.org.pl/judgments/519738
478367|2022-06-21|SO|I Co 1003/22|Postanowienie|https://www.saos.org.pl/judgments/478367
473826|2022-06-21|SO|III C 948/21|Wyrok|https://www.saos.org.pl/judgments/473826
469529|2022-06-21|SO|I ACa 59/22|Wyrok|https://www.saos.org.pl/judgments/469529
493775|2022-06-20|SO|I ACa 1751/21|Wyrok|https://www.saos.org.pl/judgments/493775
477629|2022-06-15|SO|I C 1265/21|Uzasadnienie|https://www.saos.org.pl/judgments/477629
499467|2022-06-14|SO|I C 837/20|Wyrok|https://www.saos.org.pl/judgments/499467
470554|2022-06-10|SO|I Ca 168/22|Postanowienie|https://www.saos.org.pl/judgments/470554
469518|2022-06-10|SO|I ACa 1628/21|Wyrok|https://www.saos.org.pl/judgments/469518
543159|2022-06-06|SO|I C 482/20|Wyrok|https://www.saos.org.pl/judgments/543159
494483|2022-06-06|SO|I ACa 695/22|Wyrok|https://www.saos.org.pl/judgments/494483
488610|2022-06-03|SO|X GC 929/21|Zarządzenie|https://www.saos.org.pl/judgments/488610
480156|2022-06-03|SO|III Ca 752/21|Uzasadnienie|https://www.saos.org.pl/judgments/480156
479978|2022-06-03|SO|III Ca 751/21|Uzasadnienie|https://www.saos.org.pl/judgments/479978
478436|2022-06-03|SO|III Ca 909/21|Uzasadnienie|https://www.saos.org.pl/judgments/478436
478433|2022-06-03|SO|III Ca 700/20|Uzasadnienie|https://www.saos.org.pl/judgments/478433
476261|2022-06-03|SO|I ACa 130/22|Wyrok|https://www.saos.org.pl/judgments/476261
471353|2022-06-03|SO|II C 815/20|Zarządzenie|https://www.saos.org.pl/judgments/471353
469971|2022-06-03|SO|VIII C 480/20|Wyrok|https://www.saos.org.pl/judgments/469971
467327|2022-06-03|SO|I ACa 474/21|Wyrok|https://www.saos.org.pl/judgments/467327
471529|2022-06-01|SO|II C 146/22|Wyrok|https://www.saos.org.pl/judgments/471529
469294|2022-06-01|SO|XXV C 383/20|Wyrok|https://www.saos.org.pl/judgments/469294
467150|2022-06-01|SO|XIV C 489/20|Wyrok|https://www.saos.org.pl/judgments/467150
499327|2022-05-31|SO|I C 777/20|Wyrok|https://www.saos.org.pl/judgments/499327
469318|2022-05-31|SO|I C 240/19|Wyrok|https://www.saos.org.pl/judgments/469318
470073|2022-05-30|SO|VIII Ga 72/22|Uzasadnienie|https://www.saos.org.pl/judgments/470073
466848|2022-05-27|SO|XIV C 498/20|Wyrok|https://www.saos.org.pl/judgments/466848
466945|2022-05-26|SO|I ACa 553/21|Wyrok|https://www.saos.org.pl/judgments/466945
497592|2022-05-25|SO|I C 322/21|Wyrok|https://www.saos.org.pl/judgments/497592
477815|2022-05-25|SO|II Ca 1494/21|Wyrok|https://www.saos.org.pl/judgments/477815
469660|2022-05-25|SO|V ACa 360/19|Wyrok|https://www.saos.org.pl/judgments/469660
479967|2022-05-24|SO|III Ca 270/21|Uzasadnienie|https://www.saos.org.pl/judgments/479967
493665|2022-05-23|SO|I ACa 1502/21|Wyrok|https://www.saos.org.pl/judgments/493665
479976|2022-05-23|SO|III Ca 612/21|Uzasadnienie|https://www.saos.org.pl/judgments/479976
471303|2022-05-23|SO|I C 125/22|Wyrok|https://www.saos.org.pl/judgments/471303
475297|2022-05-20|SO|I C 257/21|Wyrok|https://www.saos.org.pl/judgments/475297
473044|2022-05-20|SO|I ACa 237/22|Wyrok|https://www.saos.org.pl/judgments/473044
472462|2022-05-20|SO|III APa 2/21|Wyrok|https://www.saos.org.pl/judgments/472462
467338|2022-05-20|SO|I ACa 824/21|Wyrok|https://www.saos.org.pl/judgments/467338
466050|2022-05-20|SO|XIV C 865/20|Wyrok|https://www.saos.org.pl/judgments/466050
480264|2022-05-19|SO|VII AGa 568/21|Wyrok|https://www.saos.org.pl/judgments/480264
466793|2022-05-18|SO|I AGa 112/21|Wyrok|https://www.saos.org.pl/judgments/466793
465366|2022-05-18|SO|I C 895/19|Uzasadnienie|https://www.saos.org.pl/judgments/465366
475765|2022-05-17|SO|VI C 919/21|Zarządzenie|https://www.saos.org.pl/judgments/475765
471062|2022-05-17|SO|VI ACa 1050/20|Wyrok|https://www.saos.org.pl/judgments/471062
470144|2022-05-16|SO|III Ca 510/21|Postanowienie|https://www.saos.org.pl/judgments/470144
469000|2022-05-16|SO|I ACa 186/22|Wyrok|https://www.saos.org.pl/judgments/469000
471414|2022-05-13|SO|VI ACa 604/21|Wyrok|https://www.saos.org.pl/judgments/471414
473880|2022-05-12|SO|III Ca 655/21|Uzasadnienie|https://www.saos.org.pl/judgments/473880
466927|2022-05-12|SO|IX Ca 239/22|Postanowienie|https://www.saos.org.pl/judgments/466927
473661|2022-05-10|SO|III Ca 1980/20|Uzasadnienie|https://www.saos.org.pl/judgments/473661
475874|2022-05-09|SO|VII AGa 965/21|Wyrok|https://www.saos.org.pl/judgments/475874
515863|2022-05-06|SO|I AGa 313/20|Wyrok|https://www.saos.org.pl/judgments/515863
471073|2022-05-06|SO|VIII GC 338/18|Uzasadnienie|https://www.saos.org.pl/judgments/471073
494435|2022-05-04|SO|I ACa 653/20|Wyrok|https://www.saos.org.pl/judgments/494435
465114|2022-05-04|SO|XII C 303/20|Wyrok|https://www.saos.org.pl/judgments/465114
493550|2022-04-29|SO|I ACa 1326/20|Wyrok|https://www.saos.org.pl/judgments/493550
465705|2022-04-29|SO|I ACa 245/21|Wyrok|https://www.saos.org.pl/judgments/465705
465073|2022-04-28|SO|I Ns 469/20|Postanowienie|https://www.saos.org.pl/judgments/465073
464472|2022-04-28|SO|III Ca 534/21|Postanowienie|https://www.saos.org.pl/judgments/464472
477048|2022-04-26|SO|V ACa 280/19|Wyrok|https://www.saos.org.pl/judgments/477048
465706|2022-04-26|SO|I ACa 268/21|Wyrok|https://www.saos.org.pl/judgments/465706
470598|2022-04-25|SO|VIII C 112/22|Wyrok|https://www.saos.org.pl/judgments/470598
488049|2022-04-22|SO|I AGa 167/21|Wyrok|https://www.saos.org.pl/judgments/488049
483479|2022-04-22|SO|I C 980/20|Wyrok|https://www.saos.org.pl/judgments/483479
493448|2022-04-21|SO|I ACa 1204/20|Wyrok|https://www.saos.org.pl/judgments/493448
468034|2022-04-21|SO|III Ca 496/21|Wyrok|https://www.saos.org.pl/judgments/468034
487686|2022-04-14|SO|VI C 1906/21|Uzasadnienie|https://www.saos.org.pl/judgments/487686
479923|2022-04-13|SO|I ACa 52/22|Wyrok|https://www.saos.org.pl/judgments/479923
467934|2022-04-12|SO|VIII GC 222/19|Wyrok|https://www.saos.org.pl/judgments/467934
472857|2022-04-11|SO|I C 1126/16|Uzasadnienie|https://www.saos.org.pl/judgments/472857
462465|2022-04-11|SO|III Ca 1532/21|Uzasadnienie|https://www.saos.org.pl/judgments/462465
468767|2022-04-08|SO|I C 214/20|Wyrok|https://www.saos.org.pl/judgments/468767
465584|2022-04-08|SO|VII Ga 558/21|Wyrok|https://www.saos.org.pl/judgments/465584
465154|2022-04-08|SO|I C 692/19|Uzasadnienie|https://www.saos.org.pl/judgments/465154
489038|2022-04-07|SO|V ACa 472/19|Wyrok|https://www.saos.org.pl/judgments/489038
464964|2022-04-07|SO|I AGa 102/21|Wyrok|https://www.saos.org.pl/judgments/464964
464887|2022-04-07|SO|III C 845/21|Wyrok|https://www.saos.org.pl/judgments/464887
464689|2022-04-06|SO|III Ca 263/21|Wyrok|https://www.saos.org.pl/judgments/464689
470935|2022-04-05|SO|VI ACa 307/21|Wyrok|https://www.saos.org.pl/judgments/470935
470534|2022-04-05|SO|XV Ca 1488/21|Wyrok|https://www.saos.org.pl/judgments/470534
467267|2022-04-05|SO|IV RC 511/21|Wyrok|https://www.saos.org.pl/judgments/467267
467209|2022-04-05|SO|I C 524/19|Wyrok|https://www.saos.org.pl/judgments/467209
493373|2022-04-04|SO|I ACa 1131/20|Wyrok|https://www.saos.org.pl/judgments/493373
494971|2022-04-01|SO|I AGa 242/20|Wyrok|https://www.saos.org.pl/judgments/494971
484015|2022-03-31|SO|XX GC 825/15|Wyrok|https://www.saos.org.pl/judgments/484015
470034|2022-03-31|SO|II C 2303/20|Zarządzenie|https://www.saos.org.pl/judgments/470034
462922|2022-03-31|SO|III C 956/21|Wyrok|https://www.saos.org.pl/judgments/462922
478625|2022-03-30|SO|V Ca 1059/21|Wyrok|https://www.saos.org.pl/judgments/478625
462212|2022-03-30|SO|III Ca 814/20|Uzasadnienie|https://www.saos.org.pl/judgments/462212
470830|2022-03-28|SO|XVI C 3898/21|Uzasadnienie|https://www.saos.org.pl/judgments/470830
464875|2022-03-25|SO|III C 1120/18|Wyrok|https://www.saos.org.pl/judgments/464875
477078|2022-03-24|SO|I AGa 56/21|Wyrok|https://www.saos.org.pl/judgments/477078
468478|2022-03-24|SO|I ACa 797/21|Wyrok|https://www.saos.org.pl/judgments/468478
463544|2022-03-24|SO|I ACa 849/20|Wyrok|https://www.saos.org.pl/judgments/463544
462100|2022-03-24|SO|III Ca 1873/20|Uzasadnienie|https://www.saos.org.pl/judgments/462100
471063|2022-03-23|SO|VI ACa 361/21|Wyrok|https://www.saos.org.pl/judgments/471063
466069|2022-03-22|SO|I C 73/22|Wyrok|https://www.saos.org.pl/judgments/466069
462912|2022-03-22|SO|III C 1009/21|Wyrok|https://www.saos.org.pl/judgments/462912
461953|2022-03-22|SO|IV P 243/17|Wyrok|https://www.saos.org.pl/judgments/461953
462678|2022-03-18|SO|VIII C 965/20|Wyrok|https://www.saos.org.pl/judgments/462678
462108|2022-03-18|SO|III Ca 2015/19|Uzasadnienie|https://www.saos.org.pl/judgments/462108
494049|2022-03-16|SO|I ACa 311/21|Wyrok|https://www.saos.org.pl/judgments/494049
525882|2022-03-15|SO|I ACa 969/20|Wyrok|https://www.saos.org.pl/judgments/525882
494097|2022-03-15|SO|I ACa 353/22|Wyrok|https://www.saos.org.pl/judgments/494097
462410|2022-03-14|SO|I C 1891/20|Wyrok|https://www.saos.org.pl/judgments/462410
464250|2022-03-11|SO|I ACa 962/21|Wyrok|https://www.saos.org.pl/judgments/464250
482380|2022-03-10|SO|II Ca 2133/21|Postanowienie|https://www.saos.org.pl/judgments/482380
475081|2022-03-10|SO|V AGa 79/21|Wyrok|https://www.saos.org.pl/judgments/475081
470813|2022-03-10|SO|VIII C 770/21|Wyrok|https://www.saos.org.pl/judgments/470813
463758|2022-03-09|SO|XXV C 782/19|Wyrok|https://www.saos.org.pl/judgments/463758
482379|2022-03-08|SO|II Ca 1829/21|Wyrok|https://www.saos.org.pl/judgments/482379
470020|2022-03-08|SO|II C 1021/19|Uzasadnienie|https://www.saos.org.pl/judgments/470020
464777|2022-03-08|SO|IV Ca 2594/19|Wyrok|https://www.saos.org.pl/judgments/464777
494318|2022-03-07|SO|I ACa 557/20|Wyrok|https://www.saos.org.pl/judgments/494318
475084|2022-03-04|SO|V P 204/16|Wyrok|https://www.saos.org.pl/judgments/475084
465776|2022-03-04|SO|XI GC 803/21|Zarządzenie|https://www.saos.org.pl/judgments/465776
463166|2022-03-04|SO|II Ca 1911/21|Wyrok|https://www.saos.org.pl/judgments/463166
543534|2022-03-03|SO|I ACa 645/21|Wyrok|https://www.saos.org.pl/judgments/543534
464960|2022-03-03|SO|I ACa 118/21|Wyrok|https://www.saos.org.pl/judgments/464960
465540|2022-02-28|SO|IV GC 1113/20|Uzasadnienie|https://www.saos.org.pl/judgments/465540
464657|2022-02-28|SO|I C 889/21|Uzasadnienie|https://www.saos.org.pl/judgments/464657
509916|2022-02-24|SO|V AGa 299/19|Wyrok|https://www.saos.org.pl/judgments/509916
475830|2022-02-24|SO|I ACa 77/21|Wyrok|https://www.saos.org.pl/judgments/475830
470805|2022-02-24|SO|VIII C 1099/21|Wyrok|https://www.saos.org.pl/judgments/470805
470124|2022-02-24|SO|I ACa 813/21|Wyrok|https://www.saos.org.pl/judgments/470124
469327|2022-02-22|SO|I C 342/20|Wyrok|https://www.saos.org.pl/judgments/469327
494352|2022-02-21|SO|I ACa 587/20|Wyrok|https://www.saos.org.pl/judgments/494352
469680|2022-02-18|SO|VII AGa 60/21|Wyrok|https://www.saos.org.pl/judgments/469680
458397|2022-02-18|SO|III Ca 1637/20|Uzasadnienie|https://www.saos.org.pl/judgments/458397
482194|2022-02-17|SO|VI P 297/17|Zarządzenie|https://www.saos.org.pl/judgments/482194
462053|2022-02-16|SO|I C 968/21|Wyrok|https://www.saos.org.pl/judgments/462053
458021|2022-02-16|SO|III Ca 242/21|Uzasadnienie|https://www.saos.org.pl/judgments/458021
473584|2022-02-15|SO|I ACa 886/21|Wyrok|https://www.saos.org.pl/judgments/473584
469613|2022-02-15|SO|II C 1254/18|Uzasadnienie|https://www.saos.org.pl/judgments/469613
456093|2022-02-15|SO|III Ca 1693/20|Uzasadnienie|https://www.saos.org.pl/judgments/456093
474779|2022-02-14|SO|I C 2024/21|Uzasadnienie|https://www.saos.org.pl/judgments/474779
469018|2022-02-14|SO|I ACa 972/20|Wyrok|https://www.saos.org.pl/judgments/469018
465629|2022-02-14|SO|I ACa 1219/21|Wyrok|https://www.saos.org.pl/judgments/465629
501653|2022-02-11|SO|II Ca 1337/21|Wyrok|https://www.saos.org.pl/judgments/501653
458169|2022-02-10|SO|II Ca 1041/21|Zarządzenie|https://www.saos.org.pl/judgments/458169
475596|2022-02-09|SO|I ACa 566/21|Wyrok|https://www.saos.org.pl/judgments/475596
468092|2022-02-09|SO|I C 2429/20|Wyrok|https://www.saos.org.pl/judgments/468092
467314|2022-02-09|SO|I ACa 1098/21|Wyrok|https://www.saos.org.pl/judgments/467314
458767|2022-02-09|SO|I Ca 617/21|Postanowienie|https://www.saos.org.pl/judgments/458767
462477|2022-02-02|SO|III Ca 1932/20|Uzasadnienie|https://www.saos.org.pl/judgments/462477
461696|2022-02-01|SO|III C 448/21|Wyrok|https://www.saos.org.pl/judgments/461696
456239|2022-02-01|SO|I C 230/21|Wyrok|https://www.saos.org.pl/judgments/456239
459381|2022-01-28|SO|VIII GC 536/20|Uzasadnienie|https://www.saos.org.pl/judgments/459381
475593|2022-01-27|SO|I ACa 394/21|Wyrok|https://www.saos.org.pl/judgments/475593
473579|2022-01-26|SO|I ACa 578/21|Wyrok|https://www.saos.org.pl/judgments/473579
461975|2022-01-26|SO|I ACa 730/20|Wyrok|https://www.saos.org.pl/judgments/461975
456275|2022-01-26|SO|I Ca 427/21|Uzasadnienie|https://www.saos.org.pl/judgments/456275
475589|2022-01-24|SO|I ACa 253/21|Wyrok|https://www.saos.org.pl/judgments/475589
471072|2022-01-21|SO|VIII GC 111/17|Wyrok|https://www.saos.org.pl/judgments/471072
463725|2022-01-21|SO|VIII GC 9/21|Uzasadnienie|https://www.saos.org.pl/judgments/463725
461912|2022-01-21|SO|I AGa 276/20|Wyrok|https://www.saos.org.pl/judgments/461912
460743|2022-01-21|SO|III Ca 1329/20|Uzasadnienie|https://www.saos.org.pl/judgments/460743
459784|2022-01-21|SO|VIII P 26/20|Uzasadnienie|https://www.saos.org.pl/judgments/459784
527667|2022-01-20|SO|IV Pa 2/21|Wyrok|https://www.saos.org.pl/judgments/527667
470140|2022-01-20|SO|III APa 28/20|Uzasadnienie|https://www.saos.org.pl/judgments/470140
460318|2022-01-19|SO|I C 1332/19|Wyrok|https://www.saos.org.pl/judgments/460318
456079|2022-01-19|SO|III Ca 1471/20|Uzasadnienie|https://www.saos.org.pl/judgments/456079
475829|2022-01-17|SO|I ACa 751/21|Wyrok|https://www.saos.org.pl/judgments/475829
461517|2022-01-17|SO|III Ca 930/20|Uzasadnienie|https://www.saos.org.pl/judgments/461517
458967|2022-01-17|SO|I ACa 136/21|Wyrok|https://www.saos.org.pl/judgments/458967
479148|2022-01-14|SO|I C 2125/20|Wyrok|https://www.saos.org.pl/judgments/479148
456114|2022-01-14|SO|III Ca 24/21|Uzasadnienie|https://www.saos.org.pl/judgments/456114
467787|2022-01-12|SO|V ACa 589/21|Wyrok|https://www.saos.org.pl/judgments/467787
459867|2022-01-12|SO|V ACa 663/21|Wyrok|https://www.saos.org.pl/judgments/459867
477644|2022-01-10|SO|I C 476/19|Wyrok|https://www.saos.org.pl/judgments/477644
465693|2022-01-10|SO|XV Ca 1420/21|Wyrok|https://www.saos.org.pl/judgments/465693
464732|2022-01-10|SO|I ACa 476/21|Wyrok|https://www.saos.org.pl/judgments/464732
462360|2022-01-10|SO|III Ca 1224/20|Uzasadnienie|https://www.saos.org.pl/judgments/462360
459392|2022-01-10|SO|VIII Pa 121/21|Zarządzenie|https://www.saos.org.pl/judgments/459392
536062|2022-01-03|SO|VI GC 104/21|Wyrok|https://www.saos.org.pl/judgments/536062
492218|2021-12-30|SO|I ACa 563/21|Wyrok|https://www.saos.org.pl/judgments/492218
469321|2021-12-30|SO|I C 279/21|Uzasadnienie|https://www.saos.org.pl/judgments/469321
464817|2021-12-28|SO|I ACa 679/21|Wyrok|https://www.saos.org.pl/judgments/464817
487724|2021-12-23|SO|I AGa 93/21|Wyrok|https://www.saos.org.pl/judgments/487724
460855|2021-12-23|SO|III Ca 2088/20|Uzasadnienie|https://www.saos.org.pl/judgments/460855
466419|2021-12-22|SO|V GC 1468/20|Wyrok|https://www.saos.org.pl/judgments/466419
460908|2021-12-22|SO|III Ca 722/20|Uzasadnienie|https://www.saos.org.pl/judgments/460908
463300|2021-12-21|SO|VI ACa 987/19|Wyrok|https://www.saos.org.pl/judgments/463300
461373|2021-12-21|SO|I C 1136/21|Wyrok|https://www.saos.org.pl/judgments/461373
459634|2021-12-21|SO|I C 1386/21|Wyrok|https://www.saos.org.pl/judgments/459634
454564|2021-12-21|SO|X GC 463/21|Zarządzenie|https://www.saos.org.pl/judgments/454564
462311|2021-12-20|SO|I C 2118/21|Wyrok|https://www.saos.org.pl/judgments/462311
460279|2021-12-20|SO|I ACa 608/20|Wyrok|https://www.saos.org.pl/judgments/460279
460019|2021-12-20|SO|I ACa 77/20|Wyrok|https://www.saos.org.pl/judgments/460019
457291|2021-12-20|SO|VI C 1713/21|Uzasadnienie|https://www.saos.org.pl/judgments/457291
455158|2021-12-17|SO|II Ca 210/20|Wyrok|https://www.saos.org.pl/judgments/455158
485728|2021-12-16|SO|I C 1611/20|Wyrok|https://www.saos.org.pl/judgments/485728
458188|2021-12-16|SO|II Ca 1582/21|Uzasadnienie|https://www.saos.org.pl/judgments/458188
455379|2021-12-16|SO|I C 843/20|Wyrok|https://www.saos.org.pl/judgments/455379
478033|2021-12-15|SO|I ACa 643/21|Wyrok|https://www.saos.org.pl/judgments/478033
473212|2021-12-15|SO|XXV C 1971/20|Wyrok|https://www.saos.org.pl/judgments/473212
472552|2021-12-15|SO|I Ns 219/21|Postanowienie|https://www.saos.org.pl/judgments/472552
469002|2021-12-13|SO|I ACa 312/21|Wyrok|https://www.saos.org.pl/judgments/469002
460916|2021-12-10|SO|III Ca 803/20|Uzasadnienie|https://www.saos.org.pl/judgments/460916
456988|2021-12-09|SO|III Ca 1548/18|Wyrok|https://www.saos.org.pl/judgments/456988
470963|2021-12-08|SO|VIII Ns 132/20|Postanowienie|https://www.saos.org.pl/judgments/470963
460817|2021-12-08|SO|III Ca 1749/20|Uzasadnienie|https://www.saos.org.pl/judgments/460817
458220|2021-12-08|SO|V ACa 618/21|Wyrok|https://www.saos.org.pl/judgments/458220
456028|2021-12-08|SO|I AGa 281/20|Wyrok|https://www.saos.org.pl/judgments/456028
460288|2021-12-07|SO|I ACa 793/20|Wyrok|https://www.saos.org.pl/judgments/460288
451722|2021-12-07|SO|I Ca 330/21|Uzasadnienie|https://www.saos.org.pl/judgments/451722
490897|2021-12-06|SO|V AGa 132/21|Wyrok|https://www.saos.org.pl/judgments/490897
454492|2021-12-06|SO|I ACa 176/21|Wyrok|https://www.saos.org.pl/judgments/454492
460928|2021-12-02|SO|III Ca 876/21|Uzasadnienie|https://www.saos.org.pl/judgments/460928
459002|2021-12-02|SO|III APa 29/20|Wyrok|https://www.saos.org.pl/judgments/459002
460896|2021-12-01|SO|III Ca 656/21|Uzasadnienie|https://www.saos.org.pl/judgments/460896
463602|2021-11-30|SO|III Ca 1414/20|Wyrok|https://www.saos.org.pl/judgments/463602
460761|2021-11-30|SO|III Ca 1483/20|Uzasadnienie|https://www.saos.org.pl/judgments/460761
454511|2021-11-30|SO|I C 224/21|Wyrok|https://www.saos.org.pl/judgments/454511
509887|2021-11-29|SO|V AGa 154/18|Wyrok|https://www.saos.org.pl/judgments/509887
467326|2021-11-29|SO|I ACa 447/21|Wyrok|https://www.saos.org.pl/judgments/467326
461087|2021-11-29|SO|VIII GC 417/21|Uzasadnienie|https://www.saos.org.pl/judgments/461087
456013|2021-11-29|SO|I ACa 196/20|Wyrok|https://www.saos.org.pl/judgments/456013
524256|2021-11-26|SO|I C 738/21|Wyrok|https://www.saos.org.pl/judgments/524256
480204|2021-11-26|SO|I ACa 6/20|Wyrok|https://www.saos.org.pl/judgments/480204
479996|2021-11-26|SO|I ACa 297/21|Wyrok|https://www.saos.org.pl/judgments/479996
473222|2021-11-26|SO|I ACa 460/21|Wyrok|https://www.saos.org.pl/judgments/473222
463377|2021-11-26|SO|XI GC 1592/19|Zarządzenie|https://www.saos.org.pl/judgments/463377
458660|2021-11-26|SO|XV Ca 641/21|Postanowienie|https://www.saos.org.pl/judgments/458660
453712|2021-11-24|SO|III Ca 1589/19|Postanowienie|https://www.saos.org.pl/judgments/453712
453847|2021-11-23|SO|IV Ca 1776/21|Wyrok|https://www.saos.org.pl/judgments/453847
469123|2021-11-22|SO|II C 684/21|Zarządzenie|https://www.saos.org.pl/judgments/469123
460122|2021-11-22|SO|III Ca 176/20|Uzasadnienie|https://www.saos.org.pl/judgments/460122
459554|2021-11-22|SO|III Ca 398/20|Uzasadnienie|https://www.saos.org.pl/judgments/459554
455292|2021-11-22|SO|XXV C 2122/20|Wyrok|https://www.saos.org.pl/judgments/455292
454242|2021-11-19|SO|VIII GC 1188/21|Wyrok|https://www.saos.org.pl/judgments/454242
452485|2021-11-19|SO|XVI C 814/21|Uzasadnienie|https://www.saos.org.pl/judgments/452485
494375|2021-11-18|SO|I ACa 607/20|Wyrok|https://www.saos.org.pl/judgments/494375
483667|2021-11-18|SO|I ACa 24/21|Wyrok|https://www.saos.org.pl/judgments/483667
455295|2021-11-17|SO|XXV C 3805/20|Wyrok|https://www.saos.org.pl/judgments/455295
460146|2021-11-15|SO|III Ca 675/20|Uzasadnienie|https://www.saos.org.pl/judgments/460146
460162|2021-11-10|SO|III Ca 833/20|Uzasadnienie|https://www.saos.org.pl/judgments/460162
460114|2021-11-10|SO|III Ca 1482/20|Uzasadnienie|https://www.saos.org.pl/judgments/460114
454904|2021-11-10|SO|VI ACa 734/20|Wyrok|https://www.saos.org.pl/judgments/454904
493108|2021-11-09|SO|I C 86/21|Wyrok|https://www.saos.org.pl/judgments/493108
454689|2021-11-09|SO|I ACa 871/20|Wyrok|https://www.saos.org.pl/judgments/454689
449699|2021-11-09|SO|I C 325/21|Uzasadnienie|https://www.saos.org.pl/judgments/449699
454254|2021-11-08|SO|I C 329/21|Wyrok|https://www.saos.org.pl/judgments/454254
450829|2021-11-08|SO|I ACa 869/20|Wyrok|https://www.saos.org.pl/judgments/450829
460756|2021-11-05|SO|III Ca 1406/20|Uzasadnienie|https://www.saos.org.pl/judgments/460756
456772|2021-11-04|SO|I C 919/21|Wyrok|https://www.saos.org.pl/judgments/456772
457777|2021-11-02|SO|I C 349/21|Wyrok|https://www.saos.org.pl/judgments/457777
455890|2021-10-29|SO|IV P 252/19|Wyrok|https://www.saos.org.pl/judgments/455890
454693|2021-10-29|SO|I AGa 175/20|Wyrok|https://www.saos.org.pl/judgments/454693
450909|2021-10-29|SO|I C 366/20|Wyrok|https://www.saos.org.pl/judgments/450909
450469|2021-10-29|SO|IX Ca 315/21|Wyrok|https://www.saos.org.pl/judgments/450469
517143|2021-10-28|SO|II Ca 581/21|Postanowienie|https://www.saos.org.pl/judgments/517143
465316|2021-10-28|SO|II Ca 932/21|Wyrok|https://www.saos.org.pl/judgments/465316
455159|2021-10-28|SO|II Ca 975/20|Wyrok|https://www.saos.org.pl/judgments/455159
464638|2021-10-27|SO|I ACa 487/21|Wyrok|https://www.saos.org.pl/judgments/464638
463717|2021-10-27|SO|VIII GC 233/17|Wyrok|https://www.saos.org.pl/judgments/463717
454010|2021-10-27|SO|I Ca 467/21|Wyrok|https://www.saos.org.pl/judgments/454010
460130|2021-10-25|SO|III Ca 449/20|Uzasadnienie|https://www.saos.org.pl/judgments/460130
455414|2021-10-25|SO|I ACa 685/20|Wyrok|https://www.saos.org.pl/judgments/455414
453241|2021-10-25|SO|XI GC 65/21|Zarządzenie|https://www.saos.org.pl/judgments/453241
452519|2021-10-22|SO|I C 6/21|Wyrok|https://www.saos.org.pl/judgments/452519
451391|2021-10-22|SO|I C 22/20|Wyrok|https://www.saos.org.pl/judgments/451391
538045|2021-10-20|SO|II Ca 107/21|Postanowienie|https://www.saos.org.pl/judgments/538045
465568|2021-10-20|SO|V Ca 1535/21|Wyrok|https://www.saos.org.pl/judgments/465568
451653|2021-10-20|SO|VIII Ga 247/21|Uzasadnienie|https://www.saos.org.pl/judgments/451653
451460|2021-10-20|SO|I C 797/18|Wyrok|https://www.saos.org.pl/judgments/451460
450917|2021-10-20|SO|I C 501/20|Wyrok|https://www.saos.org.pl/judgments/450917
452036|2021-10-18|SO|I ACa 955/21|Wyrok|https://www.saos.org.pl/judgments/452036
450938|2021-10-18|SO|I C 679/20|Wyrok|https://www.saos.org.pl/judgments/450938
458659|2021-10-15|SO|XV Ca 153/21|Wyrok|https://www.saos.org.pl/judgments/458659
454012|2021-10-15|SO|I Ca 480/21|Wyrok|https://www.saos.org.pl/judgments/454012
483860|2021-10-14|SO|I ACa 797/20|Wyrok|https://www.saos.org.pl/judgments/483860
454160|2021-10-14|SO|I C 422/21|Wyrok|https://www.saos.org.pl/judgments/454160
449864|2021-10-14|SO|I AGa 196/20|Wyrok|https://www.saos.org.pl/judgments/449864
459549|2021-10-13|SO|III Ca 2627/19|Uzasadnienie|https://www.saos.org.pl/judgments/459549
448777|2021-10-13|SO|VIII GC 146/17|Uzasadnienie|https://www.saos.org.pl/judgments/448777
496155|2021-10-11|SO|I C 159/21|Uzasadnienie|https://www.saos.org.pl/judgments/496155
454598|2021-10-11|SO|I C 325/21|Wyrok|https://www.saos.org.pl/judgments/454598
450963|2021-10-11|SO|I C 940/20|Wyrok|https://www.saos.org.pl/judgments/450963
469676|2021-10-08|SO|VII AGa 228/20|Wyrok|https://www.saos.org.pl/judgments/469676
526280|2021-10-07|SO|I ACa 69/20|Wyrok|https://www.saos.org.pl/judgments/526280
450764|2021-10-07|SO|VIII C 529/21|Wyrok|https://www.saos.org.pl/judgments/450764
509977|2021-10-06|SO|V C 932/19|Wyrok|https://www.saos.org.pl/judgments/509977
491544|2021-10-05|SO|I C 538/19|Wyrok|https://www.saos.org.pl/judgments/491544
504622|2021-09-30|SO|III APa 50/20|Uzasadnienie|https://www.saos.org.pl/judgments/504622
449800|2021-09-30|SO|I Ca 417/21|Postanowienie|https://www.saos.org.pl/judgments/449800
468053|2021-09-29|SO|V GC 2578/19|Wyrok|https://www.saos.org.pl/judgments/468053
461956|2021-09-29|SO|V AGa 360/20|Wyrok|https://www.saos.org.pl/judgments/461956
458634|2021-09-29|SO|V AGa 379/20|Wyrok|https://www.saos.org.pl/judgments/458634
455176|2021-09-29|SO|V GC 1394/16|Wyrok|https://www.saos.org.pl/judgments/455176
453580|2021-09-29|SO|I C 176/21|Wyrok|https://www.saos.org.pl/judgments/453580
451312|2021-09-29|SO|V ACa 358/21|Wyrok|https://www.saos.org.pl/judgments/451312
450939|2021-09-29|SO|I C 684/20|Wyrok|https://www.saos.org.pl/judgments/450939
448441|2021-09-27|SO|I C 696/20|Wyrok|https://www.saos.org.pl/judgments/448441
448437|2021-09-27|SO|I C 632/20|Wyrok|https://www.saos.org.pl/judgments/448437
458871|2021-09-22|SO|III Ca 607/21|Uzasadnienie|https://www.saos.org.pl/judgments/458871
449466|2021-09-17|SO|I AGa 82/20|Wyrok|https://www.saos.org.pl/judgments/449466
474767|2021-09-16|SO|I C 1421/21|Wyrok|https://www.saos.org.pl/judgments/474767
452976|2021-09-16|SO|XII C 1363/18|Wyrok|https://www.saos.org.pl/judgments/452976
450794|2021-09-15|SO|VIII Ns 482/15|Postanowienie|https://www.saos.org.pl/judgments/450794
448959|2021-09-15|SO|III Ca 253/21|Wyrok|https://www.saos.org.pl/judgments/448959
460868|2021-09-14|SO|III Ca 423/20|Uzasadnienie|https://www.saos.org.pl/judgments/460868
453226|2021-09-13|SO|VIII Ua 23/21|Uzasadnienie|https://www.saos.org.pl/judgments/453226
448448|2021-09-13|SO|I C 867/20|Wyrok|https://www.saos.org.pl/judgments/448448
448424|2021-09-13|SO|I C 414/19|Wyrok|https://www.saos.org.pl/judgments/448424
454678|2021-09-08|SO|I ACa 131/20|Wyrok|https://www.saos.org.pl/judgments/454678
446081|2021-09-06|SO|I Ns 69/21|Uzasadnienie|https://www.saos.org.pl/judgments/446081
448226|2021-09-03|SO|I C 165/21|Wyrok|https://www.saos.org.pl/judgments/448226
447518|2021-09-03|SO|I ACa 113/21|Wyrok|https://www.saos.org.pl/judgments/447518
451389|2021-09-01|SO|I C 140/21|Wyrok|https://www.saos.org.pl/judgments/451389
459159|2021-08-31|SO|III Ca 1294/20|Uzasadnienie|https://www.saos.org.pl/judgments/459159
455137|2021-08-31|SO|I C 286/18|Wyrok|https://www.saos.org.pl/judgments/455137
461505|2021-08-30|SO|III Ca 554/20|Uzasadnienie|https://www.saos.org.pl/judgments/461505
472517|2021-08-27|SO|I C 124/21|Wyrok|https://www.saos.org.pl/judgments/472517
446001|2021-08-27|SO|I C 220/20|Wyrok|https://www.saos.org.pl/judgments/446001
468377|2021-08-26|SO|III APa 10/21|Uzasadnienie|https://www.saos.org.pl/judgments/468377
497481|2021-08-17|SO|I C 309/21|Wyrok|https://www.saos.org.pl/judgments/497481
450739|2021-08-13|SO|VIII C 223/21|Wyrok|https://www.saos.org.pl/judgments/450739
449926|2021-08-13|SO|XIV C 757/17|Wyrok|https://www.saos.org.pl/judgments/449926
447525|2021-08-13|SO|I ACa 371/21|Wyrok|https://www.saos.org.pl/judgments/447525
453741|2021-08-12|SO|VIII C 246/21|Wyrok|https://www.saos.org.pl/judgments/453741
447996|2021-08-11|SO|I Ca 384/21|Postanowienie|https://www.saos.org.pl/judgments/447996
445886|2021-08-11|SO|I C 1041/20|Wyrok|https://www.saos.org.pl/judgments/445886
447405|2021-08-06|SO|XII C 192/20|Wyrok|https://www.saos.org.pl/judgments/447405
458820|2021-08-04|SO|III Ca 1391/20|Uzasadnienie|https://www.saos.org.pl/judgments/458820
447948|2021-08-02|SO|VI ACa 395/20|Wyrok|https://www.saos.org.pl/judgments/447948
458817|2021-07-30|SO|III Ca 1387/20|Uzasadnienie|https://www.saos.org.pl/judgments/458817
458292|2021-07-30|SO|III Ca 1490/20|Uzasadnienie|https://www.saos.org.pl/judgments/458292
458122|2021-07-30|SO|III Ca 68/21|Uzasadnienie|https://www.saos.org.pl/judgments/458122
447522|2021-07-30|SO|I ACa 241/21|Wyrok|https://www.saos.org.pl/judgments/447522
458802|2021-07-29|SO|III Ca 1120/20|Uzasadnienie|https://www.saos.org.pl/judgments/458802
446366|2021-07-29|SO|II Ca 813/21|Wyrok|https://www.saos.org.pl/judgments/446366
465575|2021-07-28|SO|VI Ga 477/20|Wyrok|https://www.saos.org.pl/judgments/465575
447691|2021-07-27|SO|I C 75/21|Zarządzenie|https://www.saos.org.pl/judgments/447691
488630|2021-07-26|SO|X GC 997/19|Zarządzenie|https://www.saos.org.pl/judgments/488630
461498|2021-07-26|SO|III Ca 328/20|Uzasadnienie|https://www.saos.org.pl/judgments/461498
459053|2021-07-26|SO|V ACa 327/21|Wyrok|https://www.saos.org.pl/judgments/459053
452850|2021-07-26|SO|V AGa 58/21|Wyrok|https://www.saos.org.pl/judgments/452850
447149|2021-07-23|SO|I ACa 30/21|Wyrok|https://www.saos.org.pl/judgments/447149
475705|2021-07-22|SO|I C 267/16|Wyrok|https://www.saos.org.pl/judgments/475705
450208|2021-07-22|SO|I C 1384/19|Wyrok|https://www.saos.org.pl/judgments/450208
444032|2021-07-22|SO|I C 49/21|Wyrok|https://www.saos.org.pl/judgments/444032
445336|2021-07-19|SO|XI GC 268/21|Zarządzenie|https://www.saos.org.pl/judgments/445336
454696|2021-07-16|SO|I AGa 73/20|Wyrok|https://www.saos.org.pl/judgments/454696
457891|2021-07-15|SO|VII AGa 466/20|Wyrok|https://www.saos.org.pl/judgments/457891
454245|2021-07-15|SO|XXIV C 3121/20|Wyrok|https://www.saos.org.pl/judgments/454245
451013|2021-07-15|SO|II1 C 27/21|Wyrok|https://www.saos.org.pl/judgments/451013
449470|2021-07-14|SO|I C 21/21|Wyrok|https://www.saos.org.pl/judgments/449470
444990|2021-07-14|SO|XIII Ga 693/20|Uzasadnienie|https://www.saos.org.pl/judgments/444990
452152|2021-07-12|SO|II C 1000/19|Wyrok|https://www.saos.org.pl/judgments/452152
457948|2021-07-06|SO|I C 2744/17|Wyrok|https://www.saos.org.pl/judgments/457948
448845|2021-07-02|SO|II Ca 1310/20|Postanowienie|https://www.saos.org.pl/judgments/448845
496792|2021-06-30|SO|I C 219/13|Wyrok|https://www.saos.org.pl/judgments/496792
485123|2021-06-30|SO|III APa 26/20|Uzasadnienie|https://www.saos.org.pl/judgments/485123
473542|2021-06-30|SO|V ACa 64/19|Wyrok|https://www.saos.org.pl/judgments/473542
465579|2021-06-30|SO|VI GC 200/21|Wyrok|https://www.saos.org.pl/judgments/465579
448643|2021-06-30|SO|I ACa 30/21|Wyrok|https://www.saos.org.pl/judgments/448643
446589|2021-06-30|SO|I ACa 106/21|Wyrok|https://www.saos.org.pl/judgments/446589
443625|2021-06-30|SO|I C 1495/20|Wyrok|https://www.saos.org.pl/judgments/443625
478036|2021-06-29|SO|I C 1170/19|Uzasadnienie|https://www.saos.org.pl/judgments/478036
451271|2021-06-29|SO|II Ca 1269/19|Postanowienie|https://www.saos.org.pl/judgments/451271
461075|2021-06-25|SO|VII AGa 699/20|Wyrok|https://www.saos.org.pl/judgments/461075
488115|2021-06-24|SO|I C 647/19|Wyrok|https://www.saos.org.pl/judgments/488115
461431|2021-06-24|SO|I Ns 716/20|Postanowienie|https://www.saos.org.pl/judgments/461431
447159|2021-06-24|SO|II C 1315/19|Wyrok|https://www.saos.org.pl/judgments/447159
452471|2021-06-23|SO|VI ACa 884/20|Wyrok|https://www.saos.org.pl/judgments/452471
444040|2021-06-21|SO|I C 624/20|Wyrok|https://www.saos.org.pl/judgments/444040
532550|2021-06-18|SO|I AGa 158/20|Wyrok|https://www.saos.org.pl/judgments/532550
441435|2021-06-18|SO|XI GC 784/20|Zarządzenie|https://www.saos.org.pl/judgments/441435
520778|2021-06-17|SO|I ACa 402/20|Wyrok|https://www.saos.org.pl/judgments/520778
444558|2021-06-16|SO|I C 52/21|Wyrok|https://www.saos.org.pl/judgments/444558
480881|2021-06-15|SO|I C 914/20|Wyrok|https://www.saos.org.pl/judgments/480881
446472|2021-06-15|SO|II Ca 680/21|Postanowienie|https://www.saos.org.pl/judgments/446472
440550|2021-06-14|SO|I C 156/21|Wyrok|https://www.saos.org.pl/judgments/440550
487813|2021-06-10|SO|V AGa 35/18|Wyrok|https://www.saos.org.pl/judgments/487813
445683|2021-06-10|SO|I ACa 383/21|Wyrok|https://www.saos.org.pl/judgments/445683
441213|2021-06-09|SO|XVI C 2723/13|Uzasadnienie|https://www.saos.org.pl/judgments/441213
465307|2021-06-08|SO|II Ca 3123/19|Wyrok|https://www.saos.org.pl/judgments/465307
443926|2021-06-08|SO|I ACa 1094/19|Wyrok|https://www.saos.org.pl/judgments/443926
535958|2021-06-07|SO|VI GC 9/21|Wyrok|https://www.saos.org.pl/judgments/535958
447871|2021-06-07|SO|IV Ca 620/21|Postanowienie|https://www.saos.org.pl/judgments/447871
446471|2021-06-07|SO|II Ca 259/21|Postanowienie|https://www.saos.org.pl/judgments/446471
442322|2021-06-07|SO|I Ca 245/21|Wyrok|https://www.saos.org.pl/judgments/442322
442399|2021-06-04|SO|I C 1496/20|Wyrok|https://www.saos.org.pl/judgments/442399
459256|2021-06-02|SO|III Ca 664/20|Uzasadnienie|https://www.saos.org.pl/judgments/459256
440280|2021-06-02|SO|I AGa 37/21|Wyrok|https://www.saos.org.pl/judgments/440280
449475|2021-06-01|SO|I C 505/21|Wyrok|https://www.saos.org.pl/judgments/449475
443667|2021-05-31|SO|VII C 1658/20|Wyrok|https://www.saos.org.pl/judgments/443667
535955|2021-05-28|SO|VI GC 61/21|Wyrok|https://www.saos.org.pl/judgments/535955
444937|2021-05-28|SO|I AGa 249/19|Wyrok|https://www.saos.org.pl/judgments/444937
444305|2021-05-28|SO|I C 1145/19|Uzasadnienie|https://www.saos.org.pl/judgments/444305
443713|2021-05-27|SO|I C 275/21|Wyrok|https://www.saos.org.pl/judgments/443713
439558|2021-05-27|SO|III C 105/21|Zarządzenie|https://www.saos.org.pl/judgments/439558
465281|2021-05-26|SO|II Ca 1052/21|Postanowienie|https://www.saos.org.pl/judgments/465281
457699|2021-05-25|SO|III Ca 667/20|Uzasadnienie|https://www.saos.org.pl/judgments/457699
457436|2021-05-24|SO|III Ca 1681/20|Uzasadnienie|https://www.saos.org.pl/judgments/457436
439404|2021-05-21|SO|XIII Ga 1515/20|Uzasadnienie|https://www.saos.org.pl/judgments/439404
475377|2021-05-20|SO|V ACa 37/21|Wyrok|https://www.saos.org.pl/judgments/475377
457602|2021-05-20|SO|III Ca 1081/20|Uzasadnienie|https://www.saos.org.pl/judgments/457602
445188|2021-05-20|SO|I AGa 122/20|Wyrok|https://www.saos.org.pl/judgments/445188
458221|2021-05-19|SO|V ACa 620/19|Wyrok|https://www.saos.org.pl/judgments/458221
457677|2021-05-19|SO|III Ca 349/20|Uzasadnienie|https://www.saos.org.pl/judgments/457677
447114|2021-05-19|SO|I C 92/20|Wyrok|https://www.saos.org.pl/judgments/447114
442649|2021-05-19|SO|I ACa 856/19|Wyrok|https://www.saos.org.pl/judgments/442649
440584|2021-05-19|SO|I C 82/20|Wyrok|https://www.saos.org.pl/judgments/440584
497616|2021-05-17|SO|I C 326/21|Wyrok|https://www.saos.org.pl/judgments/497616
449606|2021-05-17|SO|I C 623/17|Zarządzenie|https://www.saos.org.pl/judgments/449606
515759|2021-05-14|SO|I AGa 251/19|Wyrok|https://www.saos.org.pl/judgments/515759
450072|2021-05-14|SO|VI ACa 932/20|Wyrok|https://www.saos.org.pl/judgments/450072
438807|2021-05-14|SO|I C 1743/20|Wyrok|https://www.saos.org.pl/judgments/438807
444011|2021-05-13|SO|I C 1435/20|Wyrok|https://www.saos.org.pl/judgments/444011
438649|2021-05-13|SO|IX Ca 354/21|Wyrok|https://www.saos.org.pl/judgments/438649
475699|2021-05-12|SO|I AGa 140/20|Wyrok|https://www.saos.org.pl/judgments/475699
445833|2021-05-12|SO|III Ca 1521/19|Wyrok|https://www.saos.org.pl/judgments/445833
442551|2021-05-12|SO|V ACa 11/21|Wyrok|https://www.saos.org.pl/judgments/442551
440577|2021-05-12|SO|I C 668/20|Wyrok|https://www.saos.org.pl/judgments/440577
451015|2021-05-11|SO|II1 C 7/21|Wyrok|https://www.saos.org.pl/judgments/451015
451012|2021-05-11|SO|II1 C 13/21|Wyrok|https://www.saos.org.pl/judgments/451012
439669|2021-05-11|SO|I C 1142/20|Wyrok|https://www.saos.org.pl/judgments/439669
447511|2021-05-07|SO|VI ACa 729/20|Wyrok|https://www.saos.org.pl/judgments/447511
443275|2021-05-07|SO|V Ca 502/21|Wyrok|https://www.saos.org.pl/judgments/443275
443065|2021-05-07|SO|I ACa 1033/20|Wyrok|https://www.saos.org.pl/judgments/443065
482215|2021-05-05|SO|IX GC 1530/20|Uzasadnienie|https://www.saos.org.pl/judgments/482215
444905|2021-05-05|SO|I ACa 224/20|Wyrok|https://www.saos.org.pl/judgments/444905
457681|2021-05-04|SO|III Ca 399/20|Uzasadnienie|https://www.saos.org.pl/judgments/457681
441291|2021-04-30|SO|XI GC 144/20|Zarządzenie|https://www.saos.org.pl/judgments/441291
441287|2021-04-30|SO|XI GC 121/21|Zarządzenie|https://www.saos.org.pl/judgments/441287
439187|2021-04-30|SO|VIII Ga 358/20|Wyrok|https://www.saos.org.pl/judgments/439187
438739|2021-04-30|SO|XI GC 1813/19|Wyrok|https://www.saos.org.pl/judgments/438739
458033|2021-04-27|SO|III Ca 461/20|Uzasadnienie|https://www.saos.org.pl/judgments/458033
439531|2021-04-27|SO|I Ca 107/21|Wyrok|https://www.saos.org.pl/judgments/439531
437541|2021-04-27|SO|XII C 1065/20|Wyrok|https://www.saos.org.pl/judgments/437541
521466|2021-04-26|SO|I AGa 114/20|Wyrok|https://www.saos.org.pl/judgments/521466
457628|2021-04-26|SO|III Ca 2012/19|Uzasadnienie|https://www.saos.org.pl/judgments/457628
441289|2021-04-26|SO|XI GC 1419/19|Zarządzenie|https://www.saos.org.pl/judgments/441289
437813|2021-04-26|SO|VIII GC 413/19|Uzasadnienie|https://www.saos.org.pl/judgments/437813
465585|2021-04-24|SO|VII GC 149/17|Wyrok|https://www.saos.org.pl/judgments/465585
479765|2021-04-23|SO|X GC 63/21|Wyrok|https://www.saos.org.pl/judgments/479765
438133|2021-04-22|SO|I C 1115/17|Uzasadnienie|https://www.saos.org.pl/judgments/438133
450572|2021-04-21|SO|VIII Ns 483/15|Postanowienie|https://www.saos.org.pl/judgments/450572
438672|2021-04-20|SO|V ACa 565/20|Wyrok|https://www.saos.org.pl/judgments/438672
439678|2021-04-16|SO|I C 49/21|Wyrok|https://www.saos.org.pl/judgments/439678
438424|2021-04-16|SO|II Ca 1625/20|Wyrok|https://www.saos.org.pl/judgments/438424
459169|2021-04-14|SO|III Ca 1418/19|Uzasadnienie|https://www.saos.org.pl/judgments/459169
438856|2021-04-14|SO|I C 589/20|Wyrok|https://www.saos.org.pl/judgments/438856
449580|2021-04-13|SO|XV Ca 1396/20|Postanowienie|https://www.saos.org.pl/judgments/449580
481868|2021-04-12|SO|I ACa 79/20|Wyrok|https://www.saos.org.pl/judgments/481868
484488|2021-04-08|SO|I ACa 1105/19|Wyrok|https://www.saos.org.pl/judgments/484488
479086|2021-04-08|SO|VI GC 3/21|Wyrok|https://www.saos.org.pl/judgments/479086
465285|2021-04-08|SO|II Ca 1561/20|Uzasadnienie|https://www.saos.org.pl/judgments/465285
440138|2021-04-07|SO|III Ca 812/19|Wyrok|https://www.saos.org.pl/judgments/440138
457024|2021-04-06|SO|III Ca 2643/19|Uzasadnienie|https://www.saos.org.pl/judgments/457024
517500|2021-04-02|SO|XX GC 547/19|Wyrok|https://www.saos.org.pl/judgments/517500
457458|2021-04-01|SO|III Ca 2458/19|Uzasadnienie|https://www.saos.org.pl/judgments/457458
451034|2021-03-30|SO|VI ACa 924/19|Wyrok|https://www.saos.org.pl/judgments/451034
442372|2021-03-30|SO|I C 870/20|Zarządzenie|https://www.saos.org.pl/judgments/442372
436936|2021-03-30|SO|I ACa 900/20|Wyrok|https://www.saos.org.pl/judgments/436936
523469|2021-03-29|SO|II Ca 774/19|Postanowienie|https://www.saos.org.pl/judgments/523469
442665|2021-03-29|SO|I C 518/20|Wyrok|https://www.saos.org.pl/judgments/442665
472666|2021-03-26|SO|V AGa 133/20|Wyrok|https://www.saos.org.pl/judgments/472666
457672|2021-03-26|SO|III Ca 2750/19|Uzasadnienie|https://www.saos.org.pl/judgments/457672
515703|2021-03-25|SO|XXVII Ca 2546/19|Postanowienie|https://www.saos.org.pl/judgments/515703
445861|2021-03-25|SO|I AGa 12/21|Wyrok|https://www.saos.org.pl/judgments/445861
441656|2021-03-25|SO|XIV C 894/18|Wyrok|https://www.saos.org.pl/judgments/441656
519502|2021-03-23|SO|IV Pa 30/20|Wyrok|https://www.saos.org.pl/judgments/519502
442106|2021-03-23|SO|I C 964/19|Wyrok|https://www.saos.org.pl/judgments/442106
435243|2021-03-23|SO|V Ga 42/21|Wyrok|https://www.saos.org.pl/judgments/435243
457460|2021-03-22|SO|III Ca 2471/19|Uzasadnienie|https://www.saos.org.pl/judgments/457460
452496|2021-03-22|SO|I C 1355/20|Wyrok|https://www.saos.org.pl/judgments/452496
443801|2021-03-22|SO|I C 269/20|Wyrok|https://www.saos.org.pl/judgments/443801
438094|2021-03-22|SO|I ACa 997/19|Wyrok|https://www.saos.org.pl/judgments/438094
487827|2021-03-19|SO|I C 615/18|Wyrok|https://www.saos.org.pl/judgments/487827
437591|2021-03-19|SO|II Ca 83/21|Wyrok|https://www.saos.org.pl/judgments/437591
450652|2021-03-17|SO|II C 1092/20|Wyrok|https://www.saos.org.pl/judgments/450652
437281|2021-03-17|SO|II Ca 241/20|Wyrok|https://www.saos.org.pl/judgments/437281
436513|2021-03-17|SO|I Ca 95/21|Postanowienie|https://www.saos.org.pl/judgments/436513
433333|2021-03-17|SO|XIII Ga 179/20|Uzasadnienie|https://www.saos.org.pl/judgments/433333
465295|2021-03-16|SO|II Ca 2046/20|Uzasadnienie|https://www.saos.org.pl/judgments/465295
457027|2021-03-16|SO|III Ca 306/20|Uzasadnienie|https://www.saos.org.pl/judgments/457027
456789|2021-03-16|SO|III Ca 2483/19|Uzasadnienie|https://www.saos.org.pl/judgments/456789
435182|2021-03-16|SO|II Ca 64/21|Postanowienie|https://www.saos.org.pl/judgments/435182
466420|2021-03-15|SO|V GC 1526/18|Wyrok|https://www.saos.org.pl/judgments/466420
470716|2021-03-12|SO|V AGa 360/19|Wyrok|https://www.saos.org.pl/judgments/470716
456629|2021-03-12|SO|III Ca 1310/19|Uzasadnienie|https://www.saos.org.pl/judgments/456629
444997|2021-03-11|SO|I ACa 356/20|Wyrok|https://www.saos.org.pl/judgments/444997
494747|2021-03-10|SO|I ACa 927/19|Wyrok|https://www.saos.org.pl/judgments/494747
469533|2021-03-10|SO|I ACa 813/19|Wyrok|https://www.saos.org.pl/judgments/469533
437616|2021-03-09|SO|III C 1857/18|Wyrok|https://www.saos.org.pl/judgments/437616
437543|2021-03-09|SO|I AGa 16/20|Wyrok|https://www.saos.org.pl/judgments/437543
435170|2021-03-08|SO|I C 626/20|Wyrok|https://www.saos.org.pl/judgments/435170
457214|2021-03-05|SO|III Ca 2249/19|Uzasadnienie|https://www.saos.org.pl/judgments/457214
438062|2021-03-05|SO|I ACa 559/20|Wyrok|https://www.saos.org.pl/judgments/438062
441232|2021-03-04|SO|I ACa 975/19|Wyrok|https://www.saos.org.pl/judgments/441232
438071|2021-03-04|SO|I ACa 647/20|Wyrok|https://www.saos.org.pl/judgments/438071
434875|2021-03-04|SO|III Ca 905/19|Wyrok|https://www.saos.org.pl/judgments/434875
532569|2021-02-26|SO|I Ns 917/17|Postanowienie|https://www.saos.org.pl/judgments/532569
488026|2021-02-26|SO|I ACa 605/20|Wyrok|https://www.saos.org.pl/judgments/488026
436288|2021-02-26|SO|I ACa 1188/19|Wyrok|https://www.saos.org.pl/judgments/436288
485747|2021-02-25|SO|II Ca 2599/20|Wyrok|https://www.saos.org.pl/judgments/485747
542949|2021-02-24|SO|V AGa 70/20|Wyrok|https://www.saos.org.pl/judgments/542949
455904|2021-02-24|SO|V C 3055/17|Wyrok|https://www.saos.org.pl/judgments/455904
456418|2021-02-23|SO|III Ca 2260/19|Uzasadnienie|https://www.saos.org.pl/judgments/456418
436761|2021-02-23|SO|I C 1240/20|Wyrok|https://www.saos.org.pl/judgments/436761
431749|2021-02-19|SO|IX P 375/19|Zarządzenie|https://www.saos.org.pl/judgments/431749
516815|2021-02-18|SO|I ACa 924/19|Wyrok|https://www.saos.org.pl/judgments/516815
465786|2021-02-18|SO|IV Pa 1/21|Wyrok|https://www.saos.org.pl/judgments/465786
450448|2021-02-18|SO|VIII Ns 102/18|Postanowienie|https://www.saos.org.pl/judgments/450448
436284|2021-02-18|SO|XII C 2245/17|Wyrok|https://www.saos.org.pl/judgments/436284
543062|2021-02-16|SO|XXVII Ca 806/19|Postanowienie|https://www.saos.org.pl/judgments/543062
449975|2021-02-15|SO|I C 968/20|Wyrok|https://www.saos.org.pl/judgments/449975
433416|2021-02-15|SO|I Ca 474/20|Wyrok|https://www.saos.org.pl/judgments/433416
456469|2021-02-12|SO|III Ca 473/20|Uzasadnienie|https://www.saos.org.pl/judgments/456469
434262|2021-02-12|SO|II Ca 630/20|Wyrok|https://www.saos.org.pl/judgments/434262
457222|2021-02-11|SO|III Ca 2346/19|Uzasadnienie|https://www.saos.org.pl/judgments/457222
433340|2021-02-11|SO|I AGa 8/20|Wyrok|https://www.saos.org.pl/judgments/433340
465311|2021-02-10|SO|II Ca 647/20|Wyrok|https://www.saos.org.pl/judgments/465311
447850|2021-02-10|SO|I ACa 562/19|Wyrok|https://www.saos.org.pl/judgments/447850
445345|2021-02-08|SO|I AGa 235/19|Wyrok|https://www.saos.org.pl/judgments/445345
456475|2021-02-05|SO|III Ca 636/20|Uzasadnienie|https://www.saos.org.pl/judgments/456475
456338|2021-02-05|SO|III Ca 1371/20|Uzasadnienie|https://www.saos.org.pl/judgments/456338
434665|2021-02-05|SO|II Ca 819/20|Wyrok|https://www.saos.org.pl/judgments/434665
434870|2021-02-04|SO|III Ca 1135/19|Wyrok|https://www.saos.org.pl/judgments/434870
434035|2021-02-04|SO|I Ns 70/17|Postanowienie|https://www.saos.org.pl/judgments/434035
455846|2021-02-03|SO|I ACa 584/18|Wyrok|https://www.saos.org.pl/judgments/455846
437571|2021-02-03|SO|II C 1476/19|Wyrok|https://www.saos.org.pl/judgments/437571
471639|2021-02-02|SO|I ACa 655/20|Wyrok|https://www.saos.org.pl/judgments/471639
446567|2021-02-02|SO|XXV C 1311/19|Wyrok|https://www.saos.org.pl/judgments/446567
456372|2021-02-01|SO|III Ca 1849/19|Uzasadnienie|https://www.saos.org.pl/judgments/456372
462303|2021-01-29|SO|I ACa 58/20|Wyrok|https://www.saos.org.pl/judgments/462303
445558|2021-01-29|SO|V AGa 86/20|Wyrok|https://www.saos.org.pl/judgments/445558
434348|2021-01-29|SO|II1 C 73/20|Wyrok|https://www.saos.org.pl/judgments/434348
434255|2021-01-29|SO|II Ca 1160/20|Wyrok|https://www.saos.org.pl/judgments/434255
438108|2021-01-28|SO|I AGa 205/19|Wyrok|https://www.saos.org.pl/judgments/438108
436865|2021-01-28|SO|I Ns 289/20|Postanowienie|https://www.saos.org.pl/judgments/436865
456337|2021-01-27|SO|III Ca 1359/20|Uzasadnienie|https://www.saos.org.pl/judgments/456337
432399|2021-01-27|SO|I C 276/20|Wyrok|https://www.saos.org.pl/judgments/432399
434924|2021-01-26|SO|I Ns 67/20|Postanowienie|https://www.saos.org.pl/judgments/434924
456333|2021-01-25|SO|III Ca 1280/19|Uzasadnienie|https://www.saos.org.pl/judgments/456333
435125|2021-01-25|SO|I C 1067/16|Wyrok|https://www.saos.org.pl/judgments/435125
431831|2021-01-25|SO|VIII P 26/19|Uzasadnienie|https://www.saos.org.pl/judgments/431831
440180|2021-01-22|SO|I C 252/20|Zarządzenie|https://www.saos.org.pl/judgments/440180
431457|2021-01-22|SO|I C 677/19|Wyrok|https://www.saos.org.pl/judgments/431457
464816|2021-01-21|SO|I ACa 500/20|Wyrok|https://www.saos.org.pl/judgments/464816
435137|2021-01-20|SO|I C 272/19|Wyrok|https://www.saos.org.pl/judgments/435137
438442|2021-01-19|SO|II Ca 929/18|Wyrok|https://www.saos.org.pl/judgments/438442
433017|2021-01-19|SO|IV GC 2571/18|Uzasadnienie|https://www.saos.org.pl/judgments/433017
434008|2021-01-15|SO|I AGa 102/19|Wyrok|https://www.saos.org.pl/judgments/434008
431420|2021-01-13|SO|I C 273/19|Wyrok|https://www.saos.org.pl/judgments/431420
456377|2021-01-12|SO|III Ca 1914/18|Uzasadnienie|https://www.saos.org.pl/judgments/456377
445198|2021-01-11|SO|I C 361/19|Wyrok|https://www.saos.org.pl/judgments/445198
456444|2021-01-08|SO|III Ca 2653/19|Uzasadnienie|https://www.saos.org.pl/judgments/456444
431402|2021-01-08|SO|I C 1868/18|Uzasadnienie|https://www.saos.org.pl/judgments/431402
430871|2021-01-08|SO|VIII GC 119/20|Zarządzenie|https://www.saos.org.pl/judgments/430871
435152|2021-01-07|SO|I C 442/20|Wyrok|https://www.saos.org.pl/judgments/435152
430908|2021-01-07|SO|I C 257/20|Wyrok|https://www.saos.org.pl/judgments/430908
441221|2021-01-05|SO|XXIII Ga 1817/19|Wyrok|https://www.saos.org.pl/judgments/441221
473544|2020-12-30|SO|V AGa 186/19|Wyrok|https://www.saos.org.pl/judgments/473544
430362|2020-12-29|SO|I C 1417/19|Wyrok|https://www.saos.org.pl/judgments/430362
456108|2020-12-28|SO|III Ca 2129/19|Uzasadnienie|https://www.saos.org.pl/judgments/456108
433722|2020-12-23|SO|II C 1600/18|Zarządzenie|https://www.saos.org.pl/judgments/433722
434179|2020-12-22|SO|I C 867/20|Wyrok|https://www.saos.org.pl/judgments/434179
526577|2020-12-21|SO|II Ca 172/20|Uzasadnienie|https://www.saos.org.pl/judgments/526577
466032|2020-12-21|SO|IX GC 3202/18|Uzasadnienie|https://www.saos.org.pl/judgments/466032
437618|2020-12-21|SO|III C 1924/18|Wyrok|https://www.saos.org.pl/judgments/437618
429105|2020-12-21|SO|I C 6/20|Wyrok|https://www.saos.org.pl/judgments/429105
497337|2020-12-20|SO|I C 2860/18|Uzasadnienie|https://www.saos.org.pl/judgments/497337
494706|2020-12-18|SO|I ACa 896/19|Wyrok|https://www.saos.org.pl/judgments/494706
430481|2020-12-18|SO|XI GC 768/20|Zarządzenie|https://www.saos.org.pl/judgments/430481
462704|2020-12-17|SO|I C 1154/17|Wyrok|https://www.saos.org.pl/judgments/462704
450445|2020-12-17|SO|VIII C 990/20|Wyrok|https://www.saos.org.pl/judgments/450445
436773|2020-12-17|SO|I C 422/19|Wyrok|https://www.saos.org.pl/judgments/436773
435325|2020-12-17|SO|I ACa 299/20|Wyrok|https://www.saos.org.pl/judgments/435325
435074|2020-12-16|SO|V Ca 1717/20|Wyrok|https://www.saos.org.pl/judgments/435074
430479|2020-12-16|SO|XI GC 727/20|Zarządzenie|https://www.saos.org.pl/judgments/430479
446857|2020-12-15|SO|I C 206/20|Uzasadnienie|https://www.saos.org.pl/judgments/446857
434347|2020-12-15|SO|II1 C 49/20|Wyrok|https://www.saos.org.pl/judgments/434347
429477|2020-12-15|SO|I C 754/20|Wyrok|https://www.saos.org.pl/judgments/429477
428318|2020-12-10|SO|I C 753/20|Wyrok|https://www.saos.org.pl/judgments/428318
439699|2020-12-09|SO|IV Ca 290/20|Postanowienie|https://www.saos.org.pl/judgments/439699
437449|2020-12-09|SO|I ACa 512/20|Wyrok|https://www.saos.org.pl/judgments/437449
432319|2020-12-09|SO|III C 2077/18|Wyrok|https://www.saos.org.pl/judgments/432319
453793|2020-12-08|SO|III Ca 1237/19|Uzasadnienie|https://www.saos.org.pl/judgments/453793
441146|2020-12-08|SO|I C 921/19|Wyrok|https://www.saos.org.pl/judgments/441146
432095|2020-12-08|SO|III C 596/19|Wyrok|https://www.saos.org.pl/judgments/432095
427645|2020-12-08|SO|VIII C 822/20|Wyrok|https://www.saos.org.pl/judgments/427645
428921|2020-12-07|SO|I Ca 383/20|Wyrok|https://www.saos.org.pl/judgments/428921
435123|2020-12-04|SO|I AGa 194/19|Wyrok|https://www.saos.org.pl/judgments/435123
434963|2020-12-04|SO|I ACa 811/19|Wyrok|https://www.saos.org.pl/judgments/434963
433889|2020-12-04|SO|II1 C 36/20|Wyrok|https://www.saos.org.pl/judgments/433889
428448|2020-12-04|SO|I ACa 1006/20|Wyrok|https://www.saos.org.pl/judgments/428448
434612|2020-12-03|SO|I ACa 976/18|Wyrok|https://www.saos.org.pl/judgments/434612
491218|2020-12-02|SO|I AGa 123/19|Wyrok|https://www.saos.org.pl/judgments/491218
432277|2020-12-02|SO|III C 1112/20|Wyrok|https://www.saos.org.pl/judgments/432277
444289|2020-11-30|SO|XXV C 1645/15|Wyrok|https://www.saos.org.pl/judgments/444289
450033|2020-11-27|SO|III C 1996/19|Wyrok|https://www.saos.org.pl/judgments/450033
432653|2020-11-27|SO|I AGa 47/20|Wyrok|https://www.saos.org.pl/judgments/432653
432389|2020-11-27|SO|I ACa 164/20|Wyrok|https://www.saos.org.pl/judgments/432389
429202|2020-11-27|SO|XI GC 262/20|Zarządzenie|https://www.saos.org.pl/judgments/429202
432648|2020-11-26|SO|I ACa 752/19|Wyrok|https://www.saos.org.pl/judgments/432648
428908|2020-11-26|SO|I ACa 702/19|Wyrok|https://www.saos.org.pl/judgments/428908
428320|2020-11-26|SO|I C 874/19|Wyrok|https://www.saos.org.pl/judgments/428320
427872|2020-11-26|SO|I C 876/19|Wyrok|https://www.saos.org.pl/judgments/427872
434806|2020-11-25|SO|I ACa 1051/19|Wyrok|https://www.saos.org.pl/judgments/434806
428887|2020-11-25|SO|XI GC 368/20|Zarządzenie|https://www.saos.org.pl/judgments/428887
465027|2020-11-24|SO|X Ga 544/19|Wyrok|https://www.saos.org.pl/judgments/465027
463767|2020-11-24|SO|I C 307/18|Wyrok|https://www.saos.org.pl/judgments/463767
453797|2020-11-24|SO|III Ca 1574/19|Uzasadnienie|https://www.saos.org.pl/judgments/453797
449264|2020-11-24|SO|VI GC 2454/19|Wyrok|https://www.saos.org.pl/judgments/449264
428823|2020-11-24|SO|III Ca 1248/19|Wyrok|https://www.saos.org.pl/judgments/428823
427108|2020-11-23|SO|I Ca 319/20|Wyrok|https://www.saos.org.pl/judgments/427108
439591|2020-11-20|SO|VIII GC 1679/20|Wyrok|https://www.saos.org.pl/judgments/439591
433384|2020-11-19|SO|I AGa 67/20|Wyrok|https://www.saos.org.pl/judgments/433384
431836|2020-11-19|SO|VIII Pa 35/20|Wyrok|https://www.saos.org.pl/judgments/431836
427041|2020-11-19|SO|IV P 67/20|Wyrok|https://www.saos.org.pl/judgments/427041
453292|2020-11-18|SO|III Ca 1622/19|Uzasadnienie|https://www.saos.org.pl/judgments/453292
433190|2020-11-18|SO|I C 669/19|Wyrok|https://www.saos.org.pl/judgments/433190
401593|2020-11-18|SO|II C 808/18|Zarządzenie|https://www.saos.org.pl/judgments/401593
436934|2020-11-17|SO|I ACa 863/19|Wyrok|https://www.saos.org.pl/judgments/436934
432844|2020-11-17|SO|I ACa 534/19|Wyrok|https://www.saos.org.pl/judgments/432844
432302|2020-11-17|SO|I C 863/16|Wyrok|https://www.saos.org.pl/judgments/432302
435829|2020-11-12|SO|II Ca 1001/19|Wyrok|https://www.saos.org.pl/judgments/435829
444486|2020-11-10|SO|III Ca 623/19|Uzasadnienie|https://www.saos.org.pl/judgments/444486
431084|2020-11-10|SO|XI GC 239/20|Wyrok|https://www.saos.org.pl/judgments/431084
425620|2020-11-10|SO|IX Ca 1729/19|Wyrok|https://www.saos.org.pl/judgments/425620
453304|2020-11-09|SO|III Ca 194/20|Uzasadnienie|https://www.saos.org.pl/judgments/453304
433888|2020-11-09|SO|II1 C 21/20|Wyrok|https://www.saos.org.pl/judgments/433888
471761|2020-11-05|SO|II Ca 915/20|Wyrok|https://www.saos.org.pl/judgments/471761
445116|2020-11-05|SO|III Ca 139/15|Uzasadnienie|https://www.saos.org.pl/judgments/445116
428060|2020-11-05|SO|IV Ca 633/20|Postanowienie|https://www.saos.org.pl/judgments/428060
448409|2020-11-04|SO|I ACa 198/20|Wyrok|https://www.saos.org.pl/judgments/448409
426755|2020-11-04|SO|I C 493/20|Wyrok|https://www.saos.org.pl/judgments/426755
425783|2020-11-04|SO|I AGa 89/19|Wyrok|https://www.saos.org.pl/judgments/425783
433530|2020-11-03|SO|II C 745/18|Uzasadnienie|https://www.saos.org.pl/judgments/433530
471665|2020-10-30|SO|II Ca 672/20|Wyrok|https://www.saos.org.pl/judgments/471665
444467|2020-10-30|SO|III Ca 1832/19|Uzasadnienie|https://www.saos.org.pl/judgments/444467
427512|2020-10-30|SO|I C 33/18|Wyrok|https://www.saos.org.pl/judgments/427512
432850|2020-10-29|SO|I AGa 68/19|Wyrok|https://www.saos.org.pl/judgments/432850
425688|2020-10-29|SO|I Ns 391/19|Postanowienie|https://www.saos.org.pl/judgments/425688
473067|2020-10-28|SO|I AGa 287/19|Wyrok|https://www.saos.org.pl/judgments/473067
450073|2020-10-28|SO|VI GC 1266/17|Wyrok|https://www.saos.org.pl/judgments/450073
436921|2020-10-28|SO|I ACa 631/19|Wyrok|https://www.saos.org.pl/judgments/436921
428718|2020-10-28|SO|II Ca 1644/19|Wyrok|https://www.saos.org.pl/judgments/428718
446438|2020-10-27|SO|I C 224/20|Wyrok|https://www.saos.org.pl/judgments/446438
445125|2020-10-26|SO|III Ca 1650/19|Uzasadnienie|https://www.saos.org.pl/judgments/445125
428131|2020-10-26|SO|I ACa 215/20|Wyrok|https://www.saos.org.pl/judgments/428131
427710|2020-10-26|SO|I ACa 530/20|Wyrok|https://www.saos.org.pl/judgments/427710
427923|2020-10-23|SO|II Ca 337/20|Wyrok|https://www.saos.org.pl/judgments/427923
431406|2020-10-22|SO|I C 2/20|Wyrok|https://www.saos.org.pl/judgments/431406
430624|2020-10-22|SO|I C 1148/18|Wyrok|https://www.saos.org.pl/judgments/430624
430355|2020-10-22|SO|I ACa 424/20|Wyrok|https://www.saos.org.pl/judgments/430355
425388|2020-10-22|SO|I C 809/17|Wyrok|https://www.saos.org.pl/judgments/425388
425131|2020-10-22|SO|II Ca 809/20|Postanowienie|https://www.saos.org.pl/judgments/425131
441708|2020-10-21|SO|V P 28/19|Wyrok|https://www.saos.org.pl/judgments/441708
478698|2020-10-20|SO|XVII AmE 118/19|Wyrok|https://www.saos.org.pl/judgments/478698
445128|2020-10-20|SO|III Ca 175/20|Uzasadnienie|https://www.saos.org.pl/judgments/445128
433947|2020-10-20|SO|I ACa 1030/19|Wyrok|https://www.saos.org.pl/judgments/433947
426208|2020-10-20|SO|XI GC 1468/19|Zarządzenie|https://www.saos.org.pl/judgments/426208
425712|2020-10-20|SO|V ACa 253/19|Wyrok|https://www.saos.org.pl/judgments/425712
445458|2020-10-19|SO|I C 506/20|Wyrok|https://www.saos.org.pl/judgments/445458
425901|2020-10-19|SO|VIII C 1070/17|Wyrok|https://www.saos.org.pl/judgments/425901
426726|2020-10-15|SO|I ACa 195/20|Wyrok|https://www.saos.org.pl/judgments/426726
425997|2020-10-15|SO|VIII Ns 357/16|Postanowienie|https://www.saos.org.pl/judgments/425997
423407|2020-10-15|SO|IX Ca 1717/19|Wyrok|https://www.saos.org.pl/judgments/423407
422692|2020-10-15|SO|I Ns 147/15|Postanowienie|https://www.saos.org.pl/judgments/422692
432160|2020-10-14|SO|I ACa 563/19|Wyrok|https://www.saos.org.pl/judgments/432160
468507|2020-10-13|SO|I C 888/18|Wyrok|https://www.saos.org.pl/judgments/468507
448973|2020-10-12|SO|VI GC 359/20|Wyrok|https://www.saos.org.pl/judgments/448973
429025|2020-10-12|SO|VI ACa 598/18|Wyrok|https://www.saos.org.pl/judgments/429025
446915|2020-10-07|SO|VI ACa 1008/19|Wyrok|https://www.saos.org.pl/judgments/446915
438686|2020-10-07|SO|V Ca 1069/20|Wyrok|https://www.saos.org.pl/judgments/438686
429505|2020-10-06|SO|III Ca 1396/18|Postanowienie|https://www.saos.org.pl/judgments/429505
493437|2020-10-05|SO|I ACa 1192/18|Wyrok|https://www.saos.org.pl/judgments/493437
472185|2020-10-05|SO|II Ca 2092/19|Wyrok|https://www.saos.org.pl/judgments/472185
426044|2020-10-05|SO|I C 234/19|Wyrok|https://www.saos.org.pl/judgments/426044
432282|2020-10-02|SO|III C 2767/18|Wyrok|https://www.saos.org.pl/judgments/432282
446707|2020-10-01|SO|XII C 637/19|Wyrok|https://www.saos.org.pl/judgments/446707
426856|2020-10-01|SO|V GC 339/20|Wyrok|https://www.saos.org.pl/judgments/426856
425914|2020-10-01|SO|VIII C 1249/19|Wyrok|https://www.saos.org.pl/judgments/425914
424272|2020-10-01|SO|I ACa 757/19|Wyrok|https://www.saos.org.pl/judgments/424272
443855|2020-09-30|SO|I AGa 99/20|Wyrok|https://www.saos.org.pl/judgments/443855
431359|2020-09-30|SO|I ACa 849/19|Wyrok|https://www.saos.org.pl/judgments/431359
494881|2020-09-29|SO|I AGa 129/19|Wyrok|https://www.saos.org.pl/judgments/494881
430340|2020-09-29|SO|XV Ca 732/20|Wyrok|https://www.saos.org.pl/judgments/430340
430250|2020-09-29|SO|I AGa 7/20|Wyrok|https://www.saos.org.pl/judgments/430250
434002|2020-09-25|SO|I ACa 267/20|Wyrok|https://www.saos.org.pl/judgments/434002
431953|2020-09-25|SO|XV Ca 1980/19|Wyrok|https://www.saos.org.pl/judgments/431953
424924|2020-09-25|SO|VIII Ga 232/17|Uzasadnienie|https://www.saos.org.pl/judgments/424924
433954|2020-09-23|SO|I ACa 309/20|Wyrok|https://www.saos.org.pl/judgments/433954
431331|2020-09-23|SO|I ACa 305/20|Wyrok|https://www.saos.org.pl/judgments/431331
430208|2020-09-23|SO|I ACa 166/20|Wyrok|https://www.saos.org.pl/judgments/430208
443648|2020-09-22|SO|II C 55/13|Uzasadnienie|https://www.saos.org.pl/judgments/443648
436088|2020-09-22|SO|I C 3208/19|Wyrok|https://www.saos.org.pl/judgments/436088
433127|2020-09-22|SO|II C 591/15|Zarządzenie|https://www.saos.org.pl/judgments/433127
434871|2020-09-17|SO|III Ca 1489/19|Uzasadnienie|https://www.saos.org.pl/judgments/434871
423991|2020-09-15|SO|I ACa 538/19|Wyrok|https://www.saos.org.pl/judgments/423991
468766|2020-09-11|SO|I C 175/18|Wyrok|https://www.saos.org.pl/judgments/468766
438141|2020-09-08|SO|I C 120/17|Wyrok|https://www.saos.org.pl/judgments/438141
426512|2020-09-08|SO|I C 2114/19|Zarządzenie|https://www.saos.org.pl/judgments/426512
473046|2020-09-07|SO|I ACa 29/20|Wyrok|https://www.saos.org.pl/judgments/473046
422609|2020-09-07|SO|I C 886/19|Wyrok|https://www.saos.org.pl/judgments/422609
435390|2020-09-02|SO|III Ca 1461/19|Uzasadnienie|https://www.saos.org.pl/judgments/435390
461370|2020-08-31|SO|I AGa 274/19|Wyrok|https://www.saos.org.pl/judgments/461370
430763|2020-08-31|SO|XIII GC 4488/19|Wyrok|https://www.saos.org.pl/judgments/430763
462032|2020-08-27|SO|I C 1327/13|Zarządzenie|https://www.saos.org.pl/judgments/462032
427327|2020-08-27|SO|VII AGa 227/20|Wyrok|https://www.saos.org.pl/judgments/427327
420022|2020-08-27|SO|IX Ca 1316/19|Wyrok|https://www.saos.org.pl/judgments/420022
426501|2020-08-26|SO|I C 1265/18|Uzasadnienie|https://www.saos.org.pl/judgments/426501
445695|2020-08-25|SO|I C 1061/15|Wyrok|https://www.saos.org.pl/judgments/445695
428056|2020-08-25|SO|IV Ca 489/20|Wyrok|https://www.saos.org.pl/judgments/428056
529123|2020-08-24|SO|II Ca 101/20|Zarządzenie|https://www.saos.org.pl/judgments/529123
458547|2020-08-24|SO|I ACa 283/19|Wyrok|https://www.saos.org.pl/judgments/458547
526586|2020-08-21|SO|II Ca 397/20|Uzasadnienie|https://www.saos.org.pl/judgments/526586
424408|2020-08-21|SO|VI ACa 281/19|Wyrok|https://www.saos.org.pl/judgments/424408
433298|2020-08-20|SO|III Ca 626/20|Uzasadnienie|https://www.saos.org.pl/judgments/433298
432545|2020-08-19|SO|VIII C 179/20|Wyrok|https://www.saos.org.pl/judgments/432545
423491|2020-08-19|SO|III Ca 1229/19|Wyrok|https://www.saos.org.pl/judgments/423491
420381|2020-08-19|SO|IV Ca 1068/19|Postanowienie|https://www.saos.org.pl/judgments/420381
421391|2020-08-18|SO|I ACa 425/20|Wyrok|https://www.saos.org.pl/judgments/421391
433097|2020-08-17|SO|I C 1288/19|Zarządzenie|https://www.saos.org.pl/judgments/433097
467490|2020-08-11|SO|III C 1170/18|Wyrok|https://www.saos.org.pl/judgments/467490
431954|2020-08-11|SO|XV Ca 871/19|Wyrok|https://www.saos.org.pl/judgments/431954
421479|2020-08-11|SO|II Ca 722/20|Wyrok|https://www.saos.org.pl/judgments/421479
482368|2020-08-10|SO|I C 3478/18|Wyrok|https://www.saos.org.pl/judgments/482368
425623|2020-08-07|SO|V ACa 758/18|Wyrok|https://www.saos.org.pl/judgments/425623
418792|2020-08-05|SO|I C 40/20|Wyrok|https://www.saos.org.pl/judgments/418792
456044|2020-08-03|SO|I C 902/18|Wyrok|https://www.saos.org.pl/judgments/456044
423959|2020-08-03|SO|V ACa 815/19|Wyrok|https://www.saos.org.pl/judgments/423959
424274|2020-07-31|SO|I AGa 99/19|Wyrok|https://www.saos.org.pl/judgments/424274
419371|2020-07-31|SO|XIV C 578/18|Wyrok|https://www.saos.org.pl/judgments/419371
419212|2020-07-31|SO|XII C 1814/18|Wyrok|https://www.saos.org.pl/judgments/419212
428909|2020-07-30|SO|I AGa 104/19|Wyrok|https://www.saos.org.pl/judgments/428909
446786|2020-07-29|SO|IV GC 1663/17|Uzasadnienie|https://www.saos.org.pl/judgments/446786
426029|2020-07-29|SO|I ACa 278/20|Wyrok|https://www.saos.org.pl/judgments/426029
425995|2020-07-29|SO|VIII Ns 151/18|Postanowienie|https://www.saos.org.pl/judgments/425995
421111|2020-07-29|SO|XXV C 2550/19|Zarządzenie|https://www.saos.org.pl/judgments/421111
421403|2020-07-28|SO|I C 106/20|Uzasadnienie|https://www.saos.org.pl/judgments/421403
423817|2020-07-27|SO|I AGa 285/18|Wyrok|https://www.saos.org.pl/judgments/423817
428471|2020-07-24|SO|I AGa 202/19|Wyrok|https://www.saos.org.pl/judgments/428471
451435|2020-07-23|SO|VI GC 2066/18|Wyrok|https://www.saos.org.pl/judgments/451435
430097|2020-07-22|SO|I Ca 234/19|Wyrok|https://www.saos.org.pl/judgments/430097
420906|2020-07-22|SO|X P 346/18|Wyrok|https://www.saos.org.pl/judgments/420906
434704|2020-07-21|SO|I ACa 399/19|Wyrok|https://www.saos.org.pl/judgments/434704
421205|2020-07-17|SO|I C 342/19|Wyrok|https://www.saos.org.pl/judgments/421205
419718|2020-07-17|SO|I Ca 92/20|Wyrok|https://www.saos.org.pl/judgments/419718
433273|2020-07-16|SO|III Ca 2344/19|Uzasadnienie|https://www.saos.org.pl/judgments/433273
423497|2020-07-16|SO|III Ca 986/19|Wyrok|https://www.saos.org.pl/judgments/423497
419331|2020-07-16|SO|I C 286/18|Wyrok|https://www.saos.org.pl/judgments/419331
527722|2020-07-15|SO|II Ca 1331/19|Uzasadnienie|https://www.saos.org.pl/judgments/527722
421386|2020-07-15|SO|I ACa 24/19|Wyrok|https://www.saos.org.pl/judgments/421386
417218|2020-07-15|SO|III Ca 215/20|Wyrok|https://www.saos.org.pl/judgments/417218
442395|2020-07-14|SO|I C 129/20|Wyrok|https://www.saos.org.pl/judgments/442395
425926|2020-07-14|SO|VIII C 1550/19|Wyrok|https://www.saos.org.pl/judgments/425926
416845|2020-07-14|SO|I C 129/19|Wyrok|https://www.saos.org.pl/judgments/416845
423117|2020-07-13|SO|I C 1684/19|Wyrok|https://www.saos.org.pl/judgments/423117
537214|2020-07-07|SO|I C 224/18|Wyrok|https://www.saos.org.pl/judgments/537214
438753|2020-07-07|SO|XII C 598/18|Wyrok|https://www.saos.org.pl/judgments/438753
417262|2020-07-06|SO|IX P 254/18|Zarządzenie|https://www.saos.org.pl/judgments/417262
435491|2020-07-03|SO|I ACa 336/20|Wyrok|https://www.saos.org.pl/judgments/435491
418051|2020-06-30|SO|VIII Pa 191/19|Wyrok|https://www.saos.org.pl/judgments/418051
416630|2020-06-30|SO|II1 C 70/18|Wyrok|https://www.saos.org.pl/judgments/416630
420724|2020-06-29|SO|I C 1029/18|Wyrok|https://www.saos.org.pl/judgments/420724
420294|2020-06-29|SO|II AKa 50/20|Uzasadnienie|https://www.saos.org.pl/judgments/420294
416402|2020-06-29|SO|I Ca 206/20|Postanowienie|https://www.saos.org.pl/judgments/416402
428895|2020-06-25|SO|I ACa 161/19|Wyrok|https://www.saos.org.pl/judgments/428895
416624|2020-06-25|SO|II1 C 3/20|Wyrok|https://www.saos.org.pl/judgments/416624
435815|2020-06-24|SO|I ACa 793/19|Wyrok|https://www.saos.org.pl/judgments/435815
430629|2020-06-24|SO|I C 320/19|Wyrok|https://www.saos.org.pl/judgments/430629
440319|2020-06-23|SO|III C 1376/17|Wyrok|https://www.saos.org.pl/judgments/440319
438044|2020-06-23|SO|I ACa 420/19|Wyrok|https://www.saos.org.pl/judgments/438044
418957|2020-06-23|SO|XI GNs 1/16|Uzasadnienie|https://www.saos.org.pl/judgments/418957
415445|2020-06-22|SO|XI GC 850/19|Zarządzenie|https://www.saos.org.pl/judgments/415445
434756|2020-06-19|SO|V ACa 370/19|Wyrok|https://www.saos.org.pl/judgments/434756
526743|2020-06-18|SO|II Ca 7/20|Uzasadnienie|https://www.saos.org.pl/judgments/526743
434404|2020-06-18|SO|XXV C 199/15|Wyrok|https://www.saos.org.pl/judgments/434404
414567|2020-06-18|SO|IX Ca 1317/19|Wyrok|https://www.saos.org.pl/judgments/414567
443618|2020-06-17|SO|I ACa 827/19|Wyrok|https://www.saos.org.pl/judgments/443618
429750|2020-06-16|SO|I AGa 111/19|Wyrok|https://www.saos.org.pl/judgments/429750
529655|2020-06-15|SO|II Ca 1348/19|Zarządzenie|https://www.saos.org.pl/judgments/529655
435822|2020-06-10|SO|I AGa 98/19|Wyrok|https://www.saos.org.pl/judgments/435822
427931|2020-06-09|SO|III APa 15/19|Wyrok|https://www.saos.org.pl/judgments/427931
440176|2020-06-05|SO|I C 1161/19|Wyrok|https://www.saos.org.pl/judgments/440176
414802|2020-06-04|SO|I Ca 306/19|Wyrok|https://www.saos.org.pl/judgments/414802
414165|2020-06-03|SO|I C 74/17|Wyrok|https://www.saos.org.pl/judgments/414165
412962|2020-06-02|SO|II Ca 271/20|Wyrok|https://www.saos.org.pl/judgments/412962
430358|2020-05-29|SO|I C 1080/19|Wyrok|https://www.saos.org.pl/judgments/430358
417700|2020-05-29|SO|I AGa 20/20|Wyrok|https://www.saos.org.pl/judgments/417700
494803|2020-05-28|SO|I ACa 97/20|Wyrok|https://www.saos.org.pl/judgments/494803
416631|2020-05-28|SO|II1 C 71/19|Wyrok|https://www.saos.org.pl/judgments/416631
429606|2020-05-27|SO|I ACa 696/19|Wyrok|https://www.saos.org.pl/judgments/429606
413345|2020-05-25|SO|V Ga 67/20|Zarządzenie|https://www.saos.org.pl/judgments/413345
413343|2020-05-25|SO|V Ga 34/20|Zarządzenie|https://www.saos.org.pl/judgments/413343
445572|2020-05-21|SO|I C 1451/19|Wyrok|https://www.saos.org.pl/judgments/445572
437589|2020-05-21|SO|II Ca 396/20|Wyrok|https://www.saos.org.pl/judgments/437589
412961|2020-05-21|SO|II Ca 1063/19|Wyrok|https://www.saos.org.pl/judgments/412961
418502|2020-05-18|SO|V AGa 121/19|Wyrok|https://www.saos.org.pl/judgments/418502
418782|2020-05-15|SO|VIII Ga 75/20|Wyrok|https://www.saos.org.pl/judgments/418782
494431|2020-05-07|SO|I ACa 65/20|Wyrok|https://www.saos.org.pl/judgments/494431
411675|2020-05-06|SO|I AGa 44/20|Wyrok|https://www.saos.org.pl/judgments/411675
427305|2020-05-05|SO|III Ca 2441/19|Uzasadnienie|https://www.saos.org.pl/judgments/427305
413267|2020-05-05|SO|I Ca 97/20|Wyrok|https://www.saos.org.pl/judgments/413267
411220|2020-05-04|SO|I Ca 129/20|Wyrok|https://www.saos.org.pl/judgments/411220
421218|2020-04-30|SO|I Ca 7/20|Postanowienie|https://www.saos.org.pl/judgments/421218
425564|2020-04-28|SO|I ACa 795/19|Wyrok|https://www.saos.org.pl/judgments/425564
419469|2020-04-28|SO|V ACa 663/19|Wyrok|https://www.saos.org.pl/judgments/419469
456928|2020-04-20|SO|I AGa 262/19|Wyrok|https://www.saos.org.pl/judgments/456928
416622|2020-04-17|SO|II1 C 18/20|Postanowienie|https://www.saos.org.pl/judgments/416622
416626|2020-04-08|SO|II1 C 39/19|Wyrok|https://www.saos.org.pl/judgments/416626
410195|2020-04-06|SO|XXIV C 716/19|Wyrok|https://www.saos.org.pl/judgments/410195
463250|2020-04-03|SO|II Ca 1841/19|Uzasadnienie|https://www.saos.org.pl/judgments/463250
436971|2020-04-03|SO|V ACa 432/19|Wyrok|https://www.saos.org.pl/judgments/436971
436948|2020-04-03|SO|I AGa 87/19|Wyrok|https://www.saos.org.pl/judgments/436948
426105|2020-04-01|SO|III Ca 2163/19|Uzasadnienie|https://www.saos.org.pl/judgments/426105
444300|2020-03-30|SO|I AGa 124/19|Wyrok|https://www.saos.org.pl/judgments/444300
456010|2020-03-24|SO|I ACa 1161/19|Wyrok|https://www.saos.org.pl/judgments/456010
463150|2020-03-20|SO|I AGa 27/19|Wyrok|https://www.saos.org.pl/judgments/463150
409573|2020-03-18|SO|I Ca 18/20|Postanowienie|https://www.saos.org.pl/judgments/409573
488415|2020-03-16|SO|X GC 20/19|Zarządzenie|https://www.saos.org.pl/judgments/488415
449929|2020-03-12|SO|I AGa 178/19|Wyrok|https://www.saos.org.pl/judgments/449929
444917|2020-03-12|SO|I ACa 50/19|Wyrok|https://www.saos.org.pl/judgments/444917
432069|2020-03-12|SO|III C 1484/19|Wyrok|https://www.saos.org.pl/judgments/432069
421901|2020-03-12|SO|II Ca 220/19|Wyrok|https://www.saos.org.pl/judgments/421901
415429|2020-03-11|SO|III Ca 130/19|Postanowienie|https://www.saos.org.pl/judgments/415429
468137|2020-03-09|SO|XXV C 113/19|Wyrok|https://www.saos.org.pl/judgments/468137
418742|2020-03-06|SO|II Ca 407/19|Postanowienie|https://www.saos.org.pl/judgments/418742
408451|2020-03-06|SO|I ACa 454/19|Wyrok|https://www.saos.org.pl/judgments/408451
499116|2020-03-05|SO|I C 701/18|Wyrok|https://www.saos.org.pl/judgments/499116
421908|2020-03-05|SO|II Ca 68/19|Postanowienie|https://www.saos.org.pl/judgments/421908
418931|2020-03-05|SO|V GC 2273/19|Wyrok|https://www.saos.org.pl/judgments/418931
413338|2020-03-05|SO|V AGa 260/19|Wyrok|https://www.saos.org.pl/judgments/413338
434713|2020-03-04|SO|I ACa 567/19|Wyrok|https://www.saos.org.pl/judgments/434713
413099|2020-03-04|SO|I C 1557/19|Zarządzenie|https://www.saos.org.pl/judgments/413099
422210|2020-03-03|SO|I C 944/17|Wyrok|https://www.saos.org.pl/judgments/422210
412069|2020-03-03|SO|VIII GC 428/18|Uzasadnienie|https://www.saos.org.pl/judgments/412069
429211|2020-03-02|SO|I ACa 216/19|Wyrok|https://www.saos.org.pl/judgments/429211
499319|2020-02-28|SO|I C 773/18|Wyrok|https://www.saos.org.pl/judgments/499319
451915|2020-02-28|SO|V Ca 135/19|Wyrok|https://www.saos.org.pl/judgments/451915
429285|2020-02-28|SO|XIII GC 1708/19|Wyrok|https://www.saos.org.pl/judgments/429285
410030|2020-02-28|SO|II Ca 39/20|Wyrok|https://www.saos.org.pl/judgments/410030
410027|2020-02-28|SO|II Ca 1087/19|Wyrok|https://www.saos.org.pl/judgments/410027
463247|2020-02-27|SO|II Ca 1624/19|Uzasadnienie|https://www.saos.org.pl/judgments/463247
449386|2020-02-27|SO|V AGa 76/19|Wyrok|https://www.saos.org.pl/judgments/449386
424537|2020-02-27|SO|III Ca 1394/19|Uzasadnienie|https://www.saos.org.pl/judgments/424537
419688|2020-02-27|SO|I ACa 637/19|Wyrok|https://www.saos.org.pl/judgments/419688
417403|2020-02-27|SO|I AGa 524/18|Wyrok|https://www.saos.org.pl/judgments/417403
406541|2020-02-26|SO|VIII Pa 141/19|Uzasadnienie|https://www.saos.org.pl/judgments/406541
429857|2020-02-25|SO|I AGa 112/19|Wyrok|https://www.saos.org.pl/judgments/429857
424556|2020-02-24|SO|III Ca 549/19|Uzasadnienie|https://www.saos.org.pl/judgments/424556
529493|2020-02-21|SO|II Ca 586/19|Zarządzenie|https://www.saos.org.pl/judgments/529493
419959|2020-02-21|SO|III Ca 1462/19|Uzasadnienie|https://www.saos.org.pl/judgments/419959
416625|2020-02-20|SO|II1 C 32/19|Wyrok|https://www.saos.org.pl/judgments/416625
408980|2020-02-20|SO|I ACa 675/19|Wyrok|https://www.saos.org.pl/judgments/408980
408279|2020-02-20|SO|I C 1226/19|Wyrok|https://www.saos.org.pl/judgments/408279
407967|2020-02-20|SO|I ACa 850/19|Wyrok|https://www.saos.org.pl/judgments/407967
406600|2020-02-20|SO|I ACa 635/19|Wyrok|https://www.saos.org.pl/judgments/406600
417024|2020-02-19|SO|VI GC 289/19|Wyrok|https://www.saos.org.pl/judgments/417024
406956|2020-02-19|SO|III Ca 833/19|Postanowienie|https://www.saos.org.pl/judgments/406956
474285|2020-02-18|SO|VI C 2177/18|Zarządzenie|https://www.saos.org.pl/judgments/474285
421523|2020-02-18|SO|VI ACa 492/19|Wyrok|https://www.saos.org.pl/judgments/421523
411130|2020-02-18|SO|I AGa 45/19|Wyrok|https://www.saos.org.pl/judgments/411130
428134|2020-02-17|SO|I ACa 308/19|Wyrok|https://www.saos.org.pl/judgments/428134
426359|2020-02-17|SO|VIII C 1932/19|Wyrok|https://www.saos.org.pl/judgments/426359
416632|2020-02-17|SO|II1 C 74/18|Wyrok|https://www.saos.org.pl/judgments/416632
424177|2020-02-13|SO|III Ca 462/19|Uzasadnienie|https://www.saos.org.pl/judgments/424177
449322|2020-02-12|SO|II Ca 2407/19|Wyrok|https://www.saos.org.pl/judgments/449322
439904|2020-02-12|SO|V ACa 195/18|Wyrok|https://www.saos.org.pl/judgments/439904
411378|2020-02-12|SO|III Ca 893/19|Wyrok|https://www.saos.org.pl/judgments/411378
408226|2020-02-12|SO|VIII C 499/19|Wyrok|https://www.saos.org.pl/judgments/408226
439497|2020-02-11|SO|I ACa 148/19|Wyrok|https://www.saos.org.pl/judgments/439497
424188|2020-02-11|SO|III Ca 800/19|Uzasadnienie|https://www.saos.org.pl/judgments/424188
406564|2020-02-10|SO|XI GC 2145/18|Zarządzenie|https://www.saos.org.pl/judgments/406564
404086|2020-02-10|SO|XII C 1288/16|Wyrok|https://www.saos.org.pl/judgments/404086
520526|2020-02-07|SO|XX GC 1356/19|Wyrok|https://www.saos.org.pl/judgments/520526
428132|2020-02-07|SO|I ACa 220/19|Wyrok|https://www.saos.org.pl/judgments/428132
425014|2020-02-06|SO|II C 389/16|Wyrok|https://www.saos.org.pl/judgments/425014
420788|2020-02-06|SO|III Ca 619/19|Uzasadnienie|https://www.saos.org.pl/judgments/420788
410389|2020-02-06|SO|V AGa 464/18|Wyrok|https://www.saos.org.pl/judgments/410389
410131|2020-02-06|SO|I C 351/16|Wyrok|https://www.saos.org.pl/judgments/410131
406182|2020-02-06|SO|VIII P 27/14|Uzasadnienie|https://www.saos.org.pl/judgments/406182
446281|2020-02-05|SO|I C 1431/19|Uzasadnienie|https://www.saos.org.pl/judgments/446281
406605|2020-02-05|SO|I ACa 769/19|Wyrok|https://www.saos.org.pl/judgments/406605
416629|2020-02-04|SO|II1 C 57/19|Wyrok|https://www.saos.org.pl/judgments/416629
411294|2020-02-04|SO|II C 33/19|Wyrok|https://www.saos.org.pl/judgments/411294
437638|2020-02-03|SO|VI GC 258/19|Wyrok|https://www.saos.org.pl/judgments/437638
432707|2020-01-31|SO|I C 888/19|Wyrok|https://www.saos.org.pl/judgments/432707
428133|2020-01-30|SO|I ACa 231/19|Wyrok|https://www.saos.org.pl/judgments/428133
406771|2020-01-30|SO|I ACa 225/19|Wyrok|https://www.saos.org.pl/judgments/406771
407333|2020-01-29|SO|IV GC 677/18|Uzasadnienie|https://www.saos.org.pl/judgments/407333
404934|2020-01-29|SO|IX Ca 215/19|Postanowienie|https://www.saos.org.pl/judgments/404934
402997|2020-01-28|SO|VIII Ga 440/19|Zarządzenie|https://www.saos.org.pl/judgments/402997
479389|2020-01-27|SO|I C 280/19|Wyrok|https://www.saos.org.pl/judgments/479389
418972|2020-01-27|SO|I AGa 26/19|Wyrok|https://www.saos.org.pl/judgments/418972
404967|2020-01-27|SO|XI GC 881/19|Zarządzenie|https://www.saos.org.pl/judgments/404967
440604|2020-01-24|SO|I Ns 808/15|Postanowienie|https://www.saos.org.pl/judgments/440604
412789|2020-01-24|SO|VIII Ga 162/19|Uzasadnienie|https://www.saos.org.pl/judgments/412789
502251|2020-01-23|SO|II Ca 849/19|Wyrok|https://www.saos.org.pl/judgments/502251
455261|2020-01-23|SO|V GC 1672/18|Wyrok|https://www.saos.org.pl/judgments/455261
417034|2020-01-23|SO|I ACa 1111/18|Wyrok|https://www.saos.org.pl/judgments/417034
412823|2020-01-23|SO|I ACa 410/19|Wyrok|https://www.saos.org.pl/judgments/412823
417658|2020-01-22|SO|I ACa 1134/18|Wyrok|https://www.saos.org.pl/judgments/417658
413243|2020-01-22|SO|I ACa 338/19|Wyrok|https://www.saos.org.pl/judgments/413243
408504|2020-01-22|SO|I C 2612/19|Wyrok|https://www.saos.org.pl/judgments/408504
406669|2020-01-22|SO|I ACa 331/19|Wyrok|https://www.saos.org.pl/judgments/406669
529701|2020-01-21|SO|II Ca 696/19|Uzasadnienie|https://www.saos.org.pl/judgments/529701
415008|2020-01-21|SO|II Ca 780/19|Wyrok|https://www.saos.org.pl/judgments/415008
405910|2020-01-21|SO|V AGa 21/19|Wyrok|https://www.saos.org.pl/judgments/405910
446713|2020-01-20|SO|XXV C 2236/18|Wyrok|https://www.saos.org.pl/judgments/446713
446157|2020-01-17|SO|XXV C 1757/18|Wyrok|https://www.saos.org.pl/judgments/446157
423062|2020-01-17|SO|III C 1542/19|Wyrok|https://www.saos.org.pl/judgments/423062
421029|2020-01-17|SO|XXV C 162/19|Wyrok|https://www.saos.org.pl/judgments/421029
402513|2020-01-17|SO|I C 161/15|Wyrok|https://www.saos.org.pl/judgments/402513
410655|2020-01-16|SO|I C 795/19|Wyrok|https://www.saos.org.pl/judgments/410655
408269|2020-01-16|SO|I ACa 788/19|Wyrok|https://www.saos.org.pl/judgments/408269
407793|2020-01-16|SO|I ACa 292/19|Wyrok|https://www.saos.org.pl/judgments/407793
435031|2020-01-15|SO|II C 367/15|Wyrok|https://www.saos.org.pl/judgments/435031
412293|2020-01-15|SO|I C 594/17|Wyrok|https://www.saos.org.pl/judgments/412293
408171|2020-01-15|SO|I AGa 49/19|Wyrok|https://www.saos.org.pl/judgments/408171
407316|2020-01-14|SO|II C 443/19|Wyrok|https://www.saos.org.pl/judgments/407316
400902|2020-01-14|SO|III Ca 949/19|Wyrok|https://www.saos.org.pl/judgments/400902
429610|2020-01-09|SO|I AGa 201/19|Wyrok|https://www.saos.org.pl/judgments/429610
412492|2020-01-09|SO|I ACa 60/19|Wyrok|https://www.saos.org.pl/judgments/412492
411778|2020-01-09|SO|III Ca 1728/18|Wyrok|https://www.saos.org.pl/judgments/411778
405322|2020-01-09|SO|I Ca 560/19|Wyrok|https://www.saos.org.pl/judgments/405322
404943|2020-01-09|SO|V ACa 464/19|Wyrok|https://www.saos.org.pl/judgments/404943
404855|2020-01-09|SO|I ACa 54/19|Wyrok|https://www.saos.org.pl/judgments/404855
436368|2020-01-08|SO|XXIII Ga 582/19|Wyrok|https://www.saos.org.pl/judgments/436368
430817|2020-01-08|SO|I ACa 834/18|Wyrok|https://www.saos.org.pl/judgments/430817
405888|2020-01-08|SO|III Ca 601/19|Uzasadnienie|https://www.saos.org.pl/judgments/405888
405018|2020-01-08|SO|I ACa 344/19|Wyrok|https://www.saos.org.pl/judgments/405018
402429|2020-01-08|SO|II C 1111/19|Wyrok|https://www.saos.org.pl/judgments/402429
412150|2020-01-07|SO|II Co 4806/19|Postanowienie|https://www.saos.org.pl/judgments/412150
410752|2020-01-07|SO|I C 1170/19|Wyrok|https://www.saos.org.pl/judgments/410752
439024|2020-01-05|SO|III Ca 404/19|Postanowienie|https://www.saos.org.pl/judgments/439024
424454|2020-01-03|SO|I C 1115/17|Wyrok|https://www.saos.org.pl/judgments/424454
488548|2019-12-30|SO|X GC 690/19|Uzasadnienie|https://www.saos.org.pl/judgments/488548
429402|2019-12-30|SO|I ACa 479/19|Wyrok|https://www.saos.org.pl/judgments/429402
529889|2019-12-20|SO|II Ca 370/19|Zarządzenie|https://www.saos.org.pl/judgments/529889
472516|2019-12-20|SO|X GC 62/19|Wyrok|https://www.saos.org.pl/judgments/472516
410565|2019-12-20|SO|I AGa 12/19|Wyrok|https://www.saos.org.pl/judgments/410565
410132|2019-12-20|SO|I C 507/18|Wyrok|https://www.saos.org.pl/judgments/410132
408256|2019-12-20|SO|I ACa 442/18|Wyrok|https://www.saos.org.pl/judgments/408256
419169|2019-12-19|SO|VII AGa 1481/18|Wyrok|https://www.saos.org.pl/judgments/419169
418711|2019-12-19|SO|II Ca 1140/19|Wyrok|https://www.saos.org.pl/judgments/418711
410315|2019-12-19|SO|I AGa 523/18|Wyrok|https://www.saos.org.pl/judgments/410315
400739|2019-12-19|SO|III C 1572/19|Wyrok|https://www.saos.org.pl/judgments/400739
429789|2019-12-18|SO|I C 587/18|Wyrok|https://www.saos.org.pl/judgments/429789
422632|2019-12-18|SO|III Ca 615/19|Wyrok|https://www.saos.org.pl/judgments/422632
411723|2019-12-18|SO|I ACa 97/19|Wyrok|https://www.saos.org.pl/judgments/411723
406571|2019-12-18|SO|XV Ca 1629/19|Wyrok|https://www.saos.org.pl/judgments/406571
404900|2019-12-18|SO|II Ca 847/19|Wyrok|https://www.saos.org.pl/judgments/404900
400777|2019-12-18|SO|XI GC 2013/18|Zarządzenie|https://www.saos.org.pl/judgments/400777
429601|2019-12-17|SO|I ACa 227/19|Wyrok|https://www.saos.org.pl/judgments/429601
404121|2019-12-17|SO|I ACa 770/18|Wyrok|https://www.saos.org.pl/judgments/404121
400653|2019-12-17|SO|XI GC 1336/19|Zarządzenie|https://www.saos.org.pl/judgments/400653
420370|2019-12-16|SO|III Ca 331/19|Uzasadnienie|https://www.saos.org.pl/judgments/420370
402703|2019-12-16|SO|I C 446/18|Wyrok|https://www.saos.org.pl/judgments/402703
401884|2019-12-16|SO|II C 108/17|Wyrok|https://www.saos.org.pl/judgments/401884
413225|2019-12-13|SO|VIII GC 370/19|Wyrok|https://www.saos.org.pl/judgments/413225
400257|2019-12-13|SO|V ACa 184/19|Wyrok|https://www.saos.org.pl/judgments/400257
403278|2019-12-12|SO|III Ca 310/18|Postanowienie|https://www.saos.org.pl/judgments/403278
402507|2019-12-12|SO|XVI C 2135/19|Wyrok|https://www.saos.org.pl/judgments/402507
401560|2019-12-12|SO|I Ca 509/19|Wyrok|https://www.saos.org.pl/judgments/401560
400892|2019-12-12|SO|II Ca 737/19|Wyrok|https://www.saos.org.pl/judgments/400892
409434|2019-12-11|SO|VII AGa 194/19|Wyrok|https://www.saos.org.pl/judgments/409434
451418|2019-12-10|SO|III C 913/18|Wyrok|https://www.saos.org.pl/judgments/451418
423088|2019-12-10|SO|I C 1031/19|Wyrok|https://www.saos.org.pl/judgments/423088
529066|2019-12-09|SO|II Ca 636/19|Zarządzenie|https://www.saos.org.pl/judgments/529066
493523|2019-12-06|SO|I ACa 1299/18|Wyrok|https://www.saos.org.pl/judgments/493523
421451|2019-12-06|SO|I Ns 324/16|Zarządzenie|https://www.saos.org.pl/judgments/421451
407358|2019-12-06|SO|I ACa 400/19|Wyrok|https://www.saos.org.pl/judgments/407358
402202|2019-12-06|SO|II C 13/18|Uzasadnienie|https://www.saos.org.pl/judgments/402202
400966|2019-12-04|SO|VI GC 268/17|Wyrok|https://www.saos.org.pl/judgments/400966
400085|2019-12-03|SO|VIII C 1018/19|Wyrok|https://www.saos.org.pl/judgments/400085
408614|2019-12-02|SO|I C 643/17|Wyrok|https://www.saos.org.pl/judgments/408614
400856|2019-12-02|SO|I C 1920/14|Uzasadnienie|https://www.saos.org.pl/judgments/400856
411039|2019-11-29|SO|I C 547/19|Uzasadnienie|https://www.saos.org.pl/judgments/411039
401690|2019-11-29|SO|I C 2148/19|Wyrok|https://www.saos.org.pl/judgments/401690
526077|2019-11-28|SO|II Ca 561/19|Postanowienie|https://www.saos.org.pl/judgments/526077
523870|2019-11-28|SO|II Ca 615/19|Postanowienie|https://www.saos.org.pl/judgments/523870
420202|2019-11-28|SO|I ACa 1193/18|Wyrok|https://www.saos.org.pl/judgments/420202
406263|2019-11-27|SO|I AGa 14/19|Wyrok|https://www.saos.org.pl/judgments/406263
400950|2019-11-27|SO|IV Ca 689/19|Wyrok|https://www.saos.org.pl/judgments/400950
401006|2019-11-26|SO|I C 124/19|Wyrok|https://www.saos.org.pl/judgments/401006
408759|2019-11-25|SO|I C 1397/18|Wyrok|https://www.saos.org.pl/judgments/408759
407538|2019-11-25|SO|I ACa 197/18|Wyrok|https://www.saos.org.pl/judgments/407538
399819|2019-11-25|SO|I C 886/19|Wyrok|https://www.saos.org.pl/judgments/399819
406086|2019-11-22|SO|V AGa 83/19|Postanowienie|https://www.saos.org.pl/judgments/406086
415536|2019-11-21|SO|III Ca 523/19|Uzasadnienie|https://www.saos.org.pl/judgments/415536
408756|2019-11-21|SO|I AGa 81/19|Wyrok|https://www.saos.org.pl/judgments/408756
451170|2019-11-20|SO|IX GC 1305/17|Uzasadnienie|https://www.saos.org.pl/judgments/451170
449383|2019-11-20|SO|II C 970/17|Wyrok|https://www.saos.org.pl/judgments/449383
406602|2019-11-20|SO|I ACa 690/18|Wyrok|https://www.saos.org.pl/judgments/406602
404120|2019-11-20|SO|I ACa 687/18|Wyrok|https://www.saos.org.pl/judgments/404120
400942|2019-11-20|SO|IV Ca 562/19|Wyrok|https://www.saos.org.pl/judgments/400942
400874|2019-11-20|SO|I C 756/18|Uzasadnienie|https://www.saos.org.pl/judgments/400874
400086|2019-11-20|SO|VIII C 1174/19|Wyrok|https://www.saos.org.pl/judgments/400086
443616|2019-11-19|SO|I ACa 444/19|Wyrok|https://www.saos.org.pl/judgments/443616
417694|2019-11-19|SO|I ACa 990/18|Wyrok|https://www.saos.org.pl/judgments/417694
402323|2019-11-19|SO|I C 739/19|Wyrok|https://www.saos.org.pl/judgments/402323
399409|2019-11-19|SO|I Co 938/19|Postanowienie|https://www.saos.org.pl/judgments/399409
396997|2019-11-15|SO|I C 982/14|Uzasadnienie|https://www.saos.org.pl/judgments/396997
397473|2019-11-14|SO|IX Ca 723/18|Wyrok|https://www.saos.org.pl/judgments/397473
416309|2019-11-13|SO|V GC 1116/17|Wyrok|https://www.saos.org.pl/judgments/416309
415038|2019-11-13|SO|III Ca 2176/18|Uzasadnienie|https://www.saos.org.pl/judgments/415038
407135|2019-11-13|SO|III C 2179/17|Wyrok|https://www.saos.org.pl/judgments/407135
400099|2019-11-13|SO|VIII C 2677/18|Wyrok|https://www.saos.org.pl/judgments/400099
419406|2019-11-12|SO|I C 974/18|Wyrok|https://www.saos.org.pl/judgments/419406
419674|2019-11-08|SO|I ACa 199/19|Wyrok|https://www.saos.org.pl/judgments/419674
402387|2019-11-08|SO|VIII GC 3492/18|Wyrok|https://www.saos.org.pl/judgments/402387
401863|2019-11-08|SO|I C 274/18|Wyrok|https://www.saos.org.pl/judgments/401863
428295|2019-11-07|SO|I ACa 1436/18|Wyrok|https://www.saos.org.pl/judgments/428295
404807|2019-11-07|SO|V ACa 113/19|Wyrok|https://www.saos.org.pl/judgments/404807
403288|2019-11-06|SO|V P 304/16|Wyrok|https://www.saos.org.pl/judgments/403288
399855|2019-11-06|SO|III Ca 1560/18|Postanowienie|https://www.saos.org.pl/judgments/399855
399425|2019-11-06|SO|V ACa 67/19|Wyrok|https://www.saos.org.pl/judgments/399425
411187|2019-11-05|SO|I C 628/19|Wyrok|https://www.saos.org.pl/judgments/411187
400114|2019-11-05|SO|VIII C 763/19|Wyrok|https://www.saos.org.pl/judgments/400114
488445|2019-11-04|SO|X GC 293/19|Zarządzenie|https://www.saos.org.pl/judgments/488445
415364|2019-11-04|SO|III Ca 870/19|Uzasadnienie|https://www.saos.org.pl/judgments/415364
399726|2019-11-04|SO|XII C 466/14|Wyrok|https://www.saos.org.pl/judgments/399726
420139|2019-10-31|SO|I C 815/17|Wyrok|https://www.saos.org.pl/judgments/420139
419315|2019-10-30|SO|I ACa 212/19|Wyrok|https://www.saos.org.pl/judgments/419315
412268|2019-10-30|SO|I ACa 73/19|Wyrok|https://www.saos.org.pl/judgments/412268
409377|2019-10-30|SO|I ACa 1094/18|Wyrok|https://www.saos.org.pl/judgments/409377
405058|2019-10-30|SO|V ACa 149/19|Wyrok|https://www.saos.org.pl/judgments/405058
399930|2019-10-30|SO|XXV C 778/16|Wyrok|https://www.saos.org.pl/judgments/399930
398257|2019-10-30|SO|I C 131/19|Wyrok|https://www.saos.org.pl/judgments/398257
412958|2019-10-29|SO|I AGa 322/18|Wyrok|https://www.saos.org.pl/judgments/412958
400817|2019-10-29|SO|VIII C 1547/19|Wyrok|https://www.saos.org.pl/judgments/400817
399867|2019-10-29|SO|III Ca 2007/18|Postanowienie|https://www.saos.org.pl/judgments/399867
468138|2019-10-28|SO|XXV C 1330/19|Wyrok|https://www.saos.org.pl/judgments/468138
400852|2019-10-28|SO|I C 1763/17|Wyrok|https://www.saos.org.pl/judgments/400852
420203|2019-10-23|SO|I ACa 152/19|Wyrok|https://www.saos.org.pl/judgments/420203
406942|2019-10-22|SO|I ACa 374/19|Wyrok|https://www.saos.org.pl/judgments/406942
396952|2019-10-22|SO|I C 430/17|Wyrok|https://www.saos.org.pl/judgments/396952
396666|2019-10-22|SO|II C 1305/19|Uzasadnienie|https://www.saos.org.pl/judgments/396666
476175|2019-10-18|SO|III C 1639/17|Wyrok|https://www.saos.org.pl/judgments/476175
398673|2019-10-18|SO|VIII C 2946/18|Wyrok|https://www.saos.org.pl/judgments/398673
530092|2019-10-17|SO|II Ca 83/19|Zarządzenie|https://www.saos.org.pl/judgments/530092
527738|2019-10-17|SO|II Ca 227/19|Uzasadnienie|https://www.saos.org.pl/judgments/527738
408880|2019-10-17|SO|I ACa 207/19|Wyrok|https://www.saos.org.pl/judgments/408880
397032|2019-10-17|SO|I Ns 96/16|Postanowienie|https://www.saos.org.pl/judgments/397032
468024|2019-10-16|SO|III APa 12/18|Wyrok|https://www.saos.org.pl/judgments/468024
530689|2019-10-15|SO|II Ca 782/18|Zarządzenie|https://www.saos.org.pl/judgments/530689
398837|2019-10-15|SO|I Ca 349/19|Wyrok|https://www.saos.org.pl/judgments/398837
413616|2019-10-14|SO|III Ca 626/19|Uzasadnienie|https://www.saos.org.pl/judgments/413616
420110|2019-10-11|SO|XXIII Ga 2029/18|Postanowienie|https://www.saos.org.pl/judgments/420110
407440|2019-10-11|SO|I ACa 727/18|Wyrok|https://www.saos.org.pl/judgments/407440
407113|2019-10-10|SO|I AGa 12/19|Wyrok|https://www.saos.org.pl/judgments/407113
404209|2019-10-10|SO|V Ca 321/19|Wyrok|https://www.saos.org.pl/judgments/404209
397551|2019-10-10|SO|I ACa 1128/18|Wyrok|https://www.saos.org.pl/judgments/397551
429608|2019-10-08|SO|I ACa 986/18|Wyrok|https://www.saos.org.pl/judgments/429608
409040|2019-10-08|SO|V ACa 600/18|Wyrok|https://www.saos.org.pl/judgments/409040
402189|2019-10-08|SO|I Ca 340/19|Wyrok|https://www.saos.org.pl/judgments/402189
417389|2019-10-04|SO|XVIII C 1584/18|Wyrok|https://www.saos.org.pl/judgments/417389
399421|2019-10-04|SO|V ACa 199/19|Wyrok|https://www.saos.org.pl/judgments/399421
435540|2019-10-03|SO|I AGa 46/19|Wyrok|https://www.saos.org.pl/judgments/435540
428121|2019-10-03|SO|I ACa 1400/18|Wyrok|https://www.saos.org.pl/judgments/428121
420211|2019-10-03|SO|I ACa 44/19|Wyrok|https://www.saos.org.pl/judgments/420211
393948|2019-10-03|SO|I C 1941/18|Wyrok|https://www.saos.org.pl/judgments/393948
420198|2019-10-02|SO|I ACa 1030/18|Wyrok|https://www.saos.org.pl/judgments/420198
419173|2019-10-02|SO|VII AGa 1627/18|Wyrok|https://www.saos.org.pl/judgments/419173
397169|2019-10-02|SO|II Ca 880/19|Zarządzenie|https://www.saos.org.pl/judgments/397169
396609|2019-10-02|SO|VII P 201/19|Wyrok|https://www.saos.org.pl/judgments/396609
396334|2019-10-02|SO|III Ca 2009/18|Wyrok|https://www.saos.org.pl/judgments/396334
426630|2019-10-01|SO|I C 71/19|Wyrok|https://www.saos.org.pl/judgments/426630
395526|2019-10-01|SO|II1 C 75/18|Wyrok|https://www.saos.org.pl/judgments/395526
394302|2019-10-01|SO|XII C 1026/18|Wyrok|https://www.saos.org.pl/judgments/394302
409242|2019-09-30|SO|III Ca 209/19|Uzasadnienie|https://www.saos.org.pl/judgments/409242
459479|2019-09-26|SO|II C 21/19|Wyrok|https://www.saos.org.pl/judgments/459479
451918|2019-09-26|SO|V Ca 984/18|Postanowienie|https://www.saos.org.pl/judgments/451918
429599|2019-09-26|SO|I ACa 159/19|Wyrok|https://www.saos.org.pl/judgments/429599
400306|2019-09-26|SO|I1 C 595/19|Wyrok|https://www.saos.org.pl/judgments/400306
398122|2019-09-26|SO|I ACa 624/18|Wyrok|https://www.saos.org.pl/judgments/398122
395927|2019-09-26|SO|X GCo 109/19|Postanowienie|https://www.saos.org.pl/judgments/395927
395685|2019-09-25|SO|V Ca 1408/19|Wyrok|https://www.saos.org.pl/judgments/395685
395465|2019-09-25|SO|VIII C 1053/19|Wyrok|https://www.saos.org.pl/judgments/395465
394670|2019-09-25|SO|I Ca 344/19|Postanowienie|https://www.saos.org.pl/judgments/394670
394667|2019-09-25|SO|I Ca 295/19|Postanowienie|https://www.saos.org.pl/judgments/394667
394345|2019-09-25|SO|II Ca 656/18|Postanowienie|https://www.saos.org.pl/judgments/394345
416901|2019-09-24|SO|I C 1323/18|Wyrok|https://www.saos.org.pl/judgments/416901
529884|2019-09-20|SO|II Ca 1466/18|Zarządzenie|https://www.saos.org.pl/judgments/529884
396513|2019-09-20|SO|I Ca 136/19|Postanowienie|https://www.saos.org.pl/judgments/396513
529157|2019-09-19|SO|II Ca 17/19|Uzasadnienie|https://www.saos.org.pl/judgments/529157
402044|2019-09-19|SO|I AGa 85/19|Wyrok|https://www.saos.org.pl/judgments/402044
396770|2019-09-19|SO|XXV C 353/19|Wyrok|https://www.saos.org.pl/judgments/396770
395524|2019-09-19|SO|II1 C 17/19|Wyrok|https://www.saos.org.pl/judgments/395524
395171|2019-09-19|SO|V ACa 296/18|Wyrok|https://www.saos.org.pl/judgments/395171
397148|2019-09-18|SO|II C 4584/18|Wyrok|https://www.saos.org.pl/judgments/397148
392953|2019-09-17|SO|I C 549/19|Wyrok|https://www.saos.org.pl/judgments/392953
392556|2019-09-17|SO|II C 405/18|Wyrok|https://www.saos.org.pl/judgments/392556
398148|2019-09-13|SO|I1 C 1546/19|Wyrok|https://www.saos.org.pl/judgments/398148
408687|2019-09-12|SO|I AGa 121/19|Wyrok|https://www.saos.org.pl/judgments/408687
407442|2019-09-12|SO|I AGa 355/18|Wyrok|https://www.saos.org.pl/judgments/407442
452979|2019-09-11|SO|XIV C 688/19|Wyrok|https://www.saos.org.pl/judgments/452979
410272|2019-09-10|SO|V GC 1860/18|Wyrok|https://www.saos.org.pl/judgments/410272
431248|2019-09-06|SO|I1 C 619/19|Wyrok|https://www.saos.org.pl/judgments/431248
398153|2019-09-06|SO|I1 C 3447/18|Wyrok|https://www.saos.org.pl/judgments/398153
394820|2019-09-05|SO|I C 653/17|Wyrok|https://www.saos.org.pl/judgments/394820
392112|2019-09-04|SO|VIII Ga 726/18|Uzasadnienie|https://www.saos.org.pl/judgments/392112
391827|2019-09-04|SO|I AGa 49/19|Wyrok|https://www.saos.org.pl/judgments/391827
397579|2019-09-03|SO|I Ca 324/19|Postanowienie|https://www.saos.org.pl/judgments/397579
399342|2019-08-30|SO|III Ca 189/19|Uzasadnienie|https://www.saos.org.pl/judgments/399342
391317|2019-08-30|SO|XIII Ga 84/19|Uzasadnienie|https://www.saos.org.pl/judgments/391317
498485|2019-08-28|SO|I C 519/18|Wyrok|https://www.saos.org.pl/judgments/498485
398241|2019-08-27|SO|I ACa 496/18|Wyrok|https://www.saos.org.pl/judgments/398241
393529|2019-08-26|SO|I Ca 258/19|Wyrok|https://www.saos.org.pl/judgments/393529
393047|2019-08-22|SO|I AGa 43/19|Wyrok|https://www.saos.org.pl/judgments/393047
396297|2019-08-21|SO|I ACa 344/19|Wyrok|https://www.saos.org.pl/judgments/396297
392440|2019-08-19|SO|II C 1804/18|Uzasadnienie|https://www.saos.org.pl/judgments/392440
431016|2019-08-16|SO|I1 C 1241/19|Wyrok|https://www.saos.org.pl/judgments/431016
414383|2019-08-14|SO|VI ACa 262/18|Wyrok|https://www.saos.org.pl/judgments/414383
396561|2019-08-14|SO|III Ca 2108/18|Uzasadnienie|https://www.saos.org.pl/judgments/396561
432805|2019-08-13|SO|V GC 1162/18|Wyrok|https://www.saos.org.pl/judgments/432805
393753|2019-08-13|SO|III Ca 51/19|Wyrok|https://www.saos.org.pl/judgments/393753
432537|2019-08-09|SO|VI ACa 719/18|Wyrok|https://www.saos.org.pl/judgments/432537
392217|2019-08-09|SO|VIII C 911/15|Wyrok|https://www.saos.org.pl/judgments/392217
392614|2019-08-08|SO|I C 1191/18|Wyrok|https://www.saos.org.pl/judgments/392614
400932|2019-08-07|SO|IV Ca 486/19|Wyrok|https://www.saos.org.pl/judgments/400932
396922|2019-08-07|SO|I C 281/19|Wyrok|https://www.saos.org.pl/judgments/396922
426937|2019-08-06|SO|I C 2202/17|Zarządzenie|https://www.saos.org.pl/judgments/426937
421694|2019-08-06|SO|I C 2642/18|Uzasadnienie|https://www.saos.org.pl/judgments/421694
396608|2019-08-06|SO|VII P 144/19|Wyrok|https://www.saos.org.pl/judgments/396608
391780|2019-08-05|SO|VIII C 124/18|Wyrok|https://www.saos.org.pl/judgments/391780
429846|2019-08-02|SO|XXV C 1832/15|Wyrok|https://www.saos.org.pl/judgments/429846
390245|2019-08-02|SO|VIII C 1340/18|Wyrok|https://www.saos.org.pl/judgments/390245
393349|2019-08-01|SO|I ACa 535/18|Wyrok|https://www.saos.org.pl/judgments/393349
394740|2019-07-31|SO|III Ca 714/19|Uzasadnienie|https://www.saos.org.pl/judgments/394740
393147|2019-07-31|SO|I C 1154/17|Wyrok|https://www.saos.org.pl/judgments/393147
409767|2019-07-30|SO|V C 129/18|Wyrok|https://www.saos.org.pl/judgments/409767
394420|2019-07-30|SO|IV Ca 512/19|Wyrok|https://www.saos.org.pl/judgments/394420
399087|2019-07-29|SO|VI ACa 487/19|Wyrok|https://www.saos.org.pl/judgments/399087
391214|2019-07-29|SO|VIII Ua 35/19|Uzasadnienie|https://www.saos.org.pl/judgments/391214
446851|2019-07-26|SO|I AGa 78/19|Wyrok|https://www.saos.org.pl/judgments/446851
429367|2019-07-26|SO|IX GC 2950/17|Uzasadnienie|https://www.saos.org.pl/judgments/429367
393514|2019-07-26|SO|XXV C 1438/13|Wyrok|https://www.saos.org.pl/judgments/393514
391781|2019-07-26|SO|VIII C 1265/14|Wyrok|https://www.saos.org.pl/judgments/391781
389572|2019-07-26|SO|VIII C 573/18|Wyrok|https://www.saos.org.pl/judgments/389572
392860|2019-07-25|SO|VIII Ga 230/19|Uzasadnienie|https://www.saos.org.pl/judgments/392860
389164|2019-07-25|SO|V ACa 454/18|Wyrok|https://www.saos.org.pl/judgments/389164
388933|2019-07-25|SO|III Ca 267/19|Wyrok|https://www.saos.org.pl/judgments/388933
434731|2019-07-24|SO|I AGa 312/18|Wyrok|https://www.saos.org.pl/judgments/434731
395583|2019-07-24|SO|VII C 2228/18|Zarządzenie|https://www.saos.org.pl/judgments/395583
392338|2019-07-23|SO|II C 370/15|Wyrok|https://www.saos.org.pl/judgments/392338
388356|2019-07-23|SO|I C 123/17|Wyrok|https://www.saos.org.pl/judgments/388356
394958|2019-07-22|SO|I C 188/19|Wyrok|https://www.saos.org.pl/judgments/394958
408752|2019-07-19|SO|I ACa 70/19|Wyrok|https://www.saos.org.pl/judgments/408752
389260|2019-07-19|SO|VIII C 1011/18|Wyrok|https://www.saos.org.pl/judgments/389260
396183|2019-07-18|SO|III Ca 901/19|Uzasadnienie|https://www.saos.org.pl/judgments/396183
401843|2019-07-17|SO|I ACa 1662/17|Wyrok|https://www.saos.org.pl/judgments/401843
429368|2019-07-16|SO|IX GC 85/18|Uzasadnienie|https://www.saos.org.pl/judgments/429368
393597|2019-07-15|SO|VI GC 96/19|Wyrok|https://www.saos.org.pl/judgments/393597
391872|2019-07-11|SO|V AGa 34/19|Wyrok|https://www.saos.org.pl/judgments/391872
424772|2019-07-10|SO|V ACa 537/18|Wyrok|https://www.saos.org.pl/judgments/424772
393038|2019-07-10|SO|I ACa 199/19|Wyrok|https://www.saos.org.pl/judgments/393038
390055|2019-07-10|SO|I ACa 76/19|Wyrok|https://www.saos.org.pl/judgments/390055
387823|2019-07-10|SO|V ACa 155/19|Wyrok|https://www.saos.org.pl/judgments/387823
488503|2019-07-09|SO|X GC 53/14|Zarządzenie|https://www.saos.org.pl/judgments/488503
393960|2019-07-05|SO|II Ca 1264/19|Wyrok|https://www.saos.org.pl/judgments/393960
391925|2019-07-05|SO|XV C 259/18|Wyrok|https://www.saos.org.pl/judgments/391925
396332|2019-07-04|SO|III Ca 1540/18|Wyrok|https://www.saos.org.pl/judgments/396332
387284|2019-07-04|SO|I C 1498/18|Wyrok|https://www.saos.org.pl/judgments/387284
396882|2019-07-03|SO|I C 149/19|Wyrok|https://www.saos.org.pl/judgments/396882
394724|2019-07-03|SO|III Ca 150/19|Uzasadnienie|https://www.saos.org.pl/judgments/394724
397031|2019-07-02|SO|I Ns 84/18|Postanowienie|https://www.saos.org.pl/judgments/397031
423409|2019-07-01|SO|VI GC 2213/18|Uzasadnienie|https://www.saos.org.pl/judgments/423409
422769|2019-07-01|SO|I AGa 143/18|Wyrok|https://www.saos.org.pl/judgments/422769
393229|2019-07-01|SO|XXV C 1324/16|Wyrok|https://www.saos.org.pl/judgments/393229
389440|2019-07-01|SO|II C 704/17|Uzasadnienie|https://www.saos.org.pl/judgments/389440
386438|2019-07-01|SO|VIII C 1320/18|Wyrok|https://www.saos.org.pl/judgments/386438
390537|2019-06-28|SO|I ACa 293/19|Wyrok|https://www.saos.org.pl/judgments/390537
387175|2019-06-28|SO|I C 1744/18|Wyrok|https://www.saos.org.pl/judgments/387175
386884|2019-06-28|SO|II C 588/18|Uzasadnienie|https://www.saos.org.pl/judgments/386884
386443|2019-06-28|SO|VIII C 3064/18|Wyrok|https://www.saos.org.pl/judgments/386443
385485|2019-06-28|SO|XII C 1241/18|Wyrok|https://www.saos.org.pl/judgments/385485
387935|2019-06-27|SO|II1 C 83/18|Wyrok|https://www.saos.org.pl/judgments/387935
387930|2019-06-27|SO|II1 C 71/18|Wyrok|https://www.saos.org.pl/judgments/387930
528657|2019-06-26|SO|II Ca 1231/18|Zarządzenie|https://www.saos.org.pl/judgments/528657
447706|2019-06-26|SO|V GC 519/19|Wyrok|https://www.saos.org.pl/judgments/447706
393037|2019-06-26|SO|I ACa 149/19|Wyrok|https://www.saos.org.pl/judgments/393037
390686|2019-06-26|SO|III C 1329/18|Wyrok|https://www.saos.org.pl/judgments/390686
389603|2019-06-25|SO|I AGa 16/19|Wyrok|https://www.saos.org.pl/judgments/389603
387538|2019-06-21|SO|XIX Ga 307/18|Uzasadnienie|https://www.saos.org.pl/judgments/387538
448527|2019-06-19|SO|I ACa 282/19|Wyrok|https://www.saos.org.pl/judgments/448527
443510|2019-06-19|SO|II C 1532/16|Zarządzenie|https://www.saos.org.pl/judgments/443510
414469|2019-06-19|SO|I1 C 833/19|Wyrok|https://www.saos.org.pl/judgments/414469
392775|2019-06-19|SO|XXV C 2220/18|Wyrok|https://www.saos.org.pl/judgments/392775
387890|2019-06-19|SO|I C 300/19|Wyrok|https://www.saos.org.pl/judgments/387890
385789|2019-06-19|SO|I C 1221/18|Wyrok|https://www.saos.org.pl/judgments/385789
385545|2019-06-19|SO|IV P 12/18|Wyrok|https://www.saos.org.pl/judgments/385545
424406|2019-06-18|SO|VI ACa 195/18|Wyrok|https://www.saos.org.pl/judgments/424406
402711|2019-06-18|SO|I C 558/18|Wyrok|https://www.saos.org.pl/judgments/402711
436347|2019-06-17|SO|VI GC 144/19|Wyrok|https://www.saos.org.pl/judgments/436347
391476|2019-06-17|SO|XII C 1631/18|Wyrok|https://www.saos.org.pl/judgments/391476
388870|2019-06-17|SO|I C 369/19|Wyrok|https://www.saos.org.pl/judgments/388870
388229|2019-06-17|SO|II C 38/17|Wyrok|https://www.saos.org.pl/judgments/388229
385467|2019-06-17|SO|VIII GC 518/18|Uzasadnienie|https://www.saos.org.pl/judgments/385467
528806|2019-06-14|SO|II Ca 1133/18|Zarządzenie|https://www.saos.org.pl/judgments/528806
387543|2019-06-14|SO|II C 970/18|Zarządzenie|https://www.saos.org.pl/judgments/387543
385864|2019-06-14|SO|VIII C 2335/18|Wyrok|https://www.saos.org.pl/judgments/385864
398064|2019-06-13|SO|VI ACa 118/19|Wyrok|https://www.saos.org.pl/judgments/398064
395657|2019-06-13|SO|III Ca 1799/18|Wyrok|https://www.saos.org.pl/judgments/395657
386451|2019-06-13|SO|XVI C 1601/16|Wyrok|https://www.saos.org.pl/judgments/386451
384622|2019-06-13|SO|VIII C 2761/18|Wyrok|https://www.saos.org.pl/judgments/384622
392759|2019-06-12|SO|I Ca 225/19|Wyrok|https://www.saos.org.pl/judgments/392759
407828|2019-06-11|SO|II AKz 362/19|Postanowienie|https://www.saos.org.pl/judgments/407828
392151|2019-06-11|SO|I C 417/18|Wyrok|https://www.saos.org.pl/judgments/392151
384623|2019-06-11|SO|VIII C 2763/18|Wyrok|https://www.saos.org.pl/judgments/384623
384615|2019-06-11|SO|VIII C 2650/18|Wyrok|https://www.saos.org.pl/judgments/384615
407174|2019-06-10|SO|I ACa 449/18|Wyrok|https://www.saos.org.pl/judgments/407174
390643|2019-06-10|SO|II Ca 849/18|Postanowienie|https://www.saos.org.pl/judgments/390643
385164|2019-06-10|SO|VIII Ns 210/13|Postanowienie|https://www.saos.org.pl/judgments/385164
532298|2019-06-06|SO|I C 179/18|Wyrok|https://www.saos.org.pl/judgments/532298
426032|2019-06-06|SO|I ACa 802/18|Wyrok|https://www.saos.org.pl/judgments/426032
389138|2019-06-06|SO|III Ca 1517/18|Postanowienie|https://www.saos.org.pl/judgments/389138
388787|2019-06-06|SO|III APa 11/19|Wyrok|https://www.saos.org.pl/judgments/388787
384004|2019-06-06|SO|VIII C 559/19|Wyrok|https://www.saos.org.pl/judgments/384004
486411|2019-06-05|SO|I ACa 624/18|Wyrok|https://www.saos.org.pl/judgments/486411
429995|2019-06-05|SO|I C 5244/17|Zarządzenie|https://www.saos.org.pl/judgments/429995
429687|2019-06-05|SO|I ACa 1129/18|Wyrok|https://www.saos.org.pl/judgments/429687
419404|2019-06-05|SO|I C 965/18|Wyrok|https://www.saos.org.pl/judgments/419404
395654|2019-06-05|SO|III Ca 1638/18|Wyrok|https://www.saos.org.pl/judgments/395654
391353|2019-06-05|SO|I ACa 524/18|Wyrok|https://www.saos.org.pl/judgments/391353
390160|2019-06-04|SO|III Ca 238/19|Uzasadnienie|https://www.saos.org.pl/judgments/390160
384625|2019-06-04|SO|VIII C 2886/18|Wyrok|https://www.saos.org.pl/judgments/384625
406811|2019-06-03|SO|V GC 538/19|Wyrok|https://www.saos.org.pl/judgments/406811
426224|2019-05-31|SO|XXV C 769/19|Wyrok|https://www.saos.org.pl/judgments/426224
417678|2019-05-31|SO|I ACa 549/18|Wyrok|https://www.saos.org.pl/judgments/417678
412957|2019-05-31|SO|I AGa 291/18|Wyrok|https://www.saos.org.pl/judgments/412957
394954|2019-05-31|SO|I C 133/19|Zarządzenie|https://www.saos.org.pl/judgments/394954
394421|2019-05-30|SO|IV Ca 706/18|Wyrok|https://www.saos.org.pl/judgments/394421
393578|2019-05-30|SO|III C 1079/18|Wyrok|https://www.saos.org.pl/judgments/393578
392324|2019-05-30|SO|I1 C 560/19|Wyrok|https://www.saos.org.pl/judgments/392324
393234|2019-05-28|SO|I C 1785/18|Wyrok|https://www.saos.org.pl/judgments/393234
387201|2019-05-28|SO|I C 747/18|Wyrok|https://www.saos.org.pl/judgments/387201
384901|2019-05-28|SO|I C 81/17|Wyrok|https://www.saos.org.pl/judgments/384901
390132|2019-05-27|SO|III Ca 1912/18|Uzasadnienie|https://www.saos.org.pl/judgments/390132
384854|2019-05-27|SO|I C 225/19|Wyrok|https://www.saos.org.pl/judgments/384854
405790|2019-05-24|SO|I ACa 1098/18|Wyrok|https://www.saos.org.pl/judgments/405790
393586|2019-05-24|SO|V ACa 16/19|Wyrok|https://www.saos.org.pl/judgments/393586
391846|2019-05-24|SO|I1 C 3451/18|Wyrok|https://www.saos.org.pl/judgments/391846
383809|2019-05-24|SO|II Ca 51/19|Zarządzenie|https://www.saos.org.pl/judgments/383809
381992|2019-05-24|SO|I C 31/19|Wyrok|https://www.saos.org.pl/judgments/381992
472431|2019-05-23|SO|II Ca 155/19|Wyrok|https://www.saos.org.pl/judgments/472431
403330|2019-05-23|SO|I C 282/19|Wyrok|https://www.saos.org.pl/judgments/403330
383604|2019-05-23|SO|V Ca 573/18|Wyrok|https://www.saos.org.pl/judgments/383604
394409|2019-05-22|SO|IV Ca 250/19|Postanowienie|https://www.saos.org.pl/judgments/394409
387916|2019-05-22|SO|II1 C 118/18|Wyrok|https://www.saos.org.pl/judgments/387916
387493|2019-05-22|SO|V ACa 7/19|Wyrok|https://www.saos.org.pl/judgments/387493
383164|2019-05-22|SO|VIII C 2392/17|Wyrok|https://www.saos.org.pl/judgments/383164
398590|2019-05-21|SO|VI ACa 93/19|Wyrok|https://www.saos.org.pl/judgments/398590
390310|2019-05-21|SO|III Ca 1651/18|Uzasadnienie|https://www.saos.org.pl/judgments/390310
386324|2019-05-21|SO|I C 187/19|Wyrok|https://www.saos.org.pl/judgments/386324
385944|2019-05-21|SO|II Ca 383/19|Wyrok|https://www.saos.org.pl/judgments/385944
385608|2019-05-21|SO|I ACa 366/18|Wyrok|https://www.saos.org.pl/judgments/385608
398807|2019-05-20|SO|I C 707/18|Wyrok|https://www.saos.org.pl/judgments/398807
393771|2019-05-20|SO|VI ACa 1416/17|Wyrok|https://www.saos.org.pl/judgments/393771
390594|2019-05-20|SO|I C 386/19|Wyrok|https://www.saos.org.pl/judgments/390594
385464|2019-05-20|SO|VIII GC 492/15|Uzasadnienie|https://www.saos.org.pl/judgments/385464
411144|2019-05-17|SO|I C 161/19|Zarządzenie|https://www.saos.org.pl/judgments/411144
381630|2019-05-17|SO|I C 328/18|Wyrok|https://www.saos.org.pl/judgments/381630
384793|2019-05-16|SO|I ACa 11/19|Wyrok|https://www.saos.org.pl/judgments/384793
414808|2019-05-15|SO|I Ns 978/16|Postanowienie|https://www.saos.org.pl/judgments/414808
383642|2019-05-14|SO|I C 580/18|Wyrok|https://www.saos.org.pl/judgments/383642
448552|2019-05-13|SO|I C 724/17|Uzasadnienie|https://www.saos.org.pl/judgments/448552
383177|2019-05-13|SO|VIII C 2760/18|Wyrok|https://www.saos.org.pl/judgments/383177
383011|2019-05-13|SO|VIII C 2250/18|Wyrok|https://www.saos.org.pl/judgments/383011
529636|2019-05-10|SO|II Ca 1175/18|Zarządzenie|https://www.saos.org.pl/judgments/529636
385108|2019-05-10|SO|V ACa 739/18|Wyrok|https://www.saos.org.pl/judgments/385108
383186|2019-05-10|SO|VIII C 3136/18|Wyrok|https://www.saos.org.pl/judgments/383186
383161|2019-05-10|SO|VIII C 2214/18|Wyrok|https://www.saos.org.pl/judgments/383161
396660|2019-05-09|SO|I C 3836/18|Wyrok|https://www.saos.org.pl/judgments/396660
384389|2019-05-09|SO|I C 1974/18|Wyrok|https://www.saos.org.pl/judgments/384389
402319|2019-05-08|SO|I C 294/19|Wyrok|https://www.saos.org.pl/judgments/402319
387928|2019-05-08|SO|II1 C 60/18|Wyrok|https://www.saos.org.pl/judgments/387928
383588|2019-05-08|SO|III APa 31/18|Wyrok|https://www.saos.org.pl/judgments/383588
382093|2019-05-08|SO|I C 153/18|Wyrok|https://www.saos.org.pl/judgments/382093
375128|2019-05-08|SO|I C 138/19|Wyrok|https://www.saos.org.pl/judgments/375128
425583|2019-05-07|SO|I C 2567/17|Uzasadnienie|https://www.saos.org.pl/judgments/425583
381491|2019-05-07|SO|I C 173/19|Wyrok|https://www.saos.org.pl/judgments/381491
387938|2019-05-06|SO|II1 C 94/18|Wyrok|https://www.saos.org.pl/judgments/387938
384328|2019-05-06|SO|VIII P 47/18|Uzasadnienie|https://www.saos.org.pl/judgments/384328
383031|2019-05-06|SO|VIII C 2762/18|Wyrok|https://www.saos.org.pl/judgments/383031
432443|2019-04-30|SO|I C 219/18|Wyrok|https://www.saos.org.pl/judgments/432443
392671|2019-04-30|SO|I ACa 427/18|Wyrok|https://www.saos.org.pl/judgments/392671
381484|2019-04-30|SO|I C 1050/17|Wyrok|https://www.saos.org.pl/judgments/381484
386799|2019-04-29|SO|I C 55/19|Wyrok|https://www.saos.org.pl/judgments/386799
381176|2019-04-29|SO|XIII Ga 852/18|Uzasadnienie|https://www.saos.org.pl/judgments/381176
417707|2019-04-26|SO|I AGa 281/18|Wyrok|https://www.saos.org.pl/judgments/417707
391844|2019-04-26|SO|I1 C 272/19|Wyrok|https://www.saos.org.pl/judgments/391844
383179|2019-04-26|SO|VIII C 2765/18|Wyrok|https://www.saos.org.pl/judgments/383179
383178|2019-04-26|SO|VIII C 2764/18|Wyrok|https://www.saos.org.pl/judgments/383178
383160|2019-04-26|SO|VIII C 2040/18|Wyrok|https://www.saos.org.pl/judgments/383160
376310|2019-04-26|SO|I ACa 115/19|Wyrok|https://www.saos.org.pl/judgments/376310
387167|2019-04-25|SO|I C 1120/18|Wyrok|https://www.saos.org.pl/judgments/387167
383779|2019-04-25|SO|II Ca 1078/18|Zarządzenie|https://www.saos.org.pl/judgments/383779
379569|2019-04-25|SO|IX Ca 1517/18|Wyrok|https://www.saos.org.pl/judgments/379569
423068|2019-04-24|SO|III C 372/17|Wyrok|https://www.saos.org.pl/judgments/423068
401881|2019-04-24|SO|I1 C 1646/17|Wyrok|https://www.saos.org.pl/judgments/401881
393802|2019-04-24|SO|I C 1165/17|Uzasadnienie|https://www.saos.org.pl/judgments/393802
393773|2019-04-24|SO|VI ACa 84/19|Wyrok|https://www.saos.org.pl/judgments/393773
393427|2019-04-24|SO|V ACa 416/18|Wyrok|https://www.saos.org.pl/judgments/393427
392790|2019-04-24|SO|I C 131/19|Wyrok|https://www.saos.org.pl/judgments/392790
391712|2019-04-24|SO|VI ACa 259/19|Wyrok|https://www.saos.org.pl/judgments/391712
378937|2019-04-24|SO|III Ca 794/18|Wyrok|https://www.saos.org.pl/judgments/378937
461869|2019-04-23|SO|IX GC 3062/17|Uzasadnienie|https://www.saos.org.pl/judgments/461869
382963|2019-04-23|SO|IX Ca 1521/18|Postanowienie|https://www.saos.org.pl/judgments/382963
388595|2019-04-19|SO|III Ca 265/19|Uzasadnienie|https://www.saos.org.pl/judgments/388595
383309|2019-04-19|SO|II C 1188/18|Uzasadnienie|https://www.saos.org.pl/judgments/383309
383022|2019-04-19|SO|VIII C 2476/18|Wyrok|https://www.saos.org.pl/judgments/383022
377411|2019-04-19|SO|I C 948/18|Wyrok|https://www.saos.org.pl/judgments/377411
402199|2019-04-18|SO|I Ca 98/19|Wyrok|https://www.saos.org.pl/judgments/402199
376851|2019-04-18|SO|I C 143/19|Zarządzenie|https://www.saos.org.pl/judgments/376851
472982|2019-04-17|SO|I ACa 367/18|Wyrok|https://www.saos.org.pl/judgments/472982
462871|2019-04-17|SO|I C 1916/18|Wyrok|https://www.saos.org.pl/judgments/462871
408505|2019-04-17|SO|I C 2779/18|Wyrok|https://www.saos.org.pl/judgments/408505
402318|2019-04-17|SO|I C 2382/18|Wyrok|https://www.saos.org.pl/judgments/402318
384794|2019-04-17|SO|I ACa 117/18|Wyrok|https://www.saos.org.pl/judgments/384794
383000|2019-04-17|SO|VIII C 2027/18|Wyrok|https://www.saos.org.pl/judgments/383000
403243|2019-04-16|SO|I AGa 488/18|Wyrok|https://www.saos.org.pl/judgments/403243
396475|2019-04-16|SO|I C 188/19|Wyrok|https://www.saos.org.pl/judgments/396475
394636|2019-04-16|SO|VI GC 1692/18|Wyrok|https://www.saos.org.pl/judgments/394636
386036|2019-04-16|SO|I C 1301/18|Wyrok|https://www.saos.org.pl/judgments/386036
381103|2019-04-16|SO|XII C 285/18|Wyrok|https://www.saos.org.pl/judgments/381103
376920|2019-04-16|SO|I C 1673/18|Wyrok|https://www.saos.org.pl/judgments/376920
388553|2019-04-15|SO|III Ca 1311/18|Uzasadnienie|https://www.saos.org.pl/judgments/388553
381105|2019-04-15|SO|XII C 317/18|Wyrok|https://www.saos.org.pl/judgments/381105
383957|2019-04-12|SO|II Ca 417/19|Zarządzenie|https://www.saos.org.pl/judgments/383957
379971|2019-04-12|SO|VI GC 2200/18|Wyrok|https://www.saos.org.pl/judgments/379971
410329|2019-04-11|SO|I C 417/15|Wyrok|https://www.saos.org.pl/judgments/410329
396941|2019-04-11|SO|I C 401/18|Zarządzenie|https://www.saos.org.pl/judgments/396941
381107|2019-04-11|SO|XII C 516/16|Wyrok|https://www.saos.org.pl/judgments/381107
379974|2019-04-11|SO|VI GC 240/18|Wyrok|https://www.saos.org.pl/judgments/379974
414835|2019-04-10|SO|V GC 1739/18|Wyrok|https://www.saos.org.pl/judgments/414835
402033|2019-04-10|SO|I AGa 247/18|Wyrok|https://www.saos.org.pl/judgments/402033
383628|2019-04-10|SO|I ACa 353/18|Wyrok|https://www.saos.org.pl/judgments/383628
378921|2019-04-10|SO|III Ca 59/19|Wyrok|https://www.saos.org.pl/judgments/378921
382079|2019-04-09|SO|I ACa 489/18|Wyrok|https://www.saos.org.pl/judgments/382079
377014|2019-04-09|SO|I C 233/19|Wyrok|https://www.saos.org.pl/judgments/377014
426913|2019-04-08|SO|I C 1072/17|Uzasadnienie|https://www.saos.org.pl/judgments/426913
388454|2019-04-08|SO|III Ca 2014/18|Uzasadnienie|https://www.saos.org.pl/judgments/388454
388961|2019-04-04|SO|VIII Pa 202/18|Wyrok|https://www.saos.org.pl/judgments/388961
383002|2019-04-04|SO|VIII C 2058/18|Wyrok|https://www.saos.org.pl/judgments/383002
382670|2019-04-04|SO|III Ca 1194/18|Wyrok|https://www.saos.org.pl/judgments/382670
376589|2019-04-04|SO|I ACa 865/18|Wyrok|https://www.saos.org.pl/judgments/376589
407117|2019-04-03|SO|I AGa 422/18|Wyrok|https://www.saos.org.pl/judgments/407117
377504|2019-04-03|SO|I Ca 56/19|Postanowienie|https://www.saos.org.pl/judgments/377504
449860|2019-04-02|SO|I ACa 476/18|Wyrok|https://www.saos.org.pl/judgments/449860
437115|2019-04-02|SO|IX GC 1566/18|Uzasadnienie|https://www.saos.org.pl/judgments/437115
388800|2019-04-02|SO|V AGa 28/19|Wyrok|https://www.saos.org.pl/judgments/388800
388006|2019-04-02|SO|V ACa 298/18|Wyrok|https://www.saos.org.pl/judgments/388006
383015|2019-04-02|SO|VIII C 2291/18|Wyrok|https://www.saos.org.pl/judgments/383015
383006|2019-04-02|SO|VIII C 2180/18|Wyrok|https://www.saos.org.pl/judgments/383006
377163|2019-04-02|SO|I C 4365/18|Wyrok|https://www.saos.org.pl/judgments/377163
377063|2019-04-02|SO|I C 2848/17|Wyrok|https://www.saos.org.pl/judgments/377063
391464|2019-04-01|SO|VI ACa 104/19|Wyrok|https://www.saos.org.pl/judgments/391464
383955|2019-04-01|SO|II Ca 387/19|Zarządzenie|https://www.saos.org.pl/judgments/383955
383012|2019-04-01|SO|VIII C 2255/18|Wyrok|https://www.saos.org.pl/judgments/383012
376355|2019-04-01|SO|I ACa 167/18|Wyrok|https://www.saos.org.pl/judgments/376355
403888|2019-03-29|SO|I AGa 306/18|Wyrok|https://www.saos.org.pl/judgments/403888
383407|2019-03-29|SO|VII AGa 611/18|Wyrok|https://www.saos.org.pl/judgments/383407
382833|2019-03-29|SO|VIII C 1819/18|Wyrok|https://www.saos.org.pl/judgments/382833
377939|2019-03-29|SO|II Ca 184/19|Wyrok|https://www.saos.org.pl/judgments/377939
376591|2019-03-29|SO|I ACa 871/18|Wyrok|https://www.saos.org.pl/judgments/376591
375101|2019-03-29|SO|I C 1003/18|Wyrok|https://www.saos.org.pl/judgments/375101
405814|2019-03-28|SO|VII AGa 1132/18|Wyrok|https://www.saos.org.pl/judgments/405814
377899|2019-03-28|SO|II Ca 151/19|Wyrok|https://www.saos.org.pl/judgments/377899
377373|2019-03-28|SO|I C 851/17|Wyrok|https://www.saos.org.pl/judgments/377373
379566|2019-03-27|SO|IX Ca 1490/18|Wyrok|https://www.saos.org.pl/judgments/379566
379118|2019-03-27|SO|IV Ca 83/19|Postanowienie|https://www.saos.org.pl/judgments/379118
376726|2019-03-27|SO|I C 1080/16|Wyrok|https://www.saos.org.pl/judgments/376726
376674|2019-03-27|SO|I AGa 230/18|Wyrok|https://www.saos.org.pl/judgments/376674
406031|2019-03-26|SO|I C 62/19|Wyrok|https://www.saos.org.pl/judgments/406031
403324|2019-03-26|SO|I C 1667/18|Wyrok|https://www.saos.org.pl/judgments/403324
387128|2019-03-26|SO|XV Ca 1415/18|Postanowienie|https://www.saos.org.pl/judgments/387128
381087|2019-03-26|SO|XII C 1111/18|Wyrok|https://www.saos.org.pl/judgments/381087
380011|2019-03-26|SO|VI GC 895/15|Wyrok|https://www.saos.org.pl/judgments/380011
449858|2019-03-25|SO|XVI GC 4259/18|Zarządzenie|https://www.saos.org.pl/judgments/449858
419311|2019-03-25|SO|I ACa 1330/16|Wyrok|https://www.saos.org.pl/judgments/419311
403887|2019-03-25|SO|I AGa 294/18|Wyrok|https://www.saos.org.pl/judgments/403887
389334|2019-03-22|SO|II Ca 1001/18|Zarządzenie|https://www.saos.org.pl/judgments/389334
384527|2019-03-22|SO|I1 C 3433/18|Wyrok|https://www.saos.org.pl/judgments/384527
382838|2019-03-22|SO|VIII C 1899/18|Wyrok|https://www.saos.org.pl/judgments/382838
529186|2019-03-21|SO|II Ca 848/18|Zarządzenie|https://www.saos.org.pl/judgments/529186
434719|2019-03-20|SO|I ACa 665/18|Wyrok|https://www.saos.org.pl/judgments/434719
388023|2019-03-20|SO|V GC 261/18|Wyrok|https://www.saos.org.pl/judgments/388023
378678|2019-03-20|SO|III C 1669/18|Wyrok|https://www.saos.org.pl/judgments/378678
376970|2019-03-20|SO|I C 2006/18|Wyrok|https://www.saos.org.pl/judgments/376970
376667|2019-03-20|SO|I AGa 211/18|Wyrok|https://www.saos.org.pl/judgments/376667
446398|2019-03-19|SO|III C 990/18|Wyrok|https://www.saos.org.pl/judgments/446398
406266|2019-03-19|SO|I AGa 88/18|Wyrok|https://www.saos.org.pl/judgments/406266
390430|2019-03-19|SO|V ACa 186/18|Wyrok|https://www.saos.org.pl/judgments/390430
382773|2019-03-19|SO|I ACa 2461/15|Wyrok|https://www.saos.org.pl/judgments/382773
376988|2019-03-19|SO|I C 2111/18|Wyrok|https://www.saos.org.pl/judgments/376988
382847|2019-03-18|SO|VIII C 2106/18|Wyrok|https://www.saos.org.pl/judgments/382847
396508|2019-03-15|SO|I C 84/19|Wyrok|https://www.saos.org.pl/judgments/396508
386186|2019-03-15|SO|V ACa 649/18|Wyrok|https://www.saos.org.pl/judgments/386186
381756|2019-03-15|SO|I C 1082/18|Wyrok|https://www.saos.org.pl/judgments/381756
446377|2019-03-14|SO|III C 1060/16|Wyrok|https://www.saos.org.pl/judgments/446377
396820|2019-03-14|SO|I ACa 407/18|Wyrok|https://www.saos.org.pl/judgments/396820
390550|2019-03-14|SO|I AGa 182/18|Wyrok|https://www.saos.org.pl/judgments/390550
382846|2019-03-14|SO|VIII C 2029/18|Wyrok|https://www.saos.org.pl/judgments/382846
380171|2019-03-14|SO|VII AGa 1208/18|Wyrok|https://www.saos.org.pl/judgments/380171
377372|2019-03-14|SO|I C 849/18|Wyrok|https://www.saos.org.pl/judgments/377372
376688|2019-03-14|SO|I C 1001/17|Wyrok|https://www.saos.org.pl/judgments/376688
398210|2019-03-13|SO|VI ACa 1478/17|Wyrok|https://www.saos.org.pl/judgments/398210
390432|2019-03-13|SO|V ACa 782/17|Wyrok|https://www.saos.org.pl/judgments/390432
382822|2019-03-13|SO|VIII C 1264/18|Wyrok|https://www.saos.org.pl/judgments/382822
376941|2019-03-13|SO|I C 1873/18|Wyrok|https://www.saos.org.pl/judgments/376941
413426|2019-03-12|SO|V ACa 280/18|Wyrok|https://www.saos.org.pl/judgments/413426
398827|2019-03-12|SO|I C 96/19|Wyrok|https://www.saos.org.pl/judgments/398827
383375|2019-03-12|SO|XXV C 904/14|Wyrok|https://www.saos.org.pl/judgments/383375
382845|2019-03-12|SO|VIII C 2028/18|Wyrok|https://www.saos.org.pl/judgments/382845
377828|2019-03-12|SO|II C 882/16|Uzasadnienie|https://www.saos.org.pl/judgments/377828
377378|2019-03-12|SO|I C 864/18|Wyrok|https://www.saos.org.pl/judgments/377378
382997|2019-03-11|SO|VIII C 1954/18|Wyrok|https://www.saos.org.pl/judgments/382997
380205|2019-03-11|SO|VII AGa 662/18|Wyrok|https://www.saos.org.pl/judgments/380205
377367|2019-03-11|SO|I C 84/19|Zarządzenie|https://www.saos.org.pl/judgments/377367
374328|2019-03-11|SO|VIII C 1951/18|Wyrok|https://www.saos.org.pl/judgments/374328
404442|2019-03-08|SO|I C 973/17|Wyrok|https://www.saos.org.pl/judgments/404442
384930|2019-03-08|SO|I1 C 2328/18|Wyrok|https://www.saos.org.pl/judgments/384930
384279|2019-03-08|SO|III Ca 2078/18|Uzasadnienie|https://www.saos.org.pl/judgments/384279
382852|2019-03-08|SO|VIII C 2197/18|Wyrok|https://www.saos.org.pl/judgments/382852
377262|2019-03-08|SO|I C 64/19|Wyrok|https://www.saos.org.pl/judgments/377262
375482|2019-03-08|SO|IV GC 1562/17|Uzasadnienie|https://www.saos.org.pl/judgments/375482
401427|2019-03-07|SO|I C 2714/18|Wyrok|https://www.saos.org.pl/judgments/401427
397523|2019-03-07|SO|XII Ga 916/17|Wyrok|https://www.saos.org.pl/judgments/397523
397495|2019-03-07|SO|VII AGa 1186/18|Wyrok|https://www.saos.org.pl/judgments/397495
389665|2019-03-07|SO|II Ca 709/18|Wyrok|https://www.saos.org.pl/judgments/389665
378022|2019-03-07|SO|II Ca 6/19|Wyrok|https://www.saos.org.pl/judgments/378022
376380|2019-03-07|SO|I ACa 1819/17|Wyrok|https://www.saos.org.pl/judgments/376380
395498|2019-03-06|SO|I1 C 2740/18|Wyrok|https://www.saos.org.pl/judgments/395498
387449|2019-03-06|SO|III Ca 1420/18|Uzasadnienie|https://www.saos.org.pl/judgments/387449
385392|2019-03-06|SO|III Ca 1700/18|Uzasadnienie|https://www.saos.org.pl/judgments/385392
382860|2019-03-06|SO|VIII C 2549/18|Wyrok|https://www.saos.org.pl/judgments/382860
382837|2019-03-06|SO|VIII C 1852/18|Wyrok|https://www.saos.org.pl/judgments/382837
382835|2019-03-06|SO|VIII C 1836/18|Wyrok|https://www.saos.org.pl/judgments/382835
382834|2019-03-06|SO|VIII C 1828/18|Wyrok|https://www.saos.org.pl/judgments/382834
377440|2019-03-06|SO|I C 994/18|Wyrok|https://www.saos.org.pl/judgments/377440
376548|2019-03-06|SO|I ACa 692/18|Wyrok|https://www.saos.org.pl/judgments/376548
419693|2019-03-05|SO|I ACa 781/18|Wyrok|https://www.saos.org.pl/judgments/419693
398828|2019-03-05|SO|I C 97/19|Wyrok|https://www.saos.org.pl/judgments/398828
382824|2019-03-05|SO|VIII C 1458/18|Wyrok|https://www.saos.org.pl/judgments/382824
376405|2019-03-05|SO|I ACa 300/18|Wyrok|https://www.saos.org.pl/judgments/376405
374932|2019-03-05|SO|I C 1859/18|Wyrok|https://www.saos.org.pl/judgments/374932
374326|2019-03-05|SO|VIII C 1948/18|Wyrok|https://www.saos.org.pl/judgments/374326
413430|2019-03-04|SO|V GC 1524/18|Wyrok|https://www.saos.org.pl/judgments/413430
394430|2019-03-04|SO|VI ACa 1288/17|Wyrok|https://www.saos.org.pl/judgments/394430
387762|2019-03-04|SO|I C 33/19|Wyrok|https://www.saos.org.pl/judgments/387762
378916|2019-03-04|SO|III Ca 45/19|Uzasadnienie|https://www.saos.org.pl/judgments/378916
374329|2019-03-04|SO|VIII C 1953/18|Wyrok|https://www.saos.org.pl/judgments/374329
395809|2019-03-01|SO|XVIII C 1441/18|Wyrok|https://www.saos.org.pl/judgments/395809
382844|2019-03-01|SO|VIII C 2015/18|Wyrok|https://www.saos.org.pl/judgments/382844
382841|2019-03-01|SO|VIII C 1952/18|Wyrok|https://www.saos.org.pl/judgments/382841
374334|2019-03-01|SO|VIII C 2016/18|Wyrok|https://www.saos.org.pl/judgments/374334
374325|2019-03-01|SO|VIII C 1947/18|Wyrok|https://www.saos.org.pl/judgments/374325
407225|2019-02-28|SO|I ACa 987/16|Wyrok|https://www.saos.org.pl/judgments/407225
386187|2019-02-28|SO|V AGa 199/18|Wyrok|https://www.saos.org.pl/judgments/386187
384273|2019-02-28|SO|III Ca 2060/18|Uzasadnienie|https://www.saos.org.pl/judgments/384273
384253|2019-02-28|SO|III Ca 1705/18|Uzasadnienie|https://www.saos.org.pl/judgments/384253
374338|2019-02-28|SO|VIII C 2107/18|Wyrok|https://www.saos.org.pl/judgments/374338
374327|2019-02-28|SO|VIII C 1950/18|Wyrok|https://www.saos.org.pl/judgments/374327
429939|2019-02-27|SO|V ACa 794/17|Wyrok|https://www.saos.org.pl/judgments/429939
396842|2019-02-27|SO|I AGa 280/18|Wyrok|https://www.saos.org.pl/judgments/396842
382779|2019-02-27|SO|I C 718/18|Wyrok|https://www.saos.org.pl/judgments/382779
374354|2019-02-27|SO|VIII C 2649/18|Wyrok|https://www.saos.org.pl/judgments/374354
422374|2019-02-26|SO|III C 512/18|Wyrok|https://www.saos.org.pl/judgments/422374
397406|2019-02-26|SO|I Ns 717/16|Postanowienie|https://www.saos.org.pl/judgments/397406
396376|2019-02-26|SO|V AGa 238/18|Wyrok|https://www.saos.org.pl/judgments/396376
396296|2019-02-26|SO|I ACa 16/19|Wyrok|https://www.saos.org.pl/judgments/396296
379699|2019-02-26|SO|V ACa 178/18|Wyrok|https://www.saos.org.pl/judgments/379699
376373|2019-02-26|SO|I ACa 1787/17|Wyrok|https://www.saos.org.pl/judgments/376373
373606|2019-02-26|SO|IX Ca 709/18|Wyrok|https://www.saos.org.pl/judgments/373606
440539|2019-02-25|SO|I AGa 378/18|Wyrok|https://www.saos.org.pl/judgments/440539
373242|2019-02-25|SO|I C 1657/18|Wyrok|https://www.saos.org.pl/judgments/373242
376302|2019-02-22|SO|I ACa 1079/18|Wyrok|https://www.saos.org.pl/judgments/376302
374744|2019-02-22|SO|I C 228/17|Wyrok|https://www.saos.org.pl/judgments/374744
374673|2019-02-22|SO|VIII C 1714/18|Wyrok|https://www.saos.org.pl/judgments/374673
421417|2019-02-21|SO|I C 180/18|Wyrok|https://www.saos.org.pl/judgments/421417
389370|2019-02-21|SO|II Ca 922/18|Uzasadnienie|https://www.saos.org.pl/judgments/389370
376233|2019-02-21|SO|XVI C 154/14|Wyrok|https://www.saos.org.pl/judgments/376233
375588|2019-02-21|SO|VI C 2708/17|Zarządzenie|https://www.saos.org.pl/judgments/375588
373989|2019-02-21|SO|III Ca 697/18|Postanowienie|https://www.saos.org.pl/judgments/373989
435502|2019-02-20|SO|I ACa 462/18|Wyrok|https://www.saos.org.pl/judgments/435502
435498|2019-02-20|SO|I ACa 400/18|Wyrok|https://www.saos.org.pl/judgments/435498
372842|2019-02-20|SO|I AGa 218/18|Wyrok|https://www.saos.org.pl/judgments/372842
481951|2019-02-19|SO|I ACa 387/18|Wyrok|https://www.saos.org.pl/judgments/481951
378902|2019-02-19|SO|III Ca 2057/18|Uzasadnienie|https://www.saos.org.pl/judgments/378902
374941|2019-02-19|SO|I C 826/18|Wyrok|https://www.saos.org.pl/judgments/374941
373939|2019-02-19|SO|I ACa 211/17|Wyrok|https://www.saos.org.pl/judgments/373939
502112|2019-02-18|SO|II Ca 64/19|Wyrok|https://www.saos.org.pl/judgments/502112
374678|2019-02-15|SO|VIII Ga 212/18|Uzasadnienie|https://www.saos.org.pl/judgments/374678
372782|2019-02-15|SO|V ACa 804/17|Wyrok|https://www.saos.org.pl/judgments/372782
528703|2019-02-14|SO|II Ca 874/18|Zarządzenie|https://www.saos.org.pl/judgments/528703
377340|2019-02-14|SO|I C 776/18|Zarządzenie|https://www.saos.org.pl/judgments/377340
373698|2019-02-14|SO|XII C 2185/17|Wyrok|https://www.saos.org.pl/judgments/373698
373678|2019-02-14|SO|VII P 580/18|Wyrok|https://www.saos.org.pl/judgments/373678
396304|2019-02-13|SO|I ACa 924/18|Wyrok|https://www.saos.org.pl/judgments/396304
371975|2019-02-13|SO|XI GC 96/18|Wyrok|https://www.saos.org.pl/judgments/371975
396458|2019-02-12|SO|I AGa 274/18|Wyrok|https://www.saos.org.pl/judgments/396458
387932|2019-02-12|SO|II1 C 79/18|Wyrok|https://www.saos.org.pl/judgments/387932
378953|2019-02-12|SO|III Ca 944/18|Uzasadnienie|https://www.saos.org.pl/judgments/378953
377505|2019-02-12|SO|I Ca 57/18|Wyrok|https://www.saos.org.pl/judgments/377505
377313|2019-02-12|SO|I C 739/18|Wyrok|https://www.saos.org.pl/judgments/377313
377312|2019-02-12|SO|I C 738/18|Wyrok|https://www.saos.org.pl/judgments/377312
377308|2019-02-12|SO|I C 737/18|Wyrok|https://www.saos.org.pl/judgments/377308
376155|2019-02-12|SO|VIII C 2465/18|Wyrok|https://www.saos.org.pl/judgments/376155
373329|2019-02-12|SO|II Ca 970/18|Wyrok|https://www.saos.org.pl/judgments/373329
372851|2019-02-12|SO|I C 182/18|Wyrok|https://www.saos.org.pl/judgments/372851
370610|2019-02-11|SO|VIII GC 527/17|Zarządzenie|https://www.saos.org.pl/judgments/370610
380201|2019-02-08|SO|VII AGa 577/18|Wyrok|https://www.saos.org.pl/judgments/380201
376153|2019-02-08|SO|VIII C 1480/18|Wyrok|https://www.saos.org.pl/judgments/376153
374675|2019-02-08|SO|VIII C 1973/18|Wyrok|https://www.saos.org.pl/judgments/374675
374322|2019-02-08|SO|VIII C 1928/18|Wyrok|https://www.saos.org.pl/judgments/374322
372503|2019-02-08|SO|V ACa 17/18|Wyrok|https://www.saos.org.pl/judgments/372503
378072|2019-02-07|SO|II Ca 870/18|Zarządzenie|https://www.saos.org.pl/judgments/378072
377084|2019-02-07|SO|I C 324/18|Wyrok|https://www.saos.org.pl/judgments/377084
414990|2019-02-06|SO|I C 2832/16|Wyrok|https://www.saos.org.pl/judgments/414990
378827|2019-02-06|SO|III Ca 1596/18|Uzasadnienie|https://www.saos.org.pl/judgments/378827
374320|2019-02-06|SO|VIII C 1905/18|Wyrok|https://www.saos.org.pl/judgments/374320
374319|2019-02-06|SO|VIII C 1904/18|Wyrok|https://www.saos.org.pl/judgments/374319
374317|2019-02-06|SO|VIII C 1894/18|Wyrok|https://www.saos.org.pl/judgments/374317
374309|2019-02-06|SO|VIII C 1824/18|Wyrok|https://www.saos.org.pl/judgments/374309
373992|2019-02-06|SO|III Ca 844/18|Wyrok|https://www.saos.org.pl/judgments/373992
376914|2019-02-05|SO|I C 1656/18|Wyrok|https://www.saos.org.pl/judgments/376914
376471|2019-02-05|SO|I ACa 518/18|Wyrok|https://www.saos.org.pl/judgments/376471
374331|2019-02-05|SO|VIII C 1963/18|Wyrok|https://www.saos.org.pl/judgments/374331
374330|2019-02-05|SO|VIII C 1962/18|Wyrok|https://www.saos.org.pl/judgments/374330
374313|2019-02-05|SO|VIII C 1837/18|Wyrok|https://www.saos.org.pl/judgments/374313
374311|2019-02-04|SO|VIII C 1829/18|Wyrok|https://www.saos.org.pl/judgments/374311
468249|2019-02-01|SO|I C 295/18|Uzasadnienie|https://www.saos.org.pl/judgments/468249
419234|2019-02-01|SO|I C 324/18|Uzasadnienie|https://www.saos.org.pl/judgments/419234
373263|2019-02-01|SO|I C 4418/18|Wyrok|https://www.saos.org.pl/judgments/373263
388756|2019-01-31|SO|I C 817/18|Uzasadnienie|https://www.saos.org.pl/judgments/388756
385288|2019-01-31|SO|I C 1006/17|Wyrok|https://www.saos.org.pl/judgments/385288
374437|2019-01-31|SO|I AGa 269/18|Wyrok|https://www.saos.org.pl/judgments/374437
374315|2019-01-31|SO|VIII C 1851/18|Wyrok|https://www.saos.org.pl/judgments/374315
373696|2019-01-31|SO|XII C 1605/18|Wyrok|https://www.saos.org.pl/judgments/373696
372244|2019-01-31|SO|I Ns 290/17|Postanowienie|https://www.saos.org.pl/judgments/372244
388380|2019-01-30|SO|I C 4154/18|Uzasadnienie|https://www.saos.org.pl/judgments/388380
374316|2019-01-30|SO|VIII C 1887/18|Wyrok|https://www.saos.org.pl/judgments/374316
374301|2019-01-30|SO|VIII C 1681/18|Wyrok|https://www.saos.org.pl/judgments/374301
374300|2019-01-30|SO|VIII C 1641/18|Wyrok|https://www.saos.org.pl/judgments/374300
374299|2019-01-30|SO|VIII C 1636/18|Wyrok|https://www.saos.org.pl/judgments/374299
374298|2019-01-30|SO|VIII C 1634/18|Wyrok|https://www.saos.org.pl/judgments/374298
374052|2019-01-30|SO|I ACa 426/18|Wyrok|https://www.saos.org.pl/judgments/374052
373260|2019-01-30|SO|I C 3908/18|Wyrok|https://www.saos.org.pl/judgments/373260
371516|2019-01-30|SO|I Ns 221/18|Postanowienie|https://www.saos.org.pl/judgments/371516
370312|2019-01-30|SO|XI GC 928/18|Wyrok|https://www.saos.org.pl/judgments/370312
369952|2019-01-30|SO|I C 1385/18|Wyrok|https://www.saos.org.pl/judgments/369952
388696|2019-01-29|SO|I C 1606/14|Wyrok|https://www.saos.org.pl/judgments/388696
369467|2019-01-29|SO|I C 808/18|Wyrok|https://www.saos.org.pl/judgments/369467
397774|2019-01-28|SO|I C 2159/18|Wyrok|https://www.saos.org.pl/judgments/397774
397693|2019-01-28|SO|I C 3212/18|Wyrok|https://www.saos.org.pl/judgments/397693
426928|2019-01-27|SO|I C 1724/17|Uzasadnienie|https://www.saos.org.pl/judgments/426928
389254|2019-01-25|SO|VI ACa 1360/17|Wyrok|https://www.saos.org.pl/judgments/389254
378060|2019-01-25|SO|II Ca 761/18|Zarządzenie|https://www.saos.org.pl/judgments/378060
377157|2019-01-25|SO|I C 426/18|Wyrok|https://www.saos.org.pl/judgments/377157
374250|2019-01-25|SO|IV Ca 67/17|Wyrok|https://www.saos.org.pl/judgments/374250
395257|2019-01-24|SO|I ACa 225/18|Wyrok|https://www.saos.org.pl/judgments/395257
392704|2019-01-24|SO|VII AGa 606/18|Wyrok|https://www.saos.org.pl/judgments/392704
372161|2019-01-24|SO|V ACa 655/17|Wyrok|https://www.saos.org.pl/judgments/372161
400629|2019-01-23|SO|VI ACa 1431/17|Wyrok|https://www.saos.org.pl/judgments/400629
396616|2019-01-23|SO|VIII GC 4661/17|Wyrok|https://www.saos.org.pl/judgments/396616
392153|2019-01-23|SO|I C 432/18|Wyrok|https://www.saos.org.pl/judgments/392153
380196|2019-01-23|SO|VII AGa 516/18|Wyrok|https://www.saos.org.pl/judgments/380196
376318|2019-01-23|SO|I ACa 1247/17|Wyrok|https://www.saos.org.pl/judgments/376318
374304|2019-01-23|SO|VIII C 1737/18|Wyrok|https://www.saos.org.pl/judgments/374304
374297|2019-01-23|SO|VIII C 1633/18|Wyrok|https://www.saos.org.pl/judgments/374297
374296|2019-01-23|SO|VIII C 1631/18|Wyrok|https://www.saos.org.pl/judgments/374296
374295|2019-01-23|SO|VIII C 1629/18|Wyrok|https://www.saos.org.pl/judgments/374295
430622|2019-01-22|SO|I C 1080/18|Wyrok|https://www.saos.org.pl/judgments/430622
395485|2019-01-22|SO|I AGa 264/18|Wyrok|https://www.saos.org.pl/judgments/395485
379695|2019-01-22|SO|V ACa 1580/17|Wyrok|https://www.saos.org.pl/judgments/379695
376560|2019-01-22|SO|I ACa 727/18|Wyrok|https://www.saos.org.pl/judgments/376560
374380|2019-01-22|SO|VIII C 701/18|Wyrok|https://www.saos.org.pl/judgments/374380
420207|2019-01-21|SO|I ACa 298/18|Wyrok|https://www.saos.org.pl/judgments/420207
396230|2019-01-21|SO|VI ACa 1024/17|Wyrok|https://www.saos.org.pl/judgments/396230
387936|2019-01-21|SO|II1 C 89/18|Wyrok|https://www.saos.org.pl/judgments/387936
530528|2019-01-18|SO|II Ca 21/19|Wyrok|https://www.saos.org.pl/judgments/530528
423692|2019-01-18|SO|I C 1281/17|Zarządzenie|https://www.saos.org.pl/judgments/423692
385632|2019-01-18|SO|I AGa 339/18|Wyrok|https://www.saos.org.pl/judgments/385632
374049|2019-01-18|SO|I ACa 1652/17|Wyrok|https://www.saos.org.pl/judgments/374049
373022|2019-01-18|SO|VII AGa 469/18|Wyrok|https://www.saos.org.pl/judgments/373022
370200|2019-01-18|SO|I C 707/18|Wyrok|https://www.saos.org.pl/judgments/370200
369056|2019-01-17|SO|IX Ca 762/18|Wyrok|https://www.saos.org.pl/judgments/369056
423591|2019-01-16|SO|I C 4032/18|Zarządzenie|https://www.saos.org.pl/judgments/423591
417833|2019-01-16|SO|I C 3426/18|Zarządzenie|https://www.saos.org.pl/judgments/417833
382828|2019-01-16|SO|VIII C 1608/18|Wyrok|https://www.saos.org.pl/judgments/382828
374293|2019-01-16|SO|VIII C 1612/18|Wyrok|https://www.saos.org.pl/judgments/374293
374032|2019-01-16|SO|VIII GC 2546/18|Wyrok|https://www.saos.org.pl/judgments/374032
368395|2019-01-16|SO|VIII C 70/18|Wyrok|https://www.saos.org.pl/judgments/368395
453037|2019-01-15|SO|II C 281/13|Uzasadnienie|https://www.saos.org.pl/judgments/453037
377407|2019-01-15|SO|I C 942/18|Wyrok|https://www.saos.org.pl/judgments/377407
376882|2019-01-15|SO|I C 1525/17|Wyrok|https://www.saos.org.pl/judgments/376882
376741|2019-01-15|SO|I C 1120/18|Wyrok|https://www.saos.org.pl/judgments/376741
370465|2019-01-15|SO|I C 1340/18|Wyrok|https://www.saos.org.pl/judgments/370465
374306|2019-01-14|SO|VIII C 1806/18|Wyrok|https://www.saos.org.pl/judgments/374306
374307|2019-01-11|SO|VIII C 1807/18|Wyrok|https://www.saos.org.pl/judgments/374307
374303|2019-01-11|SO|VIII C 1720/18|Wyrok|https://www.saos.org.pl/judgments/374303
408989|2019-01-10|SO|I C 284/17|Wyrok|https://www.saos.org.pl/judgments/408989
377237|2019-01-10|SO|I C 593/18|Uzasadnienie|https://www.saos.org.pl/judgments/377237
375311|2019-01-10|SO|II C 1591/18|Wyrok|https://www.saos.org.pl/judgments/375311
372819|2019-01-10|SO|X GC 1990/18|Wyrok|https://www.saos.org.pl/judgments/372819
395942|2019-01-09|SO|I ACa 321/18|Wyrok|https://www.saos.org.pl/judgments/395942
373551|2019-01-09|SO|III Ca 688/18|Uzasadnienie|https://www.saos.org.pl/judgments/373551
367458|2019-01-08|SO|I C 1746/18|Wyrok|https://www.saos.org.pl/judgments/367458
366799|2019-01-08|SO|III Ca 1628/18|Uzasadnienie|https://www.saos.org.pl/judgments/366799
434653|2019-01-04|SO|I C 2115/17|Uzasadnienie|https://www.saos.org.pl/judgments/434653
405170|2019-01-02|SO|I ACa 236/18|Wyrok|https://www.saos.org.pl/judgments/405170
379921|2019-01-02|SO|VI ACa 980/17|Wyrok|https://www.saos.org.pl/judgments/379921
415003|2018-12-31|SO|II Ca 589/18|Postanowienie|https://www.saos.org.pl/judgments/415003
373385|2018-12-31|SO|III Ca 1263/18|Uzasadnienie|https://www.saos.org.pl/judgments/373385
368244|2018-12-31|SO|I C 757/18|Wyrok|https://www.saos.org.pl/judgments/368244
368221|2018-12-31|SO|V ACa 1263/17|Wyrok|https://www.saos.org.pl/judgments/368221
381254|2018-12-28|SO|XVI GC 1149/17|Wyrok|https://www.saos.org.pl/judgments/381254
371530|2018-12-28|SO|II Ca 899/18|Wyrok|https://www.saos.org.pl/judgments/371530
371529|2018-12-28|SO|II Ca 898/18|Wyrok|https://www.saos.org.pl/judgments/371529
367650|2018-12-28|SO|I C 838/18|Wyrok|https://www.saos.org.pl/judgments/367650
365680|2018-12-28|SO|XVI C 3387/16|Uzasadnienie|https://www.saos.org.pl/judgments/365680
377439|2018-12-27|SO|I C 993/18|Zarządzenie|https://www.saos.org.pl/judgments/377439
376451|2018-12-27|SO|I ACa 478/18|Wyrok|https://www.saos.org.pl/judgments/376451
428557|2018-12-21|SO|VIII GC 109/15|Uzasadnienie|https://www.saos.org.pl/judgments/428557
407205|2018-12-21|SO|I ACa 1784/14|Wyrok|https://www.saos.org.pl/judgments/407205
389645|2018-12-21|SO|II Ca 1023/17|Postanowienie|https://www.saos.org.pl/judgments/389645
376413|2018-12-21|SO|I ACa 339/18|Wyrok|https://www.saos.org.pl/judgments/376413
368692|2018-12-21|SO|I C 621/18|Uzasadnienie|https://www.saos.org.pl/judgments/368692
367039|2018-12-21|SO|VIII Ns 208/16|Postanowienie|https://www.saos.org.pl/judgments/367039
365061|2018-12-21|SO|II Ca 241/18|Wyrok|https://www.saos.org.pl/judgments/365061
446662|2018-12-20|SO|II Ca 1297/18|Wyrok|https://www.saos.org.pl/judgments/446662
417944|2018-12-20|SO|I C 720/16|Wyrok|https://www.saos.org.pl/judgments/417944
389306|2018-12-20|SO|I ACa 305/18|Wyrok|https://www.saos.org.pl/judgments/389306
379721|2018-12-20|SO|V ACa 579/18|Wyrok|https://www.saos.org.pl/judgments/379721
367193|2018-12-20|SO|III Ca 890/18|Wyrok|https://www.saos.org.pl/judgments/367193
366667|2018-12-20|SO|I C 1443/17|Wyrok|https://www.saos.org.pl/judgments/366667
366476|2018-12-20|SO|IX Ca 856/17|Postanowienie|https://www.saos.org.pl/judgments/366476
419895|2018-12-19|SO|I C 854/17|Wyrok|https://www.saos.org.pl/judgments/419895
385616|2018-12-19|SO|I ACa 527/18|Wyrok|https://www.saos.org.pl/judgments/385616
378032|2018-12-19|SO|II Ca 664/18|Zarządzenie|https://www.saos.org.pl/judgments/378032
369473|2018-12-19|SO|I Ca 454/18|Wyrok|https://www.saos.org.pl/judgments/369473
411024|2018-12-18|SO|I C 239/18|Uzasadnienie|https://www.saos.org.pl/judgments/411024
385248|2018-12-18|SO|XV Ca 520/18|Postanowienie|https://www.saos.org.pl/judgments/385248
367451|2018-12-18|SO|I C 1536/18|Wyrok|https://www.saos.org.pl/judgments/367451
413751|2018-12-14|SO|XXV C 933/17|Wyrok|https://www.saos.org.pl/judgments/413751
367635|2018-12-14|SO|I ACa 1709/17|Wyrok|https://www.saos.org.pl/judgments/367635
434698|2018-12-13|SO|I ACa 284/18|Wyrok|https://www.saos.org.pl/judgments/434698
379917|2018-12-13|SO|VI ACa 746/18|Wyrok|https://www.saos.org.pl/judgments/379917
379106|2018-12-13|SO|IV Ca 704/18|Wyrok|https://www.saos.org.pl/judgments/379106
374225|2018-12-13|SO|II Ca 679/17|Postanowienie|https://www.saos.org.pl/judgments/374225
367192|2018-12-13|SO|III Ca 416/18|Wyrok|https://www.saos.org.pl/judgments/367192
366555|2018-12-13|SO|VIII C 2301/18|Wyrok|https://www.saos.org.pl/judgments/366555
365430|2018-12-13|SO|I C 25/18|Wyrok|https://www.saos.org.pl/judgments/365430
464245|2018-12-12|SO|I ACa 582/18|Wyrok|https://www.saos.org.pl/judgments/464245
417243|2018-12-12|SO|XVIII C 645/15|Wyrok|https://www.saos.org.pl/judgments/417243
398722|2018-12-12|SO|I C 1288/15|Wyrok|https://www.saos.org.pl/judgments/398722
387351|2018-12-12|SO|VI ACa 749/18|Wyrok|https://www.saos.org.pl/judgments/387351
367852|2018-12-12|SO|I Ca 218/18|Postanowienie|https://www.saos.org.pl/judgments/367852
367552|2018-12-12|SO|VIII C 1684/18|Wyrok|https://www.saos.org.pl/judgments/367552
485866|2018-12-11|SO|II Ca 1034/18|Postanowienie|https://www.saos.org.pl/judgments/485866
420245|2018-12-11|SO|I C 2092/17|Uzasadnienie|https://www.saos.org.pl/judgments/420245
376663|2018-12-11|SO|I AGa 203/18|Wyrok|https://www.saos.org.pl/judgments/376663
371577|2018-12-11|SO|VII C 615/18|Zarządzenie|https://www.saos.org.pl/judgments/371577
367448|2018-12-11|SO|I C 1447/18|Wyrok|https://www.saos.org.pl/judgments/367448
366529|2018-12-11|SO|VIII C 1212/18|Wyrok|https://www.saos.org.pl/judgments/366529
365301|2018-12-11|SO|IV Ca 710/18|Wyrok|https://www.saos.org.pl/judgments/365301
379919|2018-12-10|SO|VI ACa 924/17|Wyrok|https://www.saos.org.pl/judgments/379919
369598|2018-12-10|SO|III Ca 1355/18|Uzasadnienie|https://www.saos.org.pl/judgments/369598
366540|2018-12-10|SO|VIII C 1465/18|Wyrok|https://www.saos.org.pl/judgments/366540
365701|2018-12-10|SO|I C 76/16|Wyrok|https://www.saos.org.pl/judgments/365701
365420|2018-12-10|SO|I C 1401/18|Zarządzenie|https://www.saos.org.pl/judgments/365420
388860|2018-12-07|SO|I AGa 231/18|Wyrok|https://www.saos.org.pl/judgments/388860
376428|2018-12-07|SO|I ACa 400/18|Wyrok|https://www.saos.org.pl/judgments/376428
368242|2018-12-07|SO|I C 163/18|Wyrok|https://www.saos.org.pl/judgments/368242
388841|2018-12-06|SO|I ACa 211/18|Wyrok|https://www.saos.org.pl/judgments/388841
380914|2018-12-06|SO|X GC 577/18|Uzasadnienie|https://www.saos.org.pl/judgments/380914
379754|2018-12-06|SO|V AGa 157/18|Wyrok|https://www.saos.org.pl/judgments/379754
373023|2018-12-06|SO|VII AGa 487/18|Wyrok|https://www.saos.org.pl/judgments/373023
372081|2018-12-06|SO|VII AGa 451/18|Wyrok|https://www.saos.org.pl/judgments/372081
418678|2018-12-05|SO|I ACa 164/18|Wyrok|https://www.saos.org.pl/judgments/418678
412278|2018-12-05|SO|I C 1775/17|Zarządzenie|https://www.saos.org.pl/judgments/412278
382090|2018-12-05|SO|I C 1002/17|Wyrok|https://www.saos.org.pl/judgments/382090
366552|2018-12-05|SO|VIII C 2132/18|Wyrok|https://www.saos.org.pl/judgments/366552
366548|2018-12-05|SO|VIII C 1823/18|Wyrok|https://www.saos.org.pl/judgments/366548
374422|2018-12-04|SO|I ACa 373/18|Wyrok|https://www.saos.org.pl/judgments/374422
366531|2018-12-04|SO|VIII C 1214/18|Wyrok|https://www.saos.org.pl/judgments/366531
444563|2018-12-03|SO|I C 933/17|Uzasadnienie|https://www.saos.org.pl/judgments/444563
426942|2018-12-03|SO|I C 3423/18|Zarządzenie|https://www.saos.org.pl/judgments/426942
384199|2018-12-03|SO|II Ca 921/17|Uzasadnienie|https://www.saos.org.pl/judgments/384199
373269|2018-12-03|SO|I C 544/18|Wyrok|https://www.saos.org.pl/judgments/373269
366775|2018-12-03|SO|III Ca 110/18|Uzasadnienie|https://www.saos.org.pl/judgments/366775
516586|2018-11-30|SO|II Ca 210/18|Wyrok|https://www.saos.org.pl/judgments/516586
438020|2018-11-30|SO|I ACa 165/18|Wyrok|https://www.saos.org.pl/judgments/438020
388842|2018-11-30|SO|I ACa 212/18|Wyrok|https://www.saos.org.pl/judgments/388842
387878|2018-11-30|SO|I AGa 316/18|Wyrok|https://www.saos.org.pl/judgments/387878
377609|2018-11-30|SO|I1 C 2495/18|Wyrok|https://www.saos.org.pl/judgments/377609
368165|2018-11-30|SO|II C 1098/18|Uzasadnienie|https://www.saos.org.pl/judgments/368165
366565|2018-11-30|SO|VIII C 688/18|Wyrok|https://www.saos.org.pl/judgments/366565
366543|2018-11-30|SO|VIII C 1550/17|Wyrok|https://www.saos.org.pl/judgments/366543
366527|2018-11-30|SO|VIII C 1206/18|Wyrok|https://www.saos.org.pl/judgments/366527
365181|2018-11-30|SO|II C 55/15|Wyrok|https://www.saos.org.pl/judgments/365181
364172|2018-11-30|SO|VIII Ga 564/18|Zarządzenie|https://www.saos.org.pl/judgments/364172
420985|2018-11-29|SO|IX GC 4110/17|Uzasadnienie|https://www.saos.org.pl/judgments/420985
371033|2018-11-29|SO|I Ca 246/18|Wyrok|https://www.saos.org.pl/judgments/371033
369822|2018-11-29|SO|VIII Pa 96/18|Wyrok|https://www.saos.org.pl/judgments/369822
366686|2018-11-29|SO|I C 325/18|Wyrok|https://www.saos.org.pl/judgments/366686
365913|2018-11-29|SO|I C 751/18|Wyrok|https://www.saos.org.pl/judgments/365913
365424|2018-11-29|SO|I C 1531/18|Wyrok|https://www.saos.org.pl/judgments/365424
365423|2018-11-29|SO|I C 1473/18|Wyrok|https://www.saos.org.pl/judgments/365423
369062|2018-11-28|SO|V ACa 1400/17|Wyrok|https://www.saos.org.pl/judgments/369062
368669|2018-11-28|SO|I C 1060/18|Wyrok|https://www.saos.org.pl/judgments/368669
367738|2018-11-28|SO|I C 3835/18|Wyrok|https://www.saos.org.pl/judgments/367738
365038|2018-11-28|SO|I C 1212/18|Wyrok|https://www.saos.org.pl/judgments/365038
380190|2018-11-27|SO|VII AGa 459/18|Wyrok|https://www.saos.org.pl/judgments/380190
372637|2018-11-27|SO|V Ca 512/18|Wyrok|https://www.saos.org.pl/judgments/372637
371347|2018-11-27|SO|I ACa 322/18|Wyrok|https://www.saos.org.pl/judgments/371347
366530|2018-11-27|SO|VIII C 1213/18|Wyrok|https://www.saos.org.pl/judgments/366530
365890|2018-11-27|SO|I C 1252/18|Wyrok|https://www.saos.org.pl/judgments/365890
385265|2018-11-26|SO|XXV C 1131/17|Wyrok|https://www.saos.org.pl/judgments/385265
367175|2018-11-26|SO|II Ca 729/18|Wyrok|https://www.saos.org.pl/judgments/367175
379915|2018-11-23|SO|VI ACa 738/18|Wyrok|https://www.saos.org.pl/judgments/379915
375084|2018-11-23|SO|V AGa 139/18|Wyrok|https://www.saos.org.pl/judgments/375084
368689|2018-11-23|SO|I C 58/16|Zarządzenie|https://www.saos.org.pl/judgments/368689
364760|2018-11-23|SO|I ACa 259/18|Postanowienie|https://www.saos.org.pl/judgments/364760
371355|2018-11-22|SO|I AGa 253/18|Wyrok|https://www.saos.org.pl/judgments/371355
366813|2018-11-22|SO|III Ca 833/18|Uzasadnienie|https://www.saos.org.pl/judgments/366813
366581|2018-11-22|SO|XII C 1393/16|Zarządzenie|https://www.saos.org.pl/judgments/366581
363546|2018-11-22|SO|I C 208/18|Wyrok|https://www.saos.org.pl/judgments/363546
419314|2018-11-21|SO|I ACa 180/18|Wyrok|https://www.saos.org.pl/judgments/419314
417659|2018-11-21|SO|I ACa 1157/17|Wyrok|https://www.saos.org.pl/judgments/417659
395115|2018-11-21|SO|I C 271/18|Uzasadnienie|https://www.saos.org.pl/judgments/395115
366559|2018-11-21|SO|VIII C 299/18|Wyrok|https://www.saos.org.pl/judgments/366559
365480|2018-11-21|SO|V ACa 1571/17|Wyrok|https://www.saos.org.pl/judgments/365480
363880|2018-11-21|SO|I C 842/18|Wyrok|https://www.saos.org.pl/judgments/363880
379975|2018-11-20|SO|VI GC 244/18|Wyrok|https://www.saos.org.pl/judgments/379975
379582|2018-11-20|SO|IX GC 144/17|Wyrok|https://www.saos.org.pl/judgments/379582
364759|2018-11-20|SO|I ACa 184/18|Wyrok|https://www.saos.org.pl/judgments/364759
522935|2018-11-19|SO|II Ca 615/18|Wyrok|https://www.saos.org.pl/judgments/522935
375544|2018-11-19|SO|V GC 1069/17|Wyrok|https://www.saos.org.pl/judgments/375544
367464|2018-11-19|SO|I C 308/18|Wyrok|https://www.saos.org.pl/judgments/367464
367453|2018-11-19|SO|I C 1565/18|Wyrok|https://www.saos.org.pl/judgments/367453
364716|2018-11-19|SO|I C 829/18|Wyrok|https://www.saos.org.pl/judgments/364716
363084|2018-11-19|SO|I C 1008/17|Wyrok|https://www.saos.org.pl/judgments/363084
426943|2018-11-16|SO|I C 3423/18|Wyrok|https://www.saos.org.pl/judgments/426943
374434|2018-11-15|SO|I AGa 241/18|Wyrok|https://www.saos.org.pl/judgments/374434
373620|2018-11-15|SO|V ACa 1455/17|Wyrok|https://www.saos.org.pl/judgments/373620
365298|2018-11-15|SO|IV Ca 646/18|Wyrok|https://www.saos.org.pl/judgments/365298
364694|2018-11-15|SO|V AGa 665/18|Wyrok|https://www.saos.org.pl/judgments/364694
434824|2018-11-14|SO|I C 1366/14|Zarządzenie|https://www.saos.org.pl/judgments/434824
428675|2018-11-14|SO|I ACa 152/18|Wyrok|https://www.saos.org.pl/judgments/428675
384441|2018-11-14|SO|IV P 10/17|Wyrok|https://www.saos.org.pl/judgments/384441
365901|2018-11-14|SO|I C 2229/17|Wyrok|https://www.saos.org.pl/judgments/365901
365733|2018-11-14|SO|II C 39/18|Wyrok|https://www.saos.org.pl/judgments/365733
365410|2018-11-14|SO|I ACa 1146/17|Wyrok|https://www.saos.org.pl/judgments/365410
364402|2018-11-14|SO|I ACa 570/18|Wyrok|https://www.saos.org.pl/judgments/364402
364357|2018-11-14|SO|I ACa 1160/17|Wyrok|https://www.saos.org.pl/judgments/364357
387921|2018-11-13|SO|II1 C 36/18|Wyrok|https://www.saos.org.pl/judgments/387921
364200|2018-11-13|SO|I C 492/18|Wyrok|https://www.saos.org.pl/judgments/364200
385931|2018-11-09|SO|II Ca 1331/18|Postanowienie|https://www.saos.org.pl/judgments/385931
382176|2018-11-09|SO|II Ca 1699/18|Wyrok|https://www.saos.org.pl/judgments/382176
364396|2018-11-09|SO|I ACa 464/18|Wyrok|https://www.saos.org.pl/judgments/364396
444939|2018-11-08|SO|I AGa 273/18|Wyrok|https://www.saos.org.pl/judgments/444939
388799|2018-11-08|SO|V ACa 742/17|Wyrok|https://www.saos.org.pl/judgments/388799
367476|2018-11-08|SO|I C 734/18|Wyrok|https://www.saos.org.pl/judgments/367476
367466|2018-11-08|SO|I C 365/18|Wyrok|https://www.saos.org.pl/judgments/367466
386028|2018-11-07|SO|I ACa 1643/17|Wyrok|https://www.saos.org.pl/judgments/386028
374085|2018-11-07|SO|I1 C 1198/18|Wyrok|https://www.saos.org.pl/judgments/374085
367561|2018-11-07|SO|X GC 1661/16|Wyrok|https://www.saos.org.pl/judgments/367561
365232|2018-11-07|SO|III Ca 1145/18|Uzasadnienie|https://www.saos.org.pl/judgments/365232
365060|2018-11-07|SO|II Ca 1472/17|Wyrok|https://www.saos.org.pl/judgments/365060
364059|2018-11-07|SO|I C 741/18|Wyrok|https://www.saos.org.pl/judgments/364059
386029|2018-11-06|SO|I ACa 175/18|Wyrok|https://www.saos.org.pl/judgments/386029
379745|2018-11-06|SO|V ACa 853/17|Wyrok|https://www.saos.org.pl/judgments/379745
376808|2018-11-06|SO|I C 1273/16|Wyrok|https://www.saos.org.pl/judgments/376808
370203|2018-11-06|SO|I C 767/17|Wyrok|https://www.saos.org.pl/judgments/370203
367341|2018-11-06|SO|I C 735/18|Wyrok|https://www.saos.org.pl/judgments/367341
367340|2018-11-06|SO|I C 732/18|Wyrok|https://www.saos.org.pl/judgments/367340
366047|2018-11-06|SO|I Ns 1576/15|Postanowienie|https://www.saos.org.pl/judgments/366047
365418|2018-11-06|SO|I C 1344/18|Wyrok|https://www.saos.org.pl/judgments/365418
363551|2018-11-06|SO|I C 475/18|Wyrok|https://www.saos.org.pl/judgments/363551
362973|2018-11-06|SO|I C 1127/18|Wyrok|https://www.saos.org.pl/judgments/362973
362297|2018-11-06|SO|VIII Ga 371/17|Uzasadnienie|https://www.saos.org.pl/judgments/362297
364541|2018-11-05|SO|I C 1433/18|Wyrok|https://www.saos.org.pl/judgments/364541
364028|2018-11-05|SO|X C 3455/18|Zarządzenie|https://www.saos.org.pl/judgments/364028
420269|2018-11-02|SO|I C 6050/17|Uzasadnienie|https://www.saos.org.pl/judgments/420269
451707|2018-10-31|SO|I AGa 64/18|Wyrok|https://www.saos.org.pl/judgments/451707
407144|2018-10-31|SO|I C 345/18|Wyrok|https://www.saos.org.pl/judgments/407144
371153|2018-10-31|SO|XVIII C 469/18|Wyrok|https://www.saos.org.pl/judgments/371153
370735|2018-10-31|SO|I C 504/18|Wyrok|https://www.saos.org.pl/judgments/370735
369967|2018-10-31|SO|I C 938/18|Wyrok|https://www.saos.org.pl/judgments/369967
365686|2018-10-31|SO|XXVII Ca 1065/17|Wyrok|https://www.saos.org.pl/judgments/365686
365222|2018-10-31|SO|III Ca 1115/18|Uzasadnienie|https://www.saos.org.pl/judgments/365222
428838|2018-10-30|SO|V AGa 252/18|Wyrok|https://www.saos.org.pl/judgments/428838
387937|2018-10-30|SO|II1 C 92/17|Wyrok|https://www.saos.org.pl/judgments/387937
382622|2018-10-30|SO|XX GC 196/15|Wyrok|https://www.saos.org.pl/judgments/382622
367155|2018-10-30|SO|II C 28/18|Uzasadnienie|https://www.saos.org.pl/judgments/367155
366095|2018-10-30|SO|II C 956/18|Uzasadnienie|https://www.saos.org.pl/judgments/366095
365738|2018-10-30|SO|II Ca 881/18|Wyrok|https://www.saos.org.pl/judgments/365738
365349|2018-10-30|SO|VIII Ga 170/18|Uzasadnienie|https://www.saos.org.pl/judgments/365349
365243|2018-10-30|SO|III Ca 1227/18|Uzasadnienie|https://www.saos.org.pl/judgments/365243
364907|2018-10-30|SO|XIV C 1360/17|Wyrok|https://www.saos.org.pl/judgments/364907
363358|2018-10-30|SO|II Ca 1166/18|Zarządzenie|https://www.saos.org.pl/judgments/363358
362736|2018-10-30|SO|XI GC 1276/17|Zarządzenie|https://www.saos.org.pl/judgments/362736
360845|2018-10-30|SO|II Ca 638/18|Wyrok|https://www.saos.org.pl/judgments/360845
390454|2018-10-29|SO|VII AGa 235/18|Wyrok|https://www.saos.org.pl/judgments/390454
370370|2018-10-29|SO|II Ca 409/18|Wyrok|https://www.saos.org.pl/judgments/370370
367688|2018-10-29|SO|VI Ca 622/18|Wyrok|https://www.saos.org.pl/judgments/367688
366070|2018-10-29|SO|II C 213/17|Uzasadnienie|https://www.saos.org.pl/judgments/366070
417110|2018-10-26|SO|XVIII C 494/18|Wyrok|https://www.saos.org.pl/judgments/417110
366697|2018-10-26|SO|I C 511/15|Zarządzenie|https://www.saos.org.pl/judgments/366697
365281|2018-10-26|SO|III Ca 980/18|Uzasadnienie|https://www.saos.org.pl/judgments/365281
363409|2018-10-26|SO|II Ca 746/18|Zarządzenie|https://www.saos.org.pl/judgments/363409
362147|2018-10-26|SO|I C 832/17|Wyrok|https://www.saos.org.pl/judgments/362147
361442|2018-10-26|SO|I C 661/18|Wyrok|https://www.saos.org.pl/judgments/361442
491216|2018-10-25|SO|I ACa 94/18|Wyrok|https://www.saos.org.pl/judgments/491216
368929|2018-10-25|SO|V ACa 675/17|Wyrok|https://www.saos.org.pl/judgments/368929
362729|2018-10-25|SO|VIII C 1558/18|Wyrok|https://www.saos.org.pl/judgments/362729
361963|2018-10-25|SO|VIII C 656/18|Wyrok|https://www.saos.org.pl/judgments/361963
421693|2018-10-24|SO|I C 2478/16|Uzasadnienie|https://www.saos.org.pl/judgments/421693
371377|2018-10-24|SO|II Ca 441/18|Postanowienie|https://www.saos.org.pl/judgments/371377
367125|2018-10-24|SO|I C 782/18|Wyrok|https://www.saos.org.pl/judgments/367125
363704|2018-10-24|SO|I Ca 379/18|Postanowienie|https://www.saos.org.pl/judgments/363704
405511|2018-10-23|SO|IX GC 3593/17|Uzasadnienie|https://www.saos.org.pl/judgments/405511
388716|2018-10-23|SO|I C 2305/14|Wyrok|https://www.saos.org.pl/judgments/388716
369969|2018-10-23|SO|I Ns 348/17|Postanowienie|https://www.saos.org.pl/judgments/369969
369953|2018-10-23|SO|I C 1476/17|Wyrok|https://www.saos.org.pl/judgments/369953
364957|2018-10-23|SO|V ACa 821/17|Wyrok|https://www.saos.org.pl/judgments/364957
363486|2018-10-23|SO|III Ca 877/18|Uzasadnienie|https://www.saos.org.pl/judgments/363486
360275|2018-10-23|SO|I C 897/18|Wyrok|https://www.saos.org.pl/judgments/360275
463874|2018-10-22|SO|IX GC 1889/17|Uzasadnienie|https://www.saos.org.pl/judgments/463874
396321|2018-10-19|SO|II C 2/14|Wyrok|https://www.saos.org.pl/judgments/396321
432849|2018-10-18|SO|I AGa 129/18|Wyrok|https://www.saos.org.pl/judgments/432849
382620|2018-10-18|SO|XX GC 1390/13|Wyrok|https://www.saos.org.pl/judgments/382620
368707|2018-10-18|SO|II C 566/17|Wyrok|https://www.saos.org.pl/judgments/368707
366943|2018-10-18|SO|I C 18/18|Wyrok|https://www.saos.org.pl/judgments/366943
366357|2018-10-18|SO|I C 813/18|Wyrok|https://www.saos.org.pl/judgments/366357
364412|2018-10-18|SO|I AGa 118/18|Wyrok|https://www.saos.org.pl/judgments/364412
360875|2018-10-18|SO|IX Ca 355/18|Wyrok|https://www.saos.org.pl/judgments/360875
429391|2018-10-17|SO|I ACa 204/18|Wyrok|https://www.saos.org.pl/judgments/429391
406268|2018-10-17|SO|I C 1139/14|Wyrok|https://www.saos.org.pl/judgments/406268
402399|2018-10-17|SO|XIII GC 409/18|Wyrok|https://www.saos.org.pl/judgments/402399
395176|2018-10-17|SO|V ACa 776/17|Wyrok|https://www.saos.org.pl/judgments/395176
382294|2018-10-17|SO|V ACa 869/17|Wyrok|https://www.saos.org.pl/judgments/382294
378068|2018-10-17|SO|II Ca 865/18|Wyrok|https://www.saos.org.pl/judgments/378068
376491|2018-10-17|SO|I ACa 564/18|Wyrok|https://www.saos.org.pl/judgments/376491
373642|2018-10-17|SO|V AGa 120/18|Wyrok|https://www.saos.org.pl/judgments/373642
373641|2018-10-17|SO|V AGa 119/18|Wyrok|https://www.saos.org.pl/judgments/373641
369949|2018-10-17|SO|I AGa 158/18|Wyrok|https://www.saos.org.pl/judgments/369949
365412|2018-10-17|SO|I ACa 748/17|Wyrok|https://www.saos.org.pl/judgments/365412
363779|2018-10-17|SO|I C 1167/18|Wyrok|https://www.saos.org.pl/judgments/363779
362216|2018-10-17|SO|III Ca 680/18|Wyrok|https://www.saos.org.pl/judgments/362216
361961|2018-10-17|SO|VIII C 1617/18|Wyrok|https://www.saos.org.pl/judgments/361961
361381|2018-10-17|SO|I ACa 260/18|Wyrok|https://www.saos.org.pl/judgments/361381
360980|2018-10-17|SO|VIII C 415/18|Wyrok|https://www.saos.org.pl/judgments/360980
360911|2018-10-17|SO|VIII C 1160/18|Wyrok|https://www.saos.org.pl/judgments/360911
373231|2018-10-16|SO|I C 1259/18|Wyrok|https://www.saos.org.pl/judgments/373231
371352|2018-10-16|SO|I AGa 233/18|Wyrok|https://www.saos.org.pl/judgments/371352
368985|2018-10-16|SO|I C 821/18|Wyrok|https://www.saos.org.pl/judgments/368985
367122|2018-10-16|SO|I C 719/18|Wyrok|https://www.saos.org.pl/judgments/367122
363205|2018-10-16|SO|II Ca 553/18|Postanowienie|https://www.saos.org.pl/judgments/363205
434660|2018-10-15|SO|I C 5586/16|Uzasadnienie|https://www.saos.org.pl/judgments/434660
373629|2018-10-15|SO|V ACa 398/18|Wyrok|https://www.saos.org.pl/judgments/373629
364635|2018-10-15|SO|VII AGa 350/18|Wyrok|https://www.saos.org.pl/judgments/364635
413120|2018-10-12|SO|I C 534/18|Wyrok|https://www.saos.org.pl/judgments/413120
372227|2018-10-12|SO|I C 2357/17|Wyrok|https://www.saos.org.pl/judgments/372227
371190|2018-10-12|SO|I C 641/18|Wyrok|https://www.saos.org.pl/judgments/371190
364278|2018-10-12|SO|I ACa 1615/17|Wyrok|https://www.saos.org.pl/judgments/364278
359487|2018-10-11|SO|I C 447/18|Wyrok|https://www.saos.org.pl/judgments/359487
374467|2018-10-10|SO|I C 688/18|Wyrok|https://www.saos.org.pl/judgments/374467
365541|2018-10-10|SO|I1 C 1305/18|Wyrok|https://www.saos.org.pl/judgments/365541
482015|2018-10-09|SO|I C 261/18|Wyrok|https://www.saos.org.pl/judgments/482015
371080|2018-10-09|SO|III Cz 787/18|Postanowienie|https://www.saos.org.pl/judgments/371080
360974|2018-10-09|SO|VIII C 3571/15|Wyrok|https://www.saos.org.pl/judgments/360974
391466|2018-10-08|SO|VI ACa 420/17|Wyrok|https://www.saos.org.pl/judgments/391466
362325|2018-10-08|SO|X C 3044/18|Wyrok|https://www.saos.org.pl/judgments/362325
418079|2018-10-07|SO|I C 275/18|Uzasadnienie|https://www.saos.org.pl/judgments/418079
516595|2018-10-05|SO|II Ca 650/18|Wyrok|https://www.saos.org.pl/judgments/516595
388680|2018-10-05|SO|I C 1165/14|Wyrok|https://www.saos.org.pl/judgments/388680
372314|2018-10-05|SO|VII Ca 647/15|Uzasadnienie|https://www.saos.org.pl/judgments/372314
362287|2018-10-05|SO|VII AGa 504/18|Wyrok|https://www.saos.org.pl/judgments/362287
360256|2018-10-05|SO|I C 1073/18|Wyrok|https://www.saos.org.pl/judgments/360256
358343|2018-10-05|SO|XII C 12/18|Wyrok|https://www.saos.org.pl/judgments/358343
372969|2018-10-04|SO|V ACa 386/18|Wyrok|https://www.saos.org.pl/judgments/372969
371042|2018-10-04|SO|II Ca 328/18|Postanowienie|https://www.saos.org.pl/judgments/371042
362307|2018-10-04|SO|VIII GC 404/17|Wyrok|https://www.saos.org.pl/judgments/362307
362090|2018-10-04|SO|I AGa 161/18|Wyrok|https://www.saos.org.pl/judgments/362090
360908|2018-10-04|SO|VIII C 1157/18|Wyrok|https://www.saos.org.pl/judgments/360908
360897|2018-10-04|SO|VIII C 1044/18|Wyrok|https://www.saos.org.pl/judgments/360897
360203|2018-10-04|SO|XXV C 1786/18|Wyrok|https://www.saos.org.pl/judgments/360203
359453|2018-10-04|SO|XII C 630/18|Wyrok|https://www.saos.org.pl/judgments/359453
433218|2018-10-03|SO|III APa 11/18|Wyrok|https://www.saos.org.pl/judgments/433218
370166|2018-10-03|SO|I C 1461/17|Wyrok|https://www.saos.org.pl/judgments/370166
360938|2018-10-03|SO|VIII C 161/18|Wyrok|https://www.saos.org.pl/judgments/360938
360910|2018-10-03|SO|VIII C 116/18|Wyrok|https://www.saos.org.pl/judgments/360910
360489|2018-10-03|SO|III Ca 687/18|Uzasadnienie|https://www.saos.org.pl/judgments/360489
436941|2018-10-02|SO|I AGa 164/18|Wyrok|https://www.saos.org.pl/judgments/436941
367332|2018-10-02|SO|I C 382/18|Wyrok|https://www.saos.org.pl/judgments/367332
363145|2018-10-02|SO|I Ns 1437/11|Postanowienie|https://www.saos.org.pl/judgments/363145
360978|2018-10-01|SO|VIII C 397/18|Wyrok|https://www.saos.org.pl/judgments/360978
357809|2018-10-01|SO|XVI C 345/14|Uzasadnienie|https://www.saos.org.pl/judgments/357809
357175|2018-10-01|SO|I C 251/18|Zarządzenie|https://www.saos.org.pl/judgments/357175
431015|2018-09-28|SO|I1 C 1234/18|Wyrok|https://www.saos.org.pl/judgments/431015
426815|2018-09-28|SO|III C 1496/15|Wyrok|https://www.saos.org.pl/judgments/426815
370169|2018-09-28|SO|I C 188/18|Wyrok|https://www.saos.org.pl/judgments/370169
365526|2018-09-28|SO|I C 1486/18|Wyrok|https://www.saos.org.pl/judgments/365526
360953|2018-09-28|SO|VIII C 2200/17|Wyrok|https://www.saos.org.pl/judgments/360953
358497|2018-09-28|SO|II C 544/18|Uzasadnienie|https://www.saos.org.pl/judgments/358497
357144|2018-09-28|SO|X C 2552/18|Uzasadnienie|https://www.saos.org.pl/judgments/357144
374232|2018-09-27|SO|III C 104/18|Wyrok|https://www.saos.org.pl/judgments/374232
366607|2018-09-27|SO|I C 315/18|Wyrok|https://www.saos.org.pl/judgments/366607
364361|2018-09-27|SO|I ACa 127/18|Wyrok|https://www.saos.org.pl/judgments/364361
362089|2018-09-27|SO|I AGa 154/18|Wyrok|https://www.saos.org.pl/judgments/362089
359748|2018-09-27|SO|I Ca 242/18|Wyrok|https://www.saos.org.pl/judgments/359748
359745|2018-09-27|SO|I C 982/18|Wyrok|https://www.saos.org.pl/judgments/359745
417108|2018-09-26|SO|XVIII C 365/15|Wyrok|https://www.saos.org.pl/judgments/417108
395313|2018-09-26|SO|V ACa 1368/17|Wyrok|https://www.saos.org.pl/judgments/395313
365134|2018-09-26|SO|VI ACa 590/18|Wyrok|https://www.saos.org.pl/judgments/365134
363209|2018-09-26|SO|II Ca 571/18|Uzasadnienie|https://www.saos.org.pl/judgments/363209
385120|2018-09-25|SO|VI ACa 432/17|Wyrok|https://www.saos.org.pl/judgments/385120
377328|2018-09-25|SO|I C 760/18|Wyrok|https://www.saos.org.pl/judgments/377328
359809|2018-09-25|SO|V Pa 25/18|Wyrok|https://www.saos.org.pl/judgments/359809
400315|2018-09-24|SO|II Ca 1314/18|Wyrok|https://www.saos.org.pl/judgments/400315
376327|2018-09-24|SO|I ACa 1453/17|Wyrok|https://www.saos.org.pl/judgments/376327
363981|2018-09-24|SO|VI ACa 1565/17|Wyrok|https://www.saos.org.pl/judgments/363981
363320|2018-09-24|SO|I C 1446/17|Wyrok|https://www.saos.org.pl/judgments/363320
357822|2018-09-24|SO|I C 1012/16|Uzasadnienie|https://www.saos.org.pl/judgments/357822
357145|2018-09-21|SO|X C 3146/17|Uzasadnienie|https://www.saos.org.pl/judgments/357145
402396|2018-09-20|SO|XIII GC 1890/18|Wyrok|https://www.saos.org.pl/judgments/402396
360450|2018-09-20|SO|II Ca 215/18|Wyrok|https://www.saos.org.pl/judgments/360450
360181|2018-09-20|SO|VII AGa 685/18|Wyrok|https://www.saos.org.pl/judgments/360181
376385|2018-09-19|SO|I ACa 189/18|Wyrok|https://www.saos.org.pl/judgments/376385
365538|2018-09-19|SO|I1 C 1157/18|Wyrok|https://www.saos.org.pl/judgments/365538
362630|2018-09-19|SO|II Ca 254/18|Wyrok|https://www.saos.org.pl/judgments/362630
382775|2018-09-18|SO|I C 358/18|Wyrok|https://www.saos.org.pl/judgments/382775
361898|2018-09-18|SO|III Ca 644/18|Wyrok|https://www.saos.org.pl/judgments/361898
361800|2018-09-18|SO|I C 470/18|Wyrok|https://www.saos.org.pl/judgments/361800
360995|2018-09-18|SO|VIII C 580/18|Wyrok|https://www.saos.org.pl/judgments/360995
360914|2018-09-18|SO|VIII C 1216/18|Wyrok|https://www.saos.org.pl/judgments/360914
360843|2018-09-18|SO|II Ca 447/18|Wyrok|https://www.saos.org.pl/judgments/360843
359530|2018-09-18|SO|II C 1612/17|Uzasadnienie|https://www.saos.org.pl/judgments/359530
438903|2018-09-17|SO|I C 961/15|Wyrok|https://www.saos.org.pl/judgments/438903
379901|2018-09-17|SO|VI ACa 466/17|Wyrok|https://www.saos.org.pl/judgments/379901
367792|2018-09-17|SO|VI ACa 284/17|Wyrok|https://www.saos.org.pl/judgments/367792
398541|2018-09-14|SO|I C 568/18|Wyrok|https://www.saos.org.pl/judgments/398541
369272|2018-09-14|SO|VI ACa 546/18|Wyrok|https://www.saos.org.pl/judgments/369272
364422|2018-09-14|SO|I AGa 205/18|Wyrok|https://www.saos.org.pl/judgments/364422
361788|2018-09-14|SO|I C 260/18|Wyrok|https://www.saos.org.pl/judgments/361788
360949|2018-09-14|SO|VIII C 1991/17|Wyrok|https://www.saos.org.pl/judgments/360949
356165|2018-09-14|SO|I C 204/18|Wyrok|https://www.saos.org.pl/judgments/356165
379989|2018-09-13|SO|VI GC 385/17|Wyrok|https://www.saos.org.pl/judgments/379989
363867|2018-09-13|SO|I C 503/18|Wyrok|https://www.saos.org.pl/judgments/363867
359824|2018-09-13|SO|I ACa 205/18|Wyrok|https://www.saos.org.pl/judgments/359824
359822|2018-09-13|SO|I ACa 171/18|Wyrok|https://www.saos.org.pl/judgments/359822
359543|2018-09-13|SO|II C 376/18|Uzasadnienie|https://www.saos.org.pl/judgments/359543
356313|2018-09-13|SO|I C 318/18|Wyrok|https://www.saos.org.pl/judgments/356313
352668|2018-09-13|SO|XII C 1551/16|Wyrok|https://www.saos.org.pl/judgments/352668
376357|2018-09-12|SO|I ACa 1689/17|Wyrok|https://www.saos.org.pl/judgments/376357
376348|2018-09-12|SO|I ACa 1598/16|Wyrok|https://www.saos.org.pl/judgments/376348
363416|2018-09-12|SO|II Ca 92/18|Uzasadnienie|https://www.saos.org.pl/judgments/363416
359866|2018-09-12|SO|I AGa 143/18|Wyrok|https://www.saos.org.pl/judgments/359866
356325|2018-09-12|SO|I Ca 335/18|Postanowienie|https://www.saos.org.pl/judgments/356325
356196|2018-09-12|SO|I Ca 333/18|Wyrok|https://www.saos.org.pl/judgments/356196
371167|2018-09-11|SO|XVIII C 864/18|Wyrok|https://www.saos.org.pl/judgments/371167
366572|2018-09-11|SO|VIII GC 484/18|Wyrok|https://www.saos.org.pl/judgments/366572
357024|2018-09-11|SO|I C 9/18|Wyrok|https://www.saos.org.pl/judgments/357024
352640|2018-09-11|SO|I C 140/18|Uzasadnienie|https://www.saos.org.pl/judgments/352640
359554|2018-09-10|SO|II C 848/17|Uzasadnienie|https://www.saos.org.pl/judgments/359554
357302|2018-09-10|SO|I ACa 321/18|Wyrok|https://www.saos.org.pl/judgments/357302
359874|2018-09-07|SO|I C 2822/18|Wyrok|https://www.saos.org.pl/judgments/359874
449225|2018-09-06|SO|II Ca 791/18|Postanowienie|https://www.saos.org.pl/judgments/449225
367573|2018-09-06|SO|X GC 911/18|Wyrok|https://www.saos.org.pl/judgments/367573
357334|2018-09-06|SO|I C 55/18|Wyrok|https://www.saos.org.pl/judgments/357334
356415|2018-09-06|SO|I C 369/18|Wyrok|https://www.saos.org.pl/judgments/356415
355864|2018-09-06|SO|II Ca 1045/18|Wyrok|https://www.saos.org.pl/judgments/355864
352132|2018-09-06|SO|III Ca 549/18|Uzasadnienie|https://www.saos.org.pl/judgments/352132
371143|2018-09-05|SO|XVIII C 1597/16|Wyrok|https://www.saos.org.pl/judgments/371143
357877|2018-09-05|SO|IV Ca 349/18|Wyrok|https://www.saos.org.pl/judgments/357877
357348|2018-09-05|SO|I C 918/18|Wyrok|https://www.saos.org.pl/judgments/357348
356197|2018-09-05|SO|I Ca 362/18|Postanowienie|https://www.saos.org.pl/judgments/356197
355854|2018-09-05|SO|I Ca 208/18|Postanowienie|https://www.saos.org.pl/judgments/355854
380191|2018-09-04|SO|VII AGa 465/18|Wyrok|https://www.saos.org.pl/judgments/380191
362583|2018-09-04|SO|I C 1103/17|Wyrok|https://www.saos.org.pl/judgments/362583
356271|2018-09-04|SO|I C 295/18|Wyrok|https://www.saos.org.pl/judgments/356271
381777|2018-08-31|SO|I C 933/18|Wyrok|https://www.saos.org.pl/judgments/381777
360983|2018-08-31|SO|VIII C 454/18|Wyrok|https://www.saos.org.pl/judgments/360983
360982|2018-08-31|SO|VIII C 453/18|Wyrok|https://www.saos.org.pl/judgments/360982
357157|2018-08-31|SO|I ACa 280/18|Wyrok|https://www.saos.org.pl/judgments/357157
352682|2018-08-31|SO|I C 129/18|Wyrok|https://www.saos.org.pl/judgments/352682
498541|2018-08-30|SO|I C 532/18|Wyrok|https://www.saos.org.pl/judgments/498541
382631|2018-08-30|SO|XX GC 64/17|Wyrok|https://www.saos.org.pl/judgments/382631
367567|2018-08-30|SO|X GC 2408/17|Wyrok|https://www.saos.org.pl/judgments/367567
362591|2018-08-30|SO|I C 1734/17|Wyrok|https://www.saos.org.pl/judgments/362591
359315|2018-08-30|SO|II C 2833/17|Uzasadnienie|https://www.saos.org.pl/judgments/359315
361775|2018-08-29|SO|I C 117/18|Wyrok|https://www.saos.org.pl/judgments/361775
360896|2018-08-29|SO|VIII C 1024/18|Wyrok|https://www.saos.org.pl/judgments/360896
357721|2018-08-29|SO|I C 140/18|Wyrok|https://www.saos.org.pl/judgments/357721
357015|2018-08-29|SO|I C 384/18|Wyrok|https://www.saos.org.pl/judgments/357015
355496|2018-08-29|SO|X C 905/18|Uzasadnienie|https://www.saos.org.pl/judgments/355496
352309|2018-08-29|SO|I C 558/18|Wyrok|https://www.saos.org.pl/judgments/352309
401240|2018-08-28|SO|XIII GC 2876/16|Wyrok|https://www.saos.org.pl/judgments/401240
356436|2018-08-28|SO|III Ca 472/18|Uzasadnienie|https://www.saos.org.pl/judgments/356436
362785|2018-08-24|SO|I C 540/17|Wyrok|https://www.saos.org.pl/judgments/362785
360969|2018-08-24|SO|VIII C 3282/15|Wyrok|https://www.saos.org.pl/judgments/360969
357160|2018-08-24|SO|I ACa 405/18|Wyrok|https://www.saos.org.pl/judgments/357160
351385|2018-08-24|SO|III Ca 1778/17|Uzasadnienie|https://www.saos.org.pl/judgments/351385
362079|2018-08-23|SO|I ACa 1495/17|Wyrok|https://www.saos.org.pl/judgments/362079
355506|2018-08-23|SO|XIV C 133/17|Wyrok|https://www.saos.org.pl/judgments/355506
357323|2018-08-22|SO|I C 2656/18|Wyrok|https://www.saos.org.pl/judgments/357323
351934|2018-08-22|SO|XIV C 169/18|Wyrok|https://www.saos.org.pl/judgments/351934
382439|2018-08-21|SO|XXVII Ca 1244/18|Wyrok|https://www.saos.org.pl/judgments/382439
368975|2018-08-21|SO|I C 1595/17|Wyrok|https://www.saos.org.pl/judgments/368975
363583|2018-08-21|SO|III C 1205/18|Wyrok|https://www.saos.org.pl/judgments/363583
355434|2018-08-21|SO|VII AGa 881/18|Wyrok|https://www.saos.org.pl/judgments/355434
352887|2018-08-21|SO|I C 899/17|Wyrok|https://www.saos.org.pl/judgments/352887
352273|2018-08-21|SO|XII C 2152/16|Wyrok|https://www.saos.org.pl/judgments/352273
521356|2018-08-20|SO|II Ca 443/18|Postanowienie|https://www.saos.org.pl/judgments/521356
360912|2018-08-16|SO|VIII C 1164/18|Wyrok|https://www.saos.org.pl/judgments/360912
356062|2018-08-16|SO|II AKa 79/18|Wyrok|https://www.saos.org.pl/judgments/356062
380855|2018-08-14|SO|X GC 120/18|Uzasadnienie|https://www.saos.org.pl/judgments/380855
357464|2018-08-13|SO|III Ca 874/18|Uzasadnienie|https://www.saos.org.pl/judgments/357464
355556|2018-08-10|SO|I C 799/17|Wyrok|https://www.saos.org.pl/judgments/355556
351799|2018-08-10|SO|II Ca 236/18|Postanowienie|https://www.saos.org.pl/judgments/351799
377099|2018-08-08|SO|I C 3531/17|Wyrok|https://www.saos.org.pl/judgments/377099
401655|2018-08-07|SO|XIII GC 3365/17|Wyrok|https://www.saos.org.pl/judgments/401655
385255|2018-08-07|SO|XVI GC 2023/13|Wyrok|https://www.saos.org.pl/judgments/385255
357393|2018-08-07|SO|II C 162/18|Uzasadnienie|https://www.saos.org.pl/judgments/357393
356692|2018-08-07|SO|I C 246/18|Wyrok|https://www.saos.org.pl/judgments/356692
352541|2018-08-07|SO|VI GC 1012/17|Wyrok|https://www.saos.org.pl/judgments/352541
363585|2018-08-02|SO|III C 1275/18|Wyrok|https://www.saos.org.pl/judgments/363585
351521|2018-08-02|SO|I C 1053/18|Wyrok|https://www.saos.org.pl/judgments/351521
475146|2018-08-01|SO|I ACa 1192/16|Wyrok|https://www.saos.org.pl/judgments/475146
388915|2018-08-01|SO|I C 766/17|Wyrok|https://www.saos.org.pl/judgments/388915
360753|2018-08-01|SO|VIII C 661/18|Wyrok|https://www.saos.org.pl/judgments/360753
509897|2018-07-31|SO|V AGa 187/18|Wyrok|https://www.saos.org.pl/judgments/509897
417099|2018-07-31|SO|XVIII C 1064/16|Wyrok|https://www.saos.org.pl/judgments/417099
351689|2018-07-31|SO|IX Ca 1044/18|Wyrok|https://www.saos.org.pl/judgments/351689
395823|2018-07-30|SO|XVIII C 98/15|Wyrok|https://www.saos.org.pl/judgments/395823
387923|2018-07-30|SO|II1 C 44/18|Wyrok|https://www.saos.org.pl/judgments/387923
376918|2018-07-30|SO|I C 1664/17|Wyrok|https://www.saos.org.pl/judgments/376918
371148|2018-07-30|SO|XVIII C 263/16|Wyrok|https://www.saos.org.pl/judgments/371148
350061|2018-07-30|SO|VIII GC 43/18|Uzasadnienie|https://www.saos.org.pl/judgments/350061
349189|2018-07-30|SO|I C 270/17|Wyrok|https://www.saos.org.pl/judgments/349189
361639|2018-07-27|SO|I AGa 212/18|Wyrok|https://www.saos.org.pl/judgments/361639
361606|2018-07-27|SO|I ACa 1546/17|Wyrok|https://www.saos.org.pl/judgments/361606
361596|2018-07-27|SO|I ACa 1419/17|Wyrok|https://www.saos.org.pl/judgments/361596
361037|2018-07-27|SO|VIII C 943/18|Wyrok|https://www.saos.org.pl/judgments/361037
357402|2018-07-26|SO|II C 215/18|Uzasadnienie|https://www.saos.org.pl/judgments/357402
355550|2018-07-26|SO|I C 53/18|Wyrok|https://www.saos.org.pl/judgments/355550
441451|2018-07-25|SO|I C 1317/17|Wyrok|https://www.saos.org.pl/judgments/441451
350938|2018-07-24|SO|I C 347/18|Wyrok|https://www.saos.org.pl/judgments/350938
416921|2018-07-23|SO|I C 4624/17|Uzasadnienie|https://www.saos.org.pl/judgments/416921
355066|2018-07-23|SO|I C 249/16|Uzasadnienie|https://www.saos.org.pl/judgments/355066
419015|2018-07-20|SO|I C 883/15|Wyrok|https://www.saos.org.pl/judgments/419015
370949|2018-07-20|SO|VI ACa 343/17|Wyrok|https://www.saos.org.pl/judgments/370949
360956|2018-07-20|SO|VIII C 2235/17|Wyrok|https://www.saos.org.pl/judgments/360956
356352|2018-07-20|SO|III Ca 716/18|Uzasadnienie|https://www.saos.org.pl/judgments/356352
351474|2018-07-20|SO|IX Ca 963/18|Wyrok|https://www.saos.org.pl/judgments/351474
349097|2018-07-20|SO|V ACa 530/17|Wyrok|https://www.saos.org.pl/judgments/349097
438101|2018-07-19|SO|I AGa 127/18|Wyrok|https://www.saos.org.pl/judgments/438101
356462|2018-07-19|SO|III Ca 641/18|Uzasadnienie|https://www.saos.org.pl/judgments/356462
355529|2018-07-19|SO|I C 1701/16|Wyrok|https://www.saos.org.pl/judgments/355529
352635|2018-07-19|SO|I ACa 31/17|Wyrok|https://www.saos.org.pl/judgments/352635
348478|2018-07-19|SO|I C 766/18|Wyrok|https://www.saos.org.pl/judgments/348478
363201|2018-07-18|SO|II Ca 39/18|Zarządzenie|https://www.saos.org.pl/judgments/363201
360732|2018-07-18|SO|VIII C 189/18|Wyrok|https://www.saos.org.pl/judgments/360732
355537|2018-07-18|SO|I C 2575/17|Wyrok|https://www.saos.org.pl/judgments/355537
352863|2018-07-18|SO|I ACa 295/17|Wyrok|https://www.saos.org.pl/judgments/352863
346963|2018-07-18|SO|VI Ca 407/18|Wyrok|https://www.saos.org.pl/judgments/346963
359724|2018-07-17|SO|I C 13/18|Wyrok|https://www.saos.org.pl/judgments/359724
348477|2018-07-17|SO|I C 742/18|Wyrok|https://www.saos.org.pl/judgments/348477
366899|2018-07-13|SO|VI ACa 570/17|Wyrok|https://www.saos.org.pl/judgments/366899
358464|2018-07-13|SO|I C 49/18|Wyrok|https://www.saos.org.pl/judgments/358464
348476|2018-07-13|SO|I C 732/18|Wyrok|https://www.saos.org.pl/judgments/348476
348468|2018-07-13|SO|I C 483/18|Wyrok|https://www.saos.org.pl/judgments/348468
348464|2018-07-12|SO|I C 1682/17|Wyrok|https://www.saos.org.pl/judgments/348464
350860|2018-07-11|SO|V ACa 557/17|Wyrok|https://www.saos.org.pl/judgments/350860
349663|2018-07-11|SO|VI Ca 360/18|Wyrok|https://www.saos.org.pl/judgments/349663
362708|2018-07-10|SO|IX GC 676/17|Uzasadnienie|https://www.saos.org.pl/judgments/362708
446118|2018-07-09|SO|VIII C 620/18|Wyrok|https://www.saos.org.pl/judgments/446118
356859|2018-07-06|SO|I ACa 141/18|Wyrok|https://www.saos.org.pl/judgments/356859
352223|2018-07-06|SO|III Ca 737/18|Uzasadnienie|https://www.saos.org.pl/judgments/352223
384139|2018-07-05|SO|I C 858/18|Wyrok|https://www.saos.org.pl/judgments/384139
350719|2018-07-05|SO|I ACa 1406/17|Wyrok|https://www.saos.org.pl/judgments/350719
355865|2018-07-04|SO|II Ca 121/18|Wyrok|https://www.saos.org.pl/judgments/355865
362459|2018-07-03|SO|II Ca 521/18|Postanowienie|https://www.saos.org.pl/judgments/362459
346341|2018-07-03|SO|I C 1219/17|Wyrok|https://www.saos.org.pl/judgments/346341
360733|2018-07-02|SO|VIII C 1897/17|Wyrok|https://www.saos.org.pl/judgments/360733
392300|2018-06-29|SO|I C 1621/17|Wyrok|https://www.saos.org.pl/judgments/392300
368286|2018-06-29|SO|VI ACa 111/17|Wyrok|https://www.saos.org.pl/judgments/368286
364211|2018-06-29|SO|I1 C 55/18|Wyrok|https://www.saos.org.pl/judgments/364211
361829|2018-06-29|SO|I1 C 750/18|Wyrok|https://www.saos.org.pl/judgments/361829
352103|2018-06-29|SO|III Ca 443/18|Uzasadnienie|https://www.saos.org.pl/judgments/352103
377371|2018-06-28|SO|I C 844/16|Wyrok|https://www.saos.org.pl/judgments/377371
360453|2018-06-28|SO|II Ca 54/18|Wyrok|https://www.saos.org.pl/judgments/360453
351345|2018-06-28|SO|II C 994/17|Uzasadnienie|https://www.saos.org.pl/judgments/351345
404402|2018-06-27|SO|I C 125/16|Wyrok|https://www.saos.org.pl/judgments/404402
351428|2018-06-27|SO|III Ca 346/18|Wyrok|https://www.saos.org.pl/judgments/351428
346908|2018-06-27|SO|III C 1455/16|Wyrok|https://www.saos.org.pl/judgments/346908
390561|2018-06-26|SO|I C 1307/16|Wyrok|https://www.saos.org.pl/judgments/390561
374056|2018-06-26|SO|I AGa 217/18|Wyrok|https://www.saos.org.pl/judgments/374056
361148|2018-06-26|SO|I AGa 208/18|Wyrok|https://www.saos.org.pl/judgments/361148
356576|2018-06-26|SO|I Ns 379/16|Postanowienie|https://www.saos.org.pl/judgments/356576
356575|2018-06-26|SO|I Ns 378/16|Postanowienie|https://www.saos.org.pl/judgments/356575
352519|2018-06-26|SO|V ACa 1261/17|Wyrok|https://www.saos.org.pl/judgments/352519
351026|2018-06-26|SO|I ACa 1417/17|Wyrok|https://www.saos.org.pl/judgments/351026
350918|2018-06-26|SO|I ACa 1353/17|Wyrok|https://www.saos.org.pl/judgments/350918
349736|2018-06-26|SO|I C 913/18|Wyrok|https://www.saos.org.pl/judgments/349736
346667|2018-06-26|SO|VIII C 414/18|Wyrok|https://www.saos.org.pl/judgments/346667
395119|2018-06-25|SO|I C 514/18|Wyrok|https://www.saos.org.pl/judgments/395119
359712|2018-06-25|SO|I ACa 936/17|Wyrok|https://www.saos.org.pl/judgments/359712
346538|2018-06-25|SO|III P 13/17|Wyrok|https://www.saos.org.pl/judgments/346538
346472|2018-06-25|SO|I C 299/18|Wyrok|https://www.saos.org.pl/judgments/346472
351084|2018-06-22|SO|II C 276/16|Uzasadnienie|https://www.saos.org.pl/judgments/351084
349962|2018-06-22|SO|I AGa 99/18|Wyrok|https://www.saos.org.pl/judgments/349962
344879|2018-06-22|SO|VIII GC 377/17|Uzasadnienie|https://www.saos.org.pl/judgments/344879
350513|2018-06-21|SO|I C 539/17|Wyrok|https://www.saos.org.pl/judgments/350513
347691|2018-06-21|SO|II C 58/17|Wyrok|https://www.saos.org.pl/judgments/347691
346321|2018-06-21|SO|I ACa 105/17|Wyrok|https://www.saos.org.pl/judgments/346321
387763|2018-06-20|SO|I C 375/16|Uzasadnienie|https://www.saos.org.pl/judgments/387763
362635|2018-06-20|SO|II Ca 437/18|Wyrok|https://www.saos.org.pl/judgments/362635
351966|2018-06-20|SO|I AGa 101/18|Wyrok|https://www.saos.org.pl/judgments/351966
351071|2018-06-20|SO|I1 C 788/18|Wyrok|https://www.saos.org.pl/judgments/351071
349814|2018-06-20|SO|XVIII C 404/17|Wyrok|https://www.saos.org.pl/judgments/349814
369361|2018-06-19|SO|V ACa 17/17|Wyrok|https://www.saos.org.pl/judgments/369361
363603|2018-06-19|SO|III C 817/18|Wyrok|https://www.saos.org.pl/judgments/363603
362808|2018-06-19|SO|II Ca 1063/18|Wyrok|https://www.saos.org.pl/judgments/362808
351961|2018-06-19|SO|I ACa 66/18|Wyrok|https://www.saos.org.pl/judgments/351961
347248|2018-06-19|SO|I C 330/18|Wyrok|https://www.saos.org.pl/judgments/347248
346856|2018-06-19|SO|I C 1520/17|Wyrok|https://www.saos.org.pl/judgments/346856
346167|2018-06-19|SO|I C 91/17|Wyrok|https://www.saos.org.pl/judgments/346167
367572|2018-06-18|SO|X GC 902/16|Wyrok|https://www.saos.org.pl/judgments/367572
352146|2018-06-18|SO|III Ca 573/18|Uzasadnienie|https://www.saos.org.pl/judgments/352146
349672|2018-06-18|SO|X GC 501/16|Zarządzenie|https://www.saos.org.pl/judgments/349672
346813|2018-06-18|SO|I C 136/17|Uzasadnienie|https://www.saos.org.pl/judgments/346813
346160|2018-06-15|SO|I C 415/18|Wyrok|https://www.saos.org.pl/judgments/346160
366274|2018-06-14|SO|I C 833/18|Wyrok|https://www.saos.org.pl/judgments/366274
346914|2018-06-13|SO|III C 895/17|Wyrok|https://www.saos.org.pl/judgments/346914
351895|2018-06-12|SO|V Pa 76/17|Wyrok|https://www.saos.org.pl/judgments/351895
346002|2018-06-12|SO|I C 1451/16|Wyrok|https://www.saos.org.pl/judgments/346002
344707|2018-06-12|SO|IX Ca 549/18|Wyrok|https://www.saos.org.pl/judgments/344707
355847|2018-06-11|SO|I C 408/18|Wyrok|https://www.saos.org.pl/judgments/355847
390612|2018-06-08|SO|I C 802/17|Wyrok|https://www.saos.org.pl/judgments/390612
371149|2018-06-08|SO|XVIII C 338/17|Wyrok|https://www.saos.org.pl/judgments/371149
352557|2018-06-08|SO|VII AGa 1526/18|Wyrok|https://www.saos.org.pl/judgments/352557
363599|2018-06-07|SO|III C 489/18|Wyrok|https://www.saos.org.pl/judgments/363599
357821|2018-06-07|SO|I AGa 113/18|Wyrok|https://www.saos.org.pl/judgments/357821
351251|2018-06-07|SO|V Ca 1347/18|Wyrok|https://www.saos.org.pl/judgments/351251
346917|2018-06-07|SO|III Ca 279/18|Wyrok|https://www.saos.org.pl/judgments/346917
346470|2018-06-07|SO|I C 2097/17|Wyrok|https://www.saos.org.pl/judgments/346470
344703|2018-06-07|SO|IX Ca 1348/17|Wyrok|https://www.saos.org.pl/judgments/344703
343957|2018-06-07|SO|VII Ca 317/18|Wyrok|https://www.saos.org.pl/judgments/343957
399734|2018-06-06|SO|I ACa 1228/17|Wyrok|https://www.saos.org.pl/judgments/399734
361450|2018-06-06|SO|I C 943/16|Wyrok|https://www.saos.org.pl/judgments/361450
355011|2018-06-06|SO|VIII C 678/18|Wyrok|https://www.saos.org.pl/judgments/355011
355006|2018-06-06|SO|VIII C 411/18|Wyrok|https://www.saos.org.pl/judgments/355006
349618|2018-06-06|SO|I Ca 178/18|Wyrok|https://www.saos.org.pl/judgments/349618
348209|2018-06-06|SO|I ACa 777/17|Wyrok|https://www.saos.org.pl/judgments/348209
346330|2018-06-06|SO|I ACa 891/16|Wyrok|https://www.saos.org.pl/judgments/346330
456918|2018-06-05|SO|I ACa 1300/17|Wyrok|https://www.saos.org.pl/judgments/456918
351918|2018-06-05|SO|VII AGa 1312/18|Wyrok|https://www.saos.org.pl/judgments/351918
344255|2018-06-05|SO|I C 331/18|Wyrok|https://www.saos.org.pl/judgments/344255
440114|2018-06-04|SO|I C 4959/16|Uzasadnienie|https://www.saos.org.pl/judgments/440114
343963|2018-06-04|SO|VIII C 2289/17|Wyrok|https://www.saos.org.pl/judgments/343963
347908|2018-06-01|SO|I C 570/17|Wyrok|https://www.saos.org.pl/judgments/347908
389066|2018-05-30|SO|I C 42/18|Wyrok|https://www.saos.org.pl/judgments/389066
371993|2018-05-30|SO|I C 3616/17|Uzasadnienie|https://www.saos.org.pl/judgments/371993
351944|2018-05-30|SO|I ACa 1197/17|Wyrok|https://www.saos.org.pl/judgments/351944
349242|2018-05-30|SO|I C 1419/18|Wyrok|https://www.saos.org.pl/judgments/349242
347734|2018-05-30|SO|VIII Ga 118/18|Uzasadnienie|https://www.saos.org.pl/judgments/347734
346859|2018-05-30|SO|I C 251/15|Wyrok|https://www.saos.org.pl/judgments/346859
343840|2018-05-30|SO|I C 289/18|Wyrok|https://www.saos.org.pl/judgments/343840
343164|2018-05-30|SO|I C 1895/17|Wyrok|https://www.saos.org.pl/judgments/343164
358832|2018-05-29|SO|I C 1260/17|Wyrok|https://www.saos.org.pl/judgments/358832
348105|2018-05-29|SO|I AGa 45/18|Wyrok|https://www.saos.org.pl/judgments/348105
344232|2018-05-29|SO|I ACa 247/17|Wyrok|https://www.saos.org.pl/judgments/344232
341233|2018-05-29|SO|VIII GC 334/17|Zarządzenie|https://www.saos.org.pl/judgments/341233
365980|2018-05-28|SO|VI ACa 2076/16|Wyrok|https://www.saos.org.pl/judgments/365980
351137|2018-05-28|SO|III Ca 166/18|Uzasadnienie|https://www.saos.org.pl/judgments/351137
350795|2018-05-28|SO|III Ca 104/18|Uzasadnienie|https://www.saos.org.pl/judgments/350795
349674|2018-05-28|SO|X GC 860/17|Uzasadnienie|https://www.saos.org.pl/judgments/349674
345711|2018-05-28|SO|V Ca 487/18|Wyrok|https://www.saos.org.pl/judgments/345711
345152|2018-05-28|SO|I ACa 133/18|Wyrok|https://www.saos.org.pl/judgments/345152
346707|2018-05-25|SO|I C 212/16|Wyrok|https://www.saos.org.pl/judgments/346707
345346|2018-05-25|SO|I AGa 86/18|Wyrok|https://www.saos.org.pl/judgments/345346
344761|2018-05-25|SO|V GC 116/18|Wyrok|https://www.saos.org.pl/judgments/344761
343214|2018-05-25|SO|V ACa 490/17|Wyrok|https://www.saos.org.pl/judgments/343214
362183|2018-05-24|SO|II Ca 288/18|Wyrok|https://www.saos.org.pl/judgments/362183
346905|2018-05-24|SO|III APa 6/18|Wyrok|https://www.saos.org.pl/judgments/346905
346011|2018-05-24|SO|I C 764/17|Uzasadnienie|https://www.saos.org.pl/judgments/346011
343122|2018-05-24|SO|VIII C 93/18|Wyrok|https://www.saos.org.pl/judgments/343122
388397|2018-05-23|SO|I1 C 149/18|Wyrok|https://www.saos.org.pl/judgments/388397
345941|2018-05-23|SO|V ACa 114/17|Wyrok|https://www.saos.org.pl/judgments/345941
345085|2018-05-23|SO|I Ca 180/18|Wyrok|https://www.saos.org.pl/judgments/345085
427904|2018-05-22|SO|II C 6418/17|Uzasadnienie|https://www.saos.org.pl/judgments/427904
364083|2018-05-22|SO|VI ACa 1825/16|Wyrok|https://www.saos.org.pl/judgments/364083
355119|2018-05-22|SO|II Cgg 40/17|Wyrok|https://www.saos.org.pl/judgments/355119
345838|2018-05-22|SO|I C 763/17|Uzasadnienie|https://www.saos.org.pl/judgments/345838
344394|2018-05-22|SO|I ACa 62/18|Wyrok|https://www.saos.org.pl/judgments/344394
343165|2018-05-22|SO|I C 280/17|Wyrok|https://www.saos.org.pl/judgments/343165
341519|2018-05-22|SO|I C 1613/17|Wyrok|https://www.saos.org.pl/judgments/341519
341514|2018-05-22|SO|I C 114/18|Wyrok|https://www.saos.org.pl/judgments/341514
382503|2018-05-21|SO|XXVII Ca 522/18|Wyrok|https://www.saos.org.pl/judgments/382503
371556|2018-05-21|SO|IX GC 1570/17|Uzasadnienie|https://www.saos.org.pl/judgments/371556
344402|2018-05-21|SO|I ACa 740/17|Wyrok|https://www.saos.org.pl/judgments/344402
344257|2018-05-21|SO|I C 646/18|Wyrok|https://www.saos.org.pl/judgments/344257
350811|2018-05-18|SO|III Ca 158/18|Uzasadnienie|https://www.saos.org.pl/judgments/350811
348735|2018-05-18|SO|I C 963/17|Wyrok|https://www.saos.org.pl/judgments/348735
341102|2018-05-18|SO|III APa 5/18|Wyrok|https://www.saos.org.pl/judgments/341102
350917|2018-05-17|SO|I ACa 1252/17|Wyrok|https://www.saos.org.pl/judgments/350917
350915|2018-05-17|SO|I ACa 1213/17|Wyrok|https://www.saos.org.pl/judgments/350915
346050|2018-05-17|SO|I ACa 1183/17|Wyrok|https://www.saos.org.pl/judgments/346050
345701|2018-05-17|SO|IV C 795/17|Wyrok|https://www.saos.org.pl/judgments/345701
345631|2018-05-17|SO|I C 186/18|Wyrok|https://www.saos.org.pl/judgments/345631
342515|2018-05-17|SO|VIII C 336/18|Wyrok|https://www.saos.org.pl/judgments/342515
373723|2018-05-16|SO|I C 1089/17|Uzasadnienie|https://www.saos.org.pl/judgments/373723
362071|2018-05-16|SO|XX GC 235/15|Wyrok|https://www.saos.org.pl/judgments/362071
348119|2018-05-16|SO|II C 14/18|Wyrok|https://www.saos.org.pl/judgments/348119
347343|2018-05-16|SO|VI GC 1153/17|Wyrok|https://www.saos.org.pl/judgments/347343
346048|2018-05-16|SO|I ACa 1173/17|Wyrok|https://www.saos.org.pl/judgments/346048
345190|2018-05-16|SO|I C 52/18|Wyrok|https://www.saos.org.pl/judgments/345190
345167|2018-05-16|SO|I C 131/18|Wyrok|https://www.saos.org.pl/judgments/345167
341552|2018-05-16|SO|I Ca 155/18|Wyrok|https://www.saos.org.pl/judgments/341552
381246|2018-05-15|SO|XV Ca 1616/17|Postanowienie|https://www.saos.org.pl/judgments/381246
373278|2018-05-15|SO|I C 653/17|Wyrok|https://www.saos.org.pl/judgments/373278
362064|2018-05-15|SO|XII Ga 487/17|Wyrok|https://www.saos.org.pl/judgments/362064
345347|2018-05-15|SO|I C 1052/17|Wyrok|https://www.saos.org.pl/judgments/345347
369273|2018-05-14|SO|VI GC 1192/17|Uzasadnienie|https://www.saos.org.pl/judgments/369273
351421|2018-05-14|SO|III Ca 211/18|Uzasadnienie|https://www.saos.org.pl/judgments/351421
344482|2018-05-14|SO|I C 985/18|Wyrok|https://www.saos.org.pl/judgments/344482
342056|2018-05-14|SO|VIII P 21/16|Uzasadnienie|https://www.saos.org.pl/judgments/342056
390606|2018-05-11|SO|I C 583/17|Wyrok|https://www.saos.org.pl/judgments/390606
351030|2018-05-11|SO|I AGa 147/18|Wyrok|https://www.saos.org.pl/judgments/351030
349605|2018-05-11|SO|I ACa 55/18|Wyrok|https://www.saos.org.pl/judgments/349605
343281|2018-05-11|SO|I C 72/18|Wyrok|https://www.saos.org.pl/judgments/343281
419309|2018-05-10|SO|I ACa 1199/17|Wyrok|https://www.saos.org.pl/judgments/419309
428103|2018-05-09|SO|XXV C 2581/17|Wyrok|https://www.saos.org.pl/judgments/428103
396511|2018-05-09|SO|I C 92/18|Wyrok|https://www.saos.org.pl/judgments/396511
344475|2018-05-09|SO|I C 4607/17|Wyrok|https://www.saos.org.pl/judgments/344475
342793|2018-05-09|SO|V ACa 1254/17|Wyrok|https://www.saos.org.pl/judgments/342793
345905|2018-05-08|SO|III Ca 644/17|Postanowienie|https://www.saos.org.pl/judgments/345905
339468|2018-05-08|SO|I C 3870/17|Wyrok|https://www.saos.org.pl/judgments/339468
364263|2018-05-07|SO|V GC 2421/17|Wyrok|https://www.saos.org.pl/judgments/364263
351370|2018-05-07|SO|III Ca 156/18|Uzasadnienie|https://www.saos.org.pl/judgments/351370
350802|2018-05-07|SO|III Ca 133/18|Uzasadnienie|https://www.saos.org.pl/judgments/350802
339020|2018-05-07|SO|IX P 152/18|Zarządzenie|https://www.saos.org.pl/judgments/339020
368060|2018-05-02|SO|IX GC 1311/18|Uzasadnienie|https://www.saos.org.pl/judgments/368060
350385|2018-04-30|SO|III Ca 93/18|Uzasadnienie|https://www.saos.org.pl/judgments/350385
350282|2018-04-30|SO|III Ca 351/18|Uzasadnienie|https://www.saos.org.pl/judgments/350282
341934|2018-04-30|SO|V ACa 399/17|Wyrok|https://www.saos.org.pl/judgments/341934
386839|2018-04-27|SO|I Ns 315/17|Postanowienie|https://www.saos.org.pl/judgments/386839
350138|2018-04-27|SO|III Ca 102/18|Uzasadnienie|https://www.saos.org.pl/judgments/350138
344448|2018-04-27|SO|I C 192/18|Wyrok|https://www.saos.org.pl/judgments/344448
343042|2018-04-27|SO|II Ca 57/18|Postanowienie|https://www.saos.org.pl/judgments/343042
342036|2018-04-27|SO|VIII C 2401/16|Wyrok|https://www.saos.org.pl/judgments/342036
341995|2018-04-27|SO|VIII C 1369/16|Wyrok|https://www.saos.org.pl/judgments/341995
340838|2018-04-27|SO|I Ns 1474/14|Postanowienie|https://www.saos.org.pl/judgments/340838
339054|2018-04-27|SO|XIX Gz 555/17|Uzasadnienie|https://www.saos.org.pl/judgments/339054
382072|2018-04-26|SO|I ACa 1082/17|Wyrok|https://www.saos.org.pl/judgments/382072
368807|2018-04-26|SO|VIII C 550/17|Wyrok|https://www.saos.org.pl/judgments/368807
359897|2018-04-26|SO|II Ca 1229/17|Uzasadnienie|https://www.saos.org.pl/judgments/359897
344240|2018-04-26|SO|I ACa 956/16|Wyrok|https://www.saos.org.pl/judgments/344240
343253|2018-04-26|SO|I C 1513/17|Wyrok|https://www.saos.org.pl/judgments/343253
342234|2018-04-26|SO|I C 349/18|Wyrok|https://www.saos.org.pl/judgments/342234
340372|2018-04-26|SO|I C 192/18|Wyrok|https://www.saos.org.pl/judgments/340372
340259|2018-04-26|SO|V GC 18/16|Wyrok|https://www.saos.org.pl/judgments/340259
409916|2018-04-25|SO|I C 2261/17|Wyrok|https://www.saos.org.pl/judgments/409916
392050|2018-04-25|SO|V AGa 15/18|Wyrok|https://www.saos.org.pl/judgments/392050
385765|2018-04-25|SO|I C 5560/16|Uzasadnienie|https://www.saos.org.pl/judgments/385765
347381|2018-04-25|SO|VII AGa 263/18|Wyrok|https://www.saos.org.pl/judgments/347381
346032|2018-04-25|SO|I ACa 1030/17|Wyrok|https://www.saos.org.pl/judgments/346032
344526|2018-04-25|SO|II Ca 1211/17|Postanowienie|https://www.saos.org.pl/judgments/344526
342283|2018-04-25|SO|III Ca 5/18|Wyrok|https://www.saos.org.pl/judgments/342283
342240|2018-04-25|SO|I C 538/18|Wyrok|https://www.saos.org.pl/judgments/342240
339933|2018-04-25|SO|I C 35/18|Wyrok|https://www.saos.org.pl/judgments/339933
339473|2018-04-25|SO|I C 465/15|Wyrok|https://www.saos.org.pl/judgments/339473
339451|2018-04-25|SO|I C 1495/17|Wyrok|https://www.saos.org.pl/judgments/339451
338252|2018-04-25|SO|I C 1559/17|Wyrok|https://www.saos.org.pl/judgments/338252
359797|2018-04-24|SO|IV C 48/17|Wyrok|https://www.saos.org.pl/judgments/359797
350715|2018-04-24|SO|I ACa 1176/17|Wyrok|https://www.saos.org.pl/judgments/350715
341547|2018-04-24|SO|I C 884/17|Wyrok|https://www.saos.org.pl/judgments/341547
338583|2018-04-24|SO|I Ca 114/18|Wyrok|https://www.saos.org.pl/judgments/338583
359806|2018-04-20|SO|IX C 35/17|Zarządzenie|https://www.saos.org.pl/judgments/359806
350374|2018-04-20|SO|III Ca 8/18|Uzasadnienie|https://www.saos.org.pl/judgments/350374
346601|2018-04-20|SO|II C 991/16|Uzasadnienie|https://www.saos.org.pl/judgments/346601
523458|2018-04-19|SO|II Ca 291/18|Postanowienie|https://www.saos.org.pl/judgments/523458
478355|2018-04-19|SO|I C 2083/17|Wyrok|https://www.saos.org.pl/judgments/478355
376869|2018-04-19|SO|I C 147/16|Wyrok|https://www.saos.org.pl/judgments/376869
373224|2018-04-19|SO|I AGa 78/18|Wyrok|https://www.saos.org.pl/judgments/373224
355694|2018-04-19|SO|I C 992/17|Wyrok|https://www.saos.org.pl/judgments/355694
349954|2018-04-19|SO|I ACa 9/18|Wyrok|https://www.saos.org.pl/judgments/349954
346708|2018-04-19|SO|I C 2169/17|Wyrok|https://www.saos.org.pl/judgments/346708
346036|2018-04-19|SO|I ACa 1068/17|Wyrok|https://www.saos.org.pl/judgments/346036
338197|2018-04-19|SO|IX Ca 431/17|Wyrok|https://www.saos.org.pl/judgments/338197
350199|2018-04-18|SO|III Ca 1995/17|Uzasadnienie|https://www.saos.org.pl/judgments/350199
349859|2018-04-18|SO|I1 C 213/18|Wyrok|https://www.saos.org.pl/judgments/349859
346680|2018-04-18|SO|X GC 783/17|Uzasadnienie|https://www.saos.org.pl/judgments/346680
340622|2018-04-18|SO|I C 1108/17|Wyrok|https://www.saos.org.pl/judgments/340622
392677|2018-04-17|SO|I C 3588/16|Zarządzenie|https://www.saos.org.pl/judgments/392677
379762|2018-04-17|SO|V C 5016/17|Uzasadnienie|https://www.saos.org.pl/judgments/379762
362646|2018-04-17|SO|II Ca 87/18|Wyrok|https://www.saos.org.pl/judgments/362646
335868|2018-04-17|SO|II Ca 800/17|Wyrok|https://www.saos.org.pl/judgments/335868
452211|2018-04-13|SO|V ACa 369/17|Wyrok|https://www.saos.org.pl/judgments/452211
361648|2018-04-13|SO|I C 328/17|Wyrok|https://www.saos.org.pl/judgments/361648
341526|2018-04-13|SO|I C 22/18|Wyrok|https://www.saos.org.pl/judgments/341526
338195|2018-04-13|SO|IX Ca 1316/17|Postanowienie|https://www.saos.org.pl/judgments/338195
337812|2018-04-13|SO|VII Ga 435/17|Wyrok|https://www.saos.org.pl/judgments/337812
361943|2018-04-12|SO|V ACa 263/17|Wyrok|https://www.saos.org.pl/judgments/361943
361476|2018-04-12|SO|II Ca 2721/17|Wyrok|https://www.saos.org.pl/judgments/361476
345690|2018-04-12|SO|III Ca 1398/17|Wyrok|https://www.saos.org.pl/judgments/345690
341991|2018-04-12|SO|VIII C 1098/16|Wyrok|https://www.saos.org.pl/judgments/341991
340231|2018-04-12|SO|III Ca 2140/17|Postanowienie|https://www.saos.org.pl/judgments/340231
356039|2018-04-11|SO|I ACa 1142/17|Wyrok|https://www.saos.org.pl/judgments/356039
350165|2018-04-11|SO|III Ca 19/18|Uzasadnienie|https://www.saos.org.pl/judgments/350165
342888|2018-04-11|SO|III C 144/17|Wyrok|https://www.saos.org.pl/judgments/342888
342204|2018-04-11|SO|I ACa 1028/17|Wyrok|https://www.saos.org.pl/judgments/342204
342203|2018-04-11|SO|I ACa 1027/17|Wyrok|https://www.saos.org.pl/judgments/342203
336957|2018-04-11|SO|XIV C 77/18|Wyrok|https://www.saos.org.pl/judgments/336957
363548|2018-04-10|SO|I C 2176/17|Wyrok|https://www.saos.org.pl/judgments/363548
339449|2018-04-10|SO|I C 125/17|Wyrok|https://www.saos.org.pl/judgments/339449
337109|2018-04-10|SO|XI GC 952/17|Zarządzenie|https://www.saos.org.pl/judgments/337109
362969|2018-04-09|SO|I AGa 39/18|Wyrok|https://www.saos.org.pl/judgments/362969
362059|2018-04-09|SO|XII Ga 109/18|Wyrok|https://www.saos.org.pl/judgments/362059
356606|2018-04-09|SO|VI ACa 1546/15|Wyrok|https://www.saos.org.pl/judgments/356606
350324|2018-04-09|SO|III Ca 440/18|Uzasadnienie|https://www.saos.org.pl/judgments/350324
342216|2018-04-09|SO|I ACa 1447/17|Wyrok|https://www.saos.org.pl/judgments/342216
341854|2018-04-09|SO|II Ca 203/18|Wyrok|https://www.saos.org.pl/judgments/341854
341493|2018-04-09|SO|XXV C 218/16|Wyrok|https://www.saos.org.pl/judgments/341493
336646|2018-04-09|SO|VIII P 25/12|Zarządzenie|https://www.saos.org.pl/judgments/336646
388908|2018-04-06|SO|I C 430/17|Wyrok|https://www.saos.org.pl/judgments/388908
349436|2018-04-06|SO|X GC 888/17|Zarządzenie|https://www.saos.org.pl/judgments/349436
339694|2018-04-06|SO|V AGa 259/18|Wyrok|https://www.saos.org.pl/judgments/339694
337579|2018-04-06|SO|I C 1037/17|Wyrok|https://www.saos.org.pl/judgments/337579
337275|2018-04-06|SO|VIII C 2001/17|Wyrok|https://www.saos.org.pl/judgments/337275
349882|2018-04-05|SO|V ACa 234/17|Wyrok|https://www.saos.org.pl/judgments/349882
342731|2018-04-05|SO|I C 131/18|Wyrok|https://www.saos.org.pl/judgments/342731
342355|2018-04-05|SO|IV P 4/18|Wyrok|https://www.saos.org.pl/judgments/342355
341436|2018-04-05|SO|I C 1040/15|Wyrok|https://www.saos.org.pl/judgments/341436
339467|2018-04-05|SO|I C 37/16|Wyrok|https://www.saos.org.pl/judgments/339467
336876|2018-04-05|SO|I C 253/15|Wyrok|https://www.saos.org.pl/judgments/336876
334537|2018-04-05|SO|X C 4923/17|Uzasadnienie|https://www.saos.org.pl/judgments/334537
342894|2018-04-04|SO|III C 755/17|Wyrok|https://www.saos.org.pl/judgments/342894
342047|2018-04-04|SO|VIII C 446/18|Wyrok|https://www.saos.org.pl/judgments/342047
349540|2018-03-30|SO|III Ca 1971/17|Uzasadnienie|https://www.saos.org.pl/judgments/349540
347031|2018-03-30|SO|X GC 275/17|Zarządzenie|https://www.saos.org.pl/judgments/347031
341211|2018-03-30|SO|VIII Ga 29/18|Zarządzenie|https://www.saos.org.pl/judgments/341211
335739|2018-03-30|SO|XII C 1629/17|Wyrok|https://www.saos.org.pl/judgments/335739
335351|2018-03-30|SO|I C 144/18|Uzasadnienie|https://www.saos.org.pl/judgments/335351
371157|2018-03-29|SO|XVIII C 58/15|Wyrok|https://www.saos.org.pl/judgments/371157
362120|2018-03-29|SO|I C 1241/17|Wyrok|https://www.saos.org.pl/judgments/362120
346061|2018-03-29|SO|I ACa 1990/16|Wyrok|https://www.saos.org.pl/judgments/346061
345456|2018-03-29|SO|I C 1272/17|Wyrok|https://www.saos.org.pl/judgments/345456
343797|2018-03-29|SO|VII AGa 846/18|Wyrok|https://www.saos.org.pl/judgments/343797
366038|2018-03-28|SO|I C 620/17|Wyrok|https://www.saos.org.pl/judgments/366038
342895|2018-03-28|SO|III C 78/18|Wyrok|https://www.saos.org.pl/judgments/342895
339456|2018-03-28|SO|I C 2/18|Wyrok|https://www.saos.org.pl/judgments/339456
335415|2018-03-28|SO|IV Ca 65/18|Wyrok|https://www.saos.org.pl/judgments/335415
363286|2018-03-27|SO|VI ACa 1700/16|Wyrok|https://www.saos.org.pl/judgments/363286
342825|2018-03-27|SO|XVIII C 1735/16|Wyrok|https://www.saos.org.pl/judgments/342825
339783|2018-03-27|SO|I ACa 201/14|Wyrok|https://www.saos.org.pl/judgments/339783
339727|2018-03-27|SO|VII AGa 837/18|Wyrok|https://www.saos.org.pl/judgments/339727
337244|2018-03-27|SO|I C 1689/17|Wyrok|https://www.saos.org.pl/judgments/337244
337145|2018-03-27|SO|V ACa 140/17|Wyrok|https://www.saos.org.pl/judgments/337145
361220|2018-03-26|SO|I C 83/17|Wyrok|https://www.saos.org.pl/judgments/361220
349248|2018-03-26|SO|I C 2785/17|Wyrok|https://www.saos.org.pl/judgments/349248
346753|2018-03-26|SO|X GC 29/18|Zarządzenie|https://www.saos.org.pl/judgments/346753
336423|2018-03-26|SO|V AGa 94/18|Wyrok|https://www.saos.org.pl/judgments/336423
409558|2018-03-23|SO|I C 1713/17|Wyrok|https://www.saos.org.pl/judgments/409558
359208|2018-03-23|SO|I ACa 961/17|Wyrok|https://www.saos.org.pl/judgments/359208
348106|2018-03-23|SO|I AGa 60/18|Wyrok|https://www.saos.org.pl/judgments/348106
336969|2018-03-23|SO|II C 1849/15|Wyrok|https://www.saos.org.pl/judgments/336969
355862|2018-03-22|SO|II C 625/17|Wyrok|https://www.saos.org.pl/judgments/355862
344645|2018-03-22|SO|IV Ka 144/18|Wyrok|https://www.saos.org.pl/judgments/344645
335411|2018-03-22|SO|III Ca 2033/17|Wyrok|https://www.saos.org.pl/judgments/335411
334694|2018-03-22|SO|VIII C 2075/17|Wyrok|https://www.saos.org.pl/judgments/334694
413698|2018-03-21|SO|IX GC 2237/17|Uzasadnienie|https://www.saos.org.pl/judgments/413698
392051|2018-03-21|SO|V AGa 88/18|Wyrok|https://www.saos.org.pl/judgments/392051
357151|2018-03-21|SO|I ACa 1078/17|Wyrok|https://www.saos.org.pl/judgments/357151
345594|2018-03-21|SO|XXV C 429/16|Wyrok|https://www.saos.org.pl/judgments/345594
343276|2018-03-21|SO|I C 58/18|Wyrok|https://www.saos.org.pl/judgments/343276
338314|2018-03-21|SO|III Ca 2024/17|Wyrok|https://www.saos.org.pl/judgments/338314
337292|2018-03-21|SO|VIII C 2471/16|Wyrok|https://www.saos.org.pl/judgments/337292
334642|2018-03-21|SO|IX Ca 1184/17|Postanowienie|https://www.saos.org.pl/judgments/334642
366587|2018-03-20|SO|XV Ca 1285/17|Postanowienie|https://www.saos.org.pl/judgments/366587
349320|2018-03-20|SO|III Ca 1904/17|Uzasadnienie|https://www.saos.org.pl/judgments/349320
348827|2018-03-20|SO|III Ca 1860/17|Uzasadnienie|https://www.saos.org.pl/judgments/348827
345419|2018-03-20|SO|VI ACa 1705/16|Wyrok|https://www.saos.org.pl/judgments/345419
339439|2018-03-20|SO|I AGa 60/18|Wyrok|https://www.saos.org.pl/judgments/339439
336513|2018-03-20|SO|I C 1546/17|Wyrok|https://www.saos.org.pl/judgments/336513
333824|2018-03-20|SO|II Ca 57/18|Wyrok|https://www.saos.org.pl/judgments/333824
389032|2018-03-19|SO|I C 1138/17|Wyrok|https://www.saos.org.pl/judgments/389032
338048|2018-03-19|SO|I Ns 1983/16|Postanowienie|https://www.saos.org.pl/judgments/338048
390598|2018-03-16|SO|I C 434/15|Wyrok|https://www.saos.org.pl/judgments/390598
349310|2018-03-16|SO|III Ca 1891/17|Uzasadnienie|https://www.saos.org.pl/judgments/349310
343240|2018-03-16|SO|I ACa 652/17|Wyrok|https://www.saos.org.pl/judgments/343240
336946|2018-03-16|SO|V GC 2628/17|Wyrok|https://www.saos.org.pl/judgments/336946
335599|2018-03-16|SO|I ACa 913/17|Wyrok|https://www.saos.org.pl/judgments/335599
334018|2018-03-16|SO|XVI C 276/17|Uzasadnienie|https://www.saos.org.pl/judgments/334018
360072|2018-03-15|SO|I AGa 82/18|Wyrok|https://www.saos.org.pl/judgments/360072
352282|2018-03-15|SO|I ACa 1935/17|Wyrok|https://www.saos.org.pl/judgments/352282
344381|2018-03-15|SO|I ACa 2148/16|Wyrok|https://www.saos.org.pl/judgments/344381
339079|2018-03-15|SO|II Cgg 10/17|Wyrok|https://www.saos.org.pl/judgments/339079
334688|2018-03-15|SO|VIII C 1095/17|Wyrok|https://www.saos.org.pl/judgments/334688
341297|2018-03-14|SO|I C 239/18|Wyrok|https://www.saos.org.pl/judgments/341297
335629|2018-03-14|SO|I Ca 49/18|Wyrok|https://www.saos.org.pl/judgments/335629
335487|2018-03-14|SO|VII Pa 25/18|Wyrok|https://www.saos.org.pl/judgments/335487
334693|2018-03-14|SO|VIII C 2043/17|Wyrok|https://www.saos.org.pl/judgments/334693
334550|2018-03-14|SO|I C 1769/17|Wyrok|https://www.saos.org.pl/judgments/334550
331099|2018-03-13|SO|X C 338/18|Zarządzenie|https://www.saos.org.pl/judgments/331099
331098|2018-03-13|SO|X C 1846/17|Uzasadnienie|https://www.saos.org.pl/judgments/331098
338049|2018-03-12|SO|I Ns 344/14|Postanowienie|https://www.saos.org.pl/judgments/338049
336774|2018-03-09|SO|IV Ca 40/18|Wyrok|https://www.saos.org.pl/judgments/336774
334242|2018-03-09|SO|II Ca 19/18|Wyrok|https://www.saos.org.pl/judgments/334242
368809|2018-03-08|SO|VIII C 733/17|Wyrok|https://www.saos.org.pl/judgments/368809
361193|2018-03-08|SO|XV Ca 1173/17|Postanowienie|https://www.saos.org.pl/judgments/361193
348837|2018-03-08|SO|III Ca 1878/17|Uzasadnienie|https://www.saos.org.pl/judgments/348837
348427|2018-03-08|SO|V AGa 43/18|Wyrok|https://www.saos.org.pl/judgments/348427
344535|2018-03-08|SO|II Ca 877/17|Postanowienie|https://www.saos.org.pl/judgments/344535
341930|2018-03-08|SO|V ACa 1131/17|Wyrok|https://www.saos.org.pl/judgments/341930
336469|2018-03-08|SO|I ACa 1969/16|Wyrok|https://www.saos.org.pl/judgments/336469
336280|2018-03-08|SO|I ACa 599/17|Wyrok|https://www.saos.org.pl/judgments/336280
334511|2018-03-08|SO|VIII C 1849/17|Wyrok|https://www.saos.org.pl/judgments/334511
401649|2018-03-07|SO|XIII GC 1657/17|Wyrok|https://www.saos.org.pl/judgments/401649
356880|2018-03-07|SO|I AGa 39/18|Wyrok|https://www.saos.org.pl/judgments/356880
342589|2018-03-07|SO|V ACa 270/17|Wyrok|https://www.saos.org.pl/judgments/342589
337711|2018-03-07|SO|XVIII C 644/15|Wyrok|https://www.saos.org.pl/judgments/337711
336096|2018-03-07|SO|I C 42/18|Wyrok|https://www.saos.org.pl/judgments/336096
332427|2018-03-07|SO|IX Ca 1017/17|Postanowienie|https://www.saos.org.pl/judgments/332427
403307|2018-03-06|SO|I ACa 862/17|Wyrok|https://www.saos.org.pl/judgments/403307
358310|2018-03-06|SO|VII AGa 187/18|Wyrok|https://www.saos.org.pl/judgments/358310
349299|2018-03-06|SO|III Ca 1877/17|Uzasadnienie|https://www.saos.org.pl/judgments/349299
349119|2018-03-06|SO|I C 2728/17|Wyrok|https://www.saos.org.pl/judgments/349119
349118|2018-03-06|SO|I C 2727/17|Wyrok|https://www.saos.org.pl/judgments/349118
347945|2018-03-06|SO|V ACa 94/17|Wyrok|https://www.saos.org.pl/judgments/347945
347899|2018-03-06|SO|I C 3080/16|Wyrok|https://www.saos.org.pl/judgments/347899
334072|2018-03-06|SO|I C 1577/17|Wyrok|https://www.saos.org.pl/judgments/334072
346900|2018-03-05|SO|II1 C 87/17|Wyrok|https://www.saos.org.pl/judgments/346900
376602|2018-03-02|SO|I ACa 999/17|Wyrok|https://www.saos.org.pl/judgments/376602
348380|2018-03-02|SO|III Ca 2024/17|Uzasadnienie|https://www.saos.org.pl/judgments/348380
339930|2018-03-02|SO|I C 1330/17|Wyrok|https://www.saos.org.pl/judgments/339930
335617|2018-03-02|SO|I C 1726/17|Wyrok|https://www.saos.org.pl/judgments/335617
362636|2018-03-01|SO|II Ca 50/18|Wyrok|https://www.saos.org.pl/judgments/362636
361086|2018-02-28|SO|II Ca 2380/17|Wyrok|https://www.saos.org.pl/judgments/361086
341729|2018-02-28|SO|I C 548/17|Uzasadnienie|https://www.saos.org.pl/judgments/341729
336332|2018-02-28|SO|I ACa 889/17|Wyrok|https://www.saos.org.pl/judgments/336332
336142|2018-02-28|SO|II Cgg 4/16|Wyrok|https://www.saos.org.pl/judgments/336142
335597|2018-02-28|SO|I ACa 896/17|Wyrok|https://www.saos.org.pl/judgments/335597
334092|2018-02-28|SO|III C 389/17|Wyrok|https://www.saos.org.pl/judgments/334092
331541|2018-02-28|SO|I C 1508/17|Wyrok|https://www.saos.org.pl/judgments/331541
331330|2018-02-28|SO|I C 1499/17|Wyrok|https://www.saos.org.pl/judgments/331330
358850|2018-02-27|SO|I C 3297/15|Wyrok|https://www.saos.org.pl/judgments/358850
342152|2018-02-27|SO|XII Ga 958/17|Uzasadnienie|https://www.saos.org.pl/judgments/342152
347464|2018-02-26|SO|V ACa 161/17|Wyrok|https://www.saos.org.pl/judgments/347464
328595|2018-02-26|SO|XII C 477/17|Wyrok|https://www.saos.org.pl/judgments/328595
345789|2018-02-23|SO|I ACa 871/17|Wyrok|https://www.saos.org.pl/judgments/345789
342987|2018-02-23|SO|XX GC 62/17|Wyrok|https://www.saos.org.pl/judgments/342987
339132|2018-02-23|SO|VII AGa 183/18|Wyrok|https://www.saos.org.pl/judgments/339132
336324|2018-02-23|SO|I ACa 868/17|Wyrok|https://www.saos.org.pl/judgments/336324
336121|2018-02-23|SO|II C 1438/17|Uzasadnienie|https://www.saos.org.pl/judgments/336121
331321|2018-02-23|SO|I ACa 858/17|Wyrok|https://www.saos.org.pl/judgments/331321
388203|2018-02-22|SO|I ACa 83/17|Wyrok|https://www.saos.org.pl/judgments/388203
356534|2018-02-22|SO|I C 1379/17|Wyrok|https://www.saos.org.pl/judgments/356534
356046|2018-02-22|SO|I ACa 871/17|Wyrok|https://www.saos.org.pl/judgments/356046
345620|2018-02-22|SO|I AGa 40/18|Wyrok|https://www.saos.org.pl/judgments/345620
339833|2018-02-22|SO|II Ca 910/17|Wyrok|https://www.saos.org.pl/judgments/339833
338800|2018-02-22|SO|I C 648/17|Wyrok|https://www.saos.org.pl/judgments/338800
336356|2018-02-22|SO|I C 203/17|Wyrok|https://www.saos.org.pl/judgments/336356
335024|2018-02-22|SO|I Ca 492/17|Wyrok|https://www.saos.org.pl/judgments/335024
334514|2018-02-22|SO|VIII C 1955/17|Wyrok|https://www.saos.org.pl/judgments/334514
334419|2018-02-22|SO|II Ca 930/17|Wyrok|https://www.saos.org.pl/judgments/334419
331525|2018-02-22|SO|I ACa 846/17|Wyrok|https://www.saos.org.pl/judgments/331525
348341|2018-02-21|SO|III Ca 1727/17|Uzasadnienie|https://www.saos.org.pl/judgments/348341
340872|2018-02-21|SO|VII AGa 148/18|Wyrok|https://www.saos.org.pl/judgments/340872
336117|2018-02-21|SO|II C 1271/16|Uzasadnienie|https://www.saos.org.pl/judgments/336117
332732|2018-02-21|SO|II Ca 135/18|Wyrok|https://www.saos.org.pl/judgments/332732
331774|2018-02-21|SO|I C 1006/17|Wyrok|https://www.saos.org.pl/judgments/331774
339116|2018-02-20|SO|VII AGa 111/18|Wyrok|https://www.saos.org.pl/judgments/339116
338006|2018-02-20|SO|I C 1326/16|Wyrok|https://www.saos.org.pl/judgments/338006
333926|2018-02-20|SO|II Ca 192/17|Wyrok|https://www.saos.org.pl/judgments/333926
333504|2018-02-20|SO|V Pa 61/17|Wyrok|https://www.saos.org.pl/judgments/333504
346903|2018-02-19|SO|II1 C 96/17|Wyrok|https://www.saos.org.pl/judgments/346903
341695|2018-02-19|SO|XXV C 1104/17|Wyrok|https://www.saos.org.pl/judgments/341695
333114|2018-02-19|SO|VIII GC 582/16|Wyrok|https://www.saos.org.pl/judgments/333114
342822|2018-02-16|SO|X GC 998/17|Zarządzenie|https://www.saos.org.pl/judgments/342822
341151|2018-02-16|SO|III Ca 1683/17|Uzasadnienie|https://www.saos.org.pl/judgments/341151
329733|2018-02-16|SO|I C 927/17|Wyrok|https://www.saos.org.pl/judgments/329733
345345|2018-02-15|SO|I AGa 36/18|Wyrok|https://www.saos.org.pl/judgments/345345
339288|2018-02-15|SO|I AGa 28/18|Wyrok|https://www.saos.org.pl/judgments/339288
335538|2018-02-15|SO|XI Ns 3138/16|Postanowienie|https://www.saos.org.pl/judgments/335538
331716|2018-02-15|SO|VIII C 1809/17|Wyrok|https://www.saos.org.pl/judgments/331716
331514|2018-02-14|SO|I ACa 280/17|Wyrok|https://www.saos.org.pl/judgments/331514
330228|2018-02-14|SO|I ACa 799/17|Wyrok|https://www.saos.org.pl/judgments/330228
363595|2018-02-13|SO|III C 25/18|Wyrok|https://www.saos.org.pl/judgments/363595
360357|2018-02-13|SO|III APa 16/17|Wyrok|https://www.saos.org.pl/judgments/360357
331717|2018-02-13|SO|VIII C 1826/17|Wyrok|https://www.saos.org.pl/judgments/331717
331546|2018-02-13|SO|I C 218/17|Wyrok|https://www.saos.org.pl/judgments/331546
330977|2018-02-13|SO|II Ca 44/18|Wyrok|https://www.saos.org.pl/judgments/330977
345621|2018-02-12|SO|I AGa 8/18|Wyrok|https://www.saos.org.pl/judgments/345621
338288|2018-02-12|SO|II Ca 1141/17|Wyrok|https://www.saos.org.pl/judgments/338288
337324|2018-02-12|SO|I C 668/17|Wyrok|https://www.saos.org.pl/judgments/337324
337111|2018-02-12|SO|I C 724/17|Wyrok|https://www.saos.org.pl/judgments/337111
336202|2018-02-12|SO|IX GC 988/17|Wyrok|https://www.saos.org.pl/judgments/336202
395819|2018-02-09|SO|XVIII C 63/15|Wyrok|https://www.saos.org.pl/judgments/395819
330861|2018-02-09|SO|VIII C 1083/16|Wyrok|https://www.saos.org.pl/judgments/330861
327680|2018-02-09|SO|I C 1044/17|Wyrok|https://www.saos.org.pl/judgments/327680
374704|2018-02-08|SO|XV Ca 1104/17|Wyrok|https://www.saos.org.pl/judgments/374704
347618|2018-02-08|SO|VI ACa 1405/16|Wyrok|https://www.saos.org.pl/judgments/347618
339832|2018-02-08|SO|II Ca 909/17|Wyrok|https://www.saos.org.pl/judgments/339832
343103|2018-02-07|SO|VII AGa 110/18|Wyrok|https://www.saos.org.pl/judgments/343103
340203|2018-02-07|SO|III Ca 1617/17|Uzasadnienie|https://www.saos.org.pl/judgments/340203
338422|2018-02-07|SO|I C 843/16|Wyrok|https://www.saos.org.pl/judgments/338422
336100|2018-02-07|SO|I C 498/16|Wyrok|https://www.saos.org.pl/judgments/336100
335770|2018-02-07|SO|I C 1457/17|Wyrok|https://www.saos.org.pl/judgments/335770
331554|2018-02-07|SO|I C 4310/17|Wyrok|https://www.saos.org.pl/judgments/331554
330917|2018-02-07|SO|I C 298/17|Wyrok|https://www.saos.org.pl/judgments/330917
532061|2018-02-06|SO|I C 60/13|Uzasadnienie|https://www.saos.org.pl/judgments/532061
360836|2018-02-06|SO|II Ca 2179/17|Wyrok|https://www.saos.org.pl/judgments/360836
332338|2018-02-06|SO|I C 3588/17|Wyrok|https://www.saos.org.pl/judgments/332338
332003|2018-02-06|SO|I C 1940/17|Wyrok|https://www.saos.org.pl/judgments/332003
330254|2018-02-06|SO|I C 657/17|Wyrok|https://www.saos.org.pl/judgments/330254
353002|2018-02-05|SO|VII AGa 90/18|Wyrok|https://www.saos.org.pl/judgments/353002
329071|2018-02-05|SO|VIII Pa 263/17|Uzasadnienie|https://www.saos.org.pl/judgments/329071
388731|2018-02-02|SO|I C 374/17|Wyrok|https://www.saos.org.pl/judgments/388731
335933|2018-02-02|SO|I C 1675/16|Wyrok|https://www.saos.org.pl/judgments/335933
357180|2018-02-01|SO|I C 783/17|Wyrok|https://www.saos.org.pl/judgments/357180
334989|2018-02-01|SO|VIII C 1481/17|Wyrok|https://www.saos.org.pl/judgments/334989
331209|2018-02-01|SO|I ACa 777/17|Wyrok|https://www.saos.org.pl/judgments/331209
329058|2018-02-01|SO|VIII Ga 550/17|Uzasadnienie|https://www.saos.org.pl/judgments/329058
326196|2018-02-01|SO|I Ns 31/17|Postanowienie|https://www.saos.org.pl/judgments/326196
411643|2018-01-31|SO|XVIII C 4766/17|Wyrok|https://www.saos.org.pl/judgments/411643
345449|2018-01-31|SO|I AGa 12/18|Wyrok|https://www.saos.org.pl/judgments/345449
340215|2018-01-31|SO|III Ca 1630/17|Uzasadnienie|https://www.saos.org.pl/judgments/340215
338410|2018-01-31|SO|I ACa 841/17|Wyrok|https://www.saos.org.pl/judgments/338410
329236|2018-01-31|SO|I C 314/17|Wyrok|https://www.saos.org.pl/judgments/329236
327720|2018-01-31|SO|IV Ca 734/17|Postanowienie|https://www.saos.org.pl/judgments/327720
324477|2018-01-31|SO|X C 5780/17|Zarządzenie|https://www.saos.org.pl/judgments/324477
324468|2018-01-31|SO|X C 5641/17|Zarządzenie|https://www.saos.org.pl/judgments/324468
384791|2018-01-30|SO|XVI GC 823/15|Wyrok|https://www.saos.org.pl/judgments/384791
377238|2018-01-30|SO|I C 598/17|Wyrok|https://www.saos.org.pl/judgments/377238
358646|2018-01-30|SO|XXVII Ca 83/18|Wyrok|https://www.saos.org.pl/judgments/358646
339144|2018-01-30|SO|VII AGa 920/18|Wyrok|https://www.saos.org.pl/judgments/339144
338143|2018-01-30|SO|I C 778/17|Uzasadnienie|https://www.saos.org.pl/judgments/338143
330191|2018-01-30|SO|X GC 2018/17|Wyrok|https://www.saos.org.pl/judgments/330191
328132|2018-01-30|SO|I C 682/16|Wyrok|https://www.saos.org.pl/judgments/328132
339126|2018-01-29|SO|VII AGa 147/18|Wyrok|https://www.saos.org.pl/judgments/339126
336538|2018-01-29|SO|I C 961/17|Wyrok|https://www.saos.org.pl/judgments/336538
363590|2018-01-26|SO|III C 1437/17|Wyrok|https://www.saos.org.pl/judgments/363590
344815|2018-01-26|SO|VI GC 156/17|Wyrok|https://www.saos.org.pl/judgments/344815
333141|2018-01-26|SO|I C 1053/17|Wyrok|https://www.saos.org.pl/judgments/333141
331536|2018-01-26|SO|I C 1330/17|Zarządzenie|https://www.saos.org.pl/judgments/331536
330919|2018-01-26|SO|I C 3219/17|Zarządzenie|https://www.saos.org.pl/judgments/330919
327639|2018-01-26|SO|VIII C 23/17|Wyrok|https://www.saos.org.pl/judgments/327639
325893|2018-01-26|SO|I Ns 832/16|Postanowienie|https://www.saos.org.pl/judgments/325893
442001|2018-01-25|SO|I ACa 793/17|Wyrok|https://www.saos.org.pl/judgments/442001
419446|2018-01-25|SO|I ACa 792/17|Wyrok|https://www.saos.org.pl/judgments/419446
334730|2018-01-25|SO|XI GC 1311/17|Wyrok|https://www.saos.org.pl/judgments/334730
330921|2018-01-25|SO|I C 3387/17|Uzasadnienie|https://www.saos.org.pl/judgments/330921
330914|2018-01-25|SO|I C 245/17|Wyrok|https://www.saos.org.pl/judgments/330914
330780|2018-01-25|SO|II Ca 556/17|Wyrok|https://www.saos.org.pl/judgments/330780
326185|2018-01-25|SO|I C 379/17|Wyrok|https://www.saos.org.pl/judgments/326185
411633|2018-01-24|SO|XVIII C 3351/17|Wyrok|https://www.saos.org.pl/judgments/411633
411630|2018-01-24|SO|XVIII C 3205/17|Wyrok|https://www.saos.org.pl/judgments/411630
334833|2018-01-24|SO|II C 802/16|Zarządzenie|https://www.saos.org.pl/judgments/334833
330794|2018-01-24|SO|II Ca 856/17|Wyrok|https://www.saos.org.pl/judgments/330794
328129|2018-01-24|SO|I C 605/16|Wyrok|https://www.saos.org.pl/judgments/328129
327358|2018-01-24|SO|VIII C 2633/16|Wyrok|https://www.saos.org.pl/judgments/327358
326282|2018-01-24|SO|IX Ca 972/17|Wyrok|https://www.saos.org.pl/judgments/326282
346896|2018-01-23|SO|II1 C 39/17|Wyrok|https://www.saos.org.pl/judgments/346896
336637|2018-01-23|SO|VII AGa 34/18|Wyrok|https://www.saos.org.pl/judgments/336637
334240|2018-01-23|SO|II C 864/17|Wyrok|https://www.saos.org.pl/judgments/334240
331137|2018-01-23|SO|I Ca 361/17|Wyrok|https://www.saos.org.pl/judgments/331137
328898|2018-01-23|SO|I C 2/18|Wyrok|https://www.saos.org.pl/judgments/328898
332000|2018-01-22|SO|I C 1774/13|Wyrok|https://www.saos.org.pl/judgments/332000
328491|2018-01-22|SO|VIII C 2003/17|Wyrok|https://www.saos.org.pl/judgments/328491
335634|2018-01-18|SO|II Ca 448/17|Postanowienie|https://www.saos.org.pl/judgments/335634
330395|2018-01-18|SO|XXIII Ga 1768/17|Wyrok|https://www.saos.org.pl/judgments/330395
330004|2018-01-18|SO|II1 C 84/17|Wyrok|https://www.saos.org.pl/judgments/330004
341439|2018-01-17|SO|I C 1116/17|Wyrok|https://www.saos.org.pl/judgments/341439
331140|2018-01-17|SO|I Ca 519/17|Wyrok|https://www.saos.org.pl/judgments/331140
327854|2018-01-17|SO|I C 892/17|Wyrok|https://www.saos.org.pl/judgments/327854
327689|2018-01-17|SO|I C 833/17|Wyrok|https://www.saos.org.pl/judgments/327689
321986|2018-01-17|SO|XII C 1492/16|Wyrok|https://www.saos.org.pl/judgments/321986
330279|2018-01-16|SO|III Ca 1735/17|Wyrok|https://www.saos.org.pl/judgments/330279
329924|2018-01-16|SO|I C 1020/17|Wyrok|https://www.saos.org.pl/judgments/329924
328875|2018-01-15|SO|I ACa 520/17|Wyrok|https://www.saos.org.pl/judgments/328875
326531|2018-01-15|SO|VIII GC 357/17|Wyrok|https://www.saos.org.pl/judgments/326531
412228|2018-01-12|SO|IX GC 2512/16|Zarządzenie|https://www.saos.org.pl/judgments/412228
338955|2018-01-12|SO|III Ca 1834/17|Uzasadnienie|https://www.saos.org.pl/judgments/338955
331761|2018-01-12|SO|I ACa 600/17|Wyrok|https://www.saos.org.pl/judgments/331761
388686|2018-01-11|SO|I C 1357/16|Uzasadnienie|https://www.saos.org.pl/judgments/388686
321497|2018-01-11|SO|XIII Ga 1265/17|Uzasadnienie|https://www.saos.org.pl/judgments/321497
346671|2018-01-10|SO|X GC 28/17|Zarządzenie|https://www.saos.org.pl/judgments/346671
326673|2018-01-10|SO|III Ca 1055/17|Wyrok|https://www.saos.org.pl/judgments/326673
323455|2018-01-10|SO|I Ca 505/17|Wyrok|https://www.saos.org.pl/judgments/323455
322538|2018-01-10|SO|II Ca 465/17|Zarządzenie|https://www.saos.org.pl/judgments/322538
333866|2018-01-09|SO|III Ca 1501/17|Uzasadnienie|https://www.saos.org.pl/judgments/333866
326165|2018-01-09|SO|I ACa 740/17|Wyrok|https://www.saos.org.pl/judgments/326165
325095|2018-01-09|SO|I C 485/17|Zarządzenie|https://www.saos.org.pl/judgments/325095
322431|2018-01-09|SO|X Ga 1104/17|Wyrok|https://www.saos.org.pl/judgments/322431
377092|2018-01-08|SO|I C 342/16|Wyrok|https://www.saos.org.pl/judgments/377092
375231|2018-01-08|SO|I C 4467/16|Uzasadnienie|https://www.saos.org.pl/judgments/375231
358779|2018-01-08|SO|II C 634/17|Wyrok|https://www.saos.org.pl/judgments/358779
340061|2018-01-08|SO|I C 531/17|Uzasadnienie|https://www.saos.org.pl/judgments/340061
339448|2018-01-08|SO|I C 1248/17|Wyrok|https://www.saos.org.pl/judgments/339448
382516|2018-01-05|SO|XXVII Ca 782/17|Wyrok|https://www.saos.org.pl/judgments/382516
340874|2018-01-04|SO|XI C 2530/16|Wyrok|https://www.saos.org.pl/judgments/340874
322509|2018-01-04|SO|I C 662/16|Uzasadnienie|https://www.saos.org.pl/judgments/322509
338644|2018-01-03|SO|III Ca 1489/17|Uzasadnienie|https://www.saos.org.pl/judgments/338644
338949|2018-01-02|SO|III Ca 1807/17|Uzasadnienie|https://www.saos.org.pl/judgments/338949
330008|2017-12-29|SO|III Pa 24/17|Wyrok|https://www.saos.org.pl/judgments/330008
325989|2017-12-29|SO|III Ca 1351/17|Uzasadnienie|https://www.saos.org.pl/judgments/325989
323430|2017-12-29|SO|I C 683/17|Wyrok|https://www.saos.org.pl/judgments/323430
321898|2017-12-29|SO|II Ca 824/17|Postanowienie|https://www.saos.org.pl/judgments/321898
320139|2017-12-29|SO|X GC 873/15|Zarządzenie|https://www.saos.org.pl/judgments/320139
405459|2017-12-28|SO|I C 3977/16|Uzasadnienie|https://www.saos.org.pl/judgments/405459
385698|2017-12-28|SO|V ACa 163/17|Wyrok|https://www.saos.org.pl/judgments/385698
349630|2017-12-28|SO|II Ca 877/17|Wyrok|https://www.saos.org.pl/judgments/349630
344397|2017-12-28|SO|I ACa 660/17|Wyrok|https://www.saos.org.pl/judgments/344397
336094|2017-12-28|SO|I C 394/17|Wyrok|https://www.saos.org.pl/judgments/336094
335778|2017-12-28|SO|I C 362/17|Uzasadnienie|https://www.saos.org.pl/judgments/335778
321196|2017-12-28|SO|I C 1113/17|Zarządzenie|https://www.saos.org.pl/judgments/321196
381258|2017-12-27|SO|XVI GC 619/17|Wyrok|https://www.saos.org.pl/judgments/381258
339036|2017-12-27|SO|VII ACa 69/17|Wyrok|https://www.saos.org.pl/judgments/339036
330150|2017-12-27|SO|III Ca 1653/17|Uzasadnienie|https://www.saos.org.pl/judgments/330150
435480|2017-12-22|SO|I ACa 1380/15|Wyrok|https://www.saos.org.pl/judgments/435480
360642|2017-12-22|SO|I C 911/17|Wyrok|https://www.saos.org.pl/judgments/360642
349964|2017-12-22|SO|I C 620/17|Wyrok|https://www.saos.org.pl/judgments/349964
347054|2017-12-22|SO|XV Ca 688/17|Postanowienie|https://www.saos.org.pl/judgments/347054
341048|2017-12-22|SO|I C 28/17|Uzasadnienie|https://www.saos.org.pl/judgments/341048
340360|2017-12-22|SO|I ACa 627/17|Wyrok|https://www.saos.org.pl/judgments/340360
330651|2017-12-22|SO|VI GC 1294/17|Wyrok|https://www.saos.org.pl/judgments/330651
323013|2017-12-22|SO|I C 917/17|Wyrok|https://www.saos.org.pl/judgments/323013
322480|2017-12-22|SO|I C 1181/13|Wyrok|https://www.saos.org.pl/judgments/322480
343026|2017-12-21|SO|I C 3729/17|Wyrok|https://www.saos.org.pl/judgments/343026
342928|2017-12-21|SO|V ACa 820/16|Wyrok|https://www.saos.org.pl/judgments/342928
329279|2017-12-21|SO|II Ca 652/17|Wyrok|https://www.saos.org.pl/judgments/329279
327077|2017-12-21|SO|XIV C 329/17|Wyrok|https://www.saos.org.pl/judgments/327077
326414|2017-12-21|SO|III Ca 1221/17|Uzasadnienie|https://www.saos.org.pl/judgments/326414
325132|2017-12-21|SO|II Ca 590/17|Postanowienie|https://www.saos.org.pl/judgments/325132
322620|2017-12-21|SO|V ACa 80/17|Wyrok|https://www.saos.org.pl/judgments/322620
320785|2017-12-21|SO|I C 887/17|Wyrok|https://www.saos.org.pl/judgments/320785
388729|2017-12-20|SO|I C 3304/15|Wyrok|https://www.saos.org.pl/judgments/388729
382459|2017-12-20|SO|XXVII Ca 2498/17|Wyrok|https://www.saos.org.pl/judgments/382459
373318|2017-12-20|SO|II Ca 1875/17|Wyrok|https://www.saos.org.pl/judgments/373318
358767|2017-12-20|SO|II C 457/17|Wyrok|https://www.saos.org.pl/judgments/358767
346642|2017-12-20|SO|VI ACa 1338/16|Wyrok|https://www.saos.org.pl/judgments/346642
337549|2017-12-20|SO|VI ACa 1336/16|Wyrok|https://www.saos.org.pl/judgments/337549
329659|2017-12-20|SO|XII C 806/17|Wyrok|https://www.saos.org.pl/judgments/329659
322468|2017-12-20|SO|I ACa 606/17|Wyrok|https://www.saos.org.pl/judgments/322468
322317|2017-12-20|SO|II Ca 859/17|Wyrok|https://www.saos.org.pl/judgments/322317
320120|2017-12-20|SO|X GC 1013/16|Zarządzenie|https://www.saos.org.pl/judgments/320120
348915|2017-12-19|SO|I C 1111/15|Wyrok|https://www.saos.org.pl/judgments/348915
340115|2017-12-19|SO|I ACa 633/17|Wyrok|https://www.saos.org.pl/judgments/340115
322035|2017-12-19|SO|I C 263/16|Wyrok|https://www.saos.org.pl/judgments/322035
317821|2017-12-19|SO|X C 3358/16|Uzasadnienie|https://www.saos.org.pl/judgments/317821
335939|2017-12-18|SO|I C 225/17|Uzasadnienie|https://www.saos.org.pl/judgments/335939
328830|2017-12-18|SO|III Ca 1894/17|Uzasadnienie|https://www.saos.org.pl/judgments/328830
327832|2017-12-18|SO|I C 1549/17|Wyrok|https://www.saos.org.pl/judgments/327832
326689|2017-12-18|SO|III Ca 1432/17|Uzasadnienie|https://www.saos.org.pl/judgments/326689
326676|2017-12-18|SO|III Ca 1395/17|Uzasadnienie|https://www.saos.org.pl/judgments/326676
321091|2017-12-18|SO|I Ca 115/16|Wyrok|https://www.saos.org.pl/judgments/321091
320760|2017-12-16|SO|I C 25/16|Wyrok|https://www.saos.org.pl/judgments/320760
347397|2017-12-15|SO|XV Ca 906/17|Postanowienie|https://www.saos.org.pl/judgments/347397
328015|2017-12-15|SO|V ACa 472/16|Wyrok|https://www.saos.org.pl/judgments/328015
326206|2017-12-15|SO|II Ca 1313/17|Wyrok|https://www.saos.org.pl/judgments/326206
324738|2017-12-15|SO|III Ca 1350/17|Uzasadnienie|https://www.saos.org.pl/judgments/324738
322462|2017-12-15|SO|I ACa 458/17|Wyrok|https://www.saos.org.pl/judgments/322462
319379|2017-12-15|SO|VIII Ca 620/17|Postanowienie|https://www.saos.org.pl/judgments/319379
336521|2017-12-14|SO|I C 1923/16|Wyrok|https://www.saos.org.pl/judgments/336521
326864|2017-12-14|SO|VIII C 315/17|Wyrok|https://www.saos.org.pl/judgments/326864
326845|2017-12-14|SO|VIII C 1909/17|Wyrok|https://www.saos.org.pl/judgments/326845
324583|2017-12-14|SO|XXV C 375/17|Wyrok|https://www.saos.org.pl/judgments/324583
346853|2017-12-13|SO|I ACa 672/17|Wyrok|https://www.saos.org.pl/judgments/346853
340376|2017-12-13|SO|I C 228/17|Wyrok|https://www.saos.org.pl/judgments/340376
322501|2017-12-13|SO|I C 380/14|Wyrok|https://www.saos.org.pl/judgments/322501
322261|2017-12-13|SO|I C 1406/16|Wyrok|https://www.saos.org.pl/judgments/322261
330473|2017-12-12|SO|I C 858/12|Wyrok|https://www.saos.org.pl/judgments/330473
322627|2017-12-12|SO|V Pa 20/17|Wyrok|https://www.saos.org.pl/judgments/322627
322312|2017-12-12|SO|II Ca 789/17|Postanowienie|https://www.saos.org.pl/judgments/322312
402229|2017-12-11|SO|II Ns 839/16|Zarządzenie|https://www.saos.org.pl/judgments/402229
324564|2017-12-11|SO|XVIII C 275/17|Wyrok|https://www.saos.org.pl/judgments/324564
317699|2017-12-11|SO|VI GC 1358/17|Wyrok|https://www.saos.org.pl/judgments/317699
389043|2017-12-08|SO|I C 2022/13|Wyrok|https://www.saos.org.pl/judgments/389043
322185|2017-12-08|SO|VIII Ga 489/17|Wyrok|https://www.saos.org.pl/judgments/322185
321811|2017-12-08|SO|X Ga 251/17|Wyrok|https://www.saos.org.pl/judgments/321811
437219|2017-12-07|SO|I ACa 668/17|Wyrok|https://www.saos.org.pl/judgments/437219
337237|2017-12-07|SO|XV C 832/17|Wyrok|https://www.saos.org.pl/judgments/337237
329994|2017-12-07|SO|II1 C 103/16|Wyrok|https://www.saos.org.pl/judgments/329994
324571|2017-12-07|SO|XVIII C 793/17|Wyrok|https://www.saos.org.pl/judgments/324571
321198|2017-12-07|SO|I C 1185/17|Wyrok|https://www.saos.org.pl/judgments/321198
319698|2017-12-07|SO|IV P 507/16|Wyrok|https://www.saos.org.pl/judgments/319698
360805|2017-12-06|SO|I C 1768/17|Wyrok|https://www.saos.org.pl/judgments/360805
360291|2017-12-06|SO|II Ca 2127/17|Wyrok|https://www.saos.org.pl/judgments/360291
334661|2017-12-06|SO|VII ACa 63/17|Wyrok|https://www.saos.org.pl/judgments/334661
326112|2017-12-06|SO|IV Ca 537/17|Postanowienie|https://www.saos.org.pl/judgments/326112
322992|2017-12-06|SO|I C 1768/17|Wyrok|https://www.saos.org.pl/judgments/322992
322014|2017-12-06|SO|I ACa 653/17|Wyrok|https://www.saos.org.pl/judgments/322014
320680|2017-12-06|SO|VIII P 37/16|Wyrok|https://www.saos.org.pl/judgments/320680
318900|2017-12-06|SO|I C 26/17|Wyrok|https://www.saos.org.pl/judgments/318900
318474|2017-12-06|SO|V ACa 732/17|Wyrok|https://www.saos.org.pl/judgments/318474
370945|2017-12-05|SO|V C 508/17|Wyrok|https://www.saos.org.pl/judgments/370945
325000|2017-12-05|SO|VIII C 1889/17|Wyrok|https://www.saos.org.pl/judgments/325000
320655|2017-12-05|SO|V ACa 160/17|Wyrok|https://www.saos.org.pl/judgments/320655
318893|2017-12-05|SO|I C 1452/17|Wyrok|https://www.saos.org.pl/judgments/318893
349449|2017-12-04|SO|I C 1865/17|Wyrok|https://www.saos.org.pl/judgments/349449
343022|2017-12-04|SO|I C 2692/16|Wyrok|https://www.saos.org.pl/judgments/343022
325468|2017-12-04|SO|I ACa 97/16|Wyrok|https://www.saos.org.pl/judgments/325468
324740|2017-12-04|SO|III Ca 1352/17|Uzasadnienie|https://www.saos.org.pl/judgments/324740
316573|2017-12-04|SO|IV P 267/16|Wyrok|https://www.saos.org.pl/judgments/316573
332583|2017-12-01|SO|I ACa 906/17|Wyrok|https://www.saos.org.pl/judgments/332583
331972|2017-12-01|SO|I ACa 450/17|Wyrok|https://www.saos.org.pl/judgments/331972
324898|2017-12-01|SO|VIII C 989/17|Wyrok|https://www.saos.org.pl/judgments/324898
318345|2017-12-01|SO|I Ca 370/17|Postanowienie|https://www.saos.org.pl/judgments/318345
317771|2017-12-01|SO|VIII GC 279/17|Wyrok|https://www.saos.org.pl/judgments/317771
410018|2017-11-30|SO|I C 508/17|Wyrok|https://www.saos.org.pl/judgments/410018
377918|2017-11-30|SO|II Ca 1640/17|Wyrok|https://www.saos.org.pl/judgments/377918
359766|2017-11-30|SO|II Ca 1085/17|Postanowienie|https://www.saos.org.pl/judgments/359766
323165|2017-11-30|SO|XIV C 913/15|Wyrok|https://www.saos.org.pl/judgments/323165
321201|2017-11-30|SO|I C 2496/17|Uzasadnienie|https://www.saos.org.pl/judgments/321201
319082|2017-11-30|SO|II Ca 632/17|Wyrok|https://www.saos.org.pl/judgments/319082
325006|2017-11-29|SO|VIII C 2948/16|Wyrok|https://www.saos.org.pl/judgments/325006
323401|2017-11-29|SO|I C 2227/17|Uzasadnienie|https://www.saos.org.pl/judgments/323401
322289|2017-11-29|SO|I C 533/16|Uzasadnienie|https://www.saos.org.pl/judgments/322289
320069|2017-11-29|SO|I C 99/17|Wyrok|https://www.saos.org.pl/judgments/320069
318123|2017-11-28|SO|I C 497/15|Wyrok|https://www.saos.org.pl/judgments/318123
316929|2017-11-28|SO|X C 4043/15|Zarządzenie|https://www.saos.org.pl/judgments/316929
325176|2017-11-27|SO|III Ca 1017/17|Uzasadnienie|https://www.saos.org.pl/judgments/325176
316781|2017-11-27|SO|VI Ca 841/17|Wyrok|https://www.saos.org.pl/judgments/316781
410014|2017-11-24|SO|I C 367/16|Wyrok|https://www.saos.org.pl/judgments/410014
334796|2017-11-24|SO|I C 81/17|Wyrok|https://www.saos.org.pl/judgments/334796
329702|2017-11-24|SO|I ACa 516/17|Wyrok|https://www.saos.org.pl/judgments/329702
328874|2017-11-24|SO|I ACa 514/17|Wyrok|https://www.saos.org.pl/judgments/328874
328871|2017-11-24|SO|I ACa 489/17|Wyrok|https://www.saos.org.pl/judgments/328871
324676|2017-11-24|SO|III Ca 1005/17|Uzasadnienie|https://www.saos.org.pl/judgments/324676
323731|2017-11-24|SO|III Ca 1239/17|Uzasadnienie|https://www.saos.org.pl/judgments/323731
317766|2017-11-24|SO|VIII C 938/17|Wyrok|https://www.saos.org.pl/judgments/317766
317711|2017-11-24|SO|VI GC 703/17|Wyrok|https://www.saos.org.pl/judgments/317711
347226|2017-11-23|SO|I C 1890/16|Wyrok|https://www.saos.org.pl/judgments/347226
339434|2017-11-23|SO|I ACa 516/17|Wyrok|https://www.saos.org.pl/judgments/339434
325449|2017-11-23|SO|XXIII Ga 1440/17|Wyrok|https://www.saos.org.pl/judgments/325449
320542|2017-11-23|SO|I C 1239/17|Wyrok|https://www.saos.org.pl/judgments/320542
316141|2017-11-23|SO|I C 606/17|Wyrok|https://www.saos.org.pl/judgments/316141
373321|2017-11-22|SO|II Ca 2121/17|Wyrok|https://www.saos.org.pl/judgments/373321
339784|2017-11-22|SO|I ACa 267/17|Wyrok|https://www.saos.org.pl/judgments/339784
331962|2017-11-22|SO|I ACa 37/17|Wyrok|https://www.saos.org.pl/judgments/331962
323753|2017-11-22|SO|III Ca 1282/17|Uzasadnienie|https://www.saos.org.pl/judgments/323753
316206|2017-11-22|SO|I Ca 427/17|Postanowienie|https://www.saos.org.pl/judgments/316206
321218|2017-11-21|SO|I C 905/17|Wyrok|https://www.saos.org.pl/judgments/321218
320737|2017-11-21|SO|I C 166/17|Wyrok|https://www.saos.org.pl/judgments/320737
315995|2017-11-21|SO|I C 1244/17|Wyrok|https://www.saos.org.pl/judgments/315995
329378|2017-11-20|SO|VI Pa 71/17|Wyrok|https://www.saos.org.pl/judgments/329378
356007|2017-11-17|SO|I ACa 816/17|Wyrok|https://www.saos.org.pl/judgments/356007
323767|2017-11-17|SO|III Ca 1293/17|Uzasadnienie|https://www.saos.org.pl/judgments/323767
318059|2017-11-17|SO|XVIII C 540/17|Wyrok|https://www.saos.org.pl/judgments/318059
317146|2017-11-17|SO|I ACa 550/17|Wyrok|https://www.saos.org.pl/judgments/317146
409183|2017-11-16|SO|III APa 29/17|Wyrok|https://www.saos.org.pl/judgments/409183
321520|2017-11-16|SO|I ACa 426/17|Wyrok|https://www.saos.org.pl/judgments/321520
315857|2017-11-16|SO|I C 172/14|Wyrok|https://www.saos.org.pl/judgments/315857
430082|2017-11-15|SO|XXV C 1296/16|Wyrok|https://www.saos.org.pl/judgments/430082
338284|2017-11-15|SO|II C 810/17|Uzasadnienie|https://www.saos.org.pl/judgments/338284
316272|2017-11-15|SO|II C 942/17|Wyrok|https://www.saos.org.pl/judgments/316272
371165|2017-11-14|SO|XVIII C 748/16|Wyrok|https://www.saos.org.pl/judgments/371165
350080|2017-11-14|SO|I C 215/17|Wyrok|https://www.saos.org.pl/judgments/350080
328566|2017-11-14|SO|X C 3799/17|Wyrok|https://www.saos.org.pl/judgments/328566
320938|2017-11-14|SO|I C 1527/16|Wyrok|https://www.saos.org.pl/judgments/320938
344711|2017-11-13|SO|IX GC 201/17|Wyrok|https://www.saos.org.pl/judgments/344711
324559|2017-11-13|SO|XVIII C 1072/16|Wyrok|https://www.saos.org.pl/judgments/324559
315071|2017-11-13|SO|VIII C 902/17|Wyrok|https://www.saos.org.pl/judgments/315071
338278|2017-11-10|SO|II C 160/17|Uzasadnienie|https://www.saos.org.pl/judgments/338278
322435|2017-11-10|SO|X GC 190/17|Zarządzenie|https://www.saos.org.pl/judgments/322435
315210|2017-11-10|SO|XVI C 2829/17|Uzasadnienie|https://www.saos.org.pl/judgments/315210
339193|2017-11-09|SO|I ACa 262/17|Wyrok|https://www.saos.org.pl/judgments/339193
323881|2017-11-09|SO|III Ca 866/17|Uzasadnienie|https://www.saos.org.pl/judgments/323881
318535|2017-11-09|SO|XI GC 1296/17|Zarządzenie|https://www.saos.org.pl/judgments/318535
317761|2017-11-09|SO|VIII C 1213/17|Wyrok|https://www.saos.org.pl/judgments/317761
317634|2017-11-09|SO|V ACa 225/17|Wyrok|https://www.saos.org.pl/judgments/317634
317633|2017-11-09|SO|V ACa 214/17|Wyrok|https://www.saos.org.pl/judgments/317633
317137|2017-11-09|SO|I ACa 446/17|Wyrok|https://www.saos.org.pl/judgments/317137
376600|2017-11-08|SO|I ACa 93/17|Wyrok|https://www.saos.org.pl/judgments/376600
332534|2017-11-08|SO|XI C 2588/14|Wyrok|https://www.saos.org.pl/judgments/332534
323896|2017-11-08|SO|III Ca 928/17|Uzasadnienie|https://www.saos.org.pl/judgments/323896
319006|2017-11-08|SO|I C 109/17|Wyrok|https://www.saos.org.pl/judgments/319006
318519|2017-11-08|SO|VIII C 58/16|Wyrok|https://www.saos.org.pl/judgments/318519
318166|2017-11-08|SO|II Ca 606/17|Wyrok|https://www.saos.org.pl/judgments/318166
316890|2017-11-08|SO|VIII C 404/16|Wyrok|https://www.saos.org.pl/judgments/316890
316507|2017-11-08|SO|IV Ca 479/17|Wyrok|https://www.saos.org.pl/judgments/316507
349965|2017-11-07|SO|I C 796/14|Wyrok|https://www.saos.org.pl/judgments/349965
320539|2017-11-07|SO|I ACa 74/17|Wyrok|https://www.saos.org.pl/judgments/320539
318707|2017-11-07|SO|V Pa 32/17|Wyrok|https://www.saos.org.pl/judgments/318707
313098|2017-11-07|SO|I C 307/17|Wyrok|https://www.saos.org.pl/judgments/313098
347255|2017-11-06|SO|I C 491/15|Wyrok|https://www.saos.org.pl/judgments/347255
324565|2017-11-06|SO|XVIII C 326/15|Wyrok|https://www.saos.org.pl/judgments/324565
320063|2017-11-06|SO|I C 3491/17|Wyrok|https://www.saos.org.pl/judgments/320063
318841|2017-11-06|SO|I C 144/17|Wyrok|https://www.saos.org.pl/judgments/318841
317204|2017-11-06|SO|I C 239/17|Wyrok|https://www.saos.org.pl/judgments/317204
315404|2017-11-06|SO|VIII GC 421/15|Wyrok|https://www.saos.org.pl/judgments/315404
314272|2017-11-06|SO|I C 469/16|Wyrok|https://www.saos.org.pl/judgments/314272
347270|2017-11-03|SO|I C 876/16|Wyrok|https://www.saos.org.pl/judgments/347270
316160|2017-11-03|SO|I C 743/17|Wyrok|https://www.saos.org.pl/judgments/316160
315747|2017-11-03|SO|V GC 1277/17|Wyrok|https://www.saos.org.pl/judgments/315747
320982|2017-11-02|SO|I C 900/14|Wyrok|https://www.saos.org.pl/judgments/320982
315837|2017-11-02|SO|I ACa 522/17|Wyrok|https://www.saos.org.pl/judgments/315837
315069|2017-11-02|SO|VIII C 796/17|Wyrok|https://www.saos.org.pl/judgments/315069
456923|2017-10-31|SO|I ACa 429/17|Wyrok|https://www.saos.org.pl/judgments/456923
319659|2017-10-31|SO|II Ca 1421/16|Postanowienie|https://www.saos.org.pl/judgments/319659
315043|2017-10-31|SO|VIII C 1154/17|Wyrok|https://www.saos.org.pl/judgments/315043
336488|2017-10-30|SO|I ACa 650/17|Wyrok|https://www.saos.org.pl/judgments/336488
321337|2017-10-30|SO|III Ca 877/17|Uzasadnienie|https://www.saos.org.pl/judgments/321337
315059|2017-10-30|SO|VIII C 2019/16|Wyrok|https://www.saos.org.pl/judgments/315059
314306|2017-10-30|SO|I C 769/14|Wyrok|https://www.saos.org.pl/judgments/314306
331211|2017-10-27|SO|I ACa 807/17|Wyrok|https://www.saos.org.pl/judgments/331211
329519|2017-10-27|SO|II Ca 667/17|Wyrok|https://www.saos.org.pl/judgments/329519
318819|2017-10-27|SO|XXVII Ca 894/17|Postanowienie|https://www.saos.org.pl/judgments/318819
315101|2017-10-27|SO|VIII Ga 385/17|Wyrok|https://www.saos.org.pl/judgments/315101
313062|2017-10-27|SO|I ACa 1157/17|Wyrok|https://www.saos.org.pl/judgments/313062
311512|2017-10-27|SO|VIII C 1313/17|Wyrok|https://www.saos.org.pl/judgments/311512
338874|2017-10-26|SO|II Ca 591/17|Postanowienie|https://www.saos.org.pl/judgments/338874
337823|2017-10-26|SO|XVIII C 865/17|Wyrok|https://www.saos.org.pl/judgments/337823
334396|2017-10-26|SO|I C 710/16|Wyrok|https://www.saos.org.pl/judgments/334396
327763|2017-10-26|SO|VI ACa 805/16|Wyrok|https://www.saos.org.pl/judgments/327763
319511|2017-10-26|SO|III Ca 794/17|Uzasadnienie|https://www.saos.org.pl/judgments/319511
319217|2017-10-26|SO|III Ca 807/17|Uzasadnienie|https://www.saos.org.pl/judgments/319217
317154|2017-10-26|SO|I C 1007/17|Wyrok|https://www.saos.org.pl/judgments/317154
316895|2017-10-26|SO|VIII Ga 140/17|Uzasadnienie|https://www.saos.org.pl/judgments/316895
315051|2017-10-26|SO|VIII C 1391/17|Wyrok|https://www.saos.org.pl/judgments/315051
314535|2017-10-26|SO|III Ca 162/17|Postanowienie|https://www.saos.org.pl/judgments/314535
313864|2017-10-26|SO|II C 354/17|Wyrok|https://www.saos.org.pl/judgments/313864
313373|2017-10-26|SO|IX Ca 587/17|Wyrok|https://www.saos.org.pl/judgments/313373
321563|2017-10-25|SO|I C 347/16|Wyrok|https://www.saos.org.pl/judgments/321563
312515|2017-10-25|SO|VI GC 517/17|Wyrok|https://www.saos.org.pl/judgments/312515
310405|2017-10-25|SO|I Ns 511/16|Uzasadnienie|https://www.saos.org.pl/judgments/310405
395278|2017-10-24|SO|I C 833/15|Zarządzenie|https://www.saos.org.pl/judgments/395278
331095|2017-10-24|SO|VIII C 1350/16|Wyrok|https://www.saos.org.pl/judgments/331095
329672|2017-10-24|SO|XVIII C 35/15|Wyrok|https://www.saos.org.pl/judgments/329672
329486|2017-10-24|SO|I1 C 591/17|Wyrok|https://www.saos.org.pl/judgments/329486
315634|2017-10-24|SO|I C 1544/17|Wyrok|https://www.saos.org.pl/judgments/315634
309623|2017-10-24|SO|XIII Ga 643/17|Uzasadnienie|https://www.saos.org.pl/judgments/309623
523609|2017-10-23|SO|II Ca 602/17|Wyrok|https://www.saos.org.pl/judgments/523609
318428|2017-10-23|SO|III C 228/17|Wyrok|https://www.saos.org.pl/judgments/318428
315285|2017-10-23|SO|I C 236/17|Wyrok|https://www.saos.org.pl/judgments/315285
311172|2017-10-23|SO|I C 457/17|Wyrok|https://www.saos.org.pl/judgments/311172
344364|2017-10-20|SO|XV Ca 557/17|Postanowienie|https://www.saos.org.pl/judgments/344364
323000|2017-10-20|SO|I C 316/15|Wyrok|https://www.saos.org.pl/judgments/323000
404060|2017-10-19|SO|VII P 54/15|Wyrok|https://www.saos.org.pl/judgments/404060
332550|2017-10-19|SO|I ACa 286/17|Wyrok|https://www.saos.org.pl/judgments/332550
322996|2017-10-19|SO|I C 2357/15|Wyrok|https://www.saos.org.pl/judgments/322996
319076|2017-10-19|SO|II Ca 345/17|Wyrok|https://www.saos.org.pl/judgments/319076
315648|2017-10-19|SO|I C 2849/17|Wyrok|https://www.saos.org.pl/judgments/315648
315326|2017-10-19|SO|II Ca 297/17|Postanowienie|https://www.saos.org.pl/judgments/315326
313072|2017-10-19|SO|I ACa 392/17|Wyrok|https://www.saos.org.pl/judgments/313072
312339|2017-10-19|SO|I C 1009/17|Wyrok|https://www.saos.org.pl/judgments/312339
311762|2017-10-19|SO|II Ca 547/17|Wyrok|https://www.saos.org.pl/judgments/311762
422376|2017-10-18|SO|III C 722/17|Wyrok|https://www.saos.org.pl/judgments/422376
344981|2017-10-18|SO|I C 108/17|Wyrok|https://www.saos.org.pl/judgments/344981
332571|2017-10-18|SO|I ACa 475/17|Wyrok|https://www.saos.org.pl/judgments/332571
331515|2017-10-18|SO|I ACa 372/17|Wyrok|https://www.saos.org.pl/judgments/331515
326099|2017-10-18|SO|I C 501/17|Wyrok|https://www.saos.org.pl/judgments/326099
315985|2017-10-18|SO|I C 1120/16|Wyrok|https://www.saos.org.pl/judgments/315985
310658|2017-10-18|SO|IV Ca 275/17|Postanowienie|https://www.saos.org.pl/judgments/310658
363722|2017-10-17|SO|III C 1041/17|Wyrok|https://www.saos.org.pl/judgments/363722
311654|2017-10-17|SO|VIII C 1099/17|Wyrok|https://www.saos.org.pl/judgments/311654
363601|2017-10-16|SO|III C 67/16|Wyrok|https://www.saos.org.pl/judgments/363601
315978|2017-10-16|SO|I C 103/17|Wyrok|https://www.saos.org.pl/judgments/315978
334889|2017-10-13|SO|III C 1663/16|Wyrok|https://www.saos.org.pl/judgments/334889
323706|2017-10-13|SO|III Ca 1086/17|Uzasadnienie|https://www.saos.org.pl/judgments/323706
315094|2017-10-13|SO|VIII Ga 361/17|Wyrok|https://www.saos.org.pl/judgments/315094
311760|2017-10-13|SO|II Ca 517/17|Wyrok|https://www.saos.org.pl/judgments/311760
308273|2017-10-13|SO|XIII Ga 465/17|Uzasadnienie|https://www.saos.org.pl/judgments/308273
345663|2017-10-12|SO|II C 62/17|Wyrok|https://www.saos.org.pl/judgments/345663
345446|2017-10-12|SO|I ACa 862/16|Wyrok|https://www.saos.org.pl/judgments/345446
334308|2017-10-12|SO|V ACa 627/16|Wyrok|https://www.saos.org.pl/judgments/334308
330407|2017-10-12|SO|I ACa 517/17|Wyrok|https://www.saos.org.pl/judgments/330407
329850|2017-10-12|SO|VI ACa 832/16|Wyrok|https://www.saos.org.pl/judgments/329850
316776|2017-10-12|SO|VI ACa 555/16|Wyrok|https://www.saos.org.pl/judgments/316776
314446|2017-10-12|SO|II Ca 718/17|Uzasadnienie|https://www.saos.org.pl/judgments/314446
312428|2017-10-12|SO|I C 814/17|Wyrok|https://www.saos.org.pl/judgments/312428
332924|2017-10-11|SO|I ACa 378/17|Wyrok|https://www.saos.org.pl/judgments/332924
311528|2017-10-11|SO|VIII C 886/17|Wyrok|https://www.saos.org.pl/judgments/311528
311527|2017-10-11|SO|VIII C 884/17|Wyrok|https://www.saos.org.pl/judgments/311527
310832|2017-10-11|SO|IX Ca 478/17|Wyrok|https://www.saos.org.pl/judgments/310832
309350|2017-10-11|SO|IX Ca 495/17|Wyrok|https://www.saos.org.pl/judgments/309350
318432|2017-10-10|SO|III Ca 748/17|Uzasadnienie|https://www.saos.org.pl/judgments/318432
318050|2017-10-10|SO|XVIII C 1207/16|Wyrok|https://www.saos.org.pl/judgments/318050
317846|2017-10-10|SO|X GC 590/17|Zarządzenie|https://www.saos.org.pl/judgments/317846
314104|2017-10-10|SO|I ACa 2079/15|Wyrok|https://www.saos.org.pl/judgments/314104
314065|2017-10-10|SO|I ACa 1046/16|Wyrok|https://www.saos.org.pl/judgments/314065
310635|2017-10-10|SO|II Ns 667/16|Postanowienie|https://www.saos.org.pl/judgments/310635
358842|2017-10-09|SO|I C 178/16|Wyrok|https://www.saos.org.pl/judgments/358842
319774|2017-10-09|SO|XII C 865/17|Wyrok|https://www.saos.org.pl/judgments/319774
317648|2017-10-09|SO|V GC 1799/17|Wyrok|https://www.saos.org.pl/judgments/317648
317354|2017-10-09|SO|II C 1297/15|Uzasadnienie|https://www.saos.org.pl/judgments/317354
317229|2017-10-09|SO|I C 334/17|Wyrok|https://www.saos.org.pl/judgments/317229
335862|2017-10-06|SO|XV Ca 616/17|Postanowienie|https://www.saos.org.pl/judgments/335862
319444|2017-10-06|SO|I C 226/17|Wyrok|https://www.saos.org.pl/judgments/319444
319191|2017-10-06|SO|III Ca 709/17|Uzasadnienie|https://www.saos.org.pl/judgments/319191
311716|2017-10-06|SO|I C 1049/17|Wyrok|https://www.saos.org.pl/judgments/311716
312313|2017-10-05|SO|XI GC 784/17|Wyrok|https://www.saos.org.pl/judgments/312313
310661|2017-10-05|SO|IV Ca 512/17|Wyrok|https://www.saos.org.pl/judgments/310661
310569|2017-10-05|SO|I C 452/15|Wyrok|https://www.saos.org.pl/judgments/310569
377008|2017-10-04|SO|I C 229/16|Wyrok|https://www.saos.org.pl/judgments/377008
341802|2017-10-04|SO|I ACa 352/17|Wyrok|https://www.saos.org.pl/judgments/341802
320239|2017-10-04|SO|II C 610/14|Uzasadnienie|https://www.saos.org.pl/judgments/320239
317310|2017-10-04|SO|I Ns 354/16|Postanowienie|https://www.saos.org.pl/judgments/317310
316689|2017-10-04|SO|IX GC 504/17|Wyrok|https://www.saos.org.pl/judgments/316689
311758|2017-10-04|SO|II Ca 390/17|Wyrok|https://www.saos.org.pl/judgments/311758
309690|2017-10-04|SO|I Ca 309/17|Wyrok|https://www.saos.org.pl/judgments/309690
371144|2017-10-03|SO|XVIII C 1661/16|Wyrok|https://www.saos.org.pl/judgments/371144
317400|2017-10-03|SO|II C 934/15|Uzasadnienie|https://www.saos.org.pl/judgments/317400
313960|2017-10-03|SO|VI Ca 631/17|Postanowienie|https://www.saos.org.pl/judgments/313960
311315|2017-10-03|SO|VI GC 239/17|Wyrok|https://www.saos.org.pl/judgments/311315
316688|2017-10-02|SO|IX GC 1094/16|Wyrok|https://www.saos.org.pl/judgments/316688
310720|2017-10-02|SO|I C 157/17|Wyrok|https://www.saos.org.pl/judgments/310720
340144|2017-09-29|SO|II Ca 1263/17|Wyrok|https://www.saos.org.pl/judgments/340144
335748|2017-09-29|SO|XV Ca 506/17|Postanowienie|https://www.saos.org.pl/judgments/335748
320942|2017-09-29|SO|I C 203/17|Wyrok|https://www.saos.org.pl/judgments/320942
311145|2017-09-29|SO|XII C 1833/16|Wyrok|https://www.saos.org.pl/judgments/311145
310553|2017-09-29|SO|I C 2455/15|Wyrok|https://www.saos.org.pl/judgments/310553
308352|2017-09-29|SO|I C 88/17|Wyrok|https://www.saos.org.pl/judgments/308352
307888|2017-09-29|SO|VI GC 343/17|Wyrok|https://www.saos.org.pl/judgments/307888
358925|2017-09-28|SO|II C 1324/17|Uzasadnienie|https://www.saos.org.pl/judgments/358925
316008|2017-09-28|SO|I C 1456/16|Wyrok|https://www.saos.org.pl/judgments/316008
315806|2017-09-28|SO|X C 1720/17|Wyrok|https://www.saos.org.pl/judgments/315806
313508|2017-09-28|SO|XII C 720/16|Wyrok|https://www.saos.org.pl/judgments/313508
311510|2017-09-28|SO|VIII C 1222/17|Wyrok|https://www.saos.org.pl/judgments/311510
310756|2017-09-28|SO|II C 196/16|Wyrok|https://www.saos.org.pl/judgments/310756
310494|2017-09-28|SO|V ACa 681/16|Wyrok|https://www.saos.org.pl/judgments/310494
309857|2017-09-28|SO|VIII C 1146/17|Wyrok|https://www.saos.org.pl/judgments/309857
478708|2017-09-27|SO|XXVII Ca 3109/16|Wyrok|https://www.saos.org.pl/judgments/478708
407645|2017-09-27|SO|I ACa 321/17|Wyrok|https://www.saos.org.pl/judgments/407645
331982|2017-09-27|SO|I ACa 729/16|Wyrok|https://www.saos.org.pl/judgments/331982
315316|2017-09-27|SO|II C 366/15|Wyrok|https://www.saos.org.pl/judgments/315316
315272|2017-09-27|SO|I ACa 1091/16|Wyrok|https://www.saos.org.pl/judgments/315272
315270|2017-09-27|SO|I ACa 1074/16|Wyrok|https://www.saos.org.pl/judgments/315270
311533|2017-09-27|SO|VIII Ns 272/14|Postanowienie|https://www.saos.org.pl/judgments/311533
309860|2017-09-27|SO|VIII C 2736/16|Wyrok|https://www.saos.org.pl/judgments/309860
308871|2017-09-27|SO|VI GC 169/17|Wyrok|https://www.saos.org.pl/judgments/308871
307391|2017-09-27|SO|I C 92/16|Uzasadnienie|https://www.saos.org.pl/judgments/307391
344446|2017-09-26|SO|I C 171/17|Wyrok|https://www.saos.org.pl/judgments/344446
337490|2017-09-26|SO|I ACa 1186/16|Wyrok|https://www.saos.org.pl/judgments/337490
330001|2017-09-26|SO|II1 C 48/17|Wyrok|https://www.saos.org.pl/judgments/330001
319650|2017-09-26|SO|I1 C 175/17|Wyrok|https://www.saos.org.pl/judgments/319650
315287|2017-09-26|SO|I C 2604/14|Wyrok|https://www.saos.org.pl/judgments/315287
310609|2017-09-26|SO|II Ca 634/17|Uzasadnienie|https://www.saos.org.pl/judgments/310609
309383|2017-09-26|SO|VIII C 1221/17|Wyrok|https://www.saos.org.pl/judgments/309383
523668|2017-09-25|SO|II Ca 550/17|Postanowienie|https://www.saos.org.pl/judgments/523668
315548|2017-09-25|SO|IX C 151/16|Wyrok|https://www.saos.org.pl/judgments/315548
311850|2017-09-25|SO|V GC 1100/17|Wyrok|https://www.saos.org.pl/judgments/311850
311371|2017-09-25|SO|XIII C 728/16|Wyrok|https://www.saos.org.pl/judgments/311371
311369|2017-09-25|SO|XII C 841/17|Wyrok|https://www.saos.org.pl/judgments/311369
308714|2017-09-25|SO|I C 888/17|Wyrok|https://www.saos.org.pl/judgments/308714
338216|2017-09-22|SO|XV Ca 505/17|Postanowienie|https://www.saos.org.pl/judgments/338216
336070|2017-09-22|SO|I C 241/16|Wyrok|https://www.saos.org.pl/judgments/336070
335747|2017-09-22|SO|XV Ca 466/17|Postanowienie|https://www.saos.org.pl/judgments/335747
307643|2017-09-22|SO|I C 2114/16|Wyrok|https://www.saos.org.pl/judgments/307643
335763|2017-09-21|SO|I ACa 966/16|Wyrok|https://www.saos.org.pl/judgments/335763
328912|2017-09-21|SO|II Ca 496/17|Postanowienie|https://www.saos.org.pl/judgments/328912
318395|2017-09-21|SO|III APa 13/17|Wyrok|https://www.saos.org.pl/judgments/318395
314152|2017-09-21|SO|I ACa 629/17|Wyrok|https://www.saos.org.pl/judgments/314152
312800|2017-09-21|SO|I C 324/17|Uzasadnienie|https://www.saos.org.pl/judgments/312800
310436|2017-09-21|SO|II Ca 407/17|Wyrok|https://www.saos.org.pl/judgments/310436
308399|2017-09-21|SO|III Ca 685/17|Uzasadnienie|https://www.saos.org.pl/judgments/308399
326408|2017-09-20|SO|III C 585/17|Wyrok|https://www.saos.org.pl/judgments/326408
325864|2017-09-20|SO|I ACa 1174/16|Wyrok|https://www.saos.org.pl/judgments/325864
319147|2017-09-20|SO|III Ca 1055/17|Wyrok|https://www.saos.org.pl/judgments/319147
315325|2017-09-20|SO|II Ca 290/17|Wyrok|https://www.saos.org.pl/judgments/315325
314822|2017-09-20|SO|V Ca 1511/17|Wyrok|https://www.saos.org.pl/judgments/314822
313986|2017-09-20|SO|VIII GC 355/15|Wyrok|https://www.saos.org.pl/judgments/313986
309899|2017-09-20|SO|I C 338/17|Wyrok|https://www.saos.org.pl/judgments/309899
309873|2017-09-20|SO|I ACa 1061/15|Wyrok|https://www.saos.org.pl/judgments/309873
309630|2017-09-20|SO|I ACa 125/17|Wyrok|https://www.saos.org.pl/judgments/309630
308990|2017-09-20|SO|I Ca 328/17|Wyrok|https://www.saos.org.pl/judgments/308990
308703|2017-09-20|SO|I C 353/17|Wyrok|https://www.saos.org.pl/judgments/308703
358740|2017-09-19|SO|II C 151/17|Wyrok|https://www.saos.org.pl/judgments/358740
313917|2017-09-19|SO|IV C 32/16|Wyrok|https://www.saos.org.pl/judgments/313917
312144|2017-09-19|SO|I C 612/17|Wyrok|https://www.saos.org.pl/judgments/312144
310715|2017-09-19|SO|I ACa 973/16|Wyrok|https://www.saos.org.pl/judgments/310715
308260|2017-09-19|SO|VIII C 1076/17|Wyrok|https://www.saos.org.pl/judgments/308260
308166|2017-09-19|SO|III Ca 921/17|Uzasadnienie|https://www.saos.org.pl/judgments/308166
307902|2017-09-19|SO|VIII C 1325/17|Wyrok|https://www.saos.org.pl/judgments/307902
305874|2017-09-19|SO|III RC 240/16|Wyrok|https://www.saos.org.pl/judgments/305874
331828|2017-09-18|SO|III Ca 612/17|Wyrok|https://www.saos.org.pl/judgments/331828
314165|2017-09-18|SO|I ACa 808/17|Wyrok|https://www.saos.org.pl/judgments/314165
307181|2017-09-18|SO|XII C 752/17|Wyrok|https://www.saos.org.pl/judgments/307181
304781|2017-09-18|SO|I C 699/17|Wyrok|https://www.saos.org.pl/judgments/304781
356222|2017-09-15|SO|IX GC 2558/16|Uzasadnienie|https://www.saos.org.pl/judgments/356222
306261|2017-09-15|SO|V GC 1032/17|Wyrok|https://www.saos.org.pl/judgments/306261
441996|2017-09-14|SO|I ACa 343/17|Wyrok|https://www.saos.org.pl/judgments/441996
307919|2017-09-14|SO|VIII C 761/17|Wyrok|https://www.saos.org.pl/judgments/307919
307318|2017-09-14|SO|I ACa 194/17|Wyrok|https://www.saos.org.pl/judgments/307318
307134|2017-09-14|SO|X GC 597/16|Wyrok|https://www.saos.org.pl/judgments/307134
421582|2017-09-13|SO|I ACa 276/17|Wyrok|https://www.saos.org.pl/judgments/421582
401412|2017-09-13|SO|I ACa 331/17|Wyrok|https://www.saos.org.pl/judgments/401412
377317|2017-09-13|SO|I C 751/15|Wyrok|https://www.saos.org.pl/judgments/377317
346854|2017-09-13|SO|I ACa 794/16|Wyrok|https://www.saos.org.pl/judgments/346854
314246|2017-09-13|SO|I C 2581/14|Wyrok|https://www.saos.org.pl/judgments/314246
313087|2017-09-13|SO|I C 1063/17|Zarządzenie|https://www.saos.org.pl/judgments/313087
311895|2017-09-13|SO|I ACa 222/17|Wyrok|https://www.saos.org.pl/judgments/311895
309887|2017-09-13|SO|I C 1178/16|Wyrok|https://www.saos.org.pl/judgments/309887
306125|2017-09-13|SO|IX Ca 444/16|Wyrok|https://www.saos.org.pl/judgments/306125
393854|2017-09-12|SO|II Ca 585/17|Wyrok|https://www.saos.org.pl/judgments/393854
320504|2017-09-12|SO|X GC 869/15|Zarządzenie|https://www.saos.org.pl/judgments/320504
311246|2017-09-12|SO|III Ca 760/17|Postanowienie|https://www.saos.org.pl/judgments/311246
310371|2017-09-12|SO|I C 149/17|Wyrok|https://www.saos.org.pl/judgments/310371
309859|2017-09-12|SO|VIII C 1246/15|Wyrok|https://www.saos.org.pl/judgments/309859
305344|2017-09-12|SO|II Ca 467/17|Wyrok|https://www.saos.org.pl/judgments/305344
370360|2017-09-11|SO|II C 2557/16|Wyrok|https://www.saos.org.pl/judgments/370360
328210|2017-09-11|SO|II Ca 426/17|Wyrok|https://www.saos.org.pl/judgments/328210
309287|2017-09-11|SO|II Ca 768/17|Wyrok|https://www.saos.org.pl/judgments/309287
304818|2017-09-11|SO|I C 823/17|Wyrok|https://www.saos.org.pl/judgments/304818
356291|2017-09-08|SO|I C 449/17|Wyrok|https://www.saos.org.pl/judgments/356291
349571|2017-09-08|SO|VIII GC 1691/17|Wyrok|https://www.saos.org.pl/judgments/349571
329373|2017-09-08|SO|VI ACa 428/16|Wyrok|https://www.saos.org.pl/judgments/329373
320483|2017-09-08|SO|X GC 555/17|Zarządzenie|https://www.saos.org.pl/judgments/320483
310923|2017-09-08|SO|I ACa 147/17|Wyrok|https://www.saos.org.pl/judgments/310923
308114|2017-09-08|SO|II Ca 615/17|Wyrok|https://www.saos.org.pl/judgments/308114
351581|2017-09-07|SO|I Ns 593/14|Uzasadnienie|https://www.saos.org.pl/judgments/351581
311778|2017-09-07|SO|III Ca 617/17|Wyrok|https://www.saos.org.pl/judgments/311778
311656|2017-09-07|SO|VIII C 1401/16|Wyrok|https://www.saos.org.pl/judgments/311656
304910|2017-09-07|SO|I Ns 871/12|Postanowienie|https://www.saos.org.pl/judgments/304910
341199|2017-09-06|SO|VI ACa 613/16|Wyrok|https://www.saos.org.pl/judgments/341199
329995|2017-09-05|SO|II1 C 130/16|Wyrok|https://www.saos.org.pl/judgments/329995
329509|2017-09-05|SO|II Ca 587/17|Wyrok|https://www.saos.org.pl/judgments/329509
315286|2017-09-05|SO|I C 2512/14|Wyrok|https://www.saos.org.pl/judgments/315286
308453|2017-09-05|SO|VIII Ga 109/17|Uzasadnienie|https://www.saos.org.pl/judgments/308453
304792|2017-09-04|SO|I C 741/17|Wyrok|https://www.saos.org.pl/judgments/304792
312698|2017-08-31|SO|VI ACa 893/16|Wyrok|https://www.saos.org.pl/judgments/312698
304386|2017-08-31|SO|I ACa 82/17|Wyrok|https://www.saos.org.pl/judgments/304386
309082|2017-08-30|SO|IV Ca 244/17|Postanowienie|https://www.saos.org.pl/judgments/309082
304844|2017-08-30|SO|I C 974/13|Wyrok|https://www.saos.org.pl/judgments/304844
304313|2017-08-30|SO|I ACa 199/17|Wyrok|https://www.saos.org.pl/judgments/304313
303616|2017-08-30|SO|X C 1453/17|Wyrok|https://www.saos.org.pl/judgments/303616
345210|2017-08-28|SO|I Ns 138/15|Postanowienie|https://www.saos.org.pl/judgments/345210
344384|2017-08-28|SO|I ACa 2378/15|Wyrok|https://www.saos.org.pl/judgments/344384
306736|2017-08-28|SO|VIII C 2409/16|Wyrok|https://www.saos.org.pl/judgments/306736
318062|2017-08-25|SO|XVIII C 663/15|Wyrok|https://www.saos.org.pl/judgments/318062
309643|2017-08-25|SO|I ACa 256/17|Wyrok|https://www.saos.org.pl/judgments/309643
305755|2017-08-25|SO|III Ca 381/17|Uzasadnienie|https://www.saos.org.pl/judgments/305755
332714|2017-08-24|SO|I C 61/17|Wyrok|https://www.saos.org.pl/judgments/332714
308868|2017-08-24|SO|VI Ga 147/17|Wyrok|https://www.saos.org.pl/judgments/308868
306347|2017-08-24|SO|V Pa 70/16|Wyrok|https://www.saos.org.pl/judgments/306347
305925|2017-08-24|SO|IV Ca 464/16|Uzasadnienie|https://www.saos.org.pl/judgments/305925
328589|2017-08-23|SO|XI C 630/17|Wyrok|https://www.saos.org.pl/judgments/328589
308003|2017-08-23|SO|XXVII Ca 3962/16|Wyrok|https://www.saos.org.pl/judgments/308003
303223|2017-08-23|SO|I C 617/17|Wyrok|https://www.saos.org.pl/judgments/303223
308303|2017-08-22|SO|XVIII C 358/15|Wyrok|https://www.saos.org.pl/judgments/308303
308302|2017-08-22|SO|XVIII C 352/15|Wyrok|https://www.saos.org.pl/judgments/308302
308299|2017-08-22|SO|XVIII C 303/17|Wyrok|https://www.saos.org.pl/judgments/308299
308116|2017-08-21|SO|II Ca 717/17|Postanowienie|https://www.saos.org.pl/judgments/308116
303286|2017-08-21|SO|III Ca 533/17|Uzasadnienie|https://www.saos.org.pl/judgments/303286
303275|2017-08-21|SO|III Ca 482/17|Uzasadnienie|https://www.saos.org.pl/judgments/303275
316717|2017-08-18|SO|V ACa 527/16|Wyrok|https://www.saos.org.pl/judgments/316717
309490|2017-08-18|SO|I C 976/17|Uzasadnienie|https://www.saos.org.pl/judgments/309490
304246|2017-08-18|SO|I ACa 122/17|Wyrok|https://www.saos.org.pl/judgments/304246
299416|2017-08-18|SO|I C 114/17|Wyrok|https://www.saos.org.pl/judgments/299416
306731|2017-08-17|SO|VIII C 1471/16|Wyrok|https://www.saos.org.pl/judgments/306731
303452|2017-08-17|SO|II C 1360/16|Uzasadnienie|https://www.saos.org.pl/judgments/303452
361433|2017-08-16|SO|I C 3751/15|Uzasadnienie|https://www.saos.org.pl/judgments/361433
340404|2017-08-16|SO|II C 756/15|Uzasadnienie|https://www.saos.org.pl/judgments/340404
306738|2017-08-16|SO|VIII C 3060/14|Wyrok|https://www.saos.org.pl/judgments/306738
305760|2017-08-16|SO|III Ca 478/17|Wyrok|https://www.saos.org.pl/judgments/305760
318139|2017-08-14|SO|II Ca 1226/16|Postanowienie|https://www.saos.org.pl/judgments/318139
303271|2017-08-14|SO|III Ca 467/17|Uzasadnienie|https://www.saos.org.pl/judgments/303271
343779|2017-08-11|SO|VI ACa 602/16|Wyrok|https://www.saos.org.pl/judgments/343779
309472|2017-08-11|SO|I C 2965/16|Uzasadnienie|https://www.saos.org.pl/judgments/309472
303301|2017-08-11|SO|III Ca 672/17|Uzasadnienie|https://www.saos.org.pl/judgments/303301
308307|2017-08-10|SO|XVIII C 387/17|Wyrok|https://www.saos.org.pl/judgments/308307
304136|2017-08-10|SO|VIII GC 590/16|Wyrok|https://www.saos.org.pl/judgments/304136
299201|2017-08-10|SO|II Ca 1508/16|Wyrok|https://www.saos.org.pl/judgments/299201
297636|2017-08-10|SO|XIII Ga 320/17|Uzasadnienie|https://www.saos.org.pl/judgments/297636
375049|2017-08-09|SO|XVIII C 4109/16|Wyrok|https://www.saos.org.pl/judgments/375049
332709|2017-08-09|SO|I C 338/16|Wyrok|https://www.saos.org.pl/judgments/332709
306739|2017-08-09|SO|VIII C 3190/15|Wyrok|https://www.saos.org.pl/judgments/306739
298834|2017-08-09|SO|I ACa 235/17|Wyrok|https://www.saos.org.pl/judgments/298834
300752|2017-08-08|SO|II C 1159/15|Uzasadnienie|https://www.saos.org.pl/judgments/300752
306290|2017-08-07|SO|V GC 275/16|Wyrok|https://www.saos.org.pl/judgments/306290
316169|2017-08-04|SO|I C 812/17|Wyrok|https://www.saos.org.pl/judgments/316169
310937|2017-08-03|SO|I ACa 45/17|Wyrok|https://www.saos.org.pl/judgments/310937
309916|2017-08-03|SO|I1 C 436/17|Wyrok|https://www.saos.org.pl/judgments/309916
298009|2017-08-03|SO|I ACa 209/17|Wyrok|https://www.saos.org.pl/judgments/298009
305740|2017-08-02|SO|III Ca 237/17|Wyrok|https://www.saos.org.pl/judgments/305740
304751|2017-08-02|SO|I C 591/17|Wyrok|https://www.saos.org.pl/judgments/304751
301230|2017-08-02|SO|VIII C 128/17|Wyrok|https://www.saos.org.pl/judgments/301230
296982|2017-08-02|SO|I Ca 250/17|Postanowienie|https://www.saos.org.pl/judgments/296982
296277|2017-08-02|SO|IV Ca 401/17|Wyrok|https://www.saos.org.pl/judgments/296277
348807|2017-08-01|SO|I C 536/17|Uzasadnienie|https://www.saos.org.pl/judgments/348807
306800|2017-07-31|SO|VIII GC 96/17|Wyrok|https://www.saos.org.pl/judgments/306800
300407|2017-07-31|SO|III Ca 222/17|Uzasadnienie|https://www.saos.org.pl/judgments/300407
299748|2017-07-31|SO|I C 570/14|Wyrok|https://www.saos.org.pl/judgments/299748
318015|2017-07-28|SO|XV Ca 214/17|Postanowienie|https://www.saos.org.pl/judgments/318015
308292|2017-07-28|SO|XVIII C 1367/16|Wyrok|https://www.saos.org.pl/judgments/308292
305915|2017-07-27|SO|IV Ca 388/17|Wyrok|https://www.saos.org.pl/judgments/305915
304631|2017-07-27|SO|I C 284/17|Wyrok|https://www.saos.org.pl/judgments/304631
300644|2017-07-27|SO|I ACa 699/16|Wyrok|https://www.saos.org.pl/judgments/300644
295281|2017-07-27|SO|VIII GC 204/17|Wyrok|https://www.saos.org.pl/judgments/295281
321997|2017-07-26|SO|XV Ca 207/17|Postanowienie|https://www.saos.org.pl/judgments/321997
304483|2017-07-26|SO|I C 127/17|Wyrok|https://www.saos.org.pl/judgments/304483
298211|2017-07-26|SO|III Ca 335/17|Uzasadnienie|https://www.saos.org.pl/judgments/298211
298002|2017-07-26|SO|I ACa 168/17|Wyrok|https://www.saos.org.pl/judgments/298002
316941|2017-07-25|SO|X GC 141/17|Zarządzenie|https://www.saos.org.pl/judgments/316941
303789|2017-07-25|SO|I ACa 627/16|Wyrok|https://www.saos.org.pl/judgments/303789
303101|2017-07-25|SO|III Ca 584/17|Uzasadnienie|https://www.saos.org.pl/judgments/303101
302818|2017-07-24|SO|III Ca 544/17|Uzasadnienie|https://www.saos.org.pl/judgments/302818
301131|2017-07-24|SO|III Ca 436/17|Uzasadnienie|https://www.saos.org.pl/judgments/301131
293548|2017-07-22|SO|X C 1411/17|Zarządzenie|https://www.saos.org.pl/judgments/293548
321568|2017-07-21|SO|I C 4760/16|Uzasadnienie|https://www.saos.org.pl/judgments/321568
303330|2017-07-21|SO|VI Ga 103/17|Wyrok|https://www.saos.org.pl/judgments/303330
330923|2017-07-20|SO|I C 379/15|Wyrok|https://www.saos.org.pl/judgments/330923
298140|2017-07-20|SO|II Ca 341/17|Wyrok|https://www.saos.org.pl/judgments/298140
305775|2017-07-19|SO|III Ca 595/17|Wyrok|https://www.saos.org.pl/judgments/305775
303673|2017-07-19|SO|I Ca 230/17|Postanowienie|https://www.saos.org.pl/judgments/303673
396322|2017-07-18|SO|II C 594/16|Wyrok|https://www.saos.org.pl/judgments/396322
324558|2017-07-18|SO|XVIII C 104/15|Wyrok|https://www.saos.org.pl/judgments/324558
308696|2017-07-18|SO|I C 204/17|Wyrok|https://www.saos.org.pl/judgments/308696
300772|2017-07-18|SO|II C 609/17|Uzasadnienie|https://www.saos.org.pl/judgments/300772
294623|2017-07-18|SO|I C 169/17|Wyrok|https://www.saos.org.pl/judgments/294623
316960|2017-07-17|SO|X GC 680/16|Uzasadnienie|https://www.saos.org.pl/judgments/316960
334892|2017-07-14|SO|III C 600/16|Wyrok|https://www.saos.org.pl/judgments/334892
306340|2017-07-14|SO|V P 3/16|Wyrok|https://www.saos.org.pl/judgments/306340
306339|2017-07-14|SO|V P 24/14|Wyrok|https://www.saos.org.pl/judgments/306339
298213|2017-07-14|SO|III Ca 419/17|Uzasadnienie|https://www.saos.org.pl/judgments/298213
296683|2017-07-14|SO|I C 443/16|Wyrok|https://www.saos.org.pl/judgments/296683
324057|2017-07-13|SO|V ACa 535/16|Wyrok|https://www.saos.org.pl/judgments/324057
316947|2017-07-13|SO|X GC 300/16|Uzasadnienie|https://www.saos.org.pl/judgments/316947
316092|2017-07-13|SO|I C 390/16|Wyrok|https://www.saos.org.pl/judgments/316092
298518|2017-07-13|SO|II Ca 163/17|Wyrok|https://www.saos.org.pl/judgments/298518
313110|2017-07-12|SO|I C 406/17|Wyrok|https://www.saos.org.pl/judgments/313110
312328|2017-07-12|SO|I ACa 209/17|Wyrok|https://www.saos.org.pl/judgments/312328
299548|2017-07-12|SO|III Ca 153/17|Uzasadnienie|https://www.saos.org.pl/judgments/299548
348048|2017-07-11|SO|I ACa 157/17|Wyrok|https://www.saos.org.pl/judgments/348048
310554|2017-07-11|SO|I C 252/17|Wyrok|https://www.saos.org.pl/judgments/310554
304694|2017-07-11|SO|I C 410/17|Wyrok|https://www.saos.org.pl/judgments/304694
302820|2017-07-11|SO|III Ca 558/17|Uzasadnienie|https://www.saos.org.pl/judgments/302820
300865|2017-07-11|SO|III Ca 288/17|Uzasadnienie|https://www.saos.org.pl/judgments/300865
300459|2017-07-11|SO|III Ca 477/17|Uzasadnienie|https://www.saos.org.pl/judgments/300459
394339|2017-07-10|SO|II Ca 402/17|Wyrok|https://www.saos.org.pl/judgments/394339
400146|2017-07-07|SO|I C 324/17|Uzasadnienie|https://www.saos.org.pl/judgments/400146
300426|2017-07-07|SO|III Ca 317/17|Wyrok|https://www.saos.org.pl/judgments/300426
300368|2017-07-07|SO|I Ca 250/17|Wyrok|https://www.saos.org.pl/judgments/300368
298003|2017-07-07|SO|I ACa 1724/16|Wyrok|https://www.saos.org.pl/judgments/298003
363910|2017-07-06|SO|II C 32/17|Wyrok|https://www.saos.org.pl/judgments/363910
312107|2017-07-06|SO|I ACa 183/17|Wyrok|https://www.saos.org.pl/judgments/312107
311216|2017-07-06|SO|II Ca 76/17|Wyrok|https://www.saos.org.pl/judgments/311216
303394|2017-07-06|SO|I C 1622/17|Wyrok|https://www.saos.org.pl/judgments/303394
299093|2017-07-06|SO|VIII C 667/17|Wyrok|https://www.saos.org.pl/judgments/299093
299088|2017-07-06|SO|VIII C 3529/15|Wyrok|https://www.saos.org.pl/judgments/299088
375016|2017-07-05|SO|XVIII C 1553/17|Wyrok|https://www.saos.org.pl/judgments/375016
339431|2017-07-05|SO|I ACa 153/17|Wyrok|https://www.saos.org.pl/judgments/339431
339430|2017-07-05|SO|I ACa 143/17|Wyrok|https://www.saos.org.pl/judgments/339430
317861|2017-07-05|SO|X GC 953/14|Zarządzenie|https://www.saos.org.pl/judgments/317861
308149|2017-07-05|SO|III C 1795/14|Wyrok|https://www.saos.org.pl/judgments/308149
296681|2017-07-05|SO|I C 334/13|Wyrok|https://www.saos.org.pl/judgments/296681
293365|2017-07-05|SO|II Ca 652/17|Wyrok|https://www.saos.org.pl/judgments/293365
328886|2017-07-04|SO|I ACa 709/16|Wyrok|https://www.saos.org.pl/judgments/328886
323433|2017-07-04|SO|I C 704/17|Wyrok|https://www.saos.org.pl/judgments/323433
308304|2017-07-04|SO|XVIII C 367/15|Wyrok|https://www.saos.org.pl/judgments/308304
308301|2017-07-04|SO|XVIII C 344/15|Wyrok|https://www.saos.org.pl/judgments/308301
304345|2017-07-04|SO|I ACa 298/17|Wyrok|https://www.saos.org.pl/judgments/304345
299076|2017-07-04|SO|VIII C 1042/17|Wyrok|https://www.saos.org.pl/judgments/299076
299075|2017-07-04|SO|VIII C 1037/17|Wyrok|https://www.saos.org.pl/judgments/299075
295285|2017-07-04|SO|VIII GC 442/15|Wyrok|https://www.saos.org.pl/judgments/295285
294880|2017-07-04|SO|I C 1255/16|Wyrok|https://www.saos.org.pl/judgments/294880
292832|2017-07-04|SO|X C 3929/16|Uzasadnienie|https://www.saos.org.pl/judgments/292832
292776|2017-07-03|SO|IV Ua 39/17|Wyrok|https://www.saos.org.pl/judgments/292776
336380|2017-06-30|SO|I1 C 271/17|Wyrok|https://www.saos.org.pl/judgments/336380
304208|2017-06-30|SO|XVIII C 304/17|Wyrok|https://www.saos.org.pl/judgments/304208
299698|2017-06-30|SO|VIII C 14/16|Wyrok|https://www.saos.org.pl/judgments/299698
296670|2017-06-30|SO|I C 11/17|Wyrok|https://www.saos.org.pl/judgments/296670
329504|2017-06-29|SO|II Ca 394/17|Postanowienie|https://www.saos.org.pl/judgments/329504
307170|2017-06-29|SO|XII C 1107/16|Wyrok|https://www.saos.org.pl/judgments/307170
299879|2017-06-29|SO|III Ca 205/17|Uzasadnienie|https://www.saos.org.pl/judgments/299879
298873|2017-06-29|SO|I C 684/16|Wyrok|https://www.saos.org.pl/judgments/298873
295779|2017-06-29|SO|I C 790/14|Wyrok|https://www.saos.org.pl/judgments/295779
314082|2017-06-28|SO|I ACa 144/17|Wyrok|https://www.saos.org.pl/judgments/314082
300366|2017-06-28|SO|I Ca 204/17|Wyrok|https://www.saos.org.pl/judgments/300366
300110|2017-06-28|SO|I C 3002/16|Wyrok|https://www.saos.org.pl/judgments/300110
299740|2017-06-28|SO|I C 383/17|Wyrok|https://www.saos.org.pl/judgments/299740
297878|2017-06-28|SO|IV Ca 299/17|Wyrok|https://www.saos.org.pl/judgments/297878
294981|2017-06-28|SO|I C 711/17|Wyrok|https://www.saos.org.pl/judgments/294981
323166|2017-06-27|SO|XV Ca 191/17|Postanowienie|https://www.saos.org.pl/judgments/323166
311146|2017-06-27|SO|XII C 1953/16|Wyrok|https://www.saos.org.pl/judgments/311146
304210|2017-06-27|SO|XVIII C 342/15|Wyrok|https://www.saos.org.pl/judgments/304210
296968|2017-06-27|SO|I C 29/17|Wyrok|https://www.saos.org.pl/judgments/296968
292432|2017-06-27|SO|I C 3671/16|Wyrok|https://www.saos.org.pl/judgments/292432
291888|2017-06-27|SO|X GC 1303/16|Wyrok|https://www.saos.org.pl/judgments/291888
290820|2017-06-27|SO|X GNs 4/14|Postanowienie|https://www.saos.org.pl/judgments/290820
299077|2017-06-26|SO|VIII C 1049/17|Wyrok|https://www.saos.org.pl/judgments/299077
293247|2017-06-26|SO|I C 668/16|Wyrok|https://www.saos.org.pl/judgments/293247
291208|2017-06-26|SO|IV C 689/16|Wyrok|https://www.saos.org.pl/judgments/291208
295596|2017-06-23|SO|II Ca 103/17|Wyrok|https://www.saos.org.pl/judgments/295596
318048|2017-06-22|SO|XVIII C 105/15|Wyrok|https://www.saos.org.pl/judgments/318048
312114|2017-06-22|SO|I ACa 844/16|Wyrok|https://www.saos.org.pl/judgments/312114
311211|2017-06-22|SO|II Ca 56/17|Wyrok|https://www.saos.org.pl/judgments/311211
305758|2017-06-22|SO|III Ca 419/17|Wyrok|https://www.saos.org.pl/judgments/305758
325062|2017-06-21|SO|I C 1316/16|Wyrok|https://www.saos.org.pl/judgments/325062
317377|2017-06-21|SO|II C 362/16|Wyrok|https://www.saos.org.pl/judgments/317377
307504|2017-06-21|SO|V Ca 2518/16|Wyrok|https://www.saos.org.pl/judgments/307504
304580|2017-06-21|SO|I C 216/17|Wyrok|https://www.saos.org.pl/judgments/304580
294768|2017-06-21|SO|V P 10/15|Wyrok|https://www.saos.org.pl/judgments/294768
293578|2017-06-21|SO|I C 1048/17|Wyrok|https://www.saos.org.pl/judgments/293578
290573|2017-06-21|SO|V ACa 265/17|Wyrok|https://www.saos.org.pl/judgments/290573
478998|2017-06-20|SO|I ACa 105/17|Wyrok|https://www.saos.org.pl/judgments/478998
388705|2017-06-20|SO|I C 1819/14|Wyrok|https://www.saos.org.pl/judgments/388705
326090|2017-06-20|SO|XV Ca 133/17|Wyrok|https://www.saos.org.pl/judgments/326090
319763|2017-06-20|SO|X GC 260/15|Uzasadnienie|https://www.saos.org.pl/judgments/319763
312110|2017-06-20|SO|I ACa 217/17|Wyrok|https://www.saos.org.pl/judgments/312110
304206|2017-06-20|SO|XVIII C 1912/15|Wyrok|https://www.saos.org.pl/judgments/304206
291383|2017-06-20|SO|XIII Ga 49/17|Uzasadnienie|https://www.saos.org.pl/judgments/291383
292758|2017-06-19|SO|IV Pa 53/17|Wyrok|https://www.saos.org.pl/judgments/292758
293324|2017-06-16|SO|II Ca 321/17|Postanowienie|https://www.saos.org.pl/judgments/293324
381306|2017-06-14|SO|XX GC 472/13|Wyrok|https://www.saos.org.pl/judgments/381306
323351|2017-06-14|SO|I ACa 32/17|Wyrok|https://www.saos.org.pl/judgments/323351
315622|2017-06-14|SO|XXVII Ca 3960/16|Wyrok|https://www.saos.org.pl/judgments/315622
311848|2017-06-14|SO|V ACa 460/16|Wyrok|https://www.saos.org.pl/judgments/311848
310070|2017-06-14|SO|VI ACa 315/16|Wyrok|https://www.saos.org.pl/judgments/310070
308001|2017-06-14|SO|XXVII Ca 3586/16|Wyrok|https://www.saos.org.pl/judgments/308001
305736|2017-06-14|SO|III Ca 2038/16|Postanowienie|https://www.saos.org.pl/judgments/305736
297824|2017-06-14|SO|III Ca 133/17|Uzasadnienie|https://www.saos.org.pl/judgments/297824
293534|2017-06-14|SO|VIII C 2245/16|Wyrok|https://www.saos.org.pl/judgments/293534
293256|2017-06-14|SO|I C 80/17|Wyrok|https://www.saos.org.pl/judgments/293256
318049|2017-06-13|SO|XVIII C 117/15|Wyrok|https://www.saos.org.pl/judgments/318049
311644|2017-06-13|SO|V Ca 2416/16|Postanowienie|https://www.saos.org.pl/judgments/311644
304444|2017-06-13|SO|I C 1079/15|Wyrok|https://www.saos.org.pl/judgments/304444
297948|2017-06-13|SO|VI ACa 1387/16|Wyrok|https://www.saos.org.pl/judgments/297948
289308|2017-06-13|SO|VI GC 91/17|Wyrok|https://www.saos.org.pl/judgments/289308
316969|2017-06-12|SO|X GC 927/15|Zarządzenie|https://www.saos.org.pl/judgments/316969
294537|2017-06-12|SO|X C 2532/15|Uzasadnienie|https://www.saos.org.pl/judgments/294537
291986|2017-06-12|SO|VIII C 393/17|Wyrok|https://www.saos.org.pl/judgments/291986
290291|2017-06-12|SO|III Ca 549/17|Uzasadnienie|https://www.saos.org.pl/judgments/290291
331952|2017-06-09|SO|I ACa 1839/16|Wyrok|https://www.saos.org.pl/judgments/331952
298209|2017-06-09|SO|III Ca 251/17|Uzasadnienie|https://www.saos.org.pl/judgments/298209
293209|2017-06-09|SO|I ACa 83/17|Wyrok|https://www.saos.org.pl/judgments/293209
292787|2017-06-09|SO|V P 1/15|Wyrok|https://www.saos.org.pl/judgments/292787
291994|2017-06-09|SO|I ACa 35/17|Wyrok|https://www.saos.org.pl/judgments/291994
289736|2017-06-09|SO|I C 216/17|Wyrok|https://www.saos.org.pl/judgments/289736
287788|2017-06-09|SO|VIII C 320/16|Wyrok|https://www.saos.org.pl/judgments/287788
338032|2017-06-08|SO|I C 580/17|Wyrok|https://www.saos.org.pl/judgments/338032
322467|2017-06-08|SO|I ACa 59/17|Wyrok|https://www.saos.org.pl/judgments/322467
318820|2017-06-08|SO|VI ACa 486/16|Wyrok|https://www.saos.org.pl/judgments/318820
311300|2017-06-08|SO|V GC 1092/15|Wyrok|https://www.saos.org.pl/judgments/311300
305726|2017-06-08|SO|III Ca 1484/16|Wyrok|https://www.saos.org.pl/judgments/305726
291737|2017-06-08|SO|XVIII C 1229/15|Wyrok|https://www.saos.org.pl/judgments/291737
289843|2017-06-08|SO|I C 84/17|Wyrok|https://www.saos.org.pl/judgments/289843
317280|2017-06-07|SO|I C 789/16|Wyrok|https://www.saos.org.pl/judgments/317280
295147|2017-06-07|SO|IV Ca 252/17|Wyrok|https://www.saos.org.pl/judgments/295147
293181|2017-06-07|SO|VI Ca 387/17|Postanowienie|https://www.saos.org.pl/judgments/293181
293066|2017-06-07|SO|I C 1387/16|Wyrok|https://www.saos.org.pl/judgments/293066
292383|2017-06-07|SO|VIII C 43/17|Wyrok|https://www.saos.org.pl/judgments/292383
291709|2017-06-07|SO|XI GC 879/16|Zarządzenie|https://www.saos.org.pl/judgments/291709
384051|2017-06-06|SO|XXVII Ca 245/17|Wyrok|https://www.saos.org.pl/judgments/384051
356275|2017-06-06|SO|I C 71/17|Wyrok|https://www.saos.org.pl/judgments/356275
325026|2017-06-06|SO|I ACa 105/17|Wyrok|https://www.saos.org.pl/judgments/325026
299305|2017-06-06|SO|III Ca 126/17|Wyrok|https://www.saos.org.pl/judgments/299305
290308|2017-06-06|SO|III Ca 77/17|Uzasadnienie|https://www.saos.org.pl/judgments/290308
290012|2017-06-06|SO|II Ca 250/17|Wyrok|https://www.saos.org.pl/judgments/290012
314185|2017-06-05|SO|I C 1029/16|Wyrok|https://www.saos.org.pl/judgments/314185
304668|2017-06-05|SO|I C 352/17|Wyrok|https://www.saos.org.pl/judgments/304668
304177|2017-06-05|SO|XV C 135/17|Wyrok|https://www.saos.org.pl/judgments/304177
297317|2017-06-05|SO|I C 701/16|Uzasadnienie|https://www.saos.org.pl/judgments/297317
296125|2017-06-05|SO|II C 4525/16|Zarządzenie|https://www.saos.org.pl/judgments/296125
296114|2017-06-05|SO|II C 3888/16|Zarządzenie|https://www.saos.org.pl/judgments/296114
290284|2017-06-05|SO|III Ca 518/17|Uzasadnienie|https://www.saos.org.pl/judgments/290284
375306|2017-06-02|SO|II C 114/14|Wyrok|https://www.saos.org.pl/judgments/375306
341183|2017-06-02|SO|IX GC 3171/16|Uzasadnienie|https://www.saos.org.pl/judgments/341183
304278|2017-06-02|SO|I ACa 1565/16|Wyrok|https://www.saos.org.pl/judgments/304278
295728|2017-06-02|SO|VIII Ga 189/17|Wyrok|https://www.saos.org.pl/judgments/295728
295599|2017-06-02|SO|II Ca 12/17|Wyrok|https://www.saos.org.pl/judgments/295599
297302|2017-06-01|SO|I C 241/17|Wyrok|https://www.saos.org.pl/judgments/297302
290772|2017-06-01|SO|VIII C 3386/15|Wyrok|https://www.saos.org.pl/judgments/290772
365939|2017-05-31|SO|II Ca 324/17|Wyrok|https://www.saos.org.pl/judgments/365939
313529|2017-05-31|SO|I C 711/16|Wyrok|https://www.saos.org.pl/judgments/313529
311050|2017-05-31|SO|V ACa 539/14|Wyrok|https://www.saos.org.pl/judgments/311050
307996|2017-05-31|SO|XXVII Ca 3291/16|Wyrok|https://www.saos.org.pl/judgments/307996
304506|2017-05-31|SO|I C 1493/16|Wyrok|https://www.saos.org.pl/judgments/304506
304272|2017-05-31|SO|I ACa 1533/16|Wyrok|https://www.saos.org.pl/judgments/304272
299085|2017-05-31|SO|VIII C 2776/16|Wyrok|https://www.saos.org.pl/judgments/299085
292375|2017-05-31|SO|VIII C 129/17|Wyrok|https://www.saos.org.pl/judgments/292375
291928|2017-05-31|SO|I C 815/16|Wyrok|https://www.saos.org.pl/judgments/291928
291045|2017-05-31|SO|I Ca 167/17|Postanowienie|https://www.saos.org.pl/judgments/291045
330947|2017-05-30|SO|I C 96/16|Wyrok|https://www.saos.org.pl/judgments/330947
318482|2017-05-30|SO|VI ACa 915/16|Wyrok|https://www.saos.org.pl/judgments/318482
317069|2017-05-30|SO|XXVII Ca 3782/16|Wyrok|https://www.saos.org.pl/judgments/317069
304051|2017-05-30|SO|V GC 1181/16|Wyrok|https://www.saos.org.pl/judgments/304051
303187|2017-05-30|SO|I C 1032/16|Wyrok|https://www.saos.org.pl/judgments/303187
292621|2017-05-30|SO|I ACa 549/16|Wyrok|https://www.saos.org.pl/judgments/292621
291752|2017-05-30|SO|XVIII C 339/15|Wyrok|https://www.saos.org.pl/judgments/291752
312806|2017-05-29|SO|I C 642/16|Wyrok|https://www.saos.org.pl/judgments/312806
290857|2017-05-29|SO|XII C 1744/16|Wyrok|https://www.saos.org.pl/judgments/290857
290861|2017-05-26|SO|XII C 2283/15|Wyrok|https://www.saos.org.pl/judgments/290861
290265|2017-05-26|SO|III Ca 449/17|Uzasadnienie|https://www.saos.org.pl/judgments/290265
287084|2017-05-26|SO|XVI C 404/17|Uzasadnienie|https://www.saos.org.pl/judgments/287084
302671|2017-05-25|SO|I ACa 62/17|Wyrok|https://www.saos.org.pl/judgments/302671
302647|2017-05-25|SO|I ACa 219/17|Wyrok|https://www.saos.org.pl/judgments/302647
298423|2017-05-25|SO|I C 2001/16|Wyrok|https://www.saos.org.pl/judgments/298423
288896|2017-05-25|SO|I ACa 503/16|Wyrok|https://www.saos.org.pl/judgments/288896
288533|2017-05-25|SO|VI Ga 27/17|Wyrok|https://www.saos.org.pl/judgments/288533
528567|2017-05-24|SO|II Ca 1581/16|Wyrok|https://www.saos.org.pl/judgments/528567
363683|2017-05-24|SO|XVI GC 3312/15|Wyrok|https://www.saos.org.pl/judgments/363683
345826|2017-05-24|SO|I C 550/16|Wyrok|https://www.saos.org.pl/judgments/345826
312779|2017-05-24|SO|I ACa 171/17|Wyrok|https://www.saos.org.pl/judgments/312779
303216|2017-05-24|SO|I C 3650/16|Wyrok|https://www.saos.org.pl/judgments/303216
301035|2017-05-24|SO|I ACa 197/17|Wyrok|https://www.saos.org.pl/judgments/301035
289385|2017-05-24|SO|VIII C 2947/16|Wyrok|https://www.saos.org.pl/judgments/289385
288500|2017-05-24|SO|IX Ca 1017/16|Wyrok|https://www.saos.org.pl/judgments/288500
288477|2017-05-24|SO|III Ca 153/17|Postanowienie|https://www.saos.org.pl/judgments/288477
330401|2017-05-23|SO|I ACa 1560/16|Wyrok|https://www.saos.org.pl/judgments/330401
310015|2017-05-23|SO|II Ca 1643/16|Wyrok|https://www.saos.org.pl/judgments/310015
300069|2017-05-23|SO|I ACa 821/16|Wyrok|https://www.saos.org.pl/judgments/300069
298856|2017-05-23|SO|I C 25/17|Wyrok|https://www.saos.org.pl/judgments/298856
296451|2017-05-23|SO|X C 215/17|Wyrok|https://www.saos.org.pl/judgments/296451
292611|2017-05-23|SO|XXV C 1412/15|Wyrok|https://www.saos.org.pl/judgments/292611
291741|2017-05-23|SO|XVIII C 139/17|Wyrok|https://www.saos.org.pl/judgments/291741
287608|2017-05-23|SO|III Ca 1721/16|Uzasadnienie|https://www.saos.org.pl/judgments/287608
287547|2017-05-23|SO|II Ca 183/17|Wyrok|https://www.saos.org.pl/judgments/287547
401864|2017-05-22|SO|I C 320/16|Wyrok|https://www.saos.org.pl/judgments/401864
337469|2017-05-22|SO|X GC 115/17|Wyrok|https://www.saos.org.pl/judgments/337469
304267|2017-05-22|SO|I ACa 1480/16|Wyrok|https://www.saos.org.pl/judgments/304267
309509|2017-05-19|SO|II Ca 1659/16|Wyrok|https://www.saos.org.pl/judgments/309509
305928|2017-05-19|SO|IV Ca 596/16|Wyrok|https://www.saos.org.pl/judgments/305928
296646|2017-05-19|SO|VIII GC 2113/15|Wyrok|https://www.saos.org.pl/judgments/296646
289850|2017-05-19|SO|I C 905/16|Wyrok|https://www.saos.org.pl/judgments/289850
289074|2017-05-19|SO|II C 332/15|Wyrok|https://www.saos.org.pl/judgments/289074
286312|2017-05-19|SO|I C 40/17|Wyrok|https://www.saos.org.pl/judgments/286312
325627|2017-05-18|SO|I C 2981/15|Uzasadnienie|https://www.saos.org.pl/judgments/325627
312780|2017-05-18|SO|I ACa 46/17|Wyrok|https://www.saos.org.pl/judgments/312780
288070|2017-05-18|SO|III Ca 358/17|Uzasadnienie|https://www.saos.org.pl/judgments/288070
288062|2017-05-18|SO|III Ca 220/17|Uzasadnienie|https://www.saos.org.pl/judgments/288062
284154|2017-05-18|SO|X GC 511/16|Zarządzenie|https://www.saos.org.pl/judgments/284154
384058|2017-05-17|SO|XXVII Ca 269/17|Wyrok|https://www.saos.org.pl/judgments/384058
304266|2017-05-17|SO|I ACa 1478/16|Wyrok|https://www.saos.org.pl/judgments/304266
288264|2017-05-17|SO|VIII C 2252/16|Wyrok|https://www.saos.org.pl/judgments/288264
287179|2017-05-17|SO|I C 938/16|Wyrok|https://www.saos.org.pl/judgments/287179
287349|2017-05-16|SO|I ACa 275/16|Wyrok|https://www.saos.org.pl/judgments/287349
287041|2017-05-16|SO|XII C 1434/16|Wyrok|https://www.saos.org.pl/judgments/287041
286650|2017-05-16|SO|III Ca 90/17|Uzasadnienie|https://www.saos.org.pl/judgments/286650
365936|2017-05-15|SO|II Ca 268/17|Wyrok|https://www.saos.org.pl/judgments/365936
306259|2017-05-15|SO|V Ga 96/17|Wyrok|https://www.saos.org.pl/judgments/306259
295434|2017-05-15|SO|I C 10/17|Wyrok|https://www.saos.org.pl/judgments/295434
307084|2017-05-12|SO|X C 3593/16|Wyrok|https://www.saos.org.pl/judgments/307084
287971|2017-05-12|SO|II C 561/16|Uzasadnienie|https://www.saos.org.pl/judgments/287971
287309|2017-05-12|SO|VIII C 3029/16|Wyrok|https://www.saos.org.pl/judgments/287309
327811|2017-05-11|SO|I ACa 350/16|Wyrok|https://www.saos.org.pl/judgments/327811
318065|2017-05-11|SO|XVIII C 700/16|Wyrok|https://www.saos.org.pl/judgments/318065
308488|2017-05-11|SO|I ACz 675/17|Postanowienie|https://www.saos.org.pl/judgments/308488
296304|2017-05-11|SO|IV P 890/15|Wyrok|https://www.saos.org.pl/judgments/296304
290018|2017-05-11|SO|II Ca 372/17|Wyrok|https://www.saos.org.pl/judgments/290018
290004|2017-05-11|SO|II Ca 167/17|Postanowienie|https://www.saos.org.pl/judgments/290004
287272|2017-05-11|SO|V ACa 649/16|Wyrok|https://www.saos.org.pl/judgments/287272
405976|2017-05-10|SO|XVIII C 1101/17|Wyrok|https://www.saos.org.pl/judgments/405976
321504|2017-05-10|SO|I ACa 1194/16|Wyrok|https://www.saos.org.pl/judgments/321504
287953|2017-05-10|SO|I C 95/17|Wyrok|https://www.saos.org.pl/judgments/287953
286636|2017-05-10|SO|III Ca 60/17|Uzasadnienie|https://www.saos.org.pl/judgments/286636
286286|2017-05-10|SO|I C 1972/16|Wyrok|https://www.saos.org.pl/judgments/286286
286109|2017-05-10|SO|XVI C 25/17|Uzasadnienie|https://www.saos.org.pl/judgments/286109
329487|2017-05-09|SO|I1 C 845/16|Wyrok|https://www.saos.org.pl/judgments/329487
320924|2017-05-09|SO|I ACa 880/16|Wyrok|https://www.saos.org.pl/judgments/320924
293117|2017-05-09|SO|II Ca 1850/16|Wyrok|https://www.saos.org.pl/judgments/293117
291730|2017-05-09|SO|XVIII C 100/15|Wyrok|https://www.saos.org.pl/judgments/291730
290832|2017-05-09|SO|XI GC 177/17|Zarządzenie|https://www.saos.org.pl/judgments/290832
288072|2017-05-09|SO|III Ca 442/17|Uzasadnienie|https://www.saos.org.pl/judgments/288072
287271|2017-05-09|SO|V ACa 639/16|Wyrok|https://www.saos.org.pl/judgments/287271
286589|2017-05-08|SO|III Ca 305/17|Uzasadnienie|https://www.saos.org.pl/judgments/286589
311728|2017-05-05|SO|I C 1919/16|Wyrok|https://www.saos.org.pl/judgments/311728
292001|2017-05-05|SO|I C 28/17|Wyrok|https://www.saos.org.pl/judgments/292001
287370|2017-05-04|SO|I C 819/16|Wyrok|https://www.saos.org.pl/judgments/287370
329495|2017-04-28|SO|II Ca 202/17|Postanowienie|https://www.saos.org.pl/judgments/329495
318016|2017-04-28|SO|XV Ca 556/17|Wyrok|https://www.saos.org.pl/judgments/318016
317275|2017-04-28|SO|I C 73/15|Wyrok|https://www.saos.org.pl/judgments/317275
304260|2017-04-28|SO|I ACa 1371/16|Wyrok|https://www.saos.org.pl/judgments/304260
292779|2017-04-28|SO|IX GC 165/17|Wyrok|https://www.saos.org.pl/judgments/292779
290165|2017-04-28|SO|III Ca 102/17|Uzasadnienie|https://www.saos.org.pl/judgments/290165
288387|2017-04-28|SO|I Ns 231/17|Postanowienie|https://www.saos.org.pl/judgments/288387
286581|2017-04-28|SO|III Ca 264/17|Uzasadnienie|https://www.saos.org.pl/judgments/286581
393697|2017-04-27|SO|II Ca 228/17|Wyrok|https://www.saos.org.pl/judgments/393697
323349|2017-04-27|SO|I ACa 304/17|Wyrok|https://www.saos.org.pl/judgments/323349
319312|2017-04-27|SO|V GC 488/16|Wyrok|https://www.saos.org.pl/judgments/319312
292242|2017-04-27|SO|I C 195/17|Wyrok|https://www.saos.org.pl/judgments/292242
291739|2017-04-27|SO|XVIII C 128/15|Wyrok|https://www.saos.org.pl/judgments/291739
291371|2017-04-27|SO|X C 3163/16|Wyrok|https://www.saos.org.pl/judgments/291371
291367|2017-04-27|SO|X C 1973/16|Wyrok|https://www.saos.org.pl/judgments/291367
290293|2017-04-27|SO|III Ca 555/17|Uzasadnienie|https://www.saos.org.pl/judgments/290293
289997|2017-04-27|SO|II Ca 1032/16|Wyrok|https://www.saos.org.pl/judgments/289997
286631|2017-04-27|SO|III Ca 52/17|Uzasadnienie|https://www.saos.org.pl/judgments/286631
286514|2017-04-27|SO|III Ca 14/17|Uzasadnienie|https://www.saos.org.pl/judgments/286514
284811|2017-04-27|SO|VIII C 1412/16|Wyrok|https://www.saos.org.pl/judgments/284811
358859|2017-04-26|SO|I C 530/16|Wyrok|https://www.saos.org.pl/judgments/358859
336388|2017-04-26|SO|I1 C 94/17|Wyrok|https://www.saos.org.pl/judgments/336388
314902|2017-04-26|SO|VI ACa 95/16|Wyrok|https://www.saos.org.pl/judgments/314902
312004|2017-04-26|SO|IV C 864/14|Wyrok|https://www.saos.org.pl/judgments/312004
294905|2017-04-26|SO|I C 1640/15|Wyrok|https://www.saos.org.pl/judgments/294905
294611|2017-04-26|SO|I ACa 89/17|Wyrok|https://www.saos.org.pl/judgments/294611
286287|2017-04-26|SO|I C 1984/16|Wyrok|https://www.saos.org.pl/judgments/286287
285683|2017-04-26|SO|IV P 388/16|Wyrok|https://www.saos.org.pl/judgments/285683
285597|2017-04-26|SO|III Ca 557/17|Uzasadnienie|https://www.saos.org.pl/judgments/285597
284812|2017-04-26|SO|VIII C 166/17|Wyrok|https://www.saos.org.pl/judgments/284812
284335|2017-04-26|SO|I C 77/17|Wyrok|https://www.saos.org.pl/judgments/284335
327367|2017-04-25|SO|I C 2285/16|Uzasadnienie|https://www.saos.org.pl/judgments/327367
309713|2017-04-25|SO|II Ca 1063/16|Postanowienie|https://www.saos.org.pl/judgments/309713
309704|2017-04-25|SO|II Ca 1012/16|Wyrok|https://www.saos.org.pl/judgments/309704
296906|2017-04-25|SO|VIII C 173/17|Wyrok|https://www.saos.org.pl/judgments/296906
293471|2017-04-25|SO|V Ca 2077/16|Wyrok|https://www.saos.org.pl/judgments/293471
292023|2017-04-25|SO|I Ca 225/16|Postanowienie|https://www.saos.org.pl/judgments/292023
291562|2017-04-25|SO|IV P 19/17|Wyrok|https://www.saos.org.pl/judgments/291562
289668|2017-04-25|SO|I ACa 951/16|Wyrok|https://www.saos.org.pl/judgments/289668
286340|2017-04-25|SO|I C 711/16|Wyrok|https://www.saos.org.pl/judgments/286340
317269|2017-04-24|SO|I C 662/15|Wyrok|https://www.saos.org.pl/judgments/317269
300337|2017-04-24|SO|I C 1400/15|Wyrok|https://www.saos.org.pl/judgments/300337
287505|2017-04-24|SO|I C 528/16|Wyrok|https://www.saos.org.pl/judgments/287505
285928|2017-04-24|SO|VIII C 2559/16|Wyrok|https://www.saos.org.pl/judgments/285928
285877|2017-04-24|SO|VI Pa 77/16|Uzasadnienie|https://www.saos.org.pl/judgments/285877
285513|2017-04-24|SO|III Ca 1905/16|Uzasadnienie|https://www.saos.org.pl/judgments/285513
351887|2017-04-21|SO|IX GC 4568/15|Zarządzenie|https://www.saos.org.pl/judgments/351887
300638|2017-04-21|SO|I ACa 268/16|Wyrok|https://www.saos.org.pl/judgments/300638
293460|2017-04-21|SO|IX GC 1647/16|Uzasadnienie|https://www.saos.org.pl/judgments/293460
290023|2017-04-21|SO|II Ca 719/16|Wyrok|https://www.saos.org.pl/judgments/290023
288646|2017-04-21|SO|X Ga 476/16|Wyrok|https://www.saos.org.pl/judgments/288646
287793|2017-04-21|SO|VIII C 993/16|Wyrok|https://www.saos.org.pl/judgments/287793
286725|2017-04-21|SO|IV Pa 26/17|Wyrok|https://www.saos.org.pl/judgments/286725
286334|2017-04-21|SO|I C 665/16|Wyrok|https://www.saos.org.pl/judgments/286334
283070|2017-04-21|SO|VIII C 2582/16|Wyrok|https://www.saos.org.pl/judgments/283070
343177|2017-04-20|SO|I C 970/16|Wyrok|https://www.saos.org.pl/judgments/343177
307995|2017-04-20|SO|XXVII Ca 2860/16|Wyrok|https://www.saos.org.pl/judgments/307995
290029|2017-04-20|SO|II Cgg 11/14|Wyrok|https://www.saos.org.pl/judgments/290029
289630|2017-04-20|SO|I ACa 164/17|Wyrok|https://www.saos.org.pl/judgments/289630
286831|2017-04-20|SO|VI Ga 13/17|Wyrok|https://www.saos.org.pl/judgments/286831
285052|2017-04-20|SO|I ACa 1371/16|Wyrok|https://www.saos.org.pl/judgments/285052
284312|2017-04-20|SO|I C 600/16|Wyrok|https://www.saos.org.pl/judgments/284312
283078|2017-04-20|SO|VIII GC 428/16|Wyrok|https://www.saos.org.pl/judgments/283078
282383|2017-04-20|SO|V Ca 704/16|Wyrok|https://www.saos.org.pl/judgments/282383
417047|2017-04-19|SO|I ACa 815/16|Wyrok|https://www.saos.org.pl/judgments/417047
375059|2017-04-19|SO|XVIII C 5105/16|Wyrok|https://www.saos.org.pl/judgments/375059
322557|2017-04-19|SO|III C 100/12|Wyrok|https://www.saos.org.pl/judgments/322557
295561|2017-04-19|SO|I C 20/17|Uzasadnienie|https://www.saos.org.pl/judgments/295561
295236|2017-04-19|SO|VI ACa 1713/15|Wyrok|https://www.saos.org.pl/judgments/295236
283299|2017-04-14|SO|XII C 2184/16|Wyrok|https://www.saos.org.pl/judgments/283299
368064|2017-04-13|SO|IX GC 659/14|Zarządzenie|https://www.saos.org.pl/judgments/368064
330968|2017-04-13|SO|II Ca 130/17|Wyrok|https://www.saos.org.pl/judgments/330968
327693|2017-04-13|SO|I Ns 77/15|Postanowienie|https://www.saos.org.pl/judgments/327693
320469|2017-04-13|SO|X GC 369/16|Zarządzenie|https://www.saos.org.pl/judgments/320469
308002|2017-04-13|SO|XXVII Ca 3837/16|Wyrok|https://www.saos.org.pl/judgments/308002
287746|2017-04-13|SO|VI Ga 413/16|Wyrok|https://www.saos.org.pl/judgments/287746
287485|2017-04-13|SO|I C 1651/16|Wyrok|https://www.saos.org.pl/judgments/287485
283344|2017-04-13|SO|I ACa 1165/16|Wyrok|https://www.saos.org.pl/judgments/283344
320756|2017-04-12|SO|I C 2229/16|Zarządzenie|https://www.saos.org.pl/judgments/320756
304292|2017-04-12|SO|I ACa 1646/16|Wyrok|https://www.saos.org.pl/judgments/304292
304173|2017-04-12|SO|XV C 1027/16|Wyrok|https://www.saos.org.pl/judgments/304173
300780|2017-04-12|SO|II Ca 2392/16|Wyrok|https://www.saos.org.pl/judgments/300780
299310|2017-04-12|SO|III Ca 1827/16|Wyrok|https://www.saos.org.pl/judgments/299310
292781|2017-04-12|SO|IX GC 787/15|Wyrok|https://www.saos.org.pl/judgments/292781
292721|2017-04-12|SO|II Ca 199/17|Wyrok|https://www.saos.org.pl/judgments/292721
336907|2017-04-11|SO|I ACa 1624/16|Wyrok|https://www.saos.org.pl/judgments/336907
322976|2017-04-11|SO|I ACa 195/17|Wyrok|https://www.saos.org.pl/judgments/322976
304209|2017-04-11|SO|XVIII C 315/15|Wyrok|https://www.saos.org.pl/judgments/304209
282701|2017-04-11|SO|I C 2143/16|Wyrok|https://www.saos.org.pl/judgments/282701
320678|2017-04-10|SO|VIII GC 864/16|Wyrok|https://www.saos.org.pl/judgments/320678
296957|2017-04-10|SO|I C 1520/16|Wyrok|https://www.saos.org.pl/judgments/296957
285542|2017-04-10|SO|III Ca 1982/16|Uzasadnienie|https://www.saos.org.pl/judgments/285542
285460|2017-04-10|SO|III Ca 1796/16|Uzasadnienie|https://www.saos.org.pl/judgments/285460
283808|2017-04-10|SO|II C 475/16|Wyrok|https://www.saos.org.pl/judgments/283808
331510|2017-04-07|SO|I ACa 124/16|Wyrok|https://www.saos.org.pl/judgments/331510
303195|2017-04-07|SO|I C 1749/16|Wyrok|https://www.saos.org.pl/judgments/303195
286219|2017-04-07|SO|I ACa 894/16|Wyrok|https://www.saos.org.pl/judgments/286219
283477|2017-04-07|SO|II Ca 277/17|Wyrok|https://www.saos.org.pl/judgments/283477
281580|2017-04-07|SO|I ACa 59/16|Wyrok|https://www.saos.org.pl/judgments/281580
388674|2017-04-06|SO|I C 1025/16|Wyrok|https://www.saos.org.pl/judgments/388674
331794|2017-04-06|SO|I C 663/14|Wyrok|https://www.saos.org.pl/judgments/331794
318067|2017-04-06|SO|XVIII C 99/15|Wyrok|https://www.saos.org.pl/judgments/318067
309948|2017-04-06|SO|II Ca 1262/16|Wyrok|https://www.saos.org.pl/judgments/309948
296692|2017-04-06|SO|I C 96/15|Wyrok|https://www.saos.org.pl/judgments/296692
292741|2017-04-06|SO|II Ca 9/17|Wyrok|https://www.saos.org.pl/judgments/292741
287480|2017-04-06|SO|I C 135/17|Wyrok|https://www.saos.org.pl/judgments/287480
285046|2017-04-06|SO|I ACa 1301/16|Wyrok|https://www.saos.org.pl/judgments/285046
280611|2017-04-06|SO|I C 844/16|Wyrok|https://www.saos.org.pl/judgments/280611
291753|2017-04-04|SO|XVIII C 341/15|Wyrok|https://www.saos.org.pl/judgments/291753
288952|2017-04-04|SO|I C 1647/16|Wyrok|https://www.saos.org.pl/judgments/288952
282489|2017-04-04|SO|XVIII C 362/15|Wyrok|https://www.saos.org.pl/judgments/282489
282463|2017-04-04|SO|X GC 1259/14|Wyrok|https://www.saos.org.pl/judgments/282463
281621|2017-04-04|SO|I C 760/16|Wyrok|https://www.saos.org.pl/judgments/281621
281611|2017-04-04|SO|I C 606/16|Wyrok|https://www.saos.org.pl/judgments/281611
292720|2017-04-03|SO|II Ca 196/17|Wyrok|https://www.saos.org.pl/judgments/292720
285551|2017-04-03|SO|III Ca 240/17|Uzasadnienie|https://www.saos.org.pl/judgments/285551
285135|2017-04-03|SO|I C 231/17|Wyrok|https://www.saos.org.pl/judgments/285135
285067|2017-04-03|SO|I ACa 2455/15|Wyrok|https://www.saos.org.pl/judgments/285067
280520|2017-04-03|SO|I C 119/17|Wyrok|https://www.saos.org.pl/judgments/280520
338285|2017-03-31|SO|II C 867/15|Wyrok|https://www.saos.org.pl/judgments/338285
320846|2017-03-31|SO|V Ga 77/17|Wyrok|https://www.saos.org.pl/judgments/320846
292727|2017-03-31|SO|II Ca 329/17|Wyrok|https://www.saos.org.pl/judgments/292727
288972|2017-03-31|SO|I C 2794/16|Wyrok|https://www.saos.org.pl/judgments/288972
285835|2017-03-31|SO|VI GC 359/15|Wyrok|https://www.saos.org.pl/judgments/285835
279965|2017-03-31|SO|VI GC 399/16|Wyrok|https://www.saos.org.pl/judgments/279965
330895|2017-03-30|SO|I C 1165/16|Wyrok|https://www.saos.org.pl/judgments/330895
327107|2017-03-30|SO|I C 13/17|Wyrok|https://www.saos.org.pl/judgments/327107
315457|2017-03-30|SO|I C 558/16|Wyrok|https://www.saos.org.pl/judgments/315457
304215|2017-03-30|SO|XVIII C 76/15|Wyrok|https://www.saos.org.pl/judgments/304215
284529|2017-03-30|SO|III Ca 1655/16|Uzasadnienie|https://www.saos.org.pl/judgments/284529
283946|2017-03-30|SO|I ACa 1066/16|Wyrok|https://www.saos.org.pl/judgments/283946
283367|2017-03-30|SO|I ACa 1455/15|Wyrok|https://www.saos.org.pl/judgments/283367
280650|2017-03-30|SO|I Ns 158/15|Postanowienie|https://www.saos.org.pl/judgments/280650
349608|2017-03-29|SO|I C 115/15|Wyrok|https://www.saos.org.pl/judgments/349608
284705|2017-03-29|SO|IX Ca 1148/16|Wyrok|https://www.saos.org.pl/judgments/284705
283106|2017-03-29|SO|XIV C 335/16|Wyrok|https://www.saos.org.pl/judgments/283106
280016|2017-03-29|SO|VIII C 1791/16|Wyrok|https://www.saos.org.pl/judgments/280016
318053|2017-03-28|SO|XVIII C 1773/15|Wyrok|https://www.saos.org.pl/judgments/318053
302675|2017-03-28|SO|I ACa 782/16|Wyrok|https://www.saos.org.pl/judgments/302675
289623|2017-03-28|SO|I ACa 143/16|Wyrok|https://www.saos.org.pl/judgments/289623
287458|2017-03-28|SO|XXVII Ca 2907/16|Wyrok|https://www.saos.org.pl/judgments/287458
282464|2017-03-28|SO|X GC 1322/16|Wyrok|https://www.saos.org.pl/judgments/282464
280555|2017-03-28|SO|I C 249/16|Wyrok|https://www.saos.org.pl/judgments/280555
481701|2017-03-27|SO|I ACa 1168/16|Wyrok|https://www.saos.org.pl/judgments/481701
290157|2017-03-27|SO|III C 68/16|Wyrok|https://www.saos.org.pl/judgments/290157
285581|2017-03-27|SO|III Ca 365/17|Uzasadnienie|https://www.saos.org.pl/judgments/285581
285467|2017-03-27|SO|III Ca 1807/16|Uzasadnienie|https://www.saos.org.pl/judgments/285467
284549|2017-03-27|SO|III Ca 1759/16|Uzasadnienie|https://www.saos.org.pl/judgments/284549
284537|2017-03-27|SO|III Ca 1718/16|Uzasadnienie|https://www.saos.org.pl/judgments/284537
282480|2017-03-27|SO|XVI Cz 249/17|Postanowienie|https://www.saos.org.pl/judgments/282480
280244|2017-03-27|SO|VI GC 375/15|Wyrok|https://www.saos.org.pl/judgments/280244
280132|2017-03-27|SO|I C 1754/16|Wyrok|https://www.saos.org.pl/judgments/280132
293032|2017-03-24|SO|V GC 497/16|Wyrok|https://www.saos.org.pl/judgments/293032
280151|2017-03-24|SO|I C 78/15|Wyrok|https://www.saos.org.pl/judgments/280151
279701|2017-03-24|SO|II Ca 52/17|Wyrok|https://www.saos.org.pl/judgments/279701
332088|2017-03-23|SO|II Ca 2354/16|Wyrok|https://www.saos.org.pl/judgments/332088
291408|2017-03-23|SO|XVIII C 1430/16|Wyrok|https://www.saos.org.pl/judgments/291408
288899|2017-03-23|SO|I ACa 524/16|Wyrok|https://www.saos.org.pl/judgments/288899
285280|2017-03-23|SO|II Ca 870/16|Wyrok|https://www.saos.org.pl/judgments/285280
282737|2017-03-23|SO|II C 399/16|Wyrok|https://www.saos.org.pl/judgments/282737
279068|2017-03-23|SO|III Ca 2020/16|Wyrok|https://www.saos.org.pl/judgments/279068
357473|2017-03-22|SO|IV C 948/16|Wyrok|https://www.saos.org.pl/judgments/357473
288694|2017-03-22|SO|I ACa 1014/16|Wyrok|https://www.saos.org.pl/judgments/288694
285926|2017-03-22|SO|VIII C 1406/16|Wyrok|https://www.saos.org.pl/judgments/285926
282106|2017-03-22|SO|I ACa 1236/16|Wyrok|https://www.saos.org.pl/judgments/282106
281631|2017-03-22|SO|I Ns 935/15|Postanowienie|https://www.saos.org.pl/judgments/281631
279457|2017-03-22|SO|IV Ca 66/17|Wyrok|https://www.saos.org.pl/judgments/279457
364430|2017-03-21|SO|I C 27/17|Wyrok|https://www.saos.org.pl/judgments/364430
309026|2017-03-21|SO|II Ca 761/16|Postanowienie|https://www.saos.org.pl/judgments/309026
281188|2017-03-21|SO|VIII C 2763/16|Wyrok|https://www.saos.org.pl/judgments/281188
276774|2017-03-21|SO|VIII C 2402/16|Wyrok|https://www.saos.org.pl/judgments/276774
501554|2017-03-20|SO|II Ca 102/17|Postanowienie|https://www.saos.org.pl/judgments/501554
286291|2017-03-20|SO|I C 20/17|Wyrok|https://www.saos.org.pl/judgments/286291
283964|2017-03-20|SO|I C 1124/16|Wyrok|https://www.saos.org.pl/judgments/283964
279142|2017-03-20|SO|VI Ga 27/17|Wyrok|https://www.saos.org.pl/judgments/279142
276951|2017-03-20|SO|X GC 186/15|Zarządzenie|https://www.saos.org.pl/judgments/276951
360656|2017-03-17|SO|II Ca 2375/16|Postanowienie|https://www.saos.org.pl/judgments/360656
281194|2017-03-17|SO|VIII Ga 23/17|Wyrok|https://www.saos.org.pl/judgments/281194
297301|2017-03-16|SO|I C 1997/16|Wyrok|https://www.saos.org.pl/judgments/297301
288370|2017-03-16|SO|I C 918/16|Wyrok|https://www.saos.org.pl/judgments/288370
286385|2017-03-16|SO|II C 1449/16|Wyrok|https://www.saos.org.pl/judgments/286385
285545|2017-03-16|SO|III Ca 227/17|Uzasadnienie|https://www.saos.org.pl/judgments/285545
285240|2017-03-16|SO|II C 373/16|Zarządzenie|https://www.saos.org.pl/judgments/285240
283293|2017-03-16|SO|XII C 1232/15|Wyrok|https://www.saos.org.pl/judgments/283293
282101|2017-03-16|SO|I ACa 1206/16|Wyrok|https://www.saos.org.pl/judgments/282101
279633|2017-03-16|SO|I C 921/16|Wyrok|https://www.saos.org.pl/judgments/279633
278200|2017-03-16|SO|XIII Ga 808/16|Uzasadnienie|https://www.saos.org.pl/judgments/278200
375050|2017-03-15|SO|XVIII C 4166/16|Wyrok|https://www.saos.org.pl/judgments/375050
298234|2017-03-15|SO|III Ca 66/17|Wyrok|https://www.saos.org.pl/judgments/298234
288299|2017-03-15|SO|I ACa 1023/16|Wyrok|https://www.saos.org.pl/judgments/288299
286192|2017-03-15|SO|I ACa 1441/16|Wyrok|https://www.saos.org.pl/judgments/286192
284265|2017-03-15|SO|I C 2660/16|Wyrok|https://www.saos.org.pl/judgments/284265
282716|2017-03-15|SO|I Ns 2395/16|Postanowienie|https://www.saos.org.pl/judgments/282716
282491|2017-03-15|SO|XVIII C 976/16|Wyrok|https://www.saos.org.pl/judgments/282491
281742|2017-03-15|SO|III Ca 1698/16|Uzasadnienie|https://www.saos.org.pl/judgments/281742
279255|2017-03-15|SO|VIII C 2991/16|Wyrok|https://www.saos.org.pl/judgments/279255
278292|2017-03-15|SO|I C 1555/16|Wyrok|https://www.saos.org.pl/judgments/278292
292016|2017-03-14|SO|I C 585/16|Wyrok|https://www.saos.org.pl/judgments/292016
284275|2017-03-14|SO|I C 298/16|Wyrok|https://www.saos.org.pl/judgments/284275
282581|2017-03-14|SO|III Ca 242/17|Uzasadnienie|https://www.saos.org.pl/judgments/282581
282094|2017-03-14|SO|I ACa 1178/16|Wyrok|https://www.saos.org.pl/judgments/282094
283146|2017-03-13|SO|I C 1018/16|Wyrok|https://www.saos.org.pl/judgments/283146
280022|2017-03-13|SO|VIII Ga 6/17|Wyrok|https://www.saos.org.pl/judgments/280022
275206|2017-03-13|SO|XIII Ga 927/16|Uzasadnienie|https://www.saos.org.pl/judgments/275206
344760|2017-03-10|SO|V Ga 60/17|Wyrok|https://www.saos.org.pl/judgments/344760
306283|2017-03-10|SO|V GC 236/16|Wyrok|https://www.saos.org.pl/judgments/306283
283409|2017-03-10|SO|I C 2348/16|Uzasadnienie|https://www.saos.org.pl/judgments/283409
280584|2017-03-10|SO|I C 472/16|Wyrok|https://www.saos.org.pl/judgments/280584
280463|2017-03-10|SO|I ACa 505/16|Wyrok|https://www.saos.org.pl/judgments/280463
278548|2017-03-10|SO|VIII C 1405/16|Wyrok|https://www.saos.org.pl/judgments/278548
277314|2017-03-10|SO|I C 160/16|Wyrok|https://www.saos.org.pl/judgments/277314
400829|2017-03-09|SO|I ACa 1041/16|Wyrok|https://www.saos.org.pl/judgments/400829
275434|2017-03-09|SO|I C 27/17|Wyrok|https://www.saos.org.pl/judgments/275434
381725|2017-03-08|SO|XX GC 42/14|Wyrok|https://www.saos.org.pl/judgments/381725
285084|2017-03-08|SO|I ACa 716/16|Wyrok|https://www.saos.org.pl/judgments/285084
276781|2017-03-08|SO|VIII C 2613/16|Wyrok|https://www.saos.org.pl/judgments/276781
347213|2017-03-07|SO|I C 1093/14|Wyrok|https://www.saos.org.pl/judgments/347213
338274|2017-03-07|SO|II C 1278/16|Uzasadnienie|https://www.saos.org.pl/judgments/338274
312817|2017-03-07|SO|I1 C 1487/16|Wyrok|https://www.saos.org.pl/judgments/312817
308317|2017-03-07|SO|XVIII C 92/15|Wyrok|https://www.saos.org.pl/judgments/308317
284754|2017-03-07|SO|VI ACa 1800/15|Wyrok|https://www.saos.org.pl/judgments/284754
282911|2017-03-07|SO|III Ca 112/17|Wyrok|https://www.saos.org.pl/judgments/282911
279626|2017-03-07|SO|I C 88/17|Wyrok|https://www.saos.org.pl/judgments/279626
278843|2017-03-07|SO|I C 743/16|Uzasadnienie|https://www.saos.org.pl/judgments/278843
278172|2017-03-07|SO|X GC 726/16|Wyrok|https://www.saos.org.pl/judgments/278172
277777|2017-03-07|SO|III Ca 1965/16|Wyrok|https://www.saos.org.pl/judgments/277777
276965|2017-03-07|SO|X GC 585/16|Uzasadnienie|https://www.saos.org.pl/judgments/276965
338273|2017-03-06|SO|II C 1209/12|Uzasadnienie|https://www.saos.org.pl/judgments/338273
324510|2017-03-03|SO|XV C 873/16|Wyrok|https://www.saos.org.pl/judgments/324510
309686|2017-03-03|SO|I C 97/13|Wyrok|https://www.saos.org.pl/judgments/309686
284270|2017-03-03|SO|I C 2850/16|Wyrok|https://www.saos.org.pl/judgments/284270
279271|2017-03-03|SO|VIII Ns 213/15|Postanowienie|https://www.saos.org.pl/judgments/279271
276003|2017-03-03|SO|I C 39/17|Wyrok|https://www.saos.org.pl/judgments/276003
293312|2017-03-02|SO|II Ca 2172/16|Postanowienie|https://www.saos.org.pl/judgments/293312
286338|2017-03-02|SO|I C 697/16|Wyrok|https://www.saos.org.pl/judgments/286338
284386|2017-03-02|SO|I Ns 519/15|Postanowienie|https://www.saos.org.pl/judgments/284386
280524|2017-03-02|SO|I C 1223/16|Wyrok|https://www.saos.org.pl/judgments/280524
280386|2017-03-02|SO|XVIII C 1189/16|Wyrok|https://www.saos.org.pl/judgments/280386
278862|2017-03-02|SO|I Ca 8/17|Wyrok|https://www.saos.org.pl/judgments/278862
288356|2017-03-01|SO|I C 600/16|Uzasadnienie|https://www.saos.org.pl/judgments/288356
288286|2017-03-01|SO|XII C 1851/16|Wyrok|https://www.saos.org.pl/judgments/288286
280728|2017-03-01|SO|II C 376/16|Wyrok|https://www.saos.org.pl/judgments/280728
276784|2017-03-01|SO|VIII C 287/17|Wyrok|https://www.saos.org.pl/judgments/276784
464173|2017-02-28|SO|V Ca 1130/16|Wyrok|https://www.saos.org.pl/judgments/464173
321857|2017-02-28|SO|I C 986/16|Wyrok|https://www.saos.org.pl/judgments/321857
294879|2017-02-28|SO|I C 123/16|Wyrok|https://www.saos.org.pl/judgments/294879
287466|2017-02-28|SO|I ACa 1438/16|Wyrok|https://www.saos.org.pl/judgments/287466
285195|2017-02-28|SO|I1 C 1357/16|Wyrok|https://www.saos.org.pl/judgments/285195
284172|2017-02-28|SO|XXVII Ca 2576/16|Postanowienie|https://www.saos.org.pl/judgments/284172
282070|2017-02-28|SO|I ACa 1110/16|Wyrok|https://www.saos.org.pl/judgments/282070
277917|2017-02-28|SO|V P 19/14|Wyrok|https://www.saos.org.pl/judgments/277917
277338|2017-02-28|SO|I C 1969/16|Wyrok|https://www.saos.org.pl/judgments/277338
277312|2017-02-28|SO|I C 1575/16|Wyrok|https://www.saos.org.pl/judgments/277312
275988|2017-02-28|SO|I C 277/16|Wyrok|https://www.saos.org.pl/judgments/275988
275522|2017-02-28|SO|II C 494/16|Wyrok|https://www.saos.org.pl/judgments/275522
287200|2017-02-27|SO|II C 1880/14|Uzasadnienie|https://www.saos.org.pl/judgments/287200
287190|2017-02-27|SO|II C 1582/14|Uzasadnienie|https://www.saos.org.pl/judgments/287190
284228|2017-02-27|SO|I C 132/17|Wyrok|https://www.saos.org.pl/judgments/284228
279110|2017-02-27|SO|V Ga 230/16|Uzasadnienie|https://www.saos.org.pl/judgments/279110
278303|2017-02-27|SO|I C 2294/14|Wyrok|https://www.saos.org.pl/judgments/278303
361404|2017-02-24|SO|I C 1520/15|Uzasadnienie|https://www.saos.org.pl/judgments/361404
344460|2017-02-24|SO|I C 3134/16|Wyrok|https://www.saos.org.pl/judgments/344460
313787|2017-02-24|SO|I C 2358/16|Wyrok|https://www.saos.org.pl/judgments/313787
279613|2017-02-24|SO|I C 639/16|Wyrok|https://www.saos.org.pl/judgments/279613
277457|2017-02-24|SO|I Ca 38/17|Wyrok|https://www.saos.org.pl/judgments/277457
273754|2017-02-24|SO|I C 433/16|Wyrok|https://www.saos.org.pl/judgments/273754
364501|2017-02-23|SO|II C 593/16|Wyrok|https://www.saos.org.pl/judgments/364501
363030|2017-02-23|SO|X GC 5/16|Wyrok|https://www.saos.org.pl/judgments/363030
287424|2017-02-23|SO|V Pa 1/17|Wyrok|https://www.saos.org.pl/judgments/287424
279573|2017-02-23|SO|I C 1557/16|Wyrok|https://www.saos.org.pl/judgments/279573
279497|2017-02-23|SO|VI Ga 373/16|Wyrok|https://www.saos.org.pl/judgments/279497
277458|2017-02-23|SO|I Ca 39/17|Wyrok|https://www.saos.org.pl/judgments/277458
276506|2017-02-23|SO|IV Ca 2/17|Postanowienie|https://www.saos.org.pl/judgments/276506
481669|2017-02-22|SO|V ACa 407/16|Wyrok|https://www.saos.org.pl/judgments/481669
282790|2017-02-22|SO|II Ca 811/16|Wyrok|https://www.saos.org.pl/judgments/282790
277761|2017-02-22|SO|III Ca 1528/16|Postanowienie|https://www.saos.org.pl/judgments/277761
275459|2017-02-22|SO|I C 458/14|Wyrok|https://www.saos.org.pl/judgments/275459
274888|2017-02-22|SO|VIII Ga 2/17|Uzasadnienie|https://www.saos.org.pl/judgments/274888
271524|2017-02-22|SO|I C 586/16|Uzasadnienie|https://www.saos.org.pl/judgments/271524
327516|2017-02-21|SO|II Ca 89/17|Wyrok|https://www.saos.org.pl/judgments/327516
283365|2017-02-21|SO|I ACa 1377/16|Wyrok|https://www.saos.org.pl/judgments/283365
277383|2017-02-21|SO|I C 360/15|Wyrok|https://www.saos.org.pl/judgments/277383
273054|2017-02-21|SO|I C 193/17|Wyrok|https://www.saos.org.pl/judgments/273054
341866|2017-02-20|SO|II Ca 58/17|Postanowienie|https://www.saos.org.pl/judgments/341866
341864|2017-02-20|SO|II Ca 51/17|Wyrok|https://www.saos.org.pl/judgments/341864
280539|2017-02-20|SO|I C 1964/14|Wyrok|https://www.saos.org.pl/judgments/280539
280475|2017-02-20|SO|I ACa 725/16|Wyrok|https://www.saos.org.pl/judgments/280475
278544|2017-02-20|SO|VIII C 1089/16|Wyrok|https://www.saos.org.pl/judgments/278544
277336|2017-02-20|SO|I C 1894/13|Wyrok|https://www.saos.org.pl/judgments/277336
276384|2017-02-20|SO|III Ca 1581/16|Uzasadnienie|https://www.saos.org.pl/judgments/276384
276357|2017-02-20|SO|III Ca 1435/16|Uzasadnienie|https://www.saos.org.pl/judgments/276357
307136|2017-02-17|SO|X GC 617/14|Zarządzenie|https://www.saos.org.pl/judgments/307136
306231|2017-02-17|SO|V Ca 1010/16|Wyrok|https://www.saos.org.pl/judgments/306231
303183|2017-02-17|SO|I ACa 639/16|Wyrok|https://www.saos.org.pl/judgments/303183
288413|2017-02-17|SO|II Ca 1141/16|Postanowienie|https://www.saos.org.pl/judgments/288413
277534|2017-02-17|SO|II Ca 506/16|Wyrok|https://www.saos.org.pl/judgments/277534
277509|2017-02-17|SO|II C 1971/16|Uzasadnienie|https://www.saos.org.pl/judgments/277509
276415|2017-02-17|SO|III Ca 1958/16|Uzasadnienie|https://www.saos.org.pl/judgments/276415
276409|2017-02-17|SO|III Ca 1859/16|Uzasadnienie|https://www.saos.org.pl/judgments/276409
272227|2017-02-17|SO|III Ca 1624/16|Uzasadnienie|https://www.saos.org.pl/judgments/272227
502105|2017-02-16|SO|II Ca 63/17|Postanowienie|https://www.saos.org.pl/judgments/502105
306395|2017-02-16|SO|VI ACa 1871/15|Wyrok|https://www.saos.org.pl/judgments/306395
283561|2017-02-16|SO|IX GC 420/16|Wyrok|https://www.saos.org.pl/judgments/283561
280478|2017-02-16|SO|I ACa 846/16|Wyrok|https://www.saos.org.pl/judgments/280478
275798|2017-02-16|SO|I ACa 1026/16|Wyrok|https://www.saos.org.pl/judgments/275798
274871|2017-02-16|SO|VIII C 2315/16|Wyrok|https://www.saos.org.pl/judgments/274871
273052|2017-02-16|SO|I C 16/16|Wyrok|https://www.saos.org.pl/judgments/273052
270827|2017-02-16|SO|I C 303/15|Uzasadnienie|https://www.saos.org.pl/judgments/270827
283747|2017-02-15|SO|I ACa 430/16|Wyrok|https://www.saos.org.pl/judgments/283747
279543|2017-02-15|SO|I ACa 2231/15|Wyrok|https://www.saos.org.pl/judgments/279543
276105|2017-02-15|SO|I Ca 27/17|Wyrok|https://www.saos.org.pl/judgments/276105
275329|2017-02-15|SO|XVIII C 1173/16|Wyrok|https://www.saos.org.pl/judgments/275329
295438|2017-02-14|SO|I C 1171/15|Wyrok|https://www.saos.org.pl/judgments/295438
279561|2017-02-14|SO|I C 1236/16|Uzasadnienie|https://www.saos.org.pl/judgments/279561
275861|2017-02-14|SO|I ACa 880/16|Wyrok|https://www.saos.org.pl/judgments/275861
274724|2017-02-14|SO|VI GC 50/16|Wyrok|https://www.saos.org.pl/judgments/274724
274378|2017-02-14|SO|III Ca 1418/16|Uzasadnienie|https://www.saos.org.pl/judgments/274378
273964|2017-02-14|SO|II C 1210/16|Uzasadnienie|https://www.saos.org.pl/judgments/273964
299721|2017-02-13|SO|I C 1477/16|Wyrok|https://www.saos.org.pl/judgments/299721
277299|2017-02-13|SO|I C 1444/16|Uzasadnienie|https://www.saos.org.pl/judgments/277299
273306|2017-02-13|SO|VIII Pa 83/16|Uzasadnienie|https://www.saos.org.pl/judgments/273306
339218|2017-02-10|SO|I C 623/15|Wyrok|https://www.saos.org.pl/judgments/339218
298889|2017-02-10|SO|I1 C 1213/16|Wyrok|https://www.saos.org.pl/judgments/298889
292193|2017-02-10|SO|X C 2747/16|Zarządzenie|https://www.saos.org.pl/judgments/292193
278755|2017-02-10|SO|I C 1729/16|Uzasadnienie|https://www.saos.org.pl/judgments/278755
278271|2017-02-10|SO|I ACa 1539/15|Wyrok|https://www.saos.org.pl/judgments/278271
274895|2017-02-10|SO|VIII Ga 410/16|Wyrok|https://www.saos.org.pl/judgments/274895
274868|2017-02-10|SO|VIII C 2099/16|Wyrok|https://www.saos.org.pl/judgments/274868
274381|2017-02-10|SO|III Ca 1426/16|Uzasadnienie|https://www.saos.org.pl/judgments/274381
272504|2017-02-10|SO|I C 524/16|Wyrok|https://www.saos.org.pl/judgments/272504
365515|2017-02-09|SO|XXV C 1862/15|Wyrok|https://www.saos.org.pl/judgments/365515
298822|2017-02-09|SO|XV C 465/13|Wyrok|https://www.saos.org.pl/judgments/298822
292430|2017-02-09|SO|I C 344/16|Wyrok|https://www.saos.org.pl/judgments/292430
285927|2017-02-09|SO|VIII C 15/17|Wyrok|https://www.saos.org.pl/judgments/285927
284194|2017-02-09|SO|I ACa 656/16|Wyrok|https://www.saos.org.pl/judgments/284194
278206|2017-02-09|SO|XIV C 1040/14|Wyrok|https://www.saos.org.pl/judgments/278206
277616|2017-02-09|SO|III APa 68/16|Wyrok|https://www.saos.org.pl/judgments/277616
276379|2017-02-09|SO|III Ca 1545/16|Uzasadnienie|https://www.saos.org.pl/judgments/276379
272937|2017-02-09|SO|VI Ga 341/16|Wyrok|https://www.saos.org.pl/judgments/272937
272688|2017-02-09|SO|V ACa 374/16|Wyrok|https://www.saos.org.pl/judgments/272688
289641|2017-02-08|SO|I ACa 2298/15|Wyrok|https://www.saos.org.pl/judgments/289641
277349|2017-02-08|SO|I C 2246/16|Wyrok|https://www.saos.org.pl/judgments/277349
276792|2017-02-08|SO|VIII C 891/16|Wyrok|https://www.saos.org.pl/judgments/276792
276101|2017-02-08|SO|I Ca 11/17|Wyrok|https://www.saos.org.pl/judgments/276101
275889|2017-02-08|SO|I C 1006/15|Wyrok|https://www.saos.org.pl/judgments/275889
271825|2017-02-08|SO|VIII Ga 246/16|Uzasadnienie|https://www.saos.org.pl/judgments/271825
276417|2017-02-07|SO|III Ca 35/17|Uzasadnienie|https://www.saos.org.pl/judgments/276417
274665|2017-02-07|SO|V Pa 37/16|Wyrok|https://www.saos.org.pl/judgments/274665
375048|2017-02-06|SO|XVIII C 3816/16|Wyrok|https://www.saos.org.pl/judgments/375048
319639|2017-02-03|SO|I C 768/16|Wyrok|https://www.saos.org.pl/judgments/319639
273667|2017-02-03|SO|I C 1553/15|Wyrok|https://www.saos.org.pl/judgments/273667
272036|2017-02-03|SO|VIII C 2530/16|Wyrok|https://www.saos.org.pl/judgments/272036
289532|2017-02-02|SO|XI C 1110/16|Wyrok|https://www.saos.org.pl/judgments/289532
278769|2017-02-02|SO|I C 215/16|Wyrok|https://www.saos.org.pl/judgments/278769
275816|2017-02-02|SO|I ACa 1818/16|Wyrok|https://www.saos.org.pl/judgments/275816
273140|2017-02-02|SO|II Ca 819/16|Postanowienie|https://www.saos.org.pl/judgments/273140
292209|2017-02-01|SO|X C 469/16|Zarządzenie|https://www.saos.org.pl/judgments/292209
271971|2017-02-01|SO|I C 275/16|Wyrok|https://www.saos.org.pl/judgments/271971
270413|2017-02-01|SO|VIII Ga 491/16|Zarządzenie|https://www.saos.org.pl/judgments/270413
309703|2017-01-31|SO|II Ca 1008/16|Wyrok|https://www.saos.org.pl/judgments/309703
292518|2017-01-31|SO|V ACa 41/16|Wyrok|https://www.saos.org.pl/judgments/292518
283596|2017-01-31|SO|V Ga 251/16|Uzasadnienie|https://www.saos.org.pl/judgments/283596
274880|2017-01-31|SO|VIII C 2883/16|Wyrok|https://www.saos.org.pl/judgments/274880
274877|2017-01-31|SO|VIII C 2693/16|Wyrok|https://www.saos.org.pl/judgments/274877
274645|2017-01-31|SO|V ACa 369/16|Wyrok|https://www.saos.org.pl/judgments/274645
274409|2017-01-31|SO|III Ca 1823/16|Uzasadnienie|https://www.saos.org.pl/judgments/274409
273013|2017-01-31|SO|XV C 582/16|Wyrok|https://www.saos.org.pl/judgments/273013
271835|2017-01-31|SO|VIII GC 430/16|Wyrok|https://www.saos.org.pl/judgments/271835
271504|2017-01-31|SO|I C 342/16|Wyrok|https://www.saos.org.pl/judgments/271504
269803|2017-01-31|SO|X GC 898/16|Zarządzenie|https://www.saos.org.pl/judgments/269803
268744|2017-01-31|SO|II Ca 940/16|Postanowienie|https://www.saos.org.pl/judgments/268744
306341|2017-01-30|SO|V P 68/15|Wyrok|https://www.saos.org.pl/judgments/306341
278898|2017-01-30|SO|II C 232/16|Wyrok|https://www.saos.org.pl/judgments/278898
269800|2017-01-30|SO|X GC 589/16|Zarządzenie|https://www.saos.org.pl/judgments/269800
305075|2017-01-27|SO|II Ca 1139/16|Postanowienie|https://www.saos.org.pl/judgments/305075
280059|2017-01-27|SO|X Ga 315/16|Wyrok|https://www.saos.org.pl/judgments/280059
274908|2017-01-27|SO|VIII Ga 533/16|Wyrok|https://www.saos.org.pl/judgments/274908
274881|2017-01-27|SO|VIII C 2903/16|Wyrok|https://www.saos.org.pl/judgments/274881
273989|2017-01-27|SO|II C 2246/16|Uzasadnienie|https://www.saos.org.pl/judgments/273989
273816|2017-01-27|SO|I C 781/15|Wyrok|https://www.saos.org.pl/judgments/273816
271170|2017-01-27|SO|VIII C 323/16|Wyrok|https://www.saos.org.pl/judgments/271170
309531|2017-01-26|SO|II Ca 983/16|Wyrok|https://www.saos.org.pl/judgments/309531
296967|2017-01-26|SO|I C 251/16|Wyrok|https://www.saos.org.pl/judgments/296967
285047|2017-01-26|SO|I ACa 1311/16|Wyrok|https://www.saos.org.pl/judgments/285047
274370|2017-01-26|SO|III Ca 1405/16|Wyrok|https://www.saos.org.pl/judgments/274370
273053|2017-01-26|SO|I C 174/16|Wyrok|https://www.saos.org.pl/judgments/273053
273041|2017-01-26|SO|XXI Pa 718/16|Wyrok|https://www.saos.org.pl/judgments/273041
270843|2017-01-26|SO|I C 971/16|Wyrok|https://www.saos.org.pl/judgments/270843
273854|2017-01-25|SO|I Ca 517/16|Wyrok|https://www.saos.org.pl/judgments/273854
272393|2017-01-25|SO|VII C 54/17|Wyrok|https://www.saos.org.pl/judgments/272393
270575|2017-01-25|SO|II Ca 46/17|Wyrok|https://www.saos.org.pl/judgments/270575
292173|2017-01-24|SO|V ACa 272/16|Wyrok|https://www.saos.org.pl/judgments/292173
291762|2017-01-24|SO|XVIII C 98/15|Wyrok|https://www.saos.org.pl/judgments/291762
269892|2017-01-24|SO|I C 399/15|Wyrok|https://www.saos.org.pl/judgments/269892
327185|2017-01-23|SO|II Ca 877/16|Wyrok|https://www.saos.org.pl/judgments/327185
280265|2017-01-23|SO|VIII Pa 66/16|Uzasadnienie|https://www.saos.org.pl/judgments/280265
273079|2017-01-23|SO|I C 337/16|Wyrok|https://www.saos.org.pl/judgments/273079
272127|2017-01-23|SO|I Ns 2105/14|Postanowienie|https://www.saos.org.pl/judgments/272127
271050|2017-01-23|SO|I C 588/16|Wyrok|https://www.saos.org.pl/judgments/271050
318086|2017-01-20|SO|XXVII Ca 3570/16|Wyrok|https://www.saos.org.pl/judgments/318086
299170|2017-01-20|SO|I C 1038/16|Zarządzenie|https://www.saos.org.pl/judgments/299170
275411|2017-01-20|SO|I C 1823/16|Uzasadnienie|https://www.saos.org.pl/judgments/275411
272102|2017-01-20|SO|I C 2190/16|Wyrok|https://www.saos.org.pl/judgments/272102
325146|2017-01-19|SO|II Ca 853/16|Wyrok|https://www.saos.org.pl/judgments/325146
289516|2017-01-19|SO|X C 2092/16|Wyrok|https://www.saos.org.pl/judgments/289516
275496|2017-01-19|SO|I Ca 394/16|Wyrok|https://www.saos.org.pl/judgments/275496
273244|2017-01-19|SO|V Ca 820/16|Wyrok|https://www.saos.org.pl/judgments/273244
287956|2017-01-18|SO|I Ca 344/16|Wyrok|https://www.saos.org.pl/judgments/287956
280633|2017-01-18|SO|I Ca 484/16|Wyrok|https://www.saos.org.pl/judgments/280633
274086|2017-01-18|SO|II Ca 835/16|Wyrok|https://www.saos.org.pl/judgments/274086
273830|2017-01-18|SO|I C 899/16|Wyrok|https://www.saos.org.pl/judgments/273830
273620|2017-01-18|SO|I C 102/15|Uzasadnienie|https://www.saos.org.pl/judgments/273620
272348|2017-01-18|SO|V ACa 999/15|Wyrok|https://www.saos.org.pl/judgments/272348
282401|2017-01-17|SO|VI ACa 1570/15|Wyrok|https://www.saos.org.pl/judgments/282401
364499|2017-01-16|SO|II C 388/16|Wyrok|https://www.saos.org.pl/judgments/364499
295445|2017-01-16|SO|I C 268/16|Wyrok|https://www.saos.org.pl/judgments/295445
278732|2017-01-16|SO|I C 1310/16|Wyrok|https://www.saos.org.pl/judgments/278732
276001|2017-01-16|SO|I C 375/16|Wyrok|https://www.saos.org.pl/judgments/276001
268189|2017-01-16|SO|VIII C 1773/16|Wyrok|https://www.saos.org.pl/judgments/268189
447389|2017-01-13|SO|V ACa 333/16|Wyrok|https://www.saos.org.pl/judgments/447389
307648|2017-01-13|SO|I C 2834/16|Wyrok|https://www.saos.org.pl/judgments/307648
286284|2017-01-13|SO|I C 1928/16|Uzasadnienie|https://www.saos.org.pl/judgments/286284
272342|2017-01-13|SO|V ACa 347/16|Wyrok|https://www.saos.org.pl/judgments/272342
269394|2017-01-13|SO|I ACa 2088/15|Wyrok|https://www.saos.org.pl/judgments/269394
334261|2017-01-12|SO|III Ca 1258/16|Wyrok|https://www.saos.org.pl/judgments/334261
330005|2017-01-12|SO|III C 176/17|Wyrok|https://www.saos.org.pl/judgments/330005
282124|2017-01-12|SO|I ACa 879/16|Wyrok|https://www.saos.org.pl/judgments/282124
280505|2017-01-12|SO|I C 1045/16|Wyrok|https://www.saos.org.pl/judgments/280505
280103|2017-01-12|SO|XXIII Ga 773/16|Wyrok|https://www.saos.org.pl/judgments/280103
273735|2017-01-12|SO|I C 328/16|Wyrok|https://www.saos.org.pl/judgments/273735
271590|2017-01-12|SO|II Ca 1353/16|Postanowienie|https://www.saos.org.pl/judgments/271590
270780|2017-01-12|SO|XVIII C 1064/16|Wyrok|https://www.saos.org.pl/judgments/270780
343845|2017-01-11|SO|I Ns 1139/15|Postanowienie|https://www.saos.org.pl/judgments/343845
312106|2017-01-11|SO|I ACa 1531/16|Wyrok|https://www.saos.org.pl/judgments/312106
273685|2017-01-11|SO|I C 1809/16|Uzasadnienie|https://www.saos.org.pl/judgments/273685
271543|2017-01-11|SO|I Ca 501/16|Uzasadnienie|https://www.saos.org.pl/judgments/271543
269371|2017-01-11|SO|VIII C 2512/16|Wyrok|https://www.saos.org.pl/judgments/269371
268048|2017-01-11|SO|I C 552/15|Wyrok|https://www.saos.org.pl/judgments/268048
267946|2017-01-11|SO|VIII C 2576/16|Wyrok|https://www.saos.org.pl/judgments/267946
267782|2017-01-11|SO|III Ca 1766/16|Uzasadnienie|https://www.saos.org.pl/judgments/267782
327474|2017-01-10|SO|I C 1036/16|Uzasadnienie|https://www.saos.org.pl/judgments/327474
295543|2017-01-10|SO|I C 1154/16|Wyrok|https://www.saos.org.pl/judgments/295543
271980|2017-01-10|SO|I C 930/16|Wyrok|https://www.saos.org.pl/judgments/271980
291746|2017-01-05|SO|XVIII C 184/15|Wyrok|https://www.saos.org.pl/judgments/291746
278897|2017-01-05|SO|II C 211/16|Uzasadnienie|https://www.saos.org.pl/judgments/278897
276320|2017-01-05|SO|III C 1215/15|Wyrok|https://www.saos.org.pl/judgments/276320
310132|2017-01-04|SO|I ACa 1532/16|Wyrok|https://www.saos.org.pl/judgments/310132
309293|2017-01-04|SO|II Ca 836/16|Postanowienie|https://www.saos.org.pl/judgments/309293
278379|2017-01-04|SO|III C 1320/15|Wyrok|https://www.saos.org.pl/judgments/278379
277396|2017-01-04|SO|I C 436/16|Uzasadnienie|https://www.saos.org.pl/judgments/277396
270260|2017-01-04|SO|II C 1138/16|Uzasadnienie|https://www.saos.org.pl/judgments/270260
303038|2017-01-02|SO|I ACa 415/16|Wyrok|https://www.saos.org.pl/judgments/303038
281617|2017-01-02|SO|I C 703/16|Wyrok|https://www.saos.org.pl/judgments/281617
272686|2017-01-02|SO|IX C 339/16|Uzasadnienie|https://www.saos.org.pl/judgments/272686
262296|2017-01-02|SO|VI GC 684/16|Uzasadnienie|https://www.saos.org.pl/judgments/262296
328228|2016-12-30|SO|II Ca 881/16|Wyrok|https://www.saos.org.pl/judgments/328228
328227|2016-12-30|SO|II Ca 874/16|Wyrok|https://www.saos.org.pl/judgments/328227
268045|2016-12-30|SO|I C 419/16|Uzasadnienie|https://www.saos.org.pl/judgments/268045
267351|2016-12-30|SO|III Ca 1326/16|Uzasadnienie|https://www.saos.org.pl/judgments/267351
267067|2016-12-30|SO|II Ca 577/16|Wyrok|https://www.saos.org.pl/judgments/267067
265308|2016-12-30|SO|I C 234/16|Wyrok|https://www.saos.org.pl/judgments/265308
309710|2016-12-29|SO|II Ca 1047/16|Wyrok|https://www.saos.org.pl/judgments/309710
286050|2016-12-29|SO|X GC 621/16|Uzasadnienie|https://www.saos.org.pl/judgments/286050
278814|2016-12-29|SO|I C 414/16|Wyrok|https://www.saos.org.pl/judgments/278814
275846|2016-12-29|SO|I ACa 804/16|Wyrok|https://www.saos.org.pl/judgments/275846
273112|2016-12-29|SO|I Ns 275/16|Postanowienie|https://www.saos.org.pl/judgments/273112
271016|2016-12-29|SO|I ACa 592/16|Wyrok|https://www.saos.org.pl/judgments/271016
268250|2016-12-29|SO|XII C 327/16|Wyrok|https://www.saos.org.pl/judgments/268250
267740|2016-12-29|SO|III Ca 1421/16|Uzasadnienie|https://www.saos.org.pl/judgments/267740
261584|2016-12-29|SO|VI GC 824/16|Zarządzenie|https://www.saos.org.pl/judgments/261584
282765|2016-12-28|SO|II Ca 416/16|Wyrok|https://www.saos.org.pl/judgments/282765
273064|2016-12-28|SO|I C 2190/16|Wyrok|https://www.saos.org.pl/judgments/273064
273051|2016-12-28|SO|I C 1550/16|Wyrok|https://www.saos.org.pl/judgments/273051
269921|2016-12-28|SO|I Ca 479/16|Uzasadnienie|https://www.saos.org.pl/judgments/269921
268958|2016-12-28|SO|I C 575/16|Wyrok|https://www.saos.org.pl/judgments/268958
266376|2016-12-28|SO|VIII C 532/16|Wyrok|https://www.saos.org.pl/judgments/266376
278914|2016-12-27|SO|II Ca 2118/16|Wyrok|https://www.saos.org.pl/judgments/278914
268939|2016-12-23|SO|I C 152/16|Wyrok|https://www.saos.org.pl/judgments/268939
307611|2016-12-22|SO|XXVII Ca 2001/16|Wyrok|https://www.saos.org.pl/judgments/307611
271229|2016-12-22|SO|XXV C 166/15|Wyrok|https://www.saos.org.pl/judgments/271229
270147|2016-12-22|SO|XVIII C 720/15|Wyrok|https://www.saos.org.pl/judgments/270147
268435|2016-12-22|SO|XII C 1880/16|Wyrok|https://www.saos.org.pl/judgments/268435
263235|2016-12-22|SO|VIII GC 544/15|Wyrok|https://www.saos.org.pl/judgments/263235
261958|2016-12-22|SO|I C 461/15|Wyrok|https://www.saos.org.pl/judgments/261958
259740|2016-12-22|SO|VIII C 379/16|Wyrok|https://www.saos.org.pl/judgments/259740
341258|2016-12-21|SO|X GC 446/15|Wyrok|https://www.saos.org.pl/judgments/341258
334260|2016-12-21|SO|III Ca 1075/16|Postanowienie|https://www.saos.org.pl/judgments/334260
279350|2016-12-21|SO|I C 946/16|Wyrok|https://www.saos.org.pl/judgments/279350
277266|2016-12-21|SO|I ACa 913/16|Wyrok|https://www.saos.org.pl/judgments/277266
275416|2016-12-21|SO|I C 1826/16|Uzasadnienie|https://www.saos.org.pl/judgments/275416
272199|2016-12-21|SO|III Ca 1235/16|Uzasadnienie|https://www.saos.org.pl/judgments/272199
267537|2016-12-21|SO|XVI Ns 1104/15|Postanowienie|https://www.saos.org.pl/judgments/267537
267038|2016-12-21|SO|II Ca 1033/16|Wyrok|https://www.saos.org.pl/judgments/267038
265370|2016-12-21|SO|I Ca 473/16|Uzasadnienie|https://www.saos.org.pl/judgments/265370
265296|2016-12-21|SO|I C 168/16|Wyrok|https://www.saos.org.pl/judgments/265296
263971|2016-12-21|SO|VIII C 2992/15|Wyrok|https://www.saos.org.pl/judgments/263971
400196|2016-12-20|SO|I Ns 4/15|Postanowienie|https://www.saos.org.pl/judgments/400196
305094|2016-12-20|SO|II Ca 1210/16|Wyrok|https://www.saos.org.pl/judgments/305094
304836|2016-12-20|SO|I C 883/16|Wyrok|https://www.saos.org.pl/judgments/304836
304472|2016-12-20|SO|I C 1190/16|Wyrok|https://www.saos.org.pl/judgments/304472
296332|2016-12-20|SO|VI GC 545/16|Wyrok|https://www.saos.org.pl/judgments/296332
277235|2016-12-20|SO|I ACa 1171/16|Wyrok|https://www.saos.org.pl/judgments/277235
273495|2016-12-20|SO|I ACa 271/16|Wyrok|https://www.saos.org.pl/judgments/273495
267079|2016-12-20|SO|II Ca 675/16|Wyrok|https://www.saos.org.pl/judgments/267079
266431|2016-12-20|SO|I C 2798/15|Wyrok|https://www.saos.org.pl/judgments/266431
448014|2016-12-19|SO|I C 565/16|Zarządzenie|https://www.saos.org.pl/judgments/448014
340634|2016-12-19|SO|I C 1686/14|Zarządzenie|https://www.saos.org.pl/judgments/340634
299735|2016-12-19|SO|I C 2948/15|Wyrok|https://www.saos.org.pl/judgments/299735
297698|2016-12-19|SO|I C 692/16|Wyrok|https://www.saos.org.pl/judgments/297698
281832|2016-12-19|SO|IX C 617/15|Wyrok|https://www.saos.org.pl/judgments/281832
270311|2016-12-19|SO|II Ca 2176/16|Wyrok|https://www.saos.org.pl/judgments/270311
266470|2016-12-19|SO|II Ca 1179/16|Wyrok|https://www.saos.org.pl/judgments/266470
262372|2016-12-19|SO|I C 1270/16|Wyrok|https://www.saos.org.pl/judgments/262372
281087|2016-12-16|SO|VI ACa 1464/15|Wyrok|https://www.saos.org.pl/judgments/281087
277454|2016-12-16|SO|I Ca 280/16|Wyrok|https://www.saos.org.pl/judgments/277454
270650|2016-12-16|SO|III C 981/15|Wyrok|https://www.saos.org.pl/judgments/270650
265924|2016-12-16|SO|I C 918/16|Wyrok|https://www.saos.org.pl/judgments/265924
327172|2016-12-15|SO|II Ca 440/16|Wyrok|https://www.saos.org.pl/judgments/327172
299413|2016-12-15|SO|VI ACa 1292/15|Wyrok|https://www.saos.org.pl/judgments/299413
267948|2016-12-15|SO|VIII Ga 185/16|Uzasadnienie|https://www.saos.org.pl/judgments/267948
266295|2016-12-15|SO|IV Ca 621/16|Wyrok|https://www.saos.org.pl/judgments/266295
266293|2016-12-15|SO|IV Ca 574/16|Postanowienie|https://www.saos.org.pl/judgments/266293
263788|2016-12-15|SO|I C 1249/16|Wyrok|https://www.saos.org.pl/judgments/263788
263333|2016-12-15|SO|I C 733/16|Wyrok|https://www.saos.org.pl/judgments/263333
263329|2016-12-15|SO|I C 578/16|Wyrok|https://www.saos.org.pl/judgments/263329
261432|2016-12-15|SO|III Ca 1277/16|Uzasadnienie|https://www.saos.org.pl/judgments/261432
269709|2016-12-14|SO|III C 611/16|Wyrok|https://www.saos.org.pl/judgments/269709
267081|2016-12-14|SO|II Ca 733/16|Postanowienie|https://www.saos.org.pl/judgments/267081
265740|2016-12-14|SO|VIII C 1613/16|Wyrok|https://www.saos.org.pl/judgments/265740
259643|2016-12-14|SO|I C 883/16|Wyrok|https://www.saos.org.pl/judgments/259643
414837|2016-12-13|SO|V GC 423/16|Wyrok|https://www.saos.org.pl/judgments/414837
309023|2016-12-13|SO|II Ca 749/16|Wyrok|https://www.saos.org.pl/judgments/309023
271592|2016-12-13|SO|II Ca 1426/16|Wyrok|https://www.saos.org.pl/judgments/271592
269707|2016-12-13|SO|III C 372/16|Wyrok|https://www.saos.org.pl/judgments/269707
268583|2016-12-13|SO|III Ca 1544/16|Wyrok|https://www.saos.org.pl/judgments/268583
267607|2016-12-13|SO|I ACa 717/16|Wyrok|https://www.saos.org.pl/judgments/267607
263970|2016-12-13|SO|VIII C 2267/16|Wyrok|https://www.saos.org.pl/judgments/263970
262115|2016-12-13|SO|XVI C 1741/16|Uzasadnienie|https://www.saos.org.pl/judgments/262115
261160|2016-12-13|SO|VI Ca 884/16|Wyrok|https://www.saos.org.pl/judgments/261160
260476|2016-12-13|SO|III Ca 1213/16|Uzasadnienie|https://www.saos.org.pl/judgments/260476
260470|2016-12-13|SO|III Ca 1169/16|Uzasadnienie|https://www.saos.org.pl/judgments/260470
298411|2016-12-12|SO|I C 1411/16|Wyrok|https://www.saos.org.pl/judgments/298411
296083|2016-12-12|SO|I ACa 263/16|Wyrok|https://www.saos.org.pl/judgments/296083
284162|2016-12-12|SO|XVIII C 52/15|Wyrok|https://www.saos.org.pl/judgments/284162
277860|2016-12-12|SO|IX GC 2508/16|Zarządzenie|https://www.saos.org.pl/judgments/277860
262246|2016-12-12|SO|III Ca 1373/16|Uzasadnienie|https://www.saos.org.pl/judgments/262246
262072|2016-12-12|SO|VIII C 3086/15|Wyrok|https://www.saos.org.pl/judgments/262072
261248|2016-12-12|SO|I C 140/16|Wyrok|https://www.saos.org.pl/judgments/261248
355863|2016-12-09|SO|II C 878/15|Wyrok|https://www.saos.org.pl/judgments/355863
309019|2016-12-09|SO|II Ca 735/16|Wyrok|https://www.saos.org.pl/judgments/309019
282182|2016-12-09|SO|I Ca 266/16|Wyrok|https://www.saos.org.pl/judgments/282182
275442|2016-12-09|SO|I C 323/16|Uzasadnienie|https://www.saos.org.pl/judgments/275442
268673|2016-12-09|SO|VIII Ga 255/16|Wyrok|https://www.saos.org.pl/judgments/268673
267308|2016-12-09|SO|I C 5/15|Wyrok|https://www.saos.org.pl/judgments/267308
265264|2016-12-09|SO|I ACa 588/16|Wyrok|https://www.saos.org.pl/judgments/265264
289514|2016-12-08|SO|X C 1231/16|Wyrok|https://www.saos.org.pl/judgments/289514
269136|2016-12-08|SO|I C 1879/16|Wyrok|https://www.saos.org.pl/judgments/269136
268499|2016-12-08|SO|I C 95/16|Wyrok|https://www.saos.org.pl/judgments/268499
261439|2016-12-08|SO|III Ca 1299/16|Uzasadnienie|https://www.saos.org.pl/judgments/261439
260707|2016-12-08|SO|I C 1778/16|Wyrok|https://www.saos.org.pl/judgments/260707
375045|2016-12-07|SO|XVIII C 3428/16|Wyrok|https://www.saos.org.pl/judgments/375045
276091|2016-12-07|SO|I C 904/15|Uzasadnienie|https://www.saos.org.pl/judgments/276091
273835|2016-12-07|SO|I C 937/16|Zarządzenie|https://www.saos.org.pl/judgments/273835
267005|2016-12-07|SO|I C 483/16|Wyrok|https://www.saos.org.pl/judgments/267005
265261|2016-12-07|SO|I ACa 546/16|Wyrok|https://www.saos.org.pl/judgments/265261
261566|2016-12-07|SO|VI GC 358/15|Wyrok|https://www.saos.org.pl/judgments/261566
259668|2016-12-07|SO|IV Ca 725/16|Wyrok|https://www.saos.org.pl/judgments/259668
339210|2016-12-06|SO|I C 324/16|Wyrok|https://www.saos.org.pl/judgments/339210
313736|2016-12-06|SO|I ACa 1469/16|Wyrok|https://www.saos.org.pl/judgments/313736
269580|2016-12-06|SO|XI GC 656/16|Wyrok|https://www.saos.org.pl/judgments/269580
269392|2016-12-06|SO|I ACa 19/15|Wyrok|https://www.saos.org.pl/judgments/269392
268004|2016-12-06|SO|I Ca 372/16|Wyrok|https://www.saos.org.pl/judgments/268004
261559|2016-12-06|SO|VI GC 259/13|Wyrok|https://www.saos.org.pl/judgments/261559
261401|2016-12-06|SO|III Ca 1094/16|Uzasadnienie|https://www.saos.org.pl/judgments/261401
261203|2016-12-06|SO|XI GC 468/15|Wyrok|https://www.saos.org.pl/judgments/261203
260165|2016-12-06|SO|III Ca 1136/16|Uzasadnienie|https://www.saos.org.pl/judgments/260165
298025|2016-12-05|SO|I C 1309/15|Wyrok|https://www.saos.org.pl/judgments/298025
267338|2016-12-05|SO|II Ca 841/16|Postanowienie|https://www.saos.org.pl/judgments/267338
267007|2016-12-05|SO|I C 672/16|Wyrok|https://www.saos.org.pl/judgments/267007
261301|2016-12-05|SO|I C 944/16|Wyrok|https://www.saos.org.pl/judgments/261301
260716|2016-12-05|SO|I C 2173/16|Wyrok|https://www.saos.org.pl/judgments/260716
260233|2016-12-05|SO|IX P 374/15|Zarządzenie|https://www.saos.org.pl/judgments/260233
330274|2016-12-02|SO|III C 403/14|Wyrok|https://www.saos.org.pl/judgments/330274
303142|2016-12-02|SO|V U 79/15|Wyrok|https://www.saos.org.pl/judgments/303142
261516|2016-12-02|SO|V ACa 690/15|Wyrok|https://www.saos.org.pl/judgments/261516
257837|2016-12-02|SO|VIII Gz 212/16|Postanowienie|https://www.saos.org.pl/judgments/257837
330515|2016-12-01|SO|II Ca 762/16|Wyrok|https://www.saos.org.pl/judgments/330515
284217|2016-12-01|SO|I C 1117/16|Wyrok|https://www.saos.org.pl/judgments/284217
273895|2016-12-01|SO|I1 C 838/16|Wyrok|https://www.saos.org.pl/judgments/273895
272338|2016-12-01|SO|V ACa 189/16|Wyrok|https://www.saos.org.pl/judgments/272338
271461|2016-12-01|SO|I C 1171/16|Wyrok|https://www.saos.org.pl/judgments/271461
268014|2016-12-01|SO|I C 1030/16|Wyrok|https://www.saos.org.pl/judgments/268014
261647|2016-12-01|SO|XIV C 72/15|Wyrok|https://www.saos.org.pl/judgments/261647
261204|2016-12-01|SO|XI GC 772/16|Zarządzenie|https://www.saos.org.pl/judgments/261204
259123|2016-12-01|SO|V ACa 189/16|Wyrok|https://www.saos.org.pl/judgments/259123
308113|2016-11-30|SO|II Ca 599/16|Wyrok|https://www.saos.org.pl/judgments/308113
306236|2016-11-30|SO|V Ca 266/16|Wyrok|https://www.saos.org.pl/judgments/306236
292636|2016-11-30|SO|I C 1186/16|Uzasadnienie|https://www.saos.org.pl/judgments/292636
279914|2016-11-30|SO|V ACa 661/16|Wyrok|https://www.saos.org.pl/judgments/279914
276493|2016-11-30|SO|IV C 46/16|Wyrok|https://www.saos.org.pl/judgments/276493
271541|2016-11-30|SO|I C 969/16|Wyrok|https://www.saos.org.pl/judgments/271541
269843|2016-11-30|SO|I ACa 644/16|Wyrok|https://www.saos.org.pl/judgments/269843
268010|2016-11-30|SO|I ACa 452/16|Wyrok|https://www.saos.org.pl/judgments/268010
267055|2016-11-30|SO|II Ca 500/16|Postanowienie|https://www.saos.org.pl/judgments/267055
265367|2016-11-30|SO|I Ca 343/16|Postanowienie|https://www.saos.org.pl/judgments/265367
265289|2016-11-30|SO|I C 134/16|Wyrok|https://www.saos.org.pl/judgments/265289
262182|2016-11-30|SO|I Ca 414/16|Wyrok|https://www.saos.org.pl/judgments/262182
261291|2016-11-30|SO|I C 745/14|Wyrok|https://www.saos.org.pl/judgments/261291
260377|2016-11-30|SO|I ACa 566/16|Wyrok|https://www.saos.org.pl/judgments/260377
260188|2016-11-30|SO|III Ca 1386/16|Uzasadnienie|https://www.saos.org.pl/judgments/260188
259823|2016-11-30|SO|II Ca 822/16|Wyrok|https://www.saos.org.pl/judgments/259823
258354|2016-11-30|SO|XIV C 35/15|Wyrok|https://www.saos.org.pl/judgments/258354
257486|2016-11-30|SO|III Ca 1416/16|Uzasadnienie|https://www.saos.org.pl/judgments/257486
270811|2016-11-29|SO|I C 1493/16|Wyrok|https://www.saos.org.pl/judgments/270811
269602|2016-11-29|SO|I C 1056/16|Wyrok|https://www.saos.org.pl/judgments/269602
267569|2016-11-29|SO|I ACa 452/16|Wyrok|https://www.saos.org.pl/judgments/267569
261648|2016-11-29|SO|XIV C 732/16|Wyrok|https://www.saos.org.pl/judgments/261648
260101|2016-11-29|SO|I C 90/16|Wyrok|https://www.saos.org.pl/judgments/260101
263013|2016-11-28|SO|I ACa 894/16|Wyrok|https://www.saos.org.pl/judgments/263013
256318|2016-11-28|SO|III Ca 1642/16|Uzasadnienie|https://www.saos.org.pl/judgments/256318
275938|2016-11-25|SO|I C 146/16|Wyrok|https://www.saos.org.pl/judgments/275938
270392|2016-11-25|SO|VIII Ga 311/16|Wyrok|https://www.saos.org.pl/judgments/270392
269486|2016-11-25|SO|III C 300/16|Wyrok|https://www.saos.org.pl/judgments/269486
269191|2016-11-25|SO|II C 1722/15|Uzasadnienie|https://www.saos.org.pl/judgments/269191
263644|2016-11-25|SO|IV Ca 766/16|Wyrok|https://www.saos.org.pl/judgments/263644
259735|2016-11-25|SO|VIII C 1347/16|Wyrok|https://www.saos.org.pl/judgments/259735
257131|2016-11-25|SO|I C 782/16|Wyrok|https://www.saos.org.pl/judgments/257131
307129|2016-11-24|SO|X GC 54/16|Zarządzenie|https://www.saos.org.pl/judgments/307129
291731|2016-11-24|SO|XVIII C 101/15|Wyrok|https://www.saos.org.pl/judgments/291731
287065|2016-11-24|SO|XII Ga 810/16|Wyrok|https://www.saos.org.pl/judgments/287065
281333|2016-11-24|SO|X C 2261/16|Wyrok|https://www.saos.org.pl/judgments/281333
269629|2016-11-24|SO|I C 409/16|Wyrok|https://www.saos.org.pl/judgments/269629
267056|2016-11-24|SO|II Ca 501/16|Postanowienie|https://www.saos.org.pl/judgments/267056
265525|2016-11-24|SO|III Ca 1029/16|Wyrok|https://www.saos.org.pl/judgments/265525
273840|2016-11-23|SO|I C 968/16|Zarządzenie|https://www.saos.org.pl/judgments/273840
272081|2016-11-23|SO|I ACa 620/16|Wyrok|https://www.saos.org.pl/judgments/272081
272060|2016-11-23|SO|XV C 511/16|Wyrok|https://www.saos.org.pl/judgments/272060
267646|2016-11-23|SO|I C 570/16|Wyrok|https://www.saos.org.pl/judgments/267646
266981|2016-11-23|SO|I ACa 1876/15|Wyrok|https://www.saos.org.pl/judgments/266981
260671|2016-11-23|SO|I ACa 438/16|Wyrok|https://www.saos.org.pl/judgments/260671
437189|2016-11-22|SO|I Ns 320/13|Zarządzenie|https://www.saos.org.pl/judgments/437189
357849|2016-11-22|SO|I Ns 161/16|Postanowienie|https://www.saos.org.pl/judgments/357849
321586|2016-11-22|SO|I C 936/16|Uzasadnienie|https://www.saos.org.pl/judgments/321586
308098|2016-11-22|SO|II Ca 542/16|Wyrok|https://www.saos.org.pl/judgments/308098
273570|2016-11-22|SO|I ACa 848/16|Wyrok|https://www.saos.org.pl/judgments/273570
270785|2016-11-22|SO|XVIII C 747/16|Wyrok|https://www.saos.org.pl/judgments/270785
265292|2016-11-22|SO|I C 1411/16|Wyrok|https://www.saos.org.pl/judgments/265292
362461|2016-11-21|SO|II Ca 624/16|Wyrok|https://www.saos.org.pl/judgments/362461
261272|2016-11-21|SO|I C 397/16|Wyrok|https://www.saos.org.pl/judgments/261272
290932|2016-11-18|SO|XV Ca 755/16|Postanowienie|https://www.saos.org.pl/judgments/290932
266210|2016-11-18|SO|I C 1456/16|Uzasadnienie|https://www.saos.org.pl/judgments/266210
258717|2016-11-18|SO|I C 2396/15|Wyrok|https://www.saos.org.pl/judgments/258717
308749|2016-11-17|SO|II Ca 658/16|Wyrok|https://www.saos.org.pl/judgments/308749
299165|2016-11-17|SO|I ACa 1775/15|Wyrok|https://www.saos.org.pl/judgments/299165
270668|2016-11-17|SO|IV P 207/16|Wyrok|https://www.saos.org.pl/judgments/270668
268377|2016-11-17|SO|IV Ca 145/16|Wyrok|https://www.saos.org.pl/judgments/268377
259302|2016-11-17|SO|X GC 739/16|Wyrok|https://www.saos.org.pl/judgments/259302
257144|2016-11-17|SO|I C 97/16|Wyrok|https://www.saos.org.pl/judgments/257144
298425|2016-11-16|SO|I C 2261/16|Wyrok|https://www.saos.org.pl/judgments/298425
273042|2016-11-16|SO|I ACa 620/16|Wyrok|https://www.saos.org.pl/judgments/273042
267318|2016-11-16|SO|I C 878/16|Wyrok|https://www.saos.org.pl/judgments/267318
263285|2016-11-16|SO|I ACa 439/16|Wyrok|https://www.saos.org.pl/judgments/263285
261746|2016-11-16|SO|I Ca 337/16|Postanowienie|https://www.saos.org.pl/judgments/261746
260089|2016-11-16|SO|I C 547/16|Wyrok|https://www.saos.org.pl/judgments/260089
258887|2016-11-16|SO|II C 622/16|Uzasadnienie|https://www.saos.org.pl/judgments/258887
313728|2016-11-15|SO|XIII GC 1102/16|Wyrok|https://www.saos.org.pl/judgments/313728
271413|2016-11-15|SO|VI ACa 1339/15|Wyrok|https://www.saos.org.pl/judgments/271413
258318|2016-11-15|SO|VIII C 540/16|Wyrok|https://www.saos.org.pl/judgments/258318
257117|2016-11-15|SO|I C 679/14|Wyrok|https://www.saos.org.pl/judgments/257117
277195|2016-11-14|SO|XXV C 341/13|Wyrok|https://www.saos.org.pl/judgments/277195
269416|2016-11-14|SO|I C 483/16|Wyrok|https://www.saos.org.pl/judgments/269416
256816|2016-11-14|SO|II C 1516/15|Uzasadnienie|https://www.saos.org.pl/judgments/256816
255784|2016-11-12|SO|I C 2631/16|Zarządzenie|https://www.saos.org.pl/judgments/255784
267053|2016-11-10|SO|II Ca 482/16|Wyrok|https://www.saos.org.pl/judgments/267053
265546|2016-11-10|SO|III Ca 509/16|Wyrok|https://www.saos.org.pl/judgments/265546
265528|2016-11-10|SO|III Ca 1061/16|Postanowienie|https://www.saos.org.pl/judgments/265528
260828|2016-11-10|SO|III Ca 1065/16|Postanowienie|https://www.saos.org.pl/judgments/260828
258028|2016-11-10|SO|I ACa 512/16|Wyrok|https://www.saos.org.pl/judgments/258028
257453|2016-11-10|SO|III C 529/15|Wyrok|https://www.saos.org.pl/judgments/257453
256904|2016-11-10|SO|VIII Ga 218/16|Wyrok|https://www.saos.org.pl/judgments/256904
308103|2016-11-09|SO|II Ca 552/16|Wyrok|https://www.saos.org.pl/judgments/308103
285060|2016-11-09|SO|I ACa 1819/15|Wyrok|https://www.saos.org.pl/judgments/285060
280137|2016-11-09|SO|I C 291/16|Uzasadnienie|https://www.saos.org.pl/judgments/280137
273659|2016-11-09|SO|I C 1441/16|Wyrok|https://www.saos.org.pl/judgments/273659
262686|2016-11-09|SO|I ACa 420/16|Wyrok|https://www.saos.org.pl/judgments/262686
261750|2016-11-09|SO|I Ca 435/16|Wyrok|https://www.saos.org.pl/judgments/261750
260038|2016-11-09|SO|I ACa 1100/15|Wyrok|https://www.saos.org.pl/judgments/260038
258757|2016-11-09|SO|I C 744/16|Wyrok|https://www.saos.org.pl/judgments/258757
257875|2016-11-09|SO|X C 1980/15|Wyrok|https://www.saos.org.pl/judgments/257875
257874|2016-11-09|SO|X C 1306/16|Wyrok|https://www.saos.org.pl/judgments/257874
257014|2016-11-09|SO|I C 1534/16|Wyrok|https://www.saos.org.pl/judgments/257014
256984|2016-11-09|SO|I C 1158/16|Wyrok|https://www.saos.org.pl/judgments/256984
256361|2016-11-09|SO|VI Ca 793/16|Postanowienie|https://www.saos.org.pl/judgments/256361
256048|2016-11-09|SO|I Ca 422/16|Postanowienie|https://www.saos.org.pl/judgments/256048
497092|2016-11-08|SO|I C 251/14|Wyrok|https://www.saos.org.pl/judgments/497092
296488|2016-11-08|SO|I ACa 304/16|Wyrok|https://www.saos.org.pl/judgments/296488
270740|2016-11-08|SO|XI C 1979/15|Wyrok|https://www.saos.org.pl/judgments/270740
269893|2016-11-08|SO|I C 411/16|Wyrok|https://www.saos.org.pl/judgments/269893
268916|2016-11-08|SO|XVIII C 901/16|Wyrok|https://www.saos.org.pl/judgments/268916
260084|2016-11-08|SO|I C 405/16|Wyrok|https://www.saos.org.pl/judgments/260084
258013|2016-11-08|SO|I ACa 236/16|Wyrok|https://www.saos.org.pl/judgments/258013
256775|2016-11-08|SO|I C 299/16|Wyrok|https://www.saos.org.pl/judgments/256775
283586|2016-11-07|SO|V Ga 197/16|Uzasadnienie|https://www.saos.org.pl/judgments/283586
261241|2016-11-07|SO|I C 1066/15|Wyrok|https://www.saos.org.pl/judgments/261241
308094|2016-11-04|SO|II Ca 526/16|Wyrok|https://www.saos.org.pl/judgments/308094
268355|2016-11-04|SO|III C 1122/16|Wyrok|https://www.saos.org.pl/judgments/268355
268315|2016-11-04|SO|I C 597/15|Uzasadnienie|https://www.saos.org.pl/judgments/268315
267083|2016-11-04|SO|II Ca 976/16|Postanowienie|https://www.saos.org.pl/judgments/267083
261545|2016-11-04|SO|VI ACa 826/15|Wyrok|https://www.saos.org.pl/judgments/261545
325904|2016-11-03|SO|II Ca 600/16|Wyrok|https://www.saos.org.pl/judgments/325904
270824|2016-11-03|SO|I C 283/16|Wyrok|https://www.saos.org.pl/judgments/270824
267050|2016-11-03|SO|II Ca 469/16|Wyrok|https://www.saos.org.pl/judgments/267050
263824|2016-11-03|SO|I C 800/15|Uzasadnienie|https://www.saos.org.pl/judgments/263824
263173|2016-11-03|SO|IX GC 609/14|Wyrok|https://www.saos.org.pl/judgments/263173
259611|2016-11-03|SO|I ACa 1752/15|Wyrok|https://www.saos.org.pl/judgments/259611
258014|2016-11-03|SO|I ACa 247/16|Wyrok|https://www.saos.org.pl/judgments/258014
257039|2016-11-03|SO|I C 2189/16|Wyrok|https://www.saos.org.pl/judgments/257039
256961|2016-11-03|SO|I ACa 774/16|Wyrok|https://www.saos.org.pl/judgments/256961
256393|2016-11-03|SO|VIII C 110/16|Wyrok|https://www.saos.org.pl/judgments/256393
270162|2016-11-02|SO|I ACa 465/16|Wyrok|https://www.saos.org.pl/judgments/270162
263597|2016-11-02|SO|I C 859/16|Wyrok|https://www.saos.org.pl/judgments/263597
261230|2016-11-02|SO|I ACa 1725/15|Wyrok|https://www.saos.org.pl/judgments/261230
260795|2016-11-02|SO|II Ca 662/15|Postanowienie|https://www.saos.org.pl/judgments/260795
328224|2016-10-31|SO|II Ca 722/16|Wyrok|https://www.saos.org.pl/judgments/328224
327386|2016-10-31|SO|II Ca 665/16|Wyrok|https://www.saos.org.pl/judgments/327386
261359|2016-10-31|SO|II Cz 773/16|Postanowienie|https://www.saos.org.pl/judgments/261359
256825|2016-10-31|SO|II Ca 906/16|Uzasadnienie|https://www.saos.org.pl/judgments/256825
295538|2016-10-28|SO|I ACa 718/16|Wyrok|https://www.saos.org.pl/judgments/295538
261951|2016-10-28|SO|I C 306/16|Wyrok|https://www.saos.org.pl/judgments/261951
258111|2016-10-28|SO|II C 147/13|Uzasadnienie|https://www.saos.org.pl/judgments/258111
256184|2016-10-28|SO|I C 417/16|Wyrok|https://www.saos.org.pl/judgments/256184
253430|2016-10-28|SO|XVI C 1086/16|Uzasadnienie|https://www.saos.org.pl/judgments/253430
499451|2016-10-27|SO|I C 83/16|Wyrok|https://www.saos.org.pl/judgments/499451
269322|2016-10-27|SO|VI ACa 956/15|Wyrok|https://www.saos.org.pl/judgments/269322
262697|2016-10-27|SO|I C 1605/16|Wyrok|https://www.saos.org.pl/judgments/262697
261397|2016-10-27|SO|III C 663/16|Wyrok|https://www.saos.org.pl/judgments/261397
259772|2016-10-27|SO|I ACa 559/16|Wyrok|https://www.saos.org.pl/judgments/259772
256608|2016-10-27|SO|II Ca 985/16|Postanowienie|https://www.saos.org.pl/judgments/256608
253862|2016-10-27|SO|I C 357/16|Wyrok|https://www.saos.org.pl/judgments/253862
265556|2016-10-26|SO|III Ca 888/16|Wyrok|https://www.saos.org.pl/judgments/265556
261246|2016-10-26|SO|I C 129/15|Wyrok|https://www.saos.org.pl/judgments/261246
260053|2016-10-26|SO|I ACa 629/16|Wyrok|https://www.saos.org.pl/judgments/260053
259409|2016-10-26|SO|XXV C 537/16|Wyrok|https://www.saos.org.pl/judgments/259409
258125|2016-10-26|SO|II Ca 908/16|Wyrok|https://www.saos.org.pl/judgments/258125
257820|2016-10-26|SO|VIII GC 351/15|Wyrok|https://www.saos.org.pl/judgments/257820
256760|2016-10-26|SO|I ACa 464/16|Wyrok|https://www.saos.org.pl/judgments/256760
256409|2016-10-26|SO|VIII GC 247/16|Zarządzenie|https://www.saos.org.pl/judgments/256409
255123|2016-10-26|SO|I C 854/16|Zarządzenie|https://www.saos.org.pl/judgments/255123
528773|2016-10-25|SO|I ACa 463/16|Wyrok|https://www.saos.org.pl/judgments/528773
421258|2016-10-25|SO|III APa 7/16|Wyrok|https://www.saos.org.pl/judgments/421258
271264|2016-10-25|SO|I C 684/15|Wyrok|https://www.saos.org.pl/judgments/271264
269638|2016-10-25|SO|I C 624/16|Wyrok|https://www.saos.org.pl/judgments/269638
263337|2016-10-25|SO|I C 851/16|Wyrok|https://www.saos.org.pl/judgments/263337
262366|2016-10-25|SO|I ACa 795/16|Wyrok|https://www.saos.org.pl/judgments/262366
260419|2016-10-25|SO|I C 625/16|Wyrok|https://www.saos.org.pl/judgments/260419
257444|2016-10-25|SO|III C 1569/15|Wyrok|https://www.saos.org.pl/judgments/257444
255345|2016-10-25|SO|I C 321/14|Wyrok|https://www.saos.org.pl/judgments/255345
306434|2016-10-24|SO|VI GC 34/16|Wyrok|https://www.saos.org.pl/judgments/306434
268028|2016-10-24|SO|I C 189/16|Wyrok|https://www.saos.org.pl/judgments/268028
255786|2016-10-24|SO|I C 342/16|Wyrok|https://www.saos.org.pl/judgments/255786
254218|2016-10-24|SO|II Ka 341/16|Wyrok|https://www.saos.org.pl/judgments/254218
253678|2016-10-24|SO|VIII Pa 64/16|Uzasadnienie|https://www.saos.org.pl/judgments/253678
299199|2016-10-21|SO|I1 C 992/16|Wyrok|https://www.saos.org.pl/judgments/299199
273796|2016-10-21|SO|I C 651/16|Uzasadnienie|https://www.saos.org.pl/judgments/273796
265253|2016-10-21|SO|I ACa 1612/15|Wyrok|https://www.saos.org.pl/judgments/265253
263276|2016-10-21|SO|VI ACa 1467/16|Wyrok|https://www.saos.org.pl/judgments/263276
259105|2016-10-21|SO|IX GC 1153/15|Wyrok|https://www.saos.org.pl/judgments/259105
251978|2016-10-21|SO|IX GC 730/16|Wyrok|https://www.saos.org.pl/judgments/251978
292874|2016-10-20|SO|XII C 141/16|Wyrok|https://www.saos.org.pl/judgments/292874
269391|2016-10-20|SO|I ACa 1746/15|Wyrok|https://www.saos.org.pl/judgments/269391
267272|2016-10-20|SO|I ACa 1732/15|Wyrok|https://www.saos.org.pl/judgments/267272
266662|2016-10-20|SO|XV C 85/14|Wyrok|https://www.saos.org.pl/judgments/266662
263641|2016-10-20|SO|IV Ca 2061/15|Postanowienie|https://www.saos.org.pl/judgments/263641
259443|2016-10-20|SO|I C 559/16|Wyrok|https://www.saos.org.pl/judgments/259443
255442|2016-10-20|SO|III Ca 1215/16|Uzasadnienie|https://www.saos.org.pl/judgments/255442
253746|2016-10-20|SO|XII Ns 826/16|Postanowienie|https://www.saos.org.pl/judgments/253746
253001|2016-10-20|SO|II C 1175/16|Zarządzenie|https://www.saos.org.pl/judgments/253001
252373|2016-10-20|SO|I ACz 1748/16|Postanowienie|https://www.saos.org.pl/judgments/252373
274043|2016-10-19|SO|II Ca 1394/16|Wyrok|https://www.saos.org.pl/judgments/274043
257163|2016-10-19|SO|I Ns 1383/09|Postanowienie|https://www.saos.org.pl/judgments/257163
256205|2016-10-19|SO|I Ns 1276/13|Postanowienie|https://www.saos.org.pl/judgments/256205
308072|2016-10-18|SO|II Ca 444/16|Wyrok|https://www.saos.org.pl/judgments/308072
286293|2016-10-18|SO|I C 216/16|Wyrok|https://www.saos.org.pl/judgments/286293
256188|2016-10-18|SO|I C 593/16|Wyrok|https://www.saos.org.pl/judgments/256188
253552|2016-10-18|SO|II C 553/16|Uzasadnienie|https://www.saos.org.pl/judgments/253552
502104|2016-10-17|SO|II Ca 628/16|Wyrok|https://www.saos.org.pl/judgments/502104
255894|2016-10-17|SO|I C 751/16|Wyrok|https://www.saos.org.pl/judgments/255894
257645|2016-10-14|SO|V Ca 4224/15|Wyrok|https://www.saos.org.pl/judgments/257645
251040|2016-10-14|SO|XVI C 1354/16|Uzasadnienie|https://www.saos.org.pl/judgments/251040
330982|2016-10-13|SO|II Cgg 30/13|Wyrok|https://www.saos.org.pl/judgments/330982
280451|2016-10-13|SO|I ACa 1094/15|Wyrok|https://www.saos.org.pl/judgments/280451
270739|2016-10-13|SO|XI C 1007/16|Wyrok|https://www.saos.org.pl/judgments/270739
266317|2016-10-13|SO|V ACa 86/16|Wyrok|https://www.saos.org.pl/judgments/266317
263356|2016-10-13|SO|II C 430/15|Wyrok|https://www.saos.org.pl/judgments/263356
261709|2016-10-13|SO|I ACa 718/16|Wyrok|https://www.saos.org.pl/judgments/261709
255479|2016-10-13|SO|III Ca 883/16|Uzasadnienie|https://www.saos.org.pl/judgments/255479
254102|2016-10-13|SO|VIII C 1323/16|Wyrok|https://www.saos.org.pl/judgments/254102
265842|2016-10-12|SO|XVIII C 3076/16|Wyrok|https://www.saos.org.pl/judgments/265842
261252|2016-10-12|SO|I C 173/16|Wyrok|https://www.saos.org.pl/judgments/261252
260723|2016-10-12|SO|I C 2548/14|Wyrok|https://www.saos.org.pl/judgments/260723
258094|2016-10-12|SO|I C 780/16|Wyrok|https://www.saos.org.pl/judgments/258094
255741|2016-10-12|SO|I Ca 230/16|Postanowienie|https://www.saos.org.pl/judgments/255741
255449|2016-10-12|SO|III Ca 1249/16|Uzasadnienie|https://www.saos.org.pl/judgments/255449
255363|2016-10-12|SO|I Ca 394/16|Wyrok|https://www.saos.org.pl/judgments/255363
253521|2016-10-12|SO|I Ca 396/16|Wyrok|https://www.saos.org.pl/judgments/253521
252473|2016-10-12|SO|I Ca 398/16|Postanowienie|https://www.saos.org.pl/judgments/252473
250653|2016-10-12|SO|XIII Ga 405/16|Uzasadnienie|https://www.saos.org.pl/judgments/250653
269605|2016-10-11|SO|I C 117/16|Wyrok|https://www.saos.org.pl/judgments/269605
261702|2016-10-11|SO|XXVII Ca 714/16|Postanowienie|https://www.saos.org.pl/judgments/261702
258009|2016-10-11|SO|I ACa 1565/15|Wyrok|https://www.saos.org.pl/judgments/258009
256941|2016-10-11|SO|I ACa 226/16|Wyrok|https://www.saos.org.pl/judgments/256941
253511|2016-10-11|SO|I C 728/16|Wyrok|https://www.saos.org.pl/judgments/253511
253278|2016-10-11|SO|II Ca 848/16|Wyrok|https://www.saos.org.pl/judgments/253278
306135|2016-10-10|SO|IX GC 14/15|Wyrok|https://www.saos.org.pl/judgments/306135
256585|2016-10-10|SO|I C 921/15|Wyrok|https://www.saos.org.pl/judgments/256585
253242|2016-10-10|SO|I C 42/10|Wyrok|https://www.saos.org.pl/judgments/253242
252453|2016-10-10|SO|I C 694/16|Wyrok|https://www.saos.org.pl/judgments/252453
291780|2016-10-07|SO|I C 234/16|Uzasadnienie|https://www.saos.org.pl/judgments/291780
265958|2016-10-07|SO|VI ACa 840/15|Wyrok|https://www.saos.org.pl/judgments/265958
265871|2016-10-07|SO|I ACa 1655/15|Wyrok|https://www.saos.org.pl/judgments/265871
258124|2016-10-07|SO|II Ca 902/16|Wyrok|https://www.saos.org.pl/judgments/258124
255245|2016-10-07|SO|III Ca 978/16|Uzasadnienie|https://www.saos.org.pl/judgments/255245
255193|2016-10-07|SO|III Ca 1126/16|Uzasadnienie|https://www.saos.org.pl/judgments/255193
254862|2016-10-07|SO|I C 1172/16|Wyrok|https://www.saos.org.pl/judgments/254862
311689|2016-10-06|SO|XIII GC 2087/16|Wyrok|https://www.saos.org.pl/judgments/311689
265364|2016-10-06|SO|I Ca 218/16|Postanowienie|https://www.saos.org.pl/judgments/265364
261159|2016-10-06|SO|VI Ca 576/16|Wyrok|https://www.saos.org.pl/judgments/261159
255968|2016-10-06|SO|I Ca 192/16|Wyrok|https://www.saos.org.pl/judgments/255968
253477|2016-10-06|SO|I C 219/16|Wyrok|https://www.saos.org.pl/judgments/253477
252982|2016-10-06|SO|I C 749/16|Wyrok|https://www.saos.org.pl/judgments/252982
251142|2016-10-06|SO|VIII C 1195/16|Wyrok|https://www.saos.org.pl/judgments/251142
422997|2016-10-05|SO|I C 382/15|Wyrok|https://www.saos.org.pl/judgments/422997
307606|2016-10-05|SO|XXVII Ca 1385/16|Wyrok|https://www.saos.org.pl/judgments/307606
267395|2016-10-05|SO|IX GC 3900/15|Zarządzenie|https://www.saos.org.pl/judgments/267395
266263|2016-10-05|SO|II Ca 1766/16|Wyrok|https://www.saos.org.pl/judgments/266263
255407|2016-10-05|SO|III C 469/16|Wyrok|https://www.saos.org.pl/judgments/255407
254859|2016-10-05|SO|I C 1041/16|Wyrok|https://www.saos.org.pl/judgments/254859
254127|2016-10-05|SO|X P 483/14|Wyrok|https://www.saos.org.pl/judgments/254127
253032|2016-10-05|SO|II Ca 274/16|Wyrok|https://www.saos.org.pl/judgments/253032
252925|2016-10-05|SO|I ACa 1038/15|Wyrok|https://www.saos.org.pl/judgments/252925
277192|2016-10-04|SO|XXV C 1931/15|Wyrok|https://www.saos.org.pl/judgments/277192
273679|2016-10-04|SO|I C 1645/13|Wyrok|https://www.saos.org.pl/judgments/273679
260655|2016-10-04|SO|XI C 1411/16|Wyrok|https://www.saos.org.pl/judgments/260655
255976|2016-10-04|SO|I ACa 420/16|Wyrok|https://www.saos.org.pl/judgments/255976
254363|2016-10-04|SO|III Ca 906/16|Uzasadnienie|https://www.saos.org.pl/judgments/254363
250770|2016-10-04|SO|I C 919/16|Wyrok|https://www.saos.org.pl/judgments/250770
273770|2016-10-03|SO|I C 512/16|Uzasadnienie|https://www.saos.org.pl/judgments/273770
253730|2016-10-03|SO|X GC 854/14|Uzasadnienie|https://www.saos.org.pl/judgments/253730
253156|2016-10-03|SO|VIII C 1279/16|Wyrok|https://www.saos.org.pl/judgments/253156
252937|2016-10-03|SO|I C 1423/16|Wyrok|https://www.saos.org.pl/judgments/252937
389641|2016-09-30|SO|II C 1179/15|Wyrok|https://www.saos.org.pl/judgments/389641
364139|2016-09-30|SO|III C 2079/13|Wyrok|https://www.saos.org.pl/judgments/364139
296802|2016-09-30|SO|II Ca 475/16|Wyrok|https://www.saos.org.pl/judgments/296802
268317|2016-09-30|SO|I C 629/16|Uzasadnienie|https://www.saos.org.pl/judgments/268317
257831|2016-09-30|SO|VIII GC 554/14|Wyrok|https://www.saos.org.pl/judgments/257831
255059|2016-09-30|SO|XII Ga 586/16|Uzasadnienie|https://www.saos.org.pl/judgments/255059
252471|2016-09-30|SO|I Ca 281/16|Wyrok|https://www.saos.org.pl/judgments/252471
252264|2016-09-30|SO|I Ca 269/16|Wyrok|https://www.saos.org.pl/judgments/252264
318800|2016-09-29|SO|X GC 371/16|Wyrok|https://www.saos.org.pl/judgments/318800
289826|2016-09-29|SO|I C 68/15|Wyrok|https://www.saos.org.pl/judgments/289826
281405|2016-09-29|SO|XV Ca 902/16|Wyrok|https://www.saos.org.pl/judgments/281405
270151|2016-09-29|SO|XVIII C 83/15|Wyrok|https://www.saos.org.pl/judgments/270151
255803|2016-09-29|SO|I Ca 338/16|Wyrok|https://www.saos.org.pl/judgments/255803
255732|2016-09-29|SO|I C 762/16|Wyrok|https://www.saos.org.pl/judgments/255732
253320|2016-09-29|SO|III Ca 405/16|Postanowienie|https://www.saos.org.pl/judgments/253320
252977|2016-09-29|SO|I C 571/16|Wyrok|https://www.saos.org.pl/judgments/252977
252478|2016-09-29|SO|I Ns 170/11|Postanowienie|https://www.saos.org.pl/judgments/252478
250288|2016-09-29|SO|IX GC 219/16|Wyrok|https://www.saos.org.pl/judgments/250288
249646|2016-09-29|SO|I C 2268/15|Wyrok|https://www.saos.org.pl/judgments/249646
434739|2016-09-28|SO|I C 824/16|Wyrok|https://www.saos.org.pl/judgments/434739
275989|2016-09-28|SO|I C 286/16|Wyrok|https://www.saos.org.pl/judgments/275989
275539|2016-09-28|SO|II Ca 323/16|Wyrok|https://www.saos.org.pl/judgments/275539
256479|2016-09-28|SO|I ACa 323/16|Wyrok|https://www.saos.org.pl/judgments/256479
252263|2016-09-28|SO|I C 675/16|Wyrok|https://www.saos.org.pl/judgments/252263
249073|2016-09-28|SO|XVI C 424/16|Zarządzenie|https://www.saos.org.pl/judgments/249073
248637|2016-09-28|SO|XIII Ga 779/16|Uzasadnienie|https://www.saos.org.pl/judgments/248637
258710|2016-09-27|SO|I C 196/14|Wyrok|https://www.saos.org.pl/judgments/258710
255941|2016-09-27|SO|I C 1497/16|Wyrok|https://www.saos.org.pl/judgments/255941
255760|2016-09-27|SO|I C 1065/16|Wyrok|https://www.saos.org.pl/judgments/255760
254726|2016-09-27|SO|IV P 315/16|Wyrok|https://www.saos.org.pl/judgments/254726
254038|2016-09-27|SO|V ACa 656/15|Wyrok|https://www.saos.org.pl/judgments/254038
253582|2016-09-27|SO|III C 876/15|Wyrok|https://www.saos.org.pl/judgments/253582
253248|2016-09-27|SO|I C 860/15|Wyrok|https://www.saos.org.pl/judgments/253248
413695|2016-09-26|SO|IX GC 1895/16|Uzasadnienie|https://www.saos.org.pl/judgments/413695
333613|2016-09-26|SO|I C 333/13|Wyrok|https://www.saos.org.pl/judgments/333613
255683|2016-09-26|SO|I C 1774/15|Wyrok|https://www.saos.org.pl/judgments/255683
254263|2016-09-26|SO|III Ca 319/16|Uzasadnienie|https://www.saos.org.pl/judgments/254263
249477|2016-09-26|SO|VIII Pa 51/16|Uzasadnienie|https://www.saos.org.pl/judgments/249477
262143|2016-09-23|SO|I ACa 1621/15|Wyrok|https://www.saos.org.pl/judgments/262143
255948|2016-09-23|SO|I C 198/16|Wyrok|https://www.saos.org.pl/judgments/255948
255946|2016-09-23|SO|I C 1582/15|Wyrok|https://www.saos.org.pl/judgments/255946
255935|2016-09-23|SO|I ACa 428/16|Wyrok|https://www.saos.org.pl/judgments/255935
255404|2016-09-23|SO|III C 1654/15|Wyrok|https://www.saos.org.pl/judgments/255404
249669|2016-09-23|SO|I Ca 383/16|Wyrok|https://www.saos.org.pl/judgments/249669
247580|2016-09-23|SO|XIII Ga 681/16|Uzasadnienie|https://www.saos.org.pl/judgments/247580
263419|2016-09-22|SO|IV Ca 375/15|Postanowienie|https://www.saos.org.pl/judgments/263419
254243|2016-09-22|SO|III Ca 1082/16|Uzasadnienie|https://www.saos.org.pl/judgments/254243
253040|2016-09-22|SO|II Ca 340/16|Wyrok|https://www.saos.org.pl/judgments/253040
253034|2016-09-22|SO|II Ca 285/16|Wyrok|https://www.saos.org.pl/judgments/253034
252437|2016-09-22|SO|I C 49/16|Wyrok|https://www.saos.org.pl/judgments/252437
251273|2016-09-22|SO|II C 181/16|Wyrok|https://www.saos.org.pl/judgments/251273
250647|2016-09-22|SO|XII C 2430/15|Wyrok|https://www.saos.org.pl/judgments/250647
250396|2016-09-22|SO|I C 1112/16|Wyrok|https://www.saos.org.pl/judgments/250396
383436|2016-09-21|SO|I C 525/15|Wyrok|https://www.saos.org.pl/judgments/383436
273480|2016-09-21|SO|I ACa 176/16|Wyrok|https://www.saos.org.pl/judgments/273480
267291|2016-09-21|SO|I C 1752/16|Uzasadnienie|https://www.saos.org.pl/judgments/267291
261332|2016-09-21|SO|II C 204/16|Wyrok|https://www.saos.org.pl/judgments/261332
258680|2016-09-21|SO|I C 1144/16|Wyrok|https://www.saos.org.pl/judgments/258680
255652|2016-09-21|SO|I ACa 185/16|Wyrok|https://www.saos.org.pl/judgments/255652
254291|2016-09-21|SO|III Ca 671/16|Uzasadnienie|https://www.saos.org.pl/judgments/254291
254287|2016-09-21|SO|III Ca 655/16|Uzasadnienie|https://www.saos.org.pl/judgments/254287
251187|2016-09-21|SO|I ACa 673/15|Wyrok|https://www.saos.org.pl/judgments/251187
250441|2016-09-21|SO|II C 216/14|Zarządzenie|https://www.saos.org.pl/judgments/250441
248760|2016-09-21|SO|VI Ca 651/16|Wyrok|https://www.saos.org.pl/judgments/248760
544510|2016-09-20|SO|II Ca 726/16|Wyrok|https://www.saos.org.pl/judgments/544510
381315|2016-09-20|SO|XX GC 865/14|Wyrok|https://www.saos.org.pl/judgments/381315
309945|2016-09-20|SO|II Ca 1250/16|Wyrok|https://www.saos.org.pl/judgments/309945
303233|2016-09-20|SO|I Ns 2/15|Postanowienie|https://www.saos.org.pl/judgments/303233
290977|2016-09-20|SO|I ACa 876/14|Wyrok|https://www.saos.org.pl/judgments/290977
256162|2016-09-20|SO|I C 1271/16|Wyrok|https://www.saos.org.pl/judgments/256162
253990|2016-09-20|SO|III Ca 867/16|Uzasadnienie|https://www.saos.org.pl/judgments/253990
250110|2016-09-20|SO|XI GC 155/16|Wyrok|https://www.saos.org.pl/judgments/250110
249181|2016-09-20|SO|II C 359/15|Wyrok|https://www.saos.org.pl/judgments/249181
502314|2016-09-19|SO|II Ca 99/16|Postanowienie|https://www.saos.org.pl/judgments/502314
273497|2016-09-19|SO|I ACa 378/15|Wyrok|https://www.saos.org.pl/judgments/273497
256190|2016-09-19|SO|I C 662/16|Wyrok|https://www.saos.org.pl/judgments/256190
253498|2016-09-19|SO|I C 488/15|Wyrok|https://www.saos.org.pl/judgments/253498
253444|2016-09-19|SO|I ACa 258/16|Wyrok|https://www.saos.org.pl/judgments/253444
251843|2016-09-19|SO|I C 425/16|Wyrok|https://www.saos.org.pl/judgments/251843
250742|2016-09-19|SO|I C 2042/15|Wyrok|https://www.saos.org.pl/judgments/250742
247582|2016-09-19|SO|XIII Ga 798/16|Uzasadnienie|https://www.saos.org.pl/judgments/247582
246632|2016-09-19|SO|XIII Ga 744/16|Uzasadnienie|https://www.saos.org.pl/judgments/246632
296824|2016-09-16|SO|II Ca 635/16|Wyrok|https://www.saos.org.pl/judgments/296824
256447|2016-09-16|SO|I ACa 1578/15|Wyrok|https://www.saos.org.pl/judgments/256447
250567|2016-09-16|SO|I C 478/16|Wyrok|https://www.saos.org.pl/judgments/250567
249809|2016-09-16|SO|I C 20/16|Uzasadnienie|https://www.saos.org.pl/judgments/249809
249149|2016-09-16|SO|I C 541/16|Wyrok|https://www.saos.org.pl/judgments/249149
282571|2016-09-15|SO|III Ca 1715/15|Wyrok|https://www.saos.org.pl/judgments/282571
263359|2016-09-15|SO|II C 656/16|Wyrok|https://www.saos.org.pl/judgments/263359
250112|2016-09-15|SO|XI GC 241/16|Wyrok|https://www.saos.org.pl/judgments/250112
256476|2016-09-14|SO|I ACa 294/16|Wyrok|https://www.saos.org.pl/judgments/256476
256474|2016-09-14|SO|I ACa 290/16|Wyrok|https://www.saos.org.pl/judgments/256474
253556|2016-09-14|SO|II Ca 658/16|Postanowienie|https://www.saos.org.pl/judgments/253556
250688|2016-09-14|SO|I ACa 346/16|Wyrok|https://www.saos.org.pl/judgments/250688
249813|2016-09-14|SO|I C 226/16|Wyrok|https://www.saos.org.pl/judgments/249813
249627|2016-09-14|SO|I C 1146/16|Wyrok|https://www.saos.org.pl/judgments/249627
263553|2016-09-13|SO|I ACa 174/16|Wyrok|https://www.saos.org.pl/judgments/263553
251850|2016-09-13|SO|I C 845/16|Wyrok|https://www.saos.org.pl/judgments/251850
249185|2016-09-13|SO|II Ca 654/15|Postanowienie|https://www.saos.org.pl/judgments/249185
523729|2016-09-12|SO|II Ca 492/16|Wyrok|https://www.saos.org.pl/judgments/523729
291712|2016-09-12|SO|XI Ns 1337/15|Postanowienie|https://www.saos.org.pl/judgments/291712
250422|2016-09-12|SO|I C 813/16|Wyrok|https://www.saos.org.pl/judgments/250422
250418|2016-09-12|SO|I C 691/16|Wyrok|https://www.saos.org.pl/judgments/250418
343146|2016-09-09|SO|I ACa 901/16|Wyrok|https://www.saos.org.pl/judgments/343146
305255|2016-09-09|SO|II Ca 205/16|Postanowienie|https://www.saos.org.pl/judgments/305255
305253|2016-09-09|SO|II Ca 196/16|Postanowienie|https://www.saos.org.pl/judgments/305253
250644|2016-09-09|SO|XII C 1148/16|Wyrok|https://www.saos.org.pl/judgments/250644
249851|2016-09-09|SO|I Ca 257/16|Postanowienie|https://www.saos.org.pl/judgments/249851
249820|2016-09-09|SO|I C 274/16|Wyrok|https://www.saos.org.pl/judgments/249820
249251|2016-09-09|SO|III Ca 636/16|Uzasadnienie|https://www.saos.org.pl/judgments/249251
248145|2016-09-09|SO|I C 270/16|Wyrok|https://www.saos.org.pl/judgments/248145
289815|2016-09-08|SO|I C 589/16|Uzasadnienie|https://www.saos.org.pl/judgments/289815
268914|2016-09-08|SO|XVIII C 643/15|Wyrok|https://www.saos.org.pl/judgments/268914
258895|2016-09-08|SO|II Ca 1626/16|Wyrok|https://www.saos.org.pl/judgments/258895
251372|2016-09-08|SO|III Ca 772/16|Uzasadnienie|https://www.saos.org.pl/judgments/251372
250449|2016-09-08|SO|III Ca 1115/16|Postanowienie|https://www.saos.org.pl/judgments/250449
250114|2016-09-08|SO|XI GC 506/16|Wyrok|https://www.saos.org.pl/judgments/250114
249092|2016-09-08|SO|I ACa 1050/15|Wyrok|https://www.saos.org.pl/judgments/249092
319421|2016-09-07|SO|XVI GC 618/14|Wyrok|https://www.saos.org.pl/judgments/319421
272833|2016-09-07|SO|I C 675/16|Wyrok|https://www.saos.org.pl/judgments/272833
261964|2016-09-07|SO|I C 789/15|Wyrok|https://www.saos.org.pl/judgments/261964
256153|2016-09-07|SO|I ACa 530/16|Wyrok|https://www.saos.org.pl/judgments/256153
253896|2016-09-07|SO|I Ca 350/16|Wyrok|https://www.saos.org.pl/judgments/253896
252993|2016-09-07|SO|I Ns 1755/14|Postanowienie|https://www.saos.org.pl/judgments/252993
250429|2016-09-07|SO|I Ca 242/16|Postanowienie|https://www.saos.org.pl/judgments/250429
248617|2016-09-07|SO|X GC 507/16|Wyrok|https://www.saos.org.pl/judgments/248617
248388|2016-09-07|SO|IV Ca 942/16|Wyrok|https://www.saos.org.pl/judgments/248388
260397|2016-09-06|SO|I C 133/16|Wyrok|https://www.saos.org.pl/judgments/260397
247795|2016-09-06|SO|V ACa 935/15|Wyrok|https://www.saos.org.pl/judgments/247795
320735|2016-09-05|SO|I C 1503/15|Wyrok|https://www.saos.org.pl/judgments/320735
306425|2016-09-05|SO|VI GC 140/16|Wyrok|https://www.saos.org.pl/judgments/306425
249239|2016-09-05|SO|III Ca 572/16|Uzasadnienie|https://www.saos.org.pl/judgments/249239
248948|2016-09-05|SO|I C 2324/15|Wyrok|https://www.saos.org.pl/judgments/248948
269904|2016-09-02|SO|I C 627/16|Wyrok|https://www.saos.org.pl/judgments/269904
251001|2016-09-02|SO|VIII C 298/16|Wyrok|https://www.saos.org.pl/judgments/251001
248178|2016-09-02|SO|I Ca 262/16|Wyrok|https://www.saos.org.pl/judgments/248178
242661|2016-09-02|SO|IX GC 565/15|Uzasadnienie|https://www.saos.org.pl/judgments/242661
330499|2016-09-01|SO|II Ca 454/16|Wyrok|https://www.saos.org.pl/judgments/330499
260402|2016-08-31|SO|I C 1642/16|Wyrok|https://www.saos.org.pl/judgments/260402
252001|2016-08-31|SO|VIII C 1832/15|Wyrok|https://www.saos.org.pl/judgments/252001
251839|2016-08-31|SO|I C 349/15|Wyrok|https://www.saos.org.pl/judgments/251839
250759|2016-08-31|SO|I C 464/16|Wyrok|https://www.saos.org.pl/judgments/250759
246661|2016-08-31|SO|I C 302/16|Wyrok|https://www.saos.org.pl/judgments/246661
249909|2016-08-30|SO|III C 507/16|Wyrok|https://www.saos.org.pl/judgments/249909
246429|2016-08-30|SO|I Ns 22/16|Postanowienie|https://www.saos.org.pl/judgments/246429
241068|2016-08-30|SO|X GC 211/16|Zarządzenie|https://www.saos.org.pl/judgments/241068
523728|2016-08-29|SO|II Ca 456/16|Postanowienie|https://www.saos.org.pl/judgments/523728
281100|2016-08-29|SO|VI GC 198/16|Wyrok|https://www.saos.org.pl/judgments/281100
251006|2016-08-29|SO|VIII Ga 215/16|Wyrok|https://www.saos.org.pl/judgments/251006
261385|2016-08-26|SO|III C 1131/15|Wyrok|https://www.saos.org.pl/judgments/261385
249105|2016-08-26|SO|I ACa 263/16|Wyrok|https://www.saos.org.pl/judgments/249105
247820|2016-08-26|SO|VIII Ga 225/16|Wyrok|https://www.saos.org.pl/judgments/247820
246400|2016-08-26|SO|I C 145/16|Wyrok|https://www.saos.org.pl/judgments/246400
250915|2016-08-25|SO|IV P 18/15|Wyrok|https://www.saos.org.pl/judgments/250915
246026|2016-08-25|SO|VIII GC 288/15|Uzasadnienie|https://www.saos.org.pl/judgments/246026
241957|2016-08-25|SO|II Ca 431/16|Wyrok|https://www.saos.org.pl/judgments/241957
283721|2016-08-24|SO|XVIII C 5833/15|Wyrok|https://www.saos.org.pl/judgments/283721
248180|2016-08-24|SO|I Ca 321/16|Wyrok|https://www.saos.org.pl/judgments/248180
247265|2016-08-24|SO|I ACa 320/16|Wyrok|https://www.saos.org.pl/judgments/247265
240592|2016-08-24|SO|X GC 200/16|Zarządzenie|https://www.saos.org.pl/judgments/240592
252392|2016-08-23|SO|I C 1666/15|Wyrok|https://www.saos.org.pl/judgments/252392
248780|2016-08-23|SO|VII U 472/16|Wyrok|https://www.saos.org.pl/judgments/248780
325898|2016-08-22|SO|II Ca 455/16|Wyrok|https://www.saos.org.pl/judgments/325898
247924|2016-08-22|SO|I C 424/16|Wyrok|https://www.saos.org.pl/judgments/247924
255836|2016-08-19|SO|I C 389/16|Wyrok|https://www.saos.org.pl/judgments/255836
253756|2016-08-19|SO|XVI GC 982/14|Wyrok|https://www.saos.org.pl/judgments/253756
248818|2016-08-19|SO|I ACa 424/16|Wyrok|https://www.saos.org.pl/judgments/248818
248699|2016-08-19|SO|II C 1639/15|Uzasadnienie|https://www.saos.org.pl/judgments/248699
247940|2016-08-17|SO|I Ca 301/16|Postanowienie|https://www.saos.org.pl/judgments/247940
247612|2016-08-17|SO|I C 958/16|Wyrok|https://www.saos.org.pl/judgments/247612
247339|2016-08-17|SO|I Ns 235/12|Postanowienie|https://www.saos.org.pl/judgments/247339
242554|2016-08-17|SO|I C 369/16|Wyrok|https://www.saos.org.pl/judgments/242554
242529|2016-08-17|SO|I C 1085/16|Wyrok|https://www.saos.org.pl/judgments/242529
316096|2016-08-16|SO|I C 405/16|Wyrok|https://www.saos.org.pl/judgments/316096
272831|2016-08-15|SO|I C 3014/15|Uzasadnienie|https://www.saos.org.pl/judgments/272831
288863|2016-08-11|SO|I ACa 141/15|Wyrok|https://www.saos.org.pl/judgments/288863
253706|2016-08-11|SO|X C 3053/15|Wyrok|https://www.saos.org.pl/judgments/253706
241586|2016-08-10|SO|I Ca 311/16|Wyrok|https://www.saos.org.pl/judgments/241586
255279|2016-08-09|SO|V GC 244/16|Wyrok|https://www.saos.org.pl/judgments/255279
249608|2016-08-08|SO|I C 649/16|Wyrok|https://www.saos.org.pl/judgments/249608
239097|2016-08-08|SO|I C 127/16|Wyrok|https://www.saos.org.pl/judgments/239097
417269|2016-08-05|SO|V Ca 2507/15|Postanowienie|https://www.saos.org.pl/judgments/417269
242455|2016-08-05|SO|VI Ga 126/16|Wyrok|https://www.saos.org.pl/judgments/242455
254118|2016-08-04|SO|X C 2712/15|Wyrok|https://www.saos.org.pl/judgments/254118
248839|2016-08-04|SO|I Ns 243/14|Uzasadnienie|https://www.saos.org.pl/judgments/248839
272512|2016-08-03|SO|I Ns 47/15|Postanowienie|https://www.saos.org.pl/judgments/272512
252046|2016-08-03|SO|I ACa 1437/15|Wyrok|https://www.saos.org.pl/judgments/252046
249138|2016-08-03|SO|I C 318/16|Wyrok|https://www.saos.org.pl/judgments/249138
241581|2016-08-03|SO|I Ca 296/16|Postanowienie|https://www.saos.org.pl/judgments/241581
237470|2016-08-03|SO|I C 293/16|Wyrok|https://www.saos.org.pl/judgments/237470
249371|2016-08-02|SO|V Ca 3575/15|Wyrok|https://www.saos.org.pl/judgments/249371
241950|2016-08-01|SO|II C 595/14|Wyrok|https://www.saos.org.pl/judgments/241950
247889|2016-07-29|SO|I ACa 1773/15|Wyrok|https://www.saos.org.pl/judgments/247889
241391|2016-07-29|SO|I C 425/15|Wyrok|https://www.saos.org.pl/judgments/241391
239888|2016-07-29|SO|I C 785/16|Wyrok|https://www.saos.org.pl/judgments/239888
239882|2016-07-29|SO|I C 524/16|Wyrok|https://www.saos.org.pl/judgments/239882
482069|2016-07-28|SO|XXI Pa 905/15|Wyrok|https://www.saos.org.pl/judgments/482069
304252|2016-07-28|SO|I ACa 127/16|Wyrok|https://www.saos.org.pl/judgments/304252
249095|2016-07-28|SO|I ACa 120/16|Wyrok|https://www.saos.org.pl/judgments/249095
247875|2016-07-28|SO|I ACa 121/16|Wyrok|https://www.saos.org.pl/judgments/247875
238469|2016-07-28|SO|I ACa 16/16|Wyrok|https://www.saos.org.pl/judgments/238469
292778|2016-07-27|SO|IX GC 1436/14|Wyrok|https://www.saos.org.pl/judgments/292778
249926|2016-07-27|SO|IV Ca 295/16|Postanowienie|https://www.saos.org.pl/judgments/249926
250048|2016-07-26|SO|VIII C 318/16|Wyrok|https://www.saos.org.pl/judgments/250048
257288|2016-07-25|SO|II Ca 403/16|Wyrok|https://www.saos.org.pl/judgments/257288
242235|2016-07-25|SO|II Ns 96/16|Postanowienie|https://www.saos.org.pl/judgments/242235
236469|2016-07-25|SO|I Ns 813/14|Uzasadnienie|https://www.saos.org.pl/judgments/236469
256068|2016-07-22|SO|I C 264/16|Zarządzenie|https://www.saos.org.pl/judgments/256068
248832|2016-07-22|SO|I C 383/16|Uzasadnienie|https://www.saos.org.pl/judgments/248832
250694|2016-07-21|SO|I ACa 399/16|Wyrok|https://www.saos.org.pl/judgments/250694
248556|2016-07-21|SO|VII P 55/14|Wyrok|https://www.saos.org.pl/judgments/248556
246962|2016-07-21|SO|III Ca 354/16|Uzasadnienie|https://www.saos.org.pl/judgments/246962
241347|2016-07-21|SO|I ACa 222/16|Wyrok|https://www.saos.org.pl/judgments/241347
240125|2016-07-21|SO|V ACa 940/15|Wyrok|https://www.saos.org.pl/judgments/240125
254831|2016-07-20|SO|XII Ga 352/16|Wyrok|https://www.saos.org.pl/judgments/254831
253529|2016-07-20|SO|I Ns 600/15|Postanowienie|https://www.saos.org.pl/judgments/253529
241499|2016-07-20|SO|I Ca 271/16|Wyrok|https://www.saos.org.pl/judgments/241499
241365|2016-07-20|SO|I C 1297/16|Wyrok|https://www.saos.org.pl/judgments/241365
240685|2016-07-20|SO|XVI C 432/16|Wyrok|https://www.saos.org.pl/judgments/240685
239829|2016-07-20|SO|XII C 2482/15|Wyrok|https://www.saos.org.pl/judgments/239829
287372|2016-07-19|SO|I Ns 1004/14|Postanowienie|https://www.saos.org.pl/judgments/287372
261700|2016-07-19|SO|XXVII Ca 2698/16|Wyrok|https://www.saos.org.pl/judgments/261700
253240|2016-07-19|SO|I C 382/16|Zarządzenie|https://www.saos.org.pl/judgments/253240
304038|2016-07-18|SO|IX GC 173/16|Wyrok|https://www.saos.org.pl/judgments/304038
238573|2016-07-18|SO|I C 257/16|Wyrok|https://www.saos.org.pl/judgments/238573
305374|2016-07-15|SO|II Ca 85/16|Wyrok|https://www.saos.org.pl/judgments/305374
257940|2016-07-15|SO|XV Ca 282/16|Postanowienie|https://www.saos.org.pl/judgments/257940
248124|2016-07-15|SO|I C 1396/15|Wyrok|https://www.saos.org.pl/judgments/248124
247305|2016-07-15|SO|I C 5/16|Wyrok|https://www.saos.org.pl/judgments/247305
241013|2016-07-15|SO|IV Ca 347/16|Wyrok|https://www.saos.org.pl/judgments/241013
241011|2016-07-15|SO|IV Ca 344/16|Wyrok|https://www.saos.org.pl/judgments/241011
250719|2016-07-14|SO|I ACa 966/15|Wyrok|https://www.saos.org.pl/judgments/250719
248657|2016-07-14|SO|XVIII C 344/15|Wyrok|https://www.saos.org.pl/judgments/248657
247258|2016-07-14|SO|I ACa 185/16|Wyrok|https://www.saos.org.pl/judgments/247258
241637|2016-07-14|SO|III C 73/16|Wyrok|https://www.saos.org.pl/judgments/241637
238481|2016-07-14|SO|I C 1171/16|Wyrok|https://www.saos.org.pl/judgments/238481
356264|2016-07-13|SO|I ACa 782/16|Wyrok|https://www.saos.org.pl/judgments/356264
250689|2016-07-13|SO|I ACa 354/16|Wyrok|https://www.saos.org.pl/judgments/250689
242634|2016-07-13|SO|III Ca 288/16|Wyrok|https://www.saos.org.pl/judgments/242634
327295|2016-07-12|SO|V GC 161/16|Wyrok|https://www.saos.org.pl/judgments/327295
242164|2016-07-12|SO|I ACa 50/16|Wyrok|https://www.saos.org.pl/judgments/242164
240379|2016-07-12|SO|I C 81/16|Wyrok|https://www.saos.org.pl/judgments/240379
253010|2016-07-11|SO|II C 3722/15|Zarządzenie|https://www.saos.org.pl/judgments/253010
247255|2016-07-11|SO|I ACa 114/16|Wyrok|https://www.saos.org.pl/judgments/247255
242161|2016-07-11|SO|I ACa 44/16|Wyrok|https://www.saos.org.pl/judgments/242161
235810|2016-07-11|SO|I C 361/16|Wyrok|https://www.saos.org.pl/judgments/235810
252424|2016-07-08|SO|I C 339/15|Wyrok|https://www.saos.org.pl/judgments/252424
246493|2016-07-08|SO|III Ca 473/16|Uzasadnienie|https://www.saos.org.pl/judgments/246493
250553|2016-07-07|SO|I ACa 417/16|Wyrok|https://www.saos.org.pl/judgments/250553
246573|2016-07-06|SO|V Ca 3316/15|Wyrok|https://www.saos.org.pl/judgments/246573
241486|2016-07-05|SO|I C 589/15|Wyrok|https://www.saos.org.pl/judgments/241486
240722|2016-07-05|SO|II C 160/16|Wyrok|https://www.saos.org.pl/judgments/240722
239039|2016-07-05|SO|VIII GC 442/13|Wyrok|https://www.saos.org.pl/judgments/239039
236458|2016-07-05|SO|I C 8/16|Wyrok|https://www.saos.org.pl/judgments/236458
241641|2016-07-04|SO|III Ca 285/16|Uzasadnienie|https://www.saos.org.pl/judgments/241641
238927|2016-07-04|SO|I C 393/16|Wyrok|https://www.saos.org.pl/judgments/238927
234119|2016-07-04|SO|XIII Ga 296/16|Uzasadnienie|https://www.saos.org.pl/judgments/234119
240464|2016-07-01|SO|III Ca 280/16|Uzasadnienie|https://www.saos.org.pl/judgments/240464
309260|2016-06-30|SO|I ACa 86/16|Wyrok|https://www.saos.org.pl/judgments/309260
275533|2016-06-30|SO|II Ca 1443/15|Wyrok|https://www.saos.org.pl/judgments/275533
269825|2016-06-30|SO|I ACa 1349/15|Wyrok|https://www.saos.org.pl/judgments/269825
254163|2016-06-30|SO|I C 223/16|Zarządzenie|https://www.saos.org.pl/judgments/254163
253046|2016-06-30|SO|II Ca 93/16|Wyrok|https://www.saos.org.pl/judgments/253046
250575|2016-06-30|SO|I C 646/16|Wyrok|https://www.saos.org.pl/judgments/250575
246420|2016-06-30|SO|I C 680/16|Wyrok|https://www.saos.org.pl/judgments/246420
242065|2016-06-30|SO|III Ca 472/16|Uzasadnienie|https://www.saos.org.pl/judgments/242065
240916|2016-06-30|SO|XII C 2365/15|Wyrok|https://www.saos.org.pl/judgments/240916
240358|2016-06-30|SO|I C 3231/15|Wyrok|https://www.saos.org.pl/judgments/240358
235886|2016-06-30|SO|IV GC 1481/15|Wyrok|https://www.saos.org.pl/judgments/235886
234378|2016-06-30|SO|IV Ca 57/16|Wyrok|https://www.saos.org.pl/judgments/234378
305294|2016-06-29|SO|II Ca 29/16|Wyrok|https://www.saos.org.pl/judgments/305294
258375|2016-06-29|SO|I C 171/16|Wyrok|https://www.saos.org.pl/judgments/258375
251826|2016-06-29|SO|I ACa 90/16|Wyrok|https://www.saos.org.pl/judgments/251826
242438|2016-06-29|SO|V GC 1846/15|Wyrok|https://www.saos.org.pl/judgments/242438
237466|2016-06-29|SO|I C 2304/13|Wyrok|https://www.saos.org.pl/judgments/237466
245927|2016-06-28|SO|I C 163/15|Wyrok|https://www.saos.org.pl/judgments/245927
239840|2016-06-28|SO|I ACa 1576/15|Wyrok|https://www.saos.org.pl/judgments/239840
238826|2016-06-28|SO|III C 1716/15|Wyrok|https://www.saos.org.pl/judgments/238826
237057|2016-06-28|SO|XI GC 667/15|Wyrok|https://www.saos.org.pl/judgments/237057
236168|2016-06-28|SO|VIII C 3198/15|Wyrok|https://www.saos.org.pl/judgments/236168
233147|2016-06-28|SO|I C 243/16|Wyrok|https://www.saos.org.pl/judgments/233147
241458|2016-06-27|SO|II Ca 497/16|Wyrok|https://www.saos.org.pl/judgments/241458
237675|2016-06-27|SO|II C 1512/15|Uzasadnienie|https://www.saos.org.pl/judgments/237675
233942|2016-06-27|SO|I C 501/15|Wyrok|https://www.saos.org.pl/judgments/233942
240362|2016-06-24|SO|I C 402/16|Wyrok|https://www.saos.org.pl/judgments/240362
384976|2016-06-23|SO|II C 449/12|Wyrok|https://www.saos.org.pl/judgments/384976
287171|2016-06-23|SO|I C 544/15|Wyrok|https://www.saos.org.pl/judgments/287171
255806|2016-06-23|SO|I ACa 1054/15|Wyrok|https://www.saos.org.pl/judgments/255806
241921|2016-06-23|SO|I C 1296/15|Wyrok|https://www.saos.org.pl/judgments/241921
241649|2016-06-23|SO|III Ca 350/16|Uzasadnienie|https://www.saos.org.pl/judgments/241649
240545|2016-06-23|SO|VI Ga 104/16|Wyrok|https://www.saos.org.pl/judgments/240545
238997|2016-06-23|SO|III Ca 7/16|Postanowienie|https://www.saos.org.pl/judgments/238997
237923|2016-06-23|SO|I ACa 2305/15|Wyrok|https://www.saos.org.pl/judgments/237923
234354|2016-06-23|SO|II Ca 381/16|Wyrok|https://www.saos.org.pl/judgments/234354
528768|2016-06-22|SO|I ACa 33/16|Wyrok|https://www.saos.org.pl/judgments/528768
305241|2016-06-22|SO|II Ca 1730/15|Wyrok|https://www.saos.org.pl/judgments/305241
248529|2016-06-22|SO|VI GC 1173/15|Wyrok|https://www.saos.org.pl/judgments/248529
238792|2016-06-22|SO|II Ca 129/16|Postanowienie|https://www.saos.org.pl/judgments/238792
236050|2016-06-22|SO|I ACa 53/16|Wyrok|https://www.saos.org.pl/judgments/236050
233169|2016-06-22|SO|I C 541/16|Wyrok|https://www.saos.org.pl/judgments/233169
277263|2016-06-21|SO|I ACa 86/16|Wyrok|https://www.saos.org.pl/judgments/277263
240729|2016-06-21|SO|II Ca 461/16|Wyrok|https://www.saos.org.pl/judgments/240729
238556|2016-06-21|SO|I C 1018/15|Wyrok|https://www.saos.org.pl/judgments/238556
234902|2016-06-21|SO|VI Ca 363/16|Postanowienie|https://www.saos.org.pl/judgments/234902
319820|2016-06-20|SO|I C 2125/12|Uzasadnienie|https://www.saos.org.pl/judgments/319820
252099|2016-06-20|SO|I C 965/15|Wyrok|https://www.saos.org.pl/judgments/252099
240662|2016-06-20|SO|X GC 964/15|Zarządzenie|https://www.saos.org.pl/judgments/240662
240341|2016-06-20|SO|I C 140/16|Wyrok|https://www.saos.org.pl/judgments/240341
236761|2016-06-20|SO|IX Ca 828/15|Postanowienie|https://www.saos.org.pl/judgments/236761
231751|2016-06-20|SO|XIII Ga 1125/15|Uzasadnienie|https://www.saos.org.pl/judgments/231751
289026|2016-06-17|SO|I C 839/15|Uzasadnienie|https://www.saos.org.pl/judgments/289026
245706|2016-06-17|SO|I C 3399/15|Uzasadnienie|https://www.saos.org.pl/judgments/245706
233708|2016-06-17|SO|I Ns 496/15|Uzasadnienie|https://www.saos.org.pl/judgments/233708
233463|2016-06-17|SO|I C 202/15|Wyrok|https://www.saos.org.pl/judgments/233463
269421|2016-06-16|SO|I C 67/16|Wyrok|https://www.saos.org.pl/judgments/269421
255659|2016-06-16|SO|I ACa 47/16|Wyrok|https://www.saos.org.pl/judgments/255659
253122|2016-06-16|SO|V GC 66/16|Wyrok|https://www.saos.org.pl/judgments/253122
239923|2016-06-16|SO|II Ca 43/15|Wyrok|https://www.saos.org.pl/judgments/239923
235629|2016-06-16|SO|IV Ka 271/16|Wyrok|https://www.saos.org.pl/judgments/235629
234926|2016-06-16|SO|VII Pa 210/15|Uzasadnienie|https://www.saos.org.pl/judgments/234926
234866|2016-06-16|SO|II C 1003/15|Wyrok|https://www.saos.org.pl/judgments/234866
233467|2016-06-16|SO|I C 251/16|Wyrok|https://www.saos.org.pl/judgments/233467
242069|2016-06-15|SO|III Ca 530/16|Uzasadnienie|https://www.saos.org.pl/judgments/242069
239890|2016-06-15|SO|I C 863/15|Uzasadnienie|https://www.saos.org.pl/judgments/239890
234670|2016-06-15|SO|I C 1016/15|Wyrok|https://www.saos.org.pl/judgments/234670
234511|2016-06-15|SO|I C 735/16|Wyrok|https://www.saos.org.pl/judgments/234511
233574|2016-06-15|SO|IV Ca 380/16|Postanowienie|https://www.saos.org.pl/judgments/233574
233001|2016-06-15|SO|VIII C 3492/15|Wyrok|https://www.saos.org.pl/judgments/233001
232834|2016-06-15|SO|I C 265/15|Wyrok|https://www.saos.org.pl/judgments/232834
228691|2016-06-15|SO|XIII Ga 1144/15|Uzasadnienie|https://www.saos.org.pl/judgments/228691
251221|2016-06-14|SO|I C 2125/15|Wyrok|https://www.saos.org.pl/judgments/251221
237591|2016-06-14|SO|VI ACa 759/15|Wyrok|https://www.saos.org.pl/judgments/237591
235112|2016-06-14|SO|VIII C 3430/15|Wyrok|https://www.saos.org.pl/judgments/235112
234055|2016-06-14|SO|VI Ga 141/16|Wyrok|https://www.saos.org.pl/judgments/234055
305355|2016-06-13|SO|II Ca 661/16|Postanowienie|https://www.saos.org.pl/judgments/305355
305200|2016-06-13|SO|II Ca 1593/15|Wyrok|https://www.saos.org.pl/judgments/305200
238191|2016-06-13|SO|VIII Ga 31/16|Uzasadnienie|https://www.saos.org.pl/judgments/238191
238090|2016-06-13|SO|I C 902/15|Zarządzenie|https://www.saos.org.pl/judgments/238090
232148|2016-06-13|SO|I C 304/16|Wyrok|https://www.saos.org.pl/judgments/232148
305218|2016-06-10|SO|II Ca 1654/15|Postanowienie|https://www.saos.org.pl/judgments/305218
237422|2016-06-10|SO|XII C 1877/15|Wyrok|https://www.saos.org.pl/judgments/237422
232180|2016-06-10|SO|I Ca 152/16|Wyrok|https://www.saos.org.pl/judgments/232180
230765|2016-06-10|SO|I C 174/16|Wyrok|https://www.saos.org.pl/judgments/230765
274453|2016-06-09|SO|III RC 313/15|Wyrok|https://www.saos.org.pl/judgments/274453
246064|2016-06-09|SO|I ACa 311/16|Wyrok|https://www.saos.org.pl/judgments/246064
241742|2016-06-09|SO|IX C 787/15|Wyrok|https://www.saos.org.pl/judgments/241742
241319|2016-06-09|SO|XII C 2031/15|Wyrok|https://www.saos.org.pl/judgments/241319
238132|2016-06-09|SO|III C 540/16|Wyrok|https://www.saos.org.pl/judgments/238132
236860|2016-06-09|SO|I Ca 130/16|Postanowienie|https://www.saos.org.pl/judgments/236860
234167|2016-06-09|SO|II Ca 284/16|Wyrok|https://www.saos.org.pl/judgments/234167
233637|2016-06-09|SO|XII C 12/16|Wyrok|https://www.saos.org.pl/judgments/233637
287170|2016-06-08|SO|I C 534/15|Wyrok|https://www.saos.org.pl/judgments/287170
269822|2016-06-08|SO|XXV C 1620/15|Wyrok|https://www.saos.org.pl/judgments/269822
266211|2016-06-08|SO|I C 176/16|Wyrok|https://www.saos.org.pl/judgments/266211
247957|2016-06-08|SO|II Ca 700/16|Wyrok|https://www.saos.org.pl/judgments/247957
241684|2016-06-08|SO|III Ca 541/16|Uzasadnienie|https://www.saos.org.pl/judgments/241684
241196|2016-06-08|SO|III Ca 452/16|Postanowienie|https://www.saos.org.pl/judgments/241196
238554|2016-06-08|SO|I ACa 1199/15|Wyrok|https://www.saos.org.pl/judgments/238554
235779|2016-06-08|SO|I ACa 90/16|Wyrok|https://www.saos.org.pl/judgments/235779
235697|2016-06-08|SO|VII C 772/15|Wyrok|https://www.saos.org.pl/judgments/235697
232657|2016-06-08|SO|VIII Pa 44/16|Wyrok|https://www.saos.org.pl/judgments/232657
231315|2016-06-08|SO|II Ca 32/16|Wyrok|https://www.saos.org.pl/judgments/231315
323391|2016-06-07|SO|I C 1538/13|Uzasadnienie|https://www.saos.org.pl/judgments/323391
305209|2016-06-07|SO|II Ca 1622/15|Wyrok|https://www.saos.org.pl/judgments/305209
304965|2016-06-07|SO|II C 128/16|Wyrok|https://www.saos.org.pl/judgments/304965
272446|2016-06-07|SO|XV Ca 1794/15|Postanowienie|https://www.saos.org.pl/judgments/272446
254048|2016-06-07|SO|V GC 788/15|Wyrok|https://www.saos.org.pl/judgments/254048
237963|2016-06-07|SO|II C 148/16|Wyrok|https://www.saos.org.pl/judgments/237963
237502|2016-06-07|SO|II C 738/15|Uzasadnienie|https://www.saos.org.pl/judgments/237502
229525|2016-06-07|SO|II C 569/12|Wyrok|https://www.saos.org.pl/judgments/229525
523724|2016-06-06|SO|II Ca 353/16|Wyrok|https://www.saos.org.pl/judgments/523724
327381|2016-06-06|SO|II Ca 282/16|Postanowienie|https://www.saos.org.pl/judgments/327381
233946|2016-06-06|SO|I C 604/15|Wyrok|https://www.saos.org.pl/judgments/233946
228422|2016-06-06|SO|VIII GC 469/15|Zarządzenie|https://www.saos.org.pl/judgments/228422
254593|2016-06-03|SO|I ACa 1201/15|Wyrok|https://www.saos.org.pl/judgments/254593
232962|2016-06-03|SO|VI GC 137/14|Wyrok|https://www.saos.org.pl/judgments/232962
229418|2016-06-03|SO|III C 503/15|Wyrok|https://www.saos.org.pl/judgments/229418
358866|2016-06-02|SO|I C 66/16|Wyrok|https://www.saos.org.pl/judgments/358866
268726|2016-06-02|SO|I C 292/16|Wyrok|https://www.saos.org.pl/judgments/268726
259812|2016-06-02|SO|I C 697/15|Wyrok|https://www.saos.org.pl/judgments/259812
246062|2016-06-02|SO|I ACa 282/16|Wyrok|https://www.saos.org.pl/judgments/246062
240424|2016-06-02|SO|III Ca 209/16|Uzasadnienie|https://www.saos.org.pl/judgments/240424
232048|2016-06-02|SO|VIII C 2777/15|Wyrok|https://www.saos.org.pl/judgments/232048
305195|2016-06-01|SO|II Ca 1572/15|Wyrok|https://www.saos.org.pl/judgments/305195
257052|2016-06-01|SO|I C 251/16|Zarządzenie|https://www.saos.org.pl/judgments/257052
249621|2016-06-01|SO|II Ca 2424/15|Wyrok|https://www.saos.org.pl/judgments/249621
235677|2016-06-01|SO|V GC 1636/15|Wyrok|https://www.saos.org.pl/judgments/235677
235600|2016-06-01|SO|I Ca 203/16|Wyrok|https://www.saos.org.pl/judgments/235600
234851|2016-06-01|SO|I Ca 205/16|Postanowienie|https://www.saos.org.pl/judgments/234851
232165|2016-06-01|SO|I C 631/15|Wyrok|https://www.saos.org.pl/judgments/232165
269675|2016-05-31|SO|II C 2718/15|Uzasadnienie|https://www.saos.org.pl/judgments/269675
256572|2016-05-31|SO|I C 65/16|Wyrok|https://www.saos.org.pl/judgments/256572
248658|2016-05-31|SO|XVIII C 389/15|Wyrok|https://www.saos.org.pl/judgments/248658
242528|2016-05-31|SO|I C 1067/15|Wyrok|https://www.saos.org.pl/judgments/242528
240469|2016-05-31|SO|III Ca 304/16|Uzasadnienie|https://www.saos.org.pl/judgments/240469
230948|2016-05-31|SO|IV Ca 1634/15|Wyrok|https://www.saos.org.pl/judgments/230948
227797|2016-05-31|SO|X GC 1163/15|Zarządzenie|https://www.saos.org.pl/judgments/227797
227795|2016-05-31|SO|X GC 1153/15|Zarządzenie|https://www.saos.org.pl/judgments/227795
227120|2016-05-31|SO|I C 360/16|Wyrok|https://www.saos.org.pl/judgments/227120
283563|2016-05-30|SO|IX GC 91/15|Wyrok|https://www.saos.org.pl/judgments/283563
262634|2016-05-30|SO|XV Ca 1706/15|Postanowienie|https://www.saos.org.pl/judgments/262634
258576|2016-05-30|SO|XI Ns 1757/15|Postanowienie|https://www.saos.org.pl/judgments/258576
255511|2016-05-30|SO|IV C 19/14|Wyrok|https://www.saos.org.pl/judgments/255511
247301|2016-05-30|SO|I C 450/12|Wyrok|https://www.saos.org.pl/judgments/247301
236197|2016-05-30|SO|XVI Ns 923/14|Postanowienie|https://www.saos.org.pl/judgments/236197
229330|2016-05-30|SO|I C 1406/15|Wyrok|https://www.saos.org.pl/judgments/229330
482558|2016-05-25|SO|V ACa 748/15|Wyrok|https://www.saos.org.pl/judgments/482558
376281|2016-05-25|SO|XXVI GC 747/15|Wyrok|https://www.saos.org.pl/judgments/376281
279544|2016-05-25|SO|I ACa 433/16|Wyrok|https://www.saos.org.pl/judgments/279544
249589|2016-05-25|SO|I C 1262/12|Wyrok|https://www.saos.org.pl/judgments/249589
240375|2016-05-25|SO|I C 702/15|Wyrok|https://www.saos.org.pl/judgments/240375
239678|2016-05-25|SO|III Ca 240/16|Uzasadnienie|https://www.saos.org.pl/judgments/239678
235599|2016-05-25|SO|I Ca 199/16|Wyrok|https://www.saos.org.pl/judgments/235599
233466|2016-05-25|SO|I C 2295/15|Wyrok|https://www.saos.org.pl/judgments/233466
232338|2016-05-25|SO|VIII GC 51/16|Wyrok|https://www.saos.org.pl/judgments/232338
231161|2016-05-25|SO|I C 137/16|Wyrok|https://www.saos.org.pl/judgments/231161
229083|2016-05-25|SO|I C 25/15|Wyrok|https://www.saos.org.pl/judgments/229083
228916|2016-05-25|SO|VIII C 2854/15|Wyrok|https://www.saos.org.pl/judgments/228916
228735|2016-05-25|SO|I C 1004/16|Wyrok|https://www.saos.org.pl/judgments/228735
228677|2016-05-25|SO|XII C 2166/15|Wyrok|https://www.saos.org.pl/judgments/228677
228039|2016-05-25|SO|I C 2218/15|Wyrok|https://www.saos.org.pl/judgments/228039
262334|2016-05-24|SO|XV Ca 816/15|Postanowienie|https://www.saos.org.pl/judgments/262334
248653|2016-05-24|SO|XVIII C 10/15|Wyrok|https://www.saos.org.pl/judgments/248653
242535|2016-05-24|SO|I C 14/16|Wyrok|https://www.saos.org.pl/judgments/242535
241084|2016-05-24|SO|I ACa 956/15|Wyrok|https://www.saos.org.pl/judgments/241084
237915|2016-05-24|SO|I ACa 1094/15|Wyrok|https://www.saos.org.pl/judgments/237915
237805|2016-05-24|SO|I C 1570/15|Wyrok|https://www.saos.org.pl/judgments/237805
234060|2016-05-24|SO|VI GC 298/15|Wyrok|https://www.saos.org.pl/judgments/234060
231095|2016-05-24|SO|I ACa 218/16|Wyrok|https://www.saos.org.pl/judgments/231095
226454|2016-05-24|SO|II C 442/15|Wyrok|https://www.saos.org.pl/judgments/226454
248828|2016-05-23|SO|I C 22/16|Zarządzenie|https://www.saos.org.pl/judgments/248828
239636|2016-05-23|SO|III Ca 119/16|Uzasadnienie|https://www.saos.org.pl/judgments/239636
231439|2016-05-23|SO|III C 1228/15|Wyrok|https://www.saos.org.pl/judgments/231439
230911|2016-05-23|SO|III Ca 261/16|Wyrok|https://www.saos.org.pl/judgments/230911
228753|2016-05-23|SO|I C 390/16|Wyrok|https://www.saos.org.pl/judgments/228753
228676|2016-05-23|SO|XII C 1775/15|Wyrok|https://www.saos.org.pl/judgments/228676
228675|2016-05-23|SO|XII C 1262/14|Wyrok|https://www.saos.org.pl/judgments/228675
225649|2016-05-23|SO|III Ca 639/16|Wyrok|https://www.saos.org.pl/judgments/225649
239384|2016-05-20|SO|III Ca 127/16|Uzasadnienie|https://www.saos.org.pl/judgments/239384
234278|2016-05-20|SO|I ACa 102/16|Wyrok|https://www.saos.org.pl/judgments/234278
227093|2016-05-20|SO|I C 220/15|Wyrok|https://www.saos.org.pl/judgments/227093
252475|2016-05-19|SO|I Ns 141/16|Postanowienie|https://www.saos.org.pl/judgments/252475
239644|2016-05-19|SO|III Ca 1628/15|Uzasadnienie|https://www.saos.org.pl/judgments/239644
235182|2016-05-19|SO|I ACa 146/16|Wyrok|https://www.saos.org.pl/judgments/235182
232563|2016-05-19|SO|II C 1573/15|Uzasadnienie|https://www.saos.org.pl/judgments/232563
227887|2016-05-19|SO|I Ns 2409/14|Postanowienie|https://www.saos.org.pl/judgments/227887
226908|2016-05-19|SO|VIII C 3660/15|Wyrok|https://www.saos.org.pl/judgments/226908
269907|2016-05-18|SO|I C 646/15|Wyrok|https://www.saos.org.pl/judgments/269907
240630|2016-05-18|SO|X GC 697/13|Uzasadnienie|https://www.saos.org.pl/judgments/240630
237116|2016-05-18|SO|I C 1203/14|Wyrok|https://www.saos.org.pl/judgments/237116
234445|2016-05-18|SO|VI ACa 626/15|Wyrok|https://www.saos.org.pl/judgments/234445
233709|2016-05-18|SO|I Ns 720/14|Uzasadnienie|https://www.saos.org.pl/judgments/233709
256797|2016-05-17|SO|I1 C 346/16|Wyrok|https://www.saos.org.pl/judgments/256797
233891|2016-05-17|SO|XVIII C 366/15|Wyrok|https://www.saos.org.pl/judgments/233891
228045|2016-05-17|SO|I C 412/16|Wyrok|https://www.saos.org.pl/judgments/228045
226550|2016-05-17|SO|II Ns 1865/14|Postanowienie|https://www.saos.org.pl/judgments/226550
254426|2016-05-16|SO|IV C 619/15|Wyrok|https://www.saos.org.pl/judgments/254426
236206|2016-05-16|SO|XXIV C 247/15|Wyrok|https://www.saos.org.pl/judgments/236206
303453|2016-05-13|SO|II C 157/15|Wyrok|https://www.saos.org.pl/judgments/303453
239402|2016-05-13|SO|III Ca 167/16|Uzasadnienie|https://www.saos.org.pl/judgments/239402
234159|2016-05-13|SO|I Ca 52/16|Postanowienie|https://www.saos.org.pl/judgments/234159
228862|2016-05-13|SO|IX GC 1315/15|Wyrok|https://www.saos.org.pl/judgments/228862
228326|2016-05-13|SO|IV Ca 1873/15|Postanowienie|https://www.saos.org.pl/judgments/228326
225977|2016-05-13|SO|I C 436/15|Wyrok|https://www.saos.org.pl/judgments/225977
239839|2016-05-12|SO|I ACa 156/16|Wyrok|https://www.saos.org.pl/judgments/239839
233800|2016-05-12|SO|VI Ga 36/16|Wyrok|https://www.saos.org.pl/judgments/233800
227491|2016-05-12|SO|VIII C 3525/15|Wyrok|https://www.saos.org.pl/judgments/227491
226969|2016-05-12|SO|XII C 1220/14|Wyrok|https://www.saos.org.pl/judgments/226969
225783|2016-05-12|SO|I C 1705/15|Wyrok|https://www.saos.org.pl/judgments/225783
392612|2016-05-11|SO|XVI GC 2591/13|Wyrok|https://www.saos.org.pl/judgments/392612
226347|2016-05-11|SO|I C 35/10|Wyrok|https://www.saos.org.pl/judgments/226347
225611|2016-05-11|SO|II Ns 1034/13|Uzasadnienie|https://www.saos.org.pl/judgments/225611
221865|2016-05-11|SO|I C 93/16|Wyrok|https://www.saos.org.pl/judgments/221865
305157|2016-05-10|SO|II Ca 1427/15|Wyrok|https://www.saos.org.pl/judgments/305157
267663|2016-05-10|SO|I Ns 1588/15|Postanowienie|https://www.saos.org.pl/judgments/267663
237041|2016-05-10|SO|VIII C 1384/15|Wyrok|https://www.saos.org.pl/judgments/237041
233889|2016-05-10|SO|XVIII C 348/15|Wyrok|https://www.saos.org.pl/judgments/233889
227159|2016-05-10|SO|I Ca 61/16|Postanowienie|https://www.saos.org.pl/judgments/227159
226906|2016-05-10|SO|VIII C 3470/15|Wyrok|https://www.saos.org.pl/judgments/226906
221794|2016-05-10|SO|I C 113/16|Wyrok|https://www.saos.org.pl/judgments/221794
257299|2016-05-09|SO|II Ca 59/16|Wyrok|https://www.saos.org.pl/judgments/257299
247894|2016-05-09|SO|I ACa 4/16|Wyrok|https://www.saos.org.pl/judgments/247894
235801|2016-05-09|SO|I C 211/15|Wyrok|https://www.saos.org.pl/judgments/235801
226690|2016-05-09|SO|IX C 297/14|Wyrok|https://www.saos.org.pl/judgments/226690
226446|2016-05-09|SO|II C 152/15|Uzasadnienie|https://www.saos.org.pl/judgments/226446
385640|2016-05-06|SO|I Ns 709/15|Postanowienie|https://www.saos.org.pl/judgments/385640
295417|2016-05-06|SO|XXIV C 1816/08|Wyrok|https://www.saos.org.pl/judgments/295417
239693|2016-05-06|SO|III Ca 527/16|Uzasadnienie|https://www.saos.org.pl/judgments/239693
228555|2016-05-06|SO|I C 74/16|Wyrok|https://www.saos.org.pl/judgments/228555
228195|2016-05-06|SO|XV C 1034/15|Wyrok|https://www.saos.org.pl/judgments/228195
305152|2016-05-05|SO|II Ca 1408/15|Wyrok|https://www.saos.org.pl/judgments/305152
251690|2016-05-05|SO|I ACa 289/15|Wyrok|https://www.saos.org.pl/judgments/251690
225189|2016-05-05|SO|III Ca 1987/15|Uzasadnienie|https://www.saos.org.pl/judgments/225189
320930|2016-05-04|SO|I C 1210/15|Zarządzenie|https://www.saos.org.pl/judgments/320930
265849|2016-05-04|SO|XVIII C 4733/15|Wyrok|https://www.saos.org.pl/judgments/265849
235375|2016-05-04|SO|I C 1933/15|Wyrok|https://www.saos.org.pl/judgments/235375
333694|2016-04-29|SO|II C 1167/12|Wyrok|https://www.saos.org.pl/judgments/333694
305144|2016-04-29|SO|II Ca 1393/15|Wyrok|https://www.saos.org.pl/judgments/305144
257122|2016-04-29|SO|I C 7/15|Wyrok|https://www.saos.org.pl/judgments/257122
246826|2016-04-29|SO|XXV C 1526/14|Wyrok|https://www.saos.org.pl/judgments/246826
240200|2016-04-29|SO|VIII C 39/16|Wyrok|https://www.saos.org.pl/judgments/240200
239911|2016-04-29|SO|II Ca 1685/15|Wyrok|https://www.saos.org.pl/judgments/239911
233779|2016-04-29|SO|V GC 211/15|Wyrok|https://www.saos.org.pl/judgments/233779
227880|2016-04-29|SO|I C 87/16|Uzasadnienie|https://www.saos.org.pl/judgments/227880
227141|2016-04-29|SO|I C 720/16|Wyrok|https://www.saos.org.pl/judgments/227141
227081|2016-04-29|SO|I C 1530/15|Wyrok|https://www.saos.org.pl/judgments/227081
225059|2016-04-29|SO|II C 62/12|Uzasadnienie|https://www.saos.org.pl/judgments/225059
370148|2016-04-28|SO|XXVI GC 346/12|Wyrok|https://www.saos.org.pl/judgments/370148
359803|2016-04-28|SO|IX C 163/15|Zarządzenie|https://www.saos.org.pl/judgments/359803
347795|2016-04-28|SO|XXVI GC 208/15|Wyrok|https://www.saos.org.pl/judgments/347795
276189|2016-04-28|SO|II Ca 277/16|Postanowienie|https://www.saos.org.pl/judgments/276189
252417|2016-04-28|SO|I C 324/13|Wyrok|https://www.saos.org.pl/judgments/252417
238619|2016-04-28|SO|III Ca 113/16|Uzasadnienie|https://www.saos.org.pl/judgments/238619
234132|2016-04-28|SO|I ACa 953/15|Wyrok|https://www.saos.org.pl/judgments/234132
224083|2016-04-28|SO|I C 707/15|Uzasadnienie|https://www.saos.org.pl/judgments/224083
278787|2016-04-27|SO|I C 2629/15|Wyrok|https://www.saos.org.pl/judgments/278787
275616|2016-04-27|SO|II Cz 641/16|Postanowienie|https://www.saos.org.pl/judgments/275616
262636|2016-04-27|SO|XV Ca 276/16|Wyrok|https://www.saos.org.pl/judgments/262636
231845|2016-04-27|SO|I ACa 1196/15|Wyrok|https://www.saos.org.pl/judgments/231845
228210|2016-04-27|SO|I ACa 1572/15|Wyrok|https://www.saos.org.pl/judgments/228210
227045|2016-04-27|SO|I ACa 60/16|Wyrok|https://www.saos.org.pl/judgments/227045
224904|2016-04-27|SO|I C 2038/14|Wyrok|https://www.saos.org.pl/judgments/224904
223835|2016-04-27|SO|I C 422/11|Wyrok|https://www.saos.org.pl/judgments/223835
333371|2016-04-26|SO|I C 1494/12|Wyrok|https://www.saos.org.pl/judgments/333371
327297|2016-04-26|SO|V GC 38/15|Wyrok|https://www.saos.org.pl/judgments/327297
233162|2016-04-26|SO|I C 39/16|Wyrok|https://www.saos.org.pl/judgments/233162
223399|2016-04-26|SO|VIII C 3648/15|Wyrok|https://www.saos.org.pl/judgments/223399
296709|2016-04-25|SO|II Ca 206/16|Wyrok|https://www.saos.org.pl/judgments/296709
229075|2016-04-25|SO|I C 1882/15|Wyrok|https://www.saos.org.pl/judgments/229075
225786|2016-04-25|SO|I C 1850/15|Wyrok|https://www.saos.org.pl/judgments/225786
221329|2016-04-22|SO|I Ca 110/16|Wyrok|https://www.saos.org.pl/judgments/221329
256965|2016-04-21|SO|I ACa 935/15|Wyrok|https://www.saos.org.pl/judgments/256965
237445|2016-04-21|SO|I ACa 1121/15|Wyrok|https://www.saos.org.pl/judgments/237445
236431|2016-04-21|SO|I ACa 926/15|Wyrok|https://www.saos.org.pl/judgments/236431
230762|2016-04-21|SO|I C 1390/15|Wyrok|https://www.saos.org.pl/judgments/230762
230756|2016-04-21|SO|I ACa 990/15|Wyrok|https://www.saos.org.pl/judgments/230756
229448|2016-04-21|SO|V Ca 2282/15|Wyrok|https://www.saos.org.pl/judgments/229448
229016|2016-04-21|SO|XI GC 334/15|Wyrok|https://www.saos.org.pl/judgments/229016
224245|2016-04-21|SO|XII C 1183/14|Wyrok|https://www.saos.org.pl/judgments/224245
223533|2016-04-21|SO|II Ca 1078/15|Wyrok|https://www.saos.org.pl/judgments/223533
252482|2016-04-20|SO|I Ns 745/15|Postanowienie|https://www.saos.org.pl/judgments/252482
231851|2016-04-20|SO|I ACa 24/16|Wyrok|https://www.saos.org.pl/judgments/231851
226911|2016-04-20|SO|VIII C 701/15|Wyrok|https://www.saos.org.pl/judgments/226911
224944|2016-04-20|SO|I C 703/15|Uzasadnienie|https://www.saos.org.pl/judgments/224944
224414|2016-04-20|SO|I C 546/15|Wyrok|https://www.saos.org.pl/judgments/224414
222105|2016-04-20|SO|V Ca 954/15|Wyrok|https://www.saos.org.pl/judgments/222105
221316|2016-04-20|SO|I C 603/15|Wyrok|https://www.saos.org.pl/judgments/221316
217691|2016-04-20|SO|XIII Ga 186/16|Uzasadnienie|https://www.saos.org.pl/judgments/217691
305092|2016-04-19|SO|II Ca 1207/15|Postanowienie|https://www.saos.org.pl/judgments/305092
228078|2016-04-19|SO|II C 236/14|Uzasadnienie|https://www.saos.org.pl/judgments/228078
223220|2016-04-19|SO|I ACa 892/15|Wyrok|https://www.saos.org.pl/judgments/223220
220617|2016-04-19|SO|I C 531/15|Wyrok|https://www.saos.org.pl/judgments/220617
221892|2016-04-18|SO|II C 2679/15|Uzasadnienie|https://www.saos.org.pl/judgments/221892
221023|2016-04-18|SO|VI Gz 34/16|Postanowienie|https://www.saos.org.pl/judgments/221023
219538|2016-04-18|SO|I C 1685/15|Wyrok|https://www.saos.org.pl/judgments/219538
257082|2016-04-14|SO|I C 387/15|Wyrok|https://www.saos.org.pl/judgments/257082
240331|2016-04-14|SO|I ACa 111/16|Wyrok|https://www.saos.org.pl/judgments/240331
235227|2016-04-14|SO|II C 49/16|Wyrok|https://www.saos.org.pl/judgments/235227
232511|2016-04-14|SO|I C 1074/15|Wyrok|https://www.saos.org.pl/judgments/232511
231211|2016-04-14|SO|I C 520/15|Uzasadnienie|https://www.saos.org.pl/judgments/231211
231092|2016-04-14|SO|I ACa 1864/15|Wyrok|https://www.saos.org.pl/judgments/231092
224555|2016-04-14|SO|III Ca 1979/15|Uzasadnienie|https://www.saos.org.pl/judgments/224555
224359|2016-04-14|SO|I ACa 950/15|Wyrok|https://www.saos.org.pl/judgments/224359
222921|2016-04-14|SO|VIII C 2131/15|Wyrok|https://www.saos.org.pl/judgments/222921
305113|2016-04-13|SO|II Ca 1283/15|Wyrok|https://www.saos.org.pl/judgments/305113
225770|2016-04-13|SO|I C 1/16|Uzasadnienie|https://www.saos.org.pl/judgments/225770
225144|2016-04-13|SO|III Ca 16/16|Uzasadnienie|https://www.saos.org.pl/judgments/225144
223060|2016-04-13|SO|I ACa 667/14|Wyrok|https://www.saos.org.pl/judgments/223060
221233|2016-04-13|SO|XXIII Ga 2127/15|Wyrok|https://www.saos.org.pl/judgments/221233
299386|2016-04-12|SO|VI GC 19/16|Wyrok|https://www.saos.org.pl/judgments/299386
266231|2016-04-12|SO|I C 554/15|Wyrok|https://www.saos.org.pl/judgments/266231
252399|2016-04-12|SO|I C 197/15|Wyrok|https://www.saos.org.pl/judgments/252399
238309|2016-04-12|SO|I C 552/15|Wyrok|https://www.saos.org.pl/judgments/238309
238308|2016-04-12|SO|I C 544/15|Wyrok|https://www.saos.org.pl/judgments/238308
227006|2016-04-12|SO|XVIII C 363/15|Wyrok|https://www.saos.org.pl/judgments/227006
261955|2016-04-11|SO|I C 363/16|Wyrok|https://www.saos.org.pl/judgments/261955
261254|2016-04-11|SO|I C 1925/15|Wyrok|https://www.saos.org.pl/judgments/261254
259796|2016-04-11|SO|I C 284/15|Wyrok|https://www.saos.org.pl/judgments/259796
252469|2016-04-11|SO|I C 94/15|Wyrok|https://www.saos.org.pl/judgments/252469
248128|2016-04-11|SO|I C 1518/15|Uzasadnienie|https://www.saos.org.pl/judgments/248128
227023|2016-04-11|SO|XXV C 561/15|Wyrok|https://www.saos.org.pl/judgments/227023
222235|2016-04-11|SO|VIII C 387/14|Wyrok|https://www.saos.org.pl/judgments/222235
305111|2016-04-08|SO|II Ca 1272/15|Postanowienie|https://www.saos.org.pl/judgments/305111
226314|2016-04-08|SO|I C 2220/15|Wyrok|https://www.saos.org.pl/judgments/226314
220435|2016-04-08|SO|I ACa 1481/15|Wyrok|https://www.saos.org.pl/judgments/220435
218938|2016-04-08|SO|I C 620/15|Wyrok|https://www.saos.org.pl/judgments/218938
257273|2016-04-07|SO|II Ca 169/16|Wyrok|https://www.saos.org.pl/judgments/257273
236032|2016-04-07|SO|I ACa 1067/15|Wyrok|https://www.saos.org.pl/judgments/236032
229342|2016-04-07|SO|I C 1938/14|Wyrok|https://www.saos.org.pl/judgments/229342
228222|2016-04-07|SO|I ACa 1832/15|Wyrok|https://www.saos.org.pl/judgments/228222
223206|2016-04-07|SO|I ACa 1004/15|Wyrok|https://www.saos.org.pl/judgments/223206
219566|2016-04-07|SO|I C 556/15|Wyrok|https://www.saos.org.pl/judgments/219566
427741|2016-04-06|SO|I ACa 964/15|Wyrok|https://www.saos.org.pl/judgments/427741
245059|2016-04-06|SN|IV CSK 414/15|Postanowienie|https://www.saos.org.pl/judgments/245059
228023|2016-04-06|SO|I ACa 899/15|Wyrok|https://www.saos.org.pl/judgments/228023
223530|2016-04-06|SO|II Ca 1031/15|Wyrok|https://www.saos.org.pl/judgments/223530
220855|2016-04-06|SO|III C 1618/15|Wyrok|https://www.saos.org.pl/judgments/220855
220121|2016-04-06|SO|I C 17/16|Wyrok|https://www.saos.org.pl/judgments/220121
217725|2016-04-06|SO|I C 194/16|Wyrok|https://www.saos.org.pl/judgments/217725
231839|2016-04-05|SO|I ACa 1116/15|Wyrok|https://www.saos.org.pl/judgments/231839
225965|2016-04-05|SO|I C 2764/15|Wyrok|https://www.saos.org.pl/judgments/225965
220681|2016-04-05|SO|I Ns 66/16|Postanowienie|https://www.saos.org.pl/judgments/220681
215036|2016-04-05|SO|XIII Ga 81/16|Uzasadnienie|https://www.saos.org.pl/judgments/215036
255102|2016-04-04|SO|I C 403/15|Wyrok|https://www.saos.org.pl/judgments/255102
228173|2016-04-04|SO|VIII C 1862/15|Wyrok|https://www.saos.org.pl/judgments/228173
228081|2016-04-04|SO|II C 27/15|Zarządzenie|https://www.saos.org.pl/judgments/228081
224457|2016-04-04|SO|II C 93/16|Wyrok|https://www.saos.org.pl/judgments/224457
220133|2016-04-04|SO|I C 520/15|Wyrok|https://www.saos.org.pl/judgments/220133
217676|2016-04-04|SO|XI GC 1108/15|Wyrok|https://www.saos.org.pl/judgments/217676
276583|2016-04-01|SO|IX GC 1336/14|Wyrok|https://www.saos.org.pl/judgments/276583
222671|2016-04-01|SO|III Ca 1892/15|Uzasadnienie|https://www.saos.org.pl/judgments/222671
216094|2016-04-01|SO|II C 460/14|Wyrok|https://www.saos.org.pl/judgments/216094
501547|2016-03-31|SO|II Ca 100/16|Postanowienie|https://www.saos.org.pl/judgments/501547
299040|2016-03-31|SO|VI Ga 78/16|Wyrok|https://www.saos.org.pl/judgments/299040
254620|2016-03-31|SO|I Ns 265/16|Postanowienie|https://www.saos.org.pl/judgments/254620
237848|2016-03-31|SO|IV P 62/15|Wyrok|https://www.saos.org.pl/judgments/237848
228168|2016-03-31|SO|VIII C 161/14|Wyrok|https://www.saos.org.pl/judgments/228168
223211|2016-03-31|SO|I ACa 1110/15|Wyrok|https://www.saos.org.pl/judgments/223211
222432|2016-03-31|SO|I Ca 118/16|Wyrok|https://www.saos.org.pl/judgments/222432
217941|2016-03-31|SO|I C 1555/15|Wyrok|https://www.saos.org.pl/judgments/217941
217714|2016-03-31|SO|I ACa 1092/15|Wyrok|https://www.saos.org.pl/judgments/217714
277907|2016-03-30|SO|V GC 875/14|Wyrok|https://www.saos.org.pl/judgments/277907
234467|2016-03-30|SO|XII C 186/15|Wyrok|https://www.saos.org.pl/judgments/234467
229045|2016-03-30|SO|I 1 C 146/16|Wyrok|https://www.saos.org.pl/judgments/229045
228500|2016-03-30|SO|I 1 C 192/16|Wyrok|https://www.saos.org.pl/judgments/228500
222591|2016-03-30|SO|III Ca 1525/15|Uzasadnienie|https://www.saos.org.pl/judgments/222591
218348|2016-03-29|SO|I C 2283/15|Wyrok|https://www.saos.org.pl/judgments/218348
319635|2016-03-25|SO|I C 56/16|Wyrok|https://www.saos.org.pl/judgments/319635
217281|2016-03-25|SO|I C 861/15|Wyrok|https://www.saos.org.pl/judgments/217281
342719|2016-03-24|SO|XXVI GC 45/15|Wyrok|https://www.saos.org.pl/judgments/342719
299039|2016-03-24|SO|VI Ga 422/15|Wyrok|https://www.saos.org.pl/judgments/299039
241737|2016-03-24|SO|IX C 55/15|Wyrok|https://www.saos.org.pl/judgments/241737
236451|2016-03-24|SO|I C 562/15|Wyrok|https://www.saos.org.pl/judgments/236451
224431|2016-03-24|SO|I C 954/13|Wyrok|https://www.saos.org.pl/judgments/224431
222340|2016-03-24|SO|I ACa 1779/15|Wyrok|https://www.saos.org.pl/judgments/222340
220131|2016-03-24|SO|I C 432/15|Wyrok|https://www.saos.org.pl/judgments/220131
219544|2016-03-24|SO|I C 2244/15|Wyrok|https://www.saos.org.pl/judgments/219544
216913|2016-03-24|SO|IV P 172/15|Wyrok|https://www.saos.org.pl/judgments/216913
235740|2016-03-23|SO|XVI GC 1348/15|Wyrok|https://www.saos.org.pl/judgments/235740
226339|2016-03-23|SO|I C 2950/15|Wyrok|https://www.saos.org.pl/judgments/226339
224928|2016-03-23|SO|I C 42/16|Uzasadnienie|https://www.saos.org.pl/judgments/224928
218061|2016-03-23|SO|IV Ca 967/15|Wyrok|https://www.saos.org.pl/judgments/218061
217726|2016-03-23|SO|I C 21/16|Wyrok|https://www.saos.org.pl/judgments/217726
217140|2016-03-23|SO|XII C 1184/14|Wyrok|https://www.saos.org.pl/judgments/217140
305073|2016-03-22|SO|II Ca 1132/15|Wyrok|https://www.saos.org.pl/judgments/305073
299811|2016-03-22|SO|II Ca 896/15|Wyrok|https://www.saos.org.pl/judgments/299811
249586|2016-03-22|SO|I C 1120/14|Wyrok|https://www.saos.org.pl/judgments/249586
233890|2016-03-22|SO|XVIII C 35/15|Wyrok|https://www.saos.org.pl/judgments/233890
225023|2016-03-22|SO|II C 140/15|Uzasadnienie|https://www.saos.org.pl/judgments/225023
218397|2016-03-22|SO|I Ns 194/15|Postanowienie|https://www.saos.org.pl/judgments/218397
221317|2016-03-21|SO|I C 696/15|Wyrok|https://www.saos.org.pl/judgments/221317
219565|2016-03-21|SO|I C 495/15|Wyrok|https://www.saos.org.pl/judgments/219565
218284|2016-03-21|SO|I ACa 1640/15|Wyrok|https://www.saos.org.pl/judgments/218284
216607|2016-03-21|SO|I C 22/16|Wyrok|https://www.saos.org.pl/judgments/216607
215168|2016-03-21|SO|I C 768/14|Zarządzenie|https://www.saos.org.pl/judgments/215168
212787|2016-03-21|SO|I C 3979/15|Wyrok|https://www.saos.org.pl/judgments/212787
217744|2016-03-18|SO|I C 879/15|Wyrok|https://www.saos.org.pl/judgments/217744
217280|2016-03-18|SO|I C 859/15|Uzasadnienie|https://www.saos.org.pl/judgments/217280
215128|2016-03-18|SO|I C 1923/15|Postanowienie|https://www.saos.org.pl/judgments/215128
214681|2016-03-18|SO|I C 613/15|Wyrok|https://www.saos.org.pl/judgments/214681
233503|2016-03-17|SO|II C 1342/15|Wyrok|https://www.saos.org.pl/judgments/233503
229383|2016-03-17|SO|I C 751/13|Wyrok|https://www.saos.org.pl/judgments/229383
226784|2016-03-17|SO|VI GC 603/15|Wyrok|https://www.saos.org.pl/judgments/226784
223527|2016-03-17|SO|II Ca 1007/15|Wyrok|https://www.saos.org.pl/judgments/223527
219337|2016-03-17|SO|III C 1587/13|Wyrok|https://www.saos.org.pl/judgments/219337
217733|2016-03-17|SO|I C 364/15|Wyrok|https://www.saos.org.pl/judgments/217733
217236|2016-03-17|SO|I C 169/16|Wyrok|https://www.saos.org.pl/judgments/217236
280383|2016-03-16|SO|XVI GC 1999/14|Wyrok|https://www.saos.org.pl/judgments/280383
229315|2016-03-16|SO|I ACa 941/15|Wyrok|https://www.saos.org.pl/judgments/229315
220702|2016-03-16|SO|II C 1406/15|Uzasadnienie|https://www.saos.org.pl/judgments/220702
215104|2016-03-16|SO|I C 1063/15|Wyrok|https://www.saos.org.pl/judgments/215104
351303|2016-03-15|SO|I C 362/14|Wyrok|https://www.saos.org.pl/judgments/351303
304229|2016-03-15|SO|I ACa 1019/15|Wyrok|https://www.saos.org.pl/judgments/304229
268475|2016-03-15|SO|I C 1399/15|Zarządzenie|https://www.saos.org.pl/judgments/268475
261054|2016-03-15|SO|I C 243/15|Wyrok|https://www.saos.org.pl/judgments/261054
225642|2016-03-15|SO|III Ca 275/16|Wyrok|https://www.saos.org.pl/judgments/225642
219574|2016-03-15|SO|I C 636/15|Wyrok|https://www.saos.org.pl/judgments/219574
218452|2016-03-15|SO|II Ca 1797/15|Wyrok|https://www.saos.org.pl/judgments/218452
256574|2016-03-14|SO|I C 674/15|Wyrok|https://www.saos.org.pl/judgments/256574
239354|2016-03-14|SO|I C 785/15|Wyrok|https://www.saos.org.pl/judgments/239354
222611|2016-03-14|SO|III Ca 1816/15|Uzasadnienie|https://www.saos.org.pl/judgments/222611
222356|2016-03-14|SO|I C 1031/15|Wyrok|https://www.saos.org.pl/judgments/222356
218275|2016-03-11|SO|I ACa 1408/15|Wyrok|https://www.saos.org.pl/judgments/218275
216003|2016-03-11|SO|I C 2100/15|Wyrok|https://www.saos.org.pl/judgments/216003
237108|2016-03-10|SO|I ACa 712/15|Wyrok|https://www.saos.org.pl/judgments/237108
224350|2016-03-10|SO|I ACa 45/16|Wyrok|https://www.saos.org.pl/judgments/224350
217290|2016-03-10|SO|I C 998/15|Zarządzenie|https://www.saos.org.pl/judgments/217290
215880|2016-03-10|SO|VI Ga 405/15|Wyrok|https://www.saos.org.pl/judgments/215880
212272|2016-03-10|SO|IX Ca 949/15|Wyrok|https://www.saos.org.pl/judgments/212272
250222|2016-03-09|SO|I C 942/14|Wyrok|https://www.saos.org.pl/judgments/250222
249795|2016-03-09|SO|I C 1191/15|Uzasadnienie|https://www.saos.org.pl/judgments/249795
224461|2016-03-09|SO|II Ca 1785/15|Wyrok|https://www.saos.org.pl/judgments/224461
215932|2016-03-09|SO|I ACa 1339/15|Wyrok|https://www.saos.org.pl/judgments/215932
215365|2016-03-09|SO|III Ca 1352/15|Wyrok|https://www.saos.org.pl/judgments/215365
219549|2016-03-08|SO|I C 2812/15|Wyrok|https://www.saos.org.pl/judgments/219549
215505|2016-03-08|SO|V ACa 548/15|Wyrok|https://www.saos.org.pl/judgments/215505
211234|2016-03-08|SO|XII C 1831/14|Wyrok|https://www.saos.org.pl/judgments/211234
221533|2016-03-07|SO|III Ca 1750/15|Uzasadnienie|https://www.saos.org.pl/judgments/221533
391620|2016-03-04|SO|I ACa 126/16|Wyrok|https://www.saos.org.pl/judgments/391620
244745|2016-03-04|SN|I CSK 750/15|Postanowienie|https://www.saos.org.pl/judgments/244745
218774|2016-03-04|SO|VIII Ga 311/15|Uzasadnienie|https://www.saos.org.pl/judgments/218774
218391|2016-03-04|SO|I Ca 545/15|Wyrok|https://www.saos.org.pl/judgments/218391
214306|2016-03-04|SO|II C 969/14|Wyrok|https://www.saos.org.pl/judgments/214306
213182|2016-03-04|SO|XVI C 2119/15|Uzasadnienie|https://www.saos.org.pl/judgments/213182
482406|2016-03-03|SO|V ACa 567/15|Wyrok|https://www.saos.org.pl/judgments/482406
305059|2016-03-03|SO|II Ca 1056/15|Wyrok|https://www.saos.org.pl/judgments/305059
267012|2016-03-03|SO|I1 C 1220/15|Wyrok|https://www.saos.org.pl/judgments/267012
228200|2016-03-03|SO|I ACa 1083/15|Wyrok|https://www.saos.org.pl/judgments/228200
216482|2016-03-03|SO|X GC 437/15|Wyrok|https://www.saos.org.pl/judgments/216482
227152|2016-03-02|SO|I C 994/15|Wyrok|https://www.saos.org.pl/judgments/227152
216542|2016-03-02|SO|I ACa 1102/15|Wyrok|https://www.saos.org.pl/judgments/216542
213757|2016-03-02|SO|I C 1161/14|Wyrok|https://www.saos.org.pl/judgments/213757
212094|2016-03-02|SO|III Ca 831/15|Postanowienie|https://www.saos.org.pl/judgments/212094
211656|2016-03-02|SO|IX Ca 897/15|Wyrok|https://www.saos.org.pl/judgments/211656
208173|2016-03-02|SO|I Ns 48/14|Postanowienie|https://www.saos.org.pl/judgments/208173
357279|2016-03-01|SO|XVI GC 742/15|Wyrok|https://www.saos.org.pl/judgments/357279
227007|2016-03-01|SO|XVIII C 368/15|Wyrok|https://www.saos.org.pl/judgments/227007
219767|2016-03-01|SO|III Ca 1647/15|Uzasadnienie|https://www.saos.org.pl/judgments/219767
232130|2016-02-29|SO|I C 1240/15|Wyrok|https://www.saos.org.pl/judgments/232130
215238|2016-02-29|SO|II C 803/12|Wyrok|https://www.saos.org.pl/judgments/215238
360352|2016-02-26|SO|I C 9/16|Wyrok|https://www.saos.org.pl/judgments/360352
242672|2016-02-26|SO|V ACa 806/15|Wyrok|https://www.saos.org.pl/judgments/242672
224267|2016-02-26|SO|I C 10/14|Uzasadnienie|https://www.saos.org.pl/judgments/224267
215602|2016-02-26|SO|VIII Ga 424/15|Wyrok|https://www.saos.org.pl/judgments/215602
214378|2016-02-26|SO|III C 942/15|Wyrok|https://www.saos.org.pl/judgments/214378
213700|2016-02-26|SO|XXIII Ga 1706/15|Wyrok|https://www.saos.org.pl/judgments/213700
211927|2016-02-26|SO|I C 2640/15|Wyrok|https://www.saos.org.pl/judgments/211927
271041|2016-02-25|SO|I C 26/15|Wyrok|https://www.saos.org.pl/judgments/271041
224360|2016-02-25|SO|I ACa 951/15|Wyrok|https://www.saos.org.pl/judgments/224360
223441|2016-02-25|SO|I C 1166/15|Wyrok|https://www.saos.org.pl/judgments/223441
221458|2016-02-25|SO|III Ca 1491/15|Uzasadnienie|https://www.saos.org.pl/judgments/221458
218214|2016-02-25|SO|VIII GC 1048/15|Wyrok|https://www.saos.org.pl/judgments/218214
216369|2016-02-25|SO|VIII C 1249/15|Wyrok|https://www.saos.org.pl/judgments/216369
215222|2016-02-25|SO|II C 49/13|Uzasadnienie|https://www.saos.org.pl/judgments/215222
305054|2016-02-24|SO|II Ca 1040/15|Wyrok|https://www.saos.org.pl/judgments/305054
219345|2016-02-24|SO|III C 815/15|Wyrok|https://www.saos.org.pl/judgments/219345
214939|2016-02-24|SO|VIII C 2704/15|Wyrok|https://www.saos.org.pl/judgments/214939
213620|2016-02-24|SO|VIII Ga 271/15|Uzasadnienie|https://www.saos.org.pl/judgments/213620
208170|2016-02-24|SO|I Ns 1416/15|Postanowienie|https://www.saos.org.pl/judgments/208170
361662|2016-02-23|SO|II Cgg 17/14|Wyrok|https://www.saos.org.pl/judgments/361662
224205|2016-02-23|SO|VI ACa 134/15|Wyrok|https://www.saos.org.pl/judgments/224205
221009|2016-02-23|SO|VI ACa 142/15|Wyrok|https://www.saos.org.pl/judgments/221009
217269|2016-02-23|SO|I C 75/15|Wyrok|https://www.saos.org.pl/judgments/217269
216525|2016-02-23|SO|XIII GC 1787/14|Wyrok|https://www.saos.org.pl/judgments/216525
215592|2016-02-23|SO|VIII C 3071/15|Wyrok|https://www.saos.org.pl/judgments/215592
214280|2016-02-23|SO|I C 797/15|Wyrok|https://www.saos.org.pl/judgments/214280
502185|2016-02-22|SO|II Ca 74/16|Wyrok|https://www.saos.org.pl/judgments/502185
219747|2016-02-22|SO|III Ca 1546/15|Uzasadnienie|https://www.saos.org.pl/judgments/219747
214407|2016-02-22|SO|III Ca 1618/15|Uzasadnienie|https://www.saos.org.pl/judgments/214407
213310|2016-02-22|SO|I C 815/15|Wyrok|https://www.saos.org.pl/judgments/213310
249364|2016-02-19|SO|IX GC 772/15|Wyrok|https://www.saos.org.pl/judgments/249364
218930|2016-02-19|SO|I C 531/14|Wyrok|https://www.saos.org.pl/judgments/218930
218583|2016-02-19|SO|IV Ca 621/15|Wyrok|https://www.saos.org.pl/judgments/218583
214535|2016-02-19|SO|VIII Ga 271/15|Wyrok|https://www.saos.org.pl/judgments/214535
210158|2016-02-19|SO|I C 1694/15|Postanowienie|https://www.saos.org.pl/judgments/210158
260717|2016-02-18|SO|I C 2178/15|Wyrok|https://www.saos.org.pl/judgments/260717
235482|2016-02-18|SO|VIII GC 1440/15|Wyrok|https://www.saos.org.pl/judgments/235482
226253|2016-02-18|SO|I ACa 706/15|Wyrok|https://www.saos.org.pl/judgments/226253
219798|2016-02-18|SO|III Ca 1680/15|Uzasadnienie|https://www.saos.org.pl/judgments/219798
217292|2016-02-18|SO|I Ca 166/15|Postanowienie|https://www.saos.org.pl/judgments/217292
211843|2016-02-18|SO|I ACa 1218/15|Wyrok|https://www.saos.org.pl/judgments/211843
211590|2016-02-18|SO|III C 892/14|Wyrok|https://www.saos.org.pl/judgments/211590
211341|2016-02-18|SO|II Ca 699/15|Postanowienie|https://www.saos.org.pl/judgments/211341
210886|2016-02-18|SO|II Ca 1073/15|Postanowienie|https://www.saos.org.pl/judgments/210886
207433|2016-02-18|SO|IV Ca 822/15|Postanowienie|https://www.saos.org.pl/judgments/207433
227851|2016-02-17|SO|I ACa 849/15|Wyrok|https://www.saos.org.pl/judgments/227851
222343|2016-02-17|SO|I ACa 461/15|Wyrok|https://www.saos.org.pl/judgments/222343
215172|2016-02-17|SO|I C 93/15|Wyrok|https://www.saos.org.pl/judgments/215172
212087|2016-02-17|SO|III C 843/15|Wyrok|https://www.saos.org.pl/judgments/212087
207921|2016-02-17|SO|I C 536/14|Wyrok|https://www.saos.org.pl/judgments/207921
213188|2016-02-16|SO|XVI C 391/14|Uzasadnienie|https://www.saos.org.pl/judgments/213188
212287|2016-02-16|SO|V Pa 102/15|Wyrok|https://www.saos.org.pl/judgments/212287
211911|2016-02-15|SO|I C 1886/15|Uzasadnienie|https://www.saos.org.pl/judgments/211911
204247|2016-02-15|SO|XIII Ga 760/15|Uzasadnienie|https://www.saos.org.pl/judgments/204247
202529|2016-02-15|SO|I C 165/15|Uzasadnienie|https://www.saos.org.pl/judgments/202529
210432|2016-02-12|SO|IV P 329/15|Wyrok|https://www.saos.org.pl/judgments/210432
350633|2016-02-11|SO|IX Ga 410/15|Wyrok|https://www.saos.org.pl/judgments/350633
229064|2016-02-11|SO|I ACa 722/15|Wyrok|https://www.saos.org.pl/judgments/229064
225471|2016-02-11|SO|VIII Pa 153/15|Wyrok|https://www.saos.org.pl/judgments/225471
213153|2016-02-11|SO|XII C 792/14|Wyrok|https://www.saos.org.pl/judgments/213153
208160|2016-02-11|SO|I C 810/15|Zarządzenie|https://www.saos.org.pl/judgments/208160
208004|2016-02-11|SO|III Ca 1747/15|Wyrok|https://www.saos.org.pl/judgments/208004
207944|2016-02-11|SO|II Ca 819/15|Wyrok|https://www.saos.org.pl/judgments/207944
203767|2016-02-11|SO|XIII Ga 781/15|Uzasadnienie|https://www.saos.org.pl/judgments/203767
290006|2016-02-10|SO|II Ca 1897/14|Postanowienie|https://www.saos.org.pl/judgments/290006
224026|2016-02-10|SO|I 1 C 2202/15|Wyrok|https://www.saos.org.pl/judgments/224026
220656|2016-02-10|SO|I C 891/15|Wyrok|https://www.saos.org.pl/judgments/220656
217301|2016-02-10|SO|I Ca 449/15|Wyrok|https://www.saos.org.pl/judgments/217301
215788|2016-02-10|SO|III Ca 19/16|Wyrok|https://www.saos.org.pl/judgments/215788
215239|2016-02-10|SO|II C 930/15|Uzasadnienie|https://www.saos.org.pl/judgments/215239
212732|2016-02-10|SO|I ACa 1417/15|Wyrok|https://www.saos.org.pl/judgments/212732
207997|2016-02-10|SO|III Ca 1679/15|Wyrok|https://www.saos.org.pl/judgments/207997
207693|2016-02-10|SO|I C 576/15|Wyrok|https://www.saos.org.pl/judgments/207693
204393|2016-02-10|SO|I C 252/14|Wyrok|https://www.saos.org.pl/judgments/204393
343271|2016-02-09|SO|I C 496/15|Wyrok|https://www.saos.org.pl/judgments/343271
225550|2016-02-09|SO|I C 1319/15|Wyrok|https://www.saos.org.pl/judgments/225550
219749|2016-02-09|SO|III Ca 1566/15|Uzasadnienie|https://www.saos.org.pl/judgments/219749
216568|2016-02-09|SO|I ACa 867/15|Wyrok|https://www.saos.org.pl/judgments/216568
214933|2016-02-09|SO|VIII C 2490/15|Wyrok|https://www.saos.org.pl/judgments/214933
326207|2016-02-08|SO|II Ca 29/16|Postanowienie|https://www.saos.org.pl/judgments/326207
217561|2016-02-08|SO|VI GC 343/14|Wyrok|https://www.saos.org.pl/judgments/217561
216634|2016-02-08|SO|I C 50/16|Wyrok|https://www.saos.org.pl/judgments/216634
207182|2016-02-05|SO|I ACa 901/15|Wyrok|https://www.saos.org.pl/judgments/207182
343299|2016-02-04|SO|II C 238/15|Wyrok|https://www.saos.org.pl/judgments/343299
212086|2016-02-04|SO|III C 520/15|Wyrok|https://www.saos.org.pl/judgments/212086
210595|2016-02-04|SO|VIII Ga 263/15|Uzasadnienie|https://www.saos.org.pl/judgments/210595
210594|2016-02-04|SO|VIII Ga 258/15|Uzasadnienie|https://www.saos.org.pl/judgments/210594
208154|2016-02-04|SO|I C 547/13|Wyrok|https://www.saos.org.pl/judgments/208154
207285|2016-02-04|SO|I Ca 3/16|Wyrok|https://www.saos.org.pl/judgments/207285
204522|2016-02-04|SO|II Ca 854/15|Wyrok|https://www.saos.org.pl/judgments/204522
204396|2016-02-04|SO|I C 2710/15|Wyrok|https://www.saos.org.pl/judgments/204396
287225|2016-02-03|SO|II Cgg 28/14|Wyrok|https://www.saos.org.pl/judgments/287225
244506|2016-02-03|SN|V CSK 314/15|Wyrok|https://www.saos.org.pl/judgments/244506
239594|2016-02-03|SO|I C 393/15|Wyrok|https://www.saos.org.pl/judgments/239594
216184|2016-02-03|SO|III Ca 1013/15|Wyrok|https://www.saos.org.pl/judgments/216184
216051|2016-02-03|SO|I Ca 514/15|Wyrok|https://www.saos.org.pl/judgments/216051
213226|2016-02-03|SO|I ACa 896/15|Wyrok|https://www.saos.org.pl/judgments/213226
213114|2016-02-03|SO|X GC 174/15|Wyrok|https://www.saos.org.pl/judgments/213114
217184|2016-02-02|SO|I ACa 1509/15|Wyrok|https://www.saos.org.pl/judgments/217184
214696|2016-02-02|SO|I C 927/15|Wyrok|https://www.saos.org.pl/judgments/214696
205329|2016-02-02|SO|VII C 1054/15|Wyrok|https://www.saos.org.pl/judgments/205329
273085|2016-02-01|SO|I C 3750/15|Wyrok|https://www.saos.org.pl/judgments/273085
212637|2016-02-01|SO|IV P 188/14|Wyrok|https://www.saos.org.pl/judgments/212637
204261|2016-02-01|SO|XIII GC 361/15|Wyrok|https://www.saos.org.pl/judgments/204261
305058|2016-01-29|SO|II Ca 1054/15|Postanowienie|https://www.saos.org.pl/judgments/305058
236185|2016-01-29|SO|XV Ca 1446/15|Wyrok|https://www.saos.org.pl/judgments/236185
228708|2016-01-29|SO|XVI GC 725/15|Wyrok|https://www.saos.org.pl/judgments/228708
215536|2016-01-29|SO|VI ACa 329/15|Wyrok|https://www.saos.org.pl/judgments/215536
214539|2016-01-29|SO|VIII Ga 407/15|Wyrok|https://www.saos.org.pl/judgments/214539
213905|2016-01-29|SO|III Ca 1585/15|Uzasadnienie|https://www.saos.org.pl/judgments/213905
207172|2016-01-29|SO|I ACa 1105/15|Wyrok|https://www.saos.org.pl/judgments/207172
204237|2016-01-29|SO|XIII Ga 621/15|Uzasadnienie|https://www.saos.org.pl/judgments/204237
226241|2016-01-28|SO|I ACa 1070/15|Wyrok|https://www.saos.org.pl/judgments/226241
223275|2016-01-28|SO|I C 465/15|Wyrok|https://www.saos.org.pl/judgments/223275
218262|2016-01-28|SO|XVIII C 1501/15|Wyrok|https://www.saos.org.pl/judgments/218262
212722|2016-01-28|SO|XV C 815/15|Wyrok|https://www.saos.org.pl/judgments/212722
212125|2016-01-28|SO|III U 714/15|Wyrok|https://www.saos.org.pl/judgments/212125
205192|2016-01-28|SO|XVI C 460/15|Zarządzenie|https://www.saos.org.pl/judgments/205192
218922|2016-01-27|SO|I C 384/13|Wyrok|https://www.saos.org.pl/judgments/218922
212088|2016-01-27|SO|III C 85/15|Wyrok|https://www.saos.org.pl/judgments/212088
207228|2016-01-27|SO|I C 349/15|Wyrok|https://www.saos.org.pl/judgments/207228
205298|2016-01-27|SO|IV U 341/15|Wyrok|https://www.saos.org.pl/judgments/205298
204332|2016-01-27|SO|I ACa 877/15|Wyrok|https://www.saos.org.pl/judgments/204332
204152|2016-01-27|SO|VIII C 2771/15|Wyrok|https://www.saos.org.pl/judgments/204152
218264|2016-01-26|SO|XVIII C 431/15|Wyrok|https://www.saos.org.pl/judgments/218264
216040|2016-01-26|SO|I C 939/15|Wyrok|https://www.saos.org.pl/judgments/216040
207982|2016-01-26|SO|III Ca 1058/15|Wyrok|https://www.saos.org.pl/judgments/207982
207912|2016-01-26|SO|I C 2135/14|Wyrok|https://www.saos.org.pl/judgments/207912
207176|2016-01-26|SO|I ACa 173/15|Wyrok|https://www.saos.org.pl/judgments/207176
204427|2016-01-26|SO|I C 843/15|Wyrok|https://www.saos.org.pl/judgments/204427
202355|2016-01-26|SO|I ACa 1085/15|Wyrok|https://www.saos.org.pl/judgments/202355
241535|2016-01-25|SO|I C 1140/15|Zarządzenie|https://www.saos.org.pl/judgments/241535
212065|2016-01-25|SO|III C 1066/15|Wyrok|https://www.saos.org.pl/judgments/212065
203480|2016-01-25|SO|VI GC 572/14|Wyrok|https://www.saos.org.pl/judgments/203480
467489|2016-01-22|SO|III C 1055/15|Wyrok|https://www.saos.org.pl/judgments/467489
241059|2016-01-22|SO|VIII GC 2019/14|Wyrok|https://www.saos.org.pl/judgments/241059
223095|2016-01-22|SO|I C 623/14|Wyrok|https://www.saos.org.pl/judgments/223095
217093|2016-01-22|SO|X Ga 305/15|Wyrok|https://www.saos.org.pl/judgments/217093
211309|2016-01-22|SO|I C 342/15|Uzasadnienie|https://www.saos.org.pl/judgments/211309
204171|2016-01-22|SO|X GC 1050/14|Uzasadnienie|https://www.saos.org.pl/judgments/204171
203592|2016-01-22|SO|VIII C 1733/15|Wyrok|https://www.saos.org.pl/judgments/203592
226240|2016-01-21|SO|I ACa 1040/15|Wyrok|https://www.saos.org.pl/judgments/226240
203590|2016-01-21|SO|VIII C 1068/15|Wyrok|https://www.saos.org.pl/judgments/203590
202505|2016-01-21|SO|I C 1421/15|Wyrok|https://www.saos.org.pl/judgments/202505
199666|2016-01-21|SO|I C 3096/15|Wyrok|https://www.saos.org.pl/judgments/199666
218331|2016-01-20|SO|I C 1258/15|Wyrok|https://www.saos.org.pl/judgments/218331
211588|2016-01-20|SO|III C 492/15|Wyrok|https://www.saos.org.pl/judgments/211588
203114|2016-01-20|SO|III C 1247/14|Wyrok|https://www.saos.org.pl/judgments/203114
202751|2016-01-20|SO|I Ca 441/15|Postanowienie|https://www.saos.org.pl/judgments/202751
303240|2016-01-19|SO|II Ca 2319/15|Postanowienie|https://www.saos.org.pl/judgments/303240
214945|2016-01-19|SO|VIII C 3238/15|Wyrok|https://www.saos.org.pl/judgments/214945
210822|2016-01-19|SO|I C 404/15|Wyrok|https://www.saos.org.pl/judgments/210822
217741|2016-01-18|SO|I C 843/15|Wyrok|https://www.saos.org.pl/judgments/217741
207911|2016-01-18|SO|I C 2125/14|Wyrok|https://www.saos.org.pl/judgments/207911
203129|2016-01-15|SO|III C 911/15|Wyrok|https://www.saos.org.pl/judgments/203129
203112|2016-01-15|SO|III C 1046/15|Wyrok|https://www.saos.org.pl/judgments/203112
223051|2016-01-14|SO|I ACa 1059/15|Wyrok|https://www.saos.org.pl/judgments/223051
216268|2016-01-14|SO|IX GC 1138/13|Wyrok|https://www.saos.org.pl/judgments/216268
214649|2016-01-14|SO|I C 1548/14|Wyrok|https://www.saos.org.pl/judgments/214649
210468|2016-01-14|SO|VI ACa 1711/15|Wyrok|https://www.saos.org.pl/judgments/210468
210395|2016-01-14|SO|IV GC 45/15|Wyrok|https://www.saos.org.pl/judgments/210395
199004|2016-01-14|SO|I C 216/14|Wyrok|https://www.saos.org.pl/judgments/199004
221563|2016-01-13|SO|III Ca 1839/15|Uzasadnienie|https://www.saos.org.pl/judgments/221563
205269|2016-01-13|SO|III Ca 1891/15|Uzasadnienie|https://www.saos.org.pl/judgments/205269
203966|2016-01-13|SO|II Ca 472/15|Uzasadnienie|https://www.saos.org.pl/judgments/203966
203149|2016-01-13|SO|III Ca 1199/15|Wyrok|https://www.saos.org.pl/judgments/203149
200158|2016-01-13|SO|III C 1345/15|Wyrok|https://www.saos.org.pl/judgments/200158
200029|2016-01-13|SO|VIII Ga 246/15|Uzasadnienie|https://www.saos.org.pl/judgments/200029
197806|2016-01-13|SO|VIII C 1486/14|Wyrok|https://www.saos.org.pl/judgments/197806
213287|2016-01-12|SO|I C 408/15|Wyrok|https://www.saos.org.pl/judgments/213287
210846|2016-01-12|SO|I C 93/15|Wyrok|https://www.saos.org.pl/judgments/210846
203747|2016-01-12|SO|XI GC 575/15|Wyrok|https://www.saos.org.pl/judgments/203747
199674|2016-01-12|SO|I C 641/15|Zarządzenie|https://www.saos.org.pl/judgments/199674
198629|2016-01-11|SO|III Ca 1464/15|Uzasadnienie|https://www.saos.org.pl/judgments/198629
198642|2016-01-08|SO|III Ca 1488/15|Uzasadnienie|https://www.saos.org.pl/judgments/198642
196357|2016-01-08|SO|III Ca 1840/15|Uzasadnienie|https://www.saos.org.pl/judgments/196357
198315|2016-01-07|SO|VI GC 175/15|Wyrok|https://www.saos.org.pl/judgments/198315
196718|2016-01-07|SO|XVI Ns 1010/14|Uzasadnienie|https://www.saos.org.pl/judgments/196718
200023|2016-01-05|SO|VI Gz 359/15|Postanowienie|https://www.saos.org.pl/judgments/200023
221224|2016-01-04|SO|XVIII C 351/15|Wyrok|https://www.saos.org.pl/judgments/221224
198140|2015-12-31|SO|XIV C 1368/14|Wyrok|https://www.saos.org.pl/judgments/198140
197616|2015-12-31|SO|I C 330/15|Uzasadnienie|https://www.saos.org.pl/judgments/197616
197140|2015-12-31|SO|I ACa 775/15|Wyrok|https://www.saos.org.pl/judgments/197140
490351|2015-12-30|SO|III APa 40/15|Wyrok|https://www.saos.org.pl/judgments/490351
216640|2015-12-30|SO|I C 891/15|Wyrok|https://www.saos.org.pl/judgments/216640
212477|2015-12-30|SO|I ACa 1285/15|Wyrok|https://www.saos.org.pl/judgments/212477
207236|2015-12-30|SO|I C 436/15|Wyrok|https://www.saos.org.pl/judgments/207236
205237|2015-12-30|SO|II Ca 629/15|Postanowienie|https://www.saos.org.pl/judgments/205237
202725|2015-12-30|SO|I C 843/15|Wyrok|https://www.saos.org.pl/judgments/202725
199037|2015-12-30|SO|II Ca 752/15|Wyrok|https://www.saos.org.pl/judgments/199037
198181|2015-12-30|SO|I C 1177/12|Wyrok|https://www.saos.org.pl/judgments/198181
197221|2015-12-30|SO|I Ca 419/15|Postanowienie|https://www.saos.org.pl/judgments/197221
208111|2015-12-29|SO|XIV C 895/15|Wyrok|https://www.saos.org.pl/judgments/208111
202376|2015-12-29|SO|I ACa 269/15|Wyrok|https://www.saos.org.pl/judgments/202376
299242|2015-12-28|SO|II Ca 696/15|Wyrok|https://www.saos.org.pl/judgments/299242
203714|2015-12-28|SO|X GC 291/15|Uzasadnienie|https://www.saos.org.pl/judgments/203714
197600|2015-12-28|SO|I C 1986/14|Wyrok|https://www.saos.org.pl/judgments/197600
196305|2015-12-28|SO|III Ca 114/15|Uzasadnienie|https://www.saos.org.pl/judgments/196305
203718|2015-12-23|SO|X GC 470/15|Uzasadnienie|https://www.saos.org.pl/judgments/203718
197714|2015-12-23|SO|IV Ca 651/15|Postanowienie|https://www.saos.org.pl/judgments/197714
194609|2015-12-23|SO|III Ca 1387/15|Uzasadnienie|https://www.saos.org.pl/judgments/194609
227167|2015-12-22|SO|I Ns 76/15|Postanowienie|https://www.saos.org.pl/judgments/227167
220459|2015-12-22|SO|I ACa 522/15|Wyrok|https://www.saos.org.pl/judgments/220459
218360|2015-12-22|SO|I C 3273/14|Wyrok|https://www.saos.org.pl/judgments/218360
214927|2015-12-22|SO|VIII C 2059/15|Wyrok|https://www.saos.org.pl/judgments/214927
210812|2015-12-22|SO|I C 243/15|Wyrok|https://www.saos.org.pl/judgments/210812
205344|2015-12-22|SO|VIII GC 56/15|Wyrok|https://www.saos.org.pl/judgments/205344
205223|2015-12-22|SO|I C 543/15|Wyrok|https://www.saos.org.pl/judgments/205223
203777|2015-12-22|SO|XV C 1595/12|Wyrok|https://www.saos.org.pl/judgments/203777
199013|2015-12-22|SO|I C 422/15|Wyrok|https://www.saos.org.pl/judgments/199013
198772|2015-12-22|SO|IX C 741/14|Wyrok|https://www.saos.org.pl/judgments/198772
197525|2015-12-22|SO|VIII C 2078/15|Wyrok|https://www.saos.org.pl/judgments/197525
194700|2015-12-22|SO|III Ca 1711/15|Uzasadnienie|https://www.saos.org.pl/judgments/194700
194222|2015-12-22|SO|I C 1091/15|Wyrok|https://www.saos.org.pl/judgments/194222
298037|2015-12-21|SO|I C 193/14|Wyrok|https://www.saos.org.pl/judgments/298037
256956|2015-12-21|SO|I ACa 703/15|Wyrok|https://www.saos.org.pl/judgments/256956
247859|2015-12-21|SO|XV Ca 1588/15|Wyrok|https://www.saos.org.pl/judgments/247859
212538|2015-12-21|SO|I C 858/15|Wyrok|https://www.saos.org.pl/judgments/212538
203878|2015-12-21|SO|I C 627/15|Wyrok|https://www.saos.org.pl/judgments/203878
199272|2015-12-21|SO|I ACa 666/15|Wyrok|https://www.saos.org.pl/judgments/199272
196296|2015-12-21|SO|III C 1125/14|Wyrok|https://www.saos.org.pl/judgments/196296
195949|2015-12-21|SO|I C 304/14|Wyrok|https://www.saos.org.pl/judgments/195949
194221|2015-12-21|SO|I C 108/15|Wyrok|https://www.saos.org.pl/judgments/194221
192280|2015-12-21|SO|VIII P 61/12|Uzasadnienie|https://www.saos.org.pl/judgments/192280
299510|2015-12-18|SO|II Ca 788/15|Wyrok|https://www.saos.org.pl/judgments/299510
268630|2015-12-18|SO|IX C 160/15|Wyrok|https://www.saos.org.pl/judgments/268630
247122|2015-12-18|SO|I C 1319/15|Zarządzenie|https://www.saos.org.pl/judgments/247122
245726|2015-12-18|SO|I C 839/15|Wyrok|https://www.saos.org.pl/judgments/245726
210729|2015-12-18|SO|I ACa 123/15|Wyrok|https://www.saos.org.pl/judgments/210729
202664|2015-12-18|SO|I C 574/15|Wyrok|https://www.saos.org.pl/judgments/202664
199187|2015-12-18|SO|X Ga 277/15|Wyrok|https://www.saos.org.pl/judgments/199187
193680|2015-12-18|SO|I C 259/15|Wyrok|https://www.saos.org.pl/judgments/193680
329530|2015-12-17|SO|II Ca 801/15|Wyrok|https://www.saos.org.pl/judgments/329530
214025|2015-12-17|SO|VI GC 1107/14|Wyrok|https://www.saos.org.pl/judgments/214025
211264|2015-12-17|SO|I ACa 1315/15|Wyrok|https://www.saos.org.pl/judgments/211264
210804|2015-12-17|SO|I C 216/15|Wyrok|https://www.saos.org.pl/judgments/210804
207510|2015-12-17|SO|V GC 914/15|Wyrok|https://www.saos.org.pl/judgments/207510
202382|2015-12-17|SO|I ACa 429/15|Wyrok|https://www.saos.org.pl/judgments/202382
195862|2015-12-17|SO|I ACa 808/15|Wyrok|https://www.saos.org.pl/judgments/195862
195614|2015-12-17|SO|II Ca 894/15|Wyrok|https://www.saos.org.pl/judgments/195614
194805|2015-12-17|SO|IV Ca 753/15|Wyrok|https://www.saos.org.pl/judgments/194805
194274|2015-12-17|SO|I C 298/15|Uzasadnienie|https://www.saos.org.pl/judgments/194274
191509|2015-12-17|SO|I C 2079/15|Wyrok|https://www.saos.org.pl/judgments/191509
211837|2015-12-16|SO|I ACa 1173/15|Wyrok|https://www.saos.org.pl/judgments/211837
197523|2015-12-16|SO|VIII C 2022/15|Wyrok|https://www.saos.org.pl/judgments/197523
197224|2015-12-16|SO|I Ca 452/15|Wyrok|https://www.saos.org.pl/judgments/197224
196999|2015-12-16|SO|VIII C 672/15|Wyrok|https://www.saos.org.pl/judgments/196999
193006|2015-12-16|SO|II C 589/15|Wyrok|https://www.saos.org.pl/judgments/193006
224268|2015-12-15|SO|I C 1013/11|Uzasadnienie|https://www.saos.org.pl/judgments/224268
211319|2015-12-15|SO|I C 590/15|Wyrok|https://www.saos.org.pl/judgments/211319
210133|2015-12-15|SO|I ACa 88/15|Wyrok|https://www.saos.org.pl/judgments/210133
203632|2015-12-15|SO|VIII GC 2410/14|Wyrok|https://www.saos.org.pl/judgments/203632
202421|2015-12-15|SO|I ACa 851/15|Wyrok|https://www.saos.org.pl/judgments/202421
198780|2015-12-15|SO|V ACa 223/15|Wyrok|https://www.saos.org.pl/judgments/198780
318131|2015-12-14|SO|I Ns 76/14|Postanowienie|https://www.saos.org.pl/judgments/318131
259106|2015-12-14|SO|IX GC 1443/14|Wyrok|https://www.saos.org.pl/judgments/259106
240373|2015-12-14|SO|I C 669/15|Wyrok|https://www.saos.org.pl/judgments/240373
202410|2015-12-14|SO|I ACa 807/13|Wyrok|https://www.saos.org.pl/judgments/202410
198799|2015-12-14|SO|V GC 614/15|Wyrok|https://www.saos.org.pl/judgments/198799
194680|2015-12-14|SO|III Ca 1611/15|Uzasadnienie|https://www.saos.org.pl/judgments/194680
194290|2015-12-14|SO|I C 444/12|Wyrok|https://www.saos.org.pl/judgments/194290
194237|2015-12-14|SO|I C 139/15|Wyrok|https://www.saos.org.pl/judgments/194237
257125|2015-12-11|SO|I C 74/15|Wyrok|https://www.saos.org.pl/judgments/257125
217259|2015-12-11|SO|I C 568/14|Wyrok|https://www.saos.org.pl/judgments/217259
195368|2015-12-11|SO|I ACa 839/15|Wyrok|https://www.saos.org.pl/judgments/195368
239861|2015-12-10|SO|I C 1270/14|Wyrok|https://www.saos.org.pl/judgments/239861
210332|2015-12-10|SO|III Ca 1869/15|Wyrok|https://www.saos.org.pl/judgments/210332
336243|2015-12-09|SO|X GC 294/15|Wyrok|https://www.saos.org.pl/judgments/336243
219524|2015-12-09|SO|I ACa 592/15|Wyrok|https://www.saos.org.pl/judgments/219524
215370|2015-12-09|SO|III Ca 1588/15|Postanowienie|https://www.saos.org.pl/judgments/215370
203855|2015-12-09|SO|I C 403/15|Wyrok|https://www.saos.org.pl/judgments/203855
194931|2015-12-09|SO|V Ca 321/15|Wyrok|https://www.saos.org.pl/judgments/194931
194265|2015-12-09|SO|I C 2649/14|Wyrok|https://www.saos.org.pl/judgments/194265
193674|2015-12-09|SO|I C 2111/14|Wyrok|https://www.saos.org.pl/judgments/193674
196495|2015-12-08|SO|V Ca 4116/15|Wyrok|https://www.saos.org.pl/judgments/196495
196101|2015-12-08|SO|II Ca 2345/15|Wyrok|https://www.saos.org.pl/judgments/196101
229098|2015-12-07|SO|I C 833/15|Wyrok|https://www.saos.org.pl/judgments/229098
198458|2015-12-07|SO|I C 430/15|Uzasadnienie|https://www.saos.org.pl/judgments/198458
194446|2015-12-07|SO|III C 4140/13|Wyrok|https://www.saos.org.pl/judgments/194446
194367|2015-12-07|SO|II Ca 714/15|Wyrok|https://www.saos.org.pl/judgments/194367
194305|2015-12-07|SO|I C 646/15|Wyrok|https://www.saos.org.pl/judgments/194305
193687|2015-12-07|SO|I C 600/15|Wyrok|https://www.saos.org.pl/judgments/193687
192326|2015-12-07|SO|XI GC 547/15|Wyrok|https://www.saos.org.pl/judgments/192326
404094|2015-12-04|SO|XVI GC 169/13|Wyrok|https://www.saos.org.pl/judgments/404094
260873|2015-12-04|SO|IX GC 252/15|Wyrok|https://www.saos.org.pl/judgments/260873
223263|2015-12-04|SO|I C 1156/15|Wyrok|https://www.saos.org.pl/judgments/223263
202470|2015-12-04|SO|I C 1152/15|Uzasadnienie|https://www.saos.org.pl/judgments/202470
197258|2015-12-04|SO|II Ca 1199/15|Wyrok|https://www.saos.org.pl/judgments/197258
194469|2015-12-04|SO|III Ca 1160/15|Uzasadnienie|https://www.saos.org.pl/judgments/194469
299489|2015-12-03|SO|II Ca 676/15|Wyrok|https://www.saos.org.pl/judgments/299489
204362|2015-12-03|SO|I C 1271/15|Wyrok|https://www.saos.org.pl/judgments/204362
203033|2015-12-03|SO|III APa 16/15|Wyrok|https://www.saos.org.pl/judgments/203033
193496|2015-12-03|SO|IX Pa 87/15|Wyrok|https://www.saos.org.pl/judgments/193496
304187|2015-12-02|SO|XV C 736/15|Wyrok|https://www.saos.org.pl/judgments/304187
218869|2015-12-02|SO|I ACa 824/15|Wyrok|https://www.saos.org.pl/judgments/218869
214196|2015-12-02|SO|XVII GC 2567/15|Wyrok|https://www.saos.org.pl/judgments/214196
193477|2015-12-02|SO|IV Ca 779/15|Postanowienie|https://www.saos.org.pl/judgments/193477
192477|2015-12-02|SO|II Ca 2061/15|Wyrok|https://www.saos.org.pl/judgments/192477
192233|2015-12-02|SO|V GC 116/15|Wyrok|https://www.saos.org.pl/judgments/192233
191534|2015-12-02|SO|I Ca 392/15|Wyrok|https://www.saos.org.pl/judgments/191534
199277|2015-12-01|SO|I ACa 702/15|Wyrok|https://www.saos.org.pl/judgments/199277
194675|2015-12-01|SO|III Ca 1587/15|Uzasadnienie|https://www.saos.org.pl/judgments/194675
192883|2015-12-01|SO|XVI C 1363/15|Uzasadnienie|https://www.saos.org.pl/judgments/192883
532057|2015-11-30|SO|I C 494/13|Wyrok|https://www.saos.org.pl/judgments/532057
502293|2015-11-30|SO|II Ca 94/15|Postanowienie|https://www.saos.org.pl/judgments/502293
219940|2015-11-30|SO|VI ACa 1319/14|Wyrok|https://www.saos.org.pl/judgments/219940
216608|2015-11-30|SO|I C 236/14|Uzasadnienie|https://www.saos.org.pl/judgments/216608
196127|2015-11-30|SO|II Co 2160/15|Uzasadnienie|https://www.saos.org.pl/judgments/196127
195680|2015-11-30|SO|VI Ga 278/15|Wyrok|https://www.saos.org.pl/judgments/195680
190263|2015-11-30|SO|I C 655/15|Wyrok|https://www.saos.org.pl/judgments/190263
336152|2015-11-27|SO|III C 1155/14|Wyrok|https://www.saos.org.pl/judgments/336152
299480|2015-11-27|SO|II Ca 645/15|Postanowienie|https://www.saos.org.pl/judgments/299480
299475|2015-11-27|SO|II Ca 612/15|Postanowienie|https://www.saos.org.pl/judgments/299475
232282|2015-11-27|SO|VI ACa 1640/14|Wyrok|https://www.saos.org.pl/judgments/232282
199882|2015-11-27|SO|I ACa 434/15|Wyrok|https://www.saos.org.pl/judgments/199882
195809|2015-11-27|SO|I ACa 430/15|Wyrok|https://www.saos.org.pl/judgments/195809
194159|2015-11-27|SO|I ACa 421/15|Wyrok|https://www.saos.org.pl/judgments/194159
193838|2015-11-27|SO|III Ca 1186/15|Uzasadnienie|https://www.saos.org.pl/judgments/193838
191587|2015-11-27|SO|III C 711/15|Wyrok|https://www.saos.org.pl/judgments/191587
191586|2015-11-27|SO|III C 511/15|Wyrok|https://www.saos.org.pl/judgments/191586
321834|2015-11-26|SO|I C 122/14|Wyrok|https://www.saos.org.pl/judgments/321834
197102|2015-11-26|SO|I ACa 1047/15|Wyrok|https://www.saos.org.pl/judgments/197102
196735|2015-11-26|SO|XVIII C 65/15|Wyrok|https://www.saos.org.pl/judgments/196735
195392|2015-11-26|SO|II C 139/15|Uzasadnienie|https://www.saos.org.pl/judgments/195392
194733|2015-11-26|SO|III Ca 783/15|Wyrok|https://www.saos.org.pl/judgments/194733
194296|2015-11-26|SO|I C 568/15|Wyrok|https://www.saos.org.pl/judgments/194296
192084|2015-11-26|SO|I ACa 664/15|Wyrok|https://www.saos.org.pl/judgments/192084
190267|2015-11-26|SO|I C 76/15|Wyrok|https://www.saos.org.pl/judgments/190267
195843|2015-11-25|SO|I ACa 715/15|Wyrok|https://www.saos.org.pl/judgments/195843
191958|2015-11-25|SO|IV Ca 666/15|Wyrok|https://www.saos.org.pl/judgments/191958
191770|2015-11-25|SO|X GC 634/14|Zarządzenie|https://www.saos.org.pl/judgments/191770
197105|2015-11-24|SO|I ACa 1076/15|Wyrok|https://www.saos.org.pl/judgments/197105
195887|2015-11-24|SO|I C 1113/15|Wyrok|https://www.saos.org.pl/judgments/195887
197192|2015-11-23|SO|I C 587/15|Wyrok|https://www.saos.org.pl/judgments/197192
193313|2015-11-23|SO|III Ca 751/15|Uzasadnienie|https://www.saos.org.pl/judgments/193313
191683|2015-11-23|SO|VI Ga 116/15|Wyrok|https://www.saos.org.pl/judgments/191683
236189|2015-11-20|SO|XV Ca 783/15|Postanowienie|https://www.saos.org.pl/judgments/236189
195398|2015-11-20|SO|II Ca 277/15|Postanowienie|https://www.saos.org.pl/judgments/195398
192389|2015-11-20|SO|I C 2307/14|Wyrok|https://www.saos.org.pl/judgments/192389
191829|2015-11-20|SO|I C 290/15|Uzasadnienie|https://www.saos.org.pl/judgments/191829
187564|2015-11-20|SO|VI Ga 134/15|Wyrok|https://www.saos.org.pl/judgments/187564
231105|2015-11-19|SO|I ACa 328/15|Wyrok|https://www.saos.org.pl/judgments/231105
224813|2015-11-19|SO|I ACa 1013/14|Wyrok|https://www.saos.org.pl/judgments/224813
217926|2015-11-19|SO|I ACa 906/15|Wyrok|https://www.saos.org.pl/judgments/217926
217923|2015-11-19|SO|I ACa 624/15|Wyrok|https://www.saos.org.pl/judgments/217923
199644|2015-11-19|SO|I C 1010/15|Wyrok|https://www.saos.org.pl/judgments/199644
195850|2015-11-19|SO|I ACa 733/15|Wyrok|https://www.saos.org.pl/judgments/195850
191883|2015-11-19|SO|III C 47/15|Wyrok|https://www.saos.org.pl/judgments/191883
190747|2015-11-19|SO|I C 759/15|Wyrok|https://www.saos.org.pl/judgments/190747
198371|2015-11-18|SO|XXIV C 376/15|Uzasadnienie|https://www.saos.org.pl/judgments/198371
193697|2015-11-18|SO|I Ca 319/15|Wyrok|https://www.saos.org.pl/judgments/193697
191846|2015-11-18|SO|I C 825/14|Wyrok|https://www.saos.org.pl/judgments/191846
190740|2015-11-18|SO|I C 308/15|Wyrok|https://www.saos.org.pl/judgments/190740
210722|2015-11-17|SO|I ACa 1090/15|Wyrok|https://www.saos.org.pl/judgments/210722
198993|2015-11-17|SO|I ACa 242/15|Wyrok|https://www.saos.org.pl/judgments/198993
194664|2015-11-17|SO|III Ca 1556/15|Wyrok|https://www.saos.org.pl/judgments/194664
193917|2015-11-17|SO|III Ca 1483/15|Uzasadnienie|https://www.saos.org.pl/judgments/193917
191738|2015-11-17|SO|VIII Ga 186/15|Uzasadnienie|https://www.saos.org.pl/judgments/191738
225860|2015-11-16|SO|V GC 597/15|Wyrok|https://www.saos.org.pl/judgments/225860
198090|2015-11-16|SO|VIII GC 560/13|Wyrok|https://www.saos.org.pl/judgments/198090
191853|2015-11-16|SO|I Ns 1522/12|Postanowienie|https://www.saos.org.pl/judgments/191853
190888|2015-11-16|SO|X C 857/15|Zarządzenie|https://www.saos.org.pl/judgments/190888
182443|2015-11-16|SO|I C 541/15|Wyrok|https://www.saos.org.pl/judgments/182443
181752|2015-11-16|SO|I C 1287/15|Wyrok|https://www.saos.org.pl/judgments/181752
191761|2015-11-13|SO|X GC 282/14|Zarządzenie|https://www.saos.org.pl/judgments/191761
190321|2015-11-13|SO|III C 266/14|Wyrok|https://www.saos.org.pl/judgments/190321
217913|2015-11-12|SO|I ACa 1876/14|Wyrok|https://www.saos.org.pl/judgments/217913
196115|2015-11-12|SO|II Ca 445/15|Postanowienie|https://www.saos.org.pl/judgments/196115
189824|2015-11-12|SO|I C 147/15|Wyrok|https://www.saos.org.pl/judgments/189824
347885|2015-11-10|SO|I C 164/15|Wyrok|https://www.saos.org.pl/judgments/347885
300129|2015-11-10|SO|I C 712/15|Wyrok|https://www.saos.org.pl/judgments/300129
255868|2015-11-10|SO|I C 143/15|Wyrok|https://www.saos.org.pl/judgments/255868
213659|2015-11-10|SO|XI C 611/14|Wyrok|https://www.saos.org.pl/judgments/213659
212767|2015-11-10|SO|I C 207/15|Wyrok|https://www.saos.org.pl/judgments/212767
195875|2015-11-10|SO|I ACa 995/15|Wyrok|https://www.saos.org.pl/judgments/195875
194186|2015-11-10|SO|I ACa 235/15|Wyrok|https://www.saos.org.pl/judgments/194186
193155|2015-11-10|SO|III Ca 1068/15|Uzasadnienie|https://www.saos.org.pl/judgments/193155
191695|2015-11-10|SO|VI GC 433/13|Wyrok|https://www.saos.org.pl/judgments/191695
189914|2015-11-10|SO|II Ca 517/15|Wyrok|https://www.saos.org.pl/judgments/189914
185342|2015-11-10|SO|III Ca 607/15|Uzasadnienie|https://www.saos.org.pl/judgments/185342
183369|2015-11-10|SO|II Ca 588/15|Wyrok|https://www.saos.org.pl/judgments/183369
183328|2015-11-10|SO|II Ca 479/15|Wyrok|https://www.saos.org.pl/judgments/183328
189026|2015-11-09|SO|X GC 387/14|Uzasadnienie|https://www.saos.org.pl/judgments/189026
188196|2015-11-09|SO|VII Pa 174/15|Uzasadnienie|https://www.saos.org.pl/judgments/188196
250509|2015-11-06|SO|XV Ca 1435/15|Wyrok|https://www.saos.org.pl/judgments/250509
198176|2015-11-06|SO|VI ACa 1687/14|Wyrok|https://www.saos.org.pl/judgments/198176
193883|2015-11-06|SO|III Ca 1372/15|Uzasadnienie|https://www.saos.org.pl/judgments/193883
191833|2015-11-06|SO|I C 380/15|Uzasadnienie|https://www.saos.org.pl/judgments/191833
190998|2015-11-06|SO|II Ca 954/15|Postanowienie|https://www.saos.org.pl/judgments/190998
190606|2015-11-06|SO|IV Ca 504/15|Wyrok|https://www.saos.org.pl/judgments/190606
184799|2015-11-06|SO|III C 1297/15|Wyrok|https://www.saos.org.pl/judgments/184799
183052|2015-11-06|SO|II AKa 410/15|Wyrok|https://www.saos.org.pl/judgments/183052
289594|2015-11-05|SO|XVI GC 1390/14|Wyrok|https://www.saos.org.pl/judgments/289594
288324|2015-11-05|SO|I C 2065/15|Uzasadnienie|https://www.saos.org.pl/judgments/288324
210874|2015-11-05|SO|II C 1234/11|Uzasadnienie|https://www.saos.org.pl/judgments/210874
192157|2015-11-05|SO|II Ca 587/15|Wyrok|https://www.saos.org.pl/judgments/192157
192053|2015-11-05|SO|I ACa 1849/14|Wyrok|https://www.saos.org.pl/judgments/192053
196782|2015-11-04|SO|I Ca 294/15|Wyrok|https://www.saos.org.pl/judgments/196782
193747|2015-11-04|SO|III Ca 1028/15|Uzasadnienie|https://www.saos.org.pl/judgments/193747
188452|2015-11-04|SO|VIII C 13/15|Wyrok|https://www.saos.org.pl/judgments/188452
188444|2015-11-04|SO|VIII C 1032/15|Wyrok|https://www.saos.org.pl/judgments/188444
187864|2015-11-04|SO|VI P 553/14|Wyrok|https://www.saos.org.pl/judgments/187864
181385|2015-11-04|SO|I ACa 510/15|Wyrok|https://www.saos.org.pl/judgments/181385
245708|2015-11-03|SO|I C 383/15|Wyrok|https://www.saos.org.pl/judgments/245708
215216|2015-11-03|SO|II C 278/12|Uzasadnienie|https://www.saos.org.pl/judgments/215216
205124|2015-11-03|SO|XI C 642/15|Wyrok|https://www.saos.org.pl/judgments/205124
188540|2015-11-03|SO|VIII Ga 279/15|Wyrok|https://www.saos.org.pl/judgments/188540
213467|2015-11-02|SO|III Ca 991/15|Uzasadnienie|https://www.saos.org.pl/judgments/213467
210764|2015-10-30|SO|I ACa 884/15|Wyrok|https://www.saos.org.pl/judgments/210764
194918|2015-10-30|SO|V ACa 384/15|Wyrok|https://www.saos.org.pl/judgments/194918
302669|2015-10-29|SO|I ACa 596/15|Wyrok|https://www.saos.org.pl/judgments/302669
213212|2015-10-29|SO|I ACa 708/13|Wyrok|https://www.saos.org.pl/judgments/213212
197756|2015-10-29|SO|V GC 472/15|Wyrok|https://www.saos.org.pl/judgments/197756
194188|2015-10-29|SO|I ACa 300/15|Wyrok|https://www.saos.org.pl/judgments/194188
189727|2015-10-29|SO|XVIII C 998/15|Wyrok|https://www.saos.org.pl/judgments/189727
195531|2015-10-28|SO|I 1 C 1257/15|Wyrok|https://www.saos.org.pl/judgments/195531
194340|2015-10-28|SO|I Ns 1370/12|Postanowienie|https://www.saos.org.pl/judgments/194340
190867|2015-10-28|SO|V Ca 4126/14|Postanowienie|https://www.saos.org.pl/judgments/190867
188979|2015-10-28|SO|X GC 1078/13|Zarządzenie|https://www.saos.org.pl/judgments/188979
188491|2015-10-28|SO|VIII C 964/15|Wyrok|https://www.saos.org.pl/judgments/188491
182699|2015-10-28|SO|I Ca 229/15|Wyrok|https://www.saos.org.pl/judgments/182699
182476|2015-10-28|SO|I C 582/15|Wyrok|https://www.saos.org.pl/judgments/182476
195753|2015-10-27|SO|XVIII C 350/15|Wyrok|https://www.saos.org.pl/judgments/195753
184851|2015-10-27|SO|III C 877/15|Wyrok|https://www.saos.org.pl/judgments/184851
182669|2015-10-27|SO|I C 960/14|Wyrok|https://www.saos.org.pl/judgments/182669
181871|2015-10-27|SO|I C 1650/14|Wyrok|https://www.saos.org.pl/judgments/181871
211439|2015-10-23|SO|X C 1107/15|Zarządzenie|https://www.saos.org.pl/judgments/211439
182047|2015-10-23|SO|I C 226/15|Wyrok|https://www.saos.org.pl/judgments/182047
236626|2015-10-22|SO|I Ns 1662/14|Postanowienie|https://www.saos.org.pl/judgments/236626
211476|2015-10-22|SO|I ACa 777/15|Wyrok|https://www.saos.org.pl/judgments/211476
202372|2015-10-22|SO|I ACa 192/15|Wyrok|https://www.saos.org.pl/judgments/202372
190173|2015-10-22|SO|XII C 1679/13|Wyrok|https://www.saos.org.pl/judgments/190173
183355|2015-10-22|SO|II Ca 567/15|Wyrok|https://www.saos.org.pl/judgments/183355
182527|2015-10-22|SO|I C 673/15|Wyrok|https://www.saos.org.pl/judgments/182527
222426|2015-10-21|SO|I C 727/15|Wyrok|https://www.saos.org.pl/judgments/222426
181574|2015-10-21|SO|I ACz 1817/15|Postanowienie|https://www.saos.org.pl/judgments/181574
277369|2015-10-20|SO|I C 2818/15|Wyrok|https://www.saos.org.pl/judgments/277369
194005|2015-10-20|SO|V ACa 424/15|Wyrok|https://www.saos.org.pl/judgments/194005
189804|2015-10-20|SO|I ACa 933/15|Wyrok|https://www.saos.org.pl/judgments/189804
188518|2015-10-20|SO|VIII Ga 166/15|Uzasadnienie|https://www.saos.org.pl/judgments/188518
181828|2015-10-20|SO|I C 150/15|Wyrok|https://www.saos.org.pl/judgments/181828
296826|2015-10-19|SO|II Ca 644/15|Postanowienie|https://www.saos.org.pl/judgments/296826
257306|2015-10-19|SO|II Ca 657/15|Postanowienie|https://www.saos.org.pl/judgments/257306
202520|2015-10-19|SO|I C 157/14|Wyrok|https://www.saos.org.pl/judgments/202520
182124|2015-10-19|SO|I C 254/13|Wyrok|https://www.saos.org.pl/judgments/182124
301047|2015-10-16|SO|I C 200/14|Uzasadnienie|https://www.saos.org.pl/judgments/301047
221235|2015-10-16|SO|I 1 C 1047/15|Wyrok|https://www.saos.org.pl/judgments/221235
186148|2015-10-16|SO|IV Ca 431/15|Wyrok|https://www.saos.org.pl/judgments/186148
363600|2015-10-15|SO|III C 490/15|Wyrok|https://www.saos.org.pl/judgments/363600
298582|2015-10-15|SO|II Ca 375/15|Wyrok|https://www.saos.org.pl/judgments/298582
243548|2015-10-15|SN|II CSK 811/14|Postanowienie|https://www.saos.org.pl/judgments/243548
216993|2015-10-15|SO|VI ACa 1487/14|Wyrok|https://www.saos.org.pl/judgments/216993
200252|2015-10-15|SO|VI GC 127/15|Wyrok|https://www.saos.org.pl/judgments/200252
186141|2015-10-15|SO|IV Ca 359/15|Postanowienie|https://www.saos.org.pl/judgments/186141
181491|2015-10-15|SO|I ACa 698/15|Wyrok|https://www.saos.org.pl/judgments/181491
490350|2015-10-14|SO|III APa 21/15|Wyrok|https://www.saos.org.pl/judgments/490350
229378|2015-10-14|SO|I C 687/13|Wyrok|https://www.saos.org.pl/judgments/229378
195360|2015-10-14|SO|I ACa 401/15|Wyrok|https://www.saos.org.pl/judgments/195360
190430|2015-10-14|SO|I ACa 803/15|Wyrok|https://www.saos.org.pl/judgments/190430
184882|2015-10-14|SO|III Ca 1182/15|Wyrok|https://www.saos.org.pl/judgments/184882
184838|2015-10-14|SO|III C 673/15|Wyrok|https://www.saos.org.pl/judgments/184838
183374|2015-10-14|SO|II Ca 596/15|Wyrok|https://www.saos.org.pl/judgments/183374
182269|2015-10-14|SO|I C 318/15|Uzasadnienie|https://www.saos.org.pl/judgments/182269
189233|2015-10-13|SO|XII Ga 213/15|Wyrok|https://www.saos.org.pl/judgments/189233
181662|2015-10-13|SO|I C 1117/15|Wyrok|https://www.saos.org.pl/judgments/181662
366596|2015-10-12|SO|XVI GC 641/15|Wyrok|https://www.saos.org.pl/judgments/366596
189384|2015-10-12|SO|XVI C 941/15|Wyrok|https://www.saos.org.pl/judgments/189384
189228|2015-10-12|SO|XII C 887/13|Wyrok|https://www.saos.org.pl/judgments/189228
188614|2015-10-12|SO|VIII GC 571/15|Wyrok|https://www.saos.org.pl/judgments/188614
195533|2015-10-09|SO|I 1 C 1529/15|Wyrok|https://www.saos.org.pl/judgments/195533
179702|2015-10-09|SO|III C 328/15|Uzasadnienie|https://www.saos.org.pl/judgments/179702
179699|2015-10-09|SO|III C 2435/13|Uzasadnienie|https://www.saos.org.pl/judgments/179699
296821|2015-10-08|SO|II Ca 612/15|Wyrok|https://www.saos.org.pl/judgments/296821
203665|2015-10-08|SO|VIII Ns 80/15|Postanowienie|https://www.saos.org.pl/judgments/203665
199481|2015-10-08|SO|I Ns 15/15|Postanowienie|https://www.saos.org.pl/judgments/199481
196010|2015-10-08|SO|I Ca 198/15|Wyrok|https://www.saos.org.pl/judgments/196010
189069|2015-10-08|SO|X GC 789/13|Uzasadnienie|https://www.saos.org.pl/judgments/189069
186857|2015-10-08|SO|IX Ca 366/15|Postanowienie|https://www.saos.org.pl/judgments/186857
181382|2015-10-08|SO|I ACa 505/15|Wyrok|https://www.saos.org.pl/judgments/181382
193659|2015-10-07|SO|XXIV C 991/14|Wyrok|https://www.saos.org.pl/judgments/193659
185246|2015-10-07|SO|III Ca 543/15|Postanowienie|https://www.saos.org.pl/judgments/185246
182623|2015-10-07|SO|I C 883/15|Wyrok|https://www.saos.org.pl/judgments/182623
208030|2015-10-06|SO|IX GC 1011/14|Zarządzenie|https://www.saos.org.pl/judgments/208030
192318|2015-10-06|SO|X GC 250/15|Wyrok|https://www.saos.org.pl/judgments/192318
190177|2015-10-06|SO|XV Ca 1192/15|Wyrok|https://www.saos.org.pl/judgments/190177
187031|2015-10-06|SO|V ACa 167/15|Wyrok|https://www.saos.org.pl/judgments/187031
183191|2015-10-06|SO|II C 833/14|Wyrok|https://www.saos.org.pl/judgments/183191
204355|2015-10-05|SO|I C 1077/14|Wyrok|https://www.saos.org.pl/judgments/204355
197141|2015-09-30|SO|I ACa 788/15|Wyrok|https://www.saos.org.pl/judgments/197141
190717|2015-09-30|SO|I 1 C 1090/15|Wyrok|https://www.saos.org.pl/judgments/190717
190699|2015-09-30|SO|VIII C 943/15|Wyrok|https://www.saos.org.pl/judgments/190699
182681|2015-09-30|SO|I C 988/15|Uzasadnienie|https://www.saos.org.pl/judgments/182681
181318|2015-09-30|SO|I ACa 426/15|Wyrok|https://www.saos.org.pl/judgments/181318
306797|2015-09-29|SO|VIII GC 729/15|Wyrok|https://www.saos.org.pl/judgments/306797
233082|2015-09-29|SO|X GC 1393/14|Wyrok|https://www.saos.org.pl/judgments/233082
192051|2015-09-29|SO|XVIII C 58/15|Wyrok|https://www.saos.org.pl/judgments/192051
188996|2015-09-29|SO|X GC 215/11|Uzasadnienie|https://www.saos.org.pl/judgments/188996
187020|2015-09-29|SO|V ACa 125/15|Wyrok|https://www.saos.org.pl/judgments/187020
189052|2015-09-28|SO|X GC 651/13|Uzasadnienie|https://www.saos.org.pl/judgments/189052
184842|2015-09-28|SO|III C 723/14|Wyrok|https://www.saos.org.pl/judgments/184842
179101|2015-09-28|SO|VIII Gz 63/15|Postanowienie|https://www.saos.org.pl/judgments/179101
192008|2015-09-25|SO|VI ACa 910/15|Wyrok|https://www.saos.org.pl/judgments/192008
182650|2015-09-25|SO|I C 92/15|Uzasadnienie|https://www.saos.org.pl/judgments/182650
225539|2015-09-24|SO|XVII GC 693/15|Wyrok|https://www.saos.org.pl/judgments/225539
185446|2015-09-24|SO|III Ca 770/15|Postanowienie|https://www.saos.org.pl/judgments/185446
181519|2015-09-24|SO|I ACa 8/15|Wyrok|https://www.saos.org.pl/judgments/181519
179179|2015-09-23|SO|I ACa 405/15|Wyrok|https://www.saos.org.pl/judgments/179179
363596|2015-09-22|SO|III C 314/15|Wyrok|https://www.saos.org.pl/judgments/363596
196958|2015-09-22|SO|VI ACa 1337/14|Wyrok|https://www.saos.org.pl/judgments/196958
188995|2015-09-22|SO|X GC 205/15|Wyrok|https://www.saos.org.pl/judgments/188995
182559|2015-09-22|SO|I C 74/15|Wyrok|https://www.saos.org.pl/judgments/182559
180408|2015-09-22|SO|IX Ca 462/15|Wyrok|https://www.saos.org.pl/judgments/180408
260652|2015-09-21|SO|X GC 370/14|Wyrok|https://www.saos.org.pl/judgments/260652
241408|2015-09-21|SO|I C 905/12|Zarządzenie|https://www.saos.org.pl/judgments/241408
189040|2015-09-21|SO|X GC 491/14|Uzasadnienie|https://www.saos.org.pl/judgments/189040
243307|2015-09-18|SN|I CSK 752/14|Wyrok|https://www.saos.org.pl/judgments/243307
241484|2015-09-18|SO|I C 329/15|Wyrok|https://www.saos.org.pl/judgments/241484
181870|2015-09-18|SO|I C 165/15|Wyrok|https://www.saos.org.pl/judgments/181870
181867|2015-09-18|SO|I C 164/15|Wyrok|https://www.saos.org.pl/judgments/181867
189292|2015-09-17|SO|XIX Ga 136/15|Uzasadnienie|https://www.saos.org.pl/judgments/189292
185185|2015-09-17|SO|III Ca 496/15|Wyrok|https://www.saos.org.pl/judgments/185185
181267|2015-09-17|SO|I ACa 359/15|Wyrok|https://www.saos.org.pl/judgments/181267
182337|2015-09-16|SO|I C 39/15|Wyrok|https://www.saos.org.pl/judgments/182337
179027|2015-09-16|SO|I Ca 274/15|Postanowienie|https://www.saos.org.pl/judgments/179027
223450|2015-09-15|SO|V ACa 242/15|Wyrok|https://www.saos.org.pl/judgments/223450
189310|2015-09-15|SO|XV C 424/15|Wyrok|https://www.saos.org.pl/judgments/189310
177379|2015-09-15|SO|XVI C 1463/15|Uzasadnienie|https://www.saos.org.pl/judgments/177379
177132|2015-09-15|SO|III C 1136/13|Uzasadnienie|https://www.saos.org.pl/judgments/177132
189125|2015-09-14|SO|XI GC 382/15|Wyrok|https://www.saos.org.pl/judgments/189125
247172|2015-09-11|SO|V Ga 98/15|Wyrok|https://www.saos.org.pl/judgments/247172
178448|2015-09-11|SO|I ACa 467/15|Wyrok|https://www.saos.org.pl/judgments/178448
213734|2015-09-10|SO|I ACa 90/15|Wyrok|https://www.saos.org.pl/judgments/213734
183346|2015-09-10|SO|II Ca 532/15|Postanowienie|https://www.saos.org.pl/judgments/183346
180323|2015-09-10|SO|XII C 1984/14|Wyrok|https://www.saos.org.pl/judgments/180323
229386|2015-09-09|SO|I C 870/12|Wyrok|https://www.saos.org.pl/judgments/229386
197689|2015-09-09|SO|III C 108/15|Wyrok|https://www.saos.org.pl/judgments/197689
190524|2015-09-08|SO|I Ns 518/15|Postanowienie|https://www.saos.org.pl/judgments/190524
181619|2015-09-08|SO|I C 1023/15|Wyrok|https://www.saos.org.pl/judgments/181619
181202|2015-09-08|SO|I ACa 2046/14|Wyrok|https://www.saos.org.pl/judgments/181202
179312|2015-09-08|SO|I C 478/15|Wyrok|https://www.saos.org.pl/judgments/179312
177145|2015-09-08|SO|III C 599/15|Uzasadnienie|https://www.saos.org.pl/judgments/177145
177138|2015-09-08|SO|III C 1621/14|Uzasadnienie|https://www.saos.org.pl/judgments/177138
299511|2015-09-07|SO|II Ca 794/15|Wyrok|https://www.saos.org.pl/judgments/299511
184809|2015-09-07|SO|III C 1959/13|Wyrok|https://www.saos.org.pl/judgments/184809
178885|2015-09-07|SO|X GC 294/14|Uzasadnienie|https://www.saos.org.pl/judgments/178885
181106|2015-09-04|SO|I 1 C 726/15|Wyrok|https://www.saos.org.pl/judgments/181106
180068|2015-09-04|SO|VI GC 303/13|Wyrok|https://www.saos.org.pl/judgments/180068
178325|2015-09-04|SO|IV Ca 373/15|Wyrok|https://www.saos.org.pl/judgments/178325
178212|2015-09-04|SO|I Ca 268/15|Postanowienie|https://www.saos.org.pl/judgments/178212
236853|2015-09-03|SO|I C 490/15|Wyrok|https://www.saos.org.pl/judgments/236853
191810|2015-09-03|SO|I ACa 338/15|Wyrok|https://www.saos.org.pl/judgments/191810
182688|2015-09-03|SO|I Ca 145/15|Wyrok|https://www.saos.org.pl/judgments/182688
181263|2015-09-03|SO|I ACa 350/15|Wyrok|https://www.saos.org.pl/judgments/181263
179018|2015-09-03|SO|I C 1673/15|Wyrok|https://www.saos.org.pl/judgments/179018
205331|2015-09-02|SO|VII C 531/15|Wyrok|https://www.saos.org.pl/judgments/205331
191811|2015-09-02|SO|I ACa 370/15|Wyrok|https://www.saos.org.pl/judgments/191811
182326|2015-09-02|SO|I C 370/15|Wyrok|https://www.saos.org.pl/judgments/182326
180712|2015-09-02|SO|III Ca 391/15|Wyrok|https://www.saos.org.pl/judgments/180712
180418|2015-09-02|SO|I ACa 194/15|Wyrok|https://www.saos.org.pl/judgments/180418
295923|2015-09-01|SO|I ACa 882/15|Wyrok|https://www.saos.org.pl/judgments/295923
182380|2015-08-31|SO|I C 442/14|Uzasadnienie|https://www.saos.org.pl/judgments/182380
176848|2015-08-31|SO|XXVI GC 210/14|Zarządzenie|https://www.saos.org.pl/judgments/176848
175298|2015-08-31|SO|III C 603/15|Uzasadnienie|https://www.saos.org.pl/judgments/175298
295921|2015-08-28|SO|I ACa 818/15|Wyrok|https://www.saos.org.pl/judgments/295921
180232|2015-08-28|SO|VIII Ga 223/15|Wyrok|https://www.saos.org.pl/judgments/180232
176581|2015-08-28|SO|II C 87/15|Wyrok|https://www.saos.org.pl/judgments/176581
285020|2015-08-27|SO|XXV C 1290/13|Wyrok|https://www.saos.org.pl/judgments/285020
213196|2015-08-27|SO|I 1 C 1320/15|Wyrok|https://www.saos.org.pl/judgments/213196
195754|2015-08-27|SO|XVIII C 571/15|Wyrok|https://www.saos.org.pl/judgments/195754
183435|2015-08-27|SO|II Ca 898/14|Uzasadnienie|https://www.saos.org.pl/judgments/183435
178216|2015-08-27|SO|II AKa 131/15|Wyrok|https://www.saos.org.pl/judgments/178216
210704|2015-08-25|SO|II C 68/15|Wyrok|https://www.saos.org.pl/judgments/210704
213807|2015-08-24|SO|I Ns 34/15|Postanowienie|https://www.saos.org.pl/judgments/213807
213806|2015-08-24|SO|I Ns 34/15|Uzasadnienie|https://www.saos.org.pl/judgments/213806
190211|2015-08-21|SO|XVII GC 359/15|Zarządzenie|https://www.saos.org.pl/judgments/190211
180954|2015-08-21|SO|I C 731/13|Uzasadnienie|https://www.saos.org.pl/judgments/180954
177008|2015-08-21|SO|I C 959/14|Wyrok|https://www.saos.org.pl/judgments/177008
175915|2015-08-21|SO|II C 699/14|Wyrok|https://www.saos.org.pl/judgments/175915
298080|2015-08-20|SO|II C 276/15|Wyrok|https://www.saos.org.pl/judgments/298080
191264|2015-08-20|SO|I ACa 1995/14|Wyrok|https://www.saos.org.pl/judgments/191264
177570|2015-08-20|SO|II C 1246/14|Wyrok|https://www.saos.org.pl/judgments/177570
175778|2015-08-20|SO|V GC 310/15|Wyrok|https://www.saos.org.pl/judgments/175778
176946|2015-08-19|SO|I C 18/15|Wyrok|https://www.saos.org.pl/judgments/176946
176593|2015-08-19|SO|II Ca 413/15|Wyrok|https://www.saos.org.pl/judgments/176593
175004|2015-08-19|SO|VII Pa 148/15|Uzasadnienie|https://www.saos.org.pl/judgments/175004
175862|2015-08-18|SO|I C 180/15|Wyrok|https://www.saos.org.pl/judgments/175862
239327|2015-08-13|SO|XII C 172/13|Wyrok|https://www.saos.org.pl/judgments/239327
182680|2015-08-13|SO|I C 987/14|Wyrok|https://www.saos.org.pl/judgments/182680
181193|2015-08-12|SO|I ACa 1989/14|Wyrok|https://www.saos.org.pl/judgments/181193
178150|2015-08-10|SO|I ACa 198/15|Wyrok|https://www.saos.org.pl/judgments/178150
261394|2015-08-06|SO|III C 417/11|Wyrok|https://www.saos.org.pl/judgments/261394
251090|2015-08-06|SO|XXIII Ga 254/15|Wyrok|https://www.saos.org.pl/judgments/251090
179686|2015-08-06|SO|III AUa 996/14|Wyrok|https://www.saos.org.pl/judgments/179686
177055|2015-08-06|SO|II Ca 912/15|Wyrok|https://www.saos.org.pl/judgments/177055
175167|2015-08-06|SO|I C 1428/14|Wyrok|https://www.saos.org.pl/judgments/175167
180911|2015-08-03|SO|XII Ga 228/15|Uzasadnienie|https://www.saos.org.pl/judgments/180911
172689|2015-08-03|SO|I Ns 234/15|Postanowienie|https://www.saos.org.pl/judgments/172689
185268|2015-07-31|SO|III Ca 559/15|Uzasadnienie|https://www.saos.org.pl/judgments/185268
176940|2015-07-30|SO|I C 168/15|Wyrok|https://www.saos.org.pl/judgments/176940
267306|2015-07-29|SO|I C 466/15|Uzasadnienie|https://www.saos.org.pl/judgments/267306
189219|2015-07-29|SO|XII C 516/14|Wyrok|https://www.saos.org.pl/judgments/189219
189218|2015-07-29|SO|XII C 514/14|Wyrok|https://www.saos.org.pl/judgments/189218
189217|2015-07-29|SO|XII C 510/14|Wyrok|https://www.saos.org.pl/judgments/189217
177808|2015-07-28|SO|XI GC 584/15|Wyrok|https://www.saos.org.pl/judgments/177808
177415|2015-07-28|SO|I C 272/15|Wyrok|https://www.saos.org.pl/judgments/177415
178527|2015-07-27|SO|I C 629/15|Wyrok|https://www.saos.org.pl/judgments/178527
203935|2015-07-24|SO|II C 1688/13|Wyrok|https://www.saos.org.pl/judgments/203935
190179|2015-07-24|SO|XV Ca 567/15|Postanowienie|https://www.saos.org.pl/judgments/190179
207479|2015-07-23|SO|IX GC 1220/14|Wyrok|https://www.saos.org.pl/judgments/207479
185196|2015-07-23|SO|III Ca 500/15|Uzasadnienie|https://www.saos.org.pl/judgments/185196
176468|2015-07-23|SO|I ACa 103/15|Wyrok|https://www.saos.org.pl/judgments/176468
176054|2015-07-23|SO|XI GC 717/14|Wyrok|https://www.saos.org.pl/judgments/176054
173891|2015-07-23|SO|I C 191/15|Wyrok|https://www.saos.org.pl/judgments/173891
173785|2015-07-23|SO|I ACa 368/14|Wyrok|https://www.saos.org.pl/judgments/173785
298523|2015-07-22|SO|II Ca 176/15|Wyrok|https://www.saos.org.pl/judgments/298523
174003|2015-07-22|SO|I Ca 188/15|Wyrok|https://www.saos.org.pl/judgments/174003
223663|2015-07-21|SO|V Ca 3163/14|Wyrok|https://www.saos.org.pl/judgments/223663
257289|2015-07-20|SO|II Ca 465/15|Postanowienie|https://www.saos.org.pl/judgments/257289
203937|2015-07-20|SO|II C 179/15|Wyrok|https://www.saos.org.pl/judgments/203937
185241|2015-07-20|SO|III Ca 539/15|Uzasadnienie|https://www.saos.org.pl/judgments/185241
178407|2015-07-17|SO|VIII Ga 195/15|Wyrok|https://www.saos.org.pl/judgments/178407
182210|2015-07-15|SO|I C 2900/13|Wyrok|https://www.saos.org.pl/judgments/182210
177886|2015-07-15|SO|III Ca 365/15|Wyrok|https://www.saos.org.pl/judgments/177886
177552|2015-07-15|SO|I Ca 209/15|Wyrok|https://www.saos.org.pl/judgments/177552
176011|2015-07-15|SO|VIII GC 407/12|Wyrok|https://www.saos.org.pl/judgments/176011
176010|2015-07-15|SO|VIII GC 243/12|Wyrok|https://www.saos.org.pl/judgments/176010
175154|2015-07-15|SO|I ACa 863/13|Wyrok|https://www.saos.org.pl/judgments/175154
247174|2015-07-14|SO|V GC 51/15|Wyrok|https://www.saos.org.pl/judgments/247174
232839|2015-07-10|SO|I C 3684/14|Wyrok|https://www.saos.org.pl/judgments/232839
190897|2015-07-10|SO|VI ACa 1207/14|Wyrok|https://www.saos.org.pl/judgments/190897
176470|2015-07-10|SO|I ACa 108/15|Wyrok|https://www.saos.org.pl/judgments/176470
169694|2015-07-10|SO|VIII P 76/12|Uzasadnienie|https://www.saos.org.pl/judgments/169694
538860|2015-07-09|SO|I ACa 125/15|Wyrok|https://www.saos.org.pl/judgments/538860
175882|2015-07-08|SO|I C 754/15|Wyrok|https://www.saos.org.pl/judgments/175882
269387|2015-07-07|SO|XII C 6/13|Wyrok|https://www.saos.org.pl/judgments/269387
296786|2015-07-06|SO|II Ca 432/15|Wyrok|https://www.saos.org.pl/judgments/296786
225584|2015-07-06|SO|II C 136/14|Zarządzenie|https://www.saos.org.pl/judgments/225584
185075|2015-07-06|SO|III Ca 400/15|Uzasadnienie|https://www.saos.org.pl/judgments/185075
173942|2015-07-06|SO|I C 482/12|Wyrok|https://www.saos.org.pl/judgments/173942
172182|2015-07-03|SO|I ACa 277/15|Wyrok|https://www.saos.org.pl/judgments/172182
171656|2015-07-03|SO|VIII GC 296/14|Zarządzenie|https://www.saos.org.pl/judgments/171656
171624|2015-07-03|SO|IX Ca 326/15|Wyrok|https://www.saos.org.pl/judgments/171624
179716|2015-07-02|SO|III Ca 366/15|Uzasadnienie|https://www.saos.org.pl/judgments/179716
484955|2015-07-01|SO|I C 313/09|Wyrok|https://www.saos.org.pl/judgments/484955
299432|2015-07-01|SO|I C 313/09|Wyrok|https://www.saos.org.pl/judgments/299432
256777|2015-07-01|SO|I C 3486/14|Uzasadnienie|https://www.saos.org.pl/judgments/256777
234140|2015-07-01|SO|I C 14/15|Wyrok|https://www.saos.org.pl/judgments/234140
176585|2015-06-30|SO|II Ca 293/15|Wyrok|https://www.saos.org.pl/judgments/176585
175177|2015-06-29|SO|I C 2527/14|Wyrok|https://www.saos.org.pl/judgments/175177
224391|2015-06-26|SO|I C 188/14|Zarządzenie|https://www.saos.org.pl/judgments/224391
178451|2015-06-26|SO|I ACa 693/14|Wyrok|https://www.saos.org.pl/judgments/178451
177047|2015-06-26|SO|II Ca 2594/13|Postanowienie|https://www.saos.org.pl/judgments/177047
173866|2015-06-26|SO|I C 1432/14|Wyrok|https://www.saos.org.pl/judgments/173866
171940|2015-06-26|SO|II Ca 518/15|Wyrok|https://www.saos.org.pl/judgments/171940
173385|2015-06-25|SO|I ACa 1829/14|Wyrok|https://www.saos.org.pl/judgments/173385
173359|2015-06-25|SO|I ACa 104/15|Wyrok|https://www.saos.org.pl/judgments/173359
298505|2015-06-24|SO|II Ca 132/15|Wyrok|https://www.saos.org.pl/judgments/298505
174143|2015-06-24|SO|II Cgg 2/14|Wyrok|https://www.saos.org.pl/judgments/174143
171132|2015-06-24|SO|VIII Ca 243/15|Wyrok|https://www.saos.org.pl/judgments/171132
170440|2015-06-24|SO|I Ca 214/15|Wyrok|https://www.saos.org.pl/judgments/170440
217151|2015-06-23|SO|XV Ca 210/15|Postanowienie|https://www.saos.org.pl/judgments/217151
177533|2015-06-23|SO|I C 2176/14|Wyrok|https://www.saos.org.pl/judgments/177533
173425|2015-06-23|SO|I C 702/14|Zarządzenie|https://www.saos.org.pl/judgments/173425
169232|2015-06-23|SO|I C 185/15|Uzasadnienie|https://www.saos.org.pl/judgments/169232
177638|2015-06-22|SO|III Ca 308/15|Uzasadnienie|https://www.saos.org.pl/judgments/177638
173962|2015-06-22|SO|I C 613/13|Wyrok|https://www.saos.org.pl/judgments/173962
169681|2015-06-19|SO|VIII Ga 145/15|Wyrok|https://www.saos.org.pl/judgments/169681
178169|2015-06-18|SO|I ACa 78/15|Wyrok|https://www.saos.org.pl/judgments/178169
178166|2015-06-18|SO|I ACa 301/15|Wyrok|https://www.saos.org.pl/judgments/178166
172644|2015-06-18|SO|I ACa 1822/14|Wyrok|https://www.saos.org.pl/judgments/172644
172224|2015-06-18|SO|III Ca 540/15|Wyrok|https://www.saos.org.pl/judgments/172224
158646|2015-06-18|SO|I C 1961/14|Wyrok|https://www.saos.org.pl/judgments/158646
183268|2015-06-17|SO|II Ca 286/15|Wyrok|https://www.saos.org.pl/judgments/183268
177468|2015-06-17|SO|III Ca 317/15|Uzasadnienie|https://www.saos.org.pl/judgments/177468
171679|2015-06-17|SO|XVIII C 1562/15|Wyrok|https://www.saos.org.pl/judgments/171679
192351|2015-06-16|SO|XV C 990/14|Wyrok|https://www.saos.org.pl/judgments/192351
185060|2015-06-16|SO|III Ca 388/15|Wyrok|https://www.saos.org.pl/judgments/185060
246142|2015-06-15|SO|I Ns 353/12|Uzasadnienie|https://www.saos.org.pl/judgments/246142
176363|2015-06-15|SO|III Ca 198/15|Uzasadnienie|https://www.saos.org.pl/judgments/176363
171457|2015-06-15|SO|VI Ga 160/15|Wyrok|https://www.saos.org.pl/judgments/171457
169677|2015-06-12|SO|VIII C 2387/13|Wyrok|https://www.saos.org.pl/judgments/169677
296136|2015-06-11|SO|II Ca 1000/14|Uzasadnienie|https://www.saos.org.pl/judgments/296136
174130|2015-06-11|SO|II Ca 469/15|Wyrok|https://www.saos.org.pl/judgments/174130
158307|2015-06-11|SO|XII C 1069/13|Wyrok|https://www.saos.org.pl/judgments/158307
157065|2015-06-11|SO|I C 300/15|Wyrok|https://www.saos.org.pl/judgments/157065
304390|2015-06-10|SO|I ACa 85/15|Wyrok|https://www.saos.org.pl/judgments/304390
178554|2015-06-10|SO|I Ns 194/15|Postanowienie|https://www.saos.org.pl/judgments/178554
176436|2015-06-10|SO|VII C 2020/13|Wyrok|https://www.saos.org.pl/judgments/176436
176038|2015-06-10|SO|X GC 139/13|Wyrok|https://www.saos.org.pl/judgments/176038
170713|2015-06-10|SO|I C 37/15|Wyrok|https://www.saos.org.pl/judgments/170713
169164|2015-06-10|SO|I ACa 47/15|Wyrok|https://www.saos.org.pl/judgments/169164
156746|2015-06-10|SO|X GC 804/14|Uzasadnienie|https://www.saos.org.pl/judgments/156746
228090|2015-06-09|SO|II Cgg 28/13|Wyrok|https://www.saos.org.pl/judgments/228090
211514|2015-06-09|SO|I C 729/14|Wyrok|https://www.saos.org.pl/judgments/211514
175414|2015-06-09|SO|III Ca 657/15|Uzasadnienie|https://www.saos.org.pl/judgments/175414
174094|2015-06-09|SO|II C 432/14|Wyrok|https://www.saos.org.pl/judgments/174094
159116|2015-06-09|SO|XI GC 377/14|Wyrok|https://www.saos.org.pl/judgments/159116
275778|2015-06-03|SO|XI C 1239/14|Wyrok|https://www.saos.org.pl/judgments/275778
181222|2015-06-03|SO|I ACa 246/14|Wyrok|https://www.saos.org.pl/judgments/181222
173925|2015-06-03|SO|I C 341/15|Wyrok|https://www.saos.org.pl/judgments/173925
157778|2015-06-03|SO|I ACa 1508/14|Wyrok|https://www.saos.org.pl/judgments/157778
319583|2015-06-02|SO|XX GC 1233/14|Wyrok|https://www.saos.org.pl/judgments/319583
236632|2015-06-02|SO|II C 438/14|Wyrok|https://www.saos.org.pl/judgments/236632
190489|2015-06-02|SO|I C 412/15|Wyrok|https://www.saos.org.pl/judgments/190489
169673|2015-06-02|SO|VIII C 1381/14|Wyrok|https://www.saos.org.pl/judgments/169673
159381|2015-06-02|SO|VI GC 390/14|Wyrok|https://www.saos.org.pl/judgments/159381
158933|2015-06-02|SO|I C 613/15|Wyrok|https://www.saos.org.pl/judgments/158933
176845|2015-06-01|SO|XXVI GC 180/14|Zarządzenie|https://www.saos.org.pl/judgments/176845
156302|2015-06-01|SO|I C 602/15|Wyrok|https://www.saos.org.pl/judgments/156302
227170|2015-05-29|SO|II C 478/09|Wyrok|https://www.saos.org.pl/judgments/227170
172169|2015-05-29|SO|I ACa 151/15|Wyrok|https://www.saos.org.pl/judgments/172169
298131|2015-05-28|SO|II Ca 1393/14|Wyrok|https://www.saos.org.pl/judgments/298131
178475|2015-05-28|SO|I C 1361/14|Wyrok|https://www.saos.org.pl/judgments/178475
169137|2015-05-28|SO|I ACa 156/15|Wyrok|https://www.saos.org.pl/judgments/169137
155624|2015-05-28|SO|I C 48/15|Uzasadnienie|https://www.saos.org.pl/judgments/155624
276323|2015-05-27|SO|III C 173/14|Uzasadnienie|https://www.saos.org.pl/judgments/276323
190461|2015-05-27|SO|I C 1581/13|Wyrok|https://www.saos.org.pl/judgments/190461
175842|2015-05-27|SO|I ACa 241/15|Wyrok|https://www.saos.org.pl/judgments/175842
174456|2015-05-27|SO|III Ca 1873/14|Uzasadnienie|https://www.saos.org.pl/judgments/174456
174043|2015-05-27|SO|II AKa 123/15|Wyrok|https://www.saos.org.pl/judgments/174043
157748|2015-05-27|SO|VIII C 384/15|Wyrok|https://www.saos.org.pl/judgments/157748
156258|2015-05-27|SO|I ACa 98/15|Wyrok|https://www.saos.org.pl/judgments/156258
172121|2015-05-26|SO|VIII GC 314/14|Wyrok|https://www.saos.org.pl/judgments/172121
157066|2015-05-26|SO|I C 3241/14|Wyrok|https://www.saos.org.pl/judgments/157066
232145|2015-05-25|SO|I C 270/15|Wyrok|https://www.saos.org.pl/judgments/232145
172646|2015-05-25|SO|I ACa 285/15|Wyrok|https://www.saos.org.pl/judgments/172646
157087|2015-05-22|SO|II Ca 319/15|Wyrok|https://www.saos.org.pl/judgments/157087
157047|2015-05-22|SO|I ACa 349/15|Wyrok|https://www.saos.org.pl/judgments/157047
183269|2015-05-21|SO|II Ca 294/15|Postanowienie|https://www.saos.org.pl/judgments/183269
181250|2015-05-21|SO|I ACa 31/15|Wyrok|https://www.saos.org.pl/judgments/181250
169963|2015-05-21|SO|II Ca 101/15|Wyrok|https://www.saos.org.pl/judgments/169963
154974|2015-05-21|SO|V GC 710/14|Wyrok|https://www.saos.org.pl/judgments/154974
297785|2015-05-20|SO|II Ca 1242/14|Wyrok|https://www.saos.org.pl/judgments/297785
236303|2015-05-20|SO|IX GC 769/14|Wyrok|https://www.saos.org.pl/judgments/236303
174876|2015-05-20|SO|V ACa 32/15|Wyrok|https://www.saos.org.pl/judgments/174876
169958|2015-05-20|SO|I Ca 136/15|Wyrok|https://www.saos.org.pl/judgments/169958
297414|2015-05-19|SO|II Ca 968/14|Wyrok|https://www.saos.org.pl/judgments/297414
247623|2015-05-19|SO|II C 378/12|Wyrok|https://www.saos.org.pl/judgments/247623
158944|2015-05-19|SO|II Ca 100/15|Wyrok|https://www.saos.org.pl/judgments/158944
157089|2015-05-19|SO|II Ca 329/15|Wyrok|https://www.saos.org.pl/judgments/157089
155422|2015-05-19|SO|I C 3152/14|Wyrok|https://www.saos.org.pl/judgments/155422
175723|2015-05-18|SO|II Ca 1231/14|Wyrok|https://www.saos.org.pl/judgments/175723
171318|2015-05-18|SO|I C 1207/12|Wyrok|https://www.saos.org.pl/judgments/171318
171542|2015-05-15|SO|I ACa 1705/14|Wyrok|https://www.saos.org.pl/judgments/171542
158614|2015-05-14|SO|V Pa 49/15|Wyrok|https://www.saos.org.pl/judgments/158614
153410|2015-05-14|SO|II Ca 281/15|Wyrok|https://www.saos.org.pl/judgments/153410
246840|2015-05-13|SO|I ACa 397/15|Wyrok|https://www.saos.org.pl/judgments/246840
156342|2015-05-13|SO|II Ca 198/15|Wyrok|https://www.saos.org.pl/judgments/156342
156321|2015-05-13|SO|I Ca 66/15|Postanowienie|https://www.saos.org.pl/judgments/156321
297054|2015-05-12|SO|II Ca 663/14|Postanowienie|https://www.saos.org.pl/judgments/297054
227067|2015-05-12|SO|I C 1082/10|Wyrok|https://www.saos.org.pl/judgments/227067
184972|2015-05-12|SO|III Ca 232/15|Wyrok|https://www.saos.org.pl/judgments/184972
174392|2015-05-12|SO|III Ca 1191/14|Uzasadnienie|https://www.saos.org.pl/judgments/174392
173370|2015-05-12|SO|I ACa 1677/14|Wyrok|https://www.saos.org.pl/judgments/173370
157839|2015-05-12|SO|I C 235/15|Wyrok|https://www.saos.org.pl/judgments/157839
159566|2015-05-07|SO|IX GC 5249/14|Uzasadnienie|https://www.saos.org.pl/judgments/159566
156337|2015-05-07|SO|II Ca 108/15|Wyrok|https://www.saos.org.pl/judgments/156337
155170|2015-05-07|SO|VI Ga 88/15|Wyrok|https://www.saos.org.pl/judgments/155170
153681|2015-05-07|SO|IX Pa 31/15|Wyrok|https://www.saos.org.pl/judgments/153681
158747|2015-05-06|SO|VI ACa 448/15|Wyrok|https://www.saos.org.pl/judgments/158747
157040|2015-05-06|SO|I ACa 264/15|Wyrok|https://www.saos.org.pl/judgments/157040
155650|2015-05-06|SO|I Ca 187/14|Postanowienie|https://www.saos.org.pl/judgments/155650
153447|2015-05-06|SO|III Ca 193/15|Postanowienie|https://www.saos.org.pl/judgments/153447
501875|2015-05-04|SO|II Ca 271/15|Postanowienie|https://www.saos.org.pl/judgments/501875
275527|2015-04-30|SO|II Ca 1255/14|Wyrok|https://www.saos.org.pl/judgments/275527
250750|2015-04-30|SO|I C 3097/14|Uzasadnienie|https://www.saos.org.pl/judgments/250750
175157|2015-04-30|SO|I ACa 989/14|Wyrok|https://www.saos.org.pl/judgments/175157
158637|2015-04-30|SO|I ACa 212/15|Wyrok|https://www.saos.org.pl/judgments/158637
156223|2015-04-30|SO|I ACa 1360/14|Wyrok|https://www.saos.org.pl/judgments/156223
153882|2015-04-30|SO|XII C 1732/13|Wyrok|https://www.saos.org.pl/judgments/153882
346191|2015-04-29|SO|II Ca 1010/14|Wyrok|https://www.saos.org.pl/judgments/346191
173272|2015-04-29|SO|III Ca 1916/14|Uzasadnienie|https://www.saos.org.pl/judgments/173272
156131|2015-04-29|SO|VI U 1546/14|Wyrok|https://www.saos.org.pl/judgments/156131
155641|2015-04-29|SO|I Ca 105/15|Wyrok|https://www.saos.org.pl/judgments/155641
155570|2015-04-29|SO|I ACa 9/15|Wyrok|https://www.saos.org.pl/judgments/155570
155295|2015-04-29|SO|III Ca 191/15|Wyrok|https://www.saos.org.pl/judgments/155295
154886|2015-04-29|SO|I C 946/14|Zarządzenie|https://www.saos.org.pl/judgments/154886
173820|2015-04-28|SO|I ACa 942/14|Wyrok|https://www.saos.org.pl/judgments/173820
154301|2015-04-28|SO|VI C 2149/14|Wyrok|https://www.saos.org.pl/judgments/154301
152908|2015-04-28|SO|I C 514/15|Wyrok|https://www.saos.org.pl/judgments/152908
207279|2015-04-27|SO|I C 950/13|Wyrok|https://www.saos.org.pl/judgments/207279
173299|2015-04-27|SO|III Ca 422/15|Uzasadnienie|https://www.saos.org.pl/judgments/173299
173221|2015-04-27|SO|III Ca 1854/14|Uzasadnienie|https://www.saos.org.pl/judgments/173221
490428|2015-04-23|SO|I ACa 1363/14|Wyrok|https://www.saos.org.pl/judgments/490428
451696|2015-04-23|SO|I ACa 1447/14|Wyrok|https://www.saos.org.pl/judgments/451696
171095|2015-04-23|SO|V C 669/14|Wyrok|https://www.saos.org.pl/judgments/171095
297766|2015-04-22|SO|II Ca 1181/14|Wyrok|https://www.saos.org.pl/judgments/297766
156886|2015-04-22|SO|I ACa 5/15|Wyrok|https://www.saos.org.pl/judgments/156886
155655|2015-04-22|SO|I Ca 97/15|Postanowienie|https://www.saos.org.pl/judgments/155655
154306|2015-04-22|SO|VI C 739/15|Uzasadnienie|https://www.saos.org.pl/judgments/154306
153003|2015-04-22|SO|V ACa 762/14|Wyrok|https://www.saos.org.pl/judgments/153003
189330|2015-04-21|SO|XV Ca 1573/14|Wyrok|https://www.saos.org.pl/judgments/189330
182354|2015-04-21|SO|I C 414/15|Uzasadnienie|https://www.saos.org.pl/judgments/182354
155525|2015-04-21|SO|I ACa 1129/14|Wyrok|https://www.saos.org.pl/judgments/155525
172942|2015-04-17|SO|III Ca 1866/14|Uzasadnienie|https://www.saos.org.pl/judgments/172942
158493|2015-04-17|SO|I ACa 1479/14|Wyrok|https://www.saos.org.pl/judgments/158493
311964|2015-04-16|SO|II C 25/13|Wyrok|https://www.saos.org.pl/judgments/311964
232191|2015-04-16|SO|II C 308/14|Uzasadnienie|https://www.saos.org.pl/judgments/232191
202838|2015-04-16|SO|II Ca 1135/14|Postanowienie|https://www.saos.org.pl/judgments/202838
182239|2015-04-16|SO|I C 300/15|Wyrok|https://www.saos.org.pl/judgments/182239
173366|2015-04-16|SO|I ACa 1537/14|Wyrok|https://www.saos.org.pl/judgments/173366
169851|2015-04-16|SO|III C 1002/14|Uzasadnienie|https://www.saos.org.pl/judgments/169851
153611|2015-04-16|SO|II Ca 273/15|Wyrok|https://www.saos.org.pl/judgments/153611
153607|2015-04-16|SO|II Ca 176/15|Wyrok|https://www.saos.org.pl/judgments/153607
152102|2015-04-16|SO|IX Ca 76/15|Postanowienie|https://www.saos.org.pl/judgments/152102
153255|2015-04-14|SO|I C 97/15|Wyrok|https://www.saos.org.pl/judgments/153255
257275|2015-04-13|SO|II Ca 203/15|Postanowienie|https://www.saos.org.pl/judgments/257275
172888|2015-04-10|SO|III Ca 1782/14|Uzasadnienie|https://www.saos.org.pl/judgments/172888
153244|2015-04-10|SO|I C 422/14|Wyrok|https://www.saos.org.pl/judgments/153244
153001|2015-04-10|SO|V ACa 687/14|Wyrok|https://www.saos.org.pl/judgments/153001
151661|2015-04-10|SO|I C 23/14|Wyrok|https://www.saos.org.pl/judgments/151661
151624|2015-04-10|SO|I ACa 1492/14|Wyrok|https://www.saos.org.pl/judgments/151624
151455|2015-04-10|SO|I C 73/15|Wyrok|https://www.saos.org.pl/judgments/151455
173816|2015-04-09|SO|I ACa 934/14|Wyrok|https://www.saos.org.pl/judgments/173816
158302|2015-04-09|SO|X Ga 400/14|Wyrok|https://www.saos.org.pl/judgments/158302
151626|2015-04-09|SO|I ACa 1502/14|Wyrok|https://www.saos.org.pl/judgments/151626
150610|2015-04-09|SO|I ACa 910/14|Wyrok|https://www.saos.org.pl/judgments/150610
184953|2015-04-08|SO|III Ca 1965/14|Wyrok|https://www.saos.org.pl/judgments/184953
184901|2015-04-08|SO|III Ca 13/15|Wyrok|https://www.saos.org.pl/judgments/184901
159527|2015-04-08|SO|III Ca 1918/14|Wyrok|https://www.saos.org.pl/judgments/159527
159519|2015-04-08|SO|III Ca 1857/14|Wyrok|https://www.saos.org.pl/judgments/159519
149606|2015-04-08|SO|I ACa 959/14|Wyrok|https://www.saos.org.pl/judgments/149606
172865|2015-04-03|SO|III Ca 1752/14|Uzasadnienie|https://www.saos.org.pl/judgments/172865
157022|2015-04-03|SO|VIII GC 156/11|Wyrok|https://www.saos.org.pl/judgments/157022
359340|2015-04-02|SO|II C 74/15|Zarządzenie|https://www.saos.org.pl/judgments/359340
192390|2015-04-01|SO|I C 2428/14|Wyrok|https://www.saos.org.pl/judgments/192390
153359|2015-04-01|SO|XII C 100/14|Wyrok|https://www.saos.org.pl/judgments/153359
150102|2015-04-01|SO|I Ca 72/15|Wyrok|https://www.saos.org.pl/judgments/150102
172838|2015-03-31|SO|III Ca 1725/14|Uzasadnienie|https://www.saos.org.pl/judgments/172838
172834|2015-03-31|SO|III Ca 1723/14|Uzasadnienie|https://www.saos.org.pl/judgments/172834
157350|2015-03-31|SO|V Pa 212/13|Wyrok|https://www.saos.org.pl/judgments/157350
149784|2015-03-31|SO|II Ca 125/15|Postanowienie|https://www.saos.org.pl/judgments/149784
149086|2015-03-31|SO|II Ca 529/14|Wyrok|https://www.saos.org.pl/judgments/149086
148392|2015-03-31|SO|I C 61/15|Wyrok|https://www.saos.org.pl/judgments/148392
270182|2015-03-30|SO|I C 1127/14|Uzasadnienie|https://www.saos.org.pl/judgments/270182
172842|2015-03-30|SO|III Ca 1727/14|Uzasadnienie|https://www.saos.org.pl/judgments/172842
153901|2015-03-30|SO|I C 1202/14|Wyrok|https://www.saos.org.pl/judgments/153901
135071|2015-03-30|SO|X GC 137/14|Uzasadnienie|https://www.saos.org.pl/judgments/135071
207273|2015-03-27|SO|I C 867/14|Wyrok|https://www.saos.org.pl/judgments/207273
169675|2015-03-27|SO|VIII C 151/13|Wyrok|https://www.saos.org.pl/judgments/169675
150265|2015-03-27|SO|X P 1046/14|Wyrok|https://www.saos.org.pl/judgments/150265
149736|2015-03-27|SO|I Ca 26/15|Wyrok|https://www.saos.org.pl/judgments/149736
149417|2015-03-27|SO|I Ns 1823/13|Postanowienie|https://www.saos.org.pl/judgments/149417
181137|2015-03-26|SO|I ACa 1310/14|Wyrok|https://www.saos.org.pl/judgments/181137
176356|2015-03-26|SO|III Ca 1740/14|Wyrok|https://www.saos.org.pl/judgments/176356
173642|2015-03-26|SO|I ACa 932/14|Wyrok|https://www.saos.org.pl/judgments/173642
159506|2015-03-26|SO|III Ca 1718/14|Wyrok|https://www.saos.org.pl/judgments/159506
159244|2015-03-26|SO|III Ca 1846/14|Wyrok|https://www.saos.org.pl/judgments/159244
151456|2015-03-26|SO|I C 731/14|Wyrok|https://www.saos.org.pl/judgments/151456
150667|2015-03-26|SO|II Ca 724/14|Wyrok|https://www.saos.org.pl/judgments/150667
150666|2015-03-26|SO|II Ca 689/14|Wyrok|https://www.saos.org.pl/judgments/150666
150090|2015-03-26|SO|I C 3057/14|Wyrok|https://www.saos.org.pl/judgments/150090
148672|2015-03-26|SO|V ACa 657/14|Wyrok|https://www.saos.org.pl/judgments/148672
173526|2015-03-25|SO|I ACa 941/14|Wyrok|https://www.saos.org.pl/judgments/173526
172769|2015-03-25|SO|III Ca 13/15|Uzasadnienie|https://www.saos.org.pl/judgments/172769
155184|2015-03-25|SO|VI GC 360/14|Wyrok|https://www.saos.org.pl/judgments/155184
150570|2015-03-25|SO|I ACa 1046/14|Wyrok|https://www.saos.org.pl/judgments/150570
150088|2015-03-25|SO|I C 294/14|Wyrok|https://www.saos.org.pl/judgments/150088
237150|2015-03-24|SO|I Ns 20/12|Uzasadnienie|https://www.saos.org.pl/judgments/237150
152580|2015-03-24|SO|II Ca 38/15|Wyrok|https://www.saos.org.pl/judgments/152580
148861|2015-03-24|SO|IX Ca 33/15|Wyrok|https://www.saos.org.pl/judgments/148861
133018|2015-03-24|SO|I C 1451/14|Uzasadnienie|https://www.saos.org.pl/judgments/133018
296711|2015-03-23|SO|II Ca 211/14|Wyrok|https://www.saos.org.pl/judgments/296711
189855|2015-03-23|SO|I C 85/15|Wyrok|https://www.saos.org.pl/judgments/189855
222842|2015-03-20|SO|IX GC 916/14|Wyrok|https://www.saos.org.pl/judgments/222842
169942|2015-03-20|SO|I ACa 1385/14|Wyrok|https://www.saos.org.pl/judgments/169942
156163|2015-03-20|SO|VIII GC 193/13|Uzasadnienie|https://www.saos.org.pl/judgments/156163
155698|2015-03-20|SO|II Ca 1193/14|Wyrok|https://www.saos.org.pl/judgments/155698
148764|2015-03-20|SO|I C 1955/14|Wyrok|https://www.saos.org.pl/judgments/148764
135121|2015-03-20|SO|XII C 2487/13|Wyrok|https://www.saos.org.pl/judgments/135121
184062|2015-03-19|SO|III APa 14/14|Wyrok|https://www.saos.org.pl/judgments/184062
175788|2015-03-19|SO|VI ACa 718/13|Wyrok|https://www.saos.org.pl/judgments/175788
154395|2015-03-19|SO|II Ca 734/14|Postanowienie|https://www.saos.org.pl/judgments/154395
152546|2015-03-19|SO|I ACa 1158/14|Wyrok|https://www.saos.org.pl/judgments/152546
151227|2015-03-19|SO|VIII Ga 264/14|Uzasadnienie|https://www.saos.org.pl/judgments/151227
148393|2015-03-19|SO|I C 747/14|Wyrok|https://www.saos.org.pl/judgments/148393
297419|2015-03-18|SO|II Ca 998/14|Wyrok|https://www.saos.org.pl/judgments/297419
168619|2015-03-18|SN|I CSK 200/14|Postanowienie|https://www.saos.org.pl/judgments/168619
153111|2015-03-18|SO|I C 615/14|Wyrok|https://www.saos.org.pl/judgments/153111
155177|2015-03-17|SO|VI GC 264/14|Wyrok|https://www.saos.org.pl/judgments/155177
154208|2015-03-17|SO|II Ca 929/14|Postanowienie|https://www.saos.org.pl/judgments/154208
150819|2015-03-17|SO|I ACa 1375/14|Wyrok|https://www.saos.org.pl/judgments/150819
150520|2015-03-17|SO|VI Ga 28/15|Wyrok|https://www.saos.org.pl/judgments/150520
275227|2015-03-16|SO|XV GC 196/14|Uzasadnienie|https://www.saos.org.pl/judgments/275227
157765|2015-03-16|SO|I C 1579/13|Wyrok|https://www.saos.org.pl/judgments/157765
148099|2015-03-13|SO|V ACa 916/14|Wyrok|https://www.saos.org.pl/judgments/148099
232487|2015-03-12|SO|X GC 406/14|Wyrok|https://www.saos.org.pl/judgments/232487
218637|2015-03-12|SO|IV P 4/15|Wyrok|https://www.saos.org.pl/judgments/218637
170329|2015-03-12|SO|III Ca 1440/14|Uzasadnienie|https://www.saos.org.pl/judgments/170329
149414|2015-03-12|SO|I C 1371/14|Wyrok|https://www.saos.org.pl/judgments/149414
358959|2015-03-11|SO|II C 1897/14|Zarządzenie|https://www.saos.org.pl/judgments/358959
172547|2015-03-10|SO|I ACa 924/14|Wyrok|https://www.saos.org.pl/judgments/172547
149839|2015-03-10|SO|VIII Ga 8/15|Uzasadnienie|https://www.saos.org.pl/judgments/149839
169353|2015-03-06|SO|II Ca 103/15|Wyrok|https://www.saos.org.pl/judgments/169353
149909|2015-03-06|SO|II Ca 108/15|Postanowienie|https://www.saos.org.pl/judgments/149909
134576|2015-03-06|SO|I Ca 51/15|Wyrok|https://www.saos.org.pl/judgments/134576
224081|2015-03-04|SO|I C 678/12|Wyrok|https://www.saos.org.pl/judgments/224081
176544|2015-03-04|SO|I C 361/14|Wyrok|https://www.saos.org.pl/judgments/176544
156346|2015-03-04|SO|II Ca 44/15|Wyrok|https://www.saos.org.pl/judgments/156346
134975|2015-03-04|SO|I Ca 71/15|Postanowienie|https://www.saos.org.pl/judgments/134975
134256|2015-03-04|SO|II Ca 955/14|Wyrok|https://www.saos.org.pl/judgments/134256
157476|2015-03-03|SO|III Ca 1057/14|Uzasadnienie|https://www.saos.org.pl/judgments/157476
171315|2015-02-27|SO|I ACa 649/14|Wyrok|https://www.saos.org.pl/judgments/171315
152153|2015-02-27|SO|XVI GC 1046/14|Zarządzenie|https://www.saos.org.pl/judgments/152153
150807|2015-02-27|SO|VI ACa 639/14|Wyrok|https://www.saos.org.pl/judgments/150807
149052|2015-02-27|SO|I ACa 979/14|Wyrok|https://www.saos.org.pl/judgments/149052
148116|2015-02-27|SO|I C 1678/14|Wyrok|https://www.saos.org.pl/judgments/148116
134957|2015-02-27|SO|I C 1232/13|Wyrok|https://www.saos.org.pl/judgments/134957
133132|2015-02-27|SO|V Ka 1141/14|Wyrok|https://www.saos.org.pl/judgments/133132
298588|2015-02-26|SO|II Ca 39/15|Wyrok|https://www.saos.org.pl/judgments/298588
213655|2015-02-26|SO|XI C 1609/13|Wyrok|https://www.saos.org.pl/judgments/213655
180524|2015-02-26|SO|I C 880/14|Wyrok|https://www.saos.org.pl/judgments/180524
159758|2015-02-26|SO|III Ca 85/15|Wyrok|https://www.saos.org.pl/judgments/159758
223140|2015-02-25|SO|III C 1002/14|Wyrok|https://www.saos.org.pl/judgments/223140
217273|2015-02-25|SO|I C 814/13|Uzasadnienie|https://www.saos.org.pl/judgments/217273
182260|2015-02-25|SO|I C 313/13|Wyrok|https://www.saos.org.pl/judgments/182260
157803|2015-02-25|SO|I ACa 718/14|Wyrok|https://www.saos.org.pl/judgments/157803
151663|2015-02-25|SO|I C 2423/14|Wyrok|https://www.saos.org.pl/judgments/151663
151317|2015-02-25|SO|I Ca 382/14|Wyrok|https://www.saos.org.pl/judgments/151317
149685|2015-02-25|SO|I Ns 560/14|Postanowienie|https://www.saos.org.pl/judgments/149685
134569|2015-02-25|SO|I Ca 15/15|Postanowienie|https://www.saos.org.pl/judgments/134569
134384|2015-02-25|SO|I ACa 824/14|Wyrok|https://www.saos.org.pl/judgments/134384
258095|2015-02-24|SO|I C 798/14|Wyrok|https://www.saos.org.pl/judgments/258095
149985|2015-02-24|SO|I C 1594/13|Wyrok|https://www.saos.org.pl/judgments/149985
132684|2015-02-24|SO|II Ca 1049/14|Wyrok|https://www.saos.org.pl/judgments/132684
153056|2015-02-20|SO|I ACa 1257/14|Wyrok|https://www.saos.org.pl/judgments/153056
152634|2015-02-20|SO|V ACa 831/14|Wyrok|https://www.saos.org.pl/judgments/152634
168307|2015-02-19|SN|III CSK 188/14|Postanowienie|https://www.saos.org.pl/judgments/168307
149039|2015-02-19|SO|I ACa 1163/14|Wyrok|https://www.saos.org.pl/judgments/149039
128941|2015-02-19|SO|X GC 880/12|Uzasadnienie|https://www.saos.org.pl/judgments/128941
181918|2015-02-18|SO|I C 1790/14|Wyrok|https://www.saos.org.pl/judgments/181918
152915|2015-02-18|SO|I Ca 19/15|Postanowienie|https://www.saos.org.pl/judgments/152915
132913|2015-02-18|SO|IV Ca 980/14|Wyrok|https://www.saos.org.pl/judgments/132913
158347|2015-02-17|SO|III Ca 122/15|Uzasadnienie|https://www.saos.org.pl/judgments/158347
152553|2015-02-17|SO|I ACa 1661/14|Wyrok|https://www.saos.org.pl/judgments/152553
130732|2015-02-17|SO|II C 1755/14|Wyrok|https://www.saos.org.pl/judgments/130732
148552|2015-02-16|SO|II Ca 776/14|Postanowienie|https://www.saos.org.pl/judgments/148552
151085|2015-02-13|SO|III Ca 1342/14|Uzasadnienie|https://www.saos.org.pl/judgments/151085
132649|2015-02-13|SO|I C 1794/14|Wyrok|https://www.saos.org.pl/judgments/132649
131687|2015-02-13|SO|I ACa 1499/14|Wyrok|https://www.saos.org.pl/judgments/131687
296532|2015-02-12|SO|II Ca 385/14|Postanowienie|https://www.saos.org.pl/judgments/296532
245388|2015-02-12|SN|IV CSK 272/14|Wyrok|https://www.saos.org.pl/judgments/245388
157011|2015-02-12|SO|VI ACa 1017/13|Wyrok|https://www.saos.org.pl/judgments/157011
129646|2015-02-12|SO|III Ca 48/15|Postanowienie|https://www.saos.org.pl/judgments/129646
187093|2015-02-11|SO|V C 723/14|Wyrok|https://www.saos.org.pl/judgments/187093
156458|2015-02-11|SO|III Ca 1386/14|Uzasadnienie|https://www.saos.org.pl/judgments/156458
150922|2015-02-11|SO|I ACa 840/14|Wyrok|https://www.saos.org.pl/judgments/150922
134218|2015-02-11|SO|I Ca 17/15|Postanowienie|https://www.saos.org.pl/judgments/134218
134113|2015-02-11|SO|VIII Ga 230/14|Uzasadnienie|https://www.saos.org.pl/judgments/134113
149913|2015-02-10|SO|II Ca 8/15|Wyrok|https://www.saos.org.pl/judgments/149913
129616|2015-02-10|SO|II C 3411/13|Wyrok|https://www.saos.org.pl/judgments/129616
134134|2015-02-09|SO|I C 204/13|Uzasadnienie|https://www.saos.org.pl/judgments/134134
130165|2015-02-09|SO|I C 1160/12|Wyrok|https://www.saos.org.pl/judgments/130165
523434|2015-02-06|SO|III APa 50/14|Wyrok|https://www.saos.org.pl/judgments/523434
177996|2015-02-06|SO|I C 713/14|Uzasadnienie|https://www.saos.org.pl/judgments/177996
168145|2015-02-06|SN|II CZ 105/14|Postanowienie|https://www.saos.org.pl/judgments/168145
151618|2015-02-06|SO|I ACa 1326/14|Wyrok|https://www.saos.org.pl/judgments/151618
135272|2015-02-06|SO|I ACa 743/14|Wyrok|https://www.saos.org.pl/judgments/135272
182460|2015-02-05|SO|I C 564/14|Wyrok|https://www.saos.org.pl/judgments/182460
159235|2015-02-04|SO|III Ca 1752/14|Postanowienie|https://www.saos.org.pl/judgments/159235
151073|2015-02-04|SO|III Ca 1333/14|Uzasadnienie|https://www.saos.org.pl/judgments/151073
131879|2015-02-04|SO|VIII GC 22/13|Uzasadnienie|https://www.saos.org.pl/judgments/131879
131327|2015-02-04|SO|I Ca 10/15|Wyrok|https://www.saos.org.pl/judgments/131327
130509|2015-02-04|SO|V GC 388/14|Wyrok|https://www.saos.org.pl/judgments/130509
538854|2015-02-03|SO|I ACa 1081/14|Wyrok|https://www.saos.org.pl/judgments/538854
132823|2015-02-03|SO|I C 342/14|Wyrok|https://www.saos.org.pl/judgments/132823
131671|2015-02-02|SO|VI GC 266/14|Wyrok|https://www.saos.org.pl/judgments/131671
131353|2015-02-02|SO|V Pa 12/14|Wyrok|https://www.saos.org.pl/judgments/131353
130504|2015-01-30|SO|IX Ca 984/14|Wyrok|https://www.saos.org.pl/judgments/130504
130005|2015-01-30|SO|VI Ga 4/15|Wyrok|https://www.saos.org.pl/judgments/130005
274081|2015-01-29|SO|II Ca 728/14|Wyrok|https://www.saos.org.pl/judgments/274081
229381|2015-01-29|SO|I C 734/14|Wyrok|https://www.saos.org.pl/judgments/229381
178486|2015-01-29|SO|I C 2167/13|Wyrok|https://www.saos.org.pl/judgments/178486
157052|2015-01-29|SO|I ACa 771/14|Wyrok|https://www.saos.org.pl/judgments/157052
130594|2015-01-29|SO|I C 702/12|Wyrok|https://www.saos.org.pl/judgments/130594
129076|2015-01-29|SO|III Ca 685/14|Postanowienie|https://www.saos.org.pl/judgments/129076
128304|2015-01-29|SO|I C 2034/14|Wyrok|https://www.saos.org.pl/judgments/128304
155980|2015-01-27|SO|III Ca 446/13|Wyrok|https://www.saos.org.pl/judgments/155980
148761|2015-01-27|SO|I ACa 701/14|Wyrok|https://www.saos.org.pl/judgments/148761
129873|2015-01-27|SO|I C 138/14|Wyrok|https://www.saos.org.pl/judgments/129873
129583|2015-01-27|SO|I C 1934/13|Wyrok|https://www.saos.org.pl/judgments/129583
191116|2015-01-26|SO|I C 770/13|Wyrok|https://www.saos.org.pl/judgments/191116
258383|2015-01-22|SO|I C 265/13|Wyrok|https://www.saos.org.pl/judgments/258383
173792|2015-01-22|SO|I ACa 525/14|Wyrok|https://www.saos.org.pl/judgments/173792
159195|2015-01-22|SO|III Ca 1115/14|Postanowienie|https://www.saos.org.pl/judgments/159195
131690|2015-01-22|SO|III Ca 1344/14|Wyrok|https://www.saos.org.pl/judgments/131690
130380|2015-01-22|SO|VIII Ga 209/14|Uzasadnienie|https://www.saos.org.pl/judgments/130380
128851|2015-01-22|SO|II Ca 887/14|Wyrok|https://www.saos.org.pl/judgments/128851
157825|2015-01-21|SO|I C 1160/14|Wyrok|https://www.saos.org.pl/judgments/157825
158541|2015-01-20|SO|III Ca 1322/14|Wyrok|https://www.saos.org.pl/judgments/158541
148060|2015-01-20|SO|I ACa 1494/14|Wyrok|https://www.saos.org.pl/judgments/148060
132800|2015-01-20|SO|I ACa 811/14|Wyrok|https://www.saos.org.pl/judgments/132800
127795|2015-01-19|SO|I C 321/14|Uzasadnienie|https://www.saos.org.pl/judgments/127795
125001|2015-01-19|SO|X GC 588/12|Uzasadnienie|https://www.saos.org.pl/judgments/125001
182131|2015-01-16|SO|I C 2561/14|Wyrok|https://www.saos.org.pl/judgments/182131
131233|2015-01-16|SO|II Ca 1266/14|Wyrok|https://www.saos.org.pl/judgments/131233
131146|2015-01-16|SO|I C 1443/14|Wyrok|https://www.saos.org.pl/judgments/131146
298380|2015-01-15|SO|I ACa 1026/14|Wyrok|https://www.saos.org.pl/judgments/298380
158565|2015-01-15|SO|III Ca 914/14|Postanowienie|https://www.saos.org.pl/judgments/158565
133990|2015-01-15|SO|II Ca 88/14|Uzasadnienie|https://www.saos.org.pl/judgments/133990
133986|2015-01-15|SO|II Ca 487/14|Uzasadnienie|https://www.saos.org.pl/judgments/133986
133929|2015-01-15|SO|I C 193/14|Wyrok|https://www.saos.org.pl/judgments/133929
127730|2015-01-15|SO|I ACa 900/14|Wyrok|https://www.saos.org.pl/judgments/127730
150441|2015-01-14|SO|II Ca 2733/14|Wyrok|https://www.saos.org.pl/judgments/150441
134882|2015-01-14|SO|I C 655/13|Wyrok|https://www.saos.org.pl/judgments/134882
126289|2015-01-14|SO|I Ca 406/14|Wyrok|https://www.saos.org.pl/judgments/126289
156429|2015-01-13|SO|III Ca 1284/14|Wyrok|https://www.saos.org.pl/judgments/156429
149362|2015-01-13|SO|III Ca 1796/14|Uzasadnienie|https://www.saos.org.pl/judgments/149362
134215|2015-01-12|SO|I C 719/14|Wyrok|https://www.saos.org.pl/judgments/134215
125842|2015-01-12|SO|I C 1141/13|Uzasadnienie|https://www.saos.org.pl/judgments/125842
125841|2015-01-12|SO|I C 1024/13|Wyrok|https://www.saos.org.pl/judgments/125841
131470|2015-01-09|SO|I Ns 452/14|Uzasadnienie|https://www.saos.org.pl/judgments/131470
132389|2015-01-08|SO|I C 1127/12|Wyrok|https://www.saos.org.pl/judgments/132389
75319|2015-01-02|SO|X GC 639/11|Zarządzenie|https://www.saos.org.pl/judgments/75319
153732|2014-12-30|SO|I ACa 704/14|Wyrok|https://www.saos.org.pl/judgments/153732
148409|2014-12-30|SO|II Ca 447/14|Uzasadnienie|https://www.saos.org.pl/judgments/148409
128885|2014-12-30|SO|I ACa 654/14|Wyrok|https://www.saos.org.pl/judgments/128885
126856|2014-12-30|SO|I C 1968/14|Wyrok|https://www.saos.org.pl/judgments/126856
125321|2014-12-30|SO|IV Ca 561/14|Wyrok|https://www.saos.org.pl/judgments/125321
537524|2014-12-23|SO|XVI GC 52/13|Uzasadnienie|https://www.saos.org.pl/judgments/537524
179306|2014-12-23|SO|I C 45/12|Uzasadnienie|https://www.saos.org.pl/judgments/179306
130090|2014-12-22|SO|I ACa 986/14|Wyrok|https://www.saos.org.pl/judgments/130090
128202|2014-12-22|SO|I ACa 994/14|Wyrok|https://www.saos.org.pl/judgments/128202
126116|2014-12-22|SO|I C 1050/14|Wyrok|https://www.saos.org.pl/judgments/126116
188098|2014-12-19|SO|VII C 483/14|Wyrok|https://www.saos.org.pl/judgments/188098
125417|2014-12-19|SO|I ACa 613/14|Wyrok|https://www.saos.org.pl/judgments/125417
538270|2014-12-18|SO|I ACa 912/14|Wyrok|https://www.saos.org.pl/judgments/538270
128846|2014-12-18|SO|I Ca 387/14|Wyrok|https://www.saos.org.pl/judgments/128846
127149|2014-12-17|SO|I ACa 886/14|Wyrok|https://www.saos.org.pl/judgments/127149
126279|2014-12-17|SO|I C 2033/14|Wyrok|https://www.saos.org.pl/judgments/126279
275548|2014-12-16|SO|II Ca 581/14|Wyrok|https://www.saos.org.pl/judgments/275548
167746|2014-12-16|SN|III CSK 360/13|Postanowienie|https://www.saos.org.pl/judgments/167746
131542|2014-12-16|SO|VIII Ga 194/14|Uzasadnienie|https://www.saos.org.pl/judgments/131542
128467|2014-12-16|SO|I ACa 742/14|Wyrok|https://www.saos.org.pl/judgments/128467
128461|2014-12-16|SO|I ACa 658/14|Wyrok|https://www.saos.org.pl/judgments/128461
126647|2014-12-16|SO|I C 1263/14|Wyrok|https://www.saos.org.pl/judgments/126647
126614|2014-12-16|SO|VIII Ga 165/14|Uzasadnienie|https://www.saos.org.pl/judgments/126614
126218|2014-12-16|SO|I ACa 926/14|Wyrok|https://www.saos.org.pl/judgments/126218
74283|2014-12-15|SO|II C 665/11|Uzasadnienie|https://www.saos.org.pl/judgments/74283
473028|2014-12-12|SO|XII Ga 622/14|Wyrok|https://www.saos.org.pl/judgments/473028
170471|2014-12-12|SO|II Ca 659/14|Wyrok|https://www.saos.org.pl/judgments/170471
153554|2014-12-12|SO|I C 1020/13|Wyrok|https://www.saos.org.pl/judgments/153554
297020|2014-12-11|SO|II Ca 542/14|Postanowienie|https://www.saos.org.pl/judgments/297020
133233|2014-12-11|SO|II Ca 1475/14|Postanowienie|https://www.saos.org.pl/judgments/133233
74350|2014-12-11|SO|X Ga 616/14|Wyrok|https://www.saos.org.pl/judgments/74350
296794|2014-12-10|SO|II Ca 444/14|Wyrok|https://www.saos.org.pl/judgments/296794
296788|2014-12-10|SO|II Ca 434/14|Wyrok|https://www.saos.org.pl/judgments/296788
156531|2014-12-10|SO|III Ca 933/14|Wyrok|https://www.saos.org.pl/judgments/156531
148011|2014-12-10|SO|I ACa 1282/14|Wyrok|https://www.saos.org.pl/judgments/148011
132325|2014-12-10|SO|III Ca 893/14|Uzasadnienie|https://www.saos.org.pl/judgments/132325
126426|2014-12-10|SO|I C 1396/14|Wyrok|https://www.saos.org.pl/judgments/126426
126014|2014-12-10|SO|III Ca 617/14|Postanowienie|https://www.saos.org.pl/judgments/126014
124875|2014-12-10|SO|I Ca 358/14|Postanowienie|https://www.saos.org.pl/judgments/124875
130085|2014-12-09|SO|I ACa 1263/14|Wyrok|https://www.saos.org.pl/judgments/130085
202766|2014-12-05|SO|I Ns 328/14|Postanowienie|https://www.saos.org.pl/judgments/202766
131985|2014-12-05|SO|I C 897/14|Wyrok|https://www.saos.org.pl/judgments/131985
127429|2014-12-05|SO|I ACa 948/14|Wyrok|https://www.saos.org.pl/judgments/127429
125138|2014-12-05|SO|I ACa 569/14|Wyrok|https://www.saos.org.pl/judgments/125138
126150|2014-12-04|SO|II Ca 1074/13|Postanowienie|https://www.saos.org.pl/judgments/126150
74926|2014-12-04|SO|I ACa 248/14|Wyrok|https://www.saos.org.pl/judgments/74926
149489|2014-12-03|SO|I ACa 481/14|Wyrok|https://www.saos.org.pl/judgments/149489
125975|2014-12-03|SO|I Ca 323/14|Wyrok|https://www.saos.org.pl/judgments/125975
73568|2014-12-03|SO|X GC 110/13|Zarządzenie|https://www.saos.org.pl/judgments/73568
129788|2014-12-02|SO|I ACa 1194/14|Wyrok|https://www.saos.org.pl/judgments/129788
129589|2014-12-02|SO|I C 543/13|Wyrok|https://www.saos.org.pl/judgments/129589
127141|2014-12-02|SO|I ACa 843/14|Wyrok|https://www.saos.org.pl/judgments/127141
76143|2014-12-02|SO|I Ns 807/12|Postanowienie|https://www.saos.org.pl/judgments/76143
192786|2014-12-01|SO|VI GC 133/14|Wyrok|https://www.saos.org.pl/judgments/192786
132337|2014-11-28|SO|III Ca 961/14|Uzasadnienie|https://www.saos.org.pl/judgments/132337
132284|2014-11-28|SO|I C 1232/14|Wyrok|https://www.saos.org.pl/judgments/132284
126439|2014-11-28|SO|I C 331/13|Wyrok|https://www.saos.org.pl/judgments/126439
126193|2014-11-28|SO|VI GC 239/14|Wyrok|https://www.saos.org.pl/judgments/126193
72394|2014-11-28|SO|I C 674/08|Wyrok|https://www.saos.org.pl/judgments/72394
129117|2014-11-27|SO|V Ca 1423/12|Uzasadnienie|https://www.saos.org.pl/judgments/129117
125974|2014-11-27|SO|I Ca 219/14|Postanowienie|https://www.saos.org.pl/judgments/125974
71680|2014-11-27|SO|I C 1440/13|Wyrok|https://www.saos.org.pl/judgments/71680
315236|2014-11-26|SO|XX GC 743/10|Wyrok|https://www.saos.org.pl/judgments/315236
296741|2014-11-26|SO|II Ca 318/14|Wyrok|https://www.saos.org.pl/judgments/296741
182139|2014-11-26|SO|I C 2598/14|Wyrok|https://www.saos.org.pl/judgments/182139
158017|2014-11-26|SO|VI ACa 198/14|Wyrok|https://www.saos.org.pl/judgments/158017
125515|2014-11-26|SO|VII Ga 248/14|Wyrok|https://www.saos.org.pl/judgments/125515
125286|2014-11-26|SO|II Ca 701/14|Wyrok|https://www.saos.org.pl/judgments/125286
125151|2014-11-26|SO|I ACa 877/13|Wyrok|https://www.saos.org.pl/judgments/125151
73149|2014-11-26|SO|I ACa 10/14|Wyrok|https://www.saos.org.pl/judgments/73149
132643|2014-11-25|SO|I C 153/14|Wyrok|https://www.saos.org.pl/judgments/132643
131930|2014-11-25|SO|I ACa 1125/14|Wyrok|https://www.saos.org.pl/judgments/131930
125130|2014-11-25|SO|XII C 171/14|Wyrok|https://www.saos.org.pl/judgments/125130
75005|2014-11-25|SO|VIII Ga 303/14|Wyrok|https://www.saos.org.pl/judgments/75005
74087|2014-11-25|SO|X GC 399/14|Zarządzenie|https://www.saos.org.pl/judgments/74087
182163|2014-11-21|SO|I C 2684/14|Wyrok|https://www.saos.org.pl/judgments/182163
75066|2014-11-21|SO|I C 1813/14|Wyrok|https://www.saos.org.pl/judgments/75066
71366|2014-11-21|SO|X Ga 471/14|Wyrok|https://www.saos.org.pl/judgments/71366
189323|2014-11-20|SO|XV Ca 1184/14|Wyrok|https://www.saos.org.pl/judgments/189323
131945|2014-11-20|SO|I ACa 475/14|Wyrok|https://www.saos.org.pl/judgments/131945
127526|2014-11-20|SO|XII C 77/14|Wyrok|https://www.saos.org.pl/judgments/127526
74090|2014-11-20|SO|X GC 546/13|Uzasadnienie|https://www.saos.org.pl/judgments/74090
125598|2014-11-19|SO|I C 1114/14|Wyrok|https://www.saos.org.pl/judgments/125598
76175|2014-11-19|SO|III Ca 1310/14|Uzasadnienie|https://www.saos.org.pl/judgments/76175
73830|2014-11-19|SO|VI Ga 84/14|Wyrok|https://www.saos.org.pl/judgments/73830
73751|2014-11-19|SO|I Ca 302/14|Wyrok|https://www.saos.org.pl/judgments/73751
130369|2014-11-18|SO|V ACa 665/14|Wyrok|https://www.saos.org.pl/judgments/130369
152724|2014-11-17|SO|I C 594/14|Wyrok|https://www.saos.org.pl/judgments/152724
133867|2014-11-14|SO|VI ACa 109/14|Wyrok|https://www.saos.org.pl/judgments/133867
130023|2014-11-14|SO|I ACa 677/14|Wyrok|https://www.saos.org.pl/judgments/130023
129916|2014-11-14|SO|VI ACa 256/13|Wyrok|https://www.saos.org.pl/judgments/129916
76193|2014-11-14|SO|III Ca 777/14|Uzasadnienie|https://www.saos.org.pl/judgments/76193
75915|2014-11-14|SO|III Ca 754/14|Uzasadnienie|https://www.saos.org.pl/judgments/75915
75102|2014-11-14|SO|I C 973/14|Wyrok|https://www.saos.org.pl/judgments/75102
129303|2014-11-13|SO|I ACa 684/14|Wyrok|https://www.saos.org.pl/judgments/129303
73566|2014-11-13|SO|I ACa 987/14|Wyrok|https://www.saos.org.pl/judgments/73566
69756|2014-11-13|SO|X Ga 517/14|Wyrok|https://www.saos.org.pl/judgments/69756
257948|2014-11-12|SO|XV GC 455/14|Uzasadnienie|https://www.saos.org.pl/judgments/257948
127414|2014-11-12|SO|II Ca 2394/14|Wyrok|https://www.saos.org.pl/judgments/127414
127413|2014-11-12|SO|II Ca 2340/14|Wyrok|https://www.saos.org.pl/judgments/127413
125279|2014-11-12|SO|II Ca 522/14|Wyrok|https://www.saos.org.pl/judgments/125279
73675|2014-11-12|SO|I C 259/14|Uzasadnienie|https://www.saos.org.pl/judgments/73675
71597|2014-11-12|SO|I C 1581/14|Wyrok|https://www.saos.org.pl/judgments/71597
297756|2014-11-07|SO|II Ca 1138/14|Wyrok|https://www.saos.org.pl/judgments/297756
167225|2014-11-07|SN|IV CSK 82/14|Wyrok|https://www.saos.org.pl/judgments/167225
127090|2014-11-07|SO|I ACa 1017/14|Wyrok|https://www.saos.org.pl/judgments/127090
125340|2014-11-07|SO|I C 239/14|Wyrok|https://www.saos.org.pl/judgments/125340
73019|2014-11-07|SO|VI GC 123/14|Wyrok|https://www.saos.org.pl/judgments/73019
155263|2014-11-06|SO|I C 448/14|Uzasadnienie|https://www.saos.org.pl/judgments/155263
131226|2014-11-06|SO|I ACa 646/14|Wyrok|https://www.saos.org.pl/judgments/131226
129440|2014-11-06|SO|I Ca 409/14|Postanowienie|https://www.saos.org.pl/judgments/129440
129012|2014-11-06|SO|II Ca 285/14|Uzasadnienie|https://www.saos.org.pl/judgments/129012
127120|2014-11-06|SO|I ACa 630/14|Wyrok|https://www.saos.org.pl/judgments/127120
75902|2014-11-06|SO|III Ca 739/14|Uzasadnienie|https://www.saos.org.pl/judgments/75902
70329|2014-11-06|SO|IX Pa 76/14|Wyrok|https://www.saos.org.pl/judgments/70329
130932|2014-11-05|SO|I ACa 1023/14|Wyrok|https://www.saos.org.pl/judgments/130932
129155|2014-11-05|SO|I ACa 19/14|Wyrok|https://www.saos.org.pl/judgments/129155
75651|2014-11-05|SO|III Ca 723/14|Uzasadnienie|https://www.saos.org.pl/judgments/75651
72969|2014-11-05|SO|II Ca 614/14|Wyrok|https://www.saos.org.pl/judgments/72969
127595|2014-11-04|SO|I ACa 917/14|Wyrok|https://www.saos.org.pl/judgments/127595
75056|2014-11-04|SO|I C 1327/14|Wyrok|https://www.saos.org.pl/judgments/75056
69679|2014-11-04|SO|II C 820/14|Wyrok|https://www.saos.org.pl/judgments/69679
75628|2014-11-03|SO|III Ca 454/14|Uzasadnienie|https://www.saos.org.pl/judgments/75628
74294|2014-11-03|SO|III Ca 1277/14|Uzasadnienie|https://www.saos.org.pl/judgments/74294
69857|2014-11-03|SO|I C 2041/14|Wyrok|https://www.saos.org.pl/judgments/69857
297407|2014-10-31|SO|II Ca 951/14|Wyrok|https://www.saos.org.pl/judgments/297407
224190|2014-10-31|SO|V Ca 1423/12|Postanowienie|https://www.saos.org.pl/judgments/224190
70371|2014-10-31|SO|I C 338/12|Wyrok|https://www.saos.org.pl/judgments/70371
155991|2014-10-30|SO|III Ca 772/14|Wyrok|https://www.saos.org.pl/judgments/155991
128981|2014-10-30|SO|I ACa 685/14|Wyrok|https://www.saos.org.pl/judgments/128981
125458|2014-10-30|SO|II Ca 251/14|Uzasadnienie|https://www.saos.org.pl/judgments/125458
125133|2014-10-30|SO|I ACa 494/14|Wyrok|https://www.saos.org.pl/judgments/125133
68495|2014-10-30|SO|XII C 2609/13|Wyrok|https://www.saos.org.pl/judgments/68495
128983|2014-10-29|SO|I ACa 852/13|Wyrok|https://www.saos.org.pl/judgments/128983
125589|2014-10-29|SO|XII Ga 293/14|Wyrok|https://www.saos.org.pl/judgments/125589
74462|2014-10-29|SO|III Ca 649/14|Uzasadnienie|https://www.saos.org.pl/judgments/74462
71881|2014-10-29|SO|I C 1215/14|Wyrok|https://www.saos.org.pl/judgments/71881
70834|2014-10-29|SO|I Ca 259/14|Postanowienie|https://www.saos.org.pl/judgments/70834
70833|2014-10-29|SO|I Ca 258/14|Postanowienie|https://www.saos.org.pl/judgments/70833
69429|2014-10-29|SO|II Ca 597/14|Wyrok|https://www.saos.org.pl/judgments/69429
73033|2014-10-28|SO|VIII Ga 138/14|Uzasadnienie|https://www.saos.org.pl/judgments/73033
70573|2014-10-28|SO|VIII Ga 136/14|Uzasadnienie|https://www.saos.org.pl/judgments/70573
70369|2014-10-28|SO|I C 249/13|Wyrok|https://www.saos.org.pl/judgments/70369
69689|2014-10-28|SO|II Ca 784/14|Wyrok|https://www.saos.org.pl/judgments/69689
66794|2014-10-28|SO|XII C 907/14|Wyrok|https://www.saos.org.pl/judgments/66794
125627|2014-10-27|SO|I C 664/14|Wyrok|https://www.saos.org.pl/judgments/125627
126506|2014-10-24|SO|II Ca 1336/14|Wyrok|https://www.saos.org.pl/judgments/126506
70007|2014-10-24|SO|II C 88/14|Uzasadnienie|https://www.saos.org.pl/judgments/70007
69606|2014-10-24|SO|I ACa 562/14|Wyrok|https://www.saos.org.pl/judgments/69606
172686|2014-10-23|SO|I Cgg 13/13|Wyrok|https://www.saos.org.pl/judgments/172686
149234|2014-10-23|SO|II Ca 234/14|Uzasadnienie|https://www.saos.org.pl/judgments/149234
128962|2014-10-23|SO|I C 953/13|Wyrok|https://www.saos.org.pl/judgments/128962
74948|2014-10-23|SO|I C 1585/13|Wyrok|https://www.saos.org.pl/judgments/74948
72787|2014-10-23|SO|VIII Ga 262/14|Wyrok|https://www.saos.org.pl/judgments/72787
69704|2014-10-23|SO|III Ca 435/14|Wyrok|https://www.saos.org.pl/judgments/69704
125961|2014-10-22|SO|I ACa 882/14|Wyrok|https://www.saos.org.pl/judgments/125961
70757|2014-10-22|SO|I C 1936/14|Wyrok|https://www.saos.org.pl/judgments/70757
69856|2014-10-22|SO|I C 2037/13|Wyrok|https://www.saos.org.pl/judgments/69856
69266|2014-10-22|SO|I ACa 807/14|Wyrok|https://www.saos.org.pl/judgments/69266
68121|2014-10-22|SO|I Ca 251/14|Wyrok|https://www.saos.org.pl/judgments/68121
67382|2014-10-22|SO|I C 237/14|Wyrok|https://www.saos.org.pl/judgments/67382
169740|2014-10-21|SO|XV Ca 851/14|Wyrok|https://www.saos.org.pl/judgments/169740
73914|2014-10-21|SO|VIII GC 486/14|Wyrok|https://www.saos.org.pl/judgments/73914
72645|2014-10-21|SO|I ACa 707/14|Wyrok|https://www.saos.org.pl/judgments/72645
132644|2014-10-17|SO|I C 156/14|Wyrok|https://www.saos.org.pl/judgments/132644
126892|2014-10-17|SO|I ACa 959/14|Wyrok|https://www.saos.org.pl/judgments/126892
125169|2014-10-17|SO|II Ca 750/14|Wyrok|https://www.saos.org.pl/judgments/125169
75785|2014-10-17|SO|I C 1887/12|Wyrok|https://www.saos.org.pl/judgments/75785
71022|2014-10-17|SO|II Ca 583/14|Wyrok|https://www.saos.org.pl/judgments/71022
171513|2014-10-16|SO|X GC 199/14|Wyrok|https://www.saos.org.pl/judgments/171513
126075|2014-10-16|SO|XVI GC 1338/12|Uzasadnienie|https://www.saos.org.pl/judgments/126075
65450|2014-10-16|SO|X GC 337/12|Uzasadnienie|https://www.saos.org.pl/judgments/65450
297393|2014-10-15|SO|II Ca 913/14|Wyrok|https://www.saos.org.pl/judgments/297393
126641|2014-10-15|SO|VI ACa 1442/13|Wyrok|https://www.saos.org.pl/judgments/126641
70807|2014-10-15|SO|I Ca 196/14|Postanowienie|https://www.saos.org.pl/judgments/70807
69417|2014-10-15|SO|I Ca 319/14|Wyrok|https://www.saos.org.pl/judgments/69417
68701|2014-10-15|SO|III Ca 432/14|Postanowienie|https://www.saos.org.pl/judgments/68701
65572|2014-10-15|SO|II C 1727/13|Wyrok|https://www.saos.org.pl/judgments/65572
128549|2014-10-14|SO|V P 23/12|Wyrok|https://www.saos.org.pl/judgments/128549
73991|2014-10-14|SO|III Ca 578/14|Uzasadnienie|https://www.saos.org.pl/judgments/73991
68105|2014-10-14|SO|I C 702/13|Wyrok|https://www.saos.org.pl/judgments/68105
149498|2014-10-10|SO|I C 1038/11|Wyrok|https://www.saos.org.pl/judgments/149498
188084|2014-10-09|SO|VII C 222/14|Wyrok|https://www.saos.org.pl/judgments/188084
166919|2014-10-09|SN|I CSK 563/13|Wyrok|https://www.saos.org.pl/judgments/166919
130221|2014-10-09|SO|I ACa 907/14|Wyrok|https://www.saos.org.pl/judgments/130221
125036|2014-10-09|SO|VIII C 36/14|Wyrok|https://www.saos.org.pl/judgments/125036
74682|2014-10-09|SO|I C 343/12|Wyrok|https://www.saos.org.pl/judgments/74682
73476|2014-10-09|SO|III Ca 563/14|Uzasadnienie|https://www.saos.org.pl/judgments/73476
71757|2014-10-09|SO|III Ca 449/14|Uzasadnienie|https://www.saos.org.pl/judgments/71757
276627|2014-10-08|SO|V Ca 3663/13|Uzasadnienie|https://www.saos.org.pl/judgments/276627
75983|2014-10-08|SO|I ACa 416/14|Wyrok|https://www.saos.org.pl/judgments/75983
74575|2014-10-08|SO|VI ACa 1763/13|Wyrok|https://www.saos.org.pl/judgments/74575
67891|2014-10-08|SO|X GC 180/13|Zarządzenie|https://www.saos.org.pl/judgments/67891
65687|2014-10-08|SO|V C 352/14|Wyrok|https://www.saos.org.pl/judgments/65687
294694|2014-10-07|SO|II Ca 1289/13|Postanowienie|https://www.saos.org.pl/judgments/294694
126010|2014-10-07|SO|III Ca 464/13|Postanowienie|https://www.saos.org.pl/judgments/126010
199654|2014-10-06|SO|I C 1558/14|Wyrok|https://www.saos.org.pl/judgments/199654
125617|2014-10-06|SO|I C 1559/14|Wyrok|https://www.saos.org.pl/judgments/125617
258074|2014-10-03|SO|I C 235/08|Wyrok|https://www.saos.org.pl/judgments/258074
197007|2014-10-03|SO|VIII GC 47/12|Uzasadnienie|https://www.saos.org.pl/judgments/197007
166831|2014-10-03|SN|V CSK 630/13|Wyrok|https://www.saos.org.pl/judgments/166831
66067|2014-10-03|SO|V ACa 260/14|Wyrok|https://www.saos.org.pl/judgments/66067
74675|2014-10-02|SO|I ACa 868/14|Wyrok|https://www.saos.org.pl/judgments/74675
62631|2014-10-01|SO|X GC 1155/13|Uzasadnienie|https://www.saos.org.pl/judgments/62631
297358|2014-09-30|SO|II Ca 769/14|Wyrok|https://www.saos.org.pl/judgments/297358
127109|2014-09-30|SO|I ACa 361/14|Wyrok|https://www.saos.org.pl/judgments/127109
73075|2014-09-30|SO|II Ca 756/14|Wyrok|https://www.saos.org.pl/judgments/73075
70504|2014-09-30|SO|I C 4/14|Wyrok|https://www.saos.org.pl/judgments/70504
65738|2014-09-30|SO|I ACa 829/14|Wyrok|https://www.saos.org.pl/judgments/65738
192226|2014-09-29|SO|IX GC 1153/13|Wyrok|https://www.saos.org.pl/judgments/192226
125155|2014-09-29|SO|I C 373/14|Wyrok|https://www.saos.org.pl/judgments/125155
72191|2014-09-29|SO|III Ca 757/14|Uzasadnienie|https://www.saos.org.pl/judgments/72191
65606|2014-09-29|SO|VI GC 122/13|Wyrok|https://www.saos.org.pl/judgments/65606
69858|2014-09-26|SO|I C 2124/13|Wyrok|https://www.saos.org.pl/judgments/69858
68987|2014-09-26|SO|I C 213/14|Wyrok|https://www.saos.org.pl/judgments/68987
126962|2014-09-25|SO|I ACa 492/14|Wyrok|https://www.saos.org.pl/judgments/126962
125886|2014-09-25|SO|II Ca 152/14|Uzasadnienie|https://www.saos.org.pl/judgments/125886
65884|2014-09-25|SO|I C 191/14|Wyrok|https://www.saos.org.pl/judgments/65884
65118|2014-09-25|SO|XII C 1733/13|Wyrok|https://www.saos.org.pl/judgments/65118
71762|2014-09-24|SO|III Ca 464/14|Uzasadnienie|https://www.saos.org.pl/judgments/71762
67767|2014-09-24|SO|I Ca 199/14|Postanowienie|https://www.saos.org.pl/judgments/67767
64693|2014-09-24|SO|I C 1316/14|Wyrok|https://www.saos.org.pl/judgments/64693
296765|2014-09-23|SO|II Ca 382/14|Wyrok|https://www.saos.org.pl/judgments/296765
70535|2014-09-23|SO|V ACa 416/14|Wyrok|https://www.saos.org.pl/judgments/70535
68570|2014-09-23|SO|I ACa 331/14|Wyrok|https://www.saos.org.pl/judgments/68570
64042|2014-09-23|SO|V C 339/14|Wyrok|https://www.saos.org.pl/judgments/64042
71047|2014-09-19|SO|III Ca 397/14|Uzasadnienie|https://www.saos.org.pl/judgments/71047
69939|2014-09-19|SO|I ACa 295/14|Wyrok|https://www.saos.org.pl/judgments/69939
66811|2014-09-19|SO|I C 834/14|Wyrok|https://www.saos.org.pl/judgments/66811
65727|2014-09-19|SO|I ACa 394/14|Wyrok|https://www.saos.org.pl/judgments/65727
63179|2014-09-19|SO|VII Ga 175/14|Wyrok|https://www.saos.org.pl/judgments/63179
74947|2014-09-18|SO|I C 1513/13|Wyrok|https://www.saos.org.pl/judgments/74947
64611|2014-09-18|SO|III Ca 363/14|Postanowienie|https://www.saos.org.pl/judgments/64611
64496|2014-09-18|SO|III Ca 405/14|Wyrok|https://www.saos.org.pl/judgments/64496
64442|2014-09-18|SO|I ACa 281/14|Wyrok|https://www.saos.org.pl/judgments/64442
64307|2014-09-18|SO|II Ca 630/13|Postanowienie|https://www.saos.org.pl/judgments/64307
63947|2014-09-18|SO|VIII Ga 85/14|Uzasadnienie|https://www.saos.org.pl/judgments/63947
61809|2014-09-18|SO|II Ca 526/14|Wyrok|https://www.saos.org.pl/judgments/61809
69808|2014-09-17|SO|III Ca 638/14|Wyrok|https://www.saos.org.pl/judgments/69808
69252|2014-09-17|SO|XII Ga 404/14|Wyrok|https://www.saos.org.pl/judgments/69252
69081|2014-09-17|SO|I C 1261/13|Wyrok|https://www.saos.org.pl/judgments/69081
65163|2014-09-17|SO|I C 169/13|Wyrok|https://www.saos.org.pl/judgments/65163
62958|2014-09-17|SO|III Ca 339/14|Uzasadnienie|https://www.saos.org.pl/judgments/62958
71063|2014-09-16|SO|III Ca 419/14|Uzasadnienie|https://www.saos.org.pl/judgments/71063
65720|2014-09-16|SO|I ACa 295/14|Wyrok|https://www.saos.org.pl/judgments/65720
62073|2014-09-15|SO|I C 724/13|Wyrok|https://www.saos.org.pl/judgments/62073
294299|2014-09-12|SO|II Ca 1404/13|Wyrok|https://www.saos.org.pl/judgments/294299
248215|2014-09-12|SO|II Ca 274/13|Wyrok|https://www.saos.org.pl/judgments/248215
129142|2014-09-11|SO|II Ca 430/14|Postanowienie|https://www.saos.org.pl/judgments/129142
69466|2014-09-11|SO|III Cz 980/14|Postanowienie|https://www.saos.org.pl/judgments/69466
66031|2014-09-11|SO|II Ca 1378/14|Wyrok|https://www.saos.org.pl/judgments/66031
129741|2014-09-10|SO|XV Ca 956/14|Wyrok|https://www.saos.org.pl/judgments/129741
69088|2014-09-10|SO|I C 250/14|Wyrok|https://www.saos.org.pl/judgments/69088
68974|2014-09-10|SO|XII Ga 649/13|Wyrok|https://www.saos.org.pl/judgments/68974
66889|2014-09-10|SO|I Ca 247/14|Wyrok|https://www.saos.org.pl/judgments/66889
63577|2014-09-10|SO|I ACa 1720/13|Wyrok|https://www.saos.org.pl/judgments/63577
248195|2014-09-09|SO|II Ca 1385/13|Wyrok|https://www.saos.org.pl/judgments/248195
70766|2014-09-08|SO|I C 946/14|Wyrok|https://www.saos.org.pl/judgments/70766
319897|2014-09-05|SO|II Ca 1358/13|Wyrok|https://www.saos.org.pl/judgments/319897
180422|2014-09-05|SO|I ACa 882/14|Wyrok|https://www.saos.org.pl/judgments/180422
74354|2014-09-05|SO|I ACa 751/14|Wyrok|https://www.saos.org.pl/judgments/74354
66960|2014-09-05|SO|II Ca 830/14|Postanowienie|https://www.saos.org.pl/judgments/66960
66462|2014-09-05|SO|VIII Ga 240/14|Wyrok|https://www.saos.org.pl/judgments/66462
166625|2014-09-04|SN|II CSK 478/13|Wyrok|https://www.saos.org.pl/judgments/166625
75421|2014-09-04|SO|I ACa 748/14|Wyrok|https://www.saos.org.pl/judgments/75421
63207|2014-09-04|SO|I ACa 323/14|Wyrok|https://www.saos.org.pl/judgments/63207
62465|2014-09-04|SO|III Ca 216/14|Postanowienie|https://www.saos.org.pl/judgments/62465
170428|2014-09-03|SO|I C 676/13|Wyrok|https://www.saos.org.pl/judgments/170428
64564|2014-09-03|SO|I C 482/13|Uzasadnienie|https://www.saos.org.pl/judgments/64564
127937|2014-09-02|SO|I ACa 739/14|Wyrok|https://www.saos.org.pl/judgments/127937
68247|2014-08-29|SO|X Ga 157/14|Wyrok|https://www.saos.org.pl/judgments/68247
133386|2014-08-28|SO|I ACa 728/14|Wyrok|https://www.saos.org.pl/judgments/133386
69576|2014-08-28|SO|I ACa 336/14|Wyrok|https://www.saos.org.pl/judgments/69576
62970|2014-08-27|SO|VI ACa 1786/13|Wyrok|https://www.saos.org.pl/judgments/62970
60349|2014-08-26|SO|I C 848/13|Wyrok|https://www.saos.org.pl/judgments/60349
57804|2014-08-26|SO|VIII Gz 104/14|Postanowienie|https://www.saos.org.pl/judgments/57804
62381|2014-08-25|SO|III Ca 309/14|Uzasadnienie|https://www.saos.org.pl/judgments/62381
127599|2014-08-22|SO|I C 1715/12|Wyrok|https://www.saos.org.pl/judgments/127599
66957|2014-08-21|SO|II Ca 781/14|Postanowienie|https://www.saos.org.pl/judgments/66957
61158|2014-08-21|SO|II Ca 398/14|Wyrok|https://www.saos.org.pl/judgments/61158
62170|2014-08-20|SO|III Ca 238/14|Uzasadnienie|https://www.saos.org.pl/judgments/62170
62154|2014-08-19|SO|III Ca 1632/13|Uzasadnienie|https://www.saos.org.pl/judgments/62154
58949|2014-08-19|SO|IX GC 134/14|Wyrok|https://www.saos.org.pl/judgments/58949
60382|2014-08-18|SO|II C 644/13|Wyrok|https://www.saos.org.pl/judgments/60382
221905|2014-08-14|SO|II Ca 586/14|Uzasadnienie|https://www.saos.org.pl/judgments/221905
69454|2014-08-14|SO|III Ca 595/14|Wyrok|https://www.saos.org.pl/judgments/69454
323503|2014-08-13|SO|II Ca 21/14|Uzasadnienie|https://www.saos.org.pl/judgments/323503
62478|2014-08-12|SO|III Ca 334/14|Uzasadnienie|https://www.saos.org.pl/judgments/62478
61166|2014-08-12|SO|II Ca 725/14|Wyrok|https://www.saos.org.pl/judgments/61166
56980|2014-08-07|SO|II Ca 374/14|Wyrok|https://www.saos.org.pl/judgments/56980
149446|2014-08-01|SO|VIII C 1139/13|Wyrok|https://www.saos.org.pl/judgments/149446
65297|2014-08-01|SO|XX GC 459/13|Zarządzenie|https://www.saos.org.pl/judgments/65297
69139|2014-07-31|SO|I ACa 896/13|Wyrok|https://www.saos.org.pl/judgments/69139
59833|2014-07-31|SO|I ACa 232/14|Wyrok|https://www.saos.org.pl/judgments/59833
62200|2014-07-29|SO|III Ca 287/14|Uzasadnienie|https://www.saos.org.pl/judgments/62200
189342|2014-07-25|SO|XV GC 1119/12|Uzasadnienie|https://www.saos.org.pl/judgments/189342
62133|2014-07-25|SO|VI ACa 1552/13|Wyrok|https://www.saos.org.pl/judgments/62133
61570|2014-07-25|SO|I C 1570/13|Wyrok|https://www.saos.org.pl/judgments/61570
62800|2014-07-24|SO|VI ACa 1687/13|Wyrok|https://www.saos.org.pl/judgments/62800
62064|2014-07-24|SO|I C 1230/13|Wyrok|https://www.saos.org.pl/judgments/62064
61040|2014-07-23|SO|I C 1726/13|Wyrok|https://www.saos.org.pl/judgments/61040
72640|2014-07-22|SO|I ACa 656/14|Wyrok|https://www.saos.org.pl/judgments/72640
64837|2014-07-21|SO|II C 393/14|Wyrok|https://www.saos.org.pl/judgments/64837
61484|2014-07-21|SO|III Ca 248/14|Uzasadnienie|https://www.saos.org.pl/judgments/61484
62204|2014-07-18|SO|III Ca 289/14|Uzasadnienie|https://www.saos.org.pl/judgments/62204
155262|2014-07-17|SO|I C 376/14|Wyrok|https://www.saos.org.pl/judgments/155262
147991|2014-07-17|SO|II Ca 125/14|Wyrok|https://www.saos.org.pl/judgments/147991
70488|2014-07-17|SO|I C 458/14|Wyrok|https://www.saos.org.pl/judgments/70488
68576|2014-07-17|SO|I ACa 176/14|Wyrok|https://www.saos.org.pl/judgments/68576
66428|2014-07-17|SO|III Ca 2067/13|Wyrok|https://www.saos.org.pl/judgments/66428
60993|2014-07-17|SO|III Ca 802/14|Uzasadnienie|https://www.saos.org.pl/judgments/60993
58837|2014-07-17|SO|I ACa 89/14|Wyrok|https://www.saos.org.pl/judgments/58837
57224|2014-07-17|SO|IX Pa 116/13|Wyrok|https://www.saos.org.pl/judgments/57224
319883|2014-07-16|SO|II Ca 1305/13|Wyrok|https://www.saos.org.pl/judgments/319883
54648|2014-07-16|SO|VIII P 3/12|Uzasadnienie|https://www.saos.org.pl/judgments/54648
64810|2014-07-14|SO|I ACa 163/14|Wyrok|https://www.saos.org.pl/judgments/64810
60968|2014-07-11|SO|III Ca 202/14|Uzasadnienie|https://www.saos.org.pl/judgments/60968
166272|2014-07-10|SN|III CZP 37/14|Uchwała|https://www.saos.org.pl/judgments/166272
134076|2014-07-10|SO|III Ca 1929/13|Postanowienie|https://www.saos.org.pl/judgments/134076
60987|2014-07-10|SO|III Ca 47/14|Uzasadnienie|https://www.saos.org.pl/judgments/60987
58831|2014-07-10|SO|I ACa 453/14|Wyrok|https://www.saos.org.pl/judgments/58831
129182|2014-07-09|SO|I ACa 824/13|Wyrok|https://www.saos.org.pl/judgments/129182
60157|2014-07-09|SO|VIII Ga 183/14|Wyrok|https://www.saos.org.pl/judgments/60157
56238|2014-07-09|SO|I ACa 90/14|Wyrok|https://www.saos.org.pl/judgments/56238
321237|2014-07-08|SO|II Ca 1139/13|Wyrok|https://www.saos.org.pl/judgments/321237
182440|2014-07-08|SO|I C 539/14|Uzasadnienie|https://www.saos.org.pl/judgments/182440
59339|2014-07-08|SO|IX Ca 211/14|Wyrok|https://www.saos.org.pl/judgments/59339
56647|2014-07-08|SO|I ACa 11/14|Wyrok|https://www.saos.org.pl/judgments/56647
60973|2014-07-07|SO|III Ca 216/14|Uzasadnienie|https://www.saos.org.pl/judgments/60973
58738|2014-07-07|SO|I C 548/13|Wyrok|https://www.saos.org.pl/judgments/58738
57787|2014-07-07|SO|IV P 125/13|Wyrok|https://www.saos.org.pl/judgments/57787
60995|2014-07-04|SO|III Ca 847/13|Postanowienie|https://www.saos.org.pl/judgments/60995
58823|2014-07-04|SO|I ACa 21/14|Wyrok|https://www.saos.org.pl/judgments/58823
64590|2014-07-03|SO|I ACa 734/13|Wyrok|https://www.saos.org.pl/judgments/64590
55485|2014-07-03|SO|II Ca 423/14|Wyrok|https://www.saos.org.pl/judgments/55485
54480|2014-07-03|SO|II Ca 401/14|Wyrok|https://www.saos.org.pl/judgments/54480
53477|2014-07-03|SO|II Ca 248/14|Wyrok|https://www.saos.org.pl/judgments/53477
148035|2014-07-02|SO|I ACa 117/14|Wyrok|https://www.saos.org.pl/judgments/148035
147916|2014-07-02|SO|I C 1351/12|Wyrok|https://www.saos.org.pl/judgments/147916
64982|2014-07-02|SO|VI ACa 1448/13|Wyrok|https://www.saos.org.pl/judgments/64982
56947|2014-07-02|SO|I ACa 273/14|Wyrok|https://www.saos.org.pl/judgments/56947
126254|2014-06-30|SO|VI ACa 944/13|Wyrok|https://www.saos.org.pl/judgments/126254
73592|2014-06-30|SO|VI ACa 1610/13|Wyrok|https://www.saos.org.pl/judgments/73592
59859|2014-06-30|SO|II C 1506/13|Wyrok|https://www.saos.org.pl/judgments/59859
57560|2014-06-30|SO|I ACa 903/13|Wyrok|https://www.saos.org.pl/judgments/57560
60723|2014-06-27|SO|III Ca 12/14|Uzasadnienie|https://www.saos.org.pl/judgments/60723
57798|2014-06-27|SO|VIII Ga 156/14|Wyrok|https://www.saos.org.pl/judgments/57798
54869|2014-06-27|SO|I ACa 82/14|Wyrok|https://www.saos.org.pl/judgments/54869
188776|2014-06-26|SO|VIII Pa 14/14|Wyrok|https://www.saos.org.pl/judgments/188776
147926|2014-06-26|SO|I C 927/13|Wyrok|https://www.saos.org.pl/judgments/147926
58814|2014-06-26|SO|I ACa 1500/13|Wyrok|https://www.saos.org.pl/judgments/58814
56376|2014-06-26|SO|VIII Ga 154/14|Wyrok|https://www.saos.org.pl/judgments/56376
53953|2014-06-26|SO|I ACa 938/13|Wyrok|https://www.saos.org.pl/judgments/53953
53603|2014-06-26|SO|IX Pa 134/13|Wyrok|https://www.saos.org.pl/judgments/53603
53602|2014-06-26|SO|IX Pa 112/13|Wyrok|https://www.saos.org.pl/judgments/53602
52483|2014-06-26|SO|VI Ga 139/14|Wyrok|https://www.saos.org.pl/judgments/52483
63826|2014-06-25|SO|I C 409/14|Wyrok|https://www.saos.org.pl/judgments/63826
58257|2014-06-25|SO|XX GC 766/11|Uzasadnienie|https://www.saos.org.pl/judgments/58257
58099|2014-06-25|SO|II Ca 901/13|Uzasadnienie|https://www.saos.org.pl/judgments/58099
295037|2014-06-24|SO|II Ca 1350/12|Postanowienie|https://www.saos.org.pl/judgments/295037
170562|2014-06-24|SO|XV Ca 464/14|Wyrok|https://www.saos.org.pl/judgments/170562
68829|2014-06-24|SO|VII C 629/14|Wyrok|https://www.saos.org.pl/judgments/68829
67933|2014-06-24|SO|VI ACa 1581/13|Wyrok|https://www.saos.org.pl/judgments/67933
64497|2014-06-24|SO|III Ca 59/14|Wyrok|https://www.saos.org.pl/judgments/64497
66347|2014-06-23|SO|XVI GC 1366/13|Uzasadnienie|https://www.saos.org.pl/judgments/66347
53403|2014-06-23|SO|VI GC 316/13|Wyrok|https://www.saos.org.pl/judgments/53403
129645|2014-06-18|SO|III Ca 378/14|Wyrok|https://www.saos.org.pl/judgments/129645
53368|2014-06-18|SO|III Ca 199/14|Wyrok|https://www.saos.org.pl/judgments/53368
52148|2014-06-18|SO|VIII GC 165/14|Wyrok|https://www.saos.org.pl/judgments/52148
69691|2014-06-17|SO|II Cz 647/14|Postanowienie|https://www.saos.org.pl/judgments/69691
59618|2014-06-17|SO|I C 397/14|Wyrok|https://www.saos.org.pl/judgments/59618
55003|2014-06-17|SO|V GC 14/14|Wyrok|https://www.saos.org.pl/judgments/55003
69947|2014-06-13|SO|I ACa 516/14|Wyrok|https://www.saos.org.pl/judgments/69947
63805|2014-06-13|SO|I ACa 33/14|Wyrok|https://www.saos.org.pl/judgments/63805
56226|2014-06-13|SO|I ACa 1602/13|Wyrok|https://www.saos.org.pl/judgments/56226
54530|2014-06-13|SO|I ACa 179/14|Wyrok|https://www.saos.org.pl/judgments/54530
158502|2014-06-12|SO|I C 432/13|Wyrok|https://www.saos.org.pl/judgments/158502
68827|2014-06-12|SO|VII C 619/13|Wyrok|https://www.saos.org.pl/judgments/68827
67781|2014-06-12|SO|II C 373/13|Uzasadnienie|https://www.saos.org.pl/judgments/67781
64112|2014-06-12|SO|I ACa 657/13|Wyrok|https://www.saos.org.pl/judgments/64112
58076|2014-06-12|SO|II Ca 434/14|Postanowienie|https://www.saos.org.pl/judgments/58076
55587|2014-06-12|SO|IX Pa 104/13|Wyrok|https://www.saos.org.pl/judgments/55587
52573|2014-06-12|SO|I ACa 277/13|Wyrok|https://www.saos.org.pl/judgments/52573
59858|2014-06-11|SO|II C 1308/12|Wyrok|https://www.saos.org.pl/judgments/59858
56529|2014-06-11|SO|III Ca 1774/13|Uzasadnienie|https://www.saos.org.pl/judgments/56529
55255|2014-06-11|SO|I ACa 154/14|Wyrok|https://www.saos.org.pl/judgments/55255
54355|2014-06-11|SO|II Ca 452/14|Wyrok|https://www.saos.org.pl/judgments/54355
53224|2014-06-11|SO|I ACa 249/14|Wyrok|https://www.saos.org.pl/judgments/53224
51722|2014-06-11|SO|VIII GC 468/13|Wyrok|https://www.saos.org.pl/judgments/51722
147468|2014-06-10|SO|I Ca 168/14|Wyrok|https://www.saos.org.pl/judgments/147468
65164|2014-06-10|SO|I C 188/14|Wyrok|https://www.saos.org.pl/judgments/65164
61391|2014-06-10|SO|V ACa 284/14|Wyrok|https://www.saos.org.pl/judgments/61391
55331|2014-06-10|SO|X Ga 124/14|Wyrok|https://www.saos.org.pl/judgments/55331
54676|2014-06-10|SO|II Ca 332/14|Wyrok|https://www.saos.org.pl/judgments/54676
157833|2014-06-09|SO|I C 1615/13|Wyrok|https://www.saos.org.pl/judgments/157833
147781|2014-06-09|SO|I C 41/14|Uzasadnienie|https://www.saos.org.pl/judgments/147781
146999|2014-06-06|SO|I Ca 143/14|Wyrok|https://www.saos.org.pl/judgments/146999
128849|2014-06-06|SO|II Ca 335/14|Wyrok|https://www.saos.org.pl/judgments/128849
52917|2014-06-06|SO|I ACa 12/14|Wyrok|https://www.saos.org.pl/judgments/52917
72658|2014-06-05|SO|II Ca 205/14|Wyrok|https://www.saos.org.pl/judgments/72658
51340|2014-06-05|SO|I ACa 146/14|Wyrok|https://www.saos.org.pl/judgments/51340
294656|2014-06-04|SO|II Ca 1046/13|Wyrok|https://www.saos.org.pl/judgments/294656
147391|2014-06-04|SO|II Ca 1050/13|Postanowienie|https://www.saos.org.pl/judgments/147391
147236|2014-06-04|SO|I Ca 136/14|Wyrok|https://www.saos.org.pl/judgments/147236
52346|2014-06-04|SO|VIII Ga 25/14|Uzasadnienie|https://www.saos.org.pl/judgments/52346
182129|2014-06-03|SO|I C 2555/12|Wyrok|https://www.saos.org.pl/judgments/182129
146564|2014-06-03|SO|I C 161/14|Wyrok|https://www.saos.org.pl/judgments/146564
52924|2014-06-03|SO|I ACa 1807/13|Wyrok|https://www.saos.org.pl/judgments/52924
501651|2014-06-02|SO|II Ca 132/14|Postanowienie|https://www.saos.org.pl/judgments/501651
72366|2014-06-02|SO|I ACa 355/14|Wyrok|https://www.saos.org.pl/judgments/72366
55073|2014-06-02|SO|III Ca 1648/13|Uzasadnienie|https://www.saos.org.pl/judgments/55073
196297|2014-05-30|SO|III C 1261/13|Wyrok|https://www.saos.org.pl/judgments/196297
57091|2014-05-30|SO|X Ga 111/14|Wyrok|https://www.saos.org.pl/judgments/57091
56459|2014-05-30|SO|I ACa 91/14|Wyrok|https://www.saos.org.pl/judgments/56459
52254|2014-05-30|SO|VI GC 310/13|Wyrok|https://www.saos.org.pl/judgments/52254
50339|2014-05-30|SO|III Ca 1161/13|Uzasadnienie|https://www.saos.org.pl/judgments/50339
146615|2014-05-29|SO|I Ca 130/14|Wyrok|https://www.saos.org.pl/judgments/146615
50409|2014-05-29|SO|IX Pa 64/13|Wyrok|https://www.saos.org.pl/judgments/50409
50408|2014-05-29|SO|IX Pa 15/14|Wyrok|https://www.saos.org.pl/judgments/50408
50407|2014-05-29|SO|IX Pa 118/13|Wyrok|https://www.saos.org.pl/judgments/50407
147950|2014-05-28|SO|I C 549/13|Wyrok|https://www.saos.org.pl/judgments/147950
147000|2014-05-28|SO|I Ca 156/14|Postanowienie|https://www.saos.org.pl/judgments/147000
51405|2014-05-28|SO|II Ca 210/14|Wyrok|https://www.saos.org.pl/judgments/51405
51152|2014-05-28|SO|I ACa 1794/13|Wyrok|https://www.saos.org.pl/judgments/51152
127592|2014-05-27|SO|I ACa 353/14|Wyrok|https://www.saos.org.pl/judgments/127592
52763|2014-05-27|SO|II Ca 400/14|Wyrok|https://www.saos.org.pl/judgments/52763
50245|2014-05-27|SO|VI GC 62/14|Wyrok|https://www.saos.org.pl/judgments/50245
53778|2014-05-26|SO|II Ca 315/14|Wyrok|https://www.saos.org.pl/judgments/53778
47651|2014-05-26|SO|X GC 612/13|Uzasadnienie|https://www.saos.org.pl/judgments/47651
64275|2014-05-23|SO|I ACa 97/14|Wyrok|https://www.saos.org.pl/judgments/64275
221910|2014-05-22|SO|II Ca 822/13|Uzasadnienie|https://www.saos.org.pl/judgments/221910
147308|2014-05-22|SO|I C 282/13|Wyrok|https://www.saos.org.pl/judgments/147308
55676|2014-05-22|SO|VIII GC 272/13|Wyrok|https://www.saos.org.pl/judgments/55676
54961|2014-05-22|SO|IX GC 3123/12|Uzasadnienie|https://www.saos.org.pl/judgments/54961
52485|2014-05-22|SO|VI Ga 86/14|Wyrok|https://www.saos.org.pl/judgments/52485
51346|2014-05-22|SO|I ACa 55/14|Wyrok|https://www.saos.org.pl/judgments/51346
50458|2014-05-22|SO|II Ca 156/14|Wyrok|https://www.saos.org.pl/judgments/50458
48053|2014-05-22|SO|I ACa 103/14|Wyrok|https://www.saos.org.pl/judgments/48053
58097|2014-05-21|SO|II Ca 867/14|Wyrok|https://www.saos.org.pl/judgments/58097
50475|2014-05-21|SO|II Ca 80/14|Wyrok|https://www.saos.org.pl/judgments/50475
165868|2014-05-20|SN|I PK 285/13|Wyrok|https://www.saos.org.pl/judgments/165868
146570|2014-05-20|SO|I C 552/14|Wyrok|https://www.saos.org.pl/judgments/146570
71257|2014-05-20|SO|II Ca 220/14|Wyrok|https://www.saos.org.pl/judgments/71257
55482|2014-05-20|SO|II Ca 292/14|Wyrok|https://www.saos.org.pl/judgments/55482
63064|2014-05-19|SO|II Ca 420/14|Wyrok|https://www.saos.org.pl/judgments/63064
55068|2014-05-19|SO|III Ca 1645/13|Uzasadnienie|https://www.saos.org.pl/judgments/55068
51905|2014-05-19|SO|II Ca 355/14|Wyrok|https://www.saos.org.pl/judgments/51905
391347|2014-05-16|SO|I ACa 1738/13|Wyrok|https://www.saos.org.pl/judgments/391347
182146|2014-05-16|SO|I C 2610/13|Wyrok|https://www.saos.org.pl/judgments/182146
151852|2014-05-15|SO|I C 222/13|Wyrok|https://www.saos.org.pl/judgments/151852
147620|2014-05-15|SO|I Ca 91/14|Postanowienie|https://www.saos.org.pl/judgments/147620
146879|2014-05-15|SO|II Ca 1369/13|Postanowienie|https://www.saos.org.pl/judgments/146879
146572|2014-05-15|SO|I C 647/14|Wyrok|https://www.saos.org.pl/judgments/146572
146489|2014-05-15|SO|I C 726/14|Wyrok|https://www.saos.org.pl/judgments/146489
71258|2014-05-15|SO|II Ca 227/14|Wyrok|https://www.saos.org.pl/judgments/71258
54763|2014-05-15|SO|III Ca 1595/13|Uzasadnienie|https://www.saos.org.pl/judgments/54763
51120|2014-05-15|SO|IX C 306/14|Wyrok|https://www.saos.org.pl/judgments/51120
49379|2014-05-15|SO|X C 3932/13|Wyrok|https://www.saos.org.pl/judgments/49379
146262|2014-05-14|SO|I C 2158/13|Wyrok|https://www.saos.org.pl/judgments/146262
54339|2014-05-14|SO|I ACa 41/14|Wyrok|https://www.saos.org.pl/judgments/54339
45738|2014-05-14|SO|XVI C 2797/13|Uzasadnienie|https://www.saos.org.pl/judgments/45738
224935|2014-05-13|SO|I C 61/13|Wyrok|https://www.saos.org.pl/judgments/224935
56200|2014-05-13|SO|XV Ca 194/14|Wyrok|https://www.saos.org.pl/judgments/56200
146388|2014-05-12|SO|II C 925/10|Uzasadnienie|https://www.saos.org.pl/judgments/146388
49315|2014-05-12|SO|VI GC 216/14|Postanowienie|https://www.saos.org.pl/judgments/49315
274056|2014-05-09|SO|II Ca 196/14|Wyrok|https://www.saos.org.pl/judgments/274056
147830|2014-05-08|SO|II Ca 130/14|Postanowienie|https://www.saos.org.pl/judgments/147830
54222|2014-05-08|SO|VIII Ga 202/13|Uzasadnienie|https://www.saos.org.pl/judgments/54222
48468|2014-05-08|SO|I ACa 128/14|Wyrok|https://www.saos.org.pl/judgments/48468
48146|2014-05-08|SO|IX Pa 34/14|Wyrok|https://www.saos.org.pl/judgments/48146
182138|2014-05-07|SO|I C 2598/13|Wyrok|https://www.saos.org.pl/judgments/182138
146582|2014-05-07|SO|I C 670/13|Wyrok|https://www.saos.org.pl/judgments/146582
53765|2014-05-07|SO|I ACa 20/14|Wyrok|https://www.saos.org.pl/judgments/53765
51207|2014-05-07|SO|I ACa 1215/13|Wyrok|https://www.saos.org.pl/judgments/51207
49427|2014-05-07|SO|I ACa 1366/13|Wyrok|https://www.saos.org.pl/judgments/49427
48956|2014-05-06|SO|VIII Ga 115/14|Wyrok|https://www.saos.org.pl/judgments/48956
178483|2014-05-05|SO|I C 2143/13|Wyrok|https://www.saos.org.pl/judgments/178483
147980|2014-04-30|SO|I C 167/14|Wyrok|https://www.saos.org.pl/judgments/147980
145671|2014-04-30|SO|II AKa 60/14|Wyrok|https://www.saos.org.pl/judgments/145671
52784|2014-04-30|SO|I ACa 66/14|Wyrok|https://www.saos.org.pl/judgments/52784
50915|2014-04-30|SO|VIII Ca 73/14|Postanowienie|https://www.saos.org.pl/judgments/50915
49036|2014-04-30|SO|I ACa 1125/13|Wyrok|https://www.saos.org.pl/judgments/49036
146385|2014-04-29|SO|II C 209/12|Wyrok|https://www.saos.org.pl/judgments/146385
146384|2014-04-29|SO|II C 1363/13|Uzasadnienie|https://www.saos.org.pl/judgments/146384
68347|2014-04-29|SO|VII C 124/13|Wyrok|https://www.saos.org.pl/judgments/68347
48958|2014-04-29|SO|VIII Ga 46/14|Wyrok|https://www.saos.org.pl/judgments/48958
145800|2014-04-28|SO|I Ns 275/13|Postanowienie|https://www.saos.org.pl/judgments/145800
48054|2014-04-28|SO|I ACa 105/14|Wyrok|https://www.saos.org.pl/judgments/48054
53332|2014-04-25|SO|I ACa 38/14|Wyrok|https://www.saos.org.pl/judgments/53332
49276|2014-04-25|SO|III Ca 1494/13|Uzasadnienie|https://www.saos.org.pl/judgments/49276
44644|2014-04-24|SO|I ACa 60/14|Wyrok|https://www.saos.org.pl/judgments/44644
53129|2014-04-23|SO|XII C 245/13|Wyrok|https://www.saos.org.pl/judgments/53129
49282|2014-04-23|SO|III Ca 1507/13|Uzasadnienie|https://www.saos.org.pl/judgments/49282
45632|2014-04-23|SO|I ACa 1361/13|Wyrok|https://www.saos.org.pl/judgments/45632
60037|2014-04-22|SO|I C 1240/13|Wyrok|https://www.saos.org.pl/judgments/60037
49218|2014-04-17|SO|VIII Ga 30/14|Wyrok|https://www.saos.org.pl/judgments/49218
47568|2014-04-17|SO|II Ca 57/14|Wyrok|https://www.saos.org.pl/judgments/47568
42323|2014-04-17|SO|XVI C 2500/13|Uzasadnienie|https://www.saos.org.pl/judgments/42323
240408|2014-04-16|SO|II Cz 81/14|Uzasadnienie|https://www.saos.org.pl/judgments/240408
146408|2014-04-16|SO|II Ca 1376/13|Wyrok|https://www.saos.org.pl/judgments/146408
70973|2014-04-16|SO|I ACa 220/14|Wyrok|https://www.saos.org.pl/judgments/70973
45530|2014-04-16|SO|VI Ga 79/14|Wyrok|https://www.saos.org.pl/judgments/45530
69976|2014-04-15|SO|I C 922/13|Wyrok|https://www.saos.org.pl/judgments/69976
46238|2014-04-15|SO|I ACa 223/14|Wyrok|https://www.saos.org.pl/judgments/46238
50176|2014-04-14|SO|II Ca 81/14|Wyrok|https://www.saos.org.pl/judgments/50176
43930|2014-04-14|SO|VI GC 42/14|Wyrok|https://www.saos.org.pl/judgments/43930
147767|2014-04-11|SO|I C 622/13|Wyrok|https://www.saos.org.pl/judgments/147767
68360|2014-04-11|SO|VII C 1659/13|Wyrok|https://www.saos.org.pl/judgments/68360
133622|2014-04-10|SO|III Ca 1917/13|Postanowienie|https://www.saos.org.pl/judgments/133622
104910|2014-04-10|SN|IV CSK 519/13|Postanowienie|https://www.saos.org.pl/judgments/104910
72060|2014-04-10|SO|I ACa 183/14|Wyrok|https://www.saos.org.pl/judgments/72060
51598|2014-04-10|SO|VI ACa 1196/13|Wyrok|https://www.saos.org.pl/judgments/51598
147035|2014-04-09|SO|I C 2269/13|Wyrok|https://www.saos.org.pl/judgments/147035
45625|2014-04-09|SO|I ACa 1299/13|Wyrok|https://www.saos.org.pl/judgments/45625
44756|2014-04-09|SO|III Ca 77/14|Wyrok|https://www.saos.org.pl/judgments/44756
44646|2014-04-09|SO|I ACa 897/13|Wyrok|https://www.saos.org.pl/judgments/44646
44389|2014-04-09|SO|III Ca 103/14|Postanowienie|https://www.saos.org.pl/judgments/44389
434689|2014-04-08|SO|I ACa 141/14|Wyrok|https://www.saos.org.pl/judgments/434689
125069|2014-04-08|SO|V C 9/13|Wyrok|https://www.saos.org.pl/judgments/125069
45780|2014-04-08|SO|I ACa 1237/13|Wyrok|https://www.saos.org.pl/judgments/45780
44910|2014-04-08|SO|V C 94/13|Wyrok|https://www.saos.org.pl/judgments/44910
41881|2014-04-08|SO|II Ca 158/14|Wyrok|https://www.saos.org.pl/judgments/41881
145185|2014-04-07|SO|I C 701/13|Wyrok|https://www.saos.org.pl/judgments/145185
237664|2014-04-04|SO|I C 984/12|Postanowienie|https://www.saos.org.pl/judgments/237664
183270|2014-04-04|SO|II Ca 31/14|Wyrok|https://www.saos.org.pl/judgments/183270
146008|2014-04-04|SO|I C 1290/13|Wyrok|https://www.saos.org.pl/judgments/146008
145827|2014-04-04|SO|II C 322/13|Uzasadnienie|https://www.saos.org.pl/judgments/145827
68373|2014-04-04|SO|VII C 498/13|Wyrok|https://www.saos.org.pl/judgments/68373
50607|2014-04-03|SO|II Ca 55/14|Wyrok|https://www.saos.org.pl/judgments/50607
43880|2014-04-03|SO|II Ns 5184/13|Uzasadnienie|https://www.saos.org.pl/judgments/43880
41880|2014-04-03|SO|II Ca 149/14|Wyrok|https://www.saos.org.pl/judgments/41880
45618|2014-04-02|SO|I ACa 1198/13|Wyrok|https://www.saos.org.pl/judgments/45618
146165|2014-04-01|SO|I C 104/14|Wyrok|https://www.saos.org.pl/judgments/146165
69709|2014-03-31|SO|III Ko 155/14|Wyrok|https://www.saos.org.pl/judgments/69709
64453|2014-03-31|SO|I C 250/13|Wyrok|https://www.saos.org.pl/judgments/64453
45235|2014-03-31|SO|III Ca 1263/13|Uzasadnienie|https://www.saos.org.pl/judgments/45235
43858|2014-03-28|SO|I ACa 25/14|Wyrok|https://www.saos.org.pl/judgments/43858
149402|2014-03-27|SO|V ACa 624/13|Wyrok|https://www.saos.org.pl/judgments/149402
55599|2014-03-26|SO|I ACa 1419/13|Wyrok|https://www.saos.org.pl/judgments/55599
45815|2014-03-26|SO|II Ca 2443/13|Wyrok|https://www.saos.org.pl/judgments/45815
43905|2014-03-26|SO|VIII Ga 19/13|Uzasadnienie|https://www.saos.org.pl/judgments/43905
43846|2014-03-26|SO|X Ga 94/14|Wyrok|https://www.saos.org.pl/judgments/43846
146177|2014-03-25|SO|I C 2066/13|Wyrok|https://www.saos.org.pl/judgments/146177
63050|2014-03-25|SO|II Ca 1132/13|Wyrok|https://www.saos.org.pl/judgments/63050
145600|2014-03-24|SO|I C 29/14|Wyrok|https://www.saos.org.pl/judgments/145600
45185|2014-03-24|SO|II Ca 50/14|Wyrok|https://www.saos.org.pl/judgments/45185
219341|2014-03-21|SO|III C 420/13|Wyrok|https://www.saos.org.pl/judgments/219341
65830|2014-03-21|SO|VI ACa 773/13|Wyrok|https://www.saos.org.pl/judgments/65830
145692|2014-03-20|SO|I C 1218/11|Wyrok|https://www.saos.org.pl/judgments/145692
145454|2014-03-20|SO|I C 1796/13|Wyrok|https://www.saos.org.pl/judgments/145454
45797|2014-03-20|SO|I ACa 606/13|Wyrok|https://www.saos.org.pl/judgments/45797
130993|2014-03-19|SO|III Ca 1676/13|Wyrok|https://www.saos.org.pl/judgments/130993
61092|2014-03-19|SO|VI ACa 1005/13|Wyrok|https://www.saos.org.pl/judgments/61092
46026|2014-03-19|SO|II Ca 953/13|Wyrok|https://www.saos.org.pl/judgments/46026
293859|2014-03-18|SO|II Ca 607/13|Postanowienie|https://www.saos.org.pl/judgments/293859
220564|2014-03-17|SO|I C 2331/12|Wyrok|https://www.saos.org.pl/judgments/220564
42800|2014-03-17|SO|VI GC 63/14|Wyrok|https://www.saos.org.pl/judgments/42800
145134|2014-03-14|SO|I C 459/13|Wyrok|https://www.saos.org.pl/judgments/145134
145247|2014-03-13|SO|II Ca 1092/13|Wyrok|https://www.saos.org.pl/judgments/145247
42663|2014-03-13|SO|I ACa 1120/13|Wyrok|https://www.saos.org.pl/judgments/42663
41066|2014-03-13|SO|III Ca 1007/13|Uzasadnienie|https://www.saos.org.pl/judgments/41066
145264|2014-03-12|SO|II C 1503/13|Wyrok|https://www.saos.org.pl/judgments/145264
144911|2014-03-12|SO|I C 192/14|Wyrok|https://www.saos.org.pl/judgments/144911
51183|2014-03-12|SO|VIII C 15/13|Wyrok|https://www.saos.org.pl/judgments/51183
47094|2014-03-12|SO|II Ca 2296/13|Postanowienie|https://www.saos.org.pl/judgments/47094
41733|2014-03-12|SO|III Ca 936/13|Postanowienie|https://www.saos.org.pl/judgments/41733
144346|2014-03-11|SO|I Ns 272/12|Uzasadnienie|https://www.saos.org.pl/judgments/144346
41198|2014-03-11|SO|V C 259/13|Wyrok|https://www.saos.org.pl/judgments/41198
207485|2014-03-10|SO|IX GC 1524/11|Uzasadnienie|https://www.saos.org.pl/judgments/207485
126135|2014-03-10|SO|I C 582/12|Wyrok|https://www.saos.org.pl/judgments/126135
39205|2014-03-10|SO|VI GC 39/14|Wyrok|https://www.saos.org.pl/judgments/39205
70669|2014-03-07|SO|I ACa 30/14|Wyrok|https://www.saos.org.pl/judgments/70669
47421|2014-03-07|SO|I ACa 1175/13|Wyrok|https://www.saos.org.pl/judgments/47421
360125|2014-03-06|SO|II Ca 694/13|Wyrok|https://www.saos.org.pl/judgments/360125
130994|2014-03-06|SO|III Ca 1679/13|Wyrok|https://www.saos.org.pl/judgments/130994
44156|2014-03-06|SO|II Ca 595/13|Wyrok|https://www.saos.org.pl/judgments/44156
41270|2014-03-06|SO|II Ca 91/14|Wyrok|https://www.saos.org.pl/judgments/41270
144184|2014-03-05|SO|I C 2263/13|Wyrok|https://www.saos.org.pl/judgments/144184
45469|2014-03-05|SO|I ACa 1157/13|Wyrok|https://www.saos.org.pl/judgments/45469
43291|2014-03-04|SO|I ACa 1223/13|Wyrok|https://www.saos.org.pl/judgments/43291
43451|2014-02-28|SO|VIII Ga 215/13|Uzasadnienie|https://www.saos.org.pl/judgments/43451
42656|2014-02-28|SO|I ACa 1029/13|Wyrok|https://www.saos.org.pl/judgments/42656
145386|2014-02-27|SO|II Ca 1140/13|Wyrok|https://www.saos.org.pl/judgments/145386
144942|2014-02-27|SO|II Ca 11/14|Postanowienie|https://www.saos.org.pl/judgments/144942
144631|2014-02-27|SO|II C 1153/13|Wyrok|https://www.saos.org.pl/judgments/144631
56722|2014-02-27|SO|V ACa 1/14|Wyrok|https://www.saos.org.pl/judgments/56722
41425|2014-02-27|SO|II Ca 793/13|Wyrok|https://www.saos.org.pl/judgments/41425
41264|2014-02-27|SO|II Ca 55/14|Wyrok|https://www.saos.org.pl/judgments/41264
225352|2014-02-26|SO|V Ca 2239/13|Wyrok|https://www.saos.org.pl/judgments/225352
144549|2014-02-26|SO|I C 824/13|Wyrok|https://www.saos.org.pl/judgments/144549
44932|2014-02-26|SO|I ACa 636/13|Wyrok|https://www.saos.org.pl/judgments/44932
43850|2014-02-26|SO|I ACa 1081/13|Wyrok|https://www.saos.org.pl/judgments/43850
37735|2014-02-26|SO|III Ca 17/14|Wyrok|https://www.saos.org.pl/judgments/37735
74399|2014-02-25|SO|XV Ca 1718/13|Postanowienie|https://www.saos.org.pl/judgments/74399
145485|2014-02-24|SO|II C 796/13|Wyrok|https://www.saos.org.pl/judgments/145485
144468|2014-02-24|SO|I C 8/14|Uzasadnienie|https://www.saos.org.pl/judgments/144468
37534|2014-02-24|SO|VII Pa 356/13|Uzasadnienie|https://www.saos.org.pl/judgments/37534
146533|2014-02-21|SO|I C 1008/13|Wyrok|https://www.saos.org.pl/judgments/146533
40622|2014-02-21|SO|VIII Ga 131/13|Uzasadnienie|https://www.saos.org.pl/judgments/40622
38667|2014-02-21|SO|X GC 499/13|Uzasadnienie|https://www.saos.org.pl/judgments/38667
143600|2014-02-20|SO|I C 1304/13|Wyrok|https://www.saos.org.pl/judgments/143600
53274|2014-02-20|SO|VI ACa 524/13|Wyrok|https://www.saos.org.pl/judgments/53274
44878|2014-02-20|SO|II Ca 553/13|Uzasadnienie|https://www.saos.org.pl/judgments/44878
37753|2014-02-20|SO|III Ca 973/13|Postanowienie|https://www.saos.org.pl/judgments/37753
36967|2014-02-20|SO|III Ca 1576/13|Uzasadnienie|https://www.saos.org.pl/judgments/36967
148598|2014-02-19|SO|I Ns 1187/09|Postanowienie|https://www.saos.org.pl/judgments/148598
144663|2014-02-19|SO|I C 98/11|Wyrok|https://www.saos.org.pl/judgments/144663
131384|2014-02-19|SO|II Ca 585/13|Wyrok|https://www.saos.org.pl/judgments/131384
45807|2014-02-19|SO|II Ca 165/14|Wyrok|https://www.saos.org.pl/judgments/45807
41402|2014-02-19|SO|VIII C 727/13|Wyrok|https://www.saos.org.pl/judgments/41402
37732|2014-02-18|SO|III Ca 1049/13|Uzasadnienie|https://www.saos.org.pl/judgments/37732
37983|2014-02-14|SO|VIII Ga 411/13|Wyrok|https://www.saos.org.pl/judgments/37983
458559|2014-02-13|SO|I C 1822/12|Wyrok|https://www.saos.org.pl/judgments/458559
64303|2014-02-13|SO|II Ca 535/13|Uzasadnienie|https://www.saos.org.pl/judgments/64303
47984|2014-02-13|SO|III Ca 1372/13|Wyrok|https://www.saos.org.pl/judgments/47984
37654|2014-02-13|SO|I ACa 1057/13|Wyrok|https://www.saos.org.pl/judgments/37654
146862|2014-02-12|SO|I C 425/13|Wyrok|https://www.saos.org.pl/judgments/146862
104423|2014-02-12|SN|IV CSK 271/13|Postanowienie|https://www.saos.org.pl/judgments/104423
37672|2014-02-12|SO|II Ca 1587/13|Wyrok|https://www.saos.org.pl/judgments/37672
71672|2014-02-11|SO|XV Ca 1751/13|Wyrok|https://www.saos.org.pl/judgments/71672
41459|2014-02-11|SO|IX Ca 853/13|Wyrok|https://www.saos.org.pl/judgments/41459
41457|2014-02-11|SO|IX Ca 822/13|Wyrok|https://www.saos.org.pl/judgments/41457
45805|2014-02-10|SO|II Ca 1564/13|Postanowienie|https://www.saos.org.pl/judgments/45805
40897|2014-02-10|SO|VIII Ga 423/13|Wyrok|https://www.saos.org.pl/judgments/40897
104345|2014-02-07|SN|III CZP 90/13|Uchwała|https://www.saos.org.pl/judgments/104345
38831|2014-02-07|SO|II Ca 2015/13|Wyrok|https://www.saos.org.pl/judgments/38831
38303|2014-02-07|SO|I ACa 687/13|Wyrok|https://www.saos.org.pl/judgments/38303
59658|2014-02-06|SO|I C 1419/11|Wyrok|https://www.saos.org.pl/judgments/59658
36508|2014-02-06|SO|III Ca 27/14|Postanowienie|https://www.saos.org.pl/judgments/36508
35137|2014-02-06|SO|II Ca 975/13|Wyrok|https://www.saos.org.pl/judgments/35137
143847|2014-02-05|SO|I C 2280/13|Wyrok|https://www.saos.org.pl/judgments/143847
70972|2014-02-05|SO|I ACa 1512/13|Wyrok|https://www.saos.org.pl/judgments/70972
50780|2014-02-05|SO|XII Ga 504/13|Wyrok|https://www.saos.org.pl/judgments/50780
146310|2014-02-04|SO|I C 1521/13|Wyrok|https://www.saos.org.pl/judgments/146310
41718|2014-02-04|SO|VI ACa 790/13|Wyrok|https://www.saos.org.pl/judgments/41718
39739|2014-02-04|SO|I ACa 719/13|Wyrok|https://www.saos.org.pl/judgments/39739
39252|2014-02-04|SO|I ACa 898/13|Wyrok|https://www.saos.org.pl/judgments/39252
36243|2014-02-04|SO|VIII GC 1383/13|Wyrok|https://www.saos.org.pl/judgments/36243
147009|2014-01-31|SO|I C 1141/13|Wyrok|https://www.saos.org.pl/judgments/147009
39432|2014-01-30|SO|I ACa 989/13|Wyrok|https://www.saos.org.pl/judgments/39432
36370|2014-01-30|SO|II Ca 933/13|Wyrok|https://www.saos.org.pl/judgments/36370
145966|2014-01-29|SO|I C 12/13|Wyrok|https://www.saos.org.pl/judgments/145966
145712|2014-01-29|SO|I C 521/13|Wyrok|https://www.saos.org.pl/judgments/145712
52933|2014-01-29|SO|I ACa 684/13|Wyrok|https://www.saos.org.pl/judgments/52933
35965|2014-01-29|SO|III Ca 808/13|Postanowienie|https://www.saos.org.pl/judgments/35965
35600|2014-01-29|SO|VIII Ca 569/13|Postanowienie|https://www.saos.org.pl/judgments/35600
143957|2014-01-28|SO|I C 701/13|Wyrok|https://www.saos.org.pl/judgments/143957
68602|2014-01-28|SO|I ACa 1468/13|Wyrok|https://www.saos.org.pl/judgments/68602
39120|2014-01-28|SO|I ACa 948/13|Wyrok|https://www.saos.org.pl/judgments/39120
237929|2014-01-24|SO|I C 1143/12|Wyrok|https://www.saos.org.pl/judgments/237929
144435|2014-01-24|SO|II Ca 1177/13|Wyrok|https://www.saos.org.pl/judgments/144435
37222|2014-01-24|SO|II Ca 726/13|Postanowienie|https://www.saos.org.pl/judgments/37222
37177|2014-01-24|SO|II Ca 1629/13|Postanowienie|https://www.saos.org.pl/judgments/37177
34674|2014-01-24|SO|IX Ga 375/13|Wyrok|https://www.saos.org.pl/judgments/34674
258450|2014-01-23|SO|IV C 104/13|Wyrok|https://www.saos.org.pl/judgments/258450
246477|2014-01-23|SO|III Ca 1295/13|Postanowienie|https://www.saos.org.pl/judgments/246477
143611|2014-01-23|SO|II Ca 1030/13|Wyrok|https://www.saos.org.pl/judgments/143611
53933|2014-01-23|SO|VI ACa 381/13|Wyrok|https://www.saos.org.pl/judgments/53933
143289|2014-01-22|SO|I Ca 425/13|Wyrok|https://www.saos.org.pl/judgments/143289
143934|2014-01-21|SO|I C 1591/13|Wyrok|https://www.saos.org.pl/judgments/143934
143184|2014-01-21|SO|I C 1163/13|Wyrok|https://www.saos.org.pl/judgments/143184
63203|2014-01-21|SO|I ACa 1402/13|Wyrok|https://www.saos.org.pl/judgments/63203
53201|2014-01-21|SO|VIII C 433/13|Wyrok|https://www.saos.org.pl/judgments/53201
37189|2014-01-21|SO|II Ca 1788/13|Wyrok|https://www.saos.org.pl/judgments/37189
36503|2014-01-17|SO|II Ca 731/13|Wyrok|https://www.saos.org.pl/judgments/36503
145122|2014-01-16|SO|I Ca 332/13|Postanowienie|https://www.saos.org.pl/judgments/145122
33436|2014-01-16|SO|I ACa 1194/13|Wyrok|https://www.saos.org.pl/judgments/33436
56882|2014-01-15|SO|III Ca 1470/13|Wyrok|https://www.saos.org.pl/judgments/56882
37200|2014-01-15|SO|II Ca 2184/13|Postanowienie|https://www.saos.org.pl/judgments/37200
35683|2014-01-15|SO|I ACa 884/13|Wyrok|https://www.saos.org.pl/judgments/35683
143842|2014-01-14|SO|I Ca 378/13|Wyrok|https://www.saos.org.pl/judgments/143842
142931|2014-01-14|SO|I C 1506/13|Wyrok|https://www.saos.org.pl/judgments/142931
46840|2014-01-14|SO|VIII C 2503/13|Wyrok|https://www.saos.org.pl/judgments/46840
33602|2014-01-14|SO|XV Ca 1580/13|Wyrok|https://www.saos.org.pl/judgments/33602
142981|2014-01-13|SO|I C 978/13|Wyrok|https://www.saos.org.pl/judgments/142981
61128|2014-01-10|SO|I ACa 1322/13|Wyrok|https://www.saos.org.pl/judgments/61128
53637|2014-01-10|SO|I ACa 1308/13|Wyrok|https://www.saos.org.pl/judgments/53637
44529|2014-01-10|SO|I ACa 887/13|Wyrok|https://www.saos.org.pl/judgments/44529
143557|2014-01-09|SO|II Ca 1262/13|Wyrok|https://www.saos.org.pl/judgments/143557
142936|2014-01-09|SO|I C 132/13|Wyrok|https://www.saos.org.pl/judgments/142936
142700|2014-01-09|SO|I C 452/13|Wyrok|https://www.saos.org.pl/judgments/142700
32383|2014-01-09|SO|I ACa 904/13|Wyrok|https://www.saos.org.pl/judgments/32383
44315|2014-01-08|SO|III Ca 566/13|Wyrok|https://www.saos.org.pl/judgments/44315
35680|2014-01-08|SO|I ACa 834/13|Wyrok|https://www.saos.org.pl/judgments/35680
32948|2014-01-08|SO|IV Ca 1307/13|Postanowienie|https://www.saos.org.pl/judgments/32948
31141|2014-01-08|SO|V Pa 152/13|Wyrok|https://www.saos.org.pl/judgments/31141
130465|2014-01-07|SO|XVI GC 680/12|Zarządzenie|https://www.saos.org.pl/judgments/130465
42050|2014-01-07|SO|I ACa 1268/13|Wyrok|https://www.saos.org.pl/judgments/42050
155694|2013-12-30|SO|II Ca 1083/13|Wyrok|https://www.saos.org.pl/judgments/155694
143755|2013-12-30|SO|I Ca 422/13|Postanowienie|https://www.saos.org.pl/judgments/143755
142506|2013-12-30|SO|I C 591/04|Uzasadnienie|https://www.saos.org.pl/judgments/142506
40103|2013-12-30|SO|II Ca 946/13|Wyrok|https://www.saos.org.pl/judgments/40103
502194|2013-12-23|SO|II Ca 749/13|Postanowienie|https://www.saos.org.pl/judgments/502194
142976|2013-12-23|SO|I C 70/13|Wyrok|https://www.saos.org.pl/judgments/142976
142870|2013-12-23|SO|I C 365/12|Wyrok|https://www.saos.org.pl/judgments/142870
214783|2013-12-20|SO|III C 351/13|Wyrok|https://www.saos.org.pl/judgments/214783
198509|2013-12-20|SO|II Ca 349/13|Wyrok|https://www.saos.org.pl/judgments/198509
40921|2013-12-20|SO|VI ACa 452/13|Wyrok|https://www.saos.org.pl/judgments/40921
34992|2013-12-20|SO|I ACa 872/13|Wyrok|https://www.saos.org.pl/judgments/34992
32078|2013-12-19|SO|I ACa 868/13|Wyrok|https://www.saos.org.pl/judgments/32078
141963|2013-12-18|SO|I Ca 299/13|Wyrok|https://www.saos.org.pl/judgments/141963
142634|2013-12-17|SO|I Ca 404/13|Wyrok|https://www.saos.org.pl/judgments/142634
33622|2013-12-13|SO|V P 3/13|Wyrok|https://www.saos.org.pl/judgments/33622
41409|2013-12-12|SO|I ACa 553/13|Wyrok|https://www.saos.org.pl/judgments/41409
33586|2013-12-12|SO|V Pa 53/12|Wyrok|https://www.saos.org.pl/judgments/33586
29235|2013-12-12|SO|I ACa 594/13|Wyrok|https://www.saos.org.pl/judgments/29235
34591|2013-12-11|SO|I ACa 982/13|Wyrok|https://www.saos.org.pl/judgments/34591
304725|2013-12-10|SO|I C 491/13|Wyrok|https://www.saos.org.pl/judgments/304725
143814|2013-12-10|SO|II Ca 1339/13|Wyrok|https://www.saos.org.pl/judgments/143814
143105|2013-12-10|SO|I C 1491/13|Wyrok|https://www.saos.org.pl/judgments/143105
33120|2013-12-10|SO|II Ca 1441/13|Postanowienie|https://www.saos.org.pl/judgments/33120
207967|2013-12-09|SO|II Cz 945/13|Postanowienie|https://www.saos.org.pl/judgments/207967
31071|2013-12-09|SO|III Pa 11/13|Wyrok|https://www.saos.org.pl/judgments/31071
230866|2013-12-06|SO|III C 1675/08|Wyrok|https://www.saos.org.pl/judgments/230866
35106|2013-12-06|SO|VIII Ga 350/13|Wyrok|https://www.saos.org.pl/judgments/35106
39218|2013-12-05|SO|I ACa 857/13|Wyrok|https://www.saos.org.pl/judgments/39218
34826|2013-12-05|SO|II Ca 744/13|Wyrok|https://www.saos.org.pl/judgments/34826
32454|2013-12-05|SO|VI Ga 245/13|Wyrok|https://www.saos.org.pl/judgments/32454
32091|2013-12-05|SO|II Ca 313/13|Uzasadnienie|https://www.saos.org.pl/judgments/32091
31042|2013-12-05|SO|I ACa 724/13|Wyrok|https://www.saos.org.pl/judgments/31042
143638|2013-12-04|SO|I C 2533/10|Wyrok|https://www.saos.org.pl/judgments/143638
39246|2013-12-04|SO|I ACa 736/13|Wyrok|https://www.saos.org.pl/judgments/39246
34150|2013-12-04|SO|VIII Ga 58/13|Uzasadnienie|https://www.saos.org.pl/judgments/34150
29908|2013-12-04|SO|I ACa 544/13|Wyrok|https://www.saos.org.pl/judgments/29908
30246|2013-12-03|SO|II Ca 768/13|Postanowienie|https://www.saos.org.pl/judgments/30246
30112|2013-12-03|SO|I ACa 563/13|Wyrok|https://www.saos.org.pl/judgments/30112
29134|2013-12-03|SO|V Pa 134/13|Wyrok|https://www.saos.org.pl/judgments/29134
27908|2013-12-03|SO|II Ca 778/13|Wyrok|https://www.saos.org.pl/judgments/27908
143503|2013-11-29|SO|II Ca 1078/13|Wyrok|https://www.saos.org.pl/judgments/143503
38691|2013-11-29|SO|VI ACa 1354/12|Wyrok|https://www.saos.org.pl/judgments/38691
33134|2013-11-29|SO|II Ca 235/13|Postanowienie|https://www.saos.org.pl/judgments/33134
142462|2013-11-28|SO|I C 469/13|Wyrok|https://www.saos.org.pl/judgments/142462
54788|2013-11-28|SO|I ACa 1154/13|Wyrok|https://www.saos.org.pl/judgments/54788
34004|2013-11-28|SO|V Pa 151/13|Wyrok|https://www.saos.org.pl/judgments/34004
32452|2013-11-28|SO|VI Ga 223/13|Wyrok|https://www.saos.org.pl/judgments/32452
32363|2013-11-28|SO|I ACa 684/13|Wyrok|https://www.saos.org.pl/judgments/32363
130599|2013-11-27|SO|II Cgg 12/12|Wyrok|https://www.saos.org.pl/judgments/130599
38773|2013-11-27|SO|I ACa 514/13|Wyrok|https://www.saos.org.pl/judgments/38773
34132|2013-11-27|SO|V ACa 201/13|Wyrok|https://www.saos.org.pl/judgments/34132
28128|2013-11-27|SO|I ACa 952/13|Wyrok|https://www.saos.org.pl/judgments/28128
29621|2013-11-26|SO|IX Ca 563/13|Postanowienie|https://www.saos.org.pl/judgments/29621
28341|2013-11-26|SO|V Pa 164/13|Wyrok|https://www.saos.org.pl/judgments/28341
43305|2013-11-22|SO|I ACa 86/13|Wyrok|https://www.saos.org.pl/judgments/43305
27193|2013-11-22|SO|IV Ca 517/13|Wyrok|https://www.saos.org.pl/judgments/27193
38102|2013-11-21|SO|VI ACa 199/13|Wyrok|https://www.saos.org.pl/judgments/38102
35175|2013-11-21|SO|I ACa 524/13|Wyrok|https://www.saos.org.pl/judgments/35175
30384|2013-11-21|SO|VIII Ga 46/13|Uzasadnienie|https://www.saos.org.pl/judgments/30384
143099|2013-11-20|SO|I Ca 422/13|Wyrok|https://www.saos.org.pl/judgments/143099
35670|2013-11-20|SO|I ACa 650/13|Wyrok|https://www.saos.org.pl/judgments/35670
29053|2013-11-20|SO|I ACa 492/13|Wyrok|https://www.saos.org.pl/judgments/29053
28505|2013-11-20|SO|I ACa 534/13|Wyrok|https://www.saos.org.pl/judgments/28505
28500|2013-11-20|SO|I ACa 513/13|Wyrok|https://www.saos.org.pl/judgments/28500
29438|2013-11-19|SO|VIII GC 342/13|Wyrok|https://www.saos.org.pl/judgments/29438
145747|2013-11-18|SO|II C 870/11|Wyrok|https://www.saos.org.pl/judgments/145747
144545|2013-11-18|SO|I C 597/12|Wyrok|https://www.saos.org.pl/judgments/144545
142033|2013-11-18|SO|I C 793/12|Wyrok|https://www.saos.org.pl/judgments/142033
41714|2013-11-18|SO|VI ACa 612/13|Wyrok|https://www.saos.org.pl/judgments/41714
28422|2013-11-15|SO|I ACa 747/13|Wyrok|https://www.saos.org.pl/judgments/28422
191273|2013-11-14|SO|I C 2526/13|Wyrok|https://www.saos.org.pl/judgments/191273
29477|2013-11-14|SO|VIII Ga 155/13|Uzasadnienie|https://www.saos.org.pl/judgments/29477
144896|2013-11-13|SO|I Ca 304/13|Wyrok|https://www.saos.org.pl/judgments/144896
143941|2013-11-13|SO|I C 1878/12|Wyrok|https://www.saos.org.pl/judgments/143941
29144|2013-11-08|SO|V Pa 48/13|Wyrok|https://www.saos.org.pl/judgments/29144
29136|2013-11-08|SO|V Pa 141/13|Wyrok|https://www.saos.org.pl/judgments/29136
25900|2013-11-08|SO|II Ca 848/13|Wyrok|https://www.saos.org.pl/judgments/25900
142917|2013-11-07|SO|II Ca 1247/12|Postanowienie|https://www.saos.org.pl/judgments/142917
142849|2013-11-07|SO|I C 616/13|Wyrok|https://www.saos.org.pl/judgments/142849
142027|2013-11-07|SO|I C 496/12|Wyrok|https://www.saos.org.pl/judgments/142027
141272|2013-11-07|SO|I Ca 370/13|Wyrok|https://www.saos.org.pl/judgments/141272
35890|2013-11-07|SO|I ACa 360/13|Wyrok|https://www.saos.org.pl/judgments/35890
28745|2013-11-07|SO|I ACa 606/13|Wyrok|https://www.saos.org.pl/judgments/28745
27391|2013-11-07|SO|I ACa 1437/12|Wyrok|https://www.saos.org.pl/judgments/27391
36583|2013-11-06|SO|I ACa 546/13|Wyrok|https://www.saos.org.pl/judgments/36583
33540|2013-11-06|SO|II Ca 638/13|Postanowienie|https://www.saos.org.pl/judgments/33540
26783|2013-11-06|SO|III Ca 663/13|Postanowienie|https://www.saos.org.pl/judgments/26783
25937|2013-11-05|SO|II Cz 996/13|Postanowienie|https://www.saos.org.pl/judgments/25937
25455|2013-11-05|SO|VI Ga 115/13|Wyrok|https://www.saos.org.pl/judgments/25455
25075|2013-10-31|SO|VIII Cz 606/13|Postanowienie|https://www.saos.org.pl/judgments/25075
24356|2013-10-31|SO|IV Cz 643/13|Postanowienie|https://www.saos.org.pl/judgments/24356
41497|2013-10-30|SO|I ACa 1040/13|Wyrok|https://www.saos.org.pl/judgments/41497
35844|2013-10-30|SO|VI ACa 244/13|Wyrok|https://www.saos.org.pl/judgments/35844
26093|2013-10-30|SO|I ACa 489/13|Wyrok|https://www.saos.org.pl/judgments/26093
25339|2013-10-30|SO|I ACa 484/13|Wyrok|https://www.saos.org.pl/judgments/25339
26398|2013-10-29|SO|V Pa 84/13|Wyrok|https://www.saos.org.pl/judgments/26398
25136|2013-10-29|SO|I ACa 418/13|Wyrok|https://www.saos.org.pl/judgments/25136
27461|2013-10-28|SO|V GC 1709/12|Wyrok|https://www.saos.org.pl/judgments/27461
142549|2013-10-25|SO|I C 1117/11|Wyrok|https://www.saos.org.pl/judgments/142549
26888|2013-10-25|SO|I ACa 607/13|Wyrok|https://www.saos.org.pl/judgments/26888
40413|2013-10-24|SO|II Ca 924/13|Postanowienie|https://www.saos.org.pl/judgments/40413
34747|2013-10-24|SO|I ACa 1044/13|Wyrok|https://www.saos.org.pl/judgments/34747
29485|2013-10-24|SO|I ACa 555/13|Wyrok|https://www.saos.org.pl/judgments/29485
143635|2013-10-23|SO|I C 2179/11|Wyrok|https://www.saos.org.pl/judgments/143635
140937|2013-10-23|SO|I Ca 274/13|Wyrok|https://www.saos.org.pl/judgments/140937
53704|2013-10-23|SO|XXIII Ga 1151/13|Wyrok|https://www.saos.org.pl/judgments/53704
28412|2013-10-23|SO|I ACa 678/13|Wyrok|https://www.saos.org.pl/judgments/28412
38411|2013-10-22|SO|VI ACa 301/13|Wyrok|https://www.saos.org.pl/judgments/38411
33809|2013-10-22|SO|IV Ca 1189/12|Postanowienie|https://www.saos.org.pl/judgments/33809
305716|2013-10-18|SO|III C 1054/11|Wyrok|https://www.saos.org.pl/judgments/305716
41710|2013-10-18|SO|VI ACa 236/13|Wyrok|https://www.saos.org.pl/judgments/41710
28205|2013-10-18|SO|XII Ga 312/13|Wyrok|https://www.saos.org.pl/judgments/28205
26540|2013-10-18|SO|I ACa 644/13|Wyrok|https://www.saos.org.pl/judgments/26540
24448|2013-10-17|SO|I ACa 413/13|Wyrok|https://www.saos.org.pl/judgments/24448
143096|2013-10-16|SO|I Ca 374/13|Postanowienie|https://www.saos.org.pl/judgments/143096
141296|2013-10-16|SO|I C 963/13|Wyrok|https://www.saos.org.pl/judgments/141296
143561|2013-10-15|SO|I C 1008/12|Wyrok|https://www.saos.org.pl/judgments/143561
141380|2013-10-15|SO|I C 467/13|Wyrok|https://www.saos.org.pl/judgments/141380
140962|2013-10-14|SO|I C 174/13|Wyrok|https://www.saos.org.pl/judgments/140962
26869|2013-10-14|SO|I ACa 405/13|Wyrok|https://www.saos.org.pl/judgments/26869
25908|2013-10-14|SO|II Ca 489/13|Postanowienie|https://www.saos.org.pl/judgments/25908
50528|2013-10-11|SO|VI ACa 997/13|Wyrok|https://www.saos.org.pl/judgments/50528
226711|2013-10-10|SO|V Ca 1243/13|Wyrok|https://www.saos.org.pl/judgments/226711
222563|2013-10-10|SO|III C 1308/11|Wyrok|https://www.saos.org.pl/judgments/222563
26533|2013-10-10|SO|I ACa 614/13|Wyrok|https://www.saos.org.pl/judgments/26533
24695|2013-10-10|SO|IV Ca 1483/12|Postanowienie|https://www.saos.org.pl/judgments/24695
155687|2013-10-09|SO|II Ca 103/13|Wyrok|https://www.saos.org.pl/judgments/155687
147629|2013-10-09|SO|II C 2885/12|Wyrok|https://www.saos.org.pl/judgments/147629
141539|2013-10-08|SO|I C 404/13|Wyrok|https://www.saos.org.pl/judgments/141539
24694|2013-10-08|SO|I ACa 578/13|Wyrok|https://www.saos.org.pl/judgments/24694
24843|2013-10-04|SO|V Ca 1234/13|Wyrok|https://www.saos.org.pl/judgments/24843
148982|2013-10-03|SO|I C 966/12|Wyrok|https://www.saos.org.pl/judgments/148982
27119|2013-10-03|SO|I ACa 694/13|Wyrok|https://www.saos.org.pl/judgments/27119
44921|2013-10-02|SO|VI ACa 424/13|Wyrok|https://www.saos.org.pl/judgments/44921
21896|2013-10-02|SO|I ACa 375/13|Wyrok|https://www.saos.org.pl/judgments/21896
141124|2013-09-30|SO|I C 994/13|Wyrok|https://www.saos.org.pl/judgments/141124
140781|2013-09-30|SO|I Ca 205/13|Wyrok|https://www.saos.org.pl/judgments/140781
35183|2013-09-30|SO|II Ca 473/13|Wyrok|https://www.saos.org.pl/judgments/35183
30473|2013-09-30|SO|VI GC 117/13|Wyrok|https://www.saos.org.pl/judgments/30473
145326|2013-09-27|SO|II C 100/12|Wyrok|https://www.saos.org.pl/judgments/145326
22850|2013-09-27|SO|I ACa 420/13|Wyrok|https://www.saos.org.pl/judgments/22850
21863|2013-09-26|SO|IX Ca 445/13|Wyrok|https://www.saos.org.pl/judgments/21863
147732|2013-09-25|SO|II C 42/13|Wyrok|https://www.saos.org.pl/judgments/147732
140874|2013-09-25|SO|I Ca 340/13|Postanowienie|https://www.saos.org.pl/judgments/140874
30613|2013-09-25|SO|I ACa 686/13|Wyrok|https://www.saos.org.pl/judgments/30613
23406|2013-09-25|SO|I ACa 445/13|Wyrok|https://www.saos.org.pl/judgments/23406
26383|2013-09-24|SO|V Pa 303/11|Wyrok|https://www.saos.org.pl/judgments/26383
24530|2013-09-24|SO|XV C 492/12|Wyrok|https://www.saos.org.pl/judgments/24530
143311|2013-09-20|SO|I C 553/13|Wyrok|https://www.saos.org.pl/judgments/143311
45174|2013-09-20|SO|I ACa 907/13|Wyrok|https://www.saos.org.pl/judgments/45174
27167|2013-09-20|SO|II Ca 769/13|Wyrok|https://www.saos.org.pl/judgments/27167
24422|2013-09-20|SO|VIII Ga 250/13|Wyrok|https://www.saos.org.pl/judgments/24422
102873|2013-09-19|SN|I CSK 732/12|Wyrok|https://www.saos.org.pl/judgments/102873
25407|2013-09-19|SO|III Ca 508/13|Postanowienie|https://www.saos.org.pl/judgments/25407
22212|2013-09-19|SO|II Ca 573/13|Wyrok|https://www.saos.org.pl/judgments/22212
141190|2013-09-18|SO|I C 307/13|Wyrok|https://www.saos.org.pl/judgments/141190
141098|2013-09-18|SO|I Ca 203/13|Wyrok|https://www.saos.org.pl/judgments/141098
140943|2013-09-18|SO|I C 1749/12|Wyrok|https://www.saos.org.pl/judgments/140943
36066|2013-09-18|SO|I ACa 432/13|Wyrok|https://www.saos.org.pl/judgments/36066
32505|2013-09-18|SO|IX C 413/13|Wyrok|https://www.saos.org.pl/judgments/32505
27433|2013-09-17|SO|V Pa 126/12|Wyrok|https://www.saos.org.pl/judgments/27433
26395|2013-09-17|SO|V Pa 66/13|Wyrok|https://www.saos.org.pl/judgments/26395
26385|2013-09-17|SO|V Pa 325/11|Wyrok|https://www.saos.org.pl/judgments/26385
26380|2013-09-17|SO|V Pa 122/12|Wyrok|https://www.saos.org.pl/judgments/26380
25794|2013-09-17|SO|II Ca 716/13|Wyrok|https://www.saos.org.pl/judgments/25794
25595|2013-09-17|SO|V Pa 134/12|Wyrok|https://www.saos.org.pl/judgments/25595
24691|2013-09-16|SO|XV C 411/13|Wyrok|https://www.saos.org.pl/judgments/24691
27821|2013-09-13|SO|V ACa 444/13|Wyrok|https://www.saos.org.pl/judgments/27821
25814|2013-09-13|SO|I ACa 272/13|Wyrok|https://www.saos.org.pl/judgments/25814
21023|2013-09-13|SO|III C 1771/12|Wyrok|https://www.saos.org.pl/judgments/21023
20913|2013-09-13|SO|VII Ga 84/13|Wyrok|https://www.saos.org.pl/judgments/20913
144246|2013-09-12|SO|I C 218/13|Wyrok|https://www.saos.org.pl/judgments/144246
33356|2013-09-11|SO|IV Ca 454/13|Postanowienie|https://www.saos.org.pl/judgments/33356
30062|2013-09-11|SO|I ACa 684/13|Wyrok|https://www.saos.org.pl/judgments/30062
28388|2013-09-11|SO|I ACa 522/13|Wyrok|https://www.saos.org.pl/judgments/28388
21260|2013-09-09|SO|IV Ca 1266/12|Postanowienie|https://www.saos.org.pl/judgments/21260
29452|2013-09-06|SO|I ACa 323/13|Wyrok|https://www.saos.org.pl/judgments/29452
28120|2013-09-05|SO|I ACa 215/13|Wyrok|https://www.saos.org.pl/judgments/28120
25414|2013-09-05|SO|IV Ca 350/13|Postanowienie|https://www.saos.org.pl/judgments/25414
22579|2013-09-05|SO|I ACa 537/13|Wyrok|https://www.saos.org.pl/judgments/22579
25415|2013-09-04|SO|IV Ca 475/13|Postanowienie|https://www.saos.org.pl/judgments/25415
21154|2013-09-04|SO|III Ca 540/13|Postanowienie|https://www.saos.org.pl/judgments/21154
57977|2013-09-03|SO|I C 228/13|Wyrok|https://www.saos.org.pl/judgments/57977
20973|2013-08-30|SO|I ACa 449/13|Wyrok|https://www.saos.org.pl/judgments/20973
292976|2013-08-28|SO|II Ca 4/13|Wyrok|https://www.saos.org.pl/judgments/292976
202885|2013-08-22|SO|II Ca 7/13|Wyrok|https://www.saos.org.pl/judgments/202885
18999|2013-08-22|SO|VIII Ca 440/13|Wyrok|https://www.saos.org.pl/judgments/18999
19012|2013-08-20|SO|I ACa 343/13|Wyrok|https://www.saos.org.pl/judgments/19012
140127|2013-08-14|SO|I Ca 278/13|Wyrok|https://www.saos.org.pl/judgments/140127
19368|2013-08-14|SO|VIII Ga 158/13|Wyrok|https://www.saos.org.pl/judgments/19368
35794|2013-08-13|SO|V ACa 284/13|Wyrok|https://www.saos.org.pl/judgments/35794
139752|2013-08-12|SO|I C 748/10|Wyrok|https://www.saos.org.pl/judgments/139752
140129|2013-08-07|SO|I Ca 68/13|Uzasadnienie|https://www.saos.org.pl/judgments/140129
140118|2013-08-07|SO|I Ca 178/13|Wyrok|https://www.saos.org.pl/judgments/140118
23251|2013-08-07|SO|VI ACa 689/13|Wyrok|https://www.saos.org.pl/judgments/23251
29051|2013-07-31|SO|VI ACa 359/12|Wyrok|https://www.saos.org.pl/judgments/29051
23350|2013-07-31|SO|XII Ga 277/13|Wyrok|https://www.saos.org.pl/judgments/23350
17973|2013-07-31|SO|I ACa 445/13|Wyrok|https://www.saos.org.pl/judgments/17973
143636|2013-07-30|SO|I C 2271/12|Wyrok|https://www.saos.org.pl/judgments/143636
18761|2013-07-30|SO|IV Ca 344/13|Postanowienie|https://www.saos.org.pl/judgments/18761
18076|2013-07-30|SO|I ACa 227/13|Wyrok|https://www.saos.org.pl/judgments/18076
26243|2013-07-25|SO|V ACa 261/13|Wyrok|https://www.saos.org.pl/judgments/26243
26242|2013-07-25|SO|V ACa 251/13|Wyrok|https://www.saos.org.pl/judgments/26242
139775|2013-07-24|SO|I Ca 265/13|Postanowienie|https://www.saos.org.pl/judgments/139775
32232|2013-07-23|SO|I ACa 72/13|Wyrok|https://www.saos.org.pl/judgments/32232
182128|2013-07-22|SO|I C 2550/12|Wyrok|https://www.saos.org.pl/judgments/182128
292981|2013-07-19|SO|II Ca 67/13|Wyrok|https://www.saos.org.pl/judgments/292981
24519|2013-07-19|SO|VII Ga 154/13|Wyrok|https://www.saos.org.pl/judgments/24519
18407|2013-07-17|SO|I ACa 230/13|Wyrok|https://www.saos.org.pl/judgments/18407
141508|2013-07-15|SO|II C 552/09|Uzasadnienie|https://www.saos.org.pl/judgments/141508
17521|2013-07-12|SO|V ACa 25/13|Wyrok|https://www.saos.org.pl/judgments/17521
24874|2013-07-11|SO|II Ca 424/13|Postanowienie|https://www.saos.org.pl/judgments/24874
140385|2013-07-10|SO|I C 298/09|Wyrok|https://www.saos.org.pl/judgments/140385
18482|2013-07-10|SO|VIII C 213/13|Wyrok|https://www.saos.org.pl/judgments/18482
18911|2013-07-09|SO|II Ca 583/13|Postanowienie|https://www.saos.org.pl/judgments/18911
139937|2013-07-05|SO|I C 1307/10|Wyrok|https://www.saos.org.pl/judgments/139937
31195|2013-07-05|SO|I ACa 613/13|Wyrok|https://www.saos.org.pl/judgments/31195
18138|2013-07-05|SO|I ACa 395/12|Wyrok|https://www.saos.org.pl/judgments/18138
16123|2013-07-05|SO|IV Ca 314/13|Wyrok|https://www.saos.org.pl/judgments/16123
31150|2013-07-04|SO|VI GC 110/13|Wyrok|https://www.saos.org.pl/judgments/31150
17366|2013-07-04|SO|I ACa 219/13|Wyrok|https://www.saos.org.pl/judgments/17366
20191|2013-07-03|SO|I ACa 85/13|Wyrok|https://www.saos.org.pl/judgments/20191
16978|2013-07-02|SO|I ACa 246/13|Wyrok|https://www.saos.org.pl/judgments/16978
139696|2013-06-28|SO|I C 109/12|Wyrok|https://www.saos.org.pl/judgments/139696
25811|2013-06-28|SO|VI ACa 1596/12|Wyrok|https://www.saos.org.pl/judgments/25811
22502|2013-06-28|SO|VI ACa 1629/12|Wyrok|https://www.saos.org.pl/judgments/22502
225052|2013-06-27|SO|II C 552/09|Wyrok|https://www.saos.org.pl/judgments/225052
139302|2013-06-27|SO|I C 39/12|Wyrok|https://www.saos.org.pl/judgments/139302
16470|2013-06-27|SO|I ACa 173/13|Wyrok|https://www.saos.org.pl/judgments/16470
171933|2013-06-26|SO|II Ca 376/12|Wyrok|https://www.saos.org.pl/judgments/171933
32287|2013-06-26|SO|I ACa 625/13|Wyrok|https://www.saos.org.pl/judgments/32287
14951|2013-06-26|SO|VI Ga 50/13|Wyrok|https://www.saos.org.pl/judgments/14951
320526|2013-06-25|SO|XX GC 129/12|Wyrok|https://www.saos.org.pl/judgments/320526
28396|2013-06-25|SO|I ACa 382/13|Wyrok|https://www.saos.org.pl/judgments/28396
25820|2013-06-25|SO|VI ACa 1695/12|Wyrok|https://www.saos.org.pl/judgments/25820
15855|2013-06-25|SO|I ACa 348/13|Wyrok|https://www.saos.org.pl/judgments/15855
190480|2013-06-24|SO|I C 2570/12|Wyrok|https://www.saos.org.pl/judgments/190480
142947|2013-06-24|SO|I C 190/13|Wyrok|https://www.saos.org.pl/judgments/142947
28814|2013-06-24|SO|V Ca 527/13|Wyrok|https://www.saos.org.pl/judgments/28814
29718|2013-06-21|SO|VIII Ga 162/13|Wyrok|https://www.saos.org.pl/judgments/29718
276194|2013-06-20|SO|II Ca 458/13|Postanowienie|https://www.saos.org.pl/judgments/276194
32286|2013-06-20|SO|I ACa 540/13|Wyrok|https://www.saos.org.pl/judgments/32286
16670|2013-06-20|SO|V ACa 194/13|Wyrok|https://www.saos.org.pl/judgments/16670
140057|2013-06-19|SO|I C 1950/12|Wyrok|https://www.saos.org.pl/judgments/140057
139901|2013-06-19|SO|I C 543/13|Wyrok|https://www.saos.org.pl/judgments/139901
47079|2013-06-19|SO|I ACa 449/13|Wyrok|https://www.saos.org.pl/judgments/47079
16530|2013-06-19|SO|I ACa 166/13|Wyrok|https://www.saos.org.pl/judgments/16530
15857|2013-06-19|SO|I ACa 368/13|Wyrok|https://www.saos.org.pl/judgments/15857
15319|2013-06-19|SO|I ACa 241/13|Wyrok|https://www.saos.org.pl/judgments/15319
16379|2013-06-18|SO|I ACa 424/13|Wyrok|https://www.saos.org.pl/judgments/16379
53827|2013-06-17|SO|XVI GC 132/13|Uzasadnienie|https://www.saos.org.pl/judgments/53827
17121|2013-06-14|SO|I ACa 74/13|Wyrok|https://www.saos.org.pl/judgments/17121
102087|2013-06-13|SN|IV CSK 662/12|Wyrok|https://www.saos.org.pl/judgments/102087
14441|2013-06-13|SO|I ACa 71/13|Wyrok|https://www.saos.org.pl/judgments/14441
191722|2013-06-12|SO|VII P 961/09|Uzasadnienie|https://www.saos.org.pl/judgments/191722
140507|2013-06-12|SO|I C 723/13|Wyrok|https://www.saos.org.pl/judgments/140507
15197|2013-06-12|SO|VIII Ca 189/13|Wyrok|https://www.saos.org.pl/judgments/15197
15113|2013-06-12|SO|VIII Ca 223/13|Postanowienie|https://www.saos.org.pl/judgments/15113
17170|2013-06-11|SO|I ACa 301/13|Wyrok|https://www.saos.org.pl/judgments/17170
48408|2013-06-10|SO|XX GC 341/12|Uzasadnienie|https://www.saos.org.pl/judgments/48408
142037|2013-06-07|SO|I Ca 297/12|Wyrok|https://www.saos.org.pl/judgments/142037
140627|2013-06-06|SO|II Ca 1294/12|Wyrok|https://www.saos.org.pl/judgments/140627
50443|2013-06-06|SO|I ACa 475/13|Wyrok|https://www.saos.org.pl/judgments/50443
31014|2013-06-06|SO|I ACa 122/13|Wyrok|https://www.saos.org.pl/judgments/31014
142534|2013-06-05|SO|I Ca 184/13|Wyrok|https://www.saos.org.pl/judgments/142534
139219|2013-06-05|SO|I C 939/12|Wyrok|https://www.saos.org.pl/judgments/139219
40280|2013-06-05|SO|V ACa 7/13|Wyrok|https://www.saos.org.pl/judgments/40280
16988|2013-06-05|SO|II Ca 410/13|Wyrok|https://www.saos.org.pl/judgments/16988
16376|2013-06-05|SO|I ACa 390/13|Wyrok|https://www.saos.org.pl/judgments/16376
17094|2013-06-04|SO|V ACa 102/13|Wyrok|https://www.saos.org.pl/judgments/17094
15952|2013-06-04|SO|VI ACa 845/10|Wyrok|https://www.saos.org.pl/judgments/15952
139142|2013-06-03|SO|I C 632/11|Wyrok|https://www.saos.org.pl/judgments/139142
62883|2013-05-29|SO|I ACa 431/13|Wyrok|https://www.saos.org.pl/judgments/62883
14538|2013-05-29|SO|II Ca 570/12|Uzasadnienie|https://www.saos.org.pl/judgments/14538
61426|2013-05-28|SO|XXVI GC 50/12|Wyrok|https://www.saos.org.pl/judgments/61426
20953|2013-05-28|SO|II Ca 52/13|Wyrok|https://www.saos.org.pl/judgments/20953
16816|2013-05-28|SO|V Pa 314/11|Wyrok|https://www.saos.org.pl/judgments/16816
16815|2013-05-28|SO|V Pa 313/11|Wyrok|https://www.saos.org.pl/judgments/16815
16814|2013-05-28|SO|V Pa 312/11|Wyrok|https://www.saos.org.pl/judgments/16814
145449|2013-05-27|SO|II C 609/11|Wyrok|https://www.saos.org.pl/judgments/145449
140320|2013-05-24|SO|I C 3/13|Wyrok|https://www.saos.org.pl/judgments/140320
138975|2013-05-23|SO|I C 300/12|Wyrok|https://www.saos.org.pl/judgments/138975
19013|2013-05-23|SO|I ACa 362/13|Wyrok|https://www.saos.org.pl/judgments/19013
142234|2013-05-22|SO|II Ca 1284/12|Wyrok|https://www.saos.org.pl/judgments/142234
18951|2013-05-22|SO|VIII C 119/13|Wyrok|https://www.saos.org.pl/judgments/18951
139513|2013-05-21|SO|II Ca 132/13|Wyrok|https://www.saos.org.pl/judgments/139513
16885|2013-05-20|SO|I ACa 1473/12|Wyrok|https://www.saos.org.pl/judgments/16885
142003|2013-05-17|SO|I Ca 38/13|Postanowienie|https://www.saos.org.pl/judgments/142003
139229|2013-05-17|SO|I C 50/13|Wyrok|https://www.saos.org.pl/judgments/139229
18933|2013-05-17|SO|V ACa 209/13|Wyrok|https://www.saos.org.pl/judgments/18933
215436|2013-05-15|SO|IV Ca 1470/12|Postanowienie|https://www.saos.org.pl/judgments/215436
139143|2013-05-15|SO|I C 678/10|Wyrok|https://www.saos.org.pl/judgments/139143
138731|2013-05-15|SO|I Ca 92/13|Wyrok|https://www.saos.org.pl/judgments/138731
101746|2013-05-15|SN|III CSK 302/12|Wyrok|https://www.saos.org.pl/judgments/101746
143149|2013-05-09|SO|I C 1380/12|Wyrok|https://www.saos.org.pl/judgments/143149
139856|2013-05-09|SO|I C 757/09|Wyrok|https://www.saos.org.pl/judgments/139856
139185|2013-05-09|SO|I C 1220/12|Wyrok|https://www.saos.org.pl/judgments/139185
27893|2013-05-09|SO|II Ca 229/13|Wyrok|https://www.saos.org.pl/judgments/27893
23805|2013-05-09|SO|I ACa 99/13|Wyrok|https://www.saos.org.pl/judgments/23805
18950|2013-05-09|SO|VIII C 1071/12|Wyrok|https://www.saos.org.pl/judgments/18950
14197|2013-05-09|SO|X Ga 36/13|Wyrok|https://www.saos.org.pl/judgments/14197
138487|2013-05-08|SO|I Ca 444/12|Postanowienie|https://www.saos.org.pl/judgments/138487
43162|2013-05-08|SO|I ACa 329/13|Wyrok|https://www.saos.org.pl/judgments/43162
12795|2013-05-08|SO|II Ca 216/13|Wyrok|https://www.saos.org.pl/judgments/12795
12621|2013-05-08|SO|I ACa 101/13|Wyrok|https://www.saos.org.pl/judgments/12621
142796|2013-05-07|SO|I C 846/12|Uzasadnienie|https://www.saos.org.pl/judgments/142796
30601|2013-05-07|SO|I ACa 1461/12|Wyrok|https://www.saos.org.pl/judgments/30601
139650|2013-04-30|SO|I C 1929/12|Wyrok|https://www.saos.org.pl/judgments/139650
12653|2013-04-29|SO|I ACa 73/13|Wyrok|https://www.saos.org.pl/judgments/12653
22413|2013-04-26|SO|I ACa 51/13|Wyrok|https://www.saos.org.pl/judgments/22413
15608|2013-04-26|SO|VIII C 140/13|Wyrok|https://www.saos.org.pl/judgments/15608
138617|2013-04-25|SO|I C 1829/12|Wyrok|https://www.saos.org.pl/judgments/138617
22408|2013-04-25|SO|I ACa 192/13|Wyrok|https://www.saos.org.pl/judgments/22408
11682|2013-04-25|SO|I ACa 137/13|Wyrok|https://www.saos.org.pl/judgments/11682
138631|2013-04-24|SO|I C 1601/12|Wyrok|https://www.saos.org.pl/judgments/138631
23760|2013-04-24|SO|VIII C 1016/11|Wyrok|https://www.saos.org.pl/judgments/23760
12638|2013-04-24|SO|I ACa 237/13|Wyrok|https://www.saos.org.pl/judgments/12638
139370|2013-04-23|SO|I C 40/12|Wyrok|https://www.saos.org.pl/judgments/139370
22021|2013-04-23|SO|I ACa 12/13|Wyrok|https://www.saos.org.pl/judgments/22021
138224|2013-04-18|SO|I C 91/12|Wyrok|https://www.saos.org.pl/judgments/138224
10431|2013-04-18|SO|II Ca 161/13|Wyrok|https://www.saos.org.pl/judgments/10431
10306|2013-04-18|SO|II Ca 88/13|Wyrok|https://www.saos.org.pl/judgments/10306
138403|2013-04-17|SO|I C 128/13|Wyrok|https://www.saos.org.pl/judgments/138403
13738|2013-04-17|SO|XII Ga 47/13|Wyrok|https://www.saos.org.pl/judgments/13738
13465|2013-04-17|SO|I ACa 1279/12|Wyrok|https://www.saos.org.pl/judgments/13465
11004|2013-04-17|SO|V GC 412/12|Wyrok|https://www.saos.org.pl/judgments/11004
10884|2013-04-17|SO|VIII Ca 77/13|Postanowienie|https://www.saos.org.pl/judgments/10884
18073|2013-04-16|SO|I ACa 1230/12|Wyrok|https://www.saos.org.pl/judgments/18073
10485|2013-04-16|SO|I ACa 7/13|Wyrok|https://www.saos.org.pl/judgments/10485
143996|2013-04-12|SO|I Ca 96/13|Postanowienie|https://www.saos.org.pl/judgments/143996
19938|2013-04-12|SO|VI ACa 1345/12|Wyrok|https://www.saos.org.pl/judgments/19938
12588|2013-04-12|SO|X P 331/11|Wyrok|https://www.saos.org.pl/judgments/12588
383775|2013-04-11|SO|II C 47/12|Wyrok|https://www.saos.org.pl/judgments/383775
190454|2013-04-11|SO|I C 1351/12|Wyrok|https://www.saos.org.pl/judgments/190454
10817|2013-04-11|SO|I ACa 152/13|Wyrok|https://www.saos.org.pl/judgments/10817
22586|2013-04-10|SO|II Ca 158/13|Wyrok|https://www.saos.org.pl/judgments/22586
18072|2013-04-10|SO|I ACa 1173/12|Wyrok|https://www.saos.org.pl/judgments/18072
14870|2013-04-10|SO|VI ACa 1333/12|Wyrok|https://www.saos.org.pl/judgments/14870
140626|2013-04-09|SO|II Ca 129/13|Wyrok|https://www.saos.org.pl/judgments/140626
20688|2013-04-09|SO|I ACa 24/13|Wyrok|https://www.saos.org.pl/judgments/20688
57128|2013-04-08|SO|XX GC 371/10|Uzasadnienie|https://www.saos.org.pl/judgments/57128
140024|2013-04-05|SO|II Ca 1124/12|Wyrok|https://www.saos.org.pl/judgments/140024
22272|2013-04-05|SO|VIII C 992/12|Wyrok|https://www.saos.org.pl/judgments/22272
17493|2013-04-05|SO|XI C 635/12|Wyrok|https://www.saos.org.pl/judgments/17493
11708|2013-04-05|SO|I ACa 79/13|Wyrok|https://www.saos.org.pl/judgments/11708
10293|2013-04-04|SO|II Ca 166/13|Wyrok|https://www.saos.org.pl/judgments/10293
9642|2013-04-04|SO|I ACa 39/13|Wyrok|https://www.saos.org.pl/judgments/9642
138499|2013-04-03|SO|I C 78/13|Wyrok|https://www.saos.org.pl/judgments/138499
138269|2013-04-02|SO|I C 967/12|Wyrok|https://www.saos.org.pl/judgments/138269
141209|2013-03-28|SO|I C 1681/12|Wyrok|https://www.saos.org.pl/judgments/141209
9518|2013-03-27|SO|V ACa 843/12|Wyrok|https://www.saos.org.pl/judgments/9518
137831|2013-03-26|SO|II Ca 115/13|Uzasadnienie|https://www.saos.org.pl/judgments/137831
17033|2013-03-26|SO|I ACa 864/12|Wyrok|https://www.saos.org.pl/judgments/17033
11469|2013-03-26|SO|I ACa 1150/12|Wyrok|https://www.saos.org.pl/judgments/11469
9950|2013-03-26|SO|I ACa 987/12|Wyrok|https://www.saos.org.pl/judgments/9950
23771|2013-03-25|SO|VIII C 259/11|Wyrok|https://www.saos.org.pl/judgments/23771
9109|2013-03-25|SO|I ACz 318/13|Postanowienie|https://www.saos.org.pl/judgments/9109
61418|2013-03-22|SO|XX GC 485/12|Uzasadnienie|https://www.saos.org.pl/judgments/61418
17125|2013-03-21|SO|II Ca 169/12|Postanowienie|https://www.saos.org.pl/judgments/17125
138207|2013-03-18|SO|I C 295/12|Wyrok|https://www.saos.org.pl/judgments/138207
137814|2013-03-15|SO|I C 5/13|Wyrok|https://www.saos.org.pl/judgments/137814
20193|2013-03-15|SO|VI ACa 1214/12|Wyrok|https://www.saos.org.pl/judgments/20193
11692|2013-03-15|SO|I ACa 23/13|Wyrok|https://www.saos.org.pl/judgments/11692
9094|2013-03-15|SO|IX C 86/13|Wyrok|https://www.saos.org.pl/judgments/9094
38744|2013-03-13|SO|I ACa 1164/12|Wyrok|https://www.saos.org.pl/judgments/38744
16920|2013-03-13|SO|I ACa 836/12|Wyrok|https://www.saos.org.pl/judgments/16920
10222|2013-03-13|SO|I ACa 1046/11|Wyrok|https://www.saos.org.pl/judgments/10222
138442|2013-03-12|SO|I C 1265/12|Wyrok|https://www.saos.org.pl/judgments/138442
138188|2013-03-12|SO|I C 778/12|Wyrok|https://www.saos.org.pl/judgments/138188
39832|2013-03-08|SO|I ACa 105/13|Wyrok|https://www.saos.org.pl/judgments/39832
13327|2013-03-08|SO|I ACa 894/12|Wyrok|https://www.saos.org.pl/judgments/13327
10475|2013-03-08|SO|I ACa 31/13|Wyrok|https://www.saos.org.pl/judgments/10475
9367|2013-03-08|SO|I ACa 1014/12|Wyrok|https://www.saos.org.pl/judgments/9367
137968|2013-03-07|SO|I C 101/10|Wyrok|https://www.saos.org.pl/judgments/137968
137349|2013-03-07|SO|I C 1321/10|Wyrok|https://www.saos.org.pl/judgments/137349
10854|2013-03-06|SO|I ACa 85/13|Wyrok|https://www.saos.org.pl/judgments/10854
9250|2013-03-06|SO|IX C 688/12|Wyrok|https://www.saos.org.pl/judgments/9250
144839|2013-03-05|SO|I C 1031/10|Wyrok|https://www.saos.org.pl/judgments/144839
169794|2013-02-28|SO|I C 481/12|Wyrok|https://www.saos.org.pl/judgments/169794
31535|2013-02-28|SO|I ACa 62/13|Wyrok|https://www.saos.org.pl/judgments/31535
20803|2013-02-28|SO|VI ACa 1227/12|Wyrok|https://www.saos.org.pl/judgments/20803
18796|2013-02-27|SO|V ACa 50/13|Wyrok|https://www.saos.org.pl/judgments/18796
9644|2013-02-27|SO|I ACa 45/13|Wyrok|https://www.saos.org.pl/judgments/9644
8058|2013-02-27|SO|I ACa 962/12|Wyrok|https://www.saos.org.pl/judgments/8058
9944|2013-02-26|SO|I ACa 1366/12|Wyrok|https://www.saos.org.pl/judgments/9944
8218|2013-02-26|SO|I ACa 1307/12|Wyrok|https://www.saos.org.pl/judgments/8218
7518|2013-02-26|SO|V ACa 748/12|Wyrok|https://www.saos.org.pl/judgments/7518
6963|2013-02-26|SO|I ACa 1308/12|Wyrok|https://www.saos.org.pl/judgments/6963
7867|2013-02-25|SO|III AUa 1025/12|Wyrok|https://www.saos.org.pl/judgments/7867
39835|2013-02-22|SO|I ACa 1412/12|Wyrok|https://www.saos.org.pl/judgments/39835
8010|2013-02-22|SO|VIII Ga 450/12|Wyrok|https://www.saos.org.pl/judgments/8010
6855|2013-02-21|SO|I ACa 943/12|Wyrok|https://www.saos.org.pl/judgments/6855
6452|2013-02-21|SO|V GC 410/12|Wyrok|https://www.saos.org.pl/judgments/6452
6451|2013-02-21|SO|V GC 400/12|Wyrok|https://www.saos.org.pl/judgments/6451
6450|2013-02-21|SO|V GC 387/12|Wyrok|https://www.saos.org.pl/judgments/6450
28510|2013-02-20|SO|II Ca 1624/12|Postanowienie|https://www.saos.org.pl/judgments/28510
7735|2013-02-20|SO|I ACa 1209/12|Wyrok|https://www.saos.org.pl/judgments/7735
6843|2013-02-20|SO|I ACa 788/12|Wyrok|https://www.saos.org.pl/judgments/6843
39836|2013-02-19|SO|I ACa 1420/12|Wyrok|https://www.saos.org.pl/judgments/39836
9177|2013-02-19|SO|VIII C 956/12|Wyrok|https://www.saos.org.pl/judgments/9177
10032|2013-02-18|SO|I ACa 1134/12|Wyrok|https://www.saos.org.pl/judgments/10032
33819|2013-02-15|SO|V Ca 3078/12|Postanowienie|https://www.saos.org.pl/judgments/33819
538857|2013-02-14|SO|I ACa 1167/12|Wyrok|https://www.saos.org.pl/judgments/538857
11359|2013-02-14|SO|I ACa 727/12|Wyrok|https://www.saos.org.pl/judgments/11359
6795|2013-02-14|SO|I ACa 1007/12|Wyrok|https://www.saos.org.pl/judgments/6795
137627|2013-02-13|SO|I Ca 18/13|Wyrok|https://www.saos.org.pl/judgments/137627
19230|2013-02-13|SO|I ACa 1409/12|Wyrok|https://www.saos.org.pl/judgments/19230
137517|2013-02-11|SO|I Ns 390/12|Postanowienie|https://www.saos.org.pl/judgments/137517
7113|2013-02-11|SO|I ACa 720/12|Wyrok|https://www.saos.org.pl/judgments/7113
32342|2013-02-08|SO|I ACa 1415/12|Wyrok|https://www.saos.org.pl/judgments/32342
137473|2013-02-07|SO|I C 492/12|Wyrok|https://www.saos.org.pl/judgments/137473
10662|2013-02-07|SO|I ACa 501/12|Wyrok|https://www.saos.org.pl/judgments/10662
5992|2013-02-07|SO|I ACa 1199/12|Wyrok|https://www.saos.org.pl/judgments/5992
11787|2013-02-06|SO|VI ACa 1216/12|Wyrok|https://www.saos.org.pl/judgments/11787
8942|2013-02-05|SO|I ACa 681/12|Wyrok|https://www.saos.org.pl/judgments/8942
6256|2013-02-05|SO|VIII C 1291/12|Wyrok|https://www.saos.org.pl/judgments/6256
137016|2013-02-01|SO|I C 488/12|Wyrok|https://www.saos.org.pl/judgments/137016
5905|2013-02-01|SO|V ACa 663/12|Wyrok|https://www.saos.org.pl/judgments/5905
100493|2013-01-31|SN|II CSK 262/12|Postanowienie|https://www.saos.org.pl/judgments/100493
23568|2013-01-31|SO|VIII C 937/12|Wyrok|https://www.saos.org.pl/judgments/23568
19227|2013-01-31|SO|I ACa 1395/12|Wyrok|https://www.saos.org.pl/judgments/19227
7684|2013-01-31|SO|VIII Ga 384/12|Wyrok|https://www.saos.org.pl/judgments/7684
5643|2013-01-31|SO|I ACa 663/12|Wyrok|https://www.saos.org.pl/judgments/5643
8543|2013-01-30|SO|III AUa 740/12|Wyrok|https://www.saos.org.pl/judgments/8543
37647|2013-01-29|SO|VII C 714/12|Wyrok|https://www.saos.org.pl/judgments/37647
5037|2013-01-29|SO|II Ca 904/12|Wyrok|https://www.saos.org.pl/judgments/5037
137218|2013-01-25|SO|I C 1350/12|Wyrok|https://www.saos.org.pl/judgments/137218
21109|2013-01-25|SO|V Ca 2876/12|Postanowienie|https://www.saos.org.pl/judgments/21109
137392|2013-01-24|SO|I C 1376/11|Wyrok|https://www.saos.org.pl/judgments/137392
100439|2013-01-24|SN|II CSK 271/12|Wyrok|https://www.saos.org.pl/judgments/100439
22267|2013-01-24|SO|VIII C 783/12|Wyrok|https://www.saos.org.pl/judgments/22267
42055|2013-01-23|SO|V Ca 1889/12|Wyrok|https://www.saos.org.pl/judgments/42055
8427|2013-01-23|SO|I ACa 641/12|Wyrok|https://www.saos.org.pl/judgments/8427
138042|2013-01-22|SO|I C 856/12|Wyrok|https://www.saos.org.pl/judgments/138042
13179|2013-01-22|SO|III APa 10/12|Wyrok|https://www.saos.org.pl/judgments/13179
6259|2013-01-22|SO|VIII C 982/12|Wyrok|https://www.saos.org.pl/judgments/6259
138632|2013-01-21|SO|I C 1953/12|Wyrok|https://www.saos.org.pl/judgments/138632
320152|2013-01-18|SO|XX GC 390/11|Wyrok|https://www.saos.org.pl/judgments/320152
7697|2013-01-17|SO|II Ca 661/12|Postanowienie|https://www.saos.org.pl/judgments/7697
6524|2013-01-16|SO|I ACa 714/12|Wyrok|https://www.saos.org.pl/judgments/6524
4385|2013-01-16|SO|I ACa 1095/12|Wyrok|https://www.saos.org.pl/judgments/4385
36594|2013-01-15|SO|XXIII Gz 1256/12|Postanowienie|https://www.saos.org.pl/judgments/36594
137384|2013-01-11|SO|II Ca 1012/12|Wyrok|https://www.saos.org.pl/judgments/137384
137602|2013-01-10|SO|II Ca 1150/12|Wyrok|https://www.saos.org.pl/judgments/137602
136782|2013-01-10|SO|II Ca 1084/12|Wyrok|https://www.saos.org.pl/judgments/136782
20287|2013-01-10|SO|VI ACa 917/12|Wyrok|https://www.saos.org.pl/judgments/20287
11046|2013-01-08|SO|V ACa 913/12|Wyrok|https://www.saos.org.pl/judgments/11046
6932|2013-01-08|SO|I ACa 960/12|Wyrok|https://www.saos.org.pl/judgments/6932
4657|2013-01-08|SO|I ACa 476/12|Wyrok|https://www.saos.org.pl/judgments/4657
7103|2012-12-31|SO|I ACa 620/12|Wyrok|https://www.saos.org.pl/judgments/7103
6836|2012-12-28|SO|I ACa 715/12|Wyrok|https://www.saos.org.pl/judgments/6836
5998|2012-12-28|SO|I ACa 893/12|Uzasadnienie|https://www.saos.org.pl/judgments/5998
9274|2012-12-21|SO|VI ACa 996/12|Wyrok|https://www.saos.org.pl/judgments/9274
474456|2012-12-20|SO|I ACa 992/12|Wyrok|https://www.saos.org.pl/judgments/474456
17134|2012-12-20|SO|II Ca 876/12|Wyrok|https://www.saos.org.pl/judgments/17134
11344|2012-12-20|SO|VI ACa 836/12|Wyrok|https://www.saos.org.pl/judgments/11344
6833|2012-12-20|SO|I ACa 679/12|Wyrok|https://www.saos.org.pl/judgments/6833
9345|2012-12-19|SO|VI ACa 867/12|Wyrok|https://www.saos.org.pl/judgments/9345
6471|2012-12-19|SO|I ACa 578/12|Wyrok|https://www.saos.org.pl/judgments/6471
7666|2012-12-14|SO|I ACa 1205/12|Wyrok|https://www.saos.org.pl/judgments/7666
5714|2012-12-14|SO|I ACa 1010/12|Wyrok|https://www.saos.org.pl/judgments/5714
3662|2012-12-14|SO|I ACa 822/12|Wyrok|https://www.saos.org.pl/judgments/3662
100139|2012-12-13|SN|V CSK 18/12|Postanowienie|https://www.saos.org.pl/judgments/100139
100113|2012-12-13|SN|IV CSK 199/12|Wyrok|https://www.saos.org.pl/judgments/100113
4186|2012-12-13|SO|I ACa 541/12|Wyrok|https://www.saos.org.pl/judgments/4186
5957|2012-12-12|SO|II Ca 543/12|Postanowienie|https://www.saos.org.pl/judgments/5957
5218|2012-12-12|SO|I ACa 508/12|Wyrok|https://www.saos.org.pl/judgments/5218
11343|2012-12-11|SO|VI ACa 479/12|Wyrok|https://www.saos.org.pl/judgments/11343
5311|2012-12-11|SO|I ACa 683/12|Wyrok|https://www.saos.org.pl/judgments/5311
4755|2012-12-11|SO|I ACa 932/11|Wyrok|https://www.saos.org.pl/judgments/4755
7850|2012-12-07|SO|I ACa 54/12|Wyrok|https://www.saos.org.pl/judgments/7850
5257|2012-12-06|SO|V ACa 603/12|Wyrok|https://www.saos.org.pl/judgments/5257
4962|2012-12-06|SO|I ACa 649/12|Wyrok|https://www.saos.org.pl/judgments/4962
4661|2012-12-06|SO|I ACa 711/12|Wyrok|https://www.saos.org.pl/judgments/4661
136411|2012-12-05|SO|I C 1250/12|Wyrok|https://www.saos.org.pl/judgments/136411
22698|2012-12-05|SO|VI ACa 705/12|Wyrok|https://www.saos.org.pl/judgments/22698
7768|2012-12-04|SO|I ACa 1186/12|Wyrok|https://www.saos.org.pl/judgments/7768
3803|2012-12-04|SO|I ACa 608/12|Wyrok|https://www.saos.org.pl/judgments/3803
7562|2012-12-03|SO|VI ACa 980/12|Wyrok|https://www.saos.org.pl/judgments/7562
10017|2012-11-30|SO|I ACz 2173/12|Postanowienie|https://www.saos.org.pl/judgments/10017
9781|2012-11-30|SO|II Ca 711/12|Wyrok|https://www.saos.org.pl/judgments/9781
145328|2012-11-28|SO|II C 160/11|Wyrok|https://www.saos.org.pl/judgments/145328
6813|2012-11-28|SO|I ACa 1102/12|Wyrok|https://www.saos.org.pl/judgments/6813
4399|2012-11-28|SO|I ACa 923/12|Wyrok|https://www.saos.org.pl/judgments/4399
137110|2012-11-27|SO|I C 900/12|Wyrok|https://www.saos.org.pl/judgments/137110
7695|2012-11-26|SO|V GC 399/12|Wyrok|https://www.saos.org.pl/judgments/7695
7377|2012-11-23|SO|VI ACa 876/12|Wyrok|https://www.saos.org.pl/judgments/7377
9349|2012-11-22|SO|I ACa 512/12|Wyrok|https://www.saos.org.pl/judgments/9349
6648|2012-11-22|SO|III APa 25/12|Wyrok|https://www.saos.org.pl/judgments/6648
3366|2012-11-22|SO|V ACa 499/12|Wyrok|https://www.saos.org.pl/judgments/3366
11700|2012-11-21|SO|I ACa 577/12|Wyrok|https://www.saos.org.pl/judgments/11700
6212|2012-11-21|SO|I ACa 618/12|Wyrok|https://www.saos.org.pl/judgments/6212
4705|2012-11-21|SO|I ACa 1163/12|Wyrok|https://www.saos.org.pl/judgments/4705
3201|2012-11-21|SO|III APa 29/12|Wyrok|https://www.saos.org.pl/judgments/3201
99652|2012-11-15|SN|V CSK 515/11|Wyrok|https://www.saos.org.pl/judgments/99652
3568|2012-11-14|SO|I ACa 565/12|Wyrok|https://www.saos.org.pl/judgments/3568
15696|2012-11-13|SO|V Ca 2122/12|Wyrok|https://www.saos.org.pl/judgments/15696
276336|2012-11-09|SO|III C 68/11|Wyrok|https://www.saos.org.pl/judgments/276336
6378|2012-11-09|SO|I ACa 993/12|Wyrok|https://www.saos.org.pl/judgments/6378
4622|2012-11-08|SO|VI ACa 808/12|Wyrok|https://www.saos.org.pl/judgments/4622
3566|2012-11-08|SO|I ACa 532/12|Wyrok|https://www.saos.org.pl/judgments/3566
137015|2012-11-07|SO|I C 475/11|Wyrok|https://www.saos.org.pl/judgments/137015
12866|2012-11-07|SO|I ACa 508/12|Wyrok|https://www.saos.org.pl/judgments/12866
7403|2012-11-05|SO|II Ca 598/12|Wyrok|https://www.saos.org.pl/judgments/7403
2493|2012-10-31|SO|I ACa 739/12|Wyrok|https://www.saos.org.pl/judgments/2493
7407|2012-10-30|SO|II Ca 636/12|Wyrok|https://www.saos.org.pl/judgments/7407
4370|2012-10-30|SO|VI ACa 588/12|Wyrok|https://www.saos.org.pl/judgments/4370
10660|2012-10-26|SO|I ACa 484/12|Wyrok|https://www.saos.org.pl/judgments/10660
2526|2012-10-26|SO|I ACa 894/12|Wyrok|https://www.saos.org.pl/judgments/2526
60670|2012-10-25|SO|II C 382/11|Wyrok|https://www.saos.org.pl/judgments/60670
9785|2012-10-25|SO|I ACa 396/12|Wyrok|https://www.saos.org.pl/judgments/9785
99453|2012-10-24|SN|III CSK 310/11|Postanowienie|https://www.saos.org.pl/judgments/99453
5820|2012-10-18|SO|I ACa 316/12|Wyrok|https://www.saos.org.pl/judgments/5820
12859|2012-10-17|SO|I ACa 459/12|Wyrok|https://www.saos.org.pl/judgments/12859
751|2012-10-17|SO|I ACa 738/12|Wyrok|https://www.saos.org.pl/judgments/751
5602|2012-10-16|SO|V ACa 725/12|Wyrok|https://www.saos.org.pl/judgments/5602
2437|2012-10-16|SO|I ACa 793/12|Wyrok|https://www.saos.org.pl/judgments/2437
2907|2012-10-12|SO|I ACa 636/12|Wyrok|https://www.saos.org.pl/judgments/2907
5825|2012-10-11|SO|I ACa 349/12|Wyrok|https://www.saos.org.pl/judgments/5825
1144|2012-10-11|SO|I ACa 415/12|Wyrok|https://www.saos.org.pl/judgments/1144
2475|2012-10-10|SO|V ACa 426/12|Wyrok|https://www.saos.org.pl/judgments/2475
87|2012-10-09|SO|I ACa 889/12|Wyrok|https://www.saos.org.pl/judgments/87
86|2012-10-05|SO|I ACa 888/12|Wyrok|https://www.saos.org.pl/judgments/86
99190|2012-10-04|SN|I CSK 90/12|Wyrok|https://www.saos.org.pl/judgments/99190
5813|2012-10-03|SO|I ACa 243/12|Wyrok|https://www.saos.org.pl/judgments/5813
7072|2012-10-02|SO|I ACa 539/12|Wyrok|https://www.saos.org.pl/judgments/7072
145529|2012-10-01|SO|II C 795/11|Wyrok|https://www.saos.org.pl/judgments/145529
23301|2012-09-27|SO|III APa 6/12|Wyrok|https://www.saos.org.pl/judgments/23301
1008|2012-09-27|SO|I ACa 481/12|Wyrok|https://www.saos.org.pl/judgments/1008
144416|2012-09-20|SO|I C 630/10|Wyrok|https://www.saos.org.pl/judgments/144416
7069|2012-09-19|SO|I ACa 43/12|Wyrok|https://www.saos.org.pl/judgments/7069
23212|2012-09-14|SO|V Ca 2077/12|Wyrok|https://www.saos.org.pl/judgments/23212
971|2012-09-13|SO|I ACa 124/12|Wyrok|https://www.saos.org.pl/judgments/971
1234|2012-09-07|SO|VI ACa 723/12|Wyrok|https://www.saos.org.pl/judgments/1234
5471|2012-09-06|SO|I ACa 1125/11|Wyrok|https://www.saos.org.pl/judgments/5471
728|2012-09-06|SO|I ACa 622/12|Wyrok|https://www.saos.org.pl/judgments/728
1112|2012-09-05|SO|III AUz 62/12|Postanowienie|https://www.saos.org.pl/judgments/1112
43241|2012-09-04|SO|V Ca 1502/12|Wyrok|https://www.saos.org.pl/judgments/43241
1146|2012-08-31|SO|I ACa 51/12|Wyrok|https://www.saos.org.pl/judgments/1146
5721|2012-08-30|SO|I ACa 107/12|Wyrok|https://www.saos.org.pl/judgments/5721
2983|2012-08-29|SO|I ACa 571/12|Wyrok|https://www.saos.org.pl/judgments/2983
992|2012-08-14|SO|I ACa 438/12|Wyrok|https://www.saos.org.pl/judgments/992
98820|2012-08-09|SN|V CSK 372/11|Wyrok|https://www.saos.org.pl/judgments/98820
425807|2012-08-08|SO|I C 738/10|Wyrok|https://www.saos.org.pl/judgments/425807
5792|2012-07-23|SO|I ACa 1272/11|Wyrok|https://www.saos.org.pl/judgments/5792
110961|2012-07-17|TK|P 30/11|Wyrok|https://www.saos.org.pl/judgments/110961
3999|2012-07-11|SO|I ACa 671/12|Wyrok|https://www.saos.org.pl/judgments/3999
145335|2012-06-27|SO|II C 460/11|Wyrok|https://www.saos.org.pl/judgments/145335
9102|2012-06-19|SO|I ACa 256/12|Wyrok|https://www.saos.org.pl/judgments/9102
61062|2012-06-13|SO|II C 813/11|Wyrok|https://www.saos.org.pl/judgments/61062
13214|2012-05-31|SO|V Ca 952/12|Wyrok|https://www.saos.org.pl/judgments/13214
18218|2012-05-29|SO|XVI GC 755/11|Uzasadnienie|https://www.saos.org.pl/judgments/18218
4261|2012-05-10|SO|X GC 125/11|Wyrok|https://www.saos.org.pl/judgments/4261
61061|2012-05-09|SO|II C 644/11|Wyrok|https://www.saos.org.pl/judgments/61061
14434|2012-04-19|SO|VI ACa 578/11|Wyrok|https://www.saos.org.pl/judgments/14434
38690|2012-04-17|SO|V Ca 544/12|Wyrok|https://www.saos.org.pl/judgments/38690
1935|2012-04-03|SO|I ACa 250/12|Wyrok|https://www.saos.org.pl/judgments/1935
5525|2012-03-23|SO|I ACa 206/12|Wyrok|https://www.saos.org.pl/judgments/5525
1928|2012-03-23|SO|I ACa 219/12|Wyrok|https://www.saos.org.pl/judgments/1928
2016|2012-03-08|SO|I ACa 1270/11|Wyrok|https://www.saos.org.pl/judgments/2016
97375|2012-03-02|SN|II CSK 282/11|Wyrok|https://www.saos.org.pl/judgments/97375
97299|2012-02-22|SN|IV CSK 286/11|Postanowienie|https://www.saos.org.pl/judgments/97299
311298|2012-02-02|SO|V Ca 2804/11|Postanowienie|https://www.saos.org.pl/judgments/311298
1995|2012-01-19|SO|III APa 46/11|Wyrok|https://www.saos.org.pl/judgments/1995
145338|2011-12-13|SO|II C 688/10|Wyrok|https://www.saos.org.pl/judgments/145338
47864|2011-12-02|SO|V Ca 2490/11|Wyrok|https://www.saos.org.pl/judgments/47864
22177|2011-11-25|SO|V Ca 293/11|Postanowienie|https://www.saos.org.pl/judgments/22177
460314|2011-11-21|SO|I C 1214/09|Wyrok|https://www.saos.org.pl/judgments/460314
96106|2011-10-26|SN|I CSK 762/10|Wyrok|https://www.saos.org.pl/judgments/96106
35620|2011-08-05|SO|VI ACa 235/11|Wyrok|https://www.saos.org.pl/judgments/35620
95521|2011-07-26|SN|I PK 23/11|Wyrok|https://www.saos.org.pl/judgments/95521
95369|2011-07-07|SN|II CSK 684/10|Postanowienie|https://www.saos.org.pl/judgments/95369
95378|2011-07-06|SN|II PK 17/11|Wyrok|https://www.saos.org.pl/judgments/95378
2105|2011-05-23|SO|I ACa 226/11|Wyrok|https://www.saos.org.pl/judgments/2105
95040|2011-05-20|SN|IV CSK 91/11|Wyrok|https://www.saos.org.pl/judgments/95040
1150|2011-05-17|SO|I ACa 845/10|Wyrok|https://www.saos.org.pl/judgments/1150
1149|2011-05-17|SO|I ACa 786/10|Wyrok|https://www.saos.org.pl/judgments/1149
94865|2011-05-06|SN|II CSK 409/10|Wyrok|https://www.saos.org.pl/judgments/94865
94764|2011-04-13|SN|V CSK 312/10|Wyrok|https://www.saos.org.pl/judgments/94764
299|2011-04-12|SO|I ACa 118/11|Wyrok|https://www.saos.org.pl/judgments/299
94635|2011-04-08|SN|II CSK 434/10|Wyrok|https://www.saos.org.pl/judgments/94635
94379|2011-03-11|SN|II CSK 321/10|Wyrok|https://www.saos.org.pl/judgments/94379
94426|2011-03-10|SN|V CSK 283/10|Wyrok|https://www.saos.org.pl/judgments/94426
34028|2011-02-18|SO|I ACa 1041/10|Wyrok|https://www.saos.org.pl/judgments/34028
93567|2010-12-01|SN|I CSK 181/10|Wyrok|https://www.saos.org.pl/judgments/93567
93177|2010-10-22|SN|III CSK 331/09|Postanowienie|https://www.saos.org.pl/judgments/93177
251659|2010-10-13|SO|XX GC 163/10|Wyrok|https://www.saos.org.pl/judgments/251659
488938|2010-09-30|SO|II AKa 162/10|Wyrok|https://www.saos.org.pl/judgments/488938
76274|2010-03-25|SN|I CSK 457/09|Wyrok|https://www.saos.org.pl/judgments/76274
91759|2010-02-03|SN|II CSK 459/09|Wyrok|https://www.saos.org.pl/judgments/91759
91487|2009-12-11|SN|V CSK 215/09|Wyrok|https://www.saos.org.pl/judgments/91487
91313|2009-11-25|SN|II CSK 259/09|Wyrok|https://www.saos.org.pl/judgments/91313
91251|2009-11-17|SN|III CSK 71/09|Postanowienie|https://www.saos.org.pl/judgments/91251
91026|2009-10-15|SN|I CSK 59/09|Wyrok|https://www.saos.org.pl/judgments/91026
90835|2009-09-10|SN|V CSK 78/09|Postanowienie|https://www.saos.org.pl/judgments/90835
90583|2009-07-16|SN|I CSK 499/08|Wyrok|https://www.saos.org.pl/judgments/90583
90551|2009-07-10|SN|II CSK 92/09|Wyrok|https://www.saos.org.pl/judgments/90551
90238|2009-05-13|SN|IV CSK 20/09|Postanowienie|https://www.saos.org.pl/judgments/90238
90064|2009-04-17|SN|III CSK 298/08|Wyrok|https://www.saos.org.pl/judgments/90064
89757|2009-02-26|SN|IV CSK 435/08|Postanowienie|https://www.saos.org.pl/judgments/89757
89599|2009-02-05|SN|I CZ 4/09|Postanowienie|https://www.saos.org.pl/judgments/89599
89596|2009-02-05|SN|I CSK 333/08|Wyrok|https://www.saos.org.pl/judgments/89596
89365|2008-12-16|SN|I UK 154/08|Wyrok|https://www.saos.org.pl/judgments/89365
89227|2008-11-21|SN|V CSK 164/08|Wyrok|https://www.saos.org.pl/judgments/89227
88846|2008-10-10|SN|II CSK 216/08|Wyrok|https://www.saos.org.pl/judgments/88846
88648|2008-09-05|SN|I CSK 54/08|Postanowienie|https://www.saos.org.pl/judgments/88648
88024|2008-05-09|SN|III CSK 366/07|Wyrok|https://www.saos.org.pl/judgments/88024
12473|2008-04-16|SO|I ACa 190/08|Wyrok|https://www.saos.org.pl/judgments/12473
87630|2008-03-19|SN|II CSK 21/08|Postanowienie|https://www.saos.org.pl/judgments/87630
87503|2008-03-07|SN|III CSK 312/07|Wyrok|https://www.saos.org.pl/judgments/87503
87527|2008-03-04|SN|IV CSK 457/07|Wyrok|https://www.saos.org.pl/judgments/87527
87474|2008-02-29|SN|V CSK 398/07|Wyrok|https://www.saos.org.pl/judgments/87474
87151|2008-01-23|SN|V CSK 377/07|Wyrok|https://www.saos.org.pl/judgments/87151
87086|2008-01-18|SN|V CSK 383/07|Postanowienie|https://www.saos.org.pl/judgments/87086
164928|2007-11-23|SN|IV CSK 236/07|Wyrok|https://www.saos.org.pl/judgments/164928
86857|2007-11-21|SN|II CSK 319/07|Wyrok|https://www.saos.org.pl/judgments/86857
86800|2007-11-08|SN|III CSK 198/07|Postanowienie|https://www.saos.org.pl/judgments/86800
85910|2007-05-25|SN|I CSK 84/07|Wyrok|https://www.saos.org.pl/judgments/85910
85415|2007-03-14|SN|I CSK 368/06|Wyrok|https://www.saos.org.pl/judgments/85415
164470|2006-08-10|SN|V CSK 238/06|Wyrok|https://www.saos.org.pl/judgments/164470
84416|2006-06-28|SN|III CZP 35/06|Uchwała|https://www.saos.org.pl/judgments/84416
164309|2006-05-26|SN|V CSK 105/06|Wyrok|https://www.saos.org.pl/judgments/164309
164007|2006-02-02|SN|II CK 401/05|Wyrok|https://www.saos.org.pl/judgments/164007
163553|2005-09-21|SN|V CK 152/05|Wyrok|https://www.saos.org.pl/judgments/163553
163498|2005-08-09|SN|IV CK 157/05|Wyrok|https://www.saos.org.pl/judgments/163498
163409|2005-07-07|SN|IV CK 58/05|Wyrok|https://www.saos.org.pl/judgments/163409
83318|2005-04-05|SN|I UK 233/04|Wyrok|https://www.saos.org.pl/judgments/83318
189438|2005-03-24|SO|XVII AmA 12/04|Wyrok|https://www.saos.org.pl/judgments/189438
163047|2005-03-04|SN|III CK 397/04|Wyrok|https://www.saos.org.pl/judgments/163047
162926|2005-01-28|SN|V CK 380/04|Wyrok|https://www.saos.org.pl/judgments/162926
83095|2005-01-06|SN|III CZP 67/04|Uchwała|https://www.saos.org.pl/judgments/83095
81564|2002-09-19|SN|II CKN 1312/00|Wyrok|https://www.saos.org.pl/judgments/81564
81490|2002-07-05|SN|III CZP 39/02|Uchwała|https://www.saos.org.pl/judgments/81490
81270|2002-03-04|SN|V CKN 829/00|Wyrok|https://www.saos.org.pl/judgments/81270
137295|2000-01-20|SO|II AKa 3/00|Wyrok|https://www.saos.org.pl/judgments/137295
76966|1995-10-17|SN|II URN 17/95|Wyrok|https://www.saos.org.pl/judgments/76966
