saos_id|date|court|case_number|type|saos_url
544585|2026-03-25|SO|I C 71/25|Wyrok|https://www.saos.org.pl/judgments/544585
542327|2026-02-27|SO|I C 733/24|Wyrok|https://www.saos.org.pl/judgments/542327
542390|2026-02-26|SO|IV GC 975/25|Uzasadnienie|https://www.saos.org.pl/judgments/542390
543639|2026-02-25|SO|I C 120/25|Wyrok|https://www.saos.org.pl/judgments/543639
543758|2026-02-10|SO|I C 642/23|Uzasadnienie|https://www.saos.org.pl/judgments/543758
544645|2026-02-06|SO|VI C 1350/25|Zarządzenie|https://www.saos.org.pl/judgments/544645
543450|2026-02-04|SO|I C 536/24|Wyrok|https://www.saos.org.pl/judgments/543450
542245|2025-12-19|SO|I C 1095/23|Wyrok|https://www.saos.org.pl/judgments/542245
542316|2025-12-18|SO|I C 566/19|Wyrok|https://www.saos.org.pl/judgments/542316
544418|2025-12-15|SO|VI C 912/25|Uzasadnienie|https://www.saos.org.pl/judgments/544418
538741|2025-12-10|SO|I C 609/25|Uzasadnienie|https://www.saos.org.pl/judgments/538741
540267|2025-12-05|SO|IV P 1002/22|Uzasadnienie|https://www.saos.org.pl/judgments/540267
542430|2025-11-24|SO|I C 1304/24|Wyrok|https://www.saos.org.pl/judgments/542430
540046|2025-11-19|SO|V AGa 530/24|Wyrok|https://www.saos.org.pl/judgments/540046
538744|2025-10-27|SO|I C 893/25|Wyrok|https://www.saos.org.pl/judgments/538744
535798|2025-09-24|SO|I C 706/25|Wyrok|https://www.saos.org.pl/judgments/535798
542793|2025-09-22|SO|I AGa 136/23|Wyrok|https://www.saos.org.pl/judgments/542793
536544|2025-09-17|SO|I C 630/25|Wyrok|https://www.saos.org.pl/judgments/536544
541311|2025-09-10|SO|I C 806/25|Wyrok|https://www.saos.org.pl/judgments/541311
539549|2025-09-10|SO|I C 499/25|Uzasadnienie|https://www.saos.org.pl/judgments/539549
536888|2025-08-29|SO|I C 412/25|Wyrok|https://www.saos.org.pl/judgments/536888
535637|2025-08-12|SO|I C 526/25|Wyrok|https://www.saos.org.pl/judgments/535637
536325|2025-07-30|SO|XIV C 385/22|Wyrok|https://www.saos.org.pl/judgments/536325
532507|2025-07-29|SO|I C 770/24|Wyrok|https://www.saos.org.pl/judgments/532507
532500|2025-07-24|SO|I C 695/24|Wyrok|https://www.saos.org.pl/judgments/532500
532504|2025-07-22|SO|I C 749/24|Wyrok|https://www.saos.org.pl/judgments/532504
532502|2025-07-15|SO|I C 717/24|Wyrok|https://www.saos.org.pl/judgments/532502
533040|2025-07-14|SO|II K 470/25|Wyrok|https://www.saos.org.pl/judgments/533040
534141|2025-07-08|SO|I Ca 208/25|Uzasadnienie|https://www.saos.org.pl/judgments/534141
537055|2025-07-01|SO|I ACa 1700/22|Wyrok|https://www.saos.org.pl/judgments/537055
531814|2025-06-17|SO|I C 660/25|Wyrok|https://www.saos.org.pl/judgments/531814
530535|2025-05-29|SO|II Ca 614/25|Wyrok|https://www.saos.org.pl/judgments/530535
535178|2025-05-22|SO|VI Ka 164/25|Wyrok|https://www.saos.org.pl/judgments/535178
532513|2025-05-20|SO|I C 965/23|Wyrok|https://www.saos.org.pl/judgments/532513
534616|2025-05-06|SO|I C 965/22|Wyrok|https://www.saos.org.pl/judgments/534616
527301|2025-04-29|SO|I C 145/25|Wyrok|https://www.saos.org.pl/judgments/527301
530827|2025-04-16|SO|I Ca 98/24|Uzasadnienie|https://www.saos.org.pl/judgments/530827
530047|2025-04-16|SO|I C 1566/23|Wyrok|https://www.saos.org.pl/judgments/530047
532470|2025-04-15|SO|I C 1691/23|Wyrok|https://www.saos.org.pl/judgments/532470
539516|2025-04-08|SO|I ACa 1478/22|Wyrok|https://www.saos.org.pl/judgments/539516
538680|2025-04-08|SO|I AGa 141/23|Wyrok|https://www.saos.org.pl/judgments/538680
529114|2025-04-03|SO|I C 1211/24|Wyrok|https://www.saos.org.pl/judgments/529114
533541|2025-04-01|SO|I C 3217/20|Wyrok|https://www.saos.org.pl/judgments/533541
523496|2025-03-20|SO|I C 1166/24|Zarządzenie|https://www.saos.org.pl/judgments/523496
532289|2025-03-19|SO|I C 1639/23|Wyrok|https://www.saos.org.pl/judgments/532289
526120|2025-03-18|SO|I C 1651/24|Wyrok|https://www.saos.org.pl/judgments/526120
528430|2025-03-14|SO|I Ca 124/24|Uzasadnienie|https://www.saos.org.pl/judgments/528430
538038|2025-03-06|SO|I ACa 356/22|Wyrok|https://www.saos.org.pl/judgments/538038
528427|2025-03-05|SO|I C 1872/24|Wyrok|https://www.saos.org.pl/judgments/528427
528423|2025-02-28|SO|XXIV C 580/24|Wyrok|https://www.saos.org.pl/judgments/528423
525177|2025-02-25|SO|II Ca 1907/24|Wyrok|https://www.saos.org.pl/judgments/525177
525086|2025-02-20|SO|I C 1361/23|Wyrok|https://www.saos.org.pl/judgments/525086
524050|2025-02-19|SO|I C 1521/24|Wyrok|https://www.saos.org.pl/judgments/524050
539285|2025-02-13|SO|I C 1818/20|Wyrok|https://www.saos.org.pl/judgments/539285
525560|2025-02-13|SO|I ACa 2054/23|Wyrok|https://www.saos.org.pl/judgments/525560
525027|2025-02-13|SO|I C 806/24|Wyrok|https://www.saos.org.pl/judgments/525027
522379|2025-02-12|SO|I C 1111/24|Uzasadnienie|https://www.saos.org.pl/judgments/522379
525093|2025-02-11|SO|I C 1426/23|Wyrok|https://www.saos.org.pl/judgments/525093
525559|2025-02-05|SO|I ACa 1967/23|Wyrok|https://www.saos.org.pl/judgments/525559
525126|2025-02-04|SO|I C 385/22|Wyrok|https://www.saos.org.pl/judgments/525126
523388|2025-02-03|SO|V GC 1246/24|Zarządzenie|https://www.saos.org.pl/judgments/523388
535468|2025-01-22|SO|I ACa 1301/22|Wyrok|https://www.saos.org.pl/judgments/535468
521325|2025-01-02|SO|I C 192/24|Uzasadnienie|https://www.saos.org.pl/judgments/521325
525169|2024-12-30|SO|I C 959/23|Wyrok|https://www.saos.org.pl/judgments/525169
522694|2024-12-30|SO|I C 253/21|Wyrok|https://www.saos.org.pl/judgments/522694
522592|2024-12-30|SO|I C 1738/24|Wyrok|https://www.saos.org.pl/judgments/522592
534850|2024-12-20|SO|I C 519/24|Wyrok|https://www.saos.org.pl/judgments/534850
531428|2024-12-19|SO|I C 1201/24|Wyrok|https://www.saos.org.pl/judgments/531428
535143|2024-12-13|SO|I ACa 2018/23|Wyrok|https://www.saos.org.pl/judgments/535143
520195|2024-12-06|SO|II C 677/24|Wyrok|https://www.saos.org.pl/judgments/520195
518265|2024-12-05|SO|II Ca 1590/24|Wyrok|https://www.saos.org.pl/judgments/518265
519517|2024-12-04|SO|V GC 846/24|Zarządzenie|https://www.saos.org.pl/judgments/519517
533641|2024-12-03|SO|I ACa 1107/22|Wyrok|https://www.saos.org.pl/judgments/533641
533183|2024-11-29|SO|V ACa 587/22|Wyrok|https://www.saos.org.pl/judgments/533183
519176|2024-11-29|SO|II Ca 801/24|Wyrok|https://www.saos.org.pl/judgments/519176
533094|2024-11-25|SO|I C 1493/24|Wyrok|https://www.saos.org.pl/judgments/533094
532345|2024-11-21|SO|I C 380/21|Wyrok|https://www.saos.org.pl/judgments/532345
525138|2024-11-21|SO|I C 505/23|Wyrok|https://www.saos.org.pl/judgments/525138
533421|2024-11-15|SO|I ACa 1118/23|Wyrok|https://www.saos.org.pl/judgments/533421
523630|2024-11-08|SO|III C 1812/19|Wyrok|https://www.saos.org.pl/judgments/523630
523707|2024-11-05|SO|I C 579/24|Wyrok|https://www.saos.org.pl/judgments/523707
516560|2024-11-04|SO|I C 832/24|Uzasadnienie|https://www.saos.org.pl/judgments/516560
521152|2024-10-31|SO|I C 372/22|Wyrok|https://www.saos.org.pl/judgments/521152
526301|2024-10-28|SO|I Ca 172/24|Uzasadnienie|https://www.saos.org.pl/judgments/526301
524062|2024-10-24|SO|I C 784/24|Wyrok|https://www.saos.org.pl/judgments/524062
525117|2024-10-22|SO|I C 318/23|Wyrok|https://www.saos.org.pl/judgments/525117
525115|2024-10-22|SO|I C 305/23|Wyrok|https://www.saos.org.pl/judgments/525115
522794|2024-10-22|SO|I C 1823/20|Wyrok|https://www.saos.org.pl/judgments/522794
516926|2024-10-22|SO|I C 736/24|Wyrok|https://www.saos.org.pl/judgments/516926
522629|2024-10-09|SO|I C 473/24|Wyrok|https://www.saos.org.pl/judgments/522629
534109|2024-10-07|SO|I ACa 151/22|Wyrok|https://www.saos.org.pl/judgments/534109
499352|2024-10-07|SO|I C 786/21|Wyrok|https://www.saos.org.pl/judgments/499352
521986|2024-09-25|SO|I C 1106/24|Wyrok|https://www.saos.org.pl/judgments/521986
516635|2024-09-23|SO|V GC 990/24|Zarządzenie|https://www.saos.org.pl/judgments/516635
509222|2024-09-18|SO|IX Ca 610/24|Wyrok|https://www.saos.org.pl/judgments/509222
522688|2024-09-12|SO|I C 1653/21|Wyrok|https://www.saos.org.pl/judgments/522688
520251|2024-09-11|SO|I C 1008/24|Wyrok|https://www.saos.org.pl/judgments/520251
540621|2024-08-28|SO|XX GC 806/23|Wyrok|https://www.saos.org.pl/judgments/540621
516048|2024-08-27|SO|III C 453/24|Wyrok|https://www.saos.org.pl/judgments/516048
502202|2024-08-27|SO|II Ca 759/24|Wyrok|https://www.saos.org.pl/judgments/502202
520253|2024-08-20|SO|I C 1140/24|Wyrok|https://www.saos.org.pl/judgments/520253
516629|2024-08-09|SO|V GC 520/23|Wyrok|https://www.saos.org.pl/judgments/516629
497054|2024-08-06|SO|I C 247/24|Wyrok|https://www.saos.org.pl/judgments/497054
493311|2024-07-31|SO|I ACa 1062/21|Uzasadnienie|https://www.saos.org.pl/judgments/493311
521116|2024-07-30|SO|I C 117/22|Wyrok|https://www.saos.org.pl/judgments/521116
498319|2024-07-24|SO|I C 48/24|Wyrok|https://www.saos.org.pl/judgments/498319
521667|2024-07-23|SO|I C 769/22|Wyrok|https://www.saos.org.pl/judgments/521667
516621|2024-07-09|SO|IV Ka 439/24|Wyrok|https://www.saos.org.pl/judgments/516621
495749|2024-07-09|SO|I C 1300/18|Wyrok|https://www.saos.org.pl/judgments/495749
516184|2024-07-05|SO|V AGa 553/21|Wyrok|https://www.saos.org.pl/judgments/516184
522954|2024-07-04|SO|III C 775/17|Wyrok|https://www.saos.org.pl/judgments/522954
522494|2024-07-01|SO|I C 373/22|Wyrok|https://www.saos.org.pl/judgments/522494
510796|2024-07-01|SO|VI C 748/24|Uzasadnienie|https://www.saos.org.pl/judgments/510796
507556|2024-07-01|SO|IV C 1449/19|Wyrok|https://www.saos.org.pl/judgments/507556
520896|2024-06-28|SO|I C 105/24|Zarządzenie|https://www.saos.org.pl/judgments/520896
520277|2024-06-28|SO|I C 698/24|Wyrok|https://www.saos.org.pl/judgments/520277
525134|2024-06-14|SO|I C 443/22|Wyrok|https://www.saos.org.pl/judgments/525134
521520|2024-06-14|SO|I C 398/22|Wyrok|https://www.saos.org.pl/judgments/521520
521517|2024-06-14|SO|I C 362/22|Wyrok|https://www.saos.org.pl/judgments/521517
516908|2024-06-13|SO|XVI GC 949/20|Wyrok|https://www.saos.org.pl/judgments/516908
521526|2024-06-06|SO|I C 555/22|Wyrok|https://www.saos.org.pl/judgments/521526
495893|2024-06-05|SO|I C 14/21|Wyrok|https://www.saos.org.pl/judgments/495893
541821|2024-06-04|SO|I ACa 604/23|Wyrok|https://www.saos.org.pl/judgments/541821
525558|2024-06-04|SO|I ACa 1012/22|Wyrok|https://www.saos.org.pl/judgments/525558
519649|2024-05-24|SO|I ACa 358/23|Wyrok|https://www.saos.org.pl/judgments/519649
517601|2024-05-16|SO|I C 287/22|Wyrok|https://www.saos.org.pl/judgments/517601
518180|2024-05-15|SO|I ACa 1521/23|Wyrok|https://www.saos.org.pl/judgments/518180
523596|2024-05-14|SO|I C 55/24|Wyrok|https://www.saos.org.pl/judgments/523596
498674|2024-05-08|SO|I C 565/24|Wyrok|https://www.saos.org.pl/judgments/498674
524048|2024-04-30|SO|I C 138/24|Wyrok|https://www.saos.org.pl/judgments/524048
521635|2024-04-30|SO|I C 286/22|Wyrok|https://www.saos.org.pl/judgments/521635
495284|2024-04-30|SO|I C 1055/21|Wyrok|https://www.saos.org.pl/judgments/495284
528201|2024-04-29|SO|II C 315/21|Wyrok|https://www.saos.org.pl/judgments/528201
498737|2024-04-29|SO|I C 583/24|Wyrok|https://www.saos.org.pl/judgments/498737
493744|2024-04-29|SO|I ACa 1657/22|Wyrok|https://www.saos.org.pl/judgments/493744
533371|2024-04-23|SO|I ACa 689/23|Wyrok|https://www.saos.org.pl/judgments/533371
521634|2024-04-18|SO|I C 253/22|Wyrok|https://www.saos.org.pl/judgments/521634
497147|2024-04-18|SO|I C 258/23|Wyrok|https://www.saos.org.pl/judgments/497147
495820|2024-04-16|SO|I C 134/23|Zarządzenie|https://www.saos.org.pl/judgments/495820
532098|2024-04-12|SO|III Ca 2165/22|Uzasadnienie|https://www.saos.org.pl/judgments/532098
525287|2024-04-11|SO|I ACa 190/22|Wyrok|https://www.saos.org.pl/judgments/525287
524547|2024-04-10|SO|I C 1736/23|Wyrok|https://www.saos.org.pl/judgments/524547
515475|2024-03-28|SO|XXIV C 2704/20|Wyrok|https://www.saos.org.pl/judgments/515475
514678|2024-03-28|SO|XIII Ga 178/23|Zarządzenie|https://www.saos.org.pl/judgments/514678
496871|2024-03-27|SO|I C 226/24|Wyrok|https://www.saos.org.pl/judgments/496871
494991|2024-03-26|SO|I AGa 266/22|Wyrok|https://www.saos.org.pl/judgments/494991
497559|2024-03-21|SO|I C 317/24|Wyrok|https://www.saos.org.pl/judgments/497559
544823|2024-03-20|SO|I ACa 2951/23|Wyrok|https://www.saos.org.pl/judgments/544823
544822|2024-03-20|SO|I ACa 2837/23|Wyrok|https://www.saos.org.pl/judgments/544822
515361|2024-03-20|SO|XX GC 460/23|Wyrok|https://www.saos.org.pl/judgments/515361
533898|2024-03-15|SO|III Ca 2570/22|Uzasadnienie|https://www.saos.org.pl/judgments/533898
531471|2024-03-14|SO|I ACa 1360/23|Wyrok|https://www.saos.org.pl/judgments/531471
543631|2024-03-12|SO|I ACa 2010/22|Wyrok|https://www.saos.org.pl/judgments/543631
493467|2024-03-11|SO|I ACa 1235/22|Wyrok|https://www.saos.org.pl/judgments/493467
531877|2024-03-07|SO|III Ca 254/22|Uzasadnienie|https://www.saos.org.pl/judgments/531877
519656|2024-03-06|SO|I AGa 230/22|Wyrok|https://www.saos.org.pl/judgments/519656
496333|2024-03-06|SO|I C 1711/23|Wyrok|https://www.saos.org.pl/judgments/496333
497716|2024-02-29|SO|I C 3413/20|Wyrok|https://www.saos.org.pl/judgments/497716
531512|2024-02-27|SO|I ACa 881/23|Wyrok|https://www.saos.org.pl/judgments/531512
531059|2024-02-26|SO|III Ca 507/22|Uzasadnienie|https://www.saos.org.pl/judgments/531059
493400|2024-02-22|SO|I ACa 115/24|Wyrok|https://www.saos.org.pl/judgments/493400
520116|2024-02-12|SO|V ACa 400/23|Wyrok|https://www.saos.org.pl/judgments/520116
498861|2024-02-12|SO|I C 615/18|Wyrok|https://www.saos.org.pl/judgments/498861
493916|2024-02-12|SO|I ACa 2221/22|Wyrok|https://www.saos.org.pl/judgments/493916
498397|2024-02-06|SO|I C 5/20|Wyrok|https://www.saos.org.pl/judgments/498397
500330|2024-02-05|SO|I1 C 1509/23|Wyrok|https://www.saos.org.pl/judgments/500330
544166|2024-01-31|SO|V ACa 332/22|Wyrok|https://www.saos.org.pl/judgments/544166
496052|2024-01-31|SO|I C 1526/23|Wyrok|https://www.saos.org.pl/judgments/496052
494766|2024-01-31|SO|I ACa 942/22|Wyrok|https://www.saos.org.pl/judgments/494766
495870|2024-01-25|SO|I C 1372/23|Wyrok|https://www.saos.org.pl/judgments/495870
493914|2024-01-25|SO|I ACa 2218/22|Wyrok|https://www.saos.org.pl/judgments/493914
529203|2024-01-24|SO|V ACa 1037/23|Wyrok|https://www.saos.org.pl/judgments/529203
508462|2024-01-24|SO|IV Ka 692/23|Uzasadnienie|https://www.saos.org.pl/judgments/508462
518082|2024-01-19|SO|I C 1451/21|Wyrok|https://www.saos.org.pl/judgments/518082
514656|2024-01-18|SO|XIII Ga 113/23|Uzasadnienie|https://www.saos.org.pl/judgments/514656
505344|2024-01-18|SO|III C 362/23|Wyrok|https://www.saos.org.pl/judgments/505344
502230|2024-01-17|SO|II Ca 813/23|Wyrok|https://www.saos.org.pl/judgments/502230
519035|2024-01-16|SO|I ACa 2769/22|Wyrok|https://www.saos.org.pl/judgments/519035
517185|2024-01-10|SO|I ACa 463/22|Wyrok|https://www.saos.org.pl/judgments/517185
519105|2023-12-29|SO|II C 68/21|Wyrok|https://www.saos.org.pl/judgments/519105
496479|2023-12-28|SO|I C 186/22|Wyrok|https://www.saos.org.pl/judgments/496479
498122|2023-12-22|SO|I C 428/20|Wyrok|https://www.saos.org.pl/judgments/498122
501663|2023-12-20|SO|II Ca 1374/23|Uzasadnienie|https://www.saos.org.pl/judgments/501663
519032|2023-12-19|SO|I ACa 2017/22|Wyrok|https://www.saos.org.pl/judgments/519032
495268|2023-12-19|SO|I C 1043/18|Wyrok|https://www.saos.org.pl/judgments/495268
521980|2023-12-18|SO|XX GC 1174/21|Wyrok|https://www.saos.org.pl/judgments/521980
496520|2023-12-18|SO|I C 1905/21|Wyrok|https://www.saos.org.pl/judgments/496520
501827|2023-12-15|SO|II Ca 2206/22|Wyrok|https://www.saos.org.pl/judgments/501827
528200|2023-12-14|SO|II C 1576/19|Wyrok|https://www.saos.org.pl/judgments/528200
495745|2023-12-05|SO|I C 130/21|Wyrok|https://www.saos.org.pl/judgments/495745
539161|2023-11-28|SO|I ACa 1794/22|Wyrok|https://www.saos.org.pl/judgments/539161
496023|2023-11-28|SO|I C 1507/23|Wyrok|https://www.saos.org.pl/judgments/496023
499854|2023-11-27|SO|I Ca 171/23|Wyrok|https://www.saos.org.pl/judgments/499854
494171|2023-11-27|SO|I ACa 421/22|Wyrok|https://www.saos.org.pl/judgments/494171
501679|2023-11-23|SO|II Ca 1443/23|Wyrok|https://www.saos.org.pl/judgments/501679
518812|2023-11-14|SO|III Ca 1010/22|Uzasadnienie|https://www.saos.org.pl/judgments/518812
525037|2023-11-13|SO|III C 655/18|Wyrok|https://www.saos.org.pl/judgments/525037
495716|2023-11-13|SO|I C 1283/23|Wyrok|https://www.saos.org.pl/judgments/495716
494249|2023-11-07|SO|I ACa 502/22|Wyrok|https://www.saos.org.pl/judgments/494249
499948|2023-11-03|SO|I Ca 61/23|Wyrok|https://www.saos.org.pl/judgments/499948
493504|2023-10-31|SO|I ACa 1276/22|Wyrok|https://www.saos.org.pl/judgments/493504
494913|2023-10-26|SO|I AGa 164/22|Wyrok|https://www.saos.org.pl/judgments/494913
493812|2023-10-24|SO|I ACa 1830/22|Wyrok|https://www.saos.org.pl/judgments/493812
510116|2023-10-23|SO|V GC 1333/22|Wyrok|https://www.saos.org.pl/judgments/510116
505301|2023-10-20|SO|III C 1973/20|Wyrok|https://www.saos.org.pl/judgments/505301
536179|2023-10-19|SO|I1 C 566/23|Wyrok|https://www.saos.org.pl/judgments/536179
497966|2023-10-19|SO|I C 392/21|Wyrok|https://www.saos.org.pl/judgments/497966
495814|2023-10-19|SO|I C 1337/23|Wyrok|https://www.saos.org.pl/judgments/495814
495600|2023-10-19|SO|I C 1225/23|Wyrok|https://www.saos.org.pl/judgments/495600
506365|2023-10-12|SO|III Ca 2542/22|Uzasadnienie|https://www.saos.org.pl/judgments/506365
540911|2023-10-11|SO|I ACa 1198/22|Wyrok|https://www.saos.org.pl/judgments/540911
496144|2023-10-10|SO|I C 1580/19|Wyrok|https://www.saos.org.pl/judgments/496144
515580|2023-10-05|SO|XXV C 414/23|Wyrok|https://www.saos.org.pl/judgments/515580
493813|2023-10-04|SO|I ACa 1831/22|Wyrok|https://www.saos.org.pl/judgments/493813
515633|2023-09-28|SO|XXVI GC 1130/21|Wyrok|https://www.saos.org.pl/judgments/515633
497038|2023-09-28|SO|I C 244/23|Wyrok|https://www.saos.org.pl/judgments/497038
499225|2023-09-26|SO|I C 74/23|Wyrok|https://www.saos.org.pl/judgments/499225
495561|2023-09-22|SO|I C 1205/23|Wyrok|https://www.saos.org.pl/judgments/495561
495073|2023-09-20|SO|I AGa 382/21|Wyrok|https://www.saos.org.pl/judgments/495073
496293|2023-09-14|SO|I C 169/23|Wyrok|https://www.saos.org.pl/judgments/496293
499542|2023-09-05|SO|I C 869/23|Wyrok|https://www.saos.org.pl/judgments/499542
496294|2023-09-05|SO|I C 169/23|Wyrok|https://www.saos.org.pl/judgments/496294
495173|2023-08-31|SO|I C 100/22|Wyrok|https://www.saos.org.pl/judgments/495173
496269|2023-08-29|SO|I C 167/23|Wyrok|https://www.saos.org.pl/judgments/496269
496558|2023-08-22|SO|I C 194/23|Wyrok|https://www.saos.org.pl/judgments/496558
512787|2023-08-21|SO|VIII GC 412/23|Wyrok|https://www.saos.org.pl/judgments/512787
493668|2023-08-08|SO|I ACa 1503/22|Wyrok|https://www.saos.org.pl/judgments/493668
506515|2023-07-31|SO|III Ca 325/22|Uzasadnienie|https://www.saos.org.pl/judgments/506515
535071|2023-07-25|SO|V AGa 49/22|Wyrok|https://www.saos.org.pl/judgments/535071
495413|2023-07-05|SO|I C 1117/21|Wyrok|https://www.saos.org.pl/judgments/495413
493019|2023-06-20|SO|I ACa 614/22|Wyrok|https://www.saos.org.pl/judgments/493019
494564|2023-06-15|SO|I ACa 769/22|Wyrok|https://www.saos.org.pl/judgments/494564
493020|2023-06-15|SO|I ACa 675/22|Wyrok|https://www.saos.org.pl/judgments/493020
523894|2023-06-14|SO|I ACa 843/22|Wyrok|https://www.saos.org.pl/judgments/523894
494066|2023-06-14|SO|I ACa 327/22|Wyrok|https://www.saos.org.pl/judgments/494066
543789|2023-06-02|SO|III C 1471/20|Wyrok|https://www.saos.org.pl/judgments/543789
494255|2023-06-01|SO|I ACa 505/22|Wyrok|https://www.saos.org.pl/judgments/494255
499916|2023-05-31|SO|I Ca 396/22|Wyrok|https://www.saos.org.pl/judgments/499916
493594|2023-05-23|SO|I ACa 1404/22|Wyrok|https://www.saos.org.pl/judgments/493594
512446|2023-05-17|SO|VIII C 246/23|Wyrok|https://www.saos.org.pl/judgments/512446
496234|2023-05-12|SO|I C 1641/22|Wyrok|https://www.saos.org.pl/judgments/496234
510112|2023-05-11|SO|V GC 1288/21|Zarządzenie|https://www.saos.org.pl/judgments/510112
490950|2023-05-10|SO|V ACa 693/22|Wyrok|https://www.saos.org.pl/judgments/490950
492117|2023-05-08|SO|II Ca 251/23|Wyrok|https://www.saos.org.pl/judgments/492117
499929|2023-04-28|SO|I Ca 421/22|Wyrok|https://www.saos.org.pl/judgments/499929
497942|2023-04-28|SO|I C 386/23|Wyrok|https://www.saos.org.pl/judgments/497942
496232|2023-04-27|SO|I C 1639/22|Wyrok|https://www.saos.org.pl/judgments/496232
515363|2023-04-26|SO|XX GC 526/21|Wyrok|https://www.saos.org.pl/judgments/515363
494387|2023-04-26|SO|I ACa 62/22|Wyrok|https://www.saos.org.pl/judgments/494387
491834|2023-04-26|SO|II AKa 164/22|Wyrok|https://www.saos.org.pl/judgments/491834
507583|2023-04-25|SO|IV Ca 2104/22|Wyrok|https://www.saos.org.pl/judgments/507583
490694|2023-04-21|SO|I AGa 201/21|Wyrok|https://www.saos.org.pl/judgments/490694
516797|2023-04-11|SO|I ACa 103/22|Wyrok|https://www.saos.org.pl/judgments/516797
489948|2023-04-06|SO|I C 23/23|Wyrok|https://www.saos.org.pl/judgments/489948
496766|2023-03-31|SO|I C 2146/20|Wyrok|https://www.saos.org.pl/judgments/496766
489980|2023-03-29|SO|XXIV C 1343/17|Wyrok|https://www.saos.org.pl/judgments/489980
516416|2023-03-28|SO|I ACa 363/22|Wyrok|https://www.saos.org.pl/judgments/516416
491604|2023-03-28|SO|XXVII Ca 3577/22|Wyrok|https://www.saos.org.pl/judgments/491604
491040|2023-03-23|SO|I C 399/22|Wyrok|https://www.saos.org.pl/judgments/491040
490707|2023-03-21|SO|I C 510/20|Wyrok|https://www.saos.org.pl/judgments/490707
485255|2023-03-14|SO|II Ca 1831/22|Wyrok|https://www.saos.org.pl/judgments/485255
522032|2023-03-08|SO|I ACa 405/22|Wyrok|https://www.saos.org.pl/judgments/522032
491136|2023-03-02|SO|XXIV C 97/21|Wyrok|https://www.saos.org.pl/judgments/491136
494404|2023-02-28|SO|I ACa 627/22|Wyrok|https://www.saos.org.pl/judgments/494404
484789|2023-02-28|SO|II K 216/22|Uzasadnienie|https://www.saos.org.pl/judgments/484789
506728|2023-02-27|SO|III Ca 800/22|Uzasadnienie|https://www.saos.org.pl/judgments/506728
486504|2023-02-27|SO|I C 1007/21|Wyrok|https://www.saos.org.pl/judgments/486504
540914|2023-02-24|SO|I ACa 490/22|Wyrok|https://www.saos.org.pl/judgments/540914
507553|2023-02-22|SO|IV C 1281/21|Wyrok|https://www.saos.org.pl/judgments/507553
486974|2023-02-16|SO|I ACa 85/22|Wyrok|https://www.saos.org.pl/judgments/486974
485644|2023-02-15|SO|I C 120/22|Wyrok|https://www.saos.org.pl/judgments/485644
493058|2023-02-10|SO|I C 889/22|Wyrok|https://www.saos.org.pl/judgments/493058
490307|2023-02-10|SO|XXV C 1039/20|Wyrok|https://www.saos.org.pl/judgments/490307
486545|2023-02-10|SO|I C 856/22|Wyrok|https://www.saos.org.pl/judgments/486545
485009|2023-02-10|SO|IV GC 990/22|Uzasadnienie|https://www.saos.org.pl/judgments/485009
486505|2023-02-09|SO|I C 1015/21|Wyrok|https://www.saos.org.pl/judgments/486505
494494|2023-02-07|SO|I ACa 701/21|Wyrok|https://www.saos.org.pl/judgments/494494
485062|2023-02-06|SO|I ACa 1300/22|Wyrok|https://www.saos.org.pl/judgments/485062
543791|2023-02-03|SO|III C 1687/19|Wyrok|https://www.saos.org.pl/judgments/543791
541822|2023-02-03|SO|I ACa 860/22|Wyrok|https://www.saos.org.pl/judgments/541822
495019|2023-02-02|SO|I AGa 294/21|Wyrok|https://www.saos.org.pl/judgments/495019
514917|2023-01-31|SO|XV Ca 1008/22|Wyrok|https://www.saos.org.pl/judgments/514917
499580|2023-01-30|SO|I C 885/22|Uzasadnienie|https://www.saos.org.pl/judgments/499580
488899|2023-01-30|SO|I ACa 1531/22|Wyrok|https://www.saos.org.pl/judgments/488899
484891|2023-01-28|SO|IV GC 890/22|Uzasadnienie|https://www.saos.org.pl/judgments/484891
516912|2023-01-27|SO|I ACa 512/21|Wyrok|https://www.saos.org.pl/judgments/516912
486401|2023-01-20|SO|I ACa 1190/21|Wyrok|https://www.saos.org.pl/judgments/486401
484873|2023-01-12|SO|II Ca 234/22|Wyrok|https://www.saos.org.pl/judgments/484873
481975|2023-01-11|SO|V ACa 399/22|Wyrok|https://www.saos.org.pl/judgments/481975
490448|2023-01-09|SO|I ACa 925/21|Wyrok|https://www.saos.org.pl/judgments/490448
485851|2023-01-05|SO|I ACa 777/22|Wyrok|https://www.saos.org.pl/judgments/485851
488813|2022-12-23|SO|I C 1353/21|Wyrok|https://www.saos.org.pl/judgments/488813
483867|2022-12-23|SO|I C 102/21|Wyrok|https://www.saos.org.pl/judgments/483867
515369|2022-12-22|SO|XX GC 978/21|Wyrok|https://www.saos.org.pl/judgments/515369
499831|2022-12-16|SO|I Ca 126/22|Wyrok|https://www.saos.org.pl/judgments/499831
501504|2022-12-15|SO|II C 3839/20|Wyrok|https://www.saos.org.pl/judgments/501504
499400|2022-12-15|SO|I C 803/22|Uzasadnienie|https://www.saos.org.pl/judgments/499400
497634|2022-12-15|SO|I C 329/19|Wyrok|https://www.saos.org.pl/judgments/497634
509844|2022-12-14|SO|V ACa 677/22|Wyrok|https://www.saos.org.pl/judgments/509844
498719|2022-12-14|SO|I C 579/21|Wyrok|https://www.saos.org.pl/judgments/498719
483985|2022-12-14|SO|III C 1619/18|Wyrok|https://www.saos.org.pl/judgments/483985
505432|2022-12-12|SO|III C 843/17|Wyrok|https://www.saos.org.pl/judgments/505432
482954|2022-12-12|SO|III C 1164/19|Wyrok|https://www.saos.org.pl/judgments/482954
481568|2022-12-08|SO|VIII GC 554/21|Uzasadnienie|https://www.saos.org.pl/judgments/481568
480777|2022-11-30|SO|V GC 238/22|Wyrok|https://www.saos.org.pl/judgments/480777
492214|2022-11-28|SO|I ACa 505/22|Wyrok|https://www.saos.org.pl/judgments/492214
486792|2022-11-28|SO|XXV C 3245/19|Wyrok|https://www.saos.org.pl/judgments/486792
485333|2022-11-21|SO|XXV C 1101/22|Wyrok|https://www.saos.org.pl/judgments/485333
485387|2022-11-18|SO|XXV C 2055/17|Wyrok|https://www.saos.org.pl/judgments/485387
501501|2022-11-17|SO|II C 3763/20|Wyrok|https://www.saos.org.pl/judgments/501501
499567|2022-11-16|SO|I C 88/21|Wyrok|https://www.saos.org.pl/judgments/499567
480182|2022-11-14|SO|V ACa 745/21|Wyrok|https://www.saos.org.pl/judgments/480182
481384|2022-11-10|SO|XIV C 509/21|Wyrok|https://www.saos.org.pl/judgments/481384
490743|2022-11-08|SO|I C 682/22|Wyrok|https://www.saos.org.pl/judgments/490743
498257|2022-11-07|SO|I C 467/21|Wyrok|https://www.saos.org.pl/judgments/498257
537791|2022-11-03|SO|I C 625/21|Wyrok|https://www.saos.org.pl/judgments/537791
480829|2022-11-03|SO|I C 733/21|Wyrok|https://www.saos.org.pl/judgments/480829
482909|2022-10-28|SO|II Ca 1092/22|Wyrok|https://www.saos.org.pl/judgments/482909
476597|2022-10-25|SO|I C 593/22|Uzasadnienie|https://www.saos.org.pl/judgments/476597
509775|2022-10-21|SO|V ACa 356/22|Wyrok|https://www.saos.org.pl/judgments/509775
488648|2022-10-20|SO|XXVII Ca 2536/17|Wyrok|https://www.saos.org.pl/judgments/488648
482007|2022-10-20|SO|XXV C 1242/20|Wyrok|https://www.saos.org.pl/judgments/482007
479004|2022-10-20|SO|I C 1054/20|Wyrok|https://www.saos.org.pl/judgments/479004
489469|2022-10-19|SO|I C 172/21|Wyrok|https://www.saos.org.pl/judgments/489469
485576|2022-10-19|SO|XXV C 602/22|Wyrok|https://www.saos.org.pl/judgments/485576
485476|2022-10-19|SO|XXV C 1508/20|Wyrok|https://www.saos.org.pl/judgments/485476
486341|2022-10-17|SO|I Ca 491/21|Wyrok|https://www.saos.org.pl/judgments/486341
482672|2022-10-17|SO|XXIV C 233/17|Wyrok|https://www.saos.org.pl/judgments/482672
481298|2022-10-17|SO|IV C 1411/20|Wyrok|https://www.saos.org.pl/judgments/481298
480511|2022-10-14|SO|I C 797/22|Wyrok|https://www.saos.org.pl/judgments/480511
482219|2022-10-12|SO|II Ca 111/22|Wyrok|https://www.saos.org.pl/judgments/482219
475907|2022-10-10|SO|XVI C 97/21|Uzasadnienie|https://www.saos.org.pl/judgments/475907
478032|2022-10-07|SO|I ACa 547/22|Wyrok|https://www.saos.org.pl/judgments/478032
479440|2022-10-06|SO|I C 1642/21|Wyrok|https://www.saos.org.pl/judgments/479440
480502|2022-10-04|SO|I C 1101/22|Wyrok|https://www.saos.org.pl/judgments/480502
477870|2022-10-04|SO|II C 1595/19|Wyrok|https://www.saos.org.pl/judgments/477870
487721|2022-10-03|SO|XXIV C 796/20|Wyrok|https://www.saos.org.pl/judgments/487721
480653|2022-10-03|SO|VIII Ga 173/22|Wyrok|https://www.saos.org.pl/judgments/480653
478034|2022-10-03|SO|I ACa 914/21|Wyrok|https://www.saos.org.pl/judgments/478034
484100|2022-09-30|SO|II C 170/21|Wyrok|https://www.saos.org.pl/judgments/484100
481697|2022-09-30|SO|XXV C 178/20|Wyrok|https://www.saos.org.pl/judgments/481697
479456|2022-09-30|SO|I C 856/20|Wyrok|https://www.saos.org.pl/judgments/479456
479448|2022-09-30|SO|I C 345/22|Wyrok|https://www.saos.org.pl/judgments/479448
492185|2022-09-29|SO|I ACa 107/22|Wyrok|https://www.saos.org.pl/judgments/492185
476012|2022-09-26|SO|V ACa 492/21|Wyrok|https://www.saos.org.pl/judgments/476012
473716|2022-09-15|SO|XII C 769/20|Wyrok|https://www.saos.org.pl/judgments/473716
475220|2022-09-13|SO|V ACa 110/22|Wyrok|https://www.saos.org.pl/judgments/475220
478135|2022-09-12|SO|I C 338/21|Wyrok|https://www.saos.org.pl/judgments/478135
478852|2022-09-08|SO|I C 156/22|Wyrok|https://www.saos.org.pl/judgments/478852
473425|2022-09-08|SO|XII C 2268/20|Wyrok|https://www.saos.org.pl/judgments/473425
492822|2022-09-07|SO|I C 55/22|Wyrok|https://www.saos.org.pl/judgments/492822
476547|2022-09-07|SO|I ACa 364/22|Wyrok|https://www.saos.org.pl/judgments/476547
477732|2022-09-06|SO|I C 255/22|Wyrok|https://www.saos.org.pl/judgments/477732
494154|2022-08-31|SO|I ACa 405/22|Wyrok|https://www.saos.org.pl/judgments/494154
509758|2022-08-30|SO|V ACa 292/22|Wyrok|https://www.saos.org.pl/judgments/509758
476830|2022-08-30|SO|XXV C 271/22|Wyrok|https://www.saos.org.pl/judgments/476830
474014|2022-08-30|SO|I AGa 167/21|Wyrok|https://www.saos.org.pl/judgments/474014
524583|2022-08-29|SO|III C 932/17|Wyrok|https://www.saos.org.pl/judgments/524583
475074|2022-08-25|SO|V ACa 41/22|Wyrok|https://www.saos.org.pl/judgments/475074
473401|2022-08-17|SO|I C 951/21|Wyrok|https://www.saos.org.pl/judgments/473401
543796|2022-08-09|SO|III C 341/18|Wyrok|https://www.saos.org.pl/judgments/543796
480106|2022-08-05|SO|III Ca 1254/21|Uzasadnienie|https://www.saos.org.pl/judgments/480106
488437|2022-07-29|SO|X GC 273/22|Zarządzenie|https://www.saos.org.pl/judgments/488437
476221|2022-07-29|SO|III Ca 619/21|Uzasadnienie|https://www.saos.org.pl/judgments/476221
476541|2022-07-28|SO|V Ca 1696/20|Wyrok|https://www.saos.org.pl/judgments/476541
482498|2022-07-22|SO|XX GC 664/21|Wyrok|https://www.saos.org.pl/judgments/482498
477752|2022-07-21|SO|XXV C 2727/18|Wyrok|https://www.saos.org.pl/judgments/477752
476784|2022-07-20|SO|III AUa 544/19|Wyrok|https://www.saos.org.pl/judgments/476784
473513|2022-07-20|SO|III C 200/22|Wyrok|https://www.saos.org.pl/judgments/473513
473512|2022-07-20|SO|III C 199/22|Wyrok|https://www.saos.org.pl/judgments/473512
539288|2022-07-19|SO|I C 2015/21|Wyrok|https://www.saos.org.pl/judgments/539288
517750|2022-07-18|SO|IV C 1174/21|Wyrok|https://www.saos.org.pl/judgments/517750
505334|2022-07-18|SO|III C 3264/20|Wyrok|https://www.saos.org.pl/judgments/505334
490946|2022-07-15|SO|V ACa 321/22|Wyrok|https://www.saos.org.pl/judgments/490946
482220|2022-07-15|SO|II Ca 1961/21|Wyrok|https://www.saos.org.pl/judgments/482220
473378|2022-07-15|SO|I C 505/21|Wyrok|https://www.saos.org.pl/judgments/473378
472707|2022-07-15|SO|I C 231/22|Zarządzenie|https://www.saos.org.pl/judgments/472707
477713|2022-07-14|SO|I C 1039/21|Wyrok|https://www.saos.org.pl/judgments/477713
477212|2022-07-14|SO|XXVII Ca 1779/21|Wyrok|https://www.saos.org.pl/judgments/477212
476995|2022-07-14|SO|I C 1312/19|Wyrok|https://www.saos.org.pl/judgments/476995
469936|2022-07-13|SO|V ACa 759/21|Wyrok|https://www.saos.org.pl/judgments/469936
527270|2022-07-08|SO|I C 2497/20|Wyrok|https://www.saos.org.pl/judgments/527270
470190|2022-07-08|SO|II C 1014/21|Wyrok|https://www.saos.org.pl/judgments/470190
472901|2022-07-05|SO|I C 3504/20|Wyrok|https://www.saos.org.pl/judgments/472901
468752|2022-07-04|SO|XII C 1246/20|Wyrok|https://www.saos.org.pl/judgments/468752
478854|2022-06-30|SO|I C 23/22|Wyrok|https://www.saos.org.pl/judgments/478854
518565|2022-06-24|SO|I C 240/22|Wyrok|https://www.saos.org.pl/judgments/518565
478571|2022-06-24|SO|XXV C 1454/20|Wyrok|https://www.saos.org.pl/judgments/478571
479402|2022-06-23|SO|II Ca 730/21|Wyrok|https://www.saos.org.pl/judgments/479402
476747|2022-06-22|SO|XXV C 56/19|Wyrok|https://www.saos.org.pl/judgments/476747
472677|2022-06-20|SO|VIII Ga 133/22|Wyrok|https://www.saos.org.pl/judgments/472677
471326|2022-06-15|SO|I C 71/21|Wyrok|https://www.saos.org.pl/judgments/471326
473740|2022-06-07|SO|I C 1572/21|Wyrok|https://www.saos.org.pl/judgments/473740
470014|2022-06-07|SO|I C 4044/19|Wyrok|https://www.saos.org.pl/judgments/470014
468864|2022-06-07|SO|I C 658/20|Wyrok|https://www.saos.org.pl/judgments/468864
478573|2022-06-02|SO|I ACa 188/22|Wyrok|https://www.saos.org.pl/judgments/478573
471149|2022-06-01|SO|V ACa 872/21|Wyrok|https://www.saos.org.pl/judgments/471149
480276|2022-05-31|SO|I ACa 90/22|Wyrok|https://www.saos.org.pl/judgments/480276
478785|2022-05-27|SO|II C 1146/17|Wyrok|https://www.saos.org.pl/judgments/478785
475835|2022-05-26|SO|I AGa 144/21|Wyrok|https://www.saos.org.pl/judgments/475835
466945|2022-05-26|SO|I ACa 553/21|Wyrok|https://www.saos.org.pl/judgments/466945
471391|2022-05-25|SO|XXV C 2504/18|Wyrok|https://www.saos.org.pl/judgments/471391
469512|2022-05-25|SO|XXV C 538/20|Wyrok|https://www.saos.org.pl/judgments/469512
467207|2022-05-23|SO|I C 480/20|Wyrok|https://www.saos.org.pl/judgments/467207
473963|2022-05-20|SO|III C 590/20|Wyrok|https://www.saos.org.pl/judgments/473963
473361|2022-05-20|SO|I C 297/21|Wyrok|https://www.saos.org.pl/judgments/473361
478430|2022-05-19|SO|III Ca 657/21|Uzasadnienie|https://www.saos.org.pl/judgments/478430
468874|2022-05-18|SO|I C 896/20|Wyrok|https://www.saos.org.pl/judgments/468874
468868|2022-05-18|SO|I C 834/20|Wyrok|https://www.saos.org.pl/judgments/468868
477896|2022-05-17|SO|IV C 2909/20|Wyrok|https://www.saos.org.pl/judgments/477896
476272|2022-05-17|SO|II C 2253/20|Wyrok|https://www.saos.org.pl/judgments/476272
469661|2022-05-17|SO|V ACa 691/21|Wyrok|https://www.saos.org.pl/judgments/469661
499437|2022-05-16|SO|I C 821/21|Wyrok|https://www.saos.org.pl/judgments/499437
476879|2022-05-16|SO|XV C 458/18|Wyrok|https://www.saos.org.pl/judgments/476879
473899|2022-05-16|SO|V ACa 835/21|Wyrok|https://www.saos.org.pl/judgments/473899
473215|2022-05-12|SO|XXV C 699/20|Wyrok|https://www.saos.org.pl/judgments/473215
486302|2022-05-10|SO|V Ca 546/19|Wyrok|https://www.saos.org.pl/judgments/486302
499141|2022-05-09|SO|I C 709/22|Wyrok|https://www.saos.org.pl/judgments/499141
469990|2022-05-09|SO|VIII Ga 49/22|Uzasadnienie|https://www.saos.org.pl/judgments/469990
465127|2022-05-09|SO|I C 145/22|Zarządzenie|https://www.saos.org.pl/judgments/465127
472696|2022-05-04|SO|I ACa 29/22|Wyrok|https://www.saos.org.pl/judgments/472696
484784|2022-04-29|SO|XX GC 980/16|Wyrok|https://www.saos.org.pl/judgments/484784
465222|2022-04-28|SO|VIII Ga 53/22|Wyrok|https://www.saos.org.pl/judgments/465222
477408|2022-04-27|SO|V ACa 752/21|Wyrok|https://www.saos.org.pl/judgments/477408
465781|2022-04-27|SO|XII C 376/20|Wyrok|https://www.saos.org.pl/judgments/465781
468175|2022-04-26|SO|I C 1636/21|Wyrok|https://www.saos.org.pl/judgments/468175
473646|2022-04-25|SO|III Ca 1553/20|Uzasadnienie|https://www.saos.org.pl/judgments/473646
469832|2022-04-21|SO|I C 18/19|Wyrok|https://www.saos.org.pl/judgments/469832
469831|2022-04-21|SO|I C 172/22|Wyrok|https://www.saos.org.pl/judgments/469831
468178|2022-04-21|SO|I C 1743/21|Wyrok|https://www.saos.org.pl/judgments/468178
476871|2022-04-19|SO|V ACa 858/21|Wyrok|https://www.saos.org.pl/judgments/476871
494301|2022-04-14|SO|I ACa 546/21|Wyrok|https://www.saos.org.pl/judgments/494301
464667|2022-04-12|SO|II C 882/17|Wyrok|https://www.saos.org.pl/judgments/464667
463822|2022-04-12|SO|I C 12/22|Wyrok|https://www.saos.org.pl/judgments/463822
482847|2022-04-07|SO|I AGa 253/21|Wyrok|https://www.saos.org.pl/judgments/482847
465064|2022-04-07|SO|I C 540/21|Wyrok|https://www.saos.org.pl/judgments/465064
463579|2022-04-07|SO|I C 9/21|Wyrok|https://www.saos.org.pl/judgments/463579
485165|2022-04-06|SO|I AGa 248/21|Wyrok|https://www.saos.org.pl/judgments/485165
467803|2022-04-01|SO|XXV C 110/20|Wyrok|https://www.saos.org.pl/judgments/467803
484015|2022-03-31|SO|XX GC 825/15|Wyrok|https://www.saos.org.pl/judgments/484015
477075|2022-03-30|SO|I ACa 983/21|Wyrok|https://www.saos.org.pl/judgments/477075
476304|2022-03-30|SO|V Ca 2891/19|Wyrok|https://www.saos.org.pl/judgments/476304
469475|2022-03-29|SO|II C 730/17|Wyrok|https://www.saos.org.pl/judgments/469475
465899|2022-03-28|SO|I ACa 920/21|Wyrok|https://www.saos.org.pl/judgments/465899
463759|2022-03-28|SO|I C 1/22|Wyrok|https://www.saos.org.pl/judgments/463759
469833|2022-03-24|SO|I C 189/22|Wyrok|https://www.saos.org.pl/judgments/469833
463823|2022-03-24|SO|I C 42/22|Wyrok|https://www.saos.org.pl/judgments/463823
477049|2022-03-23|SO|V ACa 378/21|Wyrok|https://www.saos.org.pl/judgments/477049
473595|2022-03-22|SO|I C 1603/21|Wyrok|https://www.saos.org.pl/judgments/473595
468351|2022-03-22|SO|XV Ca 1205/21|Uzasadnienie|https://www.saos.org.pl/judgments/468351
469136|2022-03-21|SO|V ACa 729/21|Wyrok|https://www.saos.org.pl/judgments/469136
473298|2022-03-18|SO|V ACa 63/22|Wyrok|https://www.saos.org.pl/judgments/473298
494465|2022-03-17|SO|I ACa 682/21|Wyrok|https://www.saos.org.pl/judgments/494465
470023|2022-03-17|SO|II C 1117/20|Wyrok|https://www.saos.org.pl/judgments/470023
466327|2022-03-17|SO|I ACa 410/21|Wyrok|https://www.saos.org.pl/judgments/466327
463552|2022-03-15|SO|I C 332/21|Wyrok|https://www.saos.org.pl/judgments/463552
493740|2022-03-14|SO|I ACa 1649/21|Wyrok|https://www.saos.org.pl/judgments/493740
463238|2022-03-11|SO|I C 725/20|Wyrok|https://www.saos.org.pl/judgments/463238
483618|2022-03-09|SO|XVI GC 3129/18|Uzasadnienie|https://www.saos.org.pl/judgments/483618
478681|2022-03-04|SO|V Ca 2981/18|Wyrok|https://www.saos.org.pl/judgments/478681
465651|2022-03-04|SO|II C 1203/19|Wyrok|https://www.saos.org.pl/judgments/465651
482499|2022-03-03|SO|XX GC 689/20|Wyrok|https://www.saos.org.pl/judgments/482499
468222|2022-03-03|SO|V ACa 576/21|Wyrok|https://www.saos.org.pl/judgments/468222
467904|2022-02-28|SO|III C 2687/20|Wyrok|https://www.saos.org.pl/judgments/467904
478342|2022-02-24|SO|XXV C 2606/19|Wyrok|https://www.saos.org.pl/judgments/478342
462281|2022-02-23|SO|V ACa 7/21|Wyrok|https://www.saos.org.pl/judgments/462281
510009|2022-02-18|SO|V Ca 190/19|Wyrok|https://www.saos.org.pl/judgments/510009
463004|2022-02-18|SO|II C 1124/20|Wyrok|https://www.saos.org.pl/judgments/463004
515763|2022-02-17|SO|I AGa 274/20|Wyrok|https://www.saos.org.pl/judgments/515763
498921|2022-02-11|SO|I C 636/21|Wyrok|https://www.saos.org.pl/judgments/498921
460320|2022-02-11|SO|I C 14/20|Wyrok|https://www.saos.org.pl/judgments/460320
494248|2022-02-10|SO|I ACa 497/21|Wyrok|https://www.saos.org.pl/judgments/494248
458489|2022-02-04|SO|I ACa 84/21|Wyrok|https://www.saos.org.pl/judgments/458489
464253|2022-02-03|SO|I C 1131/19|Wyrok|https://www.saos.org.pl/judgments/464253
464323|2022-02-02|SO|I C 3204/17|Wyrok|https://www.saos.org.pl/judgments/464323
459348|2022-01-31|SO|V Ca 603/18|Wyrok|https://www.saos.org.pl/judgments/459348
458447|2022-01-31|SO|I ACa 432/21|Wyrok|https://www.saos.org.pl/judgments/458447
458385|2022-01-31|SO|I C 384/20|Wyrok|https://www.saos.org.pl/judgments/458385
467214|2022-01-27|SO|I C 5563/17|Wyrok|https://www.saos.org.pl/judgments/467214
466854|2022-01-27|SO|XXIV C 790/19|Wyrok|https://www.saos.org.pl/judgments/466854
466283|2022-01-26|SO|I C 3942/19|Wyrok|https://www.saos.org.pl/judgments/466283
459868|2022-01-26|SO|V ACa 665/21|Wyrok|https://www.saos.org.pl/judgments/459868
461352|2022-01-24|SO|XXV C 2262/20|Wyrok|https://www.saos.org.pl/judgments/461352
459068|2022-01-24|SO|I C 1282/20|Uzasadnienie|https://www.saos.org.pl/judgments/459068
469830|2022-01-21|SO|I C 1630/21|Wyrok|https://www.saos.org.pl/judgments/469830
469827|2022-01-21|SO|I C 1414/21|Wyrok|https://www.saos.org.pl/judgments/469827
463638|2022-01-20|SO|I C 1261/21|Wyrok|https://www.saos.org.pl/judgments/463638
457924|2022-01-20|SO|I C 476/20|Wyrok|https://www.saos.org.pl/judgments/457924
455467|2022-01-20|SO|VII U 480/19|Wyrok|https://www.saos.org.pl/judgments/455467
480273|2022-01-19|SO|I ACa 104/20|Wyrok|https://www.saos.org.pl/judgments/480273
465868|2022-01-19|SO|V ACa 487/21|Wyrok|https://www.saos.org.pl/judgments/465868
469175|2022-01-18|SO|XX GC 570/20|Wyrok|https://www.saos.org.pl/judgments/469175
475823|2022-01-17|SO|I ACa 360/21|Wyrok|https://www.saos.org.pl/judgments/475823
473738|2022-01-14|SO|I C 1451/21|Wyrok|https://www.saos.org.pl/judgments/473738
473593|2022-01-12|SO|I AGa 66/21|Wyrok|https://www.saos.org.pl/judgments/473593
461025|2022-01-12|SO|V ACa 608/21|Wyrok|https://www.saos.org.pl/judgments/461025
460332|2022-01-12|SO|I C 2185/20|Wyrok|https://www.saos.org.pl/judgments/460332
499228|2022-01-11|SO|I C 742/20|Wyrok|https://www.saos.org.pl/judgments/499228
458541|2022-01-10|SO|XXV C 31/20|Wyrok|https://www.saos.org.pl/judgments/458541
461659|2022-01-05|SO|I C 901/20|Wyrok|https://www.saos.org.pl/judgments/461659
477012|2022-01-04|SO|I C 630/20|Wyrok|https://www.saos.org.pl/judgments/477012
495020|2021-12-31|SO|I AGa 296/20|Wyrok|https://www.saos.org.pl/judgments/495020
464439|2021-12-31|SO|I ACa 316/21|Wyrok|https://www.saos.org.pl/judgments/464439
460262|2021-12-30|SO|V ACa 428/20|Wyrok|https://www.saos.org.pl/judgments/460262
466376|2021-12-29|SO|III P 1/20|Wyrok|https://www.saos.org.pl/judgments/466376
471085|2021-12-23|SO|I C 1192/21|Wyrok|https://www.saos.org.pl/judgments/471085
454596|2021-12-22|SO|I C 300/21|Wyrok|https://www.saos.org.pl/judgments/454596
479695|2021-12-20|SO|I ACa 285/21|Wyrok|https://www.saos.org.pl/judgments/479695
464443|2021-12-20|SO|I ACa 605/21|Wyrok|https://www.saos.org.pl/judgments/464443
479692|2021-12-15|SO|I ACa 179/21|Wyrok|https://www.saos.org.pl/judgments/479692
469829|2021-12-09|SO|I C 1489/20|Wyrok|https://www.saos.org.pl/judgments/469829
515549|2021-12-06|SO|XXV C 2699/18|Wyrok|https://www.saos.org.pl/judgments/515549
468198|2021-12-01|SO|II C 1555/19|Wyrok|https://www.saos.org.pl/judgments/468198
464544|2021-11-30|SO|I ACa 625/21|Wyrok|https://www.saos.org.pl/judgments/464544
484813|2021-11-29|SO|IV C 2513/20|Wyrok|https://www.saos.org.pl/judgments/484813
467326|2021-11-29|SO|I ACa 447/21|Wyrok|https://www.saos.org.pl/judgments/467326
455063|2021-11-25|SO|I C 982/20|Wyrok|https://www.saos.org.pl/judgments/455063
455048|2021-11-19|SO|I C 740/20|Wyrok|https://www.saos.org.pl/judgments/455048
483677|2021-11-18|SO|I AGa 356/20|Wyrok|https://www.saos.org.pl/judgments/483677
479997|2021-11-18|SO|I ACa 514/20|Wyrok|https://www.saos.org.pl/judgments/479997
474763|2021-11-18|SO|I ACa 612/21|Wyrok|https://www.saos.org.pl/judgments/474763
480066|2021-11-16|SO|I ACa 687/21|Wyrok|https://www.saos.org.pl/judgments/480066
458255|2021-11-16|SO|I C 1005/20|Wyrok|https://www.saos.org.pl/judgments/458255
454579|2021-11-16|SO|I C 1028/21|Wyrok|https://www.saos.org.pl/judgments/454579
452421|2021-11-16|SO|I C 215/21|Wyrok|https://www.saos.org.pl/judgments/452421
468479|2021-11-10|SO|I ACa 798/20|Wyrok|https://www.saos.org.pl/judgments/468479
454485|2021-11-10|SO|V ACa 38/21|Wyrok|https://www.saos.org.pl/judgments/454485
454230|2021-11-10|SO|V ACa 373/21|Wyrok|https://www.saos.org.pl/judgments/454230
454685|2021-11-09|SO|I ACa 661/19|Wyrok|https://www.saos.org.pl/judgments/454685
479951|2021-11-08|SO|I ACa 641/21|Wyrok|https://www.saos.org.pl/judgments/479951
452499|2021-11-08|SO|I C 154/21|Wyrok|https://www.saos.org.pl/judgments/452499
486978|2021-11-05|SO|I AGa 244/20|Wyrok|https://www.saos.org.pl/judgments/486978
452501|2021-11-05|SO|I C 1875/20|Wyrok|https://www.saos.org.pl/judgments/452501
459455|2021-11-03|SO|I Ca 143/21|Wyrok|https://www.saos.org.pl/judgments/459455
458978|2021-11-03|SO|I AGa 101/21|Wyrok|https://www.saos.org.pl/judgments/458978
529323|2021-10-29|SO|I ACa 268/21|Wyrok|https://www.saos.org.pl/judgments/529323
452212|2021-10-29|SO|I C 103/21|Wyrok|https://www.saos.org.pl/judgments/452212
455707|2021-10-27|SO|XXIV C 523/20|Wyrok|https://www.saos.org.pl/judgments/455707
469845|2021-10-25|SO|I C 514/21|Wyrok|https://www.saos.org.pl/judgments/469845
463285|2021-10-25|SO|IV C 575/19|Wyrok|https://www.saos.org.pl/judgments/463285
456913|2021-10-22|SO|XXIV C 128/15|Wyrok|https://www.saos.org.pl/judgments/456913
452103|2021-10-19|SO|II C 5720/19|Zarządzenie|https://www.saos.org.pl/judgments/452103
450965|2021-10-18|SO|I C 994/20|Wyrok|https://www.saos.org.pl/judgments/450965
483858|2021-10-15|SO|I ACa 750/20|Wyrok|https://www.saos.org.pl/judgments/483858
492759|2021-10-13|SO|XX GC 1390/21|Wyrok|https://www.saos.org.pl/judgments/492759
452259|2021-10-12|SO|I C 924/18|Wyrok|https://www.saos.org.pl/judgments/452259
496155|2021-10-11|SO|I C 159/21|Uzasadnienie|https://www.saos.org.pl/judgments/496155
469300|2021-10-06|SO|I ACa 456/21|Wyrok|https://www.saos.org.pl/judgments/469300
448930|2021-10-06|SO|I C 158/21|Wyrok|https://www.saos.org.pl/judgments/448930
484735|2021-10-05|SO|II C 996/17|Wyrok|https://www.saos.org.pl/judgments/484735
463648|2021-10-05|SO|I C 393/21|Wyrok|https://www.saos.org.pl/judgments/463648
450937|2021-10-05|SO|I C 669/21|Wyrok|https://www.saos.org.pl/judgments/450937
472743|2021-09-30|SO|II C 710/17|Wyrok|https://www.saos.org.pl/judgments/472743
469791|2021-09-29|SO|II C 3087/20|Wyrok|https://www.saos.org.pl/judgments/469791
459156|2021-09-28|SO|III Ca 1284/20|Uzasadnienie|https://www.saos.org.pl/judgments/459156
448437|2021-09-27|SO|I C 632/20|Wyrok|https://www.saos.org.pl/judgments/448437
467492|2021-09-23|SO|III C 308/19|Wyrok|https://www.saos.org.pl/judgments/467492
450249|2021-09-23|SO|I C 745/21|Wyrok|https://www.saos.org.pl/judgments/450249
464295|2021-09-21|SO|V C 1809/20|Wyrok|https://www.saos.org.pl/judgments/464295
452610|2021-09-16|SO|II C 1726/19|Wyrok|https://www.saos.org.pl/judgments/452610
465203|2021-09-15|SO|V ACa 505/20|Wyrok|https://www.saos.org.pl/judgments/465203
451509|2021-09-14|SO|I C 496/20|Wyrok|https://www.saos.org.pl/judgments/451509
473410|2021-09-13|SO|IV C 2340/20|Wyrok|https://www.saos.org.pl/judgments/473410
448430|2021-09-07|SO|I C 49/20|Wyrok|https://www.saos.org.pl/judgments/448430
448419|2021-09-03|SO|I C 279/21|Wyrok|https://www.saos.org.pl/judgments/448419
447672|2021-09-03|SO|I C 132/20|Wyrok|https://www.saos.org.pl/judgments/447672
489069|2021-08-30|SO|I C 1622/21|Wyrok|https://www.saos.org.pl/judgments/489069
454164|2021-08-06|SO|II C 1325/19|Wyrok|https://www.saos.org.pl/judgments/454164
447537|2021-08-04|SO|I C 265/20|Wyrok|https://www.saos.org.pl/judgments/447537
462718|2021-07-26|SO|II C 623/19|Wyrok|https://www.saos.org.pl/judgments/462718
447149|2021-07-23|SO|I ACa 30/21|Wyrok|https://www.saos.org.pl/judgments/447149
460362|2021-07-21|SO|I C 467/20|Wyrok|https://www.saos.org.pl/judgments/460362
488537|2021-07-19|SO|X GC 675/20|Zarządzenie|https://www.saos.org.pl/judgments/488537
477806|2021-07-15|SO|II AKa 49/21|Wyrok|https://www.saos.org.pl/judgments/477806
448146|2021-07-15|SO|I C 552/20|Wyrok|https://www.saos.org.pl/judgments/448146
449138|2021-07-08|SO|I C 208/20|Wyrok|https://www.saos.org.pl/judgments/449138
443300|2021-07-08|SO|XIII Ga 1085/20|Zarządzenie|https://www.saos.org.pl/judgments/443300
455377|2021-07-07|SO|I C 603/21|Wyrok|https://www.saos.org.pl/judgments/455377
488141|2021-06-30|SO|II C 1438/20|Wyrok|https://www.saos.org.pl/judgments/488141
447642|2021-06-29|SO|V ACa 8/21|Wyrok|https://www.saos.org.pl/judgments/447642
444780|2021-06-28|SO|XXV C 1005/19|Wyrok|https://www.saos.org.pl/judgments/444780
443671|2021-06-28|SO|XXV C 2092/20|Wyrok|https://www.saos.org.pl/judgments/443671
458423|2021-06-24|SO|XXIV C 281/18|Wyrok|https://www.saos.org.pl/judgments/458423
445063|2021-06-24|SO|IV C 649/21|Wyrok|https://www.saos.org.pl/judgments/445063
448422|2021-06-23|SO|I C 30/21|Wyrok|https://www.saos.org.pl/judgments/448422
448070|2021-06-23|SO|V ACa 573/20|Wyrok|https://www.saos.org.pl/judgments/448070
464803|2021-06-17|SO|V GC 445/21|Wyrok|https://www.saos.org.pl/judgments/464803
446827|2021-06-16|SO|XXIV C 262/19|Wyrok|https://www.saos.org.pl/judgments/446827
445806|2021-06-15|SO|I ACa 12/20|Wyrok|https://www.saos.org.pl/judgments/445806
445487|2021-06-15|SO|I C 44/21|Wyrok|https://www.saos.org.pl/judgments/445487
462251|2021-06-12|SO|I C 4604/19|Uzasadnienie|https://www.saos.org.pl/judgments/462251
450667|2021-06-10|SO|II C 2014/19|Wyrok|https://www.saos.org.pl/judgments/450667
446595|2021-06-10|SO|I AGa 97/20|Wyrok|https://www.saos.org.pl/judgments/446595
440313|2021-06-10|SO|II K 101/19|Uzasadnienie|https://www.saos.org.pl/judgments/440313
459345|2021-06-09|SO|V AGa 35/21|Wyrok|https://www.saos.org.pl/judgments/459345
443889|2021-06-09|SO|XXV C 2124/17|Wyrok|https://www.saos.org.pl/judgments/443889
447350|2021-06-08|SO|I C 926/20|Wyrok|https://www.saos.org.pl/judgments/447350
441425|2021-06-08|SO|XI GC 114/21|Wyrok|https://www.saos.org.pl/judgments/441425
447402|2021-06-01|SO|XII C 1295/18|Wyrok|https://www.saos.org.pl/judgments/447402
446123|2021-05-31|SO|XII C 1808/18|Wyrok|https://www.saos.org.pl/judgments/446123
456625|2021-05-27|SO|III C 234/19|Wyrok|https://www.saos.org.pl/judgments/456625
456023|2021-05-27|SO|I AGa 112/20|Wyrok|https://www.saos.org.pl/judgments/456023
443834|2021-05-26|SO|II Ca 403/21|Wyrok|https://www.saos.org.pl/judgments/443834
444941|2021-05-25|SO|I AGa 45/20|Wyrok|https://www.saos.org.pl/judgments/444941
439768|2021-05-25|SO|I ACa 590/20|Wyrok|https://www.saos.org.pl/judgments/439768
442089|2021-05-13|SO|XXV C 2145/17|Wyrok|https://www.saos.org.pl/judgments/442089
456170|2021-05-12|SO|V AGa 156/20|Wyrok|https://www.saos.org.pl/judgments/456170
439616|2021-05-07|SO|I C 1945/20|Wyrok|https://www.saos.org.pl/judgments/439616
492868|2021-04-30|SO|II AKa 185/20|Uzasadnienie|https://www.saos.org.pl/judgments/492868
446577|2021-04-30|SO|XXV C 2755/18|Wyrok|https://www.saos.org.pl/judgments/446577
439666|2021-04-29|SO|I ACa 120/21|Wyrok|https://www.saos.org.pl/judgments/439666
457341|2021-04-28|SO|I ACa 7/21|Wyrok|https://www.saos.org.pl/judgments/457341
447482|2021-04-21|SO|I C 189/21|Wyrok|https://www.saos.org.pl/judgments/447482
446963|2021-04-19|SO|II C 1025/18|Wyrok|https://www.saos.org.pl/judgments/446963
441545|2021-04-19|SO|I C 336/21|Wyrok|https://www.saos.org.pl/judgments/441545
464321|2021-04-16|SO|I C 2792/20|Uzasadnienie|https://www.saos.org.pl/judgments/464321
463640|2021-04-16|SO|I C 1660/20|Wyrok|https://www.saos.org.pl/judgments/463640
450531|2021-04-13|SO|VIII C 46/21|Wyrok|https://www.saos.org.pl/judgments/450531
478786|2021-04-09|SO|II C 1219/19|Wyrok|https://www.saos.org.pl/judgments/478786
446124|2021-04-08|SO|XII C 1837/19|Wyrok|https://www.saos.org.pl/judgments/446124
470717|2021-03-31|SO|V AGa 700/18|Wyrok|https://www.saos.org.pl/judgments/470717
452314|2021-03-31|SO|I C 3233/19|Wyrok|https://www.saos.org.pl/judgments/452314
446122|2021-03-31|SO|XII C 1220/19|Wyrok|https://www.saos.org.pl/judgments/446122
470905|2021-03-30|SO|I ACa 824/20|Wyrok|https://www.saos.org.pl/judgments/470905
441223|2021-03-24|SO|XXV C 2094/17|Wyrok|https://www.saos.org.pl/judgments/441223
442871|2021-03-22|SO|I C 2645/19|Wyrok|https://www.saos.org.pl/judgments/442871
437865|2021-03-19|SO|I C 334/20|Wyrok|https://www.saos.org.pl/judgments/437865
441228|2021-03-18|SO|I ACa 655/20|Wyrok|https://www.saos.org.pl/judgments/441228
433499|2021-03-17|SO|XIII Ga 1153/19|Uzasadnienie|https://www.saos.org.pl/judgments/433499
438589|2021-03-16|SO|III Ca 237/20|Wyrok|https://www.saos.org.pl/judgments/438589
445199|2021-03-15|SO|I C 433/20|Wyrok|https://www.saos.org.pl/judgments/445199
445193|2021-03-15|SO|I C 1676/19|Wyrok|https://www.saos.org.pl/judgments/445193
435905|2021-03-15|SO|I C 682/20|Wyrok|https://www.saos.org.pl/judgments/435905
439501|2021-03-10|SO|I ACa 427/20|Wyrok|https://www.saos.org.pl/judgments/439501
434500|2021-03-10|SO|I C 28/20|Wyrok|https://www.saos.org.pl/judgments/434500
439334|2021-03-04|SO|X GC 1133/19|Zarządzenie|https://www.saos.org.pl/judgments/439334
439432|2021-02-26|SO|XXIV C 196/18|Wyrok|https://www.saos.org.pl/judgments/439432
438650|2021-02-26|SO|IX GC 731/19|Zarządzenie|https://www.saos.org.pl/judgments/438650
446165|2021-02-24|SO|I C 132/21|Wyrok|https://www.saos.org.pl/judgments/446165
441559|2021-02-24|SO|I C 93/21|Wyrok|https://www.saos.org.pl/judgments/441559
447475|2021-02-23|SO|I C 1193/20|Wyrok|https://www.saos.org.pl/judgments/447475
446168|2021-02-23|SO|I C 2107/20|Wyrok|https://www.saos.org.pl/judgments/446168
434177|2021-02-22|SO|I C 688/20|Wyrok|https://www.saos.org.pl/judgments/434177
450214|2021-02-18|SO|I C 1718/20|Wyrok|https://www.saos.org.pl/judgments/450214
434507|2021-02-18|SO|I C 721/20|Wyrok|https://www.saos.org.pl/judgments/434507
464640|2021-02-17|SO|I AGa 226/20|Wyrok|https://www.saos.org.pl/judgments/464640
466873|2021-02-12|SO|I C 5723/18|Wyrok|https://www.saos.org.pl/judgments/466873
432832|2021-02-12|SO|X C 2826/20|Uzasadnienie|https://www.saos.org.pl/judgments/432832
445701|2021-02-10|SO|I C 1317/17|Wyrok|https://www.saos.org.pl/judgments/445701
439770|2021-02-10|SO|I ACa 914/19|Wyrok|https://www.saos.org.pl/judgments/439770
443069|2021-02-08|SO|I ACa 412/19|Wyrok|https://www.saos.org.pl/judgments/443069
433519|2021-02-08|SO|I C 595/20|Wyrok|https://www.saos.org.pl/judgments/433519
439503|2021-02-05|SO|I ACa 472/20|Wyrok|https://www.saos.org.pl/judgments/439503
441855|2021-02-03|SO|II C 1213/19|Wyrok|https://www.saos.org.pl/judgments/441855
442251|2021-02-02|SO|II Ca 1521/20|Wyrok|https://www.saos.org.pl/judgments/442251
437410|2021-01-29|SO|II C 457/19|Wyrok|https://www.saos.org.pl/judgments/437410
436765|2021-01-28|SO|I C 1480/20|Wyrok|https://www.saos.org.pl/judgments/436765
431991|2021-01-28|SO|XXIV C 731/19|Wyrok|https://www.saos.org.pl/judgments/431991
432402|2021-01-26|SO|I C 582/20|Wyrok|https://www.saos.org.pl/judgments/432402
441918|2021-01-25|SO|IV C 2369/20|Wyrok|https://www.saos.org.pl/judgments/441918
437338|2021-01-25|SO|XXV C 479/18|Wyrok|https://www.saos.org.pl/judgments/437338
431448|2021-01-20|SO|I C 565/20|Wyrok|https://www.saos.org.pl/judgments/431448
435520|2021-01-19|SO|I ACa 671/19|Wyrok|https://www.saos.org.pl/judgments/435520
431462|2021-01-18|SO|I C 720/20|Wyrok|https://www.saos.org.pl/judgments/431462
429986|2021-01-15|SO|I ACa 335/20|Wyrok|https://www.saos.org.pl/judgments/429986
437081|2021-01-14|SO|I Ca 439/20|Wyrok|https://www.saos.org.pl/judgments/437081
431437|2021-01-14|SO|I C 429/20|Wyrok|https://www.saos.org.pl/judgments/431437
431412|2021-01-13|SO|I C 238/20|Wyrok|https://www.saos.org.pl/judgments/431412
434617|2021-01-08|SO|I C 1618/20|Wyrok|https://www.saos.org.pl/judgments/434617
430186|2021-01-08|SO|III Ca 1758/19|Wyrok|https://www.saos.org.pl/judgments/430186
434332|2020-12-30|SO|I ACa 491/20|Wyrok|https://www.saos.org.pl/judgments/434332
443526|2020-12-29|SO|III C 511/18|Wyrok|https://www.saos.org.pl/judgments/443526
431712|2020-12-29|SO|IV C 2392/20|Wyrok|https://www.saos.org.pl/judgments/431712
428476|2020-12-29|SO|I C 222/18|Wyrok|https://www.saos.org.pl/judgments/428476
431009|2020-12-23|SO|I C 327/20|Wyrok|https://www.saos.org.pl/judgments/431009
431405|2020-12-21|SO|I C 1992/20|Wyrok|https://www.saos.org.pl/judgments/431405
431403|2020-12-21|SO|I C 1946/20|Wyrok|https://www.saos.org.pl/judgments/431403
429383|2020-12-16|SO|XXV C 1263/17|Wyrok|https://www.saos.org.pl/judgments/429383
447769|2020-12-15|SO|IV C 2386/20|Wyrok|https://www.saos.org.pl/judgments/447769
432713|2020-12-14|SO|II C 1805/19|Wyrok|https://www.saos.org.pl/judgments/432713
434560|2020-12-09|SO|I C 1072/18|Wyrok|https://www.saos.org.pl/judgments/434560
428448|2020-12-04|SO|I ACa 1006/20|Wyrok|https://www.saos.org.pl/judgments/428448
453807|2020-12-02|SO|III Ca 1845/19|Uzasadnienie|https://www.saos.org.pl/judgments/453807
428201|2020-12-02|SO|I C 399/20|Wyrok|https://www.saos.org.pl/judgments/428201
432424|2020-12-01|SO|III Ca 1509/18|Wyrok|https://www.saos.org.pl/judgments/432424
441534|2020-11-27|SO|I C 1774/20|Wyrok|https://www.saos.org.pl/judgments/441534
441321|2020-11-26|SO|I Ca 305/20|Wyrok|https://www.saos.org.pl/judgments/441321
429208|2020-11-25|SO|XXIV C 2329/20|Wyrok|https://www.saos.org.pl/judgments/429208
428657|2020-11-24|SO|V GC 2379/19|Wyrok|https://www.saos.org.pl/judgments/428657
434693|2020-11-23|SO|I ACa 200/19|Wyrok|https://www.saos.org.pl/judgments/434693
437078|2020-11-20|SO|I Ca 201/20|Wyrok|https://www.saos.org.pl/judgments/437078
431676|2020-11-20|SO|III C 1646/18|Wyrok|https://www.saos.org.pl/judgments/431676
428700|2020-11-20|SO|I C 2818/18|Wyrok|https://www.saos.org.pl/judgments/428700
427093|2020-11-19|SO|I C 242/20|Wyrok|https://www.saos.org.pl/judgments/427093
428491|2020-11-17|SO|I C 73/20|Wyrok|https://www.saos.org.pl/judgments/428491
426664|2020-11-13|SO|I C 922/19|Wyrok|https://www.saos.org.pl/judgments/426664
429335|2020-11-10|SO|I C 467/19|Wyrok|https://www.saos.org.pl/judgments/429335
441745|2020-11-06|SO|XXV C 355/18|Wyrok|https://www.saos.org.pl/judgments/441745
432163|2020-11-06|SO|I C 1289/19|Wyrok|https://www.saos.org.pl/judgments/432163
428214|2020-11-03|SO|I C 739/19|Wyrok|https://www.saos.org.pl/judgments/428214
430251|2020-10-29|SO|I AGa 91/19|Wyrok|https://www.saos.org.pl/judgments/430251
438187|2020-10-26|SO|I C 1899/20|Wyrok|https://www.saos.org.pl/judgments/438187
431538|2020-10-26|SO|II C 28/19|Wyrok|https://www.saos.org.pl/judgments/431538
429654|2020-10-22|SO|VI ACa 999/19|Wyrok|https://www.saos.org.pl/judgments/429654
426620|2020-10-20|SO|I C 222/20|Uzasadnienie|https://www.saos.org.pl/judgments/426620
425648|2020-10-19|SO|I C 296/20|Wyrok|https://www.saos.org.pl/judgments/425648
428529|2020-10-16|SO|V ACa 330/20|Wyrok|https://www.saos.org.pl/judgments/428529
488051|2020-10-15|SO|I AGa 237/19|Wyrok|https://www.saos.org.pl/judgments/488051
426693|2020-10-13|SO|XXV C 1056/17|Wyrok|https://www.saos.org.pl/judgments/426693
442436|2020-10-12|SO|XXV C 1238/18|Wyrok|https://www.saos.org.pl/judgments/442436
442999|2020-10-08|SO|I C 3417/19|Uzasadnienie|https://www.saos.org.pl/judgments/442999
423886|2020-10-08|SO|XXV C 493/20|Wyrok|https://www.saos.org.pl/judgments/423886
434000|2020-10-07|SO|I ACa 134/20|Wyrok|https://www.saos.org.pl/judgments/434000
426041|2020-10-06|SO|I C 1563/20|Wyrok|https://www.saos.org.pl/judgments/426041
435323|2020-10-05|SO|XXV C 1066/19|Wyrok|https://www.saos.org.pl/judgments/435323
432172|2020-10-02|SO|I C 822/20|Wyrok|https://www.saos.org.pl/judgments/432172
428231|2020-10-01|SO|III C 1188/18|Wyrok|https://www.saos.org.pl/judgments/428231
423352|2020-10-01|SO|XII C 1165/19|Wyrok|https://www.saos.org.pl/judgments/423352
499855|2020-09-30|SO|I Ca 186/20|Wyrok|https://www.saos.org.pl/judgments/499855
429384|2020-09-30|SO|XXV C 1680/16|Wyrok|https://www.saos.org.pl/judgments/429384
427864|2020-09-29|SO|XXIV C 532/17|Wyrok|https://www.saos.org.pl/judgments/427864
426037|2020-09-25|SO|I C 1083/17|Wyrok|https://www.saos.org.pl/judgments/426037
424842|2020-09-25|SO|I C 558/19|Wyrok|https://www.saos.org.pl/judgments/424842
422321|2020-09-25|SO|XXV C 2778/19|Wyrok|https://www.saos.org.pl/judgments/422321
423754|2020-09-22|SO|VIII Ga 1035/19|Zarządzenie|https://www.saos.org.pl/judgments/423754
422341|2020-09-21|SO|II C 380/18|Wyrok|https://www.saos.org.pl/judgments/422341
428462|2020-09-15|SO|I ACa 732/19|Wyrok|https://www.saos.org.pl/judgments/428462
437037|2020-09-09|SO|I C 2631/19|Wyrok|https://www.saos.org.pl/judgments/437037
421910|2020-09-09|SO|II Ca 799/19|Wyrok|https://www.saos.org.pl/judgments/421910
468721|2020-09-08|SO|I C 4/20|Wyrok|https://www.saos.org.pl/judgments/468721
421129|2020-09-04|SO|I C 1121/19|Wyrok|https://www.saos.org.pl/judgments/421129
474078|2020-09-03|SO|III AUa 216/19|Wyrok|https://www.saos.org.pl/judgments/474078
431446|2020-09-03|SO|I C 530/17|Wyrok|https://www.saos.org.pl/judgments/431446
434311|2020-09-02|SO|VIII Ca 518/20|Wyrok|https://www.saos.org.pl/judgments/434311
422581|2020-09-02|SO|I C 1210/20|Wyrok|https://www.saos.org.pl/judgments/422581
422584|2020-09-01|SO|I C 1472/20|Wyrok|https://www.saos.org.pl/judgments/422584
423798|2020-08-27|SO|VIII GC 81/19|Uzasadnienie|https://www.saos.org.pl/judgments/423798
425366|2020-08-19|SO|I C 1505/18|Wyrok|https://www.saos.org.pl/judgments/425366
419717|2020-08-19|SO|I C 921/19|Wyrok|https://www.saos.org.pl/judgments/419717
438414|2020-08-14|SO|II C 680/17|Wyrok|https://www.saos.org.pl/judgments/438414
420308|2020-08-10|SO|II C 475/18|Wyrok|https://www.saos.org.pl/judgments/420308
420835|2020-08-05|SO|I C 3628/19|Wyrok|https://www.saos.org.pl/judgments/420835
420831|2020-08-05|SO|I C 233/20|Wyrok|https://www.saos.org.pl/judgments/420831
426039|2020-08-04|SO|I C 1164/20|Wyrok|https://www.saos.org.pl/judgments/426039
421026|2020-08-03|SO|XXV C 128/19|Wyrok|https://www.saos.org.pl/judgments/421026
419342|2020-07-31|SO|II C 806/17|Wyrok|https://www.saos.org.pl/judgments/419342
420147|2020-07-30|SO|II C 1049/18|Wyrok|https://www.saos.org.pl/judgments/420147
419341|2020-07-30|SO|II C 80/18|Wyrok|https://www.saos.org.pl/judgments/419341
417320|2020-07-29|SO|I C 130/20|Uzasadnienie|https://www.saos.org.pl/judgments/417320
421403|2020-07-28|SO|I C 106/20|Uzasadnienie|https://www.saos.org.pl/judgments/421403
526580|2020-07-27|SO|II Ca 191/20|Uzasadnienie|https://www.saos.org.pl/judgments/526580
421418|2020-07-23|SO|I C 1956/19|Wyrok|https://www.saos.org.pl/judgments/421418
420240|2020-07-23|SO|I C 140/20|Wyrok|https://www.saos.org.pl/judgments/420240
420232|2020-07-20|SO|I C 1154/18|Wyrok|https://www.saos.org.pl/judgments/420232
416535|2020-07-20|SO|I C 59/20|Wyrok|https://www.saos.org.pl/judgments/416535
438146|2020-07-16|SO|I C 1288/16|Wyrok|https://www.saos.org.pl/judgments/438146
424592|2020-07-14|SO|X Ga 474/19|Wyrok|https://www.saos.org.pl/judgments/424592
416717|2020-07-14|SO|II C 448/18|Wyrok|https://www.saos.org.pl/judgments/416717
420153|2020-07-09|SO|II C 63/19|Wyrok|https://www.saos.org.pl/judgments/420153
419340|2020-07-09|SO|II C 558/18|Wyrok|https://www.saos.org.pl/judgments/419340
417764|2020-07-07|SO|I ACa 366/19|Wyrok|https://www.saos.org.pl/judgments/417764
421122|2020-07-06|SO|XXV C 440/19|Wyrok|https://www.saos.org.pl/judgments/421122
419338|2020-07-06|SO|II C 146/18|Wyrok|https://www.saos.org.pl/judgments/419338
427727|2020-07-03|SO|I ACa 735/19|Wyrok|https://www.saos.org.pl/judgments/427727
420996|2020-07-03|SO|V GC 798/19|Wyrok|https://www.saos.org.pl/judgments/420996
420155|2020-07-03|SO|II C 739/18|Wyrok|https://www.saos.org.pl/judgments/420155
418313|2020-07-02|SO|I C 1399/18|Wyrok|https://www.saos.org.pl/judgments/418313
422578|2020-07-01|SO|I C 1021/20|Wyrok|https://www.saos.org.pl/judgments/422578
417255|2020-07-01|SO|I C 709/20|Wyrok|https://www.saos.org.pl/judgments/417255
422608|2020-06-29|SO|I C 768/20|Wyrok|https://www.saos.org.pl/judgments/422608
420154|2020-06-29|SO|II C 658/17|Wyrok|https://www.saos.org.pl/judgments/420154
420152|2020-06-25|SO|II C 561/18|Wyrok|https://www.saos.org.pl/judgments/420152
428603|2020-06-23|SO|I AGa 231/19|Wyrok|https://www.saos.org.pl/judgments/428603
420150|2020-06-22|SO|II C 240/18|Wyrok|https://www.saos.org.pl/judgments/420150
426857|2020-06-19|SO|V GC 341/20|Wyrok|https://www.saos.org.pl/judgments/426857
420924|2020-06-19|SO|I C 522/20|Wyrok|https://www.saos.org.pl/judgments/420924
443618|2020-06-17|SO|I ACa 827/19|Wyrok|https://www.saos.org.pl/judgments/443618
432797|2020-06-16|SO|V ACa 432/19|Wyrok|https://www.saos.org.pl/judgments/432797
420151|2020-06-10|SO|II C 487/19|Wyrok|https://www.saos.org.pl/judgments/420151
419335|2020-06-08|SO|II C 1079/17|Wyrok|https://www.saos.org.pl/judgments/419335
416684|2020-06-04|SO|VIII Ga 380/19|Uzasadnienie|https://www.saos.org.pl/judgments/416684
424953|2020-06-03|SO|II C 524/17|Wyrok|https://www.saos.org.pl/judgments/424953
416297|2020-06-03|SO|I C 467/20|Wyrok|https://www.saos.org.pl/judgments/416297
415301|2020-06-01|SO|I C 55/20|Wyrok|https://www.saos.org.pl/judgments/415301
412952|2020-05-29|SO|I AGa 113/19|Wyrok|https://www.saos.org.pl/judgments/412952
441864|2020-05-20|SO|II Ca 73/20|Wyrok|https://www.saos.org.pl/judgments/441864
421034|2020-05-18|SO|XXV C 2764/18|Wyrok|https://www.saos.org.pl/judgments/421034
415744|2020-05-11|SO|I C 47/20|Wyrok|https://www.saos.org.pl/judgments/415744
426325|2020-04-28|SO|I ACa 110/20|Wyrok|https://www.saos.org.pl/judgments/426325
412060|2020-04-07|SO|VIII GC 241/17|Uzasadnienie|https://www.saos.org.pl/judgments/412060
416839|2020-03-23|SO|XV Ca 125/20|Wyrok|https://www.saos.org.pl/judgments/416839
416082|2020-03-18|SO|VIII K 128/19|Uzasadnienie|https://www.saos.org.pl/judgments/416082
411216|2020-03-17|SO|I C 969/19|Uzasadnienie|https://www.saos.org.pl/judgments/411216
411157|2020-03-17|SO|I C 2084/19|Uzasadnienie|https://www.saos.org.pl/judgments/411157
419345|2020-03-12|SO|II C 862/17|Wyrok|https://www.saos.org.pl/judgments/419345
444544|2020-03-09|SO|XXVII Ca 2396/17|Wyrok|https://www.saos.org.pl/judgments/444544
446172|2020-03-06|SO|I C 3865/19|Wyrok|https://www.saos.org.pl/judgments/446172
413780|2020-03-06|SO|I C 3285/18|Wyrok|https://www.saos.org.pl/judgments/413780
441282|2020-03-04|SO|VIII GC 1000/18|Wyrok|https://www.saos.org.pl/judgments/441282
432583|2020-03-03|SO|I C 1364/18|Wyrok|https://www.saos.org.pl/judgments/432583
428106|2020-03-03|SO|XXVII Ca 2125/18|Wyrok|https://www.saos.org.pl/judgments/428106
420603|2020-03-02|SO|XXV C 2101/18|Wyrok|https://www.saos.org.pl/judgments/420603
406476|2020-03-02|SO|I C 2106/19|Uzasadnienie|https://www.saos.org.pl/judgments/406476
414778|2020-02-28|SO|I ACa 739/18|Wyrok|https://www.saos.org.pl/judgments/414778
406474|2020-02-28|SO|I C 2104/19|Uzasadnienie|https://www.saos.org.pl/judgments/406474
419410|2020-02-27|SO|I Ca 155/19|Wyrok|https://www.saos.org.pl/judgments/419410
424696|2020-02-26|SO|I C 2702/18|Wyrok|https://www.saos.org.pl/judgments/424696
411301|2020-02-24|SO|II C 409/18|Wyrok|https://www.saos.org.pl/judgments/411301
406465|2020-02-20|SO|I C 1618/19|Uzasadnienie|https://www.saos.org.pl/judgments/406465
417132|2020-02-19|SO|I C 3551/19|Wyrok|https://www.saos.org.pl/judgments/417132
416532|2020-02-19|SO|I C 3556/19|Wyrok|https://www.saos.org.pl/judgments/416532
416296|2020-02-19|SO|I C 3643/19|Wyrok|https://www.saos.org.pl/judgments/416296
408369|2020-02-19|SO|I C 3547/19|Wyrok|https://www.saos.org.pl/judgments/408369
432154|2020-02-18|SO|X C 1771/19|Wyrok|https://www.saos.org.pl/judgments/432154
411130|2020-02-18|SO|I AGa 45/19|Wyrok|https://www.saos.org.pl/judgments/411130
406253|2020-02-17|SO|XII C 631/19|Wyrok|https://www.saos.org.pl/judgments/406253
439410|2020-02-14|SO|XV C 503/19|Wyrok|https://www.saos.org.pl/judgments/439410
450695|2020-02-12|SO|III C 237/17|Wyrok|https://www.saos.org.pl/judgments/450695
544814|2020-02-06|SO|XX GC 728/11|Wyrok|https://www.saos.org.pl/judgments/544814
429719|2020-02-06|SO|I ACa 546/18|Wyrok|https://www.saos.org.pl/judgments/429719
410389|2020-02-06|SO|V AGa 464/18|Wyrok|https://www.saos.org.pl/judgments/410389
410011|2020-02-06|SO|I C 1515/18|Wyrok|https://www.saos.org.pl/judgments/410011
418280|2020-02-05|SO|XXV C 2893/19|Wyrok|https://www.saos.org.pl/judgments/418280
407986|2020-02-05|SO|II C 65/18|Wyrok|https://www.saos.org.pl/judgments/407986
405853|2020-02-04|SO|I C 685/19|Wyrok|https://www.saos.org.pl/judgments/405853
411153|2020-01-30|SO|I C 1993/19|Wyrok|https://www.saos.org.pl/judgments/411153
408458|2020-01-30|SO|I ACa 716/19|Wyrok|https://www.saos.org.pl/judgments/408458
410447|2020-01-24|SO|I C 570/19|Wyrok|https://www.saos.org.pl/judgments/410447
405471|2020-01-24|SO|I Ca 20/20|Wyrok|https://www.saos.org.pl/judgments/405471
408509|2020-01-22|SO|I C 3394/19|Wyrok|https://www.saos.org.pl/judgments/408509
408504|2020-01-22|SO|I C 2612/19|Wyrok|https://www.saos.org.pl/judgments/408504
407038|2020-01-22|SO|I C 2969/19|Wyrok|https://www.saos.org.pl/judgments/407038
409927|2020-01-21|SO|I Ca 28/19|Wyrok|https://www.saos.org.pl/judgments/409927
402158|2020-01-20|SO|XI GC 1489/19|Wyrok|https://www.saos.org.pl/judgments/402158
408507|2020-01-17|SO|I C 3267/19|Wyrok|https://www.saos.org.pl/judgments/408507
407039|2020-01-10|SO|I C 3149/19|Wyrok|https://www.saos.org.pl/judgments/407039
429422|2020-01-09|SO|I C 1060/19|Uzasadnienie|https://www.saos.org.pl/judgments/429422
410026|2020-01-09|SO|II C 352/18|Wyrok|https://www.saos.org.pl/judgments/410026
412539|2020-01-03|SO|I C 733/17|Wyrok|https://www.saos.org.pl/judgments/412539
429402|2019-12-30|SO|I ACa 479/19|Wyrok|https://www.saos.org.pl/judgments/429402
425001|2019-12-30|SO|I ACa 598/18|Wyrok|https://www.saos.org.pl/judgments/425001
421132|2019-12-30|SO|II C 1038/17|Wyrok|https://www.saos.org.pl/judgments/421132
407614|2019-12-23|SO|II C 897/17|Wyrok|https://www.saos.org.pl/judgments/407614
405442|2019-12-20|SO|I C 1906/12|Wyrok|https://www.saos.org.pl/judgments/405442
403022|2019-12-20|SO|XXV C 2120/19|Wyrok|https://www.saos.org.pl/judgments/403022
402747|2019-12-20|SO|VIII Ga 126/19|Wyrok|https://www.saos.org.pl/judgments/402747
402793|2019-12-19|SO|I C 935/18|Wyrok|https://www.saos.org.pl/judgments/402793
415714|2019-12-18|SO|I AGa 157/19|Wyrok|https://www.saos.org.pl/judgments/415714
405189|2019-12-18|SO|I C 2817/19|Wyrok|https://www.saos.org.pl/judgments/405189
403232|2019-12-18|SO|XVII AmA 47/18|Wyrok|https://www.saos.org.pl/judgments/403232
401378|2019-12-18|SO|V ACa 110/19|Wyrok|https://www.saos.org.pl/judgments/401378
417398|2019-12-17|SO|XVIII C 600/19|Wyrok|https://www.saos.org.pl/judgments/417398
417250|2019-12-16|SO|I C 1726/19|Uzasadnienie|https://www.saos.org.pl/judgments/417250
408254|2019-12-13|SO|I ACa 408/19|Uzasadnienie|https://www.saos.org.pl/judgments/408254
407034|2019-12-13|SO|XXVII Ca 3480/16|Wyrok|https://www.saos.org.pl/judgments/407034
400260|2019-12-12|SO|V ACa 746/18|Wyrok|https://www.saos.org.pl/judgments/400260
412833|2019-12-11|SO|I C 2989/19|Wyrok|https://www.saos.org.pl/judgments/412833
412530|2019-12-11|SO|I C 3014/19|Wyrok|https://www.saos.org.pl/judgments/412530
400991|2019-12-10|SO|XXV C 1473/17|Wyrok|https://www.saos.org.pl/judgments/400991
403329|2019-12-09|SO|I C 249/19|Wyrok|https://www.saos.org.pl/judgments/403329
401401|2019-12-09|SO|XI GC 1472/19|Wyrok|https://www.saos.org.pl/judgments/401401
401690|2019-11-29|SO|I C 2148/19|Wyrok|https://www.saos.org.pl/judgments/401690
419067|2019-11-27|SO|XXIV C 1363/17|Wyrok|https://www.saos.org.pl/judgments/419067
408320|2019-11-27|SO|III C 383/17|Wyrok|https://www.saos.org.pl/judgments/408320
407970|2019-11-27|SO|I C 2730/19|Wyrok|https://www.saos.org.pl/judgments/407970
400857|2019-11-27|SO|I C 2745/19|Wyrok|https://www.saos.org.pl/judgments/400857
410435|2019-11-26|SO|I ACa 326/19|Wyrok|https://www.saos.org.pl/judgments/410435
404845|2019-11-25|SO|XXV C 85/18|Wyrok|https://www.saos.org.pl/judgments/404845
498109|2019-11-19|SO|I C 4266/19|Uzasadnienie|https://www.saos.org.pl/judgments/498109
413250|2019-11-13|SO|I C 2579/18|Wyrok|https://www.saos.org.pl/judgments/413250
403237|2019-11-13|SO|I ACa 268/19|Wyrok|https://www.saos.org.pl/judgments/403237
429462|2019-11-08|SO|I C 5318/18|Zarządzenie|https://www.saos.org.pl/judgments/429462
399627|2019-11-08|SO|XXIV C 1117/18|Wyrok|https://www.saos.org.pl/judgments/399627
407599|2019-11-06|SO|I C 2143/19|Wyrok|https://www.saos.org.pl/judgments/407599
407181|2019-10-25|SO|I C 2013/19|Wyrok|https://www.saos.org.pl/judgments/407181
420120|2019-10-24|SO|I C 173/19|Wyrok|https://www.saos.org.pl/judgments/420120
397785|2019-10-23|SO|I C 865/19|Wyrok|https://www.saos.org.pl/judgments/397785
407103|2019-10-18|SO|I ACa 305/19|Wyrok|https://www.saos.org.pl/judgments/407103
431392|2019-10-17|SO|I C 1476/17|Wyrok|https://www.saos.org.pl/judgments/431392
416294|2019-10-16|SO|I C 2176/19|Wyrok|https://www.saos.org.pl/judgments/416294
416290|2019-10-16|SO|I C 1331/19|Wyrok|https://www.saos.org.pl/judgments/416290
402740|2019-10-11|SO|V ACa 272/19|Wyrok|https://www.saos.org.pl/judgments/402740
414657|2019-10-04|SO|I C 2684/19|Uzasadnienie|https://www.saos.org.pl/judgments/414657
398254|2019-10-02|SO|I AGa 65/19|Wyrok|https://www.saos.org.pl/judgments/398254
392607|2019-09-30|SO|XII C 1736/18|Wyrok|https://www.saos.org.pl/judgments/392607
420130|2019-09-27|SO|I C 4901/18|Wyrok|https://www.saos.org.pl/judgments/420130
395251|2019-09-27|SO|XXIV C 222/17|Wyrok|https://www.saos.org.pl/judgments/395251
394486|2019-09-25|SO|I Ca 281/19|Wyrok|https://www.saos.org.pl/judgments/394486
408990|2019-09-24|SO|I C 722/19|Wyrok|https://www.saos.org.pl/judgments/408990
421013|2019-09-23|SO|VIII GC 622/19|Wyrok|https://www.saos.org.pl/judgments/421013
395728|2019-09-23|SO|II K 410/19|Zarządzenie|https://www.saos.org.pl/judgments/395728
414663|2019-09-21|SO|I C 3111/19|Uzasadnienie|https://www.saos.org.pl/judgments/414663
396770|2019-09-19|SO|XXV C 353/19|Wyrok|https://www.saos.org.pl/judgments/396770
417118|2019-09-18|SO|I C 1372/19|Wyrok|https://www.saos.org.pl/judgments/417118
414664|2019-09-17|SO|I C 3112/19|Uzasadnienie|https://www.saos.org.pl/judgments/414664
427911|2019-09-13|SO|II C 7159/18|Uzasadnienie|https://www.saos.org.pl/judgments/427911
396782|2019-09-11|SO|I C 1566/19|Wyrok|https://www.saos.org.pl/judgments/396782
404408|2019-09-10|SO|I C 1415/18|Wyrok|https://www.saos.org.pl/judgments/404408
396149|2019-08-13|SO|III Ca 384/19|Uzasadnienie|https://www.saos.org.pl/judgments/396149
400932|2019-08-07|SO|IV Ca 486/19|Wyrok|https://www.saos.org.pl/judgments/400932
392371|2019-08-07|SO|I C 1656/19|Wyrok|https://www.saos.org.pl/judgments/392371
392131|2019-08-07|SO|I C 1031/19|Wyrok|https://www.saos.org.pl/judgments/392131
403877|2019-08-06|SO|XXV C 355/18|Postanowienie|https://www.saos.org.pl/judgments/403877
427896|2019-07-29|SO|II C 5665/18|Uzasadnienie|https://www.saos.org.pl/judgments/427896
427894|2019-07-29|SO|II C 5655/18|Uzasadnienie|https://www.saos.org.pl/judgments/427894
391736|2019-07-26|SO|I C 518/19|Wyrok|https://www.saos.org.pl/judgments/391736
392859|2019-07-25|SO|VIII Ga 151/19|Uzasadnienie|https://www.saos.org.pl/judgments/392859
400286|2019-07-24|SO|I C 217/19|Wyrok|https://www.saos.org.pl/judgments/400286
398381|2019-07-24|SO|I C 1103/19|Wyrok|https://www.saos.org.pl/judgments/398381
396466|2019-07-24|SO|I C 1102/19|Wyrok|https://www.saos.org.pl/judgments/396466
391234|2019-07-24|SO|I C 1102/19|Wyrok|https://www.saos.org.pl/judgments/391234
427909|2019-07-18|SO|II C 7126/18|Uzasadnienie|https://www.saos.org.pl/judgments/427909
394798|2019-07-18|SO|XV Ca 1007/19|Wyrok|https://www.saos.org.pl/judgments/394798
447455|2019-07-15|SO|XXV C 1858/16|Wyrok|https://www.saos.org.pl/judgments/447455
392291|2019-07-12|SO|XXIV C 1291/17|Wyrok|https://www.saos.org.pl/judgments/392291
427901|2019-07-10|SO|II C 6379/18|Uzasadnienie|https://www.saos.org.pl/judgments/427901
392744|2019-07-10|SO|XIX Ga 1274/17|Uzasadnienie|https://www.saos.org.pl/judgments/392744
415787|2019-07-09|SO|II C 6389/18|Uzasadnienie|https://www.saos.org.pl/judgments/415787
385889|2019-07-09|SO|XII C 1584/18|Wyrok|https://www.saos.org.pl/judgments/385889
391819|2019-07-03|SO|I ACa 157/19|Wyrok|https://www.saos.org.pl/judgments/391819
391404|2019-07-01|SO|III Ca 1884/18|Uzasadnienie|https://www.saos.org.pl/judgments/391404
389243|2019-07-01|SO|V ACa 118/18|Wyrok|https://www.saos.org.pl/judgments/389243
456655|2019-06-28|SO|III K 416/19|Wyrok|https://www.saos.org.pl/judgments/456655
396510|2019-06-25|SO|I C 916/19|Wyrok|https://www.saos.org.pl/judgments/396510
394823|2019-06-25|SO|I C 918/19|Wyrok|https://www.saos.org.pl/judgments/394823
394822|2019-06-25|SO|I C 915/19|Wyrok|https://www.saos.org.pl/judgments/394822
391042|2019-06-25|SO|I C 934/19|Wyrok|https://www.saos.org.pl/judgments/391042
390251|2019-06-19|SO|VIII Ca 296/19|Wyrok|https://www.saos.org.pl/judgments/390251
391638|2019-06-17|SO|I C 166/18|Wyrok|https://www.saos.org.pl/judgments/391638
387211|2019-06-17|SO|I C 985/18|Wyrok|https://www.saos.org.pl/judgments/387211
388217|2019-06-13|SO|I Ca 178/19|Wyrok|https://www.saos.org.pl/judgments/388217
425746|2019-06-12|SO|XXIII Gz 398/19|Postanowienie|https://www.saos.org.pl/judgments/425746
423086|2019-06-12|SO|I C 1011/18|Zarządzenie|https://www.saos.org.pl/judgments/423086
403327|2019-06-11|SO|I C 2413/18|Wyrok|https://www.saos.org.pl/judgments/403327
415784|2019-06-07|SO|II C 6304/18|Uzasadnienie|https://www.saos.org.pl/judgments/415784
427734|2019-05-30|SO|I ACa 840/18|Wyrok|https://www.saos.org.pl/judgments/427734
391505|2019-05-30|SO|I ACa 84/19|Wyrok|https://www.saos.org.pl/judgments/391505
391271|2019-05-30|SO|IV C 1296/16|Wyrok|https://www.saos.org.pl/judgments/391271
396474|2019-05-29|SO|I C 1819/18|Wyrok|https://www.saos.org.pl/judgments/396474
387141|2019-05-29|SO|I C 433/19|Wyrok|https://www.saos.org.pl/judgments/387141
387135|2019-05-29|SO|I C 1111/19|Wyrok|https://www.saos.org.pl/judgments/387135
389973|2019-05-28|SO|VI GC 1575/18|Wyrok|https://www.saos.org.pl/judgments/389973
387286|2019-05-28|SO|I C 192/19|Uzasadnienie|https://www.saos.org.pl/judgments/387286
384970|2019-05-28|SO|II C 329/19|Zarządzenie|https://www.saos.org.pl/judgments/384970
384518|2019-05-24|SO|I Ca 204/19|Wyrok|https://www.saos.org.pl/judgments/384518
406131|2019-05-20|SO|I Ca 622/18|Wyrok|https://www.saos.org.pl/judgments/406131
388098|2019-05-20|SO|I C 430/19|Wyrok|https://www.saos.org.pl/judgments/388098
385273|2019-05-20|SO|XXV C 573/17|Wyrok|https://www.saos.org.pl/judgments/385273
391362|2019-05-17|SO|I C 1086/19|Wyrok|https://www.saos.org.pl/judgments/391362
387204|2019-05-17|SO|I C 800/18|Uzasadnienie|https://www.saos.org.pl/judgments/387204
387134|2019-05-17|SO|I C 1087/19|Wyrok|https://www.saos.org.pl/judgments/387134
383571|2019-05-16|SO|I C 3567/17|Wyrok|https://www.saos.org.pl/judgments/383571
392375|2019-05-10|SO|I C 999/19|Wyrok|https://www.saos.org.pl/judgments/392375
390315|2019-05-10|SO|III Ca 1945/18|Wyrok|https://www.saos.org.pl/judgments/390315
389847|2019-05-09|SO|I AGa 192/18|Wyrok|https://www.saos.org.pl/judgments/389847
383762|2019-05-08|SO|I C 741/19|Wyrok|https://www.saos.org.pl/judgments/383762
383455|2019-05-08|SO|I C 760/19|Wyrok|https://www.saos.org.pl/judgments/383455
419442|2019-04-30|SO|I ACa 591/18|Wyrok|https://www.saos.org.pl/judgments/419442
392889|2019-04-30|SO|I C 2056/17|Wyrok|https://www.saos.org.pl/judgments/392889
389928|2019-04-30|SO|III Ca 1960/18|Uzasadnienie|https://www.saos.org.pl/judgments/389928
381098|2019-04-30|SO|XII C 2116/18|Wyrok|https://www.saos.org.pl/judgments/381098
392504|2019-04-24|SO|II Ca 584/19|Wyrok|https://www.saos.org.pl/judgments/392504
426136|2019-04-18|SO|IV C 460/18|Wyrok|https://www.saos.org.pl/judgments/426136
383760|2019-04-17|SO|I C 4632/18|Wyrok|https://www.saos.org.pl/judgments/383760
383739|2019-04-16|SO|VII AGa 1091/18|Wyrok|https://www.saos.org.pl/judgments/383739
443469|2019-04-15|SO|I C 112/19|Uzasadnienie|https://www.saos.org.pl/judgments/443469
387679|2019-04-15|SO|III Ca 2054/18|Uzasadnienie|https://www.saos.org.pl/judgments/387679
383765|2019-04-10|SO|I C 836/19|Wyrok|https://www.saos.org.pl/judgments/383765
377379|2019-04-10|SO|I C 865/18|Zarządzenie|https://www.saos.org.pl/judgments/377379
377132|2019-04-10|SO|I C 393/19|Wyrok|https://www.saos.org.pl/judgments/377132
451417|2019-04-03|SO|III C 62/19|Wyrok|https://www.saos.org.pl/judgments/451417
417704|2019-04-02|SO|I AGa 256/18|Wyrok|https://www.saos.org.pl/judgments/417704
388800|2019-04-02|SO|V AGa 28/19|Wyrok|https://www.saos.org.pl/judgments/388800
388813|2019-04-01|SO|X C 3757/18|Uzasadnienie|https://www.saos.org.pl/judgments/388813
387631|2019-03-29|SO|III Ca 1757/18|Uzasadnienie|https://www.saos.org.pl/judgments/387631
382975|2019-03-27|SO|V Ca 39/19|Wyrok|https://www.saos.org.pl/judgments/382975
377250|2019-03-27|SO|I C 619/19|Wyrok|https://www.saos.org.pl/judgments/377250
377148|2019-03-22|SO|I C 4134/18|Wyrok|https://www.saos.org.pl/judgments/377148
529186|2019-03-21|SO|II Ca 848/18|Zarządzenie|https://www.saos.org.pl/judgments/529186
388093|2019-03-21|SO|I C 184/19|Wyrok|https://www.saos.org.pl/judgments/388093
381051|2019-03-21|SO|XI GC 205/19|Wyrok|https://www.saos.org.pl/judgments/381051
381050|2019-03-21|SO|XI GC 204/19|Wyrok|https://www.saos.org.pl/judgments/381050
391032|2019-03-20|SO|I C 4/19|Wyrok|https://www.saos.org.pl/judgments/391032
376988|2019-03-19|SO|I C 2111/18|Wyrok|https://www.saos.org.pl/judgments/376988
377139|2019-03-13|SO|I C 4041/18|Wyrok|https://www.saos.org.pl/judgments/377139
376909|2019-03-12|SO|I C 164/19|Wyrok|https://www.saos.org.pl/judgments/376909
420700|2019-03-11|SO|XXV C 1111/17|Wyrok|https://www.saos.org.pl/judgments/420700
378823|2019-03-07|SO|III Ca 1591/18|Wyrok|https://www.saos.org.pl/judgments/378823
378793|2019-03-07|SO|III Ca 1530/18|Wyrok|https://www.saos.org.pl/judgments/378793
377186|2019-03-06|SO|I C 4823/18|Wyrok|https://www.saos.org.pl/judgments/377186
454940|2019-03-04|SO|III C 701/18|Wyrok|https://www.saos.org.pl/judgments/454940
373102|2019-03-04|SO|XI GC 176/19|Wyrok|https://www.saos.org.pl/judgments/373102
376991|2019-03-01|SO|I C 212/18|Uzasadnienie|https://www.saos.org.pl/judgments/376991
374418|2019-02-26|SO|I ACa 340/17|Wyrok|https://www.saos.org.pl/judgments/374418
376247|2019-02-22|SO|XXIV C 924/16|Wyrok|https://www.saos.org.pl/judgments/376247
445901|2019-02-21|SO|II C 1047/18|Zarządzenie|https://www.saos.org.pl/judgments/445901
379580|2019-02-21|SO|IX Ca 925/18|Wyrok|https://www.saos.org.pl/judgments/379580
395813|2019-02-19|SO|XVIII C 1763/18|Wyrok|https://www.saos.org.pl/judgments/395813
376979|2019-02-19|SO|I C 2034/18|Wyrok|https://www.saos.org.pl/judgments/376979
372390|2019-02-14|SO|I AGa 193/18|Wyrok|https://www.saos.org.pl/judgments/372390
382102|2019-02-13|SO|I C 45/19|Wyrok|https://www.saos.org.pl/judgments/382102
381200|2019-02-08|SO|XIV C 562/16|Wyrok|https://www.saos.org.pl/judgments/381200
497067|2019-02-07|SO|I C 2486/17|Wyrok|https://www.saos.org.pl/judgments/497067
382105|2019-02-06|SO|I C 4903/18|Wyrok|https://www.saos.org.pl/judgments/382105
372860|2019-02-06|SO|I C 4807/18|Wyrok|https://www.saos.org.pl/judgments/372860
370309|2019-02-04|SO|XI GC 2055/18|Wyrok|https://www.saos.org.pl/judgments/370309
414439|2019-01-31|SO|I C 3801/18|Zarządzenie|https://www.saos.org.pl/judgments/414439
383451|2019-01-30|SO|I C 2327/18|Wyrok|https://www.saos.org.pl/judgments/383451
382027|2019-01-30|SO|V ACa 503/18|Wyrok|https://www.saos.org.pl/judgments/382027
432845|2019-01-29|SO|I ACa 599/18|Wyrok|https://www.saos.org.pl/judgments/432845
367720|2019-01-16|SO|XIII Ga 832/18|Uzasadnienie|https://www.saos.org.pl/judgments/367720
370471|2019-01-14|SO|I C 2033/18|Wyrok|https://www.saos.org.pl/judgments/370471
377154|2019-01-11|SO|I C 421/18|Wyrok|https://www.saos.org.pl/judgments/377154
372859|2019-01-09|SO|I C 4447/18|Wyrok|https://www.saos.org.pl/judgments/372859
370598|2019-01-04|SO|VIII Ga 612/18|Uzasadnienie|https://www.saos.org.pl/judgments/370598
368221|2018-12-31|SO|V ACa 1263/17|Wyrok|https://www.saos.org.pl/judgments/368221
405193|2018-12-21|SO|I C 412/18|Wyrok|https://www.saos.org.pl/judgments/405193
386357|2018-12-20|SO|X C 2152/18|Wyrok|https://www.saos.org.pl/judgments/386357
368112|2018-12-19|SO|XII C 1428/18|Wyrok|https://www.saos.org.pl/judgments/368112
372203|2018-12-14|SO|I ACa 568/18|Wyrok|https://www.saos.org.pl/judgments/372203
379917|2018-12-13|SO|VI ACa 746/18|Wyrok|https://www.saos.org.pl/judgments/379917
366359|2018-12-13|SO|I Ca 436/18|Wyrok|https://www.saos.org.pl/judgments/366359
377105|2018-12-12|SO|I C 3688/18|Wyrok|https://www.saos.org.pl/judgments/377105
367448|2018-12-11|SO|I C 1447/18|Wyrok|https://www.saos.org.pl/judgments/367448
422954|2018-12-06|SO|IX GC 2511/17|Uzasadnienie|https://www.saos.org.pl/judgments/422954
366343|2018-12-05|SO|I C 18/17|Wyrok|https://www.saos.org.pl/judgments/366343
373262|2018-11-30|SO|I C 4071/18|Wyrok|https://www.saos.org.pl/judgments/373262
367739|2018-11-30|SO|I C 4053/18|Wyrok|https://www.saos.org.pl/judgments/367739
367358|2018-11-30|SO|II Ca 1266/18|Wyrok|https://www.saos.org.pl/judgments/367358
371033|2018-11-29|SO|I Ca 246/18|Wyrok|https://www.saos.org.pl/judgments/371033
433070|2018-11-27|SO|I ACa 174/18|Wyrok|https://www.saos.org.pl/judgments/433070
364193|2018-11-21|SO|XIV C 1287/16|Wyrok|https://www.saos.org.pl/judgments/364193
402035|2018-11-20|SO|I AGa 294/18|Wyrok|https://www.saos.org.pl/judgments/402035
378074|2018-11-19|SO|II Ca 880/18|Wyrok|https://www.saos.org.pl/judgments/378074
363561|2018-11-19|SO|I C 901/18|Postanowienie|https://www.saos.org.pl/judgments/363561
403009|2018-11-15|SO|X C 1762/18|Wyrok|https://www.saos.org.pl/judgments/403009
379775|2018-11-14|SO|V Ca 2630/18|Wyrok|https://www.saos.org.pl/judgments/379775
370426|2018-11-14|SO|V GC 1386/18|Wyrok|https://www.saos.org.pl/judgments/370426
364201|2018-11-14|SO|I C 517/18|Wyrok|https://www.saos.org.pl/judgments/364201
380864|2018-11-13|SO|X GC 177/18|Uzasadnienie|https://www.saos.org.pl/judgments/380864
362341|2018-11-13|SO|XIII Ga 513/18|Uzasadnienie|https://www.saos.org.pl/judgments/362341
377086|2018-11-09|SO|I C 3267/18|Wyrok|https://www.saos.org.pl/judgments/377086
365254|2018-11-09|SO|III Ca 1498/18|Uzasadnienie|https://www.saos.org.pl/judgments/365254
368866|2018-11-07|SO|I1 C 1887/18|Wyrok|https://www.saos.org.pl/judgments/368866
368358|2018-11-07|SO|III Ca 438/18|Wyrok|https://www.saos.org.pl/judgments/368358
362956|2018-11-06|SO|XI GC 1117/18|Uzasadnienie|https://www.saos.org.pl/judgments/362956
374172|2018-11-05|SO|V AGa 151/18|Wyrok|https://www.saos.org.pl/judgments/374172
365428|2018-11-05|SO|I C 1673/17|Wyrok|https://www.saos.org.pl/judgments/365428
417110|2018-10-26|SO|XVIII C 494/18|Wyrok|https://www.saos.org.pl/judgments/417110
360073|2018-10-25|SO|I C 1026/18|Wyrok|https://www.saos.org.pl/judgments/360073
363701|2018-10-22|SO|I C 314/18|Wyrok|https://www.saos.org.pl/judgments/363701
361784|2018-10-16|SO|I C 163/18|Wyrok|https://www.saos.org.pl/judgments/361784
363099|2018-10-15|SO|I C 267/18|Wyrok|https://www.saos.org.pl/judgments/363099
428752|2018-10-11|SO|V AGa 223/18|Wyrok|https://www.saos.org.pl/judgments/428752
358813|2018-10-11|SO|XI GC 309/18|Wyrok|https://www.saos.org.pl/judgments/358813
362384|2018-10-10|SO|I C 449/17|Wyrok|https://www.saos.org.pl/judgments/362384
361778|2018-10-10|SO|I C 1348/18|Wyrok|https://www.saos.org.pl/judgments/361778
361553|2018-10-08|SO|VI K 608/18|Wyrok|https://www.saos.org.pl/judgments/361553
370208|2018-10-04|SO|I Ca 175/18|Wyrok|https://www.saos.org.pl/judgments/370208
373186|2018-10-02|SO|I ACa 1531/17|Wyrok|https://www.saos.org.pl/judgments/373186
365526|2018-09-28|SO|I C 1486/18|Wyrok|https://www.saos.org.pl/judgments/365526
363696|2018-09-28|SO|I C 1261/18|Wyrok|https://www.saos.org.pl/judgments/363696
363694|2018-09-28|SO|I C 1198/18|Wyrok|https://www.saos.org.pl/judgments/363694
360427|2018-09-28|SO|I C 938/18|Wyrok|https://www.saos.org.pl/judgments/360427
359846|2018-09-27|SO|I ACa 447/18|Wyrok|https://www.saos.org.pl/judgments/359846
385666|2018-09-25|SO|III AUa 108/18|Wyrok|https://www.saos.org.pl/judgments/385666
363101|2018-09-24|SO|I C 287/18|Wyrok|https://www.saos.org.pl/judgments/363101
361914|2018-09-24|SO|III Ca 948/18|Uzasadnienie|https://www.saos.org.pl/judgments/361914
358604|2018-09-24|SO|VIII GC 69/15|Uzasadnienie|https://www.saos.org.pl/judgments/358604
363939|2018-09-20|SO|III Ca 506/18|Wyrok|https://www.saos.org.pl/judgments/363939
357607|2018-09-20|SO|II C 708/17|Wyrok|https://www.saos.org.pl/judgments/357607
357017|2018-09-19|SO|I C 514/18|Wyrok|https://www.saos.org.pl/judgments/357017
357033|2018-09-17|SO|II C 838/17|Wyrok|https://www.saos.org.pl/judgments/357033
361887|2018-09-13|SO|III Ca 407/18|Wyrok|https://www.saos.org.pl/judgments/361887
369544|2018-09-06|SO|III AUa 3/18|Wyrok|https://www.saos.org.pl/judgments/369544
361118|2018-08-30|SO|X C 1323/18|Wyrok|https://www.saos.org.pl/judgments/361118
357015|2018-08-29|SO|I C 384/18|Wyrok|https://www.saos.org.pl/judgments/357015
357012|2018-08-29|SO|I C 2697/18|Wyrok|https://www.saos.org.pl/judgments/357012
355496|2018-08-29|SO|X C 905/18|Uzasadnienie|https://www.saos.org.pl/judgments/355496
375467|2018-08-14|SO|IV Ca 1932/16|Wyrok|https://www.saos.org.pl/judgments/375467
355659|2018-08-10|SO|I C 132/18|Wyrok|https://www.saos.org.pl/judgments/355659
351721|2018-08-06|SO|VIII U 1436/17|Zarządzenie|https://www.saos.org.pl/judgments/351721
447628|2018-07-31|SO|III C 632/18|Postanowienie|https://www.saos.org.pl/judgments/447628
351115|2018-07-31|SO|III C 1884/17|Postanowienie|https://www.saos.org.pl/judgments/351115
355647|2018-07-27|SO|XXIV C 241/17|Wyrok|https://www.saos.org.pl/judgments/355647
375240|2018-07-20|SO|I C 4656/17|Uzasadnienie|https://www.saos.org.pl/judgments/375240
358219|2018-07-16|SO|I C 2285/16|Wyrok|https://www.saos.org.pl/judgments/358219
355061|2018-07-13|SO|I C 2126/18|Wyrok|https://www.saos.org.pl/judgments/355061
375828|2018-07-12|SO|VII U 1181/16|Wyrok|https://www.saos.org.pl/judgments/375828
362586|2018-07-12|SO|I C 1162/17|Wyrok|https://www.saos.org.pl/judgments/362586
355349|2018-07-12|SO|V ACa 1429/17|Wyrok|https://www.saos.org.pl/judgments/355349
351904|2018-07-12|SO|VI Ca 513/18|Wyrok|https://www.saos.org.pl/judgments/351904
356163|2018-07-11|SO|I C 1965/18|Wyrok|https://www.saos.org.pl/judgments/356163
384079|2018-07-03|SO|I C 4448/17|Uzasadnienie|https://www.saos.org.pl/judgments/384079
359005|2018-07-02|SO|II C 640/18|Zarządzenie|https://www.saos.org.pl/judgments/359005
350770|2018-06-27|SO|I1 C 1194/17|Wyrok|https://www.saos.org.pl/judgments/350770
351080|2018-06-26|SO|II C 152/18|Uzasadnienie|https://www.saos.org.pl/judgments/351080
365999|2018-06-22|SO|XVII AmC 1252/15|Wyrok|https://www.saos.org.pl/judgments/365999
349100|2018-06-20|SO|V ACa 642/17|Wyrok|https://www.saos.org.pl/judgments/349100
349592|2018-06-19|SO|XVIII C 1236/16|Wyrok|https://www.saos.org.pl/judgments/349592
349976|2018-06-18|SO|III APa 1/18|Wyrok|https://www.saos.org.pl/judgments/349976
345339|2018-06-18|SO|I ACa 342/16|Wyrok|https://www.saos.org.pl/judgments/345339
423583|2018-06-15|SO|I C 1743/17|Wyrok|https://www.saos.org.pl/judgments/423583
347388|2018-06-15|SO|VIII Ga 54/18|Uzasadnienie|https://www.saos.org.pl/judgments/347388
356689|2018-06-13|SO|I C 1402/18|Wyrok|https://www.saos.org.pl/judgments/356689
348925|2018-06-08|SO|I C 4524/17|Wyrok|https://www.saos.org.pl/judgments/348925
345598|2018-06-08|SO|I ACa 143/18|Wyrok|https://www.saos.org.pl/judgments/345598
341692|2018-06-05|SO|XIII Ga 457/18|Uzasadnienie|https://www.saos.org.pl/judgments/341692
371993|2018-05-30|SO|I C 3616/17|Uzasadnienie|https://www.saos.org.pl/judgments/371993
360601|2018-05-30|SO|XXV C 2172/17|Wyrok|https://www.saos.org.pl/judgments/360601
351467|2018-05-30|SO|IV C 75/18|Wyrok|https://www.saos.org.pl/judgments/351467
344226|2018-05-30|SO|I ACa 1233/17|Wyrok|https://www.saos.org.pl/judgments/344226
351032|2018-05-29|SO|I C 1110/16|Wyrok|https://www.saos.org.pl/judgments/351032
345049|2018-05-28|SO|XII C 2139/17|Wyrok|https://www.saos.org.pl/judgments/345049
352754|2018-05-22|SO|III AUa 41/18|Wyrok|https://www.saos.org.pl/judgments/352754
344474|2018-05-18|SO|I C 4575/17|Wyrok|https://www.saos.org.pl/judgments/344474
373723|2018-05-16|SO|I C 1089/17|Uzasadnienie|https://www.saos.org.pl/judgments/373723
344804|2018-05-16|SO|VI Ga 415/17|Uzasadnienie|https://www.saos.org.pl/judgments/344804
347326|2018-05-11|SO|IV Pa 14/18|Wyrok|https://www.saos.org.pl/judgments/347326
343281|2018-05-11|SO|I C 72/18|Wyrok|https://www.saos.org.pl/judgments/343281
358869|2018-05-07|SO|I C 711/17|Wyrok|https://www.saos.org.pl/judgments/358869
352328|2018-05-02|SO|II C 271/18|Wyrok|https://www.saos.org.pl/judgments/352328
386359|2018-04-26|SO|X C 698/18|Wyrok|https://www.saos.org.pl/judgments/386359
367586|2018-04-23|SO|I C 1765/17|Uzasadnienie|https://www.saos.org.pl/judgments/367586
343260|2018-04-20|SO|I C 22/18|Wyrok|https://www.saos.org.pl/judgments/343260
347838|2018-04-19|SO|II Ca 720/16|Wyrok|https://www.saos.org.pl/judgments/347838
345443|2018-04-19|SO|I ACa 70/17|Wyrok|https://www.saos.org.pl/judgments/345443
338601|2018-04-19|SO|II C 773/17|Wyrok|https://www.saos.org.pl/judgments/338601
341192|2018-04-10|SO|V ACa 347/17|Wyrok|https://www.saos.org.pl/judgments/341192
338806|2018-04-06|SO|I C 827/18|Wyrok|https://www.saos.org.pl/judgments/338806
355093|2018-04-05|SO|I C 882/17|Wyrok|https://www.saos.org.pl/judgments/355093
340593|2018-03-27|SO|X C 751/17|Wyrok|https://www.saos.org.pl/judgments/340593
336479|2018-03-27|SO|I ACa 2246/16|Wyrok|https://www.saos.org.pl/judgments/336479
335618|2018-03-27|SO|I C 2071/17|Wyrok|https://www.saos.org.pl/judgments/335618
336370|2018-03-23|SO|I Ca 526/17|Wyrok|https://www.saos.org.pl/judgments/336370
346335|2018-03-20|SO|I AGa 46/18|Wyrok|https://www.saos.org.pl/judgments/346335
335358|2018-03-20|SO|I C 3059/17|Wyrok|https://www.saos.org.pl/judgments/335358
348823|2018-03-19|SO|III Ca 1855/17|Uzasadnienie|https://www.saos.org.pl/judgments/348823
338791|2018-03-16|SO|I C 4525/17|Wyrok|https://www.saos.org.pl/judgments/338791
338792|2018-03-14|SO|I C 4597/17|Wyrok|https://www.saos.org.pl/judgments/338792
334242|2018-03-09|SO|II Ca 19/18|Wyrok|https://www.saos.org.pl/judgments/334242
338779|2018-03-07|SO|I C 186/18|Wyrok|https://www.saos.org.pl/judgments/338779
335238|2018-03-05|SO|V Ca 1564/17|Wyrok|https://www.saos.org.pl/judgments/335238
348097|2018-03-02|SO|I ACa 883/17|Wyrok|https://www.saos.org.pl/judgments/348097
331676|2018-03-02|SO|VI Ga 42/18|Wyrok|https://www.saos.org.pl/judgments/331676
334420|2018-03-01|SO|II Ca 940/17|Wyrok|https://www.saos.org.pl/judgments/334420
335946|2018-02-28|SO|I C 4288/17|Wyrok|https://www.saos.org.pl/judgments/335946
334385|2018-02-28|SO|I C 4405/17|Wyrok|https://www.saos.org.pl/judgments/334385
391238|2018-02-23|SO|I C 654/17|Zarządzenie|https://www.saos.org.pl/judgments/391238
339833|2018-02-22|SO|II Ca 910/17|Wyrok|https://www.saos.org.pl/judgments/339833
341279|2018-02-21|SO|I ACa 857/17|Wyrok|https://www.saos.org.pl/judgments/341279
341045|2018-02-21|SO|I C 2007/15|Wyrok|https://www.saos.org.pl/judgments/341045
338795|2018-02-21|SO|I C 5/18|Wyrok|https://www.saos.org.pl/judgments/338795
339084|2018-02-20|SO|II K 933/16|Wyrok|https://www.saos.org.pl/judgments/339084
399552|2018-02-16|SO|IV C 601/17|Wyrok|https://www.saos.org.pl/judgments/399552
387404|2018-02-16|SO|I ACz 1023/17|Postanowienie|https://www.saos.org.pl/judgments/387404
385276|2018-02-15|SO|XXVI GC 645/17|Wyrok|https://www.saos.org.pl/judgments/385276
364524|2018-02-12|SO|V GC 1309/17|Wyrok|https://www.saos.org.pl/judgments/364524
381649|2018-02-09|SO|II Ca 890/17|Postanowienie|https://www.saos.org.pl/judgments/381649
350965|2018-02-08|SO|VI ACa 1227/16|Wyrok|https://www.saos.org.pl/judgments/350965
350628|2018-02-08|SO|IX Ga 378/17|Wyrok|https://www.saos.org.pl/judgments/350628
337058|2018-02-08|SO|III AUa 655/17|Wyrok|https://www.saos.org.pl/judgments/337058
335735|2018-02-08|SO|X C 3610/17|Wyrok|https://www.saos.org.pl/judgments/335735
341447|2018-02-07|SO|I C 1724/17|Wyrok|https://www.saos.org.pl/judgments/341447
332954|2018-02-07|SO|I C 4309/17|Wyrok|https://www.saos.org.pl/judgments/332954
331999|2018-02-07|SO|I C 1767/16|Wyrok|https://www.saos.org.pl/judgments/331999
331789|2018-02-07|SO|I C 4266/17|Wyrok|https://www.saos.org.pl/judgments/331789
330240|2018-01-31|SO|I C 3040/17|Wyrok|https://www.saos.org.pl/judgments/330240
329035|2018-01-30|SO|VIII Ga 204/17|Uzasadnienie|https://www.saos.org.pl/judgments/329035
328081|2018-01-30|SO|I C 1135/17|Wyrok|https://www.saos.org.pl/judgments/328081
330752|2018-01-17|SO|I C 3675/17|Wyrok|https://www.saos.org.pl/judgments/330752
335179|2017-12-28|SO|I Ca 187/17|Wyrok|https://www.saos.org.pl/judgments/335179
325750|2017-12-20|SO|III Ca 1393/17|Uzasadnienie|https://www.saos.org.pl/judgments/325750
320734|2017-12-20|SO|I C 1380/17|Wyrok|https://www.saos.org.pl/judgments/320734
326124|2017-12-18|SO|VI GC 229/16|Wyrok|https://www.saos.org.pl/judgments/326124
325083|2017-12-14|SO|I C 2468/17|Wyrok|https://www.saos.org.pl/judgments/325083
324664|2017-12-14|SO|III AUa 480/17|Wyrok|https://www.saos.org.pl/judgments/324664
346853|2017-12-13|SO|I ACa 672/17|Wyrok|https://www.saos.org.pl/judgments/346853
320822|2017-12-13|SO|III AUa 465/17|Wyrok|https://www.saos.org.pl/judgments/320822
328118|2017-12-08|SO|I C 3841/17|Wyrok|https://www.saos.org.pl/judgments/328118
320210|2017-12-08|SO|I Ca 386/17|Wyrok|https://www.saos.org.pl/judgments/320210
400156|2017-12-07|SO|I C 400/17|Wyrok|https://www.saos.org.pl/judgments/400156
321084|2017-12-06|SO|I C 3305/17|Wyrok|https://www.saos.org.pl/judgments/321084
316466|2017-12-06|SO|III K 200/15|Uzasadnienie|https://www.saos.org.pl/judgments/316466
320655|2017-12-05|SO|V ACa 160/17|Wyrok|https://www.saos.org.pl/judgments/320655
401848|2017-11-30|SO|I ACa 594/17|Wyrok|https://www.saos.org.pl/judgments/401848
323403|2017-11-30|SO|I C 2406/16|Wyrok|https://www.saos.org.pl/judgments/323403
317172|2017-11-30|SO|I C 1476/17|Wyrok|https://www.saos.org.pl/judgments/317172
316980|2017-11-27|SO|XII C 2201/16|Wyrok|https://www.saos.org.pl/judgments/316980
316914|2017-11-27|SO|X C 1864/17|Zarządzenie|https://www.saos.org.pl/judgments/316914
321074|2017-11-24|SO|I C 2872/17|Wyrok|https://www.saos.org.pl/judgments/321074
321068|2017-11-24|SO|I C 2119/17|Wyrok|https://www.saos.org.pl/judgments/321068
327245|2017-11-23|SO|III Ca 1481/17|Wyrok|https://www.saos.org.pl/judgments/327245
317146|2017-11-17|SO|I ACa 550/17|Wyrok|https://www.saos.org.pl/judgments/317146
316897|2017-11-16|SO|VIII Ga 164/17|Uzasadnienie|https://www.saos.org.pl/judgments/316897
321071|2017-11-15|SO|I C 2613/17|Wyrok|https://www.saos.org.pl/judgments/321071
325402|2017-11-14|SO|VIII U 2209/15|Zarządzenie|https://www.saos.org.pl/judgments/325402
316078|2017-11-14|SO|I C 2891/17|Wyrok|https://www.saos.org.pl/judgments/316078
328553|2017-11-09|SO|X C 1682/17|Wyrok|https://www.saos.org.pl/judgments/328553
348038|2017-11-07|SO|VIII GC 1908/16|Wyrok|https://www.saos.org.pl/judgments/348038
346809|2017-11-07|SO|I ACa 639/17|Wyrok|https://www.saos.org.pl/judgments/346809
336624|2017-11-07|SO|V ACa 715/16|Postanowienie|https://www.saos.org.pl/judgments/336624
359533|2017-11-06|SO|II C 1825/17|Uzasadnienie|https://www.saos.org.pl/judgments/359533
311880|2017-11-06|SO|XIII Ga 399/17|Uzasadnienie|https://www.saos.org.pl/judgments/311880
368313|2017-11-02|SO|I C 1514/17|Wyrok|https://www.saos.org.pl/judgments/368313
328040|2017-10-31|SO|VI Ka 376/17|Wyrok|https://www.saos.org.pl/judgments/328040
347909|2017-10-30|SO|I C 670/17|Wyrok|https://www.saos.org.pl/judgments/347909
330220|2017-10-30|SO|I ACa 614/16|Wyrok|https://www.saos.org.pl/judgments/330220
318296|2017-10-30|SO|I ACa 741/16|Wyrok|https://www.saos.org.pl/judgments/318296
315224|2017-10-26|SO|XVIII C 1335/16|Wyrok|https://www.saos.org.pl/judgments/315224
424603|2017-10-25|SO|XXIV C 1405/13|Wyrok|https://www.saos.org.pl/judgments/424603
316040|2017-10-25|SO|I C 2111/17|Wyrok|https://www.saos.org.pl/judgments/316040
313806|2017-10-25|SO|I C 2762/17|Wyrok|https://www.saos.org.pl/judgments/313806
417303|2017-10-24|SO|V ACa 172/17|Wyrok|https://www.saos.org.pl/judgments/417303
319509|2017-10-24|SO|III Ca 780/17|Uzasadnienie|https://www.saos.org.pl/judgments/319509
316000|2017-10-24|SO|I C 1287/17|Wyrok|https://www.saos.org.pl/judgments/316000
359278|2017-10-23|SO|II C 1701/17|Zarządzenie|https://www.saos.org.pl/judgments/359278
358921|2017-10-23|SO|II C 1305/17|Zarządzenie|https://www.saos.org.pl/judgments/358921
355541|2017-10-23|SO|I C 3865/15|Uzasadnienie|https://www.saos.org.pl/judgments/355541
325099|2017-10-23|SO|I C 608/17|Wyrok|https://www.saos.org.pl/judgments/325099
347245|2017-10-19|SO|I C 3010/16|Wyrok|https://www.saos.org.pl/judgments/347245
414149|2017-10-18|SO|I ACa 1214/16|Wyrok|https://www.saos.org.pl/judgments/414149
355611|2017-10-18|SO|V GC 720/17|Wyrok|https://www.saos.org.pl/judgments/355611
510079|2017-10-17|SO|V Ca 423/17|Wyrok|https://www.saos.org.pl/judgments/510079
321333|2017-10-17|SO|III Ca 862/17|Uzasadnienie|https://www.saos.org.pl/judgments/321333
318309|2017-10-17|SO|I C 197/17|Wyrok|https://www.saos.org.pl/judgments/318309
347229|2017-10-16|SO|I C 2090/17|Wyrok|https://www.saos.org.pl/judgments/347229
312377|2017-10-16|SO|I C 1947/17|Wyrok|https://www.saos.org.pl/judgments/312377
321879|2017-10-11|SO|II C 1621/13|Zarządzenie|https://www.saos.org.pl/judgments/321879
312396|2017-10-11|SO|I C 2294/17|Wyrok|https://www.saos.org.pl/judgments/312396
313905|2017-10-10|SO|III AUa 661/17|Wyrok|https://www.saos.org.pl/judgments/313905
317229|2017-10-09|SO|I C 334/17|Wyrok|https://www.saos.org.pl/judgments/317229
310577|2017-10-05|SO|I C 811/17|Wyrok|https://www.saos.org.pl/judgments/310577
330350|2017-10-04|SO|VII Pa 111/17|Wyrok|https://www.saos.org.pl/judgments/330350
310570|2017-10-04|SO|I C 478/16|Wyrok|https://www.saos.org.pl/judgments/310570
310600|2017-10-02|SO|II C 85/17|Wyrok|https://www.saos.org.pl/judgments/310600
350528|2017-09-25|SO|II C 92/16|Wyrok|https://www.saos.org.pl/judgments/350528
312374|2017-09-25|SO|I C 1828/17|Wyrok|https://www.saos.org.pl/judgments/312374
330996|2017-09-22|SO|II K 560/14|Zarządzenie|https://www.saos.org.pl/judgments/330996
408693|2017-09-21|SO|II Ca 1760/17|Wyrok|https://www.saos.org.pl/judgments/408693
358234|2017-09-13|SO|I1 C 91/16|Wyrok|https://www.saos.org.pl/judgments/358234
312791|2017-09-13|SO|I C 1358/17|Wyrok|https://www.saos.org.pl/judgments/312791
307860|2017-09-13|SO|V ACa 323/16|Wyrok|https://www.saos.org.pl/judgments/307860
323324|2017-09-07|SO|I ACa 1080/16|Wyrok|https://www.saos.org.pl/judgments/323324
308702|2017-09-06|SO|I C 3129/16|Wyrok|https://www.saos.org.pl/judgments/308702
316070|2017-09-05|SO|I C 28/17|Wyrok|https://www.saos.org.pl/judgments/316070
346346|2017-09-04|SO|I C 258/17|Wyrok|https://www.saos.org.pl/judgments/346346
303954|2017-08-31|SO|III Ca 554/17|Uzasadnienie|https://www.saos.org.pl/judgments/303954
307677|2017-08-30|SO|I C 788/16|Wyrok|https://www.saos.org.pl/judgments/307677
307467|2017-08-30|SO|IV Ca 360/17|Wyrok|https://www.saos.org.pl/judgments/307467
306227|2017-08-30|SO|V ACa 794/16|Wyrok|https://www.saos.org.pl/judgments/306227
304309|2017-08-30|SO|I ACa 185/17|Wyrok|https://www.saos.org.pl/judgments/304309
300062|2017-08-30|SO|XIII Ga 413/17|Uzasadnienie|https://www.saos.org.pl/judgments/300062
318062|2017-08-25|SO|XVIII C 663/15|Wyrok|https://www.saos.org.pl/judgments/318062
315502|2017-08-23|SO|III Ca 729/17|Wyrok|https://www.saos.org.pl/judgments/315502
315319|2017-08-22|SO|II Ca 162/17|Wyrok|https://www.saos.org.pl/judgments/315319
338217|2017-08-17|SO|XV Ca 935/17|Wyrok|https://www.saos.org.pl/judgments/338217
415720|2017-08-11|SO|I C 1275/13|Wyrok|https://www.saos.org.pl/judgments/415720
296889|2017-08-08|SO|V Ca 65/17|Wyrok|https://www.saos.org.pl/judgments/296889
295361|2017-08-08|SO|X C 1711/17|Zarządzenie|https://www.saos.org.pl/judgments/295361
370474|2017-08-05|SO|I C 3649/16|Uzasadnienie|https://www.saos.org.pl/judgments/370474
303007|2017-08-01|SO|XVII Ka 532/17|Wyrok|https://www.saos.org.pl/judgments/303007
303385|2017-07-26|SO|I C 1332/17|Wyrok|https://www.saos.org.pl/judgments/303385
342944|2017-07-24|SO|VI ACa 454/16|Wyrok|https://www.saos.org.pl/judgments/342944
371995|2017-07-14|SO|I C 3674/16|Uzasadnienie|https://www.saos.org.pl/judgments/371995
362769|2017-07-14|SO|I C 3614/16|Uzasadnienie|https://www.saos.org.pl/judgments/362769
294188|2017-07-13|SO|V GC 2672/16|Wyrok|https://www.saos.org.pl/judgments/294188
317115|2017-07-12|SO|I ACa 131/17|Wyrok|https://www.saos.org.pl/judgments/317115
308692|2017-07-12|SO|I C 1882/16|Wyrok|https://www.saos.org.pl/judgments/308692
299725|2017-07-12|SO|I C 1835/16|Wyrok|https://www.saos.org.pl/judgments/299725
346350|2017-07-06|SO|I C 519/16|Wyrok|https://www.saos.org.pl/judgments/346350
300395|2017-07-05|SO|III Ca 190/17|Uzasadnienie|https://www.saos.org.pl/judgments/300395
299909|2017-07-05|SO|III Ca 619/17|Uzasadnienie|https://www.saos.org.pl/judgments/299909
298138|2017-07-04|SO|II Ca 281/17|Postanowienie|https://www.saos.org.pl/judgments/298138
364763|2017-07-03|SO|I ACa 72/17|Wyrok|https://www.saos.org.pl/judgments/364763
336380|2017-06-30|SO|I1 C 271/17|Wyrok|https://www.saos.org.pl/judgments/336380
311624|2017-06-30|SO|IX Ka 392/17|Wyrok|https://www.saos.org.pl/judgments/311624
304572|2017-06-30|SO|I C 213/17|Wyrok|https://www.saos.org.pl/judgments/304572
303065|2017-06-30|SO|I1 C 15/17|Wyrok|https://www.saos.org.pl/judgments/303065
317864|2017-06-29|SO|X GC 977/15|Uzasadnienie|https://www.saos.org.pl/judgments/317864
294254|2017-06-26|SO|I C 345/17|Wyrok|https://www.saos.org.pl/judgments/294254
306382|2017-06-23|SO|V U 65/17|Wyrok|https://www.saos.org.pl/judgments/306382
296079|2017-06-23|SO|I ACa 1671/16|Wyrok|https://www.saos.org.pl/judgments/296079
295934|2017-06-23|SO|I C 309/15|Wyrok|https://www.saos.org.pl/judgments/295934
291777|2017-06-23|SO|I C 1771/16|Wyrok|https://www.saos.org.pl/judgments/291777
292049|2017-06-22|SO|III AUa 1368/16|Wyrok|https://www.saos.org.pl/judgments/292049
292022|2017-06-21|SO|I Ca 200/17|Wyrok|https://www.saos.org.pl/judgments/292022
319769|2017-06-20|SO|X GC 491/13|Uzasadnienie|https://www.saos.org.pl/judgments/319769
291997|2017-06-14|SO|I ACa 864/16|Wyrok|https://www.saos.org.pl/judgments/291997
290073|2017-06-14|SO|II K 702/16|Wyrok|https://www.saos.org.pl/judgments/290073
319015|2017-06-13|SO|I C 2359/15|Wyrok|https://www.saos.org.pl/judgments/319015
304521|2017-06-13|SO|I C 1626/16|Wyrok|https://www.saos.org.pl/judgments/304521
292408|2017-06-12|SO|I ACa 242/17|Wyrok|https://www.saos.org.pl/judgments/292408
291464|2017-06-12|SO|I C 3270/16|Wyrok|https://www.saos.org.pl/judgments/291464
303897|2017-06-09|SO|I1 C 217/17|Wyrok|https://www.saos.org.pl/judgments/303897
303067|2017-06-09|SO|I1 C 400/17|Wyrok|https://www.saos.org.pl/judgments/303067
289654|2017-06-09|SO|I ACa 489/16|Wyrok|https://www.saos.org.pl/judgments/289654
315595|2017-06-08|SO|X C 3591/16|Wyrok|https://www.saos.org.pl/judgments/315595
308595|2017-06-08|SO|X C 1/17|Wyrok|https://www.saos.org.pl/judgments/308595
289760|2017-06-08|SO|I C 283/16|Wyrok|https://www.saos.org.pl/judgments/289760
291461|2017-06-07|SO|I C 270/17|Wyrok|https://www.saos.org.pl/judgments/291461
286786|2017-06-05|SO|V Ka 557/17|Uzasadnienie|https://www.saos.org.pl/judgments/286786
328557|2017-06-01|SO|X C 226/16|Wyrok|https://www.saos.org.pl/judgments/328557
295369|2017-06-01|SO|X C 3067/16|Wyrok|https://www.saos.org.pl/judgments/295369
293735|2017-05-31|SO|I C 11/17|Wyrok|https://www.saos.org.pl/judgments/293735
293071|2017-05-31|SO|I C 2319/15|Wyrok|https://www.saos.org.pl/judgments/293071
291901|2017-05-31|SO|I ACa 1056/16|Wyrok|https://www.saos.org.pl/judgments/291901
318482|2017-05-30|SO|VI ACa 915/16|Wyrok|https://www.saos.org.pl/judgments/318482
291645|2017-05-29|SO|VIII Pa 31/17|Uzasadnienie|https://www.saos.org.pl/judgments/291645
409390|2017-05-24|SO|I C 622/17|Wyrok|https://www.saos.org.pl/judgments/409390
293091|2017-05-24|SO|I C 622/17|Wyrok|https://www.saos.org.pl/judgments/293091
322499|2017-05-23|SO|I C 3703/16|Wyrok|https://www.saos.org.pl/judgments/322499
297955|2017-05-23|SO|VI GC 995/15|Wyrok|https://www.saos.org.pl/judgments/297955
293050|2017-05-23|SO|X C 2008/16|Wyrok|https://www.saos.org.pl/judgments/293050
286312|2017-05-19|SO|I C 40/17|Wyrok|https://www.saos.org.pl/judgments/286312
291080|2017-05-17|SO|II C 1156/16|Uzasadnienie|https://www.saos.org.pl/judgments/291080
374587|2017-05-16|SO|V GC 111/17|Wyrok|https://www.saos.org.pl/judgments/374587
374586|2017-05-16|SO|V GC 111/17|Zarządzenie|https://www.saos.org.pl/judgments/374586
287504|2017-05-15|SO|I C 49/17|Wyrok|https://www.saos.org.pl/judgments/287504
329496|2017-05-12|SO|II Ca 278/17|Wyrok|https://www.saos.org.pl/judgments/329496
289767|2017-05-12|SO|I C 3110/16|Wyrok|https://www.saos.org.pl/judgments/289767
289006|2017-05-12|SO|I C 51/17|Zarządzenie|https://www.saos.org.pl/judgments/289006
287953|2017-05-10|SO|I C 95/17|Wyrok|https://www.saos.org.pl/judgments/287953
359320|2017-05-08|SO|II C 2967/16|Zarządzenie|https://www.saos.org.pl/judgments/359320
288068|2017-05-08|SO|III Ca 353/17|Uzasadnienie|https://www.saos.org.pl/judgments/288068
286241|2017-05-02|SO|I C 10/17|Wyrok|https://www.saos.org.pl/judgments/286241
401405|2017-04-28|SO|I ACa 1072/16|Wyrok|https://www.saos.org.pl/judgments/401405
291998|2017-04-28|SO|I ACa 994/16|Wyrok|https://www.saos.org.pl/judgments/291998
289779|2017-04-28|SO|I C 352/17|Wyrok|https://www.saos.org.pl/judgments/289779
310384|2017-04-26|SO|I C 2674/16|Wyrok|https://www.saos.org.pl/judgments/310384
294603|2017-04-26|SO|I ACa 1008/16|Wyrok|https://www.saos.org.pl/judgments/294603
292894|2017-04-25|SO|I C 230/16|Wyrok|https://www.saos.org.pl/judgments/292894
288987|2017-04-21|SO|I C 3635/16|Wyrok|https://www.saos.org.pl/judgments/288987
287631|2017-04-21|SO|III K 42/16|Wyrok|https://www.saos.org.pl/judgments/287631
304810|2017-04-20|SO|I C 79/17|Wyrok|https://www.saos.org.pl/judgments/304810
291369|2017-04-20|SO|X C 2675/16|Wyrok|https://www.saos.org.pl/judgments/291369
282738|2017-04-20|SO|II C 457/16|Wyrok|https://www.saos.org.pl/judgments/282738
285483|2017-04-19|SO|III Ca 1855/16|Uzasadnienie|https://www.saos.org.pl/judgments/285483
305291|2017-04-13|SO|II Ca 286/17|Wyrok|https://www.saos.org.pl/judgments/305291
318291|2017-04-12|SO|I ACa 1664/16|Wyrok|https://www.saos.org.pl/judgments/318291
293731|2017-04-12|SO|I C 108/13|Wyrok|https://www.saos.org.pl/judgments/293731
321597|2017-04-11|SO|I1 C 686/16|Wyrok|https://www.saos.org.pl/judgments/321597
287195|2017-04-11|SO|II C 1642/14|Uzasadnienie|https://www.saos.org.pl/judgments/287195
285560|2017-04-07|SO|III Ca 267/17|Uzasadnienie|https://www.saos.org.pl/judgments/285560
293314|2017-04-06|SO|II Ca 2425/16|Wyrok|https://www.saos.org.pl/judgments/293314
289519|2017-04-06|SO|X C 2638/16|Wyrok|https://www.saos.org.pl/judgments/289519
315110|2017-04-04|SO|VIII GC 2312/16|Wyrok|https://www.saos.org.pl/judgments/315110
285227|2017-04-03|SO|II C 1649/16|Zarządzenie|https://www.saos.org.pl/judgments/285227
289043|2017-03-31|SO|I1 C 48/17|Wyrok|https://www.saos.org.pl/judgments/289043
296474|2017-03-30|SO|XXI P 141/12|Wyrok|https://www.saos.org.pl/judgments/296474
283404|2017-03-30|SO|I C 1993/16|Wyrok|https://www.saos.org.pl/judgments/283404
288334|2017-03-29|SO|I C 2906/16|Zarządzenie|https://www.saos.org.pl/judgments/288334
280130|2017-03-29|SO|I C 1546/16|Wyrok|https://www.saos.org.pl/judgments/280130
357473|2017-03-22|SO|IV C 948/16|Wyrok|https://www.saos.org.pl/judgments/357473
281188|2017-03-21|SO|VIII C 2763/16|Wyrok|https://www.saos.org.pl/judgments/281188
280127|2017-03-21|SO|I C 146/17|Wyrok|https://www.saos.org.pl/judgments/280127
284305|2017-03-16|SO|I C 526/16|Wyrok|https://www.saos.org.pl/judgments/284305
282792|2017-03-16|SO|II Ca 828/16|Wyrok|https://www.saos.org.pl/judgments/282792
281097|2017-03-16|SO|VI Ca 107/17|Wyrok|https://www.saos.org.pl/judgments/281097
278635|2017-03-16|SO|X C 2903/16|Wyrok|https://www.saos.org.pl/judgments/278635
289426|2017-03-15|SO|VIII U 1485/16|Wyrok|https://www.saos.org.pl/judgments/289426
284310|2017-03-15|SO|I C 563/16|Wyrok|https://www.saos.org.pl/judgments/284310
280444|2017-03-15|SO|I ACa 1035/16|Wyrok|https://www.saos.org.pl/judgments/280444
277048|2017-03-15|SO|XIII Ga 904/16|Uzasadnienie|https://www.saos.org.pl/judgments/277048
299771|2017-03-14|SO|I1 C 955/16|Wyrok|https://www.saos.org.pl/judgments/299771
297950|2017-03-14|SO|VI ACa 2031/15|Wyrok|https://www.saos.org.pl/judgments/297950
283159|2017-03-09|SO|I C 1709/16|Wyrok|https://www.saos.org.pl/judgments/283159
280442|2017-03-09|SO|I ACa 1024/16|Wyrok|https://www.saos.org.pl/judgments/280442
285084|2017-03-08|SO|I ACa 716/16|Wyrok|https://www.saos.org.pl/judgments/285084
283974|2017-03-08|SO|I C 2928/16|Wyrok|https://www.saos.org.pl/judgments/283974
286191|2017-03-07|SO|I ACa 1392/16|Wyrok|https://www.saos.org.pl/judgments/286191
283144|2017-03-07|SO|I ACa 972/16|Wyrok|https://www.saos.org.pl/judgments/283144
280579|2017-03-02|SO|I C 405/15|Wyrok|https://www.saos.org.pl/judgments/280579
277532|2017-02-23|SO|II Ca 1516/16|Wyrok|https://www.saos.org.pl/judgments/277532
283636|2017-02-22|SO|VI ACa 1941/15|Wyrok|https://www.saos.org.pl/judgments/283636
280140|2017-02-22|SO|I C 3259/16|Wyrok|https://www.saos.org.pl/judgments/280140
278816|2017-02-20|SO|I C 445/15|Wyrok|https://www.saos.org.pl/judgments/278816
287023|2017-02-16|SO|X C 2115/16|Wyrok|https://www.saos.org.pl/judgments/287023
283099|2017-02-16|SO|X C 1294/16|Wyrok|https://www.saos.org.pl/judgments/283099
292087|2017-02-15|SO|I C 2577/16|Wyrok|https://www.saos.org.pl/judgments/292087
304502|2017-02-14|SO|I C 1465/15|Wyrok|https://www.saos.org.pl/judgments/304502
274878|2017-02-10|SO|VIII C 2753/16|Wyrok|https://www.saos.org.pl/judgments/274878
502032|2017-02-09|SO|II Ca 5/17|Wyrok|https://www.saos.org.pl/judgments/502032
280388|2017-02-09|SO|XVIII C 1428/16|Wyrok|https://www.saos.org.pl/judgments/280388
337209|2017-02-07|SO|V GC 805/16|Wyrok|https://www.saos.org.pl/judgments/337209
390887|2017-02-06|SO|V Ca 896/16|Wyrok|https://www.saos.org.pl/judgments/390887
318973|2017-02-06|SO|V GC 894/15|Uzasadnienie|https://www.saos.org.pl/judgments/318973
275659|2017-02-03|SO|IV Ca 151/16|Wyrok|https://www.saos.org.pl/judgments/275659
271468|2017-01-27|SO|I C 1275/16|Wyrok|https://www.saos.org.pl/judgments/271468
283130|2017-01-26|SO|I ACa 1222/16|Wyrok|https://www.saos.org.pl/judgments/283130
266945|2017-01-26|SO|XIII Ga 1272/16|Uzasadnienie|https://www.saos.org.pl/judgments/266945
267974|2017-01-25|SO|XVI C 2153/16|Uzasadnienie|https://www.saos.org.pl/judgments/267974
268941|2017-01-23|SO|I C 192/16|Wyrok|https://www.saos.org.pl/judgments/268941
292086|2017-01-20|SO|I C 2127/16|Wyrok|https://www.saos.org.pl/judgments/292086
276549|2017-01-20|SO|IV P 66/16|Wyrok|https://www.saos.org.pl/judgments/276549
283372|2017-01-19|SO|I ACa 782/16|Wyrok|https://www.saos.org.pl/judgments/283372
280578|2017-01-18|SO|I C 404/16|Wyrok|https://www.saos.org.pl/judgments/280578
280558|2017-01-18|SO|I C 2603/16|Wyrok|https://www.saos.org.pl/judgments/280558
280557|2017-01-18|SO|I C 2602/16|Wyrok|https://www.saos.org.pl/judgments/280557
267680|2017-01-18|SO|II C 541/16|Wyrok|https://www.saos.org.pl/judgments/267680
272941|2017-01-12|SO|VI Ga 405/16|Wyrok|https://www.saos.org.pl/judgments/272941
279060|2017-01-10|SO|III Ca 1801/16|Wyrok|https://www.saos.org.pl/judgments/279060
267720|2017-01-09|SO|III Ca 1329/16|Uzasadnienie|https://www.saos.org.pl/judgments/267720
269883|2017-01-05|SO|I C 2791/15|Wyrok|https://www.saos.org.pl/judgments/269883
269750|2017-01-05|SO|V ACa 271/16|Wyrok|https://www.saos.org.pl/judgments/269750
292076|2017-01-04|SO|I C 1084/15|Wyrok|https://www.saos.org.pl/judgments/292076
272108|2017-01-04|SO|I C 444/16|Wyrok|https://www.saos.org.pl/judgments/272108
281827|2016-12-29|SO|IX C 432/16|Wyrok|https://www.saos.org.pl/judgments/281827
276855|2016-12-29|SO|VIII U 1478/16|Wyrok|https://www.saos.org.pl/judgments/276855
268059|2016-12-29|SO|I Ca 404/16|Wyrok|https://www.saos.org.pl/judgments/268059
281337|2016-12-28|SO|X C 674/16|Wyrok|https://www.saos.org.pl/judgments/281337
280113|2016-12-28|SO|I ACa 1070/16|Wyrok|https://www.saos.org.pl/judgments/280113
278275|2016-12-28|SO|I ACa 515/16|Wyrok|https://www.saos.org.pl/judgments/278275
265265|2016-12-28|SO|I ACa 590/16|Wyrok|https://www.saos.org.pl/judgments/265265
265413|2016-12-23|SO|II C 2074/15|Zarządzenie|https://www.saos.org.pl/judgments/265413
265370|2016-12-21|SO|I Ca 473/16|Uzasadnienie|https://www.saos.org.pl/judgments/265370
261999|2016-12-21|SO|III Ca 1271/16|Uzasadnienie|https://www.saos.org.pl/judgments/261999
287020|2016-12-20|SO|X C 1158/16|Wyrok|https://www.saos.org.pl/judgments/287020
268490|2016-12-20|SO|I C 372/16|Wyrok|https://www.saos.org.pl/judgments/268490
280199|2016-12-19|SO|III C 1072/14|Wyrok|https://www.saos.org.pl/judgments/280199
288277|2016-12-15|SO|X C 1591/16|Wyrok|https://www.saos.org.pl/judgments/288277
276935|2016-12-15|SO|X C 2713/15|Wyrok|https://www.saos.org.pl/judgments/276935
270821|2016-12-15|SO|I C 2197/15|Wyrok|https://www.saos.org.pl/judgments/270821
272531|2016-12-14|SO|II C 903/16|Zarządzenie|https://www.saos.org.pl/judgments/272531
444667|2016-12-13|SO|III AUa 1209/16|Wyrok|https://www.saos.org.pl/judgments/444667
258347|2016-12-12|SO|XIII Ga 459/16|Uzasadnienie|https://www.saos.org.pl/judgments/258347
257913|2016-12-12|SO|XIII Ga 933/16|Uzasadnienie|https://www.saos.org.pl/judgments/257913
314280|2016-12-09|SO|I C 542/15|Wyrok|https://www.saos.org.pl/judgments/314280
287025|2016-12-09|SO|X C 2423/16|Wyrok|https://www.saos.org.pl/judgments/287025
273712|2016-12-09|SO|I C 2284/12|Wyrok|https://www.saos.org.pl/judgments/273712
261714|2016-12-09|SO|I C 134/14|Wyrok|https://www.saos.org.pl/judgments/261714
281824|2016-12-08|SO|IX C 157/16|Wyrok|https://www.saos.org.pl/judgments/281824
263316|2016-12-08|SO|I C 2098/16|Wyrok|https://www.saos.org.pl/judgments/263316
262253|2016-12-07|SO|III Ca 1611/16|Uzasadnienie|https://www.saos.org.pl/judgments/262253
262116|2016-12-07|SO|XVI C 184/16|Zarządzenie|https://www.saos.org.pl/judgments/262116
272078|2016-12-06|SO|I ACa 1889/15|Wyrok|https://www.saos.org.pl/judgments/272078
266420|2016-12-06|SO|I C 2205/16|Wyrok|https://www.saos.org.pl/judgments/266420
273600|2016-12-02|SO|I ACa 944/16|Wyrok|https://www.saos.org.pl/judgments/273600
281331|2016-12-01|SO|X C 1712/16|Wyrok|https://www.saos.org.pl/judgments/281331
266979|2016-12-01|SO|I ACa 1148/15|Wyrok|https://www.saos.org.pl/judgments/266979
284398|2016-11-30|SO|II AKa 179/16|Wyrok|https://www.saos.org.pl/judgments/284398
260780|2016-11-29|SO|II AKa 303/16|Wyrok|https://www.saos.org.pl/judgments/260780
359290|2016-11-28|SO|II C 2149/16|Uzasadnienie|https://www.saos.org.pl/judgments/359290
260899|2016-11-25|SO|VI GC 343/15|Wyrok|https://www.saos.org.pl/judgments/260899
281334|2016-11-24|SO|X C 2343/15|Wyrok|https://www.saos.org.pl/judgments/281334
258750|2016-11-24|SO|I C 662/16|Wyrok|https://www.saos.org.pl/judgments/258750
261719|2016-11-23|SO|I C 1653/16|Uzasadnienie|https://www.saos.org.pl/judgments/261719
262294|2016-11-22|SO|VI GC 304/16|Wyrok|https://www.saos.org.pl/judgments/262294
259465|2016-11-17|SO|II C 445/16|Wyrok|https://www.saos.org.pl/judgments/259465
258497|2016-11-17|SO|VI Ga 237/16|Wyrok|https://www.saos.org.pl/judgments/258497
258488|2016-11-17|SO|V Ca 599/16|Wyrok|https://www.saos.org.pl/judgments/258488
261712|2016-11-16|SO|I C 1131/16|Uzasadnienie|https://www.saos.org.pl/judgments/261712
273547|2016-11-15|SO|I ACa 768/16|Wyrok|https://www.saos.org.pl/judgments/273547
326613|2016-11-14|SO|II Ca 726/16|Wyrok|https://www.saos.org.pl/judgments/326613
255618|2016-11-14|SO|XIII Ga 374/16|Uzasadnienie|https://www.saos.org.pl/judgments/255618
267062|2016-11-10|SO|II Ca 548/16|Wyrok|https://www.saos.org.pl/judgments/267062
265418|2016-11-10|SO|II C 2706/15|Zarządzenie|https://www.saos.org.pl/judgments/265418
265407|2016-11-04|SO|II C 1775/16|Zarządzenie|https://www.saos.org.pl/judgments/265407
255351|2016-11-02|SO|I C 451/16|Wyrok|https://www.saos.org.pl/judgments/255351
263582|2016-10-28|SO|I C 441/16|Wyrok|https://www.saos.org.pl/judgments/263582
263581|2016-10-28|SO|I C 440/16|Wyrok|https://www.saos.org.pl/judgments/263581
255273|2016-10-28|SO|V ACa 630/16|Wyrok|https://www.saos.org.pl/judgments/255273
261549|2016-10-27|SO|VI Ga 223/16|Wyrok|https://www.saos.org.pl/judgments/261549
255826|2016-10-27|SO|I C 157/16|Wyrok|https://www.saos.org.pl/judgments/255826
255337|2016-10-27|SO|I C 101/14|Wyrok|https://www.saos.org.pl/judgments/255337
258040|2016-10-25|SO|I ACa 799/16|Wyrok|https://www.saos.org.pl/judgments/258040
346738|2016-10-20|SO|V GC 118/16|Wyrok|https://www.saos.org.pl/judgments/346738
253016|2016-10-18|SO|II C 834/16|Uzasadnienie|https://www.saos.org.pl/judgments/253016
264879|2016-10-17|KIO|KIO 1832/16|Wyrok|https://www.saos.org.pl/judgments/264879
262721|2016-10-17|SO|I C 650/15|Wyrok|https://www.saos.org.pl/judgments/262721
270713|2016-10-13|SO|VI Ka 574/16|Wyrok|https://www.saos.org.pl/judgments/270713
262354|2016-10-12|SO|XXV C 1560/15|Wyrok|https://www.saos.org.pl/judgments/262354
258643|2016-10-12|SO|I ACa 1090/15|Wyrok|https://www.saos.org.pl/judgments/258643
256519|2016-10-11|SO|I ACa 676/16|Wyrok|https://www.saos.org.pl/judgments/256519
254137|2016-10-11|SO|XIV C 54/16|Wyrok|https://www.saos.org.pl/judgments/254137
359325|2016-10-09|SO|II C 3357/15|Zarządzenie|https://www.saos.org.pl/judgments/359325
266173|2016-10-07|SO|X Ga 65/16|Wyrok|https://www.saos.org.pl/judgments/266173
281338|2016-10-06|SO|X C 809/16|Wyrok|https://www.saos.org.pl/judgments/281338
261074|2016-10-06|SO|II C 930/16|Wyrok|https://www.saos.org.pl/judgments/261074
260758|2016-10-06|SO|I C 804/16|Wyrok|https://www.saos.org.pl/judgments/260758
256457|2016-10-06|SO|I ACa 246/16|Wyrok|https://www.saos.org.pl/judgments/256457
256129|2016-10-06|SO|I C 834/16|Wyrok|https://www.saos.org.pl/judgments/256129
256126|2016-10-06|SO|I C 759/16|Wyrok|https://www.saos.org.pl/judgments/256126
256114|2016-10-06|SO|I C 612/16|Wyrok|https://www.saos.org.pl/judgments/256114
255795|2016-10-06|SO|I C 830/16|Wyrok|https://www.saos.org.pl/judgments/255795
254894|2016-10-06|SO|I C 755/16|Wyrok|https://www.saos.org.pl/judgments/254894
299716|2016-10-05|SO|I ACa 334/16|Wyrok|https://www.saos.org.pl/judgments/299716
255960|2016-10-04|SO|I C 62/16|Wyrok|https://www.saos.org.pl/judgments/255960
253226|2016-10-04|SO|I ACa 645/16|Wyrok|https://www.saos.org.pl/judgments/253226
261072|2016-10-03|SO|II C 590/16|Wyrok|https://www.saos.org.pl/judgments/261072
307627|2016-09-29|SO|I ACa 342/16|Wyrok|https://www.saos.org.pl/judgments/307627
289515|2016-09-29|SO|X C 1416/15|Wyrok|https://www.saos.org.pl/judgments/289515
259295|2016-09-29|SO|X C 2815/15|Wyrok|https://www.saos.org.pl/judgments/259295
255289|2016-09-29|SO|VI ACa 1032/15|Wyrok|https://www.saos.org.pl/judgments/255289
253381|2016-09-28|SO|VIII U 1761/15|Wyrok|https://www.saos.org.pl/judgments/253381
278167|2016-09-27|SO|X C 117/16|Wyrok|https://www.saos.org.pl/judgments/278167
273473|2016-09-21|SO|I ACa 1341/15|Wyrok|https://www.saos.org.pl/judgments/273473
267291|2016-09-21|SO|I C 1752/16|Uzasadnienie|https://www.saos.org.pl/judgments/267291
266255|2016-09-21|SO|II Ca 1181/16|Wyrok|https://www.saos.org.pl/judgments/266255
294605|2016-09-20|SO|I ACa 422/15|Wyrok|https://www.saos.org.pl/judgments/294605
257219|2016-09-16|SO|I1 C 767/16|Wyrok|https://www.saos.org.pl/judgments/257219
246623|2016-09-16|SO|XIII Ga 187/16|Uzasadnienie|https://www.saos.org.pl/judgments/246623
251350|2016-09-15|SO|III Ca 665/16|Uzasadnienie|https://www.saos.org.pl/judgments/251350
281427|2016-09-14|SO|I C 264/15|Wyrok|https://www.saos.org.pl/judgments/281427
250424|2016-09-14|SO|I C 848/15|Wyrok|https://www.saos.org.pl/judgments/250424
262370|2016-09-09|SO|I C 1183/15|Wyrok|https://www.saos.org.pl/judgments/262370
251693|2016-09-08|SO|I ACa 640/16|Wyrok|https://www.saos.org.pl/judgments/251693
250893|2016-09-07|SO|III Ca 347/16|Uzasadnienie|https://www.saos.org.pl/judgments/250893
268235|2016-09-06|SO|X C 2656/15|Wyrok|https://www.saos.org.pl/judgments/268235
266640|2016-09-06|SO|X C 366/15|Wyrok|https://www.saos.org.pl/judgments/266640
253486|2016-09-05|SO|I C 320/16|Wyrok|https://www.saos.org.pl/judgments/253486
251008|2016-08-31|SO|VIII Ga 220/16|Wyrok|https://www.saos.org.pl/judgments/251008
249402|2016-08-31|SO|VI Ga 132/16|Wyrok|https://www.saos.org.pl/judgments/249402
242124|2016-08-30|SO|XIII Ga 148/16|Uzasadnienie|https://www.saos.org.pl/judgments/242124
260104|2016-08-25|SO|I Ca 259/16|Wyrok|https://www.saos.org.pl/judgments/260104
247832|2016-08-25|SO|XI GC 675/16|Wyrok|https://www.saos.org.pl/judgments/247832
254533|2016-08-24|SO|VIII Ga 94/16|Uzasadnienie|https://www.saos.org.pl/judgments/254533
252256|2016-08-24|SO|I ACa 61/16|Wyrok|https://www.saos.org.pl/judgments/252256
239089|2016-08-19|SO|XIII Ga 541/16|Uzasadnienie|https://www.saos.org.pl/judgments/239089
247329|2016-08-17|SO|I C 99/16|Wyrok|https://www.saos.org.pl/judgments/247329
253706|2016-08-11|SO|X C 3053/15|Wyrok|https://www.saos.org.pl/judgments/253706
246855|2016-08-11|SO|I C 2052/15|Wyrok|https://www.saos.org.pl/judgments/246855
236385|2016-07-29|SO|XIII Ga 387/16|Uzasadnienie|https://www.saos.org.pl/judgments/236385
260026|2016-07-28|SO|X C 2060/15|Wyrok|https://www.saos.org.pl/judgments/260026
245703|2016-07-28|SO|I C 2752/15|Wyrok|https://www.saos.org.pl/judgments/245703
278797|2016-07-27|SO|I C 2984/15|Wyrok|https://www.saos.org.pl/judgments/278797
271514|2016-07-25|SO|I C 47/16|Zarządzenie|https://www.saos.org.pl/judgments/271514
277425|2016-07-22|SO|I C 617/15|Uzasadnienie|https://www.saos.org.pl/judgments/277425
241365|2016-07-20|SO|I C 1297/16|Wyrok|https://www.saos.org.pl/judgments/241365
237622|2016-07-19|SO|XIII Ga 137/16|Uzasadnienie|https://www.saos.org.pl/judgments/237622
238573|2016-07-18|SO|I C 257/16|Wyrok|https://www.saos.org.pl/judgments/238573
254121|2016-07-12|SO|X C 920/16|Wyrok|https://www.saos.org.pl/judgments/254121
250221|2016-07-12|SO|I C 9/16|Wyrok|https://www.saos.org.pl/judgments/250221
240370|2016-07-12|SO|I C 598/15|Wyrok|https://www.saos.org.pl/judgments/240370
236838|2016-07-11|SO|I C 1398/16|Wyrok|https://www.saos.org.pl/judgments/236838
237715|2016-07-06|SO|IX GC 321/16|Wyrok|https://www.saos.org.pl/judgments/237715
240356|2016-07-05|SO|I C 3157/15|Wyrok|https://www.saos.org.pl/judgments/240356
235807|2016-07-04|SO|I C 301/16|Wyrok|https://www.saos.org.pl/judgments/235807
234471|2016-06-29|SO|I ACa 158/16|Wyrok|https://www.saos.org.pl/judgments/234471
235405|2016-06-27|SO|II Ca 620/16|Wyrok|https://www.saos.org.pl/judgments/235405
375427|2016-06-24|SO|III C 265/15|Wyrok|https://www.saos.org.pl/judgments/375427
240362|2016-06-24|SO|I C 402/16|Wyrok|https://www.saos.org.pl/judgments/240362
259296|2016-06-23|SO|X C 296/16|Wyrok|https://www.saos.org.pl/judgments/259296
246410|2016-06-23|SO|I C 3226/15|Uzasadnienie|https://www.saos.org.pl/judgments/246410
265835|2016-06-22|SO|XVIII C 1264/16|Wyrok|https://www.saos.org.pl/judgments/265835
252404|2016-06-22|SO|I C 221/16|Wyrok|https://www.saos.org.pl/judgments/252404
238588|2016-06-21|SO|I C 98/16|Wyrok|https://www.saos.org.pl/judgments/238588
235803|2016-06-21|SO|I C 228/16|Wyrok|https://www.saos.org.pl/judgments/235803
240341|2016-06-20|SO|I C 140/16|Wyrok|https://www.saos.org.pl/judgments/240341
234150|2016-06-20|SO|I C 52/16|Wyrok|https://www.saos.org.pl/judgments/234150
233504|2016-06-17|SO|II C 1637/13|Zarządzenie|https://www.saos.org.pl/judgments/233504
234509|2016-06-16|SO|I C 600/15|Wyrok|https://www.saos.org.pl/judgments/234509
247594|2016-06-15|SO|I ACa 1084/15|Wyrok|https://www.saos.org.pl/judgments/247594
238723|2016-06-15|SO|VIII Ga 301/15|Uzasadnienie|https://www.saos.org.pl/judgments/238723
235187|2016-06-15|SO|I ACa 346/16|Wyrok|https://www.saos.org.pl/judgments/235187
235615|2016-06-14|SO|II K 183/15|Wyrok|https://www.saos.org.pl/judgments/235615
235584|2016-06-14|SO|I ACa 279/16|Wyrok|https://www.saos.org.pl/judgments/235584
310367|2016-06-10|SO|I C 1285/16|Wyrok|https://www.saos.org.pl/judgments/310367
239994|2016-06-10|SO|III AUa 174/16|Wyrok|https://www.saos.org.pl/judgments/239994
237642|2016-06-10|SO|I ACa 1280/15|Wyrok|https://www.saos.org.pl/judgments/237642
233422|2016-06-10|SO|X C 832/15|Wyrok|https://www.saos.org.pl/judgments/233422
254119|2016-06-09|SO|X C 2977/15|Wyrok|https://www.saos.org.pl/judgments/254119
234867|2016-06-09|SO|II C 675/15|Wyrok|https://www.saos.org.pl/judgments/234867
375102|2016-06-07|SO|I C 1006/14|Wyrok|https://www.saos.org.pl/judgments/375102
233419|2016-06-07|SO|X C 1712/15|Wyrok|https://www.saos.org.pl/judgments/233419
238886|2016-06-03|SO|X C 1127/14|Wyrok|https://www.saos.org.pl/judgments/238886
231038|2016-06-03|SO|XVI C 2113/15|Zarządzenie|https://www.saos.org.pl/judgments/231038
250202|2016-06-02|SO|I C 215/15|Wyrok|https://www.saos.org.pl/judgments/250202
239586|2016-06-02|SO|I C 2712/15|Wyrok|https://www.saos.org.pl/judgments/239586
226208|2016-06-02|SO|XIII Ga 266/16|Uzasadnienie|https://www.saos.org.pl/judgments/226208
257052|2016-06-01|SO|I C 251/16|Zarządzenie|https://www.saos.org.pl/judgments/257052
235600|2016-06-01|SO|I Ca 203/16|Wyrok|https://www.saos.org.pl/judgments/235600
256438|2016-05-31|SO|X C 265/16|Wyrok|https://www.saos.org.pl/judgments/256438
238159|2016-05-31|SO|V GC 994/15|Wyrok|https://www.saos.org.pl/judgments/238159
236824|2016-05-31|SO|I ACa 1171/15|Wyrok|https://www.saos.org.pl/judgments/236824
231617|2016-05-25|SO|V ACa 758/15|Wyrok|https://www.saos.org.pl/judgments/231617
276936|2016-05-24|SO|X C 987/15|Wyrok|https://www.saos.org.pl/judgments/276936
236173|2016-05-24|SO|VIII GC 1630/15|Wyrok|https://www.saos.org.pl/judgments/236173
224808|2016-05-24|SO|XIII Ga 289/16|Uzasadnienie|https://www.saos.org.pl/judgments/224808
233505|2016-05-23|SO|II C 1637/13|Zarządzenie|https://www.saos.org.pl/judgments/233505
228410|2016-05-20|SO|VIII Ga 120/16|Wyrok|https://www.saos.org.pl/judgments/228410
239915|2016-05-19|SO|II Ca 1855/15|Wyrok|https://www.saos.org.pl/judgments/239915
233958|2016-05-19|SO|I Ca 73/16|Wyrok|https://www.saos.org.pl/judgments/233958
233934|2016-05-19|SO|I C 3297/15|Wyrok|https://www.saos.org.pl/judgments/233934
233932|2016-05-19|SO|I C 3156/15|Wyrok|https://www.saos.org.pl/judgments/233932
231708|2016-05-18|SO|VIII Ca 192/16|Wyrok|https://www.saos.org.pl/judgments/231708
233935|2016-05-17|SO|I C 3340/15|Wyrok|https://www.saos.org.pl/judgments/233935
235982|2016-05-16|SO|X C 1155/15|Wyrok|https://www.saos.org.pl/judgments/235982
256927|2016-05-13|SO|XXV C 313/16|Wyrok|https://www.saos.org.pl/judgments/256927
253702|2016-05-12|SO|X C 2260/15|Wyrok|https://www.saos.org.pl/judgments/253702
248953|2016-05-12|SO|I C 314/16|Wyrok|https://www.saos.org.pl/judgments/248953
239587|2016-05-12|SO|I C 2789/15|Wyrok|https://www.saos.org.pl/judgments/239587
226376|2016-05-12|SO|I C 642/15|Wyrok|https://www.saos.org.pl/judgments/226376
239582|2016-05-11|SO|I C 1975/15|Wyrok|https://www.saos.org.pl/judgments/239582
235981|2016-05-10|SO|X C 1009/15|Wyrok|https://www.saos.org.pl/judgments/235981
227237|2016-05-10|SO|III AUa 1744/15|Wyrok|https://www.saos.org.pl/judgments/227237
240237|2016-05-09|SO|X GC 129/15|Uzasadnienie|https://www.saos.org.pl/judgments/240237
230746|2016-05-06|SO|I ACa 28/16|Wyrok|https://www.saos.org.pl/judgments/230746
252856|2016-05-05|SO|X C 85/15|Wyrok|https://www.saos.org.pl/judgments/252856
233928|2016-05-05|SO|I C 2776/15|Wyrok|https://www.saos.org.pl/judgments/233928
371501|2016-04-29|SO|I C 1658/15|Wyrok|https://www.saos.org.pl/judgments/371501
304533|2016-04-29|SO|I C 174/15|Wyrok|https://www.saos.org.pl/judgments/304533
245699|2016-04-29|SO|I C 2239/15|Wyrok|https://www.saos.org.pl/judgments/245699
236363|2016-04-28|SO|X C 1470/15|Wyrok|https://www.saos.org.pl/judgments/236363
229329|2016-04-28|SO|I C 1221/15|Wyrok|https://www.saos.org.pl/judgments/229329
228558|2016-04-20|SO|I Ca 135/16|Wyrok|https://www.saos.org.pl/judgments/228558
294619|2016-04-19|SO|I C 149/16|Wyrok|https://www.saos.org.pl/judgments/294619
227109|2016-04-19|SO|I C 2868/15|Wyrok|https://www.saos.org.pl/judgments/227109
227107|2016-04-19|SO|I C 2820/15|Wyrok|https://www.saos.org.pl/judgments/227107
227105|2016-04-19|SO|I C 2810/15|Wyrok|https://www.saos.org.pl/judgments/227105
227104|2016-04-19|SO|I C 2806/15|Wyrok|https://www.saos.org.pl/judgments/227104
227099|2016-04-19|SO|I C 2408/15|Wyrok|https://www.saos.org.pl/judgments/227099
225778|2016-04-19|SO|I C 150/16|Wyrok|https://www.saos.org.pl/judgments/225778
224393|2016-04-19|SO|I C 188/16|Wyrok|https://www.saos.org.pl/judgments/224393
224067|2016-04-19|SO|I C 175/16|Wyrok|https://www.saos.org.pl/judgments/224067
224066|2016-04-19|SO|I C 174/16|Wyrok|https://www.saos.org.pl/judgments/224066
224065|2016-04-19|SO|I C 148/16|Wyrok|https://www.saos.org.pl/judgments/224065
226768|2016-04-15|SO|VI ACa 286/15|Wyrok|https://www.saos.org.pl/judgments/226768
223560|2016-04-15|SO|III AUa 1014/15|Wyrok|https://www.saos.org.pl/judgments/223560
221624|2016-04-15|SO|IV Ca 163/16|Wyrok|https://www.saos.org.pl/judgments/221624
228774|2016-04-14|SO|I Ca 62/16|Wyrok|https://www.saos.org.pl/judgments/228774
221820|2016-04-14|SO|I C 2142/15|Wyrok|https://www.saos.org.pl/judgments/221820
249570|2016-04-13|SO|I ACa 1255/15|Wyrok|https://www.saos.org.pl/judgments/249570
225972|2016-04-12|SO|I C 2971/15|Wyrok|https://www.saos.org.pl/judgments/225972
225971|2016-04-12|SO|I C 2969/15|Wyrok|https://www.saos.org.pl/judgments/225971
225970|2016-04-12|SO|I C 2951/15|Wyrok|https://www.saos.org.pl/judgments/225970
225968|2016-04-12|SO|I C 2936/15|Wyrok|https://www.saos.org.pl/judgments/225968
225964|2016-04-12|SO|I C 2652/15|Wyrok|https://www.saos.org.pl/judgments/225964
225962|2016-04-12|SO|I C 2528/15|Wyrok|https://www.saos.org.pl/judgments/225962
225959|2016-04-12|SO|I C 2313/15|Wyrok|https://www.saos.org.pl/judgments/225959
225958|2016-04-12|SO|I C 2288/15|Wyrok|https://www.saos.org.pl/judgments/225958
225956|2016-04-12|SO|I C 2056/15|Wyrok|https://www.saos.org.pl/judgments/225956
225953|2016-04-12|SO|I C 1568/15|Wyrok|https://www.saos.org.pl/judgments/225953
225952|2016-04-12|SO|I C 148/16|Wyrok|https://www.saos.org.pl/judgments/225952
218938|2016-04-08|SO|I C 620/15|Wyrok|https://www.saos.org.pl/judgments/218938
228445|2016-04-07|SO|X C 704/15|Wyrok|https://www.saos.org.pl/judgments/228445
227598|2016-04-07|SO|I ACa 1822/15|Wyrok|https://www.saos.org.pl/judgments/227598
224978|2016-04-06|SO|I Ca 108/16|Wyrok|https://www.saos.org.pl/judgments/224978
227065|2016-04-05|SO|I C 1055/15|Wyrok|https://www.saos.org.pl/judgments/227065
223462|2016-04-01|SO|X C 1389/15|Uzasadnienie|https://www.saos.org.pl/judgments/223462
216057|2016-03-31|SO|I Ca 76/16|Wyrok|https://www.saos.org.pl/judgments/216057
222437|2016-03-23|SO|I Ca 96/16|Wyrok|https://www.saos.org.pl/judgments/222437
221405|2016-03-23|SO|III AUa 1673/15|Wyrok|https://www.saos.org.pl/judgments/221405
221130|2016-03-23|SO|VIII Ga 281/15|Uzasadnienie|https://www.saos.org.pl/judgments/221130
228239|2016-03-21|SO|I C 561/15|Wyrok|https://www.saos.org.pl/judgments/228239
226737|2016-03-21|SO|V GC 27/16|Wyrok|https://www.saos.org.pl/judgments/226737
218357|2016-03-18|SO|I C 30/16|Wyrok|https://www.saos.org.pl/judgments/218357
299035|2016-03-17|SO|VI Ga 408/15|Wyrok|https://www.saos.org.pl/judgments/299035
222627|2016-03-16|SO|III Ca 1837/15|Uzasadnienie|https://www.saos.org.pl/judgments/222627
217751|2016-03-16|SO|I C 986/15|Wyrok|https://www.saos.org.pl/judgments/217751
304036|2016-03-14|SO|IX GC 1226/15|Wyrok|https://www.saos.org.pl/judgments/304036
223313|2016-03-14|SO|II C 345/15|Wyrok|https://www.saos.org.pl/judgments/223313
222461|2016-03-14|SO|II C 155/15|Wyrok|https://www.saos.org.pl/judgments/222461
244812|2016-03-11|SN|I CSK 137/15|Wyrok|https://www.saos.org.pl/judgments/244812
233424|2016-03-10|SO|X C 902/15|Wyrok|https://www.saos.org.pl/judgments/233424
214250|2016-03-08|SO|I C 2724/15|Wyrok|https://www.saos.org.pl/judgments/214250
223475|2016-03-07|SO|X C 1973/15|Uzasadnienie|https://www.saos.org.pl/judgments/223475
216113|2016-03-07|SO|II K 31/16|Wyrok|https://www.saos.org.pl/judgments/216113
218054|2016-03-04|SO|IV Ca 75/16|Wyrok|https://www.saos.org.pl/judgments/218054
212509|2016-03-02|SO|I C 1651/14|Wyrok|https://www.saos.org.pl/judgments/212509
248433|2016-02-29|SO|V Ga 5/16|Wyrok|https://www.saos.org.pl/judgments/248433
216627|2016-02-26|SO|I C 416/15|Wyrok|https://www.saos.org.pl/judgments/216627
233416|2016-02-25|SO|X C 1060/15|Wyrok|https://www.saos.org.pl/judgments/233416
228440|2016-02-25|SO|X C 1943/15|Wyrok|https://www.saos.org.pl/judgments/228440
213926|2016-02-25|SO|III Ca 367/15|Wyrok|https://www.saos.org.pl/judgments/213926
210436|2016-02-24|SO|IX GC 1156/15|Uzasadnienie|https://www.saos.org.pl/judgments/210436
210833|2016-02-22|SO|I C 619/15|Wyrok|https://www.saos.org.pl/judgments/210833
260717|2016-02-18|SO|I C 2178/15|Wyrok|https://www.saos.org.pl/judgments/260717
244559|2016-02-11|SN|V CSK 344/15|Wyrok|https://www.saos.org.pl/judgments/244559
233425|2016-02-11|SO|X C 962/14|Wyrok|https://www.saos.org.pl/judgments/233425
208140|2016-02-11|SO|I C 1662/15|Wyrok|https://www.saos.org.pl/judgments/208140
203757|2016-02-11|SO|XIII Ga 1037/15|Uzasadnienie|https://www.saos.org.pl/judgments/203757
469088|2016-02-10|SO|XI GC 1052/15|Wyrok|https://www.saos.org.pl/judgments/469088
273601|2016-02-10|SO|I ACa 945/14|Wyrok|https://www.saos.org.pl/judgments/273601
215788|2016-02-10|SO|III Ca 19/16|Wyrok|https://www.saos.org.pl/judgments/215788
211222|2016-02-10|SO|XI GC 1052/15|Wyrok|https://www.saos.org.pl/judgments/211222
359286|2016-02-09|SO|II C 2036/14|Uzasadnienie|https://www.saos.org.pl/judgments/359286
207373|2016-02-09|SO|II Ka 211/15|Wyrok|https://www.saos.org.pl/judgments/207373
207220|2016-02-08|SO|I C 2302/15|Wyrok|https://www.saos.org.pl/judgments/207220
199626|2016-02-01|SO|XIII GC 1553/15|Wyrok|https://www.saos.org.pl/judgments/199626
211009|2016-01-29|SO|III Ca 1520/15|Uzasadnienie|https://www.saos.org.pl/judgments/211009
244397|2016-01-28|SN|I CZ 121/15|Postanowienie|https://www.saos.org.pl/judgments/244397
244452|2016-01-27|SN|V KK 252/15|Postanowienie|https://www.saos.org.pl/judgments/244452
244427|2016-01-27|SN|II CSK 153/15|Wyrok|https://www.saos.org.pl/judgments/244427
244424|2016-01-27|SN|I UZ 29/15|Postanowienie|https://www.saos.org.pl/judgments/244424
203121|2016-01-27|SO|III C 541/14|Wyrok|https://www.saos.org.pl/judgments/203121
202617|2016-01-27|SO|I C 347/15|Wyrok|https://www.saos.org.pl/judgments/202617
272844|2016-01-26|SO|II C 485/14|Wyrok|https://www.saos.org.pl/judgments/272844
208047|2016-01-26|SO|V GC 355/15|Wyrok|https://www.saos.org.pl/judgments/208047
212482|2016-01-25|SO|I ACa 1374/15|Wyrok|https://www.saos.org.pl/judgments/212482
203123|2016-01-25|SO|III C 647/14|Wyrok|https://www.saos.org.pl/judgments/203123
202574|2016-01-25|SO|I C 2282/15|Wyrok|https://www.saos.org.pl/judgments/202574
213220|2016-01-22|SO|I ACa 829/15|Wyrok|https://www.saos.org.pl/judgments/213220
543160|2016-01-21|SO|I C 555/14|Wyrok|https://www.saos.org.pl/judgments/543160
202505|2016-01-21|SO|I C 1421/15|Wyrok|https://www.saos.org.pl/judgments/202505
214204|2016-01-19|SO|I ACa 1246/15|Wyrok|https://www.saos.org.pl/judgments/214204
198470|2016-01-15|SO|I C 627/14|Wyrok|https://www.saos.org.pl/judgments/198470
236609|2016-01-12|SO|I C 1015/15|Wyrok|https://www.saos.org.pl/judgments/236609
230018|2016-01-12|KIO|KIO 2789/15|Wyrok|https://www.saos.org.pl/judgments/230018
210811|2016-01-05|SO|I C 2393/15|Wyrok|https://www.saos.org.pl/judgments/210811
202363|2015-12-29|SO|I ACa 1346/15|Wyrok|https://www.saos.org.pl/judgments/202363
202896|2015-12-28|SO|II Ca 871/15|Wyrok|https://www.saos.org.pl/judgments/202896
199000|2015-12-23|SO|I C 154/15|Wyrok|https://www.saos.org.pl/judgments/199000
195938|2015-12-23|SO|I C 2122/15|Wyrok|https://www.saos.org.pl/judgments/195938
221256|2015-12-22|SO|I ACa 746/15|Wyrok|https://www.saos.org.pl/judgments/221256
196482|2015-12-18|SO|IX GC 162/15|Wyrok|https://www.saos.org.pl/judgments/196482
247827|2015-12-17|SO|X C 1909/15|Wyrok|https://www.saos.org.pl/judgments/247827
205235|2015-12-17|SO|II C 2255/15|Uzasadnienie|https://www.saos.org.pl/judgments/205235
202507|2015-12-17|SO|I C 1426/13|Wyrok|https://www.saos.org.pl/judgments/202507
204437|2015-12-15|SO|I C 984/15|Wyrok|https://www.saos.org.pl/judgments/204437
211955|2015-12-10|SO|I C 842/15|Wyrok|https://www.saos.org.pl/judgments/211955
195569|2015-12-10|SO|I C 2255/14|Wyrok|https://www.saos.org.pl/judgments/195569
193674|2015-12-09|SO|I C 2111/14|Wyrok|https://www.saos.org.pl/judgments/193674
244096|2015-12-08|SN|I UZ 19/15|Postanowienie|https://www.saos.org.pl/judgments/244096
208048|2015-12-07|SO|V GC 598/15|Wyrok|https://www.saos.org.pl/judgments/208048
194285|2015-12-07|SO|I C 356/15|Wyrok|https://www.saos.org.pl/judgments/194285
196127|2015-11-30|SO|II Co 2160/15|Uzasadnienie|https://www.saos.org.pl/judgments/196127
193165|2015-11-30|SO|III Ca 1087/15|Uzasadnienie|https://www.saos.org.pl/judgments/193165
191488|2015-11-30|SO|I ACa 630/15|Wyrok|https://www.saos.org.pl/judgments/191488
196665|2015-11-26|SO|X C 755/15|Zarządzenie|https://www.saos.org.pl/judgments/196665
194248|2015-11-26|SO|I C 168/15|Wyrok|https://www.saos.org.pl/judgments/194248
192602|2015-11-23|SO|III C 2394/13|Wyrok|https://www.saos.org.pl/judgments/192602
195705|2015-11-18|SO|VII Ka 774/15|Wyrok|https://www.saos.org.pl/judgments/195705
192149|2015-11-18|SO|I C 95/15|Wyrok|https://www.saos.org.pl/judgments/192149
196660|2015-11-17|SO|X C 591/15|Uzasadnienie|https://www.saos.org.pl/judgments/196660
195782|2015-11-17|SO|I ACa 1001/15|Wyrok|https://www.saos.org.pl/judgments/195782
194742|2015-11-17|SO|III Ca 912/15|Wyrok|https://www.saos.org.pl/judgments/194742
223470|2015-11-13|SO|X C 1486/15|Zarządzenie|https://www.saos.org.pl/judgments/223470
202570|2015-11-13|SO|I C 2114/12|Wyrok|https://www.saos.org.pl/judgments/202570
263748|2015-11-12|SO|XVI GC 2786/14|Zarządzenie|https://www.saos.org.pl/judgments/263748
336965|2015-11-10|SO|I C 1937/14|Wyrok|https://www.saos.org.pl/judgments/336965
190255|2015-11-10|SO|I C 261/14|Wyrok|https://www.saos.org.pl/judgments/190255
184714|2015-11-06|SO|III AUa 892/15|Wyrok|https://www.saos.org.pl/judgments/184714
182569|2015-11-06|SO|I C 761/15|Wyrok|https://www.saos.org.pl/judgments/182569
189994|2015-11-04|SO|III AUa 878/15|Wyrok|https://www.saos.org.pl/judgments/189994
233417|2015-11-03|SO|X C 1063/15|Wyrok|https://www.saos.org.pl/judgments/233417
194710|2015-11-03|SO|III Ca 1734/15|Wyrok|https://www.saos.org.pl/judgments/194710
181962|2015-11-03|SO|I C 1962/15|Wyrok|https://www.saos.org.pl/judgments/181962
195352|2015-10-29|SO|XVI Ca 489/15|Wyrok|https://www.saos.org.pl/judgments/195352
183367|2015-10-29|SO|II Ca 581/15|Wyrok|https://www.saos.org.pl/judgments/183367
196941|2015-10-28|SO|IX C 12/15|Wyrok|https://www.saos.org.pl/judgments/196941
181703|2015-10-28|SO|I C 1183/14|Wyrok|https://www.saos.org.pl/judgments/181703
203173|2015-10-27|SO|III Ca 1450/15|Wyrok|https://www.saos.org.pl/judgments/203173
203172|2015-10-27|SO|III Ca 1449/15|Wyrok|https://www.saos.org.pl/judgments/203172
203170|2015-10-27|SO|III Ca 1441/15|Wyrok|https://www.saos.org.pl/judgments/203170
199653|2015-10-27|SO|I C 1482/15|Wyrok|https://www.saos.org.pl/judgments/199653
243609|2015-10-22|SN|IV CSK 687/14|Wyrok|https://www.saos.org.pl/judgments/243609
196658|2015-10-21|SO|X C 470/15|Uzasadnienie|https://www.saos.org.pl/judgments/196658
181755|2015-10-21|SO|I C 1295/15|Wyrok|https://www.saos.org.pl/judgments/181755
181170|2015-10-21|SO|I ACa 162/15|Wyrok|https://www.saos.org.pl/judgments/181170
243642|2015-10-20|SN|I UZ 13/15|Postanowienie|https://www.saos.org.pl/judgments/243642
195870|2015-10-16|SO|I ACa 891/15|Wyrok|https://www.saos.org.pl/judgments/195870
188506|2015-10-16|SO|VIII Ga 125/15|Wyrok|https://www.saos.org.pl/judgments/188506
298587|2015-10-14|SO|II Ca 387/15|Wyrok|https://www.saos.org.pl/judgments/298587
243578|2015-10-14|SN|V CSK 725/14|Postanowienie|https://www.saos.org.pl/judgments/243578
195985|2015-10-14|SO|I C 632/15|Wyrok|https://www.saos.org.pl/judgments/195985
186847|2015-10-14|SO|IX C 439/15|Wyrok|https://www.saos.org.pl/judgments/186847
181690|2015-10-14|SO|I C 1163/15|Wyrok|https://www.saos.org.pl/judgments/181690
192424|2015-10-13|SO|I C 808/15|Wyrok|https://www.saos.org.pl/judgments/192424
183021|2015-10-12|SO|II AKa 260/15|Wyrok|https://www.saos.org.pl/judgments/183021
213135|2015-10-08|SO|XI C 1026/15|Wyrok|https://www.saos.org.pl/judgments/213135
203823|2015-10-08|SO|I C 1794/14|Wyrok|https://www.saos.org.pl/judgments/203823
196010|2015-10-08|SO|I Ca 198/15|Wyrok|https://www.saos.org.pl/judgments/196010
243491|2015-10-07|SN|I CSK 878/14|Wyrok|https://www.saos.org.pl/judgments/243491
181270|2015-10-07|SO|I ACa 362/15|Wyrok|https://www.saos.org.pl/judgments/181270
196014|2015-10-05|SO|I Ca 222/15|Wyrok|https://www.saos.org.pl/judgments/196014
188963|2015-10-01|SO|X Ga 286/15|Wyrok|https://www.saos.org.pl/judgments/188963
184585|2015-09-30|SO|III AUa 660/15|Wyrok|https://www.saos.org.pl/judgments/184585
233082|2015-09-29|SO|X GC 1393/14|Wyrok|https://www.saos.org.pl/judgments/233082
203634|2015-09-29|SO|VIII GC 453/14|Wyrok|https://www.saos.org.pl/judgments/203634
184869|2015-09-29|SO|III Ca 1085/15|Wyrok|https://www.saos.org.pl/judgments/184869
184580|2015-09-29|SO|III AUa 652/15|Wyrok|https://www.saos.org.pl/judgments/184580
183166|2015-09-29|SO|II C 389/14|Wyrok|https://www.saos.org.pl/judgments/183166
189783|2015-09-25|SO|I ACa 1038/15|Wyrok|https://www.saos.org.pl/judgments/189783
184545|2015-09-22|SO|III AUa 606/15|Wyrok|https://www.saos.org.pl/judgments/184545
180707|2015-09-22|SO|III Ca 1187/15|Wyrok|https://www.saos.org.pl/judgments/180707
532876|2015-09-18|SO|I ACa 440/15|Wyrok|https://www.saos.org.pl/judgments/532876
243307|2015-09-18|SN|I CSK 752/14|Wyrok|https://www.saos.org.pl/judgments/243307
188953|2015-09-18|SO|X Ga 115/15|Wyrok|https://www.saos.org.pl/judgments/188953
182491|2015-09-16|SO|I C 615/14|Wyrok|https://www.saos.org.pl/judgments/182491
181881|2015-09-15|SO|I C 168/15|Wyrok|https://www.saos.org.pl/judgments/181881
179429|2015-09-11|SO|II C 448/14|Wyrok|https://www.saos.org.pl/judgments/179429
298545|2015-09-10|SO|II Ca 247/15|Wyrok|https://www.saos.org.pl/judgments/298545
243265|2015-09-10|SN|II CSK 745/14|Wyrok|https://www.saos.org.pl/judgments/243265
182918|2015-09-10|SO|II AKa 154/15|Wyrok|https://www.saos.org.pl/judgments/182918
179769|2015-09-09|SO|III Ca 979/15|Wyrok|https://www.saos.org.pl/judgments/179769
227553|2015-09-08|SO|XV Ca 482/15|Wyrok|https://www.saos.org.pl/judgments/227553
186899|2015-09-04|SO|IX GC 678/15|Uzasadnienie|https://www.saos.org.pl/judgments/186899
178182|2015-09-03|SO|I C 172/15|Uzasadnienie|https://www.saos.org.pl/judgments/178182
183295|2015-09-01|SO|II Ca 415/15|Wyrok|https://www.saos.org.pl/judgments/183295
188949|2015-08-26|SO|X C 183/15|Uzasadnienie|https://www.saos.org.pl/judgments/188949
191425|2015-08-25|SO|III Ca 983/15|Uzasadnienie|https://www.saos.org.pl/judgments/191425
187122|2015-08-25|SO|V Ca 3420/14|Wyrok|https://www.saos.org.pl/judgments/187122
188948|2015-08-17|SO|X C 167/15|Uzasadnienie|https://www.saos.org.pl/judgments/188948
179066|2015-08-12|SO|IX C 508/14|Wyrok|https://www.saos.org.pl/judgments/179066
175716|2015-08-12|SO|I C 909/15|Wyrok|https://www.saos.org.pl/judgments/175716
178560|2015-08-11|SO|II AKa 107/15|Wyrok|https://www.saos.org.pl/judgments/178560
179294|2015-08-05|SO|I C 3457/14|Wyrok|https://www.saos.org.pl/judgments/179294
174326|2015-07-30|SO|III AUa 346/15|Wyrok|https://www.saos.org.pl/judgments/174326
261070|2015-07-24|SO|II C 287/14|Wyrok|https://www.saos.org.pl/judgments/261070
173937|2015-07-24|SO|I C 458/14|Wyrok|https://www.saos.org.pl/judgments/173937
171769|2015-07-23|SO|VII Pa 124/15|Uzasadnienie|https://www.saos.org.pl/judgments/171769
359297|2015-07-20|SO|II C 2308/14|Uzasadnienie|https://www.saos.org.pl/judgments/359297
178547|2015-07-15|SO|I Ca 180/15|Wyrok|https://www.saos.org.pl/judgments/178547
178930|2015-07-10|SO|XV C 170/14|Wyrok|https://www.saos.org.pl/judgments/178930
181211|2015-07-09|SO|I ACa 212/15|Wyrok|https://www.saos.org.pl/judgments/181211
187076|2015-07-08|SO|V ACa 64/15|Wyrok|https://www.saos.org.pl/judgments/187076
169700|2015-07-03|SO|XI GC 522/15|Wyrok|https://www.saos.org.pl/judgments/169700
174265|2015-06-29|SO|III AUa 160/15|Wyrok|https://www.saos.org.pl/judgments/174265
262191|2015-06-25|SO|II AKa 211/15|Wyrok|https://www.saos.org.pl/judgments/262191
173972|2015-06-25|SO|I C 689/15|Wyrok|https://www.saos.org.pl/judgments/173972
157863|2015-06-25|SO|I C 665/13|Wyrok|https://www.saos.org.pl/judgments/157863
177640|2015-06-22|SO|III Ca 310/15|Uzasadnienie|https://www.saos.org.pl/judgments/177640
158877|2015-06-22|SO|XI GC 1311/14|Wyrok|https://www.saos.org.pl/judgments/158877
185060|2015-06-16|SO|III Ca 388/15|Wyrok|https://www.saos.org.pl/judgments/185060
184687|2015-06-16|SO|III AUa 842/14|Wyrok|https://www.saos.org.pl/judgments/184687
181771|2015-06-16|SO|I C 134/15|Wyrok|https://www.saos.org.pl/judgments/181771
178881|2015-06-16|SO|X C 207/15|Zarządzenie|https://www.saos.org.pl/judgments/178881
173380|2015-06-15|SO|I ACa 1802/14|Wyrok|https://www.saos.org.pl/judgments/173380
185031|2015-06-10|SO|III Ca 370/15|Wyrok|https://www.saos.org.pl/judgments/185031
170978|2015-06-09|SO|VI ACa 1179/14|Wyrok|https://www.saos.org.pl/judgments/170978
169163|2015-06-09|SO|I ACa 418/15|Wyrok|https://www.saos.org.pl/judgments/169163
158644|2015-06-09|SO|I C 159/15|Wyrok|https://www.saos.org.pl/judgments/158644
220500|2015-06-03|SO|I C 1228/13|Wyrok|https://www.saos.org.pl/judgments/220500
190489|2015-06-02|SO|I C 412/15|Wyrok|https://www.saos.org.pl/judgments/190489
179673|2015-06-02|SO|III AUa 752/14|Wyrok|https://www.saos.org.pl/judgments/179673
170840|2015-05-28|SO|VIII Ga 100/15|Wyrok|https://www.saos.org.pl/judgments/170840
177984|2015-05-25|SO|I C 192/15|Wyrok|https://www.saos.org.pl/judgments/177984
182051|2015-05-21|SO|I C 2282/13|Wyrok|https://www.saos.org.pl/judgments/182051
197122|2015-05-15|SO|I ACa 307/15|Wyrok|https://www.saos.org.pl/judgments/197122
173370|2015-05-12|SO|I ACa 1677/14|Wyrok|https://www.saos.org.pl/judgments/173370
170106|2015-05-12|SO|I Ca 201/15|Wyrok|https://www.saos.org.pl/judgments/170106
158090|2015-05-12|SO|I ACa 94/15|Wyrok|https://www.saos.org.pl/judgments/158090
156638|2015-05-12|SO|VI ACa 745/15|Wyrok|https://www.saos.org.pl/judgments/156638
155844|2015-05-11|SO|II Cz 284/15|Postanowienie|https://www.saos.org.pl/judgments/155844
181727|2015-05-05|SO|I C 1236/14|Wyrok|https://www.saos.org.pl/judgments/181727
245449|2015-04-29|SN|V CSK 445/14|Wyrok|https://www.saos.org.pl/judgments/245449
253007|2015-04-28|SO|II C 295/13|Wyrok|https://www.saos.org.pl/judgments/253007
184963|2015-04-22|SO|III Ca 215/15|Wyrok|https://www.saos.org.pl/judgments/184963
157840|2015-04-21|SO|I C 255/15|Wyrok|https://www.saos.org.pl/judgments/157840
202573|2015-04-20|SO|I C 226/15|Wyrok|https://www.saos.org.pl/judgments/202573
154361|2015-04-16|SO|I ACa 165/15|Wyrok|https://www.saos.org.pl/judgments/154361
153241|2015-04-15|SO|I C 409/14|Uzasadnienie|https://www.saos.org.pl/judgments/153241
155699|2015-04-14|SO|II Ca 12/15|Wyrok|https://www.saos.org.pl/judgments/155699
154646|2015-04-10|SO|I ACa 105/15|Wyrok|https://www.saos.org.pl/judgments/154646
149677|2015-04-01|SO|I C 1487/12|Wyrok|https://www.saos.org.pl/judgments/149677
154806|2015-03-31|SO|VI ACa 1051/14|Wyrok|https://www.saos.org.pl/judgments/154806
152717|2015-03-31|SO|I C 295/15|Wyrok|https://www.saos.org.pl/judgments/152717
151678|2015-03-27|SO|I C 779/13|Wyrok|https://www.saos.org.pl/judgments/151678
168684|2015-03-26|SN|V CSK 376/14|Wyrok|https://www.saos.org.pl/judgments/168684
154512|2015-03-26|SO|I ACa 47/15|Wyrok|https://www.saos.org.pl/judgments/154512
173500|2015-03-25|SO|I ACa 141/15|Wyrok|https://www.saos.org.pl/judgments/173500
149771|2015-03-25|SO|I C 2223/14|Wyrok|https://www.saos.org.pl/judgments/149771
148765|2015-03-20|SO|I C 288/15|Wyrok|https://www.saos.org.pl/judgments/148765
203629|2015-03-19|SO|VIII GC 2138/14|Wyrok|https://www.saos.org.pl/judgments/203629
171316|2015-03-19|SO|I ACa 713/13|Wyrok|https://www.saos.org.pl/judgments/171316
149798|2015-03-19|SO|II Ca 819/14|Wyrok|https://www.saos.org.pl/judgments/149798
168656|2015-03-18|SN|III PK 118/14|Wyrok|https://www.saos.org.pl/judgments/168656
148579|2015-03-18|SO|I C 1904/14|Wyrok|https://www.saos.org.pl/judgments/148579
148578|2015-03-18|SO|I C 178/15|Wyrok|https://www.saos.org.pl/judgments/148578
148575|2015-03-18|SO|I C 158/15|Wyrok|https://www.saos.org.pl/judgments/148575
173611|2015-03-17|SO|XII Ga 190/14|Wyrok|https://www.saos.org.pl/judgments/173611
134645|2015-03-13|SO|VIII Ca 729/14|Wyrok|https://www.saos.org.pl/judgments/134645
181530|2015-03-10|SO|I ACa 839/14|Wyrok|https://www.saos.org.pl/judgments/181530
159686|2015-03-10|SO|III Ca 16/15|Postanowienie|https://www.saos.org.pl/judgments/159686
157836|2015-03-10|SO|I C 1650/14|Wyrok|https://www.saos.org.pl/judgments/157836
134152|2015-03-10|SO|I C 99/15|Wyrok|https://www.saos.org.pl/judgments/134152
150071|2015-03-04|SO|I ACa 1401/14|Wyrok|https://www.saos.org.pl/judgments/150071
134129|2015-03-04|SO|I C 14/15|Wyrok|https://www.saos.org.pl/judgments/134129
223773|2015-03-02|SO|XXVI GC 1048/14|Wyrok|https://www.saos.org.pl/judgments/223773
134142|2015-02-27|SO|I C 40/15|Wyrok|https://www.saos.org.pl/judgments/134142
133226|2015-02-27|SO|I C 2101/14|Wyrok|https://www.saos.org.pl/judgments/133226
490441|2015-02-26|SO|I ACa 653/14|Wyrok|https://www.saos.org.pl/judgments/490441
183379|2015-02-26|SO|II Ca 614/14|Uzasadnienie|https://www.saos.org.pl/judgments/183379
156485|2015-02-26|SO|III Ca 1435/14|Uzasadnienie|https://www.saos.org.pl/judgments/156485
154266|2015-02-25|SO|IV K 108/12|Wyrok|https://www.saos.org.pl/judgments/154266
151681|2015-02-25|SO|I Ca 18/15|Wyrok|https://www.saos.org.pl/judgments/151681
159753|2015-02-24|SO|III Ca 59/15|Wyrok|https://www.saos.org.pl/judgments/159753
134203|2015-02-23|SO|I C 151/15|Wyrok|https://www.saos.org.pl/judgments/134203
157828|2015-02-13|SO|I C 156/15|Wyrok|https://www.saos.org.pl/judgments/157828
133590|2015-02-13|SO|I C 2298/14|Wyrok|https://www.saos.org.pl/judgments/133590
133589|2015-02-13|SO|I C 2246/14|Wyrok|https://www.saos.org.pl/judgments/133589
178374|2015-02-11|SO|VII GC 2074/14|Wyrok|https://www.saos.org.pl/judgments/178374
168251|2015-02-11|SN|I CSK 133/14|Wyrok|https://www.saos.org.pl/judgments/168251
151015|2015-02-11|SO|III Ca 1201/14|Uzasadnienie|https://www.saos.org.pl/judgments/151015
132657|2015-02-11|SO|I C 2241/14|Wyrok|https://www.saos.org.pl/judgments/132657
182272|2015-02-10|SO|I C 3194/14|Wyrok|https://www.saos.org.pl/judgments/182272
297348|2015-02-06|SO|II Ca 755/14|Wyrok|https://www.saos.org.pl/judgments/297348
182282|2015-02-06|SO|I C 3287/14|Wyrok|https://www.saos.org.pl/judgments/182282
182225|2015-02-06|SO|I C 2960/14|Wyrok|https://www.saos.org.pl/judgments/182225
178505|2015-02-06|SO|I C 2910/14|Wyrok|https://www.saos.org.pl/judgments/178505
149679|2015-02-05|SO|I C 1778/14|Wyrok|https://www.saos.org.pl/judgments/149679
132816|2015-02-05|SO|I C 1591/14|Wyrok|https://www.saos.org.pl/judgments/132816
151115|2015-02-04|SO|III Ca 1895/14|Uzasadnienie|https://www.saos.org.pl/judgments/151115
173055|2015-02-03|SO|VI ACa 424/14|Wyrok|https://www.saos.org.pl/judgments/173055
149923|2015-02-02|SO|III Ca 1231/14|Uzasadnienie|https://www.saos.org.pl/judgments/149923
129586|2015-01-28|SO|I C 2171/14|Wyrok|https://www.saos.org.pl/judgments/129586
127556|2015-01-27|SO|II Cz 8/15|Postanowienie|https://www.saos.org.pl/judgments/127556
131690|2015-01-22|SO|III Ca 1344/14|Wyrok|https://www.saos.org.pl/judgments/131690
128795|2015-01-16|SO|I C 1689/14|Wyrok|https://www.saos.org.pl/judgments/128795
128305|2015-01-14|SO|I C 2141/14|Wyrok|https://www.saos.org.pl/judgments/128305
126974|2015-01-08|SO|I C 366/14|Uzasadnienie|https://www.saos.org.pl/judgments/126974
259382|2015-01-05|SO|XVII AmA 61/13|Wyrok|https://www.saos.org.pl/judgments/259382
133201|2014-12-30|SO|I ACa 1366/14|Wyrok|https://www.saos.org.pl/judgments/133201
160638|2014-12-29|KIO|KIO 2642/14|Wyrok|https://www.saos.org.pl/judgments/160638
131580|2014-12-29|SO|I Ca 190/14|Wyrok|https://www.saos.org.pl/judgments/131580
542902|2014-12-17|SO|V ACa 442/14|Wyrok|https://www.saos.org.pl/judgments/542902
125849|2014-12-16|SO|I C 314/13|Wyrok|https://www.saos.org.pl/judgments/125849
128352|2014-12-12|SO|I ACa 1296/14|Wyrok|https://www.saos.org.pl/judgments/128352
171057|2014-12-09|SO|III AUa 324/14|Wyrok|https://www.saos.org.pl/judgments/171057
130523|2014-12-09|SO|I ACa 1269/14|Wyrok|https://www.saos.org.pl/judgments/130523
127104|2014-12-04|SO|I ACa 1452/14|Wyrok|https://www.saos.org.pl/judgments/127104
75431|2014-12-03|SO|I C 2032/14|Wyrok|https://www.saos.org.pl/judgments/75431
241509|2014-12-01|SO|II C 776/14|Wyrok|https://www.saos.org.pl/judgments/241509
129760|2014-11-27|SO|III AUa 943/13|Wyrok|https://www.saos.org.pl/judgments/129760
73364|2014-11-26|SO|I C 1938/14|Wyrok|https://www.saos.org.pl/judgments/73364
149265|2014-11-24|SO|II Ca 818/14|Wyrok|https://www.saos.org.pl/judgments/149265
535666|2014-11-20|SO|I ACa 790/14|Wyrok|https://www.saos.org.pl/judgments/535666
125613|2014-11-19|SO|I C 1524/14|Wyrok|https://www.saos.org.pl/judgments/125613
74103|2014-11-14|SO|I ACa 464/14|Wyrok|https://www.saos.org.pl/judgments/74103
131750|2014-11-13|SO|I ACa 724/14|Wyrok|https://www.saos.org.pl/judgments/131750
384021|2014-11-12|SO|XVII AmA 8/13|Wyrok|https://www.saos.org.pl/judgments/384021
127772|2014-11-12|SO|I ACa 854/14|Wyrok|https://www.saos.org.pl/judgments/127772
127161|2014-11-12|SO|I C 3502/13|Wyrok|https://www.saos.org.pl/judgments/127161
71598|2014-11-05|SO|I C 1805/14|Wyrok|https://www.saos.org.pl/judgments/71598
70367|2014-11-05|SO|I C 1425/14|Wyrok|https://www.saos.org.pl/judgments/70367
74617|2014-10-30|SO|III Ca 710/14|Uzasadnienie|https://www.saos.org.pl/judgments/74617
69078|2014-10-29|SO|I C 1138/14|Wyrok|https://www.saos.org.pl/judgments/69078
67951|2014-10-29|SO|I C 408/14|Wyrok|https://www.saos.org.pl/judgments/67951
73850|2014-10-24|SO|X Ga 220/14|Wyrok|https://www.saos.org.pl/judgments/73850
68261|2014-10-24|SO|X Ga 198/14|Wyrok|https://www.saos.org.pl/judgments/68261
71460|2014-10-23|SO|II Ca 597/14|Wyrok|https://www.saos.org.pl/judgments/71460
125881|2014-10-21|SO|II AKa 412/13|Wyrok|https://www.saos.org.pl/judgments/125881
182110|2014-10-20|SO|I C 2494/14|Wyrok|https://www.saos.org.pl/judgments/182110
65450|2014-10-16|SO|X GC 337/12|Uzasadnienie|https://www.saos.org.pl/judgments/65450
66596|2014-10-15|SO|I Ca 309/14|Wyrok|https://www.saos.org.pl/judgments/66596
66872|2014-10-10|SO|I C 1214/14|Wyrok|https://www.saos.org.pl/judgments/66872
70265|2014-10-09|SO|X Ga 480/14|Wyrok|https://www.saos.org.pl/judgments/70265
311692|2014-10-08|SO|XV GC 1377/14|Uzasadnienie|https://www.saos.org.pl/judgments/311692
275553|2014-10-08|SO|II Ca 81/14|Wyrok|https://www.saos.org.pl/judgments/275553
72274|2014-10-08|SO|I C 83/14|Wyrok|https://www.saos.org.pl/judgments/72274
65886|2014-10-01|SO|I C 443/14|Wyrok|https://www.saos.org.pl/judgments/65886
68258|2014-09-26|SO|X Ga 191/14|Wyrok|https://www.saos.org.pl/judgments/68258
166761|2014-09-25|SN|II CSK 645/13|Wyrok|https://www.saos.org.pl/judgments/166761
69601|2014-09-25|SO|I ACa 482/14|Wyrok|https://www.saos.org.pl/judgments/69601
65550|2014-09-24|SO|I ACa 465/14|Wyrok|https://www.saos.org.pl/judgments/65550
75269|2014-09-23|SO|III AUa 884/13|Wyrok|https://www.saos.org.pl/judgments/75269
68595|2014-09-23|SO|I C 752/13|Wyrok|https://www.saos.org.pl/judgments/68595
66479|2014-09-23|SO|VIII GC 309/14|Wyrok|https://www.saos.org.pl/judgments/66479
66713|2014-09-11|SO|II Ca 401/14|Wyrok|https://www.saos.org.pl/judgments/66713
66889|2014-09-10|SO|I Ca 247/14|Wyrok|https://www.saos.org.pl/judgments/66889
61158|2014-08-21|SO|II Ca 398/14|Wyrok|https://www.saos.org.pl/judgments/61158
60382|2014-08-18|SO|II C 644/13|Wyrok|https://www.saos.org.pl/judgments/60382
58710|2014-08-14|SO|I C 176/14|Uzasadnienie|https://www.saos.org.pl/judgments/58710
294698|2014-07-29|SO|II Ca 1311/13|Postanowienie|https://www.saos.org.pl/judgments/294698
169742|2014-07-29|SO|XV Ca 871/14|Wyrok|https://www.saos.org.pl/judgments/169742
150464|2014-07-29|SO|III APa 10/13|Wyrok|https://www.saos.org.pl/judgments/150464
59074|2014-07-28|SO|VI GC 238/14|Wyrok|https://www.saos.org.pl/judgments/59074
72273|2014-07-25|SO|I C 51/14|Wyrok|https://www.saos.org.pl/judgments/72273
147896|2014-07-23|SO|I C 824/13|Wyrok|https://www.saos.org.pl/judgments/147896
58628|2014-07-23|SO|III AUa 2326/13|Wyrok|https://www.saos.org.pl/judgments/58628
147998|2014-07-21|SO|I C 142/14|Wyrok|https://www.saos.org.pl/judgments/147998
57132|2014-07-18|SO|IX GC 1165/13|Wyrok|https://www.saos.org.pl/judgments/57132
245372|2014-07-16|SN|II PK 25/14|Postanowienie|https://www.saos.org.pl/judgments/245372
57094|2014-07-11|SO|X Ga 134/14|Wyrok|https://www.saos.org.pl/judgments/57094
61685|2014-07-10|SO|II Ca 723/14|Wyrok|https://www.saos.org.pl/judgments/61685
147916|2014-07-02|SO|I C 1351/12|Wyrok|https://www.saos.org.pl/judgments/147916
59093|2014-06-30|SO|IX GC 317/12|Uzasadnienie|https://www.saos.org.pl/judgments/59093
166128|2014-06-27|SN|V CSK 440/13|Wyrok|https://www.saos.org.pl/judgments/166128
61795|2014-06-27|SO|XV Ca 502/14|Wyrok|https://www.saos.org.pl/judgments/61795
58028|2014-06-27|SO|I C 172/14|Wyrok|https://www.saos.org.pl/judgments/58028
147132|2014-06-26|SO|I C 1154/13|Wyrok|https://www.saos.org.pl/judgments/147132
60507|2014-06-25|SO|II Ca 469/14|Wyrok|https://www.saos.org.pl/judgments/60507
57609|2014-06-24|SO|III AUa 2196/13|Wyrok|https://www.saos.org.pl/judgments/57609
69956|2014-06-23|SO|I C 1011/14|Wyrok|https://www.saos.org.pl/judgments/69956
199655|2014-06-18|SO|I C 1805/13|Wyrok|https://www.saos.org.pl/judgments/199655
68811|2014-06-18|SO|VII C 1499/13|Wyrok|https://www.saos.org.pl/judgments/68811
53533|2014-06-18|SO|II Ca 405/14|Wyrok|https://www.saos.org.pl/judgments/53533
147791|2014-06-12|SO|I C 1520/13|Wyrok|https://www.saos.org.pl/judgments/147791
56219|2014-06-12|SO|I ACa 1574/13|Wyrok|https://www.saos.org.pl/judgments/56219
165897|2014-05-28|SN|I CSK 345/13|Wyrok|https://www.saos.org.pl/judgments/165897
50142|2014-05-28|SO|I ACa 86/14|Wyrok|https://www.saos.org.pl/judgments/50142
147294|2014-05-27|SO|I C 426/14|Wyrok|https://www.saos.org.pl/judgments/147294
146668|2014-05-23|SO|I Ca 141/14|Wyrok|https://www.saos.org.pl/judgments/146668
70672|2014-05-20|SO|I ACa 361/14|Wyrok|https://www.saos.org.pl/judgments/70672
49444|2014-05-20|SO|I ACa 1502/13|Wyrok|https://www.saos.org.pl/judgments/49444
51821|2014-05-16|SO|VIII Ga 46/14|Wyrok|https://www.saos.org.pl/judgments/51821
56200|2014-05-13|SO|XV Ca 194/14|Wyrok|https://www.saos.org.pl/judgments/56200
55555|2014-05-13|SO|III AUa 894/13|Wyrok|https://www.saos.org.pl/judgments/55555
58670|2014-05-09|SO|III Ca 457/14|Uzasadnienie|https://www.saos.org.pl/judgments/58670
182149|2014-05-07|SO|I C 2624/13|Wyrok|https://www.saos.org.pl/judgments/182149
50175|2014-05-07|SO|II Ca 682/13|Wyrok|https://www.saos.org.pl/judgments/50175
176492|2014-04-30|SO|I ACa 300/14|Wyrok|https://www.saos.org.pl/judgments/176492
146158|2014-04-28|SO|I C 834/13|Wyrok|https://www.saos.org.pl/judgments/146158
50162|2014-04-25|SO|II Ca 2620/13|Wyrok|https://www.saos.org.pl/judgments/50162
147279|2014-04-24|SO|I C 105/14|Wyrok|https://www.saos.org.pl/judgments/147279
296151|2014-04-23|SO|II Ca 37/14|Wyrok|https://www.saos.org.pl/judgments/296151
146152|2014-04-17|SO|I C 603/14|Wyrok|https://www.saos.org.pl/judgments/146152
45977|2014-04-15|SO|III AUa 1584/13|Wyrok|https://www.saos.org.pl/judgments/45977
145861|2014-04-11|SO|I C 1214/13|Wyrok|https://www.saos.org.pl/judgments/145861
64723|2014-04-11|SO|I C 880/13|Wyrok|https://www.saos.org.pl/judgments/64723
50778|2014-04-10|SO|XII Ga 138/14|Wyrok|https://www.saos.org.pl/judgments/50778
146076|2014-04-09|SO|I Ca 102/14|Wyrok|https://www.saos.org.pl/judgments/146076
68350|2014-04-09|SO|VII C 1332/13|Wyrok|https://www.saos.org.pl/judgments/68350
146009|2014-04-08|SO|I C 1532/13|Wyrok|https://www.saos.org.pl/judgments/146009
145310|2014-04-08|SO|I C 73/14|Wyrok|https://www.saos.org.pl/judgments/145310
59357|2014-04-08|SO|XV GC 647/11|Uzasadnienie|https://www.saos.org.pl/judgments/59357
47486|2014-04-08|SO|X GC 484/13|Wyrok|https://www.saos.org.pl/judgments/47486
145185|2014-04-07|SO|I C 701/13|Wyrok|https://www.saos.org.pl/judgments/145185
127534|2014-04-04|SO|XV GC 3544/13|Uzasadnienie|https://www.saos.org.pl/judgments/127534
147031|2014-04-01|SO|I C 2204/12|Wyrok|https://www.saos.org.pl/judgments/147031
46182|2014-04-01|SO|VIII Ga 175/13|Uzasadnienie|https://www.saos.org.pl/judgments/46182
145066|2014-03-28|SO|I C 261/14|Wyrok|https://www.saos.org.pl/judgments/145066
46856|2014-03-27|SO|I ACa 43/14|Wyrok|https://www.saos.org.pl/judgments/46856
46835|2014-03-27|SO|VIII C 199/13|Wyrok|https://www.saos.org.pl/judgments/46835
45713|2014-03-27|SO|VI Ga 44/14|Wyrok|https://www.saos.org.pl/judgments/45713
146521|2014-03-26|SO|I C 2285/13|Wyrok|https://www.saos.org.pl/judgments/146521
146177|2014-03-25|SO|I C 2066/13|Wyrok|https://www.saos.org.pl/judgments/146177
146109|2014-03-25|SO|I C 181/14|Wyrok|https://www.saos.org.pl/judgments/146109
54554|2014-03-25|SO|II Ca 68/14|Wyrok|https://www.saos.org.pl/judgments/54554
48051|2014-03-25|SO|XV GC 3006/13|Uzasadnienie|https://www.saos.org.pl/judgments/48051
145454|2014-03-20|SO|I C 1796/13|Wyrok|https://www.saos.org.pl/judgments/145454
146523|2014-03-18|SO|I C 2423/13|Wyrok|https://www.saos.org.pl/judgments/146523
147272|2014-03-13|SO|I C 363/13|Wyrok|https://www.saos.org.pl/judgments/147272
52433|2014-03-13|SO|II Ca 658/13|Wyrok|https://www.saos.org.pl/judgments/52433
42876|2014-03-13|SO|II Ca 664/13|Wyrok|https://www.saos.org.pl/judgments/42876
42875|2014-03-13|SO|II Ca 656/13|Wyrok|https://www.saos.org.pl/judgments/42875
41953|2014-03-13|SO|II Ca 657/13|Wyrok|https://www.saos.org.pl/judgments/41953
41419|2014-03-13|SO|I ACa 821/13|Wyrok|https://www.saos.org.pl/judgments/41419
146022|2014-03-12|SO|I C 40/14|Wyrok|https://www.saos.org.pl/judgments/146022
41384|2014-03-11|SO|VI GC 473/13|Wyrok|https://www.saos.org.pl/judgments/41384
182018|2014-03-10|SO|I C 2134/13|Wyrok|https://www.saos.org.pl/judgments/182018
146513|2014-03-07|SO|I C 1121/13|Wyrok|https://www.saos.org.pl/judgments/146513
59360|2014-03-07|SO|XV GC 741/13|Uzasadnienie|https://www.saos.org.pl/judgments/59360
43557|2014-03-07|SO|V ACa 725/13|Wyrok|https://www.saos.org.pl/judgments/43557
144446|2014-03-06|SO|I C 80/14|Wyrok|https://www.saos.org.pl/judgments/144446
40683|2014-02-27|SO|VIII Ga 86/13|Uzasadnienie|https://www.saos.org.pl/judgments/40683
144018|2014-02-26|SO|I C 1239/13|Wyrok|https://www.saos.org.pl/judgments/144018
56425|2014-02-26|SO|VI ACa 1117/13|Wyrok|https://www.saos.org.pl/judgments/56425
37375|2014-02-25|SO|X Ga 346/13|Wyrok|https://www.saos.org.pl/judgments/37375
35996|2014-02-24|SO|XIII Ga 323/13|Uzasadnienie|https://www.saos.org.pl/judgments/35996
144098|2014-02-21|SO|I Ca 8/14|Wyrok|https://www.saos.org.pl/judgments/144098
165630|2014-02-20|SN|I CSK 264/13|Wyrok|https://www.saos.org.pl/judgments/165630
165629|2014-02-20|SN|I CSK 239/13|Wyrok|https://www.saos.org.pl/judgments/165629
143632|2014-02-17|SO|I C 191/12|Wyrok|https://www.saos.org.pl/judgments/143632
104395|2014-02-14|SN|II CSK 288/13|Wyrok|https://www.saos.org.pl/judgments/104395
37172|2014-02-12|SO|II Ca 1589/13|Wyrok|https://www.saos.org.pl/judgments/37172
176336|2014-02-06|SO|II Ca 537/13|Wyrok|https://www.saos.org.pl/judgments/176336
37112|2014-02-06|SO|I ACa 1034/13|Wyrok|https://www.saos.org.pl/judgments/37112
104371|2014-02-05|SN|V CSK 125/13|Wyrok|https://www.saos.org.pl/judgments/104371
146056|2014-02-04|SO|I C 1545/13|Wyrok|https://www.saos.org.pl/judgments/146056
143849|2014-01-30|SO|I C 2556/13|Wyrok|https://www.saos.org.pl/judgments/143849
55520|2014-01-28|SO|I ACa 699/13|Wyrok|https://www.saos.org.pl/judgments/55520
43478|2014-01-24|SO|I ACa 712/13|Wyrok|https://www.saos.org.pl/judgments/43478
36729|2014-01-24|SO|X Ga 359/13|Wyrok|https://www.saos.org.pl/judgments/36729
143163|2014-01-21|SO|I C 686/12|Wyrok|https://www.saos.org.pl/judgments/143163
64454|2014-01-21|SO|I C 2577/13|Wyrok|https://www.saos.org.pl/judgments/64454
195937|2014-01-17|SO|I C 2107/13|Wyrok|https://www.saos.org.pl/judgments/195937
39122|2014-01-16|SO|I ACa 969/13|Wyrok|https://www.saos.org.pl/judgments/39122
34794|2014-01-16|SO|I ACa 646/13|Wyrok|https://www.saos.org.pl/judgments/34794
143148|2014-01-14|SO|I C 1151/12|Wyrok|https://www.saos.org.pl/judgments/143148
293770|2014-01-08|SO|I C 2027/13|Wyrok|https://www.saos.org.pl/judgments/293770
143637|2014-01-07|SO|I C 2467/13|Wyrok|https://www.saos.org.pl/judgments/143637
278894|2013-12-20|SO|II C 1520/12|Wyrok|https://www.saos.org.pl/judgments/278894
52779|2013-12-20|SO|VI ACa 432/13|Wyrok|https://www.saos.org.pl/judgments/52779
39388|2013-12-19|SO|I ACa 1048/13|Wyrok|https://www.saos.org.pl/judgments/39388
60372|2013-12-18|SO|I ACa 1349/13|Wyrok|https://www.saos.org.pl/judgments/60372
42101|2013-12-18|SO|I ACa 663/13|Wyrok|https://www.saos.org.pl/judgments/42101
183105|2013-12-11|SO|II C 109/13|Wyrok|https://www.saos.org.pl/judgments/183105
45578|2013-12-11|SO|I ACa 1239/13|Wyrok|https://www.saos.org.pl/judgments/45578
31303|2013-12-06|SO|VI GC 94/13|Wyrok|https://www.saos.org.pl/judgments/31303
195922|2013-11-29|SO|I C 1687/13|Wyrok|https://www.saos.org.pl/judgments/195922
147703|2013-11-29|SO|I C 595/11|Wyrok|https://www.saos.org.pl/judgments/147703
58604|2013-11-29|SO|I ACa 556/13|Wyrok|https://www.saos.org.pl/judgments/58604
34124|2013-11-29|SO|IX C 16/13|Wyrok|https://www.saos.org.pl/judgments/34124
142064|2013-11-27|SO|I C 487/12|Wyrok|https://www.saos.org.pl/judgments/142064
103643|2013-11-26|SN|II PK 65/13|Wyrok|https://www.saos.org.pl/judgments/103643
123816|2013-11-22|KIO|KIO 2612/13|Wyrok|https://www.saos.org.pl/judgments/123816
103597|2013-11-21|SN|III CNP 21/13|Wyrok|https://www.saos.org.pl/judgments/103597
165560|2013-11-20|SN|I CSK 67/13|Wyrok|https://www.saos.org.pl/judgments/165560
26791|2013-11-19|SO|IV Ca 412/13|Wyrok|https://www.saos.org.pl/judgments/26791
103499|2013-11-14|SN|II CSK 106/13|Wyrok|https://www.saos.org.pl/judgments/103499
54786|2013-11-08|SO|I ACa 1059/13|Wyrok|https://www.saos.org.pl/judgments/54786
142906|2013-11-06|SO|II Ca 1061/13|Wyrok|https://www.saos.org.pl/judgments/142906
25316|2013-10-29|SO|VIII GC 107/13|Wyrok|https://www.saos.org.pl/judgments/25316
28413|2013-10-24|SO|I ACa 680/13|Wyrok|https://www.saos.org.pl/judgments/28413
24647|2013-10-18|SO|I ACa 552/10|Wyrok|https://www.saos.org.pl/judgments/24647
292953|2013-10-17|SO|II Ca 195/13|Wyrok|https://www.saos.org.pl/judgments/292953
37205|2013-10-16|SO|II Ca 242/13|Wyrok|https://www.saos.org.pl/judgments/37205
26115|2013-10-15|SO|VIII Ga 230/13|Wyrok|https://www.saos.org.pl/judgments/26115
50528|2013-10-11|SO|VI ACa 997/13|Wyrok|https://www.saos.org.pl/judgments/50528
141178|2013-10-10|SO|I Ca 129/13|Wyrok|https://www.saos.org.pl/judgments/141178
359267|2013-10-02|SO|II C 1281/12|Uzasadnienie|https://www.saos.org.pl/judgments/359267
359265|2013-10-02|SO|II C 1251/12|Uzasadnienie|https://www.saos.org.pl/judgments/359265
359263|2013-10-02|SO|II C 1250/12|Uzasadnienie|https://www.saos.org.pl/judgments/359263
60219|2013-10-02|SO|I C 362/13|Wyrok|https://www.saos.org.pl/judgments/60219
24630|2013-10-02|SO|I ACa 52/13|Wyrok|https://www.saos.org.pl/judgments/24630
24419|2013-09-27|SO|VIII Ga 237/13|Wyrok|https://www.saos.org.pl/judgments/24419
36297|2013-09-26|SO|II Ca 857/13|Wyrok|https://www.saos.org.pl/judgments/36297
35619|2013-09-25|SO|VI ACa 209/13|Wyrok|https://www.saos.org.pl/judgments/35619
102868|2013-09-19|SN|I CSK 651/12|Wyrok|https://www.saos.org.pl/judgments/102868
69393|2013-09-19|SO|I ACa 787/13|Wyrok|https://www.saos.org.pl/judgments/69393
44964|2013-09-19|SO|II Ca 678/13|Wyrok|https://www.saos.org.pl/judgments/44964
21537|2013-09-19|SO|I ACa 380/13|Wyrok|https://www.saos.org.pl/judgments/21537
25794|2013-09-17|SO|II Ca 716/13|Wyrok|https://www.saos.org.pl/judgments/25794
140928|2013-09-11|SO|I Ca 181/13|Wyrok|https://www.saos.org.pl/judgments/140928
140305|2013-09-10|SO|I C 1352/13|Wyrok|https://www.saos.org.pl/judgments/140305
56251|2013-09-10|SO|III Ca 150/13|Wyrok|https://www.saos.org.pl/judgments/56251
226706|2013-08-23|SO|V Ca 1050/13|Wyrok|https://www.saos.org.pl/judgments/226706
140181|2013-08-23|SO|I C 1136/12|Wyrok|https://www.saos.org.pl/judgments/140181
29051|2013-07-31|SO|VI ACa 359/12|Wyrok|https://www.saos.org.pl/judgments/29051
20796|2013-07-31|SO|III U 203/13|Wyrok|https://www.saos.org.pl/judgments/20796
140700|2013-07-19|SO|I C 10/13|Wyrok|https://www.saos.org.pl/judgments/140700
20210|2013-07-11|SO|II Ca 400/13|Wyrok|https://www.saos.org.pl/judgments/20210
18909|2013-07-08|SO|II Ca 528/13|Wyrok|https://www.saos.org.pl/judgments/18909
102354|2013-07-05|SN|IV CSK 734/12|Wyrok|https://www.saos.org.pl/judgments/102354
72315|2013-06-25|SO|XXI Pa 208/13|Uzasadnienie|https://www.saos.org.pl/judgments/72315
139524|2013-06-21|SO|I C 1492/12|Wyrok|https://www.saos.org.pl/judgments/139524
16673|2013-06-21|SO|V ACa 99/13|Wyrok|https://www.saos.org.pl/judgments/16673
139087|2013-06-18|SO|I C 601/12|Wyrok|https://www.saos.org.pl/judgments/139087
139082|2013-06-18|SO|I C 1253/12|Wyrok|https://www.saos.org.pl/judgments/139082
140563|2013-06-07|SO|I C 209/13|Wyrok|https://www.saos.org.pl/judgments/140563
382284|2013-06-05|SO|V ACa 120/13|Wyrok|https://www.saos.org.pl/judgments/382284
331877|2013-06-05|SO|IX GC 113/13|Wyrok|https://www.saos.org.pl/judgments/331877
16231|2013-06-05|SO|II Ca 418/13|Wyrok|https://www.saos.org.pl/judgments/16231
57549|2013-05-22|SO|I ACa 371/13|Wyrok|https://www.saos.org.pl/judgments/57549
139143|2013-05-15|SO|I C 678/10|Wyrok|https://www.saos.org.pl/judgments/139143
142230|2013-05-14|SO|II Ca 1238/12|Wyrok|https://www.saos.org.pl/judgments/142230
68910|2013-05-07|SO|I ACz 748/13|Postanowienie|https://www.saos.org.pl/judgments/68910
139817|2013-04-30|SO|I C 1208/12|Uzasadnienie|https://www.saos.org.pl/judgments/139817
138224|2013-04-18|SO|I C 91/12|Wyrok|https://www.saos.org.pl/judgments/138224
101446|2013-04-17|SN|I CSK 448/12|Postanowienie|https://www.saos.org.pl/judgments/101446
10241|2013-04-17|SO|I ACa 1424/12|Wyrok|https://www.saos.org.pl/judgments/10241
138382|2013-04-16|SO|I C 461/12|Wyrok|https://www.saos.org.pl/judgments/138382
138838|2013-04-12|SO|II C 304/12|Wyrok|https://www.saos.org.pl/judgments/138838
11540|2013-04-12|SO|I ACa 1386/12|Wyrok|https://www.saos.org.pl/judgments/11540
138428|2013-03-25|SO|I C 430/11|Wyrok|https://www.saos.org.pl/judgments/138428
38752|2013-03-13|SO|I ACa 1383/12|Wyrok|https://www.saos.org.pl/judgments/38752
15326|2013-03-07|SO|I ACa 556/12|Wyrok|https://www.saos.org.pl/judgments/15326
10490|2013-03-07|SO|I ACa 785/12|Wyrok|https://www.saos.org.pl/judgments/10490
137733|2013-03-04|SO|I C 573/12|Wyrok|https://www.saos.org.pl/judgments/137733
137477|2013-02-21|SO|I C 62/12|Wyrok|https://www.saos.org.pl/judgments/137477
15887|2013-02-20|SO|I ACa 701/12|Wyrok|https://www.saos.org.pl/judgments/15887
11924|2013-02-14|SO|I ACa 488/12|Wyrok|https://www.saos.org.pl/judgments/11924
7835|2013-02-14|SO|I ACa 11/13|Wyrok|https://www.saos.org.pl/judgments/7835
6895|2013-02-14|SO|V ACa 733/12|Wyrok|https://www.saos.org.pl/judgments/6895
137473|2013-02-07|SO|I C 492/12|Wyrok|https://www.saos.org.pl/judgments/137473
19223|2013-02-06|SO|I ACa 1370/12|Wyrok|https://www.saos.org.pl/judgments/19223
138192|2013-02-04|SO|I C 690/12|Wyrok|https://www.saos.org.pl/judgments/138192
19219|2013-01-31|SO|I ACa 1362/12|Wyrok|https://www.saos.org.pl/judgments/19219
136888|2013-01-25|SO|I C 847/12|Wyrok|https://www.saos.org.pl/judgments/136888
9300|2013-01-24|SO|I ACa 760/12|Wyrok|https://www.saos.org.pl/judgments/9300
138035|2013-01-22|SO|I C 906/12|Wyrok|https://www.saos.org.pl/judgments/138035
14140|2013-01-08|SO|I ACa 988/12|Wyrok|https://www.saos.org.pl/judgments/14140
6630|2012-12-20|SO|I ACa 247/12|Wyrok|https://www.saos.org.pl/judgments/6630
3781|2012-12-19|SO|I ACa 1207/12|Wyrok|https://www.saos.org.pl/judgments/3781
136538|2012-12-13|SO|I C 961/12|Wyrok|https://www.saos.org.pl/judgments/136538
7672|2012-12-11|SO|I ACa 702/12|Wyrok|https://www.saos.org.pl/judgments/7672
137852|2012-11-28|SO|I C 1026/12|Wyrok|https://www.saos.org.pl/judgments/137852
29901|2012-11-20|SO|I ACa 509/12|Wyrok|https://www.saos.org.pl/judgments/29901
6632|2012-11-20|SO|I ACa 519/12|Wyrok|https://www.saos.org.pl/judgments/6632
3564|2012-11-08|SO|I ACa 486/12|Wyrok|https://www.saos.org.pl/judgments/3564
12027|2012-10-26|SO|VI ACa 628/12|Wyrok|https://www.saos.org.pl/judgments/12027
6261|2012-10-24|SO|VI ACa 568/12|Wyrok|https://www.saos.org.pl/judgments/6261
6079|2012-10-17|SO|VI ACa 561/12|Wyrok|https://www.saos.org.pl/judgments/6079
5030|2012-09-27|SO|VI ACa 508/12|Wyrok|https://www.saos.org.pl/judgments/5030
3192|2012-09-11|SO|VI ACa 310/12|Wyrok|https://www.saos.org.pl/judgments/3192
1210|2012-09-07|SO|VI ACa 436/12|Wyrok|https://www.saos.org.pl/judgments/1210
1296|2012-09-05|SO|III AUa 428/12|Wyrok|https://www.saos.org.pl/judgments/1296
43241|2012-09-04|SO|V Ca 1502/12|Wyrok|https://www.saos.org.pl/judgments/43241
2600|2012-08-30|SO|VI ACa 474/12|Wyrok|https://www.saos.org.pl/judgments/2600
553|2012-08-29|SO|III APa 9/12|Wyrok|https://www.saos.org.pl/judgments/553
10015|2012-08-10|SO|I ACa 742/12|Wyrok|https://www.saos.org.pl/judgments/10015
1601|2012-07-19|SO|III AUa 618/12|Wyrok|https://www.saos.org.pl/judgments/1601
9296|2012-07-11|SO|I ACa 1230/11|Wyrok|https://www.saos.org.pl/judgments/9296
3999|2012-07-11|SO|I ACa 671/12|Wyrok|https://www.saos.org.pl/judgments/3999
98491|2012-06-26|SN|II PK 279/11|Wyrok|https://www.saos.org.pl/judgments/98491
98235|2012-05-24|SN|V CSK 219/11|Wyrok|https://www.saos.org.pl/judgments/98235
98015|2012-05-10|SN|IV CSK 369/11|Postanowienie|https://www.saos.org.pl/judgments/98015
14434|2012-04-19|SO|VI ACa 578/11|Wyrok|https://www.saos.org.pl/judgments/14434
97814|2012-04-11|SN|III PK 66/11|Wyrok|https://www.saos.org.pl/judgments/97814
97106|2012-02-10|SN|II CSK 348/11|Wyrok|https://www.saos.org.pl/judgments/97106
97125|2012-02-09|SN|III CSK 179/11|Wyrok|https://www.saos.org.pl/judgments/97125
2059|2012-02-08|SO|I ACa 2/12|Wyrok|https://www.saos.org.pl/judgments/2059
96863|2012-01-19|SN|IV CSK 206/11|Wyrok|https://www.saos.org.pl/judgments/96863
96209|2011-11-09|SN|II CSK 132/11|Wyrok|https://www.saos.org.pl/judgments/96209
95084|2011-05-24|SN|III PK 72/10|Wyrok|https://www.saos.org.pl/judgments/95084
94524|2011-03-25|SN|IV CSK 377/10|Wyrok|https://www.saos.org.pl/judgments/94524
117642|2011-03-08|KIO|KIO 348/11|Wyrok|https://www.saos.org.pl/judgments/117642
94309|2011-03-04|SN|I CSK 309/10|Wyrok|https://www.saos.org.pl/judgments/94309
94253|2011-02-17|SN|III SK 36/10|Wyrok|https://www.saos.org.pl/judgments/94253
93991|2011-01-27|SN|I CSK 237/10|Wyrok|https://www.saos.org.pl/judgments/93991
93843|2011-01-12|SN|I CSK 161/10|Wyrok|https://www.saos.org.pl/judgments/93843
93459|2010-11-18|SN|III SW 390/10|Postanowienie|https://www.saos.org.pl/judgments/93459
251659|2010-10-13|SO|XX GC 163/10|Wyrok|https://www.saos.org.pl/judgments/251659
92746|2010-08-11|SN|I CSK 653/09|Wyrok|https://www.saos.org.pl/judgments/92746
116199|2010-07-06|KIO|KIO 1245/10|Wyrok|https://www.saos.org.pl/judgments/116199
92492|2010-06-25|SN|I CSK 554/09|Wyrok|https://www.saos.org.pl/judgments/92492
92489|2010-06-25|SN|I CSK 513/09|Wyrok|https://www.saos.org.pl/judgments/92489
92218|2010-05-11|SN|II PZP 3/10|Uchwała|https://www.saos.org.pl/judgments/92218
115559|2010-04-09|KIO|KIO/UZP 352/10|Wyrok|https://www.saos.org.pl/judgments/115559
92025|2010-03-12|SN|III CNP 27/09|Wyrok|https://www.saos.org.pl/judgments/92025
91779|2010-02-05|SN|III CSK 113/09|Wyrok|https://www.saos.org.pl/judgments/91779
91562|2010-01-08|SN|IV CSK 269/09|Wyrok|https://www.saos.org.pl/judgments/91562
90787|2009-09-03|SN|I CSK 53/09|Wyrok|https://www.saos.org.pl/judgments/90787
90622|2009-07-17|SN|IV CSK 83/09|Wyrok|https://www.saos.org.pl/judgments/90622
90436|2009-06-19|SN|V CSK 451/08|Wyrok|https://www.saos.org.pl/judgments/90436
90032|2009-04-08|SN|V CSK 405/08|Wyrok|https://www.saos.org.pl/judgments/90032
89417|2009-01-07|SN|II CSK 409/08|Wyrok|https://www.saos.org.pl/judgments/89417
165071|2008-12-12|SN|II CSK 360/08|Wyrok|https://www.saos.org.pl/judgments/165071
165085|2008-12-11|SN|IV CSK 349/08|Wyrok|https://www.saos.org.pl/judgments/165085
89057|2008-11-05|SN|I CSK 204/08|Wyrok|https://www.saos.org.pl/judgments/89057
88584|2008-08-13|SN|I CSK 78/08|Wyrok|https://www.saos.org.pl/judgments/88584
88331|2008-06-26|SN|II CSK 98/08|Wyrok|https://www.saos.org.pl/judgments/88331
87955|2008-04-24|SN|IV CSK 41/08|Wyrok|https://www.saos.org.pl/judgments/87955
87637|2008-03-18|SN|II PK 252/07|Wyrok|https://www.saos.org.pl/judgments/87637
86753|2007-10-23|SN|III CZP 88/07|Postanowienie|https://www.saos.org.pl/judgments/86753
86634|2007-09-26|SN|IV CSK 127/07|Wyrok|https://www.saos.org.pl/judgments/86634
86219|2007-06-28|SN|IV CSK 78/07|Wyrok|https://www.saos.org.pl/judgments/86219
85724|2007-04-27|SN|I CSK 42/07|Wyrok|https://www.saos.org.pl/judgments/85724
85202|2007-02-14|SN|II CNP 70/06|Wyrok|https://www.saos.org.pl/judgments/85202
85011|2007-01-17|SN|II CSK 322/06|Wyrok|https://www.saos.org.pl/judgments/85011
84891|2007-01-03|SN|IV CSK 312/06|Wyrok|https://www.saos.org.pl/judgments/84891
283709|2006-12-07|SO|XVII AmA 102/05|Wyrok|https://www.saos.org.pl/judgments/283709
164507|2006-09-14|SN|III CSK 150/06|Wyrok|https://www.saos.org.pl/judgments/164507
164506|2006-09-14|SN|III CSK 149/06|Wyrok|https://www.saos.org.pl/judgments/164506
164497|2006-09-08|SN|II CSK 86/06|Wyrok|https://www.saos.org.pl/judgments/164497
164311|2006-05-26|SN|V CSK 73/06|Wyrok|https://www.saos.org.pl/judgments/164311
164144|2006-03-23|SN|IV CSK 123/05|Wyrok|https://www.saos.org.pl/judgments/164144
164074|2006-02-23|SN|II CSK 117/05|Wyrok|https://www.saos.org.pl/judgments/164074
84068|2006-01-31|SN|IV CNP 38/05|Postanowienie|https://www.saos.org.pl/judgments/84068
163980|2006-01-26|SN|V CSK 59/05|Wyrok|https://www.saos.org.pl/judgments/163980
84000|2006-01-11|SN|II CSK 30/05|Wyrok|https://www.saos.org.pl/judgments/84000
163871|2005-12-13|SN|IV CK 286/05|Wyrok|https://www.saos.org.pl/judgments/163871
163834|2005-12-07|SN|V CK 405/05|Wyrok|https://www.saos.org.pl/judgments/163834
163467|2005-08-05|SN|II CK 14/05|Wyrok|https://www.saos.org.pl/judgments/163467
163478|2005-08-04|SN|III CK 640/04|Wyrok|https://www.saos.org.pl/judgments/163478
163434|2005-07-13|SN|I CK 65/05|Wyrok|https://www.saos.org.pl/judgments/163434
163374|2005-06-29|SN|III CK 655/04|Wyrok|https://www.saos.org.pl/judgments/163374
83478|2005-06-08|SN|V CK 286/05|Wyrok|https://www.saos.org.pl/judgments/83478
163241|2005-05-13|SN|IV CK 706/04|Wyrok|https://www.saos.org.pl/judgments/163241
83322|2005-04-07|SN|II CK 576/04|Wyrok|https://www.saos.org.pl/judgments/83322
162727|2004-11-09|SN|IV CK 169/04|Wyrok|https://www.saos.org.pl/judgments/162727
162695|2004-11-05|SN|III CK 122/04|Postanowienie|https://www.saos.org.pl/judgments/162695
82942|2004-10-27|SN|I PK 588/03|Wyrok|https://www.saos.org.pl/judgments/82942
82816|2004-09-09|SN|II CZ 94/04|Postanowienie|https://www.saos.org.pl/judgments/82816
82528|2004-02-26|SN|III SZ 4/03|Wyrok|https://www.saos.org.pl/judgments/82528
81682|2002-11-08|SN|III CZP 73/02|Uchwała|https://www.saos.org.pl/judgments/81682
81513|2002-07-11|SN|IV CKN 1060/00|Wyrok|https://www.saos.org.pl/judgments/81513
80795|2001-08-20|SN|I PKN 594/00|Wyrok|https://www.saos.org.pl/judgments/80795
80252|2001-01-18|SN|V CKN 1840/00|Wyrok|https://www.saos.org.pl/judgments/80252
80087|2000-11-22|SN|II CKN 897/98|Wyrok|https://www.saos.org.pl/judgments/80087
