saos_id|date|court|case_number|type|saos_url
544363|2026-03-26|SO|I C 85/26|Zarządzenie|https://www.saos.org.pl/judgments/544363
543229|2026-02-11|SO|I C 359/25|Wyrok|https://www.saos.org.pl/judgments/543229
542871|2026-02-03|SO|I C 578/24|Wyrok|https://www.saos.org.pl/judgments/542871
541817|2025-12-29|SO|I ACa 292/23|Wyrok|https://www.saos.org.pl/judgments/541817
540562|2025-12-19|SO|I C 881/22|Wyrok|https://www.saos.org.pl/judgments/540562
543867|2025-11-28|SO|I ACa 435/24|Wyrok|https://www.saos.org.pl/judgments/543867
542315|2025-11-27|SO|I C 542/23|Wyrok|https://www.saos.org.pl/judgments/542315
538744|2025-10-27|SO|I C 893/25|Wyrok|https://www.saos.org.pl/judgments/538744
537107|2025-10-14|SO|III C 326/25|Wyrok|https://www.saos.org.pl/judgments/537107
538588|2025-09-25|SO|I C 975/22|Wyrok|https://www.saos.org.pl/judgments/538588
543527|2025-09-24|SO|I ACa 3325/24|Wyrok|https://www.saos.org.pl/judgments/543527
537983|2025-09-15|SO|I ACa 1043/23|Wyrok|https://www.saos.org.pl/judgments/537983
534725|2025-08-27|SO|VII AGa 311/24|Wyrok|https://www.saos.org.pl/judgments/534725
538620|2025-07-17|SO|I ACa 377/23|Wyrok|https://www.saos.org.pl/judgments/538620
539402|2025-07-16|SO|I C 673/23|Wyrok|https://www.saos.org.pl/judgments/539402
530358|2025-06-30|SO|I ACa 1544/23|Wyrok|https://www.saos.org.pl/judgments/530358
541176|2025-06-13|SO|I ACa 3694/24|Wyrok|https://www.saos.org.pl/judgments/541176
534881|2025-06-10|SO|I C 130/22|Wyrok|https://www.saos.org.pl/judgments/534881
536635|2025-05-15|SO|II C 859/23|Uzasadnienie|https://www.saos.org.pl/judgments/536635
543231|2025-05-12|SO|I C 3866/23|Wyrok|https://www.saos.org.pl/judgments/543231
529592|2025-05-06|SO|I C 2094/23|Uzasadnienie|https://www.saos.org.pl/judgments/529592
527882|2025-04-28|SO|XXVII Ca 3621/23|Wyrok|https://www.saos.org.pl/judgments/527882
529601|2025-04-24|SO|I C 495/24|Wyrok|https://www.saos.org.pl/judgments/529601
531232|2025-04-23|SO|I ACa 2751/22|Wyrok|https://www.saos.org.pl/judgments/531232
543453|2025-04-10|SO|I C 891/24|Wyrok|https://www.saos.org.pl/judgments/543453
529114|2025-04-03|SO|I C 1211/24|Wyrok|https://www.saos.org.pl/judgments/529114
538063|2025-03-26|SO|I ACa 1569/22|Wyrok|https://www.saos.org.pl/judgments/538063
530050|2025-03-25|SO|I C 2217/23|Wyrok|https://www.saos.org.pl/judgments/530050
537077|2025-03-11|SO|I ACa 701/23|Wyrok|https://www.saos.org.pl/judgments/537077
534925|2025-03-10|SO|I C 430/24|Wyrok|https://www.saos.org.pl/judgments/534925
522723|2025-02-27|SO|II C 2233/24|Uzasadnienie|https://www.saos.org.pl/judgments/522723
536874|2025-02-19|SO|I ACa 1016/22|Wyrok|https://www.saos.org.pl/judgments/536874
524300|2025-02-19|SO|II C 1563/24|Zarządzenie|https://www.saos.org.pl/judgments/524300
535551|2025-02-13|SO|I C 596/24|Wyrok|https://www.saos.org.pl/judgments/535551
525359|2025-02-13|SO|I C 1953/24|Wyrok|https://www.saos.org.pl/judgments/525359
524998|2025-01-24|SO|I C 1052/21|Wyrok|https://www.saos.org.pl/judgments/524998
542856|2025-01-20|SO|I C 14/24|Wyrok|https://www.saos.org.pl/judgments/542856
539903|2024-12-30|SO|I C 2311/23|Wyrok|https://www.saos.org.pl/judgments/539903
520929|2024-12-18|SO|I C 422/24|Wyrok|https://www.saos.org.pl/judgments/520929
531499|2024-12-11|SO|I ACa 331/23|Wyrok|https://www.saos.org.pl/judgments/531499
522079|2024-11-27|SO|I C 699/22|Wyrok|https://www.saos.org.pl/judgments/522079
531504|2024-11-22|SO|I ACa 580/23|Wyrok|https://www.saos.org.pl/judgments/531504
531511|2024-11-21|SO|I ACa 86/23|Wyrok|https://www.saos.org.pl/judgments/531511
520811|2024-11-20|SO|V ACa 2199/24|Wyrok|https://www.saos.org.pl/judgments/520811
533422|2024-11-18|SO|I ACa 1184/23|Wyrok|https://www.saos.org.pl/judgments/533422
532716|2024-11-07|SO|I AGa 77/24|Wyrok|https://www.saos.org.pl/judgments/532716
519651|2024-10-29|SO|I ACa 700/23|Wyrok|https://www.saos.org.pl/judgments/519651
531355|2024-10-21|SO|I ACa 1113/22|Wyrok|https://www.saos.org.pl/judgments/531355
531566|2024-10-18|SO|I ACa 1066/22|Wyrok|https://www.saos.org.pl/judgments/531566
517405|2024-10-14|SO|V GC 301/24|Wyrok|https://www.saos.org.pl/judgments/517405
505290|2024-10-09|SO|III C 1680/18|Wyrok|https://www.saos.org.pl/judgments/505290
517671|2024-09-26|SO|II Ca 609/24|Wyrok|https://www.saos.org.pl/judgments/517671
535349|2024-09-25|SO|I C 548/24|Wyrok|https://www.saos.org.pl/judgments/535349
516964|2024-09-24|SO|XIV C 397/22|Wyrok|https://www.saos.org.pl/judgments/516964
518620|2024-09-19|SO|XIV C 403/22|Wyrok|https://www.saos.org.pl/judgments/518620
519965|2024-09-05|SO|I C 939/23|Wyrok|https://www.saos.org.pl/judgments/519965
531490|2024-08-30|SO|I ACa 2288/23|Wyrok|https://www.saos.org.pl/judgments/531490
498548|2024-08-30|SO|I C 533/23|Wyrok|https://www.saos.org.pl/judgments/498548
499783|2024-08-13|SO|I C 982/24|Wyrok|https://www.saos.org.pl/judgments/499783
539217|2024-08-12|SO|I 1 Cz 43/24|Postanowienie|https://www.saos.org.pl/judgments/539217
520775|2024-08-09|SO|XV Ca 258/24|Wyrok|https://www.saos.org.pl/judgments/520775
528451|2024-08-07|SO|I ACa 1233/22|Wyrok|https://www.saos.org.pl/judgments/528451
516504|2024-08-05|SO|I C 1195/23|Uzasadnienie|https://www.saos.org.pl/judgments/516504
521817|2024-07-31|SO|I C 728/24|Wyrok|https://www.saos.org.pl/judgments/521817
499218|2024-07-31|SO|I C 737/24|Wyrok|https://www.saos.org.pl/judgments/499218
520184|2024-07-22|SO|I C 3197/22|Zarządzenie|https://www.saos.org.pl/judgments/520184
501555|2024-07-11|SO|II Ca 102/24|Wyrok|https://www.saos.org.pl/judgments/501555
520193|2024-06-28|SO|II C 2271/20|Wyrok|https://www.saos.org.pl/judgments/520193
519154|2024-06-11|SO|I ACa 1607/22|Wyrok|https://www.saos.org.pl/judgments/519154
541070|2024-05-22|SO|V ACa 137/22|Wyrok|https://www.saos.org.pl/judgments/541070
533771|2024-05-16|SO|III Ca 2598/22|Uzasadnienie|https://www.saos.org.pl/judgments/533771
522783|2024-05-16|SO|I ACa 781/22|Wyrok|https://www.saos.org.pl/judgments/522783
518180|2024-05-15|SO|I ACa 1521/23|Wyrok|https://www.saos.org.pl/judgments/518180
497992|2024-05-06|SO|I C 3979/23|Wyrok|https://www.saos.org.pl/judgments/497992
543370|2024-04-30|SO|I ACa 1736/22|Wyrok|https://www.saos.org.pl/judgments/543370
519283|2024-04-26|SO|I C 293/23|Wyrok|https://www.saos.org.pl/judgments/519283
518186|2024-04-25|SO|I ACa 1752/23|Wyrok|https://www.saos.org.pl/judgments/518186
494195|2024-04-24|SO|I ACa 449/23|Wyrok|https://www.saos.org.pl/judgments/494195
493347|2024-04-24|SO|I ACa 1111/22|Wyrok|https://www.saos.org.pl/judgments/493347
505295|2024-04-23|SO|III C 1808/20|Wyrok|https://www.saos.org.pl/judgments/505295
531481|2024-04-18|SO|I ACa 1529/22|Wyrok|https://www.saos.org.pl/judgments/531481
521593|2024-04-18|SO|I ACa 707/22|Wyrok|https://www.saos.org.pl/judgments/521593
531903|2024-04-15|SO|III Ca 852/22|Uzasadnienie|https://www.saos.org.pl/judgments/531903
514876|2024-04-11|SO|XIV C 764/20|Wyrok|https://www.saos.org.pl/judgments/514876
514723|2024-04-08|SO|XIV C 1003/20|Wyrok|https://www.saos.org.pl/judgments/514723
531843|2024-04-02|SO|III Ca 1021/22|Uzasadnienie|https://www.saos.org.pl/judgments/531843
514840|2024-03-28|SO|XIV C 532/21|Wyrok|https://www.saos.org.pl/judgments/514840
498729|2024-03-28|SO|I C 580/23|Wyrok|https://www.saos.org.pl/judgments/498729
498684|2024-03-22|SO|I C 569/23|Wyrok|https://www.saos.org.pl/judgments/498684
518934|2024-03-21|SO|I C 584/23|Wyrok|https://www.saos.org.pl/judgments/518934
499093|2024-03-21|SO|I C 695/23|Wyrok|https://www.saos.org.pl/judgments/499093
498603|2024-03-21|SO|I C 548/23|Wyrok|https://www.saos.org.pl/judgments/498603
510051|2024-03-15|SO|V Ca 3262/23|Wyrok|https://www.saos.org.pl/judgments/510051
531707|2024-03-14|SO|III Ca 243/23|Uzasadnienie|https://www.saos.org.pl/judgments/531707
518194|2024-03-14|SO|I AGa 106/23|Wyrok|https://www.saos.org.pl/judgments/518194
499031|2024-03-14|SO|I C 674/23|Wyrok|https://www.saos.org.pl/judgments/499031
498830|2024-03-14|SO|I C 603/23|Wyrok|https://www.saos.org.pl/judgments/498830
499224|2024-03-11|SO|I C 74/23|Wyrok|https://www.saos.org.pl/judgments/499224
531684|2024-03-04|SO|III Ca 1936/22|Uzasadnienie|https://www.saos.org.pl/judgments/531684
535728|2024-02-28|SO|II Ca 705/23|Wyrok|https://www.saos.org.pl/judgments/535728
531835|2024-02-28|SO|II Ca 925/23|Wyrok|https://www.saos.org.pl/judgments/531835
531466|2024-02-28|SO|I ACa 1328/23|Wyrok|https://www.saos.org.pl/judgments/531466
498974|2024-02-28|SO|I C 652/23|Wyrok|https://www.saos.org.pl/judgments/498974
531057|2024-02-26|SO|III Ca 45/22|Uzasadnienie|https://www.saos.org.pl/judgments/531057
498904|2024-02-26|SO|I C 63/23|Wyrok|https://www.saos.org.pl/judgments/498904
498484|2024-02-19|SO|I C 518/23|Wyrok|https://www.saos.org.pl/judgments/498484
533894|2024-02-15|SO|III Ca 2082/22|Uzasadnienie|https://www.saos.org.pl/judgments/533894
505442|2024-02-08|SO|III C 949/23|Wyrok|https://www.saos.org.pl/judgments/505442
514824|2024-02-06|SO|XIV C 482/22|Wyrok|https://www.saos.org.pl/judgments/514824
493936|2024-02-06|SO|I ACa 242/23|Wyrok|https://www.saos.org.pl/judgments/493936
518188|2024-02-01|SO|I ACa 246/23|Wyrok|https://www.saos.org.pl/judgments/518188
519294|2024-01-31|SO|I C 516/23|Wyrok|https://www.saos.org.pl/judgments/519294
518235|2024-01-31|SO|I C 509/23|Wyrok|https://www.saos.org.pl/judgments/518235
518185|2024-01-31|SO|I ACa 1704/23|Wyrok|https://www.saos.org.pl/judgments/518185
539773|2024-01-29|SO|I C 1150/23|Wyrok|https://www.saos.org.pl/judgments/539773
519392|2024-01-29|SO|I ACa 2837/22|Wyrok|https://www.saos.org.pl/judgments/519392
519382|2024-01-26|SO|I ACa 187/23|Wyrok|https://www.saos.org.pl/judgments/519382
539799|2024-01-25|SO|I C 262/23|Wyrok|https://www.saos.org.pl/judgments/539799
518876|2024-01-25|SO|I C 98/23|Wyrok|https://www.saos.org.pl/judgments/518876
530279|2024-01-24|SO|III Ca 905/22|Uzasadnienie|https://www.saos.org.pl/judgments/530279
499466|2024-01-24|SO|I C 836/23|Wyrok|https://www.saos.org.pl/judgments/499466
514814|2024-01-18|SO|XIV C 414/20|Wyrok|https://www.saos.org.pl/judgments/514814
494746|2024-01-15|SO|I ACa 926/22|Wyrok|https://www.saos.org.pl/judgments/494746
513017|2024-01-09|SO|VIII Pa 70/23|Uzasadnienie|https://www.saos.org.pl/judgments/513017
539199|2024-01-08|SO|V ACa 792/23|Wyrok|https://www.saos.org.pl/judgments/539199
517859|2024-01-08|SO|I ACa 156/22|Wyrok|https://www.saos.org.pl/judgments/517859
512735|2024-01-08|SO|VIII Ga 197/23|Uzasadnienie|https://www.saos.org.pl/judgments/512735
498421|2024-01-08|SO|I C 503/22|Wyrok|https://www.saos.org.pl/judgments/498421
539764|2023-12-29|SO|I C 1026/23|Wyrok|https://www.saos.org.pl/judgments/539764
527466|2023-12-29|SO|III Ca 2578/21|Uzasadnienie|https://www.saos.org.pl/judgments/527466
525460|2023-12-29|SO|V GC 135/22|Wyrok|https://www.saos.org.pl/judgments/525460
519391|2023-12-28|SO|I ACa 2782/22|Wyrok|https://www.saos.org.pl/judgments/519391
498251|2023-12-22|SO|I C 464/23|Wyrok|https://www.saos.org.pl/judgments/498251
498131|2023-12-22|SO|I C 429/23|Wyrok|https://www.saos.org.pl/judgments/498131
498045|2023-12-22|SO|I C 41/23|Wyrok|https://www.saos.org.pl/judgments/498045
497984|2023-12-22|SO|I C 395/22|Wyrok|https://www.saos.org.pl/judgments/497984
493409|2023-12-22|SO|I ACa 1161/22|Wyrok|https://www.saos.org.pl/judgments/493409
498120|2023-12-21|SO|I C 427/23|Wyrok|https://www.saos.org.pl/judgments/498120
494414|2023-12-20|SO|I ACa 633/22|Wyrok|https://www.saos.org.pl/judgments/494414
494358|2023-12-20|SO|I ACa 590/22|Wyrok|https://www.saos.org.pl/judgments/494358
494170|2023-12-20|SO|I ACa 420/22|Wyrok|https://www.saos.org.pl/judgments/494170
543975|2023-12-19|SO|V ACa 309/22|Wyrok|https://www.saos.org.pl/judgments/543975
512979|2023-12-19|SO|VIII Pa 45/23|Uzasadnienie|https://www.saos.org.pl/judgments/512979
494105|2023-12-18|SO|I ACa 359/22|Wyrok|https://www.saos.org.pl/judgments/494105
514804|2023-12-15|SO|XIV C 35/18|Wyrok|https://www.saos.org.pl/judgments/514804
517715|2023-12-12|SO|I ACa 1469/21|Wyrok|https://www.saos.org.pl/judgments/517715
518873|2023-12-11|SO|I C 420/23|Wyrok|https://www.saos.org.pl/judgments/518873
498374|2023-12-11|SO|I C 494/22|Wyrok|https://www.saos.org.pl/judgments/498374
496755|2023-12-06|SO|I C 2139/21|Wyrok|https://www.saos.org.pl/judgments/496755
497184|2023-12-05|SO|I C 264/23|Wyrok|https://www.saos.org.pl/judgments/497184
501553|2023-11-30|SO|II Ca 1018/23|Wyrok|https://www.saos.org.pl/judgments/501553
498414|2023-11-30|SO|I C 502/22|Wyrok|https://www.saos.org.pl/judgments/498414
517720|2023-11-28|SO|I ACa 769/22|Wyrok|https://www.saos.org.pl/judgments/517720
501666|2023-11-28|SO|II Ca 1395/23|Wyrok|https://www.saos.org.pl/judgments/501666
495149|2023-11-27|SO|I AGa 96/22|Wyrok|https://www.saos.org.pl/judgments/495149
494514|2023-11-27|SO|I ACa 727/23|Wyrok|https://www.saos.org.pl/judgments/494514
497123|2023-11-23|SO|I C 255/22|Wyrok|https://www.saos.org.pl/judgments/497123
514496|2023-11-21|SO|XI GC 62/23|Uzasadnienie|https://www.saos.org.pl/judgments/514496
518835|2023-11-15|SO|III Ca 343/22|Uzasadnienie|https://www.saos.org.pl/judgments/518835
499907|2023-11-13|SO|I Ca 372/23|Uzasadnienie|https://www.saos.org.pl/judgments/499907
532972|2023-11-09|SO|I ACa 2001/22|Wyrok|https://www.saos.org.pl/judgments/532972
514816|2023-11-09|SO|XIV C 429/22|Wyrok|https://www.saos.org.pl/judgments/514816
518308|2023-10-30|SO|III Ca 1042/23|Uzasadnienie|https://www.saos.org.pl/judgments/518308
518324|2023-10-27|SO|III Ca 1397/22|Uzasadnienie|https://www.saos.org.pl/judgments/518324
533391|2023-10-26|SO|V ACa 394/22|Wyrok|https://www.saos.org.pl/judgments/533391
493366|2023-10-25|SO|I ACa 1125/23|Wyrok|https://www.saos.org.pl/judgments/493366
494780|2023-10-19|SO|I ACa 952/22|Wyrok|https://www.saos.org.pl/judgments/494780
494419|2023-10-19|SO|I ACa 636/21|Wyrok|https://www.saos.org.pl/judgments/494419
493787|2023-10-11|SO|I ACa 1772/22|Wyrok|https://www.saos.org.pl/judgments/493787
496196|2023-10-04|SO|I C 1611/22|Wyrok|https://www.saos.org.pl/judgments/496196
493792|2023-10-04|SO|I ACa 1784/22|Wyrok|https://www.saos.org.pl/judgments/493792
496225|2023-10-03|SO|I C 1632/22|Wyrok|https://www.saos.org.pl/judgments/496225
494241|2023-10-03|SO|I ACa 488/22|Wyrok|https://www.saos.org.pl/judgments/494241
494149|2023-10-03|SO|I ACa 402/22|Wyrok|https://www.saos.org.pl/judgments/494149
496606|2023-09-28|SO|I C 198/23|Wyrok|https://www.saos.org.pl/judgments/496606
494283|2023-09-28|SO|I ACa 532/22|Wyrok|https://www.saos.org.pl/judgments/494283
500190|2023-09-27|SO|I Ns 388/21|Postanowienie|https://www.saos.org.pl/judgments/500190
499933|2023-09-27|SO|I Ca 428/23|Wyrok|https://www.saos.org.pl/judgments/499933
494590|2023-09-27|SO|I ACa 794/22|Wyrok|https://www.saos.org.pl/judgments/494590
501934|2023-09-26|SO|II Ca 35/23|Zarządzenie|https://www.saos.org.pl/judgments/501934
493785|2023-09-26|SO|I ACa 1769/22|Wyrok|https://www.saos.org.pl/judgments/493785
506760|2023-09-25|SO|III Ca 875/22|Uzasadnienie|https://www.saos.org.pl/judgments/506760
494588|2023-09-22|SO|I ACa 79/22|Wyrok|https://www.saos.org.pl/judgments/494588
493728|2023-09-22|SO|I ACa 1611/22|Wyrok|https://www.saos.org.pl/judgments/493728
532395|2023-09-21|SO|II Ca 2323/22|Postanowienie|https://www.saos.org.pl/judgments/532395
493778|2023-09-19|SO|I ACa 1754/22|Wyrok|https://www.saos.org.pl/judgments/493778
494347|2023-09-11|SO|I ACa 583/22|Wyrok|https://www.saos.org.pl/judgments/494347
517719|2023-09-08|SO|I ACa 685/23|Wyrok|https://www.saos.org.pl/judgments/517719
517186|2023-09-06|SO|I ACa 55/22|Wyrok|https://www.saos.org.pl/judgments/517186
493833|2023-08-31|SO|I ACa 1877/22|Wyrok|https://www.saos.org.pl/judgments/493833
496572|2023-08-30|SO|I C 1957/22|Wyrok|https://www.saos.org.pl/judgments/496572
496186|2023-08-30|SO|I C 1608/22|Wyrok|https://www.saos.org.pl/judgments/496186
493724|2023-08-29|SO|I ACa 1598/22|Wyrok|https://www.saos.org.pl/judgments/493724
493654|2023-08-29|SO|I ACa 1482/22|Wyrok|https://www.saos.org.pl/judgments/493654
493646|2023-08-29|SO|I ACa 1470/22|Wyrok|https://www.saos.org.pl/judgments/493646
521664|2023-08-24|SO|I C 632/22|Wyrok|https://www.saos.org.pl/judgments/521664
493799|2023-07-31|SO|I ACa 180/22|Wyrok|https://www.saos.org.pl/judgments/493799
502073|2023-07-28|SO|II Ca 566/22|Wyrok|https://www.saos.org.pl/judgments/502073
495052|2023-07-17|SO|I AGa 327/21|Wyrok|https://www.saos.org.pl/judgments/495052
494373|2023-07-06|SO|I ACa 605/21|Wyrok|https://www.saos.org.pl/judgments/494373
494038|2023-07-04|SO|I ACa 304/22|Wyrok|https://www.saos.org.pl/judgments/494038
517057|2023-06-30|SO|I C 228/23|Wyrok|https://www.saos.org.pl/judgments/517057
493961|2023-06-27|SO|I ACa 256/22|Wyrok|https://www.saos.org.pl/judgments/493961
494513|2023-06-26|SO|I ACa 726/21|Wyrok|https://www.saos.org.pl/judgments/494513
493464|2023-06-23|SO|I ACa 1229/22|Wyrok|https://www.saos.org.pl/judgments/493464
501877|2023-06-22|SO|II Ca 2716/22|Wyrok|https://www.saos.org.pl/judgments/501877
494258|2023-06-22|SO|I ACa 509/22|Wyrok|https://www.saos.org.pl/judgments/494258
491010|2023-06-13|SO|I C 56/23|Wyrok|https://www.saos.org.pl/judgments/491010
529417|2023-06-05|SO|I ACa 679/21|Wyrok|https://www.saos.org.pl/judgments/529417
501774|2023-05-31|SO|II Ca 1960/22|Wyrok|https://www.saos.org.pl/judgments/501774
501561|2023-05-26|SO|II Ca 1033/22|Wyrok|https://www.saos.org.pl/judgments/501561
516343|2023-05-25|SO|I ACa 1054/22|Uzasadnienie|https://www.saos.org.pl/judgments/516343
515502|2023-05-16|SO|XXV C 1355/20|Wyrok|https://www.saos.org.pl/judgments/515502
532999|2023-05-08|SO|II Ca 1693/22|Postanowienie|https://www.saos.org.pl/judgments/532999
527708|2023-05-08|SO|I Ns 26/21|Zarządzenie|https://www.saos.org.pl/judgments/527708
501854|2023-04-28|SO|II Ca 253/23|Wyrok|https://www.saos.org.pl/judgments/501854
501712|2023-04-28|SO|II Ca 1557/22|Wyrok|https://www.saos.org.pl/judgments/501712
506709|2023-04-26|SO|III Ca 752/22|Uzasadnienie|https://www.saos.org.pl/judgments/506709
493888|2023-04-26|SO|I ACa 209/22|Wyrok|https://www.saos.org.pl/judgments/493888
493915|2023-04-25|SO|I ACa 222/22|Wyrok|https://www.saos.org.pl/judgments/493915
486741|2023-04-24|SO|VIII GC 151/22|Uzasadnienie|https://www.saos.org.pl/judgments/486741
495016|2023-04-21|SO|I AGa 291/21|Wyrok|https://www.saos.org.pl/judgments/495016
518641|2023-04-19|SO|I ACa 836/22|Wyrok|https://www.saos.org.pl/judgments/518641
516814|2023-04-19|SO|I ACa 807/22|Wyrok|https://www.saos.org.pl/judgments/516814
515611|2023-04-18|SO|XXV C 622/20|Wyrok|https://www.saos.org.pl/judgments/515611
488651|2023-04-18|SO|I ACa 192/22|Wyrok|https://www.saos.org.pl/judgments/488651
506456|2023-04-17|SO|III Ca 2665/21|Uzasadnienie|https://www.saos.org.pl/judgments/506456
493590|2023-04-14|SO|I ACa 140/22|Wyrok|https://www.saos.org.pl/judgments/493590
518642|2023-04-13|SO|I ACa 844/22|Wyrok|https://www.saos.org.pl/judgments/518642
531191|2023-04-12|SO|I ACa 653/22|Wyrok|https://www.saos.org.pl/judgments/531191
509726|2023-04-12|SO|V ACa 1487/22|Wyrok|https://www.saos.org.pl/judgments/509726
488017|2023-04-12|SO|I ACa 395/22|Wyrok|https://www.saos.org.pl/judgments/488017
485663|2023-04-05|SO|XIII Ga 2085/21|Uzasadnienie|https://www.saos.org.pl/judgments/485663
493534|2023-04-04|SO|I ACa 1308/21|Wyrok|https://www.saos.org.pl/judgments/493534
506498|2023-04-03|SO|III Ca 29/22|Uzasadnienie|https://www.saos.org.pl/judgments/506498
528161|2023-03-31|SO|I ACa 667/22|Wyrok|https://www.saos.org.pl/judgments/528161
518783|2023-03-30|SO|I ACa 745/22|Wyrok|https://www.saos.org.pl/judgments/518783
494831|2023-03-30|SO|I ACa 99/22|Wyrok|https://www.saos.org.pl/judgments/494831
494729|2023-03-29|SO|I ACa 918/21|Wyrok|https://www.saos.org.pl/judgments/494729
491604|2023-03-28|SO|XXVII Ca 3577/22|Wyrok|https://www.saos.org.pl/judgments/491604
487485|2023-03-28|SO|VII U 632/22|Wyrok|https://www.saos.org.pl/judgments/487485
517081|2023-03-24|SO|V ACa 78/22|Wyrok|https://www.saos.org.pl/judgments/517081
505693|2023-03-23|SO|III Ca 1495/21|Uzasadnienie|https://www.saos.org.pl/judgments/505693
510567|2023-03-17|SO|VI ACa 246/22|Wyrok|https://www.saos.org.pl/judgments/510567
494818|2023-03-17|SO|I ACa 977/22|Wyrok|https://www.saos.org.pl/judgments/494818
516402|2023-03-16|SO|I ACa 1837/22|Wyrok|https://www.saos.org.pl/judgments/516402
489905|2023-03-15|SO|V ACa 569/22|Wyrok|https://www.saos.org.pl/judgments/489905
489652|2023-03-15|SO|V ACa 583/22|Wyrok|https://www.saos.org.pl/judgments/489652
488257|2023-03-15|SO|V ACa 574/22|Wyrok|https://www.saos.org.pl/judgments/488257
516352|2023-03-14|SO|I ACa 1127/22|Wyrok|https://www.saos.org.pl/judgments/516352
501569|2023-03-14|SO|II Ca 1054/22|Wyrok|https://www.saos.org.pl/judgments/501569
539273|2023-03-13|SO|I ACa 681/22|Wyrok|https://www.saos.org.pl/judgments/539273
489985|2023-03-10|SO|I C 481/22|Wyrok|https://www.saos.org.pl/judgments/489985
494321|2023-03-06|SO|I ACa 558/22|Wyrok|https://www.saos.org.pl/judgments/494321
493717|2023-03-06|SO|I ACa 1591/21|Wyrok|https://www.saos.org.pl/judgments/493717
493023|2023-03-06|SO|I AGa 371/22|Wyrok|https://www.saos.org.pl/judgments/493023
491205|2023-03-03|SO|I ACa 12/22|Wyrok|https://www.saos.org.pl/judgments/491205
494436|2023-02-28|SO|I ACa 653/22|Wyrok|https://www.saos.org.pl/judgments/494436
494404|2023-02-28|SO|I ACa 627/22|Wyrok|https://www.saos.org.pl/judgments/494404
493837|2023-02-28|SO|I ACa 19/22|Wyrok|https://www.saos.org.pl/judgments/493837
485109|2023-02-24|SO|II Ca 370/22|Wyrok|https://www.saos.org.pl/judgments/485109
485065|2023-02-17|SO|I C 400/22|Wyrok|https://www.saos.org.pl/judgments/485065
490117|2023-02-16|SO|II Ca 890/22|Zarządzenie|https://www.saos.org.pl/judgments/490117
487728|2023-02-09|SO|I C 1111/22|Wyrok|https://www.saos.org.pl/judgments/487728
485540|2023-02-09|SO|I C 323/22|Wyrok|https://www.saos.org.pl/judgments/485540
489538|2023-02-07|SO|I C 115/21|Wyrok|https://www.saos.org.pl/judgments/489538
483907|2023-02-07|SO|III Ca 1073/21|Wyrok|https://www.saos.org.pl/judgments/483907
483778|2023-02-03|SO|II Ca 938/22|Wyrok|https://www.saos.org.pl/judgments/483778
514917|2023-01-31|SO|XV Ca 1008/22|Wyrok|https://www.saos.org.pl/judgments/514917
486746|2023-01-31|SO|VIII GC 339/18|Uzasadnienie|https://www.saos.org.pl/judgments/486746
489799|2023-01-30|SO|I ACa 626/22|Wyrok|https://www.saos.org.pl/judgments/489799
482060|2023-01-30|SO|XII C 2378/21|Wyrok|https://www.saos.org.pl/judgments/482060
486348|2023-01-26|SO|II Ca 1814/22|Wyrok|https://www.saos.org.pl/judgments/486348
501914|2023-01-25|SO|II Ca 329/22|Wyrok|https://www.saos.org.pl/judgments/501914
489461|2023-01-25|SO|I ACa 918/21|Wyrok|https://www.saos.org.pl/judgments/489461
488903|2023-01-24|SO|I ACa 400/22|Wyrok|https://www.saos.org.pl/judgments/488903
483971|2023-01-19|SO|II Ka 700/22|Wyrok|https://www.saos.org.pl/judgments/483971
505747|2023-01-13|SO|III Ca 1590/21|Uzasadnienie|https://www.saos.org.pl/judgments/505747
493824|2023-01-11|SO|I ACa 1860/22|Wyrok|https://www.saos.org.pl/judgments/493824
506625|2023-01-09|SO|III Ca 584/22|Uzasadnienie|https://www.saos.org.pl/judgments/506625
494693|2022-12-27|SO|I ACa 890/22|Wyrok|https://www.saos.org.pl/judgments/494693
494642|2022-12-22|SO|I ACa 84/21|Wyrok|https://www.saos.org.pl/judgments/494642
482844|2022-12-16|SO|I AGa 22/21|Wyrok|https://www.saos.org.pl/judgments/482844
494285|2022-12-14|SO|I ACa 533/22|Wyrok|https://www.saos.org.pl/judgments/494285
494264|2022-12-14|SO|I ACa 513/22|Wyrok|https://www.saos.org.pl/judgments/494264
494189|2022-12-12|SO|I ACa 442/22|Wyrok|https://www.saos.org.pl/judgments/494189
509922|2022-12-09|SO|V AGa 382/21|Wyrok|https://www.saos.org.pl/judgments/509922
493508|2022-12-09|SO|I ACa 1283/21|Wyrok|https://www.saos.org.pl/judgments/493508
492762|2022-12-09|SO|XX GC 950/21|Wyrok|https://www.saos.org.pl/judgments/492762
506676|2022-12-08|SO|III Ca 695/22|Uzasadnienie|https://www.saos.org.pl/judgments/506676
483408|2022-12-06|SO|I C 1070/21|Wyrok|https://www.saos.org.pl/judgments/483408
494512|2022-12-01|SO|I ACa 724/22|Wyrok|https://www.saos.org.pl/judgments/494512
483442|2022-11-30|SO|I C 630/20|Wyrok|https://www.saos.org.pl/judgments/483442
509847|2022-11-28|SO|V ACa 698/22|Wyrok|https://www.saos.org.pl/judgments/509847
509783|2022-11-25|SO|V ACa 404/21|Wyrok|https://www.saos.org.pl/judgments/509783
479261|2022-11-25|SO|I C 427/20|Wyrok|https://www.saos.org.pl/judgments/479261
510588|2022-11-23|SO|VI C 1005/22|Zarządzenie|https://www.saos.org.pl/judgments/510588
494057|2022-11-18|SO|I ACa 318/22|Wyrok|https://www.saos.org.pl/judgments/494057
482310|2022-11-18|SO|II C 661/19|Wyrok|https://www.saos.org.pl/judgments/482310
539934|2022-11-14|SO|V AGa 175/20|Wyrok|https://www.saos.org.pl/judgments/539934
483926|2022-11-04|SO|VI ACa 554/21|Wyrok|https://www.saos.org.pl/judgments/483926
483070|2022-11-04|SO|VI ACa 995/21|Wyrok|https://www.saos.org.pl/judgments/483070
509867|2022-11-03|SO|V ACa 877/22|Wyrok|https://www.saos.org.pl/judgments/509867
480791|2022-11-03|SO|I C 1196/21|Wyrok|https://www.saos.org.pl/judgments/480791
483491|2022-10-27|SO|II Ca 1854/21|Wyrok|https://www.saos.org.pl/judgments/483491
480272|2022-10-24|SO|XIV C 624/18|Wyrok|https://www.saos.org.pl/judgments/480272
478354|2022-10-20|SO|I C 147/22|Wyrok|https://www.saos.org.pl/judgments/478354
477851|2022-10-20|SO|I ACa 804/21|Wyrok|https://www.saos.org.pl/judgments/477851
483464|2022-10-19|SO|I C 779/20|Wyrok|https://www.saos.org.pl/judgments/483464
480836|2022-10-18|SO|I C 945/21|Wyrok|https://www.saos.org.pl/judgments/480836
480801|2022-10-18|SO|I C 219/22|Wyrok|https://www.saos.org.pl/judgments/480801
480736|2022-10-18|SO|I C 274/22|Wyrok|https://www.saos.org.pl/judgments/480736
509842|2022-10-17|SO|V ACa 671/22|Wyrok|https://www.saos.org.pl/judgments/509842
486341|2022-10-17|SO|I Ca 491/21|Wyrok|https://www.saos.org.pl/judgments/486341
494132|2022-10-14|SO|I ACa 386/22|Wyrok|https://www.saos.org.pl/judgments/494132
493648|2022-10-13|SO|I ACa 1472/21|Wyrok|https://www.saos.org.pl/judgments/493648
481144|2022-10-06|SO|VI ACa 691/21|Wyrok|https://www.saos.org.pl/judgments/481144
479440|2022-10-06|SO|I C 1642/21|Wyrok|https://www.saos.org.pl/judgments/479440
509768|2022-09-29|SO|V ACa 335/22|Wyrok|https://www.saos.org.pl/judgments/509768
478855|2022-09-29|SO|I C 295/21|Wyrok|https://www.saos.org.pl/judgments/478855
516389|2022-09-28|SO|I ACa 168/22|Wyrok|https://www.saos.org.pl/judgments/516389
509692|2022-09-28|SO|V ACa 102/22|Wyrok|https://www.saos.org.pl/judgments/509692
487677|2022-09-28|SO|VI C 1753/21|Zarządzenie|https://www.saos.org.pl/judgments/487677
487699|2022-09-27|SO|VI C 506/22|Zarządzenie|https://www.saos.org.pl/judgments/487699
487697|2022-09-27|SO|VI C 479/22|Zarządzenie|https://www.saos.org.pl/judgments/487697
478105|2022-09-22|SO|I AGa 389/21|Wyrok|https://www.saos.org.pl/judgments/478105
487681|2022-09-20|SO|VI C 1760/21|Zarządzenie|https://www.saos.org.pl/judgments/487681
487679|2022-09-20|SO|VI C 1756/21|Zarządzenie|https://www.saos.org.pl/judgments/487679
487668|2022-09-20|SO|VI C 1445/21|Zarządzenie|https://www.saos.org.pl/judgments/487668
487702|2022-09-19|SO|VI C 539/22|Zarządzenie|https://www.saos.org.pl/judgments/487702
493386|2022-09-15|SO|I ACa 1141/20|Wyrok|https://www.saos.org.pl/judgments/493386
515503|2022-09-12|SO|XXV C 136/22|Wyrok|https://www.saos.org.pl/judgments/515503
493986|2022-09-08|SO|I ACa 271/22|Wyrok|https://www.saos.org.pl/judgments/493986
543801|2022-09-06|SO|III C 926/19|Wyrok|https://www.saos.org.pl/judgments/543801
475556|2022-09-02|SO|XII C 263/20|Wyrok|https://www.saos.org.pl/judgments/475556
474375|2022-08-31|SO|I C 215/21|Wyrok|https://www.saos.org.pl/judgments/474375
487671|2022-08-30|SO|VI C 1481/21|Zarządzenie|https://www.saos.org.pl/judgments/487671
476830|2022-08-30|SO|XXV C 271/22|Wyrok|https://www.saos.org.pl/judgments/476830
476770|2022-08-26|SO|I C 868/20|Wyrok|https://www.saos.org.pl/judgments/476770
475074|2022-08-25|SO|V ACa 41/22|Wyrok|https://www.saos.org.pl/judgments/475074
493981|2022-08-23|SO|I ACa 268/22|Wyrok|https://www.saos.org.pl/judgments/493981
473038|2022-08-22|SO|I ACa 1318/21|Wyrok|https://www.saos.org.pl/judgments/473038
473264|2022-08-17|SO|I Ca 328/22|Wyrok|https://www.saos.org.pl/judgments/473264
480136|2022-08-16|SO|III Ca 2254/21|Uzasadnienie|https://www.saos.org.pl/judgments/480136
481197|2022-08-12|SO|I Ca 314/22|Wyrok|https://www.saos.org.pl/judgments/481197
480106|2022-08-05|SO|III Ca 1254/21|Uzasadnienie|https://www.saos.org.pl/judgments/480106
473263|2022-08-03|SO|I Ca 327/22|Wyrok|https://www.saos.org.pl/judgments/473263
501546|2022-08-02|SO|II C 985/20|Wyrok|https://www.saos.org.pl/judgments/501546
494106|2022-07-28|SO|I ACa 36/22|Wyrok|https://www.saos.org.pl/judgments/494106
475741|2022-07-25|SO|VI C 1245/21|Zarządzenie|https://www.saos.org.pl/judgments/475741
471337|2022-07-19|SO|II C 1359/21|Zarządzenie|https://www.saos.org.pl/judgments/471337
493861|2022-07-15|SO|I ACa 197/22|Wyrok|https://www.saos.org.pl/judgments/493861
478118|2022-07-14|SO|I C 1247/21|Wyrok|https://www.saos.org.pl/judgments/478118
473089|2022-07-14|SO|II C 740/21|Zarządzenie|https://www.saos.org.pl/judgments/473089
473241|2022-07-13|SO|I C 510/21|Wyrok|https://www.saos.org.pl/judgments/473241
471642|2022-07-11|SO|I ACa 777/21|Wyrok|https://www.saos.org.pl/judgments/471642
472704|2022-07-08|SO|I C 199/21|Wyrok|https://www.saos.org.pl/judgments/472704
494137|2022-07-06|SO|I ACa 39/22|Wyrok|https://www.saos.org.pl/judgments/494137
489749|2022-06-30|SO|V ACa 40/21|Wyrok|https://www.saos.org.pl/judgments/489749
472829|2022-06-30|SO|VIII Ga 52/22|Wyrok|https://www.saos.org.pl/judgments/472829
544103|2022-06-29|SO|II Ca 1171/21|Wyrok|https://www.saos.org.pl/judgments/544103
537367|2022-06-29|SO|I C 718/21|Wyrok|https://www.saos.org.pl/judgments/537367
482595|2022-06-23|SO|I ACa 778/21|Wyrok|https://www.saos.org.pl/judgments/482595
493769|2022-06-22|SO|I ACa 174/22|Wyrok|https://www.saos.org.pl/judgments/493769
473396|2022-06-21|SO|I C 821/20|Wyrok|https://www.saos.org.pl/judgments/473396
494669|2022-06-15|SO|I ACa 87/22|Wyrok|https://www.saos.org.pl/judgments/494669
490683|2022-06-15|SO|V ACa 143/22|Wyrok|https://www.saos.org.pl/judgments/490683
489599|2022-06-15|SO|V AGa 147/21|Wyrok|https://www.saos.org.pl/judgments/489599
467809|2022-06-10|SO|I C 100/21|Wyrok|https://www.saos.org.pl/judgments/467809
471312|2022-06-09|SO|I C 534/21|Wyrok|https://www.saos.org.pl/judgments/471312
470683|2022-06-09|SO|I C 115/19|Wyrok|https://www.saos.org.pl/judgments/470683
481719|2022-06-03|SO|I ACa 198/22|Wyrok|https://www.saos.org.pl/judgments/481719
471325|2022-06-03|SO|I C 69/21|Wyrok|https://www.saos.org.pl/judgments/471325
469340|2022-06-03|SO|I C 95/21|Wyrok|https://www.saos.org.pl/judgments/469340
467363|2022-06-03|SO|I C 344/20|Wyrok|https://www.saos.org.pl/judgments/467363
494814|2022-05-31|SO|I ACa 975/21|Wyrok|https://www.saos.org.pl/judgments/494814
494646|2022-05-31|SO|I ACa 844/21|Wyrok|https://www.saos.org.pl/judgments/494646
494565|2022-05-31|SO|I ACa 77/22|Wyrok|https://www.saos.org.pl/judgments/494565
494488|2022-05-31|SO|I ACa 697/21|Wyrok|https://www.saos.org.pl/judgments/494488
486119|2022-05-31|SO|I AGa 49/22|Wyrok|https://www.saos.org.pl/judgments/486119
467734|2022-05-31|SO|I C 332/21|Wyrok|https://www.saos.org.pl/judgments/467734
521468|2022-05-27|SO|I AGa 338/20|Wyrok|https://www.saos.org.pl/judgments/521468
467644|2022-05-27|SO|VIII Ga 44/22|Uzasadnienie|https://www.saos.org.pl/judgments/467644
468999|2022-05-26|SO|I ACa 134/21|Wyrok|https://www.saos.org.pl/judgments/468999
494504|2022-05-23|SO|I ACa 714/20|Wyrok|https://www.saos.org.pl/judgments/494504
477066|2022-05-19|SO|I ACa 582/21|Wyrok|https://www.saos.org.pl/judgments/477066
469169|2022-05-18|SO|VIII Ga 32/22|Uzasadnienie|https://www.saos.org.pl/judgments/469169
475585|2022-05-17|SO|I ACa 1505/21|Wyrok|https://www.saos.org.pl/judgments/475585
473229|2022-05-04|SO|I AGa 119/21|Wyrok|https://www.saos.org.pl/judgments/473229
494688|2022-04-29|SO|I ACa 884/21|Wyrok|https://www.saos.org.pl/judgments/494688
469130|2022-04-29|SO|II Ca 97/22|Wyrok|https://www.saos.org.pl/judgments/469130
471018|2022-04-28|SO|I C 437/16|Wyrok|https://www.saos.org.pl/judgments/471018
482829|2022-04-26|SO|I ACa 603/21|Wyrok|https://www.saos.org.pl/judgments/482829
463351|2022-04-25|SO|VIII GC 563/21|Uzasadnienie|https://www.saos.org.pl/judgments/463351
463617|2022-04-22|SO|IX P 9/21|Zarządzenie|https://www.saos.org.pl/judgments/463617
539616|2022-04-21|SO|V ACa 253/20|Wyrok|https://www.saos.org.pl/judgments/539616
473675|2022-04-19|SO|III Ca 472/21|Uzasadnienie|https://www.saos.org.pl/judgments/473675
463817|2022-04-15|SO|XII C 1614/17|Wyrok|https://www.saos.org.pl/judgments/463817
490165|2022-04-14|SO|I C 1048/21|Wyrok|https://www.saos.org.pl/judgments/490165
468165|2022-04-14|SO|I AGa 257/20|Wyrok|https://www.saos.org.pl/judgments/468165
493413|2022-04-13|SO|I ACa 1166/20|Wyrok|https://www.saos.org.pl/judgments/493413
487918|2022-04-07|SO|I C 2027/21|Wyrok|https://www.saos.org.pl/judgments/487918
465069|2022-04-07|SO|I C 885/21|Wyrok|https://www.saos.org.pl/judgments/465069
465056|2022-04-07|SO|I C 364/21|Wyrok|https://www.saos.org.pl/judgments/465056
494073|2022-04-06|SO|I ACa 332/21|Wyrok|https://www.saos.org.pl/judgments/494073
475163|2022-04-05|SO|I ACa 944/21|Wyrok|https://www.saos.org.pl/judgments/475163
475161|2022-03-31|SO|I ACa 910/21|Wyrok|https://www.saos.org.pl/judgments/475161
470906|2022-03-31|SO|I ACa 861/21|Wyrok|https://www.saos.org.pl/judgments/470906
470034|2022-03-31|SO|II C 2303/20|Zarządzenie|https://www.saos.org.pl/judgments/470034
489926|2022-03-30|SO|XVI C 3022/21|Zarządzenie|https://www.saos.org.pl/judgments/489926
487931|2022-03-24|SO|I C 199/22|Wyrok|https://www.saos.org.pl/judgments/487931
482278|2022-03-24|SO|XXIII Gz 1315/21|Postanowienie|https://www.saos.org.pl/judgments/482278
478941|2022-03-22|SO|XXV C 1095/18|Wyrok|https://www.saos.org.pl/judgments/478941
482827|2022-03-15|SO|I ACa 559/21|Wyrok|https://www.saos.org.pl/judgments/482827
463553|2022-03-14|SO|I C 339/20|Wyrok|https://www.saos.org.pl/judgments/463553
483933|2022-03-07|SO|VIII GC 1502/20|Wyrok|https://www.saos.org.pl/judgments/483933
476167|2022-03-04|SO|XXV C 854/20|Wyrok|https://www.saos.org.pl/judgments/476167
474579|2022-03-04|SO|I C 1577/20|Wyrok|https://www.saos.org.pl/judgments/474579
466543|2022-03-03|SO|I C 438/21|Wyrok|https://www.saos.org.pl/judgments/466543
464960|2022-03-03|SO|I ACa 118/21|Wyrok|https://www.saos.org.pl/judgments/464960
470121|2022-02-28|SO|I ACa 564/21|Wyrok|https://www.saos.org.pl/judgments/470121
473986|2022-02-25|SO|VI ACa 912/20|Wyrok|https://www.saos.org.pl/judgments/473986
461393|2022-02-25|SO|I C 232/20|Wyrok|https://www.saos.org.pl/judgments/461393
467171|2022-02-24|SO|I ACa 685/21|Wyrok|https://www.saos.org.pl/judgments/467171
463571|2022-02-24|SO|I C 636/20|Wyrok|https://www.saos.org.pl/judgments/463571
463568|2022-02-24|SO|I C 518/20|Wyrok|https://www.saos.org.pl/judgments/463568
463059|2022-02-23|SO|V ACa 631/20|Wyrok|https://www.saos.org.pl/judgments/463059
458482|2022-02-23|SO|XIV C 1196/21|Wyrok|https://www.saos.org.pl/judgments/458482
458481|2022-02-23|SO|XIV C 1041/21|Wyrok|https://www.saos.org.pl/judgments/458481
459858|2022-02-22|SO|IV P 91/21|Wyrok|https://www.saos.org.pl/judgments/459858
494209|2022-02-17|SO|I ACa 460/21|Wyrok|https://www.saos.org.pl/judgments/494209
468352|2022-02-15|SO|XV Ca 1474/21|Postanowienie|https://www.saos.org.pl/judgments/468352
461408|2022-02-11|SO|I C 416/20|Wyrok|https://www.saos.org.pl/judgments/461408
475818|2022-02-09|SO|I ACa 1065/21|Wyrok|https://www.saos.org.pl/judgments/475818
470698|2022-02-09|SO|I Ns 35/19|Postanowienie|https://www.saos.org.pl/judgments/470698
489216|2022-02-08|SO|I C 993/18|Wyrok|https://www.saos.org.pl/judgments/489216
462247|2022-02-08|SO|I C 395/20|Wyrok|https://www.saos.org.pl/judgments/462247
517199|2022-02-07|SO|I C 1121/21|Wyrok|https://www.saos.org.pl/judgments/517199
500336|2022-02-04|SO|I1 C 1629/20|Wyrok|https://www.saos.org.pl/judgments/500336
462024|2022-02-04|SO|I ACa 1237/19|Wyrok|https://www.saos.org.pl/judgments/462024
458072|2022-02-04|SO|I C 43/21|Wyrok|https://www.saos.org.pl/judgments/458072
458254|2022-02-01|SO|I AGa 26/21|Wyrok|https://www.saos.org.pl/judgments/458254
467720|2022-01-31|SO|I C 1228/21|Wyrok|https://www.saos.org.pl/judgments/467720
461561|2022-01-31|SO|VIII GC 1396/21|Wyrok|https://www.saos.org.pl/judgments/461561
461977|2022-01-28|SO|I AGa 297/20|Wyrok|https://www.saos.org.pl/judgments/461977
478318|2022-01-26|SO|V ACa 804/19|Wyrok|https://www.saos.org.pl/judgments/478318
469377|2022-01-26|SO|VII AGa 151/21|Wyrok|https://www.saos.org.pl/judgments/469377
459072|2022-01-24|SO|I C 236/20|Wyrok|https://www.saos.org.pl/judgments/459072
461912|2022-01-21|SO|I AGa 276/20|Wyrok|https://www.saos.org.pl/judgments/461912
461598|2022-01-17|SO|I ACa 538/20|Wyrok|https://www.saos.org.pl/judgments/461598
479345|2022-01-10|SO|I C 994/21|Wyrok|https://www.saos.org.pl/judgments/479345
471695|2022-01-10|SO|VI P 168/21|Wyrok|https://www.saos.org.pl/judgments/471695
460171|2022-01-05|SO|IV Ca 2307/19|Postanowienie|https://www.saos.org.pl/judgments/460171
461420|2022-01-04|SO|I C 655/21|Wyrok|https://www.saos.org.pl/judgments/461420
481736|2022-01-03|SO|I C 683/21|Wyrok|https://www.saos.org.pl/judgments/481736
458041|2022-01-03|SO|V ACa 216/20|Wyrok|https://www.saos.org.pl/judgments/458041
458757|2021-12-30|SO|I Ca 569/21|Wyrok|https://www.saos.org.pl/judgments/458757
464820|2021-12-21|SO|I ACa 850/21|Wyrok|https://www.saos.org.pl/judgments/464820
464734|2021-12-20|SO|I ACa 993/21|Wyrok|https://www.saos.org.pl/judgments/464734
464382|2021-12-14|SO|I ACa 636/21|Wyrok|https://www.saos.org.pl/judgments/464382
456761|2021-12-14|SO|I ACa 547/21|Wyrok|https://www.saos.org.pl/judgments/456761
454442|2021-12-13|SO|I ACa 115/21|Wyrok|https://www.saos.org.pl/judgments/454442
464259|2021-12-08|SO|I C 170/20|Wyrok|https://www.saos.org.pl/judgments/464259
457752|2021-12-07|SO|XXIII Ga 1060/21|Wyrok|https://www.saos.org.pl/judgments/457752
473217|2021-11-30|SO|XXV C 877/20|Wyrok|https://www.saos.org.pl/judgments/473217
461087|2021-11-29|SO|VIII GC 417/21|Uzasadnienie|https://www.saos.org.pl/judgments/461087
459542|2021-11-26|SO|III Ca 2151/19|Uzasadnienie|https://www.saos.org.pl/judgments/459542
457761|2021-11-25|SO|I ACa 379/21|Wyrok|https://www.saos.org.pl/judgments/457761
454702|2021-11-24|SO|I C 843/21|Wyrok|https://www.saos.org.pl/judgments/454702
452984|2021-11-19|SO|XXV C 1797/17|Wyrok|https://www.saos.org.pl/judgments/452984
479997|2021-11-18|SO|I ACa 514/20|Wyrok|https://www.saos.org.pl/judgments/479997
461079|2021-11-16|SO|VIII GC 147/19|Uzasadnienie|https://www.saos.org.pl/judgments/461079
456227|2021-11-16|SO|I ACa 651/19|Wyrok|https://www.saos.org.pl/judgments/456227
454581|2021-11-12|SO|I C 1147/18|Wyrok|https://www.saos.org.pl/judgments/454581
458272|2021-11-09|SO|I C 635/21|Wyrok|https://www.saos.org.pl/judgments/458272
449538|2021-11-09|SO|XIII Ga 459/20|Uzasadnienie|https://www.saos.org.pl/judgments/449538
449536|2021-11-09|SO|XIII Ga 451/20|Uzasadnienie|https://www.saos.org.pl/judgments/449536
450829|2021-11-08|SO|I ACa 869/20|Wyrok|https://www.saos.org.pl/judgments/450829
462630|2021-11-05|SO|VIII C 394/21|Wyrok|https://www.saos.org.pl/judgments/462630
459631|2021-11-05|SO|I ACa 738/20|Wyrok|https://www.saos.org.pl/judgments/459631
459279|2021-11-03|SO|III Ca 783/20|Uzasadnienie|https://www.saos.org.pl/judgments/459279
454699|2021-11-02|SO|I C 437/21|Wyrok|https://www.saos.org.pl/judgments/454699
480873|2021-10-28|SO|I ACa 104/21|Uzasadnienie|https://www.saos.org.pl/judgments/480873
477312|2021-10-28|SO|I AGa 69/21|Wyrok|https://www.saos.org.pl/judgments/477312
459538|2021-10-28|SO|III Ca 2111/19|Uzasadnienie|https://www.saos.org.pl/judgments/459538
451784|2021-10-28|SO|I C 253/20|Wyrok|https://www.saos.org.pl/judgments/451784
451495|2021-10-28|SO|I ACa 244/21|Wyrok|https://www.saos.org.pl/judgments/451495
478344|2021-10-22|SO|XXV C 2996/20|Wyrok|https://www.saos.org.pl/judgments/478344
459523|2021-10-18|SO|III Ca 1466/19|Uzasadnienie|https://www.saos.org.pl/judgments/459523
476438|2021-10-13|SO|XXVII Ca 1011/19|Wyrok|https://www.saos.org.pl/judgments/476438
455584|2021-10-07|SO|VI GC 246/20|Zarządzenie|https://www.saos.org.pl/judgments/455584
455708|2021-10-01|SO|XXV C 1069/20|Wyrok|https://www.saos.org.pl/judgments/455708
453471|2021-10-01|SO|XXV C 2122/19|Wyrok|https://www.saos.org.pl/judgments/453471
475324|2021-09-28|SO|I C 613/19|Wyrok|https://www.saos.org.pl/judgments/475324
456009|2021-09-28|SO|XXV C 2919/20|Wyrok|https://www.saos.org.pl/judgments/456009
457101|2021-09-27|SO|I ACa 886/20|Wyrok|https://www.saos.org.pl/judgments/457101
454817|2021-09-27|SO|VIII GC 1207/21|Wyrok|https://www.saos.org.pl/judgments/454817
452514|2021-09-20|SO|I C 471/21|Wyrok|https://www.saos.org.pl/judgments/452514
452610|2021-09-16|SO|II C 1726/19|Wyrok|https://www.saos.org.pl/judgments/452610
448294|2021-09-07|SO|I ACa 1305/18|Wyrok|https://www.saos.org.pl/judgments/448294
452100|2021-09-06|SO|II C 2552/19|Zarządzenie|https://www.saos.org.pl/judgments/452100
451382|2021-08-30|SO|XXIII Zs 55/21|Wyrok|https://www.saos.org.pl/judgments/451382
458814|2021-08-19|SO|III Ca 1305/20|Uzasadnienie|https://www.saos.org.pl/judgments/458814
458288|2021-08-13|SO|III Ca 1130/20|Uzasadnienie|https://www.saos.org.pl/judgments/458288
458809|2021-08-09|SO|III Ca 1261/20|Uzasadnienie|https://www.saos.org.pl/judgments/458809
446660|2021-08-05|SO|II C 2013/19|Wyrok|https://www.saos.org.pl/judgments/446660
448225|2021-08-02|SO|XXV C 4248/20|Wyrok|https://www.saos.org.pl/judgments/448225
451701|2021-07-28|SO|I ACa 89/20|Wyrok|https://www.saos.org.pl/judgments/451701
447968|2021-07-08|SO|I C 86/20|Wyrok|https://www.saos.org.pl/judgments/447968
442658|2021-07-08|SO|I C 174/20|Wyrok|https://www.saos.org.pl/judgments/442658
458280|2021-07-05|SO|II C 836/20|Wyrok|https://www.saos.org.pl/judgments/458280
453745|2021-07-02|SO|XXV C 1016/18|Wyrok|https://www.saos.org.pl/judgments/453745
446054|2021-06-30|SO|I AGa 31/21|Wyrok|https://www.saos.org.pl/judgments/446054
451033|2021-06-29|SO|VI ACa 64/21|Wyrok|https://www.saos.org.pl/judgments/451033
447849|2021-06-24|SO|XXV C 3087/18|Wyrok|https://www.saos.org.pl/judgments/447849
446570|2021-06-24|SO|XXV C 179/19|Wyrok|https://www.saos.org.pl/judgments/446570
445802|2021-06-24|SO|XXV C 876/19|Wyrok|https://www.saos.org.pl/judgments/445802
446191|2021-06-18|SO|I C 792/17|Wyrok|https://www.saos.org.pl/judgments/446191
494951|2021-06-16|SO|I AGa 205/21|Wyrok|https://www.saos.org.pl/judgments/494951
447409|2021-06-16|SO|XXIII Ga 1844/20|Wyrok|https://www.saos.org.pl/judgments/447409
458966|2021-06-11|SO|XXV C 2961/18|Wyrok|https://www.saos.org.pl/judgments/458966
448641|2021-06-07|SO|XXV C 4291/20|Wyrok|https://www.saos.org.pl/judgments/448641
447026|2021-06-07|SO|XXV C 1936/19|Wyrok|https://www.saos.org.pl/judgments/447026
446714|2021-06-07|SO|XXV C 4291/20|Wyrok|https://www.saos.org.pl/judgments/446714
446569|2021-06-07|SO|XXV C 1578/19|Wyrok|https://www.saos.org.pl/judgments/446569
446425|2021-05-27|SO|I ACa 214/21|Wyrok|https://www.saos.org.pl/judgments/446425
447343|2021-05-26|SO|I ACa 106/21|Wyrok|https://www.saos.org.pl/judgments/447343
439623|2021-05-25|SO|I C 347/20|Wyrok|https://www.saos.org.pl/judgments/439623
464488|2021-05-24|SO|VI GC 1159/20|Wyrok|https://www.saos.org.pl/judgments/464488
443610|2021-05-21|SO|XVII AmA 4/21|Wyrok|https://www.saos.org.pl/judgments/443610
448677|2021-05-20|SO|V ACa 67/21|Wyrok|https://www.saos.org.pl/judgments/448677
447963|2021-05-20|SO|I ACa 594/20|Wyrok|https://www.saos.org.pl/judgments/447963
446049|2021-05-20|SO|I ACa 509/20|Wyrok|https://www.saos.org.pl/judgments/446049
441248|2021-05-18|SO|III C 1699/19|Wyrok|https://www.saos.org.pl/judgments/441248
443893|2021-05-17|SO|XXV C 2959/18|Wyrok|https://www.saos.org.pl/judgments/443893
440892|2021-05-14|SO|V K 247/20|Wyrok|https://www.saos.org.pl/judgments/440892
457880|2021-05-13|SO|VI ACa 333/20|Wyrok|https://www.saos.org.pl/judgments/457880
481089|2021-05-12|SO|V Ca 1829/20|Postanowienie|https://www.saos.org.pl/judgments/481089
502166|2021-05-06|SO|II Ca 714/19|Uzasadnienie|https://www.saos.org.pl/judgments/502166
444905|2021-05-05|SO|I ACa 224/20|Wyrok|https://www.saos.org.pl/judgments/444905
442685|2021-05-05|SO|XXIII Zs 11/21|Wyrok|https://www.saos.org.pl/judgments/442685
450804|2021-04-30|SO|XXV C 864/19|Wyrok|https://www.saos.org.pl/judgments/450804
450198|2021-04-30|SO|XXV C 1934/19|Wyrok|https://www.saos.org.pl/judgments/450198
446577|2021-04-30|SO|XXV C 2755/18|Wyrok|https://www.saos.org.pl/judgments/446577
516800|2021-04-22|SO|I ACa 1104/19|Wyrok|https://www.saos.org.pl/judgments/516800
439673|2021-04-21|SO|I C 1410/20|Wyrok|https://www.saos.org.pl/judgments/439673
439771|2021-04-14|SO|I AGa 18/21|Wyrok|https://www.saos.org.pl/judgments/439771
437007|2021-04-12|SO|XIV C 777/20|Wyrok|https://www.saos.org.pl/judgments/437007
443545|2021-04-09|SO|I ACa 1076/19|Wyrok|https://www.saos.org.pl/judgments/443545
446566|2021-04-06|SO|XXV C 1215/18|Wyrok|https://www.saos.org.pl/judgments/446566
438040|2021-03-30|SO|I ACa 4/20|Wyrok|https://www.saos.org.pl/judgments/438040
457470|2021-03-25|SO|III Ca 268/20|Uzasadnienie|https://www.saos.org.pl/judgments/457470
438289|2021-03-23|SO|I C 720/19|Wyrok|https://www.saos.org.pl/judgments/438289
438241|2021-03-23|SO|I C 440/20|Wyrok|https://www.saos.org.pl/judgments/438241
446717|2021-03-19|SO|I ACa 1282/19|Wyrok|https://www.saos.org.pl/judgments/446717
438149|2021-03-12|SO|I C 1299/20|Zarządzenie|https://www.saos.org.pl/judgments/438149
469533|2021-03-10|SO|I ACa 813/19|Wyrok|https://www.saos.org.pl/judgments/469533
457259|2021-03-09|SO|III Ca 873/20|Uzasadnienie|https://www.saos.org.pl/judgments/457259
456786|2021-03-09|SO|III Ca 2332/19|Uzasadnienie|https://www.saos.org.pl/judgments/456786
435159|2021-03-09|SO|I C 521/20|Wyrok|https://www.saos.org.pl/judgments/435159
434245|2021-03-09|SO|I C 436/20|Wyrok|https://www.saos.org.pl/judgments/434245
437830|2021-03-08|SO|X C 1140/20|Wyrok|https://www.saos.org.pl/judgments/437830
434181|2021-03-04|SO|I C 962/19|Wyrok|https://www.saos.org.pl/judgments/434181
443468|2021-02-26|SO|I AGa 275/19|Wyrok|https://www.saos.org.pl/judgments/443468
441149|2021-02-25|SO|III Ca 118/19|Wyrok|https://www.saos.org.pl/judgments/441149
447161|2021-02-19|SO|II C 1626/19|Wyrok|https://www.saos.org.pl/judgments/447161
452143|2021-02-18|SO|XXV C 2554/18|Wyrok|https://www.saos.org.pl/judgments/452143
450440|2021-02-18|SO|VIII C 936/20|Wyrok|https://www.saos.org.pl/judgments/450440
493171|2021-02-15|SO|II AKa 156/18|Uzasadnienie|https://www.saos.org.pl/judgments/493171
442385|2021-02-04|SO|I ACa 1260/19|Wyrok|https://www.saos.org.pl/judgments/442385
438083|2021-02-03|SO|I ACa 816/19|Wyrok|https://www.saos.org.pl/judgments/438083
432576|2021-01-28|SO|XIV C 670/19|Wyrok|https://www.saos.org.pl/judgments/432576
452191|2021-01-22|SO|XX GC 755/20|Wyrok|https://www.saos.org.pl/judgments/452191
442528|2021-01-15|SO|XXV C 995/18|Wyrok|https://www.saos.org.pl/judgments/442528
439702|2021-01-12|SO|IV Ca 701/19|Wyrok|https://www.saos.org.pl/judgments/439702
446572|2021-01-08|SO|XXV C 196/19|Wyrok|https://www.saos.org.pl/judgments/446572
432485|2020-12-30|SO|XXV C 2125/18|Wyrok|https://www.saos.org.pl/judgments/432485
432484|2020-12-30|SO|XIV C 1309/17|Wyrok|https://www.saos.org.pl/judgments/432484
468128|2020-12-23|SO|VIII GC 378/19|Uzasadnienie|https://www.saos.org.pl/judgments/468128
455410|2020-12-18|SO|I ACa 529/19|Wyrok|https://www.saos.org.pl/judgments/455410
430849|2020-12-16|SO|IX Ca 903/20|Wyrok|https://www.saos.org.pl/judgments/430849
467382|2020-12-11|SO|I C 5030/19|Zarządzenie|https://www.saos.org.pl/judgments/467382
452295|2020-12-10|SO|I ACa 1022/19|Wyrok|https://www.saos.org.pl/judgments/452295
481839|2020-12-08|SO|XVI GC 580/19|Wyrok|https://www.saos.org.pl/judgments/481839
428262|2020-12-08|SO|II Ca 634/19|Wyrok|https://www.saos.org.pl/judgments/428262
446158|2020-12-07|SO|XXV C 2185/20|Wyrok|https://www.saos.org.pl/judgments/446158
429871|2020-12-03|SO|I C 197/20|Wyrok|https://www.saos.org.pl/judgments/429871
425430|2020-11-30|SO|VIII GC 238/17|Uzasadnienie|https://www.saos.org.pl/judgments/425430
465185|2020-11-26|SO|III C 533/17|Wyrok|https://www.saos.org.pl/judgments/465185
436935|2020-11-26|SO|I ACa 873/19|Wyrok|https://www.saos.org.pl/judgments/436935
438243|2020-11-25|SO|I C 458/20|Wyrok|https://www.saos.org.pl/judgments/438243
438104|2020-11-24|SO|I AGa 170/19|Wyrok|https://www.saos.org.pl/judgments/438104
424431|2020-11-18|SO|VIII GC 263/19|Uzasadnienie|https://www.saos.org.pl/judgments/424431
438667|2020-11-17|SO|V ACa 434/20|Wyrok|https://www.saos.org.pl/judgments/438667
428491|2020-11-17|SO|I C 73/20|Wyrok|https://www.saos.org.pl/judgments/428491
498034|2020-11-10|SO|I C 407/18|Wyrok|https://www.saos.org.pl/judgments/498034
483857|2020-11-10|SO|I ACa 724/19|Wyrok|https://www.saos.org.pl/judgments/483857
430794|2020-11-10|SO|I ACa 165/19|Wyrok|https://www.saos.org.pl/judgments/430794
443619|2020-11-06|SO|I ACa 94/20|Wyrok|https://www.saos.org.pl/judgments/443619
441745|2020-11-06|SO|XXV C 355/18|Wyrok|https://www.saos.org.pl/judgments/441745
425776|2020-11-04|SO|I ACa 705/19|Wyrok|https://www.saos.org.pl/judgments/425776
423999|2020-11-03|SO|I C 1496/19|Wyrok|https://www.saos.org.pl/judgments/423999
429901|2020-10-29|SO|I C 674/19|Wyrok|https://www.saos.org.pl/judgments/429901
425657|2020-10-29|SO|I C 468/20|Wyrok|https://www.saos.org.pl/judgments/425657
431326|2020-10-27|SO|I ACa 1178/19|Wyrok|https://www.saos.org.pl/judgments/431326
424241|2020-10-22|SO|XIV C 216/20|Wyrok|https://www.saos.org.pl/judgments/424241
429025|2020-10-12|SO|VI ACa 598/18|Wyrok|https://www.saos.org.pl/judgments/429025
468060|2020-10-09|SO|XIII Ns 105/20|Zarządzenie|https://www.saos.org.pl/judgments/468060
442439|2020-10-09|SO|XXV C 2320/20|Wyrok|https://www.saos.org.pl/judgments/442439
430818|2020-10-08|SO|I ACa 894/19|Wyrok|https://www.saos.org.pl/judgments/430818
425520|2020-10-07|SO|V ACa 806/19|Wyrok|https://www.saos.org.pl/judgments/425520
431360|2020-09-30|SO|I ACa 874/19|Wyrok|https://www.saos.org.pl/judgments/431360
442435|2020-09-28|SO|XXV C 1074/19|Wyrok|https://www.saos.org.pl/judgments/442435
430766|2020-09-28|SO|XXV C 3280/19|Wyrok|https://www.saos.org.pl/judgments/430766
461360|2020-09-23|SO|XXV C 3257/19|Wyrok|https://www.saos.org.pl/judgments/461360
423440|2020-09-22|SO|I ACa 489/19|Wyrok|https://www.saos.org.pl/judgments/423440
515641|2020-09-21|SO|XXVI GC 92/16|Wyrok|https://www.saos.org.pl/judgments/515641
490853|2020-09-18|SO|I ACa 803/19|Wyrok|https://www.saos.org.pl/judgments/490853
421378|2020-09-17|SO|XII C 1060/19|Wyrok|https://www.saos.org.pl/judgments/421378
445722|2020-09-16|SO|I C 425/19|Wyrok|https://www.saos.org.pl/judgments/445722
428464|2020-09-16|SO|I ACa 772/19|Wyrok|https://www.saos.org.pl/judgments/428464
461350|2020-09-14|SO|XXV C 2040/19|Wyrok|https://www.saos.org.pl/judgments/461350
448080|2020-09-14|SO|VI ACa 670/19|Wyrok|https://www.saos.org.pl/judgments/448080
420485|2020-09-14|SO|XXV C 819/19|Zarządzenie|https://www.saos.org.pl/judgments/420485
461365|2020-09-04|SO|XXV C 712/19|Wyrok|https://www.saos.org.pl/judgments/461365
422323|2020-09-04|SO|I C 1163/19|Wyrok|https://www.saos.org.pl/judgments/422323
423793|2020-09-01|SO|VIII GC 57/20|Uzasadnienie|https://www.saos.org.pl/judgments/423793
461355|2020-08-28|SO|XXV C 2417/19|Wyrok|https://www.saos.org.pl/judgments/461355
421883|2020-08-28|SO|XXV C 2489/19|Wyrok|https://www.saos.org.pl/judgments/421883
423961|2020-08-18|SO|V AGa 31/20|Wyrok|https://www.saos.org.pl/judgments/423961
427827|2020-08-03|SO|V ACa 772/19|Wyrok|https://www.saos.org.pl/judgments/427827
420712|2020-07-31|SO|I C 1718/19|Wyrok|https://www.saos.org.pl/judgments/420712
473547|2020-07-30|SO|V AGa 77/19|Wyrok|https://www.saos.org.pl/judgments/473547
428909|2020-07-30|SO|I AGa 104/19|Wyrok|https://www.saos.org.pl/judgments/428909
421189|2020-07-27|SO|XXV C 1201/18|Wyrok|https://www.saos.org.pl/judgments/421189
446579|2020-07-20|SO|XXV C 282/19|Wyrok|https://www.saos.org.pl/judgments/446579
432796|2020-07-17|SO|V ACa 169/20|Wyrok|https://www.saos.org.pl/judgments/432796
419466|2020-07-17|SO|IV P 34/20|Wyrok|https://www.saos.org.pl/judgments/419466
429856|2020-07-16|SO|I ACa 786/19|Wyrok|https://www.saos.org.pl/judgments/429856
440748|2020-07-07|SO|XXV C 2272/17|Wyrok|https://www.saos.org.pl/judgments/440748
424620|2020-07-03|SO|I AGa 141/19|Wyrok|https://www.saos.org.pl/judgments/424620
415292|2020-06-26|SO|I C 119/19|Wyrok|https://www.saos.org.pl/judgments/415292
443618|2020-06-17|SO|I ACa 827/19|Wyrok|https://www.saos.org.pl/judgments/443618
412720|2020-06-16|SO|VIII GC 120/20|Zarządzenie|https://www.saos.org.pl/judgments/412720
415315|2020-06-10|SO|I Ca 82/20|Wyrok|https://www.saos.org.pl/judgments/415315
413423|2020-06-10|SO|IX Ca 1885/19|Wyrok|https://www.saos.org.pl/judgments/413423
446263|2020-06-02|SO|XXV C 1085/19|Wyrok|https://www.saos.org.pl/judgments/446263
417925|2020-05-28|SO|I ACa 98/20|Wyrok|https://www.saos.org.pl/judgments/417925
443900|2020-05-26|SO|I C 138/19|Wyrok|https://www.saos.org.pl/judgments/443900
412064|2020-04-15|SO|VIII GC 375/18|Uzasadnienie|https://www.saos.org.pl/judgments/412064
428597|2020-03-27|SO|I ACa 87/20|Wyrok|https://www.saos.org.pl/judgments/428597
423304|2020-03-24|SO|III Cz 921/19|Postanowienie|https://www.saos.org.pl/judgments/423304
422949|2020-03-24|SO|III Cz 898/19|Postanowienie|https://www.saos.org.pl/judgments/422949
461566|2020-03-17|SO|VIII GC 306/18|Uzasadnienie|https://www.saos.org.pl/judgments/461566
494889|2020-03-16|SO|I AGa 134/19|Wyrok|https://www.saos.org.pl/judgments/494889
412066|2020-03-16|SO|VIII GC 400/19|Uzasadnienie|https://www.saos.org.pl/judgments/412066
414416|2020-03-12|SO|I ACa 729/19|Wyrok|https://www.saos.org.pl/judgments/414416
409993|2020-03-10|SO|XI GC 543/19|Wyrok|https://www.saos.org.pl/judgments/409993
412127|2020-03-06|SO|XXV C 1158/18|Wyrok|https://www.saos.org.pl/judgments/412127
428317|2020-02-28|SO|I C 546/19|Wyrok|https://www.saos.org.pl/judgments/428317
418847|2020-02-27|SO|I C 535/19|Wyrok|https://www.saos.org.pl/judgments/418847
418175|2020-02-27|SO|V ACa 567/19|Wyrok|https://www.saos.org.pl/judgments/418175
452021|2020-02-26|SO|V AGa 599/18|Wyrok|https://www.saos.org.pl/judgments/452021
428680|2020-02-25|SO|I ACa 428/19|Wyrok|https://www.saos.org.pl/judgments/428680
488608|2020-02-24|SO|X GC 918/18|Zarządzenie|https://www.saos.org.pl/judgments/488608
449482|2020-02-21|SO|II C 32/19|Wyrok|https://www.saos.org.pl/judgments/449482
424165|2020-02-17|SO|III Ca 1454/19|Uzasadnienie|https://www.saos.org.pl/judgments/424165
406665|2020-02-14|SO|XII C 772/19|Wyrok|https://www.saos.org.pl/judgments/406665
446916|2020-02-12|SO|VI ACa 303/18|Wyrok|https://www.saos.org.pl/judgments/446916
430769|2020-02-10|SO|I ACa 235/19|Wyrok|https://www.saos.org.pl/judgments/430769
406485|2020-02-07|SO|I C 697/19|Wyrok|https://www.saos.org.pl/judgments/406485
410105|2020-02-05|SO|XXV C 1669/16|Wyrok|https://www.saos.org.pl/judgments/410105
423718|2020-02-04|SO|III Cz 679/19|Postanowienie|https://www.saos.org.pl/judgments/423718
480487|2020-01-29|SO|XVI GC 1335/18|Wyrok|https://www.saos.org.pl/judgments/480487
411127|2020-01-28|SO|I ACa 768/18|Wyrok|https://www.saos.org.pl/judgments/411127
452167|2020-01-23|SO|III C 2163/18|Wyrok|https://www.saos.org.pl/judgments/452167
409596|2020-01-23|SO|II C 781/19|Wyrok|https://www.saos.org.pl/judgments/409596
418276|2020-01-17|SO|XXV C 268/19|Uzasadnienie|https://www.saos.org.pl/judgments/418276
467725|2020-01-16|SO|I C 1525/18|Uzasadnienie|https://www.saos.org.pl/judgments/467725
428301|2020-01-16|SO|I ACa 1485/18|Wyrok|https://www.saos.org.pl/judgments/428301
407802|2020-01-16|SO|I AGa 82/19|Wyrok|https://www.saos.org.pl/judgments/407802
495111|2020-01-15|SO|I AGa 55/19|Wyrok|https://www.saos.org.pl/judgments/495111
409143|2020-01-13|SO|I ACa 1205/18|Wyrok|https://www.saos.org.pl/judgments/409143
409452|2020-01-07|SO|XXV C 572/18|Wyrok|https://www.saos.org.pl/judgments/409452
437010|2019-12-30|SO|I ACa 677/19|Wyrok|https://www.saos.org.pl/judgments/437010
404118|2019-12-30|SO|I ACa 567/18|Wyrok|https://www.saos.org.pl/judgments/404118
401725|2019-12-30|SO|II C 233/19|Uzasadnienie|https://www.saos.org.pl/judgments/401725
428294|2019-12-23|SO|I ACa 1421/18|Wyrok|https://www.saos.org.pl/judgments/428294
403022|2019-12-20|SO|XXV C 2120/19|Wyrok|https://www.saos.org.pl/judgments/403022
418969|2019-12-19|SO|I ACa 963/19|Wyrok|https://www.saos.org.pl/judgments/418969
417032|2019-12-19|SO|XV Ca 757/19|Postanowienie|https://www.saos.org.pl/judgments/417032
408807|2019-12-19|SO|V ACa 568/19|Wyrok|https://www.saos.org.pl/judgments/408807
432173|2019-12-17|SO|I C 908/19|Wyrok|https://www.saos.org.pl/judgments/432173
407716|2019-12-17|SO|I AGa 98/18|Wyrok|https://www.saos.org.pl/judgments/407716
419927|2019-12-16|SO|III Ca 1127/19|Uzasadnienie|https://www.saos.org.pl/judgments/419927
421127|2019-12-13|SO|XXV C 679/19|Wyrok|https://www.saos.org.pl/judgments/421127
418846|2019-12-12|SO|I C 504/19|Wyrok|https://www.saos.org.pl/judgments/418846
426295|2019-12-09|SO|V AGa 584/18|Wyrok|https://www.saos.org.pl/judgments/426295
412524|2019-12-05|SO|I C 1894/17|Wyrok|https://www.saos.org.pl/judgments/412524
418950|2019-12-04|SO|VI ACa 564/19|Wyrok|https://www.saos.org.pl/judgments/418950
437456|2019-11-28|SO|I C 138/19|Wyrok|https://www.saos.org.pl/judgments/437456
431336|2019-11-28|SO|I ACa 418/19|Wyrok|https://www.saos.org.pl/judgments/431336
414408|2019-11-27|SO|I ACa 543/19|Wyrok|https://www.saos.org.pl/judgments/414408
401435|2019-11-27|SO|I Ca 485/19|Wyrok|https://www.saos.org.pl/judgments/401435
401244|2019-11-21|SO|XXV C 505/19|Wyrok|https://www.saos.org.pl/judgments/401244
415221|2019-11-20|SO|III Ca 764/19|Uzasadnienie|https://www.saos.org.pl/judgments/415221
398820|2019-11-20|SO|I C 803/19|Wyrok|https://www.saos.org.pl/judgments/398820
399738|2019-11-12|SO|I ACa 356/19|Wyrok|https://www.saos.org.pl/judgments/399738
406977|2019-11-08|SO|XXV C 2393/17|Wyrok|https://www.saos.org.pl/judgments/406977
428305|2019-11-06|SO|I ACa 192/19|Wyrok|https://www.saos.org.pl/judgments/428305
407028|2019-10-29|SO|XXV C 1122/19|Wyrok|https://www.saos.org.pl/judgments/407028
401849|2019-10-29|SO|I ACa 595/18|Wyrok|https://www.saos.org.pl/judgments/401849
452512|2019-10-28|SO|I C 406/19|Uzasadnienie|https://www.saos.org.pl/judgments/452512
437377|2019-10-28|SO|I C 209/19|Wyrok|https://www.saos.org.pl/judgments/437377
399780|2019-10-28|SO|I C 1681/19|Wyrok|https://www.saos.org.pl/judgments/399780
407693|2019-10-24|SO|VI ACa 273/18|Wyrok|https://www.saos.org.pl/judgments/407693
428312|2019-10-22|SO|I ACa 975/18|Wyrok|https://www.saos.org.pl/judgments/428312
396535|2019-10-17|SO|II C 383/19|Zarządzenie|https://www.saos.org.pl/judgments/396535
397828|2019-10-15|SO|III Cz 156/19|Postanowienie|https://www.saos.org.pl/judgments/397828
428120|2019-10-11|SO|I ACa 1374/18|Wyrok|https://www.saos.org.pl/judgments/428120
412683|2019-10-09|SO|XXV C 585/19|Wyrok|https://www.saos.org.pl/judgments/412683
397383|2019-10-09|SO|I C 1366/18|Wyrok|https://www.saos.org.pl/judgments/397383
396110|2019-10-08|SO|I C 985/17|Wyrok|https://www.saos.org.pl/judgments/396110
405998|2019-10-04|SO|XXV C 2517/17|Wyrok|https://www.saos.org.pl/judgments/405998
398843|2019-10-02|SO|I Ca 386/19|Wyrok|https://www.saos.org.pl/judgments/398843
396678|2019-10-01|SO|II C 703/19|Wyrok|https://www.saos.org.pl/judgments/396678
415063|2019-09-28|SO|IX GC 449/15|Uzasadnienie|https://www.saos.org.pl/judgments/415063
395251|2019-09-27|SO|XXIV C 222/17|Wyrok|https://www.saos.org.pl/judgments/395251
413428|2019-09-26|SO|V AGa 8/19|Wyrok|https://www.saos.org.pl/judgments/413428
393652|2019-09-24|SO|I AGa 40/19|Wyrok|https://www.saos.org.pl/judgments/393652
396638|2019-09-23|SO|XXV C 13/18|Wyrok|https://www.saos.org.pl/judgments/396638
399999|2019-09-11|SO|I C 9/19|Wyrok|https://www.saos.org.pl/judgments/399999
394330|2019-09-11|SO|I Ca 355/19|Wyrok|https://www.saos.org.pl/judgments/394330
406770|2019-09-09|SO|XXV C 360/17|Wyrok|https://www.saos.org.pl/judgments/406770
393589|2019-09-09|SO|V ACa 265/19|Wyrok|https://www.saos.org.pl/judgments/393589
416388|2019-09-02|SO|I C 433/19|Wyrok|https://www.saos.org.pl/judgments/416388
395364|2019-08-28|SO|I ACa 466/18|Wyrok|https://www.saos.org.pl/judgments/395364
392939|2019-08-13|SO|I C 1062/19|Wyrok|https://www.saos.org.pl/judgments/392939
396645|2019-08-01|SO|XXV C 2496/17|Wyrok|https://www.saos.org.pl/judgments/396645
395751|2019-07-29|SO|III Ca 2145/18|Uzasadnienie|https://www.saos.org.pl/judgments/395751
390375|2019-07-16|SO|VIII GC 10/18|Uzasadnienie|https://www.saos.org.pl/judgments/390375
389214|2019-07-16|SO|III Cz 387/19|Postanowienie|https://www.saos.org.pl/judgments/389214
389211|2019-07-16|SO|III Cz 252/19|Postanowienie|https://www.saos.org.pl/judgments/389211
393597|2019-07-15|SO|VI GC 96/19|Wyrok|https://www.saos.org.pl/judgments/393597
394547|2019-07-11|SO|III Cz 171/19|Postanowienie|https://www.saos.org.pl/judgments/394547
389165|2019-07-11|SO|V ACa 478/18|Wyrok|https://www.saos.org.pl/judgments/389165
392001|2019-07-09|SO|III Ca 1118/19|Uzasadnienie|https://www.saos.org.pl/judgments/392001
466811|2019-07-03|SO|I C 3373/14|Uzasadnienie|https://www.saos.org.pl/judgments/466811
389596|2019-06-28|SO|I ACa 281/19|Wyrok|https://www.saos.org.pl/judgments/389596
445002|2019-06-26|SO|I AGa 290/18|Wyrok|https://www.saos.org.pl/judgments/445002
407172|2019-06-18|SO|I ACa 1159/18|Wyrok|https://www.saos.org.pl/judgments/407172
419907|2019-06-17|SO|II Ca 2156/18|Uzasadnienie|https://www.saos.org.pl/judgments/419907
394762|2019-06-17|SO|IV C 706/18|Wyrok|https://www.saos.org.pl/judgments/394762
394554|2019-06-11|SO|III Cz 281/19|Postanowienie|https://www.saos.org.pl/judgments/394554
394553|2019-06-11|SO|III Cz 237/19|Postanowienie|https://www.saos.org.pl/judgments/394553
389814|2019-06-07|SO|VII AGa 1155/18|Wyrok|https://www.saos.org.pl/judgments/389814
385512|2019-06-04|SO|I C 494/16|Wyrok|https://www.saos.org.pl/judgments/385512
384669|2019-05-28|SO|XXV C 1036/19|Wyrok|https://www.saos.org.pl/judgments/384669
386222|2019-05-21|SO|I C 1851/18|Wyrok|https://www.saos.org.pl/judgments/386222
388191|2019-05-20|SO|XII C 612/18|Wyrok|https://www.saos.org.pl/judgments/388191
381767|2019-05-17|SO|I C 56/19|Wyrok|https://www.saos.org.pl/judgments/381767
386230|2019-05-16|SO|I C 432/19|Wyrok|https://www.saos.org.pl/judgments/386230
393190|2019-05-13|SO|IV Ka 110/19|Wyrok|https://www.saos.org.pl/judgments/393190
385459|2019-05-13|SO|VIII GC 464/16|Uzasadnienie|https://www.saos.org.pl/judgments/385459
385108|2019-05-10|SO|V ACa 739/18|Wyrok|https://www.saos.org.pl/judgments/385108
404858|2019-05-08|SO|I ACa 625/18|Wyrok|https://www.saos.org.pl/judgments/404858
382719|2019-05-07|SO|III Cz 52/19|Postanowienie|https://www.saos.org.pl/judgments/382719
382718|2019-05-07|SO|III Cz 50/19|Postanowienie|https://www.saos.org.pl/judgments/382718
392889|2019-04-30|SO|I C 2056/17|Wyrok|https://www.saos.org.pl/judgments/392889
389928|2019-04-30|SO|III Ca 1960/18|Uzasadnienie|https://www.saos.org.pl/judgments/389928
497296|2019-04-25|SO|I C 280/18|Wyrok|https://www.saos.org.pl/judgments/497296
382696|2019-04-16|SO|III Ca 906/18|Wyrok|https://www.saos.org.pl/judgments/382696
380306|2019-04-15|SO|VIII GC 81/18|Uzasadnienie|https://www.saos.org.pl/judgments/380306
423579|2019-04-12|SO|I C 1473/18|Uzasadnienie|https://www.saos.org.pl/judgments/423579
383399|2019-04-10|SO|VII AGa 1183/18|Wyrok|https://www.saos.org.pl/judgments/383399
392923|2019-04-05|SO|VI ACa 1618/17|Uzasadnienie|https://www.saos.org.pl/judgments/392923
385619|2019-04-05|SO|I ACa 689/18|Wyrok|https://www.saos.org.pl/judgments/385619
382968|2019-04-04|SO|V Ca 157/19|Wyrok|https://www.saos.org.pl/judgments/382968
387047|2019-04-02|SO|II C 64/17|Wyrok|https://www.saos.org.pl/judgments/387047
376404|2019-03-28|SO|I ACa 3/19|Wyrok|https://www.saos.org.pl/judgments/376404
405171|2019-03-27|SO|I ACa 375/18|Wyrok|https://www.saos.org.pl/judgments/405171
383156|2019-03-20|SO|VI GC 1060/18|Wyrok|https://www.saos.org.pl/judgments/383156
376667|2019-03-20|SO|I AGa 211/18|Wyrok|https://www.saos.org.pl/judgments/376667
381343|2019-03-19|SO|I ACa 509/18|Wyrok|https://www.saos.org.pl/judgments/381343
390550|2019-03-14|SO|I AGa 182/18|Wyrok|https://www.saos.org.pl/judgments/390550
376358|2019-03-13|SO|I ACa 1697/17|Wyrok|https://www.saos.org.pl/judgments/376358
381334|2019-03-12|SO|I ACa 1390/17|Wyrok|https://www.saos.org.pl/judgments/381334
424453|2019-03-11|SO|I C 109/18|Uzasadnienie|https://www.saos.org.pl/judgments/424453
397546|2019-03-08|SO|XXV C 1802/18|Wyrok|https://www.saos.org.pl/judgments/397546
384931|2019-03-06|SO|I1 C 3442/18|Wyrok|https://www.saos.org.pl/judgments/384931
376945|2019-03-06|SO|I C 1886/18|Wyrok|https://www.saos.org.pl/judgments/376945
494052|2019-02-27|SO|I ACa 315/18|Wyrok|https://www.saos.org.pl/judgments/494052
415404|2019-02-27|SO|I C 2288/17|Wyrok|https://www.saos.org.pl/judgments/415404
377687|2019-02-22|SO|II AKa 259/18|Wyrok|https://www.saos.org.pl/judgments/377687
435498|2019-02-20|SO|I ACa 400/18|Wyrok|https://www.saos.org.pl/judgments/435498
373644|2019-02-15|SO|V AGa 280/18|Wyrok|https://www.saos.org.pl/judgments/373644
370605|2019-02-15|SO|VIII GC 352/18|Uzasadnienie|https://www.saos.org.pl/judgments/370605
406270|2019-02-13|SO|I C 1288/16|Wyrok|https://www.saos.org.pl/judgments/406270
397734|2019-02-12|SO|III Cz 2006/18|Postanowienie|https://www.saos.org.pl/judgments/397734
371478|2019-02-11|SO|XI GC 1367/18|Wyrok|https://www.saos.org.pl/judgments/371478
376538|2019-02-08|SO|I ACa 669/18|Wyrok|https://www.saos.org.pl/judgments/376538
372371|2019-02-08|SO|XIV C 1101/18|Wyrok|https://www.saos.org.pl/judgments/372371
373967|2019-02-06|SO|I C 667/18|Uzasadnienie|https://www.saos.org.pl/judgments/373967
451608|2019-01-30|SO|III APa 28/18|Wyrok|https://www.saos.org.pl/judgments/451608
386793|2019-01-30|SO|I C 492/18|Wyrok|https://www.saos.org.pl/judgments/386793
372875|2019-01-23|SO|I Ca 4/19|Wyrok|https://www.saos.org.pl/judgments/372875
372506|2019-01-23|SO|V ACa 37/18|Wyrok|https://www.saos.org.pl/judgments/372506
371013|2019-01-23|SO|I C 1798/18|Wyrok|https://www.saos.org.pl/judgments/371013
373560|2019-01-22|SO|III Cz 1989/18|Postanowienie|https://www.saos.org.pl/judgments/373560
386789|2019-01-21|SO|I C 483/16|Wyrok|https://www.saos.org.pl/judgments/386789
379749|2019-01-14|SO|V ACa 93/18|Wyrok|https://www.saos.org.pl/judgments/379749
376253|2019-01-14|SO|XXV C 1810/17|Wyrok|https://www.saos.org.pl/judgments/376253
373694|2019-01-14|SO|XII C 1522/18|Wyrok|https://www.saos.org.pl/judgments/373694
368836|2019-01-14|SO|I C 1729/18|Wyrok|https://www.saos.org.pl/judgments/368836
447366|2019-01-10|SO|II C 4124/18|Uzasadnienie|https://www.saos.org.pl/judgments/447366
388504|2019-01-10|SO|I ACa 431/18|Wyrok|https://www.saos.org.pl/judgments/388504
371075|2019-01-08|SO|III Cz 1703/18|Postanowienie|https://www.saos.org.pl/judgments/371075
367286|2019-01-08|SO|VIII Ga 475/18|Zarządzenie|https://www.saos.org.pl/judgments/367286
367282|2019-01-08|SO|VIII Ga 424/18|Zarządzenie|https://www.saos.org.pl/judgments/367282
405509|2019-01-07|SO|IX GC 3471/17|Uzasadnienie|https://www.saos.org.pl/judgments/405509
367640|2019-01-07|SO|I C 1612/18|Wyrok|https://www.saos.org.pl/judgments/367640
378033|2019-01-04|SO|II Ca 671/18|Zarządzenie|https://www.saos.org.pl/judgments/378033
377885|2019-01-03|SO|II Ca 1440/18|Uzasadnienie|https://www.saos.org.pl/judgments/377885
374050|2018-12-27|SO|I ACa 221/18|Wyrok|https://www.saos.org.pl/judgments/374050
428557|2018-12-21|SO|VIII GC 109/15|Uzasadnienie|https://www.saos.org.pl/judgments/428557
395719|2018-12-19|SO|II Ca 2255/18|Wyrok|https://www.saos.org.pl/judgments/395719
369475|2018-12-19|SO|I Ca 463/18|Wyrok|https://www.saos.org.pl/judgments/369475
448413|2018-12-18|SO|I ACa 593/17|Uzasadnienie|https://www.saos.org.pl/judgments/448413
372737|2018-12-18|SO|I C 2108/18|Uzasadnienie|https://www.saos.org.pl/judgments/372737
371736|2018-12-18|SO|III Cz 1604/18|Postanowienie|https://www.saos.org.pl/judgments/371736
371735|2018-12-18|SO|III Cz 1581/18|Postanowienie|https://www.saos.org.pl/judgments/371735
385281|2018-12-14|SO|I ACa 496/18|Wyrok|https://www.saos.org.pl/judgments/385281
417699|2018-12-12|SO|I AGa 193/18|Wyrok|https://www.saos.org.pl/judgments/417699
366877|2018-12-12|SO|IX Ca 951/18|Wyrok|https://www.saos.org.pl/judgments/366877
371734|2018-12-11|SO|III Cz 1324/18|Postanowienie|https://www.saos.org.pl/judgments/371734
370738|2018-12-05|SO|I C 98/18|Wyrok|https://www.saos.org.pl/judgments/370738
393804|2018-11-30|SO|I C 125/18|Wyrok|https://www.saos.org.pl/judgments/393804
371317|2018-11-30|SO|I ACa 105/18|Wyrok|https://www.saos.org.pl/judgments/371317
389303|2018-11-28|SO|I ACa 210/18|Wyrok|https://www.saos.org.pl/judgments/389303
375783|2018-11-28|SO|VII Pa 138/18|Wyrok|https://www.saos.org.pl/judgments/375783
417112|2018-11-27|SO|XVIII C 622/18|Wyrok|https://www.saos.org.pl/judgments/417112
368964|2018-11-20|SO|XXV C 1258/18|Wyrok|https://www.saos.org.pl/judgments/368964
421002|2018-11-16|SO|VII GC 175/18|Wyrok|https://www.saos.org.pl/judgments/421002
367835|2018-11-16|SO|XXV C 872/17|Wyrok|https://www.saos.org.pl/judgments/367835
429399|2018-11-13|SO|I ACa 352/18|Wyrok|https://www.saos.org.pl/judgments/429399
368545|2018-11-13|SO|XXV C 1619/18|Wyrok|https://www.saos.org.pl/judgments/368545
364908|2018-11-13|SO|XIV C 445/18|Wyrok|https://www.saos.org.pl/judgments/364908
429010|2018-11-07|SO|V AGa 530/18|Wyrok|https://www.saos.org.pl/judgments/429010
386757|2018-10-31|SO|I C 223/18|Wyrok|https://www.saos.org.pl/judgments/386757
376515|2018-10-17|SO|I ACa 613/18|Wyrok|https://www.saos.org.pl/judgments/376515
363466|2018-10-16|SO|III Ca 1198/18|Uzasadnienie|https://www.saos.org.pl/judgments/363466
360048|2018-10-13|SO|VII Ca 473/18|Uzasadnienie|https://www.saos.org.pl/judgments/360048
359860|2018-10-12|SO|I AGa 111/18|Wyrok|https://www.saos.org.pl/judgments/359860
365509|2018-10-10|SO|XXV C 1514/15|Wyrok|https://www.saos.org.pl/judgments/365509
364424|2018-10-10|SO|I AGa 215/18|Wyrok|https://www.saos.org.pl/judgments/364424
360267|2018-10-05|SO|I C 303/17|Wyrok|https://www.saos.org.pl/judgments/360267
387900|2018-09-25|SO|I C 750/17|Wyrok|https://www.saos.org.pl/judgments/387900
364338|2018-09-25|SO|VII AGa 222/18|Wyrok|https://www.saos.org.pl/judgments/364338
359173|2018-09-20|SO|VII Ca 451/18|Uzasadnienie|https://www.saos.org.pl/judgments/359173
363103|2018-09-19|SO|I C 288/18|Wyrok|https://www.saos.org.pl/judgments/363103
386227|2018-09-18|SO|I C 3007/16|Wyrok|https://www.saos.org.pl/judgments/386227
429007|2018-09-11|SO|V AGa 219/18|Wyrok|https://www.saos.org.pl/judgments/429007
352622|2018-09-06|SO|XVI C 107/18|Uzasadnienie|https://www.saos.org.pl/judgments/352622
357006|2018-09-03|SO|I C 1268/18|Wyrok|https://www.saos.org.pl/judgments/357006
371156|2018-08-31|SO|XVIII C 553/18|Wyrok|https://www.saos.org.pl/judgments/371156
359189|2018-08-28|SO|I ACa 1630/17|Wyrok|https://www.saos.org.pl/judgments/359189
352278|2018-08-27|SO|XII C 734/16|Wyrok|https://www.saos.org.pl/judgments/352278
351066|2018-08-24|SO|I C 93/18|Wyrok|https://www.saos.org.pl/judgments/351066
356188|2018-08-22|SO|I C 833/18|Wyrok|https://www.saos.org.pl/judgments/356188
350057|2018-08-20|SO|VIII GC 406/17|Uzasadnienie|https://www.saos.org.pl/judgments/350057
357093|2018-08-09|SO|I ACa 36/18|Wyrok|https://www.saos.org.pl/judgments/357093
361923|2018-08-08|SO|III Ca 985/18|Wyrok|https://www.saos.org.pl/judgments/361923
358214|2018-08-06|SO|I C 1661/17|Wyrok|https://www.saos.org.pl/judgments/358214
348479|2018-07-23|SO|I C 826/18|Wyrok|https://www.saos.org.pl/judgments/348479
357301|2018-07-19|SO|I ACa 285/18|Wyrok|https://www.saos.org.pl/judgments/357301
357311|2018-07-13|SO|I AGa 308/18|Wyrok|https://www.saos.org.pl/judgments/357311
349157|2018-07-12|SO|VIII Pa 19/18|Wyrok|https://www.saos.org.pl/judgments/349157
347265|2018-07-11|SO|I C 835/18|Wyrok|https://www.saos.org.pl/judgments/347265
347264|2018-07-11|SO|I C 834/18|Wyrok|https://www.saos.org.pl/judgments/347264
347256|2018-07-11|SO|I C 576/18|Wyrok|https://www.saos.org.pl/judgments/347256
347268|2018-07-09|SO|I C 859/18|Wyrok|https://www.saos.org.pl/judgments/347268
348469|2018-07-04|SO|I C 556/18|Wyrok|https://www.saos.org.pl/judgments/348469
345313|2018-07-03|SO|XII C 1364/16|Wyrok|https://www.saos.org.pl/judgments/345313
346656|2018-07-02|SO|VII Gz 181/18|Postanowienie|https://www.saos.org.pl/judgments/346656
347712|2018-06-29|SO|IV Pa 27/18|Wyrok|https://www.saos.org.pl/judgments/347712
375728|2018-06-28|SO|VI P 66/18|Wyrok|https://www.saos.org.pl/judgments/375728
374056|2018-06-26|SO|I AGa 217/18|Wyrok|https://www.saos.org.pl/judgments/374056
361633|2018-06-22|SO|I AGa 181/18|Wyrok|https://www.saos.org.pl/judgments/361633
345977|2018-06-20|SO|VIII Pa 81/18|Uzasadnienie|https://www.saos.org.pl/judgments/345977
361830|2018-06-15|SO|I1 C 757/18|Wyrok|https://www.saos.org.pl/judgments/361830
366274|2018-06-14|SO|I C 833/18|Wyrok|https://www.saos.org.pl/judgments/366274
351097|2018-06-13|SO|II C 49/17|Uzasadnienie|https://www.saos.org.pl/judgments/351097
351844|2018-06-12|SO|III Cz 537/18|Postanowienie|https://www.saos.org.pl/judgments/351844
343268|2018-06-12|SO|I C 481/18|Wyrok|https://www.saos.org.pl/judgments/343268
359577|2018-06-08|SO|III APa 66/16|Wyrok|https://www.saos.org.pl/judgments/359577
352777|2018-06-05|SO|III Cz 450/18|Postanowienie|https://www.saos.org.pl/judgments/352777
349701|2018-05-29|SO|I ACa 1629/17|Wyrok|https://www.saos.org.pl/judgments/349701
351949|2018-05-25|SO|I ACa 26/18|Wyrok|https://www.saos.org.pl/judgments/351949
345588|2018-05-24|SO|XXI Pa 720/17|Wyrok|https://www.saos.org.pl/judgments/345588
406293|2018-05-21|SO|I C 856/17|Wyrok|https://www.saos.org.pl/judgments/406293
354766|2018-05-18|KIO|KIO 802/18|Wyrok|https://www.saos.org.pl/judgments/354766
342239|2018-05-16|SO|I C 538/18|Wyrok|https://www.saos.org.pl/judgments/342239
341971|2018-05-16|SO|VI GC 1699/17|Wyrok|https://www.saos.org.pl/judgments/341971
350926|2018-05-10|SO|I C 12/17|Wyrok|https://www.saos.org.pl/judgments/350926
352774|2018-05-09|SO|III Cz 399/18|Postanowienie|https://www.saos.org.pl/judgments/352774
340671|2018-05-08|SO|I C 998/15|Wyrok|https://www.saos.org.pl/judgments/340671
530227|2018-04-30|SO|XII Gz 152/18|Postanowienie|https://www.saos.org.pl/judgments/530227
339054|2018-04-27|SO|XIX Gz 555/17|Uzasadnienie|https://www.saos.org.pl/judgments/339054
359797|2018-04-24|SO|IV C 48/17|Wyrok|https://www.saos.org.pl/judgments/359797
340821|2018-04-10|SO|I C 2001/17|Wyrok|https://www.saos.org.pl/judgments/340821
355823|2018-04-09|SO|I ACa 1055/17|Wyrok|https://www.saos.org.pl/judgments/355823
339761|2018-04-09|SO|VIII Pa 7/18|Uzasadnienie|https://www.saos.org.pl/judgments/339761
340460|2018-04-04|SO|III Cz 2247/17|Postanowienie|https://www.saos.org.pl/judgments/340460
339925|2018-03-29|SO|I AGa 58/18|Wyrok|https://www.saos.org.pl/judgments/339925
358822|2018-03-16|SO|I AGa 81/18|Wyrok|https://www.saos.org.pl/judgments/358822
343145|2018-03-16|SO|I ACa 900/17|Wyrok|https://www.saos.org.pl/judgments/343145
334699|2018-03-15|SO|VIII GC 288/17|Wyrok|https://www.saos.org.pl/judgments/334699
334186|2018-03-15|SO|I C 221/18|Wyrok|https://www.saos.org.pl/judgments/334186
366483|2018-03-02|SO|V ACa 1166/17|Wyrok|https://www.saos.org.pl/judgments/366483
332588|2018-02-27|SO|I C 1022/17|Wyrok|https://www.saos.org.pl/judgments/332588
346800|2018-02-21|SO|X GC 967/17|Zarządzenie|https://www.saos.org.pl/judgments/346800
414627|2018-02-20|SO|XXVII Ca 1840/16|Postanowienie|https://www.saos.org.pl/judgments/414627
333718|2018-02-20|SO|III Cz 2196/17|Postanowienie|https://www.saos.org.pl/judgments/333718
348363|2018-02-19|SO|III Ca 1752/17|Uzasadnienie|https://www.saos.org.pl/judgments/348363
336314|2018-02-15|SO|I ACa 814/17|Wyrok|https://www.saos.org.pl/judgments/336314
333717|2018-02-13|SO|III Cz 2151/17|Postanowienie|https://www.saos.org.pl/judgments/333717
329041|2018-02-13|SO|VIII Ga 316/17|Uzasadnienie|https://www.saos.org.pl/judgments/329041
355520|2018-02-09|SO|I AGa 23/18|Wyrok|https://www.saos.org.pl/judgments/355520
334377|2018-02-08|SO|I C 2190/16|Wyrok|https://www.saos.org.pl/judgments/334377
360836|2018-02-06|SO|II Ca 2179/17|Wyrok|https://www.saos.org.pl/judgments/360836
328967|2018-02-06|SO|III Cz 2098/17|Postanowienie|https://www.saos.org.pl/judgments/328967
354209|2018-02-05|KIO|KIO 112/18|Wyrok|https://www.saos.org.pl/judgments/354209
328965|2018-01-23|SO|III Cz 2007/17|Postanowienie|https://www.saos.org.pl/judgments/328965
328021|2018-01-23|SO|V AGa 49/18|Wyrok|https://www.saos.org.pl/judgments/328021
327458|2018-01-17|SO|I ACa 674/17|Wyrok|https://www.saos.org.pl/judgments/327458
324505|2018-01-17|SO|XIV C 1251/17|Wyrok|https://www.saos.org.pl/judgments/324505
328955|2018-01-16|SO|III Cz 1893/17|Postanowienie|https://www.saos.org.pl/judgments/328955
329054|2018-01-11|SO|VIII Ga 532/17|Wyrok|https://www.saos.org.pl/judgments/329054
346682|2018-01-09|SO|X GC 798/16|Uzasadnienie|https://www.saos.org.pl/judgments/346682
354067|2018-01-04|KIO|KIO 2691/17|Postanowienie|https://www.saos.org.pl/judgments/354067
352303|2017-12-28|SO|I C 440/17|Wyrok|https://www.saos.org.pl/judgments/352303
321840|2017-12-28|SO|I C 2129/15|Wyrok|https://www.saos.org.pl/judgments/321840
319298|2017-12-22|SO|IX P 301/17|Zarządzenie|https://www.saos.org.pl/judgments/319298
335914|2017-12-19|SO|I ACa 213/17|Wyrok|https://www.saos.org.pl/judgments/335914
323406|2017-12-19|SO|I C 264/17|Wyrok|https://www.saos.org.pl/judgments/323406
353923|2017-12-18|KIO|KIO 2518/17|Wyrok|https://www.saos.org.pl/judgments/353923
333990|2017-12-14|SO|VIII Pa 137/17|Wyrok|https://www.saos.org.pl/judgments/333990
345666|2017-12-05|SO|II Co 4341/17|Postanowienie|https://www.saos.org.pl/judgments/345666
334437|2017-12-05|SO|III C 942/17|Wyrok|https://www.saos.org.pl/judgments/334437
319018|2017-12-05|SO|I C 26/17|Wyrok|https://www.saos.org.pl/judgments/319018
353856|2017-12-04|KIO|KIO 2437/17|Wyrok|https://www.saos.org.pl/judgments/353856
318340|2017-11-29|SO|I C 94/17|Wyrok|https://www.saos.org.pl/judgments/318340
325543|2017-11-28|SO|IV C 1183/17|Wyrok|https://www.saos.org.pl/judgments/325543
328871|2017-11-24|SO|I ACa 489/17|Wyrok|https://www.saos.org.pl/judgments/328871
327433|2017-11-23|SO|V Ca 733/17|Wyrok|https://www.saos.org.pl/judgments/327433
316593|2017-11-22|SO|IV P 64/17|Wyrok|https://www.saos.org.pl/judgments/316593
329378|2017-11-20|SO|VI Pa 71/17|Wyrok|https://www.saos.org.pl/judgments/329378
336267|2017-11-15|SO|I ACa 1396/17|Wyrok|https://www.saos.org.pl/judgments/336267
327089|2017-11-09|SO|I ACa 1388/16|Wyrok|https://www.saos.org.pl/judgments/327089
314329|2017-11-08|SO|I Ca 404/17|Postanowienie|https://www.saos.org.pl/judgments/314329
311374|2017-11-06|SO|XIII Ga 639/17|Uzasadnienie|https://www.saos.org.pl/judgments/311374
369426|2017-10-26|SO|I ACa 615/17|Wyrok|https://www.saos.org.pl/judgments/369426
322302|2017-10-26|SO|II Ca 1019/17|Wyrok|https://www.saos.org.pl/judgments/322302
316188|2017-10-25|SO|I Ca 290/17|Wyrok|https://www.saos.org.pl/judgments/316188
353582|2017-10-23|KIO|KIO 2097/17|Wyrok|https://www.saos.org.pl/judgments/353582
334672|2017-10-19|SO|VII ACa 932/17|Wyrok|https://www.saos.org.pl/judgments/334672
323824|2017-10-19|SO|III Ca 1332/17|Uzasadnienie|https://www.saos.org.pl/judgments/323824
321503|2017-10-19|SO|I ACa 1160/16|Wyrok|https://www.saos.org.pl/judgments/321503
319516|2017-10-18|SO|III Ca 825/17|Uzasadnienie|https://www.saos.org.pl/judgments/319516
329332|2017-10-17|SO|III Cz 1344/17|Postanowienie|https://www.saos.org.pl/judgments/329332
322699|2017-10-17|SO|XV C 486/17|Wyrok|https://www.saos.org.pl/judgments/322699
315228|2017-10-17|SO|XVIII C 293/17|Wyrok|https://www.saos.org.pl/judgments/315228
314913|2017-10-13|SO|VI GC 153/17|Wyrok|https://www.saos.org.pl/judgments/314913
307382|2017-09-29|SO|I C 48/17|Wyrok|https://www.saos.org.pl/judgments/307382
310020|2017-09-26|SO|II Co 3888/17|Postanowienie|https://www.saos.org.pl/judgments/310020
307242|2017-09-19|SO|XVI C 1270/17|Zarządzenie|https://www.saos.org.pl/judgments/307242
344386|2017-09-14|SO|I ACa 319/17|Wyrok|https://www.saos.org.pl/judgments/344386
309652|2017-09-14|SO|I ACa 329/17|Wyrok|https://www.saos.org.pl/judgments/309652
312501|2017-09-07|SO|IX GC 753/16|Wyrok|https://www.saos.org.pl/judgments/312501
308954|2017-09-06|SO|XV C 320/17|Wyrok|https://www.saos.org.pl/judgments/308954
313983|2017-09-05|SO|VIII GC 27/15|Wyrok|https://www.saos.org.pl/judgments/313983
307297|2017-09-05|SO|I ACa 102/17|Wyrok|https://www.saos.org.pl/judgments/307297
307464|2017-08-29|SO|IV C 657/17|Wyrok|https://www.saos.org.pl/judgments/307464
308868|2017-08-24|SO|VI Ga 147/17|Wyrok|https://www.saos.org.pl/judgments/308868
340303|2017-08-11|SO|X C 1155/17|Wyrok|https://www.saos.org.pl/judgments/340303
303482|2017-08-10|SO|III Ca 393/17|Uzasadnienie|https://www.saos.org.pl/judgments/303482
299097|2017-08-10|SO|VIII Gz 125/17|Uzasadnienie|https://www.saos.org.pl/judgments/299097
306762|2017-08-09|SO|VIII Ga 237/17|Zarządzenie|https://www.saos.org.pl/judgments/306762
302967|2017-08-02|SO|X GC 1191/16|Wyrok|https://www.saos.org.pl/judgments/302967
297996|2017-07-26|SO|I ACa 143/17|Wyrok|https://www.saos.org.pl/judgments/297996
300697|2017-07-13|SO|I C 629/17|Wyrok|https://www.saos.org.pl/judgments/300697
291379|2017-07-11|SO|XIII Ga 1033/16|Uzasadnienie|https://www.saos.org.pl/judgments/291379
295285|2017-07-04|SO|VIII GC 442/15|Wyrok|https://www.saos.org.pl/judgments/295285
318217|2017-06-28|SO|IV K 4/17|Wyrok|https://www.saos.org.pl/judgments/318217
316597|2017-06-28|SO|IV P 75/16|Wyrok|https://www.saos.org.pl/judgments/316597
297940|2017-06-26|SO|V Ga 143/17|Wyrok|https://www.saos.org.pl/judgments/297940
289654|2017-06-09|SO|I ACa 489/16|Wyrok|https://www.saos.org.pl/judgments/289654
293305|2017-06-01|SO|II Ca 152/17|Wyrok|https://www.saos.org.pl/judgments/293305
291761|2017-06-01|SO|XVIII C 94/17|Wyrok|https://www.saos.org.pl/judgments/291761
348923|2017-05-31|SO|I C 2937/16|Zarządzenie|https://www.saos.org.pl/judgments/348923
318610|2017-05-30|SO|II Ca 643/17|Postanowienie|https://www.saos.org.pl/judgments/318610
320508|2017-05-26|SO|X GC 924/13|Uzasadnienie|https://www.saos.org.pl/judgments/320508
291205|2017-05-26|SO|IV C 310/17|Wyrok|https://www.saos.org.pl/judgments/291205
308296|2017-05-25|SO|XVIII C 183/15|Wyrok|https://www.saos.org.pl/judgments/308296
288533|2017-05-25|SO|VI Ga 27/17|Wyrok|https://www.saos.org.pl/judgments/288533
290575|2017-05-23|SO|V ACa 686/16|Wyrok|https://www.saos.org.pl/judgments/290575
493776|2017-05-19|SO|I ACa 1752/16|Wyrok|https://www.saos.org.pl/judgments/493776
291896|2017-05-19|SO|I ACa 1016/16|Wyrok|https://www.saos.org.pl/judgments/291896
297226|2017-05-18|SO|VIII Pa 37/17|Wyrok|https://www.saos.org.pl/judgments/297226
291000|2017-05-18|SO|I C 2534/16|Uzasadnienie|https://www.saos.org.pl/judgments/291000
290219|2017-05-18|SO|III Ca 204/17|Wyrok|https://www.saos.org.pl/judgments/290219
290860|2017-05-11|SO|XII C 2041/16|Wyrok|https://www.saos.org.pl/judgments/290860
302979|2017-05-10|SO|XVII Ka 385/17|Wyrok|https://www.saos.org.pl/judgments/302979
391592|2017-05-09|SO|V ACa 207/17|Wyrok|https://www.saos.org.pl/judgments/391592
288778|2017-05-09|SO|IV C 1127/16|Wyrok|https://www.saos.org.pl/judgments/288778
287347|2017-04-28|SO|I ACa 157/16|Wyrok|https://www.saos.org.pl/judgments/287347
287122|2017-04-20|SO|I ACa 123/16|Wyrok|https://www.saos.org.pl/judgments/287122
284712|2017-04-20|SO|IX P 377/16|Uzasadnienie|https://www.saos.org.pl/judgments/284712
399906|2017-04-19|SO|V ACa 90/17|Wyrok|https://www.saos.org.pl/judgments/399906
286088|2017-04-19|SO|XIV C 584/16|Wyrok|https://www.saos.org.pl/judgments/286088
301962|2017-04-18|KIO|KIO 653/17|Wyrok|https://www.saos.org.pl/judgments/301962
283312|2017-04-14|SO|XIII Ga 501/16|Uzasadnienie|https://www.saos.org.pl/judgments/283312
287746|2017-04-13|SO|VI Ga 413/16|Wyrok|https://www.saos.org.pl/judgments/287746
309965|2017-04-12|SO|II Ca 1376/16|Wyrok|https://www.saos.org.pl/judgments/309965
322976|2017-04-11|SO|I ACa 195/17|Wyrok|https://www.saos.org.pl/judgments/322976
316483|2017-04-10|SO|III RC 379/15|Wyrok|https://www.saos.org.pl/judgments/316483
283083|2017-04-10|SO|VIII GC 99/16|Wyrok|https://www.saos.org.pl/judgments/283083
397823|2017-04-07|SO|III C 1655/16|Wyrok|https://www.saos.org.pl/judgments/397823
281580|2017-04-07|SO|I ACa 59/16|Wyrok|https://www.saos.org.pl/judgments/281580
284252|2017-03-31|SO|I C 22/17|Wyrok|https://www.saos.org.pl/judgments/284252
318308|2017-03-29|SO|I C 1766/16|Uzasadnienie|https://www.saos.org.pl/judgments/318308
444298|2017-03-28|SO|I ACa 1129/16|Wyrok|https://www.saos.org.pl/judgments/444298
282910|2017-03-28|SO|III C 495/16|Wyrok|https://www.saos.org.pl/judgments/282910
298180|2017-03-22|SO|III Ca 1375/16|Wyrok|https://www.saos.org.pl/judgments/298180
390411|2017-03-10|SO|II C 959/15|Wyrok|https://www.saos.org.pl/judgments/390411
301724|2017-03-07|KIO|KIO 364/17|Wyrok|https://www.saos.org.pl/judgments/301724
304709|2017-03-02|SO|I C 439/16|Wyrok|https://www.saos.org.pl/judgments/304709
290631|2017-03-02|SO|VI ACa 1310/15|Wyrok|https://www.saos.org.pl/judgments/290631
282486|2017-02-23|SO|XVIII C 1237/15|Wyrok|https://www.saos.org.pl/judgments/282486
276941|2017-02-23|SO|X GC 1027/15|Uzasadnienie|https://www.saos.org.pl/judgments/276941
320020|2017-02-22|SO|XVI GC 3002/16|Wyrok|https://www.saos.org.pl/judgments/320020
273568|2017-02-22|SO|I ACa 834/16|Wyrok|https://www.saos.org.pl/judgments/273568
325495|2017-02-21|SO|I C 354/16|Wyrok|https://www.saos.org.pl/judgments/325495
293361|2017-02-16|SO|II Ca 574/16|Wyrok|https://www.saos.org.pl/judgments/293361
275870|2017-02-16|SO|I ACa 905/16|Wyrok|https://www.saos.org.pl/judgments/275870
272909|2017-02-09|SO|V ACa 246/16|Wyrok|https://www.saos.org.pl/judgments/272909
286494|2017-02-06|SO|III C 479/16|Wyrok|https://www.saos.org.pl/judgments/286494
279556|2017-02-03|SO|I C 1106/16|Wyrok|https://www.saos.org.pl/judgments/279556
291404|2017-01-31|SO|XVIII C 1109/16|Wyrok|https://www.saos.org.pl/judgments/291404
275181|2017-01-31|SO|XII C 133/16|Wyrok|https://www.saos.org.pl/judgments/275181
283959|2017-01-26|SO|I ACa 922/16|Wyrok|https://www.saos.org.pl/judgments/283959
272601|2017-01-24|SO|III Ca 1404/16|Uzasadnienie|https://www.saos.org.pl/judgments/272601
327182|2017-01-19|SO|II Ca 843/16|Wyrok|https://www.saos.org.pl/judgments/327182
283372|2017-01-19|SO|I ACa 782/16|Wyrok|https://www.saos.org.pl/judgments/283372
277812|2017-01-19|SO|IV C 1448/16|Wyrok|https://www.saos.org.pl/judgments/277812
277270|2017-01-18|SO|I ACa 994/16|Wyrok|https://www.saos.org.pl/judgments/277270
291807|2016-12-28|SO|IV P 140/15|Wyrok|https://www.saos.org.pl/judgments/291807
296002|2016-12-22|SO|VII P 615/16|Wyrok|https://www.saos.org.pl/judgments/296002
266566|2016-12-22|SO|VI GC 268/16|Wyrok|https://www.saos.org.pl/judgments/266566
280469|2016-12-21|SO|I ACa 593/16|Wyrok|https://www.saos.org.pl/judgments/280469
301258|2016-12-19|KIO|KIO 2249/16|Wyrok|https://www.saos.org.pl/judgments/301258
309033|2016-12-15|SO|II Ca 778/16|Postanowienie|https://www.saos.org.pl/judgments/309033
282710|2016-12-13|SO|I C 886/16|Wyrok|https://www.saos.org.pl/judgments/282710
275873|2016-12-13|SO|I ACa 926/16|Wyrok|https://www.saos.org.pl/judgments/275873
269562|2016-12-13|SO|VIII Ga 191/16|Uzasadnienie|https://www.saos.org.pl/judgments/269562
267312|2016-12-13|SO|I C 601/15|Wyrok|https://www.saos.org.pl/judgments/267312
277960|2016-12-08|SO|VI ACa 1176/15|Wyrok|https://www.saos.org.pl/judgments/277960
265149|2016-12-08|KIO|KIO 2177/16|Wyrok|https://www.saos.org.pl/judgments/265149
265138|2016-12-08|KIO|KIO 2164/16|Wyrok|https://www.saos.org.pl/judgments/265138
260716|2016-12-05|SO|I C 2173/16|Wyrok|https://www.saos.org.pl/judgments/260716
265167|2016-12-02|KIO|KIO 2200/16|Wyrok|https://www.saos.org.pl/judgments/265167
283718|2016-11-30|SO|XVIII C 3572/16|Wyrok|https://www.saos.org.pl/judgments/283718
271184|2016-11-30|SO|XII Ga 672/16|Uzasadnienie|https://www.saos.org.pl/judgments/271184
260047|2016-11-30|SO|I ACa 533/16|Wyrok|https://www.saos.org.pl/judgments/260047
269113|2016-11-28|SO|I ACa 713/16|Wyrok|https://www.saos.org.pl/judgments/269113
263775|2016-11-28|SO|I ACa 719/16|Wyrok|https://www.saos.org.pl/judgments/263775
260067|2016-11-28|SO|I C 187/15|Wyrok|https://www.saos.org.pl/judgments/260067
258720|2016-11-28|SO|I C 250/15|Wyrok|https://www.saos.org.pl/judgments/258720
269017|2016-11-25|SO|III C 1418/15|Wyrok|https://www.saos.org.pl/judgments/269017
307129|2016-11-24|SO|X GC 54/16|Zarządzenie|https://www.saos.org.pl/judgments/307129
269839|2016-11-24|SO|I ACa 611/16|Wyrok|https://www.saos.org.pl/judgments/269839
261947|2016-11-23|SO|I C 244/14|Wyrok|https://www.saos.org.pl/judgments/261947
260772|2016-11-17|SO|I Ns 2371/15|Postanowienie|https://www.saos.org.pl/judgments/260772
273518|2016-11-16|SO|I ACa 603/16|Wyrok|https://www.saos.org.pl/judgments/273518
305114|2016-11-15|SO|II Ca 129/16|Postanowienie|https://www.saos.org.pl/judgments/305114
271413|2016-11-15|SO|VI ACa 1339/15|Wyrok|https://www.saos.org.pl/judgments/271413
355607|2016-11-10|SO|V GC 539/15|Uzasadnienie|https://www.saos.org.pl/judgments/355607
272700|2016-11-04|SO|VI ACa 1123/15|Wyrok|https://www.saos.org.pl/judgments/272700
260412|2016-10-28|SO|I C 445/15|Wyrok|https://www.saos.org.pl/judgments/260412
255197|2016-10-24|SO|III Ca 263/16|Uzasadnienie|https://www.saos.org.pl/judgments/255197
263276|2016-10-21|SO|VI ACa 1467/16|Wyrok|https://www.saos.org.pl/judgments/263276
257163|2016-10-19|SO|I Ns 1383/09|Postanowienie|https://www.saos.org.pl/judgments/257163
257819|2016-10-17|SO|VIII GC 243/14|Wyrok|https://www.saos.org.pl/judgments/257819
252931|2016-10-14|SO|I ACa 927/15|Wyrok|https://www.saos.org.pl/judgments/252931
252431|2016-10-13|SO|I C 431/14|Wyrok|https://www.saos.org.pl/judgments/252431
256525|2016-10-12|SO|I ACa 849/16|Wyrok|https://www.saos.org.pl/judgments/256525
258653|2016-10-11|SO|I ACa 333/16|Wyrok|https://www.saos.org.pl/judgments/258653
364434|2016-10-07|SO|I C 99/16|Wyrok|https://www.saos.org.pl/judgments/364434
260133|2016-09-27|SO|II Ca 630/16|Wyrok|https://www.saos.org.pl/judgments/260133
250494|2016-09-27|SO|VIII GC 213/15|Wyrok|https://www.saos.org.pl/judgments/250494
272330|2016-09-20|SO|IX GC 3902/14|Zarządzenie|https://www.saos.org.pl/judgments/272330
276122|2016-09-14|SO|I Ns 699/12|Postanowienie|https://www.saos.org.pl/judgments/276122
250378|2016-09-08|SO|I ACa 288/16|Wyrok|https://www.saos.org.pl/judgments/250378
248702|2016-09-06|SO|II C 1696/15|Uzasadnienie|https://www.saos.org.pl/judgments/248702
247339|2016-08-17|SO|I Ns 235/12|Postanowienie|https://www.saos.org.pl/judgments/247339
252405|2016-08-11|SO|I C 2230/15|Wyrok|https://www.saos.org.pl/judgments/252405
246286|2016-08-10|SO|VIII C 3261/15|Wyrok|https://www.saos.org.pl/judgments/246286
248865|2016-08-08|SO|III Ca 613/16|Uzasadnienie|https://www.saos.org.pl/judgments/248865
249051|2016-08-05|SO|VIII Ga 146/16|Wyrok|https://www.saos.org.pl/judgments/249051
247336|2016-08-03|SO|I Ns 1521/12|Postanowienie|https://www.saos.org.pl/judgments/247336
270279|2016-07-28|SO|II Ca 1365/15|Postanowienie|https://www.saos.org.pl/judgments/270279
250698|2016-07-28|SO|I ACa 405/16|Wyrok|https://www.saos.org.pl/judgments/250698
246588|2016-07-19|SO|VI GC 272/15|Wyrok|https://www.saos.org.pl/judgments/246588
270803|2016-07-14|SO|I ACa 1106/15|Wyrok|https://www.saos.org.pl/judgments/270803
241708|2016-07-08|SO|IV Ca 280/16|Postanowienie|https://www.saos.org.pl/judgments/241708
240761|2016-07-07|SO|V ACa 663/15|Wyrok|https://www.saos.org.pl/judgments/240761
240665|2016-07-04|SO|X GC 976/15|Zarządzenie|https://www.saos.org.pl/judgments/240665
252245|2016-06-29|SO|XV C 893/12|Wyrok|https://www.saos.org.pl/judgments/252245
375320|2016-06-17|SO|II C 353/15|Wyrok|https://www.saos.org.pl/judgments/375320
231748|2016-06-17|SO|XIII Ga 1120/15|Uzasadnienie|https://www.saos.org.pl/judgments/231748
327169|2016-06-06|SO|II Ca 298/16|Wyrok|https://www.saos.org.pl/judgments/327169
228425|2016-06-06|SO|VIII GC 493/14|Uzasadnienie|https://www.saos.org.pl/judgments/228425
241902|2016-05-31|SO|I ACa 1704/15|Wyrok|https://www.saos.org.pl/judgments/241902
231465|2016-05-31|SO|III K 45/15|Wyrok|https://www.saos.org.pl/judgments/231465
276936|2016-05-24|SO|X C 987/15|Wyrok|https://www.saos.org.pl/judgments/276936
305166|2016-05-12|SO|II Ca 1448/15|Wyrok|https://www.saos.org.pl/judgments/305166
247169|2016-05-11|SO|V Ga 41/16|Uzasadnienie|https://www.saos.org.pl/judgments/247169
237925|2016-05-11|SO|I ACa 971/15|Wyrok|https://www.saos.org.pl/judgments/237925
305157|2016-05-10|SO|II Ca 1427/15|Wyrok|https://www.saos.org.pl/judgments/305157
250291|2016-05-09|SO|IX GC 98/15|Wyrok|https://www.saos.org.pl/judgments/250291
240262|2016-05-09|SO|X GC 766/13|Uzasadnienie|https://www.saos.org.pl/judgments/240262
225532|2016-05-05|SO|XVI C 375/16|Zarządzenie|https://www.saos.org.pl/judgments/225532
294844|2016-04-29|SO|I ACa 328/15|Wyrok|https://www.saos.org.pl/judgments/294844
246826|2016-04-29|SO|XXV C 1526/14|Wyrok|https://www.saos.org.pl/judgments/246826
370148|2016-04-28|SO|XXVI GC 346/12|Wyrok|https://www.saos.org.pl/judgments/370148
222967|2016-04-26|SO|X GC 920/15|Wyrok|https://www.saos.org.pl/judgments/222967
501792|2016-04-21|SO|II Ca 204/16|Postanowienie|https://www.saos.org.pl/judgments/501792
238289|2016-04-21|SO|I ACa 985/15|Wyrok|https://www.saos.org.pl/judgments/238289
240710|2016-04-18|SO|I ACa 853/15|Wyrok|https://www.saos.org.pl/judgments/240710
234133|2016-04-15|SO|I ACa 969/15|Wyrok|https://www.saos.org.pl/judgments/234133
222882|2016-04-15|SO|VI GC 91/15|Wyrok|https://www.saos.org.pl/judgments/222882
222574|2016-04-13|SO|III C 57/15|Wyrok|https://www.saos.org.pl/judgments/222574
252872|2016-04-11|SO|X GC 461/15|Wyrok|https://www.saos.org.pl/judgments/252872
217586|2016-04-04|SO|VII Pa 37/16|Uzasadnienie|https://www.saos.org.pl/judgments/217586
299040|2016-03-31|SO|VI Ga 78/16|Wyrok|https://www.saos.org.pl/judgments/299040
299036|2016-03-24|SO|VI Ga 413/15|Wyrok|https://www.saos.org.pl/judgments/299036
221683|2016-03-22|SO|V P 6/16|Wyrok|https://www.saos.org.pl/judgments/221683
352905|2016-03-18|SO|II C 965/13|Wyrok|https://www.saos.org.pl/judgments/352905
215065|2016-03-18|SO|I ACa 1080/15|Wyrok|https://www.saos.org.pl/judgments/215065
244814|2016-03-11|SN|I CSK 161/15|Wyrok|https://www.saos.org.pl/judgments/244814
226236|2016-03-08|SO|I 1 C 856/15|Wyrok|https://www.saos.org.pl/judgments/226236
215060|2016-03-04|SO|I ACa 1003/15|Wyrok|https://www.saos.org.pl/judgments/215060
212716|2016-03-03|SO|X GC 977/13|Uzasadnienie|https://www.saos.org.pl/judgments/212716
242672|2016-02-26|SO|V ACa 806/15|Wyrok|https://www.saos.org.pl/judgments/242672
213700|2016-02-26|SO|XXIII Ga 1706/15|Wyrok|https://www.saos.org.pl/judgments/213700
357288|2016-02-23|SO|XX GC 754/13|Wyrok|https://www.saos.org.pl/judgments/357288
210633|2016-02-19|SO|XIII Ga 805/15|Uzasadnienie|https://www.saos.org.pl/judgments/210633
215503|2016-02-18|SO|V ACa 493/15|Wyrok|https://www.saos.org.pl/judgments/215503
211039|2016-02-18|SO|III Ca 1694/15|Wyrok|https://www.saos.org.pl/judgments/211039
225832|2016-02-12|SO|III APa 24/15|Wyrok|https://www.saos.org.pl/judgments/225832
226366|2016-02-11|SO|I C 579/15|Wyrok|https://www.saos.org.pl/judgments/226366
219127|2016-02-10|SO|I ACa 772/15|Wyrok|https://www.saos.org.pl/judgments/219127
212082|2016-02-08|SO|III C 3731/13|Wyrok|https://www.saos.org.pl/judgments/212082
244473|2016-02-05|SN|II CSK 139/15|Wyrok|https://www.saos.org.pl/judgments/244473
217105|2016-02-05|SO|X Ga 393/15|Wyrok|https://www.saos.org.pl/judgments/217105
214986|2016-01-26|SO|VIII U 2125/15|Wyrok|https://www.saos.org.pl/judgments/214986
244334|2016-01-20|SN|IV CSK 218/15|Wyrok|https://www.saos.org.pl/judgments/244334
203746|2016-01-19|SO|XI GC 426/15|Wyrok|https://www.saos.org.pl/judgments/203746
202555|2016-01-18|SO|I C 19/15|Wyrok|https://www.saos.org.pl/judgments/202555
339916|2016-01-14|SO|I ACa 1585/15|Wyrok|https://www.saos.org.pl/judgments/339916
203464|2016-01-14|SO|VI Ga 330/15|Wyrok|https://www.saos.org.pl/judgments/203464
219996|2016-01-13|SO|VIII Ga 243/15|Uzasadnienie|https://www.saos.org.pl/judgments/219996
199003|2016-01-13|SO|I C 2120/15|Wyrok|https://www.saos.org.pl/judgments/199003
202365|2016-01-12|SO|I ACa 1401/15|Wyrok|https://www.saos.org.pl/judgments/202365
221450|2016-01-04|SO|III Ca 1211/15|Uzasadnienie|https://www.saos.org.pl/judgments/221450
238415|2015-12-30|SO|V GC 451/15|Wyrok|https://www.saos.org.pl/judgments/238415
198209|2015-12-30|SO|I C 756/15|Wyrok|https://www.saos.org.pl/judgments/198209
216213|2015-12-29|SO|III Ca 836/14|Postanowienie|https://www.saos.org.pl/judgments/216213
195375|2015-12-29|SO|I C 353/15|Wyrok|https://www.saos.org.pl/judgments/195375
236301|2015-12-21|SO|IX GC 23/15|Wyrok|https://www.saos.org.pl/judgments/236301
204289|2015-12-18|SO|I ACa 267/15|Wyrok|https://www.saos.org.pl/judgments/204289
199284|2015-12-18|SO|I ACa 755/15|Wyrok|https://www.saos.org.pl/judgments/199284
197253|2015-12-16|SO|II C 939/14|Wyrok|https://www.saos.org.pl/judgments/197253
221902|2015-12-15|SO|II Ca 440/15|Uzasadnienie|https://www.saos.org.pl/judgments/221902
358980|2015-12-10|SO|II C 2353/15|Zarządzenie|https://www.saos.org.pl/judgments/358980
198071|2015-12-10|SO|VIII Ga 381/15|Wyrok|https://www.saos.org.pl/judgments/198071
336243|2015-12-09|SO|X GC 294/15|Wyrok|https://www.saos.org.pl/judgments/336243
199012|2015-12-08|SO|I C 411/15|Wyrok|https://www.saos.org.pl/judgments/199012
243931|2015-11-25|SN|II CSK 723/14|Postanowienie|https://www.saos.org.pl/judgments/243931
187564|2015-11-20|SO|VI Ga 134/15|Wyrok|https://www.saos.org.pl/judgments/187564
305130|2015-11-16|SO|II Ca 1340/15|Wyrok|https://www.saos.org.pl/judgments/305130
298390|2015-11-12|SO|I ACa 637/15|Wyrok|https://www.saos.org.pl/judgments/298390
192454|2015-11-12|SO|II AKa 58/15|Wyrok|https://www.saos.org.pl/judgments/192454
188598|2015-11-12|SO|VIII GC 366/14|Wyrok|https://www.saos.org.pl/judgments/188598
246828|2015-11-10|SO|I ACa 1136/15|Wyrok|https://www.saos.org.pl/judgments/246828
195799|2015-11-09|SO|I ACa 288/15|Wyrok|https://www.saos.org.pl/judgments/195799
203162|2015-11-04|SO|III Ca 1374/15|Wyrok|https://www.saos.org.pl/judgments/203162
186536|2015-11-04|SO|IV P 414/15|Wyrok|https://www.saos.org.pl/judgments/186536
251816|2015-11-02|SO|XVII AmE 124/14|Wyrok|https://www.saos.org.pl/judgments/251816
193364|2015-10-30|SO|III Ca 900/15|Uzasadnienie|https://www.saos.org.pl/judgments/193364
181407|2015-10-30|SO|I ACa 533/14|Wyrok|https://www.saos.org.pl/judgments/181407
212495|2015-10-28|SO|I ACa 767/15|Wyrok|https://www.saos.org.pl/judgments/212495
189032|2015-10-26|SO|X GC 440/14|Zarządzenie|https://www.saos.org.pl/judgments/189032
198175|2015-10-23|SO|VI ACa 1613/14|Wyrok|https://www.saos.org.pl/judgments/198175
243613|2015-10-22|SN|IV CSK 770/14|Wyrok|https://www.saos.org.pl/judgments/243613
187865|2015-10-14|SO|VI P 569/14|Wyrok|https://www.saos.org.pl/judgments/187865
197836|2015-10-06|SO|XVI GC 215/13|Wyrok|https://www.saos.org.pl/judgments/197836
233082|2015-09-29|SO|X GC 1393/14|Wyrok|https://www.saos.org.pl/judgments/233082
187877|2015-09-24|SO|VI Pa 68/15|Wyrok|https://www.saos.org.pl/judgments/187877
185537|2015-09-16|SO|III Ca 994/15|Postanowienie|https://www.saos.org.pl/judgments/185537
199954|2015-09-15|SO|III Cz 1113/15|Postanowienie|https://www.saos.org.pl/judgments/199954
179105|2015-09-08|SO|XI GC 359/15|Wyrok|https://www.saos.org.pl/judgments/179105
178159|2015-08-28|SO|I ACa 265/15|Wyrok|https://www.saos.org.pl/judgments/178159
177008|2015-08-21|SO|I C 959/14|Wyrok|https://www.saos.org.pl/judgments/177008
177156|2015-08-19|SO|III Ca 412/15|Wyrok|https://www.saos.org.pl/judgments/177156
181231|2015-08-12|SO|I ACa 270/15|Wyrok|https://www.saos.org.pl/judgments/181231
176442|2015-07-21|SO|VIII Ga 116/15|Uzasadnienie|https://www.saos.org.pl/judgments/176442
190224|2015-07-16|SO|I ACa 432/15|Wyrok|https://www.saos.org.pl/judgments/190224
428025|2015-07-10|SO|II Ca 356/15|Wyrok|https://www.saos.org.pl/judgments/428025
188952|2015-07-10|SO|X Ga 114/15|Wyrok|https://www.saos.org.pl/judgments/188952
298134|2015-07-09|SO|II Ca 1410/14|Wyrok|https://www.saos.org.pl/judgments/298134
190217|2015-07-09|SO|I ACa 274/15|Wyrok|https://www.saos.org.pl/judgments/190217
229693|2015-07-02|SO|XVI GC 1580/13|Wyrok|https://www.saos.org.pl/judgments/229693
192354|2015-06-30|SO|I ACa 420/15|Wyrok|https://www.saos.org.pl/judgments/192354
242806|2015-06-26|SN|I CSK 642/14|Wyrok|https://www.saos.org.pl/judgments/242806
242837|2015-06-25|SN|V CSK 528/14|Wyrok|https://www.saos.org.pl/judgments/242837
177032|2015-06-24|SO|II C 1428/11|Wyrok|https://www.saos.org.pl/judgments/177032
176387|2015-06-22|SO|III Ca 286/15|Uzasadnienie|https://www.saos.org.pl/judgments/176387
158869|2015-06-22|SO|X GC 746/12|Uzasadnienie|https://www.saos.org.pl/judgments/158869
176385|2015-06-19|SO|III Ca 285/15|Uzasadnienie|https://www.saos.org.pl/judgments/176385
176041|2015-06-17|SO|X GC 214/15|Wyrok|https://www.saos.org.pl/judgments/176041
185060|2015-06-16|SO|III Ca 388/15|Wyrok|https://www.saos.org.pl/judgments/185060
175152|2015-06-11|SO|I ACa 75/15|Wyrok|https://www.saos.org.pl/judgments/175152
303367|2015-06-10|SO|I ACa 7/15|Wyrok|https://www.saos.org.pl/judgments/303367
170558|2015-06-09|SO|XI GC 1241/14|Wyrok|https://www.saos.org.pl/judgments/170558
245562|2015-06-03|SN|V CSK 588/14|Wyrok|https://www.saos.org.pl/judgments/245562
187141|2015-06-03|SO|V GC 121/15|Wyrok|https://www.saos.org.pl/judgments/187141
181179|2015-06-02|SO|I ACa 1798/14|Wyrok|https://www.saos.org.pl/judgments/181179
245517|2015-05-29|SN|V CSK 446/14|Wyrok|https://www.saos.org.pl/judgments/245517
181166|2015-05-29|SO|I ACa 16/15|Wyrok|https://www.saos.org.pl/judgments/181166
178803|2015-05-28|SO|VI ACa 1433/14|Wyrok|https://www.saos.org.pl/judgments/178803
169109|2015-05-28|SN|III CSK 330/14|Wyrok|https://www.saos.org.pl/judgments/169109
154052|2015-05-25|SO|X GC 831/14|Uzasadnienie|https://www.saos.org.pl/judgments/154052
275530|2015-05-21|SO|II Ca 1348/14|Wyrok|https://www.saos.org.pl/judgments/275530
178652|2015-05-21|SO|III AUa 1387/14|Wyrok|https://www.saos.org.pl/judgments/178652
181122|2015-05-20|SO|I ACa 12/15|Wyrok|https://www.saos.org.pl/judgments/181122
298106|2015-05-19|SO|II Ca 1333/14|Postanowienie|https://www.saos.org.pl/judgments/298106
258006|2015-05-19|SO|I ACa 120/15|Wyrok|https://www.saos.org.pl/judgments/258006
173501|2015-05-15|SO|I ACa 1470/14|Wyrok|https://www.saos.org.pl/judgments/173501
171542|2015-05-15|SO|I ACa 1705/14|Wyrok|https://www.saos.org.pl/judgments/171542
176288|2015-05-14|SO|I ACa 865/14|Wyrok|https://www.saos.org.pl/judgments/176288
155530|2015-05-14|SO|I ACa 16/15|Wyrok|https://www.saos.org.pl/judgments/155530
154278|2015-05-13|SO|V ACa 827/14|Wyrok|https://www.saos.org.pl/judgments/154278
157040|2015-05-06|SO|I ACa 264/15|Wyrok|https://www.saos.org.pl/judgments/157040
180479|2015-05-05|SO|I C 243/14|Wyrok|https://www.saos.org.pl/judgments/180479
281354|2015-04-30|SO|XI C 2125/14|Wyrok|https://www.saos.org.pl/judgments/281354
245446|2015-04-29|SN|V CSK 415/14|Wyrok|https://www.saos.org.pl/judgments/245446
159495|2015-04-29|SO|III Ca 1305/14|Wyrok|https://www.saos.org.pl/judgments/159495
155356|2015-04-23|SO|VIII Pa 10/15|Wyrok|https://www.saos.org.pl/judgments/155356
151882|2015-04-02|SO|II Ca 731/14|Uzasadnienie|https://www.saos.org.pl/judgments/151882
150503|2015-03-31|SO|V ACa 712/14|Wyrok|https://www.saos.org.pl/judgments/150503
152845|2015-03-27|SO|VIII Ga 43/15|Wyrok|https://www.saos.org.pl/judgments/152845
173879|2015-03-26|SO|I C 1660/14|Wyrok|https://www.saos.org.pl/judgments/173879
173523|2015-03-25|SO|I ACa 812/14|Wyrok|https://www.saos.org.pl/judgments/173523
151615|2015-03-25|SO|I ACa 1195/14|Wyrok|https://www.saos.org.pl/judgments/151615
178395|2015-03-20|SO|VIII C 346/13|Wyrok|https://www.saos.org.pl/judgments/178395
154335|2015-03-20|SO|X Ga 112/15|Wyrok|https://www.saos.org.pl/judgments/154335
150520|2015-03-17|SO|VI Ga 28/15|Wyrok|https://www.saos.org.pl/judgments/150520
133225|2015-03-12|SO|I C 1957/14|Wyrok|https://www.saos.org.pl/judgments/133225
148301|2015-03-11|SO|I ACa 876/14|Wyrok|https://www.saos.org.pl/judgments/148301
156712|2015-02-26|SO|VIII Pa 197/14|Wyrok|https://www.saos.org.pl/judgments/156712
133831|2015-02-26|SO|I C 8/14|Wyrok|https://www.saos.org.pl/judgments/133831
149043|2015-02-20|SO|I ACa 850/14|Wyrok|https://www.saos.org.pl/judgments/149043
151609|2015-02-17|SO|VI ACa 226/14|Wyrok|https://www.saos.org.pl/judgments/151609
157011|2015-02-12|SO|VI ACa 1017/13|Wyrok|https://www.saos.org.pl/judgments/157011
131706|2015-02-05|SO|VIII Pa 160/14|Wyrok|https://www.saos.org.pl/judgments/131706
173055|2015-02-03|SO|VI ACa 424/14|Wyrok|https://www.saos.org.pl/judgments/173055
170473|2015-01-30|SO|II Ca 726/14|Wyrok|https://www.saos.org.pl/judgments/170473
154505|2015-01-29|SO|I ACa 1558/14|Wyrok|https://www.saos.org.pl/judgments/154505
127086|2015-01-22|SO|IV P 98/14|Wyrok|https://www.saos.org.pl/judgments/127086
126566|2015-01-20|SO|IV Cz 11/15|Postanowienie|https://www.saos.org.pl/judgments/126566
126564|2015-01-16|SO|IV Ca 581/14|Wyrok|https://www.saos.org.pl/judgments/126564
167860|2015-01-14|SN|II CSK 85/14|Postanowienie|https://www.saos.org.pl/judgments/167860
149624|2015-01-12|SO|II Ca 668/14|Wyrok|https://www.saos.org.pl/judgments/149624
153534|2014-12-23|SO|I ACa 601/14|Wyrok|https://www.saos.org.pl/judgments/153534
130218|2014-12-23|SO|I ACa 1403/14|Wyrok|https://www.saos.org.pl/judgments/130218
128967|2014-12-19|SO|I ACa 1359/14|Wyrok|https://www.saos.org.pl/judgments/128967
127126|2014-12-11|SO|I ACa 731/14|Wyrok|https://www.saos.org.pl/judgments/127126
297014|2014-12-10|SO|II Ca 532/14|Postanowienie|https://www.saos.org.pl/judgments/297014
72523|2014-11-25|SO|I Ns 423/14|Postanowienie|https://www.saos.org.pl/judgments/72523
125540|2014-11-24|SO|X Ga 355/14|Wyrok|https://www.saos.org.pl/judgments/125540
160915|2014-11-14|KIO|KIO 2276/14|Wyrok|https://www.saos.org.pl/judgments/160915
73532|2014-11-13|SO|IV P 289/14|Wyrok|https://www.saos.org.pl/judgments/73532
169921|2014-11-07|SO|XV Ca 904/14|Wyrok|https://www.saos.org.pl/judgments/169921
74260|2014-11-07|SO|XV C 878/13|Wyrok|https://www.saos.org.pl/judgments/74260
70689|2014-11-07|SO|I C 554/14|Wyrok|https://www.saos.org.pl/judgments/70689
167263|2014-11-05|SN|III CSK 320/13|Wyrok|https://www.saos.org.pl/judgments/167263
156366|2014-10-30|SO|III APa 33/13|Wyrok|https://www.saos.org.pl/judgments/156366
128824|2014-10-23|SO|I ACa 419/14|Wyrok|https://www.saos.org.pl/judgments/128824
70949|2014-10-22|SO|I ACa 580/14|Wyrok|https://www.saos.org.pl/judgments/70949
68619|2014-10-21|SO|I ACa 528/14|Wyrok|https://www.saos.org.pl/judgments/68619
125006|2014-10-17|SO|I ACa 468/14|Postanowienie|https://www.saos.org.pl/judgments/125006
124870|2014-10-03|SO|I C 892/13|Wyrok|https://www.saos.org.pl/judgments/124870
65865|2014-10-02|SO|VIII Pa 104/14|Wyrok|https://www.saos.org.pl/judgments/65865
65628|2014-10-02|SO|VIII Pa 103/14|Wyrok|https://www.saos.org.pl/judgments/65628
64827|2014-10-02|SO|I Ca 139/14|Wyrok|https://www.saos.org.pl/judgments/64827
75352|2014-09-29|SO|I ACa 374/14|Wyrok|https://www.saos.org.pl/judgments/75352
66299|2014-09-29|SO|VI Ga 299/14|Wyrok|https://www.saos.org.pl/judgments/66299
166762|2014-09-25|SN|II CSK 664/13|Wyrok|https://www.saos.org.pl/judgments/166762
131317|2014-09-18|SO|I ACa 65/14|Wyrok|https://www.saos.org.pl/judgments/131317
135467|2014-09-09|SO|XV Ca 1042/14|Wyrok|https://www.saos.org.pl/judgments/135467
71061|2014-09-08|SO|III Ca 416/14|Uzasadnienie|https://www.saos.org.pl/judgments/71061
62867|2014-08-19|SO|I ACa 50/14|Wyrok|https://www.saos.org.pl/judgments/62867
61846|2014-08-19|SO|I ACa 224/14|Wyrok|https://www.saos.org.pl/judgments/61846
60011|2014-07-31|SO|III APa 4/14|Wyrok|https://www.saos.org.pl/judgments/60011
62133|2014-07-25|SO|VI ACa 1552/13|Wyrok|https://www.saos.org.pl/judgments/62133
66428|2014-07-17|SO|III Ca 2067/13|Wyrok|https://www.saos.org.pl/judgments/66428
53986|2014-07-14|SO|III APa 20/14|Wyrok|https://www.saos.org.pl/judgments/53986
169727|2014-07-10|SO|XV Ca 535/14|Wyrok|https://www.saos.org.pl/judgments/169727
61129|2014-07-09|SO|I ACa 192/14|Wyrok|https://www.saos.org.pl/judgments/61129
56948|2014-07-09|SO|I ACa 369/14|Wyrok|https://www.saos.org.pl/judgments/56948
75197|2014-07-04|SO|I ACa 782/12|Wyrok|https://www.saos.org.pl/judgments/75197
55910|2014-07-02|SO|I ACa 412/14|Wyrok|https://www.saos.org.pl/judgments/55910
55363|2014-07-02|SO|V Pa 176/13|Wyrok|https://www.saos.org.pl/judgments/55363
60245|2014-06-24|SO|II Ca 351/14|Wyrok|https://www.saos.org.pl/judgments/60245
65092|2014-06-18|SO|V ACa 282/14|Wyrok|https://www.saos.org.pl/judgments/65092
61322|2014-06-18|SO|I ACa 160/14|Wyrok|https://www.saos.org.pl/judgments/61322
66157|2014-06-17|SO|II Ca 521/14|Postanowienie|https://www.saos.org.pl/judgments/66157
69947|2014-06-13|SO|I ACa 516/14|Wyrok|https://www.saos.org.pl/judgments/69947
56220|2014-06-12|SO|I ACa 1575/13|Wyrok|https://www.saos.org.pl/judgments/56220
62344|2014-06-06|SO|VI ACa 1525/13|Wyrok|https://www.saos.org.pl/judgments/62344
147491|2014-06-05|SO|I Ca 120/14|Wyrok|https://www.saos.org.pl/judgments/147491
56901|2014-06-04|SO|VIII U 393/14|Wyrok|https://www.saos.org.pl/judgments/56901
62700|2014-06-02|SO|I C 43/14|Wyrok|https://www.saos.org.pl/judgments/62700
161278|2014-05-29|KIO|KIO 980/14|Wyrok|https://www.saos.org.pl/judgments/161278
57637|2014-05-27|SO|V ACa 606/13|Wyrok|https://www.saos.org.pl/judgments/57637
105133|2014-05-23|SN|II PK 273/13|Wyrok|https://www.saos.org.pl/judgments/105133
51352|2014-05-16|SO|I ACa 95/14|Wyrok|https://www.saos.org.pl/judgments/51352
146386|2014-05-12|SO|II C 421/13|Uzasadnienie|https://www.saos.org.pl/judgments/146386
48189|2014-05-08|SO|VIII Ga 213/13|Uzasadnienie|https://www.saos.org.pl/judgments/48189
51231|2014-05-07|SO|I ACa 77/14|Wyrok|https://www.saos.org.pl/judgments/51231
55612|2014-05-06|SO|XVI GC 309/12|Uzasadnienie|https://www.saos.org.pl/judgments/55612
46919|2014-05-06|SO|V Ca 80/14|Wyrok|https://www.saos.org.pl/judgments/46919
55376|2014-04-30|SO|VIII GC 2576/13|Uzasadnienie|https://www.saos.org.pl/judgments/55376
53410|2014-04-29|SO|I ACa 537/13|Wyrok|https://www.saos.org.pl/judgments/53410
165763|2014-04-24|SN|III CSK 319/13|Wyrok|https://www.saos.org.pl/judgments/165763
48063|2014-04-24|SO|I ACa 45/14|Wyrok|https://www.saos.org.pl/judgments/48063
46646|2014-04-17|SO|VIII Ga 69/14|Wyrok|https://www.saos.org.pl/judgments/46646
53132|2014-04-16|SO|XII Ga 617/13|Wyrok|https://www.saos.org.pl/judgments/53132
45097|2014-04-16|SO|IV P 3/14|Wyrok|https://www.saos.org.pl/judgments/45097
133622|2014-04-10|SO|III Ca 1917/13|Postanowienie|https://www.saos.org.pl/judgments/133622
391967|2014-04-08|SO|II Ca 2494/13|Wyrok|https://www.saos.org.pl/judgments/391967
72056|2014-04-03|SO|I ACa 141/14|Wyrok|https://www.saos.org.pl/judgments/72056
51229|2014-04-02|SO|I ACa 56/14|Wyrok|https://www.saos.org.pl/judgments/51229
42388|2014-03-31|SO|XII C 1475/13|Wyrok|https://www.saos.org.pl/judgments/42388
173631|2014-03-27|SO|I ACa 106/14|Wyrok|https://www.saos.org.pl/judgments/173631
60862|2014-03-27|SO|V ACa 99/14|Wyrok|https://www.saos.org.pl/judgments/60862
58044|2014-03-27|SO|II C 15/14|Uzasadnienie|https://www.saos.org.pl/judgments/58044
43145|2014-03-27|SO|I ACa 863/13|Wyrok|https://www.saos.org.pl/judgments/43145
41770|2014-03-26|SO|VI GC 236/13|Wyrok|https://www.saos.org.pl/judgments/41770
146369|2014-03-25|SO|I Ns 1106/13|Postanowienie|https://www.saos.org.pl/judgments/146369
42946|2014-03-21|SO|III Ca 959/13|Uzasadnienie|https://www.saos.org.pl/judgments/42946
45995|2014-03-20|SO|VI P 681/11|Wyrok|https://www.saos.org.pl/judgments/45995
104669|2014-03-12|SN|II PK 151/13|Wyrok|https://www.saos.org.pl/judgments/104669
54455|2014-03-12|SO|V ACa 55/14|Wyrok|https://www.saos.org.pl/judgments/54455
144495|2014-03-11|SO|II C 1149/13|Uzasadnienie|https://www.saos.org.pl/judgments/144495
46013|2014-03-11|SO|I ACa 812/13|Wyrok|https://www.saos.org.pl/judgments/46013
43450|2014-03-11|SO|VIII Ga 148/13|Uzasadnienie|https://www.saos.org.pl/judgments/43450
36247|2014-02-26|SO|X GC 29/12|Uzasadnienie|https://www.saos.org.pl/judgments/36247
144573|2014-02-13|SO|II C 1422/11|Wyrok|https://www.saos.org.pl/judgments/144573
200764|2014-02-11|KIO|KIO 139/14|Wyrok|https://www.saos.org.pl/judgments/200764
37365|2014-02-06|SO|VIII GC 383/12|Wyrok|https://www.saos.org.pl/judgments/37365
49688|2014-02-05|SO|II K 799/13|Wyrok|https://www.saos.org.pl/judgments/49688
104312|2014-02-03|SN|I PK 169/13|Wyrok|https://www.saos.org.pl/judgments/104312
145970|2014-01-31|SO|I C 1672/13|Wyrok|https://www.saos.org.pl/judgments/145970
145123|2014-01-30|SO|I Ca 334/13|Wyrok|https://www.saos.org.pl/judgments/145123
43307|2014-01-30|SO|I ACa 973/13|Wyrok|https://www.saos.org.pl/judgments/43307
146907|2014-01-29|SO|I Ns 443/11|Postanowienie|https://www.saos.org.pl/judgments/146907
48015|2014-01-29|SO|IX GC 1763/13|Zarządzenie|https://www.saos.org.pl/judgments/48015
34072|2014-01-28|SO|II Ca 954/13|Wyrok|https://www.saos.org.pl/judgments/34072
124167|2014-01-27|KIO|KIO 3034/13|Wyrok|https://www.saos.org.pl/judgments/124167
39742|2014-01-24|SO|I ACa 916/13|Wyrok|https://www.saos.org.pl/judgments/39742
36208|2014-01-24|SO|V ACa 650/13|Wyrok|https://www.saos.org.pl/judgments/36208
34725|2014-01-23|SO|IV Ca 446/13|Wyrok|https://www.saos.org.pl/judgments/34725
104144|2014-01-22|SN|III CSK 55/13|Wyrok|https://www.saos.org.pl/judgments/104144
31205|2014-01-16|SO|II Ca 902/13|Wyrok|https://www.saos.org.pl/judgments/31205
146771|2014-01-10|SO|II Ca 1134/13|Wyrok|https://www.saos.org.pl/judgments/146771
34444|2013-12-30|SO|I ACa 540/13|Wyrok|https://www.saos.org.pl/judgments/34444
35977|2013-12-19|SO|V ACa 568/13|Wyrok|https://www.saos.org.pl/judgments/35977
67185|2013-12-17|SO|XV C 665/12|Wyrok|https://www.saos.org.pl/judgments/67185
123934|2013-12-16|KIO|KIO 2762/13|Wyrok|https://www.saos.org.pl/judgments/123934
43304|2013-12-13|SO|I ACa 294/13|Wyrok|https://www.saos.org.pl/judgments/43304
30623|2013-12-12|SO|I ACa 785/13|Wyrok|https://www.saos.org.pl/judgments/30623
103784|2013-12-05|SN|V CSK 33/13|Wyrok|https://www.saos.org.pl/judgments/103784
34328|2013-12-03|SO|I ACa 722/13|Wyrok|https://www.saos.org.pl/judgments/34328
28860|2013-11-26|SO|III APa 25/13|Wyrok|https://www.saos.org.pl/judgments/28860
53455|2013-11-20|SO|VI ACa 735/12|Wyrok|https://www.saos.org.pl/judgments/53455
141562|2013-11-13|SO|II Ca 1005/13|Wyrok|https://www.saos.org.pl/judgments/141562
30785|2013-11-13|SO|I ACa 885/13|Wyrok|https://www.saos.org.pl/judgments/30785
141394|2013-11-05|SO|I Co 491/13|Postanowienie|https://www.saos.org.pl/judgments/141394
123719|2013-10-31|KIO|KIO 2458/13|Wyrok|https://www.saos.org.pl/judgments/123719
37475|2013-10-29|SO|I ACa 599/13|Wyrok|https://www.saos.org.pl/judgments/37475
142295|2013-10-28|SO|I C 14/13|Wyrok|https://www.saos.org.pl/judgments/142295
141524|2013-10-28|SO|I C 1061/13|Wyrok|https://www.saos.org.pl/judgments/141524
24453|2013-10-18|SO|I ACa 569/13|Wyrok|https://www.saos.org.pl/judgments/24453
27088|2013-10-16|SO|V GC 343/12|Wyrok|https://www.saos.org.pl/judgments/27088
141586|2013-10-14|SO|I C 419/13|Wyrok|https://www.saos.org.pl/judgments/141586
141861|2013-10-10|SO|I C 1428/12|Wyrok|https://www.saos.org.pl/judgments/141861
23040|2013-09-27|SO|I ACa 347/13|Wyrok|https://www.saos.org.pl/judgments/23040
23489|2013-09-25|SO|VIII Ga 22/13|Uzasadnienie|https://www.saos.org.pl/judgments/23489
63809|2013-09-18|SO|I ACa 782/13|Postanowienie|https://www.saos.org.pl/judgments/63809
36059|2013-09-18|SO|I ACa 362/13|Wyrok|https://www.saos.org.pl/judgments/36059
20853|2013-09-12|SO|I ACa 349/13|Wyrok|https://www.saos.org.pl/judgments/20853
141384|2013-09-10|SO|I C 731/13|Wyrok|https://www.saos.org.pl/judgments/141384
22078|2013-09-05|SO|V Pa 6/13|Wyrok|https://www.saos.org.pl/judgments/22078
140647|2013-09-04|SO|I C 340/12|Wyrok|https://www.saos.org.pl/judgments/140647
102773|2013-09-04|SN|III CZP 26/13|Uchwała|https://www.saos.org.pl/judgments/102773
123235|2013-08-14|KIO|KIO 1815/13|Wyrok|https://www.saos.org.pl/judgments/123235
122928|2013-08-14|KIO|KIO 1429/13|Wyrok|https://www.saos.org.pl/judgments/122928
28901|2013-08-08|SO|VI ACa 43/13|Wyrok|https://www.saos.org.pl/judgments/28901
102513|2013-07-25|SN|II CSK 575/12|Wyrok|https://www.saos.org.pl/judgments/102513
29128|2013-07-19|SO|V ACa 712/12|Wyrok|https://www.saos.org.pl/judgments/29128
139683|2013-07-17|SO|I Ca 221/13|Wyrok|https://www.saos.org.pl/judgments/139683
102445|2013-07-12|SN|V CNP 71/12|Postanowienie|https://www.saos.org.pl/judgments/102445
18023|2013-06-28|SO|I ACz 1080/13|Postanowienie|https://www.saos.org.pl/judgments/18023
19646|2013-06-21|SO|II Ca 166/13|Wyrok|https://www.saos.org.pl/judgments/19646
17358|2013-06-19|SO|I ACa 99/13|Wyrok|https://www.saos.org.pl/judgments/17358
140230|2013-06-18|SO|I C 803/12|Wyrok|https://www.saos.org.pl/judgments/140230
20598|2013-06-13|SO|I ACa 439/13|Wyrok|https://www.saos.org.pl/judgments/20598
102071|2013-06-11|SN|II UK 380/12|Wyrok|https://www.saos.org.pl/judgments/102071
26129|2013-06-05|SO|VI ACa 1592/12|Wyrok|https://www.saos.org.pl/judgments/26129
139009|2013-05-29|SO|I C 850/12|Wyrok|https://www.saos.org.pl/judgments/139009
15753|2013-05-24|SO|XXV C 1127/12|Wyrok|https://www.saos.org.pl/judgments/15753
27951|2013-05-22|SO|I ACa 800/12|Wyrok|https://www.saos.org.pl/judgments/27951
20018|2013-05-16|SO|IV Pa 14/13|Wyrok|https://www.saos.org.pl/judgments/20018
15050|2013-05-16|SO|II Ca 269/13|Wyrok|https://www.saos.org.pl/judgments/15050
27815|2013-05-14|SO|IX GC 100/13|Wyrok|https://www.saos.org.pl/judgments/27815
15970|2013-04-30|SO|I ACa 147/13|Wyrok|https://www.saos.org.pl/judgments/15970
12840|2013-04-30|SO|VI C 76/13|Wyrok|https://www.saos.org.pl/judgments/12840
138571|2013-04-18|SO|I Ns 37/13|Postanowienie|https://www.saos.org.pl/judgments/138571
11679|2013-04-18|SO|I ACa 1232/12|Wyrok|https://www.saos.org.pl/judgments/11679
10829|2013-04-17|SO|I ACa 260/13|Wyrok|https://www.saos.org.pl/judgments/10829
101385|2013-04-12|SN|IV CSK 515/12|Postanowienie|https://www.saos.org.pl/judgments/101385
138741|2013-04-08|SO|I C 111/13|Wyrok|https://www.saos.org.pl/judgments/138741
138427|2013-04-04|SO|I C 245/10|Wyrok|https://www.saos.org.pl/judgments/138427
101201|2013-03-27|SN|I CSK 630/12|Wyrok|https://www.saos.org.pl/judgments/101201
101148|2013-03-22|SN|III CZP 85/12|Postanowienie|https://www.saos.org.pl/judgments/101148
138010|2013-03-21|SO|I C 530/12|Uzasadnienie|https://www.saos.org.pl/judgments/138010
13747|2013-03-18|SO|I ACa 1488/12|Wyrok|https://www.saos.org.pl/judgments/13747
9887|2013-03-18|SO|VIII GC 312/11|Wyrok|https://www.saos.org.pl/judgments/9887
46338|2013-03-15|SO|V Ca 3346/12|Wyrok|https://www.saos.org.pl/judgments/46338
10671|2013-03-14|SO|I ACa 889/12|Wyrok|https://www.saos.org.pl/judgments/10671
38744|2013-03-13|SO|I ACa 1164/12|Wyrok|https://www.saos.org.pl/judgments/38744
10494|2013-03-13|SO|I ACa 957/12|Wyrok|https://www.saos.org.pl/judgments/10494
10358|2013-03-12|SO|I ACa 1258/12|Wyrok|https://www.saos.org.pl/judgments/10358
12184|2013-03-06|SO|I ACa 1102/12|Wyrok|https://www.saos.org.pl/judgments/12184
8325|2013-03-06|SO|I ACa 95/13|Wyrok|https://www.saos.org.pl/judgments/8325
137829|2013-02-28|SO|II Ca 1000/12|Wyrok|https://www.saos.org.pl/judgments/137829
18468|2013-02-27|SO|V ACa 53/13|Wyrok|https://www.saos.org.pl/judgments/18468
6470|2013-02-15|SO|I ACa 1154/12|Wyrok|https://www.saos.org.pl/judgments/6470
100592|2013-02-07|SN|II CSK 230/12|Wyrok|https://www.saos.org.pl/judgments/100592
7439|2013-02-06|SO|I ACa 1404/12|Wyrok|https://www.saos.org.pl/judgments/7439
6145|2013-02-04|SO|III APa 35/12|Wyrok|https://www.saos.org.pl/judgments/6145
6461|2013-01-30|SO|I ACa 1008/12|Wyrok|https://www.saos.org.pl/judgments/6461
4963|2013-01-23|SO|I ACa 712/12|Wyrok|https://www.saos.org.pl/judgments/4963
8419|2013-01-21|SO|X P 1104/12|Wyrok|https://www.saos.org.pl/judgments/8419
6023|2013-01-21|SO|III APa 29/12|Wyrok|https://www.saos.org.pl/judgments/6023
100371|2013-01-18|SN|II PK 153/12|Wyrok|https://www.saos.org.pl/judgments/100371
6355|2013-01-16|SO|I ACa 1147/10|Wyrok|https://www.saos.org.pl/judgments/6355
14986|2013-01-15|SO|I ACa 1290/12|Wyrok|https://www.saos.org.pl/judgments/14986
4362|2013-01-10|SO|X Ga 415/12|Wyrok|https://www.saos.org.pl/judgments/4362
137506|2013-01-08|SO|I C 278/10|Uzasadnienie|https://www.saos.org.pl/judgments/137506
3959|2012-12-27|SO|I ACa 381/12|Wyrok|https://www.saos.org.pl/judgments/3959
137243|2012-12-21|SO|II AKa 271/12|Wyrok|https://www.saos.org.pl/judgments/137243
10985|2012-12-21|SO|VI ACa 1020/12|Wyrok|https://www.saos.org.pl/judgments/10985
400827|2012-12-20|SO|I ACa 1022/12|Wyrok|https://www.saos.org.pl/judgments/400827
10805|2012-12-20|SO|I ACa 1044/12|Wyrok|https://www.saos.org.pl/judgments/10805
17469|2012-12-19|SO|I ACa 1249/12|Wyrok|https://www.saos.org.pl/judgments/17469
137505|2012-12-14|SO|I C 278/10|Wyrok|https://www.saos.org.pl/judgments/137505
8939|2012-12-14|SO|I ACa 739/12|Wyrok|https://www.saos.org.pl/judgments/8939
4351|2012-12-13|SO|II Ca 813/12|Wyrok|https://www.saos.org.pl/judgments/4351
4658|2012-12-06|SO|I ACa 531/12|Wyrok|https://www.saos.org.pl/judgments/4658
9747|2012-12-05|SO|VI ACa 1100/12|Wyrok|https://www.saos.org.pl/judgments/9747
4222|2012-11-30|SO|I ACa 1146/12|Wyrok|https://www.saos.org.pl/judgments/4222
5874|2012-11-22|SO|V ACa 760/12|Wyrok|https://www.saos.org.pl/judgments/5874
3406|2012-11-22|SO|I ACa 698/12|Wyrok|https://www.saos.org.pl/judgments/3406
6802|2012-11-20|SO|I ACa 1055/12|Wyrok|https://www.saos.org.pl/judgments/6802
137516|2012-11-13|SO|I C 355/11|Wyrok|https://www.saos.org.pl/judgments/137516
15695|2012-11-12|SO|V Ca 2108/12|Wyrok|https://www.saos.org.pl/judgments/15695
99573|2012-11-09|SN|IV CSK 123/12|Wyrok|https://www.saos.org.pl/judgments/99573
3155|2012-10-31|SO|I ACa 341/12|Wyrok|https://www.saos.org.pl/judgments/3155
176|2012-10-29|SO|III AUa 301/12|Wyrok|https://www.saos.org.pl/judgments/176
262|2012-10-25|SO|III AUa 635/12|Wyrok|https://www.saos.org.pl/judgments/262
121238|2012-10-24|KIO|KIO 2210/12|Wyrok|https://www.saos.org.pl/judgments/121238
753|2012-10-24|SO|I ACa 764/12|Wyrok|https://www.saos.org.pl/judgments/753
99413|2012-10-18|SN|V CSK 417/11|Wyrok|https://www.saos.org.pl/judgments/99413
12857|2012-10-11|SO|I ACa 453/12|Wyrok|https://www.saos.org.pl/judgments/12857
8147|2012-10-09|SO|V ACa 578/12|Wyrok|https://www.saos.org.pl/judgments/8147
82|2012-10-05|SO|I ACa 858/12|Wyrok|https://www.saos.org.pl/judgments/82
7|2012-09-26|SO|I ACa 654/12|Wyrok|https://www.saos.org.pl/judgments/7
2308|2012-09-25|SO|I ACa 190/12|Wyrok|https://www.saos.org.pl/judgments/2308
1221|2012-09-21|SO|VI ACa 505/12|Wyrok|https://www.saos.org.pl/judgments/1221
1002|2012-09-19|SO|I ACa 453/12|Wyrok|https://www.saos.org.pl/judgments/1002
120911|2012-09-14|KIO|KIO 1768/12|Wyrok|https://www.saos.org.pl/judgments/120911
721|2012-09-14|SO|I ACa 527/12|Wyrok|https://www.saos.org.pl/judgments/721
3853|2012-09-13|SO|I ACa 37/12|Wyrok|https://www.saos.org.pl/judgments/3853
8161|2012-08-31|SO|I ACa 647/12|Wyrok|https://www.saos.org.pl/judgments/8161
3724|2012-08-30|SO|VI ACa 494/12|Wyrok|https://www.saos.org.pl/judgments/3724
5782|2012-08-23|SO|I ACa 578/12|Wyrok|https://www.saos.org.pl/judgments/5782
21|2012-08-23|SO|I ACa 722/12|Wyrok|https://www.saos.org.pl/judgments/21
120601|2012-08-20|KIO|KIO 1357/12|Wyrok|https://www.saos.org.pl/judgments/120601
1139|2012-07-05|SO|I ACa 1214/11|Wyrok|https://www.saos.org.pl/judgments/1139
24584|2012-07-03|SO|V Ca 1193/12|Wyrok|https://www.saos.org.pl/judgments/24584
98410|2012-06-22|SN|I PK 237/11|Wyrok|https://www.saos.org.pl/judgments/98410
120106|2012-06-06|KIO|KIO 707/12|Wyrok|https://www.saos.org.pl/judgments/120106
98076|2012-05-17|SN|I CSK 494/11|Wyrok|https://www.saos.org.pl/judgments/98076
98071|2012-05-17|SN|I CSK 315/11|Wyrok|https://www.saos.org.pl/judgments/98071
98022|2012-05-10|SN|IV CSK 567/11|Wyrok|https://www.saos.org.pl/judgments/98022
193617|2012-05-02|SO|XVII AmC 2934/10|Uzasadnienie|https://www.saos.org.pl/judgments/193617
97881|2012-04-18|SN|V CSK 133/11|Wyrok|https://www.saos.org.pl/judgments/97881
97710|2012-04-04|SN|I CSK 359/11|Postanowienie|https://www.saos.org.pl/judgments/97710
97709|2012-04-04|SN|I CSK 359/11|Postanowienie|https://www.saos.org.pl/judgments/97709
266194|2012-03-15|SO|XVII AmC 2934/10|Wyrok|https://www.saos.org.pl/judgments/266194
119659|2012-02-14|KIO|KIO 152/12|Postanowienie|https://www.saos.org.pl/judgments/119659
96658|2012-01-04|SN|III CSK 139/11|Wyrok|https://www.saos.org.pl/judgments/96658
96538|2011-12-14|SN|I CSK 149/11|Wyrok|https://www.saos.org.pl/judgments/96538
119321|2011-12-09|KIO|KIO 2531/11|Wyrok|https://www.saos.org.pl/judgments/119321
96455|2011-12-02|SN|III PK 26/11|Wyrok|https://www.saos.org.pl/judgments/96455
119294|2011-12-01|KIO|KIO 2492/11|Wyrok|https://www.saos.org.pl/judgments/119294
96209|2011-11-09|SN|II CSK 132/11|Wyrok|https://www.saos.org.pl/judgments/96209
95955|2011-10-12|SN|II CSK 29/11|Wyrok|https://www.saos.org.pl/judgments/95955
95804|2011-09-22|SN|V CSK 427/10|Wyrok|https://www.saos.org.pl/judgments/95804
95584|2011-08-11|SN|I CSK 605/10|Wyrok|https://www.saos.org.pl/judgments/95584
14739|2011-07-14|SO|I ACa 246/11|Wyrok|https://www.saos.org.pl/judgments/14739
95368|2011-07-07|SN|II CSK 683/10|Wyrok|https://www.saos.org.pl/judgments/95368
95354|2011-07-05|SN|I PK 28/11|Wyrok|https://www.saos.org.pl/judgments/95354
95353|2011-07-05|SN|I PK 28/11|Wyrok|https://www.saos.org.pl/judgments/95353
95068|2011-05-24|SN|II PK 298/10|Wyrok|https://www.saos.org.pl/judgments/95068
94963|2011-05-13|SN|V CSK 360/10|Wyrok|https://www.saos.org.pl/judgments/94963
117978|2011-05-02|KIO|KIO 802/11|Wyrok|https://www.saos.org.pl/judgments/117978
94578|2011-03-30|SN|III CSK 167/10|Wyrok|https://www.saos.org.pl/judgments/94578
94566|2011-03-29|SN|I UK 316/10|Wyrok|https://www.saos.org.pl/judgments/94566
94469|2011-03-17|SN|IV CSK 358/10|Wyrok|https://www.saos.org.pl/judgments/94469
94298|2011-02-23|SN|V CSK 277/10|Wyrok|https://www.saos.org.pl/judgments/94298
94122|2011-02-04|SN|III CSK 198/10|Wyrok|https://www.saos.org.pl/judgments/94122
94065|2011-02-03|SN|I CSK 282/10|Wyrok|https://www.saos.org.pl/judgments/94065
117475|2011-02-01|KIO|KIO 125/11|Wyrok|https://www.saos.org.pl/judgments/117475
93893|2011-01-13|SN|III CSK 116/10|Wyrok|https://www.saos.org.pl/judgments/93893
117371|2011-01-10|KIO|KIO 2795/10|Postanowienie|https://www.saos.org.pl/judgments/117371
165443|2010-12-03|SN|I PK 155/10|Wyrok|https://www.saos.org.pl/judgments/165443
93176|2010-10-20|SN|III CSK 323/09|Wyrok|https://www.saos.org.pl/judgments/93176
93061|2010-10-08|SN|II PK 30/10|Wyrok|https://www.saos.org.pl/judgments/93061
92982|2010-09-24|SN|IV CSK 94/10|Postanowienie|https://www.saos.org.pl/judgments/92982
92477|2010-06-18|SN|V CSK 433/09|Wyrok|https://www.saos.org.pl/judgments/92477
92189|2010-05-07|SN|III CSK 246/09|Wyrok|https://www.saos.org.pl/judgments/92189
115752|2010-05-04|KIO|KIO 612/10|Wyrok|https://www.saos.org.pl/judgments/115752
76328|2010-04-08|SN|II PK 127/09|Wyrok|https://www.saos.org.pl/judgments/76328
115473|2010-03-25|KIO|KIO/UZP 259/10|Wyrok|https://www.saos.org.pl/judgments/115473
92042|2010-03-11|SN|IV CSK 418/09|Wyrok|https://www.saos.org.pl/judgments/92042
91990|2010-03-05|SN|IV CSK 372/09|Wyrok|https://www.saos.org.pl/judgments/91990
115237|2010-03-04|KIO|KIO/UZP 1919/09|Wyrok|https://www.saos.org.pl/judgments/115237
91939|2010-02-24|SN|III CZP 131/09|Uchwała|https://www.saos.org.pl/judgments/91939
91933|2010-02-24|SN|III CNP 29/09|Wyrok|https://www.saos.org.pl/judgments/91933
91817|2010-02-12|SN|I CSK 357/09|Wyrok|https://www.saos.org.pl/judgments/91817
115131|2010-02-02|KIO|KIO/UZP 1799/09|Wyrok|https://www.saos.org.pl/judgments/115131
114944|2009-12-30|KIO|KIO/UZP 1591/09|Wyrok|https://www.saos.org.pl/judgments/114944
91362|2009-12-02|SN|I CSK 129/09|Wyrok|https://www.saos.org.pl/judgments/91362
91351|2009-11-24|SN|V CSK 163/09|Wyrok|https://www.saos.org.pl/judgments/91351
476263|2009-11-19|SO|I ACa 553/09|Wyrok|https://www.saos.org.pl/judgments/476263
114795|2009-11-17|KIO|KIO/UZP 1414/09|Wyrok|https://www.saos.org.pl/judgments/114795
91092|2009-10-22|SN|III CZP 67/09|Postanowienie|https://www.saos.org.pl/judgments/91092
90709|2009-08-12|SN|IV CSK 111/09|Wyrok|https://www.saos.org.pl/judgments/90709
114341|2009-07-21|KIO|KIO/UZP 859/09|Wyrok|https://www.saos.org.pl/judgments/114341
90520|2009-07-02|SN|V CSK 24/09|Wyrok|https://www.saos.org.pl/judgments/90520
90124|2009-04-29|SN|II CSK 614/08|Wyrok|https://www.saos.org.pl/judgments/90124
113977|2009-04-17|KIO|KIO/UZP 420/09|Wyrok|https://www.saos.org.pl/judgments/113977
89816|2009-03-04|SN|IV CSK 439/08|Wyrok|https://www.saos.org.pl/judgments/89816
89630|2009-02-13|SN|II CSK 353/08|Wyrok|https://www.saos.org.pl/judgments/89630
89604|2009-02-04|SN|II PK 223/08|Wyrok|https://www.saos.org.pl/judgments/89604
113316|2008-11-07|KIO|KIO/UZP 1164/08|Wyrok|https://www.saos.org.pl/judgments/113316
113330|2008-11-04|KIO|KIO/UZP 1179/08|Wyrok|https://www.saos.org.pl/judgments/113330
113124|2008-09-19|KIO|KIO/UZP 939/08|Wyrok|https://www.saos.org.pl/judgments/113124
88671|2008-09-04|SN|IV CSK 196/08|Wyrok|https://www.saos.org.pl/judgments/88671
113048|2008-08-29|KIO|KIO/UZP 847/08|Wyrok|https://www.saos.org.pl/judgments/113048
88155|2008-05-30|SN|V CNP 11/08|Postanowienie|https://www.saos.org.pl/judgments/88155
87838|2008-04-09|SN|V CSK 516/07|Wyrok|https://www.saos.org.pl/judgments/87838
87758|2008-04-03|SN|II CSK 610/07|Wyrok|https://www.saos.org.pl/judgments/87758
87240|2008-02-04|SN|I PK 193/07|Wyrok|https://www.saos.org.pl/judgments/87240
87018|2008-01-10|SN|IV CSK 331/07|Postanowienie|https://www.saos.org.pl/judgments/87018
112230|2008-01-04|KIO|KIO/UZP 12/07|Wyrok|https://www.saos.org.pl/judgments/112230
86934|2007-12-13|SN|I PK 149/07|Wyrok|https://www.saos.org.pl/judgments/86934
86634|2007-09-26|SN|IV CSK 127/07|Wyrok|https://www.saos.org.pl/judgments/86634
86631|2007-09-26|SN|IV CSK 118/07|Postanowienie|https://www.saos.org.pl/judgments/86631
86586|2007-09-20|SN|II CSK 242/07|Wyrok|https://www.saos.org.pl/judgments/86586
86585|2007-09-20|SN|II CSK 241/07|Wyrok|https://www.saos.org.pl/judgments/86585
86433|2007-08-08|SN|II PK 45/07|Wyrok|https://www.saos.org.pl/judgments/86433
85293|2007-02-22|SN|III CSK 308/06|Wyrok|https://www.saos.org.pl/judgments/85293
85162|2007-02-08|SN|II PK 159/06|Wyrok|https://www.saos.org.pl/judgments/85162
85086|2007-01-25|SN|V CSK 411/06|Wyrok|https://www.saos.org.pl/judgments/85086
84942|2007-01-11|SN|II CSK 370/06|Wyrok|https://www.saos.org.pl/judgments/84942
164694|2006-11-22|SN|V CSK 289/06|Wyrok|https://www.saos.org.pl/judgments/164694
84310|2006-05-10|SN|III PK 18/06|Wyrok|https://www.saos.org.pl/judgments/84310
164166|2006-03-29|SN|IV CK 411/05|Wyrok|https://www.saos.org.pl/judgments/164166
84136|2006-03-07|SN|I PZP 5/05|Uchwała|https://www.saos.org.pl/judgments/84136
164046|2006-02-15|SN|IV CSK 71/05|Wyrok|https://www.saos.org.pl/judgments/164046
84007|2006-01-11|SN|II PK 118/05|Wyrok|https://www.saos.org.pl/judgments/84007
163814|2005-12-09|SN|III CK 299/05|Wyrok|https://www.saos.org.pl/judgments/163814
163425|2005-07-14|SN|III CK 694/04|Postanowienie|https://www.saos.org.pl/judgments/163425
163352|2005-06-24|SN|V CK 799/04|Wyrok|https://www.saos.org.pl/judgments/163352
163304|2005-06-10|SN|II CK 712/04|Wyrok|https://www.saos.org.pl/judgments/163304
163290|2005-05-25|SN|I CK 751/04|Wyrok|https://www.saos.org.pl/judgments/163290
163123|2005-03-31|SN|V CK 490/04|Wyrok|https://www.saos.org.pl/judgments/163123
83276|2005-03-10|SN|II PK 245/04|Wyrok|https://www.saos.org.pl/judgments/83276
83202|2005-02-10|SN|II PK 204/04|Wyrok|https://www.saos.org.pl/judgments/83202
162861|2005-01-05|SN|II CK 343/04|Wyrok|https://www.saos.org.pl/judgments/162861
162804|2004-12-16|SN|V CK 332/04|Wyrok|https://www.saos.org.pl/judgments/162804
162711|2004-11-03|SN|III CK 523/03|Wyrok|https://www.saos.org.pl/judgments/162711
82942|2004-10-27|SN|I PK 588/03|Wyrok|https://www.saos.org.pl/judgments/82942
82535|2004-02-27|SN|V CK 293/03|Wyrok|https://www.saos.org.pl/judgments/82535
82404|2003-12-18|SN|I CK 7/03|Wyrok|https://www.saos.org.pl/judgments/82404
82153|2003-08-21|SN|III CKN 392/01|Postanowienie|https://www.saos.org.pl/judgments/82153
81253|2002-03-08|SN|III CKN 748/00|Wyrok|https://www.saos.org.pl/judgments/81253
80858|2001-09-20|SN|II CKN 271/99|Wyrok|https://www.saos.org.pl/judgments/80858
80654|2001-06-20|SN|I PKN 474/00|Wyrok|https://www.saos.org.pl/judgments/80654
80646|2001-06-06|SN|V CKN 1240/00|Wyrok|https://www.saos.org.pl/judgments/80646
79015|1999-05-11|SN|I PKN 34/99|Wyrok|https://www.saos.org.pl/judgments/79015
205941|1999-02-25|TK|K 23/98|Wyrok|https://www.saos.org.pl/judgments/205941
78134|1998-02-13|SN|III RN 113/97|Wyrok|https://www.saos.org.pl/judgments/78134
