saos_id|date|court|case_number|type|saos_url
542290|2026-01-30|SO|VIII GC 70/25|Wyrok|https://www.saos.org.pl/judgments/542290
542606|2026-01-26|SO|XI GC 569/24|Zarządzenie|https://www.saos.org.pl/judgments/542606
541877|2026-01-21|SO|XI GC 940/23|Zarządzenie|https://www.saos.org.pl/judgments/541877
539388|2025-11-25|SO|XI GC 903/23|Zarządzenie|https://www.saos.org.pl/judgments/539388
541686|2025-10-06|SO|I C 455/24|Wyrok|https://www.saos.org.pl/judgments/541686
535373|2025-07-28|SO|I C 164/22|Wyrok|https://www.saos.org.pl/judgments/535373
542516|2025-06-24|SO|I AGa 25/23|Wyrok|https://www.saos.org.pl/judgments/542516
525686|2025-05-06|SO|XIII Ga 628/24|Uzasadnienie|https://www.saos.org.pl/judgments/525686
535997|2025-04-29|SO|I C 293/23|Wyrok|https://www.saos.org.pl/judgments/535997
533392|2025-04-23|SO|V AGa 425/22|Wyrok|https://www.saos.org.pl/judgments/533392
534809|2025-02-12|SO|I ACa 414/23|Uzasadnienie|https://www.saos.org.pl/judgments/534809
540725|2025-02-04|SO|II Ca 55/24|Wyrok|https://www.saos.org.pl/judgments/540725
540712|2025-01-28|SO|II Ca 2063/23|Wyrok|https://www.saos.org.pl/judgments/540712
533855|2024-12-20|SO|I C 1465/21|Wyrok|https://www.saos.org.pl/judgments/533855
522435|2024-10-30|SO|VI C 1217/23|Uzasadnienie|https://www.saos.org.pl/judgments/522435
531515|2024-09-25|SO|I AGa 18/24|Wyrok|https://www.saos.org.pl/judgments/531515
532162|2024-09-03|SO|XVI GC 888/18|Wyrok|https://www.saos.org.pl/judgments/532162
541830|2024-08-28|SO|I AGa 23/23|Wyrok|https://www.saos.org.pl/judgments/541830
512802|2024-07-15|SO|VIII GC 78/24|Wyrok|https://www.saos.org.pl/judgments/512802
529002|2024-07-03|SO|I AGa 68/22|Wyrok|https://www.saos.org.pl/judgments/529002
528455|2024-07-01|SO|I AGa 39/23|Wyrok|https://www.saos.org.pl/judgments/528455
518653|2024-06-21|SO|I C 405/22|Wyrok|https://www.saos.org.pl/judgments/518653
528612|2024-06-19|SO|I ACa 865/22|Wyrok|https://www.saos.org.pl/judgments/528612
528171|2024-06-12|SO|I AGa 306/21|Wyrok|https://www.saos.org.pl/judgments/528171
512783|2024-05-24|SO|VIII GC 302/24|Wyrok|https://www.saos.org.pl/judgments/512783
524898|2024-05-14|SO|I AGa 96/22|Wyrok|https://www.saos.org.pl/judgments/524898
536761|2024-05-10|SO|V GC 67/24|Wyrok|https://www.saos.org.pl/judgments/536761
522786|2024-05-08|SO|I AGa 359/22|Wyrok|https://www.saos.org.pl/judgments/522786
519906|2024-04-24|SO|VI GC 1303/23|Wyrok|https://www.saos.org.pl/judgments/519906
510736|2024-04-24|SO|VI C 2427/22|Zarządzenie|https://www.saos.org.pl/judgments/510736
510125|2024-04-18|SO|V GC 1416/22|Zarządzenie|https://www.saos.org.pl/judgments/510125
542050|2024-03-11|SO|I C 798/21|Wyrok|https://www.saos.org.pl/judgments/542050
529767|2024-03-04|SO|III Ca 1762/23|Uzasadnienie|https://www.saos.org.pl/judgments/529767
496773|2024-02-26|SO|I C 216/18|Wyrok|https://www.saos.org.pl/judgments/496773
512739|2024-02-13|SO|VIII Ga 256/23|Wyrok|https://www.saos.org.pl/judgments/512739
494880|2024-01-12|SO|I AGa 124/23|Wyrok|https://www.saos.org.pl/judgments/494880
515020|2024-01-10|SO|XVII AmA 7/22|Wyrok|https://www.saos.org.pl/judgments/515020
527414|2023-12-01|SO|III Ca 1052/22|Uzasadnienie|https://www.saos.org.pl/judgments/527414
524087|2023-11-23|SO|V GC 174/23|Wyrok|https://www.saos.org.pl/judgments/524087
512332|2023-11-09|SO|VIII C 1019/21|Wyrok|https://www.saos.org.pl/judgments/512332
520321|2023-11-08|SO|II Ca 1757/22|Wyrok|https://www.saos.org.pl/judgments/520321
512561|2023-10-31|SO|VIII C 491/21|Wyrok|https://www.saos.org.pl/judgments/512561
512760|2023-10-23|SO|VIII GC 1590/20|Uzasadnienie|https://www.saos.org.pl/judgments/512760
495372|2023-10-16|SO|I C 11/22|Wyrok|https://www.saos.org.pl/judgments/495372
516205|2023-10-11|SO|VI GC 1020/21|Wyrok|https://www.saos.org.pl/judgments/516205
510159|2023-09-28|SO|V GC 296/23|Wyrok|https://www.saos.org.pl/judgments/510159
495138|2023-09-06|SO|I AGa 88/22|Wyrok|https://www.saos.org.pl/judgments/495138
536849|2023-09-04|SO|I C 564/22|Wyrok|https://www.saos.org.pl/judgments/536849
494887|2023-08-30|SO|I AGa 131/23|Wyrok|https://www.saos.org.pl/judgments/494887
507616|2023-08-19|SO|IV GC 11/23|Uzasadnienie|https://www.saos.org.pl/judgments/507616
507642|2023-08-06|SO|IV GC 301/23|Uzasadnienie|https://www.saos.org.pl/judgments/507642
520617|2023-08-03|SO|V ACa 269/20|Wyrok|https://www.saos.org.pl/judgments/520617
506185|2023-07-24|SO|III Ca 2264/21|Uzasadnienie|https://www.saos.org.pl/judgments/506185
510792|2023-07-20|SO|VI C 696/21|Zarządzenie|https://www.saos.org.pl/judgments/510792
495243|2023-07-13|SO|I C 103/23|Wyrok|https://www.saos.org.pl/judgments/495243
501681|2023-06-05|SO|II Ca 1447/22|Uzasadnienie|https://www.saos.org.pl/judgments/501681
512450|2023-05-31|SO|VIII C 253/21|Wyrok|https://www.saos.org.pl/judgments/512450
495349|2023-05-09|SO|I C 109/22|Wyrok|https://www.saos.org.pl/judgments/495349
528518|2023-04-28|SO|V AGa 444/21|Wyrok|https://www.saos.org.pl/judgments/528518
498327|2023-04-27|SO|I C 481/22|Wyrok|https://www.saos.org.pl/judgments/498327
497871|2023-04-13|SO|I C 373/21|Wyrok|https://www.saos.org.pl/judgments/497871
487555|2023-03-31|SO|XI GC 185/22|Zarządzenie|https://www.saos.org.pl/judgments/487555
512334|2023-03-30|SO|VIII C 1022/20|Wyrok|https://www.saos.org.pl/judgments/512334
485328|2023-03-28|SO|VIII GC 174/20|Uzasadnienie|https://www.saos.org.pl/judgments/485328
521585|2023-03-17|SO|I ACa 1007/21|Wyrok|https://www.saos.org.pl/judgments/521585
484235|2023-03-13|SO|VIII GC 599/20|Uzasadnienie|https://www.saos.org.pl/judgments/484235
524935|2023-03-10|SO|I C 797/22|Wyrok|https://www.saos.org.pl/judgments/524935
492777|2023-03-09|SO|XXV C 836/15|Wyrok|https://www.saos.org.pl/judgments/492777
494866|2023-03-08|SO|I AGa 115/21|Wyrok|https://www.saos.org.pl/judgments/494866
484110|2023-02-23|SO|II Ca 794/22|Wyrok|https://www.saos.org.pl/judgments/484110
486746|2023-01-31|SO|VIII GC 339/18|Uzasadnienie|https://www.saos.org.pl/judgments/486746
490978|2023-01-30|SO|II Ca 11/22|Wyrok|https://www.saos.org.pl/judgments/490978
490848|2023-01-23|SO|I ACa 1294/22|Wyrok|https://www.saos.org.pl/judgments/490848
488622|2023-01-23|SO|X GC 974/22|Zarządzenie|https://www.saos.org.pl/judgments/488622
486427|2023-01-23|SO|I AGa 236/22|Wyrok|https://www.saos.org.pl/judgments/486427
519661|2022-12-09|SO|I C 242/22|Wyrok|https://www.saos.org.pl/judgments/519661
497551|2022-12-09|SO|I C 3160/21|Zarządzenie|https://www.saos.org.pl/judgments/497551
480562|2022-12-06|SO|I C 148/21|Wyrok|https://www.saos.org.pl/judgments/480562
482659|2022-12-02|SO|XI GC 397/21|Zarządzenie|https://www.saos.org.pl/judgments/482659
516488|2022-11-30|SO|I AGa 99/22|Wyrok|https://www.saos.org.pl/judgments/516488
488533|2022-11-21|SO|X GC 667/22|Zarządzenie|https://www.saos.org.pl/judgments/488533
495128|2022-11-17|SO|I AGa 78/22|Wyrok|https://www.saos.org.pl/judgments/495128
479281|2022-11-17|SO|III Ca 41/22|Wyrok|https://www.saos.org.pl/judgments/479281
496171|2022-11-15|SO|I C 16/22|Uzasadnienie|https://www.saos.org.pl/judgments/496171
494979|2022-11-10|SO|I AGa 25/22|Wyrok|https://www.saos.org.pl/judgments/494979
476975|2022-10-31|SO|VIII GC 632/20|Zarządzenie|https://www.saos.org.pl/judgments/476975
512688|2022-10-25|SO|VIII C 970/21|Wyrok|https://www.saos.org.pl/judgments/512688
494902|2022-10-10|SO|I AGa 151/20|Wyrok|https://www.saos.org.pl/judgments/494902
488546|2022-09-26|SO|X GC 686/22|Zarządzenie|https://www.saos.org.pl/judgments/488546
479661|2022-09-21|SO|VI GC 247/21|Wyrok|https://www.saos.org.pl/judgments/479661
495071|2022-09-15|SO|I AGa 37/21|Wyrok|https://www.saos.org.pl/judgments/495071
495105|2022-08-11|SO|I AGa 52/22|Wyrok|https://www.saos.org.pl/judgments/495105
475847|2022-08-01|SO|I C 367/17|Wyrok|https://www.saos.org.pl/judgments/475847
472075|2022-07-27|SO|I AGa 27/21|Wyrok|https://www.saos.org.pl/judgments/472075
492278|2022-07-15|SO|I C 93/21|Wyrok|https://www.saos.org.pl/judgments/492278
475608|2022-06-02|SO|I ACa 980/21|Wyrok|https://www.saos.org.pl/judgments/475608
468527|2022-05-30|SO|III C 107/22|Wyrok|https://www.saos.org.pl/judgments/468527
470299|2022-05-26|SO|VIII GC 207/21|Uzasadnienie|https://www.saos.org.pl/judgments/470299
468976|2022-05-24|SO|XI GC 253/21|Wyrok|https://www.saos.org.pl/judgments/468976
477667|2022-05-20|SO|II Ca 1396/21|Wyrok|https://www.saos.org.pl/judgments/477667
470961|2022-05-19|SO|VIII C 778/21|Wyrok|https://www.saos.org.pl/judgments/470961
471568|2022-05-11|SO|III AUa 759/20|Wyrok|https://www.saos.org.pl/judgments/471568
489601|2022-05-10|SO|V AGa 421/20|Wyrok|https://www.saos.org.pl/judgments/489601
464416|2022-05-06|SO|VIII GC 409/19|Uzasadnienie|https://www.saos.org.pl/judgments/464416
509881|2022-04-28|SO|V AGa 115/21|Wyrok|https://www.saos.org.pl/judgments/509881
494910|2022-04-28|SO|I AGa 159/21|Wyrok|https://www.saos.org.pl/judgments/494910
467303|2022-04-26|SO|XI GC 128/22|Zarządzenie|https://www.saos.org.pl/judgments/467303
465178|2022-04-22|SO|II Ca 1647/21|Wyrok|https://www.saos.org.pl/judgments/465178
491822|2022-04-20|SO|V AGa 43/21|Wyrok|https://www.saos.org.pl/judgments/491822
470055|2022-04-19|SO|VI GC 1099/21|Wyrok|https://www.saos.org.pl/judgments/470055
487686|2022-04-14|SO|VI C 1906/21|Uzasadnienie|https://www.saos.org.pl/judgments/487686
463556|2022-04-14|SO|I C 398/20|Wyrok|https://www.saos.org.pl/judgments/463556
494967|2022-04-11|SO|I AGa 235/21|Wyrok|https://www.saos.org.pl/judgments/494967
470815|2022-04-07|SO|VIII C 914/21|Wyrok|https://www.saos.org.pl/judgments/470815
482854|2022-04-05|SO|I C 195/17|Wyrok|https://www.saos.org.pl/judgments/482854
510861|2022-03-30|SO|VI GC 315/20|Uzasadnienie|https://www.saos.org.pl/judgments/510861
485854|2022-03-29|SO|I AGa 223/21|Wyrok|https://www.saos.org.pl/judgments/485854
462208|2022-03-29|SO|III Ca 61/21|Uzasadnienie|https://www.saos.org.pl/judgments/462208
462052|2022-03-22|SO|I C 736/20|Wyrok|https://www.saos.org.pl/judgments/462052
467970|2022-03-21|SO|III AUa 468/21|Wyrok|https://www.saos.org.pl/judgments/467970
460311|2022-03-18|SO|I C 1186/21|Uzasadnienie|https://www.saos.org.pl/judgments/460311
473982|2022-03-16|SO|V AGa 387/20|Wyrok|https://www.saos.org.pl/judgments/473982
483933|2022-03-07|SO|VIII GC 1502/20|Wyrok|https://www.saos.org.pl/judgments/483933
487814|2022-02-21|SO|V AGa 384/20|Wyrok|https://www.saos.org.pl/judgments/487814
495656|2022-02-14|SO|I C 1255/21|Wyrok|https://www.saos.org.pl/judgments/495656
461097|2022-02-14|SO|VIII GC 572/13|Uzasadnienie|https://www.saos.org.pl/judgments/461097
467652|2022-02-11|SO|VIII GC 621/21|Wyrok|https://www.saos.org.pl/judgments/467652
459460|2022-02-08|SO|I Ns 534/19|Postanowienie|https://www.saos.org.pl/judgments/459460
527297|2022-01-28|SO|I AGa 162/21|Wyrok|https://www.saos.org.pl/judgments/527297
480265|2022-01-05|SO|VII AGa 698/20|Wyrok|https://www.saos.org.pl/judgments/480265
465029|2022-01-03|SO|X GC 289/19|Uzasadnienie|https://www.saos.org.pl/judgments/465029
475598|2021-12-31|SO|I ACa 639/21|Wyrok|https://www.saos.org.pl/judgments/475598
460788|2021-12-24|SO|III Ca 1574/20|Uzasadnienie|https://www.saos.org.pl/judgments/460788
460830|2021-12-03|SO|III Ca 1879/20|Uzasadnienie|https://www.saos.org.pl/judgments/460830
509887|2021-11-29|SO|V AGa 154/18|Wyrok|https://www.saos.org.pl/judgments/509887
462529|2021-11-24|SO|I ACa 333/21|Wyrok|https://www.saos.org.pl/judgments/462529
488620|2021-11-18|SO|X GC 970/18|Zarządzenie|https://www.saos.org.pl/judgments/488620
453233|2021-11-18|SO|XI GC 1636/19|Zarządzenie|https://www.saos.org.pl/judgments/453233
488399|2021-11-10|SO|X GC 165/20|Zarządzenie|https://www.saos.org.pl/judgments/488399
461972|2021-11-10|SO|XXV C 3/13|Wyrok|https://www.saos.org.pl/judgments/461972
512785|2021-10-29|SO|VIII GC 346/20|Uzasadnienie|https://www.saos.org.pl/judgments/512785
461771|2021-10-24|SO|I C 193/21|Wyrok|https://www.saos.org.pl/judgments/461771
498664|2021-10-12|SO|I C 564/18|Wyrok|https://www.saos.org.pl/judgments/498664
450737|2021-09-23|SO|VIII C 2105/18|Wyrok|https://www.saos.org.pl/judgments/450737
472850|2021-09-22|SO|X C 379/21|Wyrok|https://www.saos.org.pl/judgments/472850
447524|2021-09-10|SO|I ACa 3/21|Wyrok|https://www.saos.org.pl/judgments/447524
451706|2021-09-08|SO|I AGa 354/20|Wyrok|https://www.saos.org.pl/judgments/451706
452693|2021-08-18|SO|III AUa 1581/19|Wyrok|https://www.saos.org.pl/judgments/452693
446889|2021-08-18|SO|III AUa 161/21|Wyrok|https://www.saos.org.pl/judgments/446889
494983|2021-07-30|SO|I AGa 252/19|Wyrok|https://www.saos.org.pl/judgments/494983
450070|2021-07-29|SO|VI ACa 642/20|Wyrok|https://www.saos.org.pl/judgments/450070
477299|2021-07-23|SO|I ACa 322/21|Wyrok|https://www.saos.org.pl/judgments/477299
446044|2021-07-23|SO|XI GC 272/19|Zarządzenie|https://www.saos.org.pl/judgments/446044
467901|2021-07-13|SO|III AUa 958/19|Wyrok|https://www.saos.org.pl/judgments/467901
446850|2021-07-08|SO|I AGa 410/18|Wyrok|https://www.saos.org.pl/judgments/446850
450224|2021-07-06|SO|I C 2411/20|Wyrok|https://www.saos.org.pl/judgments/450224
443631|2021-06-23|SO|I Ca 147/21|Wyrok|https://www.saos.org.pl/judgments/443631
443632|2021-06-22|SO|I Ca 214/21|Wyrok|https://www.saos.org.pl/judgments/443632
443669|2021-06-14|SO|XI GC 850/20|Zarządzenie|https://www.saos.org.pl/judgments/443669
442651|2021-05-31|SO|I AGa 40/20|Wyrok|https://www.saos.org.pl/judgments/442651
442650|2021-05-31|SO|I AGa 38/20|Wyrok|https://www.saos.org.pl/judgments/442650
445169|2021-05-26|SO|VIII GC 748/20|Wyrok|https://www.saos.org.pl/judgments/445169
461564|2021-05-21|SO|VIII GC 26/19|Wyrok|https://www.saos.org.pl/judgments/461564
440092|2021-05-06|SO|XXIII Ga 978/20|Wyrok|https://www.saos.org.pl/judgments/440092
439756|2021-04-16|SO|XI GC 1676/19|Zarządzenie|https://www.saos.org.pl/judgments/439756
438869|2021-03-23|SO|I C 692/15|Wyrok|https://www.saos.org.pl/judgments/438869
464636|2021-03-18|SO|I ACa 391/20|Wyrok|https://www.saos.org.pl/judgments/464636
438110|2021-03-10|SO|I AGa 213/19|Wyrok|https://www.saos.org.pl/judgments/438110
436293|2021-02-22|SO|I AGa 142/20|Wyrok|https://www.saos.org.pl/judgments/436293
442392|2021-02-17|SO|I AGa 226/19|Wyrok|https://www.saos.org.pl/judgments/442392
435512|2021-02-17|SO|I ACa 583/19|Wyrok|https://www.saos.org.pl/judgments/435512
439719|2021-02-11|SO|V AGa 49/20|Wyrok|https://www.saos.org.pl/judgments/439719
462996|2021-02-08|SO|I C 893/17|Wyrok|https://www.saos.org.pl/judgments/462996
443033|2021-02-01|SO|XXV C 440/17|Wyrok|https://www.saos.org.pl/judgments/443033
457726|2021-01-27|SO|VI ACa 252/20|Wyrok|https://www.saos.org.pl/judgments/457726
479090|2021-01-18|SO|VI GC 415/20|Wyrok|https://www.saos.org.pl/judgments/479090
433383|2021-01-07|SO|I AGa 64/20|Wyrok|https://www.saos.org.pl/judgments/433383
433090|2020-12-17|SO|I AGa 240/19|Wyrok|https://www.saos.org.pl/judgments/433090
528793|2020-12-15|SO|I C 184/18|Wyrok|https://www.saos.org.pl/judgments/528793
464001|2020-12-15|SO|III AUa 1738/20|Wyrok|https://www.saos.org.pl/judgments/464001
439386|2020-12-14|SO|X GC 809/17|Uzasadnienie|https://www.saos.org.pl/judgments/439386
427182|2020-12-11|SO|XIII Ga 1552/19|Uzasadnienie|https://www.saos.org.pl/judgments/427182
435124|2020-12-04|SO|I AGa 237/19|Wyrok|https://www.saos.org.pl/judgments/435124
439369|2020-12-01|SO|X GC 551/17|Uzasadnienie|https://www.saos.org.pl/judgments/439369
428910|2020-12-01|SO|I AGa 105/19|Wyrok|https://www.saos.org.pl/judgments/428910
468127|2020-11-26|SO|VIII GC 242/19|Uzasadnienie|https://www.saos.org.pl/judgments/468127
425436|2020-11-26|SO|VIII GC 552/18|Uzasadnienie|https://www.saos.org.pl/judgments/425436
424699|2020-11-05|SO|I C 764/18|Wyrok|https://www.saos.org.pl/judgments/424699
433093|2020-11-04|SO|I AGa 250/19|Wyrok|https://www.saos.org.pl/judgments/433093
430251|2020-10-29|SO|I AGa 91/19|Wyrok|https://www.saos.org.pl/judgments/430251
425934|2020-10-27|SO|VIII C 239/18|Wyrok|https://www.saos.org.pl/judgments/425934
424262|2020-10-20|SO|IV U 2237/19|Wyrok|https://www.saos.org.pl/judgments/424262
429260|2020-10-08|SO|VI Ga 451/18|Wyrok|https://www.saos.org.pl/judgments/429260
437725|2020-09-23|SO|III Ca 135/20|Uzasadnienie|https://www.saos.org.pl/judgments/437725
426257|2020-09-18|SO|I C 1738/19|Zarządzenie|https://www.saos.org.pl/judgments/426257
474078|2020-09-03|SO|III AUa 216/19|Wyrok|https://www.saos.org.pl/judgments/474078
431249|2020-08-26|SO|I1 C 847/18|Wyrok|https://www.saos.org.pl/judgments/431249
454268|2020-08-20|SO|I C 886/16|Wyrok|https://www.saos.org.pl/judgments/454268
425981|2020-08-19|SO|VIII C 656/19|Wyrok|https://www.saos.org.pl/judgments/425981
478484|2020-08-04|SO|I C 428/17|Uzasadnienie|https://www.saos.org.pl/judgments/478484
436859|2020-07-15|SO|XX GCo 148/20|Postanowienie|https://www.saos.org.pl/judgments/436859
452275|2020-07-09|SO|V AGa 34/18|Wyrok|https://www.saos.org.pl/judgments/452275
435542|2020-06-30|SO|I AGa 77/19|Wyrok|https://www.saos.org.pl/judgments/435542
482284|2020-06-17|SO|I C 2787/19|Wyrok|https://www.saos.org.pl/judgments/482284
422624|2020-06-05|SO|III Ca 1153/19|Wyrok|https://www.saos.org.pl/judgments/422624
428600|2020-04-29|SO|I AGa 17/20|Wyrok|https://www.saos.org.pl/judgments/428600
411225|2020-04-16|SO|I Ca 60/20|Wyrok|https://www.saos.org.pl/judgments/411225
428599|2020-03-25|SO|I AGa 15/20|Wyrok|https://www.saos.org.pl/judgments/428599
415130|2020-03-20|SO|I AGa 140/18|Wyrok|https://www.saos.org.pl/judgments/415130
461566|2020-03-17|SO|VIII GC 306/18|Uzasadnienie|https://www.saos.org.pl/judgments/461566
530043|2020-03-05|SO|I ACa 609/19|Wyrok|https://www.saos.org.pl/judgments/530043
441282|2020-03-04|SO|VIII GC 1000/18|Wyrok|https://www.saos.org.pl/judgments/441282
432475|2020-03-04|SO|VI GC 1313/19|Wyrok|https://www.saos.org.pl/judgments/432475
407753|2020-03-03|SO|IX C 1215/18|Zarządzenie|https://www.saos.org.pl/judgments/407753
488519|2020-02-28|SO|X GC 563/16|Zarządzenie|https://www.saos.org.pl/judgments/488519
465042|2020-02-25|SO|I ACa 747/19|Wyrok|https://www.saos.org.pl/judgments/465042
423093|2020-02-17|SO|I C 1191/19|Wyrok|https://www.saos.org.pl/judgments/423093
418973|2020-02-12|SO|I AGa 271/19|Wyrok|https://www.saos.org.pl/judgments/418973
410011|2020-02-06|SO|I C 1515/18|Wyrok|https://www.saos.org.pl/judgments/410011
422826|2020-02-04|SO|III Ca 1503/19|Wyrok|https://www.saos.org.pl/judgments/422826
425734|2020-02-03|SO|VII AGa 1901/18|Wyrok|https://www.saos.org.pl/judgments/425734
404788|2020-01-16|SO|IV U 376/19|Wyrok|https://www.saos.org.pl/judgments/404788
420014|2020-01-14|SO|III Ca 959/19|Uzasadnienie|https://www.saos.org.pl/judgments/420014
405816|2019-12-30|SO|VII AGa 123/19|Wyrok|https://www.saos.org.pl/judgments/405816
429773|2019-12-23|SO|I AGa 58/19|Wyrok|https://www.saos.org.pl/judgments/429773
405932|2019-12-18|SO|VIII GC 2331/19|Wyrok|https://www.saos.org.pl/judgments/405932
412664|2019-12-12|SO|III AUa 297/19|Wyrok|https://www.saos.org.pl/judgments/412664
418952|2019-12-05|SO|VI ACa 984/17|Wyrok|https://www.saos.org.pl/judgments/418952
412673|2019-12-03|SO|III AUa 99/19|Wyrok|https://www.saos.org.pl/judgments/412673
417695|2019-11-26|SO|I AGa 13/19|Wyrok|https://www.saos.org.pl/judgments/417695
451170|2019-11-20|SO|IX GC 1305/17|Uzasadnienie|https://www.saos.org.pl/judgments/451170
397527|2019-11-15|SO|XIV C 150/19|Wyrok|https://www.saos.org.pl/judgments/397527
429612|2019-10-30|SO|I AGa 361/18|Wyrok|https://www.saos.org.pl/judgments/429612
408161|2019-10-25|SO|I ACa 506/19|Wyrok|https://www.saos.org.pl/judgments/408161
402314|2019-10-16|SO|I AGa 12/19|Wyrok|https://www.saos.org.pl/judgments/402314
399859|2019-10-16|SO|III Ca 1678/18|Wyrok|https://www.saos.org.pl/judgments/399859
398685|2019-10-11|SO|VIII C 967/17|Wyrok|https://www.saos.org.pl/judgments/398685
393652|2019-09-24|SO|I AGa 40/19|Wyrok|https://www.saos.org.pl/judgments/393652
398835|2019-09-17|SO|I Ca 341/19|Wyrok|https://www.saos.org.pl/judgments/398835
429064|2019-09-13|SO|I C 1084/18|Wyrok|https://www.saos.org.pl/judgments/429064
398246|2019-09-10|SO|I ACa 664/18|Wyrok|https://www.saos.org.pl/judgments/398246
425186|2019-08-20|SO|I C 926/15|Wyrok|https://www.saos.org.pl/judgments/425186
395867|2019-08-16|SO|III Ca 604/19|Uzasadnienie|https://www.saos.org.pl/judgments/395867
390377|2019-07-18|SO|VIII GC 516/16|Uzasadnienie|https://www.saos.org.pl/judgments/390377
408121|2019-07-11|SO|V AGa 14/19|Wyrok|https://www.saos.org.pl/judgments/408121
391823|2019-07-10|SO|I ACa 565/18|Wyrok|https://www.saos.org.pl/judgments/391823
447457|2019-07-04|SO|I ACa 15/19|Wyrok|https://www.saos.org.pl/judgments/447457
397912|2019-07-03|SO|I C 376/12|Uzasadnienie|https://www.saos.org.pl/judgments/397912
385461|2019-06-30|SO|VIII GC 484/18|Uzasadnienie|https://www.saos.org.pl/judgments/385461
391361|2019-06-18|SO|I AGa 186/18|Wyrok|https://www.saos.org.pl/judgments/391361
402039|2019-06-14|SO|I AGa 452/18|Wyrok|https://www.saos.org.pl/judgments/402039
406445|2019-06-13|SO|I AGa 516/18|Wyrok|https://www.saos.org.pl/judgments/406445
385475|2019-06-13|SO|VIII GC 97/17|Zarządzenie|https://www.saos.org.pl/judgments/385475
395386|2019-06-12|SO|I1 C 3536/18|Wyrok|https://www.saos.org.pl/judgments/395386
488606|2019-06-07|SO|X GC 915/18|Zarządzenie|https://www.saos.org.pl/judgments/488606
391926|2019-06-06|SO|XV C 961/18|Wyrok|https://www.saos.org.pl/judgments/391926
385455|2019-06-06|SO|VIII GC 273/18|Uzasadnienie|https://www.saos.org.pl/judgments/385455
458772|2019-05-21|SO|III AUa 1587/18|Wyrok|https://www.saos.org.pl/judgments/458772
409932|2019-05-10|SO|I1 C 908/18|Wyrok|https://www.saos.org.pl/judgments/409932
389847|2019-05-09|SO|I AGa 192/18|Wyrok|https://www.saos.org.pl/judgments/389847
414770|2019-05-08|SO|XIII GC 684/19|Wyrok|https://www.saos.org.pl/judgments/414770
380293|2019-04-15|SO|VIII GC 247/18|Uzasadnienie|https://www.saos.org.pl/judgments/380293
410000|2019-04-11|SO|XXVI GC 889/15|Wyrok|https://www.saos.org.pl/judgments/410000
385622|2019-04-05|SO|I ACa 744/18|Wyrok|https://www.saos.org.pl/judgments/385622
402161|2019-03-29|SO|I AGa 401/18|Wyrok|https://www.saos.org.pl/judgments/402161
417406|2019-03-28|SO|I C 135/18|Wyrok|https://www.saos.org.pl/judgments/417406
438111|2019-03-26|SO|I AGa 246/18|Wyrok|https://www.saos.org.pl/judgments/438111
438721|2019-03-21|SO|VII GC 215/17|Wyrok|https://www.saos.org.pl/judgments/438721
412825|2019-03-13|SO|I AGa 371/18|Wyrok|https://www.saos.org.pl/judgments/412825
385401|2019-03-11|SO|III Ca 2018/18|Uzasadnienie|https://www.saos.org.pl/judgments/385401
375263|2019-03-11|SO|I C 531/18|Wyrok|https://www.saos.org.pl/judgments/375263
376673|2019-03-07|SO|I AGa 229/18|Wyrok|https://www.saos.org.pl/judgments/376673
387216|2019-03-06|SO|I1 C 141/18|Wyrok|https://www.saos.org.pl/judgments/387216
399013|2019-02-28|SO|III AUa 541/18|Wyrok|https://www.saos.org.pl/judgments/399013
440540|2019-02-27|SO|I AGa 424/18|Wyrok|https://www.saos.org.pl/judgments/440540
384264|2019-02-26|SO|III Ca 1970/18|Uzasadnienie|https://www.saos.org.pl/judgments/384264
376942|2019-02-25|SO|I C 1874/18|Wyrok|https://www.saos.org.pl/judgments/376942
389342|2019-02-18|SO|II Ca 1513/18|Uzasadnienie|https://www.saos.org.pl/judgments/389342
377192|2019-02-11|SO|I C 495/18|Wyrok|https://www.saos.org.pl/judgments/377192
370610|2019-02-11|SO|VIII GC 527/17|Zarządzenie|https://www.saos.org.pl/judgments/370610
374273|2019-02-08|SO|VIII C 1120/15|Wyrok|https://www.saos.org.pl/judgments/374273
370582|2019-02-06|SO|VI Ga 215/18|Wyrok|https://www.saos.org.pl/judgments/370582
395110|2019-01-31|SO|I AGa 270/18|Wyrok|https://www.saos.org.pl/judgments/395110
388871|2019-01-30|SO|I C 63/17|Wyrok|https://www.saos.org.pl/judgments/388871
367716|2019-01-24|SO|XIII Ga 1236/18|Uzasadnienie|https://www.saos.org.pl/judgments/367716
379753|2019-01-14|SO|V AGa 138/18|Wyrok|https://www.saos.org.pl/judgments/379753
395941|2019-01-08|SO|I ACa 320/18|Wyrok|https://www.saos.org.pl/judgments/395941
369555|2019-01-08|SO|III AUa 787/18|Wyrok|https://www.saos.org.pl/judgments/369555
365029|2018-12-28|SO|VIII GC 235/14|Zarządzenie|https://www.saos.org.pl/judgments/365029
373388|2018-12-27|SO|III Ca 1268/18|Uzasadnienie|https://www.saos.org.pl/judgments/373388
425653|2018-12-18|SO|I C 396/15|Wyrok|https://www.saos.org.pl/judgments/425653
389403|2018-12-11|SO|III AUa 382/18|Wyrok|https://www.saos.org.pl/judgments/389403
370159|2018-12-11|SO|I AGa 178/18|Wyrok|https://www.saos.org.pl/judgments/370159
388015|2018-12-05|SO|V GC 1430/16|Wyrok|https://www.saos.org.pl/judgments/388015
388090|2018-11-30|SO|I AGa 246/18|Wyrok|https://www.saos.org.pl/judgments/388090
363301|2018-11-28|SO|XIII Ga 747/18|Uzasadnienie|https://www.saos.org.pl/judgments/363301
525066|2018-11-23|SO|X Ka 851/18|Wyrok|https://www.saos.org.pl/judgments/525066
371979|2018-11-19|SO|I AGa 116/18|Wyrok|https://www.saos.org.pl/judgments/371979
413339|2018-11-16|SO|V AGa 277/18|Wyrok|https://www.saos.org.pl/judgments/413339
395382|2018-11-16|SO|I1 C 1486/18|Wyrok|https://www.saos.org.pl/judgments/395382
372283|2018-11-16|SO|III AUa 71/17|Wyrok|https://www.saos.org.pl/judgments/372283
454469|2018-11-14|SO|III AUa 417/18|Wyrok|https://www.saos.org.pl/judgments/454469
365180|2018-11-14|SO|II C 132/15|Wyrok|https://www.saos.org.pl/judgments/365180
363066|2018-11-13|SO|XI GC 426/17|Zarządzenie|https://www.saos.org.pl/judgments/363066
388676|2018-11-09|SO|I C 1075/16|Wyrok|https://www.saos.org.pl/judgments/388676
364895|2018-11-09|SO|VIII Ga 460/18|Zarządzenie|https://www.saos.org.pl/judgments/364895
390451|2018-11-08|SO|VII AGa 1073/18|Wyrok|https://www.saos.org.pl/judgments/390451
364892|2018-11-08|SO|VIII Ga 443/18|Zarządzenie|https://www.saos.org.pl/judgments/364892
402030|2018-11-07|SO|I AGa 167/18|Wyrok|https://www.saos.org.pl/judgments/402030
363333|2018-11-05|SO|I C 390/12|Wyrok|https://www.saos.org.pl/judgments/363333
360579|2018-10-30|SO|XII C 1575/13|Wyrok|https://www.saos.org.pl/judgments/360579
366768|2018-10-25|SO|III AUa 555/18|Wyrok|https://www.saos.org.pl/judgments/366768
360574|2018-10-24|SO|VIII U 846/16|Zarządzenie|https://www.saos.org.pl/judgments/360574
371352|2018-10-16|SO|I AGa 233/18|Wyrok|https://www.saos.org.pl/judgments/371352
363402|2018-10-15|SO|II Ca 33/18|Zarządzenie|https://www.saos.org.pl/judgments/363402
384177|2018-10-12|SO|II Ca 255/18|Zarządzenie|https://www.saos.org.pl/judgments/384177
362090|2018-10-04|SO|I AGa 161/18|Wyrok|https://www.saos.org.pl/judgments/362090
452695|2018-10-03|SO|III AUa 188/18|Wyrok|https://www.saos.org.pl/judgments/452695
372970|2018-09-25|SO|V ACa 618/17|Wyrok|https://www.saos.org.pl/judgments/372970
358604|2018-09-24|SO|VIII GC 69/15|Uzasadnienie|https://www.saos.org.pl/judgments/358604
409570|2018-09-21|SO|I C 834/17|Wyrok|https://www.saos.org.pl/judgments/409570
356805|2018-09-17|SO|VI U 693/17|Wyrok|https://www.saos.org.pl/judgments/356805
360610|2018-09-13|SO|I AGa 159/18|Wyrok|https://www.saos.org.pl/judgments/360610
367538|2018-08-14|SO|VI GC 166/16|Wyrok|https://www.saos.org.pl/judgments/367538
355719|2018-07-18|SO|III AUa 412/17|Wyrok|https://www.saos.org.pl/judgments/355719
352096|2018-07-13|SO|III Ca 435/18|Uzasadnienie|https://www.saos.org.pl/judgments/352096
350043|2018-07-13|SO|VIII Ga 292/18|Zarządzenie|https://www.saos.org.pl/judgments/350043
361299|2018-07-11|SO|III C 18/17|Wyrok|https://www.saos.org.pl/judgments/361299
351524|2018-07-03|SO|I C 1296/14|Wyrok|https://www.saos.org.pl/judgments/351524
354945|2018-06-28|SO|III AUa 133/18|Wyrok|https://www.saos.org.pl/judgments/354945
369075|2018-06-27|SO|VI ACa 1879/16|Wyrok|https://www.saos.org.pl/judgments/369075
346935|2018-06-27|SO|V ACa 1302/17|Wyrok|https://www.saos.org.pl/judgments/346935
351344|2018-06-26|SO|II C 834/10|Uzasadnienie|https://www.saos.org.pl/judgments/351344
351966|2018-06-20|SO|I AGa 101/18|Wyrok|https://www.saos.org.pl/judgments/351966
367572|2018-06-18|SO|X GC 902/16|Wyrok|https://www.saos.org.pl/judgments/367572
349981|2018-06-14|SO|III AUa 314/17|Wyrok|https://www.saos.org.pl/judgments/349981
375551|2018-06-11|SO|V GC 571/17|Wyrok|https://www.saos.org.pl/judgments/375551
362493|2018-06-07|SO|III AUa 136/17|Wyrok|https://www.saos.org.pl/judgments/362493
379820|2018-05-30|SO|V GC 387/18|Wyrok|https://www.saos.org.pl/judgments/379820
365321|2018-05-24|SO|V GC 416/17|Wyrok|https://www.saos.org.pl/judgments/365321
342812|2018-05-23|SO|VIII C 1794/16|Wyrok|https://www.saos.org.pl/judgments/342812
340019|2018-05-21|SO|XIII Ga 1085/17|Uzasadnienie|https://www.saos.org.pl/judgments/340019
355714|2018-05-10|SO|III AUa 280/17|Wyrok|https://www.saos.org.pl/judgments/355714
352380|2018-04-26|SO|III AUa 700/17|Wyrok|https://www.saos.org.pl/judgments/352380
378573|2018-04-24|SO|III AUa 503/17|Wyrok|https://www.saos.org.pl/judgments/378573
344527|2018-04-24|SO|II Ca 1214/17|Wyrok|https://www.saos.org.pl/judgments/344527
338823|2018-04-23|SO|II C 594/17|Wyrok|https://www.saos.org.pl/judgments/338823
358208|2018-04-20|SO|I ACa 1301/17|Wyrok|https://www.saos.org.pl/judgments/358208
342613|2018-04-19|SO|VIII C 1317/17|Wyrok|https://www.saos.org.pl/judgments/342613
350350|2018-04-16|SO|III Ca 59/18|Uzasadnienie|https://www.saos.org.pl/judgments/350350
408398|2018-04-11|SO|III AUa 27/18|Wyrok|https://www.saos.org.pl/judgments/408398
348438|2018-04-05|SO|VIII Pa 115/17|Wyrok|https://www.saos.org.pl/judgments/348438
339294|2018-04-05|SO|I C 3117/17|Uzasadnienie|https://www.saos.org.pl/judgments/339294
341211|2018-03-30|SO|VIII Ga 29/18|Zarządzenie|https://www.saos.org.pl/judgments/341211
336945|2018-03-30|SO|V Ga 7/18|Wyrok|https://www.saos.org.pl/judgments/336945
343797|2018-03-29|SO|VII AGa 846/18|Wyrok|https://www.saos.org.pl/judgments/343797
340565|2018-03-29|SO|VIII GC 103/18|Wyrok|https://www.saos.org.pl/judgments/340565
340012|2018-03-27|SO|VII AGa 848/18|Wyrok|https://www.saos.org.pl/judgments/340012
344825|2018-03-21|SO|VI GC 64/16|Wyrok|https://www.saos.org.pl/judgments/344825
360366|2018-03-20|SO|III AUa 337/17|Wyrok|https://www.saos.org.pl/judgments/360366
335129|2018-03-20|SO|XI GC 821/15|Wyrok|https://www.saos.org.pl/judgments/335129
516832|2018-03-19|SO|II Ca 25/18|Wyrok|https://www.saos.org.pl/judgments/516832
348820|2018-03-19|SO|III Ca 1854/17|Uzasadnienie|https://www.saos.org.pl/judgments/348820
348751|2018-03-19|SO|IV U 542/17|Wyrok|https://www.saos.org.pl/judgments/348751
334508|2018-03-15|SO|VIII C 1379/17|Wyrok|https://www.saos.org.pl/judgments/334508
340727|2018-03-13|SO|III AUa 939/16|Wyrok|https://www.saos.org.pl/judgments/340727
364734|2018-03-12|SO|VI ACa 1250/16|Wyrok|https://www.saos.org.pl/judgments/364734
341631|2018-03-07|SO|V ACa 555/17|Wyrok|https://www.saos.org.pl/judgments/341631
422365|2018-02-23|SO|III C 1349/17|Wyrok|https://www.saos.org.pl/judgments/422365
339337|2018-02-21|SO|III AUa 730/17|Wyrok|https://www.saos.org.pl/judgments/339337
332743|2018-02-20|SO|II Ca 926/17|Wyrok|https://www.saos.org.pl/judgments/332743
516839|2018-02-19|SO|II Ca 57/18|Wyrok|https://www.saos.org.pl/judgments/516839
334380|2018-02-19|SO|I C 3135/16|Wyrok|https://www.saos.org.pl/judgments/334380
342964|2018-02-15|SO|VIII Pa 182/17|Wyrok|https://www.saos.org.pl/judgments/342964
336367|2018-02-15|SO|I C 60/15|Uzasadnienie|https://www.saos.org.pl/judgments/336367
350661|2018-02-12|SO|IX GC 656/14|Uzasadnienie|https://www.saos.org.pl/judgments/350661
337483|2018-02-12|SO|X GC 2794/17|Wyrok|https://www.saos.org.pl/judgments/337483
350628|2018-02-08|SO|IX Ga 378/17|Wyrok|https://www.saos.org.pl/judgments/350628
337058|2018-02-08|SO|III AUa 655/17|Wyrok|https://www.saos.org.pl/judgments/337058
332507|2018-02-07|SO|VI Ga 20/18|Wyrok|https://www.saos.org.pl/judgments/332507
331013|2018-02-01|SO|III AUa 912/16|Wyrok|https://www.saos.org.pl/judgments/331013
354174|2018-01-29|KIO|KIO 70/18|Wyrok|https://www.saos.org.pl/judgments/354174
326257|2018-01-25|SO|III AUa 925/16|Postanowienie|https://www.saos.org.pl/judgments/326257
333805|2018-01-22|SO|I C 526/17|Uzasadnienie|https://www.saos.org.pl/judgments/333805
331324|2018-01-18|SO|I AGa 19/18|Wyrok|https://www.saos.org.pl/judgments/331324
435225|2018-01-16|SO|III U 452/17|Wyrok|https://www.saos.org.pl/judgments/435225
329051|2018-01-12|SO|VIII Ga 521/17|Wyrok|https://www.saos.org.pl/judgments/329051
475696|2018-01-11|SO|I ACa 339/17|Wyrok|https://www.saos.org.pl/judgments/475696
339852|2018-01-11|SO|III AUa 123/17|Wyrok|https://www.saos.org.pl/judgments/339852
334858|2018-01-11|SO|III AUa 133/17|Wyrok|https://www.saos.org.pl/judgments/334858
336233|2018-01-08|SO|VII AGa 778/18|Wyrok|https://www.saos.org.pl/judgments/336233
342824|2018-01-02|SO|XVIII C 1041/17|Wyrok|https://www.saos.org.pl/judgments/342824
335808|2017-12-19|SO|III AUa 131/17|Wyrok|https://www.saos.org.pl/judgments/335808
326750|2017-12-19|SO|V ACa 941/17|Wyrok|https://www.saos.org.pl/judgments/326750
527493|2017-12-18|SO|XII Ga 62/17|Wyrok|https://www.saos.org.pl/judgments/527493
336528|2017-12-18|SO|I C 411/16|Wyrok|https://www.saos.org.pl/judgments/336528
320654|2017-12-15|SO|V ACa 120/17|Wyrok|https://www.saos.org.pl/judgments/320654
335819|2017-12-14|SO|III AUa 785/16|Wyrok|https://www.saos.org.pl/judgments/335819
324664|2017-12-14|SO|III AUa 480/17|Wyrok|https://www.saos.org.pl/judgments/324664
360294|2017-12-13|SO|II Ca 824/17|Wyrok|https://www.saos.org.pl/judgments/360294
321044|2017-12-13|SO|VII U 3821/17|Wyrok|https://www.saos.org.pl/judgments/321044
320822|2017-12-13|SO|III AUa 465/17|Wyrok|https://www.saos.org.pl/judgments/320822
328718|2017-12-08|SO|I ACa 540/17|Wyrok|https://www.saos.org.pl/judgments/328718
331387|2017-12-07|SO|III AUa 405/17|Wyrok|https://www.saos.org.pl/judgments/331387
331945|2017-12-06|SO|I ACa 1156/17|Wyrok|https://www.saos.org.pl/judgments/331945
320273|2017-12-05|SO|III AUa 423/17|Wyrok|https://www.saos.org.pl/judgments/320273
325265|2017-12-01|SO|III Ca 1673/16|Uzasadnienie|https://www.saos.org.pl/judgments/325265
329713|2017-11-28|SO|I C 1404/15|Wyrok|https://www.saos.org.pl/judgments/329713
335317|2017-11-22|SO|XII Ga 672/17|Uzasadnienie|https://www.saos.org.pl/judgments/335317
331518|2017-11-22|SO|I ACa 619/16|Wyrok|https://www.saos.org.pl/judgments/331518
316257|2017-11-21|SO|II C 1431/17|Wyrok|https://www.saos.org.pl/judgments/316257
331957|2017-11-14|SO|I ACa 325/17|Wyrok|https://www.saos.org.pl/judgments/331957
371202|2017-11-13|SO|I C 889/17|Wyrok|https://www.saos.org.pl/judgments/371202
332772|2017-11-07|SO|III AUa 180/17|Wyrok|https://www.saos.org.pl/judgments/332772
318493|2017-11-07|SO|VI GC 846/16|Wyrok|https://www.saos.org.pl/judgments/318493
330220|2017-10-30|SO|I ACa 614/16|Wyrok|https://www.saos.org.pl/judgments/330220
321041|2017-10-30|SO|VII U 3321/17|Wyrok|https://www.saos.org.pl/judgments/321041
318296|2017-10-30|SO|I ACa 741/16|Wyrok|https://www.saos.org.pl/judgments/318296
322170|2017-10-27|SO|VIII C 1460/15|Wyrok|https://www.saos.org.pl/judgments/322170
330082|2017-10-25|SO|I ACa 573/17|Wyrok|https://www.saos.org.pl/judgments/330082
311053|2017-10-20|SO|V GC 506/17|Wyrok|https://www.saos.org.pl/judgments/311053
313405|2017-10-19|SO|V ACa 19/17|Wyrok|https://www.saos.org.pl/judgments/313405
334490|2017-10-13|SO|VII ACa 863/17|Wyrok|https://www.saos.org.pl/judgments/334490
443331|2017-10-12|SO|III AUa 1892/16|Wyrok|https://www.saos.org.pl/judgments/443331
330711|2017-10-12|SO|I ACa 366/17|Wyrok|https://www.saos.org.pl/judgments/330711
327285|2017-10-05|SO|V ACa 380/16|Wyrok|https://www.saos.org.pl/judgments/327285
318888|2017-09-29|SO|I C 1165/16|Wyrok|https://www.saos.org.pl/judgments/318888
307589|2017-09-29|SO|XI GC 463/15|Wyrok|https://www.saos.org.pl/judgments/307589
332074|2017-09-27|SO|II Ca 1242/17|Wyrok|https://www.saos.org.pl/judgments/332074
306110|2017-09-27|SO|IV U 756/17|Wyrok|https://www.saos.org.pl/judgments/306110
329697|2017-09-21|SO|I ACa 40/17|Wyrok|https://www.saos.org.pl/judgments/329697
307920|2017-09-21|SO|VIII C 998/14|Wyrok|https://www.saos.org.pl/judgments/307920
405993|2017-09-19|SO|XVIII C 805/17|Wyrok|https://www.saos.org.pl/judgments/405993
341966|2017-09-18|SO|V GC 837/16|Wyrok|https://www.saos.org.pl/judgments/341966
315279|2017-09-15|SO|I C 1646/15|Wyrok|https://www.saos.org.pl/judgments/315279
323324|2017-09-07|SO|I ACa 1080/16|Wyrok|https://www.saos.org.pl/judgments/323324
307303|2017-09-05|SO|I ACa 128/17|Wyrok|https://www.saos.org.pl/judgments/307303
306427|2017-09-04|SO|VI GC 1644/14|Wyrok|https://www.saos.org.pl/judgments/306427
310361|2017-08-30|SO|VI ACa 663/16|Wyrok|https://www.saos.org.pl/judgments/310361
306227|2017-08-30|SO|V ACa 794/16|Wyrok|https://www.saos.org.pl/judgments/306227
304331|2017-08-23|SO|I ACa 232/17|Wyrok|https://www.saos.org.pl/judgments/304331
306799|2017-08-18|SO|VIII GC 87/17|Wyrok|https://www.saos.org.pl/judgments/306799
305683|2017-08-11|SO|III AUa 745/16|Wyrok|https://www.saos.org.pl/judgments/305683
299004|2017-08-09|SO|IV U 803/17|Wyrok|https://www.saos.org.pl/judgments/299004
336273|2017-08-08|SO|I ACa 362/17|Wyrok|https://www.saos.org.pl/judgments/336273
303485|2017-07-28|SO|III Ca 541/17|Uzasadnienie|https://www.saos.org.pl/judgments/303485
304155|2017-07-27|SO|X GC 931/17|Wyrok|https://www.saos.org.pl/judgments/304155
309561|2017-07-12|SO|III AUa 730/16|Wyrok|https://www.saos.org.pl/judgments/309561
300978|2017-07-10|SO|V ACa 373/17|Wyrok|https://www.saos.org.pl/judgments/300978
299081|2017-07-03|SO|VIII C 2230/14|Wyrok|https://www.saos.org.pl/judgments/299081
317864|2017-06-29|SO|X GC 977/15|Uzasadnienie|https://www.saos.org.pl/judgments/317864
317829|2017-06-27|SO|X GC 1202/15|Zarządzenie|https://www.saos.org.pl/judgments/317829
304089|2017-06-22|SO|VI ACa 442/16|Wyrok|https://www.saos.org.pl/judgments/304089
325033|2017-06-14|SO|I ACa 380/17|Wyrok|https://www.saos.org.pl/judgments/325033
313067|2017-06-14|SO|I ACa 205/17|Wyrok|https://www.saos.org.pl/judgments/313067
320177|2017-06-13|SO|I ACa 516/16|Wyrok|https://www.saos.org.pl/judgments/320177
309431|2017-06-13|SO|XXVI GC 291/13|Wyrok|https://www.saos.org.pl/judgments/309431
291331|2017-06-13|SO|VIII GC 466/14|Wyrok|https://www.saos.org.pl/judgments/291331
311300|2017-06-08|SO|V GC 1092/15|Wyrok|https://www.saos.org.pl/judgments/311300
307182|2017-06-05|SO|XII Ga 190/17|Uzasadnienie|https://www.saos.org.pl/judgments/307182
289462|2017-06-05|SO|VIII U 2455/16|Zarządzenie|https://www.saos.org.pl/judgments/289462
299366|2017-06-02|SO|IX GC 798/14|Wyrok|https://www.saos.org.pl/judgments/299366
311563|2017-05-31|SO|I C 405/13|Wyrok|https://www.saos.org.pl/judgments/311563
306248|2017-05-31|SO|V Ga 118/17|Wyrok|https://www.saos.org.pl/judgments/306248
289484|2017-05-31|SO|VIII U 3338/15|Zarządzenie|https://www.saos.org.pl/judgments/289484
320432|2017-05-26|SO|X GC 1028/16|Zarządzenie|https://www.saos.org.pl/judgments/320432
313077|2017-05-26|SO|I ACa 92/16|Wyrok|https://www.saos.org.pl/judgments/313077
300812|2017-05-25|SO|III AUa 531/16|Wyrok|https://www.saos.org.pl/judgments/300812
288505|2017-05-22|SO|V ACa 53/16|Wyrok|https://www.saos.org.pl/judgments/288505
342200|2017-05-19|SO|I ACa 1/17|Wyrok|https://www.saos.org.pl/judgments/342200
309127|2017-05-18|SO|V ACa 476/16|Wyrok|https://www.saos.org.pl/judgments/309127
298439|2017-05-17|SO|I Ca 130/17|Wyrok|https://www.saos.org.pl/judgments/298439
287128|2017-05-12|SO|I ACa 612/16|Wyrok|https://www.saos.org.pl/judgments/287128
420888|2017-05-11|SO|V ACa 893/16|Wyrok|https://www.saos.org.pl/judgments/420888
320450|2017-05-10|SO|X GC 203/16|Zarządzenie|https://www.saos.org.pl/judgments/320450
306409|2017-05-10|SO|VI ACa 5/16|Wyrok|https://www.saos.org.pl/judgments/306409
299856|2017-05-10|SO|III AUa 2117/16|Wyrok|https://www.saos.org.pl/judgments/299856
294849|2017-05-10|SO|I ACa 607/16|Wyrok|https://www.saos.org.pl/judgments/294849
284136|2017-05-08|SO|VIII U 861/16|Uzasadnienie|https://www.saos.org.pl/judgments/284136
306256|2017-04-28|SO|V Ga 78/17|Wyrok|https://www.saos.org.pl/judgments/306256
295284|2017-04-28|SO|VIII GC 303/15|Wyrok|https://www.saos.org.pl/judgments/295284
283685|2017-04-28|SO|VIII U 853/16|Zarządzenie|https://www.saos.org.pl/judgments/283685
294919|2017-04-26|SO|I C 2/15|Wyrok|https://www.saos.org.pl/judgments/294919
287539|2017-04-26|SO|II C 608/14|Zarządzenie|https://www.saos.org.pl/judgments/287539
289656|2017-04-20|SO|I ACa 54/17|Wyrok|https://www.saos.org.pl/judgments/289656
285043|2017-04-18|SO|I ACa 1276/16|Wyrok|https://www.saos.org.pl/judgments/285043
299370|2017-04-13|SO|V ACa 433/16|Wyrok|https://www.saos.org.pl/judgments/299370
285079|2017-04-13|SO|I ACa 642/16|Wyrok|https://www.saos.org.pl/judgments/285079
286081|2017-04-12|SO|XIII U 1646/16|Wyrok|https://www.saos.org.pl/judgments/286081
320678|2017-04-10|SO|VIII GC 864/16|Wyrok|https://www.saos.org.pl/judgments/320678
309705|2017-04-10|SO|II Ca 1014/16|Wyrok|https://www.saos.org.pl/judgments/309705
285515|2017-04-07|SO|III Ca 1911/16|Uzasadnienie|https://www.saos.org.pl/judgments/285515
308008|2017-04-06|SO|I ACa 1472/16|Wyrok|https://www.saos.org.pl/judgments/308008
295990|2017-04-04|SO|VI ACa 48/16|Wyrok|https://www.saos.org.pl/judgments/295990
287928|2017-03-31|SO|I C 2772/16|Wyrok|https://www.saos.org.pl/judgments/287928
281206|2017-03-31|SO|VIII Ga 54/17|Wyrok|https://www.saos.org.pl/judgments/281206
280474|2017-03-29|SO|I ACa 679/16|Wyrok|https://www.saos.org.pl/judgments/280474
288967|2017-03-28|SO|I C 26/14|Wyrok|https://www.saos.org.pl/judgments/288967
282672|2017-03-23|SO|I ACa 19/16|Wyrok|https://www.saos.org.pl/judgments/282672
288304|2017-03-16|SO|I ACa 168/16|Wyrok|https://www.saos.org.pl/judgments/288304
277045|2017-03-16|SO|XIII Ga 896/16|Uzasadnienie|https://www.saos.org.pl/judgments/277045
280022|2017-03-13|SO|VIII Ga 6/17|Wyrok|https://www.saos.org.pl/judgments/280022
275142|2017-03-13|SO|VIII U 693/16|Zarządzenie|https://www.saos.org.pl/judgments/275142
284191|2017-03-10|SO|I ACa 523/16|Wyrok|https://www.saos.org.pl/judgments/284191
303813|2017-03-09|SO|I C 1206/16|Wyrok|https://www.saos.org.pl/judgments/303813
275154|2017-03-09|SO|VIII U 851/16|Zarządzenie|https://www.saos.org.pl/judgments/275154
381725|2017-03-08|SO|XX GC 42/14|Wyrok|https://www.saos.org.pl/judgments/381725
287854|2017-03-08|SO|I ACa 1573/16|Wyrok|https://www.saos.org.pl/judgments/287854
277777|2017-03-07|SO|III Ca 1965/16|Wyrok|https://www.saos.org.pl/judgments/277777
290133|2017-03-02|SO|III AUa 379/16|Wyrok|https://www.saos.org.pl/judgments/290133
279957|2017-03-02|SO|VI Ga 369/16|Wyrok|https://www.saos.org.pl/judgments/279957
279110|2017-02-27|SO|V Ga 230/16|Uzasadnienie|https://www.saos.org.pl/judgments/279110
277295|2017-02-27|SO|I C 1337/14|Wyrok|https://www.saos.org.pl/judgments/277295
281094|2017-02-23|SO|VI ACa 1936/16|Wyrok|https://www.saos.org.pl/judgments/281094
277446|2017-02-22|SO|I C 847/16|Wyrok|https://www.saos.org.pl/judgments/277446
280998|2017-02-21|SO|V GC 270/16|Wyrok|https://www.saos.org.pl/judgments/280998
341962|2017-02-16|SO|V GC 592/16|Wyrok|https://www.saos.org.pl/judgments/341962
289146|2017-02-16|SO|III AUa 336/16|Wyrok|https://www.saos.org.pl/judgments/289146
276505|2017-02-15|SO|IV Ca 1041/16|Wyrok|https://www.saos.org.pl/judgments/276505
274361|2017-02-13|SO|III Ca 1150/16|Uzasadnienie|https://www.saos.org.pl/judgments/274361
270747|2017-02-13|SO|XIII Ga 711/16|Uzasadnienie|https://www.saos.org.pl/judgments/270747
272836|2017-02-10|SO|I Ca 380/16|Wyrok|https://www.saos.org.pl/judgments/272836
314222|2017-02-06|SO|I C 1879/16|Wyrok|https://www.saos.org.pl/judgments/314222
292331|2017-02-02|SO|IV U 1879/16|Wyrok|https://www.saos.org.pl/judgments/292331
272948|2017-02-01|SO|VI GC 314/16|Wyrok|https://www.saos.org.pl/judgments/272948
292353|2017-01-31|SO|V ACa 817/16|Wyrok|https://www.saos.org.pl/judgments/292353
271835|2017-01-31|SO|VIII GC 430/16|Wyrok|https://www.saos.org.pl/judgments/271835
286457|2017-01-26|SO|III AUa 170/16|Wyrok|https://www.saos.org.pl/judgments/286457
446491|2017-01-25|SO|III C 503/11|Wyrok|https://www.saos.org.pl/judgments/446491
274323|2017-01-18|SO|III AUa 736/16|Wyrok|https://www.saos.org.pl/judgments/274323
272340|2017-01-18|SO|V ACa 321/16|Wyrok|https://www.saos.org.pl/judgments/272340
280453|2017-01-12|SO|I ACa 1143/15|Wyrok|https://www.saos.org.pl/judgments/280453
274315|2017-01-12|SO|III AUa 651/16|Wyrok|https://www.saos.org.pl/judgments/274315
275856|2017-01-04|SO|I ACa 852/16|Wyrok|https://www.saos.org.pl/judgments/275856
275815|2017-01-04|SO|I ACa 13/15|Wyrok|https://www.saos.org.pl/judgments/275815
306308|2017-01-03|SO|V GC 774/16|Wyrok|https://www.saos.org.pl/judgments/306308
275835|2016-12-30|SO|I ACa 725/16|Wyrok|https://www.saos.org.pl/judgments/275835
268588|2016-12-29|SO|III Ca 961/16|Wyrok|https://www.saos.org.pl/judgments/268588
414278|2016-12-28|SO|II C 171/16|Uzasadnienie|https://www.saos.org.pl/judgments/414278
275837|2016-12-28|SO|I ACa 759/16|Wyrok|https://www.saos.org.pl/judgments/275837
273624|2016-12-28|SO|I C 1029/15|Wyrok|https://www.saos.org.pl/judgments/273624
271330|2016-12-28|SO|V GC 96/15|Wyrok|https://www.saos.org.pl/judgments/271330
263235|2016-12-22|SO|VIII GC 544/15|Wyrok|https://www.saos.org.pl/judgments/263235
264015|2016-12-20|SO|X GC 1535/16|Wyrok|https://www.saos.org.pl/judgments/264015
267136|2016-12-19|SO|III Ca 1152/16|Uzasadnienie|https://www.saos.org.pl/judgments/267136
262412|2016-12-15|SO|II Ca 798/16|Wyrok|https://www.saos.org.pl/judgments/262412
265163|2016-12-13|KIO|KIO 2193/16|Wyrok|https://www.saos.org.pl/judgments/265163
262356|2016-12-13|SO|XXV C 2060/15|Wyrok|https://www.saos.org.pl/judgments/262356
266570|2016-12-06|SO|VI GC 385/15|Wyrok|https://www.saos.org.pl/judgments/266570
266490|2016-12-01|SO|III AUa 133/16|Wyrok|https://www.saos.org.pl/judgments/266490
271834|2016-11-30|SO|VIII GC 426/14|Wyrok|https://www.saos.org.pl/judgments/271834
265276|2016-11-30|SO|I ACa 706/16|Wyrok|https://www.saos.org.pl/judgments/265276
269828|2016-11-29|SO|I ACa 1956/15|Wyrok|https://www.saos.org.pl/judgments/269828
258098|2016-11-28|SO|I C 988/15|Wyrok|https://www.saos.org.pl/judgments/258098
258501|2016-11-25|SO|VI Ga 334/16|Wyrok|https://www.saos.org.pl/judgments/258501
263769|2016-11-24|SO|I ACa 416/16|Wyrok|https://www.saos.org.pl/judgments/263769
259669|2016-11-24|SO|IV Ca 778/16|Wyrok|https://www.saos.org.pl/judgments/259669
256293|2016-11-23|SO|III Ca 1501/16|Uzasadnienie|https://www.saos.org.pl/judgments/256293
287871|2016-11-22|SO|I ACa 396/16|Wyrok|https://www.saos.org.pl/judgments/287871
318324|2016-11-18|SO|I C 580/15|Wyrok|https://www.saos.org.pl/judgments/318324
273522|2016-11-15|SO|I ACa 675/16|Wyrok|https://www.saos.org.pl/judgments/273522
311075|2016-11-10|SO|VI U 1084/16|Wyrok|https://www.saos.org.pl/judgments/311075
299384|2016-11-09|SO|VI GC 111/16|Wyrok|https://www.saos.org.pl/judgments/299384
268194|2016-11-09|SO|VIII GC 189/14|Wyrok|https://www.saos.org.pl/judgments/268194
260370|2016-11-09|SO|I ACa 516/16|Wyrok|https://www.saos.org.pl/judgments/260370
263291|2016-11-03|SO|I ACa 917/16|Wyrok|https://www.saos.org.pl/judgments/263291
261102|2016-11-03|SO|III AUa 474/16|Wyrok|https://www.saos.org.pl/judgments/261102
263551|2016-10-28|SO|I ACa 1242/15|Wyrok|https://www.saos.org.pl/judgments/263551
280594|2016-10-27|SO|I C 590/15|Wyrok|https://www.saos.org.pl/judgments/280594
254929|2016-10-27|SO|IV Ca 565/16|Wyrok|https://www.saos.org.pl/judgments/254929
259045|2016-10-19|SO|III AUa 436/16|Wyrok|https://www.saos.org.pl/judgments/259045
272168|2016-10-18|SO|III AUa 106/16|Wyrok|https://www.saos.org.pl/judgments/272168
253584|2016-10-12|SO|III Ca 409/16|Wyrok|https://www.saos.org.pl/judgments/253584
285113|2016-10-11|SO|I C 130/15|Wyrok|https://www.saos.org.pl/judgments/285113
252936|2016-10-11|SO|I C 1402/16|Wyrok|https://www.saos.org.pl/judgments/252936
253242|2016-10-10|SO|I C 42/10|Wyrok|https://www.saos.org.pl/judgments/253242
253272|2016-10-06|SO|II Ca 617/16|Wyrok|https://www.saos.org.pl/judgments/253272
253728|2016-09-28|SO|X GC 837/13|Uzasadnienie|https://www.saos.org.pl/judgments/253728
257710|2016-09-27|SO|VI ACa 817/15|Wyrok|https://www.saos.org.pl/judgments/257710
305238|2016-09-23|SO|II Ca 1720/15|Wyrok|https://www.saos.org.pl/judgments/305238
253207|2016-09-23|SO|I ACa 307/16|Wyrok|https://www.saos.org.pl/judgments/253207
250110|2016-09-20|SO|XI GC 155/16|Wyrok|https://www.saos.org.pl/judgments/250110
284174|2016-09-16|SO|I ACa 1047/15|Wyrok|https://www.saos.org.pl/judgments/284174
254049|2016-09-14|SO|V GC 922/15|Wyrok|https://www.saos.org.pl/judgments/254049
253448|2016-09-14|SO|I ACa 469/16|Wyrok|https://www.saos.org.pl/judgments/253448
250117|2016-09-13|SO|XI GC 764/14|Wyrok|https://www.saos.org.pl/judgments/250117
256153|2016-09-07|SO|I ACa 530/16|Wyrok|https://www.saos.org.pl/judgments/256153
251688|2016-09-07|SO|I ACa 207/16|Wyrok|https://www.saos.org.pl/judgments/251688
248892|2016-09-07|SO|IV Ca 442/16|Wyrok|https://www.saos.org.pl/judgments/248892
251008|2016-08-31|SO|VIII Ga 220/16|Wyrok|https://www.saos.org.pl/judgments/251008
248090|2016-08-26|SO|I ACa 264/16|Wyrok|https://www.saos.org.pl/judgments/248090
333615|2016-08-12|SO|I C 50/15|Wyrok|https://www.saos.org.pl/judgments/333615
252007|2016-08-09|SO|VIII GC 136/15|Wyrok|https://www.saos.org.pl/judgments/252007
242550|2016-07-28|SO|I C 315/13|Wyrok|https://www.saos.org.pl/judgments/242550
241996|2016-07-26|SO|III AUa 1901/15|Wyrok|https://www.saos.org.pl/judgments/241996
314832|2016-07-20|SO|V GC 266/15|Wyrok|https://www.saos.org.pl/judgments/314832
279318|2016-07-20|SO|XXV C 1492/14|Wyrok|https://www.saos.org.pl/judgments/279318
257435|2016-07-20|SO|III AUa 915/15|Wyrok|https://www.saos.org.pl/judgments/257435
238196|2016-07-15|SO|VIII GC 156/12|Zarządzenie|https://www.saos.org.pl/judgments/238196
264271|2016-07-05|KIO|KIO 1101/16|Wyrok|https://www.saos.org.pl/judgments/264271
234473|2016-06-30|SO|I ACa 191/16|Wyrok|https://www.saos.org.pl/judgments/234473
250395|2016-06-23|SO|I ACa 970/15|Wyrok|https://www.saos.org.pl/judgments/250395
238833|2016-06-23|SO|III C 857/13|Wyrok|https://www.saos.org.pl/judgments/238833
280068|2016-06-22|SO|X GC 524/14|Wyrok|https://www.saos.org.pl/judgments/280068
276709|2016-06-20|SO|VI GC 493/16|Wyrok|https://www.saos.org.pl/judgments/276709
240923|2016-06-16|SO|XXIII Ga 279/16|Wyrok|https://www.saos.org.pl/judgments/240923
234096|2016-06-15|SO|VIII Ga 34/16|Uzasadnienie|https://www.saos.org.pl/judgments/234096
252251|2016-06-14|SO|VI ACa 502/15|Wyrok|https://www.saos.org.pl/judgments/252251
250677|2016-06-09|SO|I ACa 263/16|Wyrok|https://www.saos.org.pl/judgments/250677
248854|2016-06-07|SO|III AUa 790/15|Wyrok|https://www.saos.org.pl/judgments/248854
247129|2016-06-07|SO|I C 229/13|Wyrok|https://www.saos.org.pl/judgments/247129
237840|2016-06-07|SO|III AUa 1128/15|Wyrok|https://www.saos.org.pl/judgments/237840
232688|2016-06-07|SO|XI GC 145/15|Wyrok|https://www.saos.org.pl/judgments/232688
250370|2016-06-02|SO|I ACa 1116/15|Wyrok|https://www.saos.org.pl/judgments/250370
236060|2016-05-31|SO|I ACa 937/15|Wyrok|https://www.saos.org.pl/judgments/236060
252394|2016-05-30|SO|I C 177/15|Wyrok|https://www.saos.org.pl/judgments/252394
232335|2016-05-25|SO|VIII GC 477/15|Wyrok|https://www.saos.org.pl/judgments/232335
242147|2016-05-24|SO|I ACa 171/16|Wyrok|https://www.saos.org.pl/judgments/242147
232118|2016-05-24|SO|XIV K 332/15|Wyrok|https://www.saos.org.pl/judgments/232118
235347|2016-05-23|SO|XXV C 97/13|Wyrok|https://www.saos.org.pl/judgments/235347
228675|2016-05-23|SO|XII C 1262/14|Wyrok|https://www.saos.org.pl/judgments/228675
398351|2016-05-20|SO|VI GC 211/16|Uzasadnienie|https://www.saos.org.pl/judgments/398351
231640|2016-05-20|SO|VI GC 105/15|Wyrok|https://www.saos.org.pl/judgments/231640
228535|2016-05-20|SO|I C 1898/15|Wyrok|https://www.saos.org.pl/judgments/228535
230750|2016-05-18|SO|I ACa 52/16|Wyrok|https://www.saos.org.pl/judgments/230750
239392|2016-05-16|SO|III Ca 156/16|Uzasadnienie|https://www.saos.org.pl/judgments/239392
230676|2016-05-16|KIO|KIO 732/16|Postanowienie|https://www.saos.org.pl/judgments/230676
222982|2016-05-16|SO|XIII Ga 1070/15|Uzasadnienie|https://www.saos.org.pl/judgments/222982
242259|2016-05-12|SO|III AUa 654/15|Wyrok|https://www.saos.org.pl/judgments/242259
239143|2016-05-12|SO|III AUa 25/16|Wyrok|https://www.saos.org.pl/judgments/239143
231842|2016-05-12|SO|I ACa 116/16|Wyrok|https://www.saos.org.pl/judgments/231842
273587|2016-05-11|SO|I ACa 910/15|Wyrok|https://www.saos.org.pl/judgments/273587
229067|2016-05-11|SO|I C 100/15|Wyrok|https://www.saos.org.pl/judgments/229067
248334|2016-05-10|SO|III AUa 487/15|Wyrok|https://www.saos.org.pl/judgments/248334
235801|2016-05-09|SO|I C 211/15|Wyrok|https://www.saos.org.pl/judgments/235801
228567|2016-05-06|SO|II Ca 1774/15|Wyrok|https://www.saos.org.pl/judgments/228567
246920|2016-05-05|SO|III AUa 149/15|Wyrok|https://www.saos.org.pl/judgments/246920
231838|2016-05-05|SO|I ACa 1098/15|Wyrok|https://www.saos.org.pl/judgments/231838
334751|2016-04-29|SO|XXV C 694/15|Wyrok|https://www.saos.org.pl/judgments/334751
241474|2016-04-28|SO|I ACa 908/15|Wyrok|https://www.saos.org.pl/judgments/241474
234441|2016-04-28|SO|VI ACa 1008/14|Wyrok|https://www.saos.org.pl/judgments/234441
226774|2016-04-26|SO|VI GC 1063/15|Wyrok|https://www.saos.org.pl/judgments/226774
222967|2016-04-26|SO|X GC 920/15|Wyrok|https://www.saos.org.pl/judgments/222967
224246|2016-04-25|SO|XII C 1226/14|Wyrok|https://www.saos.org.pl/judgments/224246
248952|2016-04-21|SO|I C 2744/15|Wyrok|https://www.saos.org.pl/judgments/248952
220426|2016-04-20|SO|I ACa 11/16|Wyrok|https://www.saos.org.pl/judgments/220426
247166|2016-04-19|SO|V ACa 800/15|Wyrok|https://www.saos.org.pl/judgments/247166
222306|2016-04-19|SO|XI GC 144/16|Wyrok|https://www.saos.org.pl/judgments/222306
226244|2016-04-18|SO|I ACa 1502/15|Wyrok|https://www.saos.org.pl/judgments/226244
224816|2016-04-15|SO|I ACa 1107/15|Wyrok|https://www.saos.org.pl/judgments/224816
223396|2016-04-15|SO|VIII C 2994/15|Wyrok|https://www.saos.org.pl/judgments/223396
242249|2016-04-14|SO|III AUa 462/15|Wyrok|https://www.saos.org.pl/judgments/242249
236033|2016-04-13|SO|I ACa 1078/15|Wyrok|https://www.saos.org.pl/judgments/236033
219616|2016-04-13|SO|II C 402/14|Wyrok|https://www.saos.org.pl/judgments/219616
231404|2016-04-08|SO|III AUa 1964/15|Wyrok|https://www.saos.org.pl/judgments/231404
221238|2016-04-07|SO|I ACa 1094/15|Wyrok|https://www.saos.org.pl/judgments/221238
504674|2016-04-06|SO|III AUa 1096/15|Wyrok|https://www.saos.org.pl/judgments/504674
226004|2016-04-05|SO|III AUa 1808/15|Wyrok|https://www.saos.org.pl/judgments/226004
223571|2016-04-05|SO|III AUa 1928/15|Wyrok|https://www.saos.org.pl/judgments/223571
220017|2016-04-05|SO|XI GC 76/16|Wyrok|https://www.saos.org.pl/judgments/220017
221098|2016-04-04|SO|VII U 1621/15|Wyrok|https://www.saos.org.pl/judgments/221098
221325|2016-04-01|SO|I C 921/15|Wyrok|https://www.saos.org.pl/judgments/221325
237738|2016-03-31|SO|VI ACa 274/15|Wyrok|https://www.saos.org.pl/judgments/237738
324142|2016-03-30|SO|VII GC 242/13|Wyrok|https://www.saos.org.pl/judgments/324142
221401|2016-03-30|SO|III AUa 1115/15|Wyrok|https://www.saos.org.pl/judgments/221401
220129|2016-03-30|SO|I C 381/15|Wyrok|https://www.saos.org.pl/judgments/220129
222617|2016-03-25|SO|III Ca 1820/15|Uzasadnienie|https://www.saos.org.pl/judgments/222617
220554|2016-03-24|SO|I C 211/15|Wyrok|https://www.saos.org.pl/judgments/220554
216489|2016-03-17|SO|XI GC 1406/15|Wyrok|https://www.saos.org.pl/judgments/216489
225339|2016-03-16|SO|IX GC 322/14|Wyrok|https://www.saos.org.pl/judgments/225339
216571|2016-03-15|SO|I ACa 934/15|Wyrok|https://www.saos.org.pl/judgments/216571
246726|2016-03-10|SO|III AUa 511/15|Wyrok|https://www.saos.org.pl/judgments/246726
218388|2016-03-10|SO|I C 81/15|Wyrok|https://www.saos.org.pl/judgments/218388
216210|2016-03-09|SO|III Ca 65/16|Wyrok|https://www.saos.org.pl/judgments/216210
220109|2016-03-08|SO|I ACa 784/15|Wyrok|https://www.saos.org.pl/judgments/220109
227765|2016-03-04|SO|VI ACa 83/16|Wyrok|https://www.saos.org.pl/judgments/227765
214633|2016-03-02|SO|I C 1060/15|Wyrok|https://www.saos.org.pl/judgments/214633
215690|2016-02-25|SO|II Ca 996/15|Wyrok|https://www.saos.org.pl/judgments/215690
227915|2016-02-18|SO|III AUa 2139/15|Wyrok|https://www.saos.org.pl/judgments/227915
276584|2016-02-17|SO|IX GC 282/15|Wyrok|https://www.saos.org.pl/judgments/276584
210752|2016-02-16|SO|I ACa 591/15|Wyrok|https://www.saos.org.pl/judgments/210752
438678|2016-02-12|SO|V ACa 936/15|Wyrok|https://www.saos.org.pl/judgments/438678
214426|2016-02-11|SO|III Ca 1955/15|Uzasadnienie|https://www.saos.org.pl/judgments/214426
469088|2016-02-10|SO|XI GC 1052/15|Wyrok|https://www.saos.org.pl/judgments/469088
211222|2016-02-10|SO|XI GC 1052/15|Wyrok|https://www.saos.org.pl/judgments/211222
283806|2016-02-09|SO|II C 118/11|Wyrok|https://www.saos.org.pl/judgments/283806
213874|2016-02-08|SO|III Ca 1279/15|Uzasadnienie|https://www.saos.org.pl/judgments/213874
217105|2016-02-05|SO|X Ga 393/15|Wyrok|https://www.saos.org.pl/judgments/217105
211443|2016-02-03|SO|X GC 774/15|Wyrok|https://www.saos.org.pl/judgments/211443
251144|2016-02-02|SO|XI C 152/15|Wyrok|https://www.saos.org.pl/judgments/251144
277356|2016-01-29|SO|I C 2425/15|Zarządzenie|https://www.saos.org.pl/judgments/277356
255905|2016-01-29|SO|I C 934/13|Wyrok|https://www.saos.org.pl/judgments/255905
299985|2016-01-28|SO|VI Ga 361/15|Wyrok|https://www.saos.org.pl/judgments/299985
286324|2016-01-27|SO|I C 54/15|Wyrok|https://www.saos.org.pl/judgments/286324
203036|2016-01-27|SO|III AUa 1016/15|Wyrok|https://www.saos.org.pl/judgments/203036
208215|2016-01-26|SO|III AUa 1019/15|Wyrok|https://www.saos.org.pl/judgments/208215
207171|2016-01-22|SO|I ACa 1103/15|Wyrok|https://www.saos.org.pl/judgments/207171
204184|2016-01-22|SO|X GC 339/13|Uzasadnienie|https://www.saos.org.pl/judgments/204184
299030|2016-01-14|SO|VI Ga 333/15|Wyrok|https://www.saos.org.pl/judgments/299030
235932|2016-01-14|SO|VIII C 1826/15|Wyrok|https://www.saos.org.pl/judgments/235932
202344|2016-01-12|SO|I ACa 1000/15|Wyrok|https://www.saos.org.pl/judgments/202344
211652|2015-12-29|SO|IV U 608/14|Wyrok|https://www.saos.org.pl/judgments/211652
197190|2015-12-29|SO|I C 484/12|Wyrok|https://www.saos.org.pl/judgments/197190
278847|2015-12-21|SO|I C 824/15|Uzasadnienie|https://www.saos.org.pl/judgments/278847
198086|2015-12-21|SO|VIII GC 535/14|Wyrok|https://www.saos.org.pl/judgments/198086
197543|2015-12-21|SO|VIII C 865/14|Wyrok|https://www.saos.org.pl/judgments/197543
195362|2015-12-18|SO|I ACa 547/15|Wyrok|https://www.saos.org.pl/judgments/195362
207510|2015-12-17|SO|V GC 914/15|Wyrok|https://www.saos.org.pl/judgments/207510
208216|2015-12-15|SO|III AUa 1146/15|Wyrok|https://www.saos.org.pl/judgments/208216
199884|2015-12-15|SO|I ACa 481/15|Wyrok|https://www.saos.org.pl/judgments/199884
214034|2015-12-10|SO|VI GC 435/13|Wyrok|https://www.saos.org.pl/judgments/214034
203615|2015-12-10|SO|VIII GC 1148/15|Wyrok|https://www.saos.org.pl/judgments/203615
198259|2015-12-10|SO|III AUa 1027/15|Wyrok|https://www.saos.org.pl/judgments/198259
198085|2015-12-10|SO|VIII GC 464/14|Wyrok|https://www.saos.org.pl/judgments/198085
196833|2015-12-10|SO|III AUa 1618/15|Wyrok|https://www.saos.org.pl/judgments/196833
211478|2015-12-09|SO|I ACa 913/15|Wyrok|https://www.saos.org.pl/judgments/211478
211451|2015-12-09|SO|I ACa 1148/15|Wyrok|https://www.saos.org.pl/judgments/211451
192360|2015-12-04|SO|I ACa 699/15|Wyrok|https://www.saos.org.pl/judgments/192360
221011|2015-12-03|SO|VI ACa 1786/14|Wyrok|https://www.saos.org.pl/judgments/221011
278328|2015-11-26|SO|II C 129/13|Wyrok|https://www.saos.org.pl/judgments/278328
218308|2015-11-26|SO|I ACa 532/15|Wyrok|https://www.saos.org.pl/judgments/218308
243933|2015-11-25|SN|II CSK 872/14|Wyrok|https://www.saos.org.pl/judgments/243933
192594|2015-11-25|SO|III AUa 964/15|Wyrok|https://www.saos.org.pl/judgments/192594
183100|2015-11-25|SO|II C 1033/12|Wyrok|https://www.saos.org.pl/judgments/183100
189995|2015-11-24|SO|III AUa 945/15|Wyrok|https://www.saos.org.pl/judgments/189995
189075|2015-11-24|SO|X GC 861/14|Uzasadnienie|https://www.saos.org.pl/judgments/189075
189116|2015-11-23|SO|X U 424/15|Wyrok|https://www.saos.org.pl/judgments/189116
308150|2015-11-20|SO|III C 615/15|Wyrok|https://www.saos.org.pl/judgments/308150
243852|2015-11-19|SN|V CSK 163/15|Wyrok|https://www.saos.org.pl/judgments/243852
192595|2015-11-19|SO|III AUa 967/15|Wyrok|https://www.saos.org.pl/judgments/192595
285236|2015-11-18|SO|II C 229/12|Wyrok|https://www.saos.org.pl/judgments/285236
193101|2015-11-18|SO|III AUa 932/15|Wyrok|https://www.saos.org.pl/judgments/193101
192790|2015-11-13|SO|VI GC 279/13|Wyrok|https://www.saos.org.pl/judgments/192790
190246|2015-11-13|SO|I C 140/14|Wyrok|https://www.saos.org.pl/judgments/190246
181255|2015-11-13|SO|I ACa 324/15|Wyrok|https://www.saos.org.pl/judgments/181255
193175|2015-11-12|SO|III Ca 1099/15|Uzasadnienie|https://www.saos.org.pl/judgments/193175
246828|2015-11-10|SO|I ACa 1136/15|Wyrok|https://www.saos.org.pl/judgments/246828
198176|2015-11-06|SO|VI ACa 1687/14|Wyrok|https://www.saos.org.pl/judgments/198176
189803|2015-11-06|SO|I ACa 896/15|Wyrok|https://www.saos.org.pl/judgments/189803
210467|2015-11-05|SO|VI ACa 1381/15|Wyrok|https://www.saos.org.pl/judgments/210467
184692|2015-11-05|SO|III AUa 849/15|Wyrok|https://www.saos.org.pl/judgments/184692
184690|2015-11-05|SO|III AUa 847/15|Wyrok|https://www.saos.org.pl/judgments/184690
184689|2015-11-04|SO|III AUa 846/15|Wyrok|https://www.saos.org.pl/judgments/184689
277402|2015-11-03|SO|I C 462/13|Wyrok|https://www.saos.org.pl/judgments/277402
195882|2015-11-03|SO|I C 1041/12|Zarządzenie|https://www.saos.org.pl/judgments/195882
198983|2015-10-30|SO|I 1 C 1429/15|Wyrok|https://www.saos.org.pl/judgments/198983
181424|2015-10-30|SO|I ACa 548/15|Wyrok|https://www.saos.org.pl/judgments/181424
181160|2015-10-29|SO|I ACa 156/15|Wyrok|https://www.saos.org.pl/judgments/181160
182631|2015-10-28|SO|I C 897/13|Wyrok|https://www.saos.org.pl/judgments/182631
248003|2015-10-27|SO|V ACa 354/15|Wyrok|https://www.saos.org.pl/judgments/248003
190372|2015-10-20|SO|IV U 735/15|Wyrok|https://www.saos.org.pl/judgments/190372
184656|2015-10-20|SO|III AUa 778/15|Wyrok|https://www.saos.org.pl/judgments/184656
188629|2015-10-19|SO|VIII GC 97/13|Wyrok|https://www.saos.org.pl/judgments/188629
483052|2015-10-15|SO|V ACa 181/14|Wyrok|https://www.saos.org.pl/judgments/483052
183390|2015-10-15|SO|II Ca 633/15|Wyrok|https://www.saos.org.pl/judgments/183390
215774|2015-10-13|SO|III AUa 6/15|Wyrok|https://www.saos.org.pl/judgments/215774
188971|2015-10-13|SO|X Ga 377/15|Wyrok|https://www.saos.org.pl/judgments/188971
219498|2015-10-08|SO|XXV C 1287/12|Wyrok|https://www.saos.org.pl/judgments/219498
202058|2015-10-06|KIO|KIO 2054/15|Wyrok|https://www.saos.org.pl/judgments/202058
184581|2015-10-06|SO|III AUa 653/15|Wyrok|https://www.saos.org.pl/judgments/184581
490489|2015-10-01|SO|III AUa 1491/14|Wyrok|https://www.saos.org.pl/judgments/490489
228543|2015-09-30|SO|I C 267/15|Zarządzenie|https://www.saos.org.pl/judgments/228543
213720|2015-09-30|SO|I ACa 443/15|Wyrok|https://www.saos.org.pl/judgments/213720
191517|2015-09-30|SO|I C 360/15|Wyrok|https://www.saos.org.pl/judgments/191517
189015|2015-09-30|SO|X GC 320/12|Uzasadnienie|https://www.saos.org.pl/judgments/189015
184574|2015-09-30|SO|III AUa 644/15|Wyrok|https://www.saos.org.pl/judgments/184574
188604|2015-09-24|SO|VIII GC 437/13|Wyrok|https://www.saos.org.pl/judgments/188604
194023|2015-09-22|SO|VI ACa 1273/14|Wyrok|https://www.saos.org.pl/judgments/194023
182557|2015-09-21|SO|I C 730/15|Wyrok|https://www.saos.org.pl/judgments/182557
179416|2015-09-18|SO|II C 159/15|Wyrok|https://www.saos.org.pl/judgments/179416
181267|2015-09-17|SO|I ACa 359/15|Wyrok|https://www.saos.org.pl/judgments/181267
294310|2015-09-16|SO|II Ca 1440/13|Wyrok|https://www.saos.org.pl/judgments/294310
184526|2015-09-15|SO|III AUa 576/15|Wyrok|https://www.saos.org.pl/judgments/184526
243264|2015-09-10|SN|II CSK 661/14|Wyrok|https://www.saos.org.pl/judgments/243264
195546|2015-09-10|SO|I ACa 557/15|Wyrok|https://www.saos.org.pl/judgments/195546
179190|2015-09-10|SO|I ACa 591/14|Wyrok|https://www.saos.org.pl/judgments/179190
179172|2015-09-10|SO|I ACa 355/15|Wyrok|https://www.saos.org.pl/judgments/179172
196008|2015-09-03|SO|I C 996/13|Wyrok|https://www.saos.org.pl/judgments/196008
184470|2015-09-03|SO|III AUa 491/15|Wyrok|https://www.saos.org.pl/judgments/184470
180231|2015-08-28|SO|VIII Ga 217/15|Wyrok|https://www.saos.org.pl/judgments/180231
191806|2015-08-27|SO|I ACa 230/15|Wyrok|https://www.saos.org.pl/judgments/191806
178449|2015-08-25|SO|I ACa 511/14|Wyrok|https://www.saos.org.pl/judgments/178449
184425|2015-08-20|SO|III AUa 417/15|Wyrok|https://www.saos.org.pl/judgments/184425
177872|2015-08-20|SO|III AUa 194/15|Wyrok|https://www.saos.org.pl/judgments/177872
179301|2015-08-19|SO|I C 402/12|Wyrok|https://www.saos.org.pl/judgments/179301
235712|2015-08-11|SO|VIII GC 1551/13|Wyrok|https://www.saos.org.pl/judgments/235712
210164|2015-08-04|SO|I C 1916/14|Wyrok|https://www.saos.org.pl/judgments/210164
181470|2015-07-30|SO|I ACa 626/15|Wyrok|https://www.saos.org.pl/judgments/181470
490488|2015-07-23|SO|III AUa 1484/14|Wyrok|https://www.saos.org.pl/judgments/490488
223846|2015-07-09|SO|I C 794/15|Wyrok|https://www.saos.org.pl/judgments/223846
174312|2015-07-07|SO|III AUa 220/15|Wyrok|https://www.saos.org.pl/judgments/174312
240811|2015-06-29|SO|VIII GC 160/14|Uzasadnienie|https://www.saos.org.pl/judgments/240811
242866|2015-06-24|SN|II CSK 532/14|Wyrok|https://www.saos.org.pl/judgments/242866
231621|2015-06-24|SO|V GC 47/15|Wyrok|https://www.saos.org.pl/judgments/231621
173969|2015-06-24|SO|I C 671/14|Wyrok|https://www.saos.org.pl/judgments/173969
169949|2015-06-24|SO|I ACa 197/15|Wyrok|https://www.saos.org.pl/judgments/169949
180035|2015-06-19|SO|VI ACa 1099/14|Wyrok|https://www.saos.org.pl/judgments/180035
176493|2015-06-17|SO|I ACa 328/15|Wyrok|https://www.saos.org.pl/judgments/176493
218540|2015-06-11|SO|III AUa 798/14|Wyrok|https://www.saos.org.pl/judgments/218540
217403|2015-06-11|SO|III AUa 797/14|Wyrok|https://www.saos.org.pl/judgments/217403
156368|2015-06-10|SO|III AUa 143/15|Wyrok|https://www.saos.org.pl/judgments/156368
181150|2015-06-03|SO|I ACa 1474/14|Wyrok|https://www.saos.org.pl/judgments/181150
171643|2015-06-03|SO|VI U 1216/14|Wyrok|https://www.saos.org.pl/judgments/171643
279319|2015-05-29|SO|XXV C 241/11|Wyrok|https://www.saos.org.pl/judgments/279319
181542|2015-05-28|SO|I ACa 9/15|Wyrok|https://www.saos.org.pl/judgments/181542
175843|2015-05-28|SO|I ACa 318/15|Wyrok|https://www.saos.org.pl/judgments/175843
155589|2015-05-28|SO|I C 1035/13|Wyrok|https://www.saos.org.pl/judgments/155589
217211|2015-05-27|SO|I C 1139/13|Wyrok|https://www.saos.org.pl/judgments/217211
171648|2015-05-26|SO|VI U 696/14|Wyrok|https://www.saos.org.pl/judgments/171648
175415|2015-05-22|SO|III Ca 80/15|Uzasadnienie|https://www.saos.org.pl/judgments/175415
156252|2015-05-21|SO|I ACa 79/15|Wyrok|https://www.saos.org.pl/judgments/156252
175840|2015-05-14|SO|I ACa 231/14|Wyrok|https://www.saos.org.pl/judgments/175840
175836|2015-05-13|SO|I ACa 1054/14|Wyrok|https://www.saos.org.pl/judgments/175836
171168|2015-05-13|SO|I Ca 165/15|Wyrok|https://www.saos.org.pl/judgments/171168
159681|2015-05-12|SO|III Ca 1448/14|Wyrok|https://www.saos.org.pl/judgments/159681
154025|2015-05-06|SO|X Ga 171/15|Wyrok|https://www.saos.org.pl/judgments/154025
248974|2015-05-04|SO|II C 24/13|Wyrok|https://www.saos.org.pl/judgments/248974
217279|2015-04-30|SO|I C 852/13|Uzasadnienie|https://www.saos.org.pl/judgments/217279
172203|2015-04-30|SO|I C 806/13|Wyrok|https://www.saos.org.pl/judgments/172203
156271|2015-04-30|SO|I C 1819/12|Wyrok|https://www.saos.org.pl/judgments/156271
155172|2015-04-30|SO|VI GC 135/14|Wyrok|https://www.saos.org.pl/judgments/155172
153256|2015-04-30|SO|I Ca 108/15|Wyrok|https://www.saos.org.pl/judgments/153256
297773|2015-04-29|SO|II Ca 1202/14|Wyrok|https://www.saos.org.pl/judgments/297773
168979|2015-04-29|SN|II CSK 592/14|Postanowienie|https://www.saos.org.pl/judgments/168979
171011|2015-04-24|SO|I ACa 1532/14|Wyrok|https://www.saos.org.pl/judgments/171011
158493|2015-04-17|SO|I ACa 1479/14|Wyrok|https://www.saos.org.pl/judgments/158493
159511|2015-04-14|SO|III Ca 1750/14|Wyrok|https://www.saos.org.pl/judgments/159511
153868|2015-04-10|SO|X Ga 119/15|Wyrok|https://www.saos.org.pl/judgments/153868
187542|2015-04-09|SO|VI ACa 653/14|Wyrok|https://www.saos.org.pl/judgments/187542
172296|2015-04-09|SO|I ACa 1472/14|Wyrok|https://www.saos.org.pl/judgments/172296
151395|2015-04-01|SO|VI U 984/13|Wyrok|https://www.saos.org.pl/judgments/151395
173176|2015-03-31|SO|III AUa 526/14|Wyrok|https://www.saos.org.pl/judgments/173176
151978|2015-03-26|SO|VIII Ga 13/15|Wyrok|https://www.saos.org.pl/judgments/151978
173635|2015-03-25|SO|I ACa 390/14|Wyrok|https://www.saos.org.pl/judgments/173635
168705|2015-03-25|SN|III UK 159/14|Wyrok|https://www.saos.org.pl/judgments/168705
152231|2015-03-25|SO|III AUa 1812/14|Wyrok|https://www.saos.org.pl/judgments/152231
155914|2015-03-19|SO|III AUa 291/14|Wyrok|https://www.saos.org.pl/judgments/155914
150478|2015-03-19|SO|III AUa 2736/13|Wyrok|https://www.saos.org.pl/judgments/150478
406747|2015-03-17|SO|V ACa 920/14|Wyrok|https://www.saos.org.pl/judgments/406747
134145|2015-03-17|SO|I C 545/14|Wyrok|https://www.saos.org.pl/judgments/134145
135069|2015-03-16|SO|X GC 1148/13|Uzasadnienie|https://www.saos.org.pl/judgments/135069
297405|2015-03-11|SO|II Ca 946/14|Wyrok|https://www.saos.org.pl/judgments/297405
134370|2015-03-06|SO|I ACa 614/14|Wyrok|https://www.saos.org.pl/judgments/134370
475145|2015-03-04|SO|I ACa 1071/14|Wyrok|https://www.saos.org.pl/judgments/475145
148334|2015-03-03|SO|III AUa 1146/14|Wyrok|https://www.saos.org.pl/judgments/148334
173895|2015-02-23|SO|I C 1995/13|Wyrok|https://www.saos.org.pl/judgments/173895
173759|2015-02-23|SO|I ACa 1869/14|Wyrok|https://www.saos.org.pl/judgments/173759
134175|2015-02-18|SO|VI U 137/14|Wyrok|https://www.saos.org.pl/judgments/134175
132940|2015-02-18|SO|VI U 1228/13|Wyrok|https://www.saos.org.pl/judgments/132940
132939|2015-02-18|SO|VI U 1227/13|Wyrok|https://www.saos.org.pl/judgments/132939
132938|2015-02-18|SO|VI U 1225/13|Wyrok|https://www.saos.org.pl/judgments/132938
132937|2015-02-18|SO|VI U 1212/13|Wyrok|https://www.saos.org.pl/judgments/132937
132377|2015-02-18|SO|VI U 1224/13|Wyrok|https://www.saos.org.pl/judgments/132377
255647|2015-02-16|SO|XXVI GC 789/12|Wyrok|https://www.saos.org.pl/judgments/255647
148025|2015-02-13|SO|I ACa 947/14|Wyrok|https://www.saos.org.pl/judgments/148025
131880|2015-02-13|SO|VIII GC 525/13|Wyrok|https://www.saos.org.pl/judgments/131880
151992|2015-02-12|SO|I ACa 1628/14|Wyrok|https://www.saos.org.pl/judgments/151992
151228|2015-02-12|SO|VIII Ga 267/14|Uzasadnienie|https://www.saos.org.pl/judgments/151228
150515|2015-02-11|SO|VI ACa 601/14|Wyrok|https://www.saos.org.pl/judgments/150515
295720|2015-02-10|SO|VI U 502/14|Wyrok|https://www.saos.org.pl/judgments/295720
132024|2015-02-10|SO|III AUa 1374/14|Wyrok|https://www.saos.org.pl/judgments/132024
177996|2015-02-06|SO|I C 713/14|Uzasadnienie|https://www.saos.org.pl/judgments/177996
184426|2015-02-05|SO|III AUa 419/14|Wyrok|https://www.saos.org.pl/judgments/184426
130769|2015-02-03|SO|VI GC 20/14|Wyrok|https://www.saos.org.pl/judgments/130769
129312|2015-01-29|SO|I C 144/13|Wyrok|https://www.saos.org.pl/judgments/129312
135025|2015-01-27|SO|VI GC 228/13|Wyrok|https://www.saos.org.pl/judgments/135025
133538|2015-01-22|SO|VIII Ga 206/14|Uzasadnienie|https://www.saos.org.pl/judgments/133538
168053|2015-01-20|SN|V CZ 95/14|Postanowienie|https://www.saos.org.pl/judgments/168053
128879|2015-01-19|SO|I ACa 1121/14|Wyrok|https://www.saos.org.pl/judgments/128879
127219|2015-01-05|SO|VIII GC 316/11|Wyrok|https://www.saos.org.pl/judgments/127219
127367|2014-12-30|SO|I ACa 638/14|Wyrok|https://www.saos.org.pl/judgments/127367
129205|2014-12-23|SO|II C 801/12|Wyrok|https://www.saos.org.pl/judgments/129205
156438|2014-12-19|SO|III Ca 1303/14|Wyrok|https://www.saos.org.pl/judgments/156438
156437|2014-12-19|SO|III Ca 1302/14|Wyrok|https://www.saos.org.pl/judgments/156437
155745|2014-12-18|SO|II Ca 470/14|Uzasadnienie|https://www.saos.org.pl/judgments/155745
130697|2014-12-16|SO|I ACa 980/14|Wyrok|https://www.saos.org.pl/judgments/130697
127285|2014-12-11|SO|I ACa 947/14|Wyrok|https://www.saos.org.pl/judgments/127285
125341|2014-12-11|SO|I C 443/11|Wyrok|https://www.saos.org.pl/judgments/125341
173652|2014-12-10|SO|I C 184/12|Wyrok|https://www.saos.org.pl/judgments/173652
130692|2014-12-10|SO|I ACa 1518/13|Wyrok|https://www.saos.org.pl/judgments/130692
251716|2014-12-08|SO|II Ca 524/14|Wyrok|https://www.saos.org.pl/judgments/251716
134110|2014-12-04|SO|VI U 501/13|Wyrok|https://www.saos.org.pl/judgments/134110
76124|2014-12-04|SO|I ACa 503/14|Wyrok|https://www.saos.org.pl/judgments/76124
211739|2014-12-03|SO|VII U 1224/14|Wyrok|https://www.saos.org.pl/judgments/211739
130533|2014-12-03|SO|I ACa 713/13|Wyrok|https://www.saos.org.pl/judgments/130533
74364|2014-11-28|SO|I C 323/14|Wyrok|https://www.saos.org.pl/judgments/74364
127028|2014-11-27|SO|III Ca 842/14|Uzasadnienie|https://www.saos.org.pl/judgments/127028
131122|2014-11-25|SO|III AUa 227/14|Wyrok|https://www.saos.org.pl/judgments/131122
129394|2014-11-20|SO|VIII Ga 60/14|Uzasadnienie|https://www.saos.org.pl/judgments/129394
167426|2014-11-19|SN|III CSK 280/14|Postanowienie|https://www.saos.org.pl/judgments/167426
75009|2014-11-14|SO|VIII Ga 324/14|Wyrok|https://www.saos.org.pl/judgments/75009
74107|2014-11-14|SO|I ACa 492/14|Wyrok|https://www.saos.org.pl/judgments/74107
298948|2014-11-13|SO|III C 582/12|Wyrok|https://www.saos.org.pl/judgments/298948
130573|2014-11-07|SO|I ACa 648/14|Wyrok|https://www.saos.org.pl/judgments/130573
128687|2014-11-05|SO|I ACa 964/14|Wyrok|https://www.saos.org.pl/judgments/128687
68117|2014-11-05|SO|I C 66/13|Wyrok|https://www.saos.org.pl/judgments/68117
217578|2014-11-04|SO|VI U 1971/13|Wyrok|https://www.saos.org.pl/judgments/217578
128204|2014-11-04|SO|I C 1271/11|Wyrok|https://www.saos.org.pl/judgments/128204
69740|2014-11-03|SO|VII GC 288/12|Wyrok|https://www.saos.org.pl/judgments/69740
128867|2014-10-28|SO|VII U 1698/14|Wyrok|https://www.saos.org.pl/judgments/128867
126344|2014-10-23|SO|V ACa 531/14|Wyrok|https://www.saos.org.pl/judgments/126344
68694|2014-10-23|SO|III AUa 780/14|Wyrok|https://www.saos.org.pl/judgments/68694
189779|2014-10-22|SO|XXV C 962/13|Uzasadnienie|https://www.saos.org.pl/judgments/189779
188102|2014-10-17|SO|VII C 563/11|Wyrok|https://www.saos.org.pl/judgments/188102
161821|2014-10-16|KIO|KIO 1980/14|Wyrok|https://www.saos.org.pl/judgments/161821
72438|2014-10-16|SO|III AUa 18/14|Wyrok|https://www.saos.org.pl/judgments/72438
66936|2014-10-16|SO|I ACa 382/14|Wyrok|https://www.saos.org.pl/judgments/66936
195558|2014-10-14|SO|I ACa 992/14|Wyrok|https://www.saos.org.pl/judgments/195558
151361|2014-10-14|SO|III AUa 88/14|Wyrok|https://www.saos.org.pl/judgments/151361
148810|2014-10-14|SO|III AUa 91/14|Wyrok|https://www.saos.org.pl/judgments/148810
128341|2014-10-14|SO|III AUa 89/14|Wyrok|https://www.saos.org.pl/judgments/128341
71469|2014-10-14|SO|III AUa 22/14|Wyrok|https://www.saos.org.pl/judgments/71469
71468|2014-10-14|SO|III AUa 21/14|Wyrok|https://www.saos.org.pl/judgments/71468
66488|2014-10-10|SO|X Ga 342/14|Wyrok|https://www.saos.org.pl/judgments/66488
71267|2014-10-09|SO|II Ca 548/14|Wyrok|https://www.saos.org.pl/judgments/71267
296142|2014-10-08|SO|II Ca 17/14|Wyrok|https://www.saos.org.pl/judgments/296142
68982|2014-10-08|SO|I ACa 412/14|Wyrok|https://www.saos.org.pl/judgments/68982
71049|2014-10-02|SO|III Ca 398/14|Uzasadnienie|https://www.saos.org.pl/judgments/71049
68860|2014-09-30|SO|VIII Ga 103/14|Uzasadnienie|https://www.saos.org.pl/judgments/68860
63698|2014-09-30|SO|X Ga 52/14|Wyrok|https://www.saos.org.pl/judgments/63698
129450|2014-09-25|SO|II Ca 576/14|Uzasadnienie|https://www.saos.org.pl/judgments/129450
64061|2014-09-18|SO|VIII Ga 78/14|Uzasadnienie|https://www.saos.org.pl/judgments/64061
70063|2014-09-16|SO|I C 332/14|Wyrok|https://www.saos.org.pl/judgments/70063
71039|2014-09-15|SO|III Ca 1614/13|Uzasadnienie|https://www.saos.org.pl/judgments/71039
63689|2014-09-15|SO|VIII GC 102/13|Wyrok|https://www.saos.org.pl/judgments/63689
69026|2014-09-10|SO|III Ca 696/14|Wyrok|https://www.saos.org.pl/judgments/69026
73156|2014-09-04|SO|I ACa 319/14|Wyrok|https://www.saos.org.pl/judgments/73156
64284|2014-09-02|SO|I C 378/12|Wyrok|https://www.saos.org.pl/judgments/64284
60038|2014-08-27|SO|I C 1249/12|Wyrok|https://www.saos.org.pl/judgments/60038
61568|2014-08-22|SO|I C 1349/12|Wyrok|https://www.saos.org.pl/judgments/61568
60166|2014-07-28|SO|VIII GC 100/13|Wyrok|https://www.saos.org.pl/judgments/60166
68505|2014-07-25|SO|XV Ca 541/14|Wyrok|https://www.saos.org.pl/judgments/68505
64990|2014-07-17|SO|I ACa 383/14|Wyrok|https://www.saos.org.pl/judgments/64990
62152|2014-07-17|SO|III Ca 1406/13|Uzasadnienie|https://www.saos.org.pl/judgments/62152
59066|2014-07-15|SO|I C 1200/13|Wyrok|https://www.saos.org.pl/judgments/59066
148003|2014-07-10|SO|I C 908/13|Wyrok|https://www.saos.org.pl/judgments/148003
57478|2014-07-04|SO|VII U 2558/13|Wyrok|https://www.saos.org.pl/judgments/57478
57239|2014-06-27|SO|VI GC 357/13|Wyrok|https://www.saos.org.pl/judgments/57239
57043|2014-06-27|SO|VI GC 57/14|Wyrok|https://www.saos.org.pl/judgments/57043
60727|2014-06-26|SO|III Ca 14/14|Uzasadnienie|https://www.saos.org.pl/judgments/60727
60572|2014-06-26|SO|III Ca 1715/13|Uzasadnienie|https://www.saos.org.pl/judgments/60572
53996|2014-06-26|SO|III AUa 1991/13|Wyrok|https://www.saos.org.pl/judgments/53996
166212|2014-06-24|SN|I CSK 392/13|Wyrok|https://www.saos.org.pl/judgments/166212
51712|2014-06-23|SO|VII U 2362/13|Uzasadnienie|https://www.saos.org.pl/judgments/51712
57635|2014-06-18|SO|IV U 5360/14|Wyrok|https://www.saos.org.pl/judgments/57635
56835|2014-06-18|SO|I ACa 317/14|Wyrok|https://www.saos.org.pl/judgments/56835
69378|2014-06-13|SO|I ACa 522/14|Wyrok|https://www.saos.org.pl/judgments/69378
51713|2014-06-13|SO|VII U 2386/13|Uzasadnienie|https://www.saos.org.pl/judgments/51713
54997|2014-06-12|SO|III AUa 33/14|Wyrok|https://www.saos.org.pl/judgments/54997
51933|2014-06-11|SO|VI U 131/14|Wyrok|https://www.saos.org.pl/judgments/51933
147231|2014-06-06|SO|I Ca 114/14|Wyrok|https://www.saos.org.pl/judgments/147231
146939|2014-06-06|SO|I C 827/13|Wyrok|https://www.saos.org.pl/judgments/146939
52018|2014-06-05|SO|X GC 104/12|Uzasadnienie|https://www.saos.org.pl/judgments/52018
54653|2014-05-30|SO|X Ga 51/14|Wyrok|https://www.saos.org.pl/judgments/54653
51603|2014-05-30|SO|VI Ga 148/14|Wyrok|https://www.saos.org.pl/judgments/51603
165897|2014-05-28|SN|I CSK 345/13|Wyrok|https://www.saos.org.pl/judgments/165897
53748|2014-05-26|SO|VI GC 66/13|Wyrok|https://www.saos.org.pl/judgments/53748
69957|2014-05-23|SO|I C 1012/13|Wyrok|https://www.saos.org.pl/judgments/69957
47856|2014-05-16|SO|IV U 1093/13|Wyrok|https://www.saos.org.pl/judgments/47856
49659|2014-05-14|SO|VII U 2396/13|Wyrok|https://www.saos.org.pl/judgments/49659
51607|2014-05-12|SO|VI GC 10/13|Wyrok|https://www.saos.org.pl/judgments/51607
49867|2014-05-09|SO|I ACa 84/14|Wyrok|https://www.saos.org.pl/judgments/49867
60444|2014-05-08|SO|VI ACa 824/13|Wyrok|https://www.saos.org.pl/judgments/60444
48368|2014-05-08|SO|VIII Ga 214/13|Uzasadnienie|https://www.saos.org.pl/judgments/48368
145636|2014-05-07|SO|I C 1558/13|Uzasadnienie|https://www.saos.org.pl/judgments/145636
146210|2014-04-30|SO|I C 1805/12|Wyrok|https://www.saos.org.pl/judgments/146210
48975|2014-04-25|SO|III Ca 1429/13|Uzasadnienie|https://www.saos.org.pl/judgments/48975
61048|2014-04-24|SO|I C 2504/12|Wyrok|https://www.saos.org.pl/judgments/61048
154279|2014-04-21|SO|V ACz 366/15|Postanowienie|https://www.saos.org.pl/judgments/154279
104973|2014-04-16|SN|V CSK 296/13|Wyrok|https://www.saos.org.pl/judgments/104973
52309|2014-04-16|SO|X GC 443/13|Wyrok|https://www.saos.org.pl/judgments/52309
53018|2014-04-11|SO|XII C 48/13|Wyrok|https://www.saos.org.pl/judgments/53018
171526|2014-04-10|SO|XV Ca 347/14|Wyrok|https://www.saos.org.pl/judgments/171526
44947|2014-04-10|SO|II Ca 146/14|Wyrok|https://www.saos.org.pl/judgments/44947
232486|2014-04-08|SO|X GC 249/12|Wyrok|https://www.saos.org.pl/judgments/232486
153353|2014-04-04|SO|X GC 169/13|Wyrok|https://www.saos.org.pl/judgments/153353
61630|2014-04-03|SO|I ACa 951/13|Wyrok|https://www.saos.org.pl/judgments/61630
133271|2014-04-02|SO|III Ca 1860/13|Wyrok|https://www.saos.org.pl/judgments/133271
45342|2014-04-01|SO|VIII Ga 162/13|Uzasadnienie|https://www.saos.org.pl/judgments/45342
165690|2014-03-28|SN|III CSK 155/13|Wyrok|https://www.saos.org.pl/judgments/165690
46856|2014-03-27|SO|I ACa 43/14|Wyrok|https://www.saos.org.pl/judgments/46856
145541|2014-03-26|SO|I Ca 36/14|Wyrok|https://www.saos.org.pl/judgments/145541
62135|2014-03-24|SO|I C 1097/09|Wyrok|https://www.saos.org.pl/judgments/62135
41471|2014-03-20|SO|VI GC 400/13|Wyrok|https://www.saos.org.pl/judgments/41471
50155|2014-03-18|SO|II Ca 2160/13|Wyrok|https://www.saos.org.pl/judgments/50155
45802|2014-03-18|SO|I ACa 915/13|Wyrok|https://www.saos.org.pl/judgments/45802
43591|2014-03-12|SO|VII U 2389/13|Wyrok|https://www.saos.org.pl/judgments/43591
42405|2014-03-12|SO|I ACa 1152/13|Wyrok|https://www.saos.org.pl/judgments/42405
62114|2014-03-07|SO|I C 956/12|Wyrok|https://www.saos.org.pl/judgments/62114
146249|2014-03-06|SO|I C 1423/13|Wyrok|https://www.saos.org.pl/judgments/146249
67728|2014-03-06|SO|I ACa 34/13|Wyrok|https://www.saos.org.pl/judgments/67728
45382|2014-03-06|SO|I ACa 816/13|Wyrok|https://www.saos.org.pl/judgments/45382
42404|2014-02-27|SO|I ACa 1151/13|Wyrok|https://www.saos.org.pl/judgments/42404
44339|2014-02-24|SO|XV C 290/12|Wyrok|https://www.saos.org.pl/judgments/44339
46471|2014-02-20|SO|III AUa 324/13|Wyrok|https://www.saos.org.pl/judgments/46471
144154|2014-02-19|SO|I Ca 13/14|Wyrok|https://www.saos.org.pl/judgments/144154
40618|2014-02-19|SO|VII U 624/13|Wyrok|https://www.saos.org.pl/judgments/40618
46131|2014-02-14|SO|V ACa 862/13|Wyrok|https://www.saos.org.pl/judgments/46131
36706|2014-02-12|SO|VIII Ca 401/13|Wyrok|https://www.saos.org.pl/judgments/36706
322098|2014-02-07|SO|II Ca 564/13|Uzasadnienie|https://www.saos.org.pl/judgments/322098
49497|2014-02-07|SO|III AUa 957/11|Wyrok|https://www.saos.org.pl/judgments/49497
153058|2014-02-06|SO|I ACa 1539/13|Wyrok|https://www.saos.org.pl/judgments/153058
146597|2014-02-06|SO|I C 1356/12|Wyrok|https://www.saos.org.pl/judgments/146597
146973|2014-02-05|SO|I C 93/13|Uzasadnienie|https://www.saos.org.pl/judgments/146973
37564|2014-02-05|SO|III AUa 583/13|Wyrok|https://www.saos.org.pl/judgments/37564
147440|2014-01-31|SO|II Ca 1153/13|Wyrok|https://www.saos.org.pl/judgments/147440
36725|2014-01-24|SO|X Ga 313/13|Wyrok|https://www.saos.org.pl/judgments/36725
36563|2014-01-23|SO|IV U 197/13|Wyrok|https://www.saos.org.pl/judgments/36563
322541|2014-01-22|SO|II Ca 483/13|Wyrok|https://www.saos.org.pl/judgments/322541
208371|2014-01-21|SO|VIII U 2058/13|Wyrok|https://www.saos.org.pl/judgments/208371
73150|2014-01-21|SO|I ACa 1435/13|Wyrok|https://www.saos.org.pl/judgments/73150
34088|2014-01-15|SO|III Ca 790/13|Wyrok|https://www.saos.org.pl/judgments/34088
39067|2014-01-09|SO|I ACa 1233/13|Wyrok|https://www.saos.org.pl/judgments/39067
53761|2013-12-18|SO|I ACa 1339/13|Wyrok|https://www.saos.org.pl/judgments/53761
36005|2013-12-18|SO|III AUa 630/13|Wyrok|https://www.saos.org.pl/judgments/36005
53276|2013-12-17|SO|VI ACa 291/13|Wyrok|https://www.saos.org.pl/judgments/53276
46551|2013-12-13|SO|I ACa 1214/13|Wyrok|https://www.saos.org.pl/judgments/46551
30513|2013-12-12|SO|III AUa 712/13|Wyrok|https://www.saos.org.pl/judgments/30513
293331|2013-12-10|SO|II Ca 360/13|Wyrok|https://www.saos.org.pl/judgments/293331
38085|2013-12-05|SO|IV U 279/13|Wyrok|https://www.saos.org.pl/judgments/38085
128431|2013-11-29|SO|XV GC 1353/13|Wyrok|https://www.saos.org.pl/judgments/128431
35677|2013-11-29|SO|I ACa 722/13|Wyrok|https://www.saos.org.pl/judgments/35677
38768|2013-11-28|SO|I ACa 498/13|Wyrok|https://www.saos.org.pl/judgments/38768
31536|2013-11-22|SO|I ACa 637/13|Wyrok|https://www.saos.org.pl/judgments/31536
141935|2013-11-21|SO|I C 175/13|Wyrok|https://www.saos.org.pl/judgments/141935
29321|2013-11-21|SO|III AUa 416/13|Wyrok|https://www.saos.org.pl/judgments/29321
29313|2013-11-21|SO|III AUa 34/13|Wyrok|https://www.saos.org.pl/judgments/29313
141481|2013-11-20|SO|I Ca 419/13|Wyrok|https://www.saos.org.pl/judgments/141481
32737|2013-11-19|SO|II Ca 895/13|Wyrok|https://www.saos.org.pl/judgments/32737
27973|2013-11-19|SO|IV Ca 290/13|Wyrok|https://www.saos.org.pl/judgments/27973
226720|2013-11-15|SO|V Ca 1695/13|Wyrok|https://www.saos.org.pl/judgments/226720
26842|2013-11-15|SO|IV Ca 526/13|Wyrok|https://www.saos.org.pl/judgments/26842
58018|2013-11-14|SO|I ACa 1099/13|Wyrok|https://www.saos.org.pl/judgments/58018
37465|2013-11-14|SO|I ACa 491/13|Wyrok|https://www.saos.org.pl/judgments/37465
210937|2013-11-08|SO|III AUa 1228/13|Wyrok|https://www.saos.org.pl/judgments/210937
29427|2013-11-08|SO|VIII Ga 307/13|Wyrok|https://www.saos.org.pl/judgments/29427
385104|2013-11-06|SO|V ACa 437/13|Wyrok|https://www.saos.org.pl/judgments/385104
27192|2013-11-06|SO|IV Ca 1533/12|Wyrok|https://www.saos.org.pl/judgments/27192
57639|2013-11-05|SO|VI ACa 239/13|Wyrok|https://www.saos.org.pl/judgments/57639
54790|2013-11-05|SO|I ACa 128/13|Wyrok|https://www.saos.org.pl/judgments/54790
142792|2013-10-31|SO|I C 769/13|Wyrok|https://www.saos.org.pl/judgments/142792
292934|2013-10-30|SO|II Ca 13/13|Wyrok|https://www.saos.org.pl/judgments/292934
64271|2013-10-29|SO|XXVI GC 70/13|Uzasadnienie|https://www.saos.org.pl/judgments/64271
29199|2013-10-28|SO|VI GC 207/13|Wyrok|https://www.saos.org.pl/judgments/29199
28404|2013-10-25|SO|I ACa 631/13|Wyrok|https://www.saos.org.pl/judgments/28404
26119|2013-10-25|SO|VIII Ga 294/13|Wyrok|https://www.saos.org.pl/judgments/26119
24829|2013-10-25|SO|IV Ca 490/13|Wyrok|https://www.saos.org.pl/judgments/24829
26075|2013-10-24|SO|VI Ga 194/13|Wyrok|https://www.saos.org.pl/judgments/26075
53287|2013-10-23|SO|I ACa 364/13|Wyrok|https://www.saos.org.pl/judgments/53287
51876|2013-10-23|SO|I ACa 428/13|Wyrok|https://www.saos.org.pl/judgments/51876
141445|2013-10-21|SO|I C 1909/12|Wyrok|https://www.saos.org.pl/judgments/141445
24453|2013-10-18|SO|I ACa 569/13|Wyrok|https://www.saos.org.pl/judgments/24453
26045|2013-10-16|SO|I ACa 761/13|Wyrok|https://www.saos.org.pl/judgments/26045
141534|2013-10-11|SO|I C 1893/12|Wyrok|https://www.saos.org.pl/judgments/141534
30908|2013-10-10|SO|VI Ga 176/13|Wyrok|https://www.saos.org.pl/judgments/30908
140823|2013-10-09|SO|I Ca 258/13|Wyrok|https://www.saos.org.pl/judgments/140823
23695|2013-10-09|SO|VIII GC 80/13|Wyrok|https://www.saos.org.pl/judgments/23695
25021|2013-10-08|SO|III AUa 401/13|Wyrok|https://www.saos.org.pl/judgments/25021
51999|2013-10-04|SO|VI ACa 354/13|Wyrok|https://www.saos.org.pl/judgments/51999
24428|2013-10-04|SO|VIII GC 101/12|Wyrok|https://www.saos.org.pl/judgments/24428
25018|2013-10-01|SO|III AUa 330/13|Wyrok|https://www.saos.org.pl/judgments/25018
23860|2013-10-01|SO|III AUa 331/13|Wyrok|https://www.saos.org.pl/judgments/23860
145457|2013-09-26|SO|II Ca 119/13|Uzasadnienie|https://www.saos.org.pl/judgments/145457
27561|2013-09-25|SO|V GC 88/13|Wyrok|https://www.saos.org.pl/judgments/27561
26525|2013-09-25|SO|I ACa 496/13|Wyrok|https://www.saos.org.pl/judgments/26525
23116|2013-09-25|SO|III AUa 271/13|Wyrok|https://www.saos.org.pl/judgments/23116
70760|2013-09-19|SO|I C 216/13|Wyrok|https://www.saos.org.pl/judgments/70760
25680|2013-09-19|SO|I ACa 349/13|Wyrok|https://www.saos.org.pl/judgments/25680
102904|2013-09-18|SN|V CNP 84/12|Postanowienie|https://www.saos.org.pl/judgments/102904
102900|2013-09-18|SN|II UK 39/13|Wyrok|https://www.saos.org.pl/judgments/102900
21135|2013-09-18|SO|III AUa 244/13|Wyrok|https://www.saos.org.pl/judgments/21135
320148|2013-09-17|SO|XX GC 279/12|Wyrok|https://www.saos.org.pl/judgments/320148
45418|2013-09-17|SO|II Ca 94/13|Wyrok|https://www.saos.org.pl/judgments/45418
123431|2013-09-13|KIO|KIO 2078/13|Wyrok|https://www.saos.org.pl/judgments/123431
20913|2013-09-13|SO|VII Ga 84/13|Wyrok|https://www.saos.org.pl/judgments/20913
140433|2013-09-06|SO|I C 501/12|Wyrok|https://www.saos.org.pl/judgments/140433
21966|2013-09-06|SO|V ACa 186/13|Wyrok|https://www.saos.org.pl/judgments/21966
20450|2013-09-04|SO|IX GC 533/10|Wyrok|https://www.saos.org.pl/judgments/20450
43035|2013-08-28|SO|I ACa 796/13|Wyrok|https://www.saos.org.pl/judgments/43035
23450|2013-08-28|SO|III AUa 2179/12|Wyrok|https://www.saos.org.pl/judgments/23450
26710|2013-08-21|SO|I ACa 334/13|Wyrok|https://www.saos.org.pl/judgments/26710
26578|2013-08-20|SO|III AUa 182/13|Wyrok|https://www.saos.org.pl/judgments/26578
19663|2013-08-20|SO|III AUa 288/13|Wyrok|https://www.saos.org.pl/judgments/19663
29887|2013-08-14|SO|VI ACa 37/13|Wyrok|https://www.saos.org.pl/judgments/29887
20828|2013-08-08|SO|I ACa 1294/12|Wyrok|https://www.saos.org.pl/judgments/20828
21291|2013-07-26|SO|II Ca 469/13|Wyrok|https://www.saos.org.pl/judgments/21291
20414|2013-07-26|SO|I ACa 277/13|Wyrok|https://www.saos.org.pl/judgments/20414
378511|2013-07-23|SO|III AUa 2125/12|Wyrok|https://www.saos.org.pl/judgments/378511
378508|2013-07-23|SO|III AUa 2089/12|Wyrok|https://www.saos.org.pl/judgments/378508
24520|2013-07-23|SO|VII Ga 158/13|Wyrok|https://www.saos.org.pl/judgments/24520
18183|2013-07-16|SO|III AUa 379/13|Wyrok|https://www.saos.org.pl/judgments/18183
18174|2013-07-11|SO|III AUa 2092/12|Wyrok|https://www.saos.org.pl/judgments/18174
18173|2013-07-11|SO|III AUa 2091/12|Wyrok|https://www.saos.org.pl/judgments/18173
18015|2013-07-10|SO|I ACa 472/13|Wyrok|https://www.saos.org.pl/judgments/18015
27231|2013-07-09|SO|V ACa 166/13|Wyrok|https://www.saos.org.pl/judgments/27231
29717|2013-07-05|SO|VIII Ga 152/13|Wyrok|https://www.saos.org.pl/judgments/29717
147714|2013-07-03|SO|I C 779/11|Wyrok|https://www.saos.org.pl/judgments/147714
16098|2013-07-02|SO|III AUa 44/13|Wyrok|https://www.saos.org.pl/judgments/16098
139954|2013-06-28|SO|I C 564/11|Wyrok|https://www.saos.org.pl/judgments/139954
28603|2013-06-25|SO|III AUa 31/13|Wyrok|https://www.saos.org.pl/judgments/28603
26574|2013-06-25|SO|III AUa 13/13|Wyrok|https://www.saos.org.pl/judgments/26574
26571|2013-06-25|SO|III AUa 12/13|Wyrok|https://www.saos.org.pl/judgments/26571
21280|2013-06-20|SO|I ACa 264/13|Wyrok|https://www.saos.org.pl/judgments/21280
19283|2013-06-13|SO|I ACa 1478/12|Wyrok|https://www.saos.org.pl/judgments/19283
16246|2013-06-13|SO|III AUa 235/13|Wyrok|https://www.saos.org.pl/judgments/16246
15036|2013-06-11|SO|VIII GC 294/11|Wyrok|https://www.saos.org.pl/judgments/15036
31241|2013-06-10|SO|I ACa 50/13|Wyrok|https://www.saos.org.pl/judgments/31241
140627|2013-06-06|SO|II Ca 1294/12|Wyrok|https://www.saos.org.pl/judgments/140627
16244|2013-06-06|SO|III AUa 2065/12|Wyrok|https://www.saos.org.pl/judgments/16244
16376|2013-06-05|SO|I ACa 390/13|Wyrok|https://www.saos.org.pl/judgments/16376
14734|2013-06-04|SO|I ACa 154/13|Wyrok|https://www.saos.org.pl/judgments/14734
292470|2013-05-28|SO|II Ca 1239/12|Wyrok|https://www.saos.org.pl/judgments/292470
15585|2013-05-28|SO|V ACa 1/13|Wyrok|https://www.saos.org.pl/judgments/15585
14560|2013-05-28|SO|II Ca 250/13|Wyrok|https://www.saos.org.pl/judgments/14560
146392|2013-05-23|SO|I C 145/12|Wyrok|https://www.saos.org.pl/judgments/146392
18873|2013-05-23|SO|VII U 3250/12|Wyrok|https://www.saos.org.pl/judgments/18873
14247|2013-05-23|SO|I ACa 336/13|Wyrok|https://www.saos.org.pl/judgments/14247
141042|2013-05-22|SO|I C 940/12|Wyrok|https://www.saos.org.pl/judgments/141042
272981|2013-05-21|SO|VII U 591/12|Wyrok|https://www.saos.org.pl/judgments/272981
139231|2013-05-17|SO|I C 770/12|Wyrok|https://www.saos.org.pl/judgments/139231
101744|2013-05-15|SN|III CSK 267/12|Wyrok|https://www.saos.org.pl/judgments/101744
11045|2013-05-09|SO|V ACa 83/13|Wyrok|https://www.saos.org.pl/judgments/11045
26568|2013-05-07|SO|III AUa 1136/12|Wyrok|https://www.saos.org.pl/judgments/26568
13133|2013-05-06|SO|V ACa 85/13|Wyrok|https://www.saos.org.pl/judgments/13133
139004|2013-04-30|SO|I C 591/09|Wyrok|https://www.saos.org.pl/judgments/139004
12777|2013-04-30|SO|XV C 174/12|Wyrok|https://www.saos.org.pl/judgments/12777
12690|2013-04-25|SO|III AUa 1435/12|Wyrok|https://www.saos.org.pl/judgments/12690
75416|2013-04-24|SO|I ACa 295/13|Wyrok|https://www.saos.org.pl/judgments/75416
122423|2013-04-22|KIO|KIO 790/13|Wyrok|https://www.saos.org.pl/judgments/122423
13106|2013-04-18|SO|III AUa 1397/12|Wyrok|https://www.saos.org.pl/judgments/13106
13105|2013-04-18|SO|III AUa 1396/12|Wyrok|https://www.saos.org.pl/judgments/13105
16306|2013-04-17|SO|VII U 3201/12|Wyrok|https://www.saos.org.pl/judgments/16306
13132|2013-04-12|SO|V ACa 16/13|Wyrok|https://www.saos.org.pl/judgments/13132
11658|2013-04-11|SO|V ACa 17/13|Wyrok|https://www.saos.org.pl/judgments/11658
10848|2013-04-11|SO|I ACa 75/13|Wyrok|https://www.saos.org.pl/judgments/10848
8812|2013-03-28|SO|V ACa 851/12|Wyrok|https://www.saos.org.pl/judgments/8812
38753|2013-03-27|SO|I ACa 1426/12|Wyrok|https://www.saos.org.pl/judgments/38753
9620|2013-03-27|SO|VIII Ca 68/13|Wyrok|https://www.saos.org.pl/judgments/9620
11469|2013-03-26|SO|I ACa 1150/12|Wyrok|https://www.saos.org.pl/judgments/11469
101140|2013-03-21|SN|III CSK 216/12|Wyrok|https://www.saos.org.pl/judgments/101140
16832|2013-03-13|SO|I ACa 848/12|Wyrok|https://www.saos.org.pl/judgments/16832
138145|2013-03-12|SO|I Ns 887/12|Postanowienie|https://www.saos.org.pl/judgments/138145
15346|2013-03-08|SO|I ACa 160/13|Wyrok|https://www.saos.org.pl/judgments/15346
138007|2013-02-28|SO|I C 1445/12|Wyrok|https://www.saos.org.pl/judgments/138007
16387|2013-02-28|SO|I ACa 705/12|Wyrok|https://www.saos.org.pl/judgments/16387
10018|2013-02-27|SO|II Ca 1533/12|Wyrok|https://www.saos.org.pl/judgments/10018
23332|2013-02-22|SO|V ACa 968/12|Wyrok|https://www.saos.org.pl/judgments/23332
7015|2013-02-18|SO|I ACz 51/13|Postanowienie|https://www.saos.org.pl/judgments/7015
13315|2013-02-14|SO|I ACa 836/12|Wyrok|https://www.saos.org.pl/judgments/13315
10321|2013-02-13|SO|I ACa 1391/12|Wyrok|https://www.saos.org.pl/judgments/10321
26955|2013-02-12|SO|V Ca 3376/12|Wyrok|https://www.saos.org.pl/judgments/26955
13296|2013-02-12|SO|I ACa 780/12|Wyrok|https://www.saos.org.pl/judgments/13296
9182|2013-02-06|SO|XV GC 1057/12|Wyrok|https://www.saos.org.pl/judgments/9182
121928|2013-02-05|KIO|KIO 171/13|Wyrok|https://www.saos.org.pl/judgments/121928
50238|2013-01-15|SO|V Ca 2714/12|Wyrok|https://www.saos.org.pl/judgments/50238
7229|2013-01-11|SO|II Ca 979/12|Wyrok|https://www.saos.org.pl/judgments/7229
4909|2013-01-08|SO|I ACa 793/11|Wyrok|https://www.saos.org.pl/judgments/4909
4760|2012-12-31|SO|III AUa 1110/12|Wyrok|https://www.saos.org.pl/judgments/4760
4663|2012-12-28|SO|I ACa 728/12|Wyrok|https://www.saos.org.pl/judgments/4663
13260|2012-12-20|SO|I ACa 649/12|Wyrok|https://www.saos.org.pl/judgments/13260
28791|2012-12-19|SO|I ACa 678/12|Wyrok|https://www.saos.org.pl/judgments/28791
3879|2012-12-11|SO|III AUa 670/12|Wyrok|https://www.saos.org.pl/judgments/3879
9585|2012-12-06|SO|III AUa 1208/12|Wyrok|https://www.saos.org.pl/judgments/9585
7490|2012-11-22|SO|I ACa 545/12|Wyrok|https://www.saos.org.pl/judgments/7490
389779|2012-11-20|SO|V ACa 486/12|Wyrok|https://www.saos.org.pl/judgments/389779
3065|2012-11-09|SO|III AUa 705/12|Wyrok|https://www.saos.org.pl/judgments/3065
2822|2012-11-08|SO|III AUa 729/12|Wyrok|https://www.saos.org.pl/judgments/2822
5214|2012-11-07|SO|VI ACa 706/12|Wyrok|https://www.saos.org.pl/judgments/5214
2757|2012-11-06|SO|III AUa 227/12|Wyrok|https://www.saos.org.pl/judgments/2757
6391|2012-10-30|SO|III AUa 481/12|Wyrok|https://www.saos.org.pl/judgments/6391
2764|2012-10-30|SO|III AUa 2690/11|Wyrok|https://www.saos.org.pl/judgments/2764
2756|2012-10-30|SO|III AUa 225/12|Wyrok|https://www.saos.org.pl/judgments/2756
2703|2012-10-30|SO|III AUa 457/12|Wyrok|https://www.saos.org.pl/judgments/2703
2423|2012-10-30|SO|III AUa 226/12|Wyrok|https://www.saos.org.pl/judgments/2423
1093|2012-10-30|SO|III AUa 486/12|Wyrok|https://www.saos.org.pl/judgments/1093
2753|2012-10-23|SO|III AUa 203/12|Wyrok|https://www.saos.org.pl/judgments/2753
2384|2012-10-23|SO|III AUa 607/12|Wyrok|https://www.saos.org.pl/judgments/2384
121181|2012-10-18|KIO|KIO 2135/12|Wyrok|https://www.saos.org.pl/judgments/121181
2282|2012-10-17|SO|I ACa 530/12|Wyrok|https://www.saos.org.pl/judgments/2282
169442|2012-10-11|SO|III AUa 1930/11|Wyrok|https://www.saos.org.pl/judgments/169442
82|2012-10-05|SO|I ACa 858/12|Wyrok|https://www.saos.org.pl/judgments/82
121095|2012-10-03|KIO|KIO 2015/12|Wyrok|https://www.saos.org.pl/judgments/121095
491|2012-09-20|SO|V ACa 286/12|Wyrok|https://www.saos.org.pl/judgments/491
10890|2012-09-07|SO|I ACa 881/12|Wyrok|https://www.saos.org.pl/judgments/10890
31189|2012-08-24|SO|XXV C 518/11|Wyrok|https://www.saos.org.pl/judgments/31189
120601|2012-08-20|KIO|KIO 1357/12|Wyrok|https://www.saos.org.pl/judgments/120601
98700|2012-07-18|SN|III CZP 39/12|Uchwała|https://www.saos.org.pl/judgments/98700
120106|2012-06-06|KIO|KIO 707/12|Wyrok|https://www.saos.org.pl/judgments/120106
120092|2012-04-24|KIO|KIO 692/12|Wyrok|https://www.saos.org.pl/judgments/120092
97498|2012-03-15|SN|I CSK 287/11|Wyrok|https://www.saos.org.pl/judgments/97498
97497|2012-03-15|SN|I CSK 287/11|Wyrok|https://www.saos.org.pl/judgments/97497
97148|2012-02-08|SN|V CSK 73/11|Wyrok|https://www.saos.org.pl/judgments/97148
13444|2012-01-16|SO|XVII AmC 2717/10|Uzasadnienie|https://www.saos.org.pl/judgments/13444
96755|2012-01-12|SN|IV CSK 182/11|Wyrok|https://www.saos.org.pl/judgments/96755
96754|2012-01-12|SN|IV CSK 182/11|Wyrok|https://www.saos.org.pl/judgments/96754
271210|2012-01-03|SO|XVII AmC 2717/10|Wyrok|https://www.saos.org.pl/judgments/271210
118967|2011-10-11|KIO|KIO 2057/11|Wyrok|https://www.saos.org.pl/judgments/118967
95653|2011-09-09|SN|I CSK 696/10|Wyrok|https://www.saos.org.pl/judgments/95653
19196|2011-06-10|SO|XXV C 1361/10|Wyrok|https://www.saos.org.pl/judgments/19196
381444|2011-05-09|SO|V ACa 617/10|Wyrok|https://www.saos.org.pl/judgments/381444
93176|2010-10-20|SN|III CSK 323/09|Wyrok|https://www.saos.org.pl/judgments/93176
115412|2010-03-02|KIO|KIO/UZP 184/10|Wyrok|https://www.saos.org.pl/judgments/115412
4846|2009-12-15|SO|I ACa 107/09|Wyrok|https://www.saos.org.pl/judgments/4846
90562|2009-07-09|SN|III CSK 341/08|Wyrok|https://www.saos.org.pl/judgments/90562
89177|2008-11-14|SN|V CSK 182/08|Wyrok|https://www.saos.org.pl/judgments/89177
89056|2008-11-05|SN|I CSK 198/08|Wyrok|https://www.saos.org.pl/judgments/89056
87771|2008-04-02|SN|III CSK 323/07|Wyrok|https://www.saos.org.pl/judgments/87771
87780|2008-03-31|SN|V CSK 581/07|Postanowienie|https://www.saos.org.pl/judgments/87780
164722|2006-11-29|SN|II CSK 267/06|Wyrok|https://www.saos.org.pl/judgments/164722
84668|2006-10-20|SN|IV CSK 178/06|Wyrok|https://www.saos.org.pl/judgments/84668
84623|2006-10-05|SN|IV CSK 157/06|Wyrok|https://www.saos.org.pl/judgments/84623
164517|2006-09-21|SN|I CSK 129/06|Wyrok|https://www.saos.org.pl/judgments/164517
464437|2006-06-22|SO|I ACa 2321/05|Wyrok|https://www.saos.org.pl/judgments/464437
310|2006-03-30|SO|I ACa 1900/05|Wyrok|https://www.saos.org.pl/judgments/310
83883|2005-12-02|SN|II CK 287/05|Wyrok|https://www.saos.org.pl/judgments/83883
163755|2005-11-16|SN|V CK 350/05|Wyrok|https://www.saos.org.pl/judgments/163755
163652|2005-10-19|SN|V CK 255/05|Wyrok|https://www.saos.org.pl/judgments/163652
163617|2005-10-13|SN|IV CK 180/05|Wyrok|https://www.saos.org.pl/judgments/163617
163247|2005-05-12|SN|III CK 586/04|Wyrok|https://www.saos.org.pl/judgments/163247
83132|2005-01-19|SN|I CK 410/04|Wyrok|https://www.saos.org.pl/judgments/83132
162745|2004-12-03|SN|IV CK 340/04|Wyrok|https://www.saos.org.pl/judgments/162745
82564|2004-03-19|SN|IV CK 172/03|Wyrok|https://www.saos.org.pl/judgments/82564
81119|2002-01-11|SN|III CZP 63/01|Uchwała|https://www.saos.org.pl/judgments/81119
80273|2001-01-26|SN|II CKN 365/00|Wyrok|https://www.saos.org.pl/judgments/80273
