saos_id|date|court|case_number|type|saos_url
544572|2026-03-06|SO|I C 2476/24|Wyrok|https://www.saos.org.pl/judgments/544572
544588|2026-02-23|SO|I C 845/25|Wyrok|https://www.saos.org.pl/judgments/544588
544143|2026-02-17|SO|I C 873/25|Wyrok|https://www.saos.org.pl/judgments/544143
540784|2026-01-09|SO|I Ns 438/23|Postanowienie|https://www.saos.org.pl/judgments/540784
542812|2025-11-28|SO|III Ns 856/16|Postanowienie|https://www.saos.org.pl/judgments/542812
538303|2025-10-30|SO|IV Ka 897/25|Uzasadnienie|https://www.saos.org.pl/judgments/538303
539948|2025-10-24|SO|I Ns 260/17|Postanowienie|https://www.saos.org.pl/judgments/539948
537168|2025-10-22|SO|I Ns 69/25|Postanowienie|https://www.saos.org.pl/judgments/537168
538186|2025-10-03|SO|I Ns 357/22|Postanowienie|https://www.saos.org.pl/judgments/538186
536105|2025-10-01|SO|I Ns 399/22|Postanowienie|https://www.saos.org.pl/judgments/536105
536419|2025-09-24|SO|I Ns 169/20|Postanowienie|https://www.saos.org.pl/judgments/536419
539602|2025-09-17|SO|IX Ka 1173/25|Uzasadnienie|https://www.saos.org.pl/judgments/539602
535461|2025-09-10|SO|XXV C 516/23|Wyrok|https://www.saos.org.pl/judgments/535461
537105|2025-09-02|SO|III C 301/25|Wyrok|https://www.saos.org.pl/judgments/537105
531768|2025-07-22|SO|I Ns 279/23|Postanowienie|https://www.saos.org.pl/judgments/531768
529972|2025-07-09|SO|IV Ca 967/24|Uzasadnienie|https://www.saos.org.pl/judgments/529972
530058|2025-06-30|SO|I Ns 2/25|Postanowienie|https://www.saos.org.pl/judgments/530058
530240|2025-06-26|SO|I Ns 400/23|Postanowienie|https://www.saos.org.pl/judgments/530240
532578|2025-06-05|SO|II Ca 202/25|Postanowienie|https://www.saos.org.pl/judgments/532578
528562|2025-05-29|SO|I Ns 359/22|Postanowienie|https://www.saos.org.pl/judgments/528562
527272|2025-05-20|SO|I Ns 317/22|Postanowienie|https://www.saos.org.pl/judgments/527272
527221|2025-05-08|SO|I Ns 458/23|Postanowienie|https://www.saos.org.pl/judgments/527221
536369|2025-04-17|SO|II C 1227/24|Uzasadnienie|https://www.saos.org.pl/judgments/536369
538850|2025-04-09|SO|I 1 Cz 34/24|Postanowienie|https://www.saos.org.pl/judgments/538850
527991|2025-04-08|SO|I C 810/23|Wyrok|https://www.saos.org.pl/judgments/527991
532264|2025-04-03|SO|I C 1279/24|Wyrok|https://www.saos.org.pl/judgments/532264
529576|2025-03-31|SO|I C 1163/24|Wyrok|https://www.saos.org.pl/judgments/529576
529384|2025-02-26|SO|III Ns 265/21|Postanowienie|https://www.saos.org.pl/judgments/529384
539025|2025-02-20|SO|I C 1422/24|Wyrok|https://www.saos.org.pl/judgments/539025
524786|2025-02-13|SO|I C 435/24|Wyrok|https://www.saos.org.pl/judgments/524786
522508|2025-01-27|SO|II C 1226/24|Uzasadnienie|https://www.saos.org.pl/judgments/522508
535526|2025-01-24|SO|I C 1405/22|Wyrok|https://www.saos.org.pl/judgments/535526
536891|2025-01-14|SO|I Ns 179/20|Postanowienie|https://www.saos.org.pl/judgments/536891
524227|2025-01-13|SO|I Ns 3/22|Postanowienie|https://www.saos.org.pl/judgments/524227
519669|2024-12-30|SO|I Ns 232/23|Postanowienie|https://www.saos.org.pl/judgments/519669
519460|2024-12-18|SO|I Ns 667/22|Postanowienie|https://www.saos.org.pl/judgments/519460
520038|2024-12-10|SO|I C 144/24|Wyrok|https://www.saos.org.pl/judgments/520038
519107|2024-11-26|SO|II Ca 1573/24|Postanowienie|https://www.saos.org.pl/judgments/519107
522956|2024-11-19|SO|III Ca 336/23|Postanowienie|https://www.saos.org.pl/judgments/522956
521191|2024-10-17|SO|I Ns 380/23|Uzasadnienie|https://www.saos.org.pl/judgments/521191
515880|2024-10-14|SO|I Ns 210/24|Postanowienie|https://www.saos.org.pl/judgments/515880
509230|2024-10-02|SO|IX Ca 798/24|Postanowienie|https://www.saos.org.pl/judgments/509230
517275|2024-09-24|SO|I Ns 440/23|Postanowienie|https://www.saos.org.pl/judgments/517275
520938|2024-09-23|SO|I C 50/22|Wyrok|https://www.saos.org.pl/judgments/520938
521206|2024-09-18|SO|II Ca 811/23|Postanowienie|https://www.saos.org.pl/judgments/521206
495981|2024-09-04|SO|I C 147/23|Zarządzenie|https://www.saos.org.pl/judgments/495981
501920|2024-08-12|SO|II Ca 335/24|Postanowienie|https://www.saos.org.pl/judgments/501920
521159|2024-07-31|SO|I C 449/22|Wyrok|https://www.saos.org.pl/judgments/521159
509219|2024-07-16|SO|IX Ca 577/24|Postanowienie|https://www.saos.org.pl/judgments/509219
541823|2024-06-12|SO|I ACa 870/23|Wyrok|https://www.saos.org.pl/judgments/541823
519152|2024-05-29|SO|I ACa 1562/23|Wyrok|https://www.saos.org.pl/judgments/519152
496046|2024-05-22|SO|I C 152/23|Wyrok|https://www.saos.org.pl/judgments/496046
517272|2024-05-21|SO|I Ns 232/21|Postanowienie|https://www.saos.org.pl/judgments/517272
533735|2024-05-15|SO|III Ca 1724/23|Uzasadnienie|https://www.saos.org.pl/judgments/533735
518562|2024-05-06|SO|XXV C 504/22|Wyrok|https://www.saos.org.pl/judgments/518562
538225|2024-04-30|SO|XV Ca 2223/23|Postanowienie|https://www.saos.org.pl/judgments/538225
518172|2024-04-17|SO|I ACa 1351/23|Wyrok|https://www.saos.org.pl/judgments/518172
500156|2024-04-17|SO|I Ns 3/23|Postanowienie|https://www.saos.org.pl/judgments/500156
532001|2024-04-15|SO|III Ca 1884/21|Uzasadnienie|https://www.saos.org.pl/judgments/532001
531728|2024-04-15|SO|III Ca 829/23|Uzasadnienie|https://www.saos.org.pl/judgments/531728
516227|2024-04-11|SO|II Ca 1041/23|Postanowienie|https://www.saos.org.pl/judgments/516227
514787|2024-04-04|SO|XIV C 236/23|Wyrok|https://www.saos.org.pl/judgments/514787
502088|2024-03-25|SO|II Ca 597/23|Postanowienie|https://www.saos.org.pl/judgments/502088
530987|2024-03-01|SO|III Ca 837/22|Uzasadnienie|https://www.saos.org.pl/judgments/530987
531680|2024-02-29|SO|III Ca 1880/22|Uzasadnienie|https://www.saos.org.pl/judgments/531680
502114|2024-02-27|SO|II Ca 65/24|Postanowienie|https://www.saos.org.pl/judgments/502114
519588|2024-02-22|SO|I C 2829/23|Wyrok|https://www.saos.org.pl/judgments/519588
524901|2024-02-09|SO|I C 355/23|Wyrok|https://www.saos.org.pl/judgments/524901
517191|2023-12-29|SO|I ACa 90/22|Wyrok|https://www.saos.org.pl/judgments/517191
527463|2023-12-27|SO|III Ca 2526/21|Uzasadnienie|https://www.saos.org.pl/judgments/527463
515883|2023-12-18|SO|II Ca 463/23|Postanowienie|https://www.saos.org.pl/judgments/515883
506167|2023-12-14|SO|III Ca 224/22|Uzasadnienie|https://www.saos.org.pl/judgments/506167
500209|2023-12-14|SO|I Ns 447/22|Postanowienie|https://www.saos.org.pl/judgments/500209
518245|2023-11-17|SO|I C 799/22|Wyrok|https://www.saos.org.pl/judgments/518245
516154|2023-11-13|SO|II Ca 709/23|Postanowienie|https://www.saos.org.pl/judgments/516154
502271|2023-10-31|SO|II Ca 890/23|Postanowienie|https://www.saos.org.pl/judgments/502271
516230|2023-10-27|SO|II Ca 47/23|Postanowienie|https://www.saos.org.pl/judgments/516230
523351|2023-10-19|SO|I Ns 830/19|Zarządzenie|https://www.saos.org.pl/judgments/523351
500251|2023-10-12|SO|I Ns 697/20|Postanowienie|https://www.saos.org.pl/judgments/500251
497864|2023-10-11|SO|I C 372/22|Uzasadnienie|https://www.saos.org.pl/judgments/497864
518390|2023-10-10|SO|III Ca 2225/22|Uzasadnienie|https://www.saos.org.pl/judgments/518390
500094|2023-10-04|SO|I Ns 155/20|Postanowienie|https://www.saos.org.pl/judgments/500094
500190|2023-09-27|SO|I Ns 388/21|Postanowienie|https://www.saos.org.pl/judgments/500190
500090|2023-09-22|SO|I Ns 149/21|Postanowienie|https://www.saos.org.pl/judgments/500090
515570|2023-09-20|SO|XXV C 3624/20|Wyrok|https://www.saos.org.pl/judgments/515570
514970|2023-09-15|SO|XVI Ca 112/23|Uzasadnienie|https://www.saos.org.pl/judgments/514970
493816|2023-09-14|SO|I ACa 1839/22|Wyrok|https://www.saos.org.pl/judgments/493816
500183|2023-09-12|SO|I Ns 356/22|Postanowienie|https://www.saos.org.pl/judgments/500183
516425|2023-08-31|SO|I ACa 435/23|Wyrok|https://www.saos.org.pl/judgments/516425
500210|2023-07-27|SO|I Ns 451/21|Postanowienie|https://www.saos.org.pl/judgments/500210
520141|2023-07-24|SO|V Ca 61/23|Postanowienie|https://www.saos.org.pl/judgments/520141
502298|2023-07-17|SO|II Ca 950/22|Postanowienie|https://www.saos.org.pl/judgments/502298
491637|2023-06-22|SO|I Ns 267/22|Postanowienie|https://www.saos.org.pl/judgments/491637
490909|2023-06-21|SO|XIV C 561/22|Wyrok|https://www.saos.org.pl/judgments/490909
500165|2023-06-12|SO|I Ns 316/22|Uzasadnienie|https://www.saos.org.pl/judgments/500165
510304|2023-06-09|SO|V Ns 11/19|Postanowienie|https://www.saos.org.pl/judgments/510304
499828|2023-06-01|SO|I Ca 118/23|Postanowienie|https://www.saos.org.pl/judgments/499828
493598|2023-05-31|SO|I ACa 1408/21|Wyrok|https://www.saos.org.pl/judgments/493598
488930|2023-05-29|SO|I Ns 214/22|Uzasadnienie|https://www.saos.org.pl/judgments/488930
532626|2023-05-19|SO|XV Ca 1733/22|Postanowienie|https://www.saos.org.pl/judgments/532626
528511|2023-05-16|SO|V ACa 123/22|Wyrok|https://www.saos.org.pl/judgments/528511
505909|2023-04-20|SO|III Ca 1850/21|Uzasadnienie|https://www.saos.org.pl/judgments/505909
500277|2023-04-07|SO|I Ns 898/20|Uzasadnienie|https://www.saos.org.pl/judgments/500277
512858|2023-03-30|SO|VIII Ns 151/20|Postanowienie|https://www.saos.org.pl/judgments/512858
493412|2023-03-15|SO|I ACa 1163/22|Wyrok|https://www.saos.org.pl/judgments/493412
489905|2023-03-15|SO|V ACa 569/22|Wyrok|https://www.saos.org.pl/judgments/489905
487162|2023-03-15|SO|I Ca 63/23|Postanowienie|https://www.saos.org.pl/judgments/487162
500098|2023-03-09|SO|I Ns 167/21|Postanowienie|https://www.saos.org.pl/judgments/500098
491448|2023-03-09|SO|II AKa 223/22|Wyrok|https://www.saos.org.pl/judgments/491448
505795|2023-03-07|SO|III Ca 1661/19|Postanowienie|https://www.saos.org.pl/judgments/505795
493931|2023-03-03|SO|I ACa 2373/22|Wyrok|https://www.saos.org.pl/judgments/493931
487176|2023-02-28|SO|I Ns 164/22|Postanowienie|https://www.saos.org.pl/judgments/487176
500184|2023-02-24|SO|I Ns 362/21|Postanowienie|https://www.saos.org.pl/judgments/500184
487085|2023-02-22|SO|I Ca 409/22|Postanowienie|https://www.saos.org.pl/judgments/487085
483936|2023-02-08|SO|XIV C 414/22|Wyrok|https://www.saos.org.pl/judgments/483936
500224|2023-01-11|SO|I Ns 490/20|Postanowienie|https://www.saos.org.pl/judgments/500224
496203|2023-01-09|SO|I C 162/22|Wyrok|https://www.saos.org.pl/judgments/496203
485623|2023-01-04|SO|VIII Ga 219/22|Uzasadnienie|https://www.saos.org.pl/judgments/485623
483665|2022-12-20|SO|I ACa 223/22|Wyrok|https://www.saos.org.pl/judgments/483665
512859|2022-12-19|SO|VIII Ns 166/16|Postanowienie|https://www.saos.org.pl/judgments/512859
490831|2022-12-19|SO|IV C 507/22|Wyrok|https://www.saos.org.pl/judgments/490831
487089|2022-12-09|SO|I Ca 438/22|Postanowienie|https://www.saos.org.pl/judgments/487089
482892|2022-12-02|SO|I Ca 319/22|Wyrok|https://www.saos.org.pl/judgments/482892
482099|2022-11-25|SO|III Ca 30/22|Postanowienie|https://www.saos.org.pl/judgments/482099
481009|2022-11-25|SO|I C 567/20|Wyrok|https://www.saos.org.pl/judgments/481009
487554|2022-11-24|SO|X Ns 434/21|Postanowienie|https://www.saos.org.pl/judgments/487554
500291|2022-11-23|SO|I Ns 956/18|Uzasadnienie|https://www.saos.org.pl/judgments/500291
478609|2022-11-10|SO|III Ca 1219/20|Postanowienie|https://www.saos.org.pl/judgments/478609
478444|2022-11-04|SO|III Ns 638/18|Postanowienie|https://www.saos.org.pl/judgments/478444
501628|2022-10-06|SO|II Ca 123/22|Postanowienie|https://www.saos.org.pl/judgments/501628
500065|2022-10-03|SO|I Ns 1158/19|Postanowienie|https://www.saos.org.pl/judgments/500065
478442|2022-09-29|SO|III Ns 489/18|Postanowienie|https://www.saos.org.pl/judgments/478442
490612|2022-09-26|SO|III Ca 1972/20|Uzasadnienie|https://www.saos.org.pl/judgments/490612
481209|2022-09-19|SO|I Ca 371/22|Postanowienie|https://www.saos.org.pl/judgments/481209
475056|2022-09-16|SO|IX Ca 667/22|Postanowienie|https://www.saos.org.pl/judgments/475056
487082|2022-09-14|SO|I Ca 348/22|Postanowienie|https://www.saos.org.pl/judgments/487082
500092|2022-08-19|SO|I Ns 152/20|Postanowienie|https://www.saos.org.pl/judgments/500092
480149|2022-08-16|SO|III Ca 677/21|Uzasadnienie|https://www.saos.org.pl/judgments/480149
509834|2022-08-08|SO|V ACa 612/22|Wyrok|https://www.saos.org.pl/judgments/509834
480231|2022-08-01|SO|III Ca 2611/19|Uzasadnienie|https://www.saos.org.pl/judgments/480231
478572|2022-07-14|SO|XXV C 4117/20|Wyrok|https://www.saos.org.pl/judgments/478572
474809|2022-06-28|SO|III Ca 247/20|Postanowienie|https://www.saos.org.pl/judgments/474809
472219|2022-06-24|SO|III Ca 930/20|Postanowienie|https://www.saos.org.pl/judgments/472219
469433|2022-06-20|SO|I C 2005/21|Wyrok|https://www.saos.org.pl/judgments/469433
474464|2022-06-14|SO|I Ns 557/21|Postanowienie|https://www.saos.org.pl/judgments/474464
512863|2022-05-26|SO|VIII Ns 300/17|Postanowienie|https://www.saos.org.pl/judgments/512863
468734|2022-05-06|SO|I1 C 2849/20|Wyrok|https://www.saos.org.pl/judgments/468734
500289|2022-04-19|SO|I Ns 949/16|Uzasadnienie|https://www.saos.org.pl/judgments/500289
502243|2022-04-14|SO|II Ca 837/21|Postanowienie|https://www.saos.org.pl/judgments/502243
470540|2022-04-12|SO|I Ca 102/22|Postanowienie|https://www.saos.org.pl/judgments/470540
468767|2022-04-08|SO|I C 214/20|Wyrok|https://www.saos.org.pl/judgments/468767
465104|2022-03-23|SO|VI ACa 162/21|Wyrok|https://www.saos.org.pl/judgments/465104
477474|2022-03-22|SO|V ACa 756/21|Wyrok|https://www.saos.org.pl/judgments/477474
465323|2022-03-22|SO|IV Ca 1019/19|Postanowienie|https://www.saos.org.pl/judgments/465323
459184|2022-02-25|SO|III Ca 1723/20|Uzasadnienie|https://www.saos.org.pl/judgments/459184
462261|2022-02-16|SO|I Ca 4/22|Postanowienie|https://www.saos.org.pl/judgments/462261
479039|2022-02-15|SO|I1 C 2452/20|Wyrok|https://www.saos.org.pl/judgments/479039
458460|2022-02-04|SO|I Ns 273/20|Postanowienie|https://www.saos.org.pl/judgments/458460
498156|2022-01-28|SO|I C 436/16|Wyrok|https://www.saos.org.pl/judgments/498156
477867|2022-01-21|SO|I Ns 693/19|Postanowienie|https://www.saos.org.pl/judgments/477867
463796|2022-01-19|SO|III Ca 981/20|Postanowienie|https://www.saos.org.pl/judgments/463796
462689|2022-01-14|SO|VIII Ns 596/20|Postanowienie|https://www.saos.org.pl/judgments/462689
467784|2022-01-13|SO|V ACa 291/21|Wyrok|https://www.saos.org.pl/judgments/467784
458663|2022-01-10|SO|XXV C 3872/20|Wyrok|https://www.saos.org.pl/judgments/458663
458194|2022-01-03|SO|II Ca 614/21|Zarządzenie|https://www.saos.org.pl/judgments/458194
462060|2021-12-28|SO|II Ca 1076/20|Postanowienie|https://www.saos.org.pl/judgments/462060
453684|2021-12-28|SO|I Ns 525/19|Postanowienie|https://www.saos.org.pl/judgments/453684
455864|2021-12-21|SO|I Ns 168/21|Postanowienie|https://www.saos.org.pl/judgments/455864
460894|2021-12-16|SO|III Ca 654/18|Uzasadnienie|https://www.saos.org.pl/judgments/460894
460772|2021-12-16|SO|III Ca 1499/20|Uzasadnienie|https://www.saos.org.pl/judgments/460772
454225|2021-11-30|SO|III Ca 768/20|Postanowienie|https://www.saos.org.pl/judgments/454225
454013|2021-11-16|SO|I Ca 481/21|Postanowienie|https://www.saos.org.pl/judgments/454013
451247|2021-11-16|SO|XIII C 339/19|Wyrok|https://www.saos.org.pl/judgments/451247
459266|2021-11-12|SO|III Ca 717/19|Postanowienie|https://www.saos.org.pl/judgments/459266
462687|2021-11-04|SO|VIII Ns 437/13|Postanowienie|https://www.saos.org.pl/judgments/462687
448877|2021-10-11|SO|I Ns 361/20|Postanowienie|https://www.saos.org.pl/judgments/448877
517064|2021-10-07|SO|II Ca 426/21|Postanowienie|https://www.saos.org.pl/judgments/517064
469820|2021-10-06|SO|X Ns 122/20|Postanowienie|https://www.saos.org.pl/judgments/469820
447490|2021-09-29|SO|I Ns 232/20|Postanowienie|https://www.saos.org.pl/judgments/447490
448390|2021-09-22|SO|I Ns 353/19|Postanowienie|https://www.saos.org.pl/judgments/448390
447061|2021-09-15|SO|I Ns 217/17|Postanowienie|https://www.saos.org.pl/judgments/447061
465522|2021-09-08|SO|I Ns 139/19|Postanowienie|https://www.saos.org.pl/judgments/465522
448321|2021-09-08|SO|I Ns 139/19|Postanowienie|https://www.saos.org.pl/judgments/448321
446658|2021-08-26|SO|I Ns 14/20|Postanowienie|https://www.saos.org.pl/judgments/446658
475500|2021-07-20|SO|X Ns 322/18|Postanowienie|https://www.saos.org.pl/judgments/475500
448850|2021-07-20|SO|II Ca 1574/19|Postanowienie|https://www.saos.org.pl/judgments/448850
450690|2021-07-19|SO|II Ns 792/20|Postanowienie|https://www.saos.org.pl/judgments/450690
448156|2021-07-14|SO|I Ns 612/14|Postanowienie|https://www.saos.org.pl/judgments/448156
455694|2021-06-30|SO|XV Ca 130/19|Postanowienie|https://www.saos.org.pl/judgments/455694
446447|2021-06-24|SO|I Ns 1129/17|Postanowienie|https://www.saos.org.pl/judgments/446447
459758|2021-06-21|SO|III Ca 2630/19|Uzasadnienie|https://www.saos.org.pl/judgments/459758
442485|2021-06-17|SO|I Ns 217/19|Postanowienie|https://www.saos.org.pl/judgments/442485
441251|2021-05-26|SO|III Ns 64/18|Zarządzenie|https://www.saos.org.pl/judgments/441251
441678|2021-05-25|SO|I Ns 178/19|Postanowienie|https://www.saos.org.pl/judgments/441678
445926|2021-05-21|SO|II Ca 485/20|Uzasadnienie|https://www.saos.org.pl/judgments/445926
457690|2021-05-19|SO|III Ca 439/20|Uzasadnienie|https://www.saos.org.pl/judgments/457690
457616|2021-05-18|SO|III Ca 155/21|Uzasadnienie|https://www.saos.org.pl/judgments/457616
440839|2021-05-12|SO|I Ns 230/18|Postanowienie|https://www.saos.org.pl/judgments/440839
440223|2021-05-05|SO|III Ca 873/20|Wyrok|https://www.saos.org.pl/judgments/440223
440106|2021-05-05|SO|I C 135/20|Uzasadnienie|https://www.saos.org.pl/judgments/440106
457663|2021-04-16|SO|III Ca 2634/19|Uzasadnienie|https://www.saos.org.pl/judgments/457663
440842|2021-04-15|SO|I Ns 560/15|Postanowienie|https://www.saos.org.pl/judgments/440842
438347|2021-04-12|SO|I Ns 426/17|Postanowienie|https://www.saos.org.pl/judgments/438347
443718|2021-04-08|SO|I ACa 1039/19|Wyrok|https://www.saos.org.pl/judgments/443718
435908|2021-03-31|SO|I Ns 98/20|Postanowienie|https://www.saos.org.pl/judgments/435908
437386|2021-03-24|SO|I Ca 111/21|Postanowienie|https://www.saos.org.pl/judgments/437386
436305|2021-03-22|SO|I Ns 439/19|Postanowienie|https://www.saos.org.pl/judgments/436305
453493|2021-03-17|SO|I Ns 100/19|Postanowienie|https://www.saos.org.pl/judgments/453493
439016|2021-03-16|SO|III Ca 1195/19|Postanowienie|https://www.saos.org.pl/judgments/439016
446076|2021-03-10|SO|I Ca 270/20|Postanowienie|https://www.saos.org.pl/judgments/446076
437771|2021-03-10|SO|IV C 2345/20|Wyrok|https://www.saos.org.pl/judgments/437771
439791|2021-03-09|SO|XV Ca 1637/19|Postanowienie|https://www.saos.org.pl/judgments/439791
434920|2021-03-04|SO|I Ns 407/17|Uzasadnienie|https://www.saos.org.pl/judgments/434920
450451|2021-03-03|SO|VIII Ns 425/16|Postanowienie|https://www.saos.org.pl/judgments/450451
451459|2021-02-26|SO|I C 774/17|Wyrok|https://www.saos.org.pl/judgments/451459
453494|2021-02-24|SO|I Ns 318/16|Postanowienie|https://www.saos.org.pl/judgments/453494
472853|2021-02-19|SO|X Ns 601/19|Postanowienie|https://www.saos.org.pl/judgments/472853
450450|2021-02-17|SO|VIII Ns 324/18|Postanowienie|https://www.saos.org.pl/judgments/450450
448021|2021-02-05|SO|I Ns 266/18|Postanowienie|https://www.saos.org.pl/judgments/448021
450449|2021-02-04|SO|VIII Ns 107/16|Postanowienie|https://www.saos.org.pl/judgments/450449
436576|2021-02-03|SO|I Ns 291/19|Postanowienie|https://www.saos.org.pl/judgments/436576
431502|2021-02-03|SO|I Ns 918/18|Uzasadnienie|https://www.saos.org.pl/judgments/431502
431747|2021-01-28|SO|IX Ca 1840/19|Postanowienie|https://www.saos.org.pl/judgments/431747
454922|2021-01-27|SO|I Ns 132/15|Postanowienie|https://www.saos.org.pl/judgments/454922
438761|2021-01-22|SO|XV Ca 2135/19|Postanowienie|https://www.saos.org.pl/judgments/438761
431172|2021-01-20|SO|I Ns 195/19|Postanowienie|https://www.saos.org.pl/judgments/431172
431106|2021-01-18|SO|I Ns 918/18|Postanowienie|https://www.saos.org.pl/judgments/431106
437668|2021-01-13|SO|XI Ns 952/15|Postanowienie|https://www.saos.org.pl/judgments/437668
434573|2021-01-05|SO|I Ns 572/17|Postanowienie|https://www.saos.org.pl/judgments/434573
437221|2020-12-30|SO|I ACa 716/19|Wyrok|https://www.saos.org.pl/judgments/437221
446506|2020-12-16|SO|IV Ca 392/19|Postanowienie|https://www.saos.org.pl/judgments/446506
456118|2020-12-14|SO|III Ca 2563/19|Uzasadnienie|https://www.saos.org.pl/judgments/456118
427770|2020-12-10|SO|I Ns 358/15|Postanowienie|https://www.saos.org.pl/judgments/427770
453843|2020-12-02|SO|III Ca 974/20|Uzasadnienie|https://www.saos.org.pl/judgments/453843
439705|2020-12-01|SO|IV Ca 886/19|Postanowienie|https://www.saos.org.pl/judgments/439705
470664|2020-11-27|SO|I ACa 1148/19|Wyrok|https://www.saos.org.pl/judgments/470664
487777|2020-11-18|SO|I Ns 560/16|Postanowienie|https://www.saos.org.pl/judgments/487777
464079|2020-11-12|SO|I C 2762/18|Wyrok|https://www.saos.org.pl/judgments/464079
427967|2020-11-10|SO|V ACa 371/20|Wyrok|https://www.saos.org.pl/judgments/427967
428050|2020-11-04|SO|IV Ca 1043/19|Postanowienie|https://www.saos.org.pl/judgments/428050
423036|2020-11-04|SO|I Ns 172/19|Uzasadnienie|https://www.saos.org.pl/judgments/423036
424009|2020-10-29|SO|I Ns 429/19|Postanowienie|https://www.saos.org.pl/judgments/424009
428721|2020-10-07|SO|II Ca 819/19|Postanowienie|https://www.saos.org.pl/judgments/428721
425998|2020-10-06|SO|VIII Ns 490/19|Postanowienie|https://www.saos.org.pl/judgments/425998
438919|2020-09-29|SO|I Ns 240/18|Postanowienie|https://www.saos.org.pl/judgments/438919
422429|2020-09-24|SO|I Ns 162/19|Postanowienie|https://www.saos.org.pl/judgments/422429
451400|2020-09-22|SO|I Ns 206/19|Postanowienie|https://www.saos.org.pl/judgments/451400
422214|2020-09-16|SO|I Ns 208/20|Postanowienie|https://www.saos.org.pl/judgments/422214
529628|2020-09-15|SO|II Ca 1102/19|Zarządzenie|https://www.saos.org.pl/judgments/529628
422432|2020-09-14|SO|I Ns 47/19|Postanowienie|https://www.saos.org.pl/judgments/422432
435400|2020-09-10|SO|III Ca 1687/19|Uzasadnienie|https://www.saos.org.pl/judgments/435400
515524|2020-09-08|SO|XXV C 1887/20|Wyrok|https://www.saos.org.pl/judgments/515524
421512|2020-09-08|SO|IX Ca 1179/19|Postanowienie|https://www.saos.org.pl/judgments/421512
448322|2020-09-04|SO|I Ns 150/18|Postanowienie|https://www.saos.org.pl/judgments/448322
421892|2020-09-02|SO|I Ns 511/18|Postanowienie|https://www.saos.org.pl/judgments/421892
420146|2020-08-26|SO|I Ns 441/17|Postanowienie|https://www.saos.org.pl/judgments/420146
419900|2020-08-26|SO|I Ca 266/20|Postanowienie|https://www.saos.org.pl/judgments/419900
435392|2020-08-25|SO|III Ca 1485/19|Uzasadnienie|https://www.saos.org.pl/judgments/435392
420145|2020-08-18|SO|I Ns 257/19|Postanowienie|https://www.saos.org.pl/judgments/420145
484500|2020-07-29|SO|I C 1378/16|Wyrok|https://www.saos.org.pl/judgments/484500
430779|2020-07-28|SO|II Ca 1590/19|Postanowienie|https://www.saos.org.pl/judgments/430779
417847|2020-07-21|SO|I Ns 190/19|Uzasadnienie|https://www.saos.org.pl/judgments/417847
418382|2020-07-16|SO|I Ns 513/18|Postanowienie|https://www.saos.org.pl/judgments/418382
416404|2020-07-16|SO|I Ns 116/18|Postanowienie|https://www.saos.org.pl/judgments/416404
472193|2020-07-07|SO|II Ca 3148/19|Postanowienie|https://www.saos.org.pl/judgments/472193
420969|2020-07-06|SO|II Ca 136/20|Uzasadnienie|https://www.saos.org.pl/judgments/420969
444420|2020-07-03|SO|II C 796/19|Wyrok|https://www.saos.org.pl/judgments/444420
519868|2020-07-02|SO|I Ca 270/19|Postanowienie|https://www.saos.org.pl/judgments/519868
415316|2020-06-30|SO|I Ns 112/18|Postanowienie|https://www.saos.org.pl/judgments/415316
421893|2020-06-25|SO|I Ns 96/17|Postanowienie|https://www.saos.org.pl/judgments/421893
466347|2020-06-19|SO|I Ns 175/19|Uzasadnienie|https://www.saos.org.pl/judgments/466347
414804|2020-06-10|SO|I Ca 558/19|Postanowienie|https://www.saos.org.pl/judgments/414804
409601|2020-04-06|SO|II Ns 2811/16|Postanowienie|https://www.saos.org.pl/judgments/409601
431043|2020-03-23|SO|II Ca 873/19|Postanowienie|https://www.saos.org.pl/judgments/431043
411228|2020-03-11|SO|I Ns 163/18|Postanowienie|https://www.saos.org.pl/judgments/411228
523468|2020-03-05|SO|II Ca 770/19|Postanowienie|https://www.saos.org.pl/judgments/523468
434995|2020-03-03|SO|I Ns 112/16|Postanowienie|https://www.saos.org.pl/judgments/434995
406985|2020-03-03|SO|I Ns 136/18|Postanowienie|https://www.saos.org.pl/judgments/406985
472253|2020-02-27|SO|II Ca 1919/19|Postanowienie|https://www.saos.org.pl/judgments/472253
409288|2020-02-26|SO|I Ca 611/19|Postanowienie|https://www.saos.org.pl/judgments/409288
408521|2020-02-21|SO|I Ns 298/16|Postanowienie|https://www.saos.org.pl/judgments/408521
406622|2020-02-20|SO|I Ns 86/19|Postanowienie|https://www.saos.org.pl/judgments/406622
406160|2020-02-12|SO|IX Ca 1688/19|Postanowienie|https://www.saos.org.pl/judgments/406160
409668|2020-02-11|SO|I C 116/19|Wyrok|https://www.saos.org.pl/judgments/409668
527550|2020-02-07|SO|II Ca 813/19|Zarządzenie|https://www.saos.org.pl/judgments/527550
406690|2020-02-05|SO|I Ca 17/20|Postanowienie|https://www.saos.org.pl/judgments/406690
404888|2020-02-04|SO|I Ns 299/19|Postanowienie|https://www.saos.org.pl/judgments/404888
414394|2020-02-03|SO|I ACa 315/19|Wyrok|https://www.saos.org.pl/judgments/414394
413530|2020-01-31|SO|III Ca 1189/19|Uzasadnienie|https://www.saos.org.pl/judgments/413530
406129|2020-01-29|SO|I Ca 571/19|Postanowienie|https://www.saos.org.pl/judgments/406129
405271|2020-01-16|SO|IX Ca 1086/19|Postanowienie|https://www.saos.org.pl/judgments/405271
403348|2020-01-15|SO|I Ca 588/19|Postanowienie|https://www.saos.org.pl/judgments/403348
449320|2020-01-14|SO|II Ca 1752/19|Postanowienie|https://www.saos.org.pl/judgments/449320
431109|2020-01-13|SO|II Ca 751/19|Postanowienie|https://www.saos.org.pl/judgments/431109
422593|2020-01-13|SO|I C 2265/17|Uzasadnienie|https://www.saos.org.pl/judgments/422593
413539|2020-01-10|SO|III Ca 1758/18|Uzasadnienie|https://www.saos.org.pl/judgments/413539
407996|2020-01-09|SO|III Ca 1897/18|Postanowienie|https://www.saos.org.pl/judgments/407996
403897|2020-01-09|SO|I Ns 352/17|Postanowienie|https://www.saos.org.pl/judgments/403897
402797|2020-01-03|SO|I Ns 41/17|Postanowienie|https://www.saos.org.pl/judgments/402797
429344|2019-12-30|SO|I Ns 55/17|Postanowienie|https://www.saos.org.pl/judgments/429344
407308|2019-12-30|SO|I Ca 443/19|Postanowienie|https://www.saos.org.pl/judgments/407308
407306|2019-12-30|SO|I Ca 430/19|Postanowienie|https://www.saos.org.pl/judgments/407306
399636|2019-12-19|SO|I Ns 218/17|Postanowienie|https://www.saos.org.pl/judgments/399636
423226|2019-12-18|SO|I Ns 588/11|Postanowienie|https://www.saos.org.pl/judgments/423226
423218|2019-12-13|SO|I Ns 147/17|Postanowienie|https://www.saos.org.pl/judgments/423218
421451|2019-12-06|SO|I Ns 324/16|Zarządzenie|https://www.saos.org.pl/judgments/421451
404125|2019-12-06|SO|I C 2635/18|Wyrok|https://www.saos.org.pl/judgments/404125
402795|2019-12-05|SO|I Ns 14/19|Postanowienie|https://www.saos.org.pl/judgments/402795
400699|2019-11-21|SO|I Ns 125/19|Postanowienie|https://www.saos.org.pl/judgments/400699
398853|2019-11-20|SO|I Ca 474/19|Postanowienie|https://www.saos.org.pl/judgments/398853
402327|2019-11-19|SO|I Ns 675/17|Postanowienie|https://www.saos.org.pl/judgments/402327
398996|2019-11-14|SO|II Ns 758/14|Postanowienie|https://www.saos.org.pl/judgments/398996
404807|2019-11-07|SO|V ACa 113/19|Wyrok|https://www.saos.org.pl/judgments/404807
406282|2019-11-06|SO|I C 5/17|Wyrok|https://www.saos.org.pl/judgments/406282
397474|2019-11-06|SO|IX Ca 867/19|Postanowienie|https://www.saos.org.pl/judgments/397474
397920|2019-11-04|SO|I Ns 39/19|Postanowienie|https://www.saos.org.pl/judgments/397920
397016|2019-10-29|SO|I Ns 1194/16|Postanowienie|https://www.saos.org.pl/judgments/397016
395379|2019-10-17|SO|I Ns 128/18|Postanowienie|https://www.saos.org.pl/judgments/395379
397017|2019-10-16|SO|I Ns 153/19|Postanowienie|https://www.saos.org.pl/judgments/397017
398840|2019-10-14|SO|I Ca 380/19|Postanowienie|https://www.saos.org.pl/judgments/398840
448323|2019-10-11|SO|I Ns 71/16|Postanowienie|https://www.saos.org.pl/judgments/448323
395280|2019-10-08|SO|I Ns 61/19|Postanowienie|https://www.saos.org.pl/judgments/395280
395381|2019-10-02|SO|I Ns 714/18|Postanowienie|https://www.saos.org.pl/judgments/395381
394668|2019-09-25|SO|I Ca 324/19|Postanowienie|https://www.saos.org.pl/judgments/394668
393785|2019-09-25|SO|VIII Ns 64/18|Postanowienie|https://www.saos.org.pl/judgments/393785
394489|2019-09-24|SO|I Ns 78/17|Postanowienie|https://www.saos.org.pl/judgments/394489
392805|2019-09-18|SO|I Ns 239/18|Postanowienie|https://www.saos.org.pl/judgments/392805
426052|2019-08-27|SO|I C 66/19|Wyrok|https://www.saos.org.pl/judgments/426052
397394|2019-08-26|SO|I C 461/19|Wyrok|https://www.saos.org.pl/judgments/397394
395531|2019-08-09|SO|III Ca 1124/19|Uzasadnienie|https://www.saos.org.pl/judgments/395531
401705|2019-07-24|SO|I C 417/19|Wyrok|https://www.saos.org.pl/judgments/401705
444925|2019-07-19|SO|I ACa 903/18|Wyrok|https://www.saos.org.pl/judgments/444925
398732|2019-07-19|SO|I C 1592/16|Zarządzenie|https://www.saos.org.pl/judgments/398732
390344|2019-07-19|SO|IX Ca 271/19|Postanowienie|https://www.saos.org.pl/judgments/390344
394748|2019-07-15|SO|III Ca 749/19|Uzasadnienie|https://www.saos.org.pl/judgments/394748
392351|2019-07-04|SO|II Ns 316/17|Postanowienie|https://www.saos.org.pl/judgments/392351
389137|2019-06-13|SO|III Ca 1512/18|Postanowienie|https://www.saos.org.pl/judgments/389137
385229|2019-06-12|SO|X Ns 79/17|Uzasadnienie|https://www.saos.org.pl/judgments/385229
397027|2019-06-11|SO|I Ns 64/17|Postanowienie|https://www.saos.org.pl/judgments/397027
462175|2019-06-06|SO|I Ns 222/17|Postanowienie|https://www.saos.org.pl/judgments/462175
385523|2019-05-29|SO|I Ca 76/19|Postanowienie|https://www.saos.org.pl/judgments/385523
390336|2019-05-27|SO|III Ca 765/18|Uzasadnienie|https://www.saos.org.pl/judgments/390336
384143|2019-05-24|SO|I Ns 114/18|Postanowienie|https://www.saos.org.pl/judgments/384143
529880|2019-05-23|SO|II Ca 1200/18|Zarządzenie|https://www.saos.org.pl/judgments/529880
406966|2019-05-23|SO|VI ACa 216/18|Wyrok|https://www.saos.org.pl/judgments/406966
384254|2019-05-21|SO|III Ca 1708/18|Postanowienie|https://www.saos.org.pl/judgments/384254
389725|2019-05-13|SO|III Ca 1603/18|Uzasadnienie|https://www.saos.org.pl/judgments/389725
384741|2019-05-07|SO|IX Ca 1140/18|Postanowienie|https://www.saos.org.pl/judgments/384741
383622|2019-05-07|SO|XII C 1086/16|Wyrok|https://www.saos.org.pl/judgments/383622
389723|2019-04-30|SO|III Ca 1560/18|Uzasadnienie|https://www.saos.org.pl/judgments/389723
377532|2019-04-24|SO|I Ca 93/19|Postanowienie|https://www.saos.org.pl/judgments/377532
392260|2019-04-19|SO|I Ns 847/15|Postanowienie|https://www.saos.org.pl/judgments/392260
398858|2019-04-18|SO|I Ns 117/17|Postanowienie|https://www.saos.org.pl/judgments/398858
377576|2019-04-18|SO|I Ns 45/18|Postanowienie|https://www.saos.org.pl/judgments/377576
400005|2019-04-11|SO|I Ns 30/15|Postanowienie|https://www.saos.org.pl/judgments/400005
383450|2019-04-11|SO|I Ns 1074/14|Postanowienie|https://www.saos.org.pl/judgments/383450
386640|2019-04-09|SO|XV Ca 1198/18|Postanowienie|https://www.saos.org.pl/judgments/386640
383935|2019-03-28|SO|I Ns 50/13|Postanowienie|https://www.saos.org.pl/judgments/383935
379563|2019-03-27|SO|IX Ca 1449/18|Postanowienie|https://www.saos.org.pl/judgments/379563
377571|2019-03-26|SO|I Ns 39/18|Uzasadnienie|https://www.saos.org.pl/judgments/377571
530533|2019-03-25|SO|II Ca 60/19|Postanowienie|https://www.saos.org.pl/judgments/530533
456284|2019-03-22|SO|I Ns 344/17|Postanowienie|https://www.saos.org.pl/judgments/456284
374084|2019-03-21|SO|I Ns 2146/16|Postanowienie|https://www.saos.org.pl/judgments/374084
436660|2019-03-19|SO|I Ns 264/17|Postanowienie|https://www.saos.org.pl/judgments/436660
381606|2019-03-15|SO|XXV C 2/19|Wyrok|https://www.saos.org.pl/judgments/381606
375525|2019-03-14|SO|IX Ca 353/18|Postanowienie|https://www.saos.org.pl/judgments/375525
382891|2019-03-13|SO|VIII Ns 471/14|Postanowienie|https://www.saos.org.pl/judgments/382891
423468|2019-03-12|SO|I Ns 2035/16|Postanowienie|https://www.saos.org.pl/judgments/423468
377570|2019-03-12|SO|I Ns 39/15|Postanowienie|https://www.saos.org.pl/judgments/377570
391661|2019-03-06|SO|I Ns 17/18|Postanowienie|https://www.saos.org.pl/judgments/391661
392167|2019-02-27|SO|I Ns 195/17|Postanowienie|https://www.saos.org.pl/judgments/392167
379108|2019-02-27|SO|IV Ca 735/18|Postanowienie|https://www.saos.org.pl/judgments/379108
373106|2019-02-19|SO|I Ns 272/18|Postanowienie|https://www.saos.org.pl/judgments/373106
396308|2019-02-13|SO|I AGa 494/18|Wyrok|https://www.saos.org.pl/judgments/396308
372837|2019-02-12|SO|I ACa 603/17|Wyrok|https://www.saos.org.pl/judgments/372837
392166|2019-02-08|SO|I Ns 186/17|Postanowienie|https://www.saos.org.pl/judgments/392166
373603|2019-02-07|SO|IX Ca 1099/18|Postanowienie|https://www.saos.org.pl/judgments/373603
373993|2019-02-06|SO|III Ca 876/18|Postanowienie|https://www.saos.org.pl/judgments/373993
377866|2019-02-01|SO|II Ca 1283/18|Postanowienie|https://www.saos.org.pl/judgments/377866
372501|2019-02-01|SO|V ACa 1/18|Wyrok|https://www.saos.org.pl/judgments/372501
371515|2019-01-31|SO|I Ns 172/16|Postanowienie|https://www.saos.org.pl/judgments/371515
481399|2019-01-28|SO|I Ns 29/17|Postanowienie|https://www.saos.org.pl/judgments/481399
370005|2019-01-22|SO|II Ns 985/16|Postanowienie|https://www.saos.org.pl/judgments/370005
524722|2019-01-21|SO|II Ca 837/18|Postanowienie|https://www.saos.org.pl/judgments/524722
373042|2019-01-18|SO|XVI Ns 1703/16|Zarządzenie|https://www.saos.org.pl/judgments/373042
389655|2019-01-17|SO|II Ca 469/18|Postanowienie|https://www.saos.org.pl/judgments/389655
374408|2019-01-08|SO|I ACa 217/18|Wyrok|https://www.saos.org.pl/judgments/374408
523526|2018-12-28|SO|II Ca 813/18|Postanowienie|https://www.saos.org.pl/judgments/523526
522730|2018-12-28|SO|II Ca 185/18|Postanowienie|https://www.saos.org.pl/judgments/522730
367534|2018-12-28|SO|IX Ca 778/18|Postanowienie|https://www.saos.org.pl/judgments/367534
377911|2018-12-20|SO|II Ca 1601/18|Postanowienie|https://www.saos.org.pl/judgments/377911
376701|2018-12-20|SO|I C 1026/17|Wyrok|https://www.saos.org.pl/judgments/376701
371226|2018-12-20|SO|II Ca 402/18|Postanowienie|https://www.saos.org.pl/judgments/371226
378913|2018-12-18|SO|III Ca 414/18|Postanowienie|https://www.saos.org.pl/judgments/378913
372559|2018-12-17|SO|I C 907/15|Uzasadnienie|https://www.saos.org.pl/judgments/372559
365855|2018-12-14|SO|I Ns 138/18|Postanowienie|https://www.saos.org.pl/judgments/365855
370216|2018-12-12|SO|I Ns 979/14|Postanowienie|https://www.saos.org.pl/judgments/370216
371334|2018-12-06|SO|I ACa 1706/17|Wyrok|https://www.saos.org.pl/judgments/371334
384919|2018-12-05|SO|I Ns 161/16|Postanowienie|https://www.saos.org.pl/judgments/384919
364307|2018-11-29|SO|I Ns 234/18|Postanowienie|https://www.saos.org.pl/judgments/364307
365312|2018-11-28|SO|IX Ca 842/18|Postanowienie|https://www.saos.org.pl/judgments/365312
521698|2018-11-19|SO|II Ca 681/18|Postanowienie|https://www.saos.org.pl/judgments/521698
444623|2018-11-19|SO|II Ca 678/18|Postanowienie|https://www.saos.org.pl/judgments/444623
364304|2018-11-16|SO|I C 308/18|Wyrok|https://www.saos.org.pl/judgments/364304
366368|2018-11-13|SO|II Ca 1275/17|Uzasadnienie|https://www.saos.org.pl/judgments/366368
365258|2018-11-13|SO|III Ca 1719/18|Uzasadnienie|https://www.saos.org.pl/judgments/365258
382174|2018-11-09|SO|II Ca 1087/18|Postanowienie|https://www.saos.org.pl/judgments/382174
376555|2018-11-09|SO|I ACa 714/17|Wyrok|https://www.saos.org.pl/judgments/376555
375079|2018-11-06|SO|I Ns 471/16|Postanowienie|https://www.saos.org.pl/judgments/375079
368829|2018-10-31|SO|I ACa 88/18|Wyrok|https://www.saos.org.pl/judgments/368829
362230|2018-10-31|SO|III RC 98/18|Wyrok|https://www.saos.org.pl/judgments/362230
409768|2018-10-22|SO|V C 840/17|Wyrok|https://www.saos.org.pl/judgments/409768
398861|2018-10-19|SO|I Ns 187/17|Postanowienie|https://www.saos.org.pl/judgments/398861
363619|2018-10-19|SO|III Ca 1200/18|Uzasadnienie|https://www.saos.org.pl/judgments/363619
363248|2018-10-17|SO|III Ca 732/18|Uzasadnienie|https://www.saos.org.pl/judgments/363248
359130|2018-10-12|SO|IX Ca 539/18|Postanowienie|https://www.saos.org.pl/judgments/359130
369187|2018-10-10|SO|II Ca 431/18|Postanowienie|https://www.saos.org.pl/judgments/369187
365103|2018-10-10|SO|III Ca 949/18|Uzasadnienie|https://www.saos.org.pl/judgments/365103
361519|2018-10-08|SO|III Ca 640/18|Uzasadnienie|https://www.saos.org.pl/judgments/361519
360206|2018-10-08|SO|XXV C 38/17|Wyrok|https://www.saos.org.pl/judgments/360206
361525|2018-10-03|SO|III Ca 808/18|Uzasadnienie|https://www.saos.org.pl/judgments/361525
359042|2018-10-02|SO|II Ns 380/15|Postanowienie|https://www.saos.org.pl/judgments/359042
384918|2018-09-28|SO|I Ns 137/17|Postanowienie|https://www.saos.org.pl/judgments/384918
364354|2018-09-28|SO|I ACa 1072/18|Wyrok|https://www.saos.org.pl/judgments/364354
523373|2018-09-27|SO|II Ca 584/18|Postanowienie|https://www.saos.org.pl/judgments/523373
359754|2018-09-27|SO|I Ns 2/15|Postanowienie|https://www.saos.org.pl/judgments/359754
362856|2018-09-26|SO|III Ca 486/18|Uzasadnienie|https://www.saos.org.pl/judgments/362856
429301|2018-09-19|SO|I ACa 119/18|Wyrok|https://www.saos.org.pl/judgments/429301
360276|2018-09-19|SO|I Ca 315/18|Wyrok|https://www.saos.org.pl/judgments/360276
382117|2018-09-18|SO|I Ns 193/17|Postanowienie|https://www.saos.org.pl/judgments/382117
517311|2018-09-17|SO|II Ca 156/18|Postanowienie|https://www.saos.org.pl/judgments/517311
361913|2018-09-17|SO|III Ca 873/18|Uzasadnienie|https://www.saos.org.pl/judgments/361913
356199|2018-09-11|SO|I Ns 172/17|Postanowienie|https://www.saos.org.pl/judgments/356199
533616|2018-09-06|SO|II Ca 825/18|Postanowienie|https://www.saos.org.pl/judgments/533616
362590|2018-09-06|SO|I C 145/17|Wyrok|https://www.saos.org.pl/judgments/362590
356218|2018-09-05|SO|IX Ca 133/18|Postanowienie|https://www.saos.org.pl/judgments/356218
374784|2018-08-28|SO|I Ns 841/17|Postanowienie|https://www.saos.org.pl/judgments/374784
381727|2018-08-27|SO|I Ns 194/17|Postanowienie|https://www.saos.org.pl/judgments/381727
356298|2018-08-21|SO|I Ns 1487/16|Postanowienie|https://www.saos.org.pl/judgments/356298
363892|2018-08-13|SO|I Ns 223/17|Postanowienie|https://www.saos.org.pl/judgments/363892
360498|2018-08-13|SO|III Ca 827/18|Uzasadnienie|https://www.saos.org.pl/judgments/360498
350112|2018-08-02|SO|I Ns 304/18|Postanowienie|https://www.saos.org.pl/judgments/350112
363937|2018-08-01|SO|III Ca 465/18|Postanowienie|https://www.saos.org.pl/judgments/363937
355696|2018-07-27|SO|I Ca 198/18|Postanowienie|https://www.saos.org.pl/judgments/355696
348994|2018-07-24|SO|I Ns 423/16|Postanowienie|https://www.saos.org.pl/judgments/348994
352086|2018-07-17|SO|III Ca 426/18|Uzasadnienie|https://www.saos.org.pl/judgments/352086
351690|2018-07-11|SO|IX Ca 186/18|Postanowienie|https://www.saos.org.pl/judgments/351690
347679|2018-07-11|SO|I Ns 3306/14|Postanowienie|https://www.saos.org.pl/judgments/347679
392049|2018-07-06|SO|V ACa 523/17|Wyrok|https://www.saos.org.pl/judgments/392049
348962|2018-07-06|SO|VI Ca 306/18|Postanowienie|https://www.saos.org.pl/judgments/348962
517313|2018-07-05|SO|II Ca 249/18|Postanowienie|https://www.saos.org.pl/judgments/517313
347916|2018-07-05|SO|II Ca 287/18|Postanowienie|https://www.saos.org.pl/judgments/347916
349738|2018-07-04|SO|I Ca 217/18|Postanowienie|https://www.saos.org.pl/judgments/349738
351355|2018-07-03|SO|II Ns 2229/15|Postanowienie|https://www.saos.org.pl/judgments/351355
347451|2018-07-02|SO|I Ns 305/16|Postanowienie|https://www.saos.org.pl/judgments/347451
346358|2018-07-02|SO|I Ns 582/15|Postanowienie|https://www.saos.org.pl/judgments/346358
363407|2018-06-29|SO|II Ca 714/18|Zarządzenie|https://www.saos.org.pl/judgments/363407
346301|2018-06-27|SO|VI Ca 799/17|Postanowienie|https://www.saos.org.pl/judgments/346301
351614|2018-06-25|SO|III Ca 195/18|Uzasadnienie|https://www.saos.org.pl/judgments/351614
363898|2018-06-19|SO|I Ns 73/15|Postanowienie|https://www.saos.org.pl/judgments/363898
350526|2018-06-13|SO|I Ns 881/16|Postanowienie|https://www.saos.org.pl/judgments/350526
360773|2018-06-11|SO|VIII Ns 245/15|Postanowienie|https://www.saos.org.pl/judgments/360773
345535|2018-06-07|SO|V Ca 476/18|Postanowienie|https://www.saos.org.pl/judgments/345535
343065|2018-06-07|SO|IV Ca 690/17|Postanowienie|https://www.saos.org.pl/judgments/343065
345250|2018-06-04|SO|IX Ca 1307/17|Postanowienie|https://www.saos.org.pl/judgments/345250
344490|2018-05-30|SO|I Ns 503/13|Postanowienie|https://www.saos.org.pl/judgments/344490
424462|2018-05-29|SO|I C 684/15|Uzasadnienie|https://www.saos.org.pl/judgments/424462
374945|2018-05-24|SO|I Ns 1030/16|Postanowienie|https://www.saos.org.pl/judgments/374945
362182|2018-05-24|SO|II Ca 284/18|Postanowienie|https://www.saos.org.pl/judgments/362182
346581|2018-05-23|SO|I C 447/17|Wyrok|https://www.saos.org.pl/judgments/346581
343038|2018-05-23|SO|I Ca 87/18|Postanowienie|https://www.saos.org.pl/judgments/343038
360169|2018-05-17|SO|VI ACa 242/17|Wyrok|https://www.saos.org.pl/judgments/360169
351135|2018-05-17|SO|III Ca 164/18|Uzasadnienie|https://www.saos.org.pl/judgments/351135
343064|2018-05-17|SO|IV Ca 6/18|Postanowienie|https://www.saos.org.pl/judgments/343064
341736|2018-05-17|SO|I Ns 300/17|Postanowienie|https://www.saos.org.pl/judgments/341736
346584|2018-05-16|SO|I Ns 4/15|Postanowienie|https://www.saos.org.pl/judgments/346584
366589|2018-05-15|SO|XV Ca 1585/17|Postanowienie|https://www.saos.org.pl/judgments/366589
346100|2018-05-09|SO|I Ns 185/17|Postanowienie|https://www.saos.org.pl/judgments/346100
341363|2018-05-09|SO|IX Ca 1340/17|Postanowienie|https://www.saos.org.pl/judgments/341363
340676|2018-04-25|SO|I Ca 56/18|Postanowienie|https://www.saos.org.pl/judgments/340676
340239|2018-04-25|SO|IX Ca 1309/17|Postanowienie|https://www.saos.org.pl/judgments/340239
338809|2018-04-24|SO|I Ns 172/17|Postanowienie|https://www.saos.org.pl/judgments/338809
338267|2018-04-19|SO|I Ns 330/16|Postanowienie|https://www.saos.org.pl/judgments/338267
339486|2018-04-18|SO|I Ns 482/16|Postanowienie|https://www.saos.org.pl/judgments/339486
336883|2018-04-11|SO|II Ns 1062/08|Postanowienie|https://www.saos.org.pl/judgments/336883
350302|2018-04-10|SO|III Ca 379/18|Uzasadnienie|https://www.saos.org.pl/judgments/350302
343289|2018-04-09|SO|I Ns 142/17|Postanowienie|https://www.saos.org.pl/judgments/343289
337569|2018-04-09|SO|XVI Ns 1756/15|Uzasadnienie|https://www.saos.org.pl/judgments/337569
336968|2018-04-06|SO|I Ns 144/15|Postanowienie|https://www.saos.org.pl/judgments/336968
336533|2018-03-28|SO|I C 734/16|Wyrok|https://www.saos.org.pl/judgments/336533
336547|2018-03-27|SO|I Ns 2851/16|Postanowienie|https://www.saos.org.pl/judgments/336547
336511|2018-03-27|SO|I C 1501/17|Wyrok|https://www.saos.org.pl/judgments/336511
523190|2018-03-26|SO|II Ca 610/17|Postanowienie|https://www.saos.org.pl/judgments/523190
334210|2018-03-26|SO|I C 692/16|Wyrok|https://www.saos.org.pl/judgments/334210
334843|2018-03-22|SO|II Ca 29/18|Postanowienie|https://www.saos.org.pl/judgments/334843
336712|2018-03-21|SO|I Ns 94/14|Postanowienie|https://www.saos.org.pl/judgments/336712
335384|2018-03-21|SO|I Ca 471/17|Postanowienie|https://www.saos.org.pl/judgments/335384
337005|2018-03-16|SO|XI Ns 1773/15|Postanowienie|https://www.saos.org.pl/judgments/337005
357747|2018-03-12|SO|I Ns 282/17|Uzasadnienie|https://www.saos.org.pl/judgments/357747
334082|2018-03-07|SO|I Ca 38/18|Postanowienie|https://www.saos.org.pl/judgments/334082
332427|2018-03-07|SO|IX Ca 1017/17|Postanowienie|https://www.saos.org.pl/judgments/332427
348547|2018-03-06|SO|III Ca 1710/17|Uzasadnienie|https://www.saos.org.pl/judgments/348547
348369|2018-03-01|SO|III Ca 1755/17|Uzasadnienie|https://www.saos.org.pl/judgments/348369
342750|2018-03-01|SO|I Ns 617/16|Postanowienie|https://www.saos.org.pl/judgments/342750
331806|2018-02-28|SO|I Ns 421/16|Postanowienie|https://www.saos.org.pl/judgments/331806
348591|2018-02-27|SO|III Ca 1786/17|Uzasadnienie|https://www.saos.org.pl/judgments/348591
330763|2018-02-27|SO|I Ns 175/17|Postanowienie|https://www.saos.org.pl/judgments/330763
334033|2018-02-21|SO|I Ca 556/17|Postanowienie|https://www.saos.org.pl/judgments/334033
348357|2018-02-20|SO|III Ca 1744/17|Uzasadnienie|https://www.saos.org.pl/judgments/348357
335184|2018-02-20|SO|I Ns 281/17|Postanowienie|https://www.saos.org.pl/judgments/335184
338836|2018-02-15|SO|II Ca 1035/17|Postanowienie|https://www.saos.org.pl/judgments/338836
338812|2018-02-14|SO|I Ns 615/16|Postanowienie|https://www.saos.org.pl/judgments/338812
362084|2018-02-13|SO|I ACa 382/17|Wyrok|https://www.saos.org.pl/judgments/362084
333770|2018-02-13|SO|XI Ns 28/16|Postanowienie|https://www.saos.org.pl/judgments/333770
332648|2018-02-13|SO|III Ca 1438/16|Postanowienie|https://www.saos.org.pl/judgments/332648
332646|2018-02-13|SO|III Ca 1316/17|Postanowienie|https://www.saos.org.pl/judgments/332646
381649|2018-02-09|SO|II Ca 890/17|Postanowienie|https://www.saos.org.pl/judgments/381649
330478|2018-02-09|SO|I Ns 246/17|Postanowienie|https://www.saos.org.pl/judgments/330478
377867|2018-02-02|SO|II Ca 1299/17|Postanowienie|https://www.saos.org.pl/judgments/377867
361198|2018-02-02|SO|XV Ca 945/17|Postanowienie|https://www.saos.org.pl/judgments/361198
340949|2018-02-02|SO|I Ns 35/17|Zarządzenie|https://www.saos.org.pl/judgments/340949
330875|2018-02-02|SO|VIII Ns 66/15|Postanowienie|https://www.saos.org.pl/judgments/330875
332737|2018-02-01|SO|II Ca 475/17|Postanowienie|https://www.saos.org.pl/judgments/332737
348255|2018-01-31|SO|I Ns 240/16|Postanowienie|https://www.saos.org.pl/judgments/348255
341119|2018-01-31|SO|III Ca 1633/17|Uzasadnienie|https://www.saos.org.pl/judgments/341119
341472|2018-01-30|SO|I Ns 105/17|Postanowienie|https://www.saos.org.pl/judgments/341472
338614|2018-01-30|SO|II Ca 957/17|Postanowienie|https://www.saos.org.pl/judgments/338614
516236|2018-01-29|SO|II Ca 843/17|Postanowienie|https://www.saos.org.pl/judgments/516236
330955|2018-01-26|SO|I Ns 194/16|Postanowienie|https://www.saos.org.pl/judgments/330955
444624|2018-01-25|SO|II Ca 840/17|Postanowienie|https://www.saos.org.pl/judgments/444624
336411|2018-01-24|SO|IV Ca 616/17|Wyrok|https://www.saos.org.pl/judgments/336411
335536|2018-01-23|SO|XI Ns 2696/16|Postanowienie|https://www.saos.org.pl/judgments/335536
324521|2018-01-23|SO|XVI Ns 1727/15|Uzasadnienie|https://www.saos.org.pl/judgments/324521
339561|2018-01-19|SO|III Ca 1515/17|Uzasadnienie|https://www.saos.org.pl/judgments/339561
341492|2018-01-15|SO|XXV C 2010/15|Wyrok|https://www.saos.org.pl/judgments/341492
325510|2018-01-10|SO|I Ns 228/17|Postanowienie|https://www.saos.org.pl/judgments/325510
347159|2018-01-09|SO|XV Ca 981/17|Postanowienie|https://www.saos.org.pl/judgments/347159
323022|2018-01-02|SO|I Ns 514/15|Postanowienie|https://www.saos.org.pl/judgments/323022
335610|2017-12-28|SO|I C 1308/16|Wyrok|https://www.saos.org.pl/judgments/335610
321097|2017-12-28|SO|I Ca 434/17|Postanowienie|https://www.saos.org.pl/judgments/321097
324226|2017-12-27|SO|VIII Ca 660/17|Postanowienie|https://www.saos.org.pl/judgments/324226
348796|2017-12-22|SO|XXV C 185/17|Wyrok|https://www.saos.org.pl/judgments/348796
323971|2017-12-21|SO|III RC 65/17|Wyrok|https://www.saos.org.pl/judgments/323971
321590|2017-12-21|SO|I Ca 460/17|Postanowienie|https://www.saos.org.pl/judgments/321590
345415|2017-12-20|SO|VI ACa 1199/16|Wyrok|https://www.saos.org.pl/judgments/345415
320986|2017-12-20|SO|I Ns 428/16|Postanowienie|https://www.saos.org.pl/judgments/320986
320072|2017-12-18|SO|I Ns 82/17|Postanowienie|https://www.saos.org.pl/judgments/320072
330477|2017-12-15|SO|I Ns 1233/13|Postanowienie|https://www.saos.org.pl/judgments/330477
327550|2017-12-12|SO|III Ca 1153/16|Postanowienie|https://www.saos.org.pl/judgments/327550
321230|2017-12-12|SO|I Ns 98/14|Postanowienie|https://www.saos.org.pl/judgments/321230
319380|2017-12-12|SO|VIII Ca 642/17|Postanowienie|https://www.saos.org.pl/judgments/319380
323211|2017-12-11|SO|I Ns 167/14|Postanowienie|https://www.saos.org.pl/judgments/323211
523608|2017-12-07|SO|II Ca 366/17|Postanowienie|https://www.saos.org.pl/judgments/523608
325717|2017-12-07|SO|III Ca 1132/17|Uzasadnienie|https://www.saos.org.pl/judgments/325717
318940|2017-12-07|SO|II Ns 1815/15|Postanowienie|https://www.saos.org.pl/judgments/318940
322518|2017-12-06|SO|I Ca 418/17|Postanowienie|https://www.saos.org.pl/judgments/322518
318184|2017-12-05|SO|II Ca 719/17|Postanowienie|https://www.saos.org.pl/judgments/318184
325109|2017-12-01|SO|I Ns 726/16|Postanowienie|https://www.saos.org.pl/judgments/325109
323886|2017-11-29|SO|III Ca 888/17|Postanowienie|https://www.saos.org.pl/judgments/323886
346838|2017-11-28|SO|XV Ca 549/17|Wyrok|https://www.saos.org.pl/judgments/346838
345332|2017-11-28|SO|XV Ca 575/17|Postanowienie|https://www.saos.org.pl/judgments/345332
347914|2017-11-23|SO|I Ns 317/15|Postanowienie|https://www.saos.org.pl/judgments/347914
335961|2017-11-22|SO|I Ns 3/17|Uzasadnienie|https://www.saos.org.pl/judgments/335961
323018|2017-11-22|SO|I Ns 100/15|Postanowienie|https://www.saos.org.pl/judgments/323018
319642|2017-11-22|SO|I Ns 831/14|Postanowienie|https://www.saos.org.pl/judgments/319642
346839|2017-11-16|SO|XV Ca 613/17|Wyrok|https://www.saos.org.pl/judgments/346839
316197|2017-11-16|SO|I Ca 360/17|Postanowienie|https://www.saos.org.pl/judgments/316197
332623|2017-11-15|SO|I Ns 68/15|Postanowienie|https://www.saos.org.pl/judgments/332623
318225|2017-11-15|SO|IX Ca 650/17|Postanowienie|https://www.saos.org.pl/judgments/318225
316514|2017-11-15|SO|IV Ca 567/17|Postanowienie|https://www.saos.org.pl/judgments/316514
322822|2017-11-08|SO|I Ns 781/12|Postanowienie|https://www.saos.org.pl/judgments/322822
316392|2017-11-07|SO|II Ns 386/10|Postanowienie|https://www.saos.org.pl/judgments/316392
323913|2017-11-06|SO|III Ca 966/17|Uzasadnienie|https://www.saos.org.pl/judgments/323913
314344|2017-10-31|SO|I Ns 29/15|Postanowienie|https://www.saos.org.pl/judgments/314344
341024|2017-10-27|SO|XV Ca 473/17|Postanowienie|https://www.saos.org.pl/judgments/341024
333365|2017-10-26|SO|I ACa 199/17|Wyrok|https://www.saos.org.pl/judgments/333365
317403|2017-10-26|SO|II Ca 398/17|Postanowienie|https://www.saos.org.pl/judgments/317403
341025|2017-10-24|SO|XV Ca 567/17|Postanowienie|https://www.saos.org.pl/judgments/341025
319148|2017-10-24|SO|III Ca 1061/17|Postanowienie|https://www.saos.org.pl/judgments/319148
320235|2017-10-19|SO|II C 1307/15|Uzasadnienie|https://www.saos.org.pl/judgments/320235
311480|2017-10-18|SO|IX Ca 1140/16|Postanowienie|https://www.saos.org.pl/judgments/311480
312349|2017-10-12|SO|I C 139/17|Wyrok|https://www.saos.org.pl/judgments/312349
310730|2017-10-12|SO|I C 2506/16|Wyrok|https://www.saos.org.pl/judgments/310730
320563|2017-10-11|SO|I C 535/12|Wyrok|https://www.saos.org.pl/judgments/320563
310833|2017-10-11|SO|IX Ca 479/17|Postanowienie|https://www.saos.org.pl/judgments/310833
357851|2017-10-06|SO|I Ns 617/16|Postanowienie|https://www.saos.org.pl/judgments/357851
310442|2017-10-06|SO|II Ca 486/17|Postanowienie|https://www.saos.org.pl/judgments/310442
318146|2017-10-05|SO|II Ca 1511/15|Postanowienie|https://www.saos.org.pl/judgments/318146
313869|2017-10-05|SO|II Ca 1303/16|Postanowienie|https://www.saos.org.pl/judgments/313869
309692|2017-09-27|SO|I Ca 342/17|Postanowienie|https://www.saos.org.pl/judgments/309692
344486|2017-09-26|SO|I Ns 1564/16|Postanowienie|https://www.saos.org.pl/judgments/344486
317887|2017-09-26|SO|XI Ns 490/17|Postanowienie|https://www.saos.org.pl/judgments/317887
315469|2017-09-26|SO|I Ns 6/16|Postanowienie|https://www.saos.org.pl/judgments/315469
334224|2017-09-20|SO|I Ns 2078/15|Postanowienie|https://www.saos.org.pl/judgments/334224
315498|2017-09-20|SO|III Ca 406/17|Postanowienie|https://www.saos.org.pl/judgments/315498
307420|2017-09-20|SO|II Ns 2228/16|Postanowienie|https://www.saos.org.pl/judgments/307420
412783|2017-09-15|SO|V Ca 144/17|Postanowienie|https://www.saos.org.pl/judgments/412783
304880|2017-09-12|SO|I Ns 1229/14|Postanowienie|https://www.saos.org.pl/judgments/304880
304322|2017-09-08|SO|I ACa 218/17|Wyrok|https://www.saos.org.pl/judgments/304322
304908|2017-09-06|SO|I Ns 65/15|Postanowienie|https://www.saos.org.pl/judgments/304908
303107|2017-09-05|SO|III Ca 632/17|Uzasadnienie|https://www.saos.org.pl/judgments/303107
305329|2017-09-01|SO|II Ca 376/17|Postanowienie|https://www.saos.org.pl/judgments/305329
303964|2017-08-25|SO|III Ca 642/17|Uzasadnienie|https://www.saos.org.pl/judgments/303964
327371|2017-08-22|SO|I Ns 281/17|Uzasadnienie|https://www.saos.org.pl/judgments/327371
341473|2017-08-18|SO|I Ns 19/15|Postanowienie|https://www.saos.org.pl/judgments/341473
314167|2017-08-18|SO|I ACa 814/16|Wyrok|https://www.saos.org.pl/judgments/314167
303287|2017-08-04|SO|III Ca 548/17|Uzasadnienie|https://www.saos.org.pl/judgments/303287
314346|2017-08-03|SO|I Ns 43/15|Postanowienie|https://www.saos.org.pl/judgments/314346
313559|2017-08-03|SO|II C 1060/17|Wyrok|https://www.saos.org.pl/judgments/313559
324562|2017-07-31|SO|XVIII C 1666/16|Wyrok|https://www.saos.org.pl/judgments/324562
310996|2017-07-31|SO|II Ca 447/17|Postanowienie|https://www.saos.org.pl/judgments/310996
303479|2017-07-25|SO|II Ns 266/12|Postanowienie|https://www.saos.org.pl/judgments/303479
302763|2017-07-20|SO|III Ca 1727/16|Uzasadnienie|https://www.saos.org.pl/judgments/302763
295010|2017-07-20|SO|I Ca 185/17|Postanowienie|https://www.saos.org.pl/judgments/295010
300896|2017-07-19|SO|III Ca 373/17|Uzasadnienie|https://www.saos.org.pl/judgments/300896
357749|2017-07-18|SO|I Ns 31/15|Postanowienie|https://www.saos.org.pl/judgments/357749
370740|2017-07-14|SO|I Ns 283/15|Postanowienie|https://www.saos.org.pl/judgments/370740
310991|2017-07-14|SO|I Ns 586/14|Postanowienie|https://www.saos.org.pl/judgments/310991
301069|2017-07-13|SO|I Ns 551/14|Postanowienie|https://www.saos.org.pl/judgments/301069
334841|2017-07-12|SO|II Ca 2011/16|Postanowienie|https://www.saos.org.pl/judgments/334841
317881|2017-07-04|SO|XI Ns 2783/16|Postanowienie|https://www.saos.org.pl/judgments/317881
304721|2017-07-04|SO|I C 469/16|Wyrok|https://www.saos.org.pl/judgments/304721
308043|2017-06-30|SO|I Ns 603/15|Postanowienie|https://www.saos.org.pl/judgments/308043
302698|2017-06-30|SO|I C 33/17|Wyrok|https://www.saos.org.pl/judgments/302698
299913|2017-06-29|SO|III Ca 628/17|Uzasadnienie|https://www.saos.org.pl/judgments/299913
305148|2017-06-28|SO|II Ca 140/17|Postanowienie|https://www.saos.org.pl/judgments/305148
333179|2017-06-22|SO|I Ns 322/16|Postanowienie|https://www.saos.org.pl/judgments/333179
300136|2017-06-21|SO|I Ca 202/17|Postanowienie|https://www.saos.org.pl/judgments/300136
377062|2017-06-19|SO|I C 2821/16|Wyrok|https://www.saos.org.pl/judgments/377062
335967|2017-06-14|SO|I Ns 995/15|Postanowienie|https://www.saos.org.pl/judgments/335967
304693|2017-06-14|SO|I C 41/16|Wyrok|https://www.saos.org.pl/judgments/304693
309956|2017-06-13|SO|II Ca 1327/16|Postanowienie|https://www.saos.org.pl/judgments/309956
298885|2017-06-13|SO|I Ns 1526/16|Postanowienie|https://www.saos.org.pl/judgments/298885
342751|2017-06-12|SO|I Ns 626/14|Postanowienie|https://www.saos.org.pl/judgments/342751
310586|2017-06-12|SO|I Ns 256/13|Postanowienie|https://www.saos.org.pl/judgments/310586
292496|2017-06-12|SO|II Ns 2003/13|Postanowienie|https://www.saos.org.pl/judgments/292496
291490|2017-06-09|SO|I Ns 338/14|Postanowienie|https://www.saos.org.pl/judgments/291490
297844|2017-06-07|SO|III Ca 356/17|Uzasadnienie|https://www.saos.org.pl/judgments/297844
290799|2017-06-07|SO|VIII Ns 40/12|Postanowienie|https://www.saos.org.pl/judgments/290799
305733|2017-06-06|SO|III Ca 1744/16|Postanowienie|https://www.saos.org.pl/judgments/305733
341302|2017-06-05|SO|I C 3696/15|Uzasadnienie|https://www.saos.org.pl/judgments/341302
298187|2017-06-05|SO|III Ca 155/17|Uzasadnienie|https://www.saos.org.pl/judgments/298187
297836|2017-06-02|SO|III Ca 186/17|Uzasadnienie|https://www.saos.org.pl/judgments/297836
289039|2017-05-31|SO|I Ns 575/16|Postanowienie|https://www.saos.org.pl/judgments/289039
303446|2017-05-30|SO|I Ns 560/15|Postanowienie|https://www.saos.org.pl/judgments/303446
293841|2017-05-30|SO|I Ns 1079/14|Postanowienie|https://www.saos.org.pl/judgments/293841
292037|2017-05-26|SO|II Ca 930/16|Postanowienie|https://www.saos.org.pl/judgments/292037
296099|2017-05-25|SO|I C 759/17|Wyrok|https://www.saos.org.pl/judgments/296099
294341|2017-05-24|SO|II Ca 894/16|Postanowienie|https://www.saos.org.pl/judgments/294341
290221|2017-05-24|SO|III Ca 211/17|Wyrok|https://www.saos.org.pl/judgments/290221
349114|2017-05-22|SO|I C 156/15|Wyrok|https://www.saos.org.pl/judgments/349114
319058|2017-05-19|SO|I Ns 2091/16|Postanowienie|https://www.saos.org.pl/judgments/319058
310001|2017-05-19|SO|II Ca 1557/16|Postanowienie|https://www.saos.org.pl/judgments/310001
287001|2017-05-18|SO|VIII U 1655/16|Zarządzenie|https://www.saos.org.pl/judgments/287001
287374|2017-05-12|SO|I Ns 874/15|Postanowienie|https://www.saos.org.pl/judgments/287374
295467|2017-05-05|SO|I Ns 318/15|Postanowienie|https://www.saos.org.pl/judgments/295467
289083|2017-04-27|SO|II Ca 219/17|Postanowienie|https://www.saos.org.pl/judgments/289083
286552|2017-04-27|SO|III Ca 1906/16|Uzasadnienie|https://www.saos.org.pl/judgments/286552
311752|2017-04-19|SO|I Ns 683/16|Postanowienie|https://www.saos.org.pl/judgments/311752
285428|2017-04-19|SO|III Ca 1640/16|Uzasadnienie|https://www.saos.org.pl/judgments/285428
288288|2017-04-13|SO|XII C 31/15|Wyrok|https://www.saos.org.pl/judgments/288288
311959|2017-04-05|SO|I Ns 310/15|Postanowienie|https://www.saos.org.pl/judgments/311959
298961|2017-04-05|SO|III Ca 1620/16|Postanowienie|https://www.saos.org.pl/judgments/298961
290306|2017-04-05|SO|III Ca 75/17|Postanowienie|https://www.saos.org.pl/judgments/290306
280640|2017-03-30|SO|I Ca 68/17|Postanowienie|https://www.saos.org.pl/judgments/280640
283336|2017-03-29|SO|I ACa 1026/16|Wyrok|https://www.saos.org.pl/judgments/283336
280649|2017-03-24|SO|I Ns 1372/14|Postanowienie|https://www.saos.org.pl/judgments/280649
335964|2017-03-20|SO|I Ns 494/15|Postanowienie|https://www.saos.org.pl/judgments/335964
280218|2017-03-16|SO|IX Ca 1101/16|Postanowienie|https://www.saos.org.pl/judgments/280218
282788|2017-03-14|SO|II Ca 772/16|Postanowienie|https://www.saos.org.pl/judgments/282788
279636|2017-03-08|SO|I Ca 17/17|Postanowienie|https://www.saos.org.pl/judgments/279636
278909|2017-03-07|SO|II Ca 1040/16|Postanowienie|https://www.saos.org.pl/judgments/278909
278857|2017-03-07|SO|I Ca 560/16|Postanowienie|https://www.saos.org.pl/judgments/278857
283456|2017-03-06|SO|I Ns 130/15|Postanowienie|https://www.saos.org.pl/judgments/283456
289546|2017-03-01|SO|XI Ns 2509/14|Postanowienie|https://www.saos.org.pl/judgments/289546
286401|2017-02-28|SO|II Ca 2120/15|Postanowienie|https://www.saos.org.pl/judgments/286401
327173|2017-02-23|SO|II Ca 531/16|Postanowienie|https://www.saos.org.pl/judgments/327173
273859|2017-02-17|SO|I Ca 568/16|Postanowienie|https://www.saos.org.pl/judgments/273859
309718|2017-02-16|SO|II Ca 1096/16|Postanowienie|https://www.saos.org.pl/judgments/309718
280552|2017-02-16|SO|I C 247/16|Wyrok|https://www.saos.org.pl/judgments/280552
273789|2017-02-14|SO|I C 619/15|Wyrok|https://www.saos.org.pl/judgments/273789
275491|2017-02-08|SO|I Ca 15/17|Postanowienie|https://www.saos.org.pl/judgments/275491
502005|2017-02-02|SO|II Ca 457/16|Postanowienie|https://www.saos.org.pl/judgments/502005
273866|2017-02-02|SO|I Ns 157/14|Postanowienie|https://www.saos.org.pl/judgments/273866
276174|2017-02-01|SO|II Ca 1124/16|Postanowienie|https://www.saos.org.pl/judgments/276174
274366|2017-01-31|SO|III Ca 1370/16|Uzasadnienie|https://www.saos.org.pl/judgments/274366
271065|2017-01-27|SO|I Ca 575/16|Postanowienie|https://www.saos.org.pl/judgments/271065
271605|2017-01-26|SO|II Ca 816/16|Postanowienie|https://www.saos.org.pl/judgments/271605
270660|2017-01-26|SO|IV Ca 411/16|Postanowienie|https://www.saos.org.pl/judgments/270660
300186|2017-01-25|SO|III Ns 461/16|Postanowienie|https://www.saos.org.pl/judgments/300186
278868|2017-01-25|SO|I Ns 1999/11|Postanowienie|https://www.saos.org.pl/judgments/278868
271982|2017-01-25|SO|I Ns 253/14|Postanowienie|https://www.saos.org.pl/judgments/271982
272813|2017-01-23|SO|I C 115/16|Wyrok|https://www.saos.org.pl/judgments/272813
272499|2017-01-19|SO|I C 308/16|Wyrok|https://www.saos.org.pl/judgments/272499
267538|2017-01-19|SO|XVI Ns 299/15|Zarządzenie|https://www.saos.org.pl/judgments/267538
266087|2017-01-16|SO|I Ns 1123/11|Postanowienie|https://www.saos.org.pl/judgments/266087
269980|2016-12-28|SO|III Ca 621/16|Postanowienie|https://www.saos.org.pl/judgments/269980
265369|2016-12-28|SO|I Ca 397/16|Postanowienie|https://www.saos.org.pl/judgments/265369
265507|2016-12-23|SO|II Ns 792/15|Zarządzenie|https://www.saos.org.pl/judgments/265507
267325|2016-12-22|SO|I Ns 285/15|Postanowienie|https://www.saos.org.pl/judgments/267325
262225|2016-12-22|SO|III Ca 1178/16|Uzasadnienie|https://www.saos.org.pl/judgments/262225
269054|2016-12-21|SO|IX Ca 559/16|Postanowienie|https://www.saos.org.pl/judgments/269054
269425|2016-12-16|SO|I Ca 278/16|Wyrok|https://www.saos.org.pl/judgments/269425
266450|2016-12-16|SO|I Ca 262/16|Postanowienie|https://www.saos.org.pl/judgments/266450
266088|2016-12-15|SO|I Ns 336/11|Postanowienie|https://www.saos.org.pl/judgments/266088
295466|2016-12-14|SO|I Ns 31/15|Postanowienie|https://www.saos.org.pl/judgments/295466
262236|2016-12-14|SO|III Ca 1306/16|Uzasadnienie|https://www.saos.org.pl/judgments/262236
275552|2016-12-13|SO|II Ca 744/16|Postanowienie|https://www.saos.org.pl/judgments/275552
270320|2016-12-06|SO|II Ca 2585/15|Postanowienie|https://www.saos.org.pl/judgments/270320
265682|2016-12-02|SO|VI ACa 1401/15|Wyrok|https://www.saos.org.pl/judgments/265682
260151|2016-12-02|SO|II Ns 374/14|Postanowienie|https://www.saos.org.pl/judgments/260151
340840|2016-11-30|SO|I Ns 647/14|Zarządzenie|https://www.saos.org.pl/judgments/340840
270793|2016-11-30|SO|XXVII Ca 1708/16|Postanowienie|https://www.saos.org.pl/judgments/270793
263341|2016-11-30|SO|I Ns 1123/13|Postanowienie|https://www.saos.org.pl/judgments/263341
323212|2016-11-29|SO|I Ns 614/14|Postanowienie|https://www.saos.org.pl/judgments/323212
265504|2016-11-29|SO|II Ns 342/13|Uzasadnienie|https://www.saos.org.pl/judgments/265504
259821|2016-11-23|SO|I Ns 963/15|Postanowienie|https://www.saos.org.pl/judgments/259821
257475|2016-11-23|SO|III Ca 1260/16|Uzasadnienie|https://www.saos.org.pl/judgments/257475
297956|2016-11-17|SO|VI K 288/16|Wyrok|https://www.saos.org.pl/judgments/297956
270122|2016-11-17|SO|XVIII C 105/16|Wyrok|https://www.saos.org.pl/judgments/270122
265373|2016-11-17|SO|I Ns 1341/10|Postanowienie|https://www.saos.org.pl/judgments/265373
275498|2016-11-16|SO|I Ns 1378/15|Postanowienie|https://www.saos.org.pl/judgments/275498
257448|2016-11-10|SO|III C 1776/15|Wyrok|https://www.saos.org.pl/judgments/257448
263605|2016-11-09|SO|I Ca 400/16|Postanowienie|https://www.saos.org.pl/judgments/263605
261310|2016-11-09|SO|I Ns 606/14|Postanowienie|https://www.saos.org.pl/judgments/261310
256561|2016-11-07|SO|I C 559/15|Wyrok|https://www.saos.org.pl/judgments/256561
254184|2016-10-28|SO|I Ns 113/16|Postanowienie|https://www.saos.org.pl/judgments/254184
265560|2016-10-27|SO|III Ca 936/16|Postanowienie|https://www.saos.org.pl/judgments/265560
258785|2016-10-26|SO|I Ns 365/14|Postanowienie|https://www.saos.org.pl/judgments/258785
257174|2016-10-26|SO|I Ns 649/15|Postanowienie|https://www.saos.org.pl/judgments/257174
263317|2016-10-25|SO|I C 23/16|Wyrok|https://www.saos.org.pl/judgments/263317
263637|2016-10-19|SO|IV Ca 1543/16|Postanowienie|https://www.saos.org.pl/judgments/263637
254931|2016-10-19|SO|IV Ca 660/16|Postanowienie|https://www.saos.org.pl/judgments/254931
254183|2016-10-19|SO|I Ca 415/16|Postanowienie|https://www.saos.org.pl/judgments/254183
257158|2016-10-18|SO|I Ns 1099/13|Postanowienie|https://www.saos.org.pl/judgments/257158
256545|2016-10-14|SO|I C 254/14|Wyrok|https://www.saos.org.pl/judgments/256545
258582|2016-10-13|SO|XI Ns 2386/15|Postanowienie|https://www.saos.org.pl/judgments/258582
255922|2016-10-13|SO|I Ns 769/14|Postanowienie|https://www.saos.org.pl/judgments/255922
253303|2016-10-11|SO|II Ns 643/15|Postanowienie|https://www.saos.org.pl/judgments/253303
251855|2016-10-10|SO|I Ns 359/15|Postanowienie|https://www.saos.org.pl/judgments/251855
291716|2016-10-06|SO|XI Ns 2294/14|Postanowienie|https://www.saos.org.pl/judgments/291716
250524|2016-10-06|SO|XVI Ns 704/14|Zarządzenie|https://www.saos.org.pl/judgments/250524
291717|2016-10-03|SO|XI Ns 25/16|Postanowienie|https://www.saos.org.pl/judgments/291717
288389|2016-09-30|SO|I Ns 83/13|Postanowienie|https://www.saos.org.pl/judgments/288389
254201|2016-09-30|SO|II Ca 676/16|Postanowienie|https://www.saos.org.pl/judgments/254201
253585|2016-09-29|SO|III Ca 797/15|Postanowienie|https://www.saos.org.pl/judgments/253585
252995|2016-09-28|SO|I Ns 217/16|Postanowienie|https://www.saos.org.pl/judgments/252995
305247|2016-09-22|SO|II Ca 184/16|Postanowienie|https://www.saos.org.pl/judgments/305247
254192|2016-09-22|SO|I Ns 672/14|Postanowienie|https://www.saos.org.pl/judgments/254192
250295|2016-09-22|SO|IX Ns 632/15|Uzasadnienie|https://www.saos.org.pl/judgments/250295
327170|2016-09-19|SO|II Ca 367/16|Postanowienie|https://www.saos.org.pl/judgments/327170
249912|2016-09-08|SO|III Ca 1492/15|Postanowienie|https://www.saos.org.pl/judgments/249912
305146|2016-09-02|SO|II Ca 1398/15|Postanowienie|https://www.saos.org.pl/judgments/305146
247162|2016-08-31|SO|IV Ca 479/16|Wyrok|https://www.saos.org.pl/judgments/247162
266252|2016-08-24|SO|II Ca 1066/16|Postanowienie|https://www.saos.org.pl/judgments/266252
251718|2016-08-22|SO|II Ca 592/16|Postanowienie|https://www.saos.org.pl/judgments/251718
266251|2016-08-18|SO|II Ca 1046/16|Wyrok|https://www.saos.org.pl/judgments/266251
266265|2016-08-11|SO|II Ca 563/16|Postanowienie|https://www.saos.org.pl/judgments/266265
249032|2016-08-09|SO|V Ca 3566/15|Postanowienie|https://www.saos.org.pl/judgments/249032
245798|2016-07-28|SO|III Ca 489/16|Uzasadnienie|https://www.saos.org.pl/judgments/245798
241490|2016-07-27|SO|I Ca 213/16|Postanowienie|https://www.saos.org.pl/judgments/241490
284387|2016-07-25|SO|I Ns 577/11|Postanowienie|https://www.saos.org.pl/judgments/284387
246967|2016-07-25|SO|III Ca 426/16|Uzasadnienie|https://www.saos.org.pl/judgments/246967
251711|2016-07-20|SO|I Ns 637/16|Zarządzenie|https://www.saos.org.pl/judgments/251711
236866|2016-07-20|SO|I Ns 358/15|Postanowienie|https://www.saos.org.pl/judgments/236866
271449|2016-07-14|SO|I ACa 990/15|Wyrok|https://www.saos.org.pl/judgments/271449
291013|2016-07-12|SO|I C 468/15|Wyrok|https://www.saos.org.pl/judgments/291013
240943|2016-07-08|SO|I Ns 778/15|Postanowienie|https://www.saos.org.pl/judgments/240943
266090|2016-07-07|SO|I Ns 957/12|Postanowienie|https://www.saos.org.pl/judgments/266090
254059|2016-07-07|SO|VI Ca 419/16|Postanowienie|https://www.saos.org.pl/judgments/254059
253527|2016-07-07|SO|I Ns 378/13|Postanowienie|https://www.saos.org.pl/judgments/253527
238760|2016-07-07|SO|I C 201/14|Wyrok|https://www.saos.org.pl/judgments/238760
280834|2016-07-05|SO|III C 443/15|Wyrok|https://www.saos.org.pl/judgments/280834
246538|2016-06-29|SO|III Ca 833/15|Postanowienie|https://www.saos.org.pl/judgments/246538
247344|2016-06-28|SO|I Ns 922/13|Postanowienie|https://www.saos.org.pl/judgments/247344
234447|2016-06-23|SO|VI Ca 359/16|Postanowienie|https://www.saos.org.pl/judgments/234447
234521|2016-06-22|SO|I Ns 484/15|Uzasadnienie|https://www.saos.org.pl/judgments/234521
330495|2016-06-20|SO|II Ca 339/16|Postanowienie|https://www.saos.org.pl/judgments/330495
293057|2016-06-17|SO|XV Ca 809/15|Postanowienie|https://www.saos.org.pl/judgments/293057
232203|2016-06-15|SO|II Ns 145/10|Postanowienie|https://www.saos.org.pl/judgments/232203
248659|2016-06-14|SO|XVIII C 461/15|Wyrok|https://www.saos.org.pl/judgments/248659
229654|2016-06-10|SO|VIII U 1628/15|Uzasadnienie|https://www.saos.org.pl/judgments/229654
234859|2016-06-09|SO|I Ns 1575/13|Postanowienie|https://www.saos.org.pl/judgments/234859
231782|2016-06-09|SO|XVI Ns 1288/14|Uzasadnienie|https://www.saos.org.pl/judgments/231782
465924|2016-06-08|SO|II Ns 2231/12|Postanowienie|https://www.saos.org.pl/judgments/465924
240432|2016-06-01|SO|III Ca 243/16|Uzasadnienie|https://www.saos.org.pl/judgments/240432
230883|2016-06-01|SO|III Ca 1780/15|Postanowienie|https://www.saos.org.pl/judgments/230883
227069|2016-06-01|SO|I C 1130/12|Uzasadnienie|https://www.saos.org.pl/judgments/227069
305173|2016-05-31|SO|II Ca 1473/15|Postanowienie|https://www.saos.org.pl/judgments/305173
293608|2016-05-30|SO|I Ns 674/15|Postanowienie|https://www.saos.org.pl/judgments/293608
233496|2016-05-25|SO|I Ns 353/14|Postanowienie|https://www.saos.org.pl/judgments/233496
226549|2016-05-25|SO|II Ns 1035/11|Postanowienie|https://www.saos.org.pl/judgments/226549
247144|2016-05-24|SO|I Ns 1399/15|Postanowienie|https://www.saos.org.pl/judgments/247144
316214|2016-05-23|SO|I Ns 184/15|Postanowienie|https://www.saos.org.pl/judgments/316214
232204|2016-05-23|SO|II Ns 623/13|Postanowienie|https://www.saos.org.pl/judgments/232204
235356|2016-05-20|SO|I ACa 189/16|Wyrok|https://www.saos.org.pl/judgments/235356
305224|2016-05-19|SO|II Ca 1680/15|Postanowienie|https://www.saos.org.pl/judgments/305224
258567|2016-05-19|SO|XI Ns 1314/15|Postanowienie|https://www.saos.org.pl/judgments/258567
228055|2016-05-18|SO|I Ca 176/16|Postanowienie|https://www.saos.org.pl/judgments/228055
304193|2016-05-17|SO|XV Ca 1751/15|Postanowienie|https://www.saos.org.pl/judgments/304193
231734|2016-05-13|SO|XI Ns 1686/15|Postanowienie|https://www.saos.org.pl/judgments/231734
227161|2016-05-13|SO|I Ns 1391/14|Postanowienie|https://www.saos.org.pl/judgments/227161
336546|2016-05-11|SO|I Ns 230/14|Postanowienie|https://www.saos.org.pl/judgments/336546
241452|2016-05-11|SO|II Ca 1702/15|Postanowienie|https://www.saos.org.pl/judgments/241452
239414|2016-05-06|SO|III Ca 1777/15|Uzasadnienie|https://www.saos.org.pl/judgments/239414
258583|2016-04-29|SO|XI Ns 2387/15|Postanowienie|https://www.saos.org.pl/judgments/258583
225986|2016-04-29|SO|I Ns 601/12|Postanowienie|https://www.saos.org.pl/judgments/225986
233960|2016-04-28|SO|I Ns 1470/15|Postanowienie|https://www.saos.org.pl/judgments/233960
273873|2016-04-15|SO|I Ns 486/15|Uzasadnienie|https://www.saos.org.pl/judgments/273873
223356|2016-04-14|SO|III Ca 58/16|Postanowienie|https://www.saos.org.pl/judgments/223356
371518|2016-04-13|SO|I Ns 422/14|Postanowienie|https://www.saos.org.pl/judgments/371518
222582|2016-04-13|SO|III Ca 105/16|Postanowienie|https://www.saos.org.pl/judgments/222582
222238|2016-04-13|SO|VIII Ca 59/16|Postanowienie|https://www.saos.org.pl/judgments/222238
219674|2016-04-13|SO|II Ns 2077/12|Postanowienie|https://www.saos.org.pl/judgments/219674
218117|2016-04-08|SO|V Ka 1355/15|Uzasadnienie|https://www.saos.org.pl/judgments/218117
220676|2016-04-07|SO|I Ns 1585/11|Postanowienie|https://www.saos.org.pl/judgments/220676
222593|2016-03-30|SO|III Ca 1538/15|Uzasadnienie|https://www.saos.org.pl/judgments/222593
257019|2016-03-29|SO|I C 1595/15|Wyrok|https://www.saos.org.pl/judgments/257019
224444|2016-03-29|SO|I Ns 361/14|Postanowienie|https://www.saos.org.pl/judgments/224444
219673|2016-03-29|SO|II Ns 1122/11|Postanowienie|https://www.saos.org.pl/judgments/219673
229023|2016-03-23|SO|XI Ns 1422/15|Postanowienie|https://www.saos.org.pl/judgments/229023
217318|2016-03-23|SO|I Ns 906/14|Uzasadnienie|https://www.saos.org.pl/judgments/217318
217307|2016-03-17|SO|I Ns 1554/15|Postanowienie|https://www.saos.org.pl/judgments/217307
221487|2016-03-11|SO|III Ca 1693/15|Uzasadnienie|https://www.saos.org.pl/judgments/221487
215677|2016-03-11|SO|I Ns 1101/12|Uzasadnienie|https://www.saos.org.pl/judgments/215677
254190|2016-03-10|SO|I Ns 628/15|Postanowienie|https://www.saos.org.pl/judgments/254190
252481|2016-03-10|SO|I Ns 442/15|Postanowienie|https://www.saos.org.pl/judgments/252481
215651|2016-03-10|SO|I C 1013/15|Wyrok|https://www.saos.org.pl/judgments/215651
305041|2016-03-09|SO|II Ca 1006/15|Postanowienie|https://www.saos.org.pl/judgments/305041
213501|2016-03-09|SO|IV Ca 925/15|Postanowienie|https://www.saos.org.pl/judgments/213501
251147|2016-03-08|SO|XI Ns 141/15|Postanowienie|https://www.saos.org.pl/judgments/251147
214709|2016-03-08|SO|I Ns 683/15|Postanowienie|https://www.saos.org.pl/judgments/214709
241248|2016-03-04|SO|V Ca 37/16|Postanowienie|https://www.saos.org.pl/judgments/241248
232893|2016-03-03|SO|II Ca 671/14|Postanowienie|https://www.saos.org.pl/judgments/232893
214445|2016-03-02|SO|IV Ca 900/15|Postanowienie|https://www.saos.org.pl/judgments/214445
280722|2016-02-29|SO|II C 3175/14|Zarządzenie|https://www.saos.org.pl/judgments/280722
214708|2016-02-26|SO|I Ns 275/15|Postanowienie|https://www.saos.org.pl/judgments/214708
218401|2016-02-24|SO|I Ns 61/14|Zarządzenie|https://www.saos.org.pl/judgments/218401
213317|2016-02-24|SO|I Ca 29/16|Postanowienie|https://www.saos.org.pl/judgments/213317
214707|2016-02-23|SO|I Ns 201/15|Postanowienie|https://www.saos.org.pl/judgments/214707
293854|2016-02-22|SO|I Ns 781/11|Uzasadnienie|https://www.saos.org.pl/judgments/293854
296828|2016-02-18|SO|II Ca 67/16|Postanowienie|https://www.saos.org.pl/judgments/296828
211379|2016-02-18|SO|III Ca 772/15|Postanowienie|https://www.saos.org.pl/judgments/211379
251148|2016-02-17|SO|XI Ns 351/14|Postanowienie|https://www.saos.org.pl/judgments/251148
213465|2016-02-17|SO|III Ca 847/15|Postanowienie|https://www.saos.org.pl/judgments/213465
214384|2016-02-15|SO|III Ca 1416/15|Uzasadnienie|https://www.saos.org.pl/judgments/214384
207284|2016-02-10|SO|I Ca 21/16|Postanowienie|https://www.saos.org.pl/judgments/207284
203309|2016-02-10|SO|IV Ca 883/15|Postanowienie|https://www.saos.org.pl/judgments/203309
282189|2016-02-09|SO|I Ns 767/12|Uzasadnienie|https://www.saos.org.pl/judgments/282189
207283|2016-02-04|SO|I Ca 12/16|Postanowienie|https://www.saos.org.pl/judgments/207283
220798|2016-01-29|SO|III APa 52/15|Wyrok|https://www.saos.org.pl/judgments/220798
202771|2016-01-29|SO|I Ns 494/15|Postanowienie|https://www.saos.org.pl/judgments/202771
207183|2016-01-28|SO|I ACa 910/15|Wyrok|https://www.saos.org.pl/judgments/207183
203299|2016-01-28|SO|IV Ca 661/15|Postanowienie|https://www.saos.org.pl/judgments/203299
200133|2016-01-26|SO|I Ns 223/15|Postanowienie|https://www.saos.org.pl/judgments/200133
213834|2016-01-25|SO|II Ca 656/15|Wyrok|https://www.saos.org.pl/judgments/213834
202780|2016-01-22|SO|I Ns 886/12|Postanowienie|https://www.saos.org.pl/judgments/202780
199479|2016-01-21|SO|I Ca 334/15|Postanowienie|https://www.saos.org.pl/judgments/199479
204443|2016-01-20|SO|I Ns 12/14|Zarządzenie|https://www.saos.org.pl/judgments/204443
221878|2016-01-11|SO|I Ns 489/13|Zarządzenie|https://www.saos.org.pl/judgments/221878
193707|2016-01-04|SO|I Ns 66/15|Zarządzenie|https://www.saos.org.pl/judgments/193707
502222|2015-12-30|SO|II Ca 803/15|Postanowienie|https://www.saos.org.pl/judgments/502222
194449|2015-12-23|SO|III Ca 1000/15|Uzasadnienie|https://www.saos.org.pl/judgments/194449
195266|2015-12-22|SO|II Ns 2043/13|Postanowienie|https://www.saos.org.pl/judgments/195266
217310|2015-12-18|SO|I Ns 2322/14|Uzasadnienie|https://www.saos.org.pl/judgments/217310
259651|2015-12-16|SO|I Ns 2761/14|Postanowienie|https://www.saos.org.pl/judgments/259651
196034|2015-12-16|SO|I Ns 7945/13|Postanowienie|https://www.saos.org.pl/judgments/196034
194332|2015-12-16|SO|I Ca 329/15|Postanowienie|https://www.saos.org.pl/judgments/194332
257162|2015-12-14|SO|I Ns 13/15|Zarządzenie|https://www.saos.org.pl/judgments/257162
199685|2015-12-14|SO|I Ns 70/15|Postanowienie|https://www.saos.org.pl/judgments/199685
192465|2015-12-14|SO|II Ca 1186/15|Postanowienie|https://www.saos.org.pl/judgments/192465
237152|2015-12-11|SO|I Ns 281/14|Postanowienie|https://www.saos.org.pl/judgments/237152
203157|2015-12-10|SO|III Ca 1320/15|Wyrok|https://www.saos.org.pl/judgments/203157
199926|2015-12-08|SO|I Ns 369/15|Postanowienie|https://www.saos.org.pl/judgments/199926
194724|2015-12-02|SO|III Ca 615/15|Postanowienie|https://www.saos.org.pl/judgments/194724
247389|2015-11-20|SO|II Ns 2367/12|Postanowienie|https://www.saos.org.pl/judgments/247389
197710|2015-11-20|SO|IV Ca 533/15|Postanowienie|https://www.saos.org.pl/judgments/197710
192153|2015-11-20|SO|I Ns 268/15|Postanowienie|https://www.saos.org.pl/judgments/192153
189201|2015-11-17|SO|XII C 1629/14|Wyrok|https://www.saos.org.pl/judgments/189201
235396|2015-11-13|SO|I Ns 1164/14|Postanowienie|https://www.saos.org.pl/judgments/235396
296829|2015-11-12|SO|II Ca 683/15|Postanowienie|https://www.saos.org.pl/judgments/296829
297729|2015-11-10|SO|II Ca 1033/14|Postanowienie|https://www.saos.org.pl/judgments/297729
182865|2015-11-10|SO|I Ns 797/12|Uzasadnienie|https://www.saos.org.pl/judgments/182865
278979|2015-11-09|SO|II Ns 1360/13|Zarządzenie|https://www.saos.org.pl/judgments/278979
193942|2015-11-06|SO|III Ca 844/15|Uzasadnienie|https://www.saos.org.pl/judgments/193942
272517|2015-11-05|SO|I Ns 882/14|Postanowienie|https://www.saos.org.pl/judgments/272517
227657|2015-11-05|SO|I Ns 560/14|Postanowienie|https://www.saos.org.pl/judgments/227657
189421|2015-11-05|SO|XVI Ns 134/14|Uzasadnienie|https://www.saos.org.pl/judgments/189421
182804|2015-10-30|SO|I Ns 1033/12|Postanowienie|https://www.saos.org.pl/judgments/182804
357618|2015-10-29|SO|II Ca 684/15|Postanowienie|https://www.saos.org.pl/judgments/357618
184008|2015-10-29|SO|II Ns 1036/14|Postanowienie|https://www.saos.org.pl/judgments/184008
196729|2015-10-27|SO|XVIII C 410/15|Wyrok|https://www.saos.org.pl/judgments/196729
196784|2015-10-21|SO|I Ca 346/15|Wyrok|https://www.saos.org.pl/judgments/196784
182760|2015-10-21|SO|I Ca 356/15|Wyrok|https://www.saos.org.pl/judgments/182760
182702|2015-10-21|SO|I Ca 246/15|Postanowienie|https://www.saos.org.pl/judgments/182702
185266|2015-10-14|SO|III Ca 559/15|Postanowienie|https://www.saos.org.pl/judgments/185266
189255|2015-10-12|SO|XIII Ns 1273/12|Postanowienie|https://www.saos.org.pl/judgments/189255
184022|2015-10-09|SO|II Ns 5224/14|Postanowienie|https://www.saos.org.pl/judgments/184022
182715|2015-10-08|SO|I Ca 281/15|Postanowienie|https://www.saos.org.pl/judgments/182715
181023|2015-10-07|SO|III Ca 1083/15|Postanowienie|https://www.saos.org.pl/judgments/181023
196747|2015-10-06|SO|I ACa 720/15|Wyrok|https://www.saos.org.pl/judgments/196747
182694|2015-10-06|SO|I Ca 205/15|Postanowienie|https://www.saos.org.pl/judgments/182694
183274|2015-10-01|SO|II Ca 360/15|Postanowienie|https://www.saos.org.pl/judgments/183274
182810|2015-10-01|SO|I Ns 1235/14|Postanowienie|https://www.saos.org.pl/judgments/182810
185527|2015-09-24|SO|III Ca 948/15|Postanowienie|https://www.saos.org.pl/judgments/185527
191797|2015-09-23|SO|XV C 54/13|Wyrok|https://www.saos.org.pl/judgments/191797
181021|2015-09-22|SO|III Ca 1008/15|Wyrok|https://www.saos.org.pl/judgments/181021
182747|2015-09-16|SO|I Ca 335/15|Postanowienie|https://www.saos.org.pl/judgments/182747
254185|2015-09-11|SO|I Ns 1465/13|Postanowienie|https://www.saos.org.pl/judgments/254185
233872|2015-09-11|SO|XV Ca 535/15|Postanowienie|https://www.saos.org.pl/judgments/233872
210645|2015-09-11|SO|XV Ca 472/15|Postanowienie|https://www.saos.org.pl/judgments/210645
297366|2015-09-10|SO|II Ca 794/14|Postanowienie|https://www.saos.org.pl/judgments/297366
191155|2015-08-31|SO|III Ca 642/15|Uzasadnienie|https://www.saos.org.pl/judgments/191155
185360|2015-08-31|SO|III Ca 622/15|Uzasadnienie|https://www.saos.org.pl/judgments/185360
195126|2015-08-21|SO|XV Ca 1387/14|Postanowienie|https://www.saos.org.pl/judgments/195126
191350|2015-08-20|SO|III Ca 650/15|Uzasadnienie|https://www.saos.org.pl/judgments/191350
180330|2015-08-20|SO|XIII Ns 1553/14|Postanowienie|https://www.saos.org.pl/judgments/180330
180576|2015-08-19|SO|II Ca 2449/13|Postanowienie|https://www.saos.org.pl/judgments/180576
180557|2015-08-19|SO|II Ca 1010/15|Postanowienie|https://www.saos.org.pl/judgments/180557
176268|2015-08-11|SO|XIII Ns 1264/13|Postanowienie|https://www.saos.org.pl/judgments/176268
185312|2015-08-07|SO|III Ca 584/15|Uzasadnienie|https://www.saos.org.pl/judgments/185312
179131|2015-08-07|SO|I ACa 185/15|Wyrok|https://www.saos.org.pl/judgments/179131
181436|2015-08-06|SO|I ACa 576/15|Wyrok|https://www.saos.org.pl/judgments/181436
198142|2015-07-31|SO|XV Ca 387/15|Postanowienie|https://www.saos.org.pl/judgments/198142
183286|2015-07-30|SO|II Ca 395/15|Postanowienie|https://www.saos.org.pl/judgments/183286
172995|2015-07-24|SO|IV Ca 359/15|Wyrok|https://www.saos.org.pl/judgments/172995
185304|2015-07-21|SO|III Ca 579/15|Uzasadnienie|https://www.saos.org.pl/judgments/185304
235846|2015-07-20|SO|II Ca 451/15|Postanowienie|https://www.saos.org.pl/judgments/235846
178226|2015-07-16|SO|II Ca 388/15|Postanowienie|https://www.saos.org.pl/judgments/178226
315830|2015-07-01|SO|I ACa 1338/14|Wyrok|https://www.saos.org.pl/judgments/315830
185085|2015-07-01|SO|III Ca 408/15|Uzasadnienie|https://www.saos.org.pl/judgments/185085
174002|2015-07-01|SO|I Ca 185/15|Postanowienie|https://www.saos.org.pl/judgments/174002
183344|2015-06-30|SO|II Ca 532/15|Postanowienie|https://www.saos.org.pl/judgments/183344
173369|2015-06-26|SO|I ACa 1676/14|Wyrok|https://www.saos.org.pl/judgments/173369
172253|2015-06-25|SO|XIII Ns 2020/13|Postanowienie|https://www.saos.org.pl/judgments/172253
180331|2015-06-24|SO|XIII Ns 2867/09|Postanowienie|https://www.saos.org.pl/judgments/180331
357614|2015-06-22|SO|II Ca 366/15|Postanowienie|https://www.saos.org.pl/judgments/357614
170439|2015-06-22|SO|I Ca 191/15|Postanowienie|https://www.saos.org.pl/judgments/170439
157553|2015-06-19|SO|IV Ca 248/15|Postanowienie|https://www.saos.org.pl/judgments/157553
177462|2015-06-16|SO|III Ca 303/15|Uzasadnienie|https://www.saos.org.pl/judgments/177462
246459|2015-06-15|SO|II Ns 656/14|Postanowienie|https://www.saos.org.pl/judgments/246459
207308|2015-06-09|SO|I Ns 721/13|Postanowienie|https://www.saos.org.pl/judgments/207308
169316|2015-05-27|SO|I Ns 81/13|Postanowienie|https://www.saos.org.pl/judgments/169316
156341|2015-05-27|SO|II Ca 194/15|Postanowienie|https://www.saos.org.pl/judgments/156341
156082|2015-05-26|SO|V Ca 2291/14|Uzasadnienie|https://www.saos.org.pl/judgments/156082
174508|2015-05-25|SO|III Ca 27/15|Uzasadnienie|https://www.saos.org.pl/judgments/174508
297410|2015-05-20|SO|II Ca 961/14|Wyrok|https://www.saos.org.pl/judgments/297410
156989|2015-05-14|SO|IX Ca 164/15|Postanowienie|https://www.saos.org.pl/judgments/156989
156944|2015-05-14|SO|I Ns 854/14|Postanowienie|https://www.saos.org.pl/judgments/156944
203918|2015-05-12|SO|I Ns 52/12|Postanowienie|https://www.saos.org.pl/judgments/203918
180577|2015-05-12|SO|II Ca 281/15|Postanowienie|https://www.saos.org.pl/judgments/180577
155988|2015-05-07|SO|III Ca 754/13|Postanowienie|https://www.saos.org.pl/judgments/155988
155294|2015-05-07|SO|III Ca 117/15|Postanowienie|https://www.saos.org.pl/judgments/155294
175148|2015-04-30|SO|I ACa 27/15|Wyrok|https://www.saos.org.pl/judgments/175148
156324|2015-04-29|SO|I Ca 98/15|Postanowienie|https://www.saos.org.pl/judgments/156324
154697|2015-04-29|SO|I Ns 418/14|Postanowienie|https://www.saos.org.pl/judgments/154697
154148|2015-04-29|SO|I Ns 473/14|Postanowienie|https://www.saos.org.pl/judgments/154148
177048|2015-04-24|SO|II Ca 2774/14|Postanowienie|https://www.saos.org.pl/judgments/177048
153754|2015-04-24|SO|II Ca 1423/14|Postanowienie|https://www.saos.org.pl/judgments/153754
204447|2015-04-22|SO|I Ns 472/14|Postanowienie|https://www.saos.org.pl/judgments/204447
152204|2015-04-17|SO|I Ns 531/14|Uzasadnienie|https://www.saos.org.pl/judgments/152204
172796|2015-04-15|SO|III Ca 1645/14|Uzasadnienie|https://www.saos.org.pl/judgments/172796
191855|2015-04-14|SO|I Ns 275/14|Postanowienie|https://www.saos.org.pl/judgments/191855
153265|2015-04-14|SO|I Ns 889/14|Postanowienie|https://www.saos.org.pl/judgments/153265
329494|2015-04-02|SO|II Ca 189/15|Postanowienie|https://www.saos.org.pl/judgments/329494
296701|2015-03-30|SO|II Ca 163/15|Postanowienie|https://www.saos.org.pl/judgments/296701
153259|2015-03-27|SO|I Ns 1042/13|Postanowienie|https://www.saos.org.pl/judgments/153259
152733|2015-03-27|SO|I Ns 386/12|Postanowienie|https://www.saos.org.pl/judgments/152733
151685|2015-03-25|SO|I Ns 652/13|Postanowienie|https://www.saos.org.pl/judgments/151685
148397|2015-03-25|SO|I Ca 70/15|Postanowienie|https://www.saos.org.pl/judgments/148397
297019|2015-03-24|SO|II Ca 541/14|Postanowienie|https://www.saos.org.pl/judgments/297019
152200|2015-03-19|SO|I C 623/14|Wyrok|https://www.saos.org.pl/judgments/152200
172412|2015-03-18|SO|III Ca 1595/14|Uzasadnienie|https://www.saos.org.pl/judgments/172412
154698|2015-03-18|SO|I Ns 588/13|Postanowienie|https://www.saos.org.pl/judgments/154698
227226|2015-03-17|SO|II Ns 257/11|Postanowienie|https://www.saos.org.pl/judgments/227226
148547|2015-03-12|SO|II Ca 24/15|Postanowienie|https://www.saos.org.pl/judgments/148547
297396|2015-03-10|SO|II Ca 923/14|Postanowienie|https://www.saos.org.pl/judgments/297396
149418|2015-03-10|SO|I Ns 232/12|Postanowienie|https://www.saos.org.pl/judgments/149418
239612|2015-03-06|SO|I Ns 257/12|Postanowienie|https://www.saos.org.pl/judgments/239612
189324|2015-03-03|SO|XV Ca 1308/14|Postanowienie|https://www.saos.org.pl/judgments/189324
157499|2015-03-02|SO|III Ca 1428/14|Uzasadnienie|https://www.saos.org.pl/judgments/157499
131153|2015-02-24|SO|IX Ca 371/14|Postanowienie|https://www.saos.org.pl/judgments/131153
184014|2015-02-18|SO|II Ns 250/13|Postanowienie|https://www.saos.org.pl/judgments/184014
159000|2015-02-18|SO|III Ca 1769/14|Postanowienie|https://www.saos.org.pl/judgments/159000
155968|2015-02-17|SO|III Ca 1520/13|Postanowienie|https://www.saos.org.pl/judgments/155968
151025|2015-02-16|SO|III Ca 1241/14|Uzasadnienie|https://www.saos.org.pl/judgments/151025
177046|2015-02-12|SO|II Ca 2217/13|Postanowienie|https://www.saos.org.pl/judgments/177046
158999|2015-02-12|SO|III Ca 1767/14|Postanowienie|https://www.saos.org.pl/judgments/158999
135149|2015-02-09|SO|I Ns 131/13|Uzasadnienie|https://www.saos.org.pl/judgments/135149
151720|2015-02-05|SO|II Ca 932/13|Uzasadnienie|https://www.saos.org.pl/judgments/151720
132679|2015-02-05|SO|I Ns 58/14|Postanowienie|https://www.saos.org.pl/judgments/132679
153763|2015-01-23|SO|II Ca 499/14|Postanowienie|https://www.saos.org.pl/judgments/153763
233494|2015-01-22|SO|I Ns 282/13|Postanowienie|https://www.saos.org.pl/judgments/233494
129598|2015-01-22|SO|I Ca 384/14|Postanowienie|https://www.saos.org.pl/judgments/129598
132507|2015-01-16|SO|II Ca 1904/14|Postanowienie|https://www.saos.org.pl/judgments/132507
126448|2015-01-05|SO|I C 740/14|Wyrok|https://www.saos.org.pl/judgments/126448
227889|2014-12-29|SO|I Ns 714/11|Uzasadnienie|https://www.saos.org.pl/judgments/227889
134072|2014-12-24|SO|III Ca 1103/14|Uzasadnienie|https://www.saos.org.pl/judgments/134072
129184|2014-12-19|SO|I ACa 866/14|Wyrok|https://www.saos.org.pl/judgments/129184
129140|2014-12-19|SO|XII C 92/14|Wyrok|https://www.saos.org.pl/judgments/129140
126258|2014-12-17|SO|VIII Ns 612/12|Postanowienie|https://www.saos.org.pl/judgments/126258
124879|2014-12-17|SO|I Ca 384/14|Postanowienie|https://www.saos.org.pl/judgments/124879
129990|2014-12-09|SO|III Ca 921/14|Uzasadnienie|https://www.saos.org.pl/judgments/129990
296771|2014-12-05|SO|II Ca 393/14|Postanowienie|https://www.saos.org.pl/judgments/296771
130213|2014-12-04|SO|I ACa 1223/14|Wyrok|https://www.saos.org.pl/judgments/130213
75458|2014-12-03|SO|II Ns 4033/12|Postanowienie|https://www.saos.org.pl/judgments/75458
126792|2014-11-28|SO|III Ca 440/14|Uzasadnienie|https://www.saos.org.pl/judgments/126792
149233|2014-11-27|SO|II Ca 226/14|Postanowienie|https://www.saos.org.pl/judgments/149233
73757|2014-11-27|SO|II Ca 667/14|Wyrok|https://www.saos.org.pl/judgments/73757
313172|2014-11-20|SO|II Ca 684/14|Postanowienie|https://www.saos.org.pl/judgments/313172
74868|2014-11-19|SO|II Ca 931/14|Postanowienie|https://www.saos.org.pl/judgments/74868
124950|2014-11-18|SO|III Ca 782/14|Uzasadnienie|https://www.saos.org.pl/judgments/124950
71412|2014-11-07|SO|II Ca 871/14|Postanowienie|https://www.saos.org.pl/judgments/71412
73236|2014-11-06|SO|I Ns 523/14|Postanowienie|https://www.saos.org.pl/judgments/73236
71276|2014-11-05|SO|II Ca 649/14|Wyrok|https://www.saos.org.pl/judgments/71276
248226|2014-11-04|SO|II Ca 712/14|Postanowienie|https://www.saos.org.pl/judgments/248226
68334|2014-11-04|SO|II Ca 680/14|Postanowienie|https://www.saos.org.pl/judgments/68334
74490|2014-10-31|SO|III Ca 695/14|Uzasadnienie|https://www.saos.org.pl/judgments/74490
73127|2014-10-30|SO|I ACa 427/14|Wyrok|https://www.saos.org.pl/judgments/73127
74468|2014-10-27|SO|III Ca 655/14|Uzasadnienie|https://www.saos.org.pl/judgments/74468
67904|2014-10-24|SO|I Ns 677/12|Postanowienie|https://www.saos.org.pl/judgments/67904
66867|2014-10-23|SO|X C 1841/12|Uzasadnienie|https://www.saos.org.pl/judgments/66867
68201|2014-10-22|SO|II Ca 530/14|Wyrok|https://www.saos.org.pl/judgments/68201
71698|2014-10-16|SO|II Ca 534/14|Postanowienie|https://www.saos.org.pl/judgments/71698
70296|2014-10-14|SO|III Ca 937/14|Postanowienie|https://www.saos.org.pl/judgments/70296
66231|2014-10-10|SO|II C 340/14|Uzasadnienie|https://www.saos.org.pl/judgments/66231
125468|2014-10-08|SO|III Ca 1001/14|Postanowienie|https://www.saos.org.pl/judgments/125468
346208|2014-10-02|SO|II Ca 61/14|Uzasadnienie|https://www.saos.org.pl/judgments/346208
155993|2014-10-01|SO|III Ca 814/14|Postanowienie|https://www.saos.org.pl/judgments/155993
71740|2014-09-29|SO|III Ca 1702/13|Uzasadnienie|https://www.saos.org.pl/judgments/71740
69184|2014-09-25|SO|IV Ca 514/13|Wyrok|https://www.saos.org.pl/judgments/69184
71749|2014-09-24|SO|III Ca 443/14|Uzasadnienie|https://www.saos.org.pl/judgments/71749
67767|2014-09-24|SO|I Ca 199/14|Postanowienie|https://www.saos.org.pl/judgments/67767
64568|2014-09-22|SO|I Ns 53/13|Postanowienie|https://www.saos.org.pl/judgments/64568
182847|2014-09-19|SO|I Ns 480/12|Postanowienie|https://www.saos.org.pl/judgments/182847
293123|2014-09-18|SO|II Ca 396/13|Postanowienie|https://www.saos.org.pl/judgments/293123
189211|2014-09-18|SO|XII C 2625/13|Wyrok|https://www.saos.org.pl/judgments/189211
149229|2014-09-18|SO|II Ca 141/14|Uzasadnienie|https://www.saos.org.pl/judgments/149229
63228|2014-09-18|SO|I Ca 220/14|Postanowienie|https://www.saos.org.pl/judgments/63228
125022|2014-09-17|SO|II Ca 11/14|Postanowienie|https://www.saos.org.pl/judgments/125022
62532|2014-09-16|SO|VIII Ca 271/14|Postanowienie|https://www.saos.org.pl/judgments/62532
64047|2014-09-12|SO|V Ns 196/13|Postanowienie|https://www.saos.org.pl/judgments/64047
128369|2014-09-11|SO|II AKa 193/14|Wyrok|https://www.saos.org.pl/judgments/128369
69009|2014-09-11|SO|III Ca 2059/13|Wyrok|https://www.saos.org.pl/judgments/69009
62747|2014-09-11|SO|III Ca 390/14|Postanowienie|https://www.saos.org.pl/judgments/62747
63283|2014-09-09|SO|III Ca 371/14|Uzasadnienie|https://www.saos.org.pl/judgments/63283
69339|2014-09-01|SO|VIII Ns 445/13|Postanowienie|https://www.saos.org.pl/judgments/69339
63561|2014-08-28|SO|II Ns 1415/14|Postanowienie|https://www.saos.org.pl/judgments/63561
69562|2014-08-27|SO|I ACa 175/14|Wyrok|https://www.saos.org.pl/judgments/69562
174137|2014-08-18|SO|II Ca 729/13|Postanowienie|https://www.saos.org.pl/judgments/174137
132527|2014-08-11|SO|II Ca 305/14|Postanowienie|https://www.saos.org.pl/judgments/132527
58822|2014-08-07|SO|I ACa 201/14|Wyrok|https://www.saos.org.pl/judgments/58822
62150|2014-07-31|SO|III Ca 1311/13|Uzasadnienie|https://www.saos.org.pl/judgments/62150
69053|2014-07-24|SO|VI ACa 1706/13|Wyrok|https://www.saos.org.pl/judgments/69053
56975|2014-07-23|SO|II Ca 305/14|Postanowienie|https://www.saos.org.pl/judgments/56975
60979|2014-07-18|SO|III Ca 222/14|Uzasadnienie|https://www.saos.org.pl/judgments/60979
56414|2014-07-11|SO|V Ns 105/13|Postanowienie|https://www.saos.org.pl/judgments/56414
66432|2014-07-10|SO|III Ca 450/14|Postanowienie|https://www.saos.org.pl/judgments/66432
54941|2014-07-04|SO|IV Ca 131/14|Postanowienie|https://www.saos.org.pl/judgments/54941
155739|2014-07-01|SO|II Ca 405/14|Postanowienie|https://www.saos.org.pl/judgments/155739
59464|2014-06-30|SO|I Ns 252/13|Postanowienie|https://www.saos.org.pl/judgments/59464
67969|2014-06-27|SO|VI Ns 86/13|Uzasadnienie|https://www.saos.org.pl/judgments/67969
60733|2014-06-27|SO|III Ca 1616/13|Uzasadnienie|https://www.saos.org.pl/judgments/60733
53536|2014-06-27|SO|II Ca 449/14|Postanowienie|https://www.saos.org.pl/judgments/53536
294677|2014-06-26|SO|II Ca 1168/13|Wyrok|https://www.saos.org.pl/judgments/294677
63747|2014-06-26|SO|I Ns 1114/12|Postanowienie|https://www.saos.org.pl/judgments/63747
58648|2014-06-26|SO|III Ca 1790/13|Uzasadnienie|https://www.saos.org.pl/judgments/58648
56299|2014-06-26|SO|III Ca 382/14|Postanowienie|https://www.saos.org.pl/judgments/56299
147471|2014-06-25|SO|I Ca 199/14|Postanowienie|https://www.saos.org.pl/judgments/147471
59536|2014-06-17|SO|II Ca 889/13|Uzasadnienie|https://www.saos.org.pl/judgments/59536
57910|2014-06-17|SO|III Ca 242/14|Postanowienie|https://www.saos.org.pl/judgments/57910
126841|2014-06-16|SO|I Ns 842/11|Zarządzenie|https://www.saos.org.pl/judgments/126841
133646|2014-06-11|SO|III Ca 953/13|Postanowienie|https://www.saos.org.pl/judgments/133646
53537|2014-06-11|SO|II Ca 475/14|Postanowienie|https://www.saos.org.pl/judgments/53537
50818|2014-06-09|SO|II Ca 286/14|Postanowienie|https://www.saos.org.pl/judgments/50818
147333|2014-06-06|SO|I Ca 165/14|Postanowienie|https://www.saos.org.pl/judgments/147333
62723|2014-06-06|SO|II Ca 481/14|Postanowienie|https://www.saos.org.pl/judgments/62723
55106|2014-06-05|SO|III Ca 1722/13|Uzasadnienie|https://www.saos.org.pl/judgments/55106
146616|2014-06-04|SO|I Ca 53/14|Postanowienie|https://www.saos.org.pl/judgments/146616
147474|2014-06-03|SO|I Ns 177/13|Postanowienie|https://www.saos.org.pl/judgments/147474
60175|2014-05-30|SO|XVI K 146/13|Wyrok|https://www.saos.org.pl/judgments/60175
50477|2014-05-29|SO|II Ca 862/13|Postanowienie|https://www.saos.org.pl/judgments/50477
147417|2014-05-21|SO|I Ca 156/14|Postanowienie|https://www.saos.org.pl/judgments/147417
48951|2014-05-21|SO|III Ca 150/14|Postanowienie|https://www.saos.org.pl/judgments/48951
294131|2014-05-20|SO|II Ca 959/13|Wyrok|https://www.saos.org.pl/judgments/294131
57380|2014-05-20|SO|XV Ca 181/14|Postanowienie|https://www.saos.org.pl/judgments/57380
51088|2014-05-15|SO|II Ca 322/14|Postanowienie|https://www.saos.org.pl/judgments/51088
54390|2014-05-14|SO|III Ca 1553/13|Uzasadnienie|https://www.saos.org.pl/judgments/54390
57017|2014-05-08|SO|V ACa 158/14|Wyrok|https://www.saos.org.pl/judgments/57017
52801|2014-05-07|SO|II Ca 53/14|Postanowienie|https://www.saos.org.pl/judgments/52801
49427|2014-05-07|SO|I ACa 1366/13|Wyrok|https://www.saos.org.pl/judgments/49427
145878|2014-05-06|SO|I Ns 897/13|Postanowienie|https://www.saos.org.pl/judgments/145878
67270|2014-05-06|SO|I Ns 181/13|Postanowienie|https://www.saos.org.pl/judgments/67270
57538|2014-05-06|SO|XV Ca 199/14|Postanowienie|https://www.saos.org.pl/judgments/57538
57149|2014-05-06|SO|XV Ca 238/14|Postanowienie|https://www.saos.org.pl/judgments/57149
68382|2014-04-25|SO|VII Ns 65/11|Postanowienie|https://www.saos.org.pl/judgments/68382
47572|2014-04-23|SO|II Ca 87/13|Postanowienie|https://www.saos.org.pl/judgments/47572
56972|2014-04-17|SO|II Ca 18/14|Wyrok|https://www.saos.org.pl/judgments/56972
189896|2014-04-16|SO|II Ca 2500/12|Postanowienie|https://www.saos.org.pl/judgments/189896
50473|2014-04-16|SO|II Ca 68/14|Postanowienie|https://www.saos.org.pl/judgments/50473
131007|2014-04-10|SO|III Ca 1738/13|Wyrok|https://www.saos.org.pl/judgments/131007
293881|2014-04-09|SO|II Ca 749/13|Postanowienie|https://www.saos.org.pl/judgments/293881
128733|2014-04-09|SO|III Ca 1901/13|Postanowienie|https://www.saos.org.pl/judgments/128733
70494|2014-04-03|SO|I Ns 1167/13|Postanowienie|https://www.saos.org.pl/judgments/70494
322106|2014-04-01|SO|II Ca 776/13|Postanowienie|https://www.saos.org.pl/judgments/322106
145359|2014-03-31|SO|I Ns 1859/13|Postanowienie|https://www.saos.org.pl/judgments/145359
47098|2014-03-28|SO|II Ca 2475/13|Postanowienie|https://www.saos.org.pl/judgments/47098
42158|2014-03-28|SO|IV Ca 6/14|Postanowienie|https://www.saos.org.pl/judgments/42158
52054|2014-03-27|SO|II Ca 835/13|Postanowienie|https://www.saos.org.pl/judgments/52054
45927|2014-03-24|SO|III Ca 1424/13|Uzasadnienie|https://www.saos.org.pl/judgments/45927
42929|2014-03-24|SO|III Ca 1193/13|Uzasadnienie|https://www.saos.org.pl/judgments/42929
145832|2014-03-19|SO|II Ca 1056/13|Postanowienie|https://www.saos.org.pl/judgments/145832
322544|2014-03-18|SO|II Ca 705/13|Wyrok|https://www.saos.org.pl/judgments/322544
293859|2014-03-18|SO|II Ca 607/13|Postanowienie|https://www.saos.org.pl/judgments/293859
47087|2014-03-18|SO|II Ca 1907/12|Postanowienie|https://www.saos.org.pl/judgments/47087
176328|2014-03-13|SO|II Ca 285/13|Postanowienie|https://www.saos.org.pl/judgments/176328
45187|2014-03-12|SO|II Ca 569/13|Postanowienie|https://www.saos.org.pl/judgments/45187
42411|2014-03-12|SO|I ACa 1197/13|Wyrok|https://www.saos.org.pl/judgments/42411
43372|2014-03-10|SO|II Ca 1478/13|Wyrok|https://www.saos.org.pl/judgments/43372
68502|2014-03-07|SO|XV Ca 253/13|Postanowienie|https://www.saos.org.pl/judgments/68502
133260|2014-03-05|SO|III Ca 1692/13|Postanowienie|https://www.saos.org.pl/judgments/133260
275176|2014-03-04|SO|XI Ns 420/12|Postanowienie|https://www.saos.org.pl/judgments/275176
178005|2014-02-28|SO|II Ca 976/13|Postanowienie|https://www.saos.org.pl/judgments/178005
36974|2014-02-27|SO|III Ca 771/13|Uzasadnienie|https://www.saos.org.pl/judgments/36974
60949|2014-02-26|SO|III Ca 1719/13|Postanowienie|https://www.saos.org.pl/judgments/60949
144699|2014-02-25|SO|I Ns 1195/13|Uzasadnienie|https://www.saos.org.pl/judgments/144699
41025|2014-02-21|SO|II Ca 55/14|Postanowienie|https://www.saos.org.pl/judgments/41025
44746|2014-02-18|SO|II Ca 792/13|Postanowienie|https://www.saos.org.pl/judgments/44746
39261|2014-02-13|SO|II Ca 651/13|Postanowienie|https://www.saos.org.pl/judgments/39261
61792|2014-02-07|SO|XV Ca 1241/13|Postanowienie|https://www.saos.org.pl/judgments/61792
46729|2014-02-06|SO|II Ca 773/13|Postanowienie|https://www.saos.org.pl/judgments/46729
203960|2014-01-31|SO|II Ca 1114/13|Postanowienie|https://www.saos.org.pl/judgments/203960
41553|2014-01-31|SO|II Ca 259/13|Postanowienie|https://www.saos.org.pl/judgments/41553
37216|2014-01-30|SO|II Ca 540/13|Postanowienie|https://www.saos.org.pl/judgments/37216
47606|2014-01-29|SO|III Ca 1238/13|Postanowienie|https://www.saos.org.pl/judgments/47606
143681|2014-01-28|SO|I C 21/12|Wyrok|https://www.saos.org.pl/judgments/143681
143438|2014-01-27|SO|I Ns 203/10|Postanowienie|https://www.saos.org.pl/judgments/143438
147769|2014-01-24|SO|I C 962/13|Wyrok|https://www.saos.org.pl/judgments/147769
131333|2014-01-23|SO|II Ca 866/13|Postanowienie|https://www.saos.org.pl/judgments/131333
37176|2014-01-22|SO|II Ca 1621/13|Wyrok|https://www.saos.org.pl/judgments/37176
42912|2014-01-15|SO|III Ca 1005/13|Postanowienie|https://www.saos.org.pl/judgments/42912
153118|2014-01-09|SO|I Ns 136/12|Postanowienie|https://www.saos.org.pl/judgments/153118
130106|2014-01-09|SO|III Ca 1452/13|Postanowienie|https://www.saos.org.pl/judgments/130106
37162|2014-01-09|SO|II Ca 1490/13|Postanowienie|https://www.saos.org.pl/judgments/37162
42311|2014-01-08|SO|III Ca 871/13|Postanowienie|https://www.saos.org.pl/judgments/42311
36767|2014-01-08|SO|II Ca 1497/13|Postanowienie|https://www.saos.org.pl/judgments/36767
36364|2014-01-03|SO|II Ca 548/13|Postanowienie|https://www.saos.org.pl/judgments/36364
147577|2013-12-31|SO|I C 361/13|Wyrok|https://www.saos.org.pl/judgments/147577
39262|2013-12-30|SO|II Ca 657/13|Postanowienie|https://www.saos.org.pl/judgments/39262
30768|2013-12-23|SO|VIII Ca 579/13|Postanowienie|https://www.saos.org.pl/judgments/30768
42597|2013-12-19|SO|II Ca 201/13|Postanowienie|https://www.saos.org.pl/judgments/42597
42821|2013-12-18|SO|VIII Ns 827/12|Postanowienie|https://www.saos.org.pl/judgments/42821
144036|2013-12-17|SO|I C 767/12|Wyrok|https://www.saos.org.pl/judgments/144036
43469|2013-12-17|SO|XI Ns 71/11|Postanowienie|https://www.saos.org.pl/judgments/43469
226723|2013-12-11|SO|V Ca 1807/13|Postanowienie|https://www.saos.org.pl/judgments/226723
36367|2013-12-11|SO|II Ca 743/13|Postanowienie|https://www.saos.org.pl/judgments/36367
35839|2013-12-11|SO|IV Ca 1794/12|Postanowienie|https://www.saos.org.pl/judgments/35839
143053|2013-12-05|SO|II Ca 1181/13|Postanowienie|https://www.saos.org.pl/judgments/143053
142959|2013-12-03|SO|I Ns 51/13|Postanowienie|https://www.saos.org.pl/judgments/142959
145924|2013-12-02|SO|I C 97/13|Wyrok|https://www.saos.org.pl/judgments/145924
55269|2013-11-27|SO|II Ca 312/13|Postanowienie|https://www.saos.org.pl/judgments/55269
27966|2013-11-27|SO|III Ca 57/13|Postanowienie|https://www.saos.org.pl/judgments/27966
143000|2013-11-20|SO|II Ca 1325/13|Postanowienie|https://www.saos.org.pl/judgments/143000
141796|2013-11-19|SO|I Ns 716/13|Postanowienie|https://www.saos.org.pl/judgments/141796
28117|2013-11-13|SO|VIII Ns 568/11|Postanowienie|https://www.saos.org.pl/judgments/28117
26903|2013-11-13|SO|II Ca 869/13|Postanowienie|https://www.saos.org.pl/judgments/26903
141560|2013-11-07|SO|I Ca 283/13|Wyrok|https://www.saos.org.pl/judgments/141560
26790|2013-11-05|SO|IV Ca 398/13|Wyrok|https://www.saos.org.pl/judgments/26790
35705|2013-11-04|SO|II Ca 508/13|Postanowienie|https://www.saos.org.pl/judgments/35705
142624|2013-10-31|SO|II Ca 106/13|Postanowienie|https://www.saos.org.pl/judgments/142624
143454|2013-10-30|SO|I Ns 1013/12|Postanowienie|https://www.saos.org.pl/judgments/143454
29747|2013-10-29|SO|II Ca 988/13|Postanowienie|https://www.saos.org.pl/judgments/29747
55156|2013-10-25|SO|II Ca 238/13|Postanowienie|https://www.saos.org.pl/judgments/55156
31930|2013-10-17|SO|II Ca 454/13|Postanowienie|https://www.saos.org.pl/judgments/31930
25696|2013-10-17|SO|II Ca 375/13|Postanowienie|https://www.saos.org.pl/judgments/25696
36892|2013-10-16|SO|II Ca 576/13|Wyrok|https://www.saos.org.pl/judgments/36892
26027|2013-10-14|SO|II Ca 323/13|Postanowienie|https://www.saos.org.pl/judgments/26027
143491|2013-10-02|SO|I C 1109/11|Wyrok|https://www.saos.org.pl/judgments/143491
140441|2013-10-01|SO|I C 639/10|Wyrok|https://www.saos.org.pl/judgments/140441
140746|2013-09-27|SO|II Ca 1114/12|Postanowienie|https://www.saos.org.pl/judgments/140746
33376|2013-09-26|SO|V Ca 3084/12|Uzasadnienie|https://www.saos.org.pl/judgments/33376
28550|2013-09-26|SO|II Ca 664/13|Postanowienie|https://www.saos.org.pl/judgments/28550
292712|2013-09-20|SO|II Ca 1319/12|Postanowienie|https://www.saos.org.pl/judgments/292712
140653|2013-09-20|SO|I Ca 235/13|Postanowienie|https://www.saos.org.pl/judgments/140653
21325|2013-09-20|SO|II Ca 904/13|Postanowienie|https://www.saos.org.pl/judgments/21325
22324|2013-09-19|SO|II Ca 500/13|Postanowienie|https://www.saos.org.pl/judgments/22324
21537|2013-09-19|SO|I ACa 380/13|Wyrok|https://www.saos.org.pl/judgments/21537
29737|2013-09-16|SO|II Ca 741/13|Postanowienie|https://www.saos.org.pl/judgments/29737
28992|2013-09-16|SO|II Ca 511/13|Postanowienie|https://www.saos.org.pl/judgments/28992
25579|2013-09-09|SO|II Ca 504/13|Postanowienie|https://www.saos.org.pl/judgments/25579
29035|2013-09-05|SO|I ACa 311/13|Wyrok|https://www.saos.org.pl/judgments/29035
140791|2013-08-21|SO|I C 170/12|Wyrok|https://www.saos.org.pl/judgments/140791
139731|2013-07-23|SO|I Ns 191/10|Postanowienie|https://www.saos.org.pl/judgments/139731
176337|2013-07-19|SO|II Ca 603/12|Wyrok|https://www.saos.org.pl/judgments/176337
18759|2013-07-12|SO|IV Ca 333/13|Postanowienie|https://www.saos.org.pl/judgments/18759
31201|2013-07-02|SO|II Ca 408/13|Postanowienie|https://www.saos.org.pl/judgments/31201
16117|2013-06-28|SO|IV Ca 298/13|Postanowienie|https://www.saos.org.pl/judgments/16117
139376|2013-06-20|SO|I Ns 484/12|Postanowienie|https://www.saos.org.pl/judgments/139376
139579|2013-06-13|SO|I Ca 103/13|Postanowienie|https://www.saos.org.pl/judgments/139579
17538|2013-06-12|SO|VIII Ca 212/13|Postanowienie|https://www.saos.org.pl/judgments/17538
31015|2013-06-07|SO|I ACa 127/13|Wyrok|https://www.saos.org.pl/judgments/31015
13518|2013-06-07|SO|IV Ca 235/13|Postanowienie|https://www.saos.org.pl/judgments/13518
16415|2013-06-06|SO|II Ca 237/13|Postanowienie|https://www.saos.org.pl/judgments/16415
139578|2013-06-05|SO|I Ca 100/13|Postanowienie|https://www.saos.org.pl/judgments/139578
139346|2013-06-05|SO|I Ca 132/13|Postanowienie|https://www.saos.org.pl/judgments/139346
139306|2013-06-05|SO|I Ca 185/13|Postanowienie|https://www.saos.org.pl/judgments/139306
138728|2013-05-29|SO|I Ca 114/13|Postanowienie|https://www.saos.org.pl/judgments/138728
142239|2013-05-28|SO|II Ca 1404/12|Postanowienie|https://www.saos.org.pl/judgments/142239
140621|2013-05-28|SO|II Ca 1091/12|Postanowienie|https://www.saos.org.pl/judgments/140621
20171|2013-05-28|SO|II Ca 956/12|Postanowienie|https://www.saos.org.pl/judgments/20171
127543|2013-05-23|SO|I Ns 945/11|Postanowienie|https://www.saos.org.pl/judgments/127543
16319|2013-05-23|SO|V Ca 290/13|Postanowienie|https://www.saos.org.pl/judgments/16319
12003|2013-05-17|SO|IV Ca 191/13|Wyrok|https://www.saos.org.pl/judgments/12003
28522|2013-05-10|SO|II Ca 296/13|Postanowienie|https://www.saos.org.pl/judgments/28522
293348|2013-04-30|SO|II Ca 435/11|Postanowienie|https://www.saos.org.pl/judgments/293348
138452|2013-04-25|SO|I Ns 197/11|Postanowienie|https://www.saos.org.pl/judgments/138452
12527|2013-04-25|SO|I ACa 972/12|Wyrok|https://www.saos.org.pl/judgments/12527
138677|2013-04-24|SO|I Ns 484/09|Postanowienie|https://www.saos.org.pl/judgments/138677
13900|2013-04-19|SO|IX Ns 3/11|Postanowienie|https://www.saos.org.pl/judgments/13900
138433|2013-04-15|SO|I Ns 800/10|Postanowienie|https://www.saos.org.pl/judgments/138433
10579|2013-04-12|SO|V ACa 14/13|Wyrok|https://www.saos.org.pl/judgments/10579
142406|2013-04-10|SO|I Ns 794/10|Postanowienie|https://www.saos.org.pl/judgments/142406
138688|2013-04-08|SO|I Ns 107/09|Postanowienie|https://www.saos.org.pl/judgments/138688
8946|2013-03-29|SO|II Ca 985/12|Postanowienie|https://www.saos.org.pl/judgments/8946
140599|2013-03-28|SO|I Ns 423/11|Postanowienie|https://www.saos.org.pl/judgments/140599
17813|2013-03-27|SO|I ACa 542/11|Wyrok|https://www.saos.org.pl/judgments/17813
140578|2013-03-22|SO|I Ns 167/11|Postanowienie|https://www.saos.org.pl/judgments/140578
13434|2013-03-22|SO|VIII Ns 850/11|Postanowienie|https://www.saos.org.pl/judgments/13434
18323|2013-03-12|SO|V Ca 2005/12|Postanowienie|https://www.saos.org.pl/judgments/18323
16607|2013-03-07|SO|I ACa 838/12|Wyrok|https://www.saos.org.pl/judgments/16607
138748|2013-03-04|SO|I Ns 1167/09|Postanowienie|https://www.saos.org.pl/judgments/138748
137577|2013-02-19|SO|I C 816/12|Wyrok|https://www.saos.org.pl/judgments/137577
15620|2013-02-15|SO|VIII Ns 69/11|Postanowienie|https://www.saos.org.pl/judgments/15620
137608|2013-02-13|SO|I Ca 347/12|Postanowienie|https://www.saos.org.pl/judgments/137608
137021|2013-02-08|SO|I Ns 235/11|Postanowienie|https://www.saos.org.pl/judgments/137021
136701|2013-02-01|SO|I Ns 347/11|Postanowienie|https://www.saos.org.pl/judgments/136701
137555|2013-01-30|SO|I Ns 241/11|Postanowienie|https://www.saos.org.pl/judgments/137555
5414|2013-01-29|SO|II Ca 851/12|Postanowienie|https://www.saos.org.pl/judgments/5414
5035|2013-01-29|SO|II Ca 868/12|Wyrok|https://www.saos.org.pl/judgments/5035
7642|2013-01-25|SO|II Ca 719/12|Postanowienie|https://www.saos.org.pl/judgments/7642
7931|2013-01-18|SO|VI ACa 1129/12|Wyrok|https://www.saos.org.pl/judgments/7931
139482|2012-12-13|SO|I Ns 286/08|Postanowienie|https://www.saos.org.pl/judgments/139482
3894|2012-12-05|SO|I ACa 589/12|Wyrok|https://www.saos.org.pl/judgments/3894
137816|2012-11-23|SO|I Ns 645/11|Postanowienie|https://www.saos.org.pl/judgments/137816
137775|2012-10-31|SO|I Ns 675/10|Postanowienie|https://www.saos.org.pl/judgments/137775
8807|2012-10-25|SO|V ACa 822/12|Wyrok|https://www.saos.org.pl/judgments/8807
2932|2012-09-26|SO|I ACa 470/12|Wyrok|https://www.saos.org.pl/judgments/2932
22175|2012-07-24|SO|V ACa 576/12|Wyrok|https://www.saos.org.pl/judgments/22175
136754|2012-03-20|SO|I Ns 1140/09|Postanowienie|https://www.saos.org.pl/judgments/136754
16949|2012-02-23|SO|V Ca 2302/11|Postanowienie|https://www.saos.org.pl/judgments/16949
13055|2011-02-11|SO|V Ca 102/11|Postanowienie|https://www.saos.org.pl/judgments/13055
81791|2003-01-08|SN|III RN 234/01|Wyrok|https://www.saos.org.pl/judgments/81791
