saos_id|date|court|case_number|type|saos_url
544109|2026-03-16|SO|IV Ka 1580/25|Uzasadnienie|https://www.saos.org.pl/judgments/544109
543124|2026-03-16|SO|VI Ka 37/25|Uzasadnienie|https://www.saos.org.pl/judgments/543124
543706|2026-03-04|SO|II K 725/25|Uzasadnienie|https://www.saos.org.pl/judgments/543706
543330|2026-02-05|SO|II Ka 328/25|Uzasadnienie|https://www.saos.org.pl/judgments/543330
543326|2026-01-20|SO|II Ka 292/25|Uzasadnienie|https://www.saos.org.pl/judgments/543326
541901|2026-01-16|SO|VIII Kp 182/25|Postanowienie|https://www.saos.org.pl/judgments/541901
541791|2025-12-30|SO|VI Ka 315/25|Wyrok|https://www.saos.org.pl/judgments/541791
541861|2025-12-22|SO|IV Ka 755/25|Uzasadnienie|https://www.saos.org.pl/judgments/541861
540568|2025-12-16|SO|II AKa 236/25|Uzasadnienie|https://www.saos.org.pl/judgments/540568
543323|2025-12-05|SO|II Ka 277/25|Uzasadnienie|https://www.saos.org.pl/judgments/543323
535871|2025-10-06|SO|IV Ka 772/25|Wyrok|https://www.saos.org.pl/judgments/535871
534797|2025-09-24|SO|VI Ka 777/24|Uzasadnienie|https://www.saos.org.pl/judgments/534797
535960|2025-09-05|SO|VI Ka 1424/23|Wyrok|https://www.saos.org.pl/judgments/535960
535399|2025-09-04|SO|VI Ka 714/24|Uzasadnienie|https://www.saos.org.pl/judgments/535399
535962|2025-08-20|SO|VI Ka 602/25|Uzasadnienie|https://www.saos.org.pl/judgments/535962
544088|2025-07-29|SO|VI Ka 412/25|Wyrok|https://www.saos.org.pl/judgments/544088
544065|2025-07-24|SO|II AKa 317/23|Wyrok|https://www.saos.org.pl/judgments/544065
531535|2025-07-23|SO|II Ka 199/25|Uzasadnienie|https://www.saos.org.pl/judgments/531535
532797|2025-07-16|SO|VI Ka 740/24|Uzasadnienie|https://www.saos.org.pl/judgments/532797
537572|2025-07-01|SO|IV Ka 1144/24|Uzasadnienie|https://www.saos.org.pl/judgments/537572
530870|2025-06-17|SO|VIII Ka 1092/24|Uzasadnienie|https://www.saos.org.pl/judgments/530870
528920|2025-06-12|SO|II AKa 35/25|Uzasadnienie|https://www.saos.org.pl/judgments/528920
535179|2025-06-11|SO|VI Ka 225/25|Wyrok|https://www.saos.org.pl/judgments/535179
544372|2025-06-05|SO|II AKa 29/25|Wyrok|https://www.saos.org.pl/judgments/544372
531141|2025-06-05|SO|IV Ka 340/25|Uzasadnienie|https://www.saos.org.pl/judgments/531141
528577|2025-05-26|SO|II Ka 614/24|Wyrok|https://www.saos.org.pl/judgments/528577
535043|2025-05-23|SO|IV Ka 199/25|Uzasadnienie|https://www.saos.org.pl/judgments/535043
528738|2025-05-22|SO|VI Ka 1377/24|Uzasadnienie|https://www.saos.org.pl/judgments/528738
528740|2025-05-14|SO|VI Ka 192/25|Wyrok|https://www.saos.org.pl/judgments/528740
526847|2025-05-05|SO|II AKa 103/22|Uzasadnienie|https://www.saos.org.pl/judgments/526847
526326|2025-05-05|SO|VI Ka 121/24|Uzasadnienie|https://www.saos.org.pl/judgments/526326
528062|2025-04-15|SO|II AKa 41/25|Uzasadnienie|https://www.saos.org.pl/judgments/528062
534182|2025-04-11|SO|II AKa 90/25|Uzasadnienie|https://www.saos.org.pl/judgments/534182
529839|2025-04-08|SO|IV Ka 672/24|Uzasadnienie|https://www.saos.org.pl/judgments/529839
525188|2025-04-03|SO|VI Ka 55/25|Uzasadnienie|https://www.saos.org.pl/judgments/525188
525441|2025-03-31|SO|II AKa 124/22|Uzasadnienie|https://www.saos.org.pl/judgments/525441
529831|2025-03-28|SO|IV Ka 574/24|Uzasadnienie|https://www.saos.org.pl/judgments/529831
531031|2025-03-24|SO|II AKa 215/23|Uzasadnienie|https://www.saos.org.pl/judgments/531031
526442|2025-03-14|SO|IV Ka 111/25|Uzasadnienie|https://www.saos.org.pl/judgments/526442
524202|2025-03-04|SO|IX Ka 48/25|Uzasadnienie|https://www.saos.org.pl/judgments/524202
532731|2025-02-26|SO|II AKa 69/22|Wyrok|https://www.saos.org.pl/judgments/532731
531349|2025-02-26|SO|VI Ka 19/25|Wyrok|https://www.saos.org.pl/judgments/531349
524591|2025-02-14|SO|IV Ka 702/24|Uzasadnienie|https://www.saos.org.pl/judgments/524591
523807|2025-02-14|SO|IV Ka 725/24|Uzasadnienie|https://www.saos.org.pl/judgments/523807
544684|2025-01-30|SO|II AKa 377/24|Wyrok|https://www.saos.org.pl/judgments/544684
528742|2025-01-29|SO|VI Ka 462/24|Wyrok|https://www.saos.org.pl/judgments/528742
527317|2025-01-29|SO|II AKa 260/24|Wyrok|https://www.saos.org.pl/judgments/527317
520486|2025-01-07|SO|II AKa 300/23|Uzasadnienie|https://www.saos.org.pl/judgments/520486
520295|2024-12-16|SO|II AKa 315/22|Uzasadnienie|https://www.saos.org.pl/judgments/520295
521677|2024-12-11|SO|II AKa 312/22|Wyrok|https://www.saos.org.pl/judgments/521677
521241|2024-12-10|SO|II Ka 661/24|Wyrok|https://www.saos.org.pl/judgments/521241
521567|2024-12-06|SO|VI Ka 694/24|Wyrok|https://www.saos.org.pl/judgments/521567
517342|2024-12-02|SO|II Ka 271/24|Uzasadnienie|https://www.saos.org.pl/judgments/517342
519674|2024-11-27|SO|II AKa 171/24|Wyrok|https://www.saos.org.pl/judgments/519674
528865|2024-11-21|SO|II AKa 337/24|Wyrok|https://www.saos.org.pl/judgments/528865
516578|2024-11-20|SO|II AKa 165/24|Uzasadnienie|https://www.saos.org.pl/judgments/516578
518864|2024-11-18|SO|VII Ka 700/24|Wyrok|https://www.saos.org.pl/judgments/518864
519171|2024-11-14|SO|II AKa 298/24|Wyrok|https://www.saos.org.pl/judgments/519171
525651|2024-11-12|SO|II AKz 656/24|Postanowienie|https://www.saos.org.pl/judgments/525651
515891|2024-10-31|SO|II Ka 266/24|Uzasadnienie|https://www.saos.org.pl/judgments/515891
519622|2024-10-29|SO|IV Ka 584/24|Uzasadnienie|https://www.saos.org.pl/judgments/519622
520023|2024-10-17|SO|II AKa 151/24|Wyrok|https://www.saos.org.pl/judgments/520023
516581|2024-10-15|SO|II AKa 62/22|Uzasadnienie|https://www.saos.org.pl/judgments/516581
523148|2024-10-14|SO|II AKa 225/23|Wyrok|https://www.saos.org.pl/judgments/523148
520821|2024-10-14|SO|VI Ka 492/24|Wyrok|https://www.saos.org.pl/judgments/520821
510996|2024-10-09|SO|VI Ka 1464/23|Wyrok|https://www.saos.org.pl/judgments/510996
525039|2024-09-26|SO|IV Ka 502/24|Uzasadnienie|https://www.saos.org.pl/judgments/525039
511166|2024-09-25|SO|VI Ka 464/24|Wyrok|https://www.saos.org.pl/judgments/511166
511741|2024-09-18|SO|VII Ka 576/24|Wyrok|https://www.saos.org.pl/judgments/511741
519049|2024-09-16|SO|II AKa 299/22|Wyrok|https://www.saos.org.pl/judgments/519049
520044|2024-08-27|SO|IV Ka 367/24|Uzasadnienie|https://www.saos.org.pl/judgments/520044
530821|2024-08-21|SO|X Ka 489/24|Wyrok|https://www.saos.org.pl/judgments/530821
521310|2024-08-21|SO|VI Ka 1447/23|Uzasadnienie|https://www.saos.org.pl/judgments/521310
527105|2024-08-08|SO|II AKa 113/24|Uzasadnienie|https://www.saos.org.pl/judgments/527105
511089|2024-08-06|SO|VI Ka 298/24|Wyrok|https://www.saos.org.pl/judgments/511089
511259|2024-07-30|SO|VI Ka 730/24|Wyrok|https://www.saos.org.pl/judgments/511259
503865|2024-07-18|SO|II Ka 245/24|Wyrok|https://www.saos.org.pl/judgments/503865
500904|2024-07-16|SO|II AKa 305/21|Uzasadnienie|https://www.saos.org.pl/judgments/500904
516621|2024-07-09|SO|IV Ka 439/24|Wyrok|https://www.saos.org.pl/judgments/516621
511032|2024-07-05|SO|VI Ka 196/24|Wyrok|https://www.saos.org.pl/judgments/511032
508064|2024-06-28|SO|IV Ka 324/24|Uzasadnienie|https://www.saos.org.pl/judgments/508064
518942|2024-06-27|SO|II AKa 16/24|Wyrok|https://www.saos.org.pl/judgments/518942
518522|2024-06-24|SO|X Ka 927/23|Wyrok|https://www.saos.org.pl/judgments/518522
503899|2024-06-21|SO|II Ka 299/24|Wyrok|https://www.saos.org.pl/judgments/503899
500402|2024-06-21|SO|II AKa 10/24|Wyrok|https://www.saos.org.pl/judgments/500402
508065|2024-06-12|SO|IV Ka 326/24|Wyrok|https://www.saos.org.pl/judgments/508065
500667|2024-06-05|SO|II AKa 212/23|Wyrok|https://www.saos.org.pl/judgments/500667
522750|2024-06-04|SO|IX Ka 441/24|Wyrok|https://www.saos.org.pl/judgments/522750
500914|2024-05-29|SO|II AKa 307/23|Wyrok|https://www.saos.org.pl/judgments/500914
501024|2024-05-27|SO|II AKa 371/23|Wyrok|https://www.saos.org.pl/judgments/501024
503804|2024-05-20|SO|II Ka 174/24|Wyrok|https://www.saos.org.pl/judgments/503804
503862|2024-05-13|SO|II Ka 243/24|Wyrok|https://www.saos.org.pl/judgments/503862
500708|2024-04-29|SO|II AKa 232/21|Uzasadnienie|https://www.saos.org.pl/judgments/500708
501096|2024-04-26|SO|II AKa 420/23|Wyrok|https://www.saos.org.pl/judgments/501096
501160|2024-04-22|SO|II AKa 472/22|Wyrok|https://www.saos.org.pl/judgments/501160
508141|2024-04-19|SO|IV Ka 388/23|Uzasadnienie|https://www.saos.org.pl/judgments/508141
504176|2024-04-16|SO|II Ka 82/24|Wyrok|https://www.saos.org.pl/judgments/504176
501350|2024-04-15|SO|II AKz 169/24|Uzasadnienie|https://www.saos.org.pl/judgments/501350
510944|2024-04-10|SO|VI Ka 102/24|Wyrok|https://www.saos.org.pl/judgments/510944
501348|2024-04-10|SO|II AKz 106/24|Postanowienie|https://www.saos.org.pl/judgments/501348
507858|2024-03-22|SO|IV Ka 136/24|Uzasadnienie|https://www.saos.org.pl/judgments/507858
500493|2024-03-15|SO|II AKa 144/22|Wyrok|https://www.saos.org.pl/judgments/500493
517668|2024-03-14|SO|II AKa 251/21|Wyrok|https://www.saos.org.pl/judgments/517668
508643|2024-03-08|SO|IV Ka 96/24|Uzasadnienie|https://www.saos.org.pl/judgments/508643
504218|2024-03-08|SO|II Ka 913/23|Wyrok|https://www.saos.org.pl/judgments/504218
511148|2024-03-04|SO|VI Ka 43/24|Wyrok|https://www.saos.org.pl/judgments/511148
508310|2024-02-16|SO|IV Ka 537/23|Uzasadnienie|https://www.saos.org.pl/judgments/508310
507786|2024-02-16|SO|IV Ka 1/24|Uzasadnienie|https://www.saos.org.pl/judgments/507786
508599|2024-02-06|SO|IV Ka 838/23|Uzasadnienie|https://www.saos.org.pl/judgments/508599
500853|2024-01-26|SO|II AKa 285/23|Uzasadnienie|https://www.saos.org.pl/judgments/500853
500664|2024-01-26|SO|II AKa 210/23|Uzasadnienie|https://www.saos.org.pl/judgments/500664
508510|2024-01-24|SO|IV Ka 741/23|Uzasadnienie|https://www.saos.org.pl/judgments/508510
504210|2024-01-18|SO|II Ka 895/23|Wyrok|https://www.saos.org.pl/judgments/504210
500869|2024-01-15|SO|II AKa 290/23|Wyrok|https://www.saos.org.pl/judgments/500869
523163|2024-01-11|SO|II AKa 422/23|Wyrok|https://www.saos.org.pl/judgments/523163
508550|2024-01-09|SO|IV Ka 798/23|Uzasadnienie|https://www.saos.org.pl/judgments/508550
511188|2023-12-29|SO|VI Ka 510/23|Uzasadnienie|https://www.saos.org.pl/judgments/511188
511074|2023-12-21|SO|VI Ka 267/23|Wyrok|https://www.saos.org.pl/judgments/511074
500991|2023-12-20|SO|II AKa 344/23|Wyrok|https://www.saos.org.pl/judgments/500991
509264|2023-12-12|SO|IX Ka 1294/23|Wyrok|https://www.saos.org.pl/judgments/509264
501006|2023-12-11|SO|II AKa 359/22|Wyrok|https://www.saos.org.pl/judgments/501006
518950|2023-12-07|SO|II AKa 477/22|Uzasadnienie|https://www.saos.org.pl/judgments/518950
500531|2023-12-05|SO|II AKa 16/22|Wyrok|https://www.saos.org.pl/judgments/500531
508455|2023-12-01|SO|IV Ka 679/23|Uzasadnienie|https://www.saos.org.pl/judgments/508455
501356|2023-11-30|SO|II AKz 827/23|Postanowienie|https://www.saos.org.pl/judgments/501356
500619|2023-11-30|SO|II AKa 197/18|Uzasadnienie|https://www.saos.org.pl/judgments/500619
508423|2023-11-27|SO|IV Ka 643/23|Wyrok|https://www.saos.org.pl/judgments/508423
508453|2023-11-15|SO|IV Ka 678/23|Uzasadnienie|https://www.saos.org.pl/judgments/508453
517945|2023-11-14|SO|II AKa 160/23|Wyrok|https://www.saos.org.pl/judgments/517945
503894|2023-11-09|SO|II Ka 295/23|Wyrok|https://www.saos.org.pl/judgments/503894
514441|2023-10-30|SO|X Ka 365/23|Wyrok|https://www.saos.org.pl/judgments/514441
511186|2023-10-12|SO|VI Ka 507/23|Wyrok|https://www.saos.org.pl/judgments/511186
511219|2023-10-10|SO|VI Ka 607/23|Wyrok|https://www.saos.org.pl/judgments/511219
503861|2023-10-05|SO|II Ka 243/23|Wyrok|https://www.saos.org.pl/judgments/503861
508099|2023-09-26|SO|IV Ka 358/23|Uzasadnienie|https://www.saos.org.pl/judgments/508099
501362|2023-09-26|SO|II AKzw 1081/23|Postanowienie|https://www.saos.org.pl/judgments/501362
508147|2023-09-22|SO|IV Ka 398/23|Uzasadnienie|https://www.saos.org.pl/judgments/508147
500934|2023-09-22|SO|II AKa 317/20|Wyrok|https://www.saos.org.pl/judgments/500934
500967|2023-09-21|SO|II AKa 33/23|Wyrok|https://www.saos.org.pl/judgments/500967
501018|2023-09-20|SO|II AKa 369/22|Wyrok|https://www.saos.org.pl/judgments/501018
507791|2023-09-12|SO|IV Ka 101/23|Uzasadnienie|https://www.saos.org.pl/judgments/507791
508329|2023-09-05|SO|IV Ka 556/23|Wyrok|https://www.saos.org.pl/judgments/508329
501424|2023-09-05|SO|II AKzw 979/23|Postanowienie|https://www.saos.org.pl/judgments/501424
493178|2023-08-28|SO|II AKz 593/23|Postanowienie|https://www.saos.org.pl/judgments/493178
508201|2023-08-09|SO|IV Ka 443/23|Uzasadnienie|https://www.saos.org.pl/judgments/508201
508144|2023-08-04|SO|IV Ka 393/23|Uzasadnienie|https://www.saos.org.pl/judgments/508144
500588|2023-07-20|SO|II AKa 184/23|Wyrok|https://www.saos.org.pl/judgments/500588
501119|2023-07-04|SO|II AKa 44/23|Wyrok|https://www.saos.org.pl/judgments/501119
491248|2023-06-26|SO|II AKzw 573/23|Postanowienie|https://www.saos.org.pl/judgments/491248
501179|2023-06-21|SO|II AKa 503/21|Wyrok|https://www.saos.org.pl/judgments/501179
508049|2023-06-16|SO|IV Ka 319/23|Uzasadnienie|https://www.saos.org.pl/judgments/508049
501108|2023-06-15|SO|II AKa 434/21|Wyrok|https://www.saos.org.pl/judgments/501108
492601|2023-06-15|SO|VI Ka 1357/22|Uzasadnienie|https://www.saos.org.pl/judgments/492601
491643|2023-06-15|SO|II AKa 165/23|Wyrok|https://www.saos.org.pl/judgments/491643
508075|2023-06-14|SO|IV Ka 332/23|Uzasadnienie|https://www.saos.org.pl/judgments/508075
501234|2023-06-06|SO|II AKa 62/23|Uzasadnienie|https://www.saos.org.pl/judgments/501234
500744|2023-06-02|SO|II AKa 243/21|Wyrok|https://www.saos.org.pl/judgments/500744
501201|2023-05-31|SO|II AKa 55/22|Wyrok|https://www.saos.org.pl/judgments/501201
491656|2023-05-30|SO|II AKa 80/23|Wyrok|https://www.saos.org.pl/judgments/491656
489742|2023-05-26|SO|IV Ka 309/23|Wyrok|https://www.saos.org.pl/judgments/489742
525310|2023-05-25|SO|II AKa 83/23|Wyrok|https://www.saos.org.pl/judgments/525310
492618|2023-05-23|SO|VI Ka 256/23|Wyrok|https://www.saos.org.pl/judgments/492618
501182|2023-05-18|SO|II AKa 509/21|Wyrok|https://www.saos.org.pl/judgments/501182
489238|2023-05-18|SO|II AKa 349/21|Wyrok|https://www.saos.org.pl/judgments/489238
511316|2023-05-15|SO|VI Ka 93/23|Wyrok|https://www.saos.org.pl/judgments/511316
500559|2023-05-15|SO|II AKa 171/22|Wyrok|https://www.saos.org.pl/judgments/500559
491153|2023-05-15|SO|II AKa 100/23|Wyrok|https://www.saos.org.pl/judgments/491153
489739|2023-04-28|SO|IV Ka 1420/22|Uzasadnienie|https://www.saos.org.pl/judgments/489739
492445|2023-04-25|SO|IV Ka 175/23|Uzasadnienie|https://www.saos.org.pl/judgments/492445
535894|2023-04-21|SO|IX Ka 85/23|Uzasadnienie|https://www.saos.org.pl/judgments/535894
490464|2023-04-20|SO|II AKa 116/22|Wyrok|https://www.saos.org.pl/judgments/490464
492286|2023-03-29|SO|II AKa 270/22|Wyrok|https://www.saos.org.pl/judgments/492286
487451|2023-03-27|SO|VI Ka 91/23|Wyrok|https://www.saos.org.pl/judgments/487451
536281|2023-03-23|SO|IX Ka 774/22|Uzasadnienie|https://www.saos.org.pl/judgments/536281
492636|2023-03-21|SO|VI Ka 52/23|Wyrok|https://www.saos.org.pl/judgments/492636
486045|2023-03-20|SO|II Ka 24/23|Wyrok|https://www.saos.org.pl/judgments/486045
487915|2023-03-16|SO|VI Ka 53/23|Wyrok|https://www.saos.org.pl/judgments/487915
490988|2023-03-09|SO|II Ka 6/23|Wyrok|https://www.saos.org.pl/judgments/490988
484427|2023-03-02|SO|II AKa 359/21|Wyrok|https://www.saos.org.pl/judgments/484427
487452|2023-02-22|SO|VI Ka 922/22|Uzasadnienie|https://www.saos.org.pl/judgments/487452
487210|2023-02-22|SO|II AKa 493/22|Wyrok|https://www.saos.org.pl/judgments/487210
486807|2023-02-21|SO|IV Ka 16/23|Uzasadnienie|https://www.saos.org.pl/judgments/486807
485613|2023-02-09|SO|IV Ka 1208/22|Wyrok|https://www.saos.org.pl/judgments/485613
491836|2023-02-08|SO|II AKa 245/22|Wyrok|https://www.saos.org.pl/judgments/491836
486482|2023-02-08|SO|VI Ka 565/22|Wyrok|https://www.saos.org.pl/judgments/486482
485084|2023-02-08|SO|II AKa 393/22|Wyrok|https://www.saos.org.pl/judgments/485084
484429|2023-02-08|SO|II AKa 463/21|Wyrok|https://www.saos.org.pl/judgments/484429
486835|2023-02-01|SO|IV Ka 580/22|Uzasadnienie|https://www.saos.org.pl/judgments/486835
484865|2023-01-19|SO|II AKa 420/22|Wyrok|https://www.saos.org.pl/judgments/484865
485346|2023-01-18|SO|II AKa 301/21|Uzasadnienie|https://www.saos.org.pl/judgments/485346
485019|2023-01-11|SO|IV Ka 705/22|Uzasadnienie|https://www.saos.org.pl/judgments/485019
481274|2023-01-11|SO|II AKzw 1459/22|Postanowienie|https://www.saos.org.pl/judgments/481274
484727|2022-12-20|SO|II AKa 410/22|Wyrok|https://www.saos.org.pl/judgments/484727
484630|2022-12-19|SO|II AKa 81/22|Uzasadnienie|https://www.saos.org.pl/judgments/484630
482458|2022-12-12|SO|II Ka 741/22|Wyrok|https://www.saos.org.pl/judgments/482458
489624|2022-12-07|SO|II AKa 311/22|Wyrok|https://www.saos.org.pl/judgments/489624
481023|2022-12-07|SO|II AKa 262/22|Wyrok|https://www.saos.org.pl/judgments/481023
481440|2022-12-06|SO|IV Ka 355/22|Uzasadnienie|https://www.saos.org.pl/judgments/481440
481448|2022-12-02|SO|IV Ka 480/22|Uzasadnienie|https://www.saos.org.pl/judgments/481448
479792|2022-11-30|SO|II AKa 179/22|Uzasadnienie|https://www.saos.org.pl/judgments/479792
456495|2022-11-26|SO|IV Ka 490/21|Uzasadnienie|https://www.saos.org.pl/judgments/456495
481014|2022-11-22|SO|II AKa 168/22|Wyrok|https://www.saos.org.pl/judgments/481014
479427|2022-11-22|SO|VI Ka 804/22|Wyrok|https://www.saos.org.pl/judgments/479427
479423|2022-11-22|SO|VI Ka 1347/21|Uzasadnienie|https://www.saos.org.pl/judgments/479423
479872|2022-11-17|SO|VI Ka 175/22|Uzasadnienie|https://www.saos.org.pl/judgments/479872
482639|2022-11-10|SO|IV Ka 1004/22|Wyrok|https://www.saos.org.pl/judgments/482639
478757|2022-11-10|SO|IV Ka 451/22|Uzasadnienie|https://www.saos.org.pl/judgments/478757
478191|2022-11-08|SO|II AKa 284/22|Wyrok|https://www.saos.org.pl/judgments/478191
481027|2022-11-07|SO|II AKa 302/20|Uzasadnienie|https://www.saos.org.pl/judgments/481027
480962|2022-11-04|SO|IV Ka 670/22|Uzasadnienie|https://www.saos.org.pl/judgments/480962
477659|2022-10-27|SO|II AKa 249/21|Wyrok|https://www.saos.org.pl/judgments/477659
475639|2022-10-10|SO|II AKa 262/21|Uzasadnienie|https://www.saos.org.pl/judgments/475639
500574|2022-10-06|SO|II AKa 178/22|Wyrok|https://www.saos.org.pl/judgments/500574
481053|2022-10-04|SO|IV Ka 534/22|Uzasadnienie|https://www.saos.org.pl/judgments/481053
480597|2022-09-29|SO|II AKa 85/22|Wyrok|https://www.saos.org.pl/judgments/480597
477915|2022-09-27|SO|VI Ka 260/22|Uzasadnienie|https://www.saos.org.pl/judgments/477915
477229|2022-09-26|SO|II AKa 190/22|Wyrok|https://www.saos.org.pl/judgments/477229
479711|2022-09-23|SO|II AKa 169/20|Uzasadnienie|https://www.saos.org.pl/judgments/479711
482304|2022-09-22|SO|II AKa 61/22|Wyrok|https://www.saos.org.pl/judgments/482304
476406|2022-09-22|SO|VI Ka 683/22|Uzasadnienie|https://www.saos.org.pl/judgments/476406
475714|2022-08-30|SO|II AKa 376/21|Wyrok|https://www.saos.org.pl/judgments/475714
482419|2022-08-12|SO|VI Ka 320/22|Wyrok|https://www.saos.org.pl/judgments/482419
470485|2022-08-08|SO|II AKz 533/22|Postanowienie|https://www.saos.org.pl/judgments/470485
474807|2022-08-02|SO|II Ka 379/22|Wyrok|https://www.saos.org.pl/judgments/474807
484733|2022-07-27|SO|II AKa 67/22|Wyrok|https://www.saos.org.pl/judgments/484733
472597|2022-07-22|SO|II Ka 252/22|Wyrok|https://www.saos.org.pl/judgments/472597
475918|2022-07-05|SO|VI Ka 1190/21|Uzasadnienie|https://www.saos.org.pl/judgments/475918
473959|2022-06-30|SO|II AKa 436/21|Wyrok|https://www.saos.org.pl/judgments/473959
479856|2022-06-29|SO|IV Ka 664/21|Uzasadnienie|https://www.saos.org.pl/judgments/479856
469643|2022-06-29|SO|II Ka 194/22|Wyrok|https://www.saos.org.pl/judgments/469643
492895|2022-06-28|SO|II AKa 35/22|Uzasadnienie|https://www.saos.org.pl/judgments/492895
478487|2022-06-28|SO|II AKa 235/21|Wyrok|https://www.saos.org.pl/judgments/478487
474293|2022-06-23|SO|VI Ka 1438/21|Uzasadnienie|https://www.saos.org.pl/judgments/474293
471942|2022-06-21|SO|II AKa 352/21|Wyrok|https://www.saos.org.pl/judgments/471942
480595|2022-06-15|SO|II AKa 77/22|Uzasadnienie|https://www.saos.org.pl/judgments/480595
500813|2022-06-09|SO|II AKa 27/22|Wyrok|https://www.saos.org.pl/judgments/500813
500455|2022-06-09|SO|II AKa 121/21|Wyrok|https://www.saos.org.pl/judgments/500455
471752|2022-06-08|SO|II AKa 458/21|Wyrok|https://www.saos.org.pl/judgments/471752
467957|2022-06-08|SO|II Ka 82/22|Uzasadnienie|https://www.saos.org.pl/judgments/467957
482905|2022-06-07|SO|II AKa 522/21|Wyrok|https://www.saos.org.pl/judgments/482905
501306|2022-05-26|SO|II AKa 87/22|Wyrok|https://www.saos.org.pl/judgments/501306
469782|2022-05-25|SO|II AKa 262/21|Wyrok|https://www.saos.org.pl/judgments/469782
484424|2022-05-24|SO|II AKa 154/21|Wyrok|https://www.saos.org.pl/judgments/484424
471937|2022-05-13|SO|II AKa 104/22|Wyrok|https://www.saos.org.pl/judgments/471937
466246|2022-05-12|SO|VI Ka 1165/20|Uzasadnienie|https://www.saos.org.pl/judgments/466246
465470|2022-05-10|SO|II AKa 59/21|Wyrok|https://www.saos.org.pl/judgments/465470
464992|2022-05-10|SO|II Ka 183/22|Wyrok|https://www.saos.org.pl/judgments/464992
469781|2022-05-06|SO|II AKa 213/21|Wyrok|https://www.saos.org.pl/judgments/469781
484731|2022-05-05|SO|II AKa 453/21|Wyrok|https://www.saos.org.pl/judgments/484731
474040|2022-05-05|SO|II AKa 499/21|Wyrok|https://www.saos.org.pl/judgments/474040
466077|2022-05-02|SO|II AKa 151/21|Uzasadnienie|https://www.saos.org.pl/judgments/466077
467454|2022-04-27|SO|II Ka 51/22|Wyrok|https://www.saos.org.pl/judgments/467454
479301|2022-04-19|SO|VI Ka 116/22|Wyrok|https://www.saos.org.pl/judgments/479301
468370|2022-04-19|SO|II AKa 14/21|Wyrok|https://www.saos.org.pl/judgments/468370
465523|2022-04-19|SO|II AKa 15/21|Uzasadnienie|https://www.saos.org.pl/judgments/465523
462882|2022-04-06|SO|II Ka 110/22|Wyrok|https://www.saos.org.pl/judgments/462882
471751|2022-03-31|SO|II AKa 42/22|Wyrok|https://www.saos.org.pl/judgments/471751
464209|2022-03-29|SO|III Ka 183/19|Uzasadnienie|https://www.saos.org.pl/judgments/464209
474292|2022-03-25|SO|VI Ka 1340/21|Uzasadnienie|https://www.saos.org.pl/judgments/474292
463985|2022-03-25|SO|II AKa 74/21|Wyrok|https://www.saos.org.pl/judgments/463985
460448|2022-03-25|SO|II AKa 221/21|Uzasadnienie|https://www.saos.org.pl/judgments/460448
469242|2022-03-24|SO|II AKa 51/22|Uzasadnienie|https://www.saos.org.pl/judgments/469242
489696|2022-03-22|SO|II AKa 228/21|Uzasadnienie|https://www.saos.org.pl/judgments/489696
465397|2022-03-21|SO|VI Ka 1175/21|Wyrok|https://www.saos.org.pl/judgments/465397
464579|2022-03-21|SO|II AKa 263/21|Wyrok|https://www.saos.org.pl/judgments/464579
461453|2022-03-16|SO|II Ka 312/21|Wyrok|https://www.saos.org.pl/judgments/461453
471995|2022-03-07|SO|II AKa 149/20|Uzasadnienie|https://www.saos.org.pl/judgments/471995
459918|2022-03-02|SO|II Ka 862/21|Wyrok|https://www.saos.org.pl/judgments/459918
464145|2022-03-01|SO|IV Ka 670/21|Uzasadnienie|https://www.saos.org.pl/judgments/464145
471733|2022-02-25|SO|II AKa 158/20|Wyrok|https://www.saos.org.pl/judgments/471733
462179|2022-02-25|SO|II AKa 184/21|Wyrok|https://www.saos.org.pl/judgments/462179
465646|2022-02-14|SO|II AKa 323/20|Wyrok|https://www.saos.org.pl/judgments/465646
459920|2022-02-14|SO|II Ka 903/21|Wyrok|https://www.saos.org.pl/judgments/459920
462177|2022-02-08|SO|II AKa 102/21|Wyrok|https://www.saos.org.pl/judgments/462177
457528|2022-02-02|SO|V Kz 1300/21|Postanowienie|https://www.saos.org.pl/judgments/457528
459658|2022-01-31|SO|II AKa 19/21|Wyrok|https://www.saos.org.pl/judgments/459658
485225|2022-01-28|SO|II AKa 318/20|Wyrok|https://www.saos.org.pl/judgments/485225
459666|2022-01-27|SO|II AKa 362/21|Wyrok|https://www.saos.org.pl/judgments/459666
455682|2022-01-21|SO|VI Ka 30/21|Uzasadnienie|https://www.saos.org.pl/judgments/455682
458589|2022-01-20|SO|II AKa 480/18|Wyrok|https://www.saos.org.pl/judgments/458589
470253|2022-01-13|SO|II AKzw 1514/21|Postanowienie|https://www.saos.org.pl/judgments/470253
459464|2022-01-04|SO|II AKa 151/20|Uzasadnienie|https://www.saos.org.pl/judgments/459464
455269|2022-01-04|SO|VI Ka 230/21|Uzasadnienie|https://www.saos.org.pl/judgments/455269
462548|2021-12-15|SO|II AKa 336/21|Uzasadnienie|https://www.saos.org.pl/judgments/462548
455868|2021-12-15|SO|II AKa 242/21|Wyrok|https://www.saos.org.pl/judgments/455868
459098|2021-12-14|SO|II AKa 244/20|Wyrok|https://www.saos.org.pl/judgments/459098
454451|2021-12-13|SO|II AKa 316/20|Wyrok|https://www.saos.org.pl/judgments/454451
509310|2021-12-10|SO|IX Ka 492/21|Wyrok|https://www.saos.org.pl/judgments/509310
455649|2021-12-08|SO|II AKa 329/20|Uzasadnienie|https://www.saos.org.pl/judgments/455649
451531|2021-11-29|SO|II Ka 775/21|Wyrok|https://www.saos.org.pl/judgments/451531
451323|2021-11-29|SO|VI Ka 735/20|Uzasadnienie|https://www.saos.org.pl/judgments/451323
455521|2021-11-26|SO|II AKa 105/21|Wyrok|https://www.saos.org.pl/judgments/455521
487203|2021-11-25|SO|II AKa 289/21|Wyrok|https://www.saos.org.pl/judgments/487203
462547|2021-11-10|SO|II AKa 320/20|Uzasadnienie|https://www.saos.org.pl/judgments/462547
453904|2021-11-10|SO|II AKa 350/20|Wyrok|https://www.saos.org.pl/judgments/453904
453507|2021-11-09|SO|II AKa 222/21|Wyrok|https://www.saos.org.pl/judgments/453507
453259|2021-11-08|SO|II AKa 195/20|Wyrok|https://www.saos.org.pl/judgments/453259
473993|2021-11-04|SO|VI Ka 440/21|Uzasadnienie|https://www.saos.org.pl/judgments/473993
467673|2021-10-28|SO|XI Ka 837/21|Wyrok|https://www.saos.org.pl/judgments/467673
453256|2021-10-28|SO|II AKa 186/20|Wyrok|https://www.saos.org.pl/judgments/453256
455617|2021-10-27|SO|II AKa 105/21|Wyrok|https://www.saos.org.pl/judgments/455617
464575|2021-10-26|SO|II AKa 170/21|Wyrok|https://www.saos.org.pl/judgments/464575
459949|2021-10-26|SO|IV Ka 848/21|Wyrok|https://www.saos.org.pl/judgments/459949
453513|2021-10-26|SO|II AKa 325/20|Wyrok|https://www.saos.org.pl/judgments/453513
470251|2021-10-20|SO|II AKzw 1041/21|Postanowienie|https://www.saos.org.pl/judgments/470251
449106|2021-10-15|SO|II Ka 611/21|Wyrok|https://www.saos.org.pl/judgments/449106
459660|2021-10-07|SO|II AKa 215/21|Wyrok|https://www.saos.org.pl/judgments/459660
451845|2021-10-07|SO|IV Ka 474/21|Uzasadnienie|https://www.saos.org.pl/judgments/451845
449647|2021-10-06|SO|VI Ka 778/21|Uzasadnienie|https://www.saos.org.pl/judgments/449647
451847|2021-10-05|SO|IV Ka 481/21|Uzasadnienie|https://www.saos.org.pl/judgments/451847
478584|2021-09-29|SO|II AKa 152/20|Wyrok|https://www.saos.org.pl/judgments/478584
447810|2021-09-22|SO|VI Ka 573/20|Uzasadnienie|https://www.saos.org.pl/judgments/447810
453902|2021-09-17|SO|II AKa 292/20|Wyrok|https://www.saos.org.pl/judgments/453902
448085|2021-09-13|SO|VII Ka 645/21|Wyrok|https://www.saos.org.pl/judgments/448085
457965|2021-09-09|SO|II AKa 288/21|Uzasadnienie|https://www.saos.org.pl/judgments/457965
448165|2021-08-25|SO|II Ka 211/21|Wyrok|https://www.saos.org.pl/judgments/448165
446476|2021-08-19|SO|II Ka 396/21|Wyrok|https://www.saos.org.pl/judgments/446476
447222|2021-08-13|SO|IV Ka 729/21|Uzasadnienie|https://www.saos.org.pl/judgments/447222
446320|2021-07-23|SO|II AKa 62/21|Uzasadnienie|https://www.saos.org.pl/judgments/446320
441787|2021-07-08|SO|II AKa 48/21|Uzasadnienie|https://www.saos.org.pl/judgments/441787
440123|2021-06-07|SO|II AKa 177/20|Uzasadnienie|https://www.saos.org.pl/judgments/440123
443391|2021-06-03|SO|IV Ka 252/21|Uzasadnienie|https://www.saos.org.pl/judgments/443391
459960|2021-06-01|SO|VI Ka 299/21|Wyrok|https://www.saos.org.pl/judgments/459960
443490|2021-05-26|SO|V Kz 523/21|Postanowienie|https://www.saos.org.pl/judgments/443490
440849|2021-05-20|SO|II AKa 406/19|Wyrok|https://www.saos.org.pl/judgments/440849
444820|2021-05-19|SO|II AKa 147/20|Wyrok|https://www.saos.org.pl/judgments/444820
439893|2021-05-14|SO|IV Ka 242/21|Uzasadnienie|https://www.saos.org.pl/judgments/439893
442017|2021-05-13|SO|II AKa 125/20|Wyrok|https://www.saos.org.pl/judgments/442017
442848|2021-05-11|SO|VI Ka 185/21|Wyrok|https://www.saos.org.pl/judgments/442848
482736|2021-05-10|SO|X Ka 255/21|Uzasadnienie|https://www.saos.org.pl/judgments/482736
470206|2021-05-10|SO|II AKa 24/19|Wyrok|https://www.saos.org.pl/judgments/470206
442841|2021-04-23|SO|VI Ka 143/21|Wyrok|https://www.saos.org.pl/judgments/442841
449017|2021-04-21|SO|II AKa 112/18|Wyrok|https://www.saos.org.pl/judgments/449017
447698|2021-04-21|SO|II AKa 242/20|Wyrok|https://www.saos.org.pl/judgments/447698
438352|2021-04-20|SO|II AKa 11/21|Wyrok|https://www.saos.org.pl/judgments/438352
440609|2021-04-15|SO|II AKa 225/20|Wyrok|https://www.saos.org.pl/judgments/440609
436439|2021-04-14|SO|II Ka 23/21|Uzasadnienie|https://www.saos.org.pl/judgments/436439
442522|2021-04-09|SO|VI Ka 153/21|Wyrok|https://www.saos.org.pl/judgments/442522
456711|2021-03-30|SO|IV Ka 769/20|Uzasadnienie|https://www.saos.org.pl/judgments/456711
436235|2021-03-30|SO|IV Ka 71/21|Uzasadnienie|https://www.saos.org.pl/judgments/436235
458468|2021-03-29|SO|II Kp 29/21|Postanowienie|https://www.saos.org.pl/judgments/458468
435575|2021-03-18|SO|II Ka 70/21|Wyrok|https://www.saos.org.pl/judgments/435575
456155|2021-03-16|SO|IV Ka 689/20|Uzasadnienie|https://www.saos.org.pl/judgments/456155
435828|2021-02-24|SO|II AKa 278/19|Wyrok|https://www.saos.org.pl/judgments/435828
444412|2021-02-23|SO|II AKzw 28/21|Postanowienie|https://www.saos.org.pl/judgments/444412
465264|2021-02-12|SO|II AKa 179/20|Wyrok|https://www.saos.org.pl/judgments/465264
438390|2021-02-10|SO|II AKa 359/20|Wyrok|https://www.saos.org.pl/judgments/438390
443833|2021-02-09|SO|II AKa 358/19|Wyrok|https://www.saos.org.pl/judgments/443833
432711|2021-02-09|SO|II AKa 26/20|Wyrok|https://www.saos.org.pl/judgments/432711
436017|2021-02-05|SO|IV Ka 775/20|Uzasadnienie|https://www.saos.org.pl/judgments/436017
437791|2021-01-28|SO|VI Ka 280/20|Wyrok|https://www.saos.org.pl/judgments/437791
457395|2021-01-20|SO|II AKa 66/20|Uzasadnienie|https://www.saos.org.pl/judgments/457395
432304|2021-01-18|SO|II AKa 139/20|Wyrok|https://www.saos.org.pl/judgments/432304
431520|2021-01-18|SO|II AKa 71/20|Wyrok|https://www.saos.org.pl/judgments/431520
432734|2021-01-15|SO|II Ka 258/20|Wyrok|https://www.saos.org.pl/judgments/432734
434040|2020-12-23|SO|II AKa 178/20|Uzasadnienie|https://www.saos.org.pl/judgments/434040
528197|2020-12-22|SO|II AKa 362/20|Wyrok|https://www.saos.org.pl/judgments/528197
470479|2020-12-17|SO|II AKa 348/20|Wyrok|https://www.saos.org.pl/judgments/470479
434041|2020-12-17|SO|II AKa 191/20|Uzasadnienie|https://www.saos.org.pl/judgments/434041
434300|2020-12-09|SO|VI Ka 528/20|Wyrok|https://www.saos.org.pl/judgments/434300
431803|2020-12-07|SO|VI Ka 78/20|Wyrok|https://www.saos.org.pl/judgments/431803
485093|2020-11-30|SO|II AKa 65/19|Wyrok|https://www.saos.org.pl/judgments/485093
431525|2020-11-10|SO|II AKz 1103/20|Postanowienie|https://www.saos.org.pl/judgments/431525
429547|2020-11-06|SO|IV Ka 572/20|Uzasadnienie|https://www.saos.org.pl/judgments/429547
430921|2020-11-04|SO|II AKa 284/19|Wyrok|https://www.saos.org.pl/judgments/430921
430641|2020-11-04|SO|II AKa 404/19|Wyrok|https://www.saos.org.pl/judgments/430641
431797|2020-10-01|SO|VI Ka 293/20|Wyrok|https://www.saos.org.pl/judgments/431797
425302|2020-10-01|SO|II AKa 349/19|Wyrok|https://www.saos.org.pl/judgments/425302
436031|2020-09-25|SO|VI Ka 572/20|Wyrok|https://www.saos.org.pl/judgments/436031
472093|2020-09-24|SO|II AKa 202/20|Wyrok|https://www.saos.org.pl/judgments/472093
425304|2020-09-24|SO|II AKa 425/19|Wyrok|https://www.saos.org.pl/judgments/425304
425127|2020-09-24|SO|II AKa 85/20|Wyrok|https://www.saos.org.pl/judgments/425127
431511|2020-09-23|SO|II AKa 28/20|Wyrok|https://www.saos.org.pl/judgments/431511
429965|2020-09-22|SO|X Ka 589/20|Wyrok|https://www.saos.org.pl/judgments/429965
432111|2020-09-17|SO|IV Ka 589/20|Wyrok|https://www.saos.org.pl/judgments/432111
444214|2020-09-15|SO|II AKz 962/20|Postanowienie|https://www.saos.org.pl/judgments/444214
444207|2020-09-15|SO|II AKz 911/20|Postanowienie|https://www.saos.org.pl/judgments/444207
420973|2020-09-15|SO|II Ka 172/20|Wyrok|https://www.saos.org.pl/judgments/420973
424042|2020-09-08|SO|IV Ka 347/20|Uzasadnienie|https://www.saos.org.pl/judgments/424042
430846|2020-09-07|SO|IV Ka 473/20|Wyrok|https://www.saos.org.pl/judgments/430846
423941|2020-09-01|SO|IV Ka 356/20|Uzasadnienie|https://www.saos.org.pl/judgments/423941
423838|2020-08-31|SO|II AKa 394/19|Wyrok|https://www.saos.org.pl/judgments/423838
434592|2020-08-28|SO|VI Ka 215/20|Wyrok|https://www.saos.org.pl/judgments/434592
440154|2020-08-04|SO|VI Ka 242/20|Wyrok|https://www.saos.org.pl/judgments/440154
418442|2020-07-30|SO|II Kz 116/20|Postanowienie|https://www.saos.org.pl/judgments/418442
420742|2020-07-28|SO|II AKa 210/18|Wyrok|https://www.saos.org.pl/judgments/420742
444182|2020-07-21|SO|II AKz 741/20|Postanowienie|https://www.saos.org.pl/judgments/444182
439147|2020-07-17|SO|VI Ka 208/20|Wyrok|https://www.saos.org.pl/judgments/439147
420296|2020-07-15|SO|II AKa 55/20|Uzasadnienie|https://www.saos.org.pl/judgments/420296
419719|2020-07-07|SO|II AKa 183/19|Wyrok|https://www.saos.org.pl/judgments/419719
426138|2020-07-01|SO|IV Ka 170/20|Uzasadnienie|https://www.saos.org.pl/judgments/426138
416567|2020-06-23|SO|II Ka 259/20|Wyrok|https://www.saos.org.pl/judgments/416567
420301|2020-06-17|SO|II AKa 72/20|Uzasadnienie|https://www.saos.org.pl/judgments/420301
418160|2020-06-09|SO|II AKa 6/20|Wyrok|https://www.saos.org.pl/judgments/418160
418159|2020-06-09|SO|II AKa 35/20|Wyrok|https://www.saos.org.pl/judgments/418159
414809|2020-06-09|SO|II AKa 393/19|Wyrok|https://www.saos.org.pl/judgments/414809
414757|2020-06-02|SO|IV Ka 34/20|Uzasadnienie|https://www.saos.org.pl/judgments/414757
413667|2020-05-25|SO|II AKa 385/19|Wyrok|https://www.saos.org.pl/judgments/413667
426427|2020-04-27|SO|II AKa 248/18|Uzasadnienie|https://www.saos.org.pl/judgments/426427
411499|2020-03-10|SO|VI Ka 761/19|Wyrok|https://www.saos.org.pl/judgments/411499
434339|2020-03-09|SO|II AKa 424/18|Wyrok|https://www.saos.org.pl/judgments/434339
416407|2020-03-09|SO|II AKa 411/19|Wyrok|https://www.saos.org.pl/judgments/416407
413871|2020-03-09|SO|II AKa 128/19|Wyrok|https://www.saos.org.pl/judgments/413871
413659|2020-03-06|SO|II AKa 191/19|Wyrok|https://www.saos.org.pl/judgments/413659
411399|2020-03-06|SO|IV Ka 104/20|Uzasadnienie|https://www.saos.org.pl/judgments/411399
420549|2020-03-02|SO|IV Ka 1043/19|Wyrok|https://www.saos.org.pl/judgments/420549
447354|2020-02-28|SO|II AKa 231/19|Wyrok|https://www.saos.org.pl/judgments/447354
411407|2020-02-28|SO|IV Ka 41/20|Uzasadnienie|https://www.saos.org.pl/judgments/411407
412435|2020-02-25|SO|IV Ka 900/19|Uzasadnienie|https://www.saos.org.pl/judgments/412435
415725|2020-02-20|SO|II AKa 475/18|Wyrok|https://www.saos.org.pl/judgments/415725
409432|2020-02-11|SO|VI Ka 756/19|Wyrok|https://www.saos.org.pl/judgments/409432
405489|2020-02-04|SO|II Ka 330/19|Wyrok|https://www.saos.org.pl/judgments/405489
413279|2020-01-31|SO|II AKa 192/19|Uzasadnienie|https://www.saos.org.pl/judgments/413279
405339|2020-01-31|SO|II Ka 317/19|Wyrok|https://www.saos.org.pl/judgments/405339
410088|2020-01-29|SO|VI Ka 335/19|Wyrok|https://www.saos.org.pl/judgments/410088
406733|2020-01-28|SO|II Ka 871/19|Wyrok|https://www.saos.org.pl/judgments/406733
411488|2020-01-24|SO|VI Ka 643/19|Wyrok|https://www.saos.org.pl/judgments/411488
407041|2020-01-20|SO|II AKa 159/19|Wyrok|https://www.saos.org.pl/judgments/407041
407399|2020-01-16|SO|II Kz 261/19|Postanowienie|https://www.saos.org.pl/judgments/407399
451356|2020-01-09|SO|II AKa 398/19|Wyrok|https://www.saos.org.pl/judgments/451356
400563|2019-12-20|SO|IV Ka 679/19|Uzasadnienie|https://www.saos.org.pl/judgments/400563
412197|2019-12-19|SO|II AKa 129/18|Wyrok|https://www.saos.org.pl/judgments/412197
460479|2019-12-17|SO|II AKa 98/19|Uzasadnienie|https://www.saos.org.pl/judgments/460479
428813|2019-12-12|SO|II AKa 559/19|Wyrok|https://www.saos.org.pl/judgments/428813
426056|2019-12-12|SO|II AKa 559/19|Wyrok|https://www.saos.org.pl/judgments/426056
406340|2019-12-12|SO|IV Ka 927/19|Wyrok|https://www.saos.org.pl/judgments/406340
401986|2019-12-12|SO|VII Ka 1019/19|Wyrok|https://www.saos.org.pl/judgments/401986
402423|2019-12-11|SO|II AKa 271/19|Wyrok|https://www.saos.org.pl/judgments/402423
412936|2019-12-10|SO|XI Ka 788/19|Wyrok|https://www.saos.org.pl/judgments/412936
405035|2019-12-05|SO|II AKa 124/19|Wyrok|https://www.saos.org.pl/judgments/405035
405039|2019-12-02|SO|II AKa 308/18|Wyrok|https://www.saos.org.pl/judgments/405039
397724|2019-11-22|SO|II Ka 308/19|Wyrok|https://www.saos.org.pl/judgments/397724
401568|2019-11-21|SO|II AKa 196/19|Wyrok|https://www.saos.org.pl/judgments/401568
482686|2019-11-15|SO|II AKa 368/19|Wyrok|https://www.saos.org.pl/judgments/482686
399053|2019-11-06|SO|IV Ka 873/19|Wyrok|https://www.saos.org.pl/judgments/399053
398217|2019-10-25|SO|VII Ka 829/19|Wyrok|https://www.saos.org.pl/judgments/398217
408633|2019-10-23|SO|IV Ka 663/19|Wyrok|https://www.saos.org.pl/judgments/408633
421655|2019-10-22|SO|VI Ka 267/19|Wyrok|https://www.saos.org.pl/judgments/421655
412245|2019-10-22|SO|VI Ka 884/19|Wyrok|https://www.saos.org.pl/judgments/412245
399673|2019-10-21|SO|II Ka 145/19|Wyrok|https://www.saos.org.pl/judgments/399673
411479|2019-10-15|SO|VI Ka 607/19|Wyrok|https://www.saos.org.pl/judgments/411479
420686|2019-10-11|SO|VI Ka 720/19|Wyrok|https://www.saos.org.pl/judgments/420686
399590|2019-10-11|SO|V Ka 538/19|Uzasadnienie|https://www.saos.org.pl/judgments/399590
397587|2019-10-09|SO|II AKa 273/19|Wyrok|https://www.saos.org.pl/judgments/397587
399578|2019-10-07|SO|V Ka 309/19|Uzasadnienie|https://www.saos.org.pl/judgments/399578
408090|2019-09-25|SO|IV Ka 499/19|Wyrok|https://www.saos.org.pl/judgments/408090
407476|2019-09-20|SO|VI Ka 1430/18|Wyrok|https://www.saos.org.pl/judgments/407476
393294|2019-09-19|SO|II Ka 196/19|Wyrok|https://www.saos.org.pl/judgments/393294
401296|2019-09-18|SO|IV Ka 368/19|Wyrok|https://www.saos.org.pl/judgments/401296
393393|2019-09-18|SO|II Ka 506/19|Wyrok|https://www.saos.org.pl/judgments/393393
393389|2019-09-13|SO|II Ka 393/19|Wyrok|https://www.saos.org.pl/judgments/393389
402059|2019-09-11|SO|II AKa 275/19|Wyrok|https://www.saos.org.pl/judgments/402059
392653|2019-09-09|SO|II Ka 402/19|Wyrok|https://www.saos.org.pl/judgments/392653
399832|2019-09-06|SO|II AKa 60/19|Wyrok|https://www.saos.org.pl/judgments/399832
396588|2019-09-06|SO|IV Ka 728/19|Wyrok|https://www.saos.org.pl/judgments/396588
392912|2019-09-05|SO|IV Ka 709/19|Wyrok|https://www.saos.org.pl/judgments/392912
444743|2019-08-30|SO|II AKa 93/19|Wyrok|https://www.saos.org.pl/judgments/444743
399587|2019-08-30|SO|V Ka 502/19|Uzasadnienie|https://www.saos.org.pl/judgments/399587
471851|2019-08-29|SO|II AKa 142/19|Wyrok|https://www.saos.org.pl/judgments/471851
398915|2019-08-29|SO|II AKa 93/19|Wyrok|https://www.saos.org.pl/judgments/398915
407481|2019-08-22|SO|VI Ka 196/19|Wyrok|https://www.saos.org.pl/judgments/407481
399600|2019-08-22|SO|V Ka 749/19|Uzasadnienie|https://www.saos.org.pl/judgments/399600
399575|2019-08-19|SO|V Ka 267/19|Uzasadnienie|https://www.saos.org.pl/judgments/399575
397626|2019-08-19|SO|VIII Ka 456/19|Wyrok|https://www.saos.org.pl/judgments/397626
399564|2019-08-07|SO|V Ka 1147/18|Uzasadnienie|https://www.saos.org.pl/judgments/399564
399572|2019-08-05|SO|V Ka 221/19|Uzasadnienie|https://www.saos.org.pl/judgments/399572
396580|2019-08-01|SO|IV Ka 258/19|Wyrok|https://www.saos.org.pl/judgments/396580
399594|2019-07-22|SO|V Ka 628/19|Uzasadnienie|https://www.saos.org.pl/judgments/399594
395675|2019-07-19|SO|IV Ka 460/19|Wyrok|https://www.saos.org.pl/judgments/395675
389228|2019-07-19|SO|IV Ka 395/19|Wyrok|https://www.saos.org.pl/judgments/389228
396523|2019-07-10|SO|II AKa 41/19|Wyrok|https://www.saos.org.pl/judgments/396523
406850|2019-07-09|SO|XI Ka 593/19|Wyrok|https://www.saos.org.pl/judgments/406850
400069|2019-07-09|SO|VI Ka 417/19|Wyrok|https://www.saos.org.pl/judgments/400069
397624|2019-07-04|SO|VIII Ka 439/19|Wyrok|https://www.saos.org.pl/judgments/397624
399568|2019-07-03|SO|V Ka 166/19|Uzasadnienie|https://www.saos.org.pl/judgments/399568
394266|2019-06-28|SO|VI Ka 1066/18|Wyrok|https://www.saos.org.pl/judgments/394266
388522|2019-06-27|SO|II AKa 393/18|Wyrok|https://www.saos.org.pl/judgments/388522
392901|2019-06-26|SO|II AKa 63/19|Wyrok|https://www.saos.org.pl/judgments/392901
391257|2019-06-14|SO|II Ka 162/19|Wyrok|https://www.saos.org.pl/judgments/391257
389828|2019-06-14|SO|XI W 1963/18|Wyrok|https://www.saos.org.pl/judgments/389828
399601|2019-06-12|SO|V Ka 923/18|Uzasadnienie|https://www.saos.org.pl/judgments/399601
389993|2019-06-12|SO|VI Ka 1405/18|Wyrok|https://www.saos.org.pl/judgments/389993
447364|2019-06-11|SO|II AKa 74/19|Wyrok|https://www.saos.org.pl/judgments/447364
406847|2019-06-11|SO|XI Ka 485/19|Wyrok|https://www.saos.org.pl/judgments/406847
393052|2019-06-10|SO|II AKa 214/18|Wyrok|https://www.saos.org.pl/judgments/393052
390005|2019-06-07|SO|VI Ka 699/18|Wyrok|https://www.saos.org.pl/judgments/390005
421502|2019-06-04|SO|IV Ka 273/19|Uzasadnienie|https://www.saos.org.pl/judgments/421502
389095|2019-06-04|SO|II AKa 508/18|Wyrok|https://www.saos.org.pl/judgments/389095
384702|2019-06-04|SO|II AKa 146/19|Wyrok|https://www.saos.org.pl/judgments/384702
397094|2019-05-30|SO|II AKa 325/18|Wyrok|https://www.saos.org.pl/judgments/397094
391241|2019-05-30|SO|II AKa 119/19|Wyrok|https://www.saos.org.pl/judgments/391241
388426|2019-05-30|SO|II Ka 118/19|Wyrok|https://www.saos.org.pl/judgments/388426
381860|2019-05-23|SO|V Ka 258/19|Uzasadnienie|https://www.saos.org.pl/judgments/381860
384936|2019-05-22|SO|II AKa 111/19|Wyrok|https://www.saos.org.pl/judgments/384936
381847|2019-05-22|SO|V Ka 164/19|Uzasadnienie|https://www.saos.org.pl/judgments/381847
408720|2019-05-17|SO|VI Ka 351/19|Wyrok|https://www.saos.org.pl/judgments/408720
383684|2019-05-17|SO|II Ka 83/19|Wyrok|https://www.saos.org.pl/judgments/383684
378389|2019-05-10|SO|II Ka 836/18|Wyrok|https://www.saos.org.pl/judgments/378389
406838|2019-05-09|SO|XI Ka 247/19|Wyrok|https://www.saos.org.pl/judgments/406838
447314|2019-04-30|SO|II AKa 60/18|Uzasadnienie|https://www.saos.org.pl/judgments/447314
396039|2019-04-29|SO|VI Ka 773/18|Wyrok|https://www.saos.org.pl/judgments/396039
382138|2019-04-24|SO|II AKa 66/19|Wyrok|https://www.saos.org.pl/judgments/382138
388955|2019-04-12|SO|VI Ka 640/18|Wyrok|https://www.saos.org.pl/judgments/388955
383419|2019-04-08|SO|II AKa 119/18|Wyrok|https://www.saos.org.pl/judgments/383419
381371|2019-04-08|SO|II AKa 131/18|Wyrok|https://www.saos.org.pl/judgments/381371
378367|2019-04-08|SO|II Ka 40/19|Wyrok|https://www.saos.org.pl/judgments/378367
379221|2019-04-03|SO|IV Ka 60/19|Wyrok|https://www.saos.org.pl/judgments/379221
425765|2019-04-02|SO|II AKa 226/18|Wyrok|https://www.saos.org.pl/judgments/425765
381839|2019-04-01|SO|V Ka 1530/18|Uzasadnienie|https://www.saos.org.pl/judgments/381839
473490|2019-03-29|SO|II AKa 568/18|Wyrok|https://www.saos.org.pl/judgments/473490
388524|2019-03-28|SO|II AKa 55/19|Wyrok|https://www.saos.org.pl/judgments/388524
381846|2019-03-27|SO|V Ka 1615/18|Uzasadnienie|https://www.saos.org.pl/judgments/381846
374517|2019-03-26|SO|II Ka 300/18|Uzasadnienie|https://www.saos.org.pl/judgments/374517
461672|2019-03-25|SO|II AKa 292/18|Wyrok|https://www.saos.org.pl/judgments/461672
407584|2019-03-19|SO|VI Ka 162/19|Wyrok|https://www.saos.org.pl/judgments/407584
381853|2019-03-19|SO|V Ka 1723/18|Uzasadnienie|https://www.saos.org.pl/judgments/381853
381852|2019-03-19|SO|V Ka 17/19|Uzasadnienie|https://www.saos.org.pl/judgments/381852
381372|2019-03-15|SO|II AKa 17/18|Wyrok|https://www.saos.org.pl/judgments/381372
381850|2019-03-13|SO|V Ka 1675/18|Uzasadnienie|https://www.saos.org.pl/judgments/381850
379206|2019-03-13|SO|IV Ka 36/19|Wyrok|https://www.saos.org.pl/judgments/379206
379154|2019-03-13|SO|IV Ka 104/19|Wyrok|https://www.saos.org.pl/judgments/379154
380085|2019-03-12|SO|VI Ka 85/19|Wyrok|https://www.saos.org.pl/judgments/380085
378379|2019-03-11|SO|II Ka 578/18|Wyrok|https://www.saos.org.pl/judgments/378379
400633|2019-03-08|SO|VI Ka 1083/18|Wyrok|https://www.saos.org.pl/judgments/400633
395019|2019-03-08|SO|VI Ka 119/19|Wyrok|https://www.saos.org.pl/judgments/395019
381848|2019-03-08|SO|V Ka 1640/18|Uzasadnienie|https://www.saos.org.pl/judgments/381848
375642|2019-03-08|SO|VI Ka 210/18|Wyrok|https://www.saos.org.pl/judgments/375642
392267|2019-03-07|SO|II AKa 266/18|Wyrok|https://www.saos.org.pl/judgments/392267
379282|2019-03-07|SO|IV Ka 920/18|Wyrok|https://www.saos.org.pl/judgments/379282
381837|2019-03-05|SO|V Ka 1503/18|Uzasadnienie|https://www.saos.org.pl/judgments/381837
378392|2019-03-05|SO|II Ka 867/18|Wyrok|https://www.saos.org.pl/judgments/378392
375635|2019-03-05|SO|VI Ka 1491/18|Wyrok|https://www.saos.org.pl/judgments/375635
379231|2019-03-04|SO|IV Ka 65/19|Wyrok|https://www.saos.org.pl/judgments/379231
384943|2019-02-28|SO|II AKa 5/19|Wyrok|https://www.saos.org.pl/judgments/384943
381854|2019-02-28|SO|V Ka 1725/18|Uzasadnienie|https://www.saos.org.pl/judgments/381854
378383|2019-02-28|SO|II Ka 741/18|Wyrok|https://www.saos.org.pl/judgments/378383
377742|2019-02-28|SO|II AKa 5/19|Wyrok|https://www.saos.org.pl/judgments/377742
377696|2019-02-27|SO|II AKa 292/18|Wyrok|https://www.saos.org.pl/judgments/377696
372922|2019-02-27|SO|II Ka 8/19|Wyrok|https://www.saos.org.pl/judgments/372922
393436|2019-02-26|SO|VI Ka 532/18|Wyrok|https://www.saos.org.pl/judgments/393436
400642|2019-02-22|SO|VI Ka 68/19|Wyrok|https://www.saos.org.pl/judgments/400642
380217|2019-02-21|SO|VII Ka 101/19|Wyrok|https://www.saos.org.pl/judgments/380217
380337|2019-02-18|SO|VIII Ka 779/18|Wyrok|https://www.saos.org.pl/judgments/380337
374519|2019-02-14|SO|II Ka 335/18|Wyrok|https://www.saos.org.pl/judgments/374519
373108|2019-02-11|SO|II AKa 405/18|Wyrok|https://www.saos.org.pl/judgments/373108
381822|2019-02-07|SO|V Ka 1093/18|Uzasadnienie|https://www.saos.org.pl/judgments/381822
377735|2019-01-31|SO|II AKa 432/18|Wyrok|https://www.saos.org.pl/judgments/377735
373305|2019-01-31|SO|II AKa 376/18|Wyrok|https://www.saos.org.pl/judgments/373305
381840|2019-01-30|SO|V Ka 1541/18|Uzasadnienie|https://www.saos.org.pl/judgments/381840
372292|2019-01-24|SO|IV Ka 694/18|Wyrok|https://www.saos.org.pl/judgments/372292
461673|2019-01-23|SO|II AKa 489/18|Wyrok|https://www.saos.org.pl/judgments/461673
380090|2019-01-22|SO|VI Ka 921/18|Wyrok|https://www.saos.org.pl/judgments/380090
371261|2019-01-21|SO|IV Ka 1108/18|Uzasadnienie|https://www.saos.org.pl/judgments/371261
406204|2019-01-17|SO|XI Ka 1124/18|Wyrok|https://www.saos.org.pl/judgments/406204
371427|2019-01-15|SO|IV Ka 1168/18|Wyrok|https://www.saos.org.pl/judgments/371427
371426|2019-01-15|SO|IV Ka 1155/18|Wyrok|https://www.saos.org.pl/judgments/371426
394532|2019-01-14|SO|II Ka 246/18|Uzasadnienie|https://www.saos.org.pl/judgments/394532
461782|2019-01-03|SO|II AKa 212/18|Wyrok|https://www.saos.org.pl/judgments/461782
381834|2018-12-28|SO|V Ka 1466/18|Uzasadnienie|https://www.saos.org.pl/judgments/381834
397091|2018-12-24|SO|II AKa 30/18|Uzasadnienie|https://www.saos.org.pl/judgments/397091
371714|2018-12-20|SO|II AKa 421/18|Wyrok|https://www.saos.org.pl/judgments/371714
398888|2018-12-19|SO|II AKa 199/18|Wyrok|https://www.saos.org.pl/judgments/398888
371708|2018-12-19|SO|II AKa 262/18|Wyrok|https://www.saos.org.pl/judgments/371708
367745|2018-12-18|SO|II AKa 307/18|Wyrok|https://www.saos.org.pl/judgments/367745
398876|2018-12-17|SO|II AKa 127/18|Wyrok|https://www.saos.org.pl/judgments/398876
364935|2018-12-17|SO|II AKz 485/18|Postanowienie|https://www.saos.org.pl/judgments/364935
381827|2018-12-14|SO|V Ka 1180/18|Uzasadnienie|https://www.saos.org.pl/judgments/381827
377668|2018-12-14|SO|II AKa 202/18|Wyrok|https://www.saos.org.pl/judgments/377668
371713|2018-12-14|SO|II AKa 411/18|Wyrok|https://www.saos.org.pl/judgments/371713
369733|2018-12-13|SO|V Ka 476/17|Wyrok|https://www.saos.org.pl/judgments/369733
514427|2018-12-11|SO|X Ka 1080/18|Wyrok|https://www.saos.org.pl/judgments/514427
374093|2018-12-11|SO|II AKa 409/18|Wyrok|https://www.saos.org.pl/judgments/374093
372956|2018-12-11|SO|IV Ka 330/18|Wyrok|https://www.saos.org.pl/judgments/372956
370486|2018-12-11|SO|II AKa 152/18|Wyrok|https://www.saos.org.pl/judgments/370486
367677|2018-12-10|SO|IX Ka 1677/18|Uzasadnienie|https://www.saos.org.pl/judgments/367677
367227|2018-12-07|SO|IV Ka 757/18|Uzasadnienie|https://www.saos.org.pl/judgments/367227
400729|2018-12-05|SO|II Ka 412/18|Wyrok|https://www.saos.org.pl/judgments/400729
372993|2018-12-04|SO|VI Ka 1603/17|Wyrok|https://www.saos.org.pl/judgments/372993
419680|2018-11-28|SO|I ACa 418/18|Wyrok|https://www.saos.org.pl/judgments/419680
389239|2018-11-28|SO|IV Ka 992/18|Wyrok|https://www.saos.org.pl/judgments/389239
373082|2018-11-28|SO|VI Ka 931/18|Wyrok|https://www.saos.org.pl/judgments/373082
368164|2018-11-28|SO|II AKa 377/17|Wyrok|https://www.saos.org.pl/judgments/368164
392972|2018-11-22|SO|VI Ka 213/18|Wyrok|https://www.saos.org.pl/judgments/392972
368163|2018-11-21|SO|II AKa 376/17|Wyrok|https://www.saos.org.pl/judgments/368163
366731|2018-11-21|SO|II AKa 332/18|Wyrok|https://www.saos.org.pl/judgments/366731
367221|2018-11-19|SO|IV Ka 695/18|Uzasadnienie|https://www.saos.org.pl/judgments/367221
364225|2018-11-13|SO|II AKa 372/18|Wyrok|https://www.saos.org.pl/judgments/364225
501187|2018-11-09|SO|II AKa 522/17|Wyrok|https://www.saos.org.pl/judgments/501187
381824|2018-11-09|SO|V Ka 1137/18|Uzasadnienie|https://www.saos.org.pl/judgments/381824
363271|2018-11-07|SO|V Ka 1005/18|Uzasadnienie|https://www.saos.org.pl/judgments/363271
378452|2018-10-30|SO|III APo 5/18|Postanowienie|https://www.saos.org.pl/judgments/378452
364650|2018-10-30|SO|XI W 5330/17|Wyrok|https://www.saos.org.pl/judgments/364650
362944|2018-10-30|SO|VI Ka 745/18|Wyrok|https://www.saos.org.pl/judgments/362944
364224|2018-10-29|SO|II AKa 324/18|Wyrok|https://www.saos.org.pl/judgments/364224
362872|2018-10-29|SO|V Ka 1136/18|Uzasadnienie|https://www.saos.org.pl/judgments/362872
362244|2018-10-29|SO|IV Ka 969/18|Wyrok|https://www.saos.org.pl/judgments/362244
380076|2018-10-23|SO|VI Ka 756/18|Wyrok|https://www.saos.org.pl/judgments/380076
380087|2018-10-19|SO|VI Ka 896/18|Wyrok|https://www.saos.org.pl/judgments/380087
375666|2018-10-19|SO|VI Ka 571/18|Wyrok|https://www.saos.org.pl/judgments/375666
364227|2018-10-18|SO|II AKa 399/17|Wyrok|https://www.saos.org.pl/judgments/364227
361831|2018-10-18|SO|II AKa 402/17|Wyrok|https://www.saos.org.pl/judgments/361831
377635|2018-10-17|SO|II AKa 132/18|Wyrok|https://www.saos.org.pl/judgments/377635
364436|2018-10-15|SO|II AKa 173/18|Wyrok|https://www.saos.org.pl/judgments/364436
362486|2018-10-15|SO|II Ka 249/18|Wyrok|https://www.saos.org.pl/judgments/362486
360014|2018-10-15|SO|IV Ka 738/18|Wyrok|https://www.saos.org.pl/judgments/360014
362618|2018-10-11|SO|II AKa 121/18|Wyrok|https://www.saos.org.pl/judgments/362618
371262|2018-10-09|SO|IV Ka 772/18|Wyrok|https://www.saos.org.pl/judgments/371262
366452|2018-10-09|SO|IV Ka 588/18|Uzasadnienie|https://www.saos.org.pl/judgments/366452
384169|2018-10-08|SO|II AKa 96/18|Wyrok|https://www.saos.org.pl/judgments/384169
371519|2018-10-08|SO|II AKa 462/17|Wyrok|https://www.saos.org.pl/judgments/371519
362903|2018-10-05|SO|V Ka 828/18|Uzasadnienie|https://www.saos.org.pl/judgments/362903
362236|2018-10-05|SO|IV Ka 770/18|Wyrok|https://www.saos.org.pl/judgments/362236
372434|2018-10-03|SO|II AKa 245/18|Wyrok|https://www.saos.org.pl/judgments/372434
362440|2018-10-03|SO|II AKa 68/18|Wyrok|https://www.saos.org.pl/judgments/362440
358247|2018-10-02|SO|II Ka 758/17|Wyrok|https://www.saos.org.pl/judgments/358247
359139|2018-09-28|SO|V W 2728/18|Wyrok|https://www.saos.org.pl/judgments/359139
440000|2018-09-27|SO|II AKa 303/18|Wyrok|https://www.saos.org.pl/judgments/440000
373301|2018-09-13|SO|II AKa 236/18|Wyrok|https://www.saos.org.pl/judgments/373301
364000|2018-09-13|SO|VI Ka 336/18|Wyrok|https://www.saos.org.pl/judgments/364000
359244|2018-09-13|SO|II AKa 180/18|Wyrok|https://www.saos.org.pl/judgments/359244
357652|2018-09-13|SO|IV Ka 748/18|Uzasadnienie|https://www.saos.org.pl/judgments/357652
362909|2018-09-12|SO|V Ka 931/18|Uzasadnienie|https://www.saos.org.pl/judgments/362909
359243|2018-09-12|SO|II AKa 179/18|Wyrok|https://www.saos.org.pl/judgments/359243
419876|2018-09-11|SO|XI Ka 667/18|Wyrok|https://www.saos.org.pl/judgments/419876
394516|2018-09-04|SO|II Ka 112/18|Uzasadnienie|https://www.saos.org.pl/judgments/394516
350791|2018-08-20|SO|II Ka 322/18|Wyrok|https://www.saos.org.pl/judgments/350791
360517|2018-08-14|SO|IX Ka 484/18|Wyrok|https://www.saos.org.pl/judgments/360517
356706|2018-08-09|SO|II AKa 184/18|Wyrok|https://www.saos.org.pl/judgments/356706
351261|2018-08-03|SO|VI Ka 647/18|Wyrok|https://www.saos.org.pl/judgments/351261
351325|2018-08-02|SO|II AKa 109/18|Wyrok|https://www.saos.org.pl/judgments/351325
364773|2018-07-27|SO|II AKa 112/18|Wyrok|https://www.saos.org.pl/judgments/364773
359991|2018-07-26|SO|IV Ka 533/18|Wyrok|https://www.saos.org.pl/judgments/359991
366059|2018-07-20|SO|II AKa 358/16|Wyrok|https://www.saos.org.pl/judgments/366059
356372|2018-07-16|SO|IV Ka 575/18|Wyrok|https://www.saos.org.pl/judgments/356372
354987|2018-07-13|SO|VII Ka 534/18|Wyrok|https://www.saos.org.pl/judgments/354987
377708|2018-07-12|SO|II AKa 35/18|Wyrok|https://www.saos.org.pl/judgments/377708
359242|2018-07-12|SO|II AKa 136/18|Wyrok|https://www.saos.org.pl/judgments/359242
362877|2018-07-11|SO|V Ka 187/18|Uzasadnienie|https://www.saos.org.pl/judgments/362877
387788|2018-07-10|SO|II AKa 211/17|Uzasadnienie|https://www.saos.org.pl/judgments/387788
356368|2018-07-10|SO|IV Ka 517/18|Wyrok|https://www.saos.org.pl/judgments/356368
362873|2018-07-09|SO|V Ka 116/18|Uzasadnienie|https://www.saos.org.pl/judgments/362873
356363|2018-07-06|SO|IV Ka 354/18|Wyrok|https://www.saos.org.pl/judgments/356363
349029|2018-07-05|SO|II AKa 204/18|Wyrok|https://www.saos.org.pl/judgments/349029
349785|2018-06-29|SO|VI Ka 186/18|Wyrok|https://www.saos.org.pl/judgments/349785
362899|2018-06-26|SO|V Ka 675/18|Uzasadnienie|https://www.saos.org.pl/judgments/362899
359990|2018-06-21|SO|IV Ka 510/18|Wyrok|https://www.saos.org.pl/judgments/359990
356506|2018-06-20|SO|VII Ka 555/18|Wyrok|https://www.saos.org.pl/judgments/356506
364784|2018-06-14|SO|II AKa 71/18|Wyrok|https://www.saos.org.pl/judgments/364784
400712|2018-06-13|SO|II Ka 113/18|Wyrok|https://www.saos.org.pl/judgments/400712
347274|2018-06-07|SO|II AKa 118/18|Wyrok|https://www.saos.org.pl/judgments/347274
344083|2018-05-28|SO|II AKa 336/17|Wyrok|https://www.saos.org.pl/judgments/344083
362276|2018-05-24|SO|VI Ka 192/18|Wyrok|https://www.saos.org.pl/judgments/362276
348933|2018-05-24|SO|II AKa 49/18|Wyrok|https://www.saos.org.pl/judgments/348933
348407|2018-05-16|SO|IV Ka 408/18|Wyrok|https://www.saos.org.pl/judgments/348407
341176|2018-05-16|SO|IV Ka 334/18|Wyrok|https://www.saos.org.pl/judgments/341176
345554|2018-05-11|SO|VII Ka 198/18|Wyrok|https://www.saos.org.pl/judgments/345554
364778|2018-05-10|SO|II AKa 18/18|Wyrok|https://www.saos.org.pl/judgments/364778
348406|2018-05-09|SO|IV Ka 317/18|Wyrok|https://www.saos.org.pl/judgments/348406
411250|2018-05-08|SO|II AKa 17/18|Uzasadnienie|https://www.saos.org.pl/judgments/411250
344118|2018-05-08|SO|IV Ka 96/18|Wyrok|https://www.saos.org.pl/judgments/344118
341389|2018-05-07|SO|V Ka 1657/17|Uzasadnienie|https://www.saos.org.pl/judgments/341389
352984|2018-05-04|SO|VI Ka 217/18|Wyrok|https://www.saos.org.pl/judgments/352984
394540|2018-04-30|SO|II Ka 61/18|Uzasadnienie|https://www.saos.org.pl/judgments/394540
357905|2018-04-30|SO|VI Ka 55/18|Wyrok|https://www.saos.org.pl/judgments/357905
337923|2018-04-30|SO|V Ka 247/18|Uzasadnienie|https://www.saos.org.pl/judgments/337923
477106|2018-04-25|SO|II AKa 364/16|Wyrok|https://www.saos.org.pl/judgments/477106
337928|2018-04-23|SO|V Ka 652/17|Uzasadnienie|https://www.saos.org.pl/judgments/337928
355390|2018-04-20|SO|VI Ka 199/18|Wyrok|https://www.saos.org.pl/judgments/355390
342322|2018-04-19|SO|IV Ka 299/18|Wyrok|https://www.saos.org.pl/judgments/342322
342315|2018-04-19|SO|IV Ka 244/18|Wyrok|https://www.saos.org.pl/judgments/342315
342267|2018-04-19|SO|II Ka 116/18|Wyrok|https://www.saos.org.pl/judgments/342267
364779|2018-04-18|SO|II AKa 40/18|Wyrok|https://www.saos.org.pl/judgments/364779
339637|2018-04-12|SO|IV Ka 100/18|Uzasadnienie|https://www.saos.org.pl/judgments/339637
347683|2018-04-11|SO|II AKa 53/18|Wyrok|https://www.saos.org.pl/judgments/347683
337925|2018-04-11|SO|V Ka 295/18|Uzasadnienie|https://www.saos.org.pl/judgments/337925
337126|2018-04-11|SO|II Ka 50/18|Wyrok|https://www.saos.org.pl/judgments/337126
342314|2018-04-10|SO|IV Ka 235/18|Wyrok|https://www.saos.org.pl/judgments/342314
355566|2018-04-05|SO|II AKa 130/18|Wyrok|https://www.saos.org.pl/judgments/355566
338740|2018-04-04|SO|VII Ka 223/18|Wyrok|https://www.saos.org.pl/judgments/338740
355019|2018-04-03|SO|VIII Ka 75/18|Uzasadnienie|https://www.saos.org.pl/judgments/355019
411256|2018-03-29|SO|II AKa 200/17|Uzasadnienie|https://www.saos.org.pl/judgments/411256
341656|2018-03-29|SO|VI Ka 21/18|Wyrok|https://www.saos.org.pl/judgments/341656
339668|2018-03-29|SO|IV Ka 87/18|Uzasadnienie|https://www.saos.org.pl/judgments/339668
341836|2018-03-28|SO|II AKa 58/18|Wyrok|https://www.saos.org.pl/judgments/341836
341833|2018-03-28|SO|II AKa 25/18|Wyrok|https://www.saos.org.pl/judgments/341833
341379|2018-03-28|SO|V Ka 1268/17|Uzasadnienie|https://www.saos.org.pl/judgments/341379
339487|2018-03-28|SO|II AKa 34/18|Wyrok|https://www.saos.org.pl/judgments/339487
346972|2018-03-27|SO|VI Ka 39/18|Wyrok|https://www.saos.org.pl/judgments/346972
338597|2018-03-20|SO|II AKa 240/17|Wyrok|https://www.saos.org.pl/judgments/338597
355020|2018-03-15|SO|VIII Ka 752/17|Wyrok|https://www.saos.org.pl/judgments/355020
342302|2018-03-15|SO|IV Ka 156/18|Wyrok|https://www.saos.org.pl/judgments/342302
411076|2018-03-14|SO|II AKa 120/17|Uzasadnienie|https://www.saos.org.pl/judgments/411076
332458|2018-03-14|SO|V Ka 1238/17|Uzasadnienie|https://www.saos.org.pl/judgments/332458
339999|2018-03-13|SO|VI Ka 108/18|Wyrok|https://www.saos.org.pl/judgments/339999
341382|2018-03-08|SO|V Ka 1467/17|Uzasadnienie|https://www.saos.org.pl/judgments/341382
335553|2018-03-08|SO|XVII Ka 110/18|Wyrok|https://www.saos.org.pl/judgments/335553
400368|2018-03-07|SO|II Ka 33/18|Wyrok|https://www.saos.org.pl/judgments/400368
335551|2018-03-06|SO|XVII Ka 100/18|Wyrok|https://www.saos.org.pl/judgments/335551
333453|2018-03-02|SO|IV Ka 131/18|Wyrok|https://www.saos.org.pl/judgments/333453
339807|2018-02-21|SO|II AKa 491/17|Wyrok|https://www.saos.org.pl/judgments/339807
338595|2018-02-21|SO|II AKa 223/17|Wyrok|https://www.saos.org.pl/judgments/338595
337770|2018-02-20|SO|II K 449/14|Wyrok|https://www.saos.org.pl/judgments/337770
347501|2018-02-19|SO|II AKa 8/18|Wyrok|https://www.saos.org.pl/judgments/347501
332443|2018-02-19|SO|V Ka 1105/17|Uzasadnienie|https://www.saos.org.pl/judgments/332443
333458|2018-02-15|SO|IV Ka 1446/17|Wyrok|https://www.saos.org.pl/judgments/333458
341918|2018-02-13|SO|IV Ka 810/17|Wyrok|https://www.saos.org.pl/judgments/341918
331844|2018-02-13|SO|IV Ka 800/17|Uzasadnienie|https://www.saos.org.pl/judgments/331844
328468|2018-02-08|SO|VI Ka 955/17|Wyrok|https://www.saos.org.pl/judgments/328468
329376|2018-02-06|SO|VI Ka 514/17|Wyrok|https://www.saos.org.pl/judgments/329376
335564|2018-02-01|SO|XVII Ka 1577/17|Wyrok|https://www.saos.org.pl/judgments/335564
331902|2018-01-31|SO|VI Ka 553/17|Wyrok|https://www.saos.org.pl/judgments/331902
330193|2018-01-31|SO|XVII Ka 1179/17|Wyrok|https://www.saos.org.pl/judgments/330193
332445|2018-01-26|SO|V Ka 1117/17|Uzasadnienie|https://www.saos.org.pl/judgments/332445
412675|2018-01-25|SO|IX Ka 901/17|Wyrok|https://www.saos.org.pl/judgments/412675
332461|2018-01-24|SO|V Ka 1253/17|Uzasadnienie|https://www.saos.org.pl/judgments/332461
456582|2018-01-23|SO|II AKa 305/17|Wyrok|https://www.saos.org.pl/judgments/456582
332496|2018-01-23|SO|V Ka 897/17|Uzasadnienie|https://www.saos.org.pl/judgments/332496
332436|2018-01-22|SO|V Ka 1008/17|Uzasadnienie|https://www.saos.org.pl/judgments/332436
333269|2018-01-19|SO|IV Ka 851/17|Uzasadnienie|https://www.saos.org.pl/judgments/333269
332968|2018-01-19|SO|II AKa 429/17|Wyrok|https://www.saos.org.pl/judgments/332968
330847|2018-01-18|SO|VI Ka 570/17|Wyrok|https://www.saos.org.pl/judgments/330847
328462|2018-01-18|SO|VI Ka 914/17|Wyrok|https://www.saos.org.pl/judgments/328462
332449|2018-01-17|SO|V Ka 1134/17|Uzasadnienie|https://www.saos.org.pl/judgments/332449
399512|2018-01-16|SO|II AKa 201/17|Uzasadnienie|https://www.saos.org.pl/judgments/399512
332438|2018-01-15|SO|V Ka 1054/17|Uzasadnienie|https://www.saos.org.pl/judgments/332438
331054|2018-01-12|SO|VI Ka 1029/17|Wyrok|https://www.saos.org.pl/judgments/331054
320831|2018-01-12|SO|IV K 216/16|Uzasadnienie|https://www.saos.org.pl/judgments/320831
335429|2018-01-09|SO|IV Ka 720/17|Wyrok|https://www.saos.org.pl/judgments/335429
323993|2018-01-08|SO|IV Ka 1069/17|Wyrok|https://www.saos.org.pl/judgments/323993
332478|2017-12-29|SO|V Ka 570/17|Uzasadnienie|https://www.saos.org.pl/judgments/332478
331067|2017-12-27|SO|VI Ka 970/17|Uzasadnienie|https://www.saos.org.pl/judgments/331067
326296|2017-12-20|SO|VI Ka 404/17|Wyrok|https://www.saos.org.pl/judgments/326296
375541|2017-12-19|SO|IX Ka 792/17|Wyrok|https://www.saos.org.pl/judgments/375541
326660|2017-12-15|SO|II Ka 320/17|Wyrok|https://www.saos.org.pl/judgments/326660
326590|2017-12-15|SO|II AKa 275/17|Wyrok|https://www.saos.org.pl/judgments/326590
501169|2017-12-14|SO|II AKa 481/17|Wyrok|https://www.saos.org.pl/judgments/501169
323065|2017-12-14|SO|IV Ka 1135/17|Wyrok|https://www.saos.org.pl/judgments/323065
322834|2017-12-14|SO|II AKa 360/17|Wyrok|https://www.saos.org.pl/judgments/322834
328576|2017-12-13|SO|X Kz 1559/17|Postanowienie|https://www.saos.org.pl/judgments/328576
327865|2017-12-12|SO|II AKa 155/17|Wyrok|https://www.saos.org.pl/judgments/327865
321377|2017-12-12|SO|IV Ka 766/17|Uzasadnienie|https://www.saos.org.pl/judgments/321377
328164|2017-12-08|SO|II AKa 274/17|Wyrok|https://www.saos.org.pl/judgments/328164
337206|2017-12-07|SO|II AKa 301/17|Wyrok|https://www.saos.org.pl/judgments/337206
326358|2017-12-07|SO|II AKa 197/17|Wyrok|https://www.saos.org.pl/judgments/326358
326806|2017-12-06|SO|VI Ka 725/17|Wyrok|https://www.saos.org.pl/judgments/326806
318953|2017-12-05|SO|IV Ka 1113/17|Wyrok|https://www.saos.org.pl/judgments/318953
318393|2017-12-05|SO|II Ka 768/16|Wyrok|https://www.saos.org.pl/judgments/318393
390285|2017-12-01|SO|II AKa 301/16|Wyrok|https://www.saos.org.pl/judgments/390285
328169|2017-12-01|SO|II AKa 381/17|Wyrok|https://www.saos.org.pl/judgments/328169
341624|2017-11-30|SO|IX Ka 1019/17|Wyrok|https://www.saos.org.pl/judgments/341624
338164|2017-11-30|SO|II AKa 299/17|Wyrok|https://www.saos.org.pl/judgments/338164
317342|2017-11-29|SO|II AKa 355/17|Wyrok|https://www.saos.org.pl/judgments/317342
327774|2017-11-28|SO|VI Ka 842/17|Uzasadnienie|https://www.saos.org.pl/judgments/327774
399666|2017-11-27|SO|II AKa 82/17|Uzasadnienie|https://www.saos.org.pl/judgments/399666
326448|2017-11-27|SO|VI Ka 1508/15|Wyrok|https://www.saos.org.pl/judgments/326448
340688|2017-11-22|SO|II AKa 34/17|Wyrok|https://www.saos.org.pl/judgments/340688
322826|2017-11-22|SO|II AKa 229/17|Wyrok|https://www.saos.org.pl/judgments/322826
332484|2017-11-20|SO|V Ka 705/17|Uzasadnienie|https://www.saos.org.pl/judgments/332484
319069|2017-11-16|SO|II AKa 87/17|Wyrok|https://www.saos.org.pl/judgments/319069
315781|2017-11-13|SO|VI Ka 730/17|Uzasadnienie|https://www.saos.org.pl/judgments/315781
326361|2017-11-09|SO|II AKa 473/17|Wyrok|https://www.saos.org.pl/judgments/326361
319335|2017-11-09|SO|VI Ka 411/17|Wyrok|https://www.saos.org.pl/judgments/319335
315886|2017-11-09|SO|II AKa 304/17|Wyrok|https://www.saos.org.pl/judgments/315886
318755|2017-11-07|SO|VI Ka 711/17|Uzasadnienie|https://www.saos.org.pl/judgments/318755
327154|2017-11-06|SO|II AKa 330/17|Wyrok|https://www.saos.org.pl/judgments/327154
332493|2017-11-03|SO|V Ka 837/17|Uzasadnienie|https://www.saos.org.pl/judgments/332493
332479|2017-11-03|SO|V Ka 603/17|Uzasadnienie|https://www.saos.org.pl/judgments/332479
310856|2017-11-03|SO|V Ka 611/17|Uzasadnienie|https://www.saos.org.pl/judgments/310856
320791|2017-10-31|SO|II AKa 205/17|Wyrok|https://www.saos.org.pl/judgments/320791
329617|2017-10-30|SO|VI Ka 37/17|Uzasadnienie|https://www.saos.org.pl/judgments/329617
328162|2017-10-30|SO|II AKa 249/17|Wyrok|https://www.saos.org.pl/judgments/328162
314858|2017-10-30|SO|V Ka 506/17|Wyrok|https://www.saos.org.pl/judgments/314858
316386|2017-10-27|SO|II Ka 243/17|Wyrok|https://www.saos.org.pl/judgments/316386
311805|2017-10-27|SO|IV Ka 765/17|Wyrok|https://www.saos.org.pl/judgments/311805
318019|2017-10-26|SO|XVII Ka 1033/17|Wyrok|https://www.saos.org.pl/judgments/318019
313550|2017-10-25|SO|II AKa 315/17|Wyrok|https://www.saos.org.pl/judgments/313550
310850|2017-10-25|SO|V Ka 421/17|Uzasadnienie|https://www.saos.org.pl/judgments/310850
322918|2017-10-24|SO|VI Ka 789/17|Uzasadnienie|https://www.saos.org.pl/judgments/322918
333623|2017-10-17|SO|II AKa 212/17|Wyrok|https://www.saos.org.pl/judgments/333623
329012|2017-10-17|SO|VI Ka 716/17|Wyrok|https://www.saos.org.pl/judgments/329012
322908|2017-10-13|SO|VI Ka 659/17|Uzasadnienie|https://www.saos.org.pl/judgments/322908
314939|2017-10-13|SO|VI Ka 751/17|Wyrok|https://www.saos.org.pl/judgments/314939
314679|2017-10-11|SO|IV Ka 586/17|Wyrok|https://www.saos.org.pl/judgments/314679
307758|2017-10-10|SO|II AKz 396/17|Postanowienie|https://www.saos.org.pl/judgments/307758
313719|2017-10-09|SO|X Ka 969/17|Wyrok|https://www.saos.org.pl/judgments/313719
400504|2017-10-04|SO|II Ka 279/17|Wyrok|https://www.saos.org.pl/judgments/400504
309098|2017-10-04|SO|IV Ka 687/17|Wyrok|https://www.saos.org.pl/judgments/309098
324832|2017-09-28|SO|IX Ka 575/17|Wyrok|https://www.saos.org.pl/judgments/324832
327017|2017-09-27|SO|VI Ka 412/16|Wyrok|https://www.saos.org.pl/judgments/327017
320795|2017-09-27|SO|II AKa 341/16|Wyrok|https://www.saos.org.pl/judgments/320795
309096|2017-09-27|SO|IV Ka 489/17|Wyrok|https://www.saos.org.pl/judgments/309096
318357|2017-09-21|SO|II AKa 311/17|Wyrok|https://www.saos.org.pl/judgments/318357
323584|2017-09-20|SO|II K 554/16|Wyrok|https://www.saos.org.pl/judgments/323584
313946|2017-09-15|SO|IX Ka 484/17|Wyrok|https://www.saos.org.pl/judgments/313946
309104|2017-09-14|SO|IV Ko 99/17|Wyrok|https://www.saos.org.pl/judgments/309104
312830|2017-09-13|SO|II AKa 224/17|Wyrok|https://www.saos.org.pl/judgments/312830
316251|2017-09-12|SO|II AKa 388/16|Wyrok|https://www.saos.org.pl/judgments/316251
304939|2017-09-12|SO|II AKa 214/17|Wyrok|https://www.saos.org.pl/judgments/304939
308640|2017-09-07|SO|XVII Ka 832/17|Wyrok|https://www.saos.org.pl/judgments/308640
311273|2017-09-06|SO|IV Ka 233/17|Wyrok|https://www.saos.org.pl/judgments/311273
304918|2017-09-06|SO|II AKa 135/17|Wyrok|https://www.saos.org.pl/judgments/304918
310992|2017-08-30|SO|II AKa 164/17|Wyrok|https://www.saos.org.pl/judgments/310992
308642|2017-08-30|SO|XVII Ka 845/17|Wyrok|https://www.saos.org.pl/judgments/308642
303560|2017-08-30|SO|V Ka 237/17|Uzasadnienie|https://www.saos.org.pl/judgments/303560
308628|2017-08-24|SO|XVII Ka 735/17|Wyrok|https://www.saos.org.pl/judgments/308628
309330|2017-08-18|SO|IV Ka 351/17|Wyrok|https://www.saos.org.pl/judgments/309330
306467|2017-08-04|SO|VI Ka 15/17|Wyrok|https://www.saos.org.pl/judgments/306467
306666|2017-08-03|SO|VII Kz 353/17|Postanowienie|https://www.saos.org.pl/judgments/306666
297816|2017-08-03|SO|II Ka 413/17|Wyrok|https://www.saos.org.pl/judgments/297816
309795|2017-07-26|SO|IX Ka 207/17|Wyrok|https://www.saos.org.pl/judgments/309795
310171|2017-07-19|SO|II AKa 216/16|Uzasadnienie|https://www.saos.org.pl/judgments/310171
294486|2017-07-14|SO|V Ka 794/16|Uzasadnienie|https://www.saos.org.pl/judgments/294486
308559|2017-07-11|SO|IV Ka 401/17|Wyrok|https://www.saos.org.pl/judgments/308559
297524|2017-07-11|SO|V Ka 112/17|Uzasadnienie|https://www.saos.org.pl/judgments/297524
292554|2017-07-11|SO|VII Ka 617/17|Wyrok|https://www.saos.org.pl/judgments/292554
310056|2017-07-10|SO|IX Ka 193/17|Wyrok|https://www.saos.org.pl/judgments/310056
304101|2017-07-10|SO|VI Ka 1475/16|Wyrok|https://www.saos.org.pl/judgments/304101
302932|2017-07-07|SO|VI Ka 479/17|Wyrok|https://www.saos.org.pl/judgments/302932
303683|2017-07-05|SO|II AKa 116/17|Wyrok|https://www.saos.org.pl/judgments/303683
298907|2017-07-05|SO|II AKa 154/17|Wyrok|https://www.saos.org.pl/judgments/298907
364231|2017-06-29|SO|II AKa 60/17|Uzasadnienie|https://www.saos.org.pl/judgments/364231
292071|2017-06-29|SO|XII W 3168/16|Zarządzenie|https://www.saos.org.pl/judgments/292071
310994|2017-06-28|SO|II AKa 440/16|Wyrok|https://www.saos.org.pl/judgments/310994
290093|2017-06-23|SO|II Ka 357/17|Wyrok|https://www.saos.org.pl/judgments/290093
304952|2017-06-13|SO|II AKa 71/17|Wyrok|https://www.saos.org.pl/judgments/304952
299631|2017-06-13|SO|IV Ka 425/17|Wyrok|https://www.saos.org.pl/judgments/299631
295595|2017-06-12|SO|II AKa 107/17|Wyrok|https://www.saos.org.pl/judgments/295595
313383|2017-06-08|SO|IX Ka 84/17|Wyrok|https://www.saos.org.pl/judgments/313383
288174|2017-06-08|SO|V Ka 225/17|Uzasadnienie|https://www.saos.org.pl/judgments/288174
291934|2017-06-06|SO|II AKa 364/16|Wyrok|https://www.saos.org.pl/judgments/291934
348015|2017-06-01|SO|II Kp 244/17|Postanowienie|https://www.saos.org.pl/judgments/348015
293101|2017-05-31|SO|II AKa 111/17|Wyrok|https://www.saos.org.pl/judgments/293101
296109|2017-05-30|SO|II AKa 57/17|Wyrok|https://www.saos.org.pl/judgments/296109
293110|2017-05-29|SO|II AKa 46/17|Wyrok|https://www.saos.org.pl/judgments/293110
289065|2017-05-29|SO|II AKa 99/17|Wyrok|https://www.saos.org.pl/judgments/289065
288799|2017-05-29|SO|VI Ka 132/17|Wyrok|https://www.saos.org.pl/judgments/288799
298451|2017-05-25|SO|II AKa 112/17|Wyrok|https://www.saos.org.pl/judgments/298451
308720|2017-05-24|SO|II AKa 12/17|Wyrok|https://www.saos.org.pl/judgments/308720
289931|2017-05-17|SO|II AKa 90/17|Wyrok|https://www.saos.org.pl/judgments/289931
288676|2017-05-17|SO|XVII Ka 340/17|Wyrok|https://www.saos.org.pl/judgments/288676
288188|2017-05-17|SO|V Ka 98/17|Uzasadnienie|https://www.saos.org.pl/judgments/288188
293108|2017-05-16|SO|II AKa 35/17|Wyrok|https://www.saos.org.pl/judgments/293108
288164|2017-05-16|SO|V Ka 1617/16|Uzasadnienie|https://www.saos.org.pl/judgments/288164
289902|2017-05-12|SO|II AKa 103/17|Wyrok|https://www.saos.org.pl/judgments/289902
288180|2017-05-09|SO|V Ka 62/17|Uzasadnienie|https://www.saos.org.pl/judgments/288180
291287|2017-05-05|SO|VI Ka 167/17|Wyrok|https://www.saos.org.pl/judgments/291287
289929|2017-05-05|SO|II AKa 84/17|Wyrok|https://www.saos.org.pl/judgments/289929
284482|2017-05-05|SO|II Ka 160/17|Wyrok|https://www.saos.org.pl/judgments/284482
284407|2017-04-26|SO|II AKa 31/17|Wyrok|https://www.saos.org.pl/judgments/284407
284656|2017-04-25|SO|IV Ka 250/17|Wyrok|https://www.saos.org.pl/judgments/284656
297709|2017-04-19|SO|II AKa 452/16|Wyrok|https://www.saos.org.pl/judgments/297709
293664|2017-04-13|SO|IV Ka 188/17|Wyrok|https://www.saos.org.pl/judgments/293664
282611|2017-04-11|SO|VI Ka 163/17|Wyrok|https://www.saos.org.pl/judgments/282611
288166|2017-04-10|SO|V Ka 1689/16|Uzasadnienie|https://www.saos.org.pl/judgments/288166
281067|2017-04-10|SO|V Ka 52/17|Wyrok|https://www.saos.org.pl/judgments/281067
281130|2017-04-06|SO|VI Ka 1629/16|Wyrok|https://www.saos.org.pl/judgments/281130
280794|2017-04-05|SO|II Ka 20/17|Wyrok|https://www.saos.org.pl/judgments/280794
288399|2017-04-03|SO|II AKa 182/16|Wyrok|https://www.saos.org.pl/judgments/288399
284410|2017-03-30|SO|II AKa 37/17|Wyrok|https://www.saos.org.pl/judgments/284410
283905|2017-03-30|SO|VII Ka 156/17|Wyrok|https://www.saos.org.pl/judgments/283905
285851|2017-03-28|SO|VI Ka 1238/16|Wyrok|https://www.saos.org.pl/judgments/285851
279993|2017-03-28|SO|VI Ka 170/17|Wyrok|https://www.saos.org.pl/judgments/279993
286916|2017-03-27|SO|VI Ka 840/16|Wyrok|https://www.saos.org.pl/judgments/286916
282192|2017-03-24|SO|II AKa 396/16|Wyrok|https://www.saos.org.pl/judgments/282192
281632|2017-03-24|SO|II AKa 109/16|Wyrok|https://www.saos.org.pl/judgments/281632
282634|2017-03-21|SO|XVII Ka 1379/16|Wyrok|https://www.saos.org.pl/judgments/282634
418270|2017-03-20|SO|XII K 91/16|Wyrok|https://www.saos.org.pl/judgments/418270
280676|2017-03-15|SO|II AKa 34/17|Wyrok|https://www.saos.org.pl/judgments/280676
278669|2017-03-15|SO|XVII Ka 1338/16|Wyrok|https://www.saos.org.pl/judgments/278669
281014|2017-03-14|SO|V Ka 1171/16|Uzasadnienie|https://www.saos.org.pl/judgments/281014
279859|2017-03-14|SO|IV Ka 80/17|Uzasadnienie|https://www.saos.org.pl/judgments/279859
278675|2017-03-14|SO|XVII Ka 138/17|Wyrok|https://www.saos.org.pl/judgments/278675
278032|2017-03-10|SO|VI Ka 1265/16|Wyrok|https://www.saos.org.pl/judgments/278032
277597|2017-03-10|SO|II Ka 56/17|Wyrok|https://www.saos.org.pl/judgments/277597
278693|2017-03-06|SO|XVII Ka 922/16|Wyrok|https://www.saos.org.pl/judgments/278693
299775|2017-03-03|SO|II AKa 476/16|Wyrok|https://www.saos.org.pl/judgments/299775
282967|2017-03-02|SO|IV Ka 930/16|Wyrok|https://www.saos.org.pl/judgments/282967
282726|2017-03-02|SO|II AKa 279/16|Wyrok|https://www.saos.org.pl/judgments/282726
278064|2017-03-02|SO|VI Ka 993/16|Wyrok|https://www.saos.org.pl/judgments/278064
280688|2017-02-28|SO|II AKa 460/16|Wyrok|https://www.saos.org.pl/judgments/280688
313856|2017-02-27|SO|II AKa 69/16|Uzasadnienie|https://www.saos.org.pl/judgments/313856
281045|2017-02-27|SO|V Ka 1473/16|Uzasadnienie|https://www.saos.org.pl/judgments/281045
279157|2017-02-24|SO|VI Ka 1310/16|Wyrok|https://www.saos.org.pl/judgments/279157
282727|2017-02-22|SO|II AKa 370/16|Wyrok|https://www.saos.org.pl/judgments/282727
277501|2017-02-15|SO|II AKa 7/17|Wyrok|https://www.saos.org.pl/judgments/277501
272157|2017-02-15|SO|II Ka 740/16|Wyrok|https://www.saos.org.pl/judgments/272157
279179|2017-02-14|SO|VI Ka 994/16|Wyrok|https://www.saos.org.pl/judgments/279179
278029|2017-02-14|SO|VI Ka 1214/16|Wyrok|https://www.saos.org.pl/judgments/278029
294286|2017-02-09|SO|II AKa 264/16|Wyrok|https://www.saos.org.pl/judgments/294286
285208|2017-02-08|SO|II AKa 199/16|Wyrok|https://www.saos.org.pl/judgments/285208
288160|2017-02-07|SO|V Ka 1581/16|Uzasadnienie|https://www.saos.org.pl/judgments/288160
272158|2017-02-03|SO|II Ka 746/16|Wyrok|https://www.saos.org.pl/judgments/272158
281031|2017-02-01|SO|V Ka 1316/16|Uzasadnienie|https://www.saos.org.pl/judgments/281031
436580|2017-01-31|SO|II AKa 435/16|Wyrok|https://www.saos.org.pl/judgments/436580
270640|2017-01-27|SO|II Ka 511/16|Wyrok|https://www.saos.org.pl/judgments/270640
277496|2017-01-26|SO|II AKa 353/16|Wyrok|https://www.saos.org.pl/judgments/277496
273939|2017-01-25|SO|II AKa 292/16|Wyrok|https://www.saos.org.pl/judgments/273939
277490|2017-01-24|SO|II AKa 262/16|Wyrok|https://www.saos.org.pl/judgments/277490
269341|2017-01-24|SO|VI Ka 660/16|Wyrok|https://www.saos.org.pl/judgments/269341
334742|2017-01-19|SO|XI Ka 904/16|Wyrok|https://www.saos.org.pl/judgments/334742
281013|2017-01-19|SO|V Ka 1161/16|Uzasadnienie|https://www.saos.org.pl/judgments/281013
271177|2017-01-18|SO|X Ka 751/16|Wyrok|https://www.saos.org.pl/judgments/271177
268405|2017-01-18|SO|VI W 2338/16|Wyrok|https://www.saos.org.pl/judgments/268405
266345|2017-01-16|SO|VI Ka 1422/16|Wyrok|https://www.saos.org.pl/judgments/266345
307757|2017-01-12|SO|II AKa 394/15|Wyrok|https://www.saos.org.pl/judgments/307757
281012|2017-01-05|SO|V Ka 1134/16|Uzasadnienie|https://www.saos.org.pl/judgments/281012
267102|2017-01-03|SO|II Ka 729/16|Wyrok|https://www.saos.org.pl/judgments/267102
267425|2016-12-29|SO|V Ka 1402/16|Uzasadnienie|https://www.saos.org.pl/judgments/267425
269440|2016-12-28|SO|II AKa 413/16|Wyrok|https://www.saos.org.pl/judgments/269440
263689|2016-12-28|SO|VI Ka 895/16|Wyrok|https://www.saos.org.pl/judgments/263689
267461|2016-12-22|SO|V Ka 946/16|Uzasadnienie|https://www.saos.org.pl/judgments/267461
266909|2016-12-22|SO|VIII Ka 717/16|Uzasadnienie|https://www.saos.org.pl/judgments/266909
263917|2016-12-22|SO|V Ka 605/16|Wyrok|https://www.saos.org.pl/judgments/263917
277494|2016-12-20|SO|II AKa 304/16|Wyrok|https://www.saos.org.pl/judgments/277494
262921|2016-12-19|SO|V Ka 602/16|Wyrok|https://www.saos.org.pl/judgments/262921
262514|2016-12-19|SO|V Ka 660/16|Wyrok|https://www.saos.org.pl/judgments/262514
270853|2016-12-16|SO|II AKa 371/16|Wyrok|https://www.saos.org.pl/judgments/270853
265632|2016-12-16|SO|IX Ka 1331/16|Uzasadnienie|https://www.saos.org.pl/judgments/265632
265698|2016-12-15|SO|VI Ka 707/16|Wyrok|https://www.saos.org.pl/judgments/265698
267326|2016-12-14|SO|II AKa 232/15|Wyrok|https://www.saos.org.pl/judgments/267326
266863|2016-12-14|SO|VI Ka 676/16|Wyrok|https://www.saos.org.pl/judgments/266863
268901|2016-12-13|SO|XVII Ka 327/15|Uzasadnienie|https://www.saos.org.pl/judgments/268901
261835|2016-12-12|SO|V Ka 481/16|Uzasadnienie|https://www.saos.org.pl/judgments/261835
278055|2016-12-09|SO|VI Ka 237/16|Wyrok|https://www.saos.org.pl/judgments/278055
263219|2016-12-08|SO|VII Ka 835/16|Wyrok|https://www.saos.org.pl/judgments/263219
285213|2016-12-07|SO|II AKa 26/16|Wyrok|https://www.saos.org.pl/judgments/285213
280663|2016-12-07|SO|II AKa 223/16|Wyrok|https://www.saos.org.pl/judgments/280663
261036|2016-12-07|SO|II AKa 377/16|Wyrok|https://www.saos.org.pl/judgments/261036
288184|2016-12-05|SO|V Ka 767/16|Uzasadnienie|https://www.saos.org.pl/judgments/288184
260782|2016-12-02|SO|II AKa 313/16|Wyrok|https://www.saos.org.pl/judgments/260782
268514|2016-12-01|SO|II AKa 446/16|Wyrok|https://www.saos.org.pl/judgments/268514
260809|2016-12-01|SO|II Ka 566/16|Wyrok|https://www.saos.org.pl/judgments/260809
273255|2016-11-30|SO|VI Ka 700/16|Wyrok|https://www.saos.org.pl/judgments/273255
268817|2016-11-29|SO|V Ka 546/16|Uzasadnienie|https://www.saos.org.pl/judgments/268817
267026|2016-11-29|SO|II AKa 285/16|Wyrok|https://www.saos.org.pl/judgments/267026
260806|2016-11-28|SO|II Ka 255/16|Wyrok|https://www.saos.org.pl/judgments/260806
267435|2016-11-24|SO|V Ka 522/16|Uzasadnienie|https://www.saos.org.pl/judgments/267435
261327|2016-11-24|SO|II AKa 89/16|Wyrok|https://www.saos.org.pl/judgments/261327
259915|2016-11-24|SO|V Ka 504/16|Wyrok|https://www.saos.org.pl/judgments/259915
268819|2016-11-23|SO|V Ka 612/16|Uzasadnienie|https://www.saos.org.pl/judgments/268819
256622|2016-11-23|SO|II Ka 223/16|Wyrok|https://www.saos.org.pl/judgments/256622
262830|2016-11-18|SO|IV Ka 579/16|Uzasadnienie|https://www.saos.org.pl/judgments/262830
262570|2016-11-16|SO|VI Ka 863/16|Wyrok|https://www.saos.org.pl/judgments/262570
262565|2016-11-16|SO|VI Ka 758/16|Wyrok|https://www.saos.org.pl/judgments/262565
294290|2016-11-10|SO|II AKa 88/16|Wyrok|https://www.saos.org.pl/judgments/294290
263446|2016-11-10|SO|VI Ka 668/16|Wyrok|https://www.saos.org.pl/judgments/263446
267022|2016-11-08|SO|II AKa 217/16|Wyrok|https://www.saos.org.pl/judgments/267022
267417|2016-11-07|SO|V Ka 1145/15|Uzasadnienie|https://www.saos.org.pl/judgments/267417
281017|2016-11-04|SO|V Ka 1179/15|Uzasadnienie|https://www.saos.org.pl/judgments/281017
262311|2016-11-04|SO|VI Ka 569/16|Wyrok|https://www.saos.org.pl/judgments/262311
262739|2016-11-03|SO|II AKa 318/16|Wyrok|https://www.saos.org.pl/judgments/262739
259461|2016-11-03|SO|II AKa 275/16|Wyrok|https://www.saos.org.pl/judgments/259461
262391|2016-10-28|SO|II AKa 273/16|Wyrok|https://www.saos.org.pl/judgments/262391
472237|2016-10-27|SO|II AKa 121/16|Uzasadnienie|https://www.saos.org.pl/judgments/472237
262316|2016-10-27|SO|VI Ka 653/16|Wyrok|https://www.saos.org.pl/judgments/262316
300951|2016-10-25|SO|IV Ka 320/16|Uzasadnienie|https://www.saos.org.pl/judgments/300951
269439|2016-10-24|SO|II AKa 40/16|Wyrok|https://www.saos.org.pl/judgments/269439
260446|2016-10-24|SO|II AKa 307/16|Wyrok|https://www.saos.org.pl/judgments/260446
273910|2016-10-20|SO|II AKa 169/16|Wyrok|https://www.saos.org.pl/judgments/273910
269435|2016-10-20|SO|II AKa 140/16|Wyrok|https://www.saos.org.pl/judgments/269435
265396|2016-10-19|SO|II AKa 54/16|Wyrok|https://www.saos.org.pl/judgments/265396
258830|2016-10-14|SO|II AKa 188/16|Wyrok|https://www.saos.org.pl/judgments/258830
258814|2016-10-14|SO|II AKa 146/16|Wyrok|https://www.saos.org.pl/judgments/258814
254102|2016-10-13|SO|VIII C 1323/16|Wyrok|https://www.saos.org.pl/judgments/254102
269533|2016-10-12|SO|VI Ka 817/16|Wyrok|https://www.saos.org.pl/judgments/269533
250253|2016-10-06|SO|II Ka 547/16|Wyrok|https://www.saos.org.pl/judgments/250253
251419|2016-10-05|SO|IV Ka 638/16|Wyrok|https://www.saos.org.pl/judgments/251419
250970|2016-09-30|SO|VI Ka 330/16|Wyrok|https://www.saos.org.pl/judgments/250970
276126|2016-09-29|SO|II AKa 101/16|Wyrok|https://www.saos.org.pl/judgments/276126
269443|2016-09-29|SO|II AKa 97/16|Wyrok|https://www.saos.org.pl/judgments/269443
258837|2016-09-28|SO|II AKa 211/16|Wyrok|https://www.saos.org.pl/judgments/258837
253534|2016-09-27|SO|II AKa 28/16|Uzasadnienie|https://www.saos.org.pl/judgments/253534
250845|2016-09-27|SO|II Ka 359/16|Wyrok|https://www.saos.org.pl/judgments/250845
258836|2016-09-21|SO|II AKa 210/16|Wyrok|https://www.saos.org.pl/judgments/258836
266906|2016-09-08|SO|VIII Ka 58/16|Wyrok|https://www.saos.org.pl/judgments/266906
249380|2016-09-08|SO|V Ka 271/16|Uzasadnienie|https://www.saos.org.pl/judgments/249380
247176|2016-09-08|SO|V Ka 368/16|Uzasadnienie|https://www.saos.org.pl/judgments/247176
258106|2016-09-07|SO|II AKa 203/16|Wyrok|https://www.saos.org.pl/judgments/258106
248465|2016-09-07|SO|V Ka 321/16|Uzasadnienie|https://www.saos.org.pl/judgments/248465
246594|2016-09-06|SO|VII Ka 550/16|Wyrok|https://www.saos.org.pl/judgments/246594
248482|2016-09-05|SO|V Ka 475/16|Uzasadnienie|https://www.saos.org.pl/judgments/248482
277503|2016-08-30|SO|II AKa 90/16|Wyrok|https://www.saos.org.pl/judgments/277503
248476|2016-08-30|SO|V Ka 415/16|Uzasadnienie|https://www.saos.org.pl/judgments/248476
248459|2016-08-19|SO|V Ka 284/16|Uzasadnienie|https://www.saos.org.pl/judgments/248459
248454|2016-08-19|SO|V Ka 165/16|Uzasadnienie|https://www.saos.org.pl/judgments/248454
248449|2016-08-12|SO|V Ka 1089/15|Uzasadnienie|https://www.saos.org.pl/judgments/248449
241959|2016-08-12|SO|II K 10/15|Wyrok|https://www.saos.org.pl/judgments/241959
248502|2016-08-03|SO|V Ka 766/16|Uzasadnienie|https://www.saos.org.pl/judgments/248502
246674|2016-07-27|SO|II AKa 219/16|Wyrok|https://www.saos.org.pl/judgments/246674
279305|2016-07-21|SO|XI Ka 565/16|Wyrok|https://www.saos.org.pl/judgments/279305
241429|2016-07-20|SO|II AKa 177/16|Wyrok|https://www.saos.org.pl/judgments/241429
248188|2016-07-15|SO|II AKa 245/16|Wyrok|https://www.saos.org.pl/judgments/248188
238008|2016-07-08|SO|VI Ka 543/16|Wyrok|https://www.saos.org.pl/judgments/238008
237088|2016-07-06|SO|XVII Ka 506/16|Wyrok|https://www.saos.org.pl/judgments/237088
273901|2016-06-29|SO|II AKa 130/16|Wyrok|https://www.saos.org.pl/judgments/273901
234421|2016-06-27|SO|V Ka 1587/15|Uzasadnienie|https://www.saos.org.pl/judgments/234421
236136|2016-06-23|SO|VI Ka 173/16|Wyrok|https://www.saos.org.pl/judgments/236136
236532|2016-06-22|SO|IV Ka 271/16|Uzasadnienie|https://www.saos.org.pl/judgments/236532
249170|2016-06-21|SO|II AKa 133/16|Wyrok|https://www.saos.org.pl/judgments/249170
241872|2016-06-17|SO|XVII Ka 289/16|Wyrok|https://www.saos.org.pl/judgments/241872
251712|2016-06-16|SO|II AKa 144/16|Wyrok|https://www.saos.org.pl/judgments/251712
237084|2016-06-16|SO|XVII Ka 488/16|Wyrok|https://www.saos.org.pl/judgments/237084
237082|2016-06-16|SO|XVII Ka 479/16|Wyrok|https://www.saos.org.pl/judgments/237082
258817|2016-06-15|SO|II AKa 152/16|Wyrok|https://www.saos.org.pl/judgments/258817
272653|2016-06-14|SO|IV Ka 347/16|Wyrok|https://www.saos.org.pl/judgments/272653
260112|2016-06-13|SO|II AKa 156/16|Wyrok|https://www.saos.org.pl/judgments/260112
245342|2016-06-08|SN|III KK 369/15|Postanowienie|https://www.saos.org.pl/judgments/245342
233499|2016-06-08|SO|II AKa 113/16|Wyrok|https://www.saos.org.pl/judgments/233499
312838|2016-06-03|SO|II AKa 49/16|Uzasadnienie|https://www.saos.org.pl/judgments/312838
260440|2016-06-02|SO|II AKa 132/16|Wyrok|https://www.saos.org.pl/judgments/260440
241597|2016-06-02|SO|II AKa 156/16|Wyrok|https://www.saos.org.pl/judgments/241597
237745|2016-06-02|SO|VI Ka 234/16|Wyrok|https://www.saos.org.pl/judgments/237745
267677|2016-05-31|SO|II AKa 387/15|Wyrok|https://www.saos.org.pl/judgments/267677
236138|2016-05-31|SO|VI Ka 332/16|Wyrok|https://www.saos.org.pl/judgments/236138
237076|2016-05-30|SO|XVII Ka 411/16|Wyrok|https://www.saos.org.pl/judgments/237076
227377|2016-05-30|SO|V Ka 62/16|Uzasadnienie|https://www.saos.org.pl/judgments/227377
249168|2016-05-24|SO|II AKa 101/16|Wyrok|https://www.saos.org.pl/judgments/249168
233502|2016-05-24|SO|II AKa 72/16|Wyrok|https://www.saos.org.pl/judgments/233502
226835|2016-05-24|SO|VII Ka 344/16|Wyrok|https://www.saos.org.pl/judgments/226835
225863|2016-05-24|SO|V Ka 474/15|Uzasadnienie|https://www.saos.org.pl/judgments/225863
259655|2016-05-20|SO|II AKa 96/16|Wyrok|https://www.saos.org.pl/judgments/259655
280069|2016-05-19|SO|XI Ka 1163/15|Wyrok|https://www.saos.org.pl/judgments/280069
258871|2016-05-19|SO|II AKa 71/16|Wyrok|https://www.saos.org.pl/judgments/258871
232019|2016-05-16|SO|V Ka 167/16|Uzasadnienie|https://www.saos.org.pl/judgments/232019
239617|2016-05-12|SO|II AKa 4/16|Wyrok|https://www.saos.org.pl/judgments/239617
229608|2016-05-11|SO|VI Ka 140/16|Wyrok|https://www.saos.org.pl/judgments/229608
224217|2016-05-10|SO|VII P 19/13|Wyrok|https://www.saos.org.pl/judgments/224217
247474|2016-05-09|SO|IX Ka 329/16|Wyrok|https://www.saos.org.pl/judgments/247474
258874|2016-05-06|SO|II AKa 78/16|Wyrok|https://www.saos.org.pl/judgments/258874
237976|2016-05-06|SO|II Ka 88/16|Wyrok|https://www.saos.org.pl/judgments/237976
234911|2016-05-06|SO|VI Ka 294/16|Wyrok|https://www.saos.org.pl/judgments/234911
245248|2016-05-04|SN|V KK 375/15|Postanowienie|https://www.saos.org.pl/judgments/245248
349623|2016-04-28|SO|II AKa 46/16|Wyrok|https://www.saos.org.pl/judgments/349623
236133|2016-04-26|SO|VI Ka 1212/15|Wyrok|https://www.saos.org.pl/judgments/236133
225328|2016-04-21|SO|IV Ka 157/16|Wyrok|https://www.saos.org.pl/judgments/225328
235295|2016-04-19|SO|VI Ka 88/16|Wyrok|https://www.saos.org.pl/judgments/235295
234905|2016-04-19|SO|VI Ka 166/16|Wyrok|https://www.saos.org.pl/judgments/234905
220786|2016-04-19|SO|II Ka 15/16|Wyrok|https://www.saos.org.pl/judgments/220786
223377|2016-04-18|SO|V Ka 43/16|Uzasadnienie|https://www.saos.org.pl/judgments/223377
257222|2016-04-13|SO|II AKa 102/16|Wyrok|https://www.saos.org.pl/judgments/257222
245123|2016-04-13|SN|II KK 304/15|Wyrok|https://www.saos.org.pl/judgments/245123
229609|2016-04-12|SO|VI Ka 183/16|Wyrok|https://www.saos.org.pl/judgments/229609
219862|2016-04-12|SO|IV Ka 167/16|Wyrok|https://www.saos.org.pl/judgments/219862
218132|2016-04-11|SO|V Ka 1537/15|Uzasadnienie|https://www.saos.org.pl/judgments/218132
217366|2016-04-11|SO|II Ka 139/16|Wyrok|https://www.saos.org.pl/judgments/217366
257578|2016-04-08|SO|IV Ka 94/16|Wyrok|https://www.saos.org.pl/judgments/257578
221949|2016-04-08|SO|II Ka 62/16|Wyrok|https://www.saos.org.pl/judgments/221949
218117|2016-04-08|SO|V Ka 1355/15|Uzasadnienie|https://www.saos.org.pl/judgments/218117
227663|2016-04-07|SO|II AKa 332/15|Wyrok|https://www.saos.org.pl/judgments/227663
227662|2016-04-07|SO|II AKa 288/15|Wyrok|https://www.saos.org.pl/judgments/227662
223011|2016-04-07|SO|XVII Ka 143/16|Uzasadnienie|https://www.saos.org.pl/judgments/223011
218152|2016-04-07|SO|V Ka 92/16|Uzasadnienie|https://www.saos.org.pl/judgments/218152
216715|2016-04-07|SO|II Kp 75/16|Postanowienie|https://www.saos.org.pl/judgments/216715
223023|2016-04-06|SO|XVII Ka 209/16|Wyrok|https://www.saos.org.pl/judgments/223023
215860|2016-04-06|SO|V Kz 210/16|Postanowienie|https://www.saos.org.pl/judgments/215860
238780|2016-04-04|SO|II AKa 370/15|Wyrok|https://www.saos.org.pl/judgments/238780
244995|2016-04-01|SN|III KK 431/15|Wyrok|https://www.saos.org.pl/judgments/244995
219214|2016-03-30|SO|II AKa 70/16|Wyrok|https://www.saos.org.pl/judgments/219214
218126|2016-03-23|SO|V Ka 1507/15|Uzasadnienie|https://www.saos.org.pl/judgments/218126
234923|2016-03-22|SO|VI Ka 973/15|Wyrok|https://www.saos.org.pl/judgments/234923
235226|2016-03-17|SO|II AKa 438/15|Wyrok|https://www.saos.org.pl/judgments/235226
215300|2016-03-17|SO|II Ka 39/16|Wyrok|https://www.saos.org.pl/judgments/215300
257544|2016-03-15|SO|IV Ka 113/16|Wyrok|https://www.saos.org.pl/judgments/257544
218124|2016-03-14|SO|V Ka 1431/15|Uzasadnienie|https://www.saos.org.pl/judgments/218124
211693|2016-03-14|SO|V Ka 78/16|Uzasadnienie|https://www.saos.org.pl/judgments/211693
215305|2016-03-11|SO|II Ka 670/15|Wyrok|https://www.saos.org.pl/judgments/215305
224997|2016-03-10|SO|II AKa 19/16|Wyrok|https://www.saos.org.pl/judgments/224997
256867|2016-03-09|SO|IV Ka 937/15|Wyrok|https://www.saos.org.pl/judgments/256867
251714|2016-03-09|SO|II AKa 202/15|Wyrok|https://www.saos.org.pl/judgments/251714
216324|2016-03-08|SO|VI Ka 1417/15|Wyrok|https://www.saos.org.pl/judgments/216324
215545|2016-03-08|SO|VI Ka 1338/15|Wyrok|https://www.saos.org.pl/judgments/215545
213405|2016-03-08|SO|II Ka 568/15|Wyrok|https://www.saos.org.pl/judgments/213405
217978|2016-03-07|SO|II AKa 242/15|Wyrok|https://www.saos.org.pl/judgments/217978
244770|2016-03-03|SN|III KK 415/15|Wyrok|https://www.saos.org.pl/judgments/244770
219163|2016-03-03|SO|II AKa 1/16|Wyrok|https://www.saos.org.pl/judgments/219163
218424|2016-03-03|SO|II AKa 40/16|Wyrok|https://www.saos.org.pl/judgments/218424
257574|2016-03-02|SO|IV Ka 84/16|Wyrok|https://www.saos.org.pl/judgments/257574
313143|2016-02-26|SO|II AKa 19/16|Uzasadnienie|https://www.saos.org.pl/judgments/313143
244677|2016-02-26|SN|SNO 81/15|Uchwała|https://www.saos.org.pl/judgments/244677
210451|2016-02-26|SO|V Ka 1576/15|Uzasadnienie|https://www.saos.org.pl/judgments/210451
223306|2016-02-23|SO|II AKa 253/14|Wyrok|https://www.saos.org.pl/judgments/223306
214505|2016-02-23|SO|VI Ka 1477/15|Wyrok|https://www.saos.org.pl/judgments/214505
204592|2016-02-22|SO|II Kp 3/16|Postanowienie|https://www.saos.org.pl/judgments/204592
252342|2016-02-18|SO|II AKa 237/15|Wyrok|https://www.saos.org.pl/judgments/252342
218407|2016-02-18|SO|II AKa 15/16|Wyrok|https://www.saos.org.pl/judgments/218407
212155|2016-02-17|SO|IV Ka 960/15|Wyrok|https://www.saos.org.pl/judgments/212155
204766|2016-02-17|SO|V Ka 1646/15|Uzasadnienie|https://www.saos.org.pl/judgments/204766
244654|2016-02-16|SN|II KK 11/16|Postanowienie|https://www.saos.org.pl/judgments/244654
212972|2016-02-16|SO|V Ka 701/15|Uzasadnienie|https://www.saos.org.pl/judgments/212972
204767|2016-02-15|SO|V Ka 661/15|Uzasadnienie|https://www.saos.org.pl/judgments/204767
255375|2016-02-12|SO|II AKa 445/15|Wyrok|https://www.saos.org.pl/judgments/255375
211358|2016-02-12|SO|II Ka 338/15|Wyrok|https://www.saos.org.pl/judgments/211358
202815|2016-02-11|SO|II AKz 499/15|Postanowienie|https://www.saos.org.pl/judgments/202815
215293|2016-02-10|SO|II Ka 13/16|Wyrok|https://www.saos.org.pl/judgments/215293
204479|2016-02-10|SO|II AKa 421/15|Wyrok|https://www.saos.org.pl/judgments/204479
222170|2016-02-09|SO|VI Ka 1115/15|Wyrok|https://www.saos.org.pl/judgments/222170
211634|2016-02-09|SO|IV Ka 1394/15|Wyrok|https://www.saos.org.pl/judgments/211634
204852|2016-02-09|SO|VI Ka 1173/15|Wyrok|https://www.saos.org.pl/judgments/204852
228067|2016-02-08|SO|II AKa 338/15|Wyrok|https://www.saos.org.pl/judgments/228067
207977|2016-02-05|SO|II Ka 710/15|Wyrok|https://www.saos.org.pl/judgments/207977
220686|2016-02-02|SO|II AKa 207/15|Wyrok|https://www.saos.org.pl/judgments/220686
204771|2016-02-02|SO|V Ka 843/15|Uzasadnienie|https://www.saos.org.pl/judgments/204771
199392|2016-02-02|SO|V Ka 1387/15|Uzasadnienie|https://www.saos.org.pl/judgments/199392
210505|2016-01-29|SO|VI Ka 491/15|Wyrok|https://www.saos.org.pl/judgments/210505
225503|2016-01-28|SO|XI Ka 944/15|Wyrok|https://www.saos.org.pl/judgments/225503
218420|2016-01-28|SO|II AKa 343/15|Wyrok|https://www.saos.org.pl/judgments/218420
218419|2016-01-28|SO|II AKa 341/15|Wyrok|https://www.saos.org.pl/judgments/218419
199391|2016-01-28|SO|V Ka 1331/15|Uzasadnienie|https://www.saos.org.pl/judgments/199391
280667|2016-01-27|SO|II AKa 255/15|Wyrok|https://www.saos.org.pl/judgments/280667
249354|2016-01-27|SO|IV Ka 982/15|Wyrok|https://www.saos.org.pl/judgments/249354
231906|2016-01-27|SO|II AKa 494/14|Wyrok|https://www.saos.org.pl/judgments/231906
207451|2016-01-27|SO|IV Ka 1214/15|Wyrok|https://www.saos.org.pl/judgments/207451
219199|2016-01-26|SO|II AKa 387/15|Wyrok|https://www.saos.org.pl/judgments/219199
215543|2016-01-22|SO|VI Ka 1225/15|Wyrok|https://www.saos.org.pl/judgments/215543
225500|2016-01-21|SO|XI Ka 790/15|Wyrok|https://www.saos.org.pl/judgments/225500
221766|2016-01-19|SO|XI Ka 1075/15|Wyrok|https://www.saos.org.pl/judgments/221766
224345|2016-01-18|SO|I C 831/15|Wyrok|https://www.saos.org.pl/judgments/224345
204105|2016-01-15|SO|VI Ka 1063/15|Wyrok|https://www.saos.org.pl/judgments/204105
199821|2016-01-15|SO|VI Ka 577/15|Wyrok|https://www.saos.org.pl/judgments/199821
218430|2016-01-14|SO|II AKa 496/15|Wyrok|https://www.saos.org.pl/judgments/218430
203495|2016-01-14|SO|VI Ka 561/15|Wyrok|https://www.saos.org.pl/judgments/203495
213822|2016-01-13|SO|II AKa 416/15|Wyrok|https://www.saos.org.pl/judgments/213822
204078|2016-01-11|SO|V Ka 127/15|Wyrok|https://www.saos.org.pl/judgments/204078
253533|2015-12-30|SO|II AKa 205/15|Wyrok|https://www.saos.org.pl/judgments/253533
198700|2015-12-30|SO|IV Ka 1122/15|Wyrok|https://www.saos.org.pl/judgments/198700
219183|2015-12-29|SO|II AKa 278/15|Wyrok|https://www.saos.org.pl/judgments/219183
199485|2015-12-29|SO|II AKa 179/15|Wyrok|https://www.saos.org.pl/judgments/199485
197352|2015-12-29|SO|IV Ka 1185/15|Wyrok|https://www.saos.org.pl/judgments/197352
197351|2015-12-29|SO|IV Ka 1182/15|Wyrok|https://www.saos.org.pl/judgments/197351
194057|2015-12-22|SO|VIII Ka 684/15|Wyrok|https://www.saos.org.pl/judgments/194057
212433|2015-12-18|SO|XI W 4005/15|Wyrok|https://www.saos.org.pl/judgments/212433
197474|2015-12-18|SO|VI Ka 1008/15|Wyrok|https://www.saos.org.pl/judgments/197474
195409|2015-12-18|SO|II Ka 301/15|Wyrok|https://www.saos.org.pl/judgments/195409
195480|2015-12-17|SO|VI Ka 411/15|Wyrok|https://www.saos.org.pl/judgments/195480
244166|2015-12-16|SN|V KK 194/15|Wyrok|https://www.saos.org.pl/judgments/244166
213817|2015-12-16|SO|II AKa 375/15|Wyrok|https://www.saos.org.pl/judgments/213817
192447|2015-12-16|SO|II AKa 201/15|Wyrok|https://www.saos.org.pl/judgments/192447
222189|2015-12-15|SO|VI Ka 602/15|Wyrok|https://www.saos.org.pl/judgments/222189
194061|2015-12-15|SO|VIII Ka 760/15|Wyrok|https://www.saos.org.pl/judgments/194061
214756|2015-12-14|SO|II Ka 349/15|Wyrok|https://www.saos.org.pl/judgments/214756
198833|2015-12-11|SO|VI Ka 918/15|Wyrok|https://www.saos.org.pl/judgments/198833
196969|2015-12-09|SO|VI Ka 957/15|Wyrok|https://www.saos.org.pl/judgments/196969
221162|2015-12-08|SO|XI Ka 924/15|Wyrok|https://www.saos.org.pl/judgments/221162
216069|2015-12-04|SO|II AKa 269/15|Wyrok|https://www.saos.org.pl/judgments/216069
243981|2015-12-03|SN|II KK 272/15|Wyrok|https://www.saos.org.pl/judgments/243981
244017|2015-12-02|SN|IV KK 182/15|Wyrok|https://www.saos.org.pl/judgments/244017
196923|2015-12-01|SO|IV Kz 676/15|Postanowienie|https://www.saos.org.pl/judgments/196923
194062|2015-11-30|SO|VIII Ka 765/15|Wyrok|https://www.saos.org.pl/judgments/194062
194060|2015-11-30|SO|VIII Ka 751/15|Wyrok|https://www.saos.org.pl/judgments/194060
243904|2015-11-27|SN|II KK 198/15|Wyrok|https://www.saos.org.pl/judgments/243904
211532|2015-11-27|SO|II AKa 350/15|Wyrok|https://www.saos.org.pl/judgments/211532
243917|2015-11-26|SN|V KK 294/15|Postanowienie|https://www.saos.org.pl/judgments/243917
183991|2015-11-26|SO|II Ka 575/15|Wyrok|https://www.saos.org.pl/judgments/183991
196801|2015-11-25|SO|II AKa 259/15|Wyrok|https://www.saos.org.pl/judgments/196801
243965|2015-11-24|SN|IV KK 364/15|Postanowienie|https://www.saos.org.pl/judgments/243965
236106|2015-11-24|SO|IV Ka 792/15|Wyrok|https://www.saos.org.pl/judgments/236106
236107|2015-11-20|SO|IV Ka 794/15|Wyrok|https://www.saos.org.pl/judgments/236107
243845|2015-11-19|SN|IV KK 343/15|Postanowienie|https://www.saos.org.pl/judgments/243845
195694|2015-11-19|SO|VI Ka 493/15|Wyrok|https://www.saos.org.pl/judgments/195694
189688|2015-11-19|SO|XVII Ka 881/15|Wyrok|https://www.saos.org.pl/judgments/189688
188182|2015-11-19|SO|VII Kp 257/15|Postanowienie|https://www.saos.org.pl/judgments/188182
236105|2015-11-18|SO|IV Ka 650/15|Wyrok|https://www.saos.org.pl/judgments/236105
221343|2015-11-18|SO|II AKa 297/15|Wyrok|https://www.saos.org.pl/judgments/221343
195591|2015-11-18|SO|II AKa 272/15|Wyrok|https://www.saos.org.pl/judgments/195591
191300|2015-11-18|SO|II Ka 180/15|Wyrok|https://www.saos.org.pl/judgments/191300
218412|2015-11-17|SO|II AKa 257/15|Wyrok|https://www.saos.org.pl/judgments/218412
187832|2015-11-17|SO|VI Ka 913/15|Wyrok|https://www.saos.org.pl/judgments/187832
187699|2015-11-17|SO|VI Ka 296/15|Wyrok|https://www.saos.org.pl/judgments/187699
186455|2015-11-17|SO|IV Ka 841/15|Wyrok|https://www.saos.org.pl/judgments/186455
198499|2015-11-10|SO|II AKa 163/15|Wyrok|https://www.saos.org.pl/judgments/198499
214294|2015-11-09|SO|II AKa 118/15|Wyrok|https://www.saos.org.pl/judgments/214294
195826|2015-11-06|SO|I ACa 628/15|Wyrok|https://www.saos.org.pl/judgments/195826
189868|2015-11-06|SO|II AKa 321/15|Wyrok|https://www.saos.org.pl/judgments/189868
243766|2015-11-05|SN|V KK 180/15|Postanowienie|https://www.saos.org.pl/judgments/243766
187198|2015-11-05|SO|V Ka 136/15|Wyrok|https://www.saos.org.pl/judgments/187198
202793|2015-11-04|SO|II AKa 252/15|Wyrok|https://www.saos.org.pl/judgments/202793
188709|2015-11-03|SO|VIII Ka 537/15|Wyrok|https://www.saos.org.pl/judgments/188709
187828|2015-11-03|SO|VI Ka 879/15|Wyrok|https://www.saos.org.pl/judgments/187828
197235|2015-10-30|SO|II AKa 156/15|Wyrok|https://www.saos.org.pl/judgments/197235
183970|2015-10-27|SO|II Ka 468/15|Wyrok|https://www.saos.org.pl/judgments/183970
183935|2015-10-22|SO|II Ka 310/15|Wyrok|https://www.saos.org.pl/judgments/183935
231539|2015-10-20|SO|IV Ka 692/15|Wyrok|https://www.saos.org.pl/judgments/231539
187691|2015-10-20|SO|VI Ka 276/15|Wyrok|https://www.saos.org.pl/judgments/187691
182990|2015-10-15|SO|II AKa 235/15|Wyrok|https://www.saos.org.pl/judgments/182990
189677|2015-10-13|SO|XVII Ka 830/15|Wyrok|https://www.saos.org.pl/judgments/189677
186424|2015-10-13|SO|IV Ka 631/15|Wyrok|https://www.saos.org.pl/judgments/186424
183021|2015-10-12|SO|II AKa 260/15|Wyrok|https://www.saos.org.pl/judgments/183021
216070|2015-10-07|SO|II AKa 307/15|Wyrok|https://www.saos.org.pl/judgments/216070
397049|2015-10-06|SO|II AKa 118/15|Uzasadnienie|https://www.saos.org.pl/judgments/397049
205232|2015-10-06|SO|II AKa 212/15|Wyrok|https://www.saos.org.pl/judgments/205232
243520|2015-10-05|SN|V KK 184/15|Postanowienie|https://www.saos.org.pl/judgments/243520
182899|2015-10-05|SO|II AKa 134/15|Wyrok|https://www.saos.org.pl/judgments/182899
243412|2015-10-02|SN|III KK 148/15|Wyrok|https://www.saos.org.pl/judgments/243412
190977|2015-10-02|SO|II AKa 251/15|Wyrok|https://www.saos.org.pl/judgments/190977
381506|2015-09-30|SO|II AKa 81/15|Wyrok|https://www.saos.org.pl/judgments/381506
243436|2015-09-30|SN|II KK 92/15|Wyrok|https://www.saos.org.pl/judgments/243436
183940|2015-09-29|SO|II Ka 329/15|Wyrok|https://www.saos.org.pl/judgments/183940
231537|2015-09-25|SO|IV Ka 628/15|Wyrok|https://www.saos.org.pl/judgments/231537
186427|2015-09-25|SO|IV Ka 646/15|Wyrok|https://www.saos.org.pl/judgments/186427
189657|2015-09-22|SO|XVII Ka 738/15|Wyrok|https://www.saos.org.pl/judgments/189657
183994|2015-09-22|SO|II Ka 747/14|Wyrok|https://www.saos.org.pl/judgments/183994
183923|2015-09-18|SO|II Ka 223/15|Wyrok|https://www.saos.org.pl/judgments/183923
219870|2015-09-17|SO|IV Ka 366/15|Wyrok|https://www.saos.org.pl/judgments/219870
182945|2015-09-09|SO|II AKa 188/15|Wyrok|https://www.saos.org.pl/judgments/182945
179389|2015-09-08|SO|II AKa 135/15|Wyrok|https://www.saos.org.pl/judgments/179389
180813|2015-09-04|SO|VI Ka 455/15|Wyrok|https://www.saos.org.pl/judgments/180813
177454|2015-08-28|SO|II Ka 193/15|Wyrok|https://www.saos.org.pl/judgments/177454
243205|2015-08-26|SN|IV KK 245/15|Postanowienie|https://www.saos.org.pl/judgments/243205
243204|2015-08-26|SN|IV KK 239/15|Postanowienie|https://www.saos.org.pl/judgments/243204
177082|2015-08-26|SO|II Ka 284/15|Wyrok|https://www.saos.org.pl/judgments/177082
183014|2015-08-25|SO|II AKa 256/15|Wyrok|https://www.saos.org.pl/judgments/183014
176606|2015-08-20|SO|II Ka 235/15|Wyrok|https://www.saos.org.pl/judgments/176606
210405|2015-08-19|SO|IV Ka 526/15|Wyrok|https://www.saos.org.pl/judgments/210405
182883|2015-08-13|SO|II AKa 109/15|Wyrok|https://www.saos.org.pl/judgments/182883
178560|2015-08-11|SO|II AKa 107/15|Wyrok|https://www.saos.org.pl/judgments/178560
176427|2015-08-07|SO|VI Ka 334/15|Wyrok|https://www.saos.org.pl/judgments/176427
247472|2015-08-06|SO|IX Ka 285/15|Wyrok|https://www.saos.org.pl/judgments/247472
179968|2015-08-06|SO|IX Ka 772/15|Wyrok|https://www.saos.org.pl/judgments/179968
183914|2015-07-31|SO|II Ka 170/15|Wyrok|https://www.saos.org.pl/judgments/183914
182895|2015-07-30|SO|II AKa 128/15|Wyrok|https://www.saos.org.pl/judgments/182895
178569|2015-07-30|SO|II AKa 168/15|Wyrok|https://www.saos.org.pl/judgments/178569
177080|2015-07-24|SO|II Ka 270/15|Wyrok|https://www.saos.org.pl/judgments/177080
172013|2015-07-24|SO|VI Ka 336/15|Wyrok|https://www.saos.org.pl/judgments/172013
243034|2015-07-23|SN|II KK 194/15|Postanowienie|https://www.saos.org.pl/judgments/243034
194346|2015-07-23|SO|II AKa 38/15|Wyrok|https://www.saos.org.pl/judgments/194346
183057|2015-07-21|SO|II AKa 434/14|Wyrok|https://www.saos.org.pl/judgments/183057
171255|2015-07-13|SO|IV Ka 625/15|Wyrok|https://www.saos.org.pl/judgments/171255
313145|2015-07-10|SO|II AKa 216/14|Uzasadnienie|https://www.saos.org.pl/judgments/313145
175896|2015-07-10|SO|II AKa 164/15|Wyrok|https://www.saos.org.pl/judgments/175896
242984|2015-07-09|SN|III KK 375/14|Postanowienie|https://www.saos.org.pl/judgments/242984
242998|2015-07-08|SN|SDI 27/15|Wyrok|https://www.saos.org.pl/judgments/242998
174052|2015-07-08|SO|II AKa 151/15|Wyrok|https://www.saos.org.pl/judgments/174052
183068|2015-07-07|SO|II AKa 57/15|Wyrok|https://www.saos.org.pl/judgments/183068
174072|2015-07-02|SO|II AKa 48/15|Wyrok|https://www.saos.org.pl/judgments/174072
197564|2015-06-30|SO|XI Ka 346/15|Wyrok|https://www.saos.org.pl/judgments/197564
170776|2015-06-30|SO|II Ka 183/15|Wyrok|https://www.saos.org.pl/judgments/170776
175584|2015-06-29|SO|VIII Ka 343/15|Wyrok|https://www.saos.org.pl/judgments/175584
175583|2015-06-29|SO|VIII Ka 329/15|Wyrok|https://www.saos.org.pl/judgments/175583
174055|2015-06-26|SO|II AKa 156/15|Wyrok|https://www.saos.org.pl/judgments/174055
171756|2015-06-26|SO|VI Ka 425/15|Wyrok|https://www.saos.org.pl/judgments/171756
212813|2015-06-25|SO|II AKa 201/15|Wyrok|https://www.saos.org.pl/judgments/212813
172272|2015-06-25|SO|XVII Ka 360/15|Wyrok|https://www.saos.org.pl/judgments/172272
174049|2015-06-24|SO|II AKa 147/15|Wyrok|https://www.saos.org.pl/judgments/174049
180905|2015-06-23|SO|XI Ka 300/15|Wyrok|https://www.saos.org.pl/judgments/180905
173723|2015-06-23|SO|VI Ka 257/15|Wyrok|https://www.saos.org.pl/judgments/173723
171594|2015-06-23|SO|II Ka 33/15|Wyrok|https://www.saos.org.pl/judgments/171594
159488|2015-06-23|SO|II Ka 197/15|Wyrok|https://www.saos.org.pl/judgments/159488
170455|2015-06-22|SO|II AKa 85/15|Wyrok|https://www.saos.org.pl/judgments/170455
173603|2015-06-19|SO|VI Ka 245/15|Wyrok|https://www.saos.org.pl/judgments/173603
221661|2015-06-18|SO|IX Ka 196/15|Wyrok|https://www.saos.org.pl/judgments/221661
169575|2015-06-16|SO|VI Ka 23/15|Wyrok|https://www.saos.org.pl/judgments/169575
245621|2015-06-11|SN|IV KK 59/15|Wyrok|https://www.saos.org.pl/judgments/245621
171231|2015-06-11|SO|IV Ka 496/15|Wyrok|https://www.saos.org.pl/judgments/171231
170241|2015-06-11|SO|VI Ka 247/15|Wyrok|https://www.saos.org.pl/judgments/170241
183081|2015-06-09|SO|II AKa 92/15|Wyrok|https://www.saos.org.pl/judgments/183081
158269|2015-06-02|SO|VI Ka 396/15|Wyrok|https://www.saos.org.pl/judgments/158269
158023|2015-06-02|SO|VI Ka 320/15|Wyrok|https://www.saos.org.pl/judgments/158023
382789|2015-05-29|SO|II AKa 68/15|Wyrok|https://www.saos.org.pl/judgments/382789
212812|2015-05-29|SO|II AKa 141/15|Wyrok|https://www.saos.org.pl/judgments/212812
173063|2015-05-29|SO|VI Ka 184/15|Wyrok|https://www.saos.org.pl/judgments/173063
172617|2015-05-29|SO|VI Ka 216/15|Wyrok|https://www.saos.org.pl/judgments/172617
156956|2015-05-29|SO|II Ka 120/15|Wyrok|https://www.saos.org.pl/judgments/156956
298714|2015-05-28|SO|IX Ka 141/15|Wyrok|https://www.saos.org.pl/judgments/298714
169110|2015-05-28|SN|IV KK 9/15|Wyrok|https://www.saos.org.pl/judgments/169110
169106|2015-05-28|SN|WZ 5/15|Postanowienie|https://www.saos.org.pl/judgments/169106
169116|2015-05-27|SN|SNO 11/15|Uchwała|https://www.saos.org.pl/judgments/169116
159137|2015-05-27|SO|XVII Ka 323/15|Wyrok|https://www.saos.org.pl/judgments/159137
157890|2015-05-27|SO|II AKa 321/14|Wyrok|https://www.saos.org.pl/judgments/157890
158138|2015-05-25|SO|II Ka 195/15|Wyrok|https://www.saos.org.pl/judgments/158138
173629|2015-05-21|SO|II AKa 109/15|Wyrok|https://www.saos.org.pl/judgments/173629
157187|2015-05-21|SO|VIII Ka 220/15|Wyrok|https://www.saos.org.pl/judgments/157187
158115|2015-05-20|SO|II AKa 112/15|Wyrok|https://www.saos.org.pl/judgments/158115
155390|2015-05-20|SO|XVII Ka 303/15|Wyrok|https://www.saos.org.pl/judgments/155390
157200|2015-05-19|SO|VIII Ka 276/15|Wyrok|https://www.saos.org.pl/judgments/157200
171343|2015-05-15|SO|II AKa 103/15|Wyrok|https://www.saos.org.pl/judgments/171343
155284|2015-05-12|SO|II Ka 116/15|Wyrok|https://www.saos.org.pl/judgments/155284
158126|2015-05-07|SO|II AKa 99/15|Wyrok|https://www.saos.org.pl/judgments/158126
260517|2015-05-05|SO|IX Ka 246/15|Wyrok|https://www.saos.org.pl/judgments/260517
153462|2015-04-30|SO|IV Ka 85/15|Wyrok|https://www.saos.org.pl/judgments/153462
155384|2015-04-29|SO|XVII Ka 278/15|Wyrok|https://www.saos.org.pl/judgments/155384
168996|2015-04-28|SN|III KK 425/14|Postanowienie|https://www.saos.org.pl/judgments/168996
157184|2015-04-28|SO|VIII Ka 183/15|Wyrok|https://www.saos.org.pl/judgments/157184
156117|2015-04-28|SO|VI Ka 652/14|Wyrok|https://www.saos.org.pl/judgments/156117
154527|2015-04-28|SO|II AKa 45/15|Wyrok|https://www.saos.org.pl/judgments/154527
154165|2015-04-28|SO|II AKa 41/15|Wyrok|https://www.saos.org.pl/judgments/154165
172692|2015-04-27|SO|II AKa 461/14|Wyrok|https://www.saos.org.pl/judgments/172692
169001|2015-04-27|SN|WK 4/15|Postanowienie|https://www.saos.org.pl/judgments/169001
158119|2015-04-27|SO|II AKa 334/14|Wyrok|https://www.saos.org.pl/judgments/158119
154585|2015-04-27|SO|IV Ka 335/15|Wyrok|https://www.saos.org.pl/judgments/154585
155381|2015-04-24|SO|XVII Ka 253/15|Uzasadnienie|https://www.saos.org.pl/judgments/155381
152289|2015-04-24|SO|IV Ka 31/15|Wyrok|https://www.saos.org.pl/judgments/152289
158121|2015-04-23|SO|II AKa 410/14|Wyrok|https://www.saos.org.pl/judgments/158121
152578|2015-04-23|SO|II AKa 25/15|Uzasadnienie|https://www.saos.org.pl/judgments/152578
263100|2015-04-22|SO|II AKa 94/15|Wyrok|https://www.saos.org.pl/judgments/263100
153639|2015-04-22|SO|IV Ka 141/15|Wyrok|https://www.saos.org.pl/judgments/153639
298724|2015-04-16|SO|IX Ka 630/14|Wyrok|https://www.saos.org.pl/judgments/298724
151477|2015-04-16|SO|II Ka 136/15|Wyrok|https://www.saos.org.pl/judgments/151477
152396|2015-04-15|SO|XVII Ka 67/15|Uzasadnienie|https://www.saos.org.pl/judgments/152396
295197|2015-04-09|SO|IX Ka 66/15|Wyrok|https://www.saos.org.pl/judgments/295197
183039|2015-04-09|SO|II AKa 32/15|Wyrok|https://www.saos.org.pl/judgments/183039
168730|2015-04-02|SN|IV KK 436/14|Wyrok|https://www.saos.org.pl/judgments/168730
150201|2015-04-01|SO|IV Ka 233/15|Wyrok|https://www.saos.org.pl/judgments/150201
148402|2015-04-01|SO|II AKa 41/15|Wyrok|https://www.saos.org.pl/judgments/148402
168760|2015-03-31|SN|IV KK 34/15|Postanowienie|https://www.saos.org.pl/judgments/168760
155411|2015-03-31|SO|XVII Ka 835/14|Wyrok|https://www.saos.org.pl/judgments/155411
152370|2015-03-31|SO|XVII Ka 176/15|Wyrok|https://www.saos.org.pl/judgments/152370
148267|2015-03-31|SO|IV Ka 607/14|Wyrok|https://www.saos.org.pl/judgments/148267
168679|2015-03-26|SN|IV KK 438/14|Wyrok|https://www.saos.org.pl/judgments/168679
183002|2015-03-25|SO|II AKa 244/14|Wyrok|https://www.saos.org.pl/judgments/183002
148886|2015-03-24|SO|VI Ka 978/14|Wyrok|https://www.saos.org.pl/judgments/148886
168654|2015-03-18|SN|V KK 18/15|Postanowienie|https://www.saos.org.pl/judgments/168654
168653|2015-03-18|SN|V KK 13/15|Postanowienie|https://www.saos.org.pl/judgments/168653
168650|2015-03-18|SN|III KK 442/14|Wyrok|https://www.saos.org.pl/judgments/168650
153395|2015-03-13|SO|II AKa 147/14|Wyrok|https://www.saos.org.pl/judgments/153395
135483|2015-03-13|SO|XVII Ka 1442/14|Wyrok|https://www.saos.org.pl/judgments/135483
183061|2015-03-11|SO|II AKa 45/15|Wyrok|https://www.saos.org.pl/judgments/183061
150382|2015-03-11|SO|II AKa 31/15|Wyrok|https://www.saos.org.pl/judgments/150382
134512|2015-03-11|SO|II AKa 10/15|Wyrok|https://www.saos.org.pl/judgments/134512
180315|2015-03-10|SO|XI Ka 1291/14|Wyrok|https://www.saos.org.pl/judgments/180315
130854|2015-03-06|SO|III W 179/14|Uzasadnienie|https://www.saos.org.pl/judgments/130854
168511|2015-03-04|SN|SNO 8/15|Wyrok|https://www.saos.org.pl/judgments/168511
194345|2015-03-03|SO|II AKa 23/15|Wyrok|https://www.saos.org.pl/judgments/194345
133045|2015-02-25|SO|II Ka 8/15|Wyrok|https://www.saos.org.pl/judgments/133045
189132|2015-02-24|SO|XI Ka 1180/14|Wyrok|https://www.saos.org.pl/judgments/189132
168443|2015-02-24|SN|V KK 461/14|Postanowienie|https://www.saos.org.pl/judgments/168443
150383|2015-02-20|SO|II AKa 326/14|Wyrok|https://www.saos.org.pl/judgments/150383
133718|2015-02-20|SO|VI Ka 1084/14|Wyrok|https://www.saos.org.pl/judgments/133718
132837|2015-02-20|SO|II AKa 328/14|Wyrok|https://www.saos.org.pl/judgments/132837
257248|2015-02-19|SO|II AKa 493/14|Wyrok|https://www.saos.org.pl/judgments/257248
133408|2015-02-19|SO|II AKa 6/15|Wyrok|https://www.saos.org.pl/judgments/133408
130538|2015-02-19|SO|II AKa 2/15|Uzasadnienie|https://www.saos.org.pl/judgments/130538
194344|2015-02-18|SO|II AKa 17/15|Wyrok|https://www.saos.org.pl/judgments/194344
132838|2015-02-18|SO|II AKa 487/14|Wyrok|https://www.saos.org.pl/judgments/132838
133737|2015-02-17|SO|VI Ka 996/14|Wyrok|https://www.saos.org.pl/judgments/133737
130167|2015-02-17|SO|II AKa 263/14|Wyrok|https://www.saos.org.pl/judgments/130167
168232|2015-02-13|SN|II KK 276/14|Postanowienie|https://www.saos.org.pl/judgments/168232
133731|2015-02-13|SO|VI Ka 929/14|Wyrok|https://www.saos.org.pl/judgments/133731
131618|2015-02-13|SO|IV Ka 7/15|Wyrok|https://www.saos.org.pl/judgments/131618
130336|2015-02-13|SO|II AKa 291/14|Wyrok|https://www.saos.org.pl/judgments/130336
168272|2015-02-11|SN|II KK 250/14|Wyrok|https://www.saos.org.pl/judgments/168272
130435|2015-02-10|SO|IV Ka 5/15|Wyrok|https://www.saos.org.pl/judgments/130435
168156|2015-02-06|SN|V KK 415/14|Postanowienie|https://www.saos.org.pl/judgments/168156
168150|2015-02-06|SN|V KK 378/14|Postanowienie|https://www.saos.org.pl/judgments/168150
149632|2015-02-06|SO|II Ka 347/14|Wyrok|https://www.saos.org.pl/judgments/149632
130822|2015-02-06|SO|XVII Ka 1494/14|Wyrok|https://www.saos.org.pl/judgments/130822
128190|2015-02-05|SO|IV Ka 1050/14|Wyrok|https://www.saos.org.pl/judgments/128190
131497|2015-02-04|SO|IV Ka 705/14|Wyrok|https://www.saos.org.pl/judgments/131497
129773|2015-02-04|SO|II AKa 469/14|Wyrok|https://www.saos.org.pl/judgments/129773
171783|2015-01-27|SO|XI Ka 1212/14|Wyrok|https://www.saos.org.pl/judgments/171783
153744|2015-01-27|SO|II AKa 415/14|Wyrok|https://www.saos.org.pl/judgments/153744
133727|2015-01-23|SO|VI Ka 871/14|Wyrok|https://www.saos.org.pl/judgments/133727
130836|2015-01-23|SO|II AKa 259/14|Wyrok|https://www.saos.org.pl/judgments/130836
130292|2015-01-23|SO|IV Ka 1090/14|Wyrok|https://www.saos.org.pl/judgments/130292
130291|2015-01-23|SO|IV Ka 1086/14|Wyrok|https://www.saos.org.pl/judgments/130291
174071|2015-01-22|SO|II AKa 452/14|Wyrok|https://www.saos.org.pl/judgments/174071
133839|2015-01-22|SO|II AKa 424/14|Wyrok|https://www.saos.org.pl/judgments/133839
132834|2015-01-22|SO|II AKa 281/14|Wyrok|https://www.saos.org.pl/judgments/132834
171574|2015-01-21|SO|II AKa 419/14|Wyrok|https://www.saos.org.pl/judgments/171574
168015|2015-01-21|SN|V KK 297/14|Postanowienie|https://www.saos.org.pl/judgments/168015
130293|2015-01-21|SO|IV Ka 1099/14|Wyrok|https://www.saos.org.pl/judgments/130293
133319|2015-01-20|SO|II AKa 423/14|Wyrok|https://www.saos.org.pl/judgments/133319
127316|2015-01-20|SO|IV Ka 664/14|Wyrok|https://www.saos.org.pl/judgments/127316
134881|2015-01-16|SO|VI Ka 940/14|Wyrok|https://www.saos.org.pl/judgments/134881
127489|2015-01-16|SO|IV Ka 695/14|Wyrok|https://www.saos.org.pl/judgments/127489
127485|2015-01-16|SO|IV Ka 1074/14|Wyrok|https://www.saos.org.pl/judgments/127485
174857|2015-01-15|SO|IX Ka 576/14|Wyrok|https://www.saos.org.pl/judgments/174857
127490|2015-01-15|SO|IV Ka 835/14|Wyrok|https://www.saos.org.pl/judgments/127490
167899|2015-01-12|SN|III KK 312/14|Wyrok|https://www.saos.org.pl/judgments/167899
167772|2015-01-09|SN|III KK 237/14|Wyrok|https://www.saos.org.pl/judgments/167772
416973|2015-01-08|SO|II AKz 811/14|Postanowienie|https://www.saos.org.pl/judgments/416973
128623|2014-12-29|SO|II AKa 411/14|Wyrok|https://www.saos.org.pl/judgments/128623
127897|2014-12-29|SO|II AKa 396/14|Wyrok|https://www.saos.org.pl/judgments/127897
74287|2014-12-23|SO|II Kzw 292/14|Postanowienie|https://www.saos.org.pl/judgments/74287
130028|2014-12-19|SO|II AKa 398/14|Wyrok|https://www.saos.org.pl/judgments/130028
128141|2014-12-19|SO|II AKa 267/14|Wyrok|https://www.saos.org.pl/judgments/128141
124993|2014-12-19|SO|V Kz 1190/14|Uzasadnienie|https://www.saos.org.pl/judgments/124993
182981|2014-12-18|SO|II AKa 222/14|Wyrok|https://www.saos.org.pl/judgments/182981
128077|2014-12-18|SO|II AKa 420/14|Wyrok|https://www.saos.org.pl/judgments/128077
125523|2014-12-18|SO|VIII Ka 612/14|Wyrok|https://www.saos.org.pl/judgments/125523
74876|2014-12-18|SO|II Ka 389/14|Wyrok|https://www.saos.org.pl/judgments/74876
167729|2014-12-17|SN|II KK 329/14|Postanowienie|https://www.saos.org.pl/judgments/167729
167728|2014-12-17|SN|II KK 328/14|Postanowienie|https://www.saos.org.pl/judgments/167728
128207|2014-12-16|SO|II AKa 349/14|Wyrok|https://www.saos.org.pl/judgments/128207
132474|2014-12-15|SO|II AKa 232/14|Wyrok|https://www.saos.org.pl/judgments/132474
126401|2014-12-12|SO|IX Ka 1403/14|Wyrok|https://www.saos.org.pl/judgments/126401
125530|2014-12-12|SO|VIII Ka 791/14|Wyrok|https://www.saos.org.pl/judgments/125530
125525|2014-12-12|SO|VIII Ka 726/14|Wyrok|https://www.saos.org.pl/judgments/125525
125705|2014-12-10|SO|IV Ka 869/14|Wyrok|https://www.saos.org.pl/judgments/125705
125522|2014-12-05|SO|VIII Ka 248/14|Wyrok|https://www.saos.org.pl/judgments/125522
124910|2014-12-05|SO|II Ka 519/14|Wyrok|https://www.saos.org.pl/judgments/124910
75520|2014-12-05|SO|II AKa 404/14|Wyrok|https://www.saos.org.pl/judgments/75520
75537|2014-12-04|SO|II Ka 408/14|Wyrok|https://www.saos.org.pl/judgments/75537
73437|2014-12-04|SO|II Ka 541/14|Wyrok|https://www.saos.org.pl/judgments/73437
132833|2014-12-03|SO|II AKa 160/14|Wyrok|https://www.saos.org.pl/judgments/132833
129608|2014-12-02|SO|II AKa 315/14|Wyrok|https://www.saos.org.pl/judgments/129608
128617|2014-12-02|SO|II AKa 350/14|Wyrok|https://www.saos.org.pl/judgments/128617
126418|2014-12-02|SO|IX Ka 989/14|Wyrok|https://www.saos.org.pl/judgments/126418
73245|2014-12-02|SO|IV Ka 555/14|Wyrok|https://www.saos.org.pl/judgments/73245
129005|2014-12-01|SO|II AKa 79/14|Wyrok|https://www.saos.org.pl/judgments/129005
75023|2014-11-28|SO|XVII Ka 1098/14|Wyrok|https://www.saos.org.pl/judgments/75023
74060|2014-11-28|SO|IV Ka 960/14|Wyrok|https://www.saos.org.pl/judgments/74060
74026|2014-11-28|SO|IV Ka 784/14|Wyrok|https://www.saos.org.pl/judgments/74026
72707|2014-11-28|SO|IV Ka 510/14|Wyrok|https://www.saos.org.pl/judgments/72707
71113|2014-11-28|SO|IV Ka 591/14|Wyrok|https://www.saos.org.pl/judgments/71113
157885|2014-11-27|SO|II AKa 253/14|Wyrok|https://www.saos.org.pl/judgments/157885
128614|2014-11-26|SO|II AKa 287/14|Wyrok|https://www.saos.org.pl/judgments/128614
74518|2014-11-26|SO|VI Ka 255/14|Wyrok|https://www.saos.org.pl/judgments/74518
73056|2014-11-26|SO|II Ka 261/14|Wyrok|https://www.saos.org.pl/judgments/73056
72428|2014-11-26|SO|II Ka 254/14|Wyrok|https://www.saos.org.pl/judgments/72428
125672|2014-11-25|SO|II AKa 221/14|Wyrok|https://www.saos.org.pl/judgments/125672
125676|2014-11-24|SO|II AKa 361/14|Wyrok|https://www.saos.org.pl/judgments/125676
125526|2014-11-24|SO|VIII Ka 755/14|Wyrok|https://www.saos.org.pl/judgments/125526
127669|2014-11-21|SO|IV Ka 853/14|Wyrok|https://www.saos.org.pl/judgments/127669
71112|2014-11-21|SO|IV Ka 587/14|Wyrok|https://www.saos.org.pl/judgments/71112
167463|2014-11-18|SN|SNO 54/14|Uchwała|https://www.saos.org.pl/judgments/167463
70216|2014-11-13|SO|II Ka 409/14|Wyrok|https://www.saos.org.pl/judgments/70216
72036|2014-11-12|SO|II AKa 195/14|Wyrok|https://www.saos.org.pl/judgments/72036
167206|2014-11-07|SN|II KK 288/14|Postanowienie|https://www.saos.org.pl/judgments/167206
167204|2014-11-07|SN|II KK 255/14|Postanowienie|https://www.saos.org.pl/judgments/167204
70464|2014-11-07|SO|IV Ka 846/14|Wyrok|https://www.saos.org.pl/judgments/70464
70257|2014-11-07|SO|VI Ka 423/14|Wyrok|https://www.saos.org.pl/judgments/70257
167251|2014-11-06|SN|III KK 180/14|Wyrok|https://www.saos.org.pl/judgments/167251
69663|2014-11-04|SO|II AKa 287/14|Wyrok|https://www.saos.org.pl/judgments/69663
70356|2014-10-31|SO|II Ka 346/14|Wyrok|https://www.saos.org.pl/judgments/70356
125049|2014-10-30|SO|II AKa 214/14|Wyrok|https://www.saos.org.pl/judgments/125049
167169|2014-10-29|SN|SDI 28/14|Postanowienie|https://www.saos.org.pl/judgments/167169
126682|2014-10-29|SO|II AKa 103/14|Wyrok|https://www.saos.org.pl/judgments/126682
67348|2014-10-29|SO|XVII Ka 801/14|Wyrok|https://www.saos.org.pl/judgments/67348
70101|2014-10-28|SO|VIII Ka 595/14|Wyrok|https://www.saos.org.pl/judgments/70101
70099|2014-10-28|SO|VIII Ka 553/14|Wyrok|https://www.saos.org.pl/judgments/70099
70184|2014-10-27|SO|II AKa 289/14|Wyrok|https://www.saos.org.pl/judgments/70184
126683|2014-10-24|SO|II AKa 145/14|Wyrok|https://www.saos.org.pl/judgments/126683
167085|2014-10-23|SN|III KK 154/14|Postanowienie|https://www.saos.org.pl/judgments/167085
150353|2014-10-23|SO|II AKa 177/14|Wyrok|https://www.saos.org.pl/judgments/150353
68403|2014-10-23|SO|II AKa 278/14|Wyrok|https://www.saos.org.pl/judgments/68403
167122|2014-10-22|SN|V KK 164/14|Postanowienie|https://www.saos.org.pl/judgments/167122
73274|2014-10-22|SO|II AKa 206/14|Wyrok|https://www.saos.org.pl/judgments/73274
131404|2014-10-21|SO|II AKa 200/14|Wyrok|https://www.saos.org.pl/judgments/131404
75731|2014-10-21|SO|VI Ka 72/14|Wyrok|https://www.saos.org.pl/judgments/75731
75234|2014-10-21|SO|II AKa 22/14|Wyrok|https://www.saos.org.pl/judgments/75234
239731|2014-10-16|SO|IX Ka 418/14|Wyrok|https://www.saos.org.pl/judgments/239731
167010|2014-10-16|SN|II KK 265/14|Postanowienie|https://www.saos.org.pl/judgments/167010
150649|2014-10-16|SO|II AKa 347/14|Wyrok|https://www.saos.org.pl/judgments/150649
69654|2014-10-14|SO|II AKa 111/14|Wyrok|https://www.saos.org.pl/judgments/69654
66425|2014-10-13|SO|II Kp 234/14|Postanowienie|https://www.saos.org.pl/judgments/66425
67522|2014-10-10|SO|IX Ka 1072/14|Wyrok|https://www.saos.org.pl/judgments/67522
156627|2014-10-09|SO|IX Ka 388/14|Wyrok|https://www.saos.org.pl/judgments/156627
67799|2014-10-09|SO|II Ka 382/14|Wyrok|https://www.saos.org.pl/judgments/67799
67012|2014-10-09|SO|VIII Ka 540/14|Wyrok|https://www.saos.org.pl/judgments/67012
67011|2014-10-09|SO|VIII Ka 539/14|Wyrok|https://www.saos.org.pl/judgments/67011
66685|2014-10-09|SO|II AKa 202/14|Wyrok|https://www.saos.org.pl/judgments/66685
166966|2014-10-08|SN|III KK 271/14|Postanowienie|https://www.saos.org.pl/judgments/166966
63256|2014-10-08|SO|II Ka 215/14|Wyrok|https://www.saos.org.pl/judgments/63256
67800|2014-10-07|SO|II Ka 418/14|Wyrok|https://www.saos.org.pl/judgments/67800
67276|2014-10-07|SO|IV Ka 651/14|Wyrok|https://www.saos.org.pl/judgments/67276
67008|2014-10-07|SO|VIII Ka 502/14|Wyrok|https://www.saos.org.pl/judgments/67008
65843|2014-10-07|SO|VI Ka 353/14|Wyrok|https://www.saos.org.pl/judgments/65843
71534|2014-10-06|SO|V Ka 434/14|Wyrok|https://www.saos.org.pl/judgments/71534
68322|2014-10-06|SO|II AKa 225/14|Wyrok|https://www.saos.org.pl/judgments/68322
134531|2014-10-02|SO|IV Ka 557/14|Wyrok|https://www.saos.org.pl/judgments/134531
68400|2014-10-02|SO|II AKa 147/14|Wyrok|https://www.saos.org.pl/judgments/68400
239808|2014-10-01|SO|X Ka 388/14|Wyrok|https://www.saos.org.pl/judgments/239808
66730|2014-09-30|SO|IV Ka 479/14|Wyrok|https://www.saos.org.pl/judgments/66730
64432|2014-09-26|SO|VIII Ka 503/14|Wyrok|https://www.saos.org.pl/judgments/64432
186929|2014-09-25|SO|IX Ka 369/14|Wyrok|https://www.saos.org.pl/judgments/186929
166798|2014-09-24|SN|IV KK 232/14|Postanowienie|https://www.saos.org.pl/judgments/166798
154892|2014-09-24|SO|II AKa 273/14|Wyrok|https://www.saos.org.pl/judgments/154892
68185|2014-09-24|SO|II AKa 95/14|Wyrok|https://www.saos.org.pl/judgments/68185
65390|2014-09-24|SO|IV Ka 711/14|Wyrok|https://www.saos.org.pl/judgments/65390
65230|2014-09-24|SO|IV Ka 585/14|Wyrok|https://www.saos.org.pl/judgments/65230
151571|2014-09-23|SO|XI Ka 539/14|Wyrok|https://www.saos.org.pl/judgments/151571
70697|2014-09-23|SO|II AKa 159/14|Wyrok|https://www.saos.org.pl/judgments/70697
65677|2014-09-23|SO|II Kp 304/14|Postanowienie|https://www.saos.org.pl/judgments/65677
64427|2014-09-22|SO|VIII Ka 453/14|Wyrok|https://www.saos.org.pl/judgments/64427
64739|2014-09-18|SO|II AKa 74/14|Wyrok|https://www.saos.org.pl/judgments/64739
62448|2014-09-18|SO|II Ka 214/14|Wyrok|https://www.saos.org.pl/judgments/62448
174065|2014-09-17|SO|II AKa 210/14|Wyrok|https://www.saos.org.pl/judgments/174065
65494|2014-09-17|SO|IV Ka 474/14|Wyrok|https://www.saos.org.pl/judgments/65494
64473|2014-09-17|SO|II AKa 240/14|Wyrok|https://www.saos.org.pl/judgments/64473
63121|2014-09-16|SO|IV Ka 415/14|Wyrok|https://www.saos.org.pl/judgments/63121
64416|2014-09-15|SO|VIII Ka 382/14|Wyrok|https://www.saos.org.pl/judgments/64416
71525|2014-09-11|SO|V Ka 375/14|Wyrok|https://www.saos.org.pl/judgments/71525
65897|2014-09-11|SO|II AKa 226/14|Wyrok|https://www.saos.org.pl/judgments/65897
66893|2014-09-10|SO|II AKa 215/14|Wyrok|https://www.saos.org.pl/judgments/66893
65901|2014-09-10|SO|II AKa 245/14|Wyrok|https://www.saos.org.pl/judgments/65901
61661|2014-09-10|SO|II AKz 281/14|Postanowienie|https://www.saos.org.pl/judgments/61661
72226|2014-09-09|SO|VI Ka 385/14|Wyrok|https://www.saos.org.pl/judgments/72226
64409|2014-09-08|SO|VIII Ka 338/14|Wyrok|https://www.saos.org.pl/judgments/64409
64404|2014-09-08|SO|VIII Ka 30/14|Wyrok|https://www.saos.org.pl/judgments/64404
131560|2014-09-05|SO|X Ka 598/14|Uzasadnienie|https://www.saos.org.pl/judgments/131560
63185|2014-09-05|SO|II AKa 209/14|Wyrok|https://www.saos.org.pl/judgments/63185
131521|2014-09-04|SO|IX Ka 323/14|Wyrok|https://www.saos.org.pl/judgments/131521
64732|2014-09-04|SO|II AKa 125/14|Wyrok|https://www.saos.org.pl/judgments/64732
60784|2014-09-03|SO|II Ka 247/14|Wyrok|https://www.saos.org.pl/judgments/60784
65496|2014-09-02|SO|IV Ka 530/14|Wyrok|https://www.saos.org.pl/judgments/65496
61104|2014-08-29|SO|VI Ka 304/14|Wyrok|https://www.saos.org.pl/judgments/61104
64399|2014-08-28|SO|VIII Ka 272/14|Wyrok|https://www.saos.org.pl/judgments/64399
166603|2014-08-27|SN|IV KK 179/14|Postanowienie|https://www.saos.org.pl/judgments/166603
65327|2014-08-26|SO|II AKa 157/14|Wyrok|https://www.saos.org.pl/judgments/65327
62904|2014-08-21|SO|IV Ka 616/14|Wyrok|https://www.saos.org.pl/judgments/62904
75692|2014-08-14|SO|IX Ka 264/14|Wyrok|https://www.saos.org.pl/judgments/75692
128380|2014-08-07|SO|II AKa 92/14|Wyrok|https://www.saos.org.pl/judgments/128380
166502|2014-08-06|SN|II KK 211/14|Postanowienie|https://www.saos.org.pl/judgments/166502
258541|2014-08-05|SO|X Ka 531/14|Wyrok|https://www.saos.org.pl/judgments/258541
147910|2014-07-24|SO|II AKa 137/14|Wyrok|https://www.saos.org.pl/judgments/147910
71507|2014-07-24|SO|V Ka 282/14|Wyrok|https://www.saos.org.pl/judgments/71507
64398|2014-07-24|SO|VIII Ka 182/14|Wyrok|https://www.saos.org.pl/judgments/64398
59007|2014-07-24|SO|II AKa 138/14|Wyrok|https://www.saos.org.pl/judgments/59007
63432|2014-07-23|SO|II AKa 136/14|Wyrok|https://www.saos.org.pl/judgments/63432
68947|2014-07-17|SO|IX Ka 727/14|Wyrok|https://www.saos.org.pl/judgments/68947
64911|2014-07-17|SO|II AKa 133/14|Wyrok|https://www.saos.org.pl/judgments/64911
70379|2014-07-16|SO|II AKa 135/14|Wyrok|https://www.saos.org.pl/judgments/70379
62453|2014-07-16|SO|II Ka 391/13|Wyrok|https://www.saos.org.pl/judgments/62453
147968|2014-07-10|SO|II AKa 134/14|Wyrok|https://www.saos.org.pl/judgments/147968
68042|2014-07-10|SO|IV Ka 469/14|Wyrok|https://www.saos.org.pl/judgments/68042
66789|2014-07-10|SO|XI Ka 366/14|Wyrok|https://www.saos.org.pl/judgments/66789
63842|2014-07-10|SO|II AKa 190/14|Wyrok|https://www.saos.org.pl/judgments/63842
57288|2014-07-03|SO|IV Ka 226/14|Wyrok|https://www.saos.org.pl/judgments/57288
147823|2014-07-01|SO|II AKa 161/14|Wyrok|https://www.saos.org.pl/judgments/147823
64015|2014-07-01|SO|II AKa 10/14|Wyrok|https://www.saos.org.pl/judgments/64015
259318|2014-06-27|SO|X Ka 434/14|Wyrok|https://www.saos.org.pl/judgments/259318
166138|2014-06-27|SN|V KK 111/14|Postanowienie|https://www.saos.org.pl/judgments/166138
54753|2014-06-27|SO|II Ka 132/14|Wyrok|https://www.saos.org.pl/judgments/54753
178057|2014-06-26|SO|IX Ka 21/14|Wyrok|https://www.saos.org.pl/judgments/178057
166164|2014-06-26|SN|IV KK 132/14|Postanowienie|https://www.saos.org.pl/judgments/166164
166163|2014-06-26|SN|IV KK 130/14|Postanowienie|https://www.saos.org.pl/judgments/166163
147485|2014-06-26|SO|II AKa 164/14|Wyrok|https://www.saos.org.pl/judgments/147485
67630|2014-06-26|SO|II AKa 120/14|Wyrok|https://www.saos.org.pl/judgments/67630
59110|2014-06-26|SO|II AKa 176/14|Wyrok|https://www.saos.org.pl/judgments/59110
147976|2014-06-24|SO|II AKa 114/14|Wyrok|https://www.saos.org.pl/judgments/147976
51915|2014-06-23|SO|IV Ka 353/14|Wyrok|https://www.saos.org.pl/judgments/51915
53595|2014-06-18|SO|IV Ka 463/14|Wyrok|https://www.saos.org.pl/judgments/53595
174838|2014-06-17|SO|IX Ka 194/14|Wyrok|https://www.saos.org.pl/judgments/174838
57243|2014-06-17|SO|VI Ka 133/14|Wyrok|https://www.saos.org.pl/judgments/57243
51743|2014-06-17|SO|II Ka 166/14|Wyrok|https://www.saos.org.pl/judgments/51743
259585|2014-06-16|SO|X Ka 414/14|Wyrok|https://www.saos.org.pl/judgments/259585
52522|2014-06-16|SO|VIII Ka 305/14|Wyrok|https://www.saos.org.pl/judgments/52522
166013|2014-06-13|SN|SNO 16/14|Uchwała|https://www.saos.org.pl/judgments/166013
166009|2014-06-13|SN|III KK 51/14|Postanowienie|https://www.saos.org.pl/judgments/166009
55826|2014-06-13|SO|IV Ka 181/14|Wyrok|https://www.saos.org.pl/judgments/55826
57512|2014-06-12|SO|II AKa 48/14|Wyrok|https://www.saos.org.pl/judgments/57512
50072|2014-06-11|SO|II Ka 115/14|Wyrok|https://www.saos.org.pl/judgments/50072
55280|2014-06-10|SO|IX Ka 586/14|Wyrok|https://www.saos.org.pl/judgments/55280
54468|2014-06-10|SO|XI W 4005/13|Wyrok|https://www.saos.org.pl/judgments/54468
52534|2014-06-06|SO|VI Ka 156/14|Wyrok|https://www.saos.org.pl/judgments/52534
149398|2014-06-05|SO|IX Ka 174/14|Wyrok|https://www.saos.org.pl/judgments/149398
146715|2014-06-05|SO|II AKa 97/14|Wyrok|https://www.saos.org.pl/judgments/146715
52529|2014-06-05|SO|VIII Ka 85/14|Wyrok|https://www.saos.org.pl/judgments/52529
147147|2014-06-04|SO|II AKa 136/14|Wyrok|https://www.saos.org.pl/judgments/147147
75298|2014-06-03|SO|IX Ka 187/14|Wyrok|https://www.saos.org.pl/judgments/75298
147056|2014-05-29|SO|II AKa 70/14|Wyrok|https://www.saos.org.pl/judgments/147056
47307|2014-05-26|SO|V Kz 312/14|Uzasadnienie|https://www.saos.org.pl/judgments/47307
147730|2014-05-22|SO|II AKa 94/14|Wyrok|https://www.saos.org.pl/judgments/147730
105137|2014-05-22|SN|III KK 124/14|Postanowienie|https://www.saos.org.pl/judgments/105137
146803|2014-05-21|SO|II AKa 121/14|Wyrok|https://www.saos.org.pl/judgments/146803
131090|2014-05-21|SO|X Ka 250/14|Uzasadnienie|https://www.saos.org.pl/judgments/131090
147885|2014-05-20|SO|II AKa 90/14|Wyrok|https://www.saos.org.pl/judgments/147885
50318|2014-05-19|SO|VIII Ka 132/14|Wyrok|https://www.saos.org.pl/judgments/50318
48611|2014-05-16|SO|IV Ka 224/14|Wyrok|https://www.saos.org.pl/judgments/48611
146471|2014-05-14|SO|II AKa 67/14|Wyrok|https://www.saos.org.pl/judgments/146471
64041|2014-05-14|SO|IX Ka 648/13|Wyrok|https://www.saos.org.pl/judgments/64041
58040|2014-05-13|SO|II AKa 67/14|Wyrok|https://www.saos.org.pl/judgments/58040
50080|2014-05-13|SO|IV Ka 254/14|Wyrok|https://www.saos.org.pl/judgments/50080
50743|2014-05-12|SO|IV Ka 235/14|Wyrok|https://www.saos.org.pl/judgments/50743
48588|2014-05-09|SO|VI Ka 1301/13|Wyrok|https://www.saos.org.pl/judgments/48588
273368|2014-05-07|SO|X Ka 250/14|Wyrok|https://www.saos.org.pl/judgments/273368
135101|2014-05-07|SO|X Ka 1048/13|Uzasadnienie|https://www.saos.org.pl/judgments/135101
47728|2014-05-07|SO|III Kp 64/14|Postanowienie|https://www.saos.org.pl/judgments/47728
394624|2014-05-06|SO|V Ka 174/14|Uzasadnienie|https://www.saos.org.pl/judgments/394624
46540|2014-05-06|SO|II Ka 70/14|Wyrok|https://www.saos.org.pl/judgments/46540
59111|2014-05-05|SO|II AKa 254/13|Wyrok|https://www.saos.org.pl/judgments/59111
105026|2014-04-30|SN|I KZP 4/14|Uchwała|https://www.saos.org.pl/judgments/105026
47714|2014-04-30|SO|VI Ka 1199/13|Wyrok|https://www.saos.org.pl/judgments/47714
165772|2014-04-29|SN|II KK 344/13|Postanowienie|https://www.saos.org.pl/judgments/165772
135106|2014-04-29|SO|X Ka 110/14|Uzasadnienie|https://www.saos.org.pl/judgments/135106
56798|2014-04-29|SO|VI Ka 79/14|Wyrok|https://www.saos.org.pl/judgments/56798
190065|2014-04-24|SO|IX Ka 78/14|Wyrok|https://www.saos.org.pl/judgments/190065
146555|2014-04-24|SO|II AKa 91/14|Wyrok|https://www.saos.org.pl/judgments/146555
146554|2014-04-24|SO|II AKa 89/14|Wyrok|https://www.saos.org.pl/judgments/146554
105010|2014-04-24|SN|V KK 35/14|Postanowienie|https://www.saos.org.pl/judgments/105010
69823|2014-04-24|SO|IX Ka 719/13|Wyrok|https://www.saos.org.pl/judgments/69823
50235|2014-04-17|SO|IX Ka 44/14|Wyrok|https://www.saos.org.pl/judgments/50235
165743|2014-04-16|SN|II KK 314/13|Postanowienie|https://www.saos.org.pl/judgments/165743
145941|2014-04-15|SO|II AKa 60/14|Wyrok|https://www.saos.org.pl/judgments/145941
145760|2014-04-14|SO|II AKa 39/14|Wyrok|https://www.saos.org.pl/judgments/145760
49551|2014-04-11|SO|IX Ka 289/14|Wyrok|https://www.saos.org.pl/judgments/49551
145604|2014-04-10|SO|II AKa 82/14|Wyrok|https://www.saos.org.pl/judgments/145604
145469|2014-04-10|SO|II AKa 59/14|Wyrok|https://www.saos.org.pl/judgments/145469
104916|2014-04-10|SN|IV KK 361/13|Wyrok|https://www.saos.org.pl/judgments/104916
43831|2014-04-10|SO|VI Ka 887/13|Wyrok|https://www.saos.org.pl/judgments/43831
43605|2014-04-10|SO|VIII Ka 950/13|Wyrok|https://www.saos.org.pl/judgments/43605
48114|2014-04-08|SO|IV Ka 164/14|Wyrok|https://www.saos.org.pl/judgments/48114
145587|2014-04-07|SO|II AKa 75/14|Wyrok|https://www.saos.org.pl/judgments/145587
145200|2014-04-07|SO|II AKa 46/14|Wyrok|https://www.saos.org.pl/judgments/145200
145764|2014-04-02|SO|II AKa 63/14|Wyrok|https://www.saos.org.pl/judgments/145764
145472|2014-04-02|SO|II AKa 70/14|Wyrok|https://www.saos.org.pl/judgments/145472
42979|2014-04-02|SO|VI Ka 852/13|Wyrok|https://www.saos.org.pl/judgments/42979
147940|2014-04-01|SO|II AKa 432/13|Wyrok|https://www.saos.org.pl/judgments/147940
43603|2014-04-01|SO|VIII Ka 15/14|Wyrok|https://www.saos.org.pl/judgments/43603
49538|2014-03-31|SO|IX Ka 168/14|Wyrok|https://www.saos.org.pl/judgments/49538
145165|2014-03-28|SO|II AKa 57/14|Wyrok|https://www.saos.org.pl/judgments/145165
133554|2014-03-27|SO|X Ka 619/13|Uzasadnienie|https://www.saos.org.pl/judgments/133554
49704|2014-03-27|SO|VI Ka 61/14|Wyrok|https://www.saos.org.pl/judgments/49704
44209|2014-03-27|SO|II Ka 696/13|Wyrok|https://www.saos.org.pl/judgments/44209
43577|2014-03-27|SO|VI Ka 53/14|Wyrok|https://www.saos.org.pl/judgments/43577
41924|2014-03-27|SO|VIII Ka 984/13|Wyrok|https://www.saos.org.pl/judgments/41924
43830|2014-03-26|SO|VI Ka 774/13|Wyrok|https://www.saos.org.pl/judgments/43830
49223|2014-03-25|SO|XI Ka 1176/13|Wyrok|https://www.saos.org.pl/judgments/49223
47766|2014-03-25|SO|VI Ka 78/14|Wyrok|https://www.saos.org.pl/judgments/47766
144704|2014-03-21|SO|II AKz 60/14|Postanowienie|https://www.saos.org.pl/judgments/144704
42148|2014-03-21|SO|II Ka 372/13|Wyrok|https://www.saos.org.pl/judgments/42148
145819|2014-03-20|SO|II AKa 35/14|Wyrok|https://www.saos.org.pl/judgments/145819
145154|2014-03-20|SO|II AKa 56/14|Wyrok|https://www.saos.org.pl/judgments/145154
41033|2014-03-19|SO|II Ka 45/14|Wyrok|https://www.saos.org.pl/judgments/41033
436959|2014-03-18|SO|II AKa 384/13|Wyrok|https://www.saos.org.pl/judgments/436959
147855|2014-03-18|SO|II AKa 150/13|Wyrok|https://www.saos.org.pl/judgments/147855
104762|2014-03-18|SN|IV KK 421/13|Postanowienie|https://www.saos.org.pl/judgments/104762
104740|2014-03-18|SN|III KK 402/13|Postanowienie|https://www.saos.org.pl/judgments/104740
145107|2014-03-13|SO|II AKa 42/14|Wyrok|https://www.saos.org.pl/judgments/145107
104700|2014-03-13|SN|WA 5/14|Wyrok|https://www.saos.org.pl/judgments/104700
145222|2014-03-12|SO|II AKa 36/14|Wyrok|https://www.saos.org.pl/judgments/145222
104660|2014-03-12|SN|II KK 28/14|Postanowienie|https://www.saos.org.pl/judgments/104660
40958|2014-03-12|SO|IV Ka 1129/13|Wyrok|https://www.saos.org.pl/judgments/40958
145526|2014-03-11|SO|II AKa 5/14|Wyrok|https://www.saos.org.pl/judgments/145526
144987|2014-03-11|SO|II AKa 19/14|Wyrok|https://www.saos.org.pl/judgments/144987
144655|2014-03-06|SO|II AKa 6/14|Wyrok|https://www.saos.org.pl/judgments/144655
144596|2014-03-06|SO|II AKa 502/13|Wyrok|https://www.saos.org.pl/judgments/144596
38469|2014-03-06|SO|III Kp 157/14|Postanowienie|https://www.saos.org.pl/judgments/38469
66101|2014-02-27|SO|IX Ka 579/13|Wyrok|https://www.saos.org.pl/judgments/66101
48307|2014-02-27|SO|IV Ka 69/14|Wyrok|https://www.saos.org.pl/judgments/48307
42043|2014-02-27|SO|IX Ka 99/14|Wyrok|https://www.saos.org.pl/judgments/42043
36589|2014-02-27|SO|VII Ka 1106/13|Uzasadnienie|https://www.saos.org.pl/judgments/36589
104585|2014-02-25|SN|IV KK 388/13|Postanowienie|https://www.saos.org.pl/judgments/104585
36522|2014-02-24|SO|V Ka 1576/13|Uzasadnienie|https://www.saos.org.pl/judgments/36522
145050|2014-02-21|SO|II AKa 3/14|Wyrok|https://www.saos.org.pl/judgments/145050
104531|2014-02-20|SN|V KK 355/13|Postanowienie|https://www.saos.org.pl/judgments/104531
144447|2014-02-19|SO|II AKa 15/14|Wyrok|https://www.saos.org.pl/judgments/144447
104511|2014-02-18|SN|IV KK 23/14|Postanowienie|https://www.saos.org.pl/judgments/104511
104481|2014-02-18|SN|II KK 12/14|Postanowienie|https://www.saos.org.pl/judgments/104481
45545|2014-02-18|SO|VIII Ka 731/13|Wyrok|https://www.saos.org.pl/judgments/45545
37345|2014-02-18|SO|VI Ka 1221/13|Wyrok|https://www.saos.org.pl/judgments/37345
298141|2014-02-14|SO|II Ca 907/13|Wyrok|https://www.saos.org.pl/judgments/298141
38110|2014-02-13|SO|VI Ka 492/13|Wyrok|https://www.saos.org.pl/judgments/38110
35829|2014-02-06|SO|VIII Ka 790/13|Wyrok|https://www.saos.org.pl/judgments/35829
144473|2014-02-05|SO|II AKa 11/14|Wyrok|https://www.saos.org.pl/judgments/144473
37423|2014-02-05|SO|IV Ka 1307/13|Wyrok|https://www.saos.org.pl/judgments/37423
144485|2014-02-04|SO|II AKa 277/13|Wyrok|https://www.saos.org.pl/judgments/144485
145939|2014-01-30|SO|II AKa 129/13|Wyrok|https://www.saos.org.pl/judgments/145939
71444|2014-01-30|SO|II AKa 278/13|Wyrok|https://www.saos.org.pl/judgments/71444
58924|2014-01-29|SO|II AKa 88/13|Wyrok|https://www.saos.org.pl/judgments/58924
104307|2014-01-27|SN|WA 29/13|Wyrok|https://www.saos.org.pl/judgments/104307
104269|2014-01-27|SN|III KK 480/13|Postanowienie|https://www.saos.org.pl/judgments/104269
104266|2014-01-27|SN|III KK 422/13|Postanowienie|https://www.saos.org.pl/judgments/104266
36798|2014-01-27|SO|II Ka 637/13|Wyrok|https://www.saos.org.pl/judgments/36798
143577|2014-01-23|SO|II AKa 504/13|Wyrok|https://www.saos.org.pl/judgments/143577
35559|2014-01-23|SO|IV Ka 1293/12|Wyrok|https://www.saos.org.pl/judgments/35559
143173|2014-01-16|SO|II AKa 260/13|Wyrok|https://www.saos.org.pl/judgments/143173
143140|2014-01-16|SO|II AKa 195/13|Wyrok|https://www.saos.org.pl/judgments/143140
147860|2014-01-15|SO|II AKa 202/13|Wyrok|https://www.saos.org.pl/judgments/147860
36237|2014-01-10|SO|VI Ka 940/13|Wyrok|https://www.saos.org.pl/judgments/36237
104067|2014-01-09|SN|WK 16/13|Postanowienie|https://www.saos.org.pl/judgments/104067
104056|2014-01-09|SN|V KK 315/13|Postanowienie|https://www.saos.org.pl/judgments/104056
35339|2014-01-09|SO|II Ka 579/13|Wyrok|https://www.saos.org.pl/judgments/35339
143549|2013-12-30|SO|II AKa 367/13|Wyrok|https://www.saos.org.pl/judgments/143549
142784|2013-12-30|SO|II AKa 379/13|Wyrok|https://www.saos.org.pl/judgments/142784
142830|2013-12-20|SO|II AKa 402/13|Wyrok|https://www.saos.org.pl/judgments/142830
31407|2013-12-20|SO|IV Ka 622/13|Wyrok|https://www.saos.org.pl/judgments/31407
35193|2013-12-19|SO|II Ka 139/13|Wyrok|https://www.saos.org.pl/judgments/35193
32140|2013-12-19|SO|IV Ka 1008/13|Wyrok|https://www.saos.org.pl/judgments/32140
31230|2013-12-19|SO|IV Ka 1232/13|Wyrok|https://www.saos.org.pl/judgments/31230
31139|2013-12-19|SO|IX Ka 581/13|Wyrok|https://www.saos.org.pl/judgments/31139
103960|2013-12-18|SN|II KK 352/13|Postanowienie|https://www.saos.org.pl/judgments/103960
31838|2013-12-18|SO|IV Ka 834/13|Wyrok|https://www.saos.org.pl/judgments/31838
143798|2013-12-17|SO|II AKa 361/13|Wyrok|https://www.saos.org.pl/judgments/143798
142857|2013-12-17|SO|II AKa 197/13|Wyrok|https://www.saos.org.pl/judgments/142857
142617|2013-12-17|SO|II AKa 389/13|Wyrok|https://www.saos.org.pl/judgments/142617
142602|2013-12-17|SO|II AKa 359/13|Wyrok|https://www.saos.org.pl/judgments/142602
103868|2013-12-13|SN|III KK 414/13|Postanowienie|https://www.saos.org.pl/judgments/103868
147868|2013-12-12|SO|II AKa 250/13|Wyrok|https://www.saos.org.pl/judgments/147868
142454|2013-12-12|SO|II AKa 106/13|Wyrok|https://www.saos.org.pl/judgments/142454
147865|2013-12-11|SO|II AKa 217/13|Wyrok|https://www.saos.org.pl/judgments/147865
144593|2013-12-11|SO|II AKa 212/13|Wyrok|https://www.saos.org.pl/judgments/144593
142577|2013-12-11|SO|II AKa 390/13|Wyrok|https://www.saos.org.pl/judgments/142577
38120|2013-12-11|SO|VII Ka 1067/13|Wyrok|https://www.saos.org.pl/judgments/38120
36997|2013-12-10|SO|IX Ka 1095/13|Wyrok|https://www.saos.org.pl/judgments/36997
33413|2013-12-10|SO|XI Ka 969/13|Wyrok|https://www.saos.org.pl/judgments/33413
34575|2013-12-09|SO|IV Ka 1123/13|Wyrok|https://www.saos.org.pl/judgments/34575
142651|2013-12-05|SO|II AKa 390/13|Wyrok|https://www.saos.org.pl/judgments/142651
142130|2013-12-05|SO|II AKa 205/13|Wyrok|https://www.saos.org.pl/judgments/142130
35017|2013-12-05|SO|II Ka 453/13|Wyrok|https://www.saos.org.pl/judgments/35017
103775|2013-12-03|SN|IV KK 265/13|Wyrok|https://www.saos.org.pl/judgments/103775
142101|2013-12-02|SO|II AKa 347/13|Wyrok|https://www.saos.org.pl/judgments/142101
141656|2013-11-29|SO|II AKa 377/13|Wyrok|https://www.saos.org.pl/judgments/141656
142810|2013-11-28|SO|II AKa 213/13|Wyrok|https://www.saos.org.pl/judgments/142810
142988|2013-11-27|SO|II AKa 291/13|Wyrok|https://www.saos.org.pl/judgments/142988
142781|2013-11-27|SO|II AKa 386/13|Wyrok|https://www.saos.org.pl/judgments/142781
103700|2013-11-26|SN|V KK 184/13|Wyrok|https://www.saos.org.pl/judgments/103700
103647|2013-11-26|SN|III KK 245/13|Wyrok|https://www.saos.org.pl/judgments/103647
33448|2013-11-26|SO|II Ka 343/13|Wyrok|https://www.saos.org.pl/judgments/33448
30058|2013-11-26|SO|VIII Ka 831/13|Wyrok|https://www.saos.org.pl/judgments/30058
143424|2013-11-25|SO|II AKa 143/13|Wyrok|https://www.saos.org.pl/judgments/143424
147863|2013-11-21|SO|II AKa 213/13|Wyrok|https://www.saos.org.pl/judgments/147863
147861|2013-11-21|SO|II AKa 209/13|Wyrok|https://www.saos.org.pl/judgments/147861
28857|2013-11-21|SO|II Ka 285/13|Wyrok|https://www.saos.org.pl/judgments/28857
26915|2013-11-21|SO|II Ka 474/13|Wyrok|https://www.saos.org.pl/judgments/26915
147857|2013-11-20|SO|II AKa 185/13|Wyrok|https://www.saos.org.pl/judgments/147857
142054|2013-11-20|SO|II AKa 372/13|Wyrok|https://www.saos.org.pl/judgments/142054
34580|2013-11-20|SO|IV Ka 838/12|Wyrok|https://www.saos.org.pl/judgments/34580
142053|2013-11-18|SO|II AKa 370/13|Wyrok|https://www.saos.org.pl/judgments/142053
103544|2013-11-15|SN|III KK 227/13|Wyrok|https://www.saos.org.pl/judgments/103544
27553|2013-11-15|SO|IV Ka 493/13|Wyrok|https://www.saos.org.pl/judgments/27553
26793|2013-11-15|SO|IV Ka 734/13|Wyrok|https://www.saos.org.pl/judgments/26793
142639|2013-11-14|SO|II AKa 109/13|Wyrok|https://www.saos.org.pl/judgments/142639
142259|2013-11-13|SO|II AKa 199/13|Wyrok|https://www.saos.org.pl/judgments/142259
103568|2013-11-13|SN|IV KK 362/13|Postanowienie|https://www.saos.org.pl/judgments/103568
103440|2013-11-08|SN|III KK 302/13|Postanowienie|https://www.saos.org.pl/judgments/103440
31403|2013-11-08|SO|IV Ka 563/13|Wyrok|https://www.saos.org.pl/judgments/31403
103460|2013-11-07|SN|SNO 29/13|Wyrok|https://www.saos.org.pl/judgments/103460
35194|2013-11-07|SO|II Ka 498/13|Wyrok|https://www.saos.org.pl/judgments/35194
28046|2013-11-07|SO|VIII Ka 388/13|Wyrok|https://www.saos.org.pl/judgments/28046
141618|2013-11-05|SO|II AKa 273/13|Wyrok|https://www.saos.org.pl/judgments/141618
103432|2013-11-05|SN|III KK 194/13|Postanowienie|https://www.saos.org.pl/judgments/103432
68763|2013-11-05|SO|IX Ka 488/13|Wyrok|https://www.saos.org.pl/judgments/68763
103312|2013-10-30|SN|II KK 139/13|Postanowienie|https://www.saos.org.pl/judgments/103312
29876|2013-10-30|SO|III Kp 932/13|Postanowienie|https://www.saos.org.pl/judgments/29876
25366|2013-10-29|SO|II Kz 174/13|Postanowienie|https://www.saos.org.pl/judgments/25366
142166|2013-10-25|SO|II AKa 70/13|Uzasadnienie|https://www.saos.org.pl/judgments/142166
35293|2013-10-25|SO|VI Ka 500/13|Wyrok|https://www.saos.org.pl/judgments/35293
25188|2013-10-25|SO|II Ka 171/13|Wyrok|https://www.saos.org.pl/judgments/25188
141801|2013-10-23|SO|II AKa 325/13|Wyrok|https://www.saos.org.pl/judgments/141801
141685|2013-10-22|SO|II AKa 211/13|Wyrok|https://www.saos.org.pl/judgments/141685
30222|2013-10-22|SO|XI Ka 821/13|Wyrok|https://www.saos.org.pl/judgments/30222
141622|2013-10-18|SO|II AKa 295/13|Wyrok|https://www.saos.org.pl/judgments/141622
31744|2013-10-18|SO|IV Ka 528/13|Wyrok|https://www.saos.org.pl/judgments/31744
31739|2013-10-18|SO|IV Ka 477/13|Wyrok|https://www.saos.org.pl/judgments/31739
426788|2013-10-16|SO|II AKz 619/13|Postanowienie|https://www.saos.org.pl/judgments/426788
141249|2013-10-16|SO|II AKa 192/13|Wyrok|https://www.saos.org.pl/judgments/141249
42808|2013-10-15|SO|VI Ka 473/13|Wyrok|https://www.saos.org.pl/judgments/42808
25196|2013-10-15|SO|VII Ka 1199/12|Wyrok|https://www.saos.org.pl/judgments/25196
141234|2013-10-11|SO|II AKa 152/13|Wyrok|https://www.saos.org.pl/judgments/141234
140838|2013-10-11|SO|II AKa 308/13|Wyrok|https://www.saos.org.pl/judgments/140838
24507|2013-10-11|SO|IV Ka 432/13|Wyrok|https://www.saos.org.pl/judgments/24507
492294|2013-10-09|SO|II AKz 588/13|Postanowienie|https://www.saos.org.pl/judgments/492294
142124|2013-10-09|SO|II AKa 120/13|Wyrok|https://www.saos.org.pl/judgments/142124
24545|2013-10-09|SO|IV Ka 596/13|Wyrok|https://www.saos.org.pl/judgments/24545
32162|2013-10-08|SO|IX Ka 468/13|Wyrok|https://www.saos.org.pl/judgments/32162
103020|2013-10-03|SN|II KK 117/13|Wyrok|https://www.saos.org.pl/judgments/103020
30320|2013-10-03|SO|II Ka 156/13|Wyrok|https://www.saos.org.pl/judgments/30320
31490|2013-10-01|SO|VI Ka 440/13|Wyrok|https://www.saos.org.pl/judgments/31490
141403|2013-09-30|SO|II AKa 230/13|Wyrok|https://www.saos.org.pl/judgments/141403
141235|2013-09-30|SO|II AKa 95/13|Wyrok|https://www.saos.org.pl/judgments/141235
23292|2013-09-30|SO|II Ka 372/13|Wyrok|https://www.saos.org.pl/judgments/23292
103003|2013-09-27|SN|IV KK 273/13|Postanowienie|https://www.saos.org.pl/judgments/103003
102992|2013-09-27|SN|IV KK 181/13|Postanowienie|https://www.saos.org.pl/judgments/102992
102966|2013-09-27|SN|II KK 245/13|Postanowienie|https://www.saos.org.pl/judgments/102966
102959|2013-09-27|SN|II KK 226/13|Postanowienie|https://www.saos.org.pl/judgments/102959
141879|2013-09-26|SO|II AKa 189/13|Wyrok|https://www.saos.org.pl/judgments/141879
36332|2013-09-26|SO|IX Ka 651/12|Wyrok|https://www.saos.org.pl/judgments/36332
21394|2013-09-25|SO|VIII Ka 595/13|Wyrok|https://www.saos.org.pl/judgments/21394
142738|2013-09-24|SO|II AKa 162/13|Wyrok|https://www.saos.org.pl/judgments/142738
23964|2013-09-23|SO|VIII Ka 531/13|Wyrok|https://www.saos.org.pl/judgments/23964
22507|2013-09-20|SO|VIII Ka 553/13|Wyrok|https://www.saos.org.pl/judgments/22507
142167|2013-09-19|SO|II AKa 72/13|Uzasadnienie|https://www.saos.org.pl/judgments/142167
28370|2013-09-19|SO|VIII Ka 422/13|Wyrok|https://www.saos.org.pl/judgments/28370
25468|2013-09-17|SO|XI Ka 707/13|Wyrok|https://www.saos.org.pl/judgments/25468
102837|2013-09-13|SN|III KK 139/13|Postanowienie|https://www.saos.org.pl/judgments/102837
140733|2013-09-12|SO|II AKa 141/13|Wyrok|https://www.saos.org.pl/judgments/140733
33592|2013-09-12|SO|VII Ka 684/13|Wyrok|https://www.saos.org.pl/judgments/33592
21367|2013-09-12|SO|VI Ka 278/13|Wyrok|https://www.saos.org.pl/judgments/21367
21349|2013-09-12|SO|IX Ka 582/13|Wyrok|https://www.saos.org.pl/judgments/21349
140083|2013-09-11|SO|II AKz 287/13|Postanowienie|https://www.saos.org.pl/judgments/140083
21553|2013-09-05|SO|II Ka 322/13|Wyrok|https://www.saos.org.pl/judgments/21553
20799|2013-09-05|SO|VIII Ka 593/13|Wyrok|https://www.saos.org.pl/judgments/20799
20363|2013-09-05|SO|II Ka 218/13|Wyrok|https://www.saos.org.pl/judgments/20363
102786|2013-09-04|SN|III KO 115/12|Postanowienie|https://www.saos.org.pl/judgments/102786
25634|2013-09-04|SO|IV Ka 644/13|Wyrok|https://www.saos.org.pl/judgments/25634
383300|2013-08-29|SO|II AKa 92/13|Wyrok|https://www.saos.org.pl/judgments/383300
140157|2013-08-29|SO|II AKa 146/13|Wyrok|https://www.saos.org.pl/judgments/140157
20705|2013-08-29|SO|II Ka 344/13|Wyrok|https://www.saos.org.pl/judgments/20705
102755|2013-08-28|SN|WA 11/13|Wyrok|https://www.saos.org.pl/judgments/102755
23434|2013-08-28|SO|II Ka 364/13|Wyrok|https://www.saos.org.pl/judgments/23434
20303|2013-08-23|SO|II Ka 371/13|Wyrok|https://www.saos.org.pl/judgments/20303
19237|2013-08-23|SO|IV Ka 650/13|Wyrok|https://www.saos.org.pl/judgments/19237
142263|2013-08-22|SO|II AKa 67/13|Wyrok|https://www.saos.org.pl/judgments/142263
102661|2013-08-22|SN|II KK 193/13|Postanowienie|https://www.saos.org.pl/judgments/102661
102660|2013-08-22|SN|II KK 191/13|Postanowienie|https://www.saos.org.pl/judgments/102660
102658|2013-08-22|SN|II KK 187/13|Postanowienie|https://www.saos.org.pl/judgments/102658
20173|2013-08-22|SO|II Ka 161/13|Wyrok|https://www.saos.org.pl/judgments/20173
19751|2013-08-22|SO|IV Ka 517/13|Wyrok|https://www.saos.org.pl/judgments/19751
140299|2013-08-21|SO|II AKa 233/13|Wyrok|https://www.saos.org.pl/judgments/140299
20875|2013-08-21|SO|II Ka 358/13|Wyrok|https://www.saos.org.pl/judgments/20875
19067|2013-08-20|SO|VIII Ka 435/13|Wyrok|https://www.saos.org.pl/judgments/19067
31295|2013-08-13|SO|V Ka 485/13|Wyrok|https://www.saos.org.pl/judgments/31295
24263|2013-08-06|SO|XI Ka 521/13|Wyrok|https://www.saos.org.pl/judgments/24263
66580|2013-08-02|SO|X Ka 167/13|Uzasadnienie|https://www.saos.org.pl/judgments/66580
40986|2013-07-30|SO|VI Ka 318/13|Wyrok|https://www.saos.org.pl/judgments/40986
139934|2013-07-25|SO|II AKa 98/13|Wyrok|https://www.saos.org.pl/judgments/139934
139756|2013-07-25|SO|II AKa 127/13|Wyrok|https://www.saos.org.pl/judgments/139756
72580|2013-07-25|SO|X Kz 1812/13|Postanowienie|https://www.saos.org.pl/judgments/72580
18822|2013-07-25|SO|II Ka 241/13|Wyrok|https://www.saos.org.pl/judgments/18822
22548|2013-07-19|SO|III Kp 1031/13|Postanowienie|https://www.saos.org.pl/judgments/22548
142640|2013-07-18|SO|II AKa 221/13|Wyrok|https://www.saos.org.pl/judgments/142640
102480|2013-07-18|SN|III KK 92/13|Wyrok|https://www.saos.org.pl/judgments/102480
21018|2013-07-18|SO|XI Ka 342/13|Wyrok|https://www.saos.org.pl/judgments/21018
142171|2013-07-17|SO|II AKa 109/13|Wyrok|https://www.saos.org.pl/judgments/142171
18256|2013-07-17|SO|II Ka 277/13|Wyrok|https://www.saos.org.pl/judgments/18256
102475|2013-07-16|SN|III KK 207/13|Postanowienie|https://www.saos.org.pl/judgments/102475
31104|2013-07-16|SO|IV Ka 361/13|Wyrok|https://www.saos.org.pl/judgments/31104
18216|2013-07-16|SO|VIII Ka 350/13|Wyrok|https://www.saos.org.pl/judgments/18216
23036|2013-07-15|SO|VI Ka 28/13|Wyrok|https://www.saos.org.pl/judgments/23036
17166|2013-07-15|SO|VIII Ka 427/13|Wyrok|https://www.saos.org.pl/judgments/17166
31384|2013-07-12|SO|IV Ka 239/13|Wyrok|https://www.saos.org.pl/judgments/31384
21121|2013-07-12|SO|VI Ka 162/13|Wyrok|https://www.saos.org.pl/judgments/21121
412198|2013-07-10|SO|II AKa 189/13|Wyrok|https://www.saos.org.pl/judgments/412198
139864|2013-07-10|SO|II AKa 189/13|Wyrok|https://www.saos.org.pl/judgments/139864
273343|2013-07-09|SO|X Ka 167/13|Wyrok|https://www.saos.org.pl/judgments/273343
21641|2013-07-09|SO|VI Ka 27/13|Wyrok|https://www.saos.org.pl/judgments/21641
35018|2013-07-08|SO|II Ka 481/13|Wyrok|https://www.saos.org.pl/judgments/35018
139596|2013-07-04|SO|II AKa 200/13|Wyrok|https://www.saos.org.pl/judgments/139596
102341|2013-07-04|SN|III KK 371/12|Postanowienie|https://www.saos.org.pl/judgments/102341
139662|2013-07-03|SO|II AKa 106/13|Wyrok|https://www.saos.org.pl/judgments/139662
140483|2013-06-28|SO|II AKa 97/13|Wyrok|https://www.saos.org.pl/judgments/140483
139806|2013-06-28|SO|II AKz 194/13|Postanowienie|https://www.saos.org.pl/judgments/139806
140521|2013-06-27|SO|II AKa 184/13|Wyrok|https://www.saos.org.pl/judgments/140521
139791|2013-06-27|SO|II AKa 92/13|Wyrok|https://www.saos.org.pl/judgments/139791
17047|2013-06-27|SO|VIII Ka 401/13|Wyrok|https://www.saos.org.pl/judgments/17047
18301|2013-06-21|SO|VI Ka 228/13|Wyrok|https://www.saos.org.pl/judgments/18301
139673|2013-06-20|SO|II AKa 184/13|Wyrok|https://www.saos.org.pl/judgments/139673
139404|2013-06-19|SO|II AKa 182/13|Wyrok|https://www.saos.org.pl/judgments/139404
141228|2013-06-17|SO|II AKa 216/12|Wyrok|https://www.saos.org.pl/judgments/141228
18217|2013-06-17|SO|VIII Ka 356/13|Wyrok|https://www.saos.org.pl/judgments/18217
139590|2013-06-14|SO|II AKa 155/13|Wyrok|https://www.saos.org.pl/judgments/139590
146296|2013-06-13|SO|II AKa 68/12|Wyrok|https://www.saos.org.pl/judgments/146296
14543|2013-06-13|SO|VIII Ka 146/13|Wyrok|https://www.saos.org.pl/judgments/14543
139744|2013-06-06|SO|II AKa 77/13|Wyrok|https://www.saos.org.pl/judgments/139744
139236|2013-06-05|SO|II AKa 134/13|Wyrok|https://www.saos.org.pl/judgments/139236
142999|2013-06-04|SO|II AKa 97/12|Wyrok|https://www.saos.org.pl/judgments/142999
64797|2013-05-29|SO|X Ka 170/13|Uzasadnienie|https://www.saos.org.pl/judgments/64797
16652|2013-05-28|SO|IV Ka 252/13|Wyrok|https://www.saos.org.pl/judgments/16652
16651|2013-05-28|SO|IV Ka 219/13|Wyrok|https://www.saos.org.pl/judgments/16651
101964|2013-05-27|SN|WA 9/13|Wyrok|https://www.saos.org.pl/judgments/101964
12508|2013-05-27|SO|VIII Ka 43/13|Wyrok|https://www.saos.org.pl/judgments/12508
139182|2013-05-24|SO|II AKa 141/13|Wyrok|https://www.saos.org.pl/judgments/139182
139926|2013-05-23|SO|II AKa 63/13|Wyrok|https://www.saos.org.pl/judgments/139926
139380|2013-05-22|SO|II AKa 133/13|Wyrok|https://www.saos.org.pl/judgments/139380
139519|2013-05-17|SO|II AKa 97/13|Wyrok|https://www.saos.org.pl/judgments/139519
139832|2013-05-16|SO|II AKa 75/13|Wyrok|https://www.saos.org.pl/judgments/139832
139103|2013-05-16|SO|II AKa 298/12|Wyrok|https://www.saos.org.pl/judgments/139103
24497|2013-05-16|SO|IV Ka 179/13|Wyrok|https://www.saos.org.pl/judgments/24497
273344|2013-05-15|SO|X Ka 170/13|Wyrok|https://www.saos.org.pl/judgments/273344
145765|2013-05-14|SO|II AKa 7/13|Wyrok|https://www.saos.org.pl/judgments/145765
12162|2013-05-13|SO|VIII Ka 248/13|Wyrok|https://www.saos.org.pl/judgments/12162
101679|2013-05-07|SN|III KK 388/12|Wyrok|https://www.saos.org.pl/judgments/101679
138532|2013-04-30|SO|II AKa 26/13|Wyrok|https://www.saos.org.pl/judgments/138532
141339|2013-04-29|SO|II AKa 46/13|Wyrok|https://www.saos.org.pl/judgments/141339
273408|2013-04-26|SO|X Ka 95/13|Wyrok|https://www.saos.org.pl/judgments/273408
66583|2013-04-26|SO|X Ka 95/13|Uzasadnienie|https://www.saos.org.pl/judgments/66583
16760|2013-04-26|SO|IV Ka 156/13|Wyrok|https://www.saos.org.pl/judgments/16760
138939|2013-04-25|SO|II AKa 110/13|Wyrok|https://www.saos.org.pl/judgments/138939
133789|2013-04-25|SO|X Ka 213/13|Uzasadnienie|https://www.saos.org.pl/judgments/133789
139569|2013-04-24|SO|II AKa 89/13|Wyrok|https://www.saos.org.pl/judgments/139569
138960|2013-04-24|SO|II AKa 56/13|Wyrok|https://www.saos.org.pl/judgments/138960
138938|2013-04-24|SO|II AKa 108/13|Wyrok|https://www.saos.org.pl/judgments/138938
138782|2013-04-24|SO|II AKz 105/13|Postanowienie|https://www.saos.org.pl/judgments/138782
138778|2013-04-24|SO|II AKa 517/12|Wyrok|https://www.saos.org.pl/judgments/138778
11457|2013-04-23|SO|IV Ka 1347/12|Wyrok|https://www.saos.org.pl/judgments/11457
138971|2013-04-22|SO|II AKa 113/13|Wyrok|https://www.saos.org.pl/judgments/138971
101465|2013-04-19|SN|II KK 100/13|Postanowienie|https://www.saos.org.pl/judgments/101465
382949|2013-04-18|SO|II AKa 9/13|Wyrok|https://www.saos.org.pl/judgments/382949
138951|2013-04-18|SO|II AKa 96/13|Wyrok|https://www.saos.org.pl/judgments/138951
67176|2013-04-18|SO|X Ka 183/13|Uzasadnienie|https://www.saos.org.pl/judgments/67176
138942|2013-04-17|SO|II AKa 16/13|Wyrok|https://www.saos.org.pl/judgments/138942
138364|2013-04-17|SO|II AKa 29/13|Wyrok|https://www.saos.org.pl/judgments/138364
66577|2013-04-16|SO|X Ka 138/13|Uzasadnienie|https://www.saos.org.pl/judgments/66577
17889|2013-04-16|SO|VIII Ka 223/13|Wyrok|https://www.saos.org.pl/judgments/17889
101343|2013-04-11|SN|II KK 240/12|Wyrok|https://www.saos.org.pl/judgments/101343
10380|2013-04-09|SO|II Ka 56/13|Wyrok|https://www.saos.org.pl/judgments/10380
101308|2013-04-04|SN|IV KK 343/12|Wyrok|https://www.saos.org.pl/judgments/101308
273356|2013-04-03|SO|X Ka 213/13|Wyrok|https://www.saos.org.pl/judgments/273356
138199|2013-04-03|SO|II AKa 85/13|Wyrok|https://www.saos.org.pl/judgments/138199
138087|2013-04-03|SO|II AKa 37/13|Wyrok|https://www.saos.org.pl/judgments/138087
138290|2013-03-28|SO|II AKa 29/13|Wyrok|https://www.saos.org.pl/judgments/138290
133769|2013-03-28|SO|X Ka 158/13|Uzasadnienie|https://www.saos.org.pl/judgments/133769
526184|2013-03-27|SO|II AKa 353/12|Wyrok|https://www.saos.org.pl/judgments/526184
101221|2013-03-27|SN|III KK 308/12|Wyrok|https://www.saos.org.pl/judgments/101221
101205|2013-03-27|SN|II KK 42/13|Postanowienie|https://www.saos.org.pl/judgments/101205
137786|2013-03-26|SO|II AKa 49/13|Wyrok|https://www.saos.org.pl/judgments/137786
72581|2013-03-26|SO|X Kz 222/13|Postanowienie|https://www.saos.org.pl/judgments/72581
273348|2013-03-22|SO|X Ka 183/13|Wyrok|https://www.saos.org.pl/judgments/273348
273331|2013-03-20|SO|X Ka 138/13|Wyrok|https://www.saos.org.pl/judgments/273331
138095|2013-03-20|SO|II AKa 45/13|Wyrok|https://www.saos.org.pl/judgments/138095
101164|2013-03-20|SN|III KK 49/13|Postanowienie|https://www.saos.org.pl/judgments/101164
101191|2013-03-19|SN|SNO 2/13|Uchwała|https://www.saos.org.pl/judgments/101191
137916|2013-03-15|SO|II AKa 65/13|Wyrok|https://www.saos.org.pl/judgments/137916
101098|2013-03-15|SN|V KK 354/12|Postanowienie|https://www.saos.org.pl/judgments/101098
138198|2013-03-14|SO|II AKa 55/13|Wyrok|https://www.saos.org.pl/judgments/138198
137995|2013-03-14|SO|II AKa 242/12|Wyrok|https://www.saos.org.pl/judgments/137995
101076|2013-03-14|SN|IV KK 420/12|Postanowienie|https://www.saos.org.pl/judgments/101076
101049|2013-03-14|SN|III KK 391/12|Postanowienie|https://www.saos.org.pl/judgments/101049
9331|2013-03-14|SO|IV Ka 206/13|Wyrok|https://www.saos.org.pl/judgments/9331
273337|2013-03-13|SO|X Ka 158/13|Wyrok|https://www.saos.org.pl/judgments/273337
138354|2013-03-13|SO|II AKa 49/13|Wyrok|https://www.saos.org.pl/judgments/138354
137744|2013-03-13|SO|II AKa 486/12|Wyrok|https://www.saos.org.pl/judgments/137744
57334|2013-03-13|SO|X Ka 28/13|Uzasadnienie|https://www.saos.org.pl/judgments/57334
8640|2013-03-12|SO|VIII Ka 108/13|Wyrok|https://www.saos.org.pl/judgments/8640
138129|2013-03-08|SO|II AKa 503/12|Wyrok|https://www.saos.org.pl/judgments/138129
137994|2013-03-06|SO|II AKa 62/13|Wyrok|https://www.saos.org.pl/judgments/137994
137991|2013-03-05|SO|II AKa 385/12|Wyrok|https://www.saos.org.pl/judgments/137991
101005|2013-03-05|SN|IV KK 319/12|Wyrok|https://www.saos.org.pl/judgments/101005
101015|2013-03-04|SN|WA 4/13|Wyrok|https://www.saos.org.pl/judgments/101015
137915|2013-03-01|SO|II AKa 395/12|Wyrok|https://www.saos.org.pl/judgments/137915
100923|2013-03-01|SN|V KK 386/12|Postanowienie|https://www.saos.org.pl/judgments/100923
137415|2013-02-28|SO|II AKa 19/13|Wyrok|https://www.saos.org.pl/judgments/137415
137193|2013-02-28|SO|II AKz 68/13|Postanowienie|https://www.saos.org.pl/judgments/137193
100914|2013-02-28|SN|V KK 151/12|Wyrok|https://www.saos.org.pl/judgments/100914
17714|2013-02-28|SO|VIII Ka 1021/12|Wyrok|https://www.saos.org.pl/judgments/17714
138341|2013-02-27|SO|II AKa 22/13|Wyrok|https://www.saos.org.pl/judgments/138341
137527|2013-02-27|SO|II AKa 42/13|Wyrok|https://www.saos.org.pl/judgments/137527
137324|2013-02-27|SO|II AKa 30/13|Wyrok|https://www.saos.org.pl/judgments/137324
8035|2013-02-27|SO|IV Ka 1403/12|Wyrok|https://www.saos.org.pl/judgments/8035
142091|2013-02-26|SO|II AKa 467/12|Wyrok|https://www.saos.org.pl/judgments/142091
273380|2013-02-22|SO|X Ka 28/13|Wyrok|https://www.saos.org.pl/judgments/273380
6716|2013-02-22|SO|VI Ka 1/13|Wyrok|https://www.saos.org.pl/judgments/6716
137781|2013-02-21|SO|II AKa 18/13|Wyrok|https://www.saos.org.pl/judgments/137781
137427|2013-02-21|SO|II AKa 531/12|Wyrok|https://www.saos.org.pl/judgments/137427
100780|2013-02-21|SN|II KK 21/13|Postanowienie|https://www.saos.org.pl/judgments/100780
143802|2013-02-20|SO|II AKz 34/13|Postanowienie|https://www.saos.org.pl/judgments/143802
137321|2013-02-20|SO|II AKa 24/13|Wyrok|https://www.saos.org.pl/judgments/137321
8644|2013-02-18|SO|VIII Ka 679/12|Wyrok|https://www.saos.org.pl/judgments/8644
137234|2013-02-14|SO|II AKa 115/12|Wyrok|https://www.saos.org.pl/judgments/137234
137371|2013-02-13|SO|II AKa 26/13|Wyrok|https://www.saos.org.pl/judgments/137371
137868|2013-02-12|SO|II AKa 13/13|Wyrok|https://www.saos.org.pl/judgments/137868
9217|2013-02-12|SO|II K 1195/10|Wyrok|https://www.saos.org.pl/judgments/9217
141833|2013-02-11|SO|II AKa 268/12|Wyrok|https://www.saos.org.pl/judgments/141833
138458|2013-02-08|SO|II AKa 356/12|Wyrok|https://www.saos.org.pl/judgments/138458
137914|2013-02-07|SO|II AKa 382/12|Wyrok|https://www.saos.org.pl/judgments/137914
100607|2013-02-07|SN|II KK 144/12|Postanowienie|https://www.saos.org.pl/judgments/100607
100673|2013-02-06|SN|V KK 287/12|Postanowienie|https://www.saos.org.pl/judgments/100673
100610|2013-02-05|SN|II KK 93/12|Postanowienie|https://www.saos.org.pl/judgments/100610
100606|2013-02-05|SN|II KK 139/12|Wyrok|https://www.saos.org.pl/judgments/100606
7328|2013-02-05|SO|VIII Ka 957/12|Wyrok|https://www.saos.org.pl/judgments/7328
138286|2013-02-04|SO|II AKa 246/12|Wyrok|https://www.saos.org.pl/judgments/138286
138243|2013-02-04|SO|II AKa 234/12|Wyrok|https://www.saos.org.pl/judgments/138243
5088|2013-02-04|SO|III Kp 1431/12|Postanowienie|https://www.saos.org.pl/judgments/5088
137800|2013-01-31|SO|II AKa 186/12|Wyrok|https://www.saos.org.pl/judgments/137800
137172|2013-01-31|SO|II AKa 252/12|Wyrok|https://www.saos.org.pl/judgments/137172
100512|2013-01-31|SN|II KK 89/12|Wyrok|https://www.saos.org.pl/judgments/100512
12219|2013-01-31|SO|IV Ka 1787/12|Wyrok|https://www.saos.org.pl/judgments/12219
137601|2013-01-30|SO|II AKa 376/12|Wyrok|https://www.saos.org.pl/judgments/137601
100517|2013-01-30|SN|III KK 173/12|Wyrok|https://www.saos.org.pl/judgments/100517
7721|2013-01-28|SO|IV Kz 1179/12|Postanowienie|https://www.saos.org.pl/judgments/7721
138287|2013-01-17|SO|II AKa 273/12|Wyrok|https://www.saos.org.pl/judgments/138287
136475|2013-01-17|SO|II AKz 1/13|Postanowienie|https://www.saos.org.pl/judgments/136475
100403|2013-01-17|SN|V KK 170/12|Wyrok|https://www.saos.org.pl/judgments/100403
100409|2013-01-15|SN|V KK 196/12|Postanowienie|https://www.saos.org.pl/judgments/100409
100318|2013-01-10|SN|SNO 53/12|Wyrok|https://www.saos.org.pl/judgments/100318
100275|2013-01-10|SN|III KK 322/12|Postanowienie|https://www.saos.org.pl/judgments/100275
4544|2013-01-09|SO|IV Ka 880/12|Wyrok|https://www.saos.org.pl/judgments/4544
100266|2013-01-08|SN|III KK 117/12|Postanowienie|https://www.saos.org.pl/judgments/100266
100254|2013-01-08|SN|II KK 288/12|Wyrok|https://www.saos.org.pl/judgments/100254
136707|2012-12-28|SO|II AKa 373/12|Wyrok|https://www.saos.org.pl/judgments/136707
136702|2012-12-28|SO|II AKa 306/12|Wyrok|https://www.saos.org.pl/judgments/136702
136605|2012-12-28|SO|II AKa 389/12|Wyrok|https://www.saos.org.pl/judgments/136605
136944|2012-12-20|SO|II AKa 236/12|Wyrok|https://www.saos.org.pl/judgments/136944
136418|2012-12-20|SO|II AKa 213/12|Wyrok|https://www.saos.org.pl/judgments/136418
136706|2012-12-19|SO|II AKa 371/12|Wyrok|https://www.saos.org.pl/judgments/136706
136705|2012-12-18|SO|II AKa 366/12|Wyrok|https://www.saos.org.pl/judgments/136705
66170|2012-12-18|SO|VI Ka 670/12|Wyrok|https://www.saos.org.pl/judgments/66170
136493|2012-12-13|SO|II AKz 715/12|Postanowienie|https://www.saos.org.pl/judgments/136493
100125|2012-12-13|SN|IV KK 312/12|Postanowienie|https://www.saos.org.pl/judgments/100125
136791|2012-12-11|SO|II AKa 332/12|Wyrok|https://www.saos.org.pl/judgments/136791
136623|2012-12-11|SO|II AKa 211/12|Wyrok|https://www.saos.org.pl/judgments/136623
136942|2012-12-07|SO|II AKa 226/12|Wyrok|https://www.saos.org.pl/judgments/136942
136391|2012-12-07|SO|II AKa 356/12|Wyrok|https://www.saos.org.pl/judgments/136391
136621|2012-12-06|SO|II AKa 180/12|Wyrok|https://www.saos.org.pl/judgments/136621
136544|2012-12-06|SO|II AKa 298/12|Wyrok|https://www.saos.org.pl/judgments/136544
136519|2012-12-06|SO|II AKa 454/12|Wyrok|https://www.saos.org.pl/judgments/136519
136513|2012-12-06|SO|II AKa 277/12|Wyrok|https://www.saos.org.pl/judgments/136513
136689|2012-12-04|SO|II AKa 374/12|Wyrok|https://www.saos.org.pl/judgments/136689
136536|2012-12-03|SO|II AKa 339/12|Wyrok|https://www.saos.org.pl/judgments/136536
136399|2012-11-28|SO|II AKa 162/12|Wyrok|https://www.saos.org.pl/judgments/136399
136350|2012-11-28|SO|II AKa 248/12|Wyrok|https://www.saos.org.pl/judgments/136350
136973|2012-11-27|SO|II AKa 247/12|Wyrok|https://www.saos.org.pl/judgments/136973
136535|2012-11-23|SO|II AKa 323/12|Wyrok|https://www.saos.org.pl/judgments/136535
136885|2012-11-22|SO|II AKa 366/12|Wyrok|https://www.saos.org.pl/judgments/136885
136382|2012-11-22|SO|II AKa 343/12|Wyrok|https://www.saos.org.pl/judgments/136382
99799|2012-11-22|SN|V KZ 74/12|Postanowienie|https://www.saos.org.pl/judgments/99799
99792|2012-11-22|SN|V KO 60/12|Postanowienie|https://www.saos.org.pl/judgments/99792
137148|2012-11-21|SO|II AKa 153/12|Wyrok|https://www.saos.org.pl/judgments/137148
136260|2012-11-21|SO|II AKa 335/12|Wyrok|https://www.saos.org.pl/judgments/136260
136344|2012-11-20|SO|II AKa 89/12|Wyrok|https://www.saos.org.pl/judgments/136344
99710|2012-11-20|SN|II KK 278/12|Postanowienie|https://www.saos.org.pl/judgments/99710
136387|2012-11-14|SO|II AKa 311/12|Wyrok|https://www.saos.org.pl/judgments/136387
99664|2012-11-14|SN|V KK 12/12|Wyrok|https://www.saos.org.pl/judgments/99664
136223|2012-11-09|SO|II AKa 315/12|Wyrok|https://www.saos.org.pl/judgments/136223
136884|2012-11-07|SO|II AKa 310/12|Wyrok|https://www.saos.org.pl/judgments/136884
136270|2012-11-07|SO|II AKa 355/12|Wyrok|https://www.saos.org.pl/judgments/136270
136584|2012-11-06|SO|II AKa 193/12|Wyrok|https://www.saos.org.pl/judgments/136584
136567|2012-11-06|SO|II AKa 358/12|Wyrok|https://www.saos.org.pl/judgments/136567
136257|2012-11-06|SO|II AKa 308/12|Wyrok|https://www.saos.org.pl/judgments/136257
136413|2012-10-31|SO|II AKa 121/12|Wyrok|https://www.saos.org.pl/judgments/136413
135802|2012-10-31|SO|II AKa 314/12|Wyrok|https://www.saos.org.pl/judgments/135802
138250|2012-10-30|SO|II AKa 233/12|Wyrok|https://www.saos.org.pl/judgments/138250
136338|2012-10-30|SO|II AKa 153/12|Wyrok|https://www.saos.org.pl/judgments/136338
143586|2012-10-29|SO|II AKa 295/12|Wyrok|https://www.saos.org.pl/judgments/143586
136361|2012-10-29|SO|II AKa 270/12|Wyrok|https://www.saos.org.pl/judgments/136361
136220|2012-10-29|SO|II AKa 312/12|Wyrok|https://www.saos.org.pl/judgments/136220
135810|2012-10-25|SO|II AKa 394/12|Wyrok|https://www.saos.org.pl/judgments/135810
135686|2012-10-18|SO|II AKz 151/12|Postanowienie|https://www.saos.org.pl/judgments/135686
135783|2012-10-11|SO|II AKa 178/12|Wyrok|https://www.saos.org.pl/judgments/135783
135797|2012-10-10|SO|II AKa 186/12|Wyrok|https://www.saos.org.pl/judgments/135797
135760|2012-10-10|SO|II AKa 264/12|Wyrok|https://www.saos.org.pl/judgments/135760
135756|2012-10-10|SO|II AKa 255/12|Wyrok|https://www.saos.org.pl/judgments/135756
135967|2012-10-09|SO|II AKa 265/12|Wyrok|https://www.saos.org.pl/judgments/135967
135575|2012-10-04|SO|II AKa 376/12|Wyrok|https://www.saos.org.pl/judgments/135575
135555|2012-10-03|SO|II AKa 220/12|Wyrok|https://www.saos.org.pl/judgments/135555
137486|2012-09-28|SO|II AKa 241/12|Wyrok|https://www.saos.org.pl/judgments/137486
135877|2012-09-26|SO|II AKa 257/12|Wyrok|https://www.saos.org.pl/judgments/135877
138297|2012-09-25|SO|II AKa 69/12|Wyrok|https://www.saos.org.pl/judgments/138297
138077|2012-09-20|SO|II AKa 193/12|Wyrok|https://www.saos.org.pl/judgments/138077
409351|2012-09-19|SO|II AKa 218/12|Wyrok|https://www.saos.org.pl/judgments/409351
135740|2012-09-19|SO|II AKa 218/12|Wyrok|https://www.saos.org.pl/judgments/135740
135606|2012-09-19|SO|II AKa 191/12|Wyrok|https://www.saos.org.pl/judgments/135606
135736|2012-09-18|SO|II AKa 191/12|Wyrok|https://www.saos.org.pl/judgments/135736
137487|2012-09-13|SO|II AKa 126/12|Wyrok|https://www.saos.org.pl/judgments/137487
136425|2012-09-12|SO|II AKa 235/12|Wyrok|https://www.saos.org.pl/judgments/136425
136933|2012-08-29|SO|II AKa 200/12|Wyrok|https://www.saos.org.pl/judgments/136933
136287|2012-08-28|SO|II AKa 202/12|Wyrok|https://www.saos.org.pl/judgments/136287
135671|2012-08-28|SO|II AKa 74/12|Uzasadnienie|https://www.saos.org.pl/judgments/135671
135583|2012-08-09|SO|II AKa 111/12|Wyrok|https://www.saos.org.pl/judgments/135583
136967|2012-08-01|SO|II AKa 211/12|Wyrok|https://www.saos.org.pl/judgments/136967
135593|2012-07-25|SO|II AKa 160/12|Wyrok|https://www.saos.org.pl/judgments/135593
377746|2012-07-12|SO|II AKa 541/11|Wyrok|https://www.saos.org.pl/judgments/377746
98591|2012-07-05|SN|V KK 397/11|Wyrok|https://www.saos.org.pl/judgments/98591
136006|2012-06-28|SO|II AKa 98/12|Wyrok|https://www.saos.org.pl/judgments/136006
135734|2012-06-28|SO|II AKa 181/12|Wyrok|https://www.saos.org.pl/judgments/135734
135584|2012-06-27|SO|II AKa 124/12|Wyrok|https://www.saos.org.pl/judgments/135584
98407|2012-06-20|SN|I KZP 9/12|Uchwała|https://www.saos.org.pl/judgments/98407
135613|2012-05-30|SO|II AKa 212/11|Wyrok|https://www.saos.org.pl/judgments/135613
135831|2012-05-24|SO|II AKa 130/12|Wyrok|https://www.saos.org.pl/judgments/135831
135923|2012-05-16|SO|II AKa 121/12|Wyrok|https://www.saos.org.pl/judgments/135923
98138|2012-05-15|SN|IV KK 399/11|Postanowienie|https://www.saos.org.pl/judgments/98138
98066|2012-05-10|SN|V KK 78/12|Postanowienie|https://www.saos.org.pl/judgments/98066
136001|2012-04-18|SO|II AKa 82/12|Wyrok|https://www.saos.org.pl/judgments/136001
129827|2012-04-12|SO|II AKzw 463/12|Postanowienie|https://www.saos.org.pl/judgments/129827
97646|2012-03-28|SN|I KZP 24/11|Uchwała|https://www.saos.org.pl/judgments/97646
135858|2012-02-16|SO|II AKa 21/12|Wyrok|https://www.saos.org.pl/judgments/135858
97195|2012-02-15|SN|II KK 200/11|Wyrok|https://www.saos.org.pl/judgments/97195
136906|2012-02-08|SO|II AKa 409/11|Wyrok|https://www.saos.org.pl/judgments/136906
96771|2012-01-10|SN|SDI 30/11|Wyrok|https://www.saos.org.pl/judgments/96771
96145|2011-10-26|SN|I KZP 12/11|Postanowienie|https://www.saos.org.pl/judgments/96145
94822|2011-04-20|SN|IV KK 422/10|Postanowienie|https://www.saos.org.pl/judgments/94822
94739|2011-04-13|SN|III KK 367/10|Postanowienie|https://www.saos.org.pl/judgments/94739
407871|2011-03-29|SO|II AKa 65/11|Wyrok|https://www.saos.org.pl/judgments/407871
142073|2011-02-22|SO|II AKa 24/11|Wyrok|https://www.saos.org.pl/judgments/142073
93910|2011-01-12|SN|SNO 52/10|Uchwała|https://www.saos.org.pl/judgments/93910
409716|2010-12-08|SO|II AKa 192/10|Wyrok|https://www.saos.org.pl/judgments/409716
93325|2010-11-04|SN|II KK 77/10|Postanowienie|https://www.saos.org.pl/judgments/93325
11286|2010-10-28|SO|III Kp 1011/10|Postanowienie|https://www.saos.org.pl/judgments/11286
93300|2010-10-27|SN|V KK 119/10|Wyrok|https://www.saos.org.pl/judgments/93300
93009|2010-09-30|SN|I KZP 16/10|Postanowienie|https://www.saos.org.pl/judgments/93009
136837|2010-06-02|SO|II AKa 166/10|Wyrok|https://www.saos.org.pl/judgments/136837
182881|2010-05-20|SO|II AKa 105/10|Wyrok|https://www.saos.org.pl/judgments/182881
110195|2010-03-29|TK|Ts 349/08|Postanowienie|https://www.saos.org.pl/judgments/110195
91909|2010-02-24|SN|I KZP 34/09|Uchwała|https://www.saos.org.pl/judgments/91909
91073|2009-10-13|SN|WD 7/09|Postanowienie|https://www.saos.org.pl/judgments/91073
90956|2009-09-29|SN|SNO 72/09|Uchwała|https://www.saos.org.pl/judgments/90956
89767|2009-02-25|SN|SNO 4/09|Wyrok|https://www.saos.org.pl/judgments/89767
89735|2009-02-25|SN|II KK 249/08|Wyrok|https://www.saos.org.pl/judgments/89735
89536|2009-01-27|SN|I KZP 23/08|Uchwała|https://www.saos.org.pl/judgments/89536
89357|2008-12-17|SN|I KZP 26/08|Postanowienie|https://www.saos.org.pl/judgments/89357
89339|2008-12-10|SN|II KK 259/08|Postanowienie|https://www.saos.org.pl/judgments/89339
89129|2008-11-05|SN|V KK 146/08|Wyrok|https://www.saos.org.pl/judgments/89129
89013|2008-10-31|SN|II KK 76/08|Postanowienie|https://www.saos.org.pl/judgments/89013
88153|2008-05-28|SN|SNO 33/08|Wyrok|https://www.saos.org.pl/judgments/88153
87898|2008-04-17|SN|SNO 23/08|Uchwała|https://www.saos.org.pl/judgments/87898
87658|2008-03-20|SN|SNO 14/08|Uchwała|https://www.saos.org.pl/judgments/87658
87259|2008-02-08|SN|II KK 320/07|Postanowienie|https://www.saos.org.pl/judgments/87259
87271|2008-02-04|SN|III KK 363/07|Postanowienie|https://www.saos.org.pl/judgments/87271
87142|2008-01-25|SN|SNO 3/08|Uchwała|https://www.saos.org.pl/judgments/87142
86771|2007-10-22|SN|SNO 73/07|Uchwała|https://www.saos.org.pl/judgments/86771
86707|2007-10-11|SN|SNO 67/07|Uchwała|https://www.saos.org.pl/judgments/86707
86606|2007-09-20|SN|SNO 58/07|Uchwała|https://www.saos.org.pl/judgments/86606
86504|2007-08-30|SN|SNO 44/07|Uchwała|https://www.saos.org.pl/judgments/86504
86485|2007-08-23|SN|SNO 42/07|Uchwała|https://www.saos.org.pl/judgments/86485
86052|2007-06-06|SN|SNO 1/07|Uchwała|https://www.saos.org.pl/judgments/86052
85985|2007-05-31|SN|III KK 31/07|Postanowienie|https://www.saos.org.pl/judgments/85985
377724|2007-04-19|SO|II AKa 40/07|Wyrok|https://www.saos.org.pl/judgments/377724
85702|2007-04-17|SN|SNO 20/07|Uchwała|https://www.saos.org.pl/judgments/85702
85240|2007-02-14|SN|SNO 78/06|Uchwała|https://www.saos.org.pl/judgments/85240
84861|2006-12-11|SN|V KK 131/06|Postanowienie|https://www.saos.org.pl/judgments/84861
84671|2006-10-17|SN|SNO 61/06|Uchwała|https://www.saos.org.pl/judgments/84671
84669|2006-10-17|SN|SNO 58/06|Uchwała|https://www.saos.org.pl/judgments/84669
83982|2006-01-11|SN|I KZP 56/05|Postanowienie|https://www.saos.org.pl/judgments/83982
83973|2006-01-05|SN|III KK 195/05|Postanowienie|https://www.saos.org.pl/judgments/83973
83972|2006-01-03|SN|II KK 80/05|Postanowienie|https://www.saos.org.pl/judgments/83972
382948|2005-12-08|SO|II AKa 68/05|Wyrok|https://www.saos.org.pl/judgments/382948
83618|2005-07-14|SN|SNO 33/05|Uchwała|https://www.saos.org.pl/judgments/83618
83286|2005-03-17|SN|I KZP 4/05|Uchwała|https://www.saos.org.pl/judgments/83286
83239|2005-02-23|SN|II KK 329/04|Wyrok|https://www.saos.org.pl/judgments/83239
132299|2005-02-17|SO|II AKa 411/04|Wyrok|https://www.saos.org.pl/judgments/132299
82974|2004-11-04|SN|SNO 48/04|Postanowienie|https://www.saos.org.pl/judgments/82974
107010|2004-09-21|TK|Ts 153/04|Postanowienie|https://www.saos.org.pl/judgments/107010
82406|2003-12-16|SN|I KZP 35/03|Uchwała|https://www.saos.org.pl/judgments/82406
82258|2003-10-21|SN|I KZP 29/03|Uchwała|https://www.saos.org.pl/judgments/82258
82030|2003-05-23|SN|SNO 23/03|Uchwała|https://www.saos.org.pl/judgments/82030
81659|2002-10-15|SN|V KK 140/02|Postanowienie|https://www.saos.org.pl/judgments/81659
81520|2002-07-18|SN|III DS 11/02|Postanowienie|https://www.saos.org.pl/judgments/81520
81203|2002-02-04|SN|V KKN 507/99|Wyrok|https://www.saos.org.pl/judgments/81203
137189|2001-09-06|SO|II AKa 316/01|Wyrok|https://www.saos.org.pl/judgments/137189
137345|2000-09-28|SO|II AKa 266/00|Wyrok|https://www.saos.org.pl/judgments/137345
79841|2000-07-12|SN|III RN 1/00|Wyrok|https://www.saos.org.pl/judgments/79841
